period,sku,category,units,standard_unit_cost_vnd,actual_unit_cogs_vnd,standard_cogs_vnd,actual_cogs_vnd,material_price_variance_vnd,usage_yield_variance_vnd,conversion_variance_vnd,total_cogs_variance_vnd,evidence_class,allocation_note
2023-01,SKU001,Dairy,692,7740,7740,5356080,5356080,0,17567.94,-17567.94,0,SIMULATED/DERIVED,Synthetic variance decomposition; no plant actuals supplied
2023-01,SKU002,Beverages,812,9782,9782,7942984,7942984,0,26052.99,-26052.99,0,SIMULATED/DERIVED,Synthetic variance decomposition; no plant actuals supplied
2023-01,SKU003,Condiments,725,12000,12000,8700000,8700000,0,28536,-28536,0,SIMULATED/DERIVED,Synthetic variance decomposition; no plant actuals supplied
2023-01,SKU004,Convenience Foods,741,14392,14392,10664472,10664472,0,34979.47,-34979.47,0,SIMULATED/DERIVED,Synthetic variance decomposition; no plant actuals supplied
2023-01,SKU005,Dairy,795,16960,16960,13483200,13483200,0,44224.9,-44224.9,0,SIMULATED/DERIVED,Synthetic variance decomposition; no plant actuals supplied
2023-01,SKU006,Beverages,893,15265,15265,13631645,13631645,0,44711.8,-44711.8,0,SIMULATED/DERIVED,Synthetic variance decomposition; no plant actuals supplied
2023-01,SKU007,Condiments,856,17745,17745,15189720,15189720,0,49822.28,-49822.28,0,SIMULATED/DERIVED,Synthetic variance decomposition; no plant actuals supplied
2023-01,SKU008,Convenience Foods,921,20400,20400,18788400,18788400,0,61625.95,-61625.95,0,SIMULATED/DERIVED,Synthetic variance decomposition; no plant actuals supplied
2023-01,SKU009,Dairy,949,23230,23230,22045270,22045270,0,72308.49,-72308.49,0,SIMULATED/DERIVED,Synthetic variance decomposition; no plant actuals supplied
2023-01,SKU010,Beverages,981,9540,9540,9358740,9358740,0,30696.67,-30696.67,0,SIMULATED/DERIVED,Synthetic variance decomposition; no plant actuals supplied
2023-01,SKU011,Condiments,1010,9245,9245,9337450,9337450,0,30626.84,-30626.84,0,SIMULATED/DERIVED,Synthetic variance decomposition; no plant actuals supplied
2023-01,SKU012,Convenience Foods,1150,11375,11375,13081250,13081250,0,42906.5,-42906.5,0,SIMULATED/DERIVED,Synthetic variance decomposition; no plant actuals supplied
2023-01,SKU013,Dairy,1163,13680,13680,15909840,15909840,0,52184.28,-52184.28,0,SIMULATED/DERIVED,Synthetic variance decomposition; no plant actuals supplied
2023-01,SKU014,Beverages,1280,16160,16160,20684800,20684800,0,67846.14,-67846.14,0,SIMULATED/DERIVED,Synthetic variance decomposition; no plant actuals supplied
2023-01,SKU015,Condiments,1198,18815,18815,22540370,22540370,0,73932.41,-73932.41,0,SIMULATED/DERIVED,Synthetic variance decomposition; no plant actuals supplied
2023-01,SKU016,Convenience Foods,1254,16770,16770,21029580,21029580,0,68977.02,-68977.02,0,SIMULATED/DERIVED,Synthetic variance decomposition; no plant actuals supplied
2023-01,SKU017,Dairy,616,19338,19338,11912208,11912208,0,39072.04,-39072.04,0,SIMULATED/DERIVED,Synthetic variance decomposition; no plant actuals supplied
2023-01,SKU018,Beverages,680,22080,22080,15014400,15014400,0,49247.23,-49247.23,0,SIMULATED/DERIVED,Synthetic variance decomposition; no plant actuals supplied
2023-01,SKU019,Condiments,697,9090,9090,6335730,6335730,0,20781.19,-20781.19,0,SIMULATED/DERIVED,Synthetic variance decomposition; no plant actuals supplied
2023-01,SKU020,Convenience Foods,735,11395,11395,8375325,8375325,0,27471.07,-27471.07,0,SIMULATED/DERIVED,Synthetic variance decomposition; no plant actuals supplied
2023-01,SKU021,Dairy,832,10750,10750,8944000,8944000,0,29336.32,-29336.32,0,SIMULATED/DERIVED,Synthetic variance decomposition; no plant actuals supplied
2023-01,SKU022,Beverages,878,12968,12968,11385904,11385904,0,37345.77,-37345.77,0,SIMULATED/DERIVED,Synthetic variance decomposition; no plant actuals supplied
2023-01,SKU023,Condiments,812,15360,15360,12472320,12472320,0,40909.21,-40909.21,0,SIMULATED/DERIVED,Synthetic variance decomposition; no plant actuals supplied
2023-01,SKU024,Convenience Foods,920,17928,17928,16493760,16493760,0,54099.53,-54099.53,0,SIMULATED/DERIVED,Synthetic variance decomposition; no plant actuals supplied
2023-01,SKU025,Dairy,933,20670,20670,19285110,19285110,0,63255.16,-63255.16,0,SIMULATED/DERIVED,Synthetic variance decomposition; no plant actuals supplied
2023-01,SKU026,Beverages,931,18275,18275,17014025,17014025,0,55806,-55806,0,SIMULATED/DERIVED,Synthetic variance decomposition; no plant actuals supplied
2023-01,SKU027,Condiments,1024,20930,20930,21432320,21432320,0,70298.01,-70298.01,0,SIMULATED/DERIVED,Synthetic variance decomposition; no plant actuals supplied
2023-01,SKU028,Convenience Foods,1032,8640,8640,8916480,8916480,0,29246.05,-29246.05,0,SIMULATED/DERIVED,Synthetic variance decomposition; no plant actuals supplied
2023-01,SKU029,Dairy,1044,10858,10858,11335752,11335752,0,37181.27,-37181.27,0,SIMULATED/DERIVED,Synthetic variance decomposition; no plant actuals supplied
2023-01,SKU030,Beverages,1199,13250,13250,15886750,15886750,0,52108.54,-52108.54,0,SIMULATED/DERIVED,Synthetic variance decomposition; no plant actuals supplied
2023-01,SKU031,Condiments,1203,12255,12255,14742765,14742765,0,48356.27,-48356.27,0,SIMULATED/DERIVED,Synthetic variance decomposition; no plant actuals supplied
2023-01,SKU032,Convenience Foods,1144,14560,14560,16656640,16656640,0,54633.78,-54633.78,0,SIMULATED/DERIVED,Synthetic variance decomposition; no plant actuals supplied
2023-01,SKU033,Dairy,1302,17040,17040,22186080,22186080,0,72770.34,-72770.34,0,SIMULATED/DERIVED,Synthetic variance decomposition; no plant actuals supplied
2023-01,SKU034,Beverages,566,19695,19695,11147370,11147370,0,36563.37,-36563.37,0,SIMULATED/DERIVED,Synthetic variance decomposition; no plant actuals supplied
2023-01,SKU035,Condiments,662,22525,22525,14911550,14911550,0,48909.88,-48909.88,0,SIMULATED/DERIVED,Synthetic variance decomposition; no plant actuals supplied
2023-01,SKU036,Convenience Foods,685,19780,19780,13549300,13549300,0,44441.7,-44441.7,0,SIMULATED/DERIVED,Synthetic variance decomposition; no plant actuals supplied
2023-02,SKU001,Dairy,737,7740,7740,5704380,5704380,0,18710.37,-18710.37,0,SIMULATED/DERIVED,Synthetic variance decomposition; no plant actuals supplied
2023-02,SKU002,Beverages,783,9782,9782,7659306,7659306,0,25122.52,-25122.52,0,SIMULATED/DERIVED,Synthetic variance decomposition; no plant actuals supplied
2023-02,SKU003,Condiments,773,12000,12000,9276000,9276000,0,30425.28,-30425.28,0,SIMULATED/DERIVED,Synthetic variance decomposition; no plant actuals supplied
2023-02,SKU004,Convenience Foods,788,14392,14392,11340896,11340896,0,37198.14,-37198.14,0,SIMULATED/DERIVED,Synthetic variance decomposition; no plant actuals supplied
2023-02,SKU005,Dairy,829,16960,16960,14059840,14059840,0,46116.28,-46116.28,0,SIMULATED/DERIVED,Synthetic variance decomposition; no plant actuals supplied
2023-02,SKU006,Beverages,833,15265,15265,12715745,12715745,0,41707.64,-41707.64,0,SIMULATED/DERIVED,Synthetic variance decomposition; no plant actuals supplied
2023-02,SKU007,Condiments,966,17745,17745,17141670,17141670,0,56224.68,-56224.68,0,SIMULATED/DERIVED,Synthetic variance decomposition; no plant actuals supplied
2023-02,SKU008,Convenience Foods,1031,20400,20400,21032400,21032400,0,68986.27,-68986.27,0,SIMULATED/DERIVED,Synthetic variance decomposition; no plant actuals supplied
2023-02,SKU009,Dairy,1010,23230,23230,23462300,23462300,0,76956.34,-76956.34,0,SIMULATED/DERIVED,Synthetic variance decomposition; no plant actuals supplied
2023-02,SKU010,Beverages,1079,9540,9540,10293660,10293660,0,33763.2,-33763.2,0,SIMULATED/DERIVED,Synthetic variance decomposition; no plant actuals supplied
2023-02,SKU011,Condiments,1131,9245,9245,10456095,10456095,0,34295.99,-34295.99,0,SIMULATED/DERIVED,Synthetic variance decomposition; no plant actuals supplied
2023-02,SKU012,Convenience Foods,1196,11375,11375,13604500,13604500,0,44622.76,-44622.76,0,SIMULATED/DERIVED,Synthetic variance decomposition; no plant actuals supplied
2023-02,SKU013,Dairy,1284,13680,13680,17565120,17565120,0,57613.59,-57613.59,0,SIMULATED/DERIVED,Synthetic variance decomposition; no plant actuals supplied
2023-02,SKU014,Beverages,1195,16160,16160,19311200,19311200,0,63340.74,-63340.74,0,SIMULATED/DERIVED,Synthetic variance decomposition; no plant actuals supplied
2023-02,SKU015,Condiments,1231,18815,18815,23161265,23161265,0,75968.95,-75968.95,0,SIMULATED/DERIVED,Synthetic variance decomposition; no plant actuals supplied
2023-02,SKU016,Convenience Foods,1370,16770,16770,22974900,22974900,0,75357.67,-75357.67,0,SIMULATED/DERIVED,Synthetic variance decomposition; no plant actuals supplied
2023-02,SKU017,Dairy,697,19338,19338,13478586,13478586,0,44209.76,-44209.76,0,SIMULATED/DERIVED,Synthetic variance decomposition; no plant actuals supplied
2023-02,SKU018,Beverages,709,22080,22080,15654720,15654720,0,51347.48,-51347.48,0,SIMULATED/DERIVED,Synthetic variance decomposition; no plant actuals supplied
2023-02,SKU019,Condiments,730,9090,9090,6635700,6635700,0,21765.1,-21765.1,0,SIMULATED/DERIVED,Synthetic variance decomposition; no plant actuals supplied
2023-02,SKU020,Convenience Foods,802,11395,11395,9138790,9138790,0,29975.23,-29975.23,0,SIMULATED/DERIVED,Synthetic variance decomposition; no plant actuals supplied
2023-02,SKU021,Dairy,809,10750,10750,8696750,8696750,0,28525.34,-28525.34,0,SIMULATED/DERIVED,Synthetic variance decomposition; no plant actuals supplied
2023-02,SKU022,Beverages,795,12968,12968,10309560,10309560,0,33815.36,-33815.36,0,SIMULATED/DERIVED,Synthetic variance decomposition; no plant actuals supplied
2023-02,SKU023,Condiments,913,15360,15360,14023680,14023680,0,45997.67,-45997.67,0,SIMULATED/DERIVED,Synthetic variance decomposition; no plant actuals supplied
2023-02,SKU024,Convenience Foods,958,17928,17928,17175024,17175024,0,56334.08,-56334.08,0,SIMULATED/DERIVED,Synthetic variance decomposition; no plant actuals supplied
2023-02,SKU025,Dairy,1014,20670,20670,20959380,20959380,0,68746.77,-68746.77,0,SIMULATED/DERIVED,Synthetic variance decomposition; no plant actuals supplied
2023-02,SKU026,Beverages,1048,18275,18275,19152200,19152200,0,62819.22,-62819.22,0,SIMULATED/DERIVED,Synthetic variance decomposition; no plant actuals supplied
2023-02,SKU027,Condiments,1079,20930,20930,22583470,22583470,0,74073.78,-74073.78,0,SIMULATED/DERIVED,Synthetic variance decomposition; no plant actuals supplied
2023-02,SKU028,Convenience Foods,1118,8640,8640,9659520,9659520,0,31683.23,-31683.23,0,SIMULATED/DERIVED,Synthetic variance decomposition; no plant actuals supplied
2023-02,SKU029,Dairy,1166,10858,10858,12660428,12660428,0,41526.2,-41526.2,0,SIMULATED/DERIVED,Synthetic variance decomposition; no plant actuals supplied
2023-02,SKU030,Beverages,1103,13250,13250,14614750,14614750,0,47936.38,-47936.38,0,SIMULATED/DERIVED,Synthetic variance decomposition; no plant actuals supplied
2023-02,SKU031,Condiments,1308,12255,12255,16029540,16029540,0,52576.89,-52576.89,0,SIMULATED/DERIVED,Synthetic variance decomposition; no plant actuals supplied
2023-02,SKU032,Convenience Foods,1258,14560,14560,18316480,18316480,0,60078.05,-60078.05,0,SIMULATED/DERIVED,Synthetic variance decomposition; no plant actuals supplied
2023-02,SKU033,Dairy,1418,17040,17040,24162720,24162720,0,79253.72,-79253.72,0,SIMULATED/DERIVED,Synthetic variance decomposition; no plant actuals supplied
2023-02,SKU034,Beverages,669,19695,19695,13175955,13175955,0,43217.13,-43217.13,0,SIMULATED/DERIVED,Synthetic variance decomposition; no plant actuals supplied
2023-02,SKU035,Condiments,647,22525,22525,14573675,14573675,0,47801.65,-47801.65,0,SIMULATED/DERIVED,Synthetic variance decomposition; no plant actuals supplied
2023-02,SKU036,Convenience Foods,757,19780,19780,14973460,14973460,0,49112.95,-49112.95,0,SIMULATED/DERIVED,Synthetic variance decomposition; no plant actuals supplied
2023-03,SKU001,Dairy,774,7740,7740,5990760,5990760,0,19649.69,-19649.69,0,SIMULATED/DERIVED,Synthetic variance decomposition; no plant actuals supplied
2023-03,SKU002,Beverages,754,9782,9782,7375628,7375628,0,24192.06,-24192.06,0,SIMULATED/DERIVED,Synthetic variance decomposition; no plant actuals supplied
2023-03,SKU003,Condiments,789,12000,12000,9468000,9468000,0,31055.04,-31055.04,0,SIMULATED/DERIVED,Synthetic variance decomposition; no plant actuals supplied
2023-03,SKU004,Convenience Foods,824,14392,14392,11859008,11859008,0,38897.55,-38897.55,0,SIMULATED/DERIVED,Synthetic variance decomposition; no plant actuals supplied
2023-03,SKU005,Dairy,841,16960,16960,14263360,14263360,0,46783.82,-46783.82,0,SIMULATED/DERIVED,Synthetic variance decomposition; no plant actuals supplied
2023-03,SKU006,Beverages,941,15265,15265,14364365,14364365,0,47115.12,-47115.12,0,SIMULATED/DERIVED,Synthetic variance decomposition; no plant actuals supplied
2023-03,SKU007,Condiments,953,17745,17745,16910985,16910985,0,55468.03,-55468.03,0,SIMULATED/DERIVED,Synthetic variance decomposition; no plant actuals supplied
2023-03,SKU008,Convenience Foods,959,20400,20400,19563600,19563600,0,64168.61,-64168.61,0,SIMULATED/DERIVED,Synthetic variance decomposition; no plant actuals supplied
2023-03,SKU009,Dairy,1098,23230,23230,25506540,25506540,0,83661.45,-83661.45,0,SIMULATED/DERIVED,Synthetic variance decomposition; no plant actuals supplied
2023-03,SKU010,Beverages,1141,9540,9540,10885140,10885140,0,35703.26,-35703.26,0,SIMULATED/DERIVED,Synthetic variance decomposition; no plant actuals supplied
2023-03,SKU011,Condiments,1169,9245,9245,10807405,10807405,0,35448.29,-35448.29,0,SIMULATED/DERIVED,Synthetic variance decomposition; no plant actuals supplied
2023-03,SKU012,Convenience Foods,1000,11375,11375,11375000,11375000,0,37310,-37310,0,SIMULATED/DERIVED,Synthetic variance decomposition; no plant actuals supplied
2023-03,SKU013,Dairy,1156,13680,13680,15814080,15814080,0,51870.18,-51870.18,0,SIMULATED/DERIVED,Synthetic variance decomposition; no plant actuals supplied
2023-03,SKU014,Beverages,1317,16160,16160,21282720,21282720,0,69807.32,-69807.32,0,SIMULATED/DERIVED,Synthetic variance decomposition; no plant actuals supplied
2023-03,SKU015,Condiments,1300,18815,18815,24459500,24459500,0,80227.16,-80227.16,0,SIMULATED/DERIVED,Synthetic variance decomposition; no plant actuals supplied
2023-03,SKU016,Convenience Foods,1328,16770,16770,22270560,22270560,0,73047.44,-73047.44,0,SIMULATED/DERIVED,Synthetic variance decomposition; no plant actuals supplied
2023-03,SKU017,Dairy,680,19338,19338,13149840,13149840,0,43131.48,-43131.48,0,SIMULATED/DERIVED,Synthetic variance decomposition; no plant actuals supplied
2023-03,SKU018,Beverages,756,22080,22080,16692480,16692480,0,54751.33,-54751.33,0,SIMULATED/DERIVED,Synthetic variance decomposition; no plant actuals supplied
2023-03,SKU019,Condiments,789,9090,9090,7172010,7172010,0,23524.19,-23524.19,0,SIMULATED/DERIVED,Synthetic variance decomposition; no plant actuals supplied
2023-03,SKU020,Convenience Foods,839,11395,11395,9560405,9560405,0,31358.13,-31358.13,0,SIMULATED/DERIVED,Synthetic variance decomposition; no plant actuals supplied
2023-03,SKU021,Dairy,777,10750,10750,8352750,8352750,0,27397.02,-27397.02,0,SIMULATED/DERIVED,Synthetic variance decomposition; no plant actuals supplied
2023-03,SKU022,Beverages,813,12968,12968,10542984,10542984,0,34580.99,-34580.99,0,SIMULATED/DERIVED,Synthetic variance decomposition; no plant actuals supplied
2023-03,SKU023,Condiments,910,15360,15360,13977600,13977600,0,45846.53,-45846.53,0,SIMULATED/DERIVED,Synthetic variance decomposition; no plant actuals supplied
2023-03,SKU024,Convenience Foods,912,17928,17928,16350336,16350336,0,53629.1,-53629.1,0,SIMULATED/DERIVED,Synthetic variance decomposition; no plant actuals supplied
2023-03,SKU025,Dairy,925,20670,20670,19119750,19119750,0,62712.78,-62712.78,0,SIMULATED/DERIVED,Synthetic variance decomposition; no plant actuals supplied
2023-03,SKU026,Beverages,1028,18275,18275,18786700,18786700,0,61620.38,-61620.38,0,SIMULATED/DERIVED,Synthetic variance decomposition; no plant actuals supplied
2023-03,SKU027,Condiments,1167,20930,20930,24425310,24425310,0,80115.02,-80115.02,0,SIMULATED/DERIVED,Synthetic variance decomposition; no plant actuals supplied
2023-03,SKU028,Convenience Foods,1047,8640,8640,9046080,9046080,0,29671.14,-29671.14,0,SIMULATED/DERIVED,Synthetic variance decomposition; no plant actuals supplied
2023-03,SKU029,Dairy,1130,10858,10858,12269540,12269540,0,40244.09,-40244.09,0,SIMULATED/DERIVED,Synthetic variance decomposition; no plant actuals supplied
2023-03,SKU030,Beverages,1133,13250,13250,15012250,15012250,0,49240.18,-49240.18,0,SIMULATED/DERIVED,Synthetic variance decomposition; no plant actuals supplied
2023-03,SKU031,Condiments,1260,12255,12255,15441300,15441300,0,50647.46,-50647.46,0,SIMULATED/DERIVED,Synthetic variance decomposition; no plant actuals supplied
2023-03,SKU032,Convenience Foods,1247,14560,14560,18156320,18156320,0,59552.73,-59552.73,0,SIMULATED/DERIVED,Synthetic variance decomposition; no plant actuals supplied
2023-03,SKU033,Dairy,1349,17040,17040,22986960,22986960,0,75397.23,-75397.23,0,SIMULATED/DERIVED,Synthetic variance decomposition; no plant actuals supplied
2023-03,SKU034,Beverages,650,19695,19695,12801750,12801750,0,41989.74,-41989.74,0,SIMULATED/DERIVED,Synthetic variance decomposition; no plant actuals supplied
2023-03,SKU035,Condiments,715,22525,22525,16105375,16105375,0,52825.63,-52825.63,0,SIMULATED/DERIVED,Synthetic variance decomposition; no plant actuals supplied
2023-03,SKU036,Convenience Foods,765,19780,19780,15131700,15131700,0,49631.98,-49631.98,0,SIMULATED/DERIVED,Synthetic variance decomposition; no plant actuals supplied
2023-04,SKU001,Dairy,785,7740,7740,6075900,6075900,0,19928.95,-19928.95,0,SIMULATED/DERIVED,Synthetic variance decomposition; no plant actuals supplied
2023-04,SKU002,Beverages,780,9782,9782,7629960,7629960,0,25026.27,-25026.27,0,SIMULATED/DERIVED,Synthetic variance decomposition; no plant actuals supplied
2023-04,SKU003,Condiments,801,12000,12000,9612000,9612000,0,31527.36,-31527.36,0,SIMULATED/DERIVED,Synthetic variance decomposition; no plant actuals supplied
2023-04,SKU004,Convenience Foods,758,14392,14392,10909136,10909136,0,35781.97,-35781.97,0,SIMULATED/DERIVED,Synthetic variance decomposition; no plant actuals supplied
2023-04,SKU005,Dairy,836,16960,16960,14178560,14178560,0,46505.68,-46505.68,0,SIMULATED/DERIVED,Synthetic variance decomposition; no plant actuals supplied
2023-04,SKU006,Beverages,856,15265,15265,13066840,13066840,0,42859.24,-42859.24,0,SIMULATED/DERIVED,Synthetic variance decomposition; no plant actuals supplied
2023-04,SKU007,Condiments,1003,17745,17745,17798235,17798235,0,58378.21,-58378.21,0,SIMULATED/DERIVED,Synthetic variance decomposition; no plant actuals supplied
2023-04,SKU008,Convenience Foods,1051,20400,20400,21440400,21440400,0,70324.51,-70324.51,0,SIMULATED/DERIVED,Synthetic variance decomposition; no plant actuals supplied
2023-04,SKU009,Dairy,1107,23230,23230,25715610,25715610,0,84347.2,-84347.2,0,SIMULATED/DERIVED,Synthetic variance decomposition; no plant actuals supplied
2023-04,SKU010,Beverages,1125,9540,9540,10732500,10732500,0,35202.6,-35202.6,0,SIMULATED/DERIVED,Synthetic variance decomposition; no plant actuals supplied
2023-04,SKU011,Condiments,1036,9245,9245,9577820,9577820,0,31415.25,-31415.25,0,SIMULATED/DERIVED,Synthetic variance decomposition; no plant actuals supplied
2023-04,SKU012,Convenience Foods,1162,11375,11375,13217750,13217750,0,43354.22,-43354.22,0,SIMULATED/DERIVED,Synthetic variance decomposition; no plant actuals supplied
2023-04,SKU013,Dairy,1135,13680,13680,15526800,15526800,0,50927.9,-50927.9,0,SIMULATED/DERIVED,Synthetic variance decomposition; no plant actuals supplied
2023-04,SKU014,Beverages,1154,16160,16160,18648640,18648640,0,61167.54,-61167.54,0,SIMULATED/DERIVED,Synthetic variance decomposition; no plant actuals supplied
2023-04,SKU015,Condiments,1347,18815,18815,25343805,25343805,0,83127.68,-83127.68,0,SIMULATED/DERIVED,Synthetic variance decomposition; no plant actuals supplied
2023-04,SKU016,Convenience Foods,1334,16770,16770,22371180,22371180,0,73377.47,-73377.47,0,SIMULATED/DERIVED,Synthetic variance decomposition; no plant actuals supplied
2023-04,SKU017,Dairy,717,19338,19338,13865346,13865346,0,45478.33,-45478.33,0,SIMULATED/DERIVED,Synthetic variance decomposition; no plant actuals supplied
2023-04,SKU018,Beverages,731,22080,22080,16140480,16140480,0,52940.77,-52940.77,0,SIMULATED/DERIVED,Synthetic variance decomposition; no plant actuals supplied
2023-04,SKU019,Condiments,735,9090,9090,6681150,6681150,0,21914.17,-21914.17,0,SIMULATED/DERIVED,Synthetic variance decomposition; no plant actuals supplied
2023-04,SKU020,Convenience Foods,877,11395,11395,9993415,9993415,0,32778.4,-32778.4,0,SIMULATED/DERIVED,Synthetic variance decomposition; no plant actuals supplied
2023-04,SKU021,Dairy,937,10750,10750,10072750,10072750,0,33038.62,-33038.62,0,SIMULATED/DERIVED,Synthetic variance decomposition; no plant actuals supplied
2023-04,SKU022,Beverages,939,12968,12968,12176952,12176952,0,39940.4,-39940.4,0,SIMULATED/DERIVED,Synthetic variance decomposition; no plant actuals supplied
2023-04,SKU023,Condiments,901,15360,15360,13839360,13839360,0,45393.1,-45393.1,0,SIMULATED/DERIVED,Synthetic variance decomposition; no plant actuals supplied
2023-04,SKU024,Convenience Foods,932,17928,17928,16708896,16708896,0,54805.18,-54805.18,0,SIMULATED/DERIVED,Synthetic variance decomposition; no plant actuals supplied
2023-04,SKU025,Dairy,1039,20670,20670,21476130,21476130,0,70441.71,-70441.71,0,SIMULATED/DERIVED,Synthetic variance decomposition; no plant actuals supplied
2023-04,SKU026,Beverages,956,18275,18275,17470900,17470900,0,57304.55,-57304.55,0,SIMULATED/DERIVED,Synthetic variance decomposition; no plant actuals supplied
2023-04,SKU027,Condiments,1073,20930,20930,22457890,22457890,0,73661.88,-73661.88,0,SIMULATED/DERIVED,Synthetic variance decomposition; no plant actuals supplied
2023-04,SKU028,Convenience Foods,1079,8640,8640,9322560,9322560,0,30578,-30578,0,SIMULATED/DERIVED,Synthetic variance decomposition; no plant actuals supplied
2023-04,SKU029,Dairy,1248,10858,10858,13550784,13550784,0,44446.57,-44446.57,0,SIMULATED/DERIVED,Synthetic variance decomposition; no plant actuals supplied
2023-04,SKU030,Beverages,1209,13250,13250,16019250,16019250,0,52543.14,-52543.14,0,SIMULATED/DERIVED,Synthetic variance decomposition; no plant actuals supplied
2023-04,SKU031,Condiments,1189,12255,12255,14571195,14571195,0,47793.52,-47793.52,0,SIMULATED/DERIVED,Synthetic variance decomposition; no plant actuals supplied
2023-04,SKU032,Convenience Foods,1270,14560,14560,18491200,18491200,0,60651.14,-60651.14,0,SIMULATED/DERIVED,Synthetic variance decomposition; no plant actuals supplied
2023-04,SKU033,Dairy,1406,17040,17040,23958240,23958240,0,78583.03,-78583.03,0,SIMULATED/DERIVED,Synthetic variance decomposition; no plant actuals supplied
2023-04,SKU034,Beverages,672,19695,19695,13235040,13235040,0,43410.93,-43410.93,0,SIMULATED/DERIVED,Synthetic variance decomposition; no plant actuals supplied
2023-04,SKU035,Condiments,735,22525,22525,16555875,16555875,0,54303.27,-54303.27,0,SIMULATED/DERIVED,Synthetic variance decomposition; no plant actuals supplied
2023-04,SKU036,Convenience Foods,815,19780,19780,16120700,16120700,0,52875.9,-52875.9,0,SIMULATED/DERIVED,Synthetic variance decomposition; no plant actuals supplied
2023-05,SKU001,Dairy,645,7740,7740,4992300,4992300,0,16374.74,-16374.74,0,SIMULATED/DERIVED,Synthetic variance decomposition; no plant actuals supplied
2023-05,SKU002,Beverages,634,9782,9782,6201788,6201788,0,20341.86,-20341.86,0,SIMULATED/DERIVED,Synthetic variance decomposition; no plant actuals supplied
2023-05,SKU003,Condiments,700,12000,12000,8400000,8400000,0,27552,-27552,0,SIMULATED/DERIVED,Synthetic variance decomposition; no plant actuals supplied
2023-05,SKU004,Convenience Foods,784,14392,14392,11283328,11283328,0,37009.32,-37009.32,0,SIMULATED/DERIVED,Synthetic variance decomposition; no plant actuals supplied
2023-05,SKU005,Dairy,741,16960,16960,12567360,12567360,0,41220.94,-41220.94,0,SIMULATED/DERIVED,Synthetic variance decomposition; no plant actuals supplied
2023-05,SKU006,Beverages,860,15265,15265,13127900,13127900,0,43059.51,-43059.51,0,SIMULATED/DERIVED,Synthetic variance decomposition; no plant actuals supplied
2023-05,SKU007,Condiments,862,17745,17745,15296190,15296190,0,50171.5,-50171.5,0,SIMULATED/DERIVED,Synthetic variance decomposition; no plant actuals supplied
2023-05,SKU008,Convenience Foods,954,20400,20400,19461600,19461600,0,63834.05,-63834.05,0,SIMULATED/DERIVED,Synthetic variance decomposition; no plant actuals supplied
2023-05,SKU009,Dairy,1026,23230,23230,23833980,23833980,0,78175.45,-78175.45,0,SIMULATED/DERIVED,Synthetic variance decomposition; no plant actuals supplied
2023-05,SKU010,Beverages,990,9540,9540,9444600,9444600,0,30978.29,-30978.29,0,SIMULATED/DERIVED,Synthetic variance decomposition; no plant actuals supplied
2023-05,SKU011,Condiments,1118,9245,9245,10335910,10335910,0,33901.78,-33901.78,0,SIMULATED/DERIVED,Synthetic variance decomposition; no plant actuals supplied
2023-05,SKU012,Convenience Foods,1031,11375,11375,11727625,11727625,0,38466.61,-38466.61,0,SIMULATED/DERIVED,Synthetic variance decomposition; no plant actuals supplied
2023-05,SKU013,Dairy,1177,13680,13680,16101360,16101360,0,52812.46,-52812.46,0,SIMULATED/DERIVED,Synthetic variance decomposition; no plant actuals supplied
2023-05,SKU014,Beverages,1155,16160,16160,18664800,18664800,0,61220.54,-61220.54,0,SIMULATED/DERIVED,Synthetic variance decomposition; no plant actuals supplied
2023-05,SKU015,Condiments,1095,18815,18815,20602425,20602425,0,67575.95,-67575.95,0,SIMULATED/DERIVED,Synthetic variance decomposition; no plant actuals supplied
2023-05,SKU016,Convenience Foods,1258,16770,16770,21096660,21096660,0,69197.04,-69197.04,0,SIMULATED/DERIVED,Synthetic variance decomposition; no plant actuals supplied
2023-05,SKU017,Dairy,607,19338,19338,11738166,11738166,0,38501.18,-38501.18,0,SIMULATED/DERIVED,Synthetic variance decomposition; no plant actuals supplied
2023-05,SKU018,Beverages,637,22080,22080,14064960,14064960,0,46133.07,-46133.07,0,SIMULATED/DERIVED,Synthetic variance decomposition; no plant actuals supplied
2023-05,SKU019,Condiments,628,9090,9090,5708520,5708520,0,18723.95,-18723.95,0,SIMULATED/DERIVED,Synthetic variance decomposition; no plant actuals supplied
2023-05,SKU020,Convenience Foods,713,11395,11395,8124635,8124635,0,26648.8,-26648.8,0,SIMULATED/DERIVED,Synthetic variance decomposition; no plant actuals supplied
2023-05,SKU021,Dairy,778,10750,10750,8363500,8363500,0,27432.28,-27432.28,0,SIMULATED/DERIVED,Synthetic variance decomposition; no plant actuals supplied
2023-05,SKU022,Beverages,864,12968,12968,11204352,11204352,0,36750.27,-36750.27,0,SIMULATED/DERIVED,Synthetic variance decomposition; no plant actuals supplied
2023-05,SKU023,Condiments,878,15360,15360,13486080,13486080,0,44234.34,-44234.34,0,SIMULATED/DERIVED,Synthetic variance decomposition; no plant actuals supplied
2023-05,SKU024,Convenience Foods,958,17928,17928,17175024,17175024,0,56334.08,-56334.08,0,SIMULATED/DERIVED,Synthetic variance decomposition; no plant actuals supplied
2023-05,SKU025,Dairy,884,20670,20670,18272280,18272280,0,59933.08,-59933.08,0,SIMULATED/DERIVED,Synthetic variance decomposition; no plant actuals supplied
2023-05,SKU026,Beverages,1003,18275,18275,18329825,18329825,0,60121.83,-60121.83,0,SIMULATED/DERIVED,Synthetic variance decomposition; no plant actuals supplied
2023-05,SKU027,Condiments,1020,20930,20930,21348600,21348600,0,70023.41,-70023.41,0,SIMULATED/DERIVED,Synthetic variance decomposition; no plant actuals supplied
2023-05,SKU028,Convenience Foods,1035,8640,8640,8942400,8942400,0,29331.07,-29331.07,0,SIMULATED/DERIVED,Synthetic variance decomposition; no plant actuals supplied
2023-05,SKU029,Dairy,1161,10858,10858,12606138,12606138,0,41348.13,-41348.13,0,SIMULATED/DERIVED,Synthetic variance decomposition; no plant actuals supplied
2023-05,SKU030,Beverages,1067,13250,13250,14137750,14137750,0,46371.82,-46371.82,0,SIMULATED/DERIVED,Synthetic variance decomposition; no plant actuals supplied
2023-05,SKU031,Condiments,1161,12255,12255,14228055,14228055,0,46668.02,-46668.02,0,SIMULATED/DERIVED,Synthetic variance decomposition; no plant actuals supplied
2023-05,SKU032,Convenience Foods,1159,14560,14560,16875040,16875040,0,55350.13,-55350.13,0,SIMULATED/DERIVED,Synthetic variance decomposition; no plant actuals supplied
2023-05,SKU033,Dairy,1224,17040,17040,20856960,20856960,0,68410.83,-68410.83,0,SIMULATED/DERIVED,Synthetic variance decomposition; no plant actuals supplied
2023-05,SKU034,Beverages,605,19695,19695,11915475,11915475,0,39082.76,-39082.76,0,SIMULATED/DERIVED,Synthetic variance decomposition; no plant actuals supplied
2023-05,SKU035,Condiments,656,22525,22525,14776400,14776400,0,48466.59,-48466.59,0,SIMULATED/DERIVED,Synthetic variance decomposition; no plant actuals supplied
2023-05,SKU036,Convenience Foods,704,19780,19780,13925120,13925120,0,45674.39,-45674.39,0,SIMULATED/DERIVED,Synthetic variance decomposition; no plant actuals supplied
2023-06,SKU001,Dairy,663,7740,7740,5131620,5131620,0,50495.14,-50495.14,0,SIMULATED/DERIVED,Synthetic variance decomposition; no plant actuals supplied
2023-06,SKU002,Beverages,762,9782,9782,7453884,7453884,0,73346.22,-73346.22,0,SIMULATED/DERIVED,Synthetic variance decomposition; no plant actuals supplied
2023-06,SKU003,Condiments,784,12000,12000,9408000,9408000,0,92574.72,-92574.72,0,SIMULATED/DERIVED,Synthetic variance decomposition; no plant actuals supplied
2023-06,SKU004,Convenience Foods,823,14392,14392,11844616,11844616,0,116551.02,-116551.02,0,SIMULATED/DERIVED,Synthetic variance decomposition; no plant actuals supplied
2023-06,SKU005,Dairy,861,16960,16960,14602560,14602560,0,143689.19,-143689.19,0,SIMULATED/DERIVED,Synthetic variance decomposition; no plant actuals supplied
2023-06,SKU006,Beverages,842,15265,15265,12853130,12853130,0,126474.8,-126474.8,0,SIMULATED/DERIVED,Synthetic variance decomposition; no plant actuals supplied
2023-06,SKU007,Condiments,854,17745,17745,15154230,15154230,0,149117.62,-149117.62,0,SIMULATED/DERIVED,Synthetic variance decomposition; no plant actuals supplied
2023-06,SKU008,Convenience Foods,950,20400,20400,19380000,19380000,0,190699.2,-190699.2,0,SIMULATED/DERIVED,Synthetic variance decomposition; no plant actuals supplied
2023-06,SKU009,Dairy,1030,23230,23230,23926900,23926900,0,235440.7,-235440.7,0,SIMULATED/DERIVED,Synthetic variance decomposition; no plant actuals supplied
2023-06,SKU010,Beverages,956,9540,9540,9120240,9120240,0,89743.16,-89743.16,0,SIMULATED/DERIVED,Synthetic variance decomposition; no plant actuals supplied
2023-06,SKU011,Condiments,1036,9245,9245,9577820,9577820,0,94245.75,-94245.75,0,SIMULATED/DERIVED,Synthetic variance decomposition; no plant actuals supplied
2023-06,SKU012,Convenience Foods,1117,11375,11375,12705875,12705875,0,125025.81,-125025.81,0,SIMULATED/DERIVED,Synthetic variance decomposition; no plant actuals supplied
2023-06,SKU013,Dairy,1222,13680,13680,16716960,16716960,0,164494.89,-164494.89,0,SIMULATED/DERIVED,Synthetic variance decomposition; no plant actuals supplied
2023-06,SKU014,Beverages,1231,16160,16160,19892960,19892960,0,195746.73,-195746.73,0,SIMULATED/DERIVED,Synthetic variance decomposition; no plant actuals supplied
2023-06,SKU015,Condiments,1151,18815,18815,21656065,21656065,0,213095.68,-213095.68,0,SIMULATED/DERIVED,Synthetic variance decomposition; no plant actuals supplied
2023-06,SKU016,Convenience Foods,1206,16770,16770,20224620,20224620,0,199010.26,-199010.26,0,SIMULATED/DERIVED,Synthetic variance decomposition; no plant actuals supplied
2023-06,SKU017,Dairy,554,19338,19338,10713252,10713252,0,105418.4,-105418.4,0,SIMULATED/DERIVED,Synthetic variance decomposition; no plant actuals supplied
2023-06,SKU018,Beverages,671,22080,22080,14815680,14815680,0,145786.29,-145786.29,0,SIMULATED/DERIVED,Synthetic variance decomposition; no plant actuals supplied
2023-06,SKU019,Condiments,661,9090,9090,6008490,6008490,0,59123.54,-59123.54,0,SIMULATED/DERIVED,Synthetic variance decomposition; no plant actuals supplied
2023-06,SKU020,Convenience Foods,788,11395,11395,8979260,8979260,0,88355.92,-88355.92,0,SIMULATED/DERIVED,Synthetic variance decomposition; no plant actuals supplied
2023-06,SKU021,Dairy,868,10750,10750,9331000,9331000,0,91817.04,-91817.04,0,SIMULATED/DERIVED,Synthetic variance decomposition; no plant actuals supplied
2023-06,SKU022,Beverages,719,12968,12968,9323992,9323992,0,91748.08,-91748.08,0,SIMULATED/DERIVED,Synthetic variance decomposition; no plant actuals supplied
2023-06,SKU023,Condiments,873,15360,15360,13409280,13409280,0,131947.32,-131947.32,0,SIMULATED/DERIVED,Synthetic variance decomposition; no plant actuals supplied
2023-06,SKU024,Convenience Foods,915,17928,17928,16404120,16404120,0,161416.54,-161416.54,0,SIMULATED/DERIVED,Synthetic variance decomposition; no plant actuals supplied
2023-06,SKU025,Dairy,853,20670,20670,17631510,17631510,0,173494.06,-173494.06,0,SIMULATED/DERIVED,Synthetic variance decomposition; no plant actuals supplied
2023-06,SKU026,Beverages,1075,18275,18275,19645625,19645625,0,193312.95,-193312.95,0,SIMULATED/DERIVED,Synthetic variance decomposition; no plant actuals supplied
2023-06,SKU027,Condiments,983,20930,20930,20574190,20574190,0,202450.03,-202450.03,0,SIMULATED/DERIVED,Synthetic variance decomposition; no plant actuals supplied
2023-06,SKU028,Convenience Foods,1075,8640,8640,9288000,9288000,0,91393.92,-91393.92,0,SIMULATED/DERIVED,Synthetic variance decomposition; no plant actuals supplied
2023-06,SKU029,Dairy,1105,10858,10858,11998090,11998090,0,118061.21,-118061.21,0,SIMULATED/DERIVED,Synthetic variance decomposition; no plant actuals supplied
2023-06,SKU030,Beverages,1116,13250,13250,14787000,14787000,0,145504.08,-145504.08,0,SIMULATED/DERIVED,Synthetic variance decomposition; no plant actuals supplied
2023-06,SKU031,Condiments,1235,12255,12255,15134925,15134925,0,148927.66,-148927.66,0,SIMULATED/DERIVED,Synthetic variance decomposition; no plant actuals supplied
2023-06,SKU032,Convenience Foods,1152,14560,14560,16773120,16773120,0,165047.5,-165047.5,0,SIMULATED/DERIVED,Synthetic variance decomposition; no plant actuals supplied
2023-06,SKU033,Dairy,1259,17040,17040,21453360,21453360,0,211101.06,-211101.06,0,SIMULATED/DERIVED,Synthetic variance decomposition; no plant actuals supplied
2023-06,SKU034,Beverages,600,19695,19695,11817000,11817000,0,116279.28,-116279.28,0,SIMULATED/DERIVED,Synthetic variance decomposition; no plant actuals supplied
2023-06,SKU035,Condiments,681,22525,22525,15339525,15339525,0,150940.93,-150940.93,0,SIMULATED/DERIVED,Synthetic variance decomposition; no plant actuals supplied
2023-06,SKU036,Convenience Foods,746,19780,19780,14755880,14755880,0,145197.86,-145197.86,0,SIMULATED/DERIVED,Synthetic variance decomposition; no plant actuals supplied
2023-07,SKU001,Dairy,716,7740,7740,5541840,5541840,0,18177.24,-18177.24,0,SIMULATED/DERIVED,Synthetic variance decomposition; no plant actuals supplied
2023-07,SKU002,Beverages,756,9782,9782,7395192,7395192,0,24256.23,-24256.23,0,SIMULATED/DERIVED,Synthetic variance decomposition; no plant actuals supplied
2023-07,SKU003,Condiments,719,12000,12000,8628000,8628000,0,28299.84,-28299.84,0,SIMULATED/DERIVED,Synthetic variance decomposition; no plant actuals supplied
2023-07,SKU004,Convenience Foods,677,14392,14392,9743384,9743384,0,31958.3,-31958.3,0,SIMULATED/DERIVED,Synthetic variance decomposition; no plant actuals supplied
2023-07,SKU005,Dairy,813,16960,16960,13788480,13788480,0,45226.21,-45226.21,0,SIMULATED/DERIVED,Synthetic variance decomposition; no plant actuals supplied
2023-07,SKU006,Beverages,1016,15265,15265,15509240,15509240,0,50870.31,-50870.31,0,SIMULATED/DERIVED,Synthetic variance decomposition; no plant actuals supplied
2023-07,SKU007,Condiments,832,17745,17745,14763840,14763840,0,48425.4,-48425.4,0,SIMULATED/DERIVED,Synthetic variance decomposition; no plant actuals supplied
2023-07,SKU008,Convenience Foods,933,20400,20400,19033200,19033200,0,62428.9,-62428.9,0,SIMULATED/DERIVED,Synthetic variance decomposition; no plant actuals supplied
2023-07,SKU009,Dairy,905,23230,23230,21023150,21023150,0,68955.93,-68955.93,0,SIMULATED/DERIVED,Synthetic variance decomposition; no plant actuals supplied
2023-07,SKU010,Beverages,992,9540,9540,9463680,9463680,0,31040.87,-31040.87,0,SIMULATED/DERIVED,Synthetic variance decomposition; no plant actuals supplied
2023-07,SKU011,Condiments,1145,9245,9245,10585525,10585525,0,34720.52,-34720.52,0,SIMULATED/DERIVED,Synthetic variance decomposition; no plant actuals supplied
2023-07,SKU012,Convenience Foods,1203,11375,11375,13684125,13684125,0,44883.93,-44883.93,0,SIMULATED/DERIVED,Synthetic variance decomposition; no plant actuals supplied
2023-07,SKU013,Dairy,1277,13680,13680,17469360,17469360,0,57299.5,-57299.5,0,SIMULATED/DERIVED,Synthetic variance decomposition; no plant actuals supplied
2023-07,SKU014,Beverages,1104,16160,16160,17840640,17840640,0,58517.3,-58517.3,0,SIMULATED/DERIVED,Synthetic variance decomposition; no plant actuals supplied
2023-07,SKU015,Condiments,1256,18815,18815,23631640,23631640,0,77511.78,-77511.78,0,SIMULATED/DERIVED,Synthetic variance decomposition; no plant actuals supplied
2023-07,SKU016,Convenience Foods,1413,16770,16770,23696010,23696010,0,77722.91,-77722.91,0,SIMULATED/DERIVED,Synthetic variance decomposition; no plant actuals supplied
2023-07,SKU017,Dairy,601,19338,19338,11622138,11622138,0,38120.61,-38120.61,0,SIMULATED/DERIVED,Synthetic variance decomposition; no plant actuals supplied
2023-07,SKU018,Beverages,710,22080,22080,15676800,15676800,0,51419.9,-51419.9,0,SIMULATED/DERIVED,Synthetic variance decomposition; no plant actuals supplied
2023-07,SKU019,Condiments,733,9090,9090,6662970,6662970,0,21854.54,-21854.54,0,SIMULATED/DERIVED,Synthetic variance decomposition; no plant actuals supplied
2023-07,SKU020,Convenience Foods,763,11395,11395,8694385,8694385,0,28517.58,-28517.58,0,SIMULATED/DERIVED,Synthetic variance decomposition; no plant actuals supplied
2023-07,SKU021,Dairy,844,10750,10750,9073000,9073000,0,29759.44,-29759.44,0,SIMULATED/DERIVED,Synthetic variance decomposition; no plant actuals supplied
2023-07,SKU022,Beverages,817,12968,12968,10594856,10594856,0,34751.13,-34751.13,0,SIMULATED/DERIVED,Synthetic variance decomposition; no plant actuals supplied
2023-07,SKU023,Condiments,816,15360,15360,12533760,12533760,0,41110.73,-41110.73,0,SIMULATED/DERIVED,Synthetic variance decomposition; no plant actuals supplied
2023-07,SKU024,Convenience Foods,884,17928,17928,15848352,15848352,0,51982.59,-51982.59,0,SIMULATED/DERIVED,Synthetic variance decomposition; no plant actuals supplied
2023-07,SKU025,Dairy,995,20670,20670,20566650,20566650,0,67458.61,-67458.61,0,SIMULATED/DERIVED,Synthetic variance decomposition; no plant actuals supplied
2023-07,SKU026,Beverages,923,18275,18275,16867825,16867825,0,55326.47,-55326.47,0,SIMULATED/DERIVED,Synthetic variance decomposition; no plant actuals supplied
2023-07,SKU027,Condiments,1059,20930,20930,22164870,22164870,0,72700.77,-72700.77,0,SIMULATED/DERIVED,Synthetic variance decomposition; no plant actuals supplied
2023-07,SKU028,Convenience Foods,1173,8640,8640,10134720,10134720,0,33241.88,-33241.88,0,SIMULATED/DERIVED,Synthetic variance decomposition; no plant actuals supplied
2023-07,SKU029,Dairy,1073,10858,10858,11650634,11650634,0,38214.08,-38214.08,0,SIMULATED/DERIVED,Synthetic variance decomposition; no plant actuals supplied
2023-07,SKU030,Beverages,1164,13250,13250,15423000,15423000,0,50587.44,-50587.44,0,SIMULATED/DERIVED,Synthetic variance decomposition; no plant actuals supplied
2023-07,SKU031,Condiments,1273,12255,12255,15600615,15600615,0,51170.02,-51170.02,0,SIMULATED/DERIVED,Synthetic variance decomposition; no plant actuals supplied
2023-07,SKU032,Convenience Foods,1179,14560,14560,17166240,17166240,0,56305.27,-56305.27,0,SIMULATED/DERIVED,Synthetic variance decomposition; no plant actuals supplied
2023-07,SKU033,Dairy,1423,17040,17040,24247920,24247920,0,79533.18,-79533.18,0,SIMULATED/DERIVED,Synthetic variance decomposition; no plant actuals supplied
2023-07,SKU034,Beverages,734,19695,19695,14456130,14456130,0,47416.11,-47416.11,0,SIMULATED/DERIVED,Synthetic variance decomposition; no plant actuals supplied
2023-07,SKU035,Condiments,651,22525,22525,14663775,14663775,0,48097.18,-48097.18,0,SIMULATED/DERIVED,Synthetic variance decomposition; no plant actuals supplied
2023-07,SKU036,Convenience Foods,713,19780,19780,14103140,14103140,0,46258.3,-46258.3,0,SIMULATED/DERIVED,Synthetic variance decomposition; no plant actuals supplied
2023-08,SKU001,Dairy,710,7740,8668.8,5495400,6154848,540747.36,18024.91,100675.73,659448,SIMULATED/DERIVED,Synthetic variance decomposition; no plant actuals supplied
2023-08,SKU002,Beverages,763,9782,9782,7463666,7463666,0,24480.82,-24480.82,0,SIMULATED/DERIVED,Synthetic variance decomposition; no plant actuals supplied
2023-08,SKU003,Condiments,726,12000,12000,8712000,8712000,0,28575.36,-28575.36,0,SIMULATED/DERIVED,Synthetic variance decomposition; no plant actuals supplied
2023-08,SKU004,Convenience Foods,804,14392,14392,11571168,11571168,0,37953.43,-37953.43,0,SIMULATED/DERIVED,Synthetic variance decomposition; no plant actuals supplied
2023-08,SKU005,Dairy,938,16960,18995.2,15908480,17817499,1565395.58,52179.81,291443.61,1909019,SIMULATED/DERIVED,Synthetic variance decomposition; no plant actuals supplied
2023-08,SKU006,Beverages,969,15265,15265,14791785,14791785,0,48517.05,-48517.05,0,SIMULATED/DERIVED,Synthetic variance decomposition; no plant actuals supplied
2023-08,SKU007,Condiments,949,17745,17745,16840005,16840005,0,55235.22,-55235.22,0,SIMULATED/DERIVED,Synthetic variance decomposition; no plant actuals supplied
2023-08,SKU008,Convenience Foods,941,20400,20400,19196400,19196400,0,62964.19,-62964.19,0,SIMULATED/DERIVED,Synthetic variance decomposition; no plant actuals supplied
2023-08,SKU009,Dairy,1098,23230,26017.6,25506540,28567325,2509843.7,83661.45,467279.85,3060785,SIMULATED/DERIVED,Synthetic variance decomposition; no plant actuals supplied
2023-08,SKU010,Beverages,1054,9540,9540,10055160,10055160,0,32980.92,-32980.92,0,SIMULATED/DERIVED,Synthetic variance decomposition; no plant actuals supplied
2023-08,SKU011,Condiments,1131,9245,9245,10456095,10456095,0,34295.99,-34295.99,0,SIMULATED/DERIVED,Synthetic variance decomposition; no plant actuals supplied
2023-08,SKU012,Convenience Foods,1105,11375,11375,12569375,12569375,0,41227.55,-41227.55,0,SIMULATED/DERIVED,Synthetic variance decomposition; no plant actuals supplied
2023-08,SKU013,Dairy,1077,13680,15321.6,14733360,16501363,1449762.46,48325.42,269915.12,1768003,SIMULATED/DERIVED,Synthetic variance decomposition; no plant actuals supplied
2023-08,SKU014,Beverages,1205,16160,16160,19472800,19472800,0,63870.78,-63870.78,0,SIMULATED/DERIVED,Synthetic variance decomposition; no plant actuals supplied
2023-08,SKU015,Condiments,1228,18815,18815,23104820,23104820,0,75783.81,-75783.81,0,SIMULATED/DERIVED,Synthetic variance decomposition; no plant actuals supplied
2023-08,SKU016,Convenience Foods,1329,16770,16770,22287330,22287330,0,73102.44,-73102.44,0,SIMULATED/DERIVED,Synthetic variance decomposition; no plant actuals supplied
2023-08,SKU017,Dairy,632,19338,21658.56,12221616,13688210,1202607.08,40086.9,223900.02,1466594,SIMULATED/DERIVED,Synthetic variance decomposition; no plant actuals supplied
2023-08,SKU018,Beverages,684,22080,22080,15102720,15102720,0,49536.92,-49536.92,0,SIMULATED/DERIVED,Synthetic variance decomposition; no plant actuals supplied
2023-08,SKU019,Condiments,699,9090,9090,6353910,6353910,0,20840.82,-20840.82,0,SIMULATED/DERIVED,Synthetic variance decomposition; no plant actuals supplied
2023-08,SKU020,Convenience Foods,803,11395,11395,9150185,9150185,0,30012.61,-30012.61,0,SIMULATED/DERIVED,Synthetic variance decomposition; no plant actuals supplied
2023-08,SKU021,Dairy,764,10750,12040,8213000,9198560,808159.2,26938.64,150462.16,985560,SIMULATED/DERIVED,Synthetic variance decomposition; no plant actuals supplied
2023-08,SKU022,Beverages,924,12968,12968,11982432,11982432,0,39302.38,-39302.38,0,SIMULATED/DERIVED,Synthetic variance decomposition; no plant actuals supplied
2023-08,SKU023,Condiments,882,15360,15360,13547520,13547520,0,44435.87,-44435.87,0,SIMULATED/DERIVED,Synthetic variance decomposition; no plant actuals supplied
2023-08,SKU024,Convenience Foods,949,17928,17928,17013672,17013672,0,55804.84,-55804.84,0,SIMULATED/DERIVED,Synthetic variance decomposition; no plant actuals supplied
2023-08,SKU025,Dairy,1008,20670,23150.4,20835360,23335604,2050200.08,68339.98,381703.94,2500244,SIMULATED/DERIVED,Synthetic variance decomposition; no plant actuals supplied
2023-08,SKU026,Beverages,1029,18275,18275,18804975,18804975,0,61680.32,-61680.32,0,SIMULATED/DERIVED,Synthetic variance decomposition; no plant actuals supplied
2023-08,SKU027,Condiments,1036,20930,20930,21683480,21683480,0,71121.81,-71121.81,0,SIMULATED/DERIVED,Synthetic variance decomposition; no plant actuals supplied
2023-08,SKU028,Convenience Foods,1073,8640,8640,9270720,9270720,0,30407.96,-30407.96,0,SIMULATED/DERIVED,Synthetic variance decomposition; no plant actuals supplied
2023-08,SKU029,Dairy,1065,10858,12160.96,11563770,12951423,1137875.46,37929.17,211848.37,1387653,SIMULATED/DERIVED,Synthetic variance decomposition; no plant actuals supplied
2023-08,SKU030,Beverages,1258,13250,13250,16668500,16668500,0,54672.68,-54672.68,0,SIMULATED/DERIVED,Synthetic variance decomposition; no plant actuals supplied
2023-08,SKU031,Condiments,1272,12255,12255,15588360,15588360,0,51129.82,-51129.82,0,SIMULATED/DERIVED,Synthetic variance decomposition; no plant actuals supplied
2023-08,SKU032,Convenience Foods,1202,14560,14560,17501120,17501120,0,57403.67,-57403.67,0,SIMULATED/DERIVED,Synthetic variance decomposition; no plant actuals supplied
2023-08,SKU033,Dairy,1329,17040,19084.8,22646160,25363699,2228381.98,74279.4,414877.62,2717539,SIMULATED/DERIVED,Synthetic variance decomposition; no plant actuals supplied
2023-08,SKU034,Beverages,638,19695,19695,12565410,12565410,0,41214.54,-41214.54,0,SIMULATED/DERIVED,Synthetic variance decomposition; no plant actuals supplied
2023-08,SKU035,Condiments,733,22525,22525,16510825,16510825,0,54155.51,-54155.51,0,SIMULATED/DERIVED,Synthetic variance decomposition; no plant actuals supplied
2023-08,SKU036,Convenience Foods,740,19780,19780,14637200,14637200,0,48010.02,-48010.02,0,SIMULATED/DERIVED,Synthetic variance decomposition; no plant actuals supplied
2023-09,SKU001,Dairy,764,7740,8668.8,5913360,6622963,581874.46,19395.82,108332.72,709603,SIMULATED/DERIVED,Synthetic variance decomposition; no plant actuals supplied
2023-09,SKU002,Beverages,752,9782,9782,7356064,7356064,0,24127.89,-24127.89,0,SIMULATED/DERIVED,Synthetic variance decomposition; no plant actuals supplied
2023-09,SKU003,Condiments,773,12000,12000,9276000,9276000,0,30425.28,-30425.28,0,SIMULATED/DERIVED,Synthetic variance decomposition; no plant actuals supplied
2023-09,SKU004,Convenience Foods,860,14392,14392,12377120,12377120,0,40596.95,-40596.95,0,SIMULATED/DERIVED,Synthetic variance decomposition; no plant actuals supplied
2023-09,SKU005,Dairy,824,16960,18995.2,13975040,15652045,1375144.1,45838.13,256022.77,1677005,SIMULATED/DERIVED,Synthetic variance decomposition; no plant actuals supplied
2023-09,SKU006,Beverages,972,15265,15265,14837580,14837580,0,48667.26,-48667.26,0,SIMULATED/DERIVED,Synthetic variance decomposition; no plant actuals supplied
2023-09,SKU007,Condiments,978,17745,17745,17354610,17354610,0,56923.12,-56923.12,0,SIMULATED/DERIVED,Synthetic variance decomposition; no plant actuals supplied
2023-09,SKU008,Convenience Foods,1040,20400,20400,21216000,21216000,0,69588.48,-69588.48,0,SIMULATED/DERIVED,Synthetic variance decomposition; no plant actuals supplied
2023-09,SKU009,Dairy,1064,23230,26017.6,24716720,27682726,2432124.92,81070.84,452810.24,2966006,SIMULATED/DERIVED,Synthetic variance decomposition; no plant actuals supplied
2023-09,SKU010,Beverages,1025,9540,9540,9778500,9778500,0,32073.48,-32073.48,0,SIMULATED/DERIVED,Synthetic variance decomposition; no plant actuals supplied
2023-09,SKU011,Condiments,1230,9245,9245,11371350,11371350,0,37298.03,-37298.03,0,SIMULATED/DERIVED,Synthetic variance decomposition; no plant actuals supplied
2023-09,SKU012,Convenience Foods,1298,11375,11375,14764750,14764750,0,48428.38,-48428.38,0,SIMULATED/DERIVED,Synthetic variance decomposition; no plant actuals supplied
2023-09,SKU013,Dairy,1194,13680,15321.6,16333920,18293990,1607257.4,53575.26,299237.34,1960070,SIMULATED/DERIVED,Synthetic variance decomposition; no plant actuals supplied
2023-09,SKU014,Beverages,1313,16160,16160,21218080,21218080,0,69595.3,-69595.3,0,SIMULATED/DERIVED,Synthetic variance decomposition; no plant actuals supplied
2023-09,SKU015,Condiments,1296,18815,18815,24384240,24384240,0,79980.31,-79980.31,0,SIMULATED/DERIVED,Synthetic variance decomposition; no plant actuals supplied
2023-09,SKU016,Convenience Foods,1379,16770,16770,23125830,23125830,0,75852.72,-75852.72,0,SIMULATED/DERIVED,Synthetic variance decomposition; no plant actuals supplied
2023-09,SKU017,Dairy,730,19338,21658.56,14116740,15810749,1389087.38,46302.91,258618.71,1694009,SIMULATED/DERIVED,Synthetic variance decomposition; no plant actuals supplied
2023-09,SKU018,Beverages,732,22080,22080,16162560,16162560,0,53013.2,-53013.2,0,SIMULATED/DERIVED,Synthetic variance decomposition; no plant actuals supplied
2023-09,SKU019,Condiments,744,9090,9090,6762960,6762960,0,22182.51,-22182.51,0,SIMULATED/DERIVED,Synthetic variance decomposition; no plant actuals supplied
2023-09,SKU020,Convenience Foods,811,11395,11395,9241345,9241345,0,30311.61,-30311.61,0,SIMULATED/DERIVED,Synthetic variance decomposition; no plant actuals supplied
2023-09,SKU021,Dairy,891,10750,12040,9578250,10727640,942499.8,31416.66,175473.54,1149390,SIMULATED/DERIVED,Synthetic variance decomposition; no plant actuals supplied
2023-09,SKU022,Beverages,920,12968,12968,11930560,11930560,0,39132.24,-39132.24,0,SIMULATED/DERIVED,Synthetic variance decomposition; no plant actuals supplied
2023-09,SKU023,Condiments,945,15360,15360,14515200,14515200,0,47609.86,-47609.86,0,SIMULATED/DERIVED,Synthetic variance decomposition; no plant actuals supplied
2023-09,SKU024,Convenience Foods,1051,17928,17928,18842328,18842328,0,61802.84,-61802.84,0,SIMULATED/DERIVED,Synthetic variance decomposition; no plant actuals supplied
2023-09,SKU025,Dairy,1074,20670,23150.4,22199580,24863531,2184439.82,72814.62,406696.56,2663951,SIMULATED/DERIVED,Synthetic variance decomposition; no plant actuals supplied
2023-09,SKU026,Beverages,965,18275,18275,17635375,17635375,0,57844.03,-57844.03,0,SIMULATED/DERIVED,Synthetic variance decomposition; no plant actuals supplied
2023-09,SKU027,Condiments,1007,20930,20930,21076510,21076510,0,69130.95,-69130.95,0,SIMULATED/DERIVED,Synthetic variance decomposition; no plant actuals supplied
2023-09,SKU028,Convenience Foods,1187,8640,8640,10255680,10255680,0,33638.63,-33638.63,0,SIMULATED/DERIVED,Synthetic variance decomposition; no plant actuals supplied
2023-09,SKU029,Dairy,1164,10858,12160.96,12638712,14155357,1243648.9,41454.98,231541.12,1516645,SIMULATED/DERIVED,Synthetic variance decomposition; no plant actuals supplied
2023-09,SKU030,Beverages,1243,13250,13250,16469750,16469750,0,54020.78,-54020.78,0,SIMULATED/DERIVED,Synthetic variance decomposition; no plant actuals supplied
2023-09,SKU031,Condiments,1388,12255,12255,17009940,17009940,0,55792.6,-55792.6,0,SIMULATED/DERIVED,Synthetic variance decomposition; no plant actuals supplied
2023-09,SKU032,Convenience Foods,1179,14560,14560,17166240,17166240,0,56305.27,-56305.27,0,SIMULATED/DERIVED,Synthetic variance decomposition; no plant actuals supplied
2023-09,SKU033,Dairy,1336,17040,19084.8,22765440,25497293,2240119.46,74670.64,417062.9,2731853,SIMULATED/DERIVED,Synthetic variance decomposition; no plant actuals supplied
2023-09,SKU034,Beverages,709,19695,19695,13963755,13963755,0,45801.12,-45801.12,0,SIMULATED/DERIVED,Synthetic variance decomposition; no plant actuals supplied
2023-09,SKU035,Condiments,756,22525,22525,17028900,17028900,0,55854.79,-55854.79,0,SIMULATED/DERIVED,Synthetic variance decomposition; no plant actuals supplied
2023-09,SKU036,Convenience Foods,860,19780,19780,17010800,17010800,0,55795.42,-55795.42,0,SIMULATED/DERIVED,Synthetic variance decomposition; no plant actuals supplied
2023-10,SKU001,Dairy,664,7740,8668.8,5139360,5756083,505712.86,16857.1,94153.04,616723,SIMULATED/DERIVED,Synthetic variance decomposition; no plant actuals supplied
2023-10,SKU002,Beverages,694,9782,9782,6788708,6788708,0,22266.96,-22266.96,0,SIMULATED/DERIVED,Synthetic variance decomposition; no plant actuals supplied
2023-10,SKU003,Condiments,767,12000,12000,9204000,9204000,0,30189.12,-30189.12,0,SIMULATED/DERIVED,Synthetic variance decomposition; no plant actuals supplied
2023-10,SKU004,Convenience Foods,704,14392,14392,10131968,10131968,0,33232.86,-33232.86,0,SIMULATED/DERIVED,Synthetic variance decomposition; no plant actuals supplied
2023-10,SKU005,Dairy,756,16960,18995.2,12821760,14360371,1261661.02,42055.37,234894.61,1538611,SIMULATED/DERIVED,Synthetic variance decomposition; no plant actuals supplied
2023-10,SKU006,Beverages,763,15265,15265,11647195,11647195,0,38202.8,-38202.8,0,SIMULATED/DERIVED,Synthetic variance decomposition; no plant actuals supplied
2023-10,SKU007,Condiments,914,17745,17745,16218930,16218930,0,53198.09,-53198.09,0,SIMULATED/DERIVED,Synthetic variance decomposition; no plant actuals supplied
2023-10,SKU008,Convenience Foods,848,20400,20400,17299200,17299200,0,56741.38,-56741.38,0,SIMULATED/DERIVED,Synthetic variance decomposition; no plant actuals supplied
2023-10,SKU009,Dairy,940,23230,26017.6,21836200,24456544,2148682.08,71622.74,400039.18,2620344,SIMULATED/DERIVED,Synthetic variance decomposition; no plant actuals supplied
2023-10,SKU010,Beverages,966,9540,9540,9215640,9215640,0,30227.3,-30227.3,0,SIMULATED/DERIVED,Synthetic variance decomposition; no plant actuals supplied
2023-10,SKU011,Condiments,995,9245,9245,9198775,9198775,0,30171.98,-30171.98,0,SIMULATED/DERIVED,Synthetic variance decomposition; no plant actuals supplied
2023-10,SKU012,Convenience Foods,1180,11375,11375,13422500,13422500,0,44025.8,-44025.8,0,SIMULATED/DERIVED,Synthetic variance decomposition; no plant actuals supplied
2023-10,SKU013,Dairy,1173,13680,15321.6,16046640,17972237,1578989.54,52632.98,293974.48,1925597,SIMULATED/DERIVED,Synthetic variance decomposition; no plant actuals supplied
2023-10,SKU014,Beverages,1030,16160,16160,16644800,16644800,0,54594.94,-54594.94,0,SIMULATED/DERIVED,Synthetic variance decomposition; no plant actuals supplied
2023-10,SKU015,Condiments,1261,18815,18815,23725715,23725715,0,77820.35,-77820.35,0,SIMULATED/DERIVED,Synthetic variance decomposition; no plant actuals supplied
2023-10,SKU016,Convenience Foods,1277,16770,16770,21415290,21415290,0,70242.15,-70242.15,0,SIMULATED/DERIVED,Synthetic variance decomposition; no plant actuals supplied
2023-10,SKU017,Dairy,618,19338,21658.56,11950884,13384991,1175967.74,39198.9,218940.36,1434107,SIMULATED/DERIVED,Synthetic variance decomposition; no plant actuals supplied
2023-10,SKU018,Beverages,581,22080,22080,12828480,12828480,0,42077.41,-42077.41,0,SIMULATED/DERIVED,Synthetic variance decomposition; no plant actuals supplied
2023-10,SKU019,Condiments,695,9090,9090,6317550,6317550,0,20721.56,-20721.56,0,SIMULATED/DERIVED,Synthetic variance decomposition; no plant actuals supplied
2023-10,SKU020,Convenience Foods,797,11395,11395,9081815,9081815,0,29788.35,-29788.35,0,SIMULATED/DERIVED,Synthetic variance decomposition; no plant actuals supplied
2023-10,SKU021,Dairy,746,10750,12040,8019500,8981840,789118.8,26303.96,146917.24,962340,SIMULATED/DERIVED,Synthetic variance decomposition; no plant actuals supplied
2023-10,SKU022,Beverages,769,12968,12968,9972392,9972392,0,32709.45,-32709.45,0,SIMULATED/DERIVED,Synthetic variance decomposition; no plant actuals supplied
2023-10,SKU023,Condiments,865,15360,15360,13286400,13286400,0,43579.39,-43579.39,0,SIMULATED/DERIVED,Synthetic variance decomposition; no plant actuals supplied
2023-10,SKU024,Convenience Foods,923,17928,17928,16547544,16547544,0,54275.94,-54275.94,0,SIMULATED/DERIVED,Synthetic variance decomposition; no plant actuals supplied
2023-10,SKU025,Dairy,895,20670,23150.4,18499650,20719608,1820365.56,60678.85,338913.59,2219958,SIMULATED/DERIVED,Synthetic variance decomposition; no plant actuals supplied
2023-10,SKU026,Beverages,1009,18275,18275,18439475,18439475,0,60481.48,-60481.48,0,SIMULATED/DERIVED,Synthetic variance decomposition; no plant actuals supplied
2023-10,SKU027,Condiments,1059,20930,20930,22164870,22164870,0,72700.77,-72700.77,0,SIMULATED/DERIVED,Synthetic variance decomposition; no plant actuals supplied
2023-10,SKU028,Convenience Foods,1031,8640,8640,8907840,8907840,0,29217.72,-29217.72,0,SIMULATED/DERIVED,Synthetic variance decomposition; no plant actuals supplied
2023-10,SKU029,Dairy,1035,10858,12160.96,11238030,12586594,1105822.48,36860.74,205880.78,1348564,SIMULATED/DERIVED,Synthetic variance decomposition; no plant actuals supplied
2023-10,SKU030,Beverages,1201,13250,13250,15913250,15913250,0,52195.46,-52195.46,0,SIMULATED/DERIVED,Synthetic variance decomposition; no plant actuals supplied
2023-10,SKU031,Condiments,1094,12255,12255,13406970,13406970,0,43974.86,-43974.86,0,SIMULATED/DERIVED,Synthetic variance decomposition; no plant actuals supplied
2023-10,SKU032,Convenience Foods,1208,14560,14560,17588480,17588480,0,57690.21,-57690.21,0,SIMULATED/DERIVED,Synthetic variance decomposition; no plant actuals supplied
2023-10,SKU033,Dairy,1239,17040,19084.8,21112560,23646067,2077475.74,69249.2,386782.06,2533507,SIMULATED/DERIVED,Synthetic variance decomposition; no plant actuals supplied
2023-10,SKU034,Beverages,680,19695,19695,13392600,13392600,0,43927.73,-43927.73,0,SIMULATED/DERIVED,Synthetic variance decomposition; no plant actuals supplied
2023-10,SKU035,Condiments,625,22525,22525,14078125,14078125,0,46176.25,-46176.25,0,SIMULATED/DERIVED,Synthetic variance decomposition; no plant actuals supplied
2023-10,SKU036,Convenience Foods,653,19780,19780,12916340,12916340,0,42365.6,-42365.6,0,SIMULATED/DERIVED,Synthetic variance decomposition; no plant actuals supplied
2023-11,SKU001,Dairy,770,7740,8668.8,5959800,6674977,586445.14,19548.14,109183.72,715177,SIMULATED/DERIVED,Synthetic variance decomposition; no plant actuals supplied
2023-11,SKU002,Beverages,730,9782,9782,7140860,7140860,0,23422.02,-23422.02,0,SIMULATED/DERIVED,Synthetic variance decomposition; no plant actuals supplied
2023-11,SKU003,Condiments,819,12000,12000,9828000,9828000,0,32235.84,-32235.84,0,SIMULATED/DERIVED,Synthetic variance decomposition; no plant actuals supplied
2023-11,SKU004,Convenience Foods,864,14392,14392,12434688,12434688,0,40785.78,-40785.78,0,SIMULATED/DERIVED,Synthetic variance decomposition; no plant actuals supplied
2023-11,SKU005,Dairy,925,16960,18995.2,15688000,17570560,1543699.2,51456.64,287404.16,1882560,SIMULATED/DERIVED,Synthetic variance decomposition; no plant actuals supplied
2023-11,SKU006,Beverages,1072,15265,15265,16364080,16364080,0,53674.18,-53674.18,0,SIMULATED/DERIVED,Synthetic variance decomposition; no plant actuals supplied
2023-11,SKU007,Condiments,1036,17745,17745,18383820,18383820,0,60298.93,-60298.93,0,SIMULATED/DERIVED,Synthetic variance decomposition; no plant actuals supplied
2023-11,SKU008,Convenience Foods,1071,20400,20400,21848400,21848400,0,71662.75,-71662.75,0,SIMULATED/DERIVED,Synthetic variance decomposition; no plant actuals supplied
2023-11,SKU009,Dairy,1117,23230,26017.6,25947910,29061659,2553274.18,85109.14,475365.68,3113749,SIMULATED/DERIVED,Synthetic variance decomposition; no plant actuals supplied
2023-11,SKU010,Beverages,1165,9540,9540,11114100,11114100,0,36454.25,-36454.25,0,SIMULATED/DERIVED,Synthetic variance decomposition; no plant actuals supplied
2023-11,SKU011,Condiments,1206,9245,9245,11149470,11149470,0,36570.26,-36570.26,0,SIMULATED/DERIVED,Synthetic variance decomposition; no plant actuals supplied
2023-11,SKU012,Convenience Foods,1049,11375,11375,11932375,11932375,0,39138.19,-39138.19,0,SIMULATED/DERIVED,Synthetic variance decomposition; no plant actuals supplied
2023-11,SKU013,Dairy,1245,13680,15321.6,17031600,19075393,1675910.26,55863.65,312019.09,2043793,SIMULATED/DERIVED,Synthetic variance decomposition; no plant actuals supplied
2023-11,SKU014,Beverages,1295,16160,16160,20927200,20927200,0,68641.22,-68641.22,0,SIMULATED/DERIVED,Synthetic variance decomposition; no plant actuals supplied
2023-11,SKU015,Condiments,1291,18815,18815,24290165,24290165,0,79671.74,-79671.74,0,SIMULATED/DERIVED,Synthetic variance decomposition; no plant actuals supplied
2023-11,SKU016,Convenience Foods,1364,16770,16770,22874280,22874280,0,75027.64,-75027.64,0,SIMULATED/DERIVED,Synthetic variance decomposition; no plant actuals supplied
2023-11,SKU017,Dairy,729,19338,21658.56,14097402,15789091,1387184.98,46239.48,258264.54,1691689,SIMULATED/DERIVED,Synthetic variance decomposition; no plant actuals supplied
2023-11,SKU018,Beverages,754,22080,22080,16648320,16648320,0,54606.49,-54606.49,0,SIMULATED/DERIVED,Synthetic variance decomposition; no plant actuals supplied
2023-11,SKU019,Condiments,792,9090,9090,7199280,7199280,0,23613.64,-23613.64,0,SIMULATED/DERIVED,Synthetic variance decomposition; no plant actuals supplied
2023-11,SKU020,Convenience Foods,759,11395,11395,8648805,8648805,0,28368.08,-28368.08,0,SIMULATED/DERIVED,Synthetic variance decomposition; no plant actuals supplied
2023-11,SKU021,Dairy,947,10750,12040,10180250,11401880,1001736.6,33391.22,186502.18,1221630,SIMULATED/DERIVED,Synthetic variance decomposition; no plant actuals supplied
2023-11,SKU022,Beverages,875,12968,12968,11347000,11347000,0,37218.16,-37218.16,0,SIMULATED/DERIVED,Synthetic variance decomposition; no plant actuals supplied
2023-11,SKU023,Condiments,955,15360,15360,14668800,14668800,0,48113.66,-48113.66,0,SIMULATED/DERIVED,Synthetic variance decomposition; no plant actuals supplied
2023-11,SKU024,Convenience Foods,998,17928,17928,17892144,17892144,0,58686.23,-58686.23,0,SIMULATED/DERIVED,Synthetic variance decomposition; no plant actuals supplied
2023-11,SKU025,Dairy,999,20670,23150.4,20649330,23127249,2031893.58,67729.8,378295.62,2477919,SIMULATED/DERIVED,Synthetic variance decomposition; no plant actuals supplied
2023-11,SKU026,Beverages,1090,18275,18275,19919750,19919750,0,65336.78,-65336.78,0,SIMULATED/DERIVED,Synthetic variance decomposition; no plant actuals supplied
2023-11,SKU027,Condiments,1287,20930,20930,26936910,26936910,0,88353.06,-88353.06,0,SIMULATED/DERIVED,Synthetic variance decomposition; no plant actuals supplied
2023-11,SKU028,Convenience Foods,1073,8640,8640,9270720,9270720,0,30407.96,-30407.96,0,SIMULATED/DERIVED,Synthetic variance decomposition; no plant actuals supplied
2023-11,SKU029,Dairy,1190,10858,12160.96,12921020,14471542,1271428.04,42380.95,236713.01,1550522,SIMULATED/DERIVED,Synthetic variance decomposition; no plant actuals supplied
2023-11,SKU030,Beverages,1203,13250,13250,15939750,15939750,0,52282.38,-52282.38,0,SIMULATED/DERIVED,Synthetic variance decomposition; no plant actuals supplied
2023-11,SKU031,Condiments,1461,12255,12255,17904555,17904555,0,58726.94,-58726.94,0,SIMULATED/DERIVED,Synthetic variance decomposition; no plant actuals supplied
2023-11,SKU032,Convenience Foods,1320,14560,14560,19219200,19219200,0,63038.98,-63038.98,0,SIMULATED/DERIVED,Synthetic variance decomposition; no plant actuals supplied
2023-11,SKU033,Dairy,1463,17040,19084.8,24929520,27921063,2453065.26,81768.83,456708.91,2991543,SIMULATED/DERIVED,Synthetic variance decomposition; no plant actuals supplied
2023-11,SKU034,Beverages,774,19695,19695,15243930,15243930,0,50000.09,-50000.09,0,SIMULATED/DERIVED,Synthetic variance decomposition; no plant actuals supplied
2023-11,SKU035,Condiments,790,22525,22525,17794750,17794750,0,58366.78,-58366.78,0,SIMULATED/DERIVED,Synthetic variance decomposition; no plant actuals supplied
2023-11,SKU036,Convenience Foods,820,19780,19780,16219600,16219600,0,53200.29,-53200.29,0,SIMULATED/DERIVED,Synthetic variance decomposition; no plant actuals supplied
2023-12,SKU001,Dairy,789,7740,8668.8,6106860,6839683,600914.86,60091.5,71816.64,732823,SIMULATED/DERIVED,Synthetic variance decomposition; no plant actuals supplied
2023-12,SKU002,Beverages,814,9782,9782,7962548,7962548,0,78351.47,-78351.47,0,SIMULATED/DERIVED,Synthetic variance decomposition; no plant actuals supplied
2023-12,SKU003,Condiments,890,12000,12000,10680000,10680000,0,105091.2,-105091.2,0,SIMULATED/DERIVED,Synthetic variance decomposition; no plant actuals supplied
2023-12,SKU004,Convenience Foods,928,14392,14392,13355776,13355776,0,131420.84,-131420.84,0,SIMULATED/DERIVED,Synthetic variance decomposition; no plant actuals supplied
2023-12,SKU005,Dairy,1010,16960,18995.2,17129600,19185152,1685552.64,168555.26,201444.1,2055552,SIMULATED/DERIVED,Synthetic variance decomposition; no plant actuals supplied
2023-12,SKU006,Beverages,1077,15265,15265,16440405,16440405,0,161773.59,-161773.59,0,SIMULATED/DERIVED,Synthetic variance decomposition; no plant actuals supplied
2023-12,SKU007,Condiments,1099,17745,17745,19501755,19501755,0,191897.27,-191897.27,0,SIMULATED/DERIVED,Synthetic variance decomposition; no plant actuals supplied
2023-12,SKU008,Convenience Foods,1059,20400,20400,21603600,21603600,0,212579.42,-212579.42,0,SIMULATED/DERIVED,Synthetic variance decomposition; no plant actuals supplied
2023-12,SKU009,Dairy,1121,23230,26017.6,26040830,29165730,2562418,256241.77,306240.23,3124900,SIMULATED/DERIVED,Synthetic variance decomposition; no plant actuals supplied
2023-12,SKU010,Beverages,1104,9540,9540,10532160,10532160,0,103636.45,-103636.45,0,SIMULATED/DERIVED,Synthetic variance decomposition; no plant actuals supplied
2023-12,SKU011,Condiments,1205,9245,9245,11140225,11140225,0,109619.81,-109619.81,0,SIMULATED/DERIVED,Synthetic variance decomposition; no plant actuals supplied
2023-12,SKU012,Convenience Foods,1261,11375,11375,14343875,14343875,0,141143.73,-141143.73,0,SIMULATED/DERIVED,Synthetic variance decomposition; no plant actuals supplied
2023-12,SKU013,Dairy,1315,13680,15321.6,17989200,20147904,1770137.28,177013.73,211552.99,2158704,SIMULATED/DERIVED,Synthetic variance decomposition; no plant actuals supplied
2023-12,SKU014,Beverages,1349,16160,16160,21799840,21799840,0,214510.43,-214510.43,0,SIMULATED/DERIVED,Synthetic variance decomposition; no plant actuals supplied
2023-12,SKU015,Condiments,1352,18815,18815,25437880,25437880,0,250308.74,-250308.74,0,SIMULATED/DERIVED,Synthetic variance decomposition; no plant actuals supplied
2023-12,SKU016,Convenience Foods,1461,16770,16770,24500970,24500970,0,241089.54,-241089.54,0,SIMULATED/DERIVED,Synthetic variance decomposition; no plant actuals supplied
2023-12,SKU017,Dairy,739,19338,21658.56,14290782,16005677,1406213.9,140621.29,168059.81,1714895,SIMULATED/DERIVED,Synthetic variance decomposition; no plant actuals supplied
2023-12,SKU018,Beverages,734,22080,22080,16206720,16206720,0,159474.12,-159474.12,0,SIMULATED/DERIVED,Synthetic variance decomposition; no plant actuals supplied
2023-12,SKU019,Condiments,759,9090,9090,6899310,6899310,0,67889.21,-67889.21,0,SIMULATED/DERIVED,Synthetic variance decomposition; no plant actuals supplied
2023-12,SKU020,Convenience Foods,851,11395,11395,9697145,9697145,0,95419.91,-95419.91,0,SIMULATED/DERIVED,Synthetic variance decomposition; no plant actuals supplied
2023-12,SKU021,Dairy,910,10750,12040,9782500,10956400,962598,96259.8,115042.2,1173900,SIMULATED/DERIVED,Synthetic variance decomposition; no plant actuals supplied
2023-12,SKU022,Beverages,961,12968,12968,12462248,12462248,0,122628.52,-122628.52,0,SIMULATED/DERIVED,Synthetic variance decomposition; no plant actuals supplied
2023-12,SKU023,Condiments,1044,15360,15360,16035840,16035840,0,157792.67,-157792.67,0,SIMULATED/DERIVED,Synthetic variance decomposition; no plant actuals supplied
2023-12,SKU024,Convenience Foods,1045,17928,17928,18734760,18734760,0,184350.04,-184350.04,0,SIMULATED/DERIVED,Synthetic variance decomposition; no plant actuals supplied
2023-12,SKU025,Dairy,1122,20670,23150.4,23191740,25974750,2282068.2,228206.72,272735.08,2783010,SIMULATED/DERIVED,Synthetic variance decomposition; no plant actuals supplied
2023-12,SKU026,Beverages,1140,18275,18275,20833500,20833500,0,205001.64,-205001.64,0,SIMULATED/DERIVED,Synthetic variance decomposition; no plant actuals supplied
2023-12,SKU027,Condiments,1173,20930,20930,24550890,24550890,0,241580.76,-241580.76,0,SIMULATED/DERIVED,Synthetic variance decomposition; no plant actuals supplied
2023-12,SKU028,Convenience Foods,1253,8640,8640,10825920,10825920,0,106527.05,-106527.05,0,SIMULATED/DERIVED,Synthetic variance decomposition; no plant actuals supplied
2023-12,SKU029,Dairy,1225,10858,12160.96,13301050,14897176,1308823.32,130882.33,156420.35,1596126,SIMULATED/DERIVED,Synthetic variance decomposition; no plant actuals supplied
2023-12,SKU030,Beverages,1224,13250,13250,16218000,16218000,0,159585.12,-159585.12,0,SIMULATED/DERIVED,Synthetic variance decomposition; no plant actuals supplied
2023-12,SKU031,Condiments,1340,12255,12255,16421700,16421700,0,161589.53,-161589.53,0,SIMULATED/DERIVED,Synthetic variance decomposition; no plant actuals supplied
2023-12,SKU032,Convenience Foods,1293,14560,14560,18826080,18826080,0,185248.63,-185248.63,0,SIMULATED/DERIVED,Synthetic variance decomposition; no plant actuals supplied
2023-12,SKU033,Dairy,1468,17040,19084.8,25014720,28016486,2461448.12,246144.84,294173.04,3001766,SIMULATED/DERIVED,Synthetic variance decomposition; no plant actuals supplied
2023-12,SKU034,Beverages,713,19695,19695,14042535,14042535,0,138178.54,-138178.54,0,SIMULATED/DERIVED,Synthetic variance decomposition; no plant actuals supplied
2023-12,SKU035,Condiments,750,22525,22525,16893750,16893750,0,166234.5,-166234.5,0,SIMULATED/DERIVED,Synthetic variance decomposition; no plant actuals supplied
2023-12,SKU036,Convenience Foods,784,19780,19780,15507520,15507520,0,152594,-152594,0,SIMULATED/DERIVED,Synthetic variance decomposition; no plant actuals supplied
2024-01,SKU001,Dairy,646,7740,8668.8,5000040,5600045,492004.1,16400.13,91600.77,600005,SIMULATED/DERIVED,Synthetic variance decomposition; no plant actuals supplied
2024-01,SKU002,Beverages,734,9782,9782,7179988,7179988,0,23550.36,-23550.36,0,SIMULATED/DERIVED,Synthetic variance decomposition; no plant actuals supplied
2024-01,SKU003,Condiments,735,12000,12000,8820000,8820000,0,28929.6,-28929.6,0,SIMULATED/DERIVED,Synthetic variance decomposition; no plant actuals supplied
2024-01,SKU004,Convenience Foods,733,14392,14392,10549336,10549336,0,34601.82,-34601.82,0,SIMULATED/DERIVED,Synthetic variance decomposition; no plant actuals supplied
2024-01,SKU005,Dairy,799,16960,18995.2,13551040,15177165,1333422.5,44447.41,248255.09,1626125,SIMULATED/DERIVED,Synthetic variance decomposition; no plant actuals supplied
2024-01,SKU006,Beverages,886,15265,15265,13524790,13524790,0,44361.31,-44361.31,0,SIMULATED/DERIVED,Synthetic variance decomposition; no plant actuals supplied
2024-01,SKU007,Condiments,909,17745,17745,16130205,16130205,0,52907.07,-52907.07,0,SIMULATED/DERIVED,Synthetic variance decomposition; no plant actuals supplied
2024-01,SKU008,Convenience Foods,976,20400,20400,19910400,19910400,0,65306.11,-65306.11,0,SIMULATED/DERIVED,Synthetic variance decomposition; no plant actuals supplied
2024-01,SKU009,Dairy,969,23230,26017.6,22509870,25211054,2214970.88,73832.37,412380.75,2701184,SIMULATED/DERIVED,Synthetic variance decomposition; no plant actuals supplied
2024-01,SKU010,Beverages,1016,9540,9540,9692640,9692640,0,31791.86,-31791.86,0,SIMULATED/DERIVED,Synthetic variance decomposition; no plant actuals supplied
2024-01,SKU011,Condiments,911,9245,9245,8422195,8422195,0,27624.8,-27624.8,0,SIMULATED/DERIVED,Synthetic variance decomposition; no plant actuals supplied
2024-01,SKU012,Convenience Foods,1079,11375,11375,12273625,12273625,0,40257.49,-40257.49,0,SIMULATED/DERIVED,Synthetic variance decomposition; no plant actuals supplied
2024-01,SKU013,Dairy,982,13680,15321.6,13433760,15045811,1321881.82,44062.73,246106.45,1612051,SIMULATED/DERIVED,Synthetic variance decomposition; no plant actuals supplied
2024-01,SKU014,Beverages,1163,16160,16160,18794080,18794080,0,61644.58,-61644.58,0,SIMULATED/DERIVED,Synthetic variance decomposition; no plant actuals supplied
2024-01,SKU015,Condiments,1321,18815,18815,24854615,24854615,0,81523.14,-81523.14,0,SIMULATED/DERIVED,Synthetic variance decomposition; no plant actuals supplied
2024-01,SKU016,Convenience Foods,1296,16770,16770,21733920,21733920,0,71287.26,-71287.26,0,SIMULATED/DERIVED,Synthetic variance decomposition; no plant actuals supplied
2024-01,SKU017,Dairy,578,19338,21658.56,11177364,12518647,1099852.06,36661.75,204769.19,1341283,SIMULATED/DERIVED,Synthetic variance decomposition; no plant actuals supplied
2024-01,SKU018,Beverages,676,22080,22080,14926080,14926080,0,48957.54,-48957.54,0,SIMULATED/DERIVED,Synthetic variance decomposition; no plant actuals supplied
2024-01,SKU019,Condiments,748,9090,9090,6799320,6799320,0,22301.77,-22301.77,0,SIMULATED/DERIVED,Synthetic variance decomposition; no plant actuals supplied
2024-01,SKU020,Convenience Foods,731,11395,11395,8329745,8329745,0,27321.56,-27321.56,0,SIMULATED/DERIVED,Synthetic variance decomposition; no plant actuals supplied
2024-01,SKU021,Dairy,812,10750,12040,8729000,9776480,858933.6,28631.12,159915.28,1047480,SIMULATED/DERIVED,Synthetic variance decomposition; no plant actuals supplied
2024-01,SKU022,Beverages,842,12968,12968,10919056,10919056,0,35814.5,-35814.5,0,SIMULATED/DERIVED,Synthetic variance decomposition; no plant actuals supplied
2024-01,SKU023,Condiments,770,15360,15360,11827200,11827200,0,38793.22,-38793.22,0,SIMULATED/DERIVED,Synthetic variance decomposition; no plant actuals supplied
2024-01,SKU024,Convenience Foods,905,17928,17928,16224840,16224840,0,53217.48,-53217.48,0,SIMULATED/DERIVED,Synthetic variance decomposition; no plant actuals supplied
2024-01,SKU025,Dairy,962,20670,23150.4,19884540,22270686,1956639.72,65221.29,364284.99,2386146,SIMULATED/DERIVED,Synthetic variance decomposition; no plant actuals supplied
2024-01,SKU026,Beverages,862,18275,18275,15753050,15753050,0,51670,-51670,0,SIMULATED/DERIVED,Synthetic variance decomposition; no plant actuals supplied
2024-01,SKU027,Condiments,1057,20930,20930,22123010,22123010,0,72563.47,-72563.47,0,SIMULATED/DERIVED,Synthetic variance decomposition; no plant actuals supplied
2024-01,SKU028,Convenience Foods,985,8640,8640,8510400,8510400,0,27914.11,-27914.11,0,SIMULATED/DERIVED,Synthetic variance decomposition; no plant actuals supplied
2024-01,SKU029,Dairy,1078,10858,12160.96,11704924,13109515,1151764.62,38392.15,214434.23,1404591,SIMULATED/DERIVED,Synthetic variance decomposition; no plant actuals supplied
2024-01,SKU030,Beverages,1091,13250,13250,14455750,14455750,0,47414.86,-47414.86,0,SIMULATED/DERIVED,Synthetic variance decomposition; no plant actuals supplied
2024-01,SKU031,Condiments,1194,12255,12255,14632470,14632470,0,47994.5,-47994.5,0,SIMULATED/DERIVED,Synthetic variance decomposition; no plant actuals supplied
2024-01,SKU032,Convenience Foods,1226,14560,14560,17850560,17850560,0,58549.84,-58549.84,0,SIMULATED/DERIVED,Synthetic variance decomposition; no plant actuals supplied
2024-01,SKU033,Dairy,1320,17040,19084.8,22492800,25191936,2213291.52,73776.38,412068.1,2699136,SIMULATED/DERIVED,Synthetic variance decomposition; no plant actuals supplied
2024-01,SKU034,Beverages,641,19695,19695,12624495,12624495,0,41408.34,-41408.34,0,SIMULATED/DERIVED,Synthetic variance decomposition; no plant actuals supplied
2024-01,SKU035,Condiments,700,22525,22525,15767500,15767500,0,51717.4,-51717.4,0,SIMULATED/DERIVED,Synthetic variance decomposition; no plant actuals supplied
2024-01,SKU036,Convenience Foods,766,19780,19780,15151480,15151480,0,49696.85,-49696.85,0,SIMULATED/DERIVED,Synthetic variance decomposition; no plant actuals supplied
2024-02,SKU001,Dairy,745,7740,8668.8,5766300,6458256,567403.92,18913.46,105638.62,691956,SIMULATED/DERIVED,Synthetic variance decomposition; no plant actuals supplied
2024-02,SKU002,Beverages,690,9782,9782,6749580,6749580,0,22138.62,-22138.62,0,SIMULATED/DERIVED,Synthetic variance decomposition; no plant actuals supplied
2024-02,SKU003,Condiments,744,12000,12000,8928000,8928000,0,29283.84,-29283.84,0,SIMULATED/DERIVED,Synthetic variance decomposition; no plant actuals supplied
2024-02,SKU004,Convenience Foods,873,14392,14392,12564216,12564216,0,41210.63,-41210.63,0,SIMULATED/DERIVED,Synthetic variance decomposition; no plant actuals supplied
2024-02,SKU005,Dairy,881,16960,18995.2,14941760,16734772,1470269.84,49008.97,273733.19,1793012,SIMULATED/DERIVED,Synthetic variance decomposition; no plant actuals supplied
2024-02,SKU006,Beverages,840,15265,15265,12822600,12822600,0,42058.13,-42058.13,0,SIMULATED/DERIVED,Synthetic variance decomposition; no plant actuals supplied
2024-02,SKU007,Condiments,937,17745,17745,16627065,16627065,0,54536.77,-54536.77,0,SIMULATED/DERIVED,Synthetic variance decomposition; no plant actuals supplied
2024-02,SKU008,Convenience Foods,927,20400,20400,18910800,18910800,0,62027.42,-62027.42,0,SIMULATED/DERIVED,Synthetic variance decomposition; no plant actuals supplied
2024-02,SKU009,Dairy,1048,23230,26017.6,24345040,27266445,2395552.1,79851.73,446001.17,2921405,SIMULATED/DERIVED,Synthetic variance decomposition; no plant actuals supplied
2024-02,SKU010,Beverages,1092,9540,9540,10417680,10417680,0,34169.99,-34169.99,0,SIMULATED/DERIVED,Synthetic variance decomposition; no plant actuals supplied
2024-02,SKU011,Condiments,1003,9245,9245,9272735,9272735,0,30414.57,-30414.57,0,SIMULATED/DERIVED,Synthetic variance decomposition; no plant actuals supplied
2024-02,SKU012,Convenience Foods,1040,11375,11375,11830000,11830000,0,38802.4,-38802.4,0,SIMULATED/DERIVED,Synthetic variance decomposition; no plant actuals supplied
2024-02,SKU013,Dairy,1250,13680,15321.6,17100000,19152000,1682640,56088,313272,2052000,SIMULATED/DERIVED,Synthetic variance decomposition; no plant actuals supplied
2024-02,SKU014,Beverages,1121,16160,16160,18115360,18115360,0,59418.38,-59418.38,0,SIMULATED/DERIVED,Synthetic variance decomposition; no plant actuals supplied
2024-02,SKU015,Condiments,1176,18815,18815,22126440,22126440,0,72574.72,-72574.72,0,SIMULATED/DERIVED,Synthetic variance decomposition; no plant actuals supplied
2024-02,SKU016,Convenience Foods,1288,16770,16770,21599760,21599760,0,70847.21,-70847.21,0,SIMULATED/DERIVED,Synthetic variance decomposition; no plant actuals supplied
2024-02,SKU017,Dairy,675,19338,21658.56,13053150,14619528,1284429.96,42814.33,239133.71,1566378,SIMULATED/DERIVED,Synthetic variance decomposition; no plant actuals supplied
2024-02,SKU018,Beverages,720,22080,22080,15897600,15897600,0,52144.13,-52144.13,0,SIMULATED/DERIVED,Synthetic variance decomposition; no plant actuals supplied
2024-02,SKU019,Condiments,705,9090,9090,6408450,6408450,0,21019.72,-21019.72,0,SIMULATED/DERIVED,Synthetic variance decomposition; no plant actuals supplied
2024-02,SKU020,Convenience Foods,794,11395,11395,9047630,9047630,0,29676.23,-29676.23,0,SIMULATED/DERIVED,Synthetic variance decomposition; no plant actuals supplied
2024-02,SKU021,Dairy,770,10750,12040,8277500,9270800,814506,27150.2,151643.8,993300,SIMULATED/DERIVED,Synthetic variance decomposition; no plant actuals supplied
2024-02,SKU022,Beverages,909,12968,12968,11787912,11787912,0,38664.35,-38664.35,0,SIMULATED/DERIVED,Synthetic variance decomposition; no plant actuals supplied
2024-02,SKU023,Condiments,921,15360,15360,14146560,14146560,0,46400.72,-46400.72,0,SIMULATED/DERIVED,Synthetic variance decomposition; no plant actuals supplied
2024-02,SKU024,Convenience Foods,841,17928,17928,15077448,15077448,0,49454.03,-49454.03,0,SIMULATED/DERIVED,Synthetic variance decomposition; no plant actuals supplied
2024-02,SKU025,Dairy,955,20670,23150.4,19739850,22108633,1942402.06,64746.71,361634.23,2368783,SIMULATED/DERIVED,Synthetic variance decomposition; no plant actuals supplied
2024-02,SKU026,Beverages,1080,18275,18275,19737000,19737000,0,64737.36,-64737.36,0,SIMULATED/DERIVED,Synthetic variance decomposition; no plant actuals supplied
2024-02,SKU027,Condiments,1068,20930,20930,22353240,22353240,0,73318.63,-73318.63,0,SIMULATED/DERIVED,Synthetic variance decomposition; no plant actuals supplied
2024-02,SKU028,Convenience Foods,1095,8640,8640,9460800,9460800,0,31031.42,-31031.42,0,SIMULATED/DERIVED,Synthetic variance decomposition; no plant actuals supplied
2024-02,SKU029,Dairy,1176,10858,12160.96,12769008,14301289,1256470.42,41882.35,233928.23,1532281,SIMULATED/DERIVED,Synthetic variance decomposition; no plant actuals supplied
2024-02,SKU030,Beverages,1157,13250,13250,15330250,15330250,0,50283.22,-50283.22,0,SIMULATED/DERIVED,Synthetic variance decomposition; no plant actuals supplied
2024-02,SKU031,Condiments,1309,12255,12255,16041795,16041795,0,52617.09,-52617.09,0,SIMULATED/DERIVED,Synthetic variance decomposition; no plant actuals supplied
2024-02,SKU032,Convenience Foods,1252,14560,14560,18229120,18229120,0,59791.51,-59791.51,0,SIMULATED/DERIVED,Synthetic variance decomposition; no plant actuals supplied
2024-02,SKU033,Dairy,1214,17040,19084.8,20686560,23168948,2035558.16,67851.92,378977.92,2482388,SIMULATED/DERIVED,Synthetic variance decomposition; no plant actuals supplied
2024-02,SKU034,Beverages,631,19695,19695,12427545,12427545,0,40762.35,-40762.35,0,SIMULATED/DERIVED,Synthetic variance decomposition; no plant actuals supplied
2024-02,SKU035,Condiments,690,22525,22525,15542250,15542250,0,50978.58,-50978.58,0,SIMULATED/DERIVED,Synthetic variance decomposition; no plant actuals supplied
2024-02,SKU036,Convenience Foods,714,19780,19780,14122920,14122920,0,46323.18,-46323.18,0,SIMULATED/DERIVED,Synthetic variance decomposition; no plant actuals supplied
2024-03,SKU001,Dairy,670,7740,8668.8,5185800,5808097,510283.54,17009.42,95004.04,622297,SIMULATED/DERIVED,Synthetic variance decomposition; no plant actuals supplied
2024-03,SKU002,Beverages,736,9782,9782,7199552,7199552,0,23614.53,-23614.53,0,SIMULATED/DERIVED,Synthetic variance decomposition; no plant actuals supplied
2024-03,SKU003,Condiments,772,12000,12000,9264000,9264000,0,30385.92,-30385.92,0,SIMULATED/DERIVED,Synthetic variance decomposition; no plant actuals supplied
2024-03,SKU004,Convenience Foods,816,14392,14392,11743872,11743872,0,38519.9,-38519.9,0,SIMULATED/DERIVED,Synthetic variance decomposition; no plant actuals supplied
2024-03,SKU005,Dairy,812,16960,18995.2,13771520,15424102,1355117.24,45170.59,252294.17,1652582,SIMULATED/DERIVED,Synthetic variance decomposition; no plant actuals supplied
2024-03,SKU006,Beverages,935,15265,15265,14272775,14272775,0,46814.7,-46814.7,0,SIMULATED/DERIVED,Synthetic variance decomposition; no plant actuals supplied
2024-03,SKU007,Condiments,1090,17745,17745,19342050,19342050,0,63441.92,-63441.92,0,SIMULATED/DERIVED,Synthetic variance decomposition; no plant actuals supplied
2024-03,SKU008,Convenience Foods,987,20400,20400,20134800,20134800,0,66042.14,-66042.14,0,SIMULATED/DERIVED,Synthetic variance decomposition; no plant actuals supplied
2024-03,SKU009,Dairy,1075,23230,26017.6,24972250,27968921,2457270.22,81908.98,457491.8,2996671,SIMULATED/DERIVED,Synthetic variance decomposition; no plant actuals supplied
2024-03,SKU010,Beverages,1170,9540,9540,11161800,11161800,0,36610.7,-36610.7,0,SIMULATED/DERIVED,Synthetic variance decomposition; no plant actuals supplied
2024-03,SKU011,Condiments,1166,9245,9245,10779670,10779670,0,35357.32,-35357.32,0,SIMULATED/DERIVED,Synthetic variance decomposition; no plant actuals supplied
2024-03,SKU012,Convenience Foods,1141,11375,11375,12978875,12978875,0,42570.71,-42570.71,0,SIMULATED/DERIVED,Synthetic variance decomposition; no plant actuals supplied
2024-03,SKU013,Dairy,1219,13680,15321.6,16675920,18677030,1640910.2,54697.02,305502.78,2001110,SIMULATED/DERIVED,Synthetic variance decomposition; no plant actuals supplied
2024-03,SKU014,Beverages,1130,16160,16160,18260800,18260800,0,59895.42,-59895.42,0,SIMULATED/DERIVED,Synthetic variance decomposition; no plant actuals supplied
2024-03,SKU015,Condiments,1220,18815,18815,22954300,22954300,0,75290.1,-75290.1,0,SIMULATED/DERIVED,Synthetic variance decomposition; no plant actuals supplied
2024-03,SKU016,Convenience Foods,1391,16770,16770,23327070,23327070,0,76512.79,-76512.79,0,SIMULATED/DERIVED,Synthetic variance decomposition; no plant actuals supplied
2024-03,SKU017,Dairy,717,19338,21658.56,13865346,15529187,1364349.62,45478.33,254013.05,1663841,SIMULATED/DERIVED,Synthetic variance decomposition; no plant actuals supplied
2024-03,SKU018,Beverages,697,22080,22080,15389760,15389760,0,50478.41,-50478.41,0,SIMULATED/DERIVED,Synthetic variance decomposition; no plant actuals supplied
2024-03,SKU019,Condiments,703,9090,9090,6390270,6390270,0,20960.09,-20960.09,0,SIMULATED/DERIVED,Synthetic variance decomposition; no plant actuals supplied
2024-03,SKU020,Convenience Foods,756,11395,11395,8614620,8614620,0,28255.95,-28255.95,0,SIMULATED/DERIVED,Synthetic variance decomposition; no plant actuals supplied
2024-03,SKU021,Dairy,829,10750,12040,8911750,9981160,876916.2,29230.54,163263.26,1069410,SIMULATED/DERIVED,Synthetic variance decomposition; no plant actuals supplied
2024-03,SKU022,Beverages,887,12968,12968,11502616,11502616,0,37728.58,-37728.58,0,SIMULATED/DERIVED,Synthetic variance decomposition; no plant actuals supplied
2024-03,SKU023,Condiments,879,15360,15360,13501440,13501440,0,44284.72,-44284.72,0,SIMULATED/DERIVED,Synthetic variance decomposition; no plant actuals supplied
2024-03,SKU024,Convenience Foods,932,17928,17928,16708896,16708896,0,54805.18,-54805.18,0,SIMULATED/DERIVED,Synthetic variance decomposition; no plant actuals supplied
2024-03,SKU025,Dairy,1004,20670,23150.4,20752680,23243001,2042063.22,68068.79,380188.99,2490321,SIMULATED/DERIVED,Synthetic variance decomposition; no plant actuals supplied
2024-03,SKU026,Beverages,967,18275,18275,17671925,17671925,0,57963.91,-57963.91,0,SIMULATED/DERIVED,Synthetic variance decomposition; no plant actuals supplied
2024-03,SKU027,Condiments,1062,20930,20930,22227660,22227660,0,72906.72,-72906.72,0,SIMULATED/DERIVED,Synthetic variance decomposition; no plant actuals supplied
2024-03,SKU028,Convenience Foods,1171,8640,8640,10117440,10117440,0,33185.2,-33185.2,0,SIMULATED/DERIVED,Synthetic variance decomposition; no plant actuals supplied
2024-03,SKU029,Dairy,1141,10858,12160.96,12388978,13875656,1219075.96,40635.85,226966.19,1486678,SIMULATED/DERIVED,Synthetic variance decomposition; no plant actuals supplied
2024-03,SKU030,Beverages,1162,13250,13250,15396500,15396500,0,50500.52,-50500.52,0,SIMULATED/DERIVED,Synthetic variance decomposition; no plant actuals supplied
2024-03,SKU031,Condiments,1276,12255,12255,15637380,15637380,0,51290.61,-51290.61,0,SIMULATED/DERIVED,Synthetic variance decomposition; no plant actuals supplied
2024-03,SKU032,Convenience Foods,1247,14560,14560,18156320,18156320,0,59552.73,-59552.73,0,SIMULATED/DERIVED,Synthetic variance decomposition; no plant actuals supplied
2024-03,SKU033,Dairy,1403,17040,19084.8,23907120,26775974,2352460.28,78415.35,437978.37,2868854,SIMULATED/DERIVED,Synthetic variance decomposition; no plant actuals supplied
2024-03,SKU034,Beverages,618,19695,19695,12171510,12171510,0,39922.55,-39922.55,0,SIMULATED/DERIVED,Synthetic variance decomposition; no plant actuals supplied
2024-03,SKU035,Condiments,731,22525,22525,16465775,16465775,0,54007.74,-54007.74,0,SIMULATED/DERIVED,Synthetic variance decomposition; no plant actuals supplied
2024-03,SKU036,Convenience Foods,780,19780,19780,15428400,15428400,0,50605.15,-50605.15,0,SIMULATED/DERIVED,Synthetic variance decomposition; no plant actuals supplied
2024-04,SKU001,Dairy,756,7740,8668.8,5851440,6553612,575781.04,19192.72,107198.24,702172,SIMULATED/DERIVED,Synthetic variance decomposition; no plant actuals supplied
2024-04,SKU002,Beverages,776,9782,9782,7590832,7590832,0,24897.93,-24897.93,0,SIMULATED/DERIVED,Synthetic variance decomposition; no plant actuals supplied
2024-04,SKU003,Condiments,799,12000,12000,9588000,9588000,0,31448.64,-31448.64,0,SIMULATED/DERIVED,Synthetic variance decomposition; no plant actuals supplied
2024-04,SKU004,Convenience Foods,824,14392,14392,11859008,11859008,0,38897.55,-38897.55,0,SIMULATED/DERIVED,Synthetic variance decomposition; no plant actuals supplied
2024-04,SKU005,Dairy,931,16960,18995.2,15789760,17684531,1553712.22,51790.41,289268.37,1894771,SIMULATED/DERIVED,Synthetic variance decomposition; no plant actuals supplied
2024-04,SKU006,Beverages,952,15265,15265,14532280,14532280,0,47665.88,-47665.88,0,SIMULATED/DERIVED,Synthetic variance decomposition; no plant actuals supplied
2024-04,SKU007,Condiments,882,17745,17745,15651090,15651090,0,51335.58,-51335.58,0,SIMULATED/DERIVED,Synthetic variance decomposition; no plant actuals supplied
2024-04,SKU008,Convenience Foods,1043,20400,20400,21277200,21277200,0,69789.22,-69789.22,0,SIMULATED/DERIVED,Synthetic variance decomposition; no plant actuals supplied
2024-04,SKU009,Dairy,1070,23230,26017.6,24856100,27838832,2445840.24,81528.01,455363.75,2982732,SIMULATED/DERIVED,Synthetic variance decomposition; no plant actuals supplied
2024-04,SKU010,Beverages,1169,9540,9540,11152260,11152260,0,36579.41,-36579.41,0,SIMULATED/DERIVED,Synthetic variance decomposition; no plant actuals supplied
2024-04,SKU011,Condiments,1120,9245,9245,10354400,10354400,0,33962.43,-33962.43,0,SIMULATED/DERIVED,Synthetic variance decomposition; no plant actuals supplied
2024-04,SKU012,Convenience Foods,1217,11375,11375,13843375,13843375,0,45406.27,-45406.27,0,SIMULATED/DERIVED,Synthetic variance decomposition; no plant actuals supplied
2024-04,SKU013,Dairy,1213,13680,15321.6,16593840,18585101,1632834.02,54427.8,303999.18,1991261,SIMULATED/DERIVED,Synthetic variance decomposition; no plant actuals supplied
2024-04,SKU014,Beverages,1218,16160,16160,19682880,19682880,0,64559.85,-64559.85,0,SIMULATED/DERIVED,Synthetic variance decomposition; no plant actuals supplied
2024-04,SKU015,Condiments,1315,18815,18815,24741725,24741725,0,81152.86,-81152.86,0,SIMULATED/DERIVED,Synthetic variance decomposition; no plant actuals supplied
2024-04,SKU016,Convenience Foods,1282,16770,16770,21499140,21499140,0,70517.18,-70517.18,0,SIMULATED/DERIVED,Synthetic variance decomposition; no plant actuals supplied
2024-04,SKU017,Dairy,707,19338,21658.56,13671966,15312602,1345321.52,44844.05,250470.43,1640636,SIMULATED/DERIVED,Synthetic variance decomposition; no plant actuals supplied
2024-04,SKU018,Beverages,739,22080,22080,16317120,16317120,0,53520.15,-53520.15,0,SIMULATED/DERIVED,Synthetic variance decomposition; no plant actuals supplied
2024-04,SKU019,Condiments,849,9090,9090,7717410,7717410,0,25313.1,-25313.1,0,SIMULATED/DERIVED,Synthetic variance decomposition; no plant actuals supplied
2024-04,SKU020,Convenience Foods,793,11395,11395,9036235,9036235,0,29638.85,-29638.85,0,SIMULATED/DERIVED,Synthetic variance decomposition; no plant actuals supplied
2024-04,SKU021,Dairy,831,10750,12040,8933250,10005240,879031.8,29301.06,163657.14,1071990,SIMULATED/DERIVED,Synthetic variance decomposition; no plant actuals supplied
2024-04,SKU022,Beverages,881,12968,12968,11424808,11424808,0,37473.37,-37473.37,0,SIMULATED/DERIVED,Synthetic variance decomposition; no plant actuals supplied
2024-04,SKU023,Condiments,903,15360,15360,13870080,13870080,0,45493.86,-45493.86,0,SIMULATED/DERIVED,Synthetic variance decomposition; no plant actuals supplied
2024-04,SKU024,Convenience Foods,996,17928,17928,17856288,17856288,0,58568.62,-58568.62,0,SIMULATED/DERIVED,Synthetic variance decomposition; no plant actuals supplied
2024-04,SKU025,Dairy,997,20670,23150.4,20607990,23080948,2027825.56,67594.21,377538.23,2472958,SIMULATED/DERIVED,Synthetic variance decomposition; no plant actuals supplied
2024-04,SKU026,Beverages,988,18275,18275,18055700,18055700,0,59222.7,-59222.7,0,SIMULATED/DERIVED,Synthetic variance decomposition; no plant actuals supplied
2024-04,SKU027,Condiments,1104,20930,20930,23106720,23106720,0,75790.04,-75790.04,0,SIMULATED/DERIVED,Synthetic variance decomposition; no plant actuals supplied
2024-04,SKU028,Convenience Foods,1110,8640,8640,9590400,9590400,0,31456.51,-31456.51,0,SIMULATED/DERIVED,Synthetic variance decomposition; no plant actuals supplied
2024-04,SKU029,Dairy,1136,10858,12160.96,12334688,13814851,1213733.66,40457.78,225971.56,1480163,SIMULATED/DERIVED,Synthetic variance decomposition; no plant actuals supplied
2024-04,SKU030,Beverages,1320,13250,13250,17490000,17490000,0,57367.2,-57367.2,0,SIMULATED/DERIVED,Synthetic variance decomposition; no plant actuals supplied
2024-04,SKU031,Condiments,1283,12255,12255,15723165,15723165,0,51571.98,-51571.98,0,SIMULATED/DERIVED,Synthetic variance decomposition; no plant actuals supplied
2024-04,SKU032,Convenience Foods,1321,14560,14560,19233760,19233760,0,63086.73,-63086.73,0,SIMULATED/DERIVED,Synthetic variance decomposition; no plant actuals supplied
2024-04,SKU033,Dairy,1373,17040,19084.8,23395920,26203431,2302159.02,76738.62,428613.36,2807511,SIMULATED/DERIVED,Synthetic variance decomposition; no plant actuals supplied
2024-04,SKU034,Beverages,729,19695,19695,14357655,14357655,0,47093.11,-47093.11,0,SIMULATED/DERIVED,Synthetic variance decomposition; no plant actuals supplied
2024-04,SKU035,Condiments,745,22525,22525,16781125,16781125,0,55042.09,-55042.09,0,SIMULATED/DERIVED,Synthetic variance decomposition; no plant actuals supplied
2024-04,SKU036,Convenience Foods,737,19780,19780,14577860,14577860,0,47815.38,-47815.38,0,SIMULATED/DERIVED,Synthetic variance decomposition; no plant actuals supplied
2024-05,SKU001,Dairy,614,7740,8668.8,4752360,5322643,467632.06,15587.74,87063.2,570283,SIMULATED/DERIVED,Synthetic variance decomposition; no plant actuals supplied
2024-05,SKU002,Beverages,667,9782,9782,6524594,6524594,0,21400.67,-21400.67,0,SIMULATED/DERIVED,Synthetic variance decomposition; no plant actuals supplied
2024-05,SKU003,Condiments,702,12000,12000,8424000,8424000,0,27630.72,-27630.72,0,SIMULATED/DERIVED,Synthetic variance decomposition; no plant actuals supplied
2024-05,SKU004,Convenience Foods,762,14392,14392,10966704,10966704,0,35970.79,-35970.79,0,SIMULATED/DERIVED,Synthetic variance decomposition; no plant actuals supplied
2024-05,SKU005,Dairy,749,16960,18995.2,12703040,14227405,1249979.3,41665.97,232719.73,1524365,SIMULATED/DERIVED,Synthetic variance decomposition; no plant actuals supplied
2024-05,SKU006,Beverages,906,15265,15265,13830090,13830090,0,45362.7,-45362.7,0,SIMULATED/DERIVED,Synthetic variance decomposition; no plant actuals supplied
2024-05,SKU007,Condiments,892,17745,17745,15828540,15828540,0,51917.61,-51917.61,0,SIMULATED/DERIVED,Synthetic variance decomposition; no plant actuals supplied
2024-05,SKU008,Convenience Foods,917,20400,20400,18706800,18706800,0,61358.3,-61358.3,0,SIMULATED/DERIVED,Synthetic variance decomposition; no plant actuals supplied
2024-05,SKU009,Dairy,927,23230,26017.6,21534210,24118316,2118966.92,70632.21,394506.87,2584106,SIMULATED/DERIVED,Synthetic variance decomposition; no plant actuals supplied
2024-05,SKU010,Beverages,904,9540,9540,8624160,8624160,0,28287.24,-28287.24,0,SIMULATED/DERIVED,Synthetic variance decomposition; no plant actuals supplied
2024-05,SKU011,Condiments,1077,9245,9245,9956865,9956865,0,32658.52,-32658.52,0,SIMULATED/DERIVED,Synthetic variance decomposition; no plant actuals supplied
2024-05,SKU012,Convenience Foods,1124,11375,11375,12785500,12785500,0,41936.44,-41936.44,0,SIMULATED/DERIVED,Synthetic variance decomposition; no plant actuals supplied
2024-05,SKU013,Dairy,1237,13680,15321.6,16922160,18952819,1665140.38,55504.68,310013.94,2030659,SIMULATED/DERIVED,Synthetic variance decomposition; no plant actuals supplied
2024-05,SKU014,Beverages,1155,16160,16160,18664800,18664800,0,61220.54,-61220.54,0,SIMULATED/DERIVED,Synthetic variance decomposition; no plant actuals supplied
2024-05,SKU015,Condiments,1228,18815,18815,23104820,23104820,0,75783.81,-75783.81,0,SIMULATED/DERIVED,Synthetic variance decomposition; no plant actuals supplied
2024-05,SKU016,Convenience Foods,1143,16770,16770,19168110,19168110,0,62871.4,-62871.4,0,SIMULATED/DERIVED,Synthetic variance decomposition; no plant actuals supplied
2024-05,SKU017,Dairy,620,19338,21658.56,11989560,13428308,1179773.36,39325.76,219648.88,1438748,SIMULATED/DERIVED,Synthetic variance decomposition; no plant actuals supplied
2024-05,SKU018,Beverages,642,22080,22080,14175360,14175360,0,46495.18,-46495.18,0,SIMULATED/DERIVED,Synthetic variance decomposition; no plant actuals supplied
2024-05,SKU019,Condiments,746,9090,9090,6781140,6781140,0,22242.14,-22242.14,0,SIMULATED/DERIVED,Synthetic variance decomposition; no plant actuals supplied
2024-05,SKU020,Convenience Foods,696,11395,11395,7930920,7930920,0,26013.42,-26013.42,0,SIMULATED/DERIVED,Synthetic variance decomposition; no plant actuals supplied
2024-05,SKU021,Dairy,701,10750,12040,7535750,8440040,741517.8,24717.26,138054.94,904290,SIMULATED/DERIVED,Synthetic variance decomposition; no plant actuals supplied
2024-05,SKU022,Beverages,807,12968,12968,10465176,10465176,0,34325.78,-34325.78,0,SIMULATED/DERIVED,Synthetic variance decomposition; no plant actuals supplied
2024-05,SKU023,Condiments,892,15360,15360,13701120,13701120,0,44939.67,-44939.67,0,SIMULATED/DERIVED,Synthetic variance decomposition; no plant actuals supplied
2024-05,SKU024,Convenience Foods,807,17928,17928,14467896,14467896,0,47454.7,-47454.7,0,SIMULATED/DERIVED,Synthetic variance decomposition; no plant actuals supplied
2024-05,SKU025,Dairy,984,20670,23150.4,20339280,22779993,2001384.66,66712.84,372615.5,2440713,SIMULATED/DERIVED,Synthetic variance decomposition; no plant actuals supplied
2024-05,SKU026,Beverages,927,18275,18275,16940925,16940925,0,55566.23,-55566.23,0,SIMULATED/DERIVED,Synthetic variance decomposition; no plant actuals supplied
2024-05,SKU027,Condiments,901,20930,20930,18857930,18857930,0,61854.01,-61854.01,0,SIMULATED/DERIVED,Synthetic variance decomposition; no plant actuals supplied
2024-05,SKU028,Convenience Foods,932,8640,8640,8052480,8052480,0,26412.13,-26412.13,0,SIMULATED/DERIVED,Synthetic variance decomposition; no plant actuals supplied
2024-05,SKU029,Dairy,1036,10858,12160.96,11248888,12598755,1106890.94,36896.35,206079.71,1349867,SIMULATED/DERIVED,Synthetic variance decomposition; no plant actuals supplied
2024-05,SKU030,Beverages,1071,13250,13250,14190750,14190750,0,46545.66,-46545.66,0,SIMULATED/DERIVED,Synthetic variance decomposition; no plant actuals supplied
2024-05,SKU031,Condiments,1132,12255,12255,13872660,13872660,0,45502.32,-45502.32,0,SIMULATED/DERIVED,Synthetic variance decomposition; no plant actuals supplied
2024-05,SKU032,Convenience Foods,1176,14560,14560,17122560,17122560,0,56162,-56162,0,SIMULATED/DERIVED,Synthetic variance decomposition; no plant actuals supplied
2024-05,SKU033,Dairy,1147,17040,19084.8,19544880,21890265,1923215.7,64107.21,358062.09,2345385,SIMULATED/DERIVED,Synthetic variance decomposition; no plant actuals supplied
2024-05,SKU034,Beverages,625,19695,19695,12309375,12309375,0,40374.75,-40374.75,0,SIMULATED/DERIVED,Synthetic variance decomposition; no plant actuals supplied
2024-05,SKU035,Condiments,654,22525,22525,14731350,14731350,0,48318.83,-48318.83,0,SIMULATED/DERIVED,Synthetic variance decomposition; no plant actuals supplied
2024-05,SKU036,Convenience Foods,616,19780,19780,12184480,12184480,0,39965.09,-39965.09,0,SIMULATED/DERIVED,Synthetic variance decomposition; no plant actuals supplied
2024-06,SKU001,Dairy,675,7740,8668.8,5224500,5851440,514090.8,51409.08,61440.12,626940,SIMULATED/DERIVED,Synthetic variance decomposition; no plant actuals supplied
2024-06,SKU002,Beverages,681,9782,9782,6661542,6661542,0,65549.57,-65549.57,0,SIMULATED/DERIVED,Synthetic variance decomposition; no plant actuals supplied
2024-06,SKU003,Condiments,778,12000,12000,9336000,9336000,0,91866.24,-91866.24,0,SIMULATED/DERIVED,Synthetic variance decomposition; no plant actuals supplied
2024-06,SKU004,Convenience Foods,752,14392,14392,10822784,10822784,0,106496.19,-106496.19,0,SIMULATED/DERIVED,Synthetic variance decomposition; no plant actuals supplied
2024-06,SKU005,Dairy,831,16960,18995.2,14093760,15785012,1386826.64,138682.6,165742.76,1691252,SIMULATED/DERIVED,Synthetic variance decomposition; no plant actuals supplied
2024-06,SKU006,Beverages,822,15265,15265,12547830,12547830,0,123470.65,-123470.65,0,SIMULATED/DERIVED,Synthetic variance decomposition; no plant actuals supplied
2024-06,SKU007,Condiments,906,17745,17745,16076970,16076970,0,158197.38,-158197.38,0,SIMULATED/DERIVED,Synthetic variance decomposition; no plant actuals supplied
2024-06,SKU008,Convenience Foods,893,20400,20400,18217200,18217200,0,179257.25,-179257.25,0,SIMULATED/DERIVED,Synthetic variance decomposition; no plant actuals supplied
2024-06,SKU009,Dairy,1041,23230,26017.6,24182430,27084322,2379551.44,237955.11,284385.45,2901892,SIMULATED/DERIVED,Synthetic variance decomposition; no plant actuals supplied
2024-06,SKU010,Beverages,1056,9540,9540,10074240,10074240,0,99130.52,-99130.52,0,SIMULATED/DERIVED,Synthetic variance decomposition; no plant actuals supplied
2024-06,SKU011,Condiments,1035,9245,9245,9568575,9568575,0,94154.78,-94154.78,0,SIMULATED/DERIVED,Synthetic variance decomposition; no plant actuals supplied
2024-06,SKU012,Convenience Foods,1116,11375,11375,12694500,12694500,0,124913.88,-124913.88,0,SIMULATED/DERIVED,Synthetic variance decomposition; no plant actuals supplied
2024-06,SKU013,Dairy,1289,13680,15321.6,17633520,19749543,1735138.86,173513.84,207370.3,2116023,SIMULATED/DERIVED,Synthetic variance decomposition; no plant actuals supplied
2024-06,SKU014,Beverages,1133,16160,16160,18309280,18309280,0,180163.32,-180163.32,0,SIMULATED/DERIVED,Synthetic variance decomposition; no plant actuals supplied
2024-06,SKU015,Condiments,1207,18815,18815,22709705,22709705,0,223463.5,-223463.5,0,SIMULATED/DERIVED,Synthetic variance decomposition; no plant actuals supplied
2024-06,SKU016,Convenience Foods,1292,16770,16770,21666840,21666840,0,213201.71,-213201.71,0,SIMULATED/DERIVED,Synthetic variance decomposition; no plant actuals supplied
2024-06,SKU017,Dairy,636,19338,21658.56,12298968,13774843,1210217.5,121021.85,144635.65,1475875,SIMULATED/DERIVED,Synthetic variance decomposition; no plant actuals supplied
2024-06,SKU018,Beverages,692,22080,22080,15279360,15279360,0,150348.9,-150348.9,0,SIMULATED/DERIVED,Synthetic variance decomposition; no plant actuals supplied
2024-06,SKU019,Condiments,670,9090,9090,6090300,6090300,0,59928.55,-59928.55,0,SIMULATED/DERIVED,Synthetic variance decomposition; no plant actuals supplied
2024-06,SKU020,Convenience Foods,718,11395,11395,8181610,8181610,0,80507.04,-80507.04,0,SIMULATED/DERIVED,Synthetic variance decomposition; no plant actuals supplied
2024-06,SKU021,Dairy,783,10750,12040,8417250,9427320,828257.4,82825.74,98986.86,1010070,SIMULATED/DERIVED,Synthetic variance decomposition; no plant actuals supplied
2024-06,SKU022,Beverages,879,12968,12968,11398872,11398872,0,112164.9,-112164.9,0,SIMULATED/DERIVED,Synthetic variance decomposition; no plant actuals supplied
2024-06,SKU023,Condiments,899,15360,15360,13808640,13808640,0,135877.02,-135877.02,0,SIMULATED/DERIVED,Synthetic variance decomposition; no plant actuals supplied
2024-06,SKU024,Convenience Foods,876,17928,17928,15704928,15704928,0,154536.49,-154536.49,0,SIMULATED/DERIVED,Synthetic variance decomposition; no plant actuals supplied
2024-06,SKU025,Dairy,977,20670,23150.4,20194590,22617940,1987147,198714.77,237488.23,2423350,SIMULATED/DERIVED,Synthetic variance decomposition; no plant actuals supplied
2024-06,SKU026,Beverages,953,18275,18275,17416075,17416075,0,171374.18,-171374.18,0,SIMULATED/DERIVED,Synthetic variance decomposition; no plant actuals supplied
2024-06,SKU027,Condiments,947,20930,20930,19820710,19820710,0,195035.79,-195035.79,0,SIMULATED/DERIVED,Synthetic variance decomposition; no plant actuals supplied
2024-06,SKU028,Convenience Foods,1094,8640,8640,9452160,9452160,0,93009.25,-93009.25,0,SIMULATED/DERIVED,Synthetic variance decomposition; no plant actuals supplied
2024-06,SKU029,Dairy,1083,10858,12160.96,11759214,13170319,1157106.1,115710.67,138288.23,1411105,SIMULATED/DERIVED,Synthetic variance decomposition; no plant actuals supplied
2024-06,SKU030,Beverages,1239,13250,13250,16416750,16416750,0,161540.82,-161540.82,0,SIMULATED/DERIVED,Synthetic variance decomposition; no plant actuals supplied
2024-06,SKU031,Condiments,1230,12255,12255,15073650,15073650,0,148324.72,-148324.72,0,SIMULATED/DERIVED,Synthetic variance decomposition; no plant actuals supplied
2024-06,SKU032,Convenience Foods,1229,14560,14560,17894240,17894240,0,176079.32,-176079.32,0,SIMULATED/DERIVED,Synthetic variance decomposition; no plant actuals supplied
2024-06,SKU033,Dairy,1360,17040,19084.8,23174400,25955328,2280360.96,228036.1,272530.94,2780928,SIMULATED/DERIVED,Synthetic variance decomposition; no plant actuals supplied
2024-06,SKU034,Beverages,565,19695,19695,11127675,11127675,0,109496.32,-109496.32,0,SIMULATED/DERIVED,Synthetic variance decomposition; no plant actuals supplied
2024-06,SKU035,Condiments,624,22525,22525,14055600,14055600,0,138307.1,-138307.1,0,SIMULATED/DERIVED,Synthetic variance decomposition; no plant actuals supplied
2024-06,SKU036,Convenience Foods,707,19780,19780,13984460,13984460,0,137607.09,-137607.09,0,SIMULATED/DERIVED,Synthetic variance decomposition; no plant actuals supplied
2024-07,SKU001,Dairy,630,7740,8668.8,4876200,5461344,479818.08,15993.94,89331.98,585144,SIMULATED/DERIVED,Synthetic variance decomposition; no plant actuals supplied
2024-07,SKU002,Beverages,665,9782,9782,6505030,6505030,0,21336.5,-21336.5,0,SIMULATED/DERIVED,Synthetic variance decomposition; no plant actuals supplied
2024-07,SKU003,Condiments,810,12000,12000,9720000,9720000,0,31881.6,-31881.6,0,SIMULATED/DERIVED,Synthetic variance decomposition; no plant actuals supplied
2024-07,SKU004,Convenience Foods,784,14392,14392,11283328,11283328,0,37009.32,-37009.32,0,SIMULATED/DERIVED,Synthetic variance decomposition; no plant actuals supplied
2024-07,SKU005,Dairy,841,16960,18995.2,14263360,15974964,1403515.28,46783.82,261304.9,1711604,SIMULATED/DERIVED,Synthetic variance decomposition; no plant actuals supplied
2024-07,SKU006,Beverages,884,15265,15265,13494260,13494260,0,44261.17,-44261.17,0,SIMULATED/DERIVED,Synthetic variance decomposition; no plant actuals supplied
2024-07,SKU007,Condiments,902,17745,17745,16005990,16005990,0,52499.65,-52499.65,0,SIMULATED/DERIVED,Synthetic variance decomposition; no plant actuals supplied
2024-07,SKU008,Convenience Foods,1006,20400,20400,20522400,20522400,0,67313.47,-67313.47,0,SIMULATED/DERIVED,Synthetic variance decomposition; no plant actuals supplied
2024-07,SKU009,Dairy,976,23230,26017.6,22672480,25393178,2230972.36,74365.73,415359.91,2720698,SIMULATED/DERIVED,Synthetic variance decomposition; no plant actuals supplied
2024-07,SKU010,Beverages,1077,9540,9540,10274580,10274580,0,33700.62,-33700.62,0,SIMULATED/DERIVED,Synthetic variance decomposition; no plant actuals supplied
2024-07,SKU011,Condiments,1048,9245,9245,9688760,9688760,0,31779.13,-31779.13,0,SIMULATED/DERIVED,Synthetic variance decomposition; no plant actuals supplied
2024-07,SKU012,Convenience Foods,1197,11375,11375,13615875,13615875,0,44660.07,-44660.07,0,SIMULATED/DERIVED,Synthetic variance decomposition; no plant actuals supplied
2024-07,SKU013,Dairy,1082,13680,15321.6,14801760,16577971,1456493.02,48549.77,271168.21,1776211,SIMULATED/DERIVED,Synthetic variance decomposition; no plant actuals supplied
2024-07,SKU014,Beverages,1195,16160,16160,19311200,19311200,0,63340.74,-63340.74,0,SIMULATED/DERIVED,Synthetic variance decomposition; no plant actuals supplied
2024-07,SKU015,Condiments,1242,18815,18815,23368230,23368230,0,76647.79,-76647.79,0,SIMULATED/DERIVED,Synthetic variance decomposition; no plant actuals supplied
2024-07,SKU016,Convenience Foods,1328,16770,16770,22270560,22270560,0,73047.44,-73047.44,0,SIMULATED/DERIVED,Synthetic variance decomposition; no plant actuals supplied
2024-07,SKU017,Dairy,652,19338,21658.56,12608376,14121381,1240664.1,41355.47,230985.43,1513005,SIMULATED/DERIVED,Synthetic variance decomposition; no plant actuals supplied
2024-07,SKU018,Beverages,678,22080,22080,14970240,14970240,0,49102.39,-49102.39,0,SIMULATED/DERIVED,Synthetic variance decomposition; no plant actuals supplied
2024-07,SKU019,Condiments,691,9090,9090,6281190,6281190,0,20602.3,-20602.3,0,SIMULATED/DERIVED,Synthetic variance decomposition; no plant actuals supplied
2024-07,SKU020,Convenience Foods,706,11395,11395,8044870,8044870,0,26387.17,-26387.17,0,SIMULATED/DERIVED,Synthetic variance decomposition; no plant actuals supplied
2024-07,SKU021,Dairy,784,10750,12040,8428000,9439360,829315.2,27643.84,154400.96,1011360,SIMULATED/DERIVED,Synthetic variance decomposition; no plant actuals supplied
2024-07,SKU022,Beverages,877,12968,12968,11372936,11372936,0,37303.23,-37303.23,0,SIMULATED/DERIVED,Synthetic variance decomposition; no plant actuals supplied
2024-07,SKU023,Condiments,928,15360,15360,14254080,14254080,0,46753.38,-46753.38,0,SIMULATED/DERIVED,Synthetic variance decomposition; no plant actuals supplied
2024-07,SKU024,Convenience Foods,924,17928,17928,16565472,16565472,0,54334.75,-54334.75,0,SIMULATED/DERIVED,Synthetic variance decomposition; no plant actuals supplied
2024-07,SKU025,Dairy,951,20670,23150.4,19657170,22016031,1934266.02,64475.52,360119.46,2358861,SIMULATED/DERIVED,Synthetic variance decomposition; no plant actuals supplied
2024-07,SKU026,Beverages,1022,18275,18275,18677050,18677050,0,61260.72,-61260.72,0,SIMULATED/DERIVED,Synthetic variance decomposition; no plant actuals supplied
2024-07,SKU027,Condiments,1045,20930,20930,21871850,21871850,0,71739.67,-71739.67,0,SIMULATED/DERIVED,Synthetic variance decomposition; no plant actuals supplied
2024-07,SKU028,Convenience Foods,1041,8640,8640,8994240,8994240,0,29501.11,-29501.11,0,SIMULATED/DERIVED,Synthetic variance decomposition; no plant actuals supplied
2024-07,SKU029,Dairy,1128,10858,12160.96,12247824,13717563,1205185.98,40172.86,224380.16,1469739,SIMULATED/DERIVED,Synthetic variance decomposition; no plant actuals supplied
2024-07,SKU030,Beverages,1081,13250,13250,14323250,14323250,0,46980.26,-46980.26,0,SIMULATED/DERIVED,Synthetic variance decomposition; no plant actuals supplied
2024-07,SKU031,Condiments,1155,12255,12255,14154525,14154525,0,46426.84,-46426.84,0,SIMULATED/DERIVED,Synthetic variance decomposition; no plant actuals supplied
2024-07,SKU032,Convenience Foods,1320,14560,14560,19219200,19219200,0,63038.98,-63038.98,0,SIMULATED/DERIVED,Synthetic variance decomposition; no plant actuals supplied
2024-07,SKU033,Dairy,1317,17040,19084.8,22441680,25134682,2208261.64,73608.71,411131.65,2693002,SIMULATED/DERIVED,Synthetic variance decomposition; no plant actuals supplied
2024-07,SKU034,Beverages,653,19695,19695,12860835,12860835,0,42183.54,-42183.54,0,SIMULATED/DERIVED,Synthetic variance decomposition; no plant actuals supplied
2024-07,SKU035,Condiments,690,22525,22525,15542250,15542250,0,50978.58,-50978.58,0,SIMULATED/DERIVED,Synthetic variance decomposition; no plant actuals supplied
2024-07,SKU036,Convenience Foods,690,19780,19780,13648200,13648200,0,44766.1,-44766.1,0,SIMULATED/DERIVED,Synthetic variance decomposition; no plant actuals supplied
2024-08,SKU001,Dairy,733,7740,8668.8,5673420,6354230,558264.2,18608.82,103936.98,680810,SIMULATED/DERIVED,Synthetic variance decomposition; no plant actuals supplied
2024-08,SKU002,Beverages,805,9782,9782,7874510,7874510,0,25828.39,-25828.39,0,SIMULATED/DERIVED,Synthetic variance decomposition; no plant actuals supplied
2024-08,SKU003,Condiments,913,12000,12000,10956000,10956000,0,35935.68,-35935.68,0,SIMULATED/DERIVED,Synthetic variance decomposition; no plant actuals supplied
2024-08,SKU004,Convenience Foods,804,14392,14392,11571168,11571168,0,37953.43,-37953.43,0,SIMULATED/DERIVED,Synthetic variance decomposition; no plant actuals supplied
2024-08,SKU005,Dairy,891,16960,18995.2,15111360,16924723,1486957.66,49565.26,276840.08,1813363,SIMULATED/DERIVED,Synthetic variance decomposition; no plant actuals supplied
2024-08,SKU006,Beverages,870,15265,15265,13280550,13280550,0,43560.2,-43560.2,0,SIMULATED/DERIVED,Synthetic variance decomposition; no plant actuals supplied
2024-08,SKU007,Condiments,1014,17745,17745,17993430,17993430,0,59018.45,-59018.45,0,SIMULATED/DERIVED,Synthetic variance decomposition; no plant actuals supplied
2024-08,SKU008,Convenience Foods,1035,20400,20400,21114000,21114000,0,69253.92,-69253.92,0,SIMULATED/DERIVED,Synthetic variance decomposition; no plant actuals supplied
2024-08,SKU009,Dairy,969,23230,26017.6,22509870,25211055,2214971.7,73832.37,412380.93,2701185,SIMULATED/DERIVED,Synthetic variance decomposition; no plant actuals supplied
2024-08,SKU010,Beverages,954,9540,9540,9101160,9101160,0,29851.8,-29851.8,0,SIMULATED/DERIVED,Synthetic variance decomposition; no plant actuals supplied
2024-08,SKU011,Condiments,1156,9245,9245,10687220,10687220,0,35054.08,-35054.08,0,SIMULATED/DERIVED,Synthetic variance decomposition; no plant actuals supplied
2024-08,SKU012,Convenience Foods,1238,11375,11375,14082250,14082250,0,46189.78,-46189.78,0,SIMULATED/DERIVED,Synthetic variance decomposition; no plant actuals supplied
2024-08,SKU013,Dairy,1144,13680,15321.6,15649920,17527909,1539950.98,51331.74,286706.28,1877989,SIMULATED/DERIVED,Synthetic variance decomposition; no plant actuals supplied
2024-08,SKU014,Beverages,1350,16160,16160,21816000,21816000,0,71556.48,-71556.48,0,SIMULATED/DERIVED,Synthetic variance decomposition; no plant actuals supplied
2024-08,SKU015,Condiments,1387,18815,18815,26096405,26096405,0,85596.21,-85596.21,0,SIMULATED/DERIVED,Synthetic variance decomposition; no plant actuals supplied
2024-08,SKU016,Convenience Foods,1288,16770,16770,21599760,21599760,0,70847.21,-70847.21,0,SIMULATED/DERIVED,Synthetic variance decomposition; no plant actuals supplied
2024-08,SKU017,Dairy,612,19338,21658.56,11834856,13255038,1164549.24,38818.33,216814.43,1420182,SIMULATED/DERIVED,Synthetic variance decomposition; no plant actuals supplied
2024-08,SKU018,Beverages,711,22080,22080,15698880,15698880,0,51492.33,-51492.33,0,SIMULATED/DERIVED,Synthetic variance decomposition; no plant actuals supplied
2024-08,SKU019,Condiments,804,9090,9090,7308360,7308360,0,23971.42,-23971.42,0,SIMULATED/DERIVED,Synthetic variance decomposition; no plant actuals supplied
2024-08,SKU020,Convenience Foods,788,11395,11395,8979260,8979260,0,29451.97,-29451.97,0,SIMULATED/DERIVED,Synthetic variance decomposition; no plant actuals supplied
2024-08,SKU021,Dairy,813,10750,12040,8739750,9788520,859991.4,28666.38,160112.22,1048770,SIMULATED/DERIVED,Synthetic variance decomposition; no plant actuals supplied
2024-08,SKU022,Beverages,766,12968,12968,9933488,9933488,0,32581.84,-32581.84,0,SIMULATED/DERIVED,Synthetic variance decomposition; no plant actuals supplied
2024-08,SKU023,Condiments,895,15360,15360,13747200,13747200,0,45090.82,-45090.82,0,SIMULATED/DERIVED,Synthetic variance decomposition; no plant actuals supplied
2024-08,SKU024,Convenience Foods,915,17928,17928,16404120,16404120,0,53805.51,-53805.51,0,SIMULATED/DERIVED,Synthetic variance decomposition; no plant actuals supplied
2024-08,SKU025,Dairy,1116,20670,23150.4,23067720,25835847,2269864.14,75662.12,422600.74,2768127,SIMULATED/DERIVED,Synthetic variance decomposition; no plant actuals supplied
2024-08,SKU026,Beverages,1144,18275,18275,20906600,20906600,0,68573.65,-68573.65,0,SIMULATED/DERIVED,Synthetic variance decomposition; no plant actuals supplied
2024-08,SKU027,Condiments,1047,20930,20930,21913710,21913710,0,71876.97,-71876.97,0,SIMULATED/DERIVED,Synthetic variance decomposition; no plant actuals supplied
2024-08,SKU028,Convenience Foods,1124,8640,8640,9711360,9711360,0,31853.26,-31853.26,0,SIMULATED/DERIVED,Synthetic variance decomposition; no plant actuals supplied
2024-08,SKU029,Dairy,1138,10858,12160.96,12356404,13839173,1215870.58,40529.01,226369.41,1482769,SIMULATED/DERIVED,Synthetic variance decomposition; no plant actuals supplied
2024-08,SKU030,Beverages,1209,13250,13250,16019250,16019250,0,52543.14,-52543.14,0,SIMULATED/DERIVED,Synthetic variance decomposition; no plant actuals supplied
2024-08,SKU031,Condiments,1256,12255,12255,15392280,15392280,0,50486.68,-50486.68,0,SIMULATED/DERIVED,Synthetic variance decomposition; no plant actuals supplied
2024-08,SKU032,Convenience Foods,1225,14560,14560,17836000,17836000,0,58502.08,-58502.08,0,SIMULATED/DERIVED,Synthetic variance decomposition; no plant actuals supplied
2024-08,SKU033,Dairy,1340,17040,19084.8,22833600,25573632,2246826.24,74894.21,418311.55,2740032,SIMULATED/DERIVED,Synthetic variance decomposition; no plant actuals supplied
2024-08,SKU034,Beverages,628,19695,19695,12368460,12368460,0,40568.55,-40568.55,0,SIMULATED/DERIVED,Synthetic variance decomposition; no plant actuals supplied
2024-08,SKU035,Condiments,777,22525,22525,17501925,17501925,0,57406.31,-57406.31,0,SIMULATED/DERIVED,Synthetic variance decomposition; no plant actuals supplied
2024-08,SKU036,Convenience Foods,781,19780,19780,15448180,15448180,0,50670.03,-50670.03,0,SIMULATED/DERIVED,Synthetic variance decomposition; no plant actuals supplied
2024-09,SKU001,Dairy,802,7740,8668.8,6207480,6952378,610816.36,20360.53,113721.11,744898,SIMULATED/DERIVED,Synthetic variance decomposition; no plant actuals supplied
2024-09,SKU002,Beverages,734,9782,9782,7179988,7179988,0,23550.36,-23550.36,0,SIMULATED/DERIVED,Synthetic variance decomposition; no plant actuals supplied
2024-09,SKU003,Condiments,826,12000,12000,9912000,9912000,0,32511.36,-32511.36,0,SIMULATED/DERIVED,Synthetic variance decomposition; no plant actuals supplied
2024-09,SKU004,Convenience Foods,887,14392,14392,12765704,12765704,0,41871.51,-41871.51,0,SIMULATED/DERIVED,Synthetic variance decomposition; no plant actuals supplied
2024-09,SKU005,Dairy,860,16960,18995.2,14585600,16335873,1435223.86,47840.77,267208.37,1750273,SIMULATED/DERIVED,Synthetic variance decomposition; no plant actuals supplied
2024-09,SKU006,Beverages,928,15265,15265,14165920,14165920,0,46464.22,-46464.22,0,SIMULATED/DERIVED,Synthetic variance decomposition; no plant actuals supplied
2024-09,SKU007,Condiments,1046,17745,17745,18561270,18561270,0,60880.97,-60880.97,0,SIMULATED/DERIVED,Synthetic variance decomposition; no plant actuals supplied
2024-09,SKU008,Convenience Foods,925,20400,20400,18870000,18870000,0,61893.6,-61893.6,0,SIMULATED/DERIVED,Synthetic variance decomposition; no plant actuals supplied
2024-09,SKU009,Dairy,976,23230,26017.6,22672480,25393177,2230971.54,74365.73,415359.73,2720697,SIMULATED/DERIVED,Synthetic variance decomposition; no plant actuals supplied
2024-09,SKU010,Beverages,1092,9540,9540,10417680,10417680,0,34169.99,-34169.99,0,SIMULATED/DERIVED,Synthetic variance decomposition; no plant actuals supplied
2024-09,SKU011,Condiments,1086,9245,9245,10040070,10040070,0,32931.43,-32931.43,0,SIMULATED/DERIVED,Synthetic variance decomposition; no plant actuals supplied
2024-09,SKU012,Convenience Foods,1201,11375,11375,13661375,13661375,0,44809.31,-44809.31,0,SIMULATED/DERIVED,Synthetic variance decomposition; no plant actuals supplied
2024-09,SKU013,Dairy,1355,13680,15321.6,18536400,20760767,1823980.94,60799.39,339586.67,2224367,SIMULATED/DERIVED,Synthetic variance decomposition; no plant actuals supplied
2024-09,SKU014,Beverages,1266,16160,16160,20458560,20458560,0,67104.08,-67104.08,0,SIMULATED/DERIVED,Synthetic variance decomposition; no plant actuals supplied
2024-09,SKU015,Condiments,1271,18815,18815,23913865,23913865,0,78437.48,-78437.48,0,SIMULATED/DERIVED,Synthetic variance decomposition; no plant actuals supplied
2024-09,SKU016,Convenience Foods,1259,16770,16770,21113430,21113430,0,69252.05,-69252.05,0,SIMULATED/DERIVED,Synthetic variance decomposition; no plant actuals supplied
2024-09,SKU017,Dairy,772,19338,21658.56,14928936,16720408,1469007.04,48966.91,273498.05,1791472,SIMULATED/DERIVED,Synthetic variance decomposition; no plant actuals supplied
2024-09,SKU018,Beverages,722,22080,22080,15941760,15941760,0,52288.97,-52288.97,0,SIMULATED/DERIVED,Synthetic variance decomposition; no plant actuals supplied
2024-09,SKU019,Condiments,807,9090,9090,7335630,7335630,0,24060.87,-24060.87,0,SIMULATED/DERIVED,Synthetic variance decomposition; no plant actuals supplied
2024-09,SKU020,Convenience Foods,873,11395,11395,9947835,9947835,0,32628.9,-32628.9,0,SIMULATED/DERIVED,Synthetic variance decomposition; no plant actuals supplied
2024-09,SKU021,Dairy,860,10750,12040,9245000,10354400,909708,30323.6,169368.4,1109400,SIMULATED/DERIVED,Synthetic variance decomposition; no plant actuals supplied
2024-09,SKU022,Beverages,854,12968,12968,11074672,11074672,0,36324.92,-36324.92,0,SIMULATED/DERIVED,Synthetic variance decomposition; no plant actuals supplied
2024-09,SKU023,Condiments,934,15360,15360,14346240,14346240,0,47055.67,-47055.67,0,SIMULATED/DERIVED,Synthetic variance decomposition; no plant actuals supplied
2024-09,SKU024,Convenience Foods,968,17928,17928,17354304,17354304,0,56922.12,-56922.12,0,SIMULATED/DERIVED,Synthetic variance decomposition; no plant actuals supplied
2024-09,SKU025,Dairy,1151,20670,23150.4,23791170,26646110,2341050.8,78035.04,435854.16,2854940,SIMULATED/DERIVED,Synthetic variance decomposition; no plant actuals supplied
2024-09,SKU026,Beverages,1079,18275,18275,19718725,19718725,0,64677.42,-64677.42,0,SIMULATED/DERIVED,Synthetic variance decomposition; no plant actuals supplied
2024-09,SKU027,Condiments,1013,20930,20930,21202090,21202090,0,69542.86,-69542.86,0,SIMULATED/DERIVED,Synthetic variance decomposition; no plant actuals supplied
2024-09,SKU028,Convenience Foods,1119,8640,8640,9668160,9668160,0,31711.56,-31711.56,0,SIMULATED/DERIVED,Synthetic variance decomposition; no plant actuals supplied
2024-09,SKU029,Dairy,1254,10858,12160.96,13615932,15249844,1339807.84,44660.26,249443.9,1633912,SIMULATED/DERIVED,Synthetic variance decomposition; no plant actuals supplied
2024-09,SKU030,Beverages,1264,13250,13250,16748000,16748000,0,54933.44,-54933.44,0,SIMULATED/DERIVED,Synthetic variance decomposition; no plant actuals supplied
2024-09,SKU031,Condiments,1339,12255,12255,16409445,16409445,0,53822.98,-53822.98,0,SIMULATED/DERIVED,Synthetic variance decomposition; no plant actuals supplied
2024-09,SKU032,Convenience Foods,1451,14560,14560,21126560,21126560,0,69295.12,-69295.12,0,SIMULATED/DERIVED,Synthetic variance decomposition; no plant actuals supplied
2024-09,SKU033,Dairy,1531,17040,19084.8,26088240,29218828,2567082.16,85569.43,477936.41,3130588,SIMULATED/DERIVED,Synthetic variance decomposition; no plant actuals supplied
2024-09,SKU034,Beverages,691,19695,19695,13609245,13609245,0,44638.32,-44638.32,0,SIMULATED/DERIVED,Synthetic variance decomposition; no plant actuals supplied
2024-09,SKU035,Condiments,748,22525,22525,16848700,16848700,0,55263.74,-55263.74,0,SIMULATED/DERIVED,Synthetic variance decomposition; no plant actuals supplied
2024-09,SKU036,Convenience Foods,724,19780,19780,14320720,14320720,0,46971.96,-46971.96,0,SIMULATED/DERIVED,Synthetic variance decomposition; no plant actuals supplied
2024-10,SKU001,Dairy,623,7740,8668.8,4822020,5400662,474486.44,15816.23,88339.33,578642,SIMULATED/DERIVED,Synthetic variance decomposition; no plant actuals supplied
2024-10,SKU002,Beverages,677,9782,9782,6622414,6622414,0,21721.52,-21721.52,0,SIMULATED/DERIVED,Synthetic variance decomposition; no plant actuals supplied
2024-10,SKU003,Condiments,701,12000,12000,8412000,8412000,0,27591.36,-27591.36,0,SIMULATED/DERIVED,Synthetic variance decomposition; no plant actuals supplied
2024-10,SKU004,Convenience Foods,782,14392,14392,11254544,11254544,0,36914.9,-36914.9,0,SIMULATED/DERIVED,Synthetic variance decomposition; no plant actuals supplied
2024-10,SKU005,Dairy,728,16960,18995.2,12346880,13828505,1214932.5,40497.77,226194.73,1481625,SIMULATED/DERIVED,Synthetic variance decomposition; no plant actuals supplied
2024-10,SKU006,Beverages,801,15265,15265,12227265,12227265,0,40105.43,-40105.43,0,SIMULATED/DERIVED,Synthetic variance decomposition; no plant actuals supplied
2024-10,SKU007,Condiments,857,17745,17745,15207465,15207465,0,49880.49,-49880.49,0,SIMULATED/DERIVED,Synthetic variance decomposition; no plant actuals supplied
2024-10,SKU008,Convenience Foods,836,20400,20400,17054400,17054400,0,55938.43,-55938.43,0,SIMULATED/DERIVED,Synthetic variance decomposition; no plant actuals supplied
2024-10,SKU009,Dairy,995,23230,26017.6,23113850,25887511,2274402.02,75813.43,423445.55,2773661,SIMULATED/DERIVED,Synthetic variance decomposition; no plant actuals supplied
2024-10,SKU010,Beverages,1063,9540,9540,10141020,10141020,0,33262.55,-33262.55,0,SIMULATED/DERIVED,Synthetic variance decomposition; no plant actuals supplied
2024-10,SKU011,Condiments,990,9245,9245,9152550,9152550,0,30020.36,-30020.36,0,SIMULATED/DERIVED,Synthetic variance decomposition; no plant actuals supplied
2024-10,SKU012,Convenience Foods,1007,11375,11375,11454625,11454625,0,37571.17,-37571.17,0,SIMULATED/DERIVED,Synthetic variance decomposition; no plant actuals supplied
2024-10,SKU013,Dairy,1067,13680,15321.6,14596560,16348148,1436302.16,47876.72,267409.12,1751588,SIMULATED/DERIVED,Synthetic variance decomposition; no plant actuals supplied
2024-10,SKU014,Beverages,1101,16160,16160,17792160,17792160,0,58358.28,-58358.28,0,SIMULATED/DERIVED,Synthetic variance decomposition; no plant actuals supplied
2024-10,SKU015,Condiments,1183,18815,18815,22258145,22258145,0,73006.72,-73006.72,0,SIMULATED/DERIVED,Synthetic variance decomposition; no plant actuals supplied
2024-10,SKU016,Convenience Foods,1256,16770,16770,21063120,21063120,0,69087.03,-69087.03,0,SIMULATED/DERIVED,Synthetic variance decomposition; no plant actuals supplied
2024-10,SKU017,Dairy,653,19338,21658.56,12627714,14143040,1242567.32,41418.9,231339.78,1515326,SIMULATED/DERIVED,Synthetic variance decomposition; no plant actuals supplied
2024-10,SKU018,Beverages,702,22080,22080,15500160,15500160,0,50840.52,-50840.52,0,SIMULATED/DERIVED,Synthetic variance decomposition; no plant actuals supplied
2024-10,SKU019,Condiments,704,9090,9090,6399360,6399360,0,20989.9,-20989.9,0,SIMULATED/DERIVED,Synthetic variance decomposition; no plant actuals supplied
2024-10,SKU020,Convenience Foods,771,11395,11395,8785545,8785545,0,28816.59,-28816.59,0,SIMULATED/DERIVED,Synthetic variance decomposition; no plant actuals supplied
2024-10,SKU021,Dairy,752,10750,12040,8084000,9054080,795465.6,26515.52,148098.88,970080,SIMULATED/DERIVED,Synthetic variance decomposition; no plant actuals supplied
2024-10,SKU022,Beverages,704,12968,12968,9129472,9129472,0,29944.67,-29944.67,0,SIMULATED/DERIVED,Synthetic variance decomposition; no plant actuals supplied
2024-10,SKU023,Condiments,852,15360,15360,13086720,13086720,0,42924.44,-42924.44,0,SIMULATED/DERIVED,Synthetic variance decomposition; no plant actuals supplied
2024-10,SKU024,Convenience Foods,957,17928,17928,17157096,17157096,0,56275.27,-56275.27,0,SIMULATED/DERIVED,Synthetic variance decomposition; no plant actuals supplied
2024-10,SKU025,Dairy,902,20670,23150.4,18644340,20881661,1834603.22,61153.44,341564.34,2237321,SIMULATED/DERIVED,Synthetic variance decomposition; no plant actuals supplied
2024-10,SKU026,Beverages,977,18275,18275,17854675,17854675,0,58563.33,-58563.33,0,SIMULATED/DERIVED,Synthetic variance decomposition; no plant actuals supplied
2024-10,SKU027,Condiments,993,20930,20930,20783490,20783490,0,68169.85,-68169.85,0,SIMULATED/DERIVED,Synthetic variance decomposition; no plant actuals supplied
2024-10,SKU028,Convenience Foods,1012,8640,8640,8743680,8743680,0,28679.27,-28679.27,0,SIMULATED/DERIVED,Synthetic variance decomposition; no plant actuals supplied
2024-10,SKU029,Dairy,1093,10858,12160.96,11867794,13291930,1167791.52,38926.36,217418.12,1424136,SIMULATED/DERIVED,Synthetic variance decomposition; no plant actuals supplied
2024-10,SKU030,Beverages,1083,13250,13250,14349750,14349750,0,47067.18,-47067.18,0,SIMULATED/DERIVED,Synthetic variance decomposition; no plant actuals supplied
2024-10,SKU031,Condiments,1301,12255,12255,15943755,15943755,0,52295.52,-52295.52,0,SIMULATED/DERIVED,Synthetic variance decomposition; no plant actuals supplied
2024-10,SKU032,Convenience Foods,1154,14560,14560,16802240,16802240,0,55111.35,-55111.35,0,SIMULATED/DERIVED,Synthetic variance decomposition; no plant actuals supplied
2024-10,SKU033,Dairy,1222,17040,19084.8,20822880,23321625,2048970.9,68299.05,381475.05,2498745,SIMULATED/DERIVED,Synthetic variance decomposition; no plant actuals supplied
2024-10,SKU034,Beverages,585,19695,19695,11521575,11521575,0,37790.77,-37790.77,0,SIMULATED/DERIVED,Synthetic variance decomposition; no plant actuals supplied
2024-10,SKU035,Condiments,619,22525,22525,13942975,13942975,0,45732.96,-45732.96,0,SIMULATED/DERIVED,Synthetic variance decomposition; no plant actuals supplied
2024-10,SKU036,Convenience Foods,720,19780,19780,14241600,14241600,0,46712.45,-46712.45,0,SIMULATED/DERIVED,Synthetic variance decomposition; no plant actuals supplied
2024-11,SKU001,Dairy,736,7740,8668.8,5696640,6380237,560549.54,18684.98,104362.48,683597,SIMULATED/DERIVED,Synthetic variance decomposition; no plant actuals supplied
2024-11,SKU002,Beverages,791,9782,9782,7737562,7737562,0,25379.2,-25379.2,0,SIMULATED/DERIVED,Synthetic variance decomposition; no plant actuals supplied
2024-11,SKU003,Condiments,836,12000,12000,10032000,10032000,0,32904.96,-32904.96,0,SIMULATED/DERIVED,Synthetic variance decomposition; no plant actuals supplied
2024-11,SKU004,Convenience Foods,926,14392,14392,13326992,13326992,0,43712.53,-43712.53,0,SIMULATED/DERIVED,Synthetic variance decomposition; no plant actuals supplied
2024-11,SKU005,Dairy,889,16960,18995.2,15077440,16886732,1483619.44,49454,276218.56,1809292,SIMULATED/DERIVED,Synthetic variance decomposition; no plant actuals supplied
2024-11,SKU006,Beverages,1016,15265,15265,15509240,15509240,0,50870.31,-50870.31,0,SIMULATED/DERIVED,Synthetic variance decomposition; no plant actuals supplied
2024-11,SKU007,Condiments,1003,17745,17745,17798235,17798235,0,58378.21,-58378.21,0,SIMULATED/DERIVED,Synthetic variance decomposition; no plant actuals supplied
2024-11,SKU008,Convenience Foods,1073,20400,20400,21889200,21889200,0,71796.58,-71796.58,0,SIMULATED/DERIVED,Synthetic variance decomposition; no plant actuals supplied
2024-11,SKU009,Dairy,995,23230,26017.6,23113850,25887512,2274402.84,75813.43,423445.73,2773662,SIMULATED/DERIVED,Synthetic variance decomposition; no plant actuals supplied
2024-11,SKU010,Beverages,1208,9540,9540,11524320,11524320,0,37799.77,-37799.77,0,SIMULATED/DERIVED,Synthetic variance decomposition; no plant actuals supplied
2024-11,SKU011,Condiments,1120,9245,9245,10354400,10354400,0,33962.43,-33962.43,0,SIMULATED/DERIVED,Synthetic variance decomposition; no plant actuals supplied
2024-11,SKU012,Convenience Foods,1288,11375,11375,14651000,14651000,0,48055.28,-48055.28,0,SIMULATED/DERIVED,Synthetic variance decomposition; no plant actuals supplied
2024-11,SKU013,Dairy,1448,13680,15321.6,19808640,22185677,1949170.34,64972.34,362894.32,2377037,SIMULATED/DERIVED,Synthetic variance decomposition; no plant actuals supplied
2024-11,SKU014,Beverages,1315,16160,16160,21250400,21250400,0,69701.31,-69701.31,0,SIMULATED/DERIVED,Synthetic variance decomposition; no plant actuals supplied
2024-11,SKU015,Condiments,1433,18815,18815,26961895,26961895,0,88435.02,-88435.02,0,SIMULATED/DERIVED,Synthetic variance decomposition; no plant actuals supplied
2024-11,SKU016,Convenience Foods,1499,16770,16770,25138230,25138230,0,82453.39,-82453.39,0,SIMULATED/DERIVED,Synthetic variance decomposition; no plant actuals supplied
2024-11,SKU017,Dairy,663,19338,21658.56,12821094,14359625,1261595.42,42053.19,234882.39,1538531,SIMULATED/DERIVED,Synthetic variance decomposition; no plant actuals supplied
2024-11,SKU018,Beverages,827,22080,22080,18260160,18260160,0,59893.32,-59893.32,0,SIMULATED/DERIVED,Synthetic variance decomposition; no plant actuals supplied
2024-11,SKU019,Condiments,792,9090,9090,7199280,7199280,0,23613.64,-23613.64,0,SIMULATED/DERIVED,Synthetic variance decomposition; no plant actuals supplied
2024-11,SKU020,Convenience Foods,924,11395,11395,10528980,10528980,0,34535.05,-34535.05,0,SIMULATED/DERIVED,Synthetic variance decomposition; no plant actuals supplied
2024-11,SKU021,Dairy,816,10750,12040,8772000,9824640,863164.8,28772.16,160703.04,1052640,SIMULATED/DERIVED,Synthetic variance decomposition; no plant actuals supplied
2024-11,SKU022,Beverages,889,12968,12968,11528552,11528552,0,37813.65,-37813.65,0,SIMULATED/DERIVED,Synthetic variance decomposition; no plant actuals supplied
2024-11,SKU023,Condiments,1047,15360,15360,16081920,16081920,0,52748.7,-52748.7,0,SIMULATED/DERIVED,Synthetic variance decomposition; no plant actuals supplied
2024-11,SKU024,Convenience Foods,988,17928,17928,17712864,17712864,0,58098.19,-58098.19,0,SIMULATED/DERIVED,Synthetic variance decomposition; no plant actuals supplied
2024-11,SKU025,Dairy,971,20670,23150.4,20070570,22479039,1974944.58,65831.47,367692.95,2408469,SIMULATED/DERIVED,Synthetic variance decomposition; no plant actuals supplied
2024-11,SKU026,Beverages,1187,18275,18275,21692425,21692425,0,71151.15,-71151.15,0,SIMULATED/DERIVED,Synthetic variance decomposition; no plant actuals supplied
2024-11,SKU027,Condiments,1160,20930,20930,24278800,24278800,0,79634.46,-79634.46,0,SIMULATED/DERIVED,Synthetic variance decomposition; no plant actuals supplied
2024-11,SKU028,Convenience Foods,1185,8640,8640,10238400,10238400,0,33581.95,-33581.95,0,SIMULATED/DERIVED,Synthetic variance decomposition; no plant actuals supplied
2024-11,SKU029,Dairy,1090,10858,12160.96,11835220,13255446,1164585.32,38819.52,216821.16,1420226,SIMULATED/DERIVED,Synthetic variance decomposition; no plant actuals supplied
2024-11,SKU030,Beverages,1245,13250,13250,16496250,16496250,0,54107.7,-54107.7,0,SIMULATED/DERIVED,Synthetic variance decomposition; no plant actuals supplied
2024-11,SKU031,Condiments,1371,12255,12255,16801605,16801605,0,55109.26,-55109.26,0,SIMULATED/DERIVED,Synthetic variance decomposition; no plant actuals supplied
2024-11,SKU032,Convenience Foods,1244,14560,14560,18112640,18112640,0,59409.46,-59409.46,0,SIMULATED/DERIVED,Synthetic variance decomposition; no plant actuals supplied
2024-11,SKU033,Dairy,1452,17040,19084.8,24742080,27711131,2434621.82,81154.02,453275.16,2969051,SIMULATED/DERIVED,Synthetic variance decomposition; no plant actuals supplied
2024-11,SKU034,Beverages,672,19695,19695,13235040,13235040,0,43410.93,-43410.93,0,SIMULATED/DERIVED,Synthetic variance decomposition; no plant actuals supplied
2024-11,SKU035,Condiments,745,22525,22525,16781125,16781125,0,55042.09,-55042.09,0,SIMULATED/DERIVED,Synthetic variance decomposition; no plant actuals supplied
2024-11,SKU036,Convenience Foods,827,19780,19780,16358060,16358060,0,53654.44,-53654.44,0,SIMULATED/DERIVED,Synthetic variance decomposition; no plant actuals supplied
2024-12,SKU001,Dairy,759,7740,8668.8,5874660,6579618,578065.56,57806.65,69085.79,704958,SIMULATED/DERIVED,Synthetic variance decomposition; no plant actuals supplied
2024-12,SKU002,Beverages,812,9782,9782,7942984,7942984,0,78158.96,-78158.96,0,SIMULATED/DERIVED,Synthetic variance decomposition; no plant actuals supplied
2024-12,SKU003,Condiments,895,12000,12000,10740000,10740000,0,105681.6,-105681.6,0,SIMULATED/DERIVED,Synthetic variance decomposition; no plant actuals supplied
2024-12,SKU004,Convenience Foods,925,14392,14392,13312600,13312600,0,130995.98,-130995.98,0,SIMULATED/DERIVED,Synthetic variance decomposition; no plant actuals supplied
2024-12,SKU005,Dairy,916,16960,18995.2,15535360,17399603,1528679.26,152867.94,182695.8,1864243,SIMULATED/DERIVED,Synthetic variance decomposition; no plant actuals supplied
2024-12,SKU006,Beverages,961,15265,15265,14669665,14669665,0,144349.5,-144349.5,0,SIMULATED/DERIVED,Synthetic variance decomposition; no plant actuals supplied
2024-12,SKU007,Condiments,1063,17745,17745,18862935,18862935,0,185611.28,-185611.28,0,SIMULATED/DERIVED,Synthetic variance decomposition; no plant actuals supplied
2024-12,SKU008,Convenience Foods,1075,20400,20400,21930000,21930000,0,215791.2,-215791.2,0,SIMULATED/DERIVED,Synthetic variance decomposition; no plant actuals supplied
2024-12,SKU009,Dairy,1138,23230,26017.6,26435740,29608029,2601276.98,260127.68,310884.34,3172289,SIMULATED/DERIVED,Synthetic variance decomposition; no plant actuals supplied
2024-12,SKU010,Beverages,1244,9540,9540,11867760,11867760,0,116778.76,-116778.76,0,SIMULATED/DERIVED,Synthetic variance decomposition; no plant actuals supplied
2024-12,SKU011,Condiments,1133,9245,9245,10474585,10474585,0,103069.92,-103069.92,0,SIMULATED/DERIVED,Synthetic variance decomposition; no plant actuals supplied
2024-12,SKU012,Convenience Foods,1235,11375,11375,14048125,14048125,0,138233.55,-138233.55,0,SIMULATED/DERIVED,Synthetic variance decomposition; no plant actuals supplied
2024-12,SKU013,Dairy,1469,13680,15321.6,20095920,22507430,1977438.2,197743.85,236327.95,2411510,SIMULATED/DERIVED,Synthetic variance decomposition; no plant actuals supplied
2024-12,SKU014,Beverages,1319,16160,16160,21315040,21315040,0,209739.99,-209739.99,0,SIMULATED/DERIVED,Synthetic variance decomposition; no plant actuals supplied
2024-12,SKU015,Condiments,1546,18815,18815,29087990,29087990,0,286225.82,-286225.82,0,SIMULATED/DERIVED,Synthetic variance decomposition; no plant actuals supplied
2024-12,SKU016,Convenience Foods,1558,16770,16770,26127660,26127660,0,257096.17,-257096.17,0,SIMULATED/DERIVED,Synthetic variance decomposition; no plant actuals supplied
2024-12,SKU017,Dairy,709,19338,21658.56,13710642,15355919,1349127.14,134912.72,161237.14,1645277,SIMULATED/DERIVED,Synthetic variance decomposition; no plant actuals supplied
2024-12,SKU018,Beverages,701,22080,22080,15478080,15478080,0,152304.31,-152304.31,0,SIMULATED/DERIVED,Synthetic variance decomposition; no plant actuals supplied
2024-12,SKU019,Condiments,780,9090,9090,7090200,7090200,0,69767.57,-69767.57,0,SIMULATED/DERIVED,Synthetic variance decomposition; no plant actuals supplied
2024-12,SKU020,Convenience Foods,833,11395,11395,9492035,9492035,0,93401.62,-93401.62,0,SIMULATED/DERIVED,Synthetic variance decomposition; no plant actuals supplied
2024-12,SKU021,Dairy,1004,10750,12040,10793000,12088160,1062031.2,106203.12,126925.68,1295160,SIMULATED/DERIVED,Synthetic variance decomposition; no plant actuals supplied
2024-12,SKU022,Beverages,928,12968,12968,12034304,12034304,0,118417.55,-118417.55,0,SIMULATED/DERIVED,Synthetic variance decomposition; no plant actuals supplied
2024-12,SKU023,Condiments,969,15360,15360,14883840,14883840,0,146456.99,-146456.99,0,SIMULATED/DERIVED,Synthetic variance decomposition; no plant actuals supplied
2024-12,SKU024,Convenience Foods,1003,17928,17928,17981784,17981784,0,176940.75,-176940.75,0,SIMULATED/DERIVED,Synthetic variance decomposition; no plant actuals supplied
2024-12,SKU025,Dairy,1029,20670,23150.4,21269430,23821762,2092912.24,209291.19,250128.57,2552332,SIMULATED/DERIVED,Synthetic variance decomposition; no plant actuals supplied
2024-12,SKU026,Beverages,1116,18275,18275,20394900,20394900,0,200685.82,-200685.82,0,SIMULATED/DERIVED,Synthetic variance decomposition; no plant actuals supplied
2024-12,SKU027,Condiments,1216,20930,20930,25450880,25450880,0,250436.66,-250436.66,0,SIMULATED/DERIVED,Synthetic variance decomposition; no plant actuals supplied
2024-12,SKU028,Convenience Foods,1167,8640,8640,10082880,10082880,0,99215.54,-99215.54,0,SIMULATED/DERIVED,Synthetic variance decomposition; no plant actuals supplied
2024-12,SKU029,Dairy,1164,10858,12160.96,12638712,14155358,1243649.72,124364.93,148631.35,1516646,SIMULATED/DERIVED,Synthetic variance decomposition; no plant actuals supplied
2024-12,SKU030,Beverages,1310,13250,13250,17357500,17357500,0,170797.8,-170797.8,0,SIMULATED/DERIVED,Synthetic variance decomposition; no plant actuals supplied
2024-12,SKU031,Condiments,1307,12255,12255,16017285,16017285,0,157610.08,-157610.08,0,SIMULATED/DERIVED,Synthetic variance decomposition; no plant actuals supplied
2024-12,SKU032,Convenience Foods,1474,14560,14560,21461440,21461440,0,211180.57,-211180.57,0,SIMULATED/DERIVED,Synthetic variance decomposition; no plant actuals supplied
2024-12,SKU033,Dairy,1555,17040,19084.8,26497200,29676864,2607324.48,260732.45,311607.07,3179664,SIMULATED/DERIVED,Synthetic variance decomposition; no plant actuals supplied
2024-12,SKU034,Beverages,655,19695,19695,12900225,12900225,0,126938.21,-126938.21,0,SIMULATED/DERIVED,Synthetic variance decomposition; no plant actuals supplied
2024-12,SKU035,Condiments,765,22525,22525,17231625,17231625,0,169559.19,-169559.19,0,SIMULATED/DERIVED,Synthetic variance decomposition; no plant actuals supplied
2024-12,SKU036,Convenience Foods,881,19780,19780,17426180,17426180,0,171473.61,-171473.61,0,SIMULATED/DERIVED,Synthetic variance decomposition; no plant actuals supplied
2025-01,SKU001,Dairy,670,7740,8668.8,5185800,5808095,510281.9,17009.42,95003.68,622295,SIMULATED/DERIVED,Synthetic variance decomposition; no plant actuals supplied
2025-01,SKU002,Beverages,715,9782,9782,6994130,6994130,0,22940.75,-22940.75,0,SIMULATED/DERIVED,Synthetic variance decomposition; no plant actuals supplied
2025-01,SKU003,Condiments,794,12000,12000,9528000,9528000,0,31251.84,-31251.84,0,SIMULATED/DERIVED,Synthetic variance decomposition; no plant actuals supplied
2025-01,SKU004,Convenience Foods,756,14392,14392,10880352,10880352,0,35687.55,-35687.55,0,SIMULATED/DERIVED,Synthetic variance decomposition; no plant actuals supplied
2025-01,SKU005,Dairy,858,16960,18995.2,14551680,16297881,1431884.82,47729.51,266586.67,1746201,SIMULATED/DERIVED,Synthetic variance decomposition; no plant actuals supplied
2025-01,SKU006,Beverages,854,15265,15265,13036310,13036310,0,42759.1,-42759.1,0,SIMULATED/DERIVED,Synthetic variance decomposition; no plant actuals supplied
2025-01,SKU007,Condiments,846,17745,17745,15012270,15012270,0,49240.25,-49240.25,0,SIMULATED/DERIVED,Synthetic variance decomposition; no plant actuals supplied
2025-01,SKU008,Convenience Foods,973,20400,20400,19849200,19849200,0,65105.38,-65105.38,0,SIMULATED/DERIVED,Synthetic variance decomposition; no plant actuals supplied
2025-01,SKU009,Dairy,971,23230,26017.6,22556330,25263090,2219543.2,73984.76,413232.04,2706760,SIMULATED/DERIVED,Synthetic variance decomposition; no plant actuals supplied
2025-01,SKU010,Beverages,1104,9540,9540,10532160,10532160,0,34545.48,-34545.48,0,SIMULATED/DERIVED,Synthetic variance decomposition; no plant actuals supplied
2025-01,SKU011,Condiments,1086,9245,9245,10040070,10040070,0,32931.43,-32931.43,0,SIMULATED/DERIVED,Synthetic variance decomposition; no plant actuals supplied
2025-01,SKU012,Convenience Foods,1157,11375,11375,13160875,13160875,0,43167.67,-43167.67,0,SIMULATED/DERIVED,Synthetic variance decomposition; no plant actuals supplied
2025-01,SKU013,Dairy,1234,13680,15321.6,16881120,18906855,1661102.7,55370.07,309262.23,2025735,SIMULATED/DERIVED,Synthetic variance decomposition; no plant actuals supplied
2025-01,SKU014,Beverages,1274,16160,16160,20587840,20587840,0,67528.12,-67528.12,0,SIMULATED/DERIVED,Synthetic variance decomposition; no plant actuals supplied
2025-01,SKU015,Condiments,1216,18815,18815,22879040,22879040,0,75043.25,-75043.25,0,SIMULATED/DERIVED,Synthetic variance decomposition; no plant actuals supplied
2025-01,SKU016,Convenience Foods,1186,16770,16770,19889220,19889220,0,65236.64,-65236.64,0,SIMULATED/DERIVED,Synthetic variance decomposition; no plant actuals supplied
2025-01,SKU017,Dairy,627,19338,21658.56,12124926,13579917,1193092.62,39769.76,222128.62,1454991,SIMULATED/DERIVED,Synthetic variance decomposition; no plant actuals supplied
2025-01,SKU018,Beverages,655,22080,22080,14462400,14462400,0,47436.67,-47436.67,0,SIMULATED/DERIVED,Synthetic variance decomposition; no plant actuals supplied
2025-01,SKU019,Condiments,722,9090,9090,6562980,6562980,0,21526.57,-21526.57,0,SIMULATED/DERIVED,Synthetic variance decomposition; no plant actuals supplied
2025-01,SKU020,Convenience Foods,709,11395,11395,8079055,8079055,0,26499.3,-26499.3,0,SIMULATED/DERIVED,Synthetic variance decomposition; no plant actuals supplied
2025-01,SKU021,Dairy,797,10750,12040,8567750,9595880,843066.6,28102.22,156961.18,1028130,SIMULATED/DERIVED,Synthetic variance decomposition; no plant actuals supplied
2025-01,SKU022,Beverages,809,12968,12968,10491112,10491112,0,34410.85,-34410.85,0,SIMULATED/DERIVED,Synthetic variance decomposition; no plant actuals supplied
2025-01,SKU023,Condiments,915,15360,15360,14054400,14054400,0,46098.43,-46098.43,0,SIMULATED/DERIVED,Synthetic variance decomposition; no plant actuals supplied
2025-01,SKU024,Convenience Foods,909,17928,17928,16296552,16296552,0,53452.69,-53452.69,0,SIMULATED/DERIVED,Synthetic variance decomposition; no plant actuals supplied
2025-01,SKU025,Dairy,918,20670,23150.4,18975060,21252067,1867145.74,62238.2,347623.06,2277007,SIMULATED/DERIVED,Synthetic variance decomposition; no plant actuals supplied
2025-01,SKU026,Beverages,964,18275,18275,17617100,17617100,0,57784.09,-57784.09,0,SIMULATED/DERIVED,Synthetic variance decomposition; no plant actuals supplied
2025-01,SKU027,Condiments,963,20930,20930,20155590,20155590,0,66110.34,-66110.34,0,SIMULATED/DERIVED,Synthetic variance decomposition; no plant actuals supplied
2025-01,SKU028,Convenience Foods,1104,8640,8640,9538560,9538560,0,31286.48,-31286.48,0,SIMULATED/DERIVED,Synthetic variance decomposition; no plant actuals supplied
2025-01,SKU029,Dairy,1120,10858,12160.96,12160960,13620275,1196638.3,39887.95,222788.75,1459315,SIMULATED/DERIVED,Synthetic variance decomposition; no plant actuals supplied
2025-01,SKU030,Beverages,1190,13250,13250,15767500,15767500,0,51717.4,-51717.4,0,SIMULATED/DERIVED,Synthetic variance decomposition; no plant actuals supplied
2025-01,SKU031,Condiments,1160,12255,12255,14215800,14215800,0,46627.82,-46627.82,0,SIMULATED/DERIVED,Synthetic variance decomposition; no plant actuals supplied
2025-01,SKU032,Convenience Foods,1104,14560,14560,16074240,16074240,0,52723.51,-52723.51,0,SIMULATED/DERIVED,Synthetic variance decomposition; no plant actuals supplied
2025-01,SKU033,Dairy,1256,17040,19084.8,21402240,23970508,2105979.76,70199.35,392088.89,2568268,SIMULATED/DERIVED,Synthetic variance decomposition; no plant actuals supplied
2025-01,SKU034,Beverages,602,19695,19695,11856390,11856390,0,38888.96,-38888.96,0,SIMULATED/DERIVED,Synthetic variance decomposition; no plant actuals supplied
2025-01,SKU035,Condiments,522,22525,22525,11758050,11758050,0,38566.4,-38566.4,0,SIMULATED/DERIVED,Synthetic variance decomposition; no plant actuals supplied
2025-01,SKU036,Convenience Foods,714,19780,19780,14122920,14122920,0,46323.18,-46323.18,0,SIMULATED/DERIVED,Synthetic variance decomposition; no plant actuals supplied
2025-02,SKU001,Dairy,660,7740,8668.8,5108400,5721408,502666.56,16755.55,93585.89,613008,SIMULATED/DERIVED,Synthetic variance decomposition; no plant actuals supplied
2025-02,SKU002,Beverages,753,9782,9782,7365846,7365846,0,24159.97,-24159.97,0,SIMULATED/DERIVED,Synthetic variance decomposition; no plant actuals supplied
2025-02,SKU003,Condiments,832,12000,12000,9984000,9984000,0,32747.52,-32747.52,0,SIMULATED/DERIVED,Synthetic variance decomposition; no plant actuals supplied
2025-02,SKU004,Convenience Foods,767,14392,14392,11038664,11038664,0,36206.82,-36206.82,0,SIMULATED/DERIVED,Synthetic variance decomposition; no plant actuals supplied
2025-02,SKU005,Dairy,777,16960,18995.2,13177920,14759271,1296707.82,43223.58,241419.6,1581351,SIMULATED/DERIVED,Synthetic variance decomposition; no plant actuals supplied
2025-02,SKU006,Beverages,836,15265,15265,12761540,12761540,0,41857.85,-41857.85,0,SIMULATED/DERIVED,Synthetic variance decomposition; no plant actuals supplied
2025-02,SKU007,Condiments,906,17745,17745,16076970,16076970,0,52732.46,-52732.46,0,SIMULATED/DERIVED,Synthetic variance decomposition; no plant actuals supplied
2025-02,SKU008,Convenience Foods,968,20400,20400,19747200,19747200,0,64770.82,-64770.82,0,SIMULATED/DERIVED,Synthetic variance decomposition; no plant actuals supplied
2025-02,SKU009,Dairy,983,23230,26017.6,22835090,25575302,2246973.84,74899.1,418339.06,2740212,SIMULATED/DERIVED,Synthetic variance decomposition; no plant actuals supplied
2025-02,SKU010,Beverages,1092,9540,9540,10417680,10417680,0,34169.99,-34169.99,0,SIMULATED/DERIVED,Synthetic variance decomposition; no plant actuals supplied
2025-02,SKU011,Condiments,1051,9245,9245,9716495,9716495,0,31870.1,-31870.1,0,SIMULATED/DERIVED,Synthetic variance decomposition; no plant actuals supplied
2025-02,SKU012,Convenience Foods,1107,11375,11375,12592125,12592125,0,41302.17,-41302.17,0,SIMULATED/DERIVED,Synthetic variance decomposition; no plant actuals supplied
2025-02,SKU013,Dairy,1164,13680,15321.6,15923520,17834342,1566874.04,52229.15,291718.81,1910822,SIMULATED/DERIVED,Synthetic variance decomposition; no plant actuals supplied
2025-02,SKU014,Beverages,1135,16160,16160,18341600,18341600,0,60160.45,-60160.45,0,SIMULATED/DERIVED,Synthetic variance decomposition; no plant actuals supplied
2025-02,SKU015,Condiments,1236,18815,18815,23255340,23255340,0,76277.52,-76277.52,0,SIMULATED/DERIVED,Synthetic variance decomposition; no plant actuals supplied
2025-02,SKU016,Convenience Foods,1207,16770,16770,20241390,20241390,0,66391.76,-66391.76,0,SIMULATED/DERIVED,Synthetic variance decomposition; no plant actuals supplied
2025-02,SKU017,Dairy,644,19338,21658.56,12453672,13948113,1225441.62,40848.04,228151.34,1494441,SIMULATED/DERIVED,Synthetic variance decomposition; no plant actuals supplied
2025-02,SKU018,Beverages,781,22080,22080,17244480,17244480,0,56561.89,-56561.89,0,SIMULATED/DERIVED,Synthetic variance decomposition; no plant actuals supplied
2025-02,SKU019,Condiments,753,9090,9090,6844770,6844770,0,22450.85,-22450.85,0,SIMULATED/DERIVED,Synthetic variance decomposition; no plant actuals supplied
2025-02,SKU020,Convenience Foods,758,11395,11395,8637410,8637410,0,28330.7,-28330.7,0,SIMULATED/DERIVED,Synthetic variance decomposition; no plant actuals supplied
2025-02,SKU021,Dairy,834,10750,12040,8965500,10041360,882205.2,29406.84,164247.96,1075860,SIMULATED/DERIVED,Synthetic variance decomposition; no plant actuals supplied
2025-02,SKU022,Beverages,838,12968,12968,10867184,10867184,0,35644.36,-35644.36,0,SIMULATED/DERIVED,Synthetic variance decomposition; no plant actuals supplied
2025-02,SKU023,Condiments,871,15360,15360,13378560,13378560,0,43881.68,-43881.68,0,SIMULATED/DERIVED,Synthetic variance decomposition; no plant actuals supplied
2025-02,SKU024,Convenience Foods,892,17928,17928,15991776,15991776,0,52453.03,-52453.03,0,SIMULATED/DERIVED,Synthetic variance decomposition; no plant actuals supplied
2025-02,SKU025,Dairy,943,20670,23150.4,19491810,21830827,1917993.94,63933.14,357089.92,2339017,SIMULATED/DERIVED,Synthetic variance decomposition; no plant actuals supplied
2025-02,SKU026,Beverages,1009,18275,18275,18439475,18439475,0,60481.48,-60481.48,0,SIMULATED/DERIVED,Synthetic variance decomposition; no plant actuals supplied
2025-02,SKU027,Condiments,1124,20930,20930,23525320,23525320,0,77163.05,-77163.05,0,SIMULATED/DERIVED,Synthetic variance decomposition; no plant actuals supplied
2025-02,SKU028,Convenience Foods,1099,8640,8640,9495360,9495360,0,31144.78,-31144.78,0,SIMULATED/DERIVED,Synthetic variance decomposition; no plant actuals supplied
2025-02,SKU029,Dairy,1073,10858,12160.96,11650634,13048710,1146422.32,38214.08,213439.6,1398076,SIMULATED/DERIVED,Synthetic variance decomposition; no plant actuals supplied
2025-02,SKU030,Beverages,1157,13250,13250,15330250,15330250,0,50283.22,-50283.22,0,SIMULATED/DERIVED,Synthetic variance decomposition; no plant actuals supplied
2025-02,SKU031,Condiments,1208,12255,12255,14804040,14804040,0,48557.25,-48557.25,0,SIMULATED/DERIVED,Synthetic variance decomposition; no plant actuals supplied
2025-02,SKU032,Convenience Foods,1308,14560,14560,19044480,19044480,0,62465.89,-62465.89,0,SIMULATED/DERIVED,Synthetic variance decomposition; no plant actuals supplied
2025-02,SKU033,Dairy,1224,17040,19084.8,20856960,23359795,2052324.7,68410.83,382099.47,2502835,SIMULATED/DERIVED,Synthetic variance decomposition; no plant actuals supplied
2025-02,SKU034,Beverages,650,19695,19695,12801750,12801750,0,41989.74,-41989.74,0,SIMULATED/DERIVED,Synthetic variance decomposition; no plant actuals supplied
2025-02,SKU035,Condiments,690,22525,22525,15542250,15542250,0,50978.58,-50978.58,0,SIMULATED/DERIVED,Synthetic variance decomposition; no plant actuals supplied
2025-02,SKU036,Convenience Foods,739,19780,19780,14617420,14617420,0,47945.14,-47945.14,0,SIMULATED/DERIVED,Synthetic variance decomposition; no plant actuals supplied
2025-03,SKU001,Dairy,683,7740,8668.8,5286420,5920791,520184.22,17339.46,96847.32,634371,SIMULATED/DERIVED,Synthetic variance decomposition; no plant actuals supplied
2025-03,SKU002,Beverages,714,9782,9782,6984348,6984348,0,22908.66,-22908.66,0,SIMULATED/DERIVED,Synthetic variance decomposition; no plant actuals supplied
2025-03,SKU003,Condiments,764,12000,12000,9168000,9168000,0,30071.04,-30071.04,0,SIMULATED/DERIVED,Synthetic variance decomposition; no plant actuals supplied
2025-03,SKU004,Convenience Foods,864,14392,14392,12434688,12434688,0,40785.78,-40785.78,0,SIMULATED/DERIVED,Synthetic variance decomposition; no plant actuals supplied
2025-03,SKU005,Dairy,894,16960,18995.2,15162240,16981708,1491963.76,49732.15,277772.09,1819468,SIMULATED/DERIVED,Synthetic variance decomposition; no plant actuals supplied
2025-03,SKU006,Beverages,908,15265,15265,13860620,13860620,0,45462.83,-45462.83,0,SIMULATED/DERIVED,Synthetic variance decomposition; no plant actuals supplied
2025-03,SKU007,Condiments,914,17745,17745,16218930,16218930,0,53198.09,-53198.09,0,SIMULATED/DERIVED,Synthetic variance decomposition; no plant actuals supplied
2025-03,SKU008,Convenience Foods,975,20400,20400,19890000,19890000,0,65239.2,-65239.2,0,SIMULATED/DERIVED,Synthetic variance decomposition; no plant actuals supplied
2025-03,SKU009,Dairy,1075,23230,26017.6,24972250,27968920,2457269.4,81908.98,457491.62,2996670,SIMULATED/DERIVED,Synthetic variance decomposition; no plant actuals supplied
2025-03,SKU010,Beverages,1201,9540,9540,11457540,11457540,0,37580.73,-37580.73,0,SIMULATED/DERIVED,Synthetic variance decomposition; no plant actuals supplied
2025-03,SKU011,Condiments,1085,9245,9245,10030825,10030825,0,32901.11,-32901.11,0,SIMULATED/DERIVED,Synthetic variance decomposition; no plant actuals supplied
2025-03,SKU012,Convenience Foods,1137,11375,11375,12933375,12933375,0,42421.47,-42421.47,0,SIMULATED/DERIVED,Synthetic variance decomposition; no plant actuals supplied
2025-03,SKU013,Dairy,1175,13680,15321.6,16074000,18002880,1581681.6,52722.72,294475.68,1928880,SIMULATED/DERIVED,Synthetic variance decomposition; no plant actuals supplied
2025-03,SKU014,Beverages,1199,16160,16160,19375840,19375840,0,63552.76,-63552.76,0,SIMULATED/DERIVED,Synthetic variance decomposition; no plant actuals supplied
2025-03,SKU015,Condiments,1386,18815,18815,26077590,26077590,0,85534.5,-85534.5,0,SIMULATED/DERIVED,Synthetic variance decomposition; no plant actuals supplied
2025-03,SKU016,Convenience Foods,1265,16770,16770,21214050,21214050,0,69582.08,-69582.08,0,SIMULATED/DERIVED,Synthetic variance decomposition; no plant actuals supplied
2025-03,SKU017,Dairy,675,19338,21658.56,13053150,14619529,1284430.78,42814.33,239133.89,1566379,SIMULATED/DERIVED,Synthetic variance decomposition; no plant actuals supplied
2025-03,SKU018,Beverages,677,22080,22080,14948160,14948160,0,49029.96,-49029.96,0,SIMULATED/DERIVED,Synthetic variance decomposition; no plant actuals supplied
2025-03,SKU019,Condiments,769,9090,9090,6990210,6990210,0,22927.89,-22927.89,0,SIMULATED/DERIVED,Synthetic variance decomposition; no plant actuals supplied
2025-03,SKU020,Convenience Foods,766,11395,11395,8728570,8728570,0,28629.71,-28629.71,0,SIMULATED/DERIVED,Synthetic variance decomposition; no plant actuals supplied
2025-03,SKU021,Dairy,815,10750,12040,8761250,9812600,862107,28736.9,160506.1,1051350,SIMULATED/DERIVED,Synthetic variance decomposition; no plant actuals supplied
2025-03,SKU022,Beverages,802,12968,12968,10400336,10400336,0,34113.1,-34113.1,0,SIMULATED/DERIVED,Synthetic variance decomposition; no plant actuals supplied
2025-03,SKU023,Condiments,931,15360,15360,14300160,14300160,0,46904.52,-46904.52,0,SIMULATED/DERIVED,Synthetic variance decomposition; no plant actuals supplied
2025-03,SKU024,Convenience Foods,1018,17928,17928,18250704,18250704,0,59862.31,-59862.31,0,SIMULATED/DERIVED,Synthetic variance decomposition; no plant actuals supplied
2025-03,SKU025,Dairy,1032,20670,23150.4,21331440,23891214,2099014.68,69967.12,390792.2,2559774,SIMULATED/DERIVED,Synthetic variance decomposition; no plant actuals supplied
2025-03,SKU026,Beverages,1031,18275,18275,18841525,18841525,0,61800.2,-61800.2,0,SIMULATED/DERIVED,Synthetic variance decomposition; no plant actuals supplied
2025-03,SKU027,Condiments,1061,20930,20930,22206730,22206730,0,72838.07,-72838.07,0,SIMULATED/DERIVED,Synthetic variance decomposition; no plant actuals supplied
2025-03,SKU028,Convenience Foods,1124,8640,8640,9711360,9711360,0,31853.26,-31853.26,0,SIMULATED/DERIVED,Synthetic variance decomposition; no plant actuals supplied
2025-03,SKU029,Dairy,1266,10858,12160.96,13746228,15395774,1352627.72,45087.63,251830.65,1649546,SIMULATED/DERIVED,Synthetic variance decomposition; no plant actuals supplied
2025-03,SKU030,Beverages,1327,13250,13250,17582750,17582750,0,57671.42,-57671.42,0,SIMULATED/DERIVED,Synthetic variance decomposition; no plant actuals supplied
2025-03,SKU031,Condiments,1276,12255,12255,15637380,15637380,0,51290.61,-51290.61,0,SIMULATED/DERIVED,Synthetic variance decomposition; no plant actuals supplied
2025-03,SKU032,Convenience Foods,1194,14560,14560,17384640,17384640,0,57021.62,-57021.62,0,SIMULATED/DERIVED,Synthetic variance decomposition; no plant actuals supplied
2025-03,SKU033,Dairy,1268,17040,19084.8,21606720,24199526,2126100.92,70870.04,395835.04,2592806,SIMULATED/DERIVED,Synthetic variance decomposition; no plant actuals supplied
2025-03,SKU034,Beverages,674,19695,19695,13274430,13274430,0,43540.13,-43540.13,0,SIMULATED/DERIVED,Synthetic variance decomposition; no plant actuals supplied
2025-03,SKU035,Condiments,707,22525,22525,15925175,15925175,0,52234.57,-52234.57,0,SIMULATED/DERIVED,Synthetic variance decomposition; no plant actuals supplied
2025-03,SKU036,Convenience Foods,760,19780,19780,15032800,15032800,0,49307.58,-49307.58,0,SIMULATED/DERIVED,Synthetic variance decomposition; no plant actuals supplied
2025-04,SKU001,Dairy,727,7740,8668.8,5626980,6302218,553695.16,18456.49,103086.35,675238,SIMULATED/DERIVED,Synthetic variance decomposition; no plant actuals supplied
2025-04,SKU002,Beverages,717,9782,9782,7013694,7013694,0,23004.92,-23004.92,0,SIMULATED/DERIVED,Synthetic variance decomposition; no plant actuals supplied
2025-04,SKU003,Condiments,726,12000,12000,8712000,8712000,0,28575.36,-28575.36,0,SIMULATED/DERIVED,Synthetic variance decomposition; no plant actuals supplied
2025-04,SKU004,Convenience Foods,813,14392,14392,11700696,11700696,0,38378.28,-38378.28,0,SIMULATED/DERIVED,Synthetic variance decomposition; no plant actuals supplied
2025-04,SKU005,Dairy,891,16960,18995.2,15111360,16924724,1486958.48,49565.26,276840.26,1813364,SIMULATED/DERIVED,Synthetic variance decomposition; no plant actuals supplied
2025-04,SKU006,Beverages,963,15265,15265,14700195,14700195,0,48216.64,-48216.64,0,SIMULATED/DERIVED,Synthetic variance decomposition; no plant actuals supplied
2025-04,SKU007,Condiments,959,17745,17745,17017455,17017455,0,55817.25,-55817.25,0,SIMULATED/DERIVED,Synthetic variance decomposition; no plant actuals supplied
2025-04,SKU008,Convenience Foods,988,20400,20400,20155200,20155200,0,66109.06,-66109.06,0,SIMULATED/DERIVED,Synthetic variance decomposition; no plant actuals supplied
2025-04,SKU009,Dairy,1047,23230,26017.6,24321810,27240428,2393266.76,79775.54,445575.7,2918618,SIMULATED/DERIVED,Synthetic variance decomposition; no plant actuals supplied
2025-04,SKU010,Beverages,1087,9540,9540,10369980,10369980,0,34013.53,-34013.53,0,SIMULATED/DERIVED,Synthetic variance decomposition; no plant actuals supplied
2025-04,SKU011,Condiments,985,9245,9245,9106325,9106325,0,29868.75,-29868.75,0,SIMULATED/DERIVED,Synthetic variance decomposition; no plant actuals supplied
2025-04,SKU012,Convenience Foods,1128,11375,11375,12831000,12831000,0,42085.68,-42085.68,0,SIMULATED/DERIVED,Synthetic variance decomposition; no plant actuals supplied
2025-04,SKU013,Dairy,1179,13680,15321.6,16128720,18064166,1587065.72,52902.2,295478.08,1935446,SIMULATED/DERIVED,Synthetic variance decomposition; no plant actuals supplied
2025-04,SKU014,Beverages,1203,16160,16160,19440480,19440480,0,63764.77,-63764.77,0,SIMULATED/DERIVED,Synthetic variance decomposition; no plant actuals supplied
2025-04,SKU015,Condiments,1251,18815,18815,23537565,23537565,0,77203.21,-77203.21,0,SIMULATED/DERIVED,Synthetic variance decomposition; no plant actuals supplied
2025-04,SKU016,Convenience Foods,1289,16770,16770,21616530,21616530,0,70902.22,-70902.22,0,SIMULATED/DERIVED,Synthetic variance decomposition; no plant actuals supplied
2025-04,SKU017,Dairy,673,19338,21658.56,13014474,14576211,1280624.34,42687.47,238425.19,1561737,SIMULATED/DERIVED,Synthetic variance decomposition; no plant actuals supplied
2025-04,SKU018,Beverages,659,22080,22080,14550720,14550720,0,47726.36,-47726.36,0,SIMULATED/DERIVED,Synthetic variance decomposition; no plant actuals supplied
2025-04,SKU019,Condiments,680,9090,9090,6181200,6181200,0,20274.34,-20274.34,0,SIMULATED/DERIVED,Synthetic variance decomposition; no plant actuals supplied
2025-04,SKU020,Convenience Foods,779,11395,11395,8876705,8876705,0,29115.59,-29115.59,0,SIMULATED/DERIVED,Synthetic variance decomposition; no plant actuals supplied
2025-04,SKU021,Dairy,843,10750,12040,9062250,10149720,891725.4,29724.18,166020.42,1087470,SIMULATED/DERIVED,Synthetic variance decomposition; no plant actuals supplied
2025-04,SKU022,Beverages,770,12968,12968,9985360,9985360,0,32751.98,-32751.98,0,SIMULATED/DERIVED,Synthetic variance decomposition; no plant actuals supplied
2025-04,SKU023,Condiments,847,15360,15360,13009920,13009920,0,42672.54,-42672.54,0,SIMULATED/DERIVED,Synthetic variance decomposition; no plant actuals supplied
2025-04,SKU024,Convenience Foods,897,17928,17928,16081416,16081416,0,52747.04,-52747.04,0,SIMULATED/DERIVED,Synthetic variance decomposition; no plant actuals supplied
2025-04,SKU025,Dairy,892,20670,23150.4,18437640,20650156,1814263.12,60475.46,337777.42,2212516,SIMULATED/DERIVED,Synthetic variance decomposition; no plant actuals supplied
2025-04,SKU026,Beverages,906,18275,18275,16557150,16557150,0,54307.45,-54307.45,0,SIMULATED/DERIVED,Synthetic variance decomposition; no plant actuals supplied
2025-04,SKU027,Condiments,1108,20930,20930,23190440,23190440,0,76064.64,-76064.64,0,SIMULATED/DERIVED,Synthetic variance decomposition; no plant actuals supplied
2025-04,SKU028,Convenience Foods,1052,8640,8640,9089280,9089280,0,29812.84,-29812.84,0,SIMULATED/DERIVED,Synthetic variance decomposition; no plant actuals supplied
2025-04,SKU029,Dairy,1230,10858,12160.96,13355340,14957982,1314166.44,43805.52,244670.04,1602642,SIMULATED/DERIVED,Synthetic variance decomposition; no plant actuals supplied
2025-04,SKU030,Beverages,1134,13250,13250,15025500,15025500,0,49283.64,-49283.64,0,SIMULATED/DERIVED,Synthetic variance decomposition; no plant actuals supplied
2025-04,SKU031,Condiments,1170,12255,12255,14338350,14338350,0,47029.79,-47029.79,0,SIMULATED/DERIVED,Synthetic variance decomposition; no plant actuals supplied
2025-04,SKU032,Convenience Foods,1341,14560,14560,19524960,19524960,0,64041.87,-64041.87,0,SIMULATED/DERIVED,Synthetic variance decomposition; no plant actuals supplied
2025-04,SKU033,Dairy,1262,17040,19084.8,21504480,24085017,2116040.34,70534.69,393961.97,2580537,SIMULATED/DERIVED,Synthetic variance decomposition; no plant actuals supplied
2025-04,SKU034,Beverages,714,19695,19695,14062230,14062230,0,46124.11,-46124.11,0,SIMULATED/DERIVED,Synthetic variance decomposition; no plant actuals supplied
2025-04,SKU035,Condiments,711,22525,22525,16015275,16015275,0,52530.1,-52530.1,0,SIMULATED/DERIVED,Synthetic variance decomposition; no plant actuals supplied
2025-04,SKU036,Convenience Foods,705,19780,19780,13944900,13944900,0,45739.27,-45739.27,0,SIMULATED/DERIVED,Synthetic variance decomposition; no plant actuals supplied
2025-05,SKU001,Dairy,653,7740,8668.8,5054220,5660727,497335.74,16577.84,92593.42,606507,SIMULATED/DERIVED,Synthetic variance decomposition; no plant actuals supplied
2025-05,SKU002,Beverages,737,9782,9782,7209334,7209334,0,23646.62,-23646.62,0,SIMULATED/DERIVED,Synthetic variance decomposition; no plant actuals supplied
2025-05,SKU003,Condiments,785,12000,12000,9420000,9420000,0,30897.6,-30897.6,0,SIMULATED/DERIVED,Synthetic variance decomposition; no plant actuals supplied
2025-05,SKU004,Convenience Foods,778,14392,14392,11196976,11196976,0,36726.08,-36726.08,0,SIMULATED/DERIVED,Synthetic variance decomposition; no plant actuals supplied
2025-05,SKU005,Dairy,759,16960,18995.2,12872640,14417357,1266667.94,42222.26,235826.8,1544717,SIMULATED/DERIVED,Synthetic variance decomposition; no plant actuals supplied
2025-05,SKU006,Beverages,830,15265,15265,12669950,12669950,0,41557.44,-41557.44,0,SIMULATED/DERIVED,Synthetic variance decomposition; no plant actuals supplied
2025-05,SKU007,Condiments,909,17745,17745,16130205,16130205,0,52907.07,-52907.07,0,SIMULATED/DERIVED,Synthetic variance decomposition; no plant actuals supplied
2025-05,SKU008,Convenience Foods,942,20400,20400,19216800,19216800,0,63031.1,-63031.1,0,SIMULATED/DERIVED,Synthetic variance decomposition; no plant actuals supplied
2025-05,SKU009,Dairy,977,23230,26017.6,22695710,25419196,2233258.52,74441.93,415785.55,2723486,SIMULATED/DERIVED,Synthetic variance decomposition; no plant actuals supplied
2025-05,SKU010,Beverages,933,9540,9540,8900820,8900820,0,29194.69,-29194.69,0,SIMULATED/DERIVED,Synthetic variance decomposition; no plant actuals supplied
2025-05,SKU011,Condiments,971,9245,9245,8976895,8976895,0,29444.22,-29444.22,0,SIMULATED/DERIVED,Synthetic variance decomposition; no plant actuals supplied
2025-05,SKU012,Convenience Foods,1073,11375,11375,12205375,12205375,0,40033.63,-40033.63,0,SIMULATED/DERIVED,Synthetic variance decomposition; no plant actuals supplied
2025-05,SKU013,Dairy,1159,13680,15321.6,15855120,17757734,1560143.48,52004.79,290465.73,1902614,SIMULATED/DERIVED,Synthetic variance decomposition; no plant actuals supplied
2025-05,SKU014,Beverages,1111,16160,16160,17953760,17953760,0,58888.33,-58888.33,0,SIMULATED/DERIVED,Synthetic variance decomposition; no plant actuals supplied
2025-05,SKU015,Condiments,1217,18815,18815,22897855,22897855,0,75104.96,-75104.96,0,SIMULATED/DERIVED,Synthetic variance decomposition; no plant actuals supplied
2025-05,SKU016,Convenience Foods,1374,16770,16770,23041980,23041980,0,75577.69,-75577.69,0,SIMULATED/DERIVED,Synthetic variance decomposition; no plant actuals supplied
2025-05,SKU017,Dairy,631,19338,21658.56,12202278,13666552,1200704.68,40023.47,223545.85,1464274,SIMULATED/DERIVED,Synthetic variance decomposition; no plant actuals supplied
2025-05,SKU018,Beverages,653,22080,22080,14418240,14418240,0,47291.83,-47291.83,0,SIMULATED/DERIVED,Synthetic variance decomposition; no plant actuals supplied
2025-05,SKU019,Condiments,647,9090,9090,5881230,5881230,0,19290.43,-19290.43,0,SIMULATED/DERIVED,Synthetic variance decomposition; no plant actuals supplied
2025-05,SKU020,Convenience Foods,718,11395,11395,8181610,8181610,0,26835.68,-26835.68,0,SIMULATED/DERIVED,Synthetic variance decomposition; no plant actuals supplied
2025-05,SKU021,Dairy,703,10750,12040,7557250,8464120,743633.4,24787.78,138448.82,906870,SIMULATED/DERIVED,Synthetic variance decomposition; no plant actuals supplied
2025-05,SKU022,Beverages,745,12968,12968,9661160,9661160,0,31688.6,-31688.6,0,SIMULATED/DERIVED,Synthetic variance decomposition; no plant actuals supplied
2025-05,SKU023,Condiments,833,15360,15360,12794880,12794880,0,41967.21,-41967.21,0,SIMULATED/DERIVED,Synthetic variance decomposition; no plant actuals supplied
2025-05,SKU024,Convenience Foods,909,17928,17928,16296552,16296552,0,53452.69,-53452.69,0,SIMULATED/DERIVED,Synthetic variance decomposition; no plant actuals supplied
2025-05,SKU025,Dairy,873,20670,23150.4,18044910,20210299,1775618.98,59187.3,330582.72,2165389,SIMULATED/DERIVED,Synthetic variance decomposition; no plant actuals supplied
2025-05,SKU026,Beverages,931,18275,18275,17014025,17014025,0,55806,-55806,0,SIMULATED/DERIVED,Synthetic variance decomposition; no plant actuals supplied
2025-05,SKU027,Condiments,1046,20930,20930,21892780,21892780,0,71808.32,-71808.32,0,SIMULATED/DERIVED,Synthetic variance decomposition; no plant actuals supplied
2025-05,SKU028,Convenience Foods,1027,8640,8640,8873280,8873280,0,29104.36,-29104.36,0,SIMULATED/DERIVED,Synthetic variance decomposition; no plant actuals supplied
2025-05,SKU029,Dairy,1011,10858,12160.96,10977438,12294730,1080179.44,36006,201106.56,1317292,SIMULATED/DERIVED,Synthetic variance decomposition; no plant actuals supplied
2025-05,SKU030,Beverages,1042,13250,13250,13806500,13806500,0,45285.32,-45285.32,0,SIMULATED/DERIVED,Synthetic variance decomposition; no plant actuals supplied
2025-05,SKU031,Condiments,1202,12255,12255,14730510,14730510,0,48316.07,-48316.07,0,SIMULATED/DERIVED,Synthetic variance decomposition; no plant actuals supplied
2025-05,SKU032,Convenience Foods,1241,14560,14560,18068960,18068960,0,59266.19,-59266.19,0,SIMULATED/DERIVED,Synthetic variance decomposition; no plant actuals supplied
2025-05,SKU033,Dairy,1295,17040,19084.8,22066800,24714816,2171373.12,72379.1,404263.78,2648016,SIMULATED/DERIVED,Synthetic variance decomposition; no plant actuals supplied
2025-05,SKU034,Beverages,597,19695,19695,11757915,11757915,0,38565.96,-38565.96,0,SIMULATED/DERIVED,Synthetic variance decomposition; no plant actuals supplied
2025-05,SKU035,Condiments,645,22525,22525,14528625,14528625,0,47653.89,-47653.89,0,SIMULATED/DERIVED,Synthetic variance decomposition; no plant actuals supplied
2025-05,SKU036,Convenience Foods,668,19780,19780,13213040,13213040,0,43338.77,-43338.77,0,SIMULATED/DERIVED,Synthetic variance decomposition; no plant actuals supplied
2025-06,SKU001,Dairy,712,7740,8668.8,5510880,6172186,542270.92,54227.06,64808.02,661306,SIMULATED/DERIVED,Synthetic variance decomposition; no plant actuals supplied
2025-06,SKU002,Beverages,731,9782,9782,7150642,7150642,0,70362.32,-70362.32,0,SIMULATED/DERIVED,Synthetic variance decomposition; no plant actuals supplied
2025-06,SKU003,Condiments,791,12000,12000,9492000,9492000,0,93401.28,-93401.28,0,SIMULATED/DERIVED,Synthetic variance decomposition; no plant actuals supplied
2025-06,SKU004,Convenience Foods,811,14392,14392,11671912,11671912,0,114851.61,-114851.61,0,SIMULATED/DERIVED,Synthetic variance decomposition; no plant actuals supplied
2025-06,SKU005,Dairy,850,16960,18995.2,14416000,16145920,1418534.4,141853.44,169532.16,1729920,SIMULATED/DERIVED,Synthetic variance decomposition; no plant actuals supplied
2025-06,SKU006,Beverages,877,15265,15265,13387405,13387405,0,131732.07,-131732.07,0,SIMULATED/DERIVED,Synthetic variance decomposition; no plant actuals supplied
2025-06,SKU007,Condiments,892,17745,17745,15828540,15828540,0,155752.83,-155752.83,0,SIMULATED/DERIVED,Synthetic variance decomposition; no plant actuals supplied
2025-06,SKU008,Convenience Foods,967,20400,20400,19726800,19726800,0,194111.71,-194111.71,0,SIMULATED/DERIVED,Synthetic variance decomposition; no plant actuals supplied
2025-06,SKU009,Dairy,919,23230,26017.6,21348370,23910174,2100679.28,210067.96,251056.76,2561804,SIMULATED/DERIVED,Synthetic variance decomposition; no plant actuals supplied
2025-06,SKU010,Beverages,1027,9540,9540,9797580,9797580,0,96408.19,-96408.19,0,SIMULATED/DERIVED,Synthetic variance decomposition; no plant actuals supplied
2025-06,SKU011,Condiments,1099,9245,9245,10160255,10160255,0,99976.91,-99976.91,0,SIMULATED/DERIVED,Synthetic variance decomposition; no plant actuals supplied
2025-06,SKU012,Convenience Foods,1139,11375,11375,12956125,12956125,0,127488.27,-127488.27,0,SIMULATED/DERIVED,Synthetic variance decomposition; no plant actuals supplied
2025-06,SKU013,Dairy,1099,13680,15321.6,15034320,16838439,1479377.58,147937.71,176803.71,1804119,SIMULATED/DERIVED,Synthetic variance decomposition; no plant actuals supplied
2025-06,SKU014,Beverages,1107,16160,16160,17889120,17889120,0,176028.94,-176028.94,0,SIMULATED/DERIVED,Synthetic variance decomposition; no plant actuals supplied
2025-06,SKU015,Condiments,1256,18815,18815,23631640,23631640,0,232535.34,-232535.34,0,SIMULATED/DERIVED,Synthetic variance decomposition; no plant actuals supplied
2025-06,SKU016,Convenience Foods,1305,16770,16770,21884850,21884850,0,215346.92,-215346.92,0,SIMULATED/DERIVED,Synthetic variance decomposition; no plant actuals supplied
2025-06,SKU017,Dairy,670,19338,21658.56,12956460,14511236,1274916.32,127491.57,152368.11,1554776,SIMULATED/DERIVED,Synthetic variance decomposition; no plant actuals supplied
2025-06,SKU018,Beverages,661,22080,22080,14594880,14594880,0,143613.62,-143613.62,0,SIMULATED/DERIVED,Synthetic variance decomposition; no plant actuals supplied
2025-06,SKU019,Condiments,628,9090,9090,5708520,5708520,0,56171.84,-56171.84,0,SIMULATED/DERIVED,Synthetic variance decomposition; no plant actuals supplied
2025-06,SKU020,Convenience Foods,701,11395,11395,7987895,7987895,0,78600.89,-78600.89,0,SIMULATED/DERIVED,Synthetic variance decomposition; no plant actuals supplied
2025-06,SKU021,Dairy,819,10750,12040,8804250,9860760,866338.2,86633.82,103537.98,1056510,SIMULATED/DERIVED,Synthetic variance decomposition; no plant actuals supplied
2025-06,SKU022,Beverages,801,12968,12968,10387368,10387368,0,102211.7,-102211.7,0,SIMULATED/DERIVED,Synthetic variance decomposition; no plant actuals supplied
2025-06,SKU023,Condiments,786,15360,15360,12072960,12072960,0,118797.93,-118797.93,0,SIMULATED/DERIVED,Synthetic variance decomposition; no plant actuals supplied
2025-06,SKU024,Convenience Foods,958,17928,17928,17175024,17175024,0,169002.24,-169002.24,0,SIMULATED/DERIVED,Synthetic variance decomposition; no plant actuals supplied
2025-06,SKU025,Dairy,1035,20670,23150.4,21393450,23960663,2105114.66,210511.55,251586.79,2567213,SIMULATED/DERIVED,Synthetic variance decomposition; no plant actuals supplied
2025-06,SKU026,Beverages,963,18275,18275,17598825,17598825,0,173172.44,-173172.44,0,SIMULATED/DERIVED,Synthetic variance decomposition; no plant actuals supplied
2025-06,SKU027,Condiments,1065,20930,20930,22290450,22290450,0,219338.03,-219338.03,0,SIMULATED/DERIVED,Synthetic variance decomposition; no plant actuals supplied
2025-06,SKU028,Convenience Foods,1096,8640,8640,9469440,9469440,0,93179.29,-93179.29,0,SIMULATED/DERIVED,Synthetic variance decomposition; no plant actuals supplied
2025-06,SKU029,Dairy,1207,10858,12160.96,13105606,14678278,1289591.04,128959.16,154121.8,1572672,SIMULATED/DERIVED,Synthetic variance decomposition; no plant actuals supplied
2025-06,SKU030,Beverages,1177,13250,13250,15595250,15595250,0,153457.26,-153457.26,0,SIMULATED/DERIVED,Synthetic variance decomposition; no plant actuals supplied
2025-06,SKU031,Condiments,1209,12255,12255,14816295,14816295,0,145792.34,-145792.34,0,SIMULATED/DERIVED,Synthetic variance decomposition; no plant actuals supplied
2025-06,SKU032,Convenience Foods,1189,14560,14560,17311840,17311840,0,170348.51,-170348.51,0,SIMULATED/DERIVED,Synthetic variance decomposition; no plant actuals supplied
2025-06,SKU033,Dairy,1408,17040,19084.8,23992320,26871398,2360843.96,236084.43,282149.61,2879078,SIMULATED/DERIVED,Synthetic variance decomposition; no plant actuals supplied
2025-06,SKU034,Beverages,624,19695,19695,12289680,12289680,0,120930.45,-120930.45,0,SIMULATED/DERIVED,Synthetic variance decomposition; no plant actuals supplied
2025-06,SKU035,Condiments,629,22525,22525,14168225,14168225,0,139415.33,-139415.33,0,SIMULATED/DERIVED,Synthetic variance decomposition; no plant actuals supplied
2025-06,SKU036,Convenience Foods,656,19780,19780,12975680,12975680,0,127680.69,-127680.69,0,SIMULATED/DERIVED,Synthetic variance decomposition; no plant actuals supplied
2025-07,SKU001,Dairy,669,7740,8668.8,5178060,5799427,509520.94,16984.04,94862.02,621367,SIMULATED/DERIVED,Synthetic variance decomposition; no plant actuals supplied
2025-07,SKU002,Beverages,721,9782,9782,7052822,7052822,0,23133.26,-23133.26,0,SIMULATED/DERIVED,Synthetic variance decomposition; no plant actuals supplied
2025-07,SKU003,Condiments,748,12000,12000,8976000,8976000,0,29441.28,-29441.28,0,SIMULATED/DERIVED,Synthetic variance decomposition; no plant actuals supplied
2025-07,SKU004,Convenience Foods,752,14392,14392,10822784,10822784,0,35498.73,-35498.73,0,SIMULATED/DERIVED,Synthetic variance decomposition; no plant actuals supplied
2025-07,SKU005,Dairy,818,16960,18995.2,13873280,15538072,1365129.44,45504.36,254158.2,1664792,SIMULATED/DERIVED,Synthetic variance decomposition; no plant actuals supplied
2025-07,SKU006,Beverages,912,15265,15265,13921680,13921680,0,45663.11,-45663.11,0,SIMULATED/DERIVED,Synthetic variance decomposition; no plant actuals supplied
2025-07,SKU007,Condiments,954,17745,17745,16928730,16928730,0,55526.23,-55526.23,0,SIMULATED/DERIVED,Synthetic variance decomposition; no plant actuals supplied
2025-07,SKU008,Convenience Foods,976,20400,20400,19910400,19910400,0,65306.11,-65306.11,0,SIMULATED/DERIVED,Synthetic variance decomposition; no plant actuals supplied
2025-07,SKU009,Dairy,1068,23230,26017.6,24809640,27786797,2441268.74,81375.62,454512.64,2977157,SIMULATED/DERIVED,Synthetic variance decomposition; no plant actuals supplied
2025-07,SKU010,Beverages,1019,9540,9540,9721260,9721260,0,31885.73,-31885.73,0,SIMULATED/DERIVED,Synthetic variance decomposition; no plant actuals supplied
2025-07,SKU011,Condiments,1022,9245,9245,9448390,9448390,0,30990.72,-30990.72,0,SIMULATED/DERIVED,Synthetic variance decomposition; no plant actuals supplied
2025-07,SKU012,Convenience Foods,1006,11375,11375,11443250,11443250,0,37533.86,-37533.86,0,SIMULATED/DERIVED,Synthetic variance decomposition; no plant actuals supplied
2025-07,SKU013,Dairy,1089,13680,15321.6,14897520,16685221,1465914.82,48863.87,272922.31,1787701,SIMULATED/DERIVED,Synthetic variance decomposition; no plant actuals supplied
2025-07,SKU014,Beverages,1280,16160,16160,20684800,20684800,0,67846.14,-67846.14,0,SIMULATED/DERIVED,Synthetic variance decomposition; no plant actuals supplied
2025-07,SKU015,Condiments,1216,18815,18815,22879040,22879040,0,75043.25,-75043.25,0,SIMULATED/DERIVED,Synthetic variance decomposition; no plant actuals supplied
2025-07,SKU016,Convenience Foods,1317,16770,16770,22086090,22086090,0,72442.38,-72442.38,0,SIMULATED/DERIVED,Synthetic variance decomposition; no plant actuals supplied
2025-07,SKU017,Dairy,723,19338,21658.56,13981374,15659138,1375766.48,45858.91,256138.61,1677764,SIMULATED/DERIVED,Synthetic variance decomposition; no plant actuals supplied
2025-07,SKU018,Beverages,690,22080,22080,15235200,15235200,0,49971.46,-49971.46,0,SIMULATED/DERIVED,Synthetic variance decomposition; no plant actuals supplied
2025-07,SKU019,Condiments,759,9090,9090,6899310,6899310,0,22629.74,-22629.74,0,SIMULATED/DERIVED,Synthetic variance decomposition; no plant actuals supplied
2025-07,SKU020,Convenience Foods,684,11395,11395,7794180,7794180,0,25564.91,-25564.91,0,SIMULATED/DERIVED,Synthetic variance decomposition; no plant actuals supplied
2025-07,SKU021,Dairy,825,10750,12040,8868750,9933000,872685,29089.5,162475.5,1064250,SIMULATED/DERIVED,Synthetic variance decomposition; no plant actuals supplied
2025-07,SKU022,Beverages,849,12968,12968,11009832,11009832,0,36112.25,-36112.25,0,SIMULATED/DERIVED,Synthetic variance decomposition; no plant actuals supplied
2025-07,SKU023,Condiments,868,15360,15360,13332480,13332480,0,43730.53,-43730.53,0,SIMULATED/DERIVED,Synthetic variance decomposition; no plant actuals supplied
2025-07,SKU024,Convenience Foods,824,17928,17928,14772672,14772672,0,48454.36,-48454.36,0,SIMULATED/DERIVED,Synthetic variance decomposition; no plant actuals supplied
2025-07,SKU025,Dairy,926,20670,23150.4,19140420,21437270,1883417,62780.58,350652.42,2296850,SIMULATED/DERIVED,Synthetic variance decomposition; no plant actuals supplied
2025-07,SKU026,Beverages,1022,18275,18275,18677050,18677050,0,61260.72,-61260.72,0,SIMULATED/DERIVED,Synthetic variance decomposition; no plant actuals supplied
2025-07,SKU027,Condiments,1000,20930,20930,20930000,20930000,0,68650.4,-68650.4,0,SIMULATED/DERIVED,Synthetic variance decomposition; no plant actuals supplied
2025-07,SKU028,Convenience Foods,1128,8640,8640,9745920,9745920,0,31966.62,-31966.62,0,SIMULATED/DERIVED,Synthetic variance decomposition; no plant actuals supplied
2025-07,SKU029,Dairy,1106,10858,12160.96,12008948,13450021,1181679.86,39389.35,220003.79,1441073,SIMULATED/DERIVED,Synthetic variance decomposition; no plant actuals supplied
2025-07,SKU030,Beverages,1235,13250,13250,16363750,16363750,0,53673.1,-53673.1,0,SIMULATED/DERIVED,Synthetic variance decomposition; no plant actuals supplied
2025-07,SKU031,Condiments,1206,12255,12255,14779530,14779530,0,48476.86,-48476.86,0,SIMULATED/DERIVED,Synthetic variance decomposition; no plant actuals supplied
2025-07,SKU032,Convenience Foods,1300,14560,14560,18928000,18928000,0,62083.84,-62083.84,0,SIMULATED/DERIVED,Synthetic variance decomposition; no plant actuals supplied
2025-07,SKU033,Dairy,1270,17040,19084.8,21640800,24237696,2129454.72,70981.82,396459.46,2596896,SIMULATED/DERIVED,Synthetic variance decomposition; no plant actuals supplied
2025-07,SKU034,Beverages,626,19695,19695,12329070,12329070,0,40439.35,-40439.35,0,SIMULATED/DERIVED,Synthetic variance decomposition; no plant actuals supplied
2025-07,SKU035,Condiments,682,22525,22525,15362050,15362050,0,50387.52,-50387.52,0,SIMULATED/DERIVED,Synthetic variance decomposition; no plant actuals supplied
2025-07,SKU036,Convenience Foods,706,19780,19780,13964680,13964680,0,45804.15,-45804.15,0,SIMULATED/DERIVED,Synthetic variance decomposition; no plant actuals supplied
2025-08,SKU001,Dairy,692,7740,8668.8,5356080,5998810,527038.6,17567.94,98123.46,642730,SIMULATED/DERIVED,Synthetic variance decomposition; no plant actuals supplied
2025-08,SKU002,Beverages,780,9782,10564.56,7629960,8240357,500525.54,25026.27,84845.19,610397,SIMULATED/DERIVED,Synthetic variance decomposition; no plant actuals supplied
2025-08,SKU003,Condiments,772,12000,12000,9264000,9264000,0,30385.92,-30385.92,0,SIMULATED/DERIVED,Synthetic variance decomposition; no plant actuals supplied
2025-08,SKU004,Convenience Foods,769,14392,14392,11067448,11067448,0,36301.23,-36301.23,0,SIMULATED/DERIVED,Synthetic variance decomposition; no plant actuals supplied
2025-08,SKU005,Dairy,870,16960,18995.2,14755200,16525824,1451911.68,48397.06,270315.26,1770624,SIMULATED/DERIVED,Synthetic variance decomposition; no plant actuals supplied
2025-08,SKU006,Beverages,914,15265,16486.2,13952210,15068386,915264.32,45763.25,155148.43,1116176,SIMULATED/DERIVED,Synthetic variance decomposition; no plant actuals supplied
2025-08,SKU007,Condiments,1051,17745,17745,18649995,18649995,0,61171.98,-61171.98,0,SIMULATED/DERIVED,Synthetic variance decomposition; no plant actuals supplied
2025-08,SKU008,Convenience Foods,866,20400,20400,17666400,17666400,0,57945.79,-57945.79,0,SIMULATED/DERIVED,Synthetic variance decomposition; no plant actuals supplied
2025-08,SKU009,Dairy,1094,23230,26017.6,25413620,28463255,2500700.7,83356.67,465577.63,3049635,SIMULATED/DERIVED,Synthetic variance decomposition; no plant actuals supplied
2025-08,SKU010,Beverages,1089,9540,10303.2,10389060,11220185,681522.5,34076.12,115526.38,831125,SIMULATED/DERIVED,Synthetic variance decomposition; no plant actuals supplied
2025-08,SKU011,Condiments,1178,9245,9245,10890610,10890610,0,35721.2,-35721.2,0,SIMULATED/DERIVED,Synthetic variance decomposition; no plant actuals supplied
2025-08,SKU012,Convenience Foods,1223,11375,11375,13911625,13911625,0,45630.13,-45630.13,0,SIMULATED/DERIVED,Synthetic variance decomposition; no plant actuals supplied
2025-08,SKU013,Dairy,1212,13680,15321.6,16580160,18569779,1631487.58,54382.92,303748.5,1989619,SIMULATED/DERIVED,Synthetic variance decomposition; no plant actuals supplied
2025-08,SKU014,Beverages,1132,16160,17452.8,18293120,19756570,1200029,60001.43,203419.57,1463450,SIMULATED/DERIVED,Synthetic variance decomposition; no plant actuals supplied
2025-08,SKU015,Condiments,1263,18815,18815,23763345,23763345,0,77943.77,-77943.77,0,SIMULATED/DERIVED,Synthetic variance decomposition; no plant actuals supplied
2025-08,SKU016,Convenience Foods,1431,16770,16770,23997870,23997870,0,78713.01,-78713.01,0,SIMULATED/DERIVED,Synthetic variance decomposition; no plant actuals supplied
2025-08,SKU017,Dairy,633,19338,21658.56,12240954,13709868,1204509.48,40150.33,224254.19,1468914,SIMULATED/DERIVED,Synthetic variance decomposition; no plant actuals supplied
2025-08,SKU018,Beverages,737,22080,23846.4,16272960,17574797,1067506.34,53375.31,180955.35,1301837,SIMULATED/DERIVED,Synthetic variance decomposition; no plant actuals supplied
2025-08,SKU019,Condiments,768,9090,9090,6981120,6981120,0,22898.07,-22898.07,0,SIMULATED/DERIVED,Synthetic variance decomposition; no plant actuals supplied
2025-08,SKU020,Convenience Foods,805,11395,11395,9172975,9172975,0,30087.36,-30087.36,0,SIMULATED/DERIVED,Synthetic variance decomposition; no plant actuals supplied
2025-08,SKU021,Dairy,838,10750,12040,9008500,10089520,886436.4,29547.88,165035.72,1081020,SIMULATED/DERIVED,Synthetic variance decomposition; no plant actuals supplied
2025-08,SKU022,Beverages,832,12968,14005.44,10789376,11652527,707783.82,35389.15,119978.03,863151,SIMULATED/DERIVED,Synthetic variance decomposition; no plant actuals supplied
2025-08,SKU023,Condiments,836,15360,15360,12840960,12840960,0,42118.35,-42118.35,0,SIMULATED/DERIVED,Synthetic variance decomposition; no plant actuals supplied
2025-08,SKU024,Convenience Foods,1040,17928,17928,18645120,18645120,0,61155.99,-61155.99,0,SIMULATED/DERIVED,Synthetic variance decomposition; no plant actuals supplied
2025-08,SKU025,Dairy,1009,20670,23150.4,20856030,23358754,2052233.68,68407.78,382082.54,2502724,SIMULATED/DERIVED,Synthetic variance decomposition; no plant actuals supplied
2025-08,SKU026,Beverages,997,18275,19737,18220175,19677789,1195243.48,59762.17,202608.35,1457614,SIMULATED/DERIVED,Synthetic variance decomposition; no plant actuals supplied
2025-08,SKU027,Condiments,1058,20930,20930,22143940,22143940,0,72632.12,-72632.12,0,SIMULATED/DERIVED,Synthetic variance decomposition; no plant actuals supplied
2025-08,SKU028,Convenience Foods,1060,8640,8640,9158400,9158400,0,30039.55,-30039.55,0,SIMULATED/DERIVED,Synthetic variance decomposition; no plant actuals supplied
2025-08,SKU029,Dairy,1107,10858,12160.96,12019806,13462182,1182748.32,39424.96,220202.72,1442376,SIMULATED/DERIVED,Synthetic variance decomposition; no plant actuals supplied
2025-08,SKU030,Beverages,1188,13250,14310,15741000,17000280,1032609.6,51630.48,175039.92,1259280,SIMULATED/DERIVED,Synthetic variance decomposition; no plant actuals supplied
2025-08,SKU031,Condiments,1257,12255,12255,15404535,15404535,0,50526.87,-50526.87,0,SIMULATED/DERIVED,Synthetic variance decomposition; no plant actuals supplied
2025-08,SKU032,Convenience Foods,1287,14560,14560,18738720,18738720,0,61463,-61463,0,SIMULATED/DERIVED,Synthetic variance decomposition; no plant actuals supplied
2025-08,SKU033,Dairy,1340,17040,19084.8,22833600,25573631,2246825.42,74894.21,418311.37,2740031,SIMULATED/DERIVED,Synthetic variance decomposition; no plant actuals supplied
2025-08,SKU034,Beverages,656,19695,21270.6,12919920,13953514,847547.08,42377.34,143669.58,1033594,SIMULATED/DERIVED,Synthetic variance decomposition; no plant actuals supplied
2025-08,SKU035,Condiments,625,22525,22525,14078125,14078125,0,46176.25,-46176.25,0,SIMULATED/DERIVED,Synthetic variance decomposition; no plant actuals supplied
2025-08,SKU036,Convenience Foods,734,19780,19780,14518520,14518520,0,47620.75,-47620.75,0,SIMULATED/DERIVED,Synthetic variance decomposition; no plant actuals supplied
2025-09,SKU001,Dairy,801,7740,8668.8,6199740,6943709,610054.58,20335.15,113579.27,743969,SIMULATED/DERIVED,Synthetic variance decomposition; no plant actuals supplied
2025-09,SKU002,Beverages,822,9782,10564.56,8040804,8684069,527477.3,26373.84,89413.86,643265,SIMULATED/DERIVED,Synthetic variance decomposition; no plant actuals supplied
2025-09,SKU003,Condiments,840,12000,12000,10080000,10080000,0,33062.4,-33062.4,0,SIMULATED/DERIVED,Synthetic variance decomposition; no plant actuals supplied
2025-09,SKU004,Convenience Foods,756,14392,14392,10880352,10880352,0,35687.55,-35687.55,0,SIMULATED/DERIVED,Synthetic variance decomposition; no plant actuals supplied
2025-09,SKU005,Dairy,921,16960,18995.2,15620160,17494578,1537022.76,51234.12,286161.12,1874418,SIMULATED/DERIVED,Synthetic variance decomposition; no plant actuals supplied
2025-09,SKU006,Beverages,903,15265,16486.2,13784295,14887038,904249.26,45212.49,153281.25,1102743,SIMULATED/DERIVED,Synthetic variance decomposition; no plant actuals supplied
2025-09,SKU007,Condiments,1009,17745,17745,17904705,17904705,0,58727.43,-58727.43,0,SIMULATED/DERIVED,Synthetic variance decomposition; no plant actuals supplied
2025-09,SKU008,Convenience Foods,1066,20400,20400,21746400,21746400,0,71328.19,-71328.19,0,SIMULATED/DERIVED,Synthetic variance decomposition; no plant actuals supplied
2025-09,SKU009,Dairy,1165,23230,26017.6,27062950,30310504,2662994.28,88766.48,495793.24,3247554,SIMULATED/DERIVED,Synthetic variance decomposition; no plant actuals supplied
2025-09,SKU010,Beverages,1055,9540,10303.2,10064700,10869876,660244.32,33012.22,111919.46,805176,SIMULATED/DERIVED,Synthetic variance decomposition; no plant actuals supplied
2025-09,SKU011,Condiments,1216,9245,9245,11241920,11241920,0,36873.5,-36873.5,0,SIMULATED/DERIVED,Synthetic variance decomposition; no plant actuals supplied
2025-09,SKU012,Convenience Foods,1163,11375,11375,13229125,13229125,0,43391.53,-43391.53,0,SIMULATED/DERIVED,Synthetic variance decomposition; no plant actuals supplied
2025-09,SKU013,Dairy,1214,13680,15321.6,16607520,18600422,1634179.64,54472.67,304249.69,1992902,SIMULATED/DERIVED,Synthetic variance decomposition; no plant actuals supplied
2025-09,SKU014,Beverages,1323,16160,17452.8,21379680,23090055,1402507.5,70125.35,237742.15,1710375,SIMULATED/DERIVED,Synthetic variance decomposition; no plant actuals supplied
2025-09,SKU015,Condiments,1260,18815,18815,23706900,23706900,0,77758.63,-77758.63,0,SIMULATED/DERIVED,Synthetic variance decomposition; no plant actuals supplied
2025-09,SKU016,Convenience Foods,1379,16770,16770,23125830,23125830,0,75852.72,-75852.72,0,SIMULATED/DERIVED,Synthetic variance decomposition; no plant actuals supplied
2025-09,SKU017,Dairy,753,19338,21658.56,14561514,16308896,1432853.24,47761.77,266766.99,1747382,SIMULATED/DERIVED,Synthetic variance decomposition; no plant actuals supplied
2025-09,SKU018,Beverages,775,22080,23846.4,17112000,18480960,1122547.2,56127.36,190285.44,1368960,SIMULATED/DERIVED,Synthetic variance decomposition; no plant actuals supplied
2025-09,SKU019,Condiments,745,9090,9090,6772050,6772050,0,22212.32,-22212.32,0,SIMULATED/DERIVED,Synthetic variance decomposition; no plant actuals supplied
2025-09,SKU020,Convenience Foods,779,11395,11395,8876705,8876705,0,29115.59,-29115.59,0,SIMULATED/DERIVED,Synthetic variance decomposition; no plant actuals supplied
2025-09,SKU021,Dairy,842,10750,12040,9051500,10137680,890667.6,29688.92,165823.48,1086180,SIMULATED/DERIVED,Synthetic variance decomposition; no plant actuals supplied
2025-09,SKU022,Beverages,889,12968,14005.44,11528552,12450836,756272.88,37813.65,128197.47,922284,SIMULATED/DERIVED,Synthetic variance decomposition; no plant actuals supplied
2025-09,SKU023,Condiments,932,15360,15360,14315520,14315520,0,46954.91,-46954.91,0,SIMULATED/DERIVED,Synthetic variance decomposition; no plant actuals supplied
2025-09,SKU024,Convenience Foods,980,17928,17928,17569440,17569440,0,57627.76,-57627.76,0,SIMULATED/DERIVED,Synthetic variance decomposition; no plant actuals supplied
2025-09,SKU025,Dairy,1036,20670,23150.4,21414120,23983813,2107148.26,70238.31,392306.43,2569693,SIMULATED/DERIVED,Synthetic variance decomposition; no plant actuals supplied
2025-09,SKU026,Beverages,1073,18275,19737,19609075,21177801,1286355.32,64317.77,218052.91,1568726,SIMULATED/DERIVED,Synthetic variance decomposition; no plant actuals supplied
2025-09,SKU027,Condiments,1159,20930,20930,24257870,24257870,0,79565.81,-79565.81,0,SIMULATED/DERIVED,Synthetic variance decomposition; no plant actuals supplied
2025-09,SKU028,Convenience Foods,1247,8640,8640,10774080,10774080,0,35338.98,-35338.98,0,SIMULATED/DERIVED,Synthetic variance decomposition; no plant actuals supplied
2025-09,SKU029,Dairy,1212,10858,12160.96,13159896,14739083,1294933.34,43164.46,241089.2,1579187,SIMULATED/DERIVED,Synthetic variance decomposition; no plant actuals supplied
2025-09,SKU030,Beverages,1158,13250,14310,15343500,16570980,1006533.6,50326.68,170619.72,1227480,SIMULATED/DERIVED,Synthetic variance decomposition; no plant actuals supplied
2025-09,SKU031,Condiments,1173,12255,12255,14375115,14375115,0,47150.38,-47150.38,0,SIMULATED/DERIVED,Synthetic variance decomposition; no plant actuals supplied
2025-09,SKU032,Convenience Foods,1322,14560,14560,19248320,19248320,0,63134.49,-63134.49,0,SIMULATED/DERIVED,Synthetic variance decomposition; no plant actuals supplied
2025-09,SKU033,Dairy,1388,17040,19084.8,23651520,26489703,2327310.06,77576.99,433295.95,2838183,SIMULATED/DERIVED,Synthetic variance decomposition; no plant actuals supplied
2025-09,SKU034,Beverages,653,19695,21270.6,12860835,13889702,843670.94,42183.54,143012.52,1028867,SIMULATED/DERIVED,Synthetic variance decomposition; no plant actuals supplied
2025-09,SKU035,Condiments,769,22525,22525,17321725,17321725,0,56815.26,-56815.26,0,SIMULATED/DERIVED,Synthetic variance decomposition; no plant actuals supplied
2025-09,SKU036,Convenience Foods,841,19780,19780,16634980,16634980,0,54562.73,-54562.73,0,SIMULATED/DERIVED,Synthetic variance decomposition; no plant actuals supplied
2025-10,SKU001,Dairy,663,7740,8668.8,5131620,5747415,504951.9,16831.71,94011.39,615795,SIMULATED/DERIVED,Synthetic variance decomposition; no plant actuals supplied
2025-10,SKU002,Beverages,769,9782,10564.56,7522358,8124146,493466.16,24673.33,83648.51,601788,SIMULATED/DERIVED,Synthetic variance decomposition; no plant actuals supplied
2025-10,SKU003,Condiments,714,12000,12000,8568000,8568000,0,28103.04,-28103.04,0,SIMULATED/DERIVED,Synthetic variance decomposition; no plant actuals supplied
2025-10,SKU004,Convenience Foods,800,14392,14392,11513600,11513600,0,37764.61,-37764.61,0,SIMULATED/DERIVED,Synthetic variance decomposition; no plant actuals supplied
2025-10,SKU005,Dairy,844,16960,18995.2,14314240,16031948,1408520.56,46950.71,262236.73,1717708,SIMULATED/DERIVED,Synthetic variance decomposition; no plant actuals supplied
2025-10,SKU006,Beverages,784,15265,16486.2,11967760,12925181,785085.22,39254.25,133081.53,957421,SIMULATED/DERIVED,Synthetic variance decomposition; no plant actuals supplied
2025-10,SKU007,Condiments,940,17745,17745,16680300,16680300,0,54711.38,-54711.38,0,SIMULATED/DERIVED,Synthetic variance decomposition; no plant actuals supplied
2025-10,SKU008,Convenience Foods,955,20400,20400,19482000,19482000,0,63900.96,-63900.96,0,SIMULATED/DERIVED,Synthetic variance decomposition; no plant actuals supplied
2025-10,SKU009,Dairy,868,23230,26017.6,20163640,22583277,1984102.34,66136.74,369397.92,2419637,SIMULATED/DERIVED,Synthetic variance decomposition; no plant actuals supplied
2025-10,SKU010,Beverages,1104,9540,10303.2,10532160,11374732,690909.04,34545.48,117117.48,842572,SIMULATED/DERIVED,Synthetic variance decomposition; no plant actuals supplied
2025-10,SKU011,Condiments,1023,9245,9245,9457635,9457635,0,31021.04,-31021.04,0,SIMULATED/DERIVED,Synthetic variance decomposition; no plant actuals supplied
2025-10,SKU012,Convenience Foods,998,11375,11375,11352250,11352250,0,37235.38,-37235.38,0,SIMULATED/DERIVED,Synthetic variance decomposition; no plant actuals supplied
2025-10,SKU013,Dairy,1059,13680,15321.6,14487120,16225574,1425532.28,47517.75,265403.97,1738454,SIMULATED/DERIVED,Synthetic variance decomposition; no plant actuals supplied
2025-10,SKU014,Beverages,1157,16160,17452.8,18697120,20192890,1226531.4,61326.55,207912.05,1495770,SIMULATED/DERIVED,Synthetic variance decomposition; no plant actuals supplied
2025-10,SKU015,Condiments,1159,18815,18815,21806585,21806585,0,71525.6,-71525.6,0,SIMULATED/DERIVED,Synthetic variance decomposition; no plant actuals supplied
2025-10,SKU016,Convenience Foods,1157,16770,16770,19402890,19402890,0,63641.48,-63641.48,0,SIMULATED/DERIVED,Synthetic variance decomposition; no plant actuals supplied
2025-10,SKU017,Dairy,638,19338,21658.56,12337644,13818161,1214023.94,40467.47,226025.59,1480517,SIMULATED/DERIVED,Synthetic variance decomposition; no plant actuals supplied
2025-10,SKU018,Beverages,645,22080,23846.4,14241600,15380927,934248.14,46712.45,158366.41,1139327,SIMULATED/DERIVED,Synthetic variance decomposition; no plant actuals supplied
2025-10,SKU019,Condiments,656,9090,9090,5963040,5963040,0,19558.77,-19558.77,0,SIMULATED/DERIVED,Synthetic variance decomposition; no plant actuals supplied
2025-10,SKU020,Convenience Foods,683,11395,11395,7782785,7782785,0,25527.53,-25527.53,0,SIMULATED/DERIVED,Synthetic variance decomposition; no plant actuals supplied
2025-10,SKU021,Dairy,783,10750,12040,8417250,9427320,828257.4,27608.58,154204.02,1010070,SIMULATED/DERIVED,Synthetic variance decomposition; no plant actuals supplied
2025-10,SKU022,Beverages,808,12968,14005.44,10478144,11316395,687365.82,34368.31,116516.87,838251,SIMULATED/DERIVED,Synthetic variance decomposition; no plant actuals supplied
2025-10,SKU023,Condiments,835,15360,15360,12825600,12825600,0,42067.97,-42067.97,0,SIMULATED/DERIVED,Synthetic variance decomposition; no plant actuals supplied
2025-10,SKU024,Convenience Foods,875,17928,17928,15687000,15687000,0,51453.36,-51453.36,0,SIMULATED/DERIVED,Synthetic variance decomposition; no plant actuals supplied
2025-10,SKU025,Dairy,947,20670,23150.4,19574490,21923429,1926129.98,64204.33,358604.69,2348939,SIMULATED/DERIVED,Synthetic variance decomposition; no plant actuals supplied
2025-10,SKU026,Beverages,944,18275,19737,17251600,18631728,1131704.96,56585.25,191837.79,1380128,SIMULATED/DERIVED,Synthetic variance decomposition; no plant actuals supplied
2025-10,SKU027,Condiments,1125,20930,20930,23546250,23546250,0,77231.7,-77231.7,0,SIMULATED/DERIVED,Synthetic variance decomposition; no plant actuals supplied
2025-10,SKU028,Convenience Foods,1024,8640,8640,8847360,8847360,0,29019.34,-29019.34,0,SIMULATED/DERIVED,Synthetic variance decomposition; no plant actuals supplied
2025-10,SKU029,Dairy,1121,10858,12160.96,12171818,13632436,1197706.76,39923.56,222987.68,1460618,SIMULATED/DERIVED,Synthetic variance decomposition; no plant actuals supplied
2025-10,SKU030,Beverages,1161,13250,14310,15383250,16613910,1009141.2,50457.06,171061.74,1230660,SIMULATED/DERIVED,Synthetic variance decomposition; no plant actuals supplied
2025-10,SKU031,Condiments,1156,12255,12255,14166780,14166780,0,46467.04,-46467.04,0,SIMULATED/DERIVED,Synthetic variance decomposition; no plant actuals supplied
2025-10,SKU032,Convenience Foods,1077,14560,14560,15681120,15681120,0,51434.07,-51434.07,0,SIMULATED/DERIVED,Synthetic variance decomposition; no plant actuals supplied
2025-10,SKU033,Dairy,1295,17040,19084.8,22066800,24714817,2171373.94,72379.1,404263.96,2648017,SIMULATED/DERIVED,Synthetic variance decomposition; no plant actuals supplied
2025-10,SKU034,Beverages,645,19695,21270.6,12703275,13719538,833335.66,41666.74,141260.6,1016263,SIMULATED/DERIVED,Synthetic variance decomposition; no plant actuals supplied
2025-10,SKU035,Condiments,735,22525,22525,16555875,16555875,0,54303.27,-54303.27,0,SIMULATED/DERIVED,Synthetic variance decomposition; no plant actuals supplied
2025-10,SKU036,Convenience Foods,665,19780,19780,13153700,13153700,0,43144.14,-43144.14,0,SIMULATED/DERIVED,Synthetic variance decomposition; no plant actuals supplied
2025-11,SKU001,Dairy,766,7740,8668.8,5928840,6640302,583398.84,19446.6,108616.56,711462,SIMULATED/DERIVED,Synthetic variance decomposition; no plant actuals supplied
2025-11,SKU002,Beverages,800,9782,10564.56,7825600,8451648,513359.36,25667.97,87020.67,626048,SIMULATED/DERIVED,Synthetic variance decomposition; no plant actuals supplied
2025-11,SKU003,Condiments,792,12000,12000,9504000,9504000,0,31173.12,-31173.12,0,SIMULATED/DERIVED,Synthetic variance decomposition; no plant actuals supplied
2025-11,SKU004,Convenience Foods,906,14392,14392,13039152,13039152,0,42768.42,-42768.42,0,SIMULATED/DERIVED,Synthetic variance decomposition; no plant actuals supplied
2025-11,SKU005,Dairy,934,16960,18995.2,15840640,17741518,1558719.96,51957.3,290200.74,1900878,SIMULATED/DERIVED,Synthetic variance decomposition; no plant actuals supplied
2025-11,SKU006,Beverages,933,15265,16486.2,14242245,15381624,934290.78,46714.56,158373.66,1139379,SIMULATED/DERIVED,Synthetic variance decomposition; no plant actuals supplied
2025-11,SKU007,Condiments,979,17745,17745,17372355,17372355,0,56981.32,-56981.32,0,SIMULATED/DERIVED,Synthetic variance decomposition; no plant actuals supplied
2025-11,SKU008,Convenience Foods,1035,20400,20400,21114000,21114000,0,69253.92,-69253.92,0,SIMULATED/DERIVED,Synthetic variance decomposition; no plant actuals supplied
2025-11,SKU009,Dairy,1134,23230,26017.6,26342820,29503958,2592133.16,86404.45,482600.39,3161138,SIMULATED/DERIVED,Synthetic variance decomposition; no plant actuals supplied
2025-11,SKU010,Beverages,1266,9540,10303.2,12077640,13043851,792293.02,39614.66,134303.32,966211,SIMULATED/DERIVED,Synthetic variance decomposition; no plant actuals supplied
2025-11,SKU011,Condiments,1162,9245,9245,10742690,10742690,0,35236.02,-35236.02,0,SIMULATED/DERIVED,Synthetic variance decomposition; no plant actuals supplied
2025-11,SKU012,Convenience Foods,1167,11375,11375,13274625,13274625,0,43540.77,-43540.77,0,SIMULATED/DERIVED,Synthetic variance decomposition; no plant actuals supplied
2025-11,SKU013,Dairy,1239,13680,15321.6,16949520,18983462,1667832.44,55594.43,310515.13,2033942,SIMULATED/DERIVED,Synthetic variance decomposition; no plant actuals supplied
2025-11,SKU014,Beverages,1332,16160,17452.8,21525120,23247129,1412047.38,70602.39,239359.23,1722009,SIMULATED/DERIVED,Synthetic variance decomposition; no plant actuals supplied
2025-11,SKU015,Condiments,1500,18815,18815,28222500,28222500,0,92569.8,-92569.8,0,SIMULATED/DERIVED,Synthetic variance decomposition; no plant actuals supplied
2025-11,SKU016,Convenience Foods,1426,16770,16770,23914020,23914020,0,78437.99,-78437.99,0,SIMULATED/DERIVED,Synthetic variance decomposition; no plant actuals supplied
2025-11,SKU017,Dairy,758,19338,21658.56,14658204,16417188,1442366.88,48078.91,268538.21,1758984,SIMULATED/DERIVED,Synthetic variance decomposition; no plant actuals supplied
2025-11,SKU018,Beverages,742,22080,23846.4,16383360,17694029,1074748.58,53737.42,182183,1310669,SIMULATED/DERIVED,Synthetic variance decomposition; no plant actuals supplied
2025-11,SKU019,Condiments,726,9090,9090,6599340,6599340,0,21645.84,-21645.84,0,SIMULATED/DERIVED,Synthetic variance decomposition; no plant actuals supplied
2025-11,SKU020,Convenience Foods,793,11395,11395,9036235,9036235,0,29638.85,-29638.85,0,SIMULATED/DERIVED,Synthetic variance decomposition; no plant actuals supplied
2025-11,SKU021,Dairy,851,10750,12040,9148250,10246040,900187.8,30006.26,167595.94,1097790,SIMULATED/DERIVED,Synthetic variance decomposition; no plant actuals supplied
2025-11,SKU022,Beverages,974,12968,14005.44,12630832,13641298,828582.12,41429.13,140454.75,1010466,SIMULATED/DERIVED,Synthetic variance decomposition; no plant actuals supplied
2025-11,SKU023,Condiments,955,15360,15360,14668800,14668800,0,48113.66,-48113.66,0,SIMULATED/DERIVED,Synthetic variance decomposition; no plant actuals supplied
2025-11,SKU024,Convenience Foods,1022,17928,17928,18322416,18322416,0,60097.52,-60097.52,0,SIMULATED/DERIVED,Synthetic variance decomposition; no plant actuals supplied
2025-11,SKU025,Dairy,1132,20670,23150.4,23398440,26206253,2302406.66,76746.88,428659.46,2807813,SIMULATED/DERIVED,Synthetic variance decomposition; no plant actuals supplied
2025-11,SKU026,Beverages,1048,18275,19737,19152200,20684376,1256384.32,62819.22,212972.46,1532176,SIMULATED/DERIVED,Synthetic variance decomposition; no plant actuals supplied
2025-11,SKU027,Condiments,1096,20930,20930,22939280,22939280,0,75240.84,-75240.84,0,SIMULATED/DERIVED,Synthetic variance decomposition; no plant actuals supplied
2025-11,SKU028,Convenience Foods,1213,8640,8640,10480320,10480320,0,34375.45,-34375.45,0,SIMULATED/DERIVED,Synthetic variance decomposition; no plant actuals supplied
2025-11,SKU029,Dairy,1268,10858,12160.96,13767944,15420097,1354765.46,45158.86,252228.68,1652153,SIMULATED/DERIVED,Synthetic variance decomposition; no plant actuals supplied
2025-11,SKU030,Beverages,1338,13250,14310,17728500,19146780,1162989.6,58149.48,197140.92,1418280,SIMULATED/DERIVED,Synthetic variance decomposition; no plant actuals supplied
2025-11,SKU031,Condiments,1396,12255,12255,17107980,17107980,0,56114.17,-56114.17,0,SIMULATED/DERIVED,Synthetic variance decomposition; no plant actuals supplied
2025-11,SKU032,Convenience Foods,1430,14560,14560,20820800,20820800,0,68292.22,-68292.22,0,SIMULATED/DERIVED,Synthetic variance decomposition; no plant actuals supplied
2025-11,SKU033,Dairy,1308,17040,19084.8,22288320,24962918,2193170.36,73105.69,408321.95,2674598,SIMULATED/DERIVED,Synthetic variance decomposition; no plant actuals supplied
2025-11,SKU034,Beverages,690,19695,21270.6,13589550,14676714,891474.48,44573.72,151115.8,1087164,SIMULATED/DERIVED,Synthetic variance decomposition; no plant actuals supplied
2025-11,SKU035,Condiments,745,22525,22525,16781125,16781125,0,55042.09,-55042.09,0,SIMULATED/DERIVED,Synthetic variance decomposition; no plant actuals supplied
2025-11,SKU036,Convenience Foods,756,19780,19780,14953680,14953680,0,49048.07,-49048.07,0,SIMULATED/DERIVED,Synthetic variance decomposition; no plant actuals supplied
2025-12,SKU001,Dairy,849,7740,8668.8,6571260,7359811,646611.82,64661.2,77277.98,788551,SIMULATED/DERIVED,Synthetic variance decomposition; no plant actuals supplied
2025-12,SKU002,Beverages,768,9782,10564.56,7512576,8113582,492824.92,73923.75,34257.33,601006,SIMULATED/DERIVED,Synthetic variance decomposition; no plant actuals supplied
2025-12,SKU003,Condiments,887,12000,12000,10644000,10644000,0,104736.96,-104736.96,0,SIMULATED/DERIVED,Synthetic variance decomposition; no plant actuals supplied
2025-12,SKU004,Convenience Foods,836,14392,14392,12031712,12031712,0,118392.05,-118392.05,0,SIMULATED/DERIVED,Synthetic variance decomposition; no plant actuals supplied
2025-12,SKU005,Dairy,883,16960,18995.2,14975680,16772761,1473606.42,147360.69,176113.89,1797081,SIMULATED/DERIVED,Synthetic variance decomposition; no plant actuals supplied
2025-12,SKU006,Beverages,1046,15265,16486.2,15967190,17244565,1047447.5,157117.15,72810.35,1277375,SIMULATED/DERIVED,Synthetic variance decomposition; no plant actuals supplied
2025-12,SKU007,Condiments,970,17745,17745,17212650,17212650,0,169372.48,-169372.48,0,SIMULATED/DERIVED,Synthetic variance decomposition; no plant actuals supplied
2025-12,SKU008,Convenience Foods,1025,20400,20400,20910000,20910000,0,205754.4,-205754.4,0,SIMULATED/DERIVED,Synthetic variance decomposition; no plant actuals supplied
2025-12,SKU009,Dairy,1036,23230,26017.6,24066280,26954233,2368121.46,236812.2,283019.34,2887953,SIMULATED/DERIVED,Synthetic variance decomposition; no plant actuals supplied
2025-12,SKU010,Beverages,1027,9540,10303.2,9797580,10581387,642721.74,96408.19,44677.07,783807,SIMULATED/DERIVED,Synthetic variance decomposition; no plant actuals supplied
2025-12,SKU011,Condiments,1254,9245,9245,11593230,11593230,0,114077.38,-114077.38,0,SIMULATED/DERIVED,Synthetic variance decomposition; no plant actuals supplied
2025-12,SKU012,Convenience Foods,1208,11375,11375,13741000,13741000,0,135211.44,-135211.44,0,SIMULATED/DERIVED,Synthetic variance decomposition; no plant actuals supplied
2025-12,SKU013,Dairy,1244,13680,15321.6,17017920,19060071,1674563.82,167456.33,200130.85,2042151,SIMULATED/DERIVED,Synthetic variance decomposition; no plant actuals supplied
2025-12,SKU014,Beverages,1357,16160,17452.8,21929120,23683450,1438550.6,215782.54,99996.86,1754330,SIMULATED/DERIVED,Synthetic variance decomposition; no plant actuals supplied
2025-12,SKU015,Condiments,1342,18815,18815,25249730,25249730,0,248457.34,-248457.34,0,SIMULATED/DERIVED,Synthetic variance decomposition; no plant actuals supplied
2025-12,SKU016,Convenience Foods,1437,16770,16770,24098490,24098490,0,237129.14,-237129.14,0,SIMULATED/DERIVED,Synthetic variance decomposition; no plant actuals supplied
2025-12,SKU017,Dairy,713,19338,21658.56,13787994,15442553,1356738.38,135673.86,162146.76,1654559,SIMULATED/DERIVED,Synthetic variance decomposition; no plant actuals supplied
2025-12,SKU018,Beverages,758,22080,23846.4,16736640,18075571,1097923.42,164688.54,76319.04,1338931,SIMULATED/DERIVED,Synthetic variance decomposition; no plant actuals supplied
2025-12,SKU019,Condiments,756,9090,9090,6872040,6872040,0,67620.87,-67620.87,0,SIMULATED/DERIVED,Synthetic variance decomposition; no plant actuals supplied
2025-12,SKU020,Convenience Foods,827,11395,11395,9423665,9423665,0,92728.86,-92728.86,0,SIMULATED/DERIVED,Synthetic variance decomposition; no plant actuals supplied
2025-12,SKU021,Dairy,946,10750,12040,10169500,11389840,1000678.8,100067.88,119593.32,1220340,SIMULATED/DERIVED,Synthetic variance decomposition; no plant actuals supplied
2025-12,SKU022,Beverages,1011,12968,14005.44,13110648,14159499,860057.82,129008.78,59784.4,1048851,SIMULATED/DERIVED,Synthetic variance decomposition; no plant actuals supplied
2025-12,SKU023,Condiments,989,15360,15360,15191040,15191040,0,149479.83,-149479.83,0,SIMULATED/DERIVED,Synthetic variance decomposition; no plant actuals supplied
2025-12,SKU024,Convenience Foods,1107,17928,17928,19846296,19846296,0,195287.55,-195287.55,0,SIMULATED/DERIVED,Synthetic variance decomposition; no plant actuals supplied
2025-12,SKU025,Dairy,1154,20670,23150.4,23853180,26715562,2347153.24,234715.29,280513.47,2862382,SIMULATED/DERIVED,Synthetic variance decomposition; no plant actuals supplied
2025-12,SKU026,Beverages,1084,18275,19737,19810100,21394908,1299542.56,194931.38,90334.06,1584808,SIMULATED/DERIVED,Synthetic variance decomposition; no plant actuals supplied
2025-12,SKU027,Condiments,1165,20930,20930,24383450,24383450,0,239933.15,-239933.15,0,SIMULATED/DERIVED,Synthetic variance decomposition; no plant actuals supplied
2025-12,SKU028,Convenience Foods,1206,8640,8640,10419840,10419840,0,102531.23,-102531.23,0,SIMULATED/DERIVED,Synthetic variance decomposition; no plant actuals supplied
2025-12,SKU029,Dairy,1273,10858,12160.96,13822234,15480902,1360107.76,136010.78,162549.46,1658668,SIMULATED/DERIVED,Synthetic variance decomposition; no plant actuals supplied
2025-12,SKU030,Beverages,1249,13250,14310,16549250,17873190,1085630.8,162844.62,75464.58,1323940,SIMULATED/DERIVED,Synthetic variance decomposition; no plant actuals supplied
2025-12,SKU031,Condiments,1386,12255,12255,16985430,16985430,0,167136.63,-167136.63,0,SIMULATED/DERIVED,Synthetic variance decomposition; no plant actuals supplied
2025-12,SKU032,Convenience Foods,1275,14560,14560,18564000,18564000,0,182669.76,-182669.76,0,SIMULATED/DERIVED,Synthetic variance decomposition; no plant actuals supplied
2025-12,SKU033,Dairy,1354,17040,19084.8,23072160,25840820,2270301.2,227030.05,271328.75,2768660,SIMULATED/DERIVED,Synthetic variance decomposition; no plant actuals supplied
2025-12,SKU034,Beverages,772,19695,21270.6,15204540,16420903,997417.66,149612.67,69332.67,1216363,SIMULATED/DERIVED,Synthetic variance decomposition; no plant actuals supplied
2025-12,SKU035,Condiments,802,22525,22525,18065050,18065050,0,177760.09,-177760.09,0,SIMULATED/DERIVED,Synthetic variance decomposition; no plant actuals supplied
2025-12,SKU036,Convenience Foods,795,19780,19780,15725100,15725100,0,154734.98,-154734.98,0,SIMULATED/DERIVED,Synthetic variance decomposition; no plant actuals supplied
