period,sku,category,inventory_value_vnd,dio_proxy_days,slow_moving_flag,reserve_rate,reserve_vnd,evidence_class,policy
2023-01,SKU001,Dairy,23127120,129.55,true,0.15,3469068,SIMULATED/DERIVED,slow_moving_15pct
2023-01,SKU002,Beverages,26851590,101.4,false,0.08,2148127.2,SIMULATED/DERIVED,aging_over_90d_8pct
2023-01,SKU003,Condiments,34392000,118.75,true,0.15,5158800,SIMULATED/DERIVED,slow_moving_15pct
2023-01,SKU004,Convenience Foods,42384440,119.4,true,0.15,6357666,SIMULATED/DERIVED,slow_moving_15pct
2023-01,SKU005,Dairy,50591680,112.7,false,0.08,4047334.4,SIMULATED/DERIVED,aging_over_90d_8pct
2023-01,SKU006,Beverages,44466945,98,false,0.08,3557355.6,SIMULATED/DERIVED,aging_over_90d_8pct
2023-01,SKU007,Condiments,53235000,105.1,false,0.08,4258800,SIMULATED/DERIVED,aging_over_90d_8pct
2023-01,SKU008,Convenience Foods,58629600,93.75,false,0.08,4690368,SIMULATED/DERIVED,aging_over_90d_8pct
2023-01,SKU009,Dairy,62140250,84.65,false,0.01,621402.5,SIMULATED/DERIVED,normal_1pct
2023-01,SKU010,Beverages,26034660,83.5,false,0.01,260346.6,SIMULATED/DERIVED,normal_1pct
2023-01,SKU011,Condiments,25414505,81.65,false,0.01,254145.05,SIMULATED/DERIVED,normal_1pct
2023-01,SKU012,Convenience Foods,26663000,61.15,false,0.01,266630,SIMULATED/DERIVED,normal_1pct
2023-01,SKU013,Dairy,34049520,64.25,false,0.01,340495.2,SIMULATED/DERIVED,normal_1pct
2023-01,SKU014,Beverages,38169920,55.4,false,0.01,381699.2,SIMULATED/DERIVED,normal_1pct
2023-01,SKU015,Condiments,43838950,58.35,false,0.01,438389.5,SIMULATED/DERIVED,normal_1pct
2023-01,SKU016,Convenience Foods,41975310,59.9,false,0.01,419753.1,SIMULATED/DERIVED,normal_1pct
2023-01,SKU017,Dairy,59328984,149.4,true,0.15,8899347.6,SIMULATED/DERIVED,slow_moving_15pct
2023-01,SKU018,Beverages,66416640,132.7,true,0.15,9962496,SIMULATED/DERIVED,slow_moving_15pct
2023-01,SKU019,Condiments,25979220,123.2,true,0.15,3896883,SIMULATED/DERIVED,slow_moving_15pct
2023-01,SKU020,Convenience Foods,31176720,111.8,false,0.08,2494137.6,SIMULATED/DERIVED,aging_over_90d_8pct
2023-01,SKU021,Dairy,32647750,109.5,false,0.08,2611820,SIMULATED/DERIVED,aging_over_90d_8pct
2023-01,SKU022,Beverages,34144744,89.95,false,0.01,341447.44,SIMULATED/DERIVED,normal_1pct
2023-01,SKU023,Condiments,44712960,107.55,false,0.08,3577036.8,SIMULATED/DERIVED,aging_over_90d_8pct
2023-01,SKU024,Convenience Foods,50933448,92.65,false,0.08,4074675.84,SIMULATED/DERIVED,aging_over_90d_8pct
2023-01,SKU025,Dairy,58310070,90.8,false,0.08,4664805.6,SIMULATED/DERIVED,aging_over_90d_8pct
2023-01,SKU026,Beverages,48447025,85.5,false,0.01,484470.25,SIMULATED/DERIVED,normal_1pct
2023-01,SKU027,Condiments,55192410,77.25,false,0.01,551924.1,SIMULATED/DERIVED,normal_1pct
2023-01,SKU028,Convenience Foods,23293440,78.4,false,0.01,232934.4,SIMULATED/DERIVED,normal_1pct
2023-01,SKU029,Dairy,28306806,74.9,false,0.01,283068.06,SIMULATED/DERIVED,normal_1pct
2023-01,SKU030,Beverages,32793750,61.95,false,0.01,327937.5,SIMULATED/DERIVED,normal_1pct
2023-01,SKU031,Condiments,30012495,61.15,false,0.01,300124.95,SIMULATED/DERIVED,normal_1pct
2023-01,SKU032,Convenience Foods,39006240,70.25,false,0.01,390062.4,SIMULATED/DERIVED,normal_1pct
2023-01,SKU033,Dairy,40657440,55,false,0.01,406574.4,SIMULATED/DERIVED,normal_1pct
2023-01,SKU034,Beverages,62137725,167.2,true,0.15,9320658.75,SIMULATED/DERIVED,slow_moving_15pct
2023-01,SKU035,Condiments,67192075,135.2,true,0.15,10078811.25,SIMULATED/DERIVED,slow_moving_15pct
2023-01,SKU036,Convenience Foods,59537800,132.05,true,0.15,8930670,SIMULATED/DERIVED,slow_moving_15pct
2023-02,SKU001,Dairy,24164280,127.25,true,0.15,3624642,SIMULATED/DERIVED,slow_moving_15pct
2023-02,SKU002,Beverages,25257124,99.05,false,0.08,2020569.92,SIMULATED/DERIVED,aging_over_90d_8pct
2023-02,SKU003,Condiments,32340000,104.7,false,0.08,2587200,SIMULATED/DERIVED,aging_over_90d_8pct
2023-02,SKU004,Convenience Foods,39578000,104.7,false,0.08,3166240,SIMULATED/DERIVED,aging_over_90d_8pct
2023-02,SKU005,Dairy,48319040,103.25,false,0.08,3865523.2,SIMULATED/DERIVED,aging_over_90d_8pct
2023-02,SKU006,Beverages,39566880,93.5,false,0.08,3165350.4,SIMULATED/DERIVED,aging_over_90d_8pct
2023-02,SKU007,Condiments,48585810,85.05,false,0.01,485858.1,SIMULATED/DERIVED,normal_1pct
2023-02,SKU008,Convenience Foods,47613600,68,false,0.01,476136,SIMULATED/DERIVED,normal_1pct
2023-02,SKU009,Dairy,51245380,65.5,false,0.01,512453.8,SIMULATED/DERIVED,normal_1pct
2023-02,SKU010,Beverages,22018320,64.25,false,0.01,220183.2,SIMULATED/DERIVED,normal_1pct
2023-02,SKU011,Condiments,19294315,55.4,false,0.01,192943.15,SIMULATED/DERIVED,normal_1pct
2023-02,SKU012,Convenience Foods,19599125,43.25,false,0.01,195991.25,SIMULATED/DERIVED,normal_1pct
2023-02,SKU013,Dairy,24487200,41.8,false,0.01,244872,SIMULATED/DERIVED,normal_1pct
2023-02,SKU014,Beverages,28748640,44.7,false,0.01,287486.4,SIMULATED/DERIVED,normal_1pct
2023-02,SKU015,Condiments,29595995,38.35,false,0.01,295959.95,SIMULATED/DERIVED,normal_1pct
2023-02,SKU016,Convenience Foods,26060580,34.05,false,0.01,260605.8,SIMULATED/DERIVED,normal_1pct
2023-02,SKU017,Dairy,60682644,135.25,true,0.15,9102396.6,SIMULATED/DERIVED,slow_moving_15pct
2023-02,SKU018,Beverages,65511360,125.7,true,0.15,9826704,SIMULATED/DERIVED,slow_moving_15pct
2023-02,SKU019,Condiments,24388470,110.25,false,0.08,1951077.6,SIMULATED/DERIVED,aging_over_90d_8pct
2023-02,SKU020,Convenience Foods,30379070,99.75,false,0.08,2430325.6,SIMULATED/DERIVED,aging_over_90d_8pct
2023-02,SKU021,Dairy,30927750,106.85,false,0.08,2474220,SIMULATED/DERIVED,aging_over_90d_8pct
2023-02,SKU022,Beverages,31836440,92.75,false,0.08,2546915.2,SIMULATED/DERIVED,aging_over_90d_8pct
2023-02,SKU023,Condiments,40826880,87.4,false,0.01,408268.8,SIMULATED/DERIVED,normal_1pct
2023-02,SKU024,Convenience Foods,43869816,76.65,false,0.01,438698.16,SIMULATED/DERIVED,normal_1pct
2023-02,SKU025,Dairy,50744850,72.65,false,0.01,507448.5,SIMULATED/DERIVED,normal_1pct
2023-02,SKU026,Beverages,39620200,62.05,false,0.01,396202,SIMULATED/DERIVED,normal_1pct
2023-02,SKU027,Condiments,42278600,56.2,false,0.01,422786,SIMULATED/DERIVED,normal_1pct
2023-02,SKU028,Convenience Foods,18826560,58.45,false,0.01,188265.6,SIMULATED/DERIVED,normal_1pct
2023-02,SKU029,Dairy,21802864,51.65,false,0.01,218028.64,SIMULATED/DERIVED,normal_1pct
2023-02,SKU030,Beverages,25254500,51.9,false,0.01,252545,SIMULATED/DERIVED,normal_1pct
2023-02,SKU031,Condiments,21409485,40.05,false,0.01,214094.85,SIMULATED/DERIVED,normal_1pct
2023-02,SKU032,Convenience Foods,29920800,49,false,0.01,299208,SIMULATED/DERIVED,normal_1pct
2023-02,SKU033,Dairy,25151040,31.25,false,0.01,251510.4,SIMULATED/DERIVED,normal_1pct
2023-02,SKU034,Beverages,63673935,145.2,true,0.15,9551090.25,SIMULATED/DERIVED,slow_moving_15pct
2023-02,SKU035,Condiments,65412600,134.85,true,0.15,9811890,SIMULATED/DERIVED,slow_moving_15pct
2023-02,SKU036,Convenience Foods,56630140,113.6,false,0.08,4530411.2,SIMULATED/DERIVED,aging_over_90d_8pct
2023-03,SKU001,Dairy,22144140,110.9,true,0.15,3321621,SIMULATED/DERIVED,slow_moving_15pct
2023-03,SKU002,Beverages,23144212,94.15,false,0.08,1851536.96,SIMULATED/DERIVED,aging_over_90d_8pct
2023-03,SKU003,Condiments,29736000,94.35,false,0.08,2378880,SIMULATED/DERIVED,aging_over_90d_8pct
2023-03,SKU004,Convenience Foods,37188928,94.05,false,0.08,2975114.24,SIMULATED/DERIVED,aging_over_90d_8pct
2023-03,SKU005,Dairy,45232320,95.25,false,0.08,3618585.6,SIMULATED/DERIVED,aging_over_90d_8pct
2023-03,SKU006,Beverages,32697630,68.35,false,0.01,326976.3,SIMULATED/DERIVED,normal_1pct
2023-03,SKU007,Condiments,43954365,78.05,false,0.01,439543.65,SIMULATED/DERIVED,normal_1pct
2023-03,SKU008,Convenience Foods,39106800,60.05,false,0.01,391068,SIMULATED/DERIVED,normal_1pct
2023-03,SKU009,Dairy,36052960,42.45,false,0.01,360529.6,SIMULATED/DERIVED,normal_1pct
2023-03,SKU010,Beverages,16265700,44.9,false,0.01,162657,SIMULATED/DERIVED,normal_1pct
2023-03,SKU011,Condiments,12656405,35.15,false,0.01,126564.05,SIMULATED/DERIVED,normal_1pct
2023-03,SKU012,Convenience Foods,12250875,32.3,false,0.01,122508.75,SIMULATED/DERIVED,normal_1pct
2023-03,SKU013,Dairy,13844160,26.25,false,0.01,138441.6,SIMULATED/DERIVED,normal_1pct
2023-03,SKU014,Beverages,13332000,18.8,false,0.01,133320,SIMULATED/DERIVED,normal_1pct
2023-03,SKU015,Condiments,10310620,12.65,false,0.01,103106.2,SIMULATED/DERIVED,normal_1pct
2023-03,SKU016,Convenience Foods,9173190,12.35,false,0.01,91731.9,SIMULATED/DERIVED,normal_1pct
2023-03,SKU017,Dairy,56582988,129.1,true,0.15,8487448.2,SIMULATED/DERIVED,slow_moving_15pct
2023-03,SKU018,Beverages,63877440,114.8,false,0.08,5110195.2,SIMULATED/DERIVED,aging_over_90d_8pct
2023-03,SKU019,Condiments,23006790,96.35,false,0.08,1840543.2,SIMULATED/DERIVED,aging_over_90d_8pct
2023-03,SKU020,Convenience Foods,27393580,86.05,false,0.01,273935.8,SIMULATED/DERIVED,normal_1pct
2023-03,SKU021,Dairy,29885000,107.5,true,0.15,4482750,SIMULATED/DERIVED,slow_moving_15pct
2023-03,SKU022,Beverages,27569968,78.55,false,0.01,275699.68,SIMULATED/DERIVED,normal_1pct
2023-03,SKU023,Condiments,34652160,74.4,false,0.01,346521.6,SIMULATED/DERIVED,normal_1pct
2023-03,SKU024,Convenience Foods,36788256,67.5,false,0.01,367882.56,SIMULATED/DERIVED,normal_1pct
2023-03,SKU025,Dairy,42724890,67.1,false,0.01,427248.9,SIMULATED/DERIVED,normal_1pct
2023-03,SKU026,Beverages,30098925,48.1,false,0.01,300989.25,SIMULATED/DERIVED,normal_1pct
2023-03,SKU027,Condiments,27878760,34.3,false,0.01,278787.6,SIMULATED/DERIVED,normal_1pct
2023-03,SKU028,Convenience Foods,13659840,45.35,false,0.01,136598.4,SIMULATED/DERIVED,normal_1pct
2023-03,SKU029,Dairy,13235902,32.4,false,0.01,132359.02,SIMULATED/DERIVED,normal_1pct
2023-03,SKU030,Beverages,16337250,32.7,false,0.01,163372.5,SIMULATED/DERIVED,normal_1pct
2023-03,SKU031,Condiments,10563810,20.55,false,0.01,105638.1,SIMULATED/DERIVED,normal_1pct
2023-03,SKU032,Convenience Foods,17442880,28.85,false,0.01,174428.8,SIMULATED/DERIVED,normal_1pct
2023-03,SKU033,Dairy,7446480,9.75,false,0.01,74464.8,SIMULATED/DERIVED,normal_1pct
2023-03,SKU034,Beverages,64993500,152.3,true,0.15,9749025,SIMULATED/DERIVED,slow_moving_15pct
2023-03,SKU035,Condiments,62979900,117.45,true,0.15,9446985,SIMULATED/DERIVED,slow_moving_15pct
2023-03,SKU036,Convenience Foods,51526900,102.3,false,0.08,4122152,SIMULATED/DERIVED,aging_over_90d_8pct
2023-04,SKU001,Dairy,21168900,104.65,false,0.08,1693512,SIMULATED/DERIVED,aging_over_90d_8pct
2023-04,SKU002,Beverages,20776968,81.7,false,0.01,207769.68,SIMULATED/DERIVED,normal_1pct
2023-04,SKU003,Condiments,24972000,78,false,0.01,249720,SIMULATED/DERIVED,normal_1pct
2023-04,SKU004,Convenience Foods,35994392,99,false,0.08,2879551.36,SIMULATED/DERIVED,aging_over_90d_8pct
2023-04,SKU005,Dairy,42383040,89.65,false,0.01,423830.4,SIMULATED/DERIVED,normal_1pct
2023-04,SKU006,Beverages,26881665,61.75,false,0.01,268816.65,SIMULATED/DERIVED,normal_1pct
2023-04,SKU007,Condiments,34868925,58.8,false,0.01,348689.25,SIMULATED/DERIVED,normal_1pct
2023-04,SKU008,Convenience Foods,27703200,38.8,false,0.01,277032,SIMULATED/DERIVED,normal_1pct
2023-04,SKU009,Dairy,19815190,23.15,false,0.01,198151.9,SIMULATED/DERIVED,normal_1pct
2023-04,SKU010,Beverages,9158400,25.6,false,0.01,91584,SIMULATED/DERIVED,normal_1pct
2023-04,SKU011,Condiments,5565490,17.45,false,0.01,55654.9,SIMULATED/DERIVED,normal_1pct
2023-04,SKU012,Convenience Foods,2195375,5,false,0.01,21953.75,SIMULATED/DERIVED,normal_1pct
2023-04,SKU013,Dairy,1313280,2.55,false,0.01,13132.8,SIMULATED/DERIVED,normal_1pct
2023-04,SKU014,Beverages,0,0,false,0.01,0,SIMULATED/DERIVED,normal_1pct
2023-04,SKU015,Condiments,0,0,false,0.01,0,SIMULATED/DERIVED,normal_1pct
2023-04,SKU016,Convenience Foods,0,0,false,0.01,0,SIMULATED/DERIVED,normal_1pct
2023-04,SKU017,Dairy,54455808,118,true,0.15,8168371.2,SIMULATED/DERIVED,slow_moving_15pct
2023-04,SKU018,Beverages,65069760,121.1,true,0.15,9760464,SIMULATED/DERIVED,slow_moving_15pct
2023-04,SKU019,Condiments,22397760,100.7,false,0.08,1791820.8,SIMULATED/DERIVED,aging_over_90d_8pct
2023-04,SKU020,Convenience Foods,23188825,69.65,false,0.01,231888.25,SIMULATED/DERIVED,normal_1pct
2023-04,SKU021,Dairy,26918000,80.25,false,0.01,269180,SIMULATED/DERIVED,normal_1pct
2023-04,SKU022,Beverages,21591720,53.25,false,0.01,215917.2,SIMULATED/DERIVED,normal_1pct
2023-04,SKU023,Condiments,29030400,63,false,0.01,290304,SIMULATED/DERIVED,normal_1pct
2023-04,SKU024,Convenience Foods,28272456,50.75,false,0.01,282724.56,SIMULATED/DERIVED,normal_1pct
2023-04,SKU025,Dairy,30818970,43.1,false,0.01,308189.7,SIMULATED/DERIVED,normal_1pct
2023-04,SKU026,Beverages,19006000,32.65,false,0.01,190060,SIMULATED/DERIVED,normal_1pct
2023-04,SKU027,Condiments,9962680,13.3,false,0.01,99626.8,SIMULATED/DERIVED,normal_1pct
2023-04,SKU028,Convenience Foods,6877440,22.15,false,0.01,68774.4,SIMULATED/DERIVED,normal_1pct
2023-04,SKU029,Dairy,3181394,7.05,false,0.01,31813.94,SIMULATED/DERIVED,normal_1pct
2023-04,SKU030,Beverages,3312500,6.2,false,0.01,33125,SIMULATED/DERIVED,normal_1pct
2023-04,SKU031,Condiments,1127460,2.3,false,0.01,11274.6,SIMULATED/DERIVED,normal_1pct
2023-04,SKU032,Convenience Foods,3057600,4.95,false,0.01,30576,SIMULATED/DERIVED,normal_1pct
2023-04,SKU033,Dairy,0,0,false,0.01,0,SIMULATED/DERIVED,normal_1pct
2023-04,SKU034,Beverages,66687270,151.15,true,0.15,10003090.5,SIMULATED/DERIVED,slow_moving_15pct
2023-04,SKU035,Condiments,59893975,108.7,false,0.08,4791518,SIMULATED/DERIVED,aging_over_90d_8pct
2023-04,SKU036,Convenience Foods,46483000,86.6,false,0.01,464830,SIMULATED/DERIVED,normal_1pct
2023-05,SKU001,Dairy,20580660,123.85,true,0.15,3087099,SIMULATED/DERIVED,slow_moving_15pct
2023-05,SKU002,Beverages,19818332,95.85,false,0.08,1585466.56,SIMULATED/DERIVED,aging_over_90d_8pct
2023-05,SKU003,Condiments,23148000,82.7,false,0.01,231480,SIMULATED/DERIVED,normal_1pct
2023-05,SKU004,Convenience Foods,34857424,92.7,false,0.08,2788593.92,SIMULATED/DERIVED,aging_over_90d_8pct
2023-05,SKU005,Dairy,39177600,93.65,false,0.08,3134208,SIMULATED/DERIVED,aging_over_90d_8pct
2023-05,SKU006,Beverages,20104005,45.95,false,0.01,201040.05,SIMULATED/DERIVED,normal_1pct
2023-05,SKU007,Condiments,27203085,53.35,false,0.01,272030.85,SIMULATED/DERIVED,normal_1pct
2023-05,SKU008,Convenience Foods,15320400,23.6,false,0.01,153204,SIMULATED/DERIVED,normal_1pct
2023-05,SKU009,Dairy,4808610,6.05,false,0.01,48086.1,SIMULATED/DERIVED,normal_1pct
2023-05,SKU010,Beverages,1717200,5.45,false,0.01,17172,SIMULATED/DERIVED,normal_1pct
2023-05,SKU011,Condiments,258860,0.75,false,0.01,2588.6,SIMULATED/DERIVED,normal_1pct
2023-05,SKU012,Convenience Foods,0,0,false,0.01,0,SIMULATED/DERIVED,normal_1pct
2023-05,SKU013,Dairy,0,0,false,0.01,0,SIMULATED/DERIVED,normal_1pct
2023-05,SKU014,Beverages,0,0,false,0.01,0,SIMULATED/DERIVED,normal_1pct
2023-05,SKU015,Condiments,0,0,false,0.01,0,SIMULATED/DERIVED,normal_1pct
2023-05,SKU016,Convenience Foods,0,0,false,0.01,0,SIMULATED/DERIVED,normal_1pct
2023-05,SKU017,Dairy,55886820,143.05,true,0.15,8383023,SIMULATED/DERIVED,slow_moving_15pct
2023-05,SKU018,Beverages,62265600,133,true,0.15,9339840,SIMULATED/DERIVED,slow_moving_15pct
2023-05,SKU019,Condiments,21016080,110.45,false,0.08,1681286.4,SIMULATED/DERIVED,aging_over_90d_8pct
2023-05,SKU020,Convenience Foods,21285860,78.7,false,0.01,212858.6,SIMULATED/DERIVED,normal_1pct
2023-05,SKU021,Dairy,24660500,88.45,false,0.01,246605,SIMULATED/DERIVED,normal_1pct
2023-05,SKU022,Beverages,14718680,39.4,false,0.01,147186.8,SIMULATED/DERIVED,normal_1pct
2023-05,SKU023,Condiments,22517760,50.1,false,0.01,225177.6,SIMULATED/DERIVED,normal_1pct
2023-05,SKU024,Convenience Foods,16888176,29.5,false,0.01,168881.76,SIMULATED/DERIVED,normal_1pct
2023-05,SKU025,Dairy,18230940,29.9,false,0.01,182309.4,SIMULATED/DERIVED,normal_1pct
2023-05,SKU026,Beverages,5939375,9.7,false,0.01,59393.75,SIMULATED/DERIVED,normal_1pct
2023-05,SKU027,Condiments,0,0,false,0.01,0,SIMULATED/DERIVED,normal_1pct
2023-05,SKU028,Convenience Foods,0,0,false,0.01,0,SIMULATED/DERIVED,normal_1pct
2023-05,SKU029,Dairy,0,0,false,0.01,0,SIMULATED/DERIVED,normal_1pct
2023-05,SKU030,Beverages,0,0,false,0.01,0,SIMULATED/DERIVED,normal_1pct
2023-05,SKU031,Condiments,0,0,false,0.01,0,SIMULATED/DERIVED,normal_1pct
2023-05,SKU032,Convenience Foods,0,0,false,0.01,0,SIMULATED/DERIVED,normal_1pct
2023-05,SKU033,Dairy,0,0,false,0.01,0,SIMULATED/DERIVED,normal_1pct
2023-05,SKU034,Beverages,69818775,176.1,true,0.15,10472816.25,SIMULATED/DERIVED,slow_moving_15pct
2023-05,SKU035,Condiments,61470725,124.8,true,0.15,9220608.75,SIMULATED/DERIVED,slow_moving_15pct
2023-05,SKU036,Convenience Foods,42883040,92.4,false,0.08,3430643.2,SIMULATED/DERIVED,aging_over_90d_8pct
2023-06,SKU001,Dairy,20170440,118.1,true,0.15,3025566,SIMULATED/DERIVED,slow_moving_15pct
2023-06,SKU002,Beverages,17304358,69.65,false,0.01,173043.58,SIMULATED/DERIVED,normal_1pct
2023-06,SKU003,Condiments,19104000,60.95,false,0.01,191040,SIMULATED/DERIVED,normal_1pct
2023-06,SKU004,Convenience Foods,30180024,76.5,false,0.01,301800.24,SIMULATED/DERIVED,normal_1pct
2023-06,SKU005,Dairy,33122880,68.1,false,0.01,331228.8,SIMULATED/DERIVED,normal_1pct
2023-06,SKU006,Beverages,11662460,27.2,false,0.01,116624.6,SIMULATED/DERIVED,normal_1pct
2023-06,SKU007,Condiments,18649995,36.9,false,0.01,186499.95,SIMULATED/DERIVED,normal_1pct
2023-06,SKU008,Convenience Foods,7874400,12.2,false,0.01,78744,SIMULATED/DERIVED,normal_1pct
2023-06,SKU009,Dairy,0,0,false,0.01,0,SIMULATED/DERIVED,normal_1pct
2023-06,SKU010,Beverages,0,0,false,0.01,0,SIMULATED/DERIVED,normal_1pct
2023-06,SKU011,Condiments,0,0,false,0.01,0,SIMULATED/DERIVED,normal_1pct
2023-06,SKU012,Convenience Foods,0,0,false,0.01,0,SIMULATED/DERIVED,normal_1pct
2023-06,SKU013,Dairy,0,0,false,0.01,0,SIMULATED/DERIVED,normal_1pct
2023-06,SKU014,Beverages,0,0,false,0.01,0,SIMULATED/DERIVED,normal_1pct
2023-06,SKU015,Condiments,0,0,false,0.01,0,SIMULATED/DERIVED,normal_1pct
2023-06,SKU016,Convenience Foods,0,0,false,0.01,0,SIMULATED/DERIVED,normal_1pct
2023-06,SKU017,Dairy,54745878,153.35,true,0.15,8211881.7,SIMULATED/DERIVED,slow_moving_15pct
2023-06,SKU018,Beverages,63612480,129,true,0.15,9541872,SIMULATED/DERIVED,slow_moving_15pct
2023-06,SKU019,Condiments,19807110,99.05,false,0.08,1584568.8,SIMULATED/DERIVED,aging_over_90d_8pct
2023-06,SKU020,Convenience Foods,16397405,54.8,false,0.01,163974.05,SIMULATED/DERIVED,normal_1pct
2023-06,SKU021,Dairy,22188000,71.35,false,0.01,221880,SIMULATED/DERIVED,normal_1pct
2023-06,SKU022,Beverages,9038696,29.15,false,0.01,90386.96,SIMULATED/DERIVED,normal_1pct
2023-06,SKU023,Condiments,14576640,32.65,false,0.01,145766.4,SIMULATED/DERIVED,normal_1pct
2023-06,SKU024,Convenience Foods,4607496,8.45,false,0.01,46074.96,SIMULATED/DERIVED,normal_1pct
2023-06,SKU025,Dairy,5126160,8.7,false,0.01,51261.6,SIMULATED/DERIVED,normal_1pct
2023-06,SKU026,Beverages,0,0,false,0.01,0,SIMULATED/DERIVED,normal_1pct
2023-06,SKU027,Condiments,0,0,false,0.01,0,SIMULATED/DERIVED,normal_1pct
2023-06,SKU028,Convenience Foods,0,0,false,0.01,0,SIMULATED/DERIVED,normal_1pct
2023-06,SKU029,Dairy,0,0,false,0.01,0,SIMULATED/DERIVED,normal_1pct
2023-06,SKU030,Beverages,0,0,false,0.01,0,SIMULATED/DERIVED,normal_1pct
2023-06,SKU031,Condiments,0,0,false,0.01,0,SIMULATED/DERIVED,normal_1pct
2023-06,SKU032,Convenience Foods,0,0,false,0.01,0,SIMULATED/DERIVED,normal_1pct
2023-06,SKU033,Dairy,0,0,false,0.01,0,SIMULATED/DERIVED,normal_1pct
2023-06,SKU034,Beverages,74348625,188.75,true,0.15,11152293.75,SIMULATED/DERIVED,slow_moving_15pct
2023-06,SKU035,Condiments,59466000,116.45,true,0.15,8919900,SIMULATED/DERIVED,slow_moving_15pct
2023-06,SKU036,Convenience Foods,38254520,77.8,false,0.01,382545.2,SIMULATED/DERIVED,normal_1pct
2023-07,SKU001,Dairy,19690560,106.6,true,0.15,2953584,SIMULATED/DERIVED,slow_moving_15pct
2023-07,SKU002,Beverages,13910004,56.45,false,0.01,139100.04,SIMULATED/DERIVED,normal_1pct
2023-07,SKU003,Condiments,14064000,49,false,0.01,140640,SIMULATED/DERIVED,normal_1pct
2023-07,SKU004,Convenience Foods,25848032,79.7,false,0.01,258480.32,SIMULATED/DERIVED,normal_1pct
2023-07,SKU005,Dairy,26033600,56.7,false,0.01,260336,SIMULATED/DERIVED,normal_1pct
2023-07,SKU006,Beverages,5938085,11.5,false,0.01,59380.85,SIMULATED/DERIVED,normal_1pct
2023-07,SKU007,Condiments,8215935,16.7,false,0.01,82159.35,SIMULATED/DERIVED,normal_1pct
2023-07,SKU008,Convenience Foods,469200,0.75,false,0.01,4692,SIMULATED/DERIVED,normal_1pct
2023-07,SKU009,Dairy,0,0,false,0.01,0,SIMULATED/DERIVED,normal_1pct
2023-07,SKU010,Beverages,0,0,false,0.01,0,SIMULATED/DERIVED,normal_1pct
2023-07,SKU011,Condiments,0,0,false,0.01,0,SIMULATED/DERIVED,normal_1pct
2023-07,SKU012,Convenience Foods,0,0,false,0.01,0,SIMULATED/DERIVED,normal_1pct
2023-07,SKU013,Dairy,0,0,false,0.01,0,SIMULATED/DERIVED,normal_1pct
2023-07,SKU014,Beverages,0,0,false,0.01,0,SIMULATED/DERIVED,normal_1pct
2023-07,SKU015,Condiments,0,0,false,0.01,0,SIMULATED/DERIVED,normal_1pct
2023-07,SKU016,Convenience Foods,0,0,false,0.01,0,SIMULATED/DERIVED,normal_1pct
2023-07,SKU017,Dairy,53740302,138.95,true,0.15,8061045.3,SIMULATED/DERIVED,slow_moving_15pct
2023-07,SKU018,Beverages,63921600,122.35,true,0.15,9588240,SIMULATED/DERIVED,slow_moving_15pct
2023-07,SKU019,Condiments,16789230,75.7,false,0.01,167892.3,SIMULATED/DERIVED,normal_1pct
2023-07,SKU020,Convenience Foods,11463370,39.65,false,0.01,114633.7,SIMULATED/DERIVED,normal_1pct
2023-07,SKU021,Dairy,18758750,62.05,false,0.01,187587.5,SIMULATED/DERIVED,normal_1pct
2023-07,SKU022,Beverages,3734784,10.6,false,0.01,37347.84,SIMULATED/DERIVED,normal_1pct
2023-07,SKU023,Condiments,5529600,13.2,false,0.01,55296,SIMULATED/DERIVED,normal_1pct
2023-07,SKU024,Convenience Foods,0,0,false,0.01,0,SIMULATED/DERIVED,normal_1pct
2023-07,SKU025,Dairy,0,0,false,0.01,0,SIMULATED/DERIVED,normal_1pct
2023-07,SKU026,Beverages,0,0,false,0.01,0,SIMULATED/DERIVED,normal_1pct
2023-07,SKU027,Condiments,0,0,false,0.01,0,SIMULATED/DERIVED,normal_1pct
2023-07,SKU028,Convenience Foods,0,0,false,0.01,0,SIMULATED/DERIVED,normal_1pct
2023-07,SKU029,Dairy,0,0,false,0.01,0,SIMULATED/DERIVED,normal_1pct
2023-07,SKU030,Beverages,0,0,false,0.01,0,SIMULATED/DERIVED,normal_1pct
2023-07,SKU031,Condiments,0,0,false,0.01,0,SIMULATED/DERIVED,normal_1pct
2023-07,SKU032,Convenience Foods,0,0,false,0.01,0,SIMULATED/DERIVED,normal_1pct
2023-07,SKU033,Dairy,0,0,false,0.01,0,SIMULATED/DERIVED,normal_1pct
2023-07,SKU034,Beverages,76022700,157.75,true,0.15,11403405,SIMULATED/DERIVED,slow_moving_15pct
2023-07,SKU035,Condiments,59916500,122.75,true,0.15,8987475,SIMULATED/DERIVED,slow_moving_15pct
2023-07,SKU036,Convenience Foods,33487540,71.35,false,0.01,334875.4,SIMULATED/DERIVED,normal_1pct
2023-08,SKU001,Dairy,18065160,98.6,true,0.15,2709774,SIMULATED/DERIVED,slow_moving_15pct
2023-08,SKU002,Beverages,9596142,38.6,false,0.01,95961.42,SIMULATED/DERIVED,normal_1pct
2023-08,SKU003,Condiments,8028000,27.65,false,0.01,80280,SIMULATED/DERIVED,normal_1pct
2023-08,SKU004,Convenience Foods,20033664,51.95,false,0.01,200336.64,SIMULATED/DERIVED,normal_1pct
2023-08,SKU005,Dairy,17061760,32.15,false,0.01,170617.6,SIMULATED/DERIVED,normal_1pct
2023-08,SKU006,Beverages,0,0,false,0.01,0,SIMULATED/DERIVED,normal_1pct
2023-08,SKU007,Condiments,1100190,1.95,false,0.01,11001.9,SIMULATED/DERIVED,normal_1pct
2023-08,SKU008,Convenience Foods,0,0,false,0.01,0,SIMULATED/DERIVED,normal_1pct
2023-08,SKU009,Dairy,0,0,false,0.01,0,SIMULATED/DERIVED,normal_1pct
2023-08,SKU010,Beverages,0,0,false,0.01,0,SIMULATED/DERIVED,normal_1pct
2023-08,SKU011,Condiments,0,0,false,0.01,0,SIMULATED/DERIVED,normal_1pct
2023-08,SKU012,Convenience Foods,0,0,false,0.01,0,SIMULATED/DERIVED,normal_1pct
2023-08,SKU013,Dairy,0,0,false,0.01,0,SIMULATED/DERIVED,normal_1pct
2023-08,SKU014,Beverages,0,0,false,0.01,0,SIMULATED/DERIVED,normal_1pct
2023-08,SKU015,Condiments,0,0,false,0.01,0,SIMULATED/DERIVED,normal_1pct
2023-08,SKU016,Convenience Foods,0,0,false,0.01,0,SIMULATED/DERIVED,normal_1pct
2023-08,SKU017,Dairy,50027406,122.8,true,0.15,7504110.9,SIMULATED/DERIVED,slow_moving_15pct
2023-08,SKU018,Beverages,61625280,122.45,true,0.15,9243792,SIMULATED/DERIVED,slow_moving_15pct
2023-08,SKU019,Condiments,14634900,69.15,false,0.01,146349,SIMULATED/DERIVED,normal_1pct
2023-08,SKU020,Convenience Foods,7156060,23.5,false,0.01,71560.6,SIMULATED/DERIVED,normal_1pct
2023-08,SKU021,Dairy,13899750,50.75,false,0.01,138997.5,SIMULATED/DERIVED,normal_1pct
2023-08,SKU022,Beverages,0,0,false,0.01,0,SIMULATED/DERIVED,normal_1pct
2023-08,SKU023,Condiments,0,0,false,0.01,0,SIMULATED/DERIVED,normal_1pct
2023-08,SKU024,Convenience Foods,0,0,false,0.01,0,SIMULATED/DERIVED,normal_1pct
2023-08,SKU025,Dairy,0,0,false,0.01,0,SIMULATED/DERIVED,normal_1pct
2023-08,SKU026,Beverages,0,0,false,0.01,0,SIMULATED/DERIVED,normal_1pct
2023-08,SKU027,Condiments,0,0,false,0.01,0,SIMULATED/DERIVED,normal_1pct
2023-08,SKU028,Convenience Foods,0,0,false,0.01,0,SIMULATED/DERIVED,normal_1pct
2023-08,SKU029,Dairy,0,0,false,0.01,0,SIMULATED/DERIVED,normal_1pct
2023-08,SKU030,Beverages,0,0,false,0.01,0,SIMULATED/DERIVED,normal_1pct
2023-08,SKU031,Condiments,0,0,false,0.01,0,SIMULATED/DERIVED,normal_1pct
2023-08,SKU032,Convenience Foods,0,0,false,0.01,0,SIMULATED/DERIVED,normal_1pct
2023-08,SKU033,Dairy,0,0,false,0.01,0,SIMULATED/DERIVED,normal_1pct
2023-08,SKU034,Beverages,76416600,182.45,true,0.15,11462490,SIMULATED/DERIVED,slow_moving_15pct
2023-08,SKU035,Condiments,58272175,106,true,0.15,8740826.25,SIMULATED/DERIVED,slow_moving_15pct
2023-08,SKU036,Convenience Foods,26070040,53.4,false,0.01,260700.4,SIMULATED/DERIVED,normal_1pct
2023-09,SKU001,Dairy,16973820,86.15,true,0.15,2546073,SIMULATED/DERIVED,slow_moving_15pct
2023-09,SKU002,Beverages,5536612,22.6,false,0.01,55366.12,SIMULATED/DERIVED,normal_1pct
2023-09,SKU003,Condiments,2976000,9.65,false,0.01,29760,SIMULATED/DERIVED,normal_1pct
2023-09,SKU004,Convenience Foods,13586048,32.95,false,0.01,135860.48,SIMULATED/DERIVED,normal_1pct
2023-09,SKU005,Dairy,6563520,14.1,false,0.01,65635.2,SIMULATED/DERIVED,normal_1pct
2023-09,SKU006,Beverages,0,0,false,0.01,0,SIMULATED/DERIVED,normal_1pct
2023-09,SKU007,Condiments,0,0,false,0.01,0,SIMULATED/DERIVED,normal_1pct
2023-09,SKU008,Convenience Foods,0,0,false,0.01,0,SIMULATED/DERIVED,normal_1pct
2023-09,SKU009,Dairy,0,0,false,0.01,0,SIMULATED/DERIVED,normal_1pct
2023-09,SKU010,Beverages,0,0,false,0.01,0,SIMULATED/DERIVED,normal_1pct
2023-09,SKU011,Condiments,0,0,false,0.01,0,SIMULATED/DERIVED,normal_1pct
2023-09,SKU012,Convenience Foods,0,0,false,0.01,0,SIMULATED/DERIVED,normal_1pct
2023-09,SKU013,Dairy,0,0,false,0.01,0,SIMULATED/DERIVED,normal_1pct
2023-09,SKU014,Beverages,0,0,false,0.01,0,SIMULATED/DERIVED,normal_1pct
2023-09,SKU015,Condiments,0,0,false,0.01,0,SIMULATED/DERIVED,normal_1pct
2023-09,SKU016,Convenience Foods,0,0,false,0.01,0,SIMULATED/DERIVED,normal_1pct
2023-09,SKU017,Dairy,46913988,99.7,false,0.08,3753119.04,SIMULATED/DERIVED,aging_over_90d_8pct
2023-09,SKU018,Beverages,57474240,106.65,true,0.15,8621136,SIMULATED/DERIVED,slow_moving_15pct
2023-09,SKU019,Condiments,10962540,48.65,false,0.01,109625.4,SIMULATED/DERIVED,normal_1pct
2023-09,SKU020,Convenience Foods,3680585,11.95,false,0.01,36805.85,SIMULATED/DERIVED,normal_1pct
2023-09,SKU021,Dairy,9793250,30.7,false,0.01,97932.5,SIMULATED/DERIVED,normal_1pct
2023-09,SKU022,Beverages,0,0,false,0.01,0,SIMULATED/DERIVED,normal_1pct
2023-09,SKU023,Condiments,0,0,false,0.01,0,SIMULATED/DERIVED,normal_1pct
2023-09,SKU024,Convenience Foods,0,0,false,0.01,0,SIMULATED/DERIVED,normal_1pct
2023-09,SKU025,Dairy,0,0,false,0.01,0,SIMULATED/DERIVED,normal_1pct
2023-09,SKU026,Beverages,0,0,false,0.01,0,SIMULATED/DERIVED,normal_1pct
2023-09,SKU027,Condiments,0,0,false,0.01,0,SIMULATED/DERIVED,normal_1pct
2023-09,SKU028,Convenience Foods,0,0,false,0.01,0,SIMULATED/DERIVED,normal_1pct
2023-09,SKU029,Dairy,0,0,false,0.01,0,SIMULATED/DERIVED,normal_1pct
2023-09,SKU030,Beverages,0,0,false,0.01,0,SIMULATED/DERIVED,normal_1pct
2023-09,SKU031,Condiments,0,0,false,0.01,0,SIMULATED/DERIVED,normal_1pct
2023-09,SKU032,Convenience Foods,0,0,false,0.01,0,SIMULATED/DERIVED,normal_1pct
2023-09,SKU033,Dairy,0,0,false,0.01,0,SIMULATED/DERIVED,normal_1pct
2023-09,SKU034,Beverages,77952810,167.7,true,0.15,11692921.5,SIMULATED/DERIVED,slow_moving_15pct
2023-09,SKU035,Condiments,55073625,97,true,0.15,8261043.75,SIMULATED/DERIVED,slow_moving_15pct
2023-09,SKU036,Convenience Foods,14736100,26,false,0.01,147361,SIMULATED/DERIVED,normal_1pct
2023-10,SKU001,Dairy,15812820,92.3,true,0.15,2371923,SIMULATED/DERIVED,slow_moving_15pct
2023-10,SKU002,Beverages,3325880,14.7,false,0.01,33258.8,SIMULATED/DERIVED,normal_1pct
2023-10,SKU003,Condiments,0,0,false,0.01,0,SIMULATED/DERIVED,normal_1pct
2023-10,SKU004,Convenience Foods,10578120,31.3,false,0.01,105781.2,SIMULATED/DERIVED,normal_1pct
2023-10,SKU005,Dairy,1170240,2.75,false,0.01,11702.4,SIMULATED/DERIVED,normal_1pct
2023-10,SKU006,Beverages,0,0,false,0.01,0,SIMULATED/DERIVED,normal_1pct
2023-10,SKU007,Condiments,0,0,false,0.01,0,SIMULATED/DERIVED,normal_1pct
2023-10,SKU008,Convenience Foods,0,0,false,0.01,0,SIMULATED/DERIVED,normal_1pct
2023-10,SKU009,Dairy,0,0,false,0.01,0,SIMULATED/DERIVED,normal_1pct
2023-10,SKU010,Beverages,0,0,false,0.01,0,SIMULATED/DERIVED,normal_1pct
2023-10,SKU011,Condiments,0,0,false,0.01,0,SIMULATED/DERIVED,normal_1pct
2023-10,SKU012,Convenience Foods,0,0,false,0.01,0,SIMULATED/DERIVED,normal_1pct
2023-10,SKU013,Dairy,0,0,false,0.01,0,SIMULATED/DERIVED,normal_1pct
2023-10,SKU014,Beverages,0,0,false,0.01,0,SIMULATED/DERIVED,normal_1pct
2023-10,SKU015,Condiments,0,0,false,0.01,0,SIMULATED/DERIVED,normal_1pct
2023-10,SKU016,Convenience Foods,0,0,false,0.01,0,SIMULATED/DERIVED,normal_1pct
2023-10,SKU017,Dairy,45173568,113.4,true,0.15,6776035.2,SIMULATED/DERIVED,slow_moving_15pct
2023-10,SKU018,Beverages,59019840,138.25,true,0.15,8852976,SIMULATED/DERIVED,slow_moving_15pct
2023-10,SKU019,Condiments,6862950,32.65,false,0.01,68629.5,SIMULATED/DERIVED,normal_1pct
2023-10,SKU020,Convenience Foods,0,0,false,0.01,0,SIMULATED/DERIVED,normal_1pct
2023-10,SKU021,Dairy,8610750,32.2,false,0.01,86107.5,SIMULATED/DERIVED,normal_1pct
2023-10,SKU022,Beverages,0,0,false,0.01,0,SIMULATED/DERIVED,normal_1pct
2023-10,SKU023,Condiments,0,0,false,0.01,0,SIMULATED/DERIVED,normal_1pct
2023-10,SKU024,Convenience Foods,0,0,false,0.01,0,SIMULATED/DERIVED,normal_1pct
2023-10,SKU025,Dairy,0,0,false,0.01,0,SIMULATED/DERIVED,normal_1pct
2023-10,SKU026,Beverages,0,0,false,0.01,0,SIMULATED/DERIVED,normal_1pct
2023-10,SKU027,Condiments,0,0,false,0.01,0,SIMULATED/DERIVED,normal_1pct
2023-10,SKU028,Convenience Foods,0,0,false,0.01,0,SIMULATED/DERIVED,normal_1pct
2023-10,SKU029,Dairy,0,0,false,0.01,0,SIMULATED/DERIVED,normal_1pct
2023-10,SKU030,Beverages,0,0,false,0.01,0,SIMULATED/DERIVED,normal_1pct
2023-10,SKU031,Condiments,0,0,false,0.01,0,SIMULATED/DERIVED,normal_1pct
2023-10,SKU032,Convenience Foods,0,0,false,0.01,0,SIMULATED/DERIVED,normal_1pct
2023-10,SKU033,Dairy,0,0,false,0.01,0,SIMULATED/DERIVED,normal_1pct
2023-10,SKU034,Beverages,81084315,181.6,true,0.15,12162647.25,SIMULATED/DERIVED,slow_moving_15pct
2023-10,SKU035,Condiments,53046375,113.2,true,0.15,7956956.25,SIMULATED/DERIVED,slow_moving_15pct
2023-10,SKU036,Convenience Foods,5142800,11.95,false,0.01,51428,SIMULATED/DERIVED,normal_1pct
2023-11,SKU001,Dairy,12384000,62.3,false,0.01,123840,SIMULATED/DERIVED,normal_1pct
2023-11,SKU002,Beverages,498882,2.1,false,0.01,4988.82,SIMULATED/DERIVED,normal_1pct
2023-11,SKU003,Condiments,0,0,false,0.01,0,SIMULATED/DERIVED,normal_1pct
2023-11,SKU004,Convenience Foods,7181608,17.35,false,0.01,71816.08,SIMULATED/DERIVED,normal_1pct
2023-11,SKU005,Dairy,0,0,false,0.01,0,SIMULATED/DERIVED,normal_1pct
2023-11,SKU006,Beverages,0,0,false,0.01,0,SIMULATED/DERIVED,normal_1pct
2023-11,SKU007,Condiments,0,0,false,0.01,0,SIMULATED/DERIVED,normal_1pct
2023-11,SKU008,Convenience Foods,0,0,false,0.01,0,SIMULATED/DERIVED,normal_1pct
2023-11,SKU009,Dairy,0,0,false,0.01,0,SIMULATED/DERIVED,normal_1pct
2023-11,SKU010,Beverages,0,0,false,0.01,0,SIMULATED/DERIVED,normal_1pct
2023-11,SKU011,Condiments,0,0,false,0.01,0,SIMULATED/DERIVED,normal_1pct
2023-11,SKU012,Convenience Foods,0,0,false,0.01,0,SIMULATED/DERIVED,normal_1pct
2023-11,SKU013,Dairy,0,0,false,0.01,0,SIMULATED/DERIVED,normal_1pct
2023-11,SKU014,Beverages,0,0,false,0.01,0,SIMULATED/DERIVED,normal_1pct
2023-11,SKU015,Condiments,0,0,false,0.01,0,SIMULATED/DERIVED,normal_1pct
2023-11,SKU016,Convenience Foods,0,0,false,0.01,0,SIMULATED/DERIVED,normal_1pct
2023-11,SKU017,Dairy,41267292,87.95,false,0.01,412672.92,SIMULATED/DERIVED,normal_1pct
2023-11,SKU018,Beverages,57032640,102.8,true,0.15,8554896,SIMULATED/DERIVED,slow_moving_15pct
2023-11,SKU019,Condiments,3090600,12.9,false,0.01,30906,SIMULATED/DERIVED,normal_1pct
2023-11,SKU020,Convenience Foods,0,0,false,0.01,0,SIMULATED/DERIVED,normal_1pct
2023-11,SKU021,Dairy,6095250,18,false,0.01,60952.5,SIMULATED/DERIVED,normal_1pct
2023-11,SKU022,Beverages,0,0,false,0.01,0,SIMULATED/DERIVED,normal_1pct
2023-11,SKU023,Condiments,0,0,false,0.01,0,SIMULATED/DERIVED,normal_1pct
2023-11,SKU024,Convenience Foods,0,0,false,0.01,0,SIMULATED/DERIVED,normal_1pct
2023-11,SKU025,Dairy,0,0,false,0.01,0,SIMULATED/DERIVED,normal_1pct
2023-11,SKU026,Beverages,0,0,false,0.01,0,SIMULATED/DERIVED,normal_1pct
2023-11,SKU027,Condiments,0,0,false,0.01,0,SIMULATED/DERIVED,normal_1pct
2023-11,SKU028,Convenience Foods,0,0,false,0.01,0,SIMULATED/DERIVED,normal_1pct
2023-11,SKU029,Dairy,0,0,false,0.01,0,SIMULATED/DERIVED,normal_1pct
2023-11,SKU030,Beverages,0,0,false,0.01,0,SIMULATED/DERIVED,normal_1pct
2023-11,SKU031,Condiments,0,0,false,0.01,0,SIMULATED/DERIVED,normal_1pct
2023-11,SKU032,Convenience Foods,0,0,false,0.01,0,SIMULATED/DERIVED,normal_1pct
2023-11,SKU033,Dairy,0,0,false,0.01,0,SIMULATED/DERIVED,normal_1pct
2023-11,SKU034,Beverages,80769195,158.95,true,0.15,12115379.25,SIMULATED/DERIVED,slow_moving_15pct
2023-11,SKU035,Condiments,48721575,82.1,true,0.15,7308236.25,SIMULATED/DERIVED,slow_moving_15pct
2023-11,SKU036,Convenience Foods,0,0,false,0.01,0,SIMULATED/DERIVED,normal_1pct
2023-12,SKU001,Dairy,11757060,57.85,false,0.01,117570.6,SIMULATED/DERIVED,normal_1pct
2023-12,SKU002,Beverages,0,0,false,0.01,0,SIMULATED/DERIVED,normal_1pct
2023-12,SKU003,Condiments,0,0,false,0.01,0,SIMULATED/DERIVED,normal_1pct
2023-12,SKU004,Convenience Foods,1827784,4.1,false,0.01,18277.84,SIMULATED/DERIVED,normal_1pct
2023-12,SKU005,Dairy,0,0,false,0.01,0,SIMULATED/DERIVED,normal_1pct
2023-12,SKU006,Beverages,0,0,false,0.01,0,SIMULATED/DERIVED,normal_1pct
2023-12,SKU007,Condiments,0,0,false,0.01,0,SIMULATED/DERIVED,normal_1pct
2023-12,SKU008,Convenience Foods,0,0,false,0.01,0,SIMULATED/DERIVED,normal_1pct
2023-12,SKU009,Dairy,0,0,false,0.01,0,SIMULATED/DERIVED,normal_1pct
2023-12,SKU010,Beverages,0,0,false,0.01,0,SIMULATED/DERIVED,normal_1pct
2023-12,SKU011,Condiments,0,0,false,0.01,0,SIMULATED/DERIVED,normal_1pct
2023-12,SKU012,Convenience Foods,0,0,false,0.01,0,SIMULATED/DERIVED,normal_1pct
2023-12,SKU013,Dairy,0,0,false,0.01,0,SIMULATED/DERIVED,normal_1pct
2023-12,SKU014,Beverages,0,0,false,0.01,0,SIMULATED/DERIVED,normal_1pct
2023-12,SKU015,Condiments,0,0,false,0.01,0,SIMULATED/DERIVED,normal_1pct
2023-12,SKU016,Convenience Foods,0,0,false,0.01,0,SIMULATED/DERIVED,normal_1pct
2023-12,SKU017,Dairy,36742200,77.25,false,0.01,367422,SIMULATED/DERIVED,normal_1pct
2023-12,SKU018,Beverages,54449280,100.8,true,0.15,8167392,SIMULATED/DERIVED,slow_moving_15pct
2023-12,SKU019,Condiments,445410,1.95,false,0.01,4454.1,SIMULATED/DERIVED,normal_1pct
2023-12,SKU020,Convenience Foods,0,0,false,0.01,0,SIMULATED/DERIVED,normal_1pct
2023-12,SKU021,Dairy,2612250,8,false,0.01,26122.5,SIMULATED/DERIVED,normal_1pct
2023-12,SKU022,Beverages,0,0,false,0.01,0,SIMULATED/DERIVED,normal_1pct
2023-12,SKU023,Condiments,0,0,false,0.01,0,SIMULATED/DERIVED,normal_1pct
2023-12,SKU024,Convenience Foods,0,0,false,0.01,0,SIMULATED/DERIVED,normal_1pct
2023-12,SKU025,Dairy,0,0,false,0.01,0,SIMULATED/DERIVED,normal_1pct
2023-12,SKU026,Beverages,0,0,false,0.01,0,SIMULATED/DERIVED,normal_1pct
2023-12,SKU027,Condiments,0,0,false,0.01,0,SIMULATED/DERIVED,normal_1pct
2023-12,SKU028,Convenience Foods,0,0,false,0.01,0,SIMULATED/DERIVED,normal_1pct
2023-12,SKU029,Dairy,0,0,false,0.01,0,SIMULATED/DERIVED,normal_1pct
2023-12,SKU030,Beverages,0,0,false,0.01,0,SIMULATED/DERIVED,normal_1pct
2023-12,SKU031,Condiments,0,0,false,0.01,0,SIMULATED/DERIVED,normal_1pct
2023-12,SKU032,Convenience Foods,0,0,false,0.01,0,SIMULATED/DERIVED,normal_1pct
2023-12,SKU033,Dairy,0,0,false,0.01,0,SIMULATED/DERIVED,normal_1pct
2023-12,SKU034,Beverages,83920395,179.55,true,0.15,12588059.25,SIMULATED/DERIVED,slow_moving_15pct
2023-12,SKU035,Condiments,40499950,71.95,true,0.15,6074992.5,SIMULATED/DERIVED,slow_moving_15pct
2023-12,SKU036,Convenience Foods,0,0,false,0.01,0,SIMULATED/DERIVED,normal_1pct
2024-01,SKU001,Dairy,11246220,67.5,true,0.15,1686933,SIMULATED/DERIVED,slow_moving_15pct
2024-01,SKU002,Beverages,0,0,false,0.01,0,SIMULATED/DERIVED,normal_1pct
2024-01,SKU003,Condiments,0,0,false,0.01,0,SIMULATED/DERIVED,normal_1pct
2024-01,SKU004,Convenience Foods,0,0,false,0.01,0,SIMULATED/DERIVED,normal_1pct
2024-01,SKU005,Dairy,0,0,false,0.01,0,SIMULATED/DERIVED,normal_1pct
2024-01,SKU006,Beverages,0,0,false,0.01,0,SIMULATED/DERIVED,normal_1pct
2024-01,SKU007,Condiments,0,0,false,0.01,0,SIMULATED/DERIVED,normal_1pct
2024-01,SKU008,Convenience Foods,0,0,false,0.01,0,SIMULATED/DERIVED,normal_1pct
2024-01,SKU009,Dairy,0,0,false,0.01,0,SIMULATED/DERIVED,normal_1pct
2024-01,SKU010,Beverages,0,0,false,0.01,0,SIMULATED/DERIVED,normal_1pct
2024-01,SKU011,Condiments,0,0,false,0.01,0,SIMULATED/DERIVED,normal_1pct
2024-01,SKU012,Convenience Foods,0,0,false,0.01,0,SIMULATED/DERIVED,normal_1pct
2024-01,SKU013,Dairy,0,0,false,0.01,0,SIMULATED/DERIVED,normal_1pct
2024-01,SKU014,Beverages,0,0,false,0.01,0,SIMULATED/DERIVED,normal_1pct
2024-01,SKU015,Condiments,0,0,false,0.01,0,SIMULATED/DERIVED,normal_1pct
2024-01,SKU016,Convenience Foods,0,0,false,0.01,0,SIMULATED/DERIVED,normal_1pct
2024-01,SKU017,Dairy,32623206,87.6,true,0.15,4893480.9,SIMULATED/DERIVED,slow_moving_15pct
2024-01,SKU018,Beverages,50607360,101.7,true,0.15,7591104,SIMULATED/DERIVED,slow_moving_15pct
2024-01,SKU019,Condiments,0,0,false,0.01,0,SIMULATED/DERIVED,normal_1pct
2024-01,SKU020,Convenience Foods,0,0,false,0.01,0,SIMULATED/DERIVED,normal_1pct
2024-01,SKU021,Dairy,0,0,false,0.01,0,SIMULATED/DERIVED,normal_1pct
2024-01,SKU022,Beverages,0,0,false,0.01,0,SIMULATED/DERIVED,normal_1pct
2024-01,SKU023,Condiments,0,0,false,0.01,0,SIMULATED/DERIVED,normal_1pct
2024-01,SKU024,Convenience Foods,0,0,false,0.01,0,SIMULATED/DERIVED,normal_1pct
2024-01,SKU025,Dairy,0,0,false,0.01,0,SIMULATED/DERIVED,normal_1pct
2024-01,SKU026,Beverages,0,0,false,0.01,0,SIMULATED/DERIVED,normal_1pct
2024-01,SKU027,Condiments,0,0,false,0.01,0,SIMULATED/DERIVED,normal_1pct
2024-01,SKU028,Convenience Foods,0,0,false,0.01,0,SIMULATED/DERIVED,normal_1pct
2024-01,SKU029,Dairy,0,0,false,0.01,0,SIMULATED/DERIVED,normal_1pct
2024-01,SKU030,Beverages,0,0,false,0.01,0,SIMULATED/DERIVED,normal_1pct
2024-01,SKU031,Condiments,0,0,false,0.01,0,SIMULATED/DERIVED,normal_1pct
2024-01,SKU032,Convenience Foods,0,0,false,0.01,0,SIMULATED/DERIVED,normal_1pct
2024-01,SKU033,Dairy,0,0,false,0.01,0,SIMULATED/DERIVED,normal_1pct
2024-01,SKU034,Beverages,90793950,216.1,true,0.15,13619092.5,SIMULATED/DERIVED,slow_moving_15pct
2024-01,SKU035,Condiments,36467975,69.4,true,0.15,5470196.25,SIMULATED/DERIVED,slow_moving_15pct
2024-01,SKU036,Convenience Foods,0,0,false,0.01,0,SIMULATED/DERIVED,normal_1pct
2024-02,SKU001,Dairy,11184300,58.25,false,0.01,111843,SIMULATED/DERIVED,normal_1pct
2024-02,SKU002,Beverages,0,0,false,0.01,0,SIMULATED/DERIVED,normal_1pct
2024-02,SKU003,Condiments,0,0,false,0.01,0,SIMULATED/DERIVED,normal_1pct
2024-02,SKU004,Convenience Foods,0,0,false,0.01,0,SIMULATED/DERIVED,normal_1pct
2024-02,SKU005,Dairy,0,0,false,0.01,0,SIMULATED/DERIVED,normal_1pct
2024-02,SKU006,Beverages,0,0,false,0.01,0,SIMULATED/DERIVED,normal_1pct
2024-02,SKU007,Condiments,0,0,false,0.01,0,SIMULATED/DERIVED,normal_1pct
2024-02,SKU008,Convenience Foods,0,0,false,0.01,0,SIMULATED/DERIVED,normal_1pct
2024-02,SKU009,Dairy,0,0,false,0.01,0,SIMULATED/DERIVED,normal_1pct
2024-02,SKU010,Beverages,0,0,false,0.01,0,SIMULATED/DERIVED,normal_1pct
2024-02,SKU011,Condiments,0,0,false,0.01,0,SIMULATED/DERIVED,normal_1pct
2024-02,SKU012,Convenience Foods,0,0,false,0.01,0,SIMULATED/DERIVED,normal_1pct
2024-02,SKU013,Dairy,0,0,false,0.01,0,SIMULATED/DERIVED,normal_1pct
2024-02,SKU014,Beverages,0,0,false,0.01,0,SIMULATED/DERIVED,normal_1pct
2024-02,SKU015,Condiments,0,0,false,0.01,0,SIMULATED/DERIVED,normal_1pct
2024-02,SKU016,Convenience Foods,0,0,false,0.01,0,SIMULATED/DERIVED,normal_1pct
2024-02,SKU017,Dairy,26918496,61.95,false,0.01,269184.96,SIMULATED/DERIVED,normal_1pct
2024-02,SKU018,Beverages,48024000,90.6,true,0.15,7203600,SIMULATED/DERIVED,slow_moving_15pct
2024-02,SKU019,Condiments,0,0,false,0.01,0,SIMULATED/DERIVED,normal_1pct
2024-02,SKU020,Convenience Foods,0,0,false,0.01,0,SIMULATED/DERIVED,normal_1pct
2024-02,SKU021,Dairy,0,0,false,0.01,0,SIMULATED/DERIVED,normal_1pct
2024-02,SKU022,Beverages,0,0,false,0.01,0,SIMULATED/DERIVED,normal_1pct
2024-02,SKU023,Condiments,0,0,false,0.01,0,SIMULATED/DERIVED,normal_1pct
2024-02,SKU024,Convenience Foods,0,0,false,0.01,0,SIMULATED/DERIVED,normal_1pct
2024-02,SKU025,Dairy,0,0,false,0.01,0,SIMULATED/DERIVED,normal_1pct
2024-02,SKU026,Beverages,0,0,false,0.01,0,SIMULATED/DERIVED,normal_1pct
2024-02,SKU027,Condiments,0,0,false,0.01,0,SIMULATED/DERIVED,normal_1pct
2024-02,SKU028,Convenience Foods,0,0,false,0.01,0,SIMULATED/DERIVED,normal_1pct
2024-02,SKU029,Dairy,0,0,false,0.01,0,SIMULATED/DERIVED,normal_1pct
2024-02,SKU030,Beverages,0,0,false,0.01,0,SIMULATED/DERIVED,normal_1pct
2024-02,SKU031,Condiments,0,0,false,0.01,0,SIMULATED/DERIVED,normal_1pct
2024-02,SKU032,Convenience Foods,0,0,false,0.01,0,SIMULATED/DERIVED,normal_1pct
2024-02,SKU033,Dairy,0,0,false,0.01,0,SIMULATED/DERIVED,normal_1pct
2024-02,SKU034,Beverages,99459750,240.45,true,0.15,14918962.5,SIMULATED/DERIVED,slow_moving_15pct
2024-02,SKU035,Condiments,37008575,71.45,true,0.15,5551286.25,SIMULATED/DERIVED,slow_moving_15pct
2024-02,SKU036,Convenience Foods,0,0,false,0.01,0,SIMULATED/DERIVED,normal_1pct
2024-03,SKU001,Dairy,11199780,64.8,true,0.15,1679967,SIMULATED/DERIVED,slow_moving_15pct
2024-03,SKU002,Beverages,0,0,false,0.01,0,SIMULATED/DERIVED,normal_1pct
2024-03,SKU003,Condiments,0,0,false,0.01,0,SIMULATED/DERIVED,normal_1pct
2024-03,SKU004,Convenience Foods,0,0,false,0.01,0,SIMULATED/DERIVED,normal_1pct
2024-03,SKU005,Dairy,0,0,false,0.01,0,SIMULATED/DERIVED,normal_1pct
2024-03,SKU006,Beverages,0,0,false,0.01,0,SIMULATED/DERIVED,normal_1pct
2024-03,SKU007,Condiments,0,0,false,0.01,0,SIMULATED/DERIVED,normal_1pct
2024-03,SKU008,Convenience Foods,0,0,false,0.01,0,SIMULATED/DERIVED,normal_1pct
2024-03,SKU009,Dairy,0,0,false,0.01,0,SIMULATED/DERIVED,normal_1pct
2024-03,SKU010,Beverages,0,0,false,0.01,0,SIMULATED/DERIVED,normal_1pct
2024-03,SKU011,Condiments,0,0,false,0.01,0,SIMULATED/DERIVED,normal_1pct
2024-03,SKU012,Convenience Foods,0,0,false,0.01,0,SIMULATED/DERIVED,normal_1pct
2024-03,SKU013,Dairy,0,0,false,0.01,0,SIMULATED/DERIVED,normal_1pct
2024-03,SKU014,Beverages,0,0,false,0.01,0,SIMULATED/DERIVED,normal_1pct
2024-03,SKU015,Condiments,0,0,false,0.01,0,SIMULATED/DERIVED,normal_1pct
2024-03,SKU016,Convenience Foods,0,0,false,0.01,0,SIMULATED/DERIVED,normal_1pct
2024-03,SKU017,Dairy,18699846,40.5,false,0.01,186998.46,SIMULATED/DERIVED,normal_1pct
2024-03,SKU018,Beverages,40031040,78.15,true,0.15,6004656,SIMULATED/DERIVED,slow_moving_15pct
2024-03,SKU019,Condiments,0,0,false,0.01,0,SIMULATED/DERIVED,normal_1pct
2024-03,SKU020,Convenience Foods,0,0,false,0.01,0,SIMULATED/DERIVED,normal_1pct
2024-03,SKU021,Dairy,0,0,false,0.01,0,SIMULATED/DERIVED,normal_1pct
2024-03,SKU022,Beverages,0,0,false,0.01,0,SIMULATED/DERIVED,normal_1pct
2024-03,SKU023,Condiments,0,0,false,0.01,0,SIMULATED/DERIVED,normal_1pct
2024-03,SKU024,Convenience Foods,0,0,false,0.01,0,SIMULATED/DERIVED,normal_1pct
2024-03,SKU025,Dairy,0,0,false,0.01,0,SIMULATED/DERIVED,normal_1pct
2024-03,SKU026,Beverages,0,0,false,0.01,0,SIMULATED/DERIVED,normal_1pct
2024-03,SKU027,Condiments,0,0,false,0.01,0,SIMULATED/DERIVED,normal_1pct
2024-03,SKU028,Convenience Foods,0,0,false,0.01,0,SIMULATED/DERIVED,normal_1pct
2024-03,SKU029,Dairy,0,0,false,0.01,0,SIMULATED/DERIVED,normal_1pct
2024-03,SKU030,Beverages,0,0,false,0.01,0,SIMULATED/DERIVED,normal_1pct
2024-03,SKU031,Condiments,0,0,false,0.01,0,SIMULATED/DERIVED,normal_1pct
2024-03,SKU032,Convenience Foods,0,0,false,0.01,0,SIMULATED/DERIVED,normal_1pct
2024-03,SKU033,Dairy,0,0,false,0.01,0,SIMULATED/DERIVED,normal_1pct
2024-03,SKU034,Beverages,107908905,266,true,0.15,16186335.75,SIMULATED/DERIVED,slow_moving_15pct
2024-03,SKU035,Condiments,35994950,65.65,true,0.15,5399242.5,SIMULATED/DERIVED,slow_moving_15pct
2024-03,SKU036,Convenience Foods,0,0,false,0.01,0,SIMULATED/DERIVED,normal_1pct
2024-04,SKU001,Dairy,11424240,58.55,false,0.01,114242.4,SIMULATED/DERIVED,normal_1pct
2024-04,SKU002,Beverages,0,0,false,0.01,0,SIMULATED/DERIVED,normal_1pct
2024-04,SKU003,Condiments,0,0,false,0.01,0,SIMULATED/DERIVED,normal_1pct
2024-04,SKU004,Convenience Foods,0,0,false,0.01,0,SIMULATED/DERIVED,normal_1pct
2024-04,SKU005,Dairy,0,0,false,0.01,0,SIMULATED/DERIVED,normal_1pct
2024-04,SKU006,Beverages,0,0,false,0.01,0,SIMULATED/DERIVED,normal_1pct
2024-04,SKU007,Condiments,0,0,false,0.01,0,SIMULATED/DERIVED,normal_1pct
2024-04,SKU008,Convenience Foods,0,0,false,0.01,0,SIMULATED/DERIVED,normal_1pct
2024-04,SKU009,Dairy,0,0,false,0.01,0,SIMULATED/DERIVED,normal_1pct
2024-04,SKU010,Beverages,0,0,false,0.01,0,SIMULATED/DERIVED,normal_1pct
2024-04,SKU011,Condiments,0,0,false,0.01,0,SIMULATED/DERIVED,normal_1pct
2024-04,SKU012,Convenience Foods,0,0,false,0.01,0,SIMULATED/DERIVED,normal_1pct
2024-04,SKU013,Dairy,0,0,false,0.01,0,SIMULATED/DERIVED,normal_1pct
2024-04,SKU014,Beverages,0,0,false,0.01,0,SIMULATED/DERIVED,normal_1pct
2024-04,SKU015,Condiments,0,0,false,0.01,0,SIMULATED/DERIVED,normal_1pct
2024-04,SKU016,Convenience Foods,0,0,false,0.01,0,SIMULATED/DERIVED,normal_1pct
2024-04,SKU017,Dairy,16746708,36.8,false,0.01,167467.08,SIMULATED/DERIVED,normal_1pct
2024-04,SKU018,Beverages,36961920,68.05,true,0.15,5544288,SIMULATED/DERIVED,slow_moving_15pct
2024-04,SKU019,Condiments,0,0,false,0.01,0,SIMULATED/DERIVED,normal_1pct
2024-04,SKU020,Convenience Foods,0,0,false,0.01,0,SIMULATED/DERIVED,normal_1pct
2024-04,SKU021,Dairy,0,0,false,0.01,0,SIMULATED/DERIVED,normal_1pct
2024-04,SKU022,Beverages,0,0,false,0.01,0,SIMULATED/DERIVED,normal_1pct
2024-04,SKU023,Condiments,0,0,false,0.01,0,SIMULATED/DERIVED,normal_1pct
2024-04,SKU024,Convenience Foods,0,0,false,0.01,0,SIMULATED/DERIVED,normal_1pct
2024-04,SKU025,Dairy,0,0,false,0.01,0,SIMULATED/DERIVED,normal_1pct
2024-04,SKU026,Beverages,0,0,false,0.01,0,SIMULATED/DERIVED,normal_1pct
2024-04,SKU027,Condiments,0,0,false,0.01,0,SIMULATED/DERIVED,normal_1pct
2024-04,SKU028,Convenience Foods,0,0,false,0.01,0,SIMULATED/DERIVED,normal_1pct
2024-04,SKU029,Dairy,0,0,false,0.01,0,SIMULATED/DERIVED,normal_1pct
2024-04,SKU030,Beverages,0,0,false,0.01,0,SIMULATED/DERIVED,normal_1pct
2024-04,SKU031,Condiments,0,0,false,0.01,0,SIMULATED/DERIVED,normal_1pct
2024-04,SKU032,Convenience Foods,0,0,false,0.01,0,SIMULATED/DERIVED,normal_1pct
2024-04,SKU033,Dairy,0,0,false,0.01,0,SIMULATED/DERIVED,normal_1pct
2024-04,SKU034,Beverages,119509260,250.05,true,0.15,17926389,SIMULATED/DERIVED,slow_moving_15pct
2024-04,SKU035,Condiments,34936275,62.55,true,0.15,5240441.25,SIMULATED/DERIVED,slow_moving_15pct
2024-04,SKU036,Convenience Foods,0,0,false,0.01,0,SIMULATED/DERIVED,normal_1pct
2024-05,SKU001,Dairy,11277180,71.2,true,0.15,1691577,SIMULATED/DERIVED,slow_moving_15pct
2024-05,SKU002,Beverages,0,0,false,0.01,0,SIMULATED/DERIVED,normal_1pct
2024-05,SKU003,Condiments,0,0,false,0.01,0,SIMULATED/DERIVED,normal_1pct
2024-05,SKU004,Convenience Foods,0,0,false,0.01,0,SIMULATED/DERIVED,normal_1pct
2024-05,SKU005,Dairy,0,0,false,0.01,0,SIMULATED/DERIVED,normal_1pct
2024-05,SKU006,Beverages,0,0,false,0.01,0,SIMULATED/DERIVED,normal_1pct
2024-05,SKU007,Condiments,0,0,false,0.01,0,SIMULATED/DERIVED,normal_1pct
2024-05,SKU008,Convenience Foods,0,0,false,0.01,0,SIMULATED/DERIVED,normal_1pct
2024-05,SKU009,Dairy,0,0,false,0.01,0,SIMULATED/DERIVED,normal_1pct
2024-05,SKU010,Beverages,0,0,false,0.01,0,SIMULATED/DERIVED,normal_1pct
2024-05,SKU011,Condiments,0,0,false,0.01,0,SIMULATED/DERIVED,normal_1pct
2024-05,SKU012,Convenience Foods,0,0,false,0.01,0,SIMULATED/DERIVED,normal_1pct
2024-05,SKU013,Dairy,0,0,false,0.01,0,SIMULATED/DERIVED,normal_1pct
2024-05,SKU014,Beverages,0,0,false,0.01,0,SIMULATED/DERIVED,normal_1pct
2024-05,SKU015,Condiments,0,0,false,0.01,0,SIMULATED/DERIVED,normal_1pct
2024-05,SKU016,Convenience Foods,0,0,false,0.01,0,SIMULATED/DERIVED,normal_1pct
2024-05,SKU017,Dairy,15489738,38.75,false,0.01,154897.38,SIMULATED/DERIVED,normal_1pct
2024-05,SKU018,Beverages,36255360,76.75,true,0.15,5438304,SIMULATED/DERIVED,slow_moving_15pct
2024-05,SKU019,Condiments,0,0,false,0.01,0,SIMULATED/DERIVED,normal_1pct
2024-05,SKU020,Convenience Foods,0,0,false,0.01,0,SIMULATED/DERIVED,normal_1pct
2024-05,SKU021,Dairy,0,0,false,0.01,0,SIMULATED/DERIVED,normal_1pct
2024-05,SKU022,Beverages,0,0,false,0.01,0,SIMULATED/DERIVED,normal_1pct
2024-05,SKU023,Condiments,0,0,false,0.01,0,SIMULATED/DERIVED,normal_1pct
2024-05,SKU024,Convenience Foods,0,0,false,0.01,0,SIMULATED/DERIVED,normal_1pct
2024-05,SKU025,Dairy,0,0,false,0.01,0,SIMULATED/DERIVED,normal_1pct
2024-05,SKU026,Beverages,0,0,false,0.01,0,SIMULATED/DERIVED,normal_1pct
2024-05,SKU027,Condiments,0,0,false,0.01,0,SIMULATED/DERIVED,normal_1pct
2024-05,SKU028,Convenience Foods,0,0,false,0.01,0,SIMULATED/DERIVED,normal_1pct
2024-05,SKU029,Dairy,0,0,false,0.01,0,SIMULATED/DERIVED,normal_1pct
2024-05,SKU030,Beverages,0,0,false,0.01,0,SIMULATED/DERIVED,normal_1pct
2024-05,SKU031,Condiments,0,0,false,0.01,0,SIMULATED/DERIVED,normal_1pct
2024-05,SKU032,Convenience Foods,0,0,false,0.01,0,SIMULATED/DERIVED,normal_1pct
2024-05,SKU033,Dairy,0,0,false,0.01,0,SIMULATED/DERIVED,normal_1pct
2024-05,SKU034,Beverages,139460295,340.45,true,0.15,20919044.25,SIMULATED/DERIVED,slow_moving_15pct
2024-05,SKU035,Condiments,38022200,77.45,true,0.15,5703330,SIMULATED/DERIVED,slow_moving_15pct
2024-05,SKU036,Convenience Foods,0,0,false,0.01,0,SIMULATED/DERIVED,normal_1pct
2024-06,SKU001,Dairy,11091420,63.8,true,0.15,1663713,SIMULATED/DERIVED,slow_moving_15pct
2024-06,SKU002,Beverages,0,0,false,0.01,0,SIMULATED/DERIVED,normal_1pct
2024-06,SKU003,Condiments,0,0,false,0.01,0,SIMULATED/DERIVED,normal_1pct
2024-06,SKU004,Convenience Foods,0,0,false,0.01,0,SIMULATED/DERIVED,normal_1pct
2024-06,SKU005,Dairy,0,0,false,0.01,0,SIMULATED/DERIVED,normal_1pct
2024-06,SKU006,Beverages,0,0,false,0.01,0,SIMULATED/DERIVED,normal_1pct
2024-06,SKU007,Condiments,0,0,false,0.01,0,SIMULATED/DERIVED,normal_1pct
2024-06,SKU008,Convenience Foods,0,0,false,0.01,0,SIMULATED/DERIVED,normal_1pct
2024-06,SKU009,Dairy,0,0,false,0.01,0,SIMULATED/DERIVED,normal_1pct
2024-06,SKU010,Beverages,0,0,false,0.01,0,SIMULATED/DERIVED,normal_1pct
2024-06,SKU011,Condiments,0,0,false,0.01,0,SIMULATED/DERIVED,normal_1pct
2024-06,SKU012,Convenience Foods,0,0,false,0.01,0,SIMULATED/DERIVED,normal_1pct
2024-06,SKU013,Dairy,0,0,false,0.01,0,SIMULATED/DERIVED,normal_1pct
2024-06,SKU014,Beverages,0,0,false,0.01,0,SIMULATED/DERIVED,normal_1pct
2024-06,SKU015,Condiments,0,0,false,0.01,0,SIMULATED/DERIVED,normal_1pct
2024-06,SKU016,Convenience Foods,0,0,false,0.01,0,SIMULATED/DERIVED,normal_1pct
2024-06,SKU017,Dairy,11873532,28.95,false,0.01,118735.32,SIMULATED/DERIVED,normal_1pct
2024-06,SKU018,Beverages,35990400,70.65,true,0.15,5398560,SIMULATED/DERIVED,slow_moving_15pct
2024-06,SKU019,Condiments,0,0,false,0.01,0,SIMULATED/DERIVED,normal_1pct
2024-06,SKU020,Convenience Foods,0,0,false,0.01,0,SIMULATED/DERIVED,normal_1pct
2024-06,SKU021,Dairy,0,0,false,0.01,0,SIMULATED/DERIVED,normal_1pct
2024-06,SKU022,Beverages,0,0,false,0.01,0,SIMULATED/DERIVED,normal_1pct
2024-06,SKU023,Condiments,0,0,false,0.01,0,SIMULATED/DERIVED,normal_1pct
2024-06,SKU024,Convenience Foods,0,0,false,0.01,0,SIMULATED/DERIVED,normal_1pct
2024-06,SKU025,Dairy,0,0,false,0.01,0,SIMULATED/DERIVED,normal_1pct
2024-06,SKU026,Beverages,0,0,false,0.01,0,SIMULATED/DERIVED,normal_1pct
2024-06,SKU027,Condiments,0,0,false,0.01,0,SIMULATED/DERIVED,normal_1pct
2024-06,SKU028,Convenience Foods,0,0,false,0.01,0,SIMULATED/DERIVED,normal_1pct
2024-06,SKU029,Dairy,0,0,false,0.01,0,SIMULATED/DERIVED,normal_1pct
2024-06,SKU030,Beverages,0,0,false,0.01,0,SIMULATED/DERIVED,normal_1pct
2024-06,SKU031,Condiments,0,0,false,0.01,0,SIMULATED/DERIVED,normal_1pct
2024-06,SKU032,Convenience Foods,0,0,false,0.01,0,SIMULATED/DERIVED,normal_1pct
2024-06,SKU033,Dairy,0,0,false,0.01,0,SIMULATED/DERIVED,normal_1pct
2024-06,SKU034,Beverages,152655945,412.3,true,0.15,22898391.75,SIMULATED/DERIVED,slow_moving_15pct
2024-06,SKU035,Condiments,41198225,87.95,true,0.15,6179733.75,SIMULATED/DERIVED,slow_moving_15pct
2024-06,SKU036,Convenience Foods,0,0,false,0.01,0,SIMULATED/DERIVED,normal_1pct
2024-07,SKU001,Dairy,10797300,66.45,true,0.15,1619595,SIMULATED/DERIVED,slow_moving_15pct
2024-07,SKU002,Beverages,0,0,false,0.01,0,SIMULATED/DERIVED,normal_1pct
2024-07,SKU003,Condiments,0,0,false,0.01,0,SIMULATED/DERIVED,normal_1pct
2024-07,SKU004,Convenience Foods,0,0,false,0.01,0,SIMULATED/DERIVED,normal_1pct
2024-07,SKU005,Dairy,0,0,false,0.01,0,SIMULATED/DERIVED,normal_1pct
2024-07,SKU006,Beverages,0,0,false,0.01,0,SIMULATED/DERIVED,normal_1pct
2024-07,SKU007,Condiments,0,0,false,0.01,0,SIMULATED/DERIVED,normal_1pct
2024-07,SKU008,Convenience Foods,0,0,false,0.01,0,SIMULATED/DERIVED,normal_1pct
2024-07,SKU009,Dairy,0,0,false,0.01,0,SIMULATED/DERIVED,normal_1pct
2024-07,SKU010,Beverages,0,0,false,0.01,0,SIMULATED/DERIVED,normal_1pct
2024-07,SKU011,Condiments,0,0,false,0.01,0,SIMULATED/DERIVED,normal_1pct
2024-07,SKU012,Convenience Foods,0,0,false,0.01,0,SIMULATED/DERIVED,normal_1pct
2024-07,SKU013,Dairy,0,0,false,0.01,0,SIMULATED/DERIVED,normal_1pct
2024-07,SKU014,Beverages,0,0,false,0.01,0,SIMULATED/DERIVED,normal_1pct
2024-07,SKU015,Condiments,0,0,false,0.01,0,SIMULATED/DERIVED,normal_1pct
2024-07,SKU016,Convenience Foods,0,0,false,0.01,0,SIMULATED/DERIVED,normal_1pct
2024-07,SKU017,Dairy,8934156,21.25,false,0.01,89341.56,SIMULATED/DERIVED,normal_1pct
2024-07,SKU018,Beverages,39059520,78.25,true,0.15,5858928,SIMULATED/DERIVED,slow_moving_15pct
2024-07,SKU019,Condiments,0,0,false,0.01,0,SIMULATED/DERIVED,normal_1pct
2024-07,SKU020,Convenience Foods,0,0,false,0.01,0,SIMULATED/DERIVED,normal_1pct
2024-07,SKU021,Dairy,0,0,false,0.01,0,SIMULATED/DERIVED,normal_1pct
2024-07,SKU022,Beverages,0,0,false,0.01,0,SIMULATED/DERIVED,normal_1pct
2024-07,SKU023,Condiments,0,0,false,0.01,0,SIMULATED/DERIVED,normal_1pct
2024-07,SKU024,Convenience Foods,0,0,false,0.01,0,SIMULATED/DERIVED,normal_1pct
2024-07,SKU025,Dairy,0,0,false,0.01,0,SIMULATED/DERIVED,normal_1pct
2024-07,SKU026,Beverages,0,0,false,0.01,0,SIMULATED/DERIVED,normal_1pct
2024-07,SKU027,Condiments,0,0,false,0.01,0,SIMULATED/DERIVED,normal_1pct
2024-07,SKU028,Convenience Foods,0,0,false,0.01,0,SIMULATED/DERIVED,normal_1pct
2024-07,SKU029,Dairy,0,0,false,0.01,0,SIMULATED/DERIVED,normal_1pct
2024-07,SKU030,Beverages,0,0,false,0.01,0,SIMULATED/DERIVED,normal_1pct
2024-07,SKU031,Condiments,0,0,false,0.01,0,SIMULATED/DERIVED,normal_1pct
2024-07,SKU032,Convenience Foods,0,0,false,0.01,0,SIMULATED/DERIVED,normal_1pct
2024-07,SKU033,Dairy,0,0,false,0.01,0,SIMULATED/DERIVED,normal_1pct
2024-07,SKU034,Beverages,172094910,402.05,true,0.15,25814236.5,SIMULATED/DERIVED,slow_moving_15pct
2024-07,SKU035,Condiments,40139550,77.5,true,0.15,6020932.5,SIMULATED/DERIVED,slow_moving_15pct
2024-07,SKU036,Convenience Foods,0,0,false,0.01,0,SIMULATED/DERIVED,normal_1pct
2024-08,SKU001,Dairy,10952100,58,false,0.01,109521,SIMULATED/DERIVED,normal_1pct
2024-08,SKU002,Beverages,0,0,false,0.01,0,SIMULATED/DERIVED,normal_1pct
2024-08,SKU003,Condiments,0,0,false,0.01,0,SIMULATED/DERIVED,normal_1pct
2024-08,SKU004,Convenience Foods,0,0,false,0.01,0,SIMULATED/DERIVED,normal_1pct
2024-08,SKU005,Dairy,0,0,false,0.01,0,SIMULATED/DERIVED,normal_1pct
2024-08,SKU006,Beverages,0,0,false,0.01,0,SIMULATED/DERIVED,normal_1pct
2024-08,SKU007,Condiments,0,0,false,0.01,0,SIMULATED/DERIVED,normal_1pct
2024-08,SKU008,Convenience Foods,0,0,false,0.01,0,SIMULATED/DERIVED,normal_1pct
2024-08,SKU009,Dairy,0,0,false,0.01,0,SIMULATED/DERIVED,normal_1pct
2024-08,SKU010,Beverages,0,0,false,0.01,0,SIMULATED/DERIVED,normal_1pct
2024-08,SKU011,Condiments,0,0,false,0.01,0,SIMULATED/DERIVED,normal_1pct
2024-08,SKU012,Convenience Foods,0,0,false,0.01,0,SIMULATED/DERIVED,normal_1pct
2024-08,SKU013,Dairy,0,0,false,0.01,0,SIMULATED/DERIVED,normal_1pct
2024-08,SKU014,Beverages,0,0,false,0.01,0,SIMULATED/DERIVED,normal_1pct
2024-08,SKU015,Condiments,0,0,false,0.01,0,SIMULATED/DERIVED,normal_1pct
2024-08,SKU016,Convenience Foods,0,0,false,0.01,0,SIMULATED/DERIVED,normal_1pct
2024-08,SKU017,Dairy,4389726,11.15,false,0.01,43897.26,SIMULATED/DERIVED,normal_1pct
2024-08,SKU018,Beverages,40163520,76.85,true,0.15,6024528,SIMULATED/DERIVED,slow_moving_15pct
2024-08,SKU019,Condiments,0,0,false,0.01,0,SIMULATED/DERIVED,normal_1pct
2024-08,SKU020,Convenience Foods,0,0,false,0.01,0,SIMULATED/DERIVED,normal_1pct
2024-08,SKU021,Dairy,0,0,false,0.01,0,SIMULATED/DERIVED,normal_1pct
2024-08,SKU022,Beverages,0,0,false,0.01,0,SIMULATED/DERIVED,normal_1pct
2024-08,SKU023,Condiments,0,0,false,0.01,0,SIMULATED/DERIVED,normal_1pct
2024-08,SKU024,Convenience Foods,0,0,false,0.01,0,SIMULATED/DERIVED,normal_1pct
2024-08,SKU025,Dairy,0,0,false,0.01,0,SIMULATED/DERIVED,normal_1pct
2024-08,SKU026,Beverages,0,0,false,0.01,0,SIMULATED/DERIVED,normal_1pct
2024-08,SKU027,Condiments,0,0,false,0.01,0,SIMULATED/DERIVED,normal_1pct
2024-08,SKU028,Convenience Foods,0,0,false,0.01,0,SIMULATED/DERIVED,normal_1pct
2024-08,SKU029,Dairy,0,0,false,0.01,0,SIMULATED/DERIVED,normal_1pct
2024-08,SKU030,Beverages,0,0,false,0.01,0,SIMULATED/DERIVED,normal_1pct
2024-08,SKU031,Condiments,0,0,false,0.01,0,SIMULATED/DERIVED,normal_1pct
2024-08,SKU032,Convenience Foods,0,0,false,0.01,0,SIMULATED/DERIVED,normal_1pct
2024-08,SKU033,Dairy,0,0,false,0.01,0,SIMULATED/DERIVED,normal_1pct
2024-08,SKU034,Beverages,190824855,462.85,true,0.15,28623728.25,SIMULATED/DERIVED,slow_moving_15pct
2024-08,SKU035,Condiments,37774425,64.85,true,0.15,5666163.75,SIMULATED/DERIVED,slow_moving_15pct
2024-08,SKU036,Convenience Foods,0,0,false,0.01,0,SIMULATED/DERIVED,normal_1pct
2024-09,SKU001,Dairy,10905660,52.7,false,0.01,109056.6,SIMULATED/DERIVED,normal_1pct
2024-09,SKU002,Beverages,0,0,false,0.01,0,SIMULATED/DERIVED,normal_1pct
2024-09,SKU003,Condiments,0,0,false,0.01,0,SIMULATED/DERIVED,normal_1pct
2024-09,SKU004,Convenience Foods,0,0,false,0.01,0,SIMULATED/DERIVED,normal_1pct
2024-09,SKU005,Dairy,0,0,false,0.01,0,SIMULATED/DERIVED,normal_1pct
2024-09,SKU006,Beverages,0,0,false,0.01,0,SIMULATED/DERIVED,normal_1pct
2024-09,SKU007,Condiments,0,0,false,0.01,0,SIMULATED/DERIVED,normal_1pct
2024-09,SKU008,Convenience Foods,0,0,false,0.01,0,SIMULATED/DERIVED,normal_1pct
2024-09,SKU009,Dairy,0,0,false,0.01,0,SIMULATED/DERIVED,normal_1pct
2024-09,SKU010,Beverages,0,0,false,0.01,0,SIMULATED/DERIVED,normal_1pct
2024-09,SKU011,Condiments,0,0,false,0.01,0,SIMULATED/DERIVED,normal_1pct
2024-09,SKU012,Convenience Foods,0,0,false,0.01,0,SIMULATED/DERIVED,normal_1pct
2024-09,SKU013,Dairy,0,0,false,0.01,0,SIMULATED/DERIVED,normal_1pct
2024-09,SKU014,Beverages,0,0,false,0.01,0,SIMULATED/DERIVED,normal_1pct
2024-09,SKU015,Condiments,0,0,false,0.01,0,SIMULATED/DERIVED,normal_1pct
2024-09,SKU016,Convenience Foods,0,0,false,0.01,0,SIMULATED/DERIVED,normal_1pct
2024-09,SKU017,Dairy,0,0,false,0.01,0,SIMULATED/DERIVED,normal_1pct
2024-09,SKU018,Beverages,38375040,72.2,true,0.15,5756256,SIMULATED/DERIVED,slow_moving_15pct
2024-09,SKU019,Condiments,0,0,false,0.01,0,SIMULATED/DERIVED,normal_1pct
2024-09,SKU020,Convenience Foods,0,0,false,0.01,0,SIMULATED/DERIVED,normal_1pct
2024-09,SKU021,Dairy,0,0,false,0.01,0,SIMULATED/DERIVED,normal_1pct
2024-09,SKU022,Beverages,0,0,false,0.01,0,SIMULATED/DERIVED,normal_1pct
2024-09,SKU023,Condiments,0,0,false,0.01,0,SIMULATED/DERIVED,normal_1pct
2024-09,SKU024,Convenience Foods,0,0,false,0.01,0,SIMULATED/DERIVED,normal_1pct
2024-09,SKU025,Dairy,0,0,false,0.01,0,SIMULATED/DERIVED,normal_1pct
2024-09,SKU026,Beverages,0,0,false,0.01,0,SIMULATED/DERIVED,normal_1pct
2024-09,SKU027,Condiments,0,0,false,0.01,0,SIMULATED/DERIVED,normal_1pct
2024-09,SKU028,Convenience Foods,0,0,false,0.01,0,SIMULATED/DERIVED,normal_1pct
2024-09,SKU029,Dairy,0,0,false,0.01,0,SIMULATED/DERIVED,normal_1pct
2024-09,SKU030,Beverages,0,0,false,0.01,0,SIMULATED/DERIVED,normal_1pct
2024-09,SKU031,Condiments,0,0,false,0.01,0,SIMULATED/DERIVED,normal_1pct
2024-09,SKU032,Convenience Foods,0,0,false,0.01,0,SIMULATED/DERIVED,normal_1pct
2024-09,SKU033,Dairy,0,0,false,0.01,0,SIMULATED/DERIVED,normal_1pct
2024-09,SKU034,Beverages,219421995,484.4,true,0.15,32913299.25,SIMULATED/DERIVED,slow_moving_15pct
2024-09,SKU035,Condiments,39125925,69.65,true,0.15,5868888.75,SIMULATED/DERIVED,slow_moving_15pct
2024-09,SKU036,Convenience Foods,0,0,false,0.01,0,SIMULATED/DERIVED,normal_1pct
2024-10,SKU001,Dairy,11192040,69.75,true,0.15,1678806,SIMULATED/DERIVED,slow_moving_15pct
2024-10,SKU002,Beverages,0,0,false,0.01,0,SIMULATED/DERIVED,normal_1pct
2024-10,SKU003,Condiments,0,0,false,0.01,0,SIMULATED/DERIVED,normal_1pct
2024-10,SKU004,Convenience Foods,0,0,false,0.01,0,SIMULATED/DERIVED,normal_1pct
2024-10,SKU005,Dairy,0,0,false,0.01,0,SIMULATED/DERIVED,normal_1pct
2024-10,SKU006,Beverages,0,0,false,0.01,0,SIMULATED/DERIVED,normal_1pct
2024-10,SKU007,Condiments,0,0,false,0.01,0,SIMULATED/DERIVED,normal_1pct
2024-10,SKU008,Convenience Foods,0,0,false,0.01,0,SIMULATED/DERIVED,normal_1pct
2024-10,SKU009,Dairy,0,0,false,0.01,0,SIMULATED/DERIVED,normal_1pct
2024-10,SKU010,Beverages,0,0,false,0.01,0,SIMULATED/DERIVED,normal_1pct
2024-10,SKU011,Condiments,0,0,false,0.01,0,SIMULATED/DERIVED,normal_1pct
2024-10,SKU012,Convenience Foods,0,0,false,0.01,0,SIMULATED/DERIVED,normal_1pct
2024-10,SKU013,Dairy,0,0,false,0.01,0,SIMULATED/DERIVED,normal_1pct
2024-10,SKU014,Beverages,0,0,false,0.01,0,SIMULATED/DERIVED,normal_1pct
2024-10,SKU015,Condiments,0,0,false,0.01,0,SIMULATED/DERIVED,normal_1pct
2024-10,SKU016,Convenience Foods,0,0,false,0.01,0,SIMULATED/DERIVED,normal_1pct
2024-10,SKU017,Dairy,0,0,false,0.01,0,SIMULATED/DERIVED,normal_1pct
2024-10,SKU018,Beverages,39059520,75.6,true,0.15,5858928,SIMULATED/DERIVED,slow_moving_15pct
2024-10,SKU019,Condiments,0,0,false,0.01,0,SIMULATED/DERIVED,normal_1pct
2024-10,SKU020,Convenience Foods,0,0,false,0.01,0,SIMULATED/DERIVED,normal_1pct
2024-10,SKU021,Dairy,0,0,false,0.01,0,SIMULATED/DERIVED,normal_1pct
2024-10,SKU022,Beverages,0,0,false,0.01,0,SIMULATED/DERIVED,normal_1pct
2024-10,SKU023,Condiments,0,0,false,0.01,0,SIMULATED/DERIVED,normal_1pct
2024-10,SKU024,Convenience Foods,0,0,false,0.01,0,SIMULATED/DERIVED,normal_1pct
2024-10,SKU025,Dairy,0,0,false,0.01,0,SIMULATED/DERIVED,normal_1pct
2024-10,SKU026,Beverages,0,0,false,0.01,0,SIMULATED/DERIVED,normal_1pct
2024-10,SKU027,Condiments,0,0,false,0.01,0,SIMULATED/DERIVED,normal_1pct
2024-10,SKU028,Convenience Foods,0,0,false,0.01,0,SIMULATED/DERIVED,normal_1pct
2024-10,SKU029,Dairy,0,0,false,0.01,0,SIMULATED/DERIVED,normal_1pct
2024-10,SKU030,Beverages,0,0,false,0.01,0,SIMULATED/DERIVED,normal_1pct
2024-10,SKU031,Condiments,0,0,false,0.01,0,SIMULATED/DERIVED,normal_1pct
2024-10,SKU032,Convenience Foods,0,0,false,0.01,0,SIMULATED/DERIVED,normal_1pct
2024-10,SKU033,Dairy,0,0,false,0.01,0,SIMULATED/DERIVED,normal_1pct
2024-10,SKU034,Beverages,270550215,705.65,true,0.15,40582532.25,SIMULATED/DERIVED,slow_moving_15pct
2024-10,SKU035,Condiments,38067250,82.05,true,0.15,5710087.5,SIMULATED/DERIVED,slow_moving_15pct
2024-10,SKU036,Convenience Foods,0,0,false,0.01,0,SIMULATED/DERIVED,normal_1pct
2024-11,SKU001,Dairy,10735380,56.55,false,0.01,107353.8,SIMULATED/DERIVED,normal_1pct
2024-11,SKU002,Beverages,0,0,false,0.01,0,SIMULATED/DERIVED,normal_1pct
2024-11,SKU003,Condiments,0,0,false,0.01,0,SIMULATED/DERIVED,normal_1pct
2024-11,SKU004,Convenience Foods,0,0,false,0.01,0,SIMULATED/DERIVED,normal_1pct
2024-11,SKU005,Dairy,0,0,false,0.01,0,SIMULATED/DERIVED,normal_1pct
2024-11,SKU006,Beverages,0,0,false,0.01,0,SIMULATED/DERIVED,normal_1pct
2024-11,SKU007,Condiments,0,0,false,0.01,0,SIMULATED/DERIVED,normal_1pct
2024-11,SKU008,Convenience Foods,0,0,false,0.01,0,SIMULATED/DERIVED,normal_1pct
2024-11,SKU009,Dairy,0,0,false,0.01,0,SIMULATED/DERIVED,normal_1pct
2024-11,SKU010,Beverages,0,0,false,0.01,0,SIMULATED/DERIVED,normal_1pct
2024-11,SKU011,Condiments,0,0,false,0.01,0,SIMULATED/DERIVED,normal_1pct
2024-11,SKU012,Convenience Foods,0,0,false,0.01,0,SIMULATED/DERIVED,normal_1pct
2024-11,SKU013,Dairy,0,0,false,0.01,0,SIMULATED/DERIVED,normal_1pct
2024-11,SKU014,Beverages,0,0,false,0.01,0,SIMULATED/DERIVED,normal_1pct
2024-11,SKU015,Condiments,0,0,false,0.01,0,SIMULATED/DERIVED,normal_1pct
2024-11,SKU016,Convenience Foods,0,0,false,0.01,0,SIMULATED/DERIVED,normal_1pct
2024-11,SKU017,Dairy,0,0,false,0.01,0,SIMULATED/DERIVED,normal_1pct
2024-11,SKU018,Beverages,41068800,67.55,true,0.15,6160320,SIMULATED/DERIVED,slow_moving_15pct
2024-11,SKU019,Condiments,0,0,false,0.01,0,SIMULATED/DERIVED,normal_1pct
2024-11,SKU020,Convenience Foods,0,0,false,0.01,0,SIMULATED/DERIVED,normal_1pct
2024-11,SKU021,Dairy,0,0,false,0.01,0,SIMULATED/DERIVED,normal_1pct
2024-11,SKU022,Beverages,0,0,false,0.01,0,SIMULATED/DERIVED,normal_1pct
2024-11,SKU023,Condiments,0,0,false,0.01,0,SIMULATED/DERIVED,normal_1pct
2024-11,SKU024,Convenience Foods,0,0,false,0.01,0,SIMULATED/DERIVED,normal_1pct
2024-11,SKU025,Dairy,0,0,false,0.01,0,SIMULATED/DERIVED,normal_1pct
2024-11,SKU026,Beverages,0,0,false,0.01,0,SIMULATED/DERIVED,normal_1pct
2024-11,SKU027,Condiments,0,0,false,0.01,0,SIMULATED/DERIVED,normal_1pct
2024-11,SKU028,Convenience Foods,0,0,false,0.01,0,SIMULATED/DERIVED,normal_1pct
2024-11,SKU029,Dairy,0,0,false,0.01,0,SIMULATED/DERIVED,normal_1pct
2024-11,SKU030,Beverages,0,0,false,0.01,0,SIMULATED/DERIVED,normal_1pct
2024-11,SKU031,Condiments,0,0,false,0.01,0,SIMULATED/DERIVED,normal_1pct
2024-11,SKU032,Convenience Foods,0,0,false,0.01,0,SIMULATED/DERIVED,normal_1pct
2024-11,SKU033,Dairy,0,0,false,0.01,0,SIMULATED/DERIVED,normal_1pct
2024-11,SKU034,Beverages,310471980,703.75,true,0.15,46570797,SIMULATED/DERIVED,slow_moving_15pct
2024-11,SKU035,Condiments,36242725,64.9,true,0.15,5436408.75,SIMULATED/DERIVED,slow_moving_15pct
2024-11,SKU036,Convenience Foods,0,0,false,0.01,0,SIMULATED/DERIVED,normal_1pct
2024-12,SKU001,Dairy,10263240,52.5,false,0.01,102632.4,SIMULATED/DERIVED,normal_1pct
2024-12,SKU002,Beverages,0,0,false,0.01,0,SIMULATED/DERIVED,normal_1pct
2024-12,SKU003,Condiments,0,0,false,0.01,0,SIMULATED/DERIVED,normal_1pct
2024-12,SKU004,Convenience Foods,0,0,false,0.01,0,SIMULATED/DERIVED,normal_1pct
2024-12,SKU005,Dairy,0,0,false,0.01,0,SIMULATED/DERIVED,normal_1pct
2024-12,SKU006,Beverages,0,0,false,0.01,0,SIMULATED/DERIVED,normal_1pct
2024-12,SKU007,Condiments,0,0,false,0.01,0,SIMULATED/DERIVED,normal_1pct
2024-12,SKU008,Convenience Foods,0,0,false,0.01,0,SIMULATED/DERIVED,normal_1pct
2024-12,SKU009,Dairy,0,0,false,0.01,0,SIMULATED/DERIVED,normal_1pct
2024-12,SKU010,Beverages,0,0,false,0.01,0,SIMULATED/DERIVED,normal_1pct
2024-12,SKU011,Condiments,0,0,false,0.01,0,SIMULATED/DERIVED,normal_1pct
2024-12,SKU012,Convenience Foods,0,0,false,0.01,0,SIMULATED/DERIVED,normal_1pct
2024-12,SKU013,Dairy,0,0,false,0.01,0,SIMULATED/DERIVED,normal_1pct
2024-12,SKU014,Beverages,0,0,false,0.01,0,SIMULATED/DERIVED,normal_1pct
2024-12,SKU015,Condiments,0,0,false,0.01,0,SIMULATED/DERIVED,normal_1pct
2024-12,SKU016,Convenience Foods,0,0,false,0.01,0,SIMULATED/DERIVED,normal_1pct
2024-12,SKU017,Dairy,0,0,false,0.01,0,SIMULATED/DERIVED,normal_1pct
2024-12,SKU018,Beverages,44579520,86.55,true,0.15,6686928,SIMULATED/DERIVED,slow_moving_15pct
2024-12,SKU019,Condiments,0,0,false,0.01,0,SIMULATED/DERIVED,normal_1pct
2024-12,SKU020,Convenience Foods,0,0,false,0.01,0,SIMULATED/DERIVED,normal_1pct
2024-12,SKU021,Dairy,0,0,false,0.01,0,SIMULATED/DERIVED,normal_1pct
2024-12,SKU022,Beverages,0,0,false,0.01,0,SIMULATED/DERIVED,normal_1pct
2024-12,SKU023,Condiments,0,0,false,0.01,0,SIMULATED/DERIVED,normal_1pct
2024-12,SKU024,Convenience Foods,0,0,false,0.01,0,SIMULATED/DERIVED,normal_1pct
2024-12,SKU025,Dairy,0,0,false,0.01,0,SIMULATED/DERIVED,normal_1pct
2024-12,SKU026,Beverages,0,0,false,0.01,0,SIMULATED/DERIVED,normal_1pct
2024-12,SKU027,Condiments,0,0,false,0.01,0,SIMULATED/DERIVED,normal_1pct
2024-12,SKU028,Convenience Foods,0,0,false,0.01,0,SIMULATED/DERIVED,normal_1pct
2024-12,SKU029,Dairy,0,0,false,0.01,0,SIMULATED/DERIVED,normal_1pct
2024-12,SKU030,Beverages,0,0,false,0.01,0,SIMULATED/DERIVED,normal_1pct
2024-12,SKU031,Condiments,0,0,false,0.01,0,SIMULATED/DERIVED,normal_1pct
2024-12,SKU032,Convenience Foods,0,0,false,0.01,0,SIMULATED/DERIVED,normal_1pct
2024-12,SKU033,Dairy,0,0,false,0.01,0,SIMULATED/DERIVED,normal_1pct
2024-12,SKU034,Beverages,374638290,872.55,true,0.15,56195743.5,SIMULATED/DERIVED,slow_moving_15pct
2024-12,SKU035,Condiments,38202400,66.6,true,0.15,5730360,SIMULATED/DERIVED,slow_moving_15pct
2024-12,SKU036,Convenience Foods,0,0,false,0.01,0,SIMULATED/DERIVED,normal_1pct
2025-01,SKU001,Dairy,9334440,54,false,0.01,93344.4,SIMULATED/DERIVED,normal_1pct
2025-01,SKU002,Beverages,0,0,false,0.01,0,SIMULATED/DERIVED,normal_1pct
2025-01,SKU003,Condiments,0,0,false,0.01,0,SIMULATED/DERIVED,normal_1pct
2025-01,SKU004,Convenience Foods,0,0,false,0.01,0,SIMULATED/DERIVED,normal_1pct
2025-01,SKU005,Dairy,0,0,false,0.01,0,SIMULATED/DERIVED,normal_1pct
2025-01,SKU006,Beverages,0,0,false,0.01,0,SIMULATED/DERIVED,normal_1pct
2025-01,SKU007,Condiments,0,0,false,0.01,0,SIMULATED/DERIVED,normal_1pct
2025-01,SKU008,Convenience Foods,0,0,false,0.01,0,SIMULATED/DERIVED,normal_1pct
2025-01,SKU009,Dairy,0,0,false,0.01,0,SIMULATED/DERIVED,normal_1pct
2025-01,SKU010,Beverages,0,0,false,0.01,0,SIMULATED/DERIVED,normal_1pct
2025-01,SKU011,Condiments,0,0,false,0.01,0,SIMULATED/DERIVED,normal_1pct
2025-01,SKU012,Convenience Foods,0,0,false,0.01,0,SIMULATED/DERIVED,normal_1pct
2025-01,SKU013,Dairy,0,0,false,0.01,0,SIMULATED/DERIVED,normal_1pct
2025-01,SKU014,Beverages,0,0,false,0.01,0,SIMULATED/DERIVED,normal_1pct
2025-01,SKU015,Condiments,0,0,false,0.01,0,SIMULATED/DERIVED,normal_1pct
2025-01,SKU016,Convenience Foods,0,0,false,0.01,0,SIMULATED/DERIVED,normal_1pct
2025-01,SKU017,Dairy,0,0,false,0.01,0,SIMULATED/DERIVED,normal_1pct
2025-01,SKU018,Beverages,45705600,94.95,true,0.15,6855840,SIMULATED/DERIVED,slow_moving_15pct
2025-01,SKU019,Condiments,0,0,false,0.01,0,SIMULATED/DERIVED,normal_1pct
2025-01,SKU020,Convenience Foods,0,0,false,0.01,0,SIMULATED/DERIVED,normal_1pct
2025-01,SKU021,Dairy,0,0,false,0.01,0,SIMULATED/DERIVED,normal_1pct
2025-01,SKU022,Beverages,0,0,false,0.01,0,SIMULATED/DERIVED,normal_1pct
2025-01,SKU023,Condiments,0,0,false,0.01,0,SIMULATED/DERIVED,normal_1pct
2025-01,SKU024,Convenience Foods,0,0,false,0.01,0,SIMULATED/DERIVED,normal_1pct
2025-01,SKU025,Dairy,0,0,false,0.01,0,SIMULATED/DERIVED,normal_1pct
2025-01,SKU026,Beverages,0,0,false,0.01,0,SIMULATED/DERIVED,normal_1pct
2025-01,SKU027,Condiments,0,0,false,0.01,0,SIMULATED/DERIVED,normal_1pct
2025-01,SKU028,Convenience Foods,0,0,false,0.01,0,SIMULATED/DERIVED,normal_1pct
2025-01,SKU029,Dairy,0,0,false,0.01,0,SIMULATED/DERIVED,normal_1pct
2025-01,SKU030,Beverages,0,0,false,0.01,0,SIMULATED/DERIVED,normal_1pct
2025-01,SKU031,Condiments,0,0,false,0.01,0,SIMULATED/DERIVED,normal_1pct
2025-01,SKU032,Convenience Foods,0,0,false,0.01,0,SIMULATED/DERIVED,normal_1pct
2025-01,SKU033,Dairy,0,0,false,0.01,0,SIMULATED/DERIVED,normal_1pct
2025-01,SKU034,Beverages,435180720,1101.15,true,0.15,65277108,SIMULATED/DERIVED,slow_moving_15pct
2025-01,SKU035,Condiments,40905400,104.35,true,0.15,6135810,SIMULATED/DERIVED,slow_moving_15pct
2025-01,SKU036,Convenience Foods,0,0,false,0.01,0,SIMULATED/DERIVED,normal_1pct
2025-02,SKU001,Dairy,8490780,49.85,false,0.01,84907.8,SIMULATED/DERIVED,normal_1pct
2025-02,SKU002,Beverages,0,0,false,0.01,0,SIMULATED/DERIVED,normal_1pct
2025-02,SKU003,Condiments,0,0,false,0.01,0,SIMULATED/DERIVED,normal_1pct
2025-02,SKU004,Convenience Foods,0,0,false,0.01,0,SIMULATED/DERIVED,normal_1pct
2025-02,SKU005,Dairy,0,0,false,0.01,0,SIMULATED/DERIVED,normal_1pct
2025-02,SKU006,Beverages,0,0,false,0.01,0,SIMULATED/DERIVED,normal_1pct
2025-02,SKU007,Condiments,0,0,false,0.01,0,SIMULATED/DERIVED,normal_1pct
2025-02,SKU008,Convenience Foods,0,0,false,0.01,0,SIMULATED/DERIVED,normal_1pct
2025-02,SKU009,Dairy,0,0,false,0.01,0,SIMULATED/DERIVED,normal_1pct
2025-02,SKU010,Beverages,0,0,false,0.01,0,SIMULATED/DERIVED,normal_1pct
2025-02,SKU011,Condiments,0,0,false,0.01,0,SIMULATED/DERIVED,normal_1pct
2025-02,SKU012,Convenience Foods,0,0,false,0.01,0,SIMULATED/DERIVED,normal_1pct
2025-02,SKU013,Dairy,0,0,false,0.01,0,SIMULATED/DERIVED,normal_1pct
2025-02,SKU014,Beverages,0,0,false,0.01,0,SIMULATED/DERIVED,normal_1pct
2025-02,SKU015,Condiments,0,0,false,0.01,0,SIMULATED/DERIVED,normal_1pct
2025-02,SKU016,Convenience Foods,0,0,false,0.01,0,SIMULATED/DERIVED,normal_1pct
2025-02,SKU017,Dairy,0,0,false,0.01,0,SIMULATED/DERIVED,normal_1pct
2025-02,SKU018,Beverages,47803200,83.25,true,0.15,7170480,SIMULATED/DERIVED,slow_moving_15pct
2025-02,SKU019,Condiments,0,0,false,0.01,0,SIMULATED/DERIVED,normal_1pct
2025-02,SKU020,Convenience Foods,0,0,false,0.01,0,SIMULATED/DERIVED,normal_1pct
2025-02,SKU021,Dairy,0,0,false,0.01,0,SIMULATED/DERIVED,normal_1pct
2025-02,SKU022,Beverages,0,0,false,0.01,0,SIMULATED/DERIVED,normal_1pct
2025-02,SKU023,Condiments,0,0,false,0.01,0,SIMULATED/DERIVED,normal_1pct
2025-02,SKU024,Convenience Foods,0,0,false,0.01,0,SIMULATED/DERIVED,normal_1pct
2025-02,SKU025,Dairy,0,0,false,0.01,0,SIMULATED/DERIVED,normal_1pct
2025-02,SKU026,Beverages,0,0,false,0.01,0,SIMULATED/DERIVED,normal_1pct
2025-02,SKU027,Condiments,0,0,false,0.01,0,SIMULATED/DERIVED,normal_1pct
2025-02,SKU028,Convenience Foods,0,0,false,0.01,0,SIMULATED/DERIVED,normal_1pct
2025-02,SKU029,Dairy,0,0,false,0.01,0,SIMULATED/DERIVED,normal_1pct
2025-02,SKU030,Beverages,0,0,false,0.01,0,SIMULATED/DERIVED,normal_1pct
2025-02,SKU031,Condiments,0,0,false,0.01,0,SIMULATED/DERIVED,normal_1pct
2025-02,SKU032,Convenience Foods,0,0,false,0.01,0,SIMULATED/DERIVED,normal_1pct
2025-02,SKU033,Dairy,0,0,false,0.01,0,SIMULATED/DERIVED,normal_1pct
2025-02,SKU034,Beverages,541297380,1268.45,true,0.15,81194607,SIMULATED/DERIVED,slow_moving_15pct
2025-02,SKU035,Condiments,44374250,85.65,true,0.15,6656137.5,SIMULATED/DERIVED,slow_moving_15pct
2025-02,SKU036,Convenience Foods,0,0,false,0.01,0,SIMULATED/DERIVED,normal_1pct
2025-03,SKU001,Dairy,7213680,41,false,0.01,72136.8,SIMULATED/DERIVED,normal_1pct
2025-03,SKU002,Beverages,0,0,false,0.01,0,SIMULATED/DERIVED,normal_1pct
2025-03,SKU003,Condiments,0,0,false,0.01,0,SIMULATED/DERIVED,normal_1pct
2025-03,SKU004,Convenience Foods,0,0,false,0.01,0,SIMULATED/DERIVED,normal_1pct
2025-03,SKU005,Dairy,0,0,false,0.01,0,SIMULATED/DERIVED,normal_1pct
2025-03,SKU006,Beverages,0,0,false,0.01,0,SIMULATED/DERIVED,normal_1pct
2025-03,SKU007,Condiments,0,0,false,0.01,0,SIMULATED/DERIVED,normal_1pct
2025-03,SKU008,Convenience Foods,0,0,false,0.01,0,SIMULATED/DERIVED,normal_1pct
2025-03,SKU009,Dairy,0,0,false,0.01,0,SIMULATED/DERIVED,normal_1pct
2025-03,SKU010,Beverages,0,0,false,0.01,0,SIMULATED/DERIVED,normal_1pct
2025-03,SKU011,Condiments,0,0,false,0.01,0,SIMULATED/DERIVED,normal_1pct
2025-03,SKU012,Convenience Foods,0,0,false,0.01,0,SIMULATED/DERIVED,normal_1pct
2025-03,SKU013,Dairy,0,0,false,0.01,0,SIMULATED/DERIVED,normal_1pct
2025-03,SKU014,Beverages,0,0,false,0.01,0,SIMULATED/DERIVED,normal_1pct
2025-03,SKU015,Condiments,0,0,false,0.01,0,SIMULATED/DERIVED,normal_1pct
2025-03,SKU016,Convenience Foods,0,0,false,0.01,0,SIMULATED/DERIVED,normal_1pct
2025-03,SKU017,Dairy,0,0,false,0.01,0,SIMULATED/DERIVED,normal_1pct
2025-03,SKU018,Beverages,47803200,96.1,true,0.15,7170480,SIMULATED/DERIVED,slow_moving_15pct
2025-03,SKU019,Condiments,0,0,false,0.01,0,SIMULATED/DERIVED,normal_1pct
2025-03,SKU020,Convenience Foods,0,0,false,0.01,0,SIMULATED/DERIVED,normal_1pct
2025-03,SKU021,Dairy,0,0,false,0.01,0,SIMULATED/DERIVED,normal_1pct
2025-03,SKU022,Beverages,0,0,false,0.01,0,SIMULATED/DERIVED,normal_1pct
2025-03,SKU023,Condiments,0,0,false,0.01,0,SIMULATED/DERIVED,normal_1pct
2025-03,SKU024,Convenience Foods,0,0,false,0.01,0,SIMULATED/DERIVED,normal_1pct
2025-03,SKU025,Dairy,0,0,false,0.01,0,SIMULATED/DERIVED,normal_1pct
2025-03,SKU026,Beverages,0,0,false,0.01,0,SIMULATED/DERIVED,normal_1pct
2025-03,SKU027,Condiments,0,0,false,0.01,0,SIMULATED/DERIVED,normal_1pct
2025-03,SKU028,Convenience Foods,0,0,false,0.01,0,SIMULATED/DERIVED,normal_1pct
2025-03,SKU029,Dairy,0,0,false,0.01,0,SIMULATED/DERIVED,normal_1pct
2025-03,SKU030,Beverages,0,0,false,0.01,0,SIMULATED/DERIVED,normal_1pct
2025-03,SKU031,Condiments,0,0,false,0.01,0,SIMULATED/DERIVED,normal_1pct
2025-03,SKU032,Convenience Foods,0,0,false,0.01,0,SIMULATED/DERIVED,normal_1pct
2025-03,SKU033,Dairy,0,0,false,0.01,0,SIMULATED/DERIVED,normal_1pct
2025-03,SKU034,Beverages,630299085,1424.45,true,0.15,94544862.75,SIMULATED/DERIVED,slow_moving_15pct
2025-03,SKU035,Condiments,48248550,91,true,0.15,7237282.5,SIMULATED/DERIVED,slow_moving_15pct
2025-03,SKU036,Convenience Foods,0,0,false,0.01,0,SIMULATED/DERIVED,normal_1pct
2025-04,SKU001,Dairy,6284880,33.55,false,0.01,62848.8,SIMULATED/DERIVED,normal_1pct
2025-04,SKU002,Beverages,0,0,true,0.15,0,SIMULATED/DERIVED,slow_moving_15pct
2025-04,SKU003,Condiments,0,0,false,0.01,0,SIMULATED/DERIVED,normal_1pct
2025-04,SKU004,Convenience Foods,0,0,false,0.01,0,SIMULATED/DERIVED,normal_1pct
2025-04,SKU005,Dairy,0,0,false,0.01,0,SIMULATED/DERIVED,normal_1pct
2025-04,SKU006,Beverages,0,0,true,0.15,0,SIMULATED/DERIVED,slow_moving_15pct
2025-04,SKU007,Condiments,0,0,false,0.01,0,SIMULATED/DERIVED,normal_1pct
2025-04,SKU008,Convenience Foods,0,0,false,0.01,0,SIMULATED/DERIVED,normal_1pct
2025-04,SKU009,Dairy,0,0,false,0.01,0,SIMULATED/DERIVED,normal_1pct
2025-04,SKU010,Beverages,0,0,true,0.15,0,SIMULATED/DERIVED,slow_moving_15pct
2025-04,SKU011,Condiments,0,0,false,0.01,0,SIMULATED/DERIVED,normal_1pct
2025-04,SKU012,Convenience Foods,0,0,false,0.01,0,SIMULATED/DERIVED,normal_1pct
2025-04,SKU013,Dairy,0,0,false,0.01,0,SIMULATED/DERIVED,normal_1pct
2025-04,SKU014,Beverages,0,0,true,0.15,0,SIMULATED/DERIVED,slow_moving_15pct
2025-04,SKU015,Condiments,0,0,false,0.01,0,SIMULATED/DERIVED,normal_1pct
2025-04,SKU016,Convenience Foods,0,0,false,0.01,0,SIMULATED/DERIVED,normal_1pct
2025-04,SKU017,Dairy,0,0,false,0.01,0,SIMULATED/DERIVED,normal_1pct
2025-04,SKU018,Beverages,52152960,107.7,true,0.15,7822944,SIMULATED/DERIVED,slow_moving_15pct
2025-04,SKU019,Condiments,0,0,false,0.01,0,SIMULATED/DERIVED,normal_1pct
2025-04,SKU020,Convenience Foods,0,0,false,0.01,0,SIMULATED/DERIVED,normal_1pct
2025-04,SKU021,Dairy,0,0,false,0.01,0,SIMULATED/DERIVED,normal_1pct
2025-04,SKU022,Beverages,0,0,true,0.15,0,SIMULATED/DERIVED,slow_moving_15pct
2025-04,SKU023,Condiments,0,0,false,0.01,0,SIMULATED/DERIVED,normal_1pct
2025-04,SKU024,Convenience Foods,0,0,false,0.01,0,SIMULATED/DERIVED,normal_1pct
2025-04,SKU025,Dairy,0,0,false,0.01,0,SIMULATED/DERIVED,normal_1pct
2025-04,SKU026,Beverages,0,0,true,0.15,0,SIMULATED/DERIVED,slow_moving_15pct
2025-04,SKU027,Condiments,0,0,false,0.01,0,SIMULATED/DERIVED,normal_1pct
2025-04,SKU028,Convenience Foods,0,0,false,0.01,0,SIMULATED/DERIVED,normal_1pct
2025-04,SKU029,Dairy,0,0,false,0.01,0,SIMULATED/DERIVED,normal_1pct
2025-04,SKU030,Beverages,0,0,true,0.15,0,SIMULATED/DERIVED,slow_moving_15pct
2025-04,SKU031,Condiments,0,0,false,0.01,0,SIMULATED/DERIVED,normal_1pct
2025-04,SKU032,Convenience Foods,0,0,false,0.01,0,SIMULATED/DERIVED,normal_1pct
2025-04,SKU033,Dairy,0,0,false,0.01,0,SIMULATED/DERIVED,normal_1pct
2025-04,SKU034,Beverages,655292040,1152.25,true,0.15,98293806,SIMULATED/DERIVED,slow_moving_15pct
2025-04,SKU035,Condiments,54105050,101.5,true,0.15,8115757.5,SIMULATED/DERIVED,slow_moving_15pct
2025-04,SKU036,Convenience Foods,0,0,false,0.01,0,SIMULATED/DERIVED,normal_1pct
2025-05,SKU001,Dairy,5534100,32.9,false,0.01,55341,SIMULATED/DERIVED,normal_1pct
2025-05,SKU002,Beverages,0,0,false,0.01,0,SIMULATED/DERIVED,normal_1pct
2025-05,SKU003,Condiments,0,0,false,0.01,0,SIMULATED/DERIVED,normal_1pct
2025-05,SKU004,Convenience Foods,0,0,false,0.01,0,SIMULATED/DERIVED,normal_1pct
2025-05,SKU005,Dairy,0,0,false,0.01,0,SIMULATED/DERIVED,normal_1pct
2025-05,SKU006,Beverages,0,0,false,0.01,0,SIMULATED/DERIVED,normal_1pct
2025-05,SKU007,Condiments,0,0,false,0.01,0,SIMULATED/DERIVED,normal_1pct
2025-05,SKU008,Convenience Foods,0,0,false,0.01,0,SIMULATED/DERIVED,normal_1pct
2025-05,SKU009,Dairy,0,0,false,0.01,0,SIMULATED/DERIVED,normal_1pct
2025-05,SKU010,Beverages,0,0,false,0.01,0,SIMULATED/DERIVED,normal_1pct
2025-05,SKU011,Condiments,0,0,false,0.01,0,SIMULATED/DERIVED,normal_1pct
2025-05,SKU012,Convenience Foods,0,0,false,0.01,0,SIMULATED/DERIVED,normal_1pct
2025-05,SKU013,Dairy,0,0,false,0.01,0,SIMULATED/DERIVED,normal_1pct
2025-05,SKU014,Beverages,0,0,false,0.01,0,SIMULATED/DERIVED,normal_1pct
2025-05,SKU015,Condiments,0,0,false,0.01,0,SIMULATED/DERIVED,normal_1pct
2025-05,SKU016,Convenience Foods,0,0,false,0.01,0,SIMULATED/DERIVED,normal_1pct
2025-05,SKU017,Dairy,0,0,false,0.01,0,SIMULATED/DERIVED,normal_1pct
2025-05,SKU018,Beverages,59726400,124.45,true,0.15,8958960,SIMULATED/DERIVED,slow_moving_15pct
2025-05,SKU019,Condiments,0,0,false,0.01,0,SIMULATED/DERIVED,normal_1pct
2025-05,SKU020,Convenience Foods,0,0,false,0.01,0,SIMULATED/DERIVED,normal_1pct
2025-05,SKU021,Dairy,0,0,false,0.01,0,SIMULATED/DERIVED,normal_1pct
2025-05,SKU022,Beverages,0,0,false,0.01,0,SIMULATED/DERIVED,normal_1pct
2025-05,SKU023,Condiments,0,0,false,0.01,0,SIMULATED/DERIVED,normal_1pct
2025-05,SKU024,Convenience Foods,0,0,false,0.01,0,SIMULATED/DERIVED,normal_1pct
2025-05,SKU025,Dairy,0,0,false,0.01,0,SIMULATED/DERIVED,normal_1pct
2025-05,SKU026,Beverages,0,0,false,0.01,0,SIMULATED/DERIVED,normal_1pct
2025-05,SKU027,Condiments,0,0,false,0.01,0,SIMULATED/DERIVED,normal_1pct
2025-05,SKU028,Convenience Foods,0,0,false,0.01,0,SIMULATED/DERIVED,normal_1pct
2025-05,SKU029,Dairy,0,0,false,0.01,0,SIMULATED/DERIVED,normal_1pct
2025-05,SKU030,Beverages,0,0,false,0.01,0,SIMULATED/DERIVED,normal_1pct
2025-05,SKU031,Condiments,0,0,false,0.01,0,SIMULATED/DERIVED,normal_1pct
2025-05,SKU032,Convenience Foods,0,0,false,0.01,0,SIMULATED/DERIVED,normal_1pct
2025-05,SKU033,Dairy,0,0,false,0.01,0,SIMULATED/DERIVED,normal_1pct
2025-05,SKU034,Beverages,779016030,1990.95,true,0.15,116852404.5,SIMULATED/DERIVED,slow_moving_15pct
2025-05,SKU035,Condiments,60975175,126.1,true,0.15,9146276.25,SIMULATED/DERIVED,slow_moving_15pct
2025-05,SKU036,Convenience Foods,0,0,false,0.01,0,SIMULATED/DERIVED,normal_1pct
2025-06,SKU001,Dairy,3978360,21.65,false,0.01,39783.6,SIMULATED/DERIVED,normal_1pct
2025-06,SKU002,Beverages,0,0,false,0.01,0,SIMULATED/DERIVED,normal_1pct
2025-06,SKU003,Condiments,0,0,false,0.01,0,SIMULATED/DERIVED,normal_1pct
2025-06,SKU004,Convenience Foods,0,0,false,0.01,0,SIMULATED/DERIVED,normal_1pct
2025-06,SKU005,Dairy,0,0,false,0.01,0,SIMULATED/DERIVED,normal_1pct
2025-06,SKU006,Beverages,0,0,false,0.01,0,SIMULATED/DERIVED,normal_1pct
2025-06,SKU007,Condiments,0,0,false,0.01,0,SIMULATED/DERIVED,normal_1pct
2025-06,SKU008,Convenience Foods,0,0,false,0.01,0,SIMULATED/DERIVED,normal_1pct
2025-06,SKU009,Dairy,0,0,false,0.01,0,SIMULATED/DERIVED,normal_1pct
2025-06,SKU010,Beverages,0,0,false,0.01,0,SIMULATED/DERIVED,normal_1pct
2025-06,SKU011,Condiments,0,0,false,0.01,0,SIMULATED/DERIVED,normal_1pct
2025-06,SKU012,Convenience Foods,0,0,false,0.01,0,SIMULATED/DERIVED,normal_1pct
2025-06,SKU013,Dairy,0,0,false,0.01,0,SIMULATED/DERIVED,normal_1pct
2025-06,SKU014,Beverages,0,0,false,0.01,0,SIMULATED/DERIVED,normal_1pct
2025-06,SKU015,Condiments,0,0,false,0.01,0,SIMULATED/DERIVED,normal_1pct
2025-06,SKU016,Convenience Foods,0,0,false,0.01,0,SIMULATED/DERIVED,normal_1pct
2025-06,SKU017,Dairy,0,0,false,0.01,0,SIMULATED/DERIVED,normal_1pct
2025-06,SKU018,Beverages,63237120,130.2,true,0.15,9485568,SIMULATED/DERIVED,slow_moving_15pct
2025-06,SKU019,Condiments,0,0,false,0.01,0,SIMULATED/DERIVED,normal_1pct
2025-06,SKU020,Convenience Foods,0,0,false,0.01,0,SIMULATED/DERIVED,normal_1pct
2025-06,SKU021,Dairy,0,0,false,0.01,0,SIMULATED/DERIVED,normal_1pct
2025-06,SKU022,Beverages,0,0,false,0.01,0,SIMULATED/DERIVED,normal_1pct
2025-06,SKU023,Condiments,0,0,false,0.01,0,SIMULATED/DERIVED,normal_1pct
2025-06,SKU024,Convenience Foods,0,0,false,0.01,0,SIMULATED/DERIVED,normal_1pct
2025-06,SKU025,Dairy,0,0,false,0.01,0,SIMULATED/DERIVED,normal_1pct
2025-06,SKU026,Beverages,0,0,false,0.01,0,SIMULATED/DERIVED,normal_1pct
2025-06,SKU027,Condiments,0,0,false,0.01,0,SIMULATED/DERIVED,normal_1pct
2025-06,SKU028,Convenience Foods,0,0,false,0.01,0,SIMULATED/DERIVED,normal_1pct
2025-06,SKU029,Dairy,0,0,false,0.01,0,SIMULATED/DERIVED,normal_1pct
2025-06,SKU030,Beverages,0,0,false,0.01,0,SIMULATED/DERIVED,normal_1pct
2025-06,SKU031,Condiments,0,0,false,0.01,0,SIMULATED/DERIVED,normal_1pct
2025-06,SKU032,Convenience Foods,0,0,false,0.01,0,SIMULATED/DERIVED,normal_1pct
2025-06,SKU033,Dairy,0,0,false,0.01,0,SIMULATED/DERIVED,normal_1pct
2025-06,SKU034,Beverages,978447600,2388.45,true,0.15,146767140,SIMULATED/DERIVED,slow_moving_15pct
2025-06,SKU035,Condiments,70525775,149.55,true,0.15,10578866.25,SIMULATED/DERIVED,slow_moving_15pct
2025-06,SKU036,Convenience Foods,0,0,false,0.01,0,SIMULATED/DERIVED,normal_1pct
2025-07,SKU001,Dairy,2422620,14.05,false,0.01,24226.2,SIMULATED/DERIVED,normal_1pct
2025-07,SKU002,Beverages,0,0,false,0.01,0,SIMULATED/DERIVED,normal_1pct
2025-07,SKU003,Condiments,0,0,false,0.01,0,SIMULATED/DERIVED,normal_1pct
2025-07,SKU004,Convenience Foods,0,0,false,0.01,0,SIMULATED/DERIVED,normal_1pct
2025-07,SKU005,Dairy,0,0,false,0.01,0,SIMULATED/DERIVED,normal_1pct
2025-07,SKU006,Beverages,0,0,false,0.01,0,SIMULATED/DERIVED,normal_1pct
2025-07,SKU007,Condiments,0,0,false,0.01,0,SIMULATED/DERIVED,normal_1pct
2025-07,SKU008,Convenience Foods,0,0,false,0.01,0,SIMULATED/DERIVED,normal_1pct
2025-07,SKU009,Dairy,0,0,false,0.01,0,SIMULATED/DERIVED,normal_1pct
2025-07,SKU010,Beverages,0,0,false,0.01,0,SIMULATED/DERIVED,normal_1pct
2025-07,SKU011,Condiments,0,0,false,0.01,0,SIMULATED/DERIVED,normal_1pct
2025-07,SKU012,Convenience Foods,0,0,false,0.01,0,SIMULATED/DERIVED,normal_1pct
2025-07,SKU013,Dairy,0,0,false,0.01,0,SIMULATED/DERIVED,normal_1pct
2025-07,SKU014,Beverages,0,0,false,0.01,0,SIMULATED/DERIVED,normal_1pct
2025-07,SKU015,Condiments,0,0,false,0.01,0,SIMULATED/DERIVED,normal_1pct
2025-07,SKU016,Convenience Foods,0,0,false,0.01,0,SIMULATED/DERIVED,normal_1pct
2025-07,SKU017,Dairy,0,0,false,0.01,0,SIMULATED/DERIVED,normal_1pct
2025-07,SKU018,Beverages,73349760,144.45,true,0.15,11002464,SIMULATED/DERIVED,slow_moving_15pct
2025-07,SKU019,Condiments,0,0,false,0.01,0,SIMULATED/DERIVED,normal_1pct
2025-07,SKU020,Convenience Foods,0,0,false,0.01,0,SIMULATED/DERIVED,normal_1pct
2025-07,SKU021,Dairy,0,0,false,0.01,0,SIMULATED/DERIVED,normal_1pct
2025-07,SKU022,Beverages,0,0,false,0.01,0,SIMULATED/DERIVED,normal_1pct
2025-07,SKU023,Condiments,0,0,false,0.01,0,SIMULATED/DERIVED,normal_1pct
2025-07,SKU024,Convenience Foods,0,0,false,0.01,0,SIMULATED/DERIVED,normal_1pct
2025-07,SKU025,Dairy,0,0,false,0.01,0,SIMULATED/DERIVED,normal_1pct
2025-07,SKU026,Beverages,0,0,false,0.01,0,SIMULATED/DERIVED,normal_1pct
2025-07,SKU027,Condiments,0,0,false,0.01,0,SIMULATED/DERIVED,normal_1pct
2025-07,SKU028,Convenience Foods,0,0,false,0.01,0,SIMULATED/DERIVED,normal_1pct
2025-07,SKU029,Dairy,0,0,false,0.01,0,SIMULATED/DERIVED,normal_1pct
2025-07,SKU030,Beverages,0,0,false,0.01,0,SIMULATED/DERIVED,normal_1pct
2025-07,SKU031,Condiments,0,0,false,0.01,0,SIMULATED/DERIVED,normal_1pct
2025-07,SKU032,Convenience Foods,0,0,false,0.01,0,SIMULATED/DERIVED,normal_1pct
2025-07,SKU033,Dairy,0,0,false,0.01,0,SIMULATED/DERIVED,normal_1pct
2025-07,SKU034,Beverages,1155190530,2810.85,true,0.15,173278579.5,SIMULATED/DERIVED,slow_moving_15pct
2025-07,SKU035,Condiments,76787725,149.95,true,0.15,11518158.75,SIMULATED/DERIVED,slow_moving_15pct
2025-07,SKU036,Convenience Foods,0,0,false,0.01,0,SIMULATED/DERIVED,normal_1pct
2025-08,SKU001,Dairy,255420,1.45,false,0.01,2554.2,SIMULATED/DERIVED,normal_1pct
2025-08,SKU002,Beverages,0,0,false,0.01,0,SIMULATED/DERIVED,normal_1pct
2025-08,SKU003,Condiments,0,0,false,0.01,0,SIMULATED/DERIVED,normal_1pct
2025-08,SKU004,Convenience Foods,0,0,false,0.01,0,SIMULATED/DERIVED,normal_1pct
2025-08,SKU005,Dairy,0,0,false,0.01,0,SIMULATED/DERIVED,normal_1pct
2025-08,SKU006,Beverages,0,0,false,0.01,0,SIMULATED/DERIVED,normal_1pct
2025-08,SKU007,Condiments,0,0,false,0.01,0,SIMULATED/DERIVED,normal_1pct
2025-08,SKU008,Convenience Foods,0,0,false,0.01,0,SIMULATED/DERIVED,normal_1pct
2025-08,SKU009,Dairy,0,0,false,0.01,0,SIMULATED/DERIVED,normal_1pct
2025-08,SKU010,Beverages,0,0,false,0.01,0,SIMULATED/DERIVED,normal_1pct
2025-08,SKU011,Condiments,0,0,false,0.01,0,SIMULATED/DERIVED,normal_1pct
2025-08,SKU012,Convenience Foods,0,0,false,0.01,0,SIMULATED/DERIVED,normal_1pct
2025-08,SKU013,Dairy,0,0,false,0.01,0,SIMULATED/DERIVED,normal_1pct
2025-08,SKU014,Beverages,0,0,false,0.01,0,SIMULATED/DERIVED,normal_1pct
2025-08,SKU015,Condiments,0,0,false,0.01,0,SIMULATED/DERIVED,normal_1pct
2025-08,SKU016,Convenience Foods,0,0,false,0.01,0,SIMULATED/DERIVED,normal_1pct
2025-08,SKU017,Dairy,0,0,false,0.01,0,SIMULATED/DERIVED,normal_1pct
2025-08,SKU018,Beverages,76308480,140.85,true,0.15,11446272,SIMULATED/DERIVED,slow_moving_15pct
2025-08,SKU019,Condiments,0,0,false,0.01,0,SIMULATED/DERIVED,normal_1pct
2025-08,SKU020,Convenience Foods,0,0,false,0.01,0,SIMULATED/DERIVED,normal_1pct
2025-08,SKU021,Dairy,0,0,false,0.01,0,SIMULATED/DERIVED,normal_1pct
2025-08,SKU022,Beverages,0,0,false,0.01,0,SIMULATED/DERIVED,normal_1pct
2025-08,SKU023,Condiments,0,0,false,0.01,0,SIMULATED/DERIVED,normal_1pct
2025-08,SKU024,Convenience Foods,0,0,false,0.01,0,SIMULATED/DERIVED,normal_1pct
2025-08,SKU025,Dairy,0,0,false,0.01,0,SIMULATED/DERIVED,normal_1pct
2025-08,SKU026,Beverages,0,0,false,0.01,0,SIMULATED/DERIVED,normal_1pct
2025-08,SKU027,Condiments,0,0,false,0.01,0,SIMULATED/DERIVED,normal_1pct
2025-08,SKU028,Convenience Foods,0,0,false,0.01,0,SIMULATED/DERIVED,normal_1pct
2025-08,SKU029,Dairy,0,0,false,0.01,0,SIMULATED/DERIVED,normal_1pct
2025-08,SKU030,Beverages,0,0,false,0.01,0,SIMULATED/DERIVED,normal_1pct
2025-08,SKU031,Condiments,0,0,false,0.01,0,SIMULATED/DERIVED,normal_1pct
2025-08,SKU032,Convenience Foods,0,0,false,0.01,0,SIMULATED/DERIVED,normal_1pct
2025-08,SKU033,Dairy,0,0,false,0.01,0,SIMULATED/DERIVED,normal_1pct
2025-08,SKU034,Beverages,1398797985,3248,true,0.15,209819697.75,SIMULATED/DERIVED,slow_moving_15pct
2025-08,SKU035,Condiments,89626975,191.3,true,0.15,13444046.25,SIMULATED/DERIVED,slow_moving_15pct
2025-08,SKU036,Convenience Foods,0,0,false,0.01,0,SIMULATED/DERIVED,normal_1pct
2025-09,SKU001,Dairy,0,0,false,0.01,0,SIMULATED/DERIVED,normal_1pct
2025-09,SKU002,Beverages,0,0,false,0.01,0,SIMULATED/DERIVED,normal_1pct
2025-09,SKU003,Condiments,0,0,false,0.01,0,SIMULATED/DERIVED,normal_1pct
2025-09,SKU004,Convenience Foods,0,0,false,0.01,0,SIMULATED/DERIVED,normal_1pct
2025-09,SKU005,Dairy,0,0,false,0.01,0,SIMULATED/DERIVED,normal_1pct
2025-09,SKU006,Beverages,0,0,false,0.01,0,SIMULATED/DERIVED,normal_1pct
2025-09,SKU007,Condiments,0,0,false,0.01,0,SIMULATED/DERIVED,normal_1pct
2025-09,SKU008,Convenience Foods,0,0,false,0.01,0,SIMULATED/DERIVED,normal_1pct
2025-09,SKU009,Dairy,0,0,false,0.01,0,SIMULATED/DERIVED,normal_1pct
2025-09,SKU010,Beverages,0,0,false,0.01,0,SIMULATED/DERIVED,normal_1pct
2025-09,SKU011,Condiments,0,0,false,0.01,0,SIMULATED/DERIVED,normal_1pct
2025-09,SKU012,Convenience Foods,0,0,false,0.01,0,SIMULATED/DERIVED,normal_1pct
2025-09,SKU013,Dairy,0,0,false,0.01,0,SIMULATED/DERIVED,normal_1pct
2025-09,SKU014,Beverages,0,0,false,0.01,0,SIMULATED/DERIVED,normal_1pct
2025-09,SKU015,Condiments,0,0,false,0.01,0,SIMULATED/DERIVED,normal_1pct
2025-09,SKU016,Convenience Foods,0,0,false,0.01,0,SIMULATED/DERIVED,normal_1pct
2025-09,SKU017,Dairy,0,0,false,0.01,0,SIMULATED/DERIVED,normal_1pct
2025-09,SKU018,Beverages,80879040,142,true,0.15,12131856,SIMULATED/DERIVED,slow_moving_15pct
2025-09,SKU019,Condiments,0,0,false,0.01,0,SIMULATED/DERIVED,normal_1pct
2025-09,SKU020,Convenience Foods,0,0,false,0.01,0,SIMULATED/DERIVED,normal_1pct
2025-09,SKU021,Dairy,0,0,false,0.01,0,SIMULATED/DERIVED,normal_1pct
2025-09,SKU022,Beverages,0,0,false,0.01,0,SIMULATED/DERIVED,normal_1pct
2025-09,SKU023,Condiments,0,0,false,0.01,0,SIMULATED/DERIVED,normal_1pct
2025-09,SKU024,Convenience Foods,0,0,false,0.01,0,SIMULATED/DERIVED,normal_1pct
2025-09,SKU025,Dairy,0,0,false,0.01,0,SIMULATED/DERIVED,normal_1pct
2025-09,SKU026,Beverages,0,0,false,0.01,0,SIMULATED/DERIVED,normal_1pct
2025-09,SKU027,Condiments,0,0,false,0.01,0,SIMULATED/DERIVED,normal_1pct
2025-09,SKU028,Convenience Foods,0,0,false,0.01,0,SIMULATED/DERIVED,normal_1pct
2025-09,SKU029,Dairy,0,0,false,0.01,0,SIMULATED/DERIVED,normal_1pct
2025-09,SKU030,Beverages,0,0,false,0.01,0,SIMULATED/DERIVED,normal_1pct
2025-09,SKU031,Condiments,0,0,false,0.01,0,SIMULATED/DERIVED,normal_1pct
2025-09,SKU032,Convenience Foods,0,0,false,0.01,0,SIMULATED/DERIVED,normal_1pct
2025-09,SKU033,Dairy,0,0,false,0.01,0,SIMULATED/DERIVED,normal_1pct
2025-09,SKU034,Beverages,1641440385,3834.8,true,0.15,246216057.75,SIMULATED/DERIVED,slow_moving_15pct
2025-09,SKU035,Condiments,102511275,177.75,true,0.15,15376691.25,SIMULATED/DERIVED,slow_moving_15pct
2025-09,SKU036,Convenience Foods,0,0,false,0.01,0,SIMULATED/DERIVED,normal_1pct
2025-10,SKU001,Dairy,0,0,false,0.01,0,SIMULATED/DERIVED,normal_1pct
2025-10,SKU002,Beverages,0,0,false,0.01,0,SIMULATED/DERIVED,normal_1pct
2025-10,SKU003,Condiments,0,0,false,0.01,0,SIMULATED/DERIVED,normal_1pct
2025-10,SKU004,Convenience Foods,0,0,false,0.01,0,SIMULATED/DERIVED,normal_1pct
2025-10,SKU005,Dairy,0,0,false,0.01,0,SIMULATED/DERIVED,normal_1pct
2025-10,SKU006,Beverages,0,0,false,0.01,0,SIMULATED/DERIVED,normal_1pct
2025-10,SKU007,Condiments,0,0,false,0.01,0,SIMULATED/DERIVED,normal_1pct
2025-10,SKU008,Convenience Foods,0,0,false,0.01,0,SIMULATED/DERIVED,normal_1pct
2025-10,SKU009,Dairy,0,0,false,0.01,0,SIMULATED/DERIVED,normal_1pct
2025-10,SKU010,Beverages,0,0,false,0.01,0,SIMULATED/DERIVED,normal_1pct
2025-10,SKU011,Condiments,0,0,false,0.01,0,SIMULATED/DERIVED,normal_1pct
2025-10,SKU012,Convenience Foods,0,0,false,0.01,0,SIMULATED/DERIVED,normal_1pct
2025-10,SKU013,Dairy,0,0,false,0.01,0,SIMULATED/DERIVED,normal_1pct
2025-10,SKU014,Beverages,0,0,false,0.01,0,SIMULATED/DERIVED,normal_1pct
2025-10,SKU015,Condiments,0,0,false,0.01,0,SIMULATED/DERIVED,normal_1pct
2025-10,SKU016,Convenience Foods,0,0,false,0.01,0,SIMULATED/DERIVED,normal_1pct
2025-10,SKU017,Dairy,0,0,false,0.01,0,SIMULATED/DERIVED,normal_1pct
2025-10,SKU018,Beverages,88849920,187.45,true,0.15,13327488,SIMULATED/DERIVED,slow_moving_15pct
2025-10,SKU019,Condiments,0,0,false,0.01,0,SIMULATED/DERIVED,normal_1pct
2025-10,SKU020,Convenience Foods,0,0,false,0.01,0,SIMULATED/DERIVED,normal_1pct
2025-10,SKU021,Dairy,0,0,false,0.01,0,SIMULATED/DERIVED,normal_1pct
2025-10,SKU022,Beverages,0,0,false,0.01,0,SIMULATED/DERIVED,normal_1pct
2025-10,SKU023,Condiments,0,0,false,0.01,0,SIMULATED/DERIVED,normal_1pct
2025-10,SKU024,Convenience Foods,0,0,false,0.01,0,SIMULATED/DERIVED,normal_1pct
2025-10,SKU025,Dairy,0,0,false,0.01,0,SIMULATED/DERIVED,normal_1pct
2025-10,SKU026,Beverages,0,0,false,0.01,0,SIMULATED/DERIVED,normal_1pct
2025-10,SKU027,Condiments,0,0,false,0.01,0,SIMULATED/DERIVED,normal_1pct
2025-10,SKU028,Convenience Foods,0,0,false,0.01,0,SIMULATED/DERIVED,normal_1pct
2025-10,SKU029,Dairy,0,0,false,0.01,0,SIMULATED/DERIVED,normal_1pct
2025-10,SKU030,Beverages,0,0,false,0.01,0,SIMULATED/DERIVED,normal_1pct
2025-10,SKU031,Condiments,0,0,false,0.01,0,SIMULATED/DERIVED,normal_1pct
2025-10,SKU032,Convenience Foods,0,0,false,0.01,0,SIMULATED/DERIVED,normal_1pct
2025-10,SKU033,Dairy,0,0,false,0.01,0,SIMULATED/DERIVED,normal_1pct
2025-10,SKU034,Beverages,1999397010,4729.1,true,0.15,299909551.5,SIMULATED/DERIVED,slow_moving_15pct
2025-10,SKU035,Condiments,112602475,204.3,true,0.15,16890371.25,SIMULATED/DERIVED,slow_moving_15pct
2025-10,SKU036,Convenience Foods,0,0,false,0.01,0,SIMULATED/DERIVED,normal_1pct
2025-11,SKU001,Dairy,0,0,false,0.01,0,SIMULATED/DERIVED,normal_1pct
2025-11,SKU002,Beverages,0,0,false,0.01,0,SIMULATED/DERIVED,normal_1pct
2025-11,SKU003,Condiments,0,0,false,0.01,0,SIMULATED/DERIVED,normal_1pct
2025-11,SKU004,Convenience Foods,0,0,false,0.01,0,SIMULATED/DERIVED,normal_1pct
2025-11,SKU005,Dairy,0,0,false,0.01,0,SIMULATED/DERIVED,normal_1pct
2025-11,SKU006,Beverages,0,0,false,0.01,0,SIMULATED/DERIVED,normal_1pct
2025-11,SKU007,Condiments,0,0,false,0.01,0,SIMULATED/DERIVED,normal_1pct
2025-11,SKU008,Convenience Foods,0,0,false,0.01,0,SIMULATED/DERIVED,normal_1pct
2025-11,SKU009,Dairy,0,0,false,0.01,0,SIMULATED/DERIVED,normal_1pct
2025-11,SKU010,Beverages,0,0,false,0.01,0,SIMULATED/DERIVED,normal_1pct
2025-11,SKU011,Condiments,0,0,false,0.01,0,SIMULATED/DERIVED,normal_1pct
2025-11,SKU012,Convenience Foods,0,0,false,0.01,0,SIMULATED/DERIVED,normal_1pct
2025-11,SKU013,Dairy,0,0,false,0.01,0,SIMULATED/DERIVED,normal_1pct
2025-11,SKU014,Beverages,0,0,false,0.01,0,SIMULATED/DERIVED,normal_1pct
2025-11,SKU015,Condiments,0,0,false,0.01,0,SIMULATED/DERIVED,normal_1pct
2025-11,SKU016,Convenience Foods,0,0,false,0.01,0,SIMULATED/DERIVED,normal_1pct
2025-11,SKU017,Dairy,0,0,false,0.01,0,SIMULATED/DERIVED,normal_1pct
2025-11,SKU018,Beverages,106933440,195.8,true,0.15,16040016,SIMULATED/DERIVED,slow_moving_15pct
2025-11,SKU019,Condiments,0,0,false,0.01,0,SIMULATED/DERIVED,normal_1pct
2025-11,SKU020,Convenience Foods,0,0,false,0.01,0,SIMULATED/DERIVED,normal_1pct
2025-11,SKU021,Dairy,0,0,false,0.01,0,SIMULATED/DERIVED,normal_1pct
2025-11,SKU022,Beverages,0,0,false,0.01,0,SIMULATED/DERIVED,normal_1pct
2025-11,SKU023,Condiments,0,0,false,0.01,0,SIMULATED/DERIVED,normal_1pct
2025-11,SKU024,Convenience Foods,0,0,false,0.01,0,SIMULATED/DERIVED,normal_1pct
2025-11,SKU025,Dairy,0,0,false,0.01,0,SIMULATED/DERIVED,normal_1pct
2025-11,SKU026,Beverages,0,0,false,0.01,0,SIMULATED/DERIVED,normal_1pct
2025-11,SKU027,Condiments,0,0,false,0.01,0,SIMULATED/DERIVED,normal_1pct
2025-11,SKU028,Convenience Foods,0,0,false,0.01,0,SIMULATED/DERIVED,normal_1pct
2025-11,SKU029,Dairy,0,0,false,0.01,0,SIMULATED/DERIVED,normal_1pct
2025-11,SKU030,Beverages,0,0,false,0.01,0,SIMULATED/DERIVED,normal_1pct
2025-11,SKU031,Condiments,0,0,false,0.01,0,SIMULATED/DERIVED,normal_1pct
2025-11,SKU032,Convenience Foods,0,0,false,0.01,0,SIMULATED/DERIVED,normal_1pct
2025-11,SKU033,Dairy,0,0,false,0.01,0,SIMULATED/DERIVED,normal_1pct
2025-11,SKU034,Beverages,2443282920,5393.75,true,0.15,366492438,SIMULATED/DERIVED,slow_moving_15pct
2025-11,SKU035,Condiments,127671700,228.55,true,0.15,19150755,SIMULATED/DERIVED,slow_moving_15pct
2025-11,SKU036,Convenience Foods,0,0,false,0.01,0,SIMULATED/DERIVED,normal_1pct
2025-12,SKU001,Dairy,0,0,false,0.01,0,SIMULATED/DERIVED,normal_1pct
2025-12,SKU002,Beverages,0,0,false,0.01,0,SIMULATED/DERIVED,normal_1pct
2025-12,SKU003,Condiments,0,0,false,0.01,0,SIMULATED/DERIVED,normal_1pct
2025-12,SKU004,Convenience Foods,0,0,false,0.01,0,SIMULATED/DERIVED,normal_1pct
2025-12,SKU005,Dairy,0,0,false,0.01,0,SIMULATED/DERIVED,normal_1pct
2025-12,SKU006,Beverages,0,0,false,0.01,0,SIMULATED/DERIVED,normal_1pct
2025-12,SKU007,Condiments,0,0,false,0.01,0,SIMULATED/DERIVED,normal_1pct
2025-12,SKU008,Convenience Foods,0,0,false,0.01,0,SIMULATED/DERIVED,normal_1pct
2025-12,SKU009,Dairy,0,0,false,0.01,0,SIMULATED/DERIVED,normal_1pct
2025-12,SKU010,Beverages,0,0,false,0.01,0,SIMULATED/DERIVED,normal_1pct
2025-12,SKU011,Condiments,0,0,false,0.01,0,SIMULATED/DERIVED,normal_1pct
2025-12,SKU012,Convenience Foods,0,0,false,0.01,0,SIMULATED/DERIVED,normal_1pct
2025-12,SKU013,Dairy,0,0,false,0.01,0,SIMULATED/DERIVED,normal_1pct
2025-12,SKU014,Beverages,0,0,false,0.01,0,SIMULATED/DERIVED,normal_1pct
2025-12,SKU015,Condiments,0,0,false,0.01,0,SIMULATED/DERIVED,normal_1pct
2025-12,SKU016,Convenience Foods,0,0,false,0.01,0,SIMULATED/DERIVED,normal_1pct
2025-12,SKU017,Dairy,0,0,false,0.01,0,SIMULATED/DERIVED,normal_1pct
2025-12,SKU018,Beverages,119364480,213.95,true,0.15,17904672,SIMULATED/DERIVED,slow_moving_15pct
2025-12,SKU019,Condiments,0,0,false,0.01,0,SIMULATED/DERIVED,normal_1pct
2025-12,SKU020,Convenience Foods,0,0,false,0.01,0,SIMULATED/DERIVED,normal_1pct
2025-12,SKU021,Dairy,0,0,false,0.01,0,SIMULATED/DERIVED,normal_1pct
2025-12,SKU022,Beverages,0,0,false,0.01,0,SIMULATED/DERIVED,normal_1pct
2025-12,SKU023,Condiments,0,0,false,0.01,0,SIMULATED/DERIVED,normal_1pct
2025-12,SKU024,Convenience Foods,0,0,false,0.01,0,SIMULATED/DERIVED,normal_1pct
2025-12,SKU025,Dairy,0,0,false,0.01,0,SIMULATED/DERIVED,normal_1pct
2025-12,SKU026,Beverages,0,0,false,0.01,0,SIMULATED/DERIVED,normal_1pct
2025-12,SKU027,Condiments,0,0,false,0.01,0,SIMULATED/DERIVED,normal_1pct
2025-12,SKU028,Convenience Foods,0,0,false,0.01,0,SIMULATED/DERIVED,normal_1pct
2025-12,SKU029,Dairy,0,0,false,0.01,0,SIMULATED/DERIVED,normal_1pct
2025-12,SKU030,Beverages,0,0,false,0.01,0,SIMULATED/DERIVED,normal_1pct
2025-12,SKU031,Condiments,0,0,false,0.01,0,SIMULATED/DERIVED,normal_1pct
2025-12,SKU032,Convenience Foods,0,0,false,0.01,0,SIMULATED/DERIVED,normal_1pct
2025-12,SKU033,Dairy,0,0,false,0.01,0,SIMULATED/DERIVED,normal_1pct
2025-12,SKU034,Beverages,2997185100,5913.7,true,0.15,449577765,SIMULATED/DERIVED,slow_moving_15pct
2025-12,SKU035,Condiments,149836300,248.85,true,0.15,22475445,SIMULATED/DERIVED,slow_moving_15pct
2025-12,SKU036,Convenience Foods,0,0,false,0.01,0,SIMULATED/DERIVED,normal_1pct
