SnapshotDate,TargetMonth,SKUKey,ChannelKey,ScenarioKey,ForecastVersionKey,ForecastUnits,ForecastRevenueVND,ForecastCOGSVND,ForecastTradeSpendVND,ForecastOPEXVND,Status,Approved,ActualAvailabilityDate,Eligibility,EvidenceClass,WorkingCapitalDaysDelta
2022-12-01,2023-01-01,SKU001,CH01,BASE,FV_BASE_202301,6180,182767320.0,107992126.46,4607650.27,517545.0,FROZEN,true,2023-02-01,true,ASSUMPTION,0
2022-12-01,2023-01-01,SKU001,CH01,UPSIDE,FV_UPSIDE_202301,6420,189865080.0,105915354.79,4607650.27,507194.1,FROZEN,true,2023-02-01,true,ASSUMPTION,-6
2022-12-01,2023-01-01,SKU001,CH01,DOWNSIDE,FV_DOWNSIDE_202301,5760,170346240.0,113184055.61,4699803.28,558948.6,FROZEN,true,2023-02-01,true,ASSUMPTION,14
2022-12-01,2023-01-01,SKU002,CH01,BASE,FV_BASE_202301,5150,176871600.0,94057658.53,4459016.39,500850.0,FROZEN,true,2023-02-01,true,ASSUMPTION,0
2022-12-01,2023-01-01,SKU002,CH01,UPSIDE,FV_UPSIDE_202301,5350,183740400.0,92248857.41,4459016.39,490833.0,FROZEN,true,2023-02-01,true,ASSUMPTION,-6
2022-12-01,2023-01-01,SKU002,CH01,DOWNSIDE,FV_DOWNSIDE_202301,4800,164851200.0,98579661.35,4548196.72,540918.0,FROZEN,true,2023-02-01,true,ASSUMPTION,14
2022-12-01,2023-01-01,SKU003,CH01,BASE,FV_BASE_202301,4120,125775360.0,70601304.18,3170856.1,356160.0,FROZEN,true,2023-02-01,true,ASSUMPTION,0
2022-12-01,2023-01-01,SKU003,CH01,UPSIDE,FV_UPSIDE_202301,4280,130659840.0,69243586.79,3170856.1,349036.8,FROZEN,true,2023-02-01,true,ASSUMPTION,-6
2022-12-01,2023-01-01,SKU003,CH01,DOWNSIDE,FV_DOWNSIDE_202301,3840,117227520.0,73995597.65,3234273.22,384652.8,FROZEN,true,2023-02-01,true,ASSUMPTION,14
2022-12-01,2023-01-01,SKU004,CH01,BASE,FV_BASE_202301,6180,165080160.0,107295403.06,4161748.63,467460.0,FROZEN,true,2023-02-01,true,ASSUMPTION,0
2022-12-01,2023-01-01,SKU004,CH01,UPSIDE,FV_UPSIDE_202301,6420,171491040.0,105232029.93,4161748.63,458110.8,FROZEN,true,2023-02-01,true,ASSUMPTION,-6
2022-12-01,2023-01-01,SKU004,CH01,DOWNSIDE,FV_DOWNSIDE_202301,5760,153861120.0,112453835.9,4244983.6,504856.8,FROZEN,true,2023-02-01,true,ASSUMPTION,14
2022-12-01,2023-01-01,SKU005,CH01,BASE,FV_BASE_202301,5150,132653700.0,90138589.42,3344262.3,375637.5,FROZEN,true,2023-02-01,true,ASSUMPTION,0
2022-12-01,2023-01-01,SKU005,CH01,UPSIDE,FV_UPSIDE_202301,5350,137805300.0,88405155.01,3344262.3,368124.75,FROZEN,true,2023-02-01,true,ASSUMPTION,-6
2022-12-01,2023-01-01,SKU005,CH01,DOWNSIDE,FV_DOWNSIDE_202301,4800,123638400.0,94472175.45,3411147.55,405688.5,FROZEN,true,2023-02-01,true,ASSUMPTION,14
2022-12-01,2023-01-01,SKU006,CH01,BASE,FV_BASE_202301,4120,117914400.0,73155956.63,2972677.6,333900.0,FROZEN,true,2023-02-01,true,ASSUMPTION,0
2022-12-01,2023-01-01,SKU006,CH01,UPSIDE,FV_UPSIDE_202301,4280,122493600.0,71749111.31,2972677.6,327222.0,FROZEN,true,2023-02-01,true,ASSUMPTION,-6
2022-12-01,2023-01-01,SKU006,CH01,DOWNSIDE,FV_DOWNSIDE_202301,3840,109900800.0,76673069.93,3032131.15,360612.0,FROZEN,true,2023-02-01,true,ASSUMPTION,14
2022-12-01,2023-01-01,SKU007,CH01,BASE,FV_BASE_202301,6180,135601560.0,110169387.07,3418579.23,383985.0,FROZEN,true,2023-02-01,true,ASSUMPTION,0
2022-12-01,2023-01-01,SKU007,CH01,UPSIDE,FV_UPSIDE_202301,6420,140867640.0,108050745.01,3418579.23,376305.3,FROZEN,true,2023-02-01,true,ASSUMPTION,-6
2022-12-01,2023-01-01,SKU007,CH01,DOWNSIDE,FV_DOWNSIDE_202301,5760,126385920.0,115465992.22,3486950.81,414703.8,FROZEN,true,2023-02-01,true,ASSUMPTION,14
2022-12-01,2023-01-01,SKU008,CH01,BASE,FV_BASE_202301,5150,122827500.0,94347959.94,3096539.16,347812.5,FROZEN,true,2023-02-01,true,ASSUMPTION,0
2022-12-01,2023-01-01,SKU008,CH01,UPSIDE,FV_UPSIDE_202301,5350,127597500.0,92533576.09,3096539.16,340856.25,FROZEN,true,2023-02-01,true,ASSUMPTION,-6
2022-12-01,2023-01-01,SKU008,CH01,DOWNSIDE,FV_DOWNSIDE_202301,4800,114480000.0,98883919.55,3158469.94,375637.5,FROZEN,true,2023-02-01,true,ASSUMPTION,14
2022-12-01,2023-01-01,SKU009,CH01,BASE,FV_BASE_202301,6180,123810120.0,106076137.12,3121311.48,350595.0,FROZEN,true,2023-02-01,true,ASSUMPTION,0
2022-12-01,2023-01-01,SKU009,CH01,UPSIDE,FV_UPSIDE_202301,6420,128618280.0,104036211.4,3121311.48,343583.1,FROZEN,true,2023-02-01,true,ASSUMPTION,-6
2022-12-01,2023-01-01,SKU009,CH01,DOWNSIDE,FV_DOWNSIDE_202301,5760,115395840.0,111175951.4,3183737.71,378642.6,FROZEN,true,2023-02-01,true,ASSUMPTION,14
2022-12-01,2023-01-01,SKU010,CH01,BASE,FV_BASE_202301,5150,117914400.0,87090424.56,2972677.6,333900.0,FROZEN,true,2023-02-01,true,ASSUMPTION,0
2022-12-01,2023-01-01,SKU010,CH01,UPSIDE,FV_UPSIDE_202301,5350,122493600.0,85415608.71,2972677.6,327222.0,FROZEN,true,2023-02-01,true,ASSUMPTION,-6
2022-12-01,2023-01-01,SKU010,CH01,DOWNSIDE,FV_DOWNSIDE_202301,4800,109900800.0,91277464.21,3032131.15,360612.0,FROZEN,true,2023-02-01,true,ASSUMPTION,14
2022-12-01,2023-01-01,SKU011,CH01,BASE,FV_BASE_202301,3090,103175100.0,45722472.9,2601092.9,292162.5,FROZEN,true,2023-02-01,true,ASSUMPTION,0
2022-12-01,2023-01-01,SKU011,CH01,UPSIDE,FV_UPSIDE_202301,3210,107181900.0,44843194.58,2601092.9,286319.25,FROZEN,true,2023-02-01,true,ASSUMPTION,-6
2022-12-01,2023-01-01,SKU011,CH01,DOWNSIDE,FV_DOWNSIDE_202301,2880,96163200.0,47920668.71,2653114.76,315535.5,FROZEN,true,2023-02-01,true,ASSUMPTION,14
2022-12-01,2023-01-01,SKU012,CH01,BASE,FV_BASE_202301,4120,113983920.0,65666180.13,2873588.34,322770.0,FROZEN,true,2023-02-01,true,ASSUMPTION,0
2022-12-01,2023-01-01,SKU012,CH01,UPSIDE,FV_UPSIDE_202301,4280,118410480.0,64403368.98,2873588.34,316314.6,FROZEN,true,2023-02-01,true,ASSUMPTION,-6
2022-12-01,2023-01-01,SKU012,CH01,DOWNSIDE,FV_DOWNSIDE_202301,3840,106237440.0,68823208.02,2931060.11,348591.6,FROZEN,true,2023-02-01,true,ASSUMPTION,14
2022-12-01,2023-01-01,SKU001,CH02,BASE,FV_BASE_202301,5150,152306100.0,90188078.09,5762705.31,431287.5,FROZEN,true,2023-02-01,true,ASSUMPTION,0
2022-12-01,2023-01-01,SKU001,CH02,UPSIDE,FV_UPSIDE_202301,5350,158220900.0,88453691.98,5762705.31,422661.75,FROZEN,true,2023-02-01,true,ASSUMPTION,-6
2022-12-01,2023-01-01,SKU001,CH02,DOWNSIDE,FV_DOWNSIDE_202301,4800,141955200.0,94524043.39,5877959.42,465790.5,FROZEN,true,2023-02-01,true,ASSUMPTION,14
2022-12-01,2023-01-01,SKU002,CH02,BASE,FV_BASE_202301,3090,106122960.0,56556652.84,4015304.35,300510.0,FROZEN,true,2023-02-01,true,ASSUMPTION,0
2022-12-01,2023-01-01,SKU002,CH02,UPSIDE,FV_UPSIDE_202301,3210,110244240.0,55469024.9,4015304.35,294499.8,FROZEN,true,2023-02-01,true,ASSUMPTION,-6
2022-12-01,2023-01-01,SKU002,CH02,DOWNSIDE,FV_DOWNSIDE_202301,2880,98910720.0,59275722.69,4095610.44,324550.8,FROZEN,true,2023-02-01,true,ASSUMPTION,14
2022-12-01,2023-01-01,SKU003,CH02,BASE,FV_BASE_202301,3090,94331520.0,53065501.43,3569159.42,267120.0,FROZEN,true,2023-02-01,true,ASSUMPTION,0
2022-12-01,2023-01-01,SKU003,CH02,UPSIDE,FV_UPSIDE_202301,3210,97994880.0,52045011.02,3569159.42,261777.6,FROZEN,true,2023-02-01,true,ASSUMPTION,-6
2022-12-01,2023-01-01,SKU003,CH02,DOWNSIDE,FV_DOWNSIDE_202301,2880,87920640.0,55616727.46,3640542.61,288489.6,FROZEN,true,2023-02-01,true,ASSUMPTION,14
2022-12-01,2023-01-01,SKU004,CH02,BASE,FV_BASE_202301,4120,110053440.0,71684975.62,4164019.32,311640.0,FROZEN,true,2023-02-01,true,ASSUMPTION,0
2022-12-01,2023-01-01,SKU004,CH02,UPSIDE,FV_UPSIDE_202301,4280,114327360.0,70306418.39,4164019.32,305407.2,FROZEN,true,2023-02-01,true,ASSUMPTION,-6
2022-12-01,2023-01-01,SKU004,CH02,DOWNSIDE,FV_DOWNSIDE_202301,3840,102574080.0,75131368.68,4247299.71,336571.2,FROZEN,true,2023-02-01,true,ASSUMPTION,14
2022-12-01,2023-01-01,SKU005,CH02,BASE,FV_BASE_202301,4120,106122960.0,72266834.18,4015304.35,300510.0,FROZEN,true,2023-02-01,true,ASSUMPTION,0
2022-12-01,2023-01-01,SKU005,CH02,UPSIDE,FV_UPSIDE_202301,4280,110244240.0,70877087.37,4015304.35,294499.8,FROZEN,true,2023-02-01,true,ASSUMPTION,-6
2022-12-01,2023-01-01,SKU005,CH02,DOWNSIDE,FV_DOWNSIDE_202301,3840,98910720.0,75741201.21,4095610.44,324550.8,FROZEN,true,2023-02-01,true,ASSUMPTION,14
2022-12-01,2023-01-01,SKU006,CH02,BASE,FV_BASE_202301,3090,88435800.0,54985634.7,3346086.96,250425.0,FROZEN,true,2023-02-01,true,ASSUMPTION,0
2022-12-01,2023-01-01,SKU006,CH02,UPSIDE,FV_UPSIDE_202301,3210,91870200.0,53928218.65,3346086.96,245416.5,FROZEN,true,2023-02-01,true,ASSUMPTION,-6
2022-12-01,2023-01-01,SKU006,CH02,DOWNSIDE,FV_DOWNSIDE_202301,2880,82425600.0,57629174.83,3413008.7,270459.0,FROZEN,true,2023-02-01,true,ASSUMPTION,14
2022-12-01,2023-01-01,SKU007,CH02,BASE,FV_BASE_202301,5150,113001300.0,92006386.12,4275555.56,319987.5,FROZEN,true,2023-02-01,true,ASSUMPTION,0
2022-12-01,2023-01-01,SKU007,CH02,UPSIDE,FV_UPSIDE_202301,5350,117389700.0,90237032.54,4275555.56,313587.75,FROZEN,true,2023-02-01,true,ASSUMPTION,-6
2022-12-01,2023-01-01,SKU007,CH02,DOWNSIDE,FV_DOWNSIDE_202301,4800,105321600.0,96429770.07,4361066.67,345586.5,FROZEN,true,2023-02-01,true,ASSUMPTION,14
2022-12-01,2023-01-01,SKU008,CH02,BASE,FV_BASE_202301,4120,98262000.0,75641613.88,3717874.4,278250.0,FROZEN,true,2023-02-01,true,ASSUMPTION,0
2022-12-01,2023-01-01,SKU008,CH02,UPSIDE,FV_UPSIDE_202301,4280,102078000.0,74186967.46,3717874.4,272685.0,FROZEN,true,2023-02-01,true,ASSUMPTION,-6
2022-12-01,2023-01-01,SKU008,CH02,DOWNSIDE,FV_DOWNSIDE_202301,3840,91584000.0,79278229.93,3792231.89,300510.0,FROZEN,true,2023-02-01,true,ASSUMPTION,14
2022-12-01,2023-01-01,SKU009,CH02,BASE,FV_BASE_202301,5150,103175100.0,88587967.03,3903768.12,292162.5,FROZEN,true,2023-02-01,true,ASSUMPTION,0
2022-12-01,2023-01-01,SKU009,CH02,UPSIDE,FV_UPSIDE_202301,5350,107181900.0,86884352.28,3903768.12,286319.25,FROZEN,true,2023-02-01,true,ASSUMPTION,-6
2022-12-01,2023-01-01,SKU009,CH02,DOWNSIDE,FV_DOWNSIDE_202301,4800,96163200.0,92847003.91,3981843.48,315535.5,FROZEN,true,2023-02-01,true,ASSUMPTION,14
2022-12-01,2023-01-01,SKU010,CH02,BASE,FV_BASE_202301,4120,94331520.0,69823028.19,3569159.42,267120.0,FROZEN,true,2023-02-01,true,ASSUMPTION,0
2022-12-01,2023-01-01,SKU010,CH02,UPSIDE,FV_UPSIDE_202301,4280,97994880.0,68480277.65,3569159.42,261777.6,FROZEN,true,2023-02-01,true,ASSUMPTION,-6
2022-12-01,2023-01-01,SKU010,CH02,DOWNSIDE,FV_DOWNSIDE_202301,3840,87920640.0,73179904.55,3640542.61,288489.6,FROZEN,true,2023-02-01,true,ASSUMPTION,14
2022-12-01,2023-01-01,SKU011,CH02,BASE,FV_BASE_202301,2060,68783400.0,30547574.83,2602512.08,194775.0,FROZEN,true,2023-02-01,true,ASSUMPTION,0
2022-12-01,2023-01-01,SKU011,CH02,UPSIDE,FV_UPSIDE_202301,2140,71454600.0,29960121.47,2602512.08,190879.5,FROZEN,true,2023-02-01,true,ASSUMPTION,-6
2022-12-01,2023-01-01,SKU011,CH02,DOWNSIDE,FV_DOWNSIDE_202301,1920,64108800.0,32016208.24,2654562.32,210357.0,FROZEN,true,2023-02-01,true,ASSUMPTION,14
2022-12-01,2023-01-01,SKU012,CH02,BASE,FV_BASE_202301,3090,85487940.0,49356153.07,3234550.72,242077.5,FROZEN,true,2023-02-01,true,ASSUMPTION,0
2022-12-01,2023-01-01,SKU012,CH02,UPSIDE,FV_UPSIDE_202301,3210,88807860.0,48406996.28,3234550.72,237235.95,FROZEN,true,2023-02-01,true,ASSUMPTION,-6
2022-12-01,2023-01-01,SKU012,CH02,DOWNSIDE,FV_DOWNSIDE_202301,2880,79678080.0,51729045.04,3299241.73,261443.7,FROZEN,true,2023-02-01,true,ASSUMPTION,14
2022-12-01,2023-01-01,SKU001,CH03,BASE,FV_BASE_202301,3090,88988910.0,59258702.9,2431961.26,251991.25,FROZEN,true,2023-02-01,true,ASSUMPTION,0
2022-12-01,2023-01-01,SKU001,CH03,UPSIDE,FV_UPSIDE_202301,3210,92444790.0,58119112.46,2431961.26,246951.43,FROZEN,true,2023-02-01,true,ASSUMPTION,-6
2022-12-01,2023-01-01,SKU001,CH03,DOWNSIDE,FV_DOWNSIDE_202301,2880,82941120.0,62107679.0,2480600.49,272150.55,FROZEN,true,2023-02-01,true,ASSUMPTION,14
2022-12-01,2023-01-01,SKU002,CH03,BASE,FV_BASE_202301,2060,68894640.0,41289934.92,1882808.72,195090.0,FROZEN,true,2023-02-01,true,ASSUMPTION,0
2022-12-01,2023-01-01,SKU002,CH03,UPSIDE,FV_UPSIDE_202301,2140,71570160.0,40495897.71,1882808.72,191188.2,FROZEN,true,2023-02-01,true,ASSUMPTION,-6
2022-12-01,2023-01-01,SKU002,CH03,DOWNSIDE,FV_DOWNSIDE_202301,1920,64212480.0,43275027.95,1920464.89,210697.2,FROZEN,true,2023-02-01,true,ASSUMPTION,14
2022-12-01,2023-01-01,SKU003,CH03,BASE,FV_BASE_202301,2060,61239680.0,38741173.5,1673607.75,173413.33,FROZEN,true,2023-02-01,true,ASSUMPTION,0
2022-12-01,2023-01-01,SKU003,CH03,UPSIDE,FV_UPSIDE_202301,2140,63617920.0,37996150.94,1673607.75,169945.07,FROZEN,true,2023-02-01,true,ASSUMPTION,-6
2022-12-01,2023-01-01,SKU003,CH03,DOWNSIDE,FV_DOWNSIDE_202301,1920,57077760.0,40603729.92,1707079.91,187286.4,FROZEN,true,2023-02-01,true,ASSUMPTION,14
2022-12-01,2023-01-01,SKU004,CH03,BASE,FV_BASE_202301,3090,80377080.0,58876388.69,2196610.17,227605.0,FROZEN,true,2023-02-01,true,ASSUMPTION,0
2022-12-01,2023-01-01,SKU004,CH03,UPSIDE,FV_UPSIDE_202301,3210,83498520.0,57744150.44,2196610.17,223052.9,FROZEN,true,2023-02-01,true,ASSUMPTION,-6
2022-12-01,2023-01-01,SKU004,CH03,DOWNSIDE,FV_DOWNSIDE_202301,2880,74914560.0,61706984.3,2240542.37,245813.4,FROZEN,true,2023-02-01,true,ASSUMPTION,14
2022-12-01,2023-01-01,SKU005,CH03,BASE,FV_BASE_202301,3090,77506470.0,59354281.45,2118159.81,219476.25,FROZEN,true,2023-02-01,true,ASSUMPTION,0
2022-12-01,2023-01-01,SKU005,CH03,UPSIDE,FV_UPSIDE_202301,3210,80516430.0,58212852.96,2118159.81,215086.73,FROZEN,true,2023-02-01,true,ASSUMPTION,-6
2022-12-01,2023-01-01,SKU005,CH03,DOWNSIDE,FV_DOWNSIDE_202301,2880,72239040.0,62207852.67,2160523.01,237034.35,FROZEN,true,2023-02-01,true,ASSUMPTION,14
2022-12-01,2023-01-01,SKU006,CH03,BASE,FV_BASE_202301,2060,57412200.0,40142992.28,1569007.26,162575.0,FROZEN,true,2023-02-01,true,ASSUMPTION,0
2022-12-01,2023-01-01,SKU006,CH03,UPSIDE,FV_UPSIDE_202301,2140,59641800.0,39371011.66,1569007.26,159323.5,FROZEN,true,2023-02-01,true,ASSUMPTION,-6
2022-12-01,2023-01-01,SKU006,CH03,DOWNSIDE,FV_DOWNSIDE_202301,1920,53510400.0,42072943.83,1600387.41,175581.0,FROZEN,true,2023-02-01,true,ASSUMPTION,14
2022-12-01,2023-01-01,SKU007,CH03,BASE,FV_BASE_202301,3090,66024030.0,60453434.81,1804358.35,186961.25,FROZEN,true,2023-02-01,true,ASSUMPTION,0
2022-12-01,2023-01-01,SKU007,CH03,UPSIDE,FV_UPSIDE_202301,3210,68588070.0,59290868.75,1804358.35,183222.03,FROZEN,true,2023-02-01,true,ASSUMPTION,-6
2022-12-01,2023-01-01,SKU007,CH03,DOWNSIDE,FV_DOWNSIDE_202301,2880,61536960.0,63359849.94,1840445.52,201918.15,FROZEN,true,2023-02-01,true,ASSUMPTION,14
2022-12-01,2023-01-01,SKU008,CH03,BASE,FV_BASE_202301,3090,71765250.0,62126059.49,1961259.08,203218.75,FROZEN,true,2023-02-01,true,ASSUMPTION,0
2022-12-01,2023-01-01,SKU008,CH03,UPSIDE,FV_UPSIDE_202301,3210,74552250.0,60931327.57,1961259.08,199154.38,FROZEN,true,2023-02-01,true,ASSUMPTION,-6
2022-12-01,2023-01-01,SKU008,CH03,DOWNSIDE,FV_DOWNSIDE_202301,2880,66888000.0,65112889.27,2000484.26,219476.25,FROZEN,true,2023-02-01,true,ASSUMPTION,14
2022-12-01,2023-01-01,SKU009,CH03,BASE,FV_BASE_202301,3090,60282810.0,58207338.81,1647457.63,170703.75,FROZEN,true,2023-02-01,true,ASSUMPTION,0
2022-12-01,2023-01-01,SKU009,CH03,UPSIDE,FV_UPSIDE_202301,3210,62623890.0,57087966.91,1647457.63,167289.68,FROZEN,true,2023-02-01,true,ASSUMPTION,-6
2022-12-01,2023-01-01,SKU009,CH03,DOWNSIDE,FV_DOWNSIDE_202301,2880,56185920.0,61005768.56,1680406.78,184360.05,FROZEN,true,2023-02-01,true,ASSUMPTION,14
2022-12-01,2023-01-01,SKU010,CH03,BASE,FV_BASE_202301,3090,68894640.0,57347131.84,1882808.72,195090.0,FROZEN,true,2023-02-01,true,ASSUMPTION,0
2022-12-01,2023-01-01,SKU010,CH03,UPSIDE,FV_UPSIDE_202301,3210,71570160.0,56244302.38,1882808.72,191188.2,FROZEN,true,2023-02-01,true,ASSUMPTION,-6
2022-12-01,2023-01-01,SKU010,CH03,DOWNSIDE,FV_DOWNSIDE_202301,2880,64212480.0,60104205.48,1920464.89,210697.2,FROZEN,true,2023-02-01,true,ASSUMPTION,14
2022-12-01,2023-01-01,SKU011,CH03,BASE,FV_BASE_202301,1030,33490450.0,16726246.78,915254.24,94835.42,FROZEN,true,2023-02-01,true,ASSUMPTION,0
2022-12-01,2023-01-01,SKU011,CH03,UPSIDE,FV_UPSIDE_202301,1070,34791050.0,16404588.19,915254.24,92938.71,FROZEN,true,2023-02-01,true,ASSUMPTION,-6
2022-12-01,2023-01-01,SKU011,CH03,DOWNSIDE,FV_DOWNSIDE_202301,960,31214400.0,17530393.26,933559.32,102422.25,FROZEN,true,2023-02-01,true,ASSUMPTION,14
2022-12-01,2023-01-01,SKU012,CH03,BASE,FV_BASE_202301,2060,55498460.0,36033114.53,1516707.02,157155.83,FROZEN,true,2023-02-01,true,ASSUMPTION,0
2022-12-01,2023-01-01,SKU012,CH03,UPSIDE,FV_UPSIDE_202301,2140,57653740.0,35340170.02,1516707.02,154012.72,FROZEN,true,2023-02-01,true,ASSUMPTION,-6
2022-12-01,2023-01-01,SKU012,CH03,DOWNSIDE,FV_DOWNSIDE_202301,1920,51726720.0,37765475.81,1547041.16,169728.3,FROZEN,true,2023-02-01,true,ASSUMPTION,14
2022-12-01,2023-01-01,SKU001,CH04,BASE,FV_BASE_202301,2060,60156120.0,36717049.51,1586353.94,170345.0,FROZEN,true,2023-02-01,true,ASSUMPTION,0
2022-12-01,2023-01-01,SKU001,CH04,UPSIDE,FV_UPSIDE_202301,2140,62492280.0,36010952.41,1586353.94,166938.1,FROZEN,true,2023-02-01,true,ASSUMPTION,-6
2022-12-01,2023-01-01,SKU001,CH04,DOWNSIDE,FV_DOWNSIDE_202301,1920,56067840.0,38482292.28,1618081.02,183972.6,FROZEN,true,2023-02-01,true,ASSUMPTION,14
2022-12-01,2023-01-01,SKU002,CH04,BASE,FV_BASE_202301,1030,34929360.0,19187619.42,921108.74,98910.0,FROZEN,true,2023-02-01,true,ASSUMPTION,0
2022-12-01,2023-01-01,SKU002,CH04,UPSIDE,FV_UPSIDE_202301,1070,36285840.0,18818626.74,921108.74,96931.8,FROZEN,true,2023-02-01,true,ASSUMPTION,-6
2022-12-01,2023-01-01,SKU002,CH04,DOWNSIDE,FV_DOWNSIDE_202301,960,32555520.0,20110101.13,939530.91,106822.8,FROZEN,true,2023-02-01,true,ASSUMPTION,14
2022-12-01,2023-01-01,SKU003,CH04,BASE,FV_BASE_202301,1030,31048320.0,18003198.47,818763.33,87920.0,FROZEN,true,2023-02-01,true,ASSUMPTION,0
2022-12-01,2023-01-01,SKU003,CH04,UPSIDE,FV_UPSIDE_202301,1070,32254080.0,17656983.12,818763.33,86161.6,FROZEN,true,2023-02-01,true,ASSUMPTION,-6
2022-12-01,2023-01-01,SKU003,CH04,DOWNSIDE,FV_DOWNSIDE_202301,960,28938240.0,18868736.86,835138.6,94953.6,FROZEN,true,2023-02-01,true,ASSUMPTION,14
2022-12-01,2023-01-01,SKU004,CH04,BASE,FV_BASE_202301,2060,54334560.0,36480165.32,1432835.82,153860.0,FROZEN,true,2023-02-01,true,ASSUMPTION,0
2022-12-01,2023-01-01,SKU004,CH04,UPSIDE,FV_UPSIDE_202301,2140,56444640.0,35778623.68,1432835.82,150782.8,FROZEN,true,2023-02-01,true,ASSUMPTION,-6
2022-12-01,2023-01-01,SKU004,CH04,DOWNSIDE,FV_DOWNSIDE_202301,1920,50641920.0,38234019.42,1461492.54,166168.8,FROZEN,true,2023-02-01,true,ASSUMPTION,14
2022-12-01,2023-01-01,SKU005,CH04,BASE,FV_BASE_202301,1030,26197020.0,18388135.28,690831.56,74182.5,FROZEN,true,2023-02-01,true,ASSUMPTION,0
2022-12-01,2023-01-01,SKU005,CH04,UPSIDE,FV_UPSIDE_202301,1070,27214380.0,18034517.3,690831.56,72698.85,FROZEN,true,2023-02-01,true,ASSUMPTION,-6
2022-12-01,2023-01-01,SKU005,CH04,DOWNSIDE,FV_DOWNSIDE_202301,960,24416640.0,19272180.25,704648.19,80117.1,FROZEN,true,2023-02-01,true,ASSUMPTION,14
2022-12-01,2023-01-01,SKU006,CH04,BASE,FV_BASE_202301,1030,29107800.0,18654629.99,767590.62,82425.0,FROZEN,true,2023-02-01,true,ASSUMPTION,0
2022-12-01,2023-01-01,SKU006,CH04,UPSIDE,FV_UPSIDE_202301,1070,30238200.0,18295887.1,767590.62,80776.5,FROZEN,true,2023-02-01,true,ASSUMPTION,-6
2022-12-01,2023-01-01,SKU006,CH04,DOWNSIDE,FV_DOWNSIDE_202301,960,27129600.0,19551487.2,782942.43,89019.0,FROZEN,true,2023-02-01,true,ASSUMPTION,14
2022-12-01,2023-01-01,SKU007,CH04,BASE,FV_BASE_202301,2060,44631960.0,37457312.61,1176972.28,126385.0,FROZEN,true,2023-02-01,true,ASSUMPTION,0
2022-12-01,2023-01-01,SKU007,CH04,UPSIDE,FV_UPSIDE_202301,2140,46365240.0,36736979.67,1176972.28,123857.3,FROZEN,true,2023-02-01,true,ASSUMPTION,-6
2022-12-01,2023-01-01,SKU007,CH04,DOWNSIDE,FV_DOWNSIDE_202301,1920,41598720.0,39258144.95,1200511.73,136495.8,FROZEN,true,2023-02-01,true,ASSUMPTION,14
2022-12-01,2023-01-01,SKU008,CH04,BASE,FV_BASE_202301,2060,48513000.0,38493680.94,1279317.7,137375.0,FROZEN,true,2023-02-01,true,ASSUMPTION,0
2022-12-01,2023-01-01,SKU008,CH04,UPSIDE,FV_UPSIDE_202301,2140,50397000.0,37753417.84,1279317.7,134627.5,FROZEN,true,2023-02-01,true,ASSUMPTION,-6
2022-12-01,2023-01-01,SKU008,CH04,DOWNSIDE,FV_DOWNSIDE_202301,1920,45216000.0,40344338.68,1304904.05,148365.0,FROZEN,true,2023-02-01,true,ASSUMPTION,14
2022-12-01,2023-01-01,SKU009,CH04,BASE,FV_BASE_202301,2060,40750920.0,36065617.98,1074626.87,115395.0,FROZEN,true,2023-02-01,true,ASSUMPTION,0
2022-12-01,2023-01-01,SKU009,CH04,UPSIDE,FV_UPSIDE_202301,2140,42333480.0,35372048.41,1074626.87,113087.1,FROZEN,true,2023-02-01,true,ASSUMPTION,-6
2022-12-01,2023-01-01,SKU009,CH04,DOWNSIDE,FV_DOWNSIDE_202301,1920,37981440.0,37799541.92,1096119.41,124626.6,FROZEN,true,2023-02-01,true,ASSUMPTION,14
2022-12-01,2023-01-01,SKU010,CH04,BASE,FV_BASE_202301,1030,23286240.0,17766314.28,614072.49,65940.0,FROZEN,true,2023-02-01,true,ASSUMPTION,0
2022-12-01,2023-01-01,SKU010,CH04,UPSIDE,FV_UPSIDE_202301,1070,24190560.0,17424654.39,614072.49,64621.2,FROZEN,true,2023-02-01,true,ASSUMPTION,-6
2022-12-01,2023-01-01,SKU010,CH04,DOWNSIDE,FV_DOWNSIDE_202301,960,21703680.0,18620464.01,626353.94,71215.2,FROZEN,true,2023-02-01,true,ASSUMPTION,14
2022-12-01,2023-01-01,SKU011,CH04,BASE,FV_BASE_202301,1030,33959100.0,15545525.0,895522.39,96162.5,FROZEN,true,2023-02-01,true,ASSUMPTION,0
2022-12-01,2023-01-01,SKU011,CH04,UPSIDE,FV_UPSIDE_202301,1070,35277900.0,15246572.59,895522.39,94239.25,FROZEN,true,2023-02-01,true,ASSUMPTION,-6
2022-12-01,2023-01-01,SKU011,CH04,DOWNSIDE,FV_DOWNSIDE_202301,960,31651200.0,16292906.01,913432.84,103855.5,FROZEN,true,2023-02-01,true,ASSUMPTION,14
2022-12-01,2023-01-01,SKU012,CH04,BASE,FV_BASE_202301,1030,28137540.0,16744751.19,742004.26,79677.5,FROZEN,true,2023-02-01,true,ASSUMPTION,0
2022-12-01,2023-01-01,SKU012,CH04,UPSIDE,FV_UPSIDE_202301,1070,29230260.0,16422736.75,742004.26,78083.95,FROZEN,true,2023-02-01,true,ASSUMPTION,-6
2022-12-01,2023-01-01,SKU012,CH04,DOWNSIDE,FV_DOWNSIDE_202301,960,26225280.0,17549787.31,756844.35,86051.7,FROZEN,true,2023-02-01,true,ASSUMPTION,14
2022-12-01,2023-01-01,SKU001,CH05,BASE,FV_BASE_202301,2060,60922440.0,37377101.16,1605755.4,172515.0,FROZEN,true,2023-02-01,true,ASSUMPTION,0
2022-12-01,2023-01-01,SKU001,CH05,UPSIDE,FV_UPSIDE_202301,2140,63288360.0,36658310.76,1605755.4,169064.7,FROZEN,true,2023-02-01,true,ASSUMPTION,-6
2022-12-01,2023-01-01,SKU001,CH05,DOWNSIDE,FV_DOWNSIDE_202301,1920,56782080.0,39174077.18,1637870.51,186316.2,FROZEN,true,2023-02-01,true,ASSUMPTION,14
2022-12-01,2023-01-01,SKU002,CH05,BASE,FV_BASE_202301,2060,70748640.0,39065099.28,1864748.2,200340.0,FROZEN,true,2023-02-01,true,ASSUMPTION,0
2022-12-01,2023-01-01,SKU002,CH05,UPSIDE,FV_UPSIDE_202301,2140,73496160.0,38313847.37,1864748.2,196333.2,FROZEN,true,2023-02-01,true,ASSUMPTION,-6
2022-12-01,2023-01-01,SKU002,CH05,DOWNSIDE,FV_DOWNSIDE_202301,1920,65940480.0,40943229.05,1902043.16,216367.2,FROZEN,true,2023-02-01,true,ASSUMPTION,14
2022-12-01,2023-01-01,SKU003,CH05,BASE,FV_BASE_202301,1030,31443840.0,18326836.7,828776.98,89040.0,FROZEN,true,2023-02-01,true,ASSUMPTION,0
2022-12-01,2023-01-01,SKU003,CH05,UPSIDE,FV_UPSIDE_202301,1070,32664960.0,17974397.54,828776.98,87259.2,FROZEN,true,2023-02-01,true,ASSUMPTION,-6
2022-12-01,2023-01-01,SKU003,CH05,DOWNSIDE,FV_DOWNSIDE_202301,960,29306880.0,19207934.62,845352.52,96163.2,FROZEN,true,2023-02-01,true,ASSUMPTION,14
2022-12-01,2023-01-01,SKU004,CH05,BASE,FV_BASE_202301,2060,55026720.0,37135958.58,1450359.71,155820.0,FROZEN,true,2023-02-01,true,ASSUMPTION,0
2022-12-01,2023-01-01,SKU004,CH05,UPSIDE,FV_UPSIDE_202301,2140,57163680.0,36421805.53,1450359.71,152703.6,FROZEN,true,2023-02-01,true,ASSUMPTION,-6
2022-12-01,2023-01-01,SKU004,CH05,DOWNSIDE,FV_DOWNSIDE_202301,1920,51287040.0,38921341.2,1479366.9,168285.6,FROZEN,true,2023-02-01,true,ASSUMPTION,14
2022-12-01,2023-01-01,SKU005,CH05,BASE,FV_BASE_202301,2060,53061480.0,37437386.81,1398561.15,150255.0,FROZEN,true,2023-02-01,true,ASSUMPTION,0
2022-12-01,2023-01-01,SKU005,CH05,UPSIDE,FV_UPSIDE_202301,2140,55122120.0,36717437.07,1398561.15,147249.9,FROZEN,true,2023-02-01,true,ASSUMPTION,-6
2022-12-01,2023-01-01,SKU005,CH05,DOWNSIDE,FV_DOWNSIDE_202301,1920,49455360.0,39237261.18,1426532.37,162275.4,FROZEN,true,2023-02-01,true,ASSUMPTION,14
2022-12-01,2023-01-01,SKU006,CH05,BASE,FV_BASE_202301,1030,29478600.0,18989978.82,776978.42,83475.0,FROZEN,true,2023-02-01,true,ASSUMPTION,0
2022-12-01,2023-01-01,SKU006,CH05,UPSIDE,FV_UPSIDE_202301,1070,30623400.0,18624786.92,776978.42,81805.5,FROZEN,true,2023-02-01,true,ASSUMPTION,-6
2022-12-01,2023-01-01,SKU006,CH05,DOWNSIDE,FV_DOWNSIDE_202301,960,27475200.0,19902958.57,792517.99,90153.0,FROZEN,true,2023-02-01,true,ASSUMPTION,14
2022-12-01,2023-01-01,SKU007,CH05,BASE,FV_BASE_202301,2060,45200520.0,38130671.75,1191366.91,127995.0,FROZEN,true,2023-02-01,true,ASSUMPTION,0
2022-12-01,2023-01-01,SKU007,CH05,UPSIDE,FV_UPSIDE_202301,2140,46955880.0,37397389.6,1191366.91,125435.1,FROZEN,true,2023-02-01,true,ASSUMPTION,-6
2022-12-01,2023-01-01,SKU007,CH05,DOWNSIDE,FV_DOWNSIDE_202301,1920,42128640.0,39963877.12,1215194.25,138234.6,FROZEN,true,2023-02-01,true,ASSUMPTION,14
2022-12-01,2023-01-01,SKU008,CH05,BASE,FV_BASE_202301,2060,49131000.0,39185670.58,1294964.03,139125.0,FROZEN,true,2023-02-01,true,ASSUMPTION,0
2022-12-01,2023-01-01,SKU008,CH05,UPSIDE,FV_UPSIDE_202301,2140,51039000.0,38432099.99,1294964.03,136342.5,FROZEN,true,2023-02-01,true,ASSUMPTION,-6
2022-12-01,2023-01-01,SKU008,CH05,DOWNSIDE,FV_DOWNSIDE_202301,1920,45792000.0,41069597.05,1320863.31,150255.0,FROZEN,true,2023-02-01,true,ASSUMPTION,14
2022-12-01,2023-01-01,SKU009,CH05,BASE,FV_BASE_202301,2060,41270040.0,36713959.05,1087769.78,116865.0,FROZEN,true,2023-02-01,true,ASSUMPTION,0
2022-12-01,2023-01-01,SKU009,CH05,UPSIDE,FV_UPSIDE_202301,2140,42872760.0,36007921.37,1087769.78,114527.7,FROZEN,true,2023-02-01,true,ASSUMPTION,-6
2022-12-01,2023-01-01,SKU009,CH05,DOWNSIDE,FV_DOWNSIDE_202301,1920,38465280.0,38479053.23,1109525.18,126214.2,FROZEN,true,2023-02-01,true,ASSUMPTION,14
2022-12-01,2023-01-01,SKU010,CH05,BASE,FV_BASE_202301,2060,47165760.0,36171388.22,1243165.47,133560.0,FROZEN,true,2023-02-01,true,ASSUMPTION,0
2022-12-01,2023-01-01,SKU010,CH05,UPSIDE,FV_UPSIDE_202301,2140,48997440.0,35475784.6,1243165.47,130888.8,FROZEN,true,2023-02-01,true,ASSUMPTION,-6
2022-12-01,2023-01-01,SKU010,CH05,DOWNSIDE,FV_DOWNSIDE_202301,1920,43960320.0,37910397.27,1268028.78,144244.8,FROZEN,true,2023-02-01,true,ASSUMPTION,14
2022-12-01,2023-01-01,SKU011,CH05,BASE,FV_BASE_202301,1030,34391700.0,15824982.35,906474.82,97387.5,FROZEN,true,2023-02-01,true,ASSUMPTION,0
2022-12-01,2023-01-01,SKU011,CH05,UPSIDE,FV_UPSIDE_202301,1070,35727300.0,15520655.76,906474.82,95439.75,FROZEN,true,2023-02-01,true,ASSUMPTION,-6
2022-12-01,2023-01-01,SKU011,CH05,DOWNSIDE,FV_DOWNSIDE_202301,960,32054400.0,16585798.81,924604.32,105178.5,FROZEN,true,2023-02-01,true,ASSUMPTION,14
2022-12-01,2023-01-01,SKU012,CH05,BASE,FV_BASE_202301,1030,28495980.0,17045766.7,751079.14,80692.5,FROZEN,true,2023-02-01,true,ASSUMPTION,0
2022-12-01,2023-01-01,SKU012,CH05,UPSIDE,FV_UPSIDE_202301,1070,29602620.0,16717963.5,751079.14,79078.65,FROZEN,true,2023-02-01,true,ASSUMPTION,-6
2022-12-01,2023-01-01,SKU012,CH05,DOWNSIDE,FV_DOWNSIDE_202301,960,26559360.0,17865274.72,766100.72,87147.9,FROZEN,true,2023-02-01,true,ASSUMPTION,14
2023-01-01,2023-02-01,SKU001,CH01,BASE,FV_BASE_202302,6180,182767320.0,109051718.6,4671799.06,517545.0,FROZEN,true,2023-03-01,true,ASSUMPTION,0
2023-01-01,2023-02-01,SKU001,CH01,UPSIDE,FV_UPSIDE_202302,6420,189865080.0,106954570.16,4671799.06,507194.1,FROZEN,true,2023-03-01,true,ASSUMPTION,-6
2023-01-01,2023-02-01,SKU001,CH01,DOWNSIDE,FV_DOWNSIDE_202302,5760,170346240.0,114294589.69,4765235.04,558948.6,FROZEN,true,2023-03-01,true,ASSUMPTION,14
2023-01-01,2023-02-01,SKU002,CH01,BASE,FV_BASE_202302,4120,141497280.0,75984423.28,3616876.69,400680.0,FROZEN,true,2023-03-01,true,ASSUMPTION,0
2023-01-01,2023-02-01,SKU002,CH01,UPSIDE,FV_UPSIDE_202302,4280,146992320.0,74523184.37,3616876.69,392666.4,FROZEN,true,2023-03-01,true,ASSUMPTION,-6
2023-01-01,2023-02-01,SKU002,CH01,DOWNSIDE,FV_DOWNSIDE_202302,3840,131880960.0,79637520.55,3689214.22,432734.4,FROZEN,true,2023-03-01,true,ASSUMPTION,14
2023-01-01,2023-02-01,SKU003,CH01,BASE,FV_BASE_202302,4120,125775360.0,71294026.78,3215001.5,356160.0,FROZEN,true,2023-03-01,true,ASSUMPTION,0
2023-01-01,2023-02-01,SKU003,CH01,UPSIDE,FV_UPSIDE_202302,4280,130659840.0,69922987.81,3215001.5,349036.8,FROZEN,true,2023-03-01,true,ASSUMPTION,-6
2023-01-01,2023-02-01,SKU003,CH01,DOWNSIDE,FV_DOWNSIDE_202302,3840,117227520.0,74721624.22,3279301.53,384652.8,FROZEN,true,2023-03-01,true,ASSUMPTION,14
2023-01-01,2023-02-01,SKU004,CH01,BASE,FV_BASE_202302,6180,165080160.0,108348159.12,4219689.47,467460.0,FROZEN,true,2023-03-01,true,ASSUMPTION,0
2023-01-01,2023-02-01,SKU004,CH01,UPSIDE,FV_UPSIDE_202302,6420,171491040.0,106264540.67,4219689.47,458110.8,FROZEN,true,2023-03-01,true,ASSUMPTION,-6
2023-01-01,2023-02-01,SKU004,CH01,DOWNSIDE,FV_DOWNSIDE_202302,5760,153861120.0,113557205.23,4304083.26,504856.8,FROZEN,true,2023-03-01,true,ASSUMPTION,14
2023-01-01,2023-02-01,SKU005,CH01,BASE,FV_BASE_202302,5150,132653700.0,91023007.06,3390821.9,375637.5,FROZEN,true,2023-03-01,true,ASSUMPTION,0
2023-01-01,2023-02-01,SKU005,CH01,UPSIDE,FV_UPSIDE_202302,5350,137805300.0,89272564.61,3390821.9,368124.75,FROZEN,true,2023-03-01,true,ASSUMPTION,-6
2023-01-01,2023-02-01,SKU005,CH01,DOWNSIDE,FV_DOWNSIDE_202302,4800,123638400.0,95399113.17,3458638.34,405688.5,FROZEN,true,2023-03-01,true,ASSUMPTION,14
2023-01-01,2023-02-01,SKU006,CH01,BASE,FV_BASE_202302,4120,117914400.0,73873744.86,3014063.91,333900.0,FROZEN,true,2023-03-01,true,ASSUMPTION,0
2023-01-01,2023-02-01,SKU006,CH01,UPSIDE,FV_UPSIDE_202302,4280,122493600.0,72453095.92,3014063.91,327222.0,FROZEN,true,2023-03-01,true,ASSUMPTION,-6
2023-01-01,2023-02-01,SKU006,CH01,DOWNSIDE,FV_DOWNSIDE_202302,3840,109900800.0,77425367.21,3074345.19,360612.0,FROZEN,true,2023-03-01,true,ASSUMPTION,14
2023-01-01,2023-02-01,SKU007,CH01,BASE,FV_BASE_202302,6180,135601560.0,111250341.96,3466173.5,383985.0,FROZEN,true,2023-03-01,true,ASSUMPTION,0
2023-01-01,2023-02-01,SKU007,CH01,UPSIDE,FV_UPSIDE_202302,6420,140867640.0,109110912.3,3466173.5,376305.3,FROZEN,true,2023-03-01,true,ASSUMPTION,-6
2023-01-01,2023-02-01,SKU007,CH01,DOWNSIDE,FV_DOWNSIDE_202302,5760,126385920.0,116598916.09,3535496.97,414703.8,FROZEN,true,2023-03-01,true,ASSUMPTION,14
2023-01-01,2023-02-01,SKU008,CH01,BASE,FV_BASE_202302,5150,122827500.0,95273678.87,3139649.91,347812.5,FROZEN,true,2023-03-01,true,ASSUMPTION,0
2023-01-01,2023-02-01,SKU008,CH01,UPSIDE,FV_UPSIDE_202302,5350,127597500.0,93441492.74,3139649.91,340856.25,FROZEN,true,2023-03-01,true,ASSUMPTION,-6
2023-01-01,2023-02-01,SKU008,CH01,DOWNSIDE,FV_DOWNSIDE_202302,4800,114480000.0,99854144.2,3202442.91,375637.5,FROZEN,true,2023-03-01,true,ASSUMPTION,14
2023-01-01,2023-02-01,SKU009,CH01,BASE,FV_BASE_202302,6180,123810120.0,107116930.03,3164767.11,350595.0,FROZEN,true,2023-03-01,true,ASSUMPTION,0
2023-01-01,2023-02-01,SKU009,CH01,UPSIDE,FV_UPSIDE_202302,6420,128618280.0,105056989.07,3164767.11,343583.1,FROZEN,true,2023-03-01,true,ASSUMPTION,-6
2023-01-01,2023-02-01,SKU009,CH01,DOWNSIDE,FV_DOWNSIDE_202302,5760,115395840.0,112266782.44,3228062.45,378642.6,FROZEN,true,2023-03-01,true,ASSUMPTION,14
2023-01-01,2023-02-01,SKU010,CH01,BASE,FV_BASE_202302,5150,117914400.0,87944934.36,3014063.91,333900.0,FROZEN,true,2023-03-01,true,ASSUMPTION,0
2023-01-01,2023-02-01,SKU010,CH01,UPSIDE,FV_UPSIDE_202302,5350,122493600.0,86253685.62,3014063.91,327222.0,FROZEN,true,2023-03-01,true,ASSUMPTION,-6
2023-01-01,2023-02-01,SKU010,CH01,DOWNSIDE,FV_DOWNSIDE_202302,4800,109900800.0,92173056.2,3074345.19,360612.0,FROZEN,true,2023-03-01,true,ASSUMPTION,14
2023-01-01,2023-02-01,SKU011,CH01,BASE,FV_BASE_202302,3090,103175100.0,46171090.53,2637305.92,292162.5,FROZEN,true,2023-03-01,true,ASSUMPTION,0
2023-01-01,2023-02-01,SKU011,CH01,UPSIDE,FV_UPSIDE_202302,3210,107181900.0,45283184.95,2637305.92,286319.25,FROZEN,true,2023-03-01,true,ASSUMPTION,-6
2023-01-01,2023-02-01,SKU011,CH01,DOWNSIDE,FV_DOWNSIDE_202302,2880,96163200.0,48390854.5,2690052.04,315535.5,FROZEN,true,2023-03-01,true,ASSUMPTION,14
2023-01-01,2023-02-01,SKU012,CH01,BASE,FV_BASE_202302,4120,113983920.0,66310480.49,2913595.11,322770.0,FROZEN,true,2023-03-01,true,ASSUMPTION,0
2023-01-01,2023-02-01,SKU012,CH01,UPSIDE,FV_UPSIDE_202302,4280,118410480.0,65035278.94,2913595.11,316314.6,FROZEN,true,2023-03-01,true,ASSUMPTION,-6
2023-01-01,2023-02-01,SKU012,CH01,DOWNSIDE,FV_DOWNSIDE_202302,3840,106237440.0,69498484.36,2971867.01,348591.6,FROZEN,true,2023-03-01,true,ASSUMPTION,14
2023-01-01,2023-02-01,SKU001,CH02,BASE,FV_BASE_202302,5150,152306100.0,89444928.33,5715220.62,431287.5,FROZEN,true,2023-03-01,true,ASSUMPTION,0
2023-01-01,2023-02-01,SKU001,CH02,UPSIDE,FV_UPSIDE_202302,5350,158220900.0,87724833.56,5715220.62,422661.75,FROZEN,true,2023-03-01,true,ASSUMPTION,-6
2023-01-01,2023-02-01,SKU001,CH02,DOWNSIDE,FV_DOWNSIDE_202302,4800,141955200.0,93745165.27,5829525.03,465790.5,FROZEN,true,2023-03-01,true,ASSUMPTION,14
2023-01-01,2023-02-01,SKU002,CH02,BASE,FV_BASE_202302,3090,106122960.0,56090626.02,3982218.24,300510.0,FROZEN,true,2023-03-01,true,ASSUMPTION,0
2023-01-01,2023-02-01,SKU002,CH02,UPSIDE,FV_UPSIDE_202302,3210,110244240.0,55011960.13,3982218.24,294499.8,FROZEN,true,2023-03-01,true,ASSUMPTION,-6
2023-01-01,2023-02-01,SKU002,CH02,DOWNSIDE,FV_DOWNSIDE_202302,2880,98910720.0,58787290.73,4061862.6,324550.8,FROZEN,true,2023-03-01,true,ASSUMPTION,14
2023-01-01,2023-02-01,SKU003,CH02,BASE,FV_BASE_202302,3090,94331520.0,52628241.7,3539749.55,267120.0,FROZEN,true,2023-03-01,true,ASSUMPTION,0
2023-01-01,2023-02-01,SKU003,CH02,UPSIDE,FV_UPSIDE_202302,3210,97994880.0,51616160.13,3539749.55,261777.6,FROZEN,true,2023-03-01,true,ASSUMPTION,-6
2023-01-01,2023-02-01,SKU003,CH02,DOWNSIDE,FV_DOWNSIDE_202302,2880,87920640.0,55158445.63,3610544.54,288489.6,FROZEN,true,2023-03-01,true,ASSUMPTION,14
2023-01-01,2023-02-01,SKU004,CH02,BASE,FV_BASE_202302,4120,110053440.0,71094291.42,4129707.8,311640.0,FROZEN,true,2023-03-01,true,ASSUMPTION,0
2023-01-01,2023-02-01,SKU004,CH02,UPSIDE,FV_UPSIDE_202302,4280,114327360.0,69727093.51,4129707.8,305407.2,FROZEN,true,2023-03-01,true,ASSUMPTION,-6
2023-01-01,2023-02-01,SKU004,CH02,DOWNSIDE,FV_DOWNSIDE_202302,3840,102574080.0,74512286.2,4212301.96,336571.2,FROZEN,true,2023-03-01,true,ASSUMPTION,14
2023-01-01,2023-02-01,SKU005,CH02,BASE,FV_BASE_202302,4120,106122960.0,71671355.48,3982218.24,300510.0,FROZEN,true,2023-03-01,true,ASSUMPTION,0
2023-01-01,2023-02-01,SKU005,CH02,UPSIDE,FV_UPSIDE_202302,4280,110244240.0,70293060.18,3982218.24,294499.8,FROZEN,true,2023-03-01,true,ASSUMPTION,-6
2023-01-01,2023-02-01,SKU005,CH02,DOWNSIDE,FV_DOWNSIDE_202302,3840,98910720.0,75117093.72,4061862.6,324550.8,FROZEN,true,2023-03-01,true,ASSUMPTION,14
2023-01-01,2023-02-01,SKU006,CH02,BASE,FV_BASE_202302,3090,88435800.0,54532553.08,3318515.2,250425.0,FROZEN,true,2023-03-01,true,ASSUMPTION,0
2023-01-01,2023-02-01,SKU006,CH02,UPSIDE,FV_UPSIDE_202302,3210,91870200.0,53483850.13,3318515.2,245416.5,FROZEN,true,2023-03-01,true,ASSUMPTION,-6
2023-01-01,2023-02-01,SKU006,CH02,DOWNSIDE,FV_DOWNSIDE_202302,2880,82425600.0,57154310.44,3384885.5,270459.0,FROZEN,true,2023-03-01,true,ASSUMPTION,14
2023-01-01,2023-02-01,SKU007,CH02,BASE,FV_BASE_202302,5150,113001300.0,91248253.49,4240324.98,319987.5,FROZEN,true,2023-03-01,true,ASSUMPTION,0
2023-01-01,2023-02-01,SKU007,CH02,UPSIDE,FV_UPSIDE_202302,5350,117389700.0,89493479.39,4240324.98,313587.75,FROZEN,true,2023-03-01,true,ASSUMPTION,-6
2023-01-01,2023-02-01,SKU007,CH02,DOWNSIDE,FV_DOWNSIDE_202302,4800,105321600.0,95635188.76,4325131.48,345586.5,FROZEN,true,2023-03-01,true,ASSUMPTION,14
2023-01-01,2023-02-01,SKU008,CH02,BASE,FV_BASE_202302,4120,98262000.0,75018326.99,3687239.11,278250.0,FROZEN,true,2023-03-01,true,ASSUMPTION,0
2023-01-01,2023-02-01,SKU008,CH02,UPSIDE,FV_UPSIDE_202302,4280,102078000.0,73575666.85,3687239.11,272685.0,FROZEN,true,2023-03-01,true,ASSUMPTION,-6
2023-01-01,2023-02-01,SKU008,CH02,DOWNSIDE,FV_DOWNSIDE_202302,3840,91584000.0,78624977.32,3760983.89,300510.0,FROZEN,true,2023-03-01,true,ASSUMPTION,14
2023-01-01,2023-02-01,SKU009,CH02,BASE,FV_BASE_202302,5150,103175100.0,87858002.18,3871601.07,292162.5,FROZEN,true,2023-03-01,true,ASSUMPTION,0
2023-01-01,2023-02-01,SKU009,CH02,UPSIDE,FV_UPSIDE_202302,5350,107181900.0,86168425.22,3871601.07,286319.25,FROZEN,true,2023-03-01,true,ASSUMPTION,-6
2023-01-01,2023-02-01,SKU009,CH02,DOWNSIDE,FV_DOWNSIDE_202302,4800,96163200.0,92081944.59,3949033.09,315535.5,FROZEN,true,2023-03-01,true,ASSUMPTION,14
2023-01-01,2023-02-01,SKU010,CH02,BASE,FV_BASE_202302,4120,94331520.0,69247686.45,3539749.55,267120.0,FROZEN,true,2023-03-01,true,ASSUMPTION,0
2023-01-01,2023-02-01,SKU010,CH02,UPSIDE,FV_UPSIDE_202302,4280,97994880.0,67916000.17,3539749.55,261777.6,FROZEN,true,2023-03-01,true,ASSUMPTION,-6
2023-01-01,2023-02-01,SKU010,CH02,DOWNSIDE,FV_DOWNSIDE_202302,3840,87920640.0,72576902.14,3610544.54,288489.6,FROZEN,true,2023-03-01,true,ASSUMPTION,14
2023-01-01,2023-02-01,SKU011,CH02,BASE,FV_BASE_202302,2060,68783400.0,30295862.82,2581067.38,194775.0,FROZEN,true,2023-03-01,true,ASSUMPTION,0
2023-01-01,2023-02-01,SKU011,CH02,UPSIDE,FV_UPSIDE_202302,2140,71454600.0,29713250.08,2581067.38,190879.5,FROZEN,true,2023-03-01,true,ASSUMPTION,-6
2023-01-01,2023-02-01,SKU011,CH02,DOWNSIDE,FV_DOWNSIDE_202302,1920,64108800.0,31752394.69,2632688.73,210357.0,FROZEN,true,2023-03-01,true,ASSUMPTION,14
2023-01-01,2023-02-01,SKU012,CH02,BASE,FV_BASE_202302,3090,85487940.0,48949458.34,3207898.03,242077.5,FROZEN,true,2023-03-01,true,ASSUMPTION,0
2023-01-01,2023-02-01,SKU012,CH02,UPSIDE,FV_UPSIDE_202302,3210,88807860.0,48008122.61,3207898.03,237235.95,FROZEN,true,2023-03-01,true,ASSUMPTION,-6
2023-01-01,2023-02-01,SKU012,CH02,DOWNSIDE,FV_DOWNSIDE_202302,2880,79678080.0,51302797.69,3272055.99,261443.7,FROZEN,true,2023-03-01,true,ASSUMPTION,14
2023-01-01,2023-02-01,SKU001,CH03,BASE,FV_BASE_202302,3090,88988910.0,59123033.65,2426393.43,251991.25,FROZEN,true,2023-03-01,true,ASSUMPTION,0
2023-01-01,2023-02-01,SKU001,CH03,UPSIDE,FV_UPSIDE_202302,3210,92444790.0,57986052.24,2426393.43,246951.43,FROZEN,true,2023-03-01,true,ASSUMPTION,-6
2023-01-01,2023-02-01,SKU001,CH03,DOWNSIDE,FV_DOWNSIDE_202302,2880,82941120.0,61965487.19,2474921.3,272150.55,FROZEN,true,2023-03-01,true,ASSUMPTION,14
2023-01-01,2023-02-01,SKU002,CH03,BASE,FV_BASE_202302,2060,68894640.0,41195404.1,1878498.14,195090.0,FROZEN,true,2023-03-01,true,ASSUMPTION,0
2023-01-01,2023-02-01,SKU002,CH03,UPSIDE,FV_UPSIDE_202302,2140,71570160.0,40403184.79,1878498.14,191188.2,FROZEN,true,2023-03-01,true,ASSUMPTION,-6
2023-01-01,2023-02-01,SKU002,CH03,DOWNSIDE,FV_DOWNSIDE_202302,1920,64212480.0,43175952.37,1916068.1,210697.2,FROZEN,true,2023-03-01,true,ASSUMPTION,14
2023-01-01,2023-02-01,SKU003,CH03,BASE,FV_BASE_202302,2060,61239680.0,38652477.92,1669776.12,173413.33,FROZEN,true,2023-03-01,true,ASSUMPTION,0
2023-01-01,2023-02-01,SKU003,CH03,UPSIDE,FV_UPSIDE_202302,2140,63617920.0,37909161.03,1669776.12,169945.07,FROZEN,true,2023-03-01,true,ASSUMPTION,-6
2023-01-01,2023-02-01,SKU003,CH03,DOWNSIDE,FV_DOWNSIDE_202302,1920,57077760.0,40510770.12,1703171.64,187286.4,FROZEN,true,2023-03-01,true,ASSUMPTION,14
2023-01-01,2023-02-01,SKU004,CH03,BASE,FV_BASE_202302,3090,80377080.0,58741594.72,2191581.16,227605.0,FROZEN,true,2023-03-01,true,ASSUMPTION,0
2023-01-01,2023-02-01,SKU004,CH03,UPSIDE,FV_UPSIDE_202302,3210,83498520.0,57611948.67,2191581.16,223052.9,FROZEN,true,2023-03-01,true,ASSUMPTION,-6
2023-01-01,2023-02-01,SKU004,CH03,DOWNSIDE,FV_DOWNSIDE_202302,2880,74914560.0,61565709.86,2235412.78,245813.4,FROZEN,true,2023-03-01,true,ASSUMPTION,14
2023-01-01,2023-02-01,SKU005,CH03,BASE,FV_BASE_202302,3090,77506470.0,59218393.38,2113310.41,219476.25,FROZEN,true,2023-03-01,true,ASSUMPTION,0
2023-01-01,2023-02-01,SKU005,CH03,UPSIDE,FV_UPSIDE_202302,3210,80516430.0,58079578.13,2113310.41,215086.73,FROZEN,true,2023-03-01,true,ASSUMPTION,-6
2023-01-01,2023-02-01,SKU005,CH03,DOWNSIDE,FV_DOWNSIDE_202302,2880,72239040.0,62065431.53,2155576.62,237034.35,FROZEN,true,2023-03-01,true,ASSUMPTION,14
2023-01-01,2023-02-01,SKU006,CH03,BASE,FV_BASE_202302,2060,57412200.0,40051087.32,1565415.12,162575.0,FROZEN,true,2023-03-01,true,ASSUMPTION,0
2023-01-01,2023-02-01,SKU006,CH03,UPSIDE,FV_UPSIDE_202302,2140,59641800.0,39280874.1,1565415.12,159323.5,FROZEN,true,2023-03-01,true,ASSUMPTION,-6
2023-01-01,2023-02-01,SKU006,CH03,DOWNSIDE,FV_DOWNSIDE_202302,1920,53510400.0,41976620.36,1596723.42,175581.0,FROZEN,true,2023-03-01,true,ASSUMPTION,14
2023-01-01,2023-02-01,SKU007,CH03,BASE,FV_BASE_202302,3090,66024030.0,60315030.3,1800227.38,186961.25,FROZEN,true,2023-03-01,true,ASSUMPTION,0
2023-01-01,2023-02-01,SKU007,CH03,UPSIDE,FV_UPSIDE_202302,3210,68588070.0,59155125.87,1800227.38,183222.03,FROZEN,true,2023-03-01,true,ASSUMPTION,-6
2023-01-01,2023-02-01,SKU007,CH03,DOWNSIDE,FV_DOWNSIDE_202302,2880,61536960.0,63214791.37,1836231.93,201918.15,FROZEN,true,2023-03-01,true,ASSUMPTION,14
2023-01-01,2023-02-01,SKU008,CH03,BASE,FV_BASE_202302,3090,71765250.0,61983825.6,1956768.89,203218.75,FROZEN,true,2023-03-01,true,ASSUMPTION,0
2023-01-01,2023-02-01,SKU008,CH03,UPSIDE,FV_UPSIDE_202302,3210,74552250.0,60791828.96,1956768.89,199154.38,FROZEN,true,2023-03-01,true,ASSUMPTION,-6
2023-01-01,2023-02-01,SKU008,CH03,DOWNSIDE,FV_DOWNSIDE_202302,2880,66888000.0,64963817.22,1995904.27,219476.25,FROZEN,true,2023-03-01,true,ASSUMPTION,14
2023-01-01,2023-02-01,SKU009,CH03,BASE,FV_BASE_202302,3090,60282810.0,58074076.6,1643685.87,170703.75,FROZEN,true,2023-03-01,true,ASSUMPTION,0
2023-01-01,2023-02-01,SKU009,CH03,UPSIDE,FV_UPSIDE_202302,3210,62623890.0,56957267.44,1643685.87,167289.68,FROZEN,true,2023-03-01,true,ASSUMPTION,-6
2023-01-01,2023-02-01,SKU009,CH03,DOWNSIDE,FV_DOWNSIDE_202302,2880,56185920.0,60866099.51,1676559.59,184360.05,FROZEN,true,2023-03-01,true,ASSUMPTION,14
2023-01-01,2023-02-01,SKU010,CH03,BASE,FV_BASE_202302,3090,68894640.0,57215839.02,1878498.14,195090.0,FROZEN,true,2023-03-01,true,ASSUMPTION,0
2023-01-01,2023-02-01,SKU010,CH03,UPSIDE,FV_UPSIDE_202302,3210,71570160.0,56115534.43,1878498.14,191188.2,FROZEN,true,2023-03-01,true,ASSUMPTION,-6
2023-01-01,2023-02-01,SKU010,CH03,DOWNSIDE,FV_DOWNSIDE_202302,2880,64212480.0,59966600.51,1916068.1,210697.2,FROZEN,true,2023-03-01,true,ASSUMPTION,14
2023-01-01,2023-02-01,SKU011,CH03,BASE,FV_BASE_202302,1030,33490450.0,16687953.05,913158.82,94835.42,FROZEN,true,2023-03-01,true,ASSUMPTION,0
2023-01-01,2023-02-01,SKU011,CH03,UPSIDE,FV_UPSIDE_202302,1070,34791050.0,16367030.87,913158.82,92938.71,FROZEN,true,2023-03-01,true,ASSUMPTION,-6
2023-01-01,2023-02-01,SKU011,CH03,DOWNSIDE,FV_DOWNSIDE_202302,960,31214400.0,17490258.48,931422.0,102422.25,FROZEN,true,2023-03-01,true,ASSUMPTION,14
2023-01-01,2023-02-01,SKU012,CH03,BASE,FV_BASE_202302,2060,55498460.0,35950618.86,1513234.61,157155.83,FROZEN,true,2023-03-01,true,ASSUMPTION,0
2023-01-01,2023-02-01,SKU012,CH03,UPSIDE,FV_UPSIDE_202302,2140,57653740.0,35259260.8,1513234.61,154012.72,FROZEN,true,2023-03-01,true,ASSUMPTION,-6
2023-01-01,2023-02-01,SKU012,CH03,DOWNSIDE,FV_DOWNSIDE_202302,1920,51726720.0,37679014.0,1543499.3,169728.3,FROZEN,true,2023-03-01,true,ASSUMPTION,14
2023-01-01,2023-02-01,SKU001,CH04,BASE,FV_BASE_202302,2060,60156120.0,36414501.02,1573282.39,170345.0,FROZEN,true,2023-03-01,true,ASSUMPTION,0
2023-01-01,2023-02-01,SKU001,CH04,UPSIDE,FV_UPSIDE_202302,2140,62492280.0,35714222.16,1573282.39,166938.1,FROZEN,true,2023-03-01,true,ASSUMPTION,-6
2023-01-01,2023-02-01,SKU001,CH04,DOWNSIDE,FV_DOWNSIDE_202302,1920,56067840.0,38165198.19,1604748.04,183972.6,FROZEN,true,2023-03-01,true,ASSUMPTION,14
2023-01-01,2023-02-01,SKU002,CH04,BASE,FV_BASE_202302,1030,34929360.0,19029513.43,913518.81,98910.0,FROZEN,true,2023-03-01,true,ASSUMPTION,0
2023-01-01,2023-02-01,SKU002,CH04,UPSIDE,FV_UPSIDE_202302,1070,36285840.0,18663561.25,913518.81,96931.8,FROZEN,true,2023-03-01,true,ASSUMPTION,-6
2023-01-01,2023-02-01,SKU002,CH04,DOWNSIDE,FV_DOWNSIDE_202302,960,32555520.0,19944393.89,931789.19,106822.8,FROZEN,true,2023-03-01,true,ASSUMPTION,14
2023-01-01,2023-02-01,SKU003,CH04,BASE,FV_BASE_202302,1030,31048320.0,17854852.11,812016.72,87920.0,FROZEN,true,2023-03-01,true,ASSUMPTION,0
2023-01-01,2023-02-01,SKU003,CH04,UPSIDE,FV_UPSIDE_202302,1070,32254080.0,17511489.57,812016.72,86161.6,FROZEN,true,2023-03-01,true,ASSUMPTION,-6
2023-01-01,2023-02-01,SKU003,CH04,DOWNSIDE,FV_DOWNSIDE_202302,960,28938240.0,18713258.46,828257.05,94953.6,FROZEN,true,2023-03-01,true,ASSUMPTION,14
2023-01-01,2023-02-01,SKU004,CH04,BASE,FV_BASE_202302,2060,54334560.0,36179568.76,1421029.25,153860.0,FROZEN,true,2023-03-01,true,ASSUMPTION,0
2023-01-01,2023-02-01,SKU004,CH04,UPSIDE,FV_UPSIDE_202302,2140,56444640.0,35483807.82,1421029.25,150782.8,FROZEN,true,2023-03-01,true,ASSUMPTION,-6
2023-01-01,2023-02-01,SKU004,CH04,DOWNSIDE,FV_DOWNSIDE_202302,1920,50641920.0,37918971.1,1449449.84,166168.8,FROZEN,true,2023-03-01,true,ASSUMPTION,14
2023-01-01,2023-02-01,SKU005,CH04,BASE,FV_BASE_202302,1030,26197020.0,18236617.05,685139.1,74182.5,FROZEN,true,2023-03-01,true,ASSUMPTION,0
2023-01-01,2023-02-01,SKU005,CH04,UPSIDE,FV_UPSIDE_202302,1070,27214380.0,17885912.87,685139.1,72698.85,FROZEN,true,2023-03-01,true,ASSUMPTION,-6
2023-01-01,2023-02-01,SKU005,CH04,DOWNSIDE,FV_DOWNSIDE_202302,960,24416640.0,19113377.48,698841.88,80117.1,FROZEN,true,2023-03-01,true,ASSUMPTION,14
2023-01-01,2023-02-01,SKU006,CH04,BASE,FV_BASE_202302,1030,29107800.0,18500915.85,761265.67,82425.0,FROZEN,true,2023-03-01,true,ASSUMPTION,0
2023-01-01,2023-02-01,SKU006,CH04,UPSIDE,FV_UPSIDE_202302,1070,30238200.0,18145129.0,761265.67,80776.5,FROZEN,true,2023-03-01,true,ASSUMPTION,-6
2023-01-01,2023-02-01,SKU006,CH04,DOWNSIDE,FV_DOWNSIDE_202302,960,27129600.0,19390382.95,776490.98,89019.0,FROZEN,true,2023-03-01,true,ASSUMPTION,14
2023-01-01,2023-02-01,SKU007,CH04,BASE,FV_BASE_202302,2060,44631960.0,37148664.35,1167274.03,126385.0,FROZEN,true,2023-03-01,true,ASSUMPTION,0
2023-01-01,2023-02-01,SKU007,CH04,UPSIDE,FV_UPSIDE_202302,2140,46365240.0,36434266.96,1167274.03,123857.3,FROZEN,true,2023-03-01,true,ASSUMPTION,-6
2023-01-01,2023-02-01,SKU007,CH04,DOWNSIDE,FV_DOWNSIDE_202302,1920,41598720.0,38934657.83,1190619.51,136495.8,FROZEN,true,2023-03-01,true,ASSUMPTION,14
2023-01-01,2023-02-01,SKU008,CH04,BASE,FV_BASE_202302,2060,48513000.0,38176493.0,1268776.12,137375.0,FROZEN,true,2023-03-01,true,ASSUMPTION,0
2023-01-01,2023-02-01,SKU008,CH04,UPSIDE,FV_UPSIDE_202302,2140,50397000.0,37442329.68,1268776.12,134627.5,FROZEN,true,2023-03-01,true,ASSUMPTION,-6
2023-01-01,2023-02-01,SKU008,CH04,DOWNSIDE,FV_DOWNSIDE_202302,1920,45216000.0,40011901.32,1294151.64,148365.0,FROZEN,true,2023-03-01,true,ASSUMPTION,14
2023-01-01,2023-02-01,SKU009,CH04,BASE,FV_BASE_202302,2060,40750920.0,35768437.3,1065771.94,115395.0,FROZEN,true,2023-03-01,true,ASSUMPTION,0
2023-01-01,2023-02-01,SKU009,CH04,UPSIDE,FV_UPSIDE_202302,2140,42333480.0,35080582.73,1065771.94,113087.1,FROZEN,true,2023-03-01,true,ASSUMPTION,-6
2023-01-01,2023-02-01,SKU009,CH04,DOWNSIDE,FV_DOWNSIDE_202302,1920,37981440.0,37488073.71,1087087.38,124626.6,FROZEN,true,2023-03-01,true,ASSUMPTION,14
2023-01-01,2023-02-01,SKU010,CH04,BASE,FV_BASE_202302,1030,23286240.0,17619919.84,609012.54,65940.0,FROZEN,true,2023-03-01,true,ASSUMPTION,0
2023-01-01,2023-02-01,SKU010,CH04,UPSIDE,FV_UPSIDE_202302,1070,24190560.0,17281075.23,609012.54,64621.2,FROZEN,true,2023-03-01,true,ASSUMPTION,-6
2023-01-01,2023-02-01,SKU010,CH04,DOWNSIDE,FV_DOWNSIDE_202302,960,21703680.0,18467031.38,621192.79,71215.2,FROZEN,true,2023-03-01,true,ASSUMPTION,14
2023-01-01,2023-02-01,SKU011,CH04,BASE,FV_BASE_202302,1030,33959100.0,15417429.87,888143.28,96162.5,FROZEN,true,2023-03-01,true,ASSUMPTION,0
2023-01-01,2023-02-01,SKU011,CH04,UPSIDE,FV_UPSIDE_202302,1070,35277900.0,15120940.84,888143.28,94239.25,FROZEN,true,2023-03-01,true,ASSUMPTION,-6
2023-01-01,2023-02-01,SKU011,CH04,DOWNSIDE,FV_DOWNSIDE_202302,960,31651200.0,16158652.46,905906.15,103855.5,FROZEN,true,2023-03-01,true,ASSUMPTION,14
2023-01-01,2023-02-01,SKU012,CH04,BASE,FV_BASE_202302,1030,28137540.0,16606774.45,735890.15,79677.5,FROZEN,true,2023-03-01,true,ASSUMPTION,0
2023-01-01,2023-02-01,SKU012,CH04,UPSIDE,FV_UPSIDE_202302,1070,29230260.0,16287413.41,735890.15,78083.95,FROZEN,true,2023-03-01,true,ASSUMPTION,-6
2023-01-01,2023-02-01,SKU012,CH04,DOWNSIDE,FV_DOWNSIDE_202302,960,26225280.0,17405177.07,750607.95,86051.7,FROZEN,true,2023-03-01,true,ASSUMPTION,14
2023-01-01,2023-02-01,SKU001,CH05,BASE,FV_BASE_202302,2060,60922440.0,37069113.85,1592523.97,172515.0,FROZEN,true,2023-03-01,true,ASSUMPTION,0
2023-01-01,2023-02-01,SKU001,CH05,UPSIDE,FV_UPSIDE_202302,2140,63288360.0,36356246.27,1592523.97,169064.7,FROZEN,true,2023-03-01,true,ASSUMPTION,-6
2023-01-01,2023-02-01,SKU001,CH05,DOWNSIDE,FV_DOWNSIDE_202302,1920,56782080.0,38851282.78,1624374.45,186316.2,FROZEN,true,2023-03-01,true,ASSUMPTION,14
2023-01-01,2023-02-01,SKU002,CH05,BASE,FV_BASE_202302,2060,70748640.0,38743202.87,1849382.68,200340.0,FROZEN,true,2023-03-01,true,ASSUMPTION,0
2023-01-01,2023-02-01,SKU002,CH05,UPSIDE,FV_UPSIDE_202302,2140,73496160.0,37998141.27,1849382.68,196333.2,FROZEN,true,2023-03-01,true,ASSUMPTION,-6
2023-01-01,2023-02-01,SKU002,CH05,DOWNSIDE,FV_DOWNSIDE_202302,1920,65940480.0,40605856.85,1886370.33,216367.2,FROZEN,true,2023-03-01,true,ASSUMPTION,14
2023-01-01,2023-02-01,SKU003,CH05,BASE,FV_BASE_202302,1030,31443840.0,18175823.57,821947.86,89040.0,FROZEN,true,2023-03-01,true,ASSUMPTION,0
2023-01-01,2023-02-01,SKU003,CH05,UPSIDE,FV_UPSIDE_202302,1070,32664960.0,17826288.5,821947.86,87259.2,FROZEN,true,2023-03-01,true,ASSUMPTION,-6
2023-01-01,2023-02-01,SKU003,CH05,DOWNSIDE,FV_DOWNSIDE_202302,960,29306880.0,19049661.24,838386.82,96163.2,FROZEN,true,2023-03-01,true,ASSUMPTION,14
2023-01-01,2023-02-01,SKU004,CH05,BASE,FV_BASE_202302,2060,55026720.0,36829958.28,1438408.75,155820.0,FROZEN,true,2023-03-01,true,ASSUMPTION,0
2023-01-01,2023-02-01,SKU004,CH05,UPSIDE,FV_UPSIDE_202302,2140,57163680.0,36121689.85,1438408.75,152703.6,FROZEN,true,2023-03-01,true,ASSUMPTION,-6
2023-01-01,2023-02-01,SKU004,CH05,DOWNSIDE,FV_DOWNSIDE_202302,1920,51287040.0,38600629.35,1467176.93,168285.6,FROZEN,true,2023-03-01,true,ASSUMPTION,14
2023-01-01,2023-02-01,SKU005,CH05,BASE,FV_BASE_202302,2060,53061480.0,37128902.74,1387037.01,150255.0,FROZEN,true,2023-03-01,true,ASSUMPTION,0
2023-01-01,2023-02-01,SKU005,CH05,UPSIDE,FV_UPSIDE_202302,2140,55122120.0,36414885.38,1387037.01,147249.9,FROZEN,true,2023-03-01,true,ASSUMPTION,-6
2023-01-01,2023-02-01,SKU005,CH05,DOWNSIDE,FV_DOWNSIDE_202302,1920,49455360.0,38913946.14,1414777.75,162275.4,FROZEN,true,2023-03-01,true,ASSUMPTION,14
2023-01-01,2023-02-01,SKU006,CH05,BASE,FV_BASE_202302,1030,29478600.0,18833501.39,770576.12,83475.0,FROZEN,true,2023-03-01,true,ASSUMPTION,0
2023-01-01,2023-02-01,SKU006,CH05,UPSIDE,FV_UPSIDE_202302,1070,30623400.0,18471318.67,770576.12,81805.5,FROZEN,true,2023-03-01,true,ASSUMPTION,-6
2023-01-01,2023-02-01,SKU006,CH05,DOWNSIDE,FV_DOWNSIDE_202302,960,27475200.0,19738958.19,785987.64,90153.0,FROZEN,true,2023-03-01,true,ASSUMPTION,14
2023-01-01,2023-02-01,SKU007,CH05,BASE,FV_BASE_202302,2060,45200520.0,37816475.02,1181550.04,127995.0,FROZEN,true,2023-03-01,true,ASSUMPTION,0
2023-01-01,2023-02-01,SKU007,CH05,UPSIDE,FV_UPSIDE_202302,2140,46955880.0,37089235.11,1181550.04,125435.1,FROZEN,true,2023-03-01,true,ASSUMPTION,-6
2023-01-01,2023-02-01,SKU007,CH05,DOWNSIDE,FV_DOWNSIDE_202302,1920,42128640.0,39634574.78,1205181.04,138234.6,FROZEN,true,2023-03-01,true,ASSUMPTION,14
2023-01-01,2023-02-01,SKU008,CH05,BASE,FV_BASE_202302,2060,49131000.0,38862780.65,1284293.53,139125.0,FROZEN,true,2023-03-01,true,ASSUMPTION,0
2023-01-01,2023-02-01,SKU008,CH05,UPSIDE,FV_UPSIDE_202302,2140,51039000.0,38115419.49,1284293.53,136342.5,FROZEN,true,2023-03-01,true,ASSUMPTION,-6
2023-01-01,2023-02-01,SKU008,CH05,DOWNSIDE,FV_DOWNSIDE_202302,1920,45792000.0,40731183.57,1309979.4,150255.0,FROZEN,true,2023-03-01,true,ASSUMPTION,14
2023-01-01,2023-02-01,SKU009,CH05,BASE,FV_BASE_202302,2060,41270040.0,36411436.03,1078806.56,116865.0,FROZEN,true,2023-03-01,true,ASSUMPTION,0
2023-01-01,2023-02-01,SKU009,CH05,UPSIDE,FV_UPSIDE_202302,2140,42872760.0,35711216.1,1078806.56,114527.7,FROZEN,true,2023-03-01,true,ASSUMPTION,-6
2023-01-01,2023-02-01,SKU009,CH05,DOWNSIDE,FV_DOWNSIDE_202302,1920,38465280.0,38161985.84,1100382.69,126214.2,FROZEN,true,2023-03-01,true,ASSUMPTION,14
2023-01-01,2023-02-01,SKU010,CH05,BASE,FV_BASE_202302,2060,47165760.0,35873335.98,1232921.78,133560.0,FROZEN,true,2023-03-01,true,ASSUMPTION,0
2023-01-01,2023-02-01,SKU010,CH05,UPSIDE,FV_UPSIDE_202302,2140,48997440.0,35183464.14,1232921.78,130888.8,FROZEN,true,2023-03-01,true,ASSUMPTION,-6
2023-01-01,2023-02-01,SKU010,CH05,DOWNSIDE,FV_DOWNSIDE_202302,1920,43960320.0,37598015.6,1257580.22,144244.8,FROZEN,true,2023-03-01,true,ASSUMPTION,14
2023-01-01,2023-02-01,SKU011,CH05,BASE,FV_BASE_202302,1030,34391700.0,15694584.5,899005.47,97387.5,FROZEN,true,2023-03-01,true,ASSUMPTION,0
2023-01-01,2023-02-01,SKU011,CH05,UPSIDE,FV_UPSIDE_202302,1070,35727300.0,15392765.56,899005.47,95439.75,FROZEN,true,2023-03-01,true,ASSUMPTION,-6
2023-01-01,2023-02-01,SKU011,CH05,DOWNSIDE,FV_DOWNSIDE_202302,960,32054400.0,16449131.83,916985.58,105178.5,FROZEN,true,2023-03-01,true,ASSUMPTION,14
2023-01-01,2023-02-01,SKU012,CH05,BASE,FV_BASE_202302,1030,28495980.0,16905309.58,744890.24,80692.5,FROZEN,true,2023-03-01,true,ASSUMPTION,0
2023-01-01,2023-02-01,SKU012,CH05,UPSIDE,FV_UPSIDE_202302,1070,29602620.0,16580207.48,744890.24,79078.65,FROZEN,true,2023-03-01,true,ASSUMPTION,-6
2023-01-01,2023-02-01,SKU012,CH05,DOWNSIDE,FV_DOWNSIDE_202302,960,26559360.0,17718064.85,759788.04,87147.9,FROZEN,true,2023-03-01,true,ASSUMPTION,14
2023-02-01,2023-03-01,SKU001,CH01,BASE,FV_BASE_202303,7210,213228540.0,127199792.24,5436453.93,603802.5,FROZEN,true,2023-04-01,true,ASSUMPTION,0
2023-02-01,2023-03-01,SKU001,CH01,UPSIDE,FV_UPSIDE_202303,7490,221509260.0,124753642.39,5436453.93,591726.45,FROZEN,true,2023-04-01,true,ASSUMPTION,-6
2023-02-01,2023-03-01,SKU001,CH01,DOWNSIDE,FV_DOWNSIDE_202303,6720,198737280.0,133315166.87,5545183.01,652106.7,FROZEN,true,2023-04-01,true,ASSUMPTION,14
2023-02-01,2023-03-01,SKU002,CH01,BASE,FV_BASE_202303,5150,176871600.0,94960213.57,4509500.95,500850.0,FROZEN,true,2023-04-01,true,ASSUMPTION,0
2023-02-01,2023-03-01,SKU002,CH01,UPSIDE,FV_UPSIDE_202303,5350,183740400.0,93134055.61,4509500.95,490833.0,FROZEN,true,2023-04-01,true,ASSUMPTION,-6
2023-02-01,2023-03-01,SKU002,CH01,DOWNSIDE,FV_DOWNSIDE_202303,4800,164851200.0,99525608.45,4599690.97,540918.0,FROZEN,true,2023-04-01,true,ASSUMPTION,14
2023-02-01,2023-03-01,SKU003,CH01,BASE,FV_BASE_202303,4120,125775360.0,71278777.59,3206756.23,356160.0,FROZEN,true,2023-04-01,true,ASSUMPTION,0
2023-02-01,2023-03-01,SKU003,CH01,UPSIDE,FV_UPSIDE_202303,4280,130659840.0,69908031.86,3206756.23,349036.8,FROZEN,true,2023-04-01,true,ASSUMPTION,-6
2023-02-01,2023-03-01,SKU003,CH01,DOWNSIDE,FV_DOWNSIDE_202303,3840,117227520.0,74705641.89,3270891.35,384652.8,FROZEN,true,2023-04-01,true,ASSUMPTION,14
2023-02-01,2023-03-01,SKU004,CH01,BASE,FV_BASE_202303,6180,165080160.0,108324984.36,4208867.56,467460.0,FROZEN,true,2023-04-01,true,ASSUMPTION,0
2023-02-01,2023-03-01,SKU004,CH01,UPSIDE,FV_UPSIDE_202303,6420,171491040.0,106241811.59,4208867.56,458110.8,FROZEN,true,2023-04-01,true,ASSUMPTION,-6
2023-02-01,2023-03-01,SKU004,CH01,DOWNSIDE,FV_DOWNSIDE_202303,5760,153861120.0,113532916.3,4293044.91,504856.8,FROZEN,true,2023-04-01,true,ASSUMPTION,14
2023-02-01,2023-03-01,SKU005,CH01,BASE,FV_BASE_202303,5150,132653700.0,91003538.0,3382125.71,375637.5,FROZEN,true,2023-04-01,true,ASSUMPTION,0
2023-02-01,2023-03-01,SKU005,CH01,UPSIDE,FV_UPSIDE_202303,5350,137805300.0,89253469.96,3382125.71,368124.75,FROZEN,true,2023-04-01,true,ASSUMPTION,-6
2023-02-01,2023-03-01,SKU005,CH01,DOWNSIDE,FV_DOWNSIDE_202303,4800,123638400.0,95378708.09,3449768.22,405688.5,FROZEN,true,2023-04-01,true,ASSUMPTION,14
2023-02-01,2023-03-01,SKU006,CH01,BASE,FV_BASE_202303,4120,117914400.0,73857943.88,3006333.97,333900.0,FROZEN,true,2023-04-01,true,ASSUMPTION,0
2023-02-01,2023-03-01,SKU006,CH01,UPSIDE,FV_UPSIDE_202303,4280,122493600.0,72437598.8,3006333.97,327222.0,FROZEN,true,2023-04-01,true,ASSUMPTION,-6
2023-02-01,2023-03-01,SKU006,CH01,DOWNSIDE,FV_DOWNSIDE_202303,3840,109900800.0,77408806.57,3066460.65,360612.0,FROZEN,true,2023-04-01,true,ASSUMPTION,14
2023-02-01,2023-03-01,SKU007,CH01,BASE,FV_BASE_202303,7210,158201820.0,129764304.19,4033498.07,447982.5,FROZEN,true,2023-04-01,true,ASSUMPTION,0
2023-02-01,2023-03-01,SKU007,CH01,UPSIDE,FV_UPSIDE_202303,7490,164345580.0,127268836.8,4033498.07,439022.85,FROZEN,true,2023-04-01,true,ASSUMPTION,-6
2023-02-01,2023-03-01,SKU007,CH01,DOWNSIDE,FV_DOWNSIDE_202303,6720,147450240.0,136002972.66,4114168.03,483821.1,FROZEN,true,2023-04-01,true,ASSUMPTION,14
2023-02-01,2023-03-01,SKU008,CH01,BASE,FV_BASE_202303,5150,122827500.0,95253300.65,3131597.88,347812.5,FROZEN,true,2023-04-01,true,ASSUMPTION,0
2023-02-01,2023-03-01,SKU008,CH01,UPSIDE,FV_UPSIDE_202303,5350,127597500.0,93421506.4,3131597.88,340856.25,FROZEN,true,2023-04-01,true,ASSUMPTION,-6
2023-02-01,2023-03-01,SKU008,CH01,DOWNSIDE,FV_DOWNSIDE_202303,4800,114480000.0,99832786.25,3194229.84,375637.5,FROZEN,true,2023-04-01,true,ASSUMPTION,14
2023-02-01,2023-03-01,SKU009,CH01,BASE,FV_BASE_202303,6180,123810120.0,107094018.63,3156650.67,350595.0,FROZEN,true,2023-04-01,true,ASSUMPTION,0
2023-02-01,2023-03-01,SKU009,CH01,UPSIDE,FV_UPSIDE_202303,6420,128618280.0,105034518.27,3156650.67,343583.1,FROZEN,true,2023-04-01,true,ASSUMPTION,-6
2023-02-01,2023-03-01,SKU009,CH01,DOWNSIDE,FV_DOWNSIDE_202303,5760,115395840.0,112242769.52,3219783.68,378642.6,FROZEN,true,2023-04-01,true,ASSUMPTION,14
2023-02-01,2023-03-01,SKU010,CH01,BASE,FV_BASE_202303,5150,117914400.0,87926123.67,3006333.97,333900.0,FROZEN,true,2023-04-01,true,ASSUMPTION,0
2023-02-01,2023-03-01,SKU010,CH01,UPSIDE,FV_UPSIDE_202303,5350,122493600.0,86235236.67,3006333.97,327222.0,FROZEN,true,2023-04-01,true,ASSUMPTION,-6
2023-02-01,2023-03-01,SKU010,CH01,DOWNSIDE,FV_DOWNSIDE_202303,4800,109900800.0,92153341.15,3066460.65,360612.0,FROZEN,true,2023-04-01,true,ASSUMPTION,14
2023-02-01,2023-03-01,SKU011,CH01,BASE,FV_BASE_202303,3090,103175100.0,46161214.92,2630542.22,292162.5,FROZEN,true,2023-04-01,true,ASSUMPTION,0
2023-02-01,2023-03-01,SKU011,CH01,UPSIDE,FV_UPSIDE_202303,3210,107181900.0,45273499.25,2630542.22,286319.25,FROZEN,true,2023-04-01,true,ASSUMPTION,-6
2023-02-01,2023-03-01,SKU011,CH01,DOWNSIDE,FV_DOWNSIDE_202303,2880,96163200.0,48380504.1,2683153.06,315535.5,FROZEN,true,2023-04-01,true,ASSUMPTION,14
2023-02-01,2023-03-01,SKU012,CH01,BASE,FV_BASE_202303,4120,113983920.0,66296297.25,2906122.84,322770.0,FROZEN,true,2023-04-01,true,ASSUMPTION,0
2023-02-01,2023-03-01,SKU012,CH01,UPSIDE,FV_UPSIDE_202303,4280,118410480.0,65021368.45,2906122.84,316314.6,FROZEN,true,2023-04-01,true,ASSUMPTION,-6
2023-02-01,2023-03-01,SKU012,CH01,DOWNSIDE,FV_DOWNSIDE_202303,3840,106237440.0,69483619.23,2964245.3,348591.6,FROZEN,true,2023-04-01,true,ASSUMPTION,14
2023-02-01,2023-03-01,SKU001,CH02,BASE,FV_BASE_202303,5150,152306100.0,90083050.32,5724070.3,431287.5,FROZEN,true,2023-04-01,true,ASSUMPTION,0
2023-02-01,2023-03-01,SKU001,CH02,UPSIDE,FV_UPSIDE_202303,5350,158220900.0,88350683.97,5724070.3,422661.75,FROZEN,true,2023-04-01,true,ASSUMPTION,-6
2023-02-01,2023-03-01,SKU001,CH02,DOWNSIDE,FV_DOWNSIDE_202303,4800,141955200.0,94413966.21,5838551.71,465790.5,FROZEN,true,2023-04-01,true,ASSUMPTION,14
2023-02-01,2023-03-01,SKU002,CH02,BASE,FV_BASE_202303,4120,141497280.0,75321053.69,5317845.96,400680.0,FROZEN,true,2023-04-01,true,ASSUMPTION,0
2023-02-01,2023-03-01,SKU002,CH02,UPSIDE,FV_UPSIDE_202303,4280,146992320.0,73872571.89,5317845.96,392666.4,FROZEN,true,2023-04-01,true,ASSUMPTION,-6
2023-02-01,2023-03-01,SKU002,CH02,DOWNSIDE,FV_DOWNSIDE_202303,3840,131880960.0,78942258.2,5424202.88,432734.4,FROZEN,true,2023-04-01,true,ASSUMPTION,14
2023-02-01,2023-03-01,SKU003,CH02,BASE,FV_BASE_202303,3090,94331520.0,53003704.45,3545230.64,267120.0,FROZEN,true,2023-04-01,true,ASSUMPTION,0
2023-02-01,2023-03-01,SKU003,CH02,UPSIDE,FV_UPSIDE_202303,3210,97994880.0,51984402.44,3545230.64,261777.6,FROZEN,true,2023-04-01,true,ASSUMPTION,-6
2023-02-01,2023-03-01,SKU003,CH02,DOWNSIDE,FV_DOWNSIDE_202303,2880,87920640.0,55551959.47,3616135.25,288489.6,FROZEN,true,2023-04-01,true,ASSUMPTION,14
2023-02-01,2023-03-01,SKU004,CH02,BASE,FV_BASE_202303,5150,137566800.0,89501869.36,5170128.01,389550.0,FROZEN,true,2023-04-01,true,ASSUMPTION,0
2023-02-01,2023-03-01,SKU004,CH02,UPSIDE,FV_UPSIDE_202303,5350,142909200.0,87780679.57,5170128.01,381759.0,FROZEN,true,2023-04-01,true,ASSUMPTION,-6
2023-02-01,2023-03-01,SKU004,CH02,DOWNSIDE,FV_DOWNSIDE_202303,4800,128217600.0,93804843.85,5273530.57,420714.0,FROZEN,true,2023-04-01,true,ASSUMPTION,14
2023-02-01,2023-03-01,SKU005,CH02,BASE,FV_BASE_202303,4120,106122960.0,72182676.46,3988384.47,300510.0,FROZEN,true,2023-04-01,true,ASSUMPTION,0
2023-02-01,2023-03-01,SKU005,CH02,UPSIDE,FV_UPSIDE_202303,4280,110244240.0,70794548.06,3988384.47,294499.8,FROZEN,true,2023-04-01,true,ASSUMPTION,-6
2023-02-01,2023-03-01,SKU005,CH02,DOWNSIDE,FV_DOWNSIDE_202303,3840,98910720.0,75652997.44,4068152.16,324550.8,FROZEN,true,2023-04-01,true,ASSUMPTION,14
2023-02-01,2023-03-01,SKU006,CH02,BASE,FV_BASE_202303,3090,88435800.0,54921601.65,3323653.72,250425.0,FROZEN,true,2023-04-01,true,ASSUMPTION,0
2023-02-01,2023-03-01,SKU006,CH02,UPSIDE,FV_UPSIDE_202303,3210,91870200.0,53865417.01,3323653.72,245416.5,FROZEN,true,2023-04-01,true,ASSUMPTION,-6
2023-02-01,2023-03-01,SKU006,CH02,DOWNSIDE,FV_DOWNSIDE_202303,2880,82425600.0,57562063.27,3390126.79,270459.0,FROZEN,true,2023-04-01,true,ASSUMPTION,14
2023-02-01,2023-03-01,SKU007,CH02,BASE,FV_BASE_202303,5150,113001300.0,91899240.86,4246890.87,319987.5,FROZEN,true,2023-04-01,true,ASSUMPTION,0
2023-02-01,2023-03-01,SKU007,CH02,UPSIDE,FV_UPSIDE_202303,5350,117389700.0,90131947.76,4246890.87,313587.75,FROZEN,true,2023-04-01,true,ASSUMPTION,-6
2023-02-01,2023-03-01,SKU007,CH02,DOWNSIDE,FV_DOWNSIDE_202303,4800,105321600.0,96317473.59,4331828.69,345586.5,FROZEN,true,2023-04-01,true,ASSUMPTION,14
2023-02-01,2023-03-01,SKU008,CH02,BASE,FV_BASE_202303,4120,98262000.0,75553526.08,3692948.58,278250.0,FROZEN,true,2023-04-01,true,ASSUMPTION,0
2023-02-01,2023-03-01,SKU008,CH02,UPSIDE,FV_UPSIDE_202303,4280,102078000.0,74100573.65,3692948.58,272685.0,FROZEN,true,2023-04-01,true,ASSUMPTION,-6
2023-02-01,2023-03-01,SKU008,CH02,DOWNSIDE,FV_DOWNSIDE_202303,3840,91584000.0,79185907.14,3766807.55,300510.0,FROZEN,true,2023-04-01,true,ASSUMPTION,14
2023-02-01,2023-03-01,SKU009,CH02,BASE,FV_BASE_202303,5150,103175100.0,88484802.66,3877596.01,292162.5,FROZEN,true,2023-04-01,true,ASSUMPTION,0
2023-02-01,2023-03-01,SKU009,CH02,UPSIDE,FV_UPSIDE_202303,5350,107181900.0,86783171.84,3877596.01,286319.25,FROZEN,true,2023-04-01,true,ASSUMPTION,-6
2023-02-01,2023-03-01,SKU009,CH02,DOWNSIDE,FV_DOWNSIDE_202303,4800,96163200.0,92738879.71,3955147.93,315535.5,FROZEN,true,2023-04-01,true,ASSUMPTION,14
2023-02-01,2023-03-01,SKU010,CH02,BASE,FV_BASE_202303,4120,94331520.0,69741716.38,3545230.64,267120.0,FROZEN,true,2023-04-01,true,ASSUMPTION,0
2023-02-01,2023-03-01,SKU010,CH02,UPSIDE,FV_UPSIDE_202303,4280,97994880.0,68400529.52,3545230.64,261777.6,FROZEN,true,2023-04-01,true,ASSUMPTION,-6
2023-02-01,2023-03-01,SKU010,CH02,DOWNSIDE,FV_DOWNSIDE_202303,3840,87920640.0,73094683.51,3616135.25,288489.6,FROZEN,true,2023-04-01,true,ASSUMPTION,14
2023-02-01,2023-03-01,SKU011,CH02,BASE,FV_BASE_202303,2060,68783400.0,30512000.92,2585064.01,194775.0,FROZEN,true,2023-04-01,true,ASSUMPTION,0
2023-02-01,2023-03-01,SKU011,CH02,UPSIDE,FV_UPSIDE_202303,2140,71454600.0,29925231.67,2585064.01,190879.5,FROZEN,true,2023-04-01,true,ASSUMPTION,-6
2023-02-01,2023-03-01,SKU011,CH02,DOWNSIDE,FV_DOWNSIDE_202303,1920,64108800.0,31978924.04,2636765.29,210357.0,FROZEN,true,2023-04-01,true,ASSUMPTION,14
2023-02-01,2023-03-01,SKU012,CH02,BASE,FV_BASE_202303,3090,85487940.0,49298675.76,3212865.27,242077.5,FROZEN,true,2023-04-01,true,ASSUMPTION,0
2023-02-01,2023-03-01,SKU012,CH02,UPSIDE,FV_UPSIDE_202303,3210,88807860.0,48350624.31,3212865.27,237235.95,FROZEN,true,2023-04-01,true,ASSUMPTION,-6
2023-02-01,2023-03-01,SKU012,CH02,DOWNSIDE,FV_DOWNSIDE_202303,2880,79678080.0,51668804.41,3277122.58,261443.7,FROZEN,true,2023-04-01,true,ASSUMPTION,14
2023-02-01,2023-03-01,SKU001,CH03,BASE,FV_BASE_202303,4120,118651880.0,73823596.24,2976977.55,335988.33,FROZEN,true,2023-04-01,true,ASSUMPTION,0
2023-02-01,2023-03-01,SKU001,CH03,UPSIDE,FV_UPSIDE_202303,4280,123259720.0,72403911.69,2976977.55,329268.57,FROZEN,true,2023-04-01,true,ASSUMPTION,-6
2023-02-01,2023-03-01,SKU001,CH03,DOWNSIDE,FV_DOWNSIDE_202303,3840,110588160.0,77372807.59,3036517.1,362867.4,FROZEN,true,2023-04-01,true,ASSUMPTION,14
2023-02-01,2023-03-01,SKU002,CH03,BASE,FV_BASE_202303,3090,103341960.0,57868173.82,2592851.42,292635.0,FROZEN,true,2023-04-01,true,ASSUMPTION,0
2023-02-01,2023-03-01,SKU002,CH03,UPSIDE,FV_UPSIDE_202303,3210,107355240.0,56755324.33,2592851.42,286782.3,FROZEN,true,2023-04-01,true,ASSUMPTION,-6
2023-02-01,2023-03-01,SKU002,CH03,DOWNSIDE,FV_DOWNSIDE_202303,2880,96318720.0,60650297.56,2644708.45,316045.8,FROZEN,true,2023-04-01,true,ASSUMPTION,14
2023-02-01,2023-03-01,SKU003,CH03,BASE,FV_BASE_202303,2060,61239680.0,36197376.22,1536504.54,173413.33,FROZEN,true,2023-04-01,true,ASSUMPTION,0
2023-02-01,2023-03-01,SKU003,CH03,UPSIDE,FV_UPSIDE_202303,2140,63617920.0,35501272.83,1536504.54,169945.07,FROZEN,true,2023-04-01,true,ASSUMPTION,-6
2023-02-01,2023-03-01,SKU003,CH03,DOWNSIDE,FV_DOWNSIDE_202303,1920,57077760.0,37937634.69,1567234.63,187286.4,FROZEN,true,2023-04-01,true,ASSUMPTION,14
2023-02-01,2023-03-01,SKU004,CH03,BASE,FV_BASE_202303,3090,80377080.0,55010486.22,2016662.21,227605.0,FROZEN,true,2023-04-01,true,ASSUMPTION,0
2023-02-01,2023-03-01,SKU004,CH03,UPSIDE,FV_UPSIDE_202303,3210,83498520.0,53952592.26,2016662.21,223052.9,FROZEN,true,2023-04-01,true,ASSUMPTION,-6
2023-02-01,2023-03-01,SKU004,CH03,DOWNSIDE,FV_DOWNSIDE_202303,2880,74914560.0,57655221.14,2056995.45,245813.4,FROZEN,true,2023-04-01,true,ASSUMPTION,14
2023-02-01,2023-03-01,SKU005,CH03,BASE,FV_BASE_202303,3090,77506470.0,55456999.92,1944638.56,219476.25,FROZEN,true,2023-04-01,true,ASSUMPTION,0
2023-02-01,2023-03-01,SKU005,CH03,UPSIDE,FV_UPSIDE_202303,3210,80516430.0,54390519.15,1944638.56,215086.73,FROZEN,true,2023-04-01,true,ASSUMPTION,-6
2023-02-01,2023-03-01,SKU005,CH03,DOWNSIDE,FV_DOWNSIDE_202303,2880,72239040.0,58123201.83,1983531.33,237034.35,FROZEN,true,2023-04-01,true,ASSUMPTION,14
2023-02-01,2023-03-01,SKU006,CH03,BASE,FV_BASE_202303,2060,57412200.0,37507149.7,1440473.01,162575.0,FROZEN,true,2023-04-01,true,ASSUMPTION,0
2023-02-01,2023-03-01,SKU006,CH03,UPSIDE,FV_UPSIDE_202303,2140,59641800.0,36785858.36,1440473.01,159323.5,FROZEN,true,2023-04-01,true,ASSUMPTION,-6
2023-02-01,2023-03-01,SKU006,CH03,DOWNSIDE,FV_DOWNSIDE_202303,1920,53510400.0,39310378.05,1469282.47,175581.0,FROZEN,true,2023-04-01,true,ASSUMPTION,14
2023-02-01,2023-03-01,SKU007,CH03,BASE,FV_BASE_202303,4120,88032040.0,75311975.19,2208725.28,249281.67,FROZEN,true,2023-04-01,true,ASSUMPTION,0
2023-02-01,2023-03-01,SKU007,CH03,UPSIDE,FV_UPSIDE_202303,4280,91450760.0,73863667.98,2208725.28,244296.03,FROZEN,true,2023-04-01,true,ASSUMPTION,-6
2023-02-01,2023-03-01,SKU007,CH03,DOWNSIDE,FV_DOWNSIDE_202303,3840,82049280.0,78932743.23,2252899.79,269224.2,FROZEN,true,2023-04-01,true,ASSUMPTION,14
2023-02-01,2023-03-01,SKU008,CH03,BASE,FV_BASE_202303,3090,71765250.0,58046779.29,1800591.26,203218.75,FROZEN,true,2023-04-01,true,ASSUMPTION,0
2023-02-01,2023-03-01,SKU008,CH03,UPSIDE,FV_UPSIDE_202303,3210,74552250.0,56930495.08,1800591.26,199154.38,FROZEN,true,2023-04-01,true,ASSUMPTION,-6
2023-02-01,2023-03-01,SKU008,CH03,DOWNSIDE,FV_DOWNSIDE_202303,2880,66888000.0,60837489.84,1836603.09,219476.25,FROZEN,true,2023-04-01,true,ASSUMPTION,14
2023-02-01,2023-03-01,SKU009,CH03,BASE,FV_BASE_202303,3090,60282810.0,54385367.07,1512496.66,170703.75,FROZEN,true,2023-04-01,true,ASSUMPTION,0
2023-02-01,2023-03-01,SKU009,CH03,UPSIDE,FV_UPSIDE_202303,3210,62623890.0,53339494.62,1512496.66,167289.68,FROZEN,true,2023-04-01,true,ASSUMPTION,-6
2023-02-01,2023-03-01,SKU009,CH03,DOWNSIDE,FV_DOWNSIDE_202303,2880,56185920.0,57000048.18,1542746.59,184360.05,FROZEN,true,2023-04-01,true,ASSUMPTION,14
2023-02-01,2023-03-01,SKU010,CH03,BASE,FV_BASE_202303,3090,68894640.0,53581642.42,1728567.61,195090.0,FROZEN,true,2023-04-01,true,ASSUMPTION,0
2023-02-01,2023-03-01,SKU010,CH03,UPSIDE,FV_UPSIDE_202303,3210,71570160.0,52551226.22,1728567.61,191188.2,FROZEN,true,2023-04-01,true,ASSUMPTION,-6
2023-02-01,2023-03-01,SKU010,CH03,DOWNSIDE,FV_DOWNSIDE_202303,2880,64212480.0,56157682.92,1763138.96,210697.2,FROZEN,true,2023-04-01,true,ASSUMPTION,14
2023-02-01,2023-03-01,SKU011,CH03,BASE,FV_BASE_202303,2060,66980900.0,31255958.08,1680551.85,189670.83,FROZEN,true,2023-04-01,true,ASSUMPTION,0
2023-02-01,2023-03-01,SKU011,CH03,UPSIDE,FV_UPSIDE_202303,2140,69582100.0,30654881.97,1680551.85,185877.42,FROZEN,true,2023-04-01,true,ASSUMPTION,-6
2023-02-01,2023-03-01,SKU011,CH03,DOWNSIDE,FV_DOWNSIDE_202303,1920,62428800.0,32758648.38,1714162.89,204844.5,FROZEN,true,2023-04-01,true,ASSUMPTION,14
2023-02-01,2023-03-01,SKU012,CH03,BASE,FV_BASE_202303,2060,55498460.0,33667131.97,1392457.24,157155.83,FROZEN,true,2023-04-01,true,ASSUMPTION,0
2023-02-01,2023-03-01,SKU012,CH03,UPSIDE,FV_UPSIDE_202303,2140,57653740.0,33019687.13,1392457.24,154012.72,FROZEN,true,2023-04-01,true,ASSUMPTION,-6
2023-02-01,2023-03-01,SKU012,CH03,DOWNSIDE,FV_DOWNSIDE_202303,1920,51726720.0,35285744.09,1420306.38,169728.3,FROZEN,true,2023-04-01,true,ASSUMPTION,14
2023-02-01,2023-03-01,SKU001,CH04,BASE,FV_BASE_202303,2060,60156120.0,38350223.87,1656914.97,170345.0,FROZEN,true,2023-04-01,true,ASSUMPTION,0
2023-02-01,2023-03-01,SKU001,CH04,UPSIDE,FV_UPSIDE_202303,2140,62492280.0,37612719.57,1656914.97,166938.1,FROZEN,true,2023-04-01,true,ASSUMPTION,-6
2023-02-01,2023-03-01,SKU001,CH04,DOWNSIDE,FV_DOWNSIDE_202303,1920,56067840.0,40193984.63,1690053.27,183972.6,FROZEN,true,2023-04-01,true,ASSUMPTION,14
2023-02-01,2023-03-01,SKU002,CH04,BASE,FV_BASE_202303,1030,34929360.0,20041084.73,962079.66,98910.0,FROZEN,true,2023-04-01,true,ASSUMPTION,0
2023-02-01,2023-03-01,SKU002,CH04,UPSIDE,FV_UPSIDE_202303,1070,36285840.0,19655679.26,962079.66,96931.8,FROZEN,true,2023-04-01,true,ASSUMPTION,-6
2023-02-01,2023-03-01,SKU002,CH04,DOWNSIDE,FV_DOWNSIDE_202303,960,32555520.0,21004598.42,981321.25,106822.8,FROZEN,true,2023-04-01,true,ASSUMPTION,14
2023-02-01,2023-03-01,SKU003,CH04,BASE,FV_BASE_202303,1030,31048320.0,18803980.74,855181.92,87920.0,FROZEN,true,2023-04-01,true,ASSUMPTION,0
2023-02-01,2023-03-01,SKU003,CH04,UPSIDE,FV_UPSIDE_202303,1070,32254080.0,18442365.72,855181.92,86161.6,FROZEN,true,2023-04-01,true,ASSUMPTION,-6
2023-02-01,2023-03-01,SKU003,CH04,DOWNSIDE,FV_DOWNSIDE_202303,960,28938240.0,19708018.27,872285.56,94953.6,FROZEN,true,2023-04-01,true,ASSUMPTION,14
2023-02-01,2023-03-01,SKU004,CH04,BASE,FV_BASE_202303,2060,54334560.0,38102803.08,1496568.36,153860.0,FROZEN,true,2023-04-01,true,ASSUMPTION,0
2023-02-01,2023-03-01,SKU004,CH04,UPSIDE,FV_UPSIDE_202303,2140,56444640.0,37370056.86,1496568.36,150782.8,FROZEN,true,2023-04-01,true,ASSUMPTION,-6
2023-02-01,2023-03-01,SKU004,CH04,DOWNSIDE,FV_DOWNSIDE_202303,1920,50641920.0,39934668.61,1526499.73,166168.8,FROZEN,true,2023-04-01,true,ASSUMPTION,14
2023-02-01,2023-03-01,SKU005,CH04,BASE,FV_BASE_202303,1030,26197020.0,19206039.54,721559.74,74182.5,FROZEN,true,2023-04-01,true,ASSUMPTION,0
2023-02-01,2023-03-01,SKU005,CH04,UPSIDE,FV_UPSIDE_202303,1070,27214380.0,18836692.62,721559.74,72698.85,FROZEN,true,2023-04-01,true,ASSUMPTION,-6
2023-02-01,2023-03-01,SKU005,CH04,DOWNSIDE,FV_DOWNSIDE_202303,960,24416640.0,20129406.82,735990.93,80117.1,FROZEN,true,2023-04-01,true,ASSUMPTION,14
2023-02-01,2023-03-01,SKU006,CH04,BASE,FV_BASE_202303,1030,29107800.0,19484387.94,801733.05,82425.0,FROZEN,true,2023-04-01,true,ASSUMPTION,0
2023-02-01,2023-03-01,SKU006,CH04,UPSIDE,FV_UPSIDE_202303,1070,30238200.0,19109688.17,801733.05,80776.5,FROZEN,true,2023-04-01,true,ASSUMPTION,-6
2023-02-01,2023-03-01,SKU006,CH04,DOWNSIDE,FV_DOWNSIDE_202303,960,27129600.0,20421137.36,817767.71,89019.0,FROZEN,true,2023-04-01,true,ASSUMPTION,14
2023-02-01,2023-03-01,SKU007,CH04,BASE,FV_BASE_202303,2060,44631960.0,39123413.87,1229324.01,126385.0,FROZEN,true,2023-04-01,true,ASSUMPTION,0
2023-02-01,2023-03-01,SKU007,CH04,UPSIDE,FV_UPSIDE_202303,2140,46365240.0,38371040.52,1229324.01,123857.3,FROZEN,true,2023-04-01,true,ASSUMPTION,-6
2023-02-01,2023-03-01,SKU007,CH04,DOWNSIDE,FV_DOWNSIDE_202303,1920,41598720.0,41004347.23,1253910.49,136495.8,FROZEN,true,2023-04-01,true,ASSUMPTION,14
2023-02-01,2023-03-01,SKU008,CH04,BASE,FV_BASE_202303,2060,48513000.0,40205879.86,1336221.75,137375.0,FROZEN,true,2023-04-01,true,ASSUMPTION,0
2023-02-01,2023-03-01,SKU008,CH04,UPSIDE,FV_UPSIDE_202303,2140,50397000.0,39432689.87,1336221.75,134627.5,FROZEN,true,2023-04-01,true,ASSUMPTION,-6
2023-02-01,2023-03-01,SKU008,CH04,DOWNSIDE,FV_DOWNSIDE_202303,1920,45216000.0,42138854.86,1362946.19,148365.0,FROZEN,true,2023-04-01,true,ASSUMPTION,14
2023-02-01,2023-03-01,SKU009,CH04,BASE,FV_BASE_202303,2060,40750920.0,37669816.67,1122426.27,115395.0,FROZEN,true,2023-04-01,true,ASSUMPTION,0
2023-02-01,2023-03-01,SKU009,CH04,UPSIDE,FV_UPSIDE_202303,2140,42333480.0,36945397.12,1122426.27,113087.1,FROZEN,true,2023-04-01,true,ASSUMPTION,-6
2023-02-01,2023-03-01,SKU009,CH04,DOWNSIDE,FV_DOWNSIDE_202303,1920,37981440.0,39480865.55,1144874.8,124626.6,FROZEN,true,2023-04-01,true,ASSUMPTION,14
2023-02-01,2023-03-01,SKU010,CH04,BASE,FV_BASE_202303,1030,23286240.0,18556559.93,641386.44,65940.0,FROZEN,true,2023-04-01,true,ASSUMPTION,0
2023-02-01,2023-03-01,SKU010,CH04,UPSIDE,FV_UPSIDE_202303,1070,24190560.0,18199703.01,641386.44,64621.2,FROZEN,true,2023-04-01,true,ASSUMPTION,-6
2023-02-01,2023-03-01,SKU010,CH04,DOWNSIDE,FV_DOWNSIDE_202303,960,21703680.0,19448702.24,654214.17,71215.2,FROZEN,true,2023-04-01,true,ASSUMPTION,14
2023-02-01,2023-03-01,SKU011,CH04,BASE,FV_BASE_202303,1030,33959100.0,16236989.94,935355.22,96162.5,FROZEN,true,2023-04-01,true,ASSUMPTION,0
2023-02-01,2023-03-01,SKU011,CH04,UPSIDE,FV_UPSIDE_202303,1070,35277900.0,15924740.14,935355.22,94239.25,FROZEN,true,2023-04-01,true,ASSUMPTION,-6
2023-02-01,2023-03-01,SKU011,CH04,DOWNSIDE,FV_DOWNSIDE_202303,960,31651200.0,17017614.46,954062.32,103855.5,FROZEN,true,2023-04-01,true,ASSUMPTION,14
2023-02-01,2023-03-01,SKU012,CH04,BASE,FV_BASE_202303,1030,28137540.0,17489557.75,775008.61,79677.5,FROZEN,true,2023-04-01,true,ASSUMPTION,0
2023-02-01,2023-03-01,SKU012,CH04,UPSIDE,FV_UPSIDE_202303,1070,29230260.0,17153220.1,775008.61,78083.95,FROZEN,true,2023-04-01,true,ASSUMPTION,-6
2023-02-01,2023-03-01,SKU012,CH04,DOWNSIDE,FV_DOWNSIDE_202303,960,26225280.0,18330401.87,790508.78,86051.7,FROZEN,true,2023-04-01,true,ASSUMPTION,14
2023-02-01,2023-03-01,SKU001,CH05,BASE,FV_BASE_202303,2060,60922440.0,37203825.2,1585904.33,172515.0,FROZEN,true,2023-04-01,true,ASSUMPTION,0
2023-02-01,2023-03-01,SKU001,CH05,UPSIDE,FV_UPSIDE_202303,2140,63288360.0,36488367.03,1585904.33,169064.7,FROZEN,true,2023-04-01,true,ASSUMPTION,-6
2023-02-01,2023-03-01,SKU001,CH05,DOWNSIDE,FV_DOWNSIDE_202303,1920,56782080.0,38992470.65,1617622.42,186316.2,FROZEN,true,2023-04-01,true,ASSUMPTION,14
2023-02-01,2023-03-01,SKU002,CH05,BASE,FV_BASE_202303,2060,70748640.0,38883997.96,1841695.35,200340.0,FROZEN,true,2023-04-01,true,ASSUMPTION,0
2023-02-01,2023-03-01,SKU002,CH05,UPSIDE,FV_UPSIDE_202303,2140,73496160.0,38136228.77,1841695.35,196333.2,FROZEN,true,2023-04-01,true,ASSUMPTION,-6
2023-02-01,2023-03-01,SKU002,CH05,DOWNSIDE,FV_DOWNSIDE_202303,1920,65940480.0,40753420.94,1878529.26,216367.2,FROZEN,true,2023-04-01,true,ASSUMPTION,14
2023-02-01,2023-03-01,SKU003,CH05,BASE,FV_BASE_202303,2060,62887680.0,36483751.17,1637062.53,178080.0,FROZEN,true,2023-04-01,true,ASSUMPTION,0
2023-02-01,2023-03-01,SKU003,CH05,UPSIDE,FV_UPSIDE_202303,2140,65329920.0,35782140.57,1637062.53,174518.4,FROZEN,true,2023-04-01,true,ASSUMPTION,-6
2023-02-01,2023-03-01,SKU003,CH05,DOWNSIDE,FV_DOWNSIDE_202303,1920,58613760.0,38237777.67,1669803.78,192326.4,FROZEN,true,2023-04-01,true,ASSUMPTION,14
2023-02-01,2023-03-01,SKU004,CH05,BASE,FV_BASE_202303,2060,55026720.0,36963800.53,1432429.71,155820.0,FROZEN,true,2023-04-01,true,ASSUMPTION,0
2023-02-01,2023-03-01,SKU004,CH05,UPSIDE,FV_UPSIDE_202303,2140,57163680.0,36252958.21,1432429.71,152703.6,FROZEN,true,2023-04-01,true,ASSUMPTION,-6
2023-02-01,2023-03-01,SKU004,CH05,DOWNSIDE,FV_DOWNSIDE_202303,1920,51287040.0,38740906.32,1461078.3,168285.6,FROZEN,true,2023-04-01,true,ASSUMPTION,14
2023-02-01,2023-03-01,SKU005,CH05,BASE,FV_BASE_202303,2060,53061480.0,37263831.37,1381271.51,150255.0,FROZEN,true,2023-04-01,true,ASSUMPTION,0
2023-02-01,2023-03-01,SKU005,CH05,UPSIDE,FV_UPSIDE_202303,2140,55122120.0,36547219.23,1381271.51,147249.9,FROZEN,true,2023-04-01,true,ASSUMPTION,-6
2023-02-01,2023-03-01,SKU005,CH05,DOWNSIDE,FV_DOWNSIDE_202303,1920,49455360.0,39055361.73,1408896.94,162275.4,FROZEN,true,2023-04-01,true,ASSUMPTION,14
2023-02-01,2023-03-01,SKU006,CH05,BASE,FV_BASE_202303,1030,29478600.0,18901943.46,767373.06,83475.0,FROZEN,true,2023-04-01,true,ASSUMPTION,0
2023-02-01,2023-03-01,SKU006,CH05,UPSIDE,FV_UPSIDE_202303,1070,30623400.0,18538444.54,767373.06,81805.5,FROZEN,true,2023-04-01,true,ASSUMPTION,-6
2023-02-01,2023-03-01,SKU006,CH05,DOWNSIDE,FV_DOWNSIDE_202303,960,27475200.0,19810690.74,782720.52,90153.0,FROZEN,true,2023-04-01,true,ASSUMPTION,14
2023-02-01,2023-03-01,SKU007,CH05,BASE,FV_BASE_202303,2060,45200520.0,37953902.32,1176638.69,127995.0,FROZEN,true,2023-04-01,true,ASSUMPTION,0
2023-02-01,2023-03-01,SKU007,CH05,UPSIDE,FV_UPSIDE_202303,2140,46955880.0,37224019.59,1176638.69,125435.1,FROZEN,true,2023-04-01,true,ASSUMPTION,-6
2023-02-01,2023-03-01,SKU007,CH05,DOWNSIDE,FV_DOWNSIDE_202303,1920,42128640.0,39778609.17,1200171.46,138234.6,FROZEN,true,2023-04-01,true,ASSUMPTION,14
2023-02-01,2023-03-01,SKU008,CH05,BASE,FV_BASE_202303,2060,49131000.0,39004010.3,1278955.1,139125.0,FROZEN,true,2023-04-01,true,ASSUMPTION,0
2023-02-01,2023-03-01,SKU008,CH05,UPSIDE,FV_UPSIDE_202303,2140,51039000.0,38253933.18,1278955.1,136342.5,FROZEN,true,2023-04-01,true,ASSUMPTION,-6
2023-02-01,2023-03-01,SKU008,CH05,DOWNSIDE,FV_DOWNSIDE_202303,1920,45792000.0,40879203.11,1304534.2,150255.0,FROZEN,true,2023-04-01,true,ASSUMPTION,14
2023-02-01,2023-03-01,SKU009,CH05,BASE,FV_BASE_202303,2060,41270040.0,36543757.34,1074322.29,116865.0,FROZEN,true,2023-04-01,true,ASSUMPTION,0
2023-02-01,2023-03-01,SKU009,CH05,UPSIDE,FV_UPSIDE_202303,2140,42872760.0,35840992.77,1074322.29,114527.7,FROZEN,true,2023-04-01,true,ASSUMPTION,-6
2023-02-01,2023-03-01,SKU009,CH05,DOWNSIDE,FV_DOWNSIDE_202303,1920,38465280.0,38300668.75,1095808.74,126214.2,FROZEN,true,2023-04-01,true,ASSUMPTION,14
2023-02-01,2023-03-01,SKU010,CH05,BASE,FV_BASE_202303,2060,47165760.0,36003701.81,1227796.9,133560.0,FROZEN,true,2023-04-01,true,ASSUMPTION,0
2023-02-01,2023-03-01,SKU010,CH05,UPSIDE,FV_UPSIDE_202303,2140,48997440.0,35311322.93,1227796.9,130888.8,FROZEN,true,2023-04-01,true,ASSUMPTION,-6
2023-02-01,2023-03-01,SKU010,CH05,DOWNSIDE,FV_DOWNSIDE_202303,1920,43960320.0,37734649.01,1252352.84,144244.8,FROZEN,true,2023-04-01,true,ASSUMPTION,14
2023-02-01,2023-03-01,SKU011,CH05,BASE,FV_BASE_202303,1030,34391700.0,15751619.54,895268.57,97387.5,FROZEN,true,2023-04-01,true,ASSUMPTION,0
2023-02-01,2023-03-01,SKU011,CH05,UPSIDE,FV_UPSIDE_202303,1070,35727300.0,15448703.78,895268.57,95439.75,FROZEN,true,2023-04-01,true,ASSUMPTION,-6
2023-02-01,2023-03-01,SKU011,CH05,DOWNSIDE,FV_DOWNSIDE_202303,960,32054400.0,16508908.94,913173.94,105178.5,FROZEN,true,2023-04-01,true,ASSUMPTION,14
2023-02-01,2023-03-01,SKU012,CH05,BASE,FV_BASE_202303,1030,28495980.0,16966744.5,741793.96,80692.5,FROZEN,true,2023-04-01,true,ASSUMPTION,0
2023-02-01,2023-03-01,SKU012,CH05,UPSIDE,FV_UPSIDE_202303,1070,29602620.0,16640460.95,741793.96,79078.65,FROZEN,true,2023-04-01,true,ASSUMPTION,-6
2023-02-01,2023-03-01,SKU012,CH05,DOWNSIDE,FV_DOWNSIDE_202303,960,26559360.0,17782453.37,756629.84,87147.9,FROZEN,true,2023-04-01,true,ASSUMPTION,14
2023-03-01,2023-04-01,SKU001,CH01,BASE,FV_BASE_202304,7210,213228540.0,125731044.13,5407841.72,603802.5,FROZEN,true,2023-05-01,true,ASSUMPTION,0
2023-03-01,2023-04-01,SKU001,CH01,UPSIDE,FV_UPSIDE_202304,7490,221509260.0,123313139.43,5407841.72,591726.45,FROZEN,true,2023-05-01,true,ASSUMPTION,-6
2023-03-01,2023-04-01,SKU001,CH01,DOWNSIDE,FV_DOWNSIDE_202304,6720,198737280.0,131775805.87,5515998.55,652106.7,FROZEN,true,2023-05-01,true,ASSUMPTION,14
2023-03-01,2023-04-01,SKU002,CH01,BASE,FV_BASE_202304,5150,176871600.0,93863728.8,4485767.33,500850.0,FROZEN,true,2023-05-01,true,ASSUMPTION,0
2023-03-01,2023-04-01,SKU002,CH01,UPSIDE,FV_UPSIDE_202304,5350,183740400.0,92058657.09,4485767.33,490833.0,FROZEN,true,2023-05-01,true,ASSUMPTION,-6
2023-03-01,2023-04-01,SKU002,CH01,DOWNSIDE,FV_DOWNSIDE_202304,4800,164851200.0,98376408.06,4575482.68,540918.0,FROZEN,true,2023-05-01,true,ASSUMPTION,14
2023-03-01,2023-04-01,SKU003,CH01,BASE,FV_BASE_202304,4120,125775360.0,70455737.16,3189878.99,356160.0,FROZEN,true,2023-05-01,true,ASSUMPTION,0
2023-03-01,2023-04-01,SKU003,CH01,UPSIDE,FV_UPSIDE_202304,4280,130659840.0,69100819.14,3189878.99,349036.8,FROZEN,true,2023-05-01,true,ASSUMPTION,-6
2023-03-01,2023-04-01,SKU003,CH01,DOWNSIDE,FV_DOWNSIDE_202304,3840,117227520.0,73843032.22,3253676.57,384652.8,FROZEN,true,2023-05-01,true,ASSUMPTION,14
2023-03-01,2023-04-01,SKU004,CH01,BASE,FV_BASE_202304,6180,165080160.0,107074179.51,4186716.17,467460.0,FROZEN,true,2023-05-01,true,ASSUMPTION,0
2023-03-01,2023-04-01,SKU004,CH01,UPSIDE,FV_UPSIDE_202304,6420,171491040.0,105015060.68,4186716.17,458110.8,FROZEN,true,2023-05-01,true,ASSUMPTION,-6
2023-03-01,2023-04-01,SKU004,CH01,DOWNSIDE,FV_DOWNSIDE_202304,5760,153861120.0,112221976.61,4270450.49,504856.8,FROZEN,true,2023-05-01,true,ASSUMPTION,14
2023-03-01,2023-04-01,SKU005,CH01,BASE,FV_BASE_202304,5150,132653700.0,89952740.09,3364325.5,375637.5,FROZEN,true,2023-05-01,true,ASSUMPTION,0
2023-03-01,2023-04-01,SKU005,CH01,UPSIDE,FV_UPSIDE_202304,5350,137805300.0,88222879.71,3364325.5,368124.75,FROZEN,true,2023-05-01,true,ASSUMPTION,-6
2023-03-01,2023-04-01,SKU005,CH01,DOWNSIDE,FV_DOWNSIDE_202304,4800,123638400.0,94277391.06,3431612.01,405688.5,FROZEN,true,2023-05-01,true,ASSUMPTION,14
2023-03-01,2023-04-01,SKU006,CH01,BASE,FV_BASE_202304,4120,117914400.0,73005122.39,2990511.55,333900.0,FROZEN,true,2023-05-01,true,ASSUMPTION,0
2023-03-01,2023-04-01,SKU006,CH01,UPSIDE,FV_UPSIDE_202304,4280,122493600.0,71601177.73,2990511.55,327222.0,FROZEN,true,2023-05-01,true,ASSUMPTION,-6
2023-03-01,2023-04-01,SKU006,CH01,DOWNSIDE,FV_DOWNSIDE_202304,3840,109900800.0,76514984.05,3050321.78,360612.0,FROZEN,true,2023-05-01,true,ASSUMPTION,14
2023-03-01,2023-04-01,SKU007,CH01,BASE,FV_BASE_202304,7210,158201820.0,128265944.21,4012269.66,447982.5,FROZEN,true,2023-05-01,true,ASSUMPTION,0
2023-03-01,2023-04-01,SKU007,CH01,UPSIDE,FV_UPSIDE_202304,7490,164345580.0,125799291.43,4012269.66,439022.85,FROZEN,true,2023-05-01,true,ASSUMPTION,-6
2023-03-01,2023-04-01,SKU007,CH01,DOWNSIDE,FV_DOWNSIDE_202304,6720,147450240.0,134432576.14,4092515.05,483821.1,FROZEN,true,2023-05-01,true,ASSUMPTION,14
2023-03-01,2023-04-01,SKU008,CH01,BASE,FV_BASE_202304,6180,147393000.0,112984117.99,3738139.44,417375.0,FROZEN,true,2023-05-01,true,ASSUMPTION,0
2023-03-01,2023-04-01,SKU008,CH01,UPSIDE,FV_UPSIDE_202304,6420,153117000.0,110811346.49,3738139.44,409027.5,FROZEN,true,2023-05-01,true,ASSUMPTION,-6
2023-03-01,2023-04-01,SKU008,CH01,DOWNSIDE,FV_DOWNSIDE_202304,5760,137376000.0,118416046.74,3812902.23,450765.0,FROZEN,true,2023-05-01,true,ASSUMPTION,14
2023-03-01,2023-04-01,SKU009,CH01,BASE,FV_BASE_202304,7210,144445140.0,123500332.05,3663376.65,409027.5,FROZEN,true,2023-05-01,true,ASSUMPTION,0
2023-03-01,2023-04-01,SKU009,CH01,UPSIDE,FV_UPSIDE_202304,7490,150054660.0,121125325.67,3663376.65,400846.95,FROZEN,true,2023-05-01,true,ASSUMPTION,-6
2023-03-01,2023-04-01,SKU009,CH01,DOWNSIDE,FV_DOWNSIDE_202304,6720,134628480.0,129437848.02,3736644.18,441749.7,FROZEN,true,2023-05-01,true,ASSUMPTION,14
2023-03-01,2023-04-01,SKU010,CH01,BASE,FV_BASE_202304,5150,117914400.0,86910859.99,2990511.55,333900.0,FROZEN,true,2023-05-01,true,ASSUMPTION,0
2023-03-01,2023-04-01,SKU010,CH01,UPSIDE,FV_UPSIDE_202304,5350,122493600.0,85239497.3,2990511.55,327222.0,FROZEN,true,2023-05-01,true,ASSUMPTION,-6
2023-03-01,2023-04-01,SKU010,CH01,DOWNSIDE,FV_DOWNSIDE_202304,4800,109900800.0,91089266.72,3050321.78,360612.0,FROZEN,true,2023-05-01,true,ASSUMPTION,14
2023-03-01,2023-04-01,SKU011,CH01,BASE,FV_BASE_202304,3090,103175100.0,45628201.5,2616697.61,292162.5,FROZEN,true,2023-05-01,true,ASSUMPTION,0
2023-03-01,2023-04-01,SKU011,CH01,UPSIDE,FV_UPSIDE_202304,3210,107181900.0,44750736.08,2616697.61,286319.25,FROZEN,true,2023-05-01,true,ASSUMPTION,-6
2023-03-01,2023-04-01,SKU011,CH01,DOWNSIDE,FV_DOWNSIDE_202304,2880,96163200.0,47821865.03,2669031.56,315535.5,FROZEN,true,2023-05-01,true,ASSUMPTION,14
2023-03-01,2023-04-01,SKU012,CH01,BASE,FV_BASE_202304,4120,113983920.0,65530788.46,2890827.83,322770.0,FROZEN,true,2023-05-01,true,ASSUMPTION,0
2023-03-01,2023-04-01,SKU012,CH01,UPSIDE,FV_UPSIDE_202304,4280,118410480.0,64270580.99,2890827.83,316314.6,FROZEN,true,2023-05-01,true,ASSUMPTION,-6
2023-03-01,2023-04-01,SKU012,CH01,DOWNSIDE,FV_DOWNSIDE_202304,3840,106237440.0,68681307.14,2948644.39,348591.6,FROZEN,true,2023-05-01,true,ASSUMPTION,14
2023-03-01,2023-04-01,SKU001,CH02,BASE,FV_BASE_202304,5150,152306100.0,92032227.85,5847925.22,431287.5,FROZEN,true,2023-05-01,true,ASSUMPTION,0
2023-03-01,2023-04-01,SKU001,CH02,UPSIDE,FV_UPSIDE_202304,5350,158220900.0,90262377.32,5847925.22,422661.75,FROZEN,true,2023-05-01,true,ASSUMPTION,-6
2023-03-01,2023-04-01,SKU001,CH02,DOWNSIDE,FV_DOWNSIDE_202304,4800,141955200.0,96456854.19,5964883.72,465790.5,FROZEN,true,2023-05-01,true,ASSUMPTION,14
2023-03-01,2023-04-01,SKU002,CH02,BASE,FV_BASE_202304,4120,141497280.0,76950817.61,5432911.18,400680.0,FROZEN,true,2023-05-01,true,ASSUMPTION,0
2023-03-01,2023-04-01,SKU002,CH02,UPSIDE,FV_UPSIDE_202304,4280,146992320.0,75470994.2,5432911.18,392666.4,FROZEN,true,2023-05-01,true,ASSUMPTION,-6
2023-03-01,2023-04-01,SKU002,CH02,DOWNSIDE,FV_DOWNSIDE_202304,3840,131880960.0,80650376.15,5541569.4,432734.4,FROZEN,true,2023-05-01,true,ASSUMPTION,14
2023-03-01,2023-04-01,SKU003,CH02,BASE,FV_BASE_202304,3090,94331520.0,54150575.36,3621940.78,267120.0,FROZEN,true,2023-05-01,true,ASSUMPTION,0
2023-03-01,2023-04-01,SKU003,CH02,UPSIDE,FV_UPSIDE_202304,3210,97994880.0,53109218.14,3621940.78,261777.6,FROZEN,true,2023-05-01,true,ASSUMPTION,-6
2023-03-01,2023-04-01,SKU003,CH02,DOWNSIDE,FV_DOWNSIDE_202304,2880,87920640.0,56753968.4,3694379.6,288489.6,FROZEN,true,2023-05-01,true,ASSUMPTION,14
2023-03-01,2023-04-01,SKU004,CH02,BASE,FV_BASE_202304,5150,137566800.0,91438471.54,5281996.98,389550.0,FROZEN,true,2023-05-01,true,ASSUMPTION,0
2023-03-01,2023-04-01,SKU004,CH02,UPSIDE,FV_UPSIDE_202304,5350,142909200.0,89680039.39,5281996.98,381759.0,FROZEN,true,2023-05-01,true,ASSUMPTION,-6
2023-03-01,2023-04-01,SKU004,CH02,DOWNSIDE,FV_DOWNSIDE_202304,4800,128217600.0,95834551.9,5387636.92,420714.0,FROZEN,true,2023-05-01,true,ASSUMPTION,14
2023-03-01,2023-04-01,SKU005,CH02,BASE,FV_BASE_202304,4120,106122960.0,73744533.54,4074683.38,300510.0,FROZEN,true,2023-05-01,true,ASSUMPTION,0
2023-03-01,2023-04-01,SKU005,CH02,UPSIDE,FV_UPSIDE_202304,4280,110244240.0,72326369.44,4074683.38,294499.8,FROZEN,true,2023-05-01,true,ASSUMPTION,-6
2023-03-01,2023-04-01,SKU005,CH02,DOWNSIDE,FV_DOWNSIDE_202304,3840,98910720.0,77289943.81,4156177.05,324550.8,FROZEN,true,2023-05-01,true,ASSUMPTION,14
2023-03-01,2023-04-01,SKU006,CH02,BASE,FV_BASE_202304,3090,88435800.0,56109971.17,3395569.48,250425.0,FROZEN,true,2023-05-01,true,ASSUMPTION,0
2023-03-01,2023-04-01,SKU006,CH02,UPSIDE,FV_UPSIDE_202304,3210,91870200.0,55030933.27,3395569.48,245416.5,FROZEN,true,2023-05-01,true,ASSUMPTION,-6
2023-03-01,2023-04-01,SKU006,CH02,DOWNSIDE,FV_DOWNSIDE_202304,2880,82425600.0,58807565.94,3463480.87,270459.0,FROZEN,true,2023-05-01,true,ASSUMPTION,14
2023-03-01,2023-04-01,SKU007,CH02,BASE,FV_BASE_202304,5150,113001300.0,93887716.31,4338783.23,319987.5,FROZEN,true,2023-05-01,true,ASSUMPTION,0
2023-03-01,2023-04-01,SKU007,CH02,UPSIDE,FV_UPSIDE_202304,5350,117389700.0,92082183.31,4338783.23,313587.75,FROZEN,true,2023-05-01,true,ASSUMPTION,-6
2023-03-01,2023-04-01,SKU007,CH02,DOWNSIDE,FV_DOWNSIDE_202304,4800,105321600.0,98401548.83,4425558.89,345586.5,FROZEN,true,2023-05-01,true,ASSUMPTION,14
2023-03-01,2023-04-01,SKU008,CH02,BASE,FV_BASE_202304,4120,98262000.0,77188320.13,3772854.98,278250.0,FROZEN,true,2023-05-01,true,ASSUMPTION,0
2023-03-01,2023-04-01,SKU008,CH02,UPSIDE,FV_UPSIDE_202304,4280,102078000.0,75703929.36,3772854.98,272685.0,FROZEN,true,2023-05-01,true,ASSUMPTION,-6
2023-03-01,2023-04-01,SKU008,CH02,DOWNSIDE,FV_DOWNSIDE_202304,3840,91584000.0,80899297.06,3848312.08,300510.0,FROZEN,true,2023-05-01,true,ASSUMPTION,14
2023-03-01,2023-04-01,SKU009,CH02,BASE,FV_BASE_202304,5150,103175100.0,90399398.0,3961497.73,292162.5,FROZEN,true,2023-05-01,true,ASSUMPTION,0
2023-03-01,2023-04-01,SKU009,CH02,UPSIDE,FV_UPSIDE_202304,5350,107181900.0,88660948.04,3961497.73,286319.25,FROZEN,true,2023-05-01,true,ASSUMPTION,-6
2023-03-01,2023-04-01,SKU009,CH02,DOWNSIDE,FV_DOWNSIDE_202304,4800,96163200.0,94745522.91,4040727.68,315535.5,FROZEN,true,2023-05-01,true,ASSUMPTION,14
2023-03-01,2023-04-01,SKU010,CH02,BASE,FV_BASE_202304,4120,94331520.0,71250757.04,3621940.78,267120.0,FROZEN,true,2023-05-01,true,ASSUMPTION,0
2023-03-01,2023-04-01,SKU010,CH02,UPSIDE,FV_UPSIDE_202304,4280,97994880.0,69880550.18,3621940.78,261777.6,FROZEN,true,2023-05-01,true,ASSUMPTION,-6
2023-03-01,2023-04-01,SKU010,CH02,DOWNSIDE,FV_DOWNSIDE_202304,3840,87920640.0,74676274.21,3694379.6,288489.6,FROZEN,true,2023-05-01,true,ASSUMPTION,14
2023-03-01,2023-04-01,SKU011,CH02,BASE,FV_BASE_202304,2060,68783400.0,31172206.21,2640998.49,194775.0,FROZEN,true,2023-05-01,true,ASSUMPTION,0
2023-03-01,2023-04-01,SKU011,CH02,UPSIDE,FV_UPSIDE_202304,2140,71454600.0,30572740.7,2640998.49,190879.5,FROZEN,true,2023-05-01,true,ASSUMPTION,-6
2023-03-01,2023-04-01,SKU011,CH02,DOWNSIDE,FV_DOWNSIDE_202304,1920,64108800.0,32670869.97,2693818.46,210357.0,FROZEN,true,2023-05-01,true,ASSUMPTION,14
2023-03-01,2023-04-01,SKU012,CH02,BASE,FV_BASE_202304,3090,85487940.0,50365378.86,3282383.84,242077.5,FROZEN,true,2023-05-01,true,ASSUMPTION,0
2023-03-01,2023-04-01,SKU012,CH02,UPSIDE,FV_UPSIDE_202304,3210,88807860.0,49396813.88,3282383.84,237235.95,FROZEN,true,2023-05-01,true,ASSUMPTION,-6
2023-03-01,2023-04-01,SKU012,CH02,DOWNSIDE,FV_DOWNSIDE_202304,2880,79678080.0,52786791.3,3348031.52,261443.7,FROZEN,true,2023-05-01,true,ASSUMPTION,14
2023-03-01,2023-04-01,SKU001,CH03,BASE,FV_BASE_202304,4120,118651880.0,73719909.41,2993325.39,335988.33,FROZEN,true,2023-05-01,true,ASSUMPTION,0
2023-03-01,2023-04-01,SKU001,CH03,UPSIDE,FV_UPSIDE_202304,4280,123259720.0,72302218.85,2993325.39,329268.57,FROZEN,true,2023-05-01,true,ASSUMPTION,-6
2023-03-01,2023-04-01,SKU001,CH03,DOWNSIDE,FV_DOWNSIDE_202304,3840,110588160.0,77264135.83,3053191.9,362867.4,FROZEN,true,2023-05-01,true,ASSUMPTION,14
2023-03-01,2023-04-01,SKU002,CH03,BASE,FV_BASE_202304,3090,103341960.0,57786896.73,2607089.86,292635.0,FROZEN,true,2023-05-01,true,ASSUMPTION,0
2023-03-01,2023-04-01,SKU002,CH03,UPSIDE,FV_UPSIDE_202304,3210,107355240.0,56675610.26,2607089.86,286782.3,FROZEN,true,2023-05-01,true,ASSUMPTION,-6
2023-03-01,2023-04-01,SKU002,CH03,DOWNSIDE,FV_DOWNSIDE_202304,2880,96318720.0,60565112.92,2659231.66,316045.8,FROZEN,true,2023-05-01,true,ASSUMPTION,14
2023-03-01,2023-04-01,SKU003,CH03,BASE,FV_BASE_202304,2060,61239680.0,36146536.23,1544942.14,173413.33,FROZEN,true,2023-05-01,true,ASSUMPTION,0
2023-03-01,2023-04-01,SKU003,CH03,UPSIDE,FV_UPSIDE_202304,2140,63617920.0,35451410.54,1544942.14,169945.07,FROZEN,true,2023-05-01,true,ASSUMPTION,-6
2023-03-01,2023-04-01,SKU003,CH03,DOWNSIDE,FV_DOWNSIDE_202304,1920,57077760.0,37884350.48,1575840.98,187286.4,FROZEN,true,2023-05-01,true,ASSUMPTION,14
2023-03-01,2023-04-01,SKU004,CH03,BASE,FV_BASE_202304,3090,80377080.0,54933222.82,2027736.55,227605.0,FROZEN,true,2023-05-01,true,ASSUMPTION,0
2023-03-01,2023-04-01,SKU004,CH03,UPSIDE,FV_UPSIDE_202304,3210,83498520.0,53876814.69,2027736.55,223052.9,FROZEN,true,2023-05-01,true,ASSUMPTION,-6
2023-03-01,2023-04-01,SKU004,CH03,DOWNSIDE,FV_DOWNSIDE_202304,2880,74914560.0,57574243.15,2068291.28,245813.4,FROZEN,true,2023-05-01,true,ASSUMPTION,14
2023-03-01,2023-04-01,SKU005,CH03,BASE,FV_BASE_202304,3090,77506470.0,55379109.38,1955317.39,219476.25,FROZEN,true,2023-05-01,true,ASSUMPTION,0
2023-03-01,2023-04-01,SKU005,CH03,UPSIDE,FV_UPSIDE_202304,3210,80516430.0,54314126.5,1955317.39,215086.73,FROZEN,true,2023-05-01,true,ASSUMPTION,-6
2023-03-01,2023-04-01,SKU005,CH03,DOWNSIDE,FV_DOWNSIDE_202304,2880,72239040.0,58041566.56,1994423.74,237034.35,FROZEN,true,2023-05-01,true,ASSUMPTION,14
2023-03-01,2023-04-01,SKU006,CH03,BASE,FV_BASE_202304,2060,57412200.0,37454470.1,1448383.25,162575.0,FROZEN,true,2023-05-01,true,ASSUMPTION,0
2023-03-01,2023-04-01,SKU006,CH03,UPSIDE,FV_UPSIDE_202304,2140,59641800.0,36734191.83,1448383.25,159323.5,FROZEN,true,2023-05-01,true,ASSUMPTION,-6
2023-03-01,2023-04-01,SKU006,CH03,DOWNSIDE,FV_DOWNSIDE_202304,1920,53510400.0,39255165.78,1477350.92,175581.0,FROZEN,true,2023-05-01,true,ASSUMPTION,14
2023-03-01,2023-04-01,SKU007,CH03,BASE,FV_BASE_202304,4120,88032040.0,75206197.91,2220854.32,249281.67,FROZEN,true,2023-05-01,true,ASSUMPTION,0
2023-03-01,2023-04-01,SKU007,CH03,UPSIDE,FV_UPSIDE_202304,4280,91450760.0,73759924.88,2220854.32,244296.03,FROZEN,true,2023-05-01,true,ASSUMPTION,-6
2023-03-01,2023-04-01,SKU007,CH03,DOWNSIDE,FV_DOWNSIDE_202304,3840,82049280.0,78821880.51,2265271.41,269224.2,FROZEN,true,2023-05-01,true,ASSUMPTION,14
2023-03-01,2023-04-01,SKU008,CH03,BASE,FV_BASE_202304,3090,71765250.0,57965251.35,1810479.07,203218.75,FROZEN,true,2023-05-01,true,ASSUMPTION,0
2023-03-01,2023-04-01,SKU008,CH03,UPSIDE,FV_UPSIDE_202304,3210,74552250.0,56850534.98,1810479.07,199154.38,FROZEN,true,2023-05-01,true,ASSUMPTION,-6
2023-03-01,2023-04-01,SKU008,CH03,DOWNSIDE,FV_DOWNSIDE_202304,2880,66888000.0,60752042.28,1846688.65,219476.25,FROZEN,true,2023-05-01,true,ASSUMPTION,14
2023-03-01,2023-04-01,SKU009,CH03,BASE,FV_BASE_202304,4120,80377080.0,72411975.54,2027736.55,227605.0,FROZEN,true,2023-05-01,true,ASSUMPTION,0
2023-03-01,2023-04-01,SKU009,CH03,UPSIDE,FV_UPSIDE_202304,4280,83498520.0,71019437.55,2027736.55,223052.9,FROZEN,true,2023-05-01,true,ASSUMPTION,-6
2023-03-01,2023-04-01,SKU009,CH03,DOWNSIDE,FV_DOWNSIDE_202304,3840,74914560.0,75893320.52,2068291.28,245813.4,FROZEN,true,2023-05-01,true,ASSUMPTION,14
2023-03-01,2023-04-01,SKU010,CH03,BASE,FV_BASE_202304,3090,68894640.0,53506385.87,1738059.9,195090.0,FROZEN,true,2023-05-01,true,ASSUMPTION,0
2023-03-01,2023-04-01,SKU010,CH03,UPSIDE,FV_UPSIDE_202304,3210,71570160.0,52477416.91,1738059.9,191188.2,FROZEN,true,2023-05-01,true,ASSUMPTION,-6
2023-03-01,2023-04-01,SKU010,CH03,DOWNSIDE,FV_DOWNSIDE_202304,2880,64212480.0,56078808.27,1772821.1,210697.2,FROZEN,true,2023-05-01,true,ASSUMPTION,14
2023-03-01,2023-04-01,SKU011,CH03,BASE,FV_BASE_202304,2060,66980900.0,31212058.43,1689780.46,189670.83,FROZEN,true,2023-05-01,true,ASSUMPTION,0
2023-03-01,2023-04-01,SKU011,CH03,UPSIDE,FV_UPSIDE_202304,2140,69582100.0,30611826.53,1689780.46,185877.42,FROZEN,true,2023-05-01,true,ASSUMPTION,-6
2023-03-01,2023-04-01,SKU011,CH03,DOWNSIDE,FV_DOWNSIDE_202304,1920,62428800.0,32712638.16,1723576.07,204844.5,FROZEN,true,2023-05-01,true,ASSUMPTION,14
2023-03-01,2023-04-01,SKU012,CH03,BASE,FV_BASE_202304,2060,55498460.0,33619845.78,1400103.81,157155.83,FROZEN,true,2023-05-01,true,ASSUMPTION,0
2023-03-01,2023-04-01,SKU012,CH03,UPSIDE,FV_UPSIDE_202304,2140,57653740.0,32973310.29,1400103.81,154012.72,FROZEN,true,2023-05-01,true,ASSUMPTION,-6
2023-03-01,2023-04-01,SKU012,CH03,DOWNSIDE,FV_DOWNSIDE_202304,1920,51726720.0,35236184.52,1428105.89,169728.3,FROZEN,true,2023-05-01,true,ASSUMPTION,14
2023-03-01,2023-04-01,SKU001,CH04,BASE,FV_BASE_202304,2060,60156120.0,36982819.81,1600620.0,170345.0,FROZEN,true,2023-05-01,true,ASSUMPTION,0
2023-03-01,2023-04-01,SKU001,CH04,UPSIDE,FV_UPSIDE_202304,2140,62492280.0,36271611.73,1600620.0,166938.1,FROZEN,true,2023-05-01,true,ASSUMPTION,-6
2023-03-01,2023-04-01,SKU001,CH04,DOWNSIDE,FV_DOWNSIDE_202304,1920,56067840.0,38760839.99,1632632.4,183972.6,FROZEN,true,2023-05-01,true,ASSUMPTION,14
2023-03-01,2023-04-01,SKU002,CH04,BASE,FV_BASE_202304,1030,34929360.0,19326505.84,929392.26,98910.0,FROZEN,true,2023-05-01,true,ASSUMPTION,0
2023-03-01,2023-04-01,SKU002,CH04,UPSIDE,FV_UPSIDE_202304,1070,36285840.0,18954842.26,929392.26,96931.8,FROZEN,true,2023-05-01,true,ASSUMPTION,-6
2023-03-01,2023-04-01,SKU002,CH04,DOWNSIDE,FV_DOWNSIDE_202304,960,32555520.0,20255664.77,947980.11,106822.8,FROZEN,true,2023-05-01,true,ASSUMPTION,14
2023-03-01,2023-04-01,SKU003,CH04,BASE,FV_BASE_202304,1030,31048320.0,18133511.65,826126.45,87920.0,FROZEN,true,2023-05-01,true,ASSUMPTION,0
2023-03-01,2023-04-01,SKU003,CH04,UPSIDE,FV_UPSIDE_202304,1070,32254080.0,17784790.27,826126.45,86161.6,FROZEN,true,2023-05-01,true,ASSUMPTION,-6
2023-03-01,2023-04-01,SKU003,CH04,DOWNSIDE,FV_DOWNSIDE_202304,960,28938240.0,19005315.09,842648.98,94953.6,FROZEN,true,2023-05-01,true,ASSUMPTION,14
2023-03-01,2023-04-01,SKU004,CH04,BASE,FV_BASE_202304,2060,54334560.0,36744220.97,1445721.29,153860.0,FROZEN,true,2023-05-01,true,ASSUMPTION,0
2023-03-01,2023-04-01,SKU004,CH04,UPSIDE,FV_UPSIDE_202304,2140,56444640.0,36037601.33,1445721.29,150782.8,FROZEN,true,2023-05-01,true,ASSUMPTION,-6
2023-03-01,2023-04-01,SKU004,CH04,DOWNSIDE,FV_DOWNSIDE_202304,1920,50641920.0,38510770.05,1474635.72,166168.8,FROZEN,true,2023-05-01,true,ASSUMPTION,14
2023-03-01,2023-04-01,SKU005,CH04,BASE,FV_BASE_202304,2060,52394040.0,37042469.52,1394088.39,148365.0,FROZEN,true,2023-05-01,true,ASSUMPTION,0
2023-03-01,2023-04-01,SKU005,CH04,UPSIDE,FV_UPSIDE_202304,2140,54428760.0,36330114.33,1394088.39,145397.7,FROZEN,true,2023-05-01,true,ASSUMPTION,-6
2023-03-01,2023-04-01,SKU005,CH04,DOWNSIDE,FV_DOWNSIDE_202304,1920,48833280.0,38823357.47,1421970.16,160234.2,FROZEN,true,2023-05-01,true,ASSUMPTION,14
2023-03-01,2023-04-01,SKU006,CH04,BASE,FV_BASE_202304,1030,29107800.0,18789658.45,774493.55,82425.0,FROZEN,true,2023-05-01,true,ASSUMPTION,0
2023-03-01,2023-04-01,SKU006,CH04,UPSIDE,FV_UPSIDE_202304,1070,30238200.0,18428318.87,774493.55,80776.5,FROZEN,true,2023-05-01,true,ASSUMPTION,-6
2023-03-01,2023-04-01,SKU006,CH04,DOWNSIDE,FV_DOWNSIDE_202304,960,27129600.0,19693007.42,789983.42,89019.0,FROZEN,true,2023-05-01,true,ASSUMPTION,14
2023-03-01,2023-04-01,SKU007,CH04,BASE,FV_BASE_202304,2060,44631960.0,37728441.17,1187556.77,126385.0,FROZEN,true,2023-05-01,true,ASSUMPTION,0
2023-03-01,2023-04-01,SKU007,CH04,UPSIDE,FV_UPSIDE_202304,2140,46365240.0,37002894.23,1187556.77,123857.3,FROZEN,true,2023-05-01,true,ASSUMPTION,-6
2023-03-01,2023-04-01,SKU007,CH04,DOWNSIDE,FV_DOWNSIDE_202304,1920,41598720.0,39542308.54,1211307.91,136495.8,FROZEN,true,2023-05-01,true,ASSUMPTION,14
2023-03-01,2023-04-01,SKU008,CH04,BASE,FV_BASE_202304,2060,48513000.0,38772311.08,1290822.58,137375.0,FROZEN,true,2023-05-01,true,ASSUMPTION,0
2023-03-01,2023-04-01,SKU008,CH04,UPSIDE,FV_UPSIDE_202304,2140,50397000.0,38026689.72,1290822.58,134627.5,FROZEN,true,2023-05-01,true,ASSUMPTION,-6
2023-03-01,2023-04-01,SKU008,CH04,DOWNSIDE,FV_DOWNSIDE_202304,1920,45216000.0,40636364.5,1316639.03,148365.0,FROZEN,true,2023-05-01,true,ASSUMPTION,14
2023-03-01,2023-04-01,SKU009,CH04,BASE,FV_BASE_202304,2060,40750920.0,36326673.0,1084290.97,115395.0,FROZEN,true,2023-05-01,true,ASSUMPTION,0
2023-03-01,2023-04-01,SKU009,CH04,UPSIDE,FV_UPSIDE_202304,2140,42333480.0,35628083.14,1084290.97,113087.1,FROZEN,true,2023-05-01,true,ASSUMPTION,-6
2023-03-01,2023-04-01,SKU009,CH04,DOWNSIDE,FV_DOWNSIDE_202304,1920,37981440.0,38073147.66,1105976.79,124626.6,FROZEN,true,2023-05-01,true,ASSUMPTION,14
2023-03-01,2023-04-01,SKU010,CH04,BASE,FV_BASE_202304,1030,23286240.0,17894912.81,619594.84,65940.0,FROZEN,true,2023-05-01,true,ASSUMPTION,0
2023-03-01,2023-04-01,SKU010,CH04,UPSIDE,FV_UPSIDE_202304,1070,24190560.0,17550779.87,619594.84,64621.2,FROZEN,true,2023-05-01,true,ASSUMPTION,-6
2023-03-01,2023-04-01,SKU010,CH04,DOWNSIDE,FV_DOWNSIDE_202304,960,21703680.0,18755245.15,631986.74,71215.2,FROZEN,true,2023-05-01,true,ASSUMPTION,14
2023-03-01,2023-04-01,SKU011,CH04,BASE,FV_BASE_202304,1030,33959100.0,15658048.71,903575.81,96162.5,FROZEN,true,2023-05-01,true,ASSUMPTION,0
2023-03-01,2023-04-01,SKU011,CH04,UPSIDE,FV_UPSIDE_202304,1070,35277900.0,15356932.39,903575.81,94239.25,FROZEN,true,2023-05-01,true,ASSUMPTION,-6
2023-03-01,2023-04-01,SKU011,CH04,DOWNSIDE,FV_DOWNSIDE_202304,960,31651200.0,16410839.52,921647.33,103855.5,FROZEN,true,2023-05-01,true,ASSUMPTION,14
2023-03-01,2023-04-01,SKU012,CH04,BASE,FV_BASE_202304,1030,28137540.0,16865955.32,748677.1,79677.5,FROZEN,true,2023-05-01,true,ASSUMPTION,0
2023-03-01,2023-04-01,SKU012,CH04,UPSIDE,FV_UPSIDE_202304,1070,29230260.0,16541610.02,748677.1,78083.95,FROZEN,true,2023-05-01,true,ASSUMPTION,-6
2023-03-01,2023-04-01,SKU012,CH04,DOWNSIDE,FV_DOWNSIDE_202304,960,26225280.0,17676818.56,763650.64,86051.7,FROZEN,true,2023-05-01,true,ASSUMPTION,14
2023-03-01,2023-04-01,SKU001,CH05,BASE,FV_BASE_202304,2060,60922440.0,38008825.25,1620219.43,172515.0,FROZEN,true,2023-05-01,true,ASSUMPTION,0
2023-03-01,2023-04-01,SKU001,CH05,UPSIDE,FV_UPSIDE_202304,2140,63288360.0,37277886.31,1620219.43,169064.7,FROZEN,true,2023-05-01,true,ASSUMPTION,-6
2023-03-01,2023-04-01,SKU001,CH05,DOWNSIDE,FV_DOWNSIDE_202304,1920,56782080.0,39836172.62,1652623.82,186316.2,FROZEN,true,2023-05-01,true,ASSUMPTION,14
2023-03-01,2023-04-01,SKU002,CH05,BASE,FV_BASE_202304,2060,70748640.0,39725352.85,1881545.14,200340.0,FROZEN,true,2023-05-01,true,ASSUMPTION,0
2023-03-01,2023-04-01,SKU002,CH05,UPSIDE,FV_UPSIDE_202304,2140,73496160.0,38961403.75,1881545.14,196333.2,FROZEN,true,2023-05-01,true,ASSUMPTION,-6
2023-03-01,2023-04-01,SKU002,CH05,DOWNSIDE,FV_DOWNSIDE_202304,1920,65940480.0,41635225.58,1919176.04,216367.2,FROZEN,true,2023-05-01,true,ASSUMPTION,14
2023-03-01,2023-04-01,SKU003,CH05,BASE,FV_BASE_202304,2060,62887680.0,37273170.57,1672484.57,178080.0,FROZEN,true,2023-05-01,true,ASSUMPTION,0
2023-03-01,2023-04-01,SKU003,CH05,UPSIDE,FV_UPSIDE_202304,2140,65329920.0,36556378.83,1672484.57,174518.4,FROZEN,true,2023-05-01,true,ASSUMPTION,-6
2023-03-01,2023-04-01,SKU003,CH05,DOWNSIDE,FV_DOWNSIDE_202304,1920,58613760.0,39065149.93,1705934.26,192326.4,FROZEN,true,2023-05-01,true,ASSUMPTION,14
2023-03-01,2023-04-01,SKU004,CH05,BASE,FV_BASE_202304,2060,55026720.0,37763607.02,1463424.0,155820.0,FROZEN,true,2023-05-01,true,ASSUMPTION,0
2023-03-01,2023-04-01,SKU004,CH05,UPSIDE,FV_UPSIDE_202304,2140,57163680.0,37037383.81,1463424.0,152703.6,FROZEN,true,2023-05-01,true,ASSUMPTION,-6
2023-03-01,2023-04-01,SKU004,CH05,DOWNSIDE,FV_DOWNSIDE_202304,1920,51287040.0,39579165.05,1492692.48,168285.6,FROZEN,true,2023-05-01,true,ASSUMPTION,14
2023-03-01,2023-04-01,SKU005,CH05,BASE,FV_BASE_202304,2060,53061480.0,38070129.81,1411158.86,150255.0,FROZEN,true,2023-05-01,true,ASSUMPTION,0
2023-03-01,2023-04-01,SKU005,CH05,UPSIDE,FV_UPSIDE_202304,2140,55122120.0,37338011.93,1411158.86,147249.9,FROZEN,true,2023-05-01,true,ASSUMPTION,-6
2023-03-01,2023-04-01,SKU005,CH05,DOWNSIDE,FV_DOWNSIDE_202304,1920,49455360.0,39900424.51,1439382.04,162275.4,FROZEN,true,2023-05-01,true,ASSUMPTION,14
2023-03-01,2023-04-01,SKU006,CH05,BASE,FV_BASE_202304,1030,29478600.0,19310935.42,783977.14,83475.0,FROZEN,true,2023-05-01,true,ASSUMPTION,0
2023-03-01,2023-04-01,SKU006,CH05,UPSIDE,FV_UPSIDE_202304,1070,30623400.0,18939571.27,783977.14,81805.5,FROZEN,true,2023-05-01,true,ASSUMPTION,-6
2023-03-01,2023-04-01,SKU006,CH05,DOWNSIDE,FV_DOWNSIDE_202304,960,27475200.0,20239345.77,799656.68,90153.0,FROZEN,true,2023-05-01,true,ASSUMPTION,14
2023-03-01,2023-04-01,SKU007,CH05,BASE,FV_BASE_202304,2060,45200520.0,38775132.22,1202098.29,127995.0,FROZEN,true,2023-05-01,true,ASSUMPTION,0
2023-03-01,2023-04-01,SKU007,CH05,UPSIDE,FV_UPSIDE_202304,2140,46955880.0,38029456.6,1202098.29,125435.1,FROZEN,true,2023-05-01,true,ASSUMPTION,-6
2023-03-01,2023-04-01,SKU007,CH05,DOWNSIDE,FV_DOWNSIDE_202304,1920,42128640.0,40639321.27,1226140.26,138234.6,FROZEN,true,2023-05-01,true,ASSUMPTION,14
2023-03-01,2023-04-01,SKU008,CH05,BASE,FV_BASE_202304,2060,49131000.0,39847961.96,1306628.57,139125.0,FROZEN,true,2023-05-01,true,ASSUMPTION,0
2023-03-01,2023-04-01,SKU008,CH05,UPSIDE,FV_UPSIDE_202304,2140,51039000.0,39081655.0,1306628.57,136342.5,FROZEN,true,2023-05-01,true,ASSUMPTION,-6
2023-03-01,2023-04-01,SKU008,CH05,DOWNSIDE,FV_DOWNSIDE_202304,1920,45792000.0,41763729.36,1332761.14,150255.0,FROZEN,true,2023-05-01,true,ASSUMPTION,14
2023-03-01,2023-04-01,SKU009,CH05,BASE,FV_BASE_202304,2060,41270040.0,37334475.13,1097568.0,116865.0,FROZEN,true,2023-05-01,true,ASSUMPTION,0
2023-03-01,2023-04-01,SKU009,CH05,UPSIDE,FV_UPSIDE_202304,2140,42872760.0,36616504.46,1097568.0,114527.7,FROZEN,true,2023-05-01,true,ASSUMPTION,-6
2023-03-01,2023-04-01,SKU009,CH05,DOWNSIDE,FV_DOWNSIDE_202304,1920,38465280.0,39129401.82,1119519.36,126214.2,FROZEN,true,2023-05-01,true,ASSUMPTION,14
2023-03-01,2023-04-01,SKU010,CH05,BASE,FV_BASE_202304,2060,47165760.0,36782734.12,1254363.43,133560.0,FROZEN,true,2023-05-01,true,ASSUMPTION,0
2023-03-01,2023-04-01,SKU010,CH05,UPSIDE,FV_UPSIDE_202304,2140,48997440.0,36075373.85,1254363.43,130888.8,FROZEN,true,2023-05-01,true,ASSUMPTION,-6
2023-03-01,2023-04-01,SKU010,CH05,DOWNSIDE,FV_DOWNSIDE_202304,1920,43960320.0,38551134.8,1279450.7,144244.8,FROZEN,true,2023-05-01,true,ASSUMPTION,14
2023-03-01,2023-04-01,SKU011,CH05,BASE,FV_BASE_202304,1030,34391700.0,16092446.18,914640.0,97387.5,FROZEN,true,2023-05-01,true,ASSUMPTION,0
2023-03-01,2023-04-01,SKU011,CH05,UPSIDE,FV_UPSIDE_202304,1070,35727300.0,15782976.06,914640.0,95439.75,FROZEN,true,2023-05-01,true,ASSUMPTION,-6
2023-03-01,2023-04-01,SKU011,CH05,DOWNSIDE,FV_DOWNSIDE_202304,960,32054400.0,16866121.47,932932.8,105178.5,FROZEN,true,2023-05-01,true,ASSUMPTION,14
2023-03-01,2023-04-01,SKU012,CH05,BASE,FV_BASE_202304,1030,28495980.0,17333863.45,757844.57,80692.5,FROZEN,true,2023-05-01,true,ASSUMPTION,0
2023-03-01,2023-04-01,SKU012,CH05,UPSIDE,FV_UPSIDE_202304,1070,29602620.0,17000519.92,757844.57,79078.65,FROZEN,true,2023-05-01,true,ASSUMPTION,-6
2023-03-01,2023-04-01,SKU012,CH05,DOWNSIDE,FV_DOWNSIDE_202304,960,26559360.0,18167222.27,773001.46,87147.9,FROZEN,true,2023-05-01,true,ASSUMPTION,14
2023-04-01,2023-05-01,SKU001,CH01,BASE,FV_BASE_202305,7210,213228540.0,124717730.24,5364257.89,603802.5,FROZEN,true,2023-06-01,true,ASSUMPTION,0
2023-04-01,2023-05-01,SKU001,CH01,UPSIDE,FV_UPSIDE_202305,7490,221509260.0,122319312.35,5364257.89,591726.45,FROZEN,true,2023-06-01,true,ASSUMPTION,-6
2023-04-01,2023-05-01,SKU001,CH01,DOWNSIDE,FV_DOWNSIDE_202305,6720,198737280.0,130713774.96,5471543.05,652106.7,FROZEN,true,2023-06-01,true,ASSUMPTION,14
2023-04-01,2023-05-01,SKU002,CH01,BASE,FV_BASE_202305,5150,176871600.0,93107245.62,4449614.84,500850.0,FROZEN,true,2023-06-01,true,ASSUMPTION,0
2023-04-01,2023-05-01,SKU002,CH01,UPSIDE,FV_UPSIDE_202305,5350,183740400.0,91316721.66,4449614.84,490833.0,FROZEN,true,2023-06-01,true,ASSUMPTION,-6
2023-04-01,2023-05-01,SKU002,CH01,DOWNSIDE,FV_DOWNSIDE_202305,4800,164851200.0,97583555.5,4538607.14,540918.0,FROZEN,true,2023-06-01,true,ASSUMPTION,14
2023-04-01,2023-05-01,SKU003,CH01,BASE,FV_BASE_202305,4120,125775360.0,69887907.82,3164170.55,356160.0,FROZEN,true,2023-06-01,true,ASSUMPTION,0
2023-04-01,2023-05-01,SKU003,CH01,UPSIDE,FV_UPSIDE_202305,4280,130659840.0,68543909.6,3164170.55,349036.8,FROZEN,true,2023-06-01,true,ASSUMPTION,-6
2023-04-01,2023-05-01,SKU003,CH01,DOWNSIDE,FV_DOWNSIDE_202305,3840,117227520.0,73247903.39,3227453.96,384652.8,FROZEN,true,2023-06-01,true,ASSUMPTION,14
2023-04-01,2023-05-01,SKU004,CH01,BASE,FV_BASE_202305,6180,165080160.0,106211228.33,4152973.85,467460.0,FROZEN,true,2023-06-01,true,ASSUMPTION,0
2023-04-01,2023-05-01,SKU004,CH01,UPSIDE,FV_UPSIDE_202305,6420,171491040.0,104168704.71,4152973.85,458110.8,FROZEN,true,2023-06-01,true,ASSUMPTION,-6
2023-04-01,2023-05-01,SKU004,CH01,DOWNSIDE,FV_DOWNSIDE_202305,5760,153861120.0,111317537.39,4236033.33,504856.8,FROZEN,true,2023-06-01,true,ASSUMPTION,14
2023-04-01,2023-05-01,SKU005,CH01,BASE,FV_BASE_202305,5150,132653700.0,89227777.05,3337211.13,375637.5,FROZEN,true,2023-06-01,true,ASSUMPTION,0
2023-04-01,2023-05-01,SKU005,CH01,UPSIDE,FV_UPSIDE_202305,5350,137805300.0,87511858.26,3337211.13,368124.75,FROZEN,true,2023-06-01,true,ASSUMPTION,-6
2023-04-01,2023-05-01,SKU005,CH01,DOWNSIDE,FV_DOWNSIDE_202305,4800,123638400.0,93517574.02,3403955.35,405688.5,FROZEN,true,2023-06-01,true,ASSUMPTION,14
2023-04-01,2023-05-01,SKU006,CH01,BASE,FV_BASE_202305,4120,117914400.0,72416746.59,2966409.89,333900.0,FROZEN,true,2023-06-01,true,ASSUMPTION,0
2023-04-01,2023-05-01,SKU006,CH01,UPSIDE,FV_UPSIDE_202305,4280,122493600.0,71024116.85,2966409.89,327222.0,FROZEN,true,2023-06-01,true,ASSUMPTION,-6
2023-04-01,2023-05-01,SKU006,CH01,DOWNSIDE,FV_DOWNSIDE_202305,3840,109900800.0,75898320.95,3025738.09,360612.0,FROZEN,true,2023-06-01,true,ASSUMPTION,14
2023-04-01,2023-05-01,SKU007,CH01,BASE,FV_BASE_202305,7210,158201820.0,127232200.61,3979933.27,447982.5,FROZEN,true,2023-06-01,true,ASSUMPTION,0
2023-04-01,2023-05-01,SKU007,CH01,UPSIDE,FV_UPSIDE_202305,7490,164345580.0,124785427.52,3979933.27,439022.85,FROZEN,true,2023-06-01,true,ASSUMPTION,-6
2023-04-01,2023-05-01,SKU007,CH01,DOWNSIDE,FV_DOWNSIDE_202305,6720,147450240.0,133349133.33,4059531.94,483821.1,FROZEN,true,2023-06-01,true,ASSUMPTION,14
2023-04-01,2023-05-01,SKU008,CH01,BASE,FV_BASE_202305,6180,147393000.0,112073536.39,3708012.36,417375.0,FROZEN,true,2023-06-01,true,ASSUMPTION,0
2023-04-01,2023-05-01,SKU008,CH01,UPSIDE,FV_UPSIDE_202305,6420,153117000.0,109918276.08,3708012.36,409027.5,FROZEN,true,2023-06-01,true,ASSUMPTION,-6
2023-04-01,2023-05-01,SKU008,CH01,DOWNSIDE,FV_DOWNSIDE_202305,5760,137376000.0,117461687.18,3782172.61,450765.0,FROZEN,true,2023-06-01,true,ASSUMPTION,14
2023-04-01,2023-05-01,SKU009,CH01,BASE,FV_BASE_202305,7210,144445140.0,122504996.32,3633852.12,409027.5,FROZEN,true,2023-06-01,true,ASSUMPTION,0
2023-04-01,2023-05-01,SKU009,CH01,UPSIDE,FV_UPSIDE_202305,7490,150054660.0,120149131.0,3633852.12,400846.95,FROZEN,true,2023-06-01,true,ASSUMPTION,-6
2023-04-01,2023-05-01,SKU009,CH01,DOWNSIDE,FV_DOWNSIDE_202305,6720,134628480.0,128394659.6,3706529.16,441749.7,FROZEN,true,2023-06-01,true,ASSUMPTION,14
2023-04-01,2023-05-01,SKU010,CH01,BASE,FV_BASE_202305,5150,117914400.0,86210412.61,2966409.89,333900.0,FROZEN,true,2023-06-01,true,ASSUMPTION,0
2023-04-01,2023-05-01,SKU010,CH01,UPSIDE,FV_UPSIDE_202305,5350,122493600.0,84552520.06,2966409.89,327222.0,FROZEN,true,2023-06-01,true,ASSUMPTION,-6
2023-04-01,2023-05-01,SKU010,CH01,DOWNSIDE,FV_DOWNSIDE_202305,4800,109900800.0,90355143.99,3025738.09,360612.0,FROZEN,true,2023-06-01,true,ASSUMPTION,14
2023-04-01,2023-05-01,SKU011,CH01,BASE,FV_BASE_202305,3090,103175100.0,45260466.62,2595608.65,292162.5,FROZEN,true,2023-06-01,true,ASSUMPTION,0
2023-04-01,2023-05-01,SKU011,CH01,UPSIDE,FV_UPSIDE_202305,3210,107181900.0,44390073.03,2595608.65,286319.25,FROZEN,true,2023-06-01,true,ASSUMPTION,-6
2023-04-01,2023-05-01,SKU011,CH01,DOWNSIDE,FV_DOWNSIDE_202305,2880,96163200.0,47436450.59,2647520.82,315535.5,FROZEN,true,2023-06-01,true,ASSUMPTION,14
2023-04-01,2023-05-01,SKU012,CH01,BASE,FV_BASE_202305,4120,113983920.0,65002651.13,2867529.56,322770.0,FROZEN,true,2023-06-01,true,ASSUMPTION,0
2023-04-01,2023-05-01,SKU012,CH01,UPSIDE,FV_UPSIDE_202305,4280,118410480.0,63752600.14,2867529.56,316314.6,FROZEN,true,2023-06-01,true,ASSUMPTION,-6
2023-04-01,2023-05-01,SKU012,CH01,DOWNSIDE,FV_DOWNSIDE_202305,3840,106237440.0,68127778.58,2924880.15,348591.6,FROZEN,true,2023-06-01,true,ASSUMPTION,14
2023-04-01,2023-05-01,SKU001,CH02,BASE,FV_BASE_202305,5150,152306100.0,91290505.43,5800794.59,431287.5,FROZEN,true,2023-06-01,true,ASSUMPTION,0
2023-04-01,2023-05-01,SKU001,CH02,UPSIDE,FV_UPSIDE_202305,5350,158220900.0,89534918.78,5800794.59,422661.75,FROZEN,true,2023-06-01,true,ASSUMPTION,-6
2023-04-01,2023-05-01,SKU001,CH02,DOWNSIDE,FV_DOWNSIDE_202305,4800,141955200.0,95679472.03,5916810.48,465790.5,FROZEN,true,2023-06-01,true,ASSUMPTION,14
2023-04-01,2023-05-01,SKU002,CH02,BASE,FV_BASE_202305,4120,141497280.0,76330641.96,5389125.3,400680.0,FROZEN,true,2023-06-01,true,ASSUMPTION,0
2023-04-01,2023-05-01,SKU002,CH02,UPSIDE,FV_UPSIDE_202305,4280,146992320.0,74862745.0,5389125.3,392666.4,FROZEN,true,2023-06-01,true,ASSUMPTION,-6
2023-04-01,2023-05-01,SKU002,CH02,DOWNSIDE,FV_DOWNSIDE_202305,3840,131880960.0,80000384.36,5496907.81,432734.4,FROZEN,true,2023-06-01,true,ASSUMPTION,14
2023-04-01,2023-05-01,SKU003,CH02,BASE,FV_BASE_202305,3090,94331520.0,53714155.46,3592750.2,267120.0,FROZEN,true,2023-06-01,true,ASSUMPTION,0
2023-04-01,2023-05-01,SKU003,CH02,UPSIDE,FV_UPSIDE_202305,3210,97994880.0,52681190.93,3592750.2,261777.6,FROZEN,true,2023-06-01,true,ASSUMPTION,-6
2023-04-01,2023-05-01,SKU003,CH02,DOWNSIDE,FV_DOWNSIDE_202305,2880,87920640.0,56296566.78,3664605.2,288489.6,FROZEN,true,2023-06-01,true,ASSUMPTION,14
2023-04-01,2023-05-01,SKU004,CH02,BASE,FV_BASE_202305,5150,137566800.0,90701534.42,5239427.37,389550.0,FROZEN,true,2023-06-01,true,ASSUMPTION,0
2023-04-01,2023-05-01,SKU004,CH02,UPSIDE,FV_UPSIDE_202305,5350,142909200.0,88957274.15,5239427.37,381759.0,FROZEN,true,2023-06-01,true,ASSUMPTION,-6
2023-04-01,2023-05-01,SKU004,CH02,DOWNSIDE,FV_DOWNSIDE_202305,4800,128217600.0,95062185.12,5344215.92,420714.0,FROZEN,true,2023-06-01,true,ASSUMPTION,14
2023-04-01,2023-05-01,SKU005,CH02,BASE,FV_BASE_202305,4120,106122960.0,73150198.54,4041843.97,300510.0,FROZEN,true,2023-06-01,true,ASSUMPTION,0
2023-04-01,2023-05-01,SKU005,CH02,UPSIDE,FV_UPSIDE_202305,4280,110244240.0,71743463.96,4041843.97,294499.8,FROZEN,true,2023-06-01,true,ASSUMPTION,-6
2023-04-01,2023-05-01,SKU005,CH02,DOWNSIDE,FV_DOWNSIDE_202305,3840,98910720.0,76667035.01,4122680.85,324550.8,FROZEN,true,2023-06-01,true,ASSUMPTION,14
2023-04-01,2023-05-01,SKU006,CH02,BASE,FV_BASE_202305,3090,88435800.0,55657759.76,3368203.31,250425.0,FROZEN,true,2023-06-01,true,ASSUMPTION,0
2023-04-01,2023-05-01,SKU006,CH02,UPSIDE,FV_UPSIDE_202305,3210,91870200.0,54587418.22,3368203.31,245416.5,FROZEN,true,2023-06-01,true,ASSUMPTION,-6
2023-04-01,2023-05-01,SKU006,CH02,DOWNSIDE,FV_DOWNSIDE_202305,2880,82425600.0,58333613.59,3435567.38,270459.0,FROZEN,true,2023-06-01,true,ASSUMPTION,14
2023-04-01,2023-05-01,SKU007,CH02,BASE,FV_BASE_202305,5150,113001300.0,93131039.81,4303815.34,319987.5,FROZEN,true,2023-06-01,true,ASSUMPTION,0
2023-04-01,2023-05-01,SKU007,CH02,UPSIDE,FV_UPSIDE_202305,5350,117389700.0,91340058.27,4303815.34,313587.75,FROZEN,true,2023-06-01,true,ASSUMPTION,-6
2023-04-01,2023-05-01,SKU007,CH02,DOWNSIDE,FV_DOWNSIDE_202305,4800,105321600.0,97608493.65,4389891.65,345586.5,FROZEN,true,2023-06-01,true,ASSUMPTION,14
2023-04-01,2023-05-01,SKU008,CH02,BASE,FV_BASE_202305,4120,98262000.0,76566230.36,3742448.12,278250.0,FROZEN,true,2023-06-01,true,ASSUMPTION,0
2023-04-01,2023-05-01,SKU008,CH02,UPSIDE,FV_UPSIDE_202305,4280,102078000.0,75093802.86,3742448.12,272685.0,FROZEN,true,2023-06-01,true,ASSUMPTION,-6
2023-04-01,2023-05-01,SKU008,CH02,DOWNSIDE,FV_DOWNSIDE_202305,3840,91584000.0,80247299.13,3817297.08,300510.0,FROZEN,true,2023-06-01,true,ASSUMPTION,14
2023-04-01,2023-05-01,SKU009,CH02,BASE,FV_BASE_202305,5150,103175100.0,89670835.17,3929570.53,292162.5,FROZEN,true,2023-06-01,true,ASSUMPTION,0
2023-04-01,2023-05-01,SKU009,CH02,UPSIDE,FV_UPSIDE_202305,5350,107181900.0,87946396.03,3929570.53,286319.25,FROZEN,true,2023-06-01,true,ASSUMPTION,-6
2023-04-01,2023-05-01,SKU009,CH02,DOWNSIDE,FV_DOWNSIDE_202305,4800,96163200.0,93981933.01,4008161.94,315535.5,FROZEN,true,2023-06-01,true,ASSUMPTION,14
2023-04-01,2023-05-01,SKU010,CH02,BASE,FV_BASE_202305,4120,94331520.0,70676520.34,3592750.2,267120.0,FROZEN,true,2023-06-01,true,ASSUMPTION,0
2023-04-01,2023-05-01,SKU010,CH02,UPSIDE,FV_UPSIDE_202305,4280,97994880.0,69317356.48,3592750.2,261777.6,FROZEN,true,2023-06-01,true,ASSUMPTION,-6
2023-04-01,2023-05-01,SKU010,CH02,DOWNSIDE,FV_DOWNSIDE_202305,3840,87920640.0,74074429.97,3664605.2,288489.6,FROZEN,true,2023-06-01,true,ASSUMPTION,14
2023-04-01,2023-05-01,SKU011,CH02,BASE,FV_BASE_202305,2060,68783400.0,30920977.64,2619713.69,194775.0,FROZEN,true,2023-06-01,true,ASSUMPTION,0
2023-04-01,2023-05-01,SKU011,CH02,UPSIDE,FV_UPSIDE_202305,2140,71454600.0,30326343.46,2619713.69,190879.5,FROZEN,true,2023-06-01,true,ASSUMPTION,-6
2023-04-01,2023-05-01,SKU011,CH02,DOWNSIDE,FV_DOWNSIDE_202305,1920,64108800.0,32407563.1,2672107.96,210357.0,FROZEN,true,2023-06-01,true,ASSUMPTION,14
2023-04-01,2023-05-01,SKU012,CH02,BASE,FV_BASE_202305,3090,85487940.0,49959465.31,3255929.87,242077.5,FROZEN,true,2023-06-01,true,ASSUMPTION,0
2023-04-01,2023-05-01,SKU012,CH02,UPSIDE,FV_UPSIDE_202305,3210,88807860.0,48998706.36,3255929.87,237235.95,FROZEN,true,2023-06-01,true,ASSUMPTION,-6
2023-04-01,2023-05-01,SKU012,CH02,DOWNSIDE,FV_DOWNSIDE_202305,2880,79678080.0,52361362.68,3321048.47,261443.7,FROZEN,true,2023-06-01,true,ASSUMPTION,14
2023-04-01,2023-05-01,SKU001,CH03,BASE,FV_BASE_202305,4120,118651880.0,73556769.57,2986701.26,335988.33,FROZEN,true,2023-06-01,true,ASSUMPTION,0
2023-04-01,2023-05-01,SKU001,CH03,UPSIDE,FV_UPSIDE_202305,4280,123259720.0,72142216.31,2986701.26,329268.57,FROZEN,true,2023-06-01,true,ASSUMPTION,-6
2023-04-01,2023-05-01,SKU001,CH03,DOWNSIDE,FV_DOWNSIDE_202305,3840,110588160.0,77093152.72,3046435.29,362867.4,FROZEN,true,2023-06-01,true,ASSUMPTION,14
2023-04-01,2023-05-01,SKU002,CH03,BASE,FV_BASE_202305,3090,103341960.0,57659016.15,2601320.45,292635.0,FROZEN,true,2023-06-01,true,ASSUMPTION,0
2023-04-01,2023-05-01,SKU002,CH03,UPSIDE,FV_UPSIDE_202305,3210,107355240.0,56550188.91,2601320.45,286782.3,FROZEN,true,2023-06-01,true,ASSUMPTION,-6
2023-04-01,2023-05-01,SKU002,CH03,DOWNSIDE,FV_DOWNSIDE_202305,2880,96318720.0,60431084.23,2653346.86,316045.8,FROZEN,true,2023-06-01,true,ASSUMPTION,14
2023-04-01,2023-05-01,SKU003,CH03,BASE,FV_BASE_202305,2060,61239680.0,36066545.08,1541523.23,173413.33,FROZEN,true,2023-06-01,true,ASSUMPTION,0
2023-04-01,2023-05-01,SKU003,CH03,UPSIDE,FV_UPSIDE_202305,2140,63617920.0,35372957.68,1541523.23,169945.07,FROZEN,true,2023-06-01,true,ASSUMPTION,-6
2023-04-01,2023-05-01,SKU003,CH03,DOWNSIDE,FV_DOWNSIDE_202305,1920,57077760.0,37800513.59,1572353.69,187286.4,FROZEN,true,2023-06-01,true,ASSUMPTION,14
2023-04-01,2023-05-01,SKU004,CH03,BASE,FV_BASE_202305,3090,80377080.0,54811657.33,2023249.24,227605.0,FROZEN,true,2023-06-01,true,ASSUMPTION,0
2023-04-01,2023-05-01,SKU004,CH03,UPSIDE,FV_UPSIDE_202305,3210,83498520.0,53757586.99,2023249.24,223052.9,FROZEN,true,2023-06-01,true,ASSUMPTION,-6
2023-04-01,2023-05-01,SKU004,CH03,DOWNSIDE,FV_DOWNSIDE_202305,2880,74914560.0,57446833.16,2063714.22,245813.4,FROZEN,true,2023-06-01,true,ASSUMPTION,14
2023-04-01,2023-05-01,SKU005,CH03,BASE,FV_BASE_202305,3090,77506470.0,55256557.14,1950990.34,219476.25,FROZEN,true,2023-06-01,true,ASSUMPTION,0
2023-04-01,2023-05-01,SKU005,CH03,UPSIDE,FV_UPSIDE_202305,3210,80516430.0,54193931.04,1950990.34,215086.73,FROZEN,true,2023-06-01,true,ASSUMPTION,-6
2023-04-01,2023-05-01,SKU005,CH03,DOWNSIDE,FV_DOWNSIDE_202305,2880,72239040.0,57913122.38,1990010.15,237034.35,FROZEN,true,2023-06-01,true,ASSUMPTION,14
2023-04-01,2023-05-01,SKU006,CH03,BASE,FV_BASE_202305,2060,57412200.0,37371584.54,1445178.03,162575.0,FROZEN,true,2023-06-01,true,ASSUMPTION,0
2023-04-01,2023-05-01,SKU006,CH03,UPSIDE,FV_UPSIDE_202305,2140,59641800.0,36652900.22,1445178.03,159323.5,FROZEN,true,2023-06-01,true,ASSUMPTION,-6
2023-04-01,2023-05-01,SKU006,CH03,DOWNSIDE,FV_DOWNSIDE_202305,1920,53510400.0,39168295.33,1474081.59,175581.0,FROZEN,true,2023-06-01,true,ASSUMPTION,14
2023-04-01,2023-05-01,SKU007,CH03,BASE,FV_BASE_202305,4120,88032040.0,75039768.96,2215939.64,249281.67,FROZEN,true,2023-06-01,true,ASSUMPTION,0
2023-04-01,2023-05-01,SKU007,CH03,UPSIDE,FV_UPSIDE_202305,4280,91450760.0,73596696.48,2215939.64,244296.03,FROZEN,true,2023-06-01,true,ASSUMPTION,-6
2023-04-01,2023-05-01,SKU007,CH03,DOWNSIDE,FV_DOWNSIDE_202305,3840,82049280.0,78647450.16,2260258.43,269224.2,FROZEN,true,2023-06-01,true,ASSUMPTION,14
2023-04-01,2023-05-01,SKU008,CH03,BASE,FV_BASE_202305,3090,71765250.0,57836976.07,1806472.53,203218.75,FROZEN,true,2023-06-01,true,ASSUMPTION,0
2023-04-01,2023-05-01,SKU008,CH03,UPSIDE,FV_UPSIDE_202305,3210,74552250.0,56724726.53,1806472.53,199154.38,FROZEN,true,2023-06-01,true,ASSUMPTION,-6
2023-04-01,2023-05-01,SKU008,CH03,DOWNSIDE,FV_DOWNSIDE_202305,2880,66888000.0,60617599.92,1842601.98,219476.25,FROZEN,true,2023-06-01,true,ASSUMPTION,14
2023-04-01,2023-05-01,SKU009,CH03,BASE,FV_BASE_202305,4120,80377080.0,72251730.11,2023249.24,227605.0,FROZEN,true,2023-06-01,true,ASSUMPTION,0
2023-04-01,2023-05-01,SKU009,CH03,UPSIDE,FV_UPSIDE_202305,4280,83498520.0,70862273.76,2023249.24,223052.9,FROZEN,true,2023-06-01,true,ASSUMPTION,-6
2023-04-01,2023-05-01,SKU009,CH03,DOWNSIDE,FV_DOWNSIDE_202305,3840,74914560.0,75725370.98,2063714.22,245813.4,FROZEN,true,2023-06-01,true,ASSUMPTION,14
2023-04-01,2023-05-01,SKU010,CH03,BASE,FV_BASE_202305,3090,68894640.0,53387977.92,1734213.63,195090.0,FROZEN,true,2023-06-01,true,ASSUMPTION,0
2023-04-01,2023-05-01,SKU010,CH03,UPSIDE,FV_UPSIDE_202305,3210,71570160.0,52361286.03,1734213.63,191188.2,FROZEN,true,2023-06-01,true,ASSUMPTION,-6
2023-04-01,2023-05-01,SKU010,CH03,DOWNSIDE,FV_DOWNSIDE_202305,2880,64212480.0,55954707.62,1768897.9,210697.2,FROZEN,true,2023-06-01,true,ASSUMPTION,14
2023-04-01,2023-05-01,SKU011,CH03,BASE,FV_BASE_202305,2060,66980900.0,31142987.12,1686041.03,189670.83,FROZEN,true,2023-06-01,true,ASSUMPTION,0
2023-04-01,2023-05-01,SKU011,CH03,UPSIDE,FV_UPSIDE_202305,2140,69582100.0,30544083.52,1686041.03,185877.42,FROZEN,true,2023-06-01,true,ASSUMPTION,-6
2023-04-01,2023-05-01,SKU011,CH03,DOWNSIDE,FV_DOWNSIDE_202305,1920,62428800.0,32640246.11,1719761.85,204844.5,FROZEN,true,2023-06-01,true,ASSUMPTION,14
2023-04-01,2023-05-01,SKU012,CH03,BASE,FV_BASE_202305,2060,55498460.0,33545446.14,1397005.43,157155.83,FROZEN,true,2023-06-01,true,ASSUMPTION,0
2023-04-01,2023-05-01,SKU012,CH03,UPSIDE,FV_UPSIDE_202305,2140,57653740.0,32900341.4,1397005.43,154012.72,FROZEN,true,2023-06-01,true,ASSUMPTION,-6
2023-04-01,2023-05-01,SKU012,CH03,DOWNSIDE,FV_DOWNSIDE_202305,1920,51726720.0,35158207.97,1424945.54,169728.3,FROZEN,true,2023-06-01,true,ASSUMPTION,14
2023-04-01,2023-05-01,SKU001,CH04,BASE,FV_BASE_202305,2060,60156120.0,36684761.32,1587720.0,170345.0,FROZEN,true,2023-06-01,true,ASSUMPTION,0
2023-04-01,2023-05-01,SKU001,CH04,UPSIDE,FV_UPSIDE_202305,2140,62492280.0,35979285.14,1587720.0,166938.1,FROZEN,true,2023-06-01,true,ASSUMPTION,-6
2023-04-01,2023-05-01,SKU001,CH04,DOWNSIDE,FV_DOWNSIDE_202305,1920,56067840.0,38448451.77,1619474.4,183972.6,FROZEN,true,2023-06-01,true,ASSUMPTION,14
2023-04-01,2023-05-01,SKU002,CH04,BASE,FV_BASE_202305,1030,34929360.0,19170746.23,921901.94,98910.0,FROZEN,true,2023-06-01,true,ASSUMPTION,0
2023-04-01,2023-05-01,SKU002,CH04,UPSIDE,FV_UPSIDE_202305,1070,36285840.0,18802078.04,921901.94,96931.8,FROZEN,true,2023-06-01,true,ASSUMPTION,-6
2023-04-01,2023-05-01,SKU002,CH04,DOWNSIDE,FV_DOWNSIDE_202305,960,32555520.0,20092416.73,940339.98,106822.8,FROZEN,true,2023-06-01,true,ASSUMPTION,14
2023-04-01,2023-05-01,SKU003,CH04,BASE,FV_BASE_202305,1030,31048320.0,17987366.84,819468.39,87920.0,FROZEN,true,2023-06-01,true,ASSUMPTION,0
2023-04-01,2023-05-01,SKU003,CH04,UPSIDE,FV_UPSIDE_202305,1070,32254080.0,17641455.94,819468.39,86161.6,FROZEN,true,2023-06-01,true,ASSUMPTION,-6
2023-04-01,2023-05-01,SKU003,CH04,DOWNSIDE,FV_DOWNSIDE_202305,960,28938240.0,18852144.09,835857.76,94953.6,FROZEN,true,2023-06-01,true,ASSUMPTION,14
2023-04-01,2023-05-01,SKU004,CH04,BASE,FV_BASE_202305,2060,54334560.0,36448085.44,1434069.68,153860.0,FROZEN,true,2023-06-01,true,ASSUMPTION,0
2023-04-01,2023-05-01,SKU004,CH04,UPSIDE,FV_UPSIDE_202305,2140,56444640.0,35747160.72,1434069.68,150782.8,FROZEN,true,2023-06-01,true,ASSUMPTION,-6
2023-04-01,2023-05-01,SKU004,CH04,DOWNSIDE,FV_DOWNSIDE_202305,1920,50641920.0,38200397.24,1462751.07,166168.8,FROZEN,true,2023-06-01,true,ASSUMPTION,14
2023-04-01,2023-05-01,SKU005,CH04,BASE,FV_BASE_202305,2060,52394040.0,36743930.29,1382852.9,148365.0,FROZEN,true,2023-06-01,true,ASSUMPTION,0
2023-04-01,2023-05-01,SKU005,CH04,UPSIDE,FV_UPSIDE_202305,2140,54428760.0,36037316.24,1382852.9,145397.7,FROZEN,true,2023-06-01,true,ASSUMPTION,-6
2023-04-01,2023-05-01,SKU005,CH04,DOWNSIDE,FV_DOWNSIDE_202305,1920,48833280.0,38510465.4,1410509.96,160234.2,FROZEN,true,2023-06-01,true,ASSUMPTION,14
2023-04-01,2023-05-01,SKU006,CH04,BASE,FV_BASE_202305,1030,29107800.0,18638225.51,768251.61,82425.0,FROZEN,true,2023-06-01,true,ASSUMPTION,0
2023-04-01,2023-05-01,SKU006,CH04,UPSIDE,FV_UPSIDE_202305,1070,30238200.0,18279798.09,768251.61,80776.5,FROZEN,true,2023-06-01,true,ASSUMPTION,-6
2023-04-01,2023-05-01,SKU006,CH04,DOWNSIDE,FV_DOWNSIDE_202305,960,27129600.0,19534294.04,783616.64,89019.0,FROZEN,true,2023-06-01,true,ASSUMPTION,14
2023-04-01,2023-05-01,SKU007,CH04,BASE,FV_BASE_202305,2060,44631960.0,37424373.44,1177985.81,126385.0,FROZEN,true,2023-06-01,true,ASSUMPTION,0
2023-04-01,2023-05-01,SKU007,CH04,UPSIDE,FV_UPSIDE_202305,2140,46365240.0,36704673.95,1177985.81,123857.3,FROZEN,true,2023-06-01,true,ASSUMPTION,-6
2023-04-01,2023-05-01,SKU007,CH04,DOWNSIDE,FV_DOWNSIDE_202305,1920,41598720.0,39223622.16,1201545.53,136495.8,FROZEN,true,2023-06-01,true,ASSUMPTION,14
2023-04-01,2023-05-01,SKU008,CH04,BASE,FV_BASE_202305,2060,48513000.0,38459830.42,1280419.35,137375.0,FROZEN,true,2023-06-01,true,ASSUMPTION,0
2023-04-01,2023-05-01,SKU008,CH04,UPSIDE,FV_UPSIDE_202305,2140,50397000.0,37720218.29,1280419.35,134627.5,FROZEN,true,2023-06-01,true,ASSUMPTION,-6
2023-04-01,2023-05-01,SKU008,CH04,DOWNSIDE,FV_DOWNSIDE_202305,1920,45216000.0,40308860.73,1306027.74,148365.0,FROZEN,true,2023-06-01,true,ASSUMPTION,14
2023-04-01,2023-05-01,SKU009,CH04,BASE,FV_BASE_202305,2060,40750920.0,36033902.65,1075552.26,115395.0,FROZEN,true,2023-06-01,true,ASSUMPTION,0
2023-04-01,2023-05-01,SKU009,CH04,UPSIDE,FV_UPSIDE_202305,2140,42333480.0,35340942.99,1075552.26,113087.1,FROZEN,true,2023-06-01,true,ASSUMPTION,-6
2023-04-01,2023-05-01,SKU009,CH04,DOWNSIDE,FV_DOWNSIDE_202305,1920,37981440.0,37766301.82,1097063.31,124626.6,FROZEN,true,2023-06-01,true,ASSUMPTION,14
2023-04-01,2023-05-01,SKU010,CH04,BASE,FV_BASE_202305,1030,23286240.0,17750690.96,614601.29,65940.0,FROZEN,true,2023-06-01,true,ASSUMPTION,0
2023-04-01,2023-05-01,SKU010,CH04,UPSIDE,FV_UPSIDE_202305,1070,24190560.0,17409331.52,614601.29,64621.2,FROZEN,true,2023-06-01,true,ASSUMPTION,-6
2023-04-01,2023-05-01,SKU010,CH04,DOWNSIDE,FV_DOWNSIDE_202305,960,21703680.0,18604089.57,626893.32,71215.2,FROZEN,true,2023-06-01,true,ASSUMPTION,14
2023-04-01,2023-05-01,SKU011,CH04,BASE,FV_BASE_202305,1030,33959100.0,15531854.59,896293.55,96162.5,FROZEN,true,2023-06-01,true,ASSUMPTION,0
2023-04-01,2023-05-01,SKU011,CH04,UPSIDE,FV_UPSIDE_202305,1070,35277900.0,15233165.08,896293.55,94239.25,FROZEN,true,2023-06-01,true,ASSUMPTION,-6
2023-04-01,2023-05-01,SKU011,CH04,DOWNSIDE,FV_DOWNSIDE_202305,960,31651200.0,16278578.37,914219.42,103855.5,FROZEN,true,2023-06-01,true,ASSUMPTION,14
2023-04-01,2023-05-01,SKU012,CH04,BASE,FV_BASE_202305,1030,28137540.0,16730026.23,742643.23,79677.5,FROZEN,true,2023-06-01,true,ASSUMPTION,0
2023-04-01,2023-05-01,SKU012,CH04,UPSIDE,FV_UPSIDE_202305,1070,29230260.0,16408294.95,742643.23,78083.95,FROZEN,true,2023-06-01,true,ASSUMPTION,-6
2023-04-01,2023-05-01,SKU012,CH04,DOWNSIDE,FV_DOWNSIDE_202305,960,26225280.0,17534354.41,757496.09,86051.7,FROZEN,true,2023-06-01,true,ASSUMPTION,14
2023-04-01,2023-05-01,SKU001,CH05,BASE,FV_BASE_202305,2060,60922440.0,37702497.8,1607161.47,172515.0,FROZEN,true,2023-06-01,true,ASSUMPTION,0
2023-04-01,2023-05-01,SKU001,CH05,UPSIDE,FV_UPSIDE_202305,2140,63288360.0,36977449.76,1607161.47,169064.7,FROZEN,true,2023-06-01,true,ASSUMPTION,-6
2023-04-01,2023-05-01,SKU001,CH05,DOWNSIDE,FV_DOWNSIDE_202305,1920,56782080.0,39515117.89,1639304.7,186316.2,FROZEN,true,2023-06-01,true,ASSUMPTION,14
2023-04-01,2023-05-01,SKU002,CH05,BASE,FV_BASE_202305,2060,70748640.0,39405191.25,1866381.06,200340.0,FROZEN,true,2023-06-01,true,ASSUMPTION,0
2023-04-01,2023-05-01,SKU002,CH05,UPSIDE,FV_UPSIDE_202305,2140,73496160.0,38647399.11,1866381.06,196333.2,FROZEN,true,2023-06-01,true,ASSUMPTION,-6
2023-04-01,2023-05-01,SKU002,CH05,DOWNSIDE,FV_DOWNSIDE_202305,1920,65940480.0,41299671.6,1903708.68,216367.2,FROZEN,true,2023-06-01,true,ASSUMPTION,14
2023-04-01,2023-05-01,SKU003,CH05,BASE,FV_BASE_202305,2060,62887680.0,36972772.04,1659005.39,178080.0,FROZEN,true,2023-06-01,true,ASSUMPTION,0
2023-04-01,2023-05-01,SKU003,CH05,UPSIDE,FV_UPSIDE_202305,2140,65329920.0,36261757.2,1659005.39,174518.4,FROZEN,true,2023-06-01,true,ASSUMPTION,-6
2023-04-01,2023-05-01,SKU003,CH05,DOWNSIDE,FV_DOWNSIDE_202305,1920,58613760.0,38750309.16,1692185.5,192326.4,FROZEN,true,2023-06-01,true,ASSUMPTION,14
2023-04-01,2023-05-01,SKU004,CH05,BASE,FV_BASE_202305,2060,55026720.0,37459255.88,1451629.71,155820.0,FROZEN,true,2023-06-01,true,ASSUMPTION,0
2023-04-01,2023-05-01,SKU004,CH05,UPSIDE,FV_UPSIDE_202305,2140,57163680.0,36738885.58,1451629.71,152703.6,FROZEN,true,2023-06-01,true,ASSUMPTION,-6
2023-04-01,2023-05-01,SKU004,CH05,DOWNSIDE,FV_DOWNSIDE_202305,1920,51287040.0,39260181.64,1480662.3,168285.6,FROZEN,true,2023-06-01,true,ASSUMPTION,14
2023-04-01,2023-05-01,SKU005,CH05,BASE,FV_BASE_202305,2060,53061480.0,37763308.28,1399785.8,150255.0,FROZEN,true,2023-06-01,true,ASSUMPTION,0
2023-04-01,2023-05-01,SKU005,CH05,UPSIDE,FV_UPSIDE_202305,2140,55122120.0,37037090.82,1399785.8,147249.9,FROZEN,true,2023-06-01,true,ASSUMPTION,-6
2023-04-01,2023-05-01,SKU005,CH05,DOWNSIDE,FV_DOWNSIDE_202305,1920,49455360.0,39578851.95,1427781.52,162275.4,FROZEN,true,2023-06-01,true,ASSUMPTION,14
2023-04-01,2023-05-01,SKU006,CH05,BASE,FV_BASE_202305,1030,29478600.0,19155301.31,777658.78,83475.0,FROZEN,true,2023-06-01,true,ASSUMPTION,0
2023-04-01,2023-05-01,SKU006,CH05,UPSIDE,FV_UPSIDE_202305,1070,30623400.0,18786930.13,777658.78,81805.5,FROZEN,true,2023-06-01,true,ASSUMPTION,-6
2023-04-01,2023-05-01,SKU006,CH05,DOWNSIDE,FV_DOWNSIDE_202305,960,27475200.0,20076229.26,793211.96,90153.0,FROZEN,true,2023-06-01,true,ASSUMPTION,14
2023-04-01,2023-05-01,SKU007,CH05,BASE,FV_BASE_202305,2060,45200520.0,38462628.81,1192410.12,127995.0,FROZEN,true,2023-06-01,true,ASSUMPTION,0
2023-04-01,2023-05-01,SKU007,CH05,UPSIDE,FV_UPSIDE_202305,2140,46955880.0,37722962.87,1192410.12,125435.1,FROZEN,true,2023-06-01,true,ASSUMPTION,-6
2023-04-01,2023-05-01,SKU007,CH05,DOWNSIDE,FV_DOWNSIDE_202305,1920,42128640.0,40311793.65,1216258.32,138234.6,FROZEN,true,2023-06-01,true,ASSUMPTION,14
2023-04-01,2023-05-01,SKU008,CH05,BASE,FV_BASE_202305,2060,49131000.0,39526812.22,1296097.96,139125.0,FROZEN,true,2023-06-01,true,ASSUMPTION,0
2023-04-01,2023-05-01,SKU008,CH05,UPSIDE,FV_UPSIDE_202305,2140,51039000.0,38766681.21,1296097.96,136342.5,FROZEN,true,2023-06-01,true,ASSUMPTION,-6
2023-04-01,2023-05-01,SKU008,CH05,DOWNSIDE,FV_DOWNSIDE_202305,1920,45792000.0,41427139.73,1322019.92,150255.0,FROZEN,true,2023-06-01,true,ASSUMPTION,14
2023-04-01,2023-05-01,SKU009,CH05,BASE,FV_BASE_202305,2060,41270040.0,37033582.52,1088722.29,116865.0,FROZEN,true,2023-06-01,true,ASSUMPTION,0
2023-04-01,2023-05-01,SKU009,CH05,UPSIDE,FV_UPSIDE_202305,2140,42872760.0,36321398.24,1088722.29,114527.7,FROZEN,true,2023-06-01,true,ASSUMPTION,-6
2023-04-01,2023-05-01,SKU009,CH05,DOWNSIDE,FV_DOWNSIDE_202305,1920,38465280.0,38814043.22,1110496.74,126214.2,FROZEN,true,2023-06-01,true,ASSUMPTION,14
2023-04-01,2023-05-01,SKU010,CH05,BASE,FV_BASE_202305,2060,47165760.0,36486288.2,1244254.04,133560.0,FROZEN,true,2023-06-01,true,ASSUMPTION,0
2023-04-01,2023-05-01,SKU010,CH05,UPSIDE,FV_UPSIDE_202305,2140,48997440.0,35784628.81,1244254.04,130888.8,FROZEN,true,2023-06-01,true,ASSUMPTION,-6
2023-04-01,2023-05-01,SKU010,CH05,DOWNSIDE,FV_DOWNSIDE_202305,1920,43960320.0,38240436.67,1269139.12,144244.8,FROZEN,true,2023-06-01,true,ASSUMPTION,14
2023-04-01,2023-05-01,SKU011,CH05,BASE,FV_BASE_202305,1030,34391700.0,15962751.08,907268.57,97387.5,FROZEN,true,2023-06-01,true,ASSUMPTION,0
2023-04-01,2023-05-01,SKU011,CH05,UPSIDE,FV_UPSIDE_202305,1070,35727300.0,15655775.1,907268.57,95439.75,FROZEN,true,2023-06-01,true,ASSUMPTION,-6
2023-04-01,2023-05-01,SKU011,CH05,DOWNSIDE,FV_DOWNSIDE_202305,960,32054400.0,16730191.04,925413.94,105178.5,FROZEN,true,2023-06-01,true,ASSUMPTION,14
2023-04-01,2023-05-01,SKU012,CH05,BASE,FV_BASE_202305,1030,28495980.0,17194163.31,751736.82,80692.5,FROZEN,true,2023-06-01,true,ASSUMPTION,0
2023-04-01,2023-05-01,SKU012,CH05,UPSIDE,FV_UPSIDE_202305,1070,29602620.0,16863506.33,751736.82,79078.65,FROZEN,true,2023-06-01,true,ASSUMPTION,-6
2023-04-01,2023-05-01,SKU012,CH05,DOWNSIDE,FV_DOWNSIDE_202305,960,26559360.0,18020805.78,766771.56,87147.9,FROZEN,true,2023-06-01,true,ASSUMPTION,14
2023-05-01,2023-06-01,SKU001,CH01,BASE,FV_BASE_202306,7210,213228540.0,124896827.58,5371961.08,603802.5,FROZEN,true,2023-07-01,true,ASSUMPTION,0
2023-05-01,2023-06-01,SKU001,CH01,UPSIDE,FV_UPSIDE_202306,7490,221509260.0,122494965.51,5371961.08,591726.45,FROZEN,true,2023-07-01,true,ASSUMPTION,-6
2023-05-01,2023-06-01,SKU001,CH01,DOWNSIDE,FV_DOWNSIDE_202306,6720,198737280.0,130901482.75,5479400.3,652106.7,FROZEN,true,2023-07-01,true,ASSUMPTION,14
2023-05-01,2023-06-01,SKU002,CH01,BASE,FV_BASE_202306,5150,176871600.0,93240949.62,4456004.58,500850.0,FROZEN,true,2023-07-01,true,ASSUMPTION,0
2023-05-01,2023-06-01,SKU002,CH01,UPSIDE,FV_UPSIDE_202306,5350,183740400.0,91447854.44,4456004.58,490833.0,FROZEN,true,2023-07-01,true,ASSUMPTION,-6
2023-05-01,2023-06-01,SKU002,CH01,DOWNSIDE,FV_DOWNSIDE_202306,4800,164851200.0,97723687.58,4545124.67,540918.0,FROZEN,true,2023-07-01,true,ASSUMPTION,14
2023-05-01,2023-06-01,SKU003,CH01,BASE,FV_BASE_202306,4120,125775360.0,69988268.36,3168714.37,356160.0,FROZEN,true,2023-07-01,true,ASSUMPTION,0
2023-05-01,2023-06-01,SKU003,CH01,UPSIDE,FV_UPSIDE_202306,4280,130659840.0,68642340.12,3168714.37,349036.8,FROZEN,true,2023-07-01,true,ASSUMPTION,-6
2023-05-01,2023-06-01,SKU003,CH01,DOWNSIDE,FV_DOWNSIDE_202306,3840,117227520.0,73353088.95,3232088.66,384652.8,FROZEN,true,2023-07-01,true,ASSUMPTION,14
2023-05-01,2023-06-01,SKU004,CH01,BASE,FV_BASE_202306,6180,165080160.0,106363749.94,4158937.61,467460.0,FROZEN,true,2023-07-01,true,ASSUMPTION,0
2023-05-01,2023-06-01,SKU004,CH01,UPSIDE,FV_UPSIDE_202306,6420,171491040.0,104318293.21,4158937.61,458110.8,FROZEN,true,2023-07-01,true,ASSUMPTION,-6
2023-05-01,2023-06-01,SKU004,CH01,DOWNSIDE,FV_DOWNSIDE_202306,5760,153861120.0,111477391.76,4242116.36,504856.8,FROZEN,true,2023-07-01,true,ASSUMPTION,14
2023-05-01,2023-06-01,SKU005,CH01,BASE,FV_BASE_202306,5150,132653700.0,89355910.05,3342003.43,375637.5,FROZEN,true,2023-07-01,true,ASSUMPTION,0
2023-05-01,2023-06-01,SKU005,CH01,UPSIDE,FV_UPSIDE_202306,5350,137805300.0,87637527.17,3342003.43,368124.75,FROZEN,true,2023-07-01,true,ASSUMPTION,-6
2023-05-01,2023-06-01,SKU005,CH01,DOWNSIDE,FV_DOWNSIDE_202306,4800,123638400.0,93651867.27,3408843.5,405688.5,FROZEN,true,2023-07-01,true,ASSUMPTION,14
2023-05-01,2023-06-01,SKU006,CH01,BASE,FV_BASE_202306,4120,117914400.0,72520738.6,2970669.72,333900.0,FROZEN,true,2023-07-01,true,ASSUMPTION,0
2023-05-01,2023-06-01,SKU006,CH01,UPSIDE,FV_UPSIDE_202306,4280,122493600.0,71126109.01,2970669.72,327222.0,FROZEN,true,2023-07-01,true,ASSUMPTION,-6
2023-05-01,2023-06-01,SKU006,CH01,DOWNSIDE,FV_DOWNSIDE_202306,3840,109900800.0,76007312.57,3030083.11,360612.0,FROZEN,true,2023-07-01,true,ASSUMPTION,14
2023-05-01,2023-06-01,SKU007,CH01,BASE,FV_BASE_202306,7210,158201820.0,127414908.78,3985648.54,447982.5,FROZEN,true,2023-07-01,true,ASSUMPTION,0
2023-05-01,2023-06-01,SKU007,CH01,UPSIDE,FV_UPSIDE_202306,7490,164345580.0,124964622.08,3985648.54,439022.85,FROZEN,true,2023-07-01,true,ASSUMPTION,-6
2023-05-01,2023-06-01,SKU007,CH01,DOWNSIDE,FV_DOWNSIDE_202306,6720,147450240.0,133540625.55,4065361.51,483821.1,FROZEN,true,2023-07-01,true,ASSUMPTION,14
2023-05-01,2023-06-01,SKU008,CH01,BASE,FV_BASE_202306,6180,147393000.0,112234476.4,3713337.15,417375.0,FROZEN,true,2023-07-01,true,ASSUMPTION,0
2023-05-01,2023-06-01,SKU008,CH01,UPSIDE,FV_UPSIDE_202306,6420,153117000.0,110076121.09,3713337.15,409027.5,FROZEN,true,2023-07-01,true,ASSUMPTION,-6
2023-05-01,2023-06-01,SKU008,CH01,DOWNSIDE,FV_DOWNSIDE_202306,5760,137376000.0,117630364.69,3787603.89,450765.0,FROZEN,true,2023-07-01,true,ASSUMPTION,14
2023-05-01,2023-06-01,SKU009,CH01,BASE,FV_BASE_202306,7210,144445140.0,122680916.12,3639070.41,409027.5,FROZEN,true,2023-07-01,true,ASSUMPTION,0
2023-05-01,2023-06-01,SKU009,CH01,UPSIDE,FV_UPSIDE_202306,7490,150054660.0,120321667.74,3639070.41,400846.95,FROZEN,true,2023-07-01,true,ASSUMPTION,-6
2023-05-01,2023-06-01,SKU009,CH01,DOWNSIDE,FV_DOWNSIDE_202306,6720,134628480.0,128579037.09,3711851.82,441749.7,FROZEN,true,2023-07-01,true,ASSUMPTION,14
2023-05-01,2023-06-01,SKU010,CH01,BASE,FV_BASE_202306,5150,117914400.0,86334212.61,2970669.72,333900.0,FROZEN,true,2023-07-01,true,ASSUMPTION,0
2023-05-01,2023-06-01,SKU010,CH01,UPSIDE,FV_UPSIDE_202306,5350,122493600.0,84673939.29,2970669.72,327222.0,FROZEN,true,2023-07-01,true,ASSUMPTION,-6
2023-05-01,2023-06-01,SKU010,CH01,DOWNSIDE,FV_DOWNSIDE_202306,4800,109900800.0,90484895.91,3030083.11,360612.0,FROZEN,true,2023-07-01,true,ASSUMPTION,14
2023-05-01,2023-06-01,SKU011,CH01,BASE,FV_BASE_202306,3090,103175100.0,45325461.63,2599336.0,292162.5,FROZEN,true,2023-07-01,true,ASSUMPTION,0
2023-05-01,2023-06-01,SKU011,CH01,UPSIDE,FV_UPSIDE_202306,3210,107181900.0,44453818.13,2599336.0,286319.25,FROZEN,true,2023-07-01,true,ASSUMPTION,-6
2023-05-01,2023-06-01,SKU011,CH01,DOWNSIDE,FV_DOWNSIDE_202306,2880,96163200.0,47504570.36,2651322.72,315535.5,FROZEN,true,2023-07-01,true,ASSUMPTION,14
2023-05-01,2023-06-01,SKU012,CH01,BASE,FV_BASE_202306,4120,113983920.0,65095996.32,2871647.4,322770.0,FROZEN,true,2023-07-01,true,ASSUMPTION,0
2023-05-01,2023-06-01,SKU012,CH01,UPSIDE,FV_UPSIDE_202306,4280,118410480.0,63844150.23,2871647.4,316314.6,FROZEN,true,2023-07-01,true,ASSUMPTION,-6
2023-05-01,2023-06-01,SKU012,CH01,DOWNSIDE,FV_DOWNSIDE_202306,3840,106237440.0,68225611.52,2929080.35,348591.6,FROZEN,true,2023-07-01,true,ASSUMPTION,14
2023-05-01,2023-06-01,SKU001,CH02,BASE,FV_BASE_202306,5150,152306100.0,91421600.56,5809124.66,431287.5,FROZEN,true,2023-07-01,true,ASSUMPTION,0
2023-05-01,2023-06-01,SKU001,CH02,UPSIDE,FV_UPSIDE_202306,5350,158220900.0,89663492.85,5809124.66,422661.75,FROZEN,true,2023-07-01,true,ASSUMPTION,-6
2023-05-01,2023-06-01,SKU001,CH02,DOWNSIDE,FV_DOWNSIDE_202306,4800,141955200.0,95816869.81,5925307.15,465790.5,FROZEN,true,2023-07-01,true,ASSUMPTION,14
2023-05-01,2023-06-01,SKU002,CH02,BASE,FV_BASE_202306,4120,141497280.0,76440254.39,5396864.2,400680.0,FROZEN,true,2023-07-01,true,ASSUMPTION,0
2023-05-01,2023-06-01,SKU002,CH02,UPSIDE,FV_UPSIDE_202306,4280,146992320.0,74970249.5,5396864.2,392666.4,FROZEN,true,2023-07-01,true,ASSUMPTION,-6
2023-05-01,2023-06-01,SKU002,CH02,DOWNSIDE,FV_DOWNSIDE_202306,3840,131880960.0,80115266.62,5504801.48,432734.4,FROZEN,true,2023-07-01,true,ASSUMPTION,14
2023-05-01,2023-06-01,SKU003,CH02,BASE,FV_BASE_202306,3090,94331520.0,53791290.13,3597909.46,267120.0,FROZEN,true,2023-07-01,true,ASSUMPTION,0
2023-05-01,2023-06-01,SKU003,CH02,UPSIDE,FV_UPSIDE_202306,3210,97994880.0,52756842.25,3597909.46,261777.6,FROZEN,true,2023-07-01,true,ASSUMPTION,-6
2023-05-01,2023-06-01,SKU003,CH02,DOWNSIDE,FV_DOWNSIDE_202306,2880,87920640.0,56377409.85,3669867.65,288489.6,FROZEN,true,2023-07-01,true,ASSUMPTION,14
2023-05-01,2023-06-01,SKU004,CH02,BASE,FV_BASE_202306,5150,137566800.0,90831783.78,5246951.3,389550.0,FROZEN,true,2023-07-01,true,ASSUMPTION,0
2023-05-01,2023-06-01,SKU004,CH02,UPSIDE,FV_UPSIDE_202306,5350,142909200.0,89085018.7,5246951.3,381759.0,FROZEN,true,2023-07-01,true,ASSUMPTION,-6
2023-05-01,2023-06-01,SKU004,CH02,DOWNSIDE,FV_DOWNSIDE_202306,4800,128217600.0,95198696.46,5351890.33,420714.0,FROZEN,true,2023-07-01,true,ASSUMPTION,14
2023-05-01,2023-06-01,SKU005,CH02,BASE,FV_BASE_202306,4120,106122960.0,73255243.8,4047648.15,300510.0,FROZEN,true,2023-07-01,true,ASSUMPTION,0
2023-05-01,2023-06-01,SKU005,CH02,UPSIDE,FV_UPSIDE_202306,4280,110244240.0,71846489.11,4047648.15,294499.8,FROZEN,true,2023-07-01,true,ASSUMPTION,-6
2023-05-01,2023-06-01,SKU005,CH02,DOWNSIDE,FV_DOWNSIDE_202306,3840,98910720.0,76777130.52,4128601.11,324550.8,FROZEN,true,2023-07-01,true,ASSUMPTION,14
2023-05-01,2023-06-01,SKU006,CH02,BASE,FV_BASE_202306,3090,88435800.0,55737685.49,3373040.12,250425.0,FROZEN,true,2023-07-01,true,ASSUMPTION,0
2023-05-01,2023-06-01,SKU006,CH02,UPSIDE,FV_UPSIDE_202306,3210,91870200.0,54665806.93,3373040.12,245416.5,FROZEN,true,2023-07-01,true,ASSUMPTION,-6
2023-05-01,2023-06-01,SKU006,CH02,DOWNSIDE,FV_DOWNSIDE_202306,2880,82425600.0,58417381.91,3440500.92,270459.0,FROZEN,true,2023-07-01,true,ASSUMPTION,14
2023-05-01,2023-06-01,SKU007,CH02,BASE,FV_BASE_202306,5150,113001300.0,93264777.99,4309995.71,319987.5,FROZEN,true,2023-07-01,true,ASSUMPTION,0
2023-05-01,2023-06-01,SKU007,CH02,UPSIDE,FV_UPSIDE_202306,5350,117389700.0,91471224.56,4309995.71,313587.75,FROZEN,true,2023-07-01,true,ASSUMPTION,-6
2023-05-01,2023-06-01,SKU007,CH02,DOWNSIDE,FV_DOWNSIDE_202306,4800,105321600.0,97748661.54,4396195.62,345586.5,FROZEN,true,2023-07-01,true,ASSUMPTION,14
2023-05-01,2023-06-01,SKU008,CH02,BASE,FV_BASE_202306,4120,98262000.0,76676181.11,3747822.36,278250.0,FROZEN,true,2023-07-01,true,ASSUMPTION,0
2023-05-01,2023-06-01,SKU008,CH02,UPSIDE,FV_UPSIDE_202306,4280,102078000.0,75201639.16,3747822.36,272685.0,FROZEN,true,2023-07-01,true,ASSUMPTION,-6
2023-05-01,2023-06-01,SKU008,CH02,DOWNSIDE,FV_DOWNSIDE_202306,3840,91584000.0,80362535.97,3822778.81,300510.0,FROZEN,true,2023-07-01,true,ASSUMPTION,14
2023-05-01,2023-06-01,SKU009,CH02,BASE,FV_BASE_202306,5150,103175100.0,89799604.42,3935213.48,292162.5,FROZEN,true,2023-07-01,true,ASSUMPTION,0
2023-05-01,2023-06-01,SKU009,CH02,UPSIDE,FV_UPSIDE_202306,5350,107181900.0,88072688.95,3935213.48,286319.25,FROZEN,true,2023-07-01,true,ASSUMPTION,-6
2023-05-01,2023-06-01,SKU009,CH02,DOWNSIDE,FV_DOWNSIDE_202306,4800,96163200.0,94116893.09,4013917.75,315535.5,FROZEN,true,2023-07-01,true,ASSUMPTION,14
2023-05-01,2023-06-01,SKU010,CH02,BASE,FV_BASE_202306,4120,94331520.0,70778013.33,3597909.46,267120.0,FROZEN,true,2023-07-01,true,ASSUMPTION,0
2023-05-01,2023-06-01,SKU010,CH02,UPSIDE,FV_UPSIDE_202306,4280,97994880.0,69416897.69,3597909.46,261777.6,FROZEN,true,2023-07-01,true,ASSUMPTION,-6
2023-05-01,2023-06-01,SKU010,CH02,DOWNSIDE,FV_DOWNSIDE_202306,3840,87920640.0,74180802.43,3669867.65,288489.6,FROZEN,true,2023-07-01,true,ASSUMPTION,14
2023-05-01,2023-06-01,SKU011,CH02,BASE,FV_BASE_202306,2060,68783400.0,30965380.84,2623475.65,194775.0,FROZEN,true,2023-07-01,true,ASSUMPTION,0
2023-05-01,2023-06-01,SKU011,CH02,UPSIDE,FV_UPSIDE_202306,2140,71454600.0,30369892.74,2623475.65,190879.5,FROZEN,true,2023-07-01,true,ASSUMPTION,-6
2023-05-01,2023-06-01,SKU011,CH02,DOWNSIDE,FV_DOWNSIDE_202306,1920,64108800.0,32454101.07,2675945.16,210357.0,FROZEN,true,2023-07-01,true,ASSUMPTION,14
2023-05-01,2023-06-01,SKU012,CH02,BASE,FV_BASE_202306,3090,85487940.0,50031208.17,3260605.45,242077.5,FROZEN,true,2023-07-01,true,ASSUMPTION,0
2023-05-01,2023-06-01,SKU012,CH02,UPSIDE,FV_UPSIDE_202306,3210,88807860.0,49069069.55,3260605.45,237235.95,FROZEN,true,2023-07-01,true,ASSUMPTION,-6
2023-05-01,2023-06-01,SKU012,CH02,DOWNSIDE,FV_DOWNSIDE_202306,2880,79678080.0,52436554.71,3325817.56,261443.7,FROZEN,true,2023-07-01,true,ASSUMPTION,14
2023-05-01,2023-06-01,SKU001,CH03,BASE,FV_BASE_202306,4120,118651880.0,74094014.29,3008515.56,335988.33,FROZEN,true,2023-07-01,true,ASSUMPTION,0
2023-05-01,2023-06-01,SKU001,CH03,UPSIDE,FV_UPSIDE_202306,4280,123259720.0,72669129.4,3008515.56,329268.57,FROZEN,true,2023-07-01,true,ASSUMPTION,-6
2023-05-01,2023-06-01,SKU001,CH03,DOWNSIDE,FV_DOWNSIDE_202306,3840,110588160.0,77656226.52,3068685.87,362867.4,FROZEN,true,2023-07-01,true,ASSUMPTION,14
2023-05-01,2023-06-01,SKU002,CH03,BASE,FV_BASE_202306,3090,103341960.0,58080146.69,2620320.0,292635.0,FROZEN,true,2023-07-01,true,ASSUMPTION,0
2023-05-01,2023-06-01,SKU002,CH03,UPSIDE,FV_UPSIDE_202306,3210,107355240.0,56963220.79,2620320.0,286782.3,FROZEN,true,2023-07-01,true,ASSUMPTION,-6
2023-05-01,2023-06-01,SKU002,CH03,DOWNSIDE,FV_DOWNSIDE_202306,2880,96318720.0,60872461.43,2672726.4,316045.8,FROZEN,true,2023-07-01,true,ASSUMPTION,14
2023-05-01,2023-06-01,SKU003,CH03,BASE,FV_BASE_202306,2060,61239680.0,36329968.29,1552782.22,173413.33,FROZEN,true,2023-07-01,true,ASSUMPTION,0
2023-05-01,2023-06-01,SKU003,CH03,UPSIDE,FV_UPSIDE_202306,2140,63617920.0,35631315.06,1552782.22,169945.07,FROZEN,true,2023-07-01,true,ASSUMPTION,-6
2023-05-01,2023-06-01,SKU003,CH03,DOWNSIDE,FV_DOWNSIDE_202306,1920,57077760.0,38076601.38,1583837.86,187286.4,FROZEN,true,2023-07-01,true,ASSUMPTION,14
2023-05-01,2023-06-01,SKU004,CH03,BASE,FV_BASE_202306,3090,80377080.0,55211991.3,2038026.67,227605.0,FROZEN,true,2023-07-01,true,ASSUMPTION,0
2023-05-01,2023-06-01,SKU004,CH03,UPSIDE,FV_UPSIDE_202306,3210,83498520.0,54150222.23,2038026.67,223052.9,FROZEN,true,2023-07-01,true,ASSUMPTION,-6
2023-05-01,2023-06-01,SKU004,CH03,DOWNSIDE,FV_DOWNSIDE_202306,2880,74914560.0,57866413.96,2078787.2,245813.4,FROZEN,true,2023-07-01,true,ASSUMPTION,14
2023-05-01,2023-06-01,SKU005,CH03,BASE,FV_BASE_202306,3090,77506470.0,55660140.57,1965240.0,219476.25,FROZEN,true,2023-07-01,true,ASSUMPTION,0
2023-05-01,2023-06-01,SKU005,CH03,UPSIDE,FV_UPSIDE_202306,3210,80516430.0,54589753.25,1965240.0,215086.73,FROZEN,true,2023-07-01,true,ASSUMPTION,-6
2023-05-01,2023-06-01,SKU005,CH03,DOWNSIDE,FV_DOWNSIDE_202306,2880,72239040.0,58336108.86,2004544.8,237034.35,FROZEN,true,2023-07-01,true,ASSUMPTION,14
2023-05-01,2023-06-01,SKU006,CH03,BASE,FV_BASE_202306,2060,57412200.0,37644539.51,1455733.33,162575.0,FROZEN,true,2023-07-01,true,ASSUMPTION,0
2023-05-01,2023-06-01,SKU006,CH03,UPSIDE,FV_UPSIDE_202306,2140,59641800.0,36920606.06,1455733.33,159323.5,FROZEN,true,2023-07-01,true,ASSUMPTION,-6
2023-05-01,2023-06-01,SKU006,CH03,DOWNSIDE,FV_DOWNSIDE_202306,1920,53510400.0,39454373.14,1484848.0,175581.0,FROZEN,true,2023-07-01,true,ASSUMPTION,14
2023-05-01,2023-06-01,SKU007,CH03,BASE,FV_BASE_202306,4120,88032040.0,75587845.23,2232124.44,249281.67,FROZEN,true,2023-07-01,true,ASSUMPTION,0
2023-05-01,2023-06-01,SKU007,CH03,UPSIDE,FV_UPSIDE_202306,4280,91450760.0,74134232.82,2232124.44,244296.03,FROZEN,true,2023-07-01,true,ASSUMPTION,-6
2023-05-01,2023-06-01,SKU007,CH03,DOWNSIDE,FV_DOWNSIDE_202306,3840,82049280.0,79221876.25,2276766.93,269224.2,FROZEN,true,2023-07-01,true,ASSUMPTION,14
2023-05-01,2023-06-01,SKU008,CH03,BASE,FV_BASE_202306,3090,71765250.0,58259406.4,1819666.67,203218.75,FROZEN,true,2023-07-01,true,ASSUMPTION,0
2023-05-01,2023-06-01,SKU008,CH03,UPSIDE,FV_UPSIDE_202306,3210,74552250.0,57139033.2,1819666.67,199154.38,FROZEN,true,2023-07-01,true,ASSUMPTION,-6
2023-05-01,2023-06-01,SKU008,CH03,DOWNSIDE,FV_DOWNSIDE_202306,2880,66888000.0,61060339.4,1856060.0,219476.25,FROZEN,true,2023-07-01,true,ASSUMPTION,14
2023-05-01,2023-06-01,SKU009,CH03,BASE,FV_BASE_202306,4120,80377080.0,72779443.07,2038026.67,227605.0,FROZEN,true,2023-07-01,true,ASSUMPTION,0
2023-05-01,2023-06-01,SKU009,CH03,UPSIDE,FV_UPSIDE_202306,4280,83498520.0,71379838.39,2038026.67,223052.9,FROZEN,true,2023-07-01,true,ASSUMPTION,-6
2023-05-01,2023-06-01,SKU009,CH03,DOWNSIDE,FV_DOWNSIDE_202306,3840,74914560.0,76278454.75,2078787.2,245813.4,FROZEN,true,2023-07-01,true,ASSUMPTION,14
2023-05-01,2023-06-01,SKU010,CH03,BASE,FV_BASE_202306,3090,68894640.0,53777913.59,1746880.0,195090.0,FROZEN,true,2023-07-01,true,ASSUMPTION,0
2023-05-01,2023-06-01,SKU010,CH03,UPSIDE,FV_UPSIDE_202306,3210,71570160.0,52743722.95,1746880.0,191188.2,FROZEN,true,2023-07-01,true,ASSUMPTION,-6
2023-05-01,2023-06-01,SKU010,CH03,DOWNSIDE,FV_DOWNSIDE_202306,2880,64212480.0,56363390.21,1781817.6,210697.2,FROZEN,true,2023-07-01,true,ASSUMPTION,14
2023-05-01,2023-06-01,SKU011,CH03,BASE,FV_BASE_202306,2060,66980900.0,31370449.59,1698355.56,189670.83,FROZEN,true,2023-07-01,true,ASSUMPTION,0
2023-05-01,2023-06-01,SKU011,CH03,UPSIDE,FV_UPSIDE_202306,2140,69582100.0,30767171.72,1698355.56,185877.42,FROZEN,true,2023-07-01,true,ASSUMPTION,-6
2023-05-01,2023-06-01,SKU011,CH03,DOWNSIDE,FV_DOWNSIDE_202306,1920,62428800.0,32878644.29,1732322.67,204844.5,FROZEN,true,2023-07-01,true,ASSUMPTION,14
2023-05-01,2023-06-01,SKU012,CH03,BASE,FV_BASE_202306,2060,55498460.0,33790455.71,1407208.89,157155.83,FROZEN,true,2023-07-01,true,ASSUMPTION,0
2023-05-01,2023-06-01,SKU012,CH03,UPSIDE,FV_UPSIDE_202306,2140,57653740.0,33140639.26,1407208.89,154012.72,FROZEN,true,2023-07-01,true,ASSUMPTION,-6
2023-05-01,2023-06-01,SKU012,CH03,DOWNSIDE,FV_DOWNSIDE_202306,1920,51726720.0,35414996.85,1435353.07,169728.3,FROZEN,true,2023-07-01,true,ASSUMPTION,14
2023-05-01,2023-06-01,SKU001,CH04,BASE,FV_BASE_202306,2060,60156120.0,36737441.43,1590000.0,170345.0,FROZEN,true,2023-07-01,true,ASSUMPTION,0
2023-05-01,2023-06-01,SKU001,CH04,UPSIDE,FV_UPSIDE_202306,2140,62492280.0,36030952.17,1590000.0,166938.1,FROZEN,true,2023-07-01,true,ASSUMPTION,-6
2023-05-01,2023-06-01,SKU001,CH04,DOWNSIDE,FV_DOWNSIDE_202306,1920,56067840.0,38503664.57,1621800.0,183972.6,FROZEN,true,2023-07-01,true,ASSUMPTION,14
2023-05-01,2023-06-01,SKU002,CH04,BASE,FV_BASE_202306,1030,34929360.0,19198275.84,923225.81,98910.0,FROZEN,true,2023-07-01,true,ASSUMPTION,0
2023-05-01,2023-06-01,SKU002,CH04,UPSIDE,FV_UPSIDE_202306,1070,36285840.0,18829078.23,923225.81,96931.8,FROZEN,true,2023-07-01,true,ASSUMPTION,-6
2023-05-01,2023-06-01,SKU002,CH04,DOWNSIDE,FV_DOWNSIDE_202306,960,32555520.0,20121269.88,941690.33,106822.8,FROZEN,true,2023-07-01,true,ASSUMPTION,14
2023-05-01,2023-06-01,SKU003,CH04,BASE,FV_BASE_202306,1030,31048320.0,18013197.08,820645.16,87920.0,FROZEN,true,2023-07-01,true,ASSUMPTION,0
2023-05-01,2023-06-01,SKU003,CH04,UPSIDE,FV_UPSIDE_202306,1070,32254080.0,17666789.45,820645.16,86161.6,FROZEN,true,2023-07-01,true,ASSUMPTION,-6
2023-05-01,2023-06-01,SKU003,CH04,DOWNSIDE,FV_DOWNSIDE_202306,960,28938240.0,18879216.17,837058.06,94953.6,FROZEN,true,2023-07-01,true,ASSUMPTION,14
2023-05-01,2023-06-01,SKU004,CH04,BASE,FV_BASE_202306,2060,54334560.0,36500425.68,1436129.03,153860.0,FROZEN,true,2023-07-01,true,ASSUMPTION,0
2023-05-01,2023-06-01,SKU004,CH04,UPSIDE,FV_UPSIDE_202306,2140,56444640.0,35798494.41,1436129.03,150782.8,FROZEN,true,2023-07-01,true,ASSUMPTION,-6
2023-05-01,2023-06-01,SKU004,CH04,DOWNSIDE,FV_DOWNSIDE_202306,1920,50641920.0,38255253.83,1464851.61,166168.8,FROZEN,true,2023-07-01,true,ASSUMPTION,14
2023-05-01,2023-06-01,SKU005,CH04,BASE,FV_BASE_202306,2060,52394040.0,36796695.36,1384838.71,148365.0,FROZEN,true,2023-07-01,true,ASSUMPTION,0
2023-05-01,2023-06-01,SKU005,CH04,UPSIDE,FV_UPSIDE_202306,2140,54428760.0,36089066.61,1384838.71,145397.7,FROZEN,true,2023-07-01,true,ASSUMPTION,-6
2023-05-01,2023-06-01,SKU005,CH04,DOWNSIDE,FV_DOWNSIDE_202306,1920,48833280.0,38565767.26,1412535.48,160234.2,FROZEN,true,2023-07-01,true,ASSUMPTION,14
2023-05-01,2023-06-01,SKU006,CH04,BASE,FV_BASE_202306,1030,29107800.0,18664990.4,769354.84,82425.0,FROZEN,true,2023-07-01,true,ASSUMPTION,0
2023-05-01,2023-06-01,SKU006,CH04,UPSIDE,FV_UPSIDE_202306,1070,30238200.0,18306048.27,769354.84,80776.5,FROZEN,true,2023-07-01,true,ASSUMPTION,-6
2023-05-01,2023-06-01,SKU006,CH04,DOWNSIDE,FV_DOWNSIDE_202306,960,27129600.0,19562345.7,784741.94,89019.0,FROZEN,true,2023-07-01,true,ASSUMPTION,14
2023-05-01,2023-06-01,SKU007,CH04,BASE,FV_BASE_202306,2060,44631960.0,37478115.65,1179677.42,126385.0,FROZEN,true,2023-07-01,true,ASSUMPTION,0
2023-05-01,2023-06-01,SKU007,CH04,UPSIDE,FV_UPSIDE_202306,2140,46365240.0,36757382.65,1179677.42,123857.3,FROZEN,true,2023-07-01,true,ASSUMPTION,-6
2023-05-01,2023-06-01,SKU007,CH04,DOWNSIDE,FV_DOWNSIDE_202306,1920,41598720.0,39279948.13,1203270.97,136495.8,FROZEN,true,2023-07-01,true,ASSUMPTION,14
2023-05-01,2023-06-01,SKU008,CH04,BASE,FV_BASE_202306,2060,48513000.0,38515059.55,1282258.06,137375.0,FROZEN,true,2023-07-01,true,ASSUMPTION,0
2023-05-01,2023-06-01,SKU008,CH04,UPSIDE,FV_UPSIDE_202306,2140,50397000.0,37774385.33,1282258.06,134627.5,FROZEN,true,2023-07-01,true,ASSUMPTION,-6
2023-05-01,2023-06-01,SKU008,CH04,DOWNSIDE,FV_DOWNSIDE_202306,1920,45216000.0,40366745.11,1307903.22,148365.0,FROZEN,true,2023-07-01,true,ASSUMPTION,14
2023-05-01,2023-06-01,SKU009,CH04,BASE,FV_BASE_202306,2060,40750920.0,36085648.11,1077096.77,115395.0,FROZEN,true,2023-07-01,true,ASSUMPTION,0
2023-05-01,2023-06-01,SKU009,CH04,UPSIDE,FV_UPSIDE_202306,2140,42333480.0,35391693.34,1077096.77,113087.1,FROZEN,true,2023-07-01,true,ASSUMPTION,-6
2023-05-01,2023-06-01,SKU009,CH04,DOWNSIDE,FV_DOWNSIDE_202306,1920,37981440.0,37820535.04,1098638.71,124626.6,FROZEN,true,2023-07-01,true,ASSUMPTION,14
2023-05-01,2023-06-01,SKU010,CH04,BASE,FV_BASE_202306,1030,23286240.0,17776181.33,615483.87,65940.0,FROZEN,true,2023-07-01,true,ASSUMPTION,0
2023-05-01,2023-06-01,SKU010,CH04,UPSIDE,FV_UPSIDE_202306,1070,24190560.0,17434331.69,615483.87,64621.2,FROZEN,true,2023-07-01,true,ASSUMPTION,-6
2023-05-01,2023-06-01,SKU010,CH04,DOWNSIDE,FV_DOWNSIDE_202306,960,21703680.0,18630805.43,627793.55,71215.2,FROZEN,true,2023-07-01,true,ASSUMPTION,14
2023-05-01,2023-06-01,SKU011,CH04,BASE,FV_BASE_202306,1030,33959100.0,15554158.67,897580.65,96162.5,FROZEN,true,2023-07-01,true,ASSUMPTION,0
2023-05-01,2023-06-01,SKU011,CH04,UPSIDE,FV_UPSIDE_202306,1070,35277900.0,15255040.24,897580.65,94239.25,FROZEN,true,2023-07-01,true,ASSUMPTION,-6
2023-05-01,2023-06-01,SKU011,CH04,DOWNSIDE,FV_DOWNSIDE_202306,960,31651200.0,16301954.76,915532.26,103855.5,FROZEN,true,2023-07-01,true,ASSUMPTION,14
2023-05-01,2023-06-01,SKU012,CH04,BASE,FV_BASE_202306,1030,28137540.0,16754050.89,743709.68,79677.5,FROZEN,true,2023-07-01,true,ASSUMPTION,0
2023-05-01,2023-06-01,SKU012,CH04,UPSIDE,FV_UPSIDE_202306,1070,29230260.0,16431857.61,743709.68,78083.95,FROZEN,true,2023-07-01,true,ASSUMPTION,-6
2023-05-01,2023-06-01,SKU012,CH04,DOWNSIDE,FV_DOWNSIDE_202306,960,26225280.0,17559534.11,758583.87,86051.7,FROZEN,true,2023-07-01,true,ASSUMPTION,14
2023-05-01,2023-06-01,SKU001,CH05,BASE,FV_BASE_202306,2060,60922440.0,37756639.4,1609469.39,172515.0,FROZEN,true,2023-07-01,true,ASSUMPTION,0
2023-05-01,2023-06-01,SKU001,CH05,UPSIDE,FV_UPSIDE_202306,2140,63288360.0,37030550.18,1609469.39,169064.7,FROZEN,true,2023-07-01,true,ASSUMPTION,-6
2023-05-01,2023-06-01,SKU001,CH05,DOWNSIDE,FV_DOWNSIDE_202306,1920,56782080.0,39571862.45,1641658.78,186316.2,FROZEN,true,2023-07-01,true,ASSUMPTION,14
2023-05-01,2023-06-01,SKU002,CH05,BASE,FV_BASE_202306,2060,70748640.0,39461777.95,1869061.22,200340.0,FROZEN,true,2023-07-01,true,ASSUMPTION,0
2023-05-01,2023-06-01,SKU002,CH05,UPSIDE,FV_UPSIDE_202306,2140,73496160.0,38702897.61,1869061.22,196333.2,FROZEN,true,2023-07-01,true,ASSUMPTION,-6
2023-05-01,2023-06-01,SKU002,CH05,DOWNSIDE,FV_DOWNSIDE_202306,1920,65940480.0,41358978.81,1906442.44,216367.2,FROZEN,true,2023-07-01,true,ASSUMPTION,14
2023-05-01,2023-06-01,SKU003,CH05,BASE,FV_BASE_202306,2060,62887680.0,37025865.74,1661387.76,178080.0,FROZEN,true,2023-07-01,true,ASSUMPTION,0
2023-05-01,2023-06-01,SKU003,CH05,UPSIDE,FV_UPSIDE_202306,2140,65329920.0,36313829.86,1661387.76,174518.4,FROZEN,true,2023-07-01,true,ASSUMPTION,-6
2023-05-01,2023-06-01,SKU003,CH05,DOWNSIDE,FV_DOWNSIDE_202306,1920,58613760.0,38805955.44,1694615.52,192326.4,FROZEN,true,2023-07-01,true,ASSUMPTION,14
2023-05-01,2023-06-01,SKU004,CH05,BASE,FV_BASE_202306,2060,55026720.0,37513048.18,1453714.29,155820.0,FROZEN,true,2023-07-01,true,ASSUMPTION,0
2023-05-01,2023-06-01,SKU004,CH05,UPSIDE,FV_UPSIDE_202306,2140,57163680.0,36791643.4,1453714.29,152703.6,FROZEN,true,2023-07-01,true,ASSUMPTION,-6
2023-05-01,2023-06-01,SKU004,CH05,DOWNSIDE,FV_DOWNSIDE_202306,1920,51287040.0,39316560.11,1482788.58,168285.6,FROZEN,true,2023-07-01,true,ASSUMPTION,14
2023-05-01,2023-06-01,SKU005,CH05,BASE,FV_BASE_202306,2060,53061480.0,37817537.2,1401795.92,150255.0,FROZEN,true,2023-07-01,true,ASSUMPTION,0
2023-05-01,2023-06-01,SKU005,CH05,UPSIDE,FV_UPSIDE_202306,2140,55122120.0,37090276.87,1401795.92,147249.9,FROZEN,true,2023-07-01,true,ASSUMPTION,-6
2023-05-01,2023-06-01,SKU005,CH05,DOWNSIDE,FV_DOWNSIDE_202306,1920,49455360.0,39635688.03,1429831.84,162275.4,FROZEN,true,2023-07-01,true,ASSUMPTION,14
2023-05-01,2023-06-01,SKU006,CH05,BASE,FV_BASE_202306,1030,29478600.0,19182808.73,778775.51,83475.0,FROZEN,true,2023-07-01,true,ASSUMPTION,0
2023-05-01,2023-06-01,SKU006,CH05,UPSIDE,FV_UPSIDE_202306,1070,30623400.0,18813908.56,778775.51,81805.5,FROZEN,true,2023-07-01,true,ASSUMPTION,-6
2023-05-01,2023-06-01,SKU006,CH05,DOWNSIDE,FV_DOWNSIDE_202306,960,27475200.0,20105059.15,794351.02,90153.0,FROZEN,true,2023-07-01,true,ASSUMPTION,14
2023-05-01,2023-06-01,SKU007,CH05,BASE,FV_BASE_202306,2060,45200520.0,38517861.97,1194122.45,127995.0,FROZEN,true,2023-07-01,true,ASSUMPTION,0
2023-05-01,2023-06-01,SKU007,CH05,UPSIDE,FV_UPSIDE_202306,2140,46955880.0,37777133.85,1194122.45,125435.1,FROZEN,true,2023-07-01,true,ASSUMPTION,-6
2023-05-01,2023-06-01,SKU007,CH05,DOWNSIDE,FV_DOWNSIDE_202306,1920,42128640.0,40369682.26,1218004.9,138234.6,FROZEN,true,2023-07-01,true,ASSUMPTION,14
2023-05-01,2023-06-01,SKU008,CH05,BASE,FV_BASE_202306,2060,49131000.0,39583573.57,1297959.18,139125.0,FROZEN,true,2023-07-01,true,ASSUMPTION,0
2023-05-01,2023-06-01,SKU008,CH05,UPSIDE,FV_UPSIDE_202306,2140,51039000.0,38822351.0,1297959.18,136342.5,FROZEN,true,2023-07-01,true,ASSUMPTION,-6
2023-05-01,2023-06-01,SKU008,CH05,DOWNSIDE,FV_DOWNSIDE_202306,1920,45792000.0,41486629.99,1323918.36,150255.0,FROZEN,true,2023-07-01,true,ASSUMPTION,14
2023-05-01,2023-06-01,SKU009,CH05,BASE,FV_BASE_202306,2060,41270040.0,37086763.54,1090285.71,116865.0,FROZEN,true,2023-07-01,true,ASSUMPTION,0
2023-05-01,2023-06-01,SKU009,CH05,UPSIDE,FV_UPSIDE_202306,2140,42872760.0,36373556.55,1090285.71,114527.7,FROZEN,true,2023-07-01,true,ASSUMPTION,-6
2023-05-01,2023-06-01,SKU009,CH05,DOWNSIDE,FV_DOWNSIDE_202306,1920,38465280.0,38869781.02,1112091.42,126214.2,FROZEN,true,2023-07-01,true,ASSUMPTION,14
2023-05-01,2023-06-01,SKU010,CH05,BASE,FV_BASE_202306,2060,47165760.0,36538683.29,1246040.82,133560.0,FROZEN,true,2023-07-01,true,ASSUMPTION,0
2023-05-01,2023-06-01,SKU010,CH05,UPSIDE,FV_UPSIDE_202306,2140,48997440.0,35836016.31,1246040.82,130888.8,FROZEN,true,2023-07-01,true,ASSUMPTION,-6
2023-05-01,2023-06-01,SKU010,CH05,DOWNSIDE,FV_DOWNSIDE_202306,1920,43960320.0,38295350.76,1270961.64,144244.8,FROZEN,true,2023-07-01,true,ASSUMPTION,14
2023-05-01,2023-06-01,SKU011,CH05,BASE,FV_BASE_202306,1030,34391700.0,15985673.94,908571.43,97387.5,FROZEN,true,2023-07-01,true,ASSUMPTION,0
2023-05-01,2023-06-01,SKU011,CH05,UPSIDE,FV_UPSIDE_202306,1070,35727300.0,15678257.14,908571.43,95439.75,FROZEN,true,2023-07-01,true,ASSUMPTION,-6
2023-05-01,2023-06-01,SKU011,CH05,DOWNSIDE,FV_DOWNSIDE_202306,960,32054400.0,16754215.96,926742.86,105178.5,FROZEN,true,2023-07-01,true,ASSUMPTION,14
2023-05-01,2023-06-01,SKU012,CH05,BASE,FV_BASE_202306,1030,28495980.0,17218854.49,752816.33,80692.5,FROZEN,true,2023-07-01,true,ASSUMPTION,0
2023-05-01,2023-06-01,SKU012,CH05,UPSIDE,FV_UPSIDE_202306,1070,29602620.0,16887722.68,752816.33,79078.65,FROZEN,true,2023-07-01,true,ASSUMPTION,-6
2023-05-01,2023-06-01,SKU012,CH05,DOWNSIDE,FV_DOWNSIDE_202306,960,26559360.0,18046684.04,767872.66,87147.9,FROZEN,true,2023-07-01,true,ASSUMPTION,14
2023-06-01,2023-07-01,SKU001,CH01,BASE,FV_BASE_202307,7210,213228540.0,125047646.39,5378447.97,603802.5,FROZEN,true,2023-08-01,true,ASSUMPTION,0
2023-06-01,2023-07-01,SKU001,CH01,UPSIDE,FV_UPSIDE_202307,7490,221509260.0,122642883.96,5378447.97,591726.45,FROZEN,true,2023-08-01,true,ASSUMPTION,-6
2023-06-01,2023-07-01,SKU001,CH01,DOWNSIDE,FV_DOWNSIDE_202307,6720,198737280.0,131059552.47,5486016.93,652106.7,FROZEN,true,2023-08-01,true,ASSUMPTION,14
2023-06-01,2023-07-01,SKU002,CH01,BASE,FV_BASE_202307,5150,176871600.0,93353542.46,4461385.41,500850.0,FROZEN,true,2023-08-01,true,ASSUMPTION,0
2023-06-01,2023-07-01,SKU002,CH01,UPSIDE,FV_UPSIDE_202307,5350,183740400.0,91558282.03,4461385.41,490833.0,FROZEN,true,2023-08-01,true,ASSUMPTION,-6
2023-06-01,2023-07-01,SKU002,CH01,DOWNSIDE,FV_DOWNSIDE_202307,4800,164851200.0,97841693.54,4550613.12,540918.0,FROZEN,true,2023-08-01,true,ASSUMPTION,14
2023-06-01,2023-07-01,SKU003,CH01,BASE,FV_BASE_202307,4120,125775360.0,70072782.49,3172540.74,356160.0,FROZEN,true,2023-08-01,true,ASSUMPTION,0
2023-06-01,2023-07-01,SKU003,CH01,UPSIDE,FV_UPSIDE_202307,4280,130659840.0,68725228.98,3172540.74,349036.8,FROZEN,true,2023-08-01,true,ASSUMPTION,-6
2023-06-01,2023-07-01,SKU003,CH01,DOWNSIDE,FV_DOWNSIDE_202307,3840,117227520.0,73441666.26,3235991.55,384652.8,FROZEN,true,2023-08-01,true,ASSUMPTION,14
2023-06-01,2023-07-01,SKU004,CH01,BASE,FV_BASE_202307,6180,165080160.0,106492189.18,4163959.72,467460.0,FROZEN,true,2023-08-01,true,ASSUMPTION,0
2023-06-01,2023-07-01,SKU004,CH01,UPSIDE,FV_UPSIDE_202307,6420,171491040.0,104444262.47,4163959.72,458110.8,FROZEN,true,2023-08-01,true,ASSUMPTION,-6
2023-06-01,2023-07-01,SKU004,CH01,DOWNSIDE,FV_DOWNSIDE_202307,5760,153861120.0,111612005.97,4247238.91,504856.8,FROZEN,true,2023-08-01,true,ASSUMPTION,14
2023-06-01,2023-07-01,SKU005,CH01,BASE,FV_BASE_202307,5150,132653700.0,89463811.53,3346039.06,375637.5,FROZEN,true,2023-08-01,true,ASSUMPTION,0
2023-06-01,2023-07-01,SKU005,CH01,UPSIDE,FV_UPSIDE_202307,5350,137805300.0,87743353.61,3346039.06,368124.75,FROZEN,true,2023-08-01,true,ASSUMPTION,-6
2023-06-01,2023-07-01,SKU005,CH01,DOWNSIDE,FV_DOWNSIDE_202307,4800,123638400.0,93764956.31,3412959.84,405688.5,FROZEN,true,2023-08-01,true,ASSUMPTION,14
2023-06-01,2023-07-01,SKU006,CH01,BASE,FV_BASE_202307,4120,117914400.0,72608310.81,2974256.94,333900.0,FROZEN,true,2023-08-01,true,ASSUMPTION,0
2023-06-01,2023-07-01,SKU006,CH01,UPSIDE,FV_UPSIDE_202307,4280,122493600.0,71211997.14,2974256.94,327222.0,FROZEN,true,2023-08-01,true,ASSUMPTION,-6
2023-06-01,2023-07-01,SKU006,CH01,DOWNSIDE,FV_DOWNSIDE_202307,3840,109900800.0,76099094.98,3033742.08,360612.0,FROZEN,true,2023-08-01,true,ASSUMPTION,14
2023-06-01,2023-07-01,SKU007,CH01,BASE,FV_BASE_202307,7210,158201820.0,127568768.3,3990461.4,447982.5,FROZEN,true,2023-08-01,true,ASSUMPTION,0
2023-06-01,2023-07-01,SKU007,CH01,UPSIDE,FV_UPSIDE_202307,7490,164345580.0,125115522.75,3990461.4,439022.85,FROZEN,true,2023-08-01,true,ASSUMPTION,-6
2023-06-01,2023-07-01,SKU007,CH01,DOWNSIDE,FV_DOWNSIDE_202307,6720,147450240.0,133701882.16,4070270.63,483821.1,FROZEN,true,2023-08-01,true,ASSUMPTION,14
2023-06-01,2023-07-01,SKU008,CH01,BASE,FV_BASE_202307,6180,147393000.0,112370004.82,3717821.18,417375.0,FROZEN,true,2023-08-01,true,ASSUMPTION,0
2023-06-01,2023-07-01,SKU008,CH01,UPSIDE,FV_UPSIDE_202307,6420,153117000.0,110209043.19,3717821.18,409027.5,FROZEN,true,2023-08-01,true,ASSUMPTION,-6
2023-06-01,2023-07-01,SKU008,CH01,DOWNSIDE,FV_DOWNSIDE_202307,5760,137376000.0,117772408.9,3792177.6,450765.0,FROZEN,true,2023-08-01,true,ASSUMPTION,14
2023-06-01,2023-07-01,SKU009,CH01,BASE,FV_BASE_202307,7210,144445140.0,122829059.12,3643464.76,409027.5,FROZEN,true,2023-08-01,true,ASSUMPTION,0
2023-06-01,2023-07-01,SKU009,CH01,UPSIDE,FV_UPSIDE_202307,7490,150054660.0,120466961.83,3643464.76,400846.95,FROZEN,true,2023-08-01,true,ASSUMPTION,-6
2023-06-01,2023-07-01,SKU009,CH01,DOWNSIDE,FV_DOWNSIDE_202307,6720,134628480.0,128734302.35,3716334.06,441749.7,FROZEN,true,2023-08-01,true,ASSUMPTION,14
2023-06-01,2023-07-01,SKU010,CH01,BASE,FV_BASE_202307,5150,117914400.0,86438465.25,2974256.94,333900.0,FROZEN,true,2023-08-01,true,ASSUMPTION,0
2023-06-01,2023-07-01,SKU010,CH01,UPSIDE,FV_UPSIDE_202307,5350,122493600.0,84776187.07,2974256.94,327222.0,FROZEN,true,2023-08-01,true,ASSUMPTION,-6
2023-06-01,2023-07-01,SKU010,CH01,DOWNSIDE,FV_DOWNSIDE_202307,4800,109900800.0,90594160.69,3033742.08,360612.0,FROZEN,true,2023-08-01,true,ASSUMPTION,14
2023-06-01,2023-07-01,SKU011,CH01,BASE,FV_BASE_202307,3090,103175100.0,45380194.26,2602474.83,292162.5,FROZEN,true,2023-08-01,true,ASSUMPTION,0
2023-06-01,2023-07-01,SKU011,CH01,UPSIDE,FV_UPSIDE_202307,3210,107181900.0,44507498.21,2602474.83,286319.25,FROZEN,true,2023-08-01,true,ASSUMPTION,-6
2023-06-01,2023-07-01,SKU011,CH01,DOWNSIDE,FV_DOWNSIDE_202307,2880,96163200.0,47561934.37,2654524.33,315535.5,FROZEN,true,2023-08-01,true,ASSUMPTION,14
2023-06-01,2023-07-01,SKU012,CH01,BASE,FV_BASE_202307,4120,113983920.0,65174602.8,2875115.05,322770.0,FROZEN,true,2023-08-01,true,ASSUMPTION,0
2023-06-01,2023-07-01,SKU012,CH01,UPSIDE,FV_UPSIDE_202307,4280,118410480.0,63921245.06,2875115.05,316314.6,FROZEN,true,2023-08-01,true,ASSUMPTION,-6
2023-06-01,2023-07-01,SKU012,CH01,DOWNSIDE,FV_DOWNSIDE_202307,3840,106237440.0,68307997.17,2932617.35,348591.6,FROZEN,true,2023-08-01,true,ASSUMPTION,14
2023-06-01,2023-07-01,SKU001,CH02,BASE,FV_BASE_202307,5150,152306100.0,91531996.45,5816139.45,431287.5,FROZEN,true,2023-08-01,true,ASSUMPTION,0
2023-06-01,2023-07-01,SKU001,CH02,UPSIDE,FV_UPSIDE_202307,5350,158220900.0,89771765.75,5816139.45,422661.75,FROZEN,true,2023-08-01,true,ASSUMPTION,-6
2023-06-01,2023-07-01,SKU001,CH02,DOWNSIDE,FV_DOWNSIDE_202307,4800,141955200.0,95932573.2,5932462.24,465790.5,FROZEN,true,2023-08-01,true,ASSUMPTION,14
2023-06-01,2023-07-01,SKU002,CH02,BASE,FV_BASE_202307,4120,141497280.0,76532559.62,5403381.16,400680.0,FROZEN,true,2023-08-01,true,ASSUMPTION,0
2023-06-01,2023-07-01,SKU002,CH02,UPSIDE,FV_UPSIDE_202307,4280,146992320.0,75060779.62,5403381.16,392666.4,FROZEN,true,2023-08-01,true,ASSUMPTION,-6
2023-06-01,2023-07-01,SKU002,CH02,DOWNSIDE,FV_DOWNSIDE_202307,3840,131880960.0,80212009.6,5511448.78,432734.4,FROZEN,true,2023-08-01,true,ASSUMPTION,14
2023-06-01,2023-07-01,SKU003,CH02,BASE,FV_BASE_202307,3090,94331520.0,53856245.65,3602254.11,267120.0,FROZEN,true,2023-08-01,true,ASSUMPTION,0
2023-06-01,2023-07-01,SKU003,CH02,UPSIDE,FV_UPSIDE_202307,3210,97994880.0,52820548.62,3602254.11,261777.6,FROZEN,true,2023-08-01,true,ASSUMPTION,-6
2023-06-01,2023-07-01,SKU003,CH02,DOWNSIDE,FV_DOWNSIDE_202307,2880,87920640.0,56445488.23,3674299.19,288489.6,FROZEN,true,2023-08-01,true,ASSUMPTION,14
2023-06-01,2023-07-01,SKU004,CH02,BASE,FV_BASE_202307,5150,137566800.0,90941467.44,5253287.24,389550.0,FROZEN,true,2023-08-01,true,ASSUMPTION,0
2023-06-01,2023-07-01,SKU004,CH02,UPSIDE,FV_UPSIDE_202307,5350,142909200.0,89192593.06,5253287.24,381759.0,FROZEN,true,2023-08-01,true,ASSUMPTION,-6
2023-06-01,2023-07-01,SKU004,CH02,DOWNSIDE,FV_DOWNSIDE_202307,4800,128217600.0,95313653.37,5358352.98,420714.0,FROZEN,true,2023-08-01,true,ASSUMPTION,14
2023-06-01,2023-07-01,SKU005,CH02,BASE,FV_BASE_202307,4120,106122960.0,73343702.96,4052535.87,300510.0,FROZEN,true,2023-08-01,true,ASSUMPTION,0
2023-06-01,2023-07-01,SKU005,CH02,UPSIDE,FV_UPSIDE_202307,4280,110244240.0,71933247.14,4052535.87,294499.8,FROZEN,true,2023-08-01,true,ASSUMPTION,-6
2023-06-01,2023-07-01,SKU005,CH02,DOWNSIDE,FV_DOWNSIDE_202307,3840,98910720.0,76869842.53,4133586.59,324550.8,FROZEN,true,2023-08-01,true,ASSUMPTION,14
2023-06-01,2023-07-01,SKU006,CH02,BASE,FV_BASE_202307,3090,88435800.0,55804991.38,3377113.23,250425.0,FROZEN,true,2023-08-01,true,ASSUMPTION,0
2023-06-01,2023-07-01,SKU006,CH02,UPSIDE,FV_UPSIDE_202307,3210,91870200.0,54731818.47,3377113.23,245416.5,FROZEN,true,2023-08-01,true,ASSUMPTION,-6
2023-06-01,2023-07-01,SKU006,CH02,DOWNSIDE,FV_DOWNSIDE_202307,2880,82425600.0,58487923.66,3444655.49,270459.0,FROZEN,true,2023-08-01,true,ASSUMPTION,14
2023-06-01,2023-07-01,SKU007,CH02,BASE,FV_BASE_202307,5150,113001300.0,93377399.61,4315200.24,319987.5,FROZEN,true,2023-08-01,true,ASSUMPTION,0
2023-06-01,2023-07-01,SKU007,CH02,UPSIDE,FV_UPSIDE_202307,5350,117389700.0,91581680.38,4315200.24,313587.75,FROZEN,true,2023-08-01,true,ASSUMPTION,-6
2023-06-01,2023-07-01,SKU007,CH02,DOWNSIDE,FV_DOWNSIDE_202307,4800,105321600.0,97866697.66,4401504.24,345586.5,FROZEN,true,2023-08-01,true,ASSUMPTION,14
2023-06-01,2023-07-01,SKU008,CH02,BASE,FV_BASE_202307,4120,98262000.0,76768771.22,3752348.03,278250.0,FROZEN,true,2023-08-01,true,ASSUMPTION,0
2023-06-01,2023-07-01,SKU008,CH02,UPSIDE,FV_UPSIDE_202307,4280,102078000.0,75292448.69,3752348.03,272685.0,FROZEN,true,2023-08-01,true,ASSUMPTION,-6
2023-06-01,2023-07-01,SKU008,CH02,DOWNSIDE,FV_DOWNSIDE_202307,3840,91584000.0,80459577.53,3827394.99,300510.0,FROZEN,true,2023-08-01,true,ASSUMPTION,14
2023-06-01,2023-07-01,SKU009,CH02,BASE,FV_BASE_202307,5150,103175100.0,89908041.67,3939965.43,292162.5,FROZEN,true,2023-08-01,true,ASSUMPTION,0
2023-06-01,2023-07-01,SKU009,CH02,UPSIDE,FV_UPSIDE_202307,5350,107181900.0,88179040.87,3939965.43,286319.25,FROZEN,true,2023-08-01,true,ASSUMPTION,-6
2023-06-01,2023-07-01,SKU009,CH02,DOWNSIDE,FV_DOWNSIDE_202307,4800,96163200.0,94230543.68,4018764.74,315535.5,FROZEN,true,2023-08-01,true,ASSUMPTION,14
2023-06-01,2023-07-01,SKU010,CH02,BASE,FV_BASE_202307,4120,94331520.0,70863481.12,3602254.11,267120.0,FROZEN,true,2023-08-01,true,ASSUMPTION,0
2023-06-01,2023-07-01,SKU010,CH02,UPSIDE,FV_UPSIDE_202307,4280,97994880.0,69500721.87,3602254.11,261777.6,FROZEN,true,2023-08-01,true,ASSUMPTION,-6
2023-06-01,2023-07-01,SKU010,CH02,DOWNSIDE,FV_DOWNSIDE_202307,3840,87920640.0,74270379.26,3674299.19,288489.6,FROZEN,true,2023-08-01,true,ASSUMPTION,14
2023-06-01,2023-07-01,SKU011,CH02,BASE,FV_BASE_202307,2060,68783400.0,31002772.99,2626643.62,194775.0,FROZEN,true,2023-08-01,true,ASSUMPTION,0
2023-06-01,2023-07-01,SKU011,CH02,UPSIDE,FV_UPSIDE_202307,2140,71454600.0,30406565.81,2626643.62,190879.5,FROZEN,true,2023-08-01,true,ASSUMPTION,-6
2023-06-01,2023-07-01,SKU011,CH02,DOWNSIDE,FV_DOWNSIDE_202307,1920,64108800.0,32493290.92,2679176.49,210357.0,FROZEN,true,2023-08-01,true,ASSUMPTION,14
2023-06-01,2023-07-01,SKU012,CH02,BASE,FV_BASE_202307,3090,85487940.0,50091623.2,3264542.79,242077.5,FROZEN,true,2023-08-01,true,ASSUMPTION,0
2023-06-01,2023-07-01,SKU012,CH02,UPSIDE,FV_UPSIDE_202307,3210,88807860.0,49128322.76,3264542.79,237235.95,FROZEN,true,2023-08-01,true,ASSUMPTION,-6
2023-06-01,2023-07-01,SKU012,CH02,DOWNSIDE,FV_DOWNSIDE_202307,2880,79678080.0,52499874.32,3329833.65,261443.7,FROZEN,true,2023-08-01,true,ASSUMPTION,14
2023-06-01,2023-07-01,SKU001,CH03,BASE,FV_BASE_202307,4120,118651880.0,74615623.12,3029694.98,335988.33,FROZEN,true,2023-08-01,true,ASSUMPTION,0
2023-06-01,2023-07-01,SKU001,CH03,UPSIDE,FV_UPSIDE_202307,4280,123259720.0,73180707.29,3029694.98,329268.57,FROZEN,true,2023-08-01,true,ASSUMPTION,-6
2023-06-01,2023-07-01,SKU001,CH03,DOWNSIDE,FV_DOWNSIDE_202307,3840,110588160.0,78202912.69,3090288.88,362867.4,FROZEN,true,2023-08-01,true,ASSUMPTION,14
2023-06-01,2023-07-01,SKU002,CH03,BASE,FV_BASE_202307,3090,103341960.0,58489020.7,2638766.59,292635.0,FROZEN,true,2023-08-01,true,ASSUMPTION,0
2023-06-01,2023-07-01,SKU002,CH03,UPSIDE,FV_UPSIDE_202307,3210,107355240.0,57364231.84,2638766.59,286782.3,FROZEN,true,2023-08-01,true,ASSUMPTION,-6
2023-06-01,2023-07-01,SKU002,CH03,DOWNSIDE,FV_DOWNSIDE_202307,2880,96318720.0,61300992.85,2691541.92,316045.8,FROZEN,true,2023-08-01,true,ASSUMPTION,14
2023-06-01,2023-07-01,SKU003,CH03,BASE,FV_BASE_202307,2060,61239680.0,36585724.88,1563713.54,173413.33,FROZEN,true,2023-08-01,true,ASSUMPTION,0
2023-06-01,2023-07-01,SKU003,CH03,UPSIDE,FV_UPSIDE_202307,2140,63617920.0,35882153.25,1563713.54,169945.07,FROZEN,true,2023-08-01,true,ASSUMPTION,-6
2023-06-01,2023-07-01,SKU003,CH03,DOWNSIDE,FV_DOWNSIDE_202307,1920,57077760.0,38344653.97,1594987.81,187286.4,FROZEN,true,2023-08-01,true,ASSUMPTION,14
2023-06-01,2023-07-01,SKU004,CH03,BASE,FV_BASE_202307,3090,80377080.0,55600674.0,2052374.02,227605.0,FROZEN,true,2023-08-01,true,ASSUMPTION,0
2023-06-01,2023-07-01,SKU004,CH03,UPSIDE,FV_UPSIDE_202307,3210,83498520.0,54531430.27,2052374.02,223052.9,FROZEN,true,2023-08-01,true,ASSUMPTION,-6
2023-06-01,2023-07-01,SKU004,CH03,DOWNSIDE,FV_DOWNSIDE_202307,2880,74914560.0,58273783.33,2093421.5,245813.4,FROZEN,true,2023-08-01,true,ASSUMPTION,14
2023-06-01,2023-07-01,SKU005,CH03,BASE,FV_BASE_202307,3090,77506470.0,56051978.17,1979074.94,219476.25,FROZEN,true,2023-08-01,true,ASSUMPTION,0
2023-06-01,2023-07-01,SKU005,CH03,UPSIDE,FV_UPSIDE_202307,3210,80516430.0,54974055.52,1979074.94,215086.73,FROZEN,true,2023-08-01,true,ASSUMPTION,-6
2023-06-01,2023-07-01,SKU005,CH03,DOWNSIDE,FV_DOWNSIDE_202307,2880,72239040.0,58746784.82,2018656.44,237034.35,FROZEN,true,2023-08-01,true,ASSUMPTION,14
2023-06-01,2023-07-01,SKU006,CH03,BASE,FV_BASE_202307,2060,57412200.0,37909550.45,1465981.44,162575.0,FROZEN,true,2023-08-01,true,ASSUMPTION,0
2023-06-01,2023-07-01,SKU006,CH03,UPSIDE,FV_UPSIDE_202307,2140,59641800.0,37180520.64,1465981.44,159323.5,FROZEN,true,2023-08-01,true,ASSUMPTION,-6
2023-06-01,2023-07-01,SKU006,CH03,DOWNSIDE,FV_DOWNSIDE_202307,1920,53510400.0,39732124.99,1495301.07,175581.0,FROZEN,true,2023-08-01,true,ASSUMPTION,14
2023-06-01,2023-07-01,SKU007,CH03,BASE,FV_BASE_202307,4120,88032040.0,76119970.36,2247838.21,249281.67,FROZEN,true,2023-08-01,true,ASSUMPTION,0
2023-06-01,2023-07-01,SKU007,CH03,UPSIDE,FV_UPSIDE_202307,4280,91450760.0,74656124.77,2247838.21,244296.03,FROZEN,true,2023-08-01,true,ASSUMPTION,-6
2023-06-01,2023-07-01,SKU007,CH03,DOWNSIDE,FV_DOWNSIDE_202307,3840,82049280.0,79779584.32,2292794.97,269224.2,FROZEN,true,2023-08-01,true,ASSUMPTION,14
2023-06-01,2023-07-01,SKU008,CH03,BASE,FV_BASE_202307,3090,71765250.0,58669542.37,1832476.8,203218.75,FROZEN,true,2023-08-01,true,ASSUMPTION,0
2023-06-01,2023-07-01,SKU008,CH03,UPSIDE,FV_UPSIDE_202307,3210,74552250.0,57541281.94,1832476.8,199154.38,FROZEN,true,2023-08-01,true,ASSUMPTION,-6
2023-06-01,2023-07-01,SKU008,CH03,DOWNSIDE,FV_DOWNSIDE_202307,2880,66888000.0,61490193.45,1869126.34,219476.25,FROZEN,true,2023-08-01,true,ASSUMPTION,14
2023-06-01,2023-07-01,SKU009,CH03,BASE,FV_BASE_202307,4120,80377080.0,73291797.55,2052374.02,227605.0,FROZEN,true,2023-08-01,true,ASSUMPTION,0
2023-06-01,2023-07-01,SKU009,CH03,UPSIDE,FV_UPSIDE_202307,4280,83498520.0,71882339.91,2052374.02,223052.9,FROZEN,true,2023-08-01,true,ASSUMPTION,-6
2023-06-01,2023-07-01,SKU009,CH03,DOWNSIDE,FV_DOWNSIDE_202307,3840,74914560.0,76815441.66,2093421.5,245813.4,FROZEN,true,2023-08-01,true,ASSUMPTION,14
2023-06-01,2023-07-01,SKU010,CH03,BASE,FV_BASE_202307,3090,68894640.0,54156500.65,1759177.73,195090.0,FROZEN,true,2023-08-01,true,ASSUMPTION,0
2023-06-01,2023-07-01,SKU010,CH03,UPSIDE,FV_UPSIDE_202307,3210,71570160.0,53115029.49,1759177.73,191188.2,FROZEN,true,2023-08-01,true,ASSUMPTION,-6
2023-06-01,2023-07-01,SKU010,CH03,DOWNSIDE,FV_DOWNSIDE_202307,2880,64212480.0,56760178.57,1794361.28,210697.2,FROZEN,true,2023-08-01,true,ASSUMPTION,14
2023-06-01,2023-07-01,SKU011,CH03,BASE,FV_BASE_202307,2060,66980900.0,31591292.04,1710311.68,189670.83,FROZEN,true,2023-08-01,true,ASSUMPTION,0
2023-06-01,2023-07-01,SKU011,CH03,UPSIDE,FV_UPSIDE_202307,2140,69582100.0,30983767.2,1710311.68,185877.42,FROZEN,true,2023-08-01,true,ASSUMPTION,-6
2023-06-01,2023-07-01,SKU011,CH03,DOWNSIDE,FV_DOWNSIDE_202307,1920,62428800.0,33110104.16,1744517.91,204844.5,FROZEN,true,2023-08-01,true,ASSUMPTION,14
2023-06-01,2023-07-01,SKU012,CH03,BASE,FV_BASE_202307,2060,55498460.0,34028334.58,1417115.39,157155.83,FROZEN,true,2023-08-01,true,ASSUMPTION,0
2023-06-01,2023-07-01,SKU012,CH03,UPSIDE,FV_UPSIDE_202307,2140,57653740.0,33373943.53,1417115.39,154012.72,FROZEN,true,2023-08-01,true,ASSUMPTION,-6
2023-06-01,2023-07-01,SKU012,CH03,DOWNSIDE,FV_DOWNSIDE_202307,1920,51726720.0,35664312.2,1445457.7,169728.3,FROZEN,true,2023-08-01,true,ASSUMPTION,14
2023-06-01,2023-07-01,SKU001,CH04,BASE,FV_BASE_202307,2060,60156120.0,36781803.61,1591920.0,170345.0,FROZEN,true,2023-08-01,true,ASSUMPTION,0
2023-06-01,2023-07-01,SKU001,CH04,UPSIDE,FV_UPSIDE_202307,2140,62492280.0,36074461.24,1591920.0,166938.1,FROZEN,true,2023-08-01,true,ASSUMPTION,-6
2023-06-01,2023-07-01,SKU001,CH04,DOWNSIDE,FV_DOWNSIDE_202307,1920,56067840.0,38550159.56,1623758.4,183972.6,FROZEN,true,2023-08-01,true,ASSUMPTION,14
2023-06-01,2023-07-01,SKU002,CH04,BASE,FV_BASE_202307,1030,34929360.0,19221458.66,924340.65,98910.0,FROZEN,true,2023-08-01,true,ASSUMPTION,0
2023-06-01,2023-07-01,SKU002,CH04,UPSIDE,FV_UPSIDE_202307,1070,36285840.0,18851815.23,924340.65,96931.8,FROZEN,true,2023-08-01,true,ASSUMPTION,-6
2023-06-01,2023-07-01,SKU002,CH04,DOWNSIDE,FV_DOWNSIDE_202307,960,32555520.0,20145567.25,942827.46,106822.8,FROZEN,true,2023-08-01,true,ASSUMPTION,14
2023-06-01,2023-07-01,SKU003,CH04,BASE,FV_BASE_202307,1030,31048320.0,18034948.87,821636.13,87920.0,FROZEN,true,2023-08-01,true,ASSUMPTION,0
2023-06-01,2023-07-01,SKU003,CH04,UPSIDE,FV_UPSIDE_202307,1070,32254080.0,17688122.93,821636.13,86161.6,FROZEN,true,2023-08-01,true,ASSUMPTION,-6
2023-06-01,2023-07-01,SKU003,CH04,DOWNSIDE,FV_DOWNSIDE_202307,960,28938240.0,18902013.72,838068.85,94953.6,FROZEN,true,2023-08-01,true,ASSUMPTION,14
2023-06-01,2023-07-01,SKU004,CH04,BASE,FV_BASE_202307,2060,54334560.0,36544501.66,1437863.23,153860.0,FROZEN,true,2023-08-01,true,ASSUMPTION,0
2023-06-01,2023-07-01,SKU004,CH04,UPSIDE,FV_UPSIDE_202307,2140,56444640.0,35841722.78,1437863.23,150782.8,FROZEN,true,2023-08-01,true,ASSUMPTION,-6
2023-06-01,2023-07-01,SKU004,CH04,DOWNSIDE,FV_DOWNSIDE_202307,1920,50641920.0,38301448.85,1466620.49,166168.8,FROZEN,true,2023-08-01,true,ASSUMPTION,14
2023-06-01,2023-07-01,SKU005,CH04,BASE,FV_BASE_202307,2060,52394040.0,36841129.1,1386510.97,148365.0,FROZEN,true,2023-08-01,true,ASSUMPTION,0
2023-06-01,2023-07-01,SKU005,CH04,UPSIDE,FV_UPSIDE_202307,2140,54428760.0,36132645.85,1386510.97,145397.7,FROZEN,true,2023-08-01,true,ASSUMPTION,-6
2023-06-01,2023-07-01,SKU005,CH04,DOWNSIDE,FV_DOWNSIDE_202307,1920,48833280.0,38612337.23,1414241.19,160234.2,FROZEN,true,2023-08-01,true,ASSUMPTION,14
2023-06-01,2023-07-01,SKU006,CH04,BASE,FV_BASE_202307,1030,29107800.0,18687529.26,770283.87,82425.0,FROZEN,true,2023-08-01,true,ASSUMPTION,0
2023-06-01,2023-07-01,SKU006,CH04,UPSIDE,FV_UPSIDE_202307,1070,30238200.0,18328153.69,770283.87,80776.5,FROZEN,true,2023-08-01,true,ASSUMPTION,-6
2023-06-01,2023-07-01,SKU006,CH04,DOWNSIDE,FV_DOWNSIDE_202307,960,27129600.0,19585968.16,785689.55,89019.0,FROZEN,true,2023-08-01,true,ASSUMPTION,14
2023-06-01,2023-07-01,SKU007,CH04,BASE,FV_BASE_202307,2060,44631960.0,37523372.23,1181101.94,126385.0,FROZEN,true,2023-08-01,true,ASSUMPTION,0
2023-06-01,2023-07-01,SKU007,CH04,UPSIDE,FV_UPSIDE_202307,2140,46365240.0,36801768.92,1181101.94,123857.3,FROZEN,true,2023-08-01,true,ASSUMPTION,-6
2023-06-01,2023-07-01,SKU007,CH04,DOWNSIDE,FV_DOWNSIDE_202307,1920,41598720.0,39327380.51,1204723.98,136495.8,FROZEN,true,2023-08-01,true,ASSUMPTION,14
2023-06-01,2023-07-01,SKU008,CH04,BASE,FV_BASE_202307,2060,48513000.0,38561568.31,1283806.45,137375.0,FROZEN,true,2023-08-01,true,ASSUMPTION,0
2023-06-01,2023-07-01,SKU008,CH04,UPSIDE,FV_UPSIDE_202307,2140,50397000.0,37819999.69,1283806.45,134627.5,FROZEN,true,2023-08-01,true,ASSUMPTION,-6
2023-06-01,2023-07-01,SKU008,CH04,DOWNSIDE,FV_DOWNSIDE_202307,1920,45216000.0,40415489.87,1309482.58,148365.0,FROZEN,true,2023-08-01,true,ASSUMPTION,14
2023-06-01,2023-07-01,SKU009,CH04,BASE,FV_BASE_202307,2060,40750920.0,36129223.23,1078397.42,115395.0,FROZEN,true,2023-08-01,true,ASSUMPTION,0
2023-06-01,2023-07-01,SKU009,CH04,UPSIDE,FV_UPSIDE_202307,2140,42333480.0,35434430.47,1078397.42,113087.1,FROZEN,true,2023-08-01,true,ASSUMPTION,-6
2023-06-01,2023-07-01,SKU009,CH04,DOWNSIDE,FV_DOWNSIDE_202307,1920,37981440.0,37866205.11,1099965.37,124626.6,FROZEN,true,2023-08-01,true,ASSUMPTION,14
2023-06-01,2023-07-01,SKU010,CH04,BASE,FV_BASE_202307,1030,23286240.0,17797646.91,616227.1,65940.0,FROZEN,true,2023-08-01,true,ASSUMPTION,0
2023-06-01,2023-07-01,SKU010,CH04,UPSIDE,FV_UPSIDE_202307,1070,24190560.0,17455384.47,616227.1,64621.2,FROZEN,true,2023-08-01,true,ASSUMPTION,-6
2023-06-01,2023-07-01,SKU010,CH04,DOWNSIDE,FV_DOWNSIDE_202307,960,21703680.0,18653303.01,628551.64,71215.2,FROZEN,true,2023-08-01,true,ASSUMPTION,14
2023-06-01,2023-07-01,SKU011,CH04,BASE,FV_BASE_202307,1030,33959100.0,15572941.05,898664.52,96162.5,FROZEN,true,2023-08-01,true,ASSUMPTION,0
2023-06-01,2023-07-01,SKU011,CH04,UPSIDE,FV_UPSIDE_202307,1070,35277900.0,15273461.42,898664.52,94239.25,FROZEN,true,2023-08-01,true,ASSUMPTION,-6
2023-06-01,2023-07-01,SKU011,CH04,DOWNSIDE,FV_DOWNSIDE_202307,960,31651200.0,16321640.14,916637.81,103855.5,FROZEN,true,2023-08-01,true,ASSUMPTION,14
2023-06-01,2023-07-01,SKU012,CH04,BASE,FV_BASE_202307,1030,28137540.0,16774282.22,744607.74,79677.5,FROZEN,true,2023-08-01,true,ASSUMPTION,0
2023-06-01,2023-07-01,SKU012,CH04,UPSIDE,FV_UPSIDE_202307,1070,29230260.0,16451699.87,744607.74,78083.95,FROZEN,true,2023-08-01,true,ASSUMPTION,-6
2023-06-01,2023-07-01,SKU012,CH04,DOWNSIDE,FV_DOWNSIDE_202307,960,26225280.0,17580738.1,759499.89,86051.7,FROZEN,true,2023-08-01,true,ASSUMPTION,14
2023-06-01,2023-07-01,SKU001,CH05,BASE,FV_BASE_202307,2060,60922440.0,37802232.32,1611412.9,172515.0,FROZEN,true,2023-08-01,true,ASSUMPTION,0
2023-06-01,2023-07-01,SKU001,CH05,UPSIDE,FV_UPSIDE_202307,2140,63288360.0,37075266.32,1611412.9,169064.7,FROZEN,true,2023-08-01,true,ASSUMPTION,-6
2023-06-01,2023-07-01,SKU001,CH05,DOWNSIDE,FV_DOWNSIDE_202307,1920,56782080.0,39619647.34,1643641.16,186316.2,FROZEN,true,2023-08-01,true,ASSUMPTION,14
2023-06-01,2023-07-01,SKU002,CH05,BASE,FV_BASE_202307,2060,70748640.0,39509429.91,1871318.2,200340.0,FROZEN,true,2023-08-01,true,ASSUMPTION,0
2023-06-01,2023-07-01,SKU002,CH05,UPSIDE,FV_UPSIDE_202307,2140,73496160.0,38749633.18,1871318.2,196333.2,FROZEN,true,2023-08-01,true,ASSUMPTION,-6
2023-06-01,2023-07-01,SKU002,CH05,DOWNSIDE,FV_DOWNSIDE_202307,1920,65940480.0,41408921.73,1908744.56,216367.2,FROZEN,true,2023-08-01,true,ASSUMPTION,14
2023-06-01,2023-07-01,SKU003,CH05,BASE,FV_BASE_202307,2060,62887680.0,37070576.21,1663393.96,178080.0,FROZEN,true,2023-08-01,true,ASSUMPTION,0
2023-06-01,2023-07-01,SKU003,CH05,UPSIDE,FV_UPSIDE_202307,2140,65329920.0,36357680.52,1663393.96,174518.4,FROZEN,true,2023-08-01,true,ASSUMPTION,-6
2023-06-01,2023-07-01,SKU003,CH05,DOWNSIDE,FV_DOWNSIDE_202307,1920,58613760.0,38852815.45,1696661.84,192326.4,FROZEN,true,2023-08-01,true,ASSUMPTION,14
2023-06-01,2023-07-01,SKU004,CH05,BASE,FV_BASE_202307,2060,55026720.0,37558346.96,1455469.71,155820.0,FROZEN,true,2023-08-01,true,ASSUMPTION,0
2023-06-01,2023-07-01,SKU004,CH05,UPSIDE,FV_UPSIDE_202307,2140,57163680.0,36836071.05,1455469.71,152703.6,FROZEN,true,2023-08-01,true,ASSUMPTION,-6
2023-06-01,2023-07-01,SKU004,CH05,DOWNSIDE,FV_DOWNSIDE_202307,1920,51287040.0,39364036.71,1484579.1,168285.6,FROZEN,true,2023-08-01,true,ASSUMPTION,14
2023-06-01,2023-07-01,SKU005,CH05,BASE,FV_BASE_202307,2060,53061480.0,37863203.66,1403488.65,150255.0,FROZEN,true,2023-08-01,true,ASSUMPTION,0
2023-06-01,2023-07-01,SKU005,CH05,UPSIDE,FV_UPSIDE_202307,2140,55122120.0,37135065.13,1403488.65,147249.9,FROZEN,true,2023-08-01,true,ASSUMPTION,-6
2023-06-01,2023-07-01,SKU005,CH05,DOWNSIDE,FV_DOWNSIDE_202307,1920,49455360.0,39683549.99,1431558.42,162275.4,FROZEN,true,2023-08-01,true,ASSUMPTION,14
2023-06-01,2023-07-01,SKU006,CH05,BASE,FV_BASE_202307,1030,29478600.0,19205972.87,779715.92,83475.0,FROZEN,true,2023-08-01,true,ASSUMPTION,0
2023-06-01,2023-07-01,SKU006,CH05,UPSIDE,FV_UPSIDE_202307,1070,30623400.0,18836627.24,779715.92,81805.5,FROZEN,true,2023-08-01,true,ASSUMPTION,-6
2023-06-01,2023-07-01,SKU006,CH05,DOWNSIDE,FV_DOWNSIDE_202307,960,27475200.0,20129336.95,795310.24,90153.0,FROZEN,true,2023-08-01,true,ASSUMPTION,14
2023-06-01,2023-07-01,SKU007,CH05,BASE,FV_BASE_202307,2060,45200520.0,38564374.11,1195564.41,127995.0,FROZEN,true,2023-08-01,true,ASSUMPTION,0
2023-06-01,2023-07-01,SKU007,CH05,UPSIDE,FV_UPSIDE_202307,2140,46955880.0,37822751.53,1195564.41,125435.1,FROZEN,true,2023-08-01,true,ASSUMPTION,-6
2023-06-01,2023-07-01,SKU007,CH05,DOWNSIDE,FV_DOWNSIDE_202307,1920,42128640.0,40418430.56,1219475.7,138234.6,FROZEN,true,2023-08-01,true,ASSUMPTION,14
2023-06-01,2023-07-01,SKU008,CH05,BASE,FV_BASE_202307,2060,49131000.0,39631372.6,1299526.53,139125.0,FROZEN,true,2023-08-01,true,ASSUMPTION,0
2023-06-01,2023-07-01,SKU008,CH05,UPSIDE,FV_UPSIDE_202307,2140,51039000.0,38869230.82,1299526.53,136342.5,FROZEN,true,2023-08-01,true,ASSUMPTION,-6
2023-06-01,2023-07-01,SKU008,CH05,DOWNSIDE,FV_DOWNSIDE_202307,1920,45792000.0,41536727.05,1325517.06,150255.0,FROZEN,true,2023-08-01,true,ASSUMPTION,14
2023-06-01,2023-07-01,SKU009,CH05,BASE,FV_BASE_202307,2060,41270040.0,37131547.55,1091602.29,116865.0,FROZEN,true,2023-08-01,true,ASSUMPTION,0
2023-06-01,2023-07-01,SKU009,CH05,UPSIDE,FV_UPSIDE_202307,2140,42872760.0,36417479.33,1091602.29,114527.7,FROZEN,true,2023-08-01,true,ASSUMPTION,-6
2023-06-01,2023-07-01,SKU009,CH05,DOWNSIDE,FV_DOWNSIDE_202307,1920,38465280.0,38916718.11,1113434.34,126214.2,FROZEN,true,2023-08-01,true,ASSUMPTION,14
2023-06-01,2023-07-01,SKU010,CH05,BASE,FV_BASE_202307,2060,47165760.0,36582805.47,1247545.47,133560.0,FROZEN,true,2023-08-01,true,ASSUMPTION,0
2023-06-01,2023-07-01,SKU010,CH05,UPSIDE,FV_UPSIDE_202307,2140,48997440.0,35879289.98,1247545.47,130888.8,FROZEN,true,2023-08-01,true,ASSUMPTION,-6
2023-06-01,2023-07-01,SKU010,CH05,DOWNSIDE,FV_DOWNSIDE_202307,1920,43960320.0,38341594.19,1272496.38,144244.8,FROZEN,true,2023-08-01,true,ASSUMPTION,14
2023-06-01,2023-07-01,SKU011,CH05,BASE,FV_BASE_202307,1030,34391700.0,16004977.39,909668.57,97387.5,FROZEN,true,2023-08-01,true,ASSUMPTION,0
2023-06-01,2023-07-01,SKU011,CH05,UPSIDE,FV_UPSIDE_202307,1070,35727300.0,15697189.37,909668.57,95439.75,FROZEN,true,2023-08-01,true,ASSUMPTION,-6
2023-06-01,2023-07-01,SKU011,CH05,DOWNSIDE,FV_DOWNSIDE_202307,960,32054400.0,16774447.46,927861.94,105178.5,FROZEN,true,2023-08-01,true,ASSUMPTION,14
2023-06-01,2023-07-01,SKU012,CH05,BASE,FV_BASE_202307,1030,28495980.0,17239647.08,753725.39,80692.5,FROZEN,true,2023-08-01,true,ASSUMPTION,0
2023-06-01,2023-07-01,SKU012,CH05,UPSIDE,FV_UPSIDE_202307,1070,29602620.0,16908115.4,753725.39,79078.65,FROZEN,true,2023-08-01,true,ASSUMPTION,-6
2023-06-01,2023-07-01,SKU012,CH05,DOWNSIDE,FV_DOWNSIDE_202307,960,26559360.0,18068476.27,768799.9,87147.9,FROZEN,true,2023-08-01,true,ASSUMPTION,14
2023-07-01,2023-08-01,SKU001,CH01,BASE,FV_BASE_202308,7210,213228540.0,129001927.08,5548526.29,603802.5,FROZEN,true,2023-09-01,true,ASSUMPTION,0
2023-07-01,2023-08-01,SKU001,CH01,UPSIDE,FV_UPSIDE_202308,7490,221509260.0,126521120.79,5548526.29,591726.45,FROZEN,true,2023-09-01,true,ASSUMPTION,-6
2023-07-01,2023-08-01,SKU001,CH01,DOWNSIDE,FV_DOWNSIDE_202308,6720,198737280.0,135203942.81,5659496.82,652106.7,FROZEN,true,2023-09-01,true,ASSUMPTION,14
2023-07-01,2023-08-01,SKU002,CH01,BASE,FV_BASE_202308,5150,176871600.0,96305586.11,4602464.2,500850.0,FROZEN,true,2023-09-01,true,ASSUMPTION,0
2023-07-01,2023-08-01,SKU002,CH01,UPSIDE,FV_UPSIDE_202308,5350,183740400.0,94453555.61,4602464.2,490833.0,FROZEN,true,2023-09-01,true,ASSUMPTION,-6
2023-07-01,2023-08-01,SKU002,CH01,DOWNSIDE,FV_DOWNSIDE_202308,4800,164851200.0,100935662.37,4694513.48,540918.0,FROZEN,true,2023-09-01,true,ASSUMPTION,14
2023-07-01,2023-08-01,SKU003,CH01,BASE,FV_BASE_202308,4120,125775360.0,72288637.48,3272863.43,356160.0,FROZEN,true,2023-09-01,true,ASSUMPTION,0
2023-07-01,2023-08-01,SKU003,CH01,UPSIDE,FV_UPSIDE_202308,4280,130659840.0,70898471.38,3272863.43,349036.8,FROZEN,true,2023-09-01,true,ASSUMPTION,-6
2023-07-01,2023-08-01,SKU003,CH01,DOWNSIDE,FV_DOWNSIDE_202308,3840,117227520.0,75764052.74,3338320.7,384652.8,FROZEN,true,2023-09-01,true,ASSUMPTION,14
2023-07-01,2023-08-01,SKU004,CH01,BASE,FV_BASE_202308,6180,165080160.0,109859705.64,4295633.25,467460.0,FROZEN,true,2023-09-01,true,ASSUMPTION,0
2023-07-01,2023-08-01,SKU004,CH01,UPSIDE,FV_UPSIDE_202308,6420,171491040.0,107747019.0,4295633.25,458110.8,FROZEN,true,2023-09-01,true,ASSUMPTION,-6
2023-07-01,2023-08-01,SKU004,CH01,DOWNSIDE,FV_DOWNSIDE_202308,5760,153861120.0,115141422.26,4381545.92,504856.8,FROZEN,true,2023-09-01,true,ASSUMPTION,14
2023-07-01,2023-08-01,SKU005,CH01,BASE,FV_BASE_202308,5150,132653700.0,92292853.36,3451848.15,375637.5,FROZEN,true,2023-09-01,true,ASSUMPTION,0
2023-07-01,2023-08-01,SKU005,CH01,UPSIDE,FV_UPSIDE_202308,5350,137805300.0,90517990.79,3451848.15,368124.75,FROZEN,true,2023-09-01,true,ASSUMPTION,-6
2023-07-01,2023-08-01,SKU005,CH01,DOWNSIDE,FV_DOWNSIDE_202308,4800,123638400.0,96730009.77,3520885.11,405688.5,FROZEN,true,2023-09-01,true,ASSUMPTION,14
2023-07-01,2023-08-01,SKU006,CH01,BASE,FV_BASE_202308,4120,117914400.0,74904344.76,3068309.47,333900.0,FROZEN,true,2023-09-01,true,ASSUMPTION,0
2023-07-01,2023-08-01,SKU006,CH01,UPSIDE,FV_UPSIDE_202308,4280,122493600.0,73463876.59,3068309.47,327222.0,FROZEN,true,2023-09-01,true,ASSUMPTION,-6
2023-07-01,2023-08-01,SKU006,CH01,DOWNSIDE,FV_DOWNSIDE_202308,3840,109900800.0,78505515.18,3129675.66,360612.0,FROZEN,true,2023-09-01,true,ASSUMPTION,14
2023-07-01,2023-08-01,SKU007,CH01,BASE,FV_BASE_202308,7210,158201820.0,131602772.39,4116648.54,447982.5,FROZEN,true,2023-09-01,true,ASSUMPTION,0
2023-07-01,2023-08-01,SKU007,CH01,UPSIDE,FV_UPSIDE_202308,7490,164345580.0,129071949.85,4116648.54,439022.85,FROZEN,true,2023-09-01,true,ASSUMPTION,-6
2023-07-01,2023-08-01,SKU007,CH01,DOWNSIDE,FV_DOWNSIDE_202308,6720,147450240.0,137929828.76,4198981.51,483821.1,FROZEN,true,2023-09-01,true,ASSUMPTION,14
2023-07-01,2023-08-01,SKU008,CH01,BASE,FV_BASE_202308,6180,147393000.0,115923390.7,3835386.83,417375.0,FROZEN,true,2023-09-01,true,ASSUMPTION,0
2023-07-01,2023-08-01,SKU008,CH01,UPSIDE,FV_UPSIDE_202308,6420,153117000.0,113694094.73,3835386.83,409027.5,FROZEN,true,2023-09-01,true,ASSUMPTION,-6
2023-07-01,2023-08-01,SKU008,CH01,DOWNSIDE,FV_DOWNSIDE_202308,5760,137376000.0,121496630.64,3912094.57,450765.0,FROZEN,true,2023-09-01,true,ASSUMPTION,14
2023-07-01,2023-08-01,SKU009,CH01,BASE,FV_BASE_202308,7210,144445140.0,126713183.22,3758679.1,409027.5,FROZEN,true,2023-09-01,true,ASSUMPTION,0
2023-07-01,2023-08-01,SKU009,CH01,UPSIDE,FV_UPSIDE_202308,7490,150054660.0,124276391.23,3758679.1,400846.95,FROZEN,true,2023-09-01,true,ASSUMPTION,-6
2023-07-01,2023-08-01,SKU009,CH01,DOWNSIDE,FV_DOWNSIDE_202308,6720,134628480.0,132805163.18,3833852.68,441749.7,FROZEN,true,2023-09-01,true,ASSUMPTION,14
2023-07-01,2023-08-01,SKU010,CH01,BASE,FV_BASE_202308,5150,117914400.0,89171839.0,3068309.47,333900.0,FROZEN,true,2023-09-01,true,ASSUMPTION,0
2023-07-01,2023-08-01,SKU010,CH01,UPSIDE,FV_UPSIDE_202308,5350,122493600.0,87456995.94,3068309.47,327222.0,FROZEN,true,2023-09-01,true,ASSUMPTION,-6
2023-07-01,2023-08-01,SKU010,CH01,DOWNSIDE,FV_DOWNSIDE_202308,4800,109900800.0,93458946.64,3129675.66,360612.0,FROZEN,true,2023-09-01,true,ASSUMPTION,14
2023-07-01,2023-08-01,SKU011,CH01,BASE,FV_BASE_202308,3090,103175100.0,46815215.47,2684770.78,292162.5,FROZEN,true,2023-09-01,true,ASSUMPTION,0
2023-07-01,2023-08-01,SKU011,CH01,UPSIDE,FV_UPSIDE_202308,3210,107181900.0,45914922.87,2684770.78,286319.25,FROZEN,true,2023-09-01,true,ASSUMPTION,-6
2023-07-01,2023-08-01,SKU011,CH01,DOWNSIDE,FV_DOWNSIDE_202308,2880,96163200.0,49065946.98,2738466.2,315535.5,FROZEN,true,2023-09-01,true,ASSUMPTION,14
2023-07-01,2023-08-01,SKU012,CH01,BASE,FV_BASE_202308,4120,113983920.0,67235566.61,2966032.49,322770.0,FROZEN,true,2023-09-01,true,ASSUMPTION,0
2023-07-01,2023-08-01,SKU012,CH01,UPSIDE,FV_UPSIDE_202308,4280,118410480.0,65942574.95,2966032.49,316314.6,FROZEN,true,2023-09-01,true,ASSUMPTION,-6
2023-07-01,2023-08-01,SKU012,CH01,DOWNSIDE,FV_DOWNSIDE_202308,3840,106237440.0,70468045.78,3025353.14,348591.6,FROZEN,true,2023-09-01,true,ASSUMPTION,14
2023-07-01,2023-08-01,SKU001,CH02,BASE,FV_BASE_202308,5150,152306100.0,94426438.82,6000058.53,431287.5,FROZEN,true,2023-09-01,true,ASSUMPTION,0
2023-07-01,2023-08-01,SKU001,CH02,UPSIDE,FV_UPSIDE_202308,5350,158220900.0,92610545.76,6000058.53,422661.75,FROZEN,true,2023-09-01,true,ASSUMPTION,-6
2023-07-01,2023-08-01,SKU001,CH02,DOWNSIDE,FV_DOWNSIDE_202308,4800,141955200.0,98966171.45,6120059.7,465790.5,FROZEN,true,2023-09-01,true,ASSUMPTION,14
2023-07-01,2023-08-01,SKU002,CH02,BASE,FV_BASE_202308,4120,141497280.0,78952686.91,5574247.92,400680.0,FROZEN,true,2023-09-01,true,ASSUMPTION,0
2023-07-01,2023-08-01,SKU002,CH02,UPSIDE,FV_UPSIDE_202308,4280,146992320.0,77434366.01,5574247.92,392666.4,FROZEN,true,2023-09-01,true,ASSUMPTION,-6
2023-07-01,2023-08-01,SKU002,CH02,DOWNSIDE,FV_DOWNSIDE_202308,3840,131880960.0,82748489.17,5685732.88,432734.4,FROZEN,true,2023-09-01,true,ASSUMPTION,14
2023-07-01,2023-08-01,SKU003,CH02,BASE,FV_BASE_202308,3090,94331520.0,55559298.19,3716165.28,267120.0,FROZEN,true,2023-09-01,true,ASSUMPTION,0
2023-07-01,2023-08-01,SKU003,CH02,UPSIDE,FV_UPSIDE_202308,3210,97994880.0,54490850.15,3716165.28,261777.6,FROZEN,true,2023-09-01,true,ASSUMPTION,-6
2023-07-01,2023-08-01,SKU003,CH02,DOWNSIDE,FV_DOWNSIDE_202308,2880,87920640.0,58230418.3,3790488.59,288489.6,FROZEN,true,2023-09-01,true,ASSUMPTION,14
2023-07-01,2023-08-01,SKU004,CH02,BASE,FV_BASE_202308,5150,137566800.0,93817235.99,5419407.7,389550.0,FROZEN,true,2023-09-01,true,ASSUMPTION,0
2023-07-01,2023-08-01,SKU004,CH02,UPSIDE,FV_UPSIDE_202308,5350,142909200.0,92013058.38,5419407.7,381759.0,FROZEN,true,2023-09-01,true,ASSUMPTION,-6
2023-07-01,2023-08-01,SKU004,CH02,DOWNSIDE,FV_DOWNSIDE_202308,4800,128217600.0,98327680.03,5527795.85,420714.0,FROZEN,true,2023-09-01,true,ASSUMPTION,14
2023-07-01,2023-08-01,SKU005,CH02,BASE,FV_BASE_202308,4120,106122960.0,75662991.62,4180685.94,300510.0,FROZEN,true,2023-09-01,true,ASSUMPTION,0
2023-07-01,2023-08-01,SKU005,CH02,UPSIDE,FV_UPSIDE_202308,4280,110244240.0,74207934.09,4180685.94,294499.8,FROZEN,true,2023-09-01,true,ASSUMPTION,-6
2023-07-01,2023-08-01,SKU005,CH02,DOWNSIDE,FV_DOWNSIDE_202308,3840,98910720.0,79300635.45,4264299.66,324550.8,FROZEN,true,2023-09-01,true,ASSUMPTION,14
2023-07-01,2023-08-01,SKU006,CH02,BASE,FV_BASE_202308,3090,88435800.0,57569667.54,3483904.95,250425.0,FROZEN,true,2023-09-01,true,ASSUMPTION,0
2023-07-01,2023-08-01,SKU006,CH02,UPSIDE,FV_UPSIDE_202308,3210,91870200.0,56462558.55,3483904.95,245416.5,FROZEN,true,2023-09-01,true,ASSUMPTION,-6
2023-07-01,2023-08-01,SKU006,CH02,DOWNSIDE,FV_DOWNSIDE_202308,2880,82425600.0,60337440.02,3553583.05,270459.0,FROZEN,true,2023-09-01,true,ASSUMPTION,14
2023-07-01,2023-08-01,SKU007,CH02,BASE,FV_BASE_202308,5150,113001300.0,96330197.66,4451656.33,319987.5,FROZEN,true,2023-09-01,true,ASSUMPTION,0
2023-07-01,2023-08-01,SKU007,CH02,UPSIDE,FV_UPSIDE_202308,5350,117389700.0,94477693.86,4451656.33,313587.75,FROZEN,true,2023-09-01,true,ASSUMPTION,-6
2023-07-01,2023-08-01,SKU007,CH02,DOWNSIDE,FV_DOWNSIDE_202308,4800,105321600.0,100961457.17,4540689.46,345586.5,FROZEN,true,2023-09-01,true,ASSUMPTION,14
2023-07-01,2023-08-01,SKU008,CH02,BASE,FV_BASE_202308,4120,98262000.0,79196368.05,3871005.5,278250.0,FROZEN,true,2023-09-01,true,ASSUMPTION,0
2023-07-01,2023-08-01,SKU008,CH02,UPSIDE,FV_UPSIDE_202308,4280,102078000.0,77673360.97,3871005.5,272685.0,FROZEN,true,2023-09-01,true,ASSUMPTION,-6
2023-07-01,2023-08-01,SKU008,CH02,DOWNSIDE,FV_DOWNSIDE_202308,3840,91584000.0,83003885.74,3948425.61,300510.0,FROZEN,true,2023-09-01,true,ASSUMPTION,14
2023-07-01,2023-08-01,SKU009,CH02,BASE,FV_BASE_202308,5150,103175100.0,92751131.03,4064555.78,292162.5,FROZEN,true,2023-09-01,true,ASSUMPTION,0
2023-07-01,2023-08-01,SKU009,CH02,UPSIDE,FV_UPSIDE_202308,5350,107181900.0,90967455.44,4064555.78,286319.25,FROZEN,true,2023-09-01,true,ASSUMPTION,-6
2023-07-01,2023-08-01,SKU009,CH02,DOWNSIDE,FV_DOWNSIDE_202308,4800,96163200.0,97210320.03,4145846.9,315535.5,FROZEN,true,2023-09-01,true,ASSUMPTION,14
2023-07-01,2023-08-01,SKU010,CH02,BASE,FV_BASE_202308,4120,94331520.0,73104339.73,3716165.28,267120.0,FROZEN,true,2023-09-01,true,ASSUMPTION,0
2023-07-01,2023-08-01,SKU010,CH02,UPSIDE,FV_UPSIDE_202308,4280,97994880.0,71698487.05,3716165.28,261777.6,FROZEN,true,2023-09-01,true,ASSUMPTION,-6
2023-07-01,2023-08-01,SKU010,CH02,DOWNSIDE,FV_DOWNSIDE_202308,3840,87920640.0,76618971.45,3790488.59,288489.6,FROZEN,true,2023-09-01,true,ASSUMPTION,14
2023-07-01,2023-08-01,SKU011,CH02,BASE,FV_BASE_202308,2060,68783400.0,31983148.63,2709703.85,194775.0,FROZEN,true,2023-09-01,true,ASSUMPTION,0
2023-07-01,2023-08-01,SKU011,CH02,UPSIDE,FV_UPSIDE_202308,2140,71454600.0,31368088.08,2709703.85,190879.5,FROZEN,true,2023-09-01,true,ASSUMPTION,-6
2023-07-01,2023-08-01,SKU011,CH02,DOWNSIDE,FV_DOWNSIDE_202308,1920,64108800.0,33520800.01,2763897.93,210357.0,FROZEN,true,2023-09-01,true,ASSUMPTION,14
2023-07-01,2023-08-01,SKU012,CH02,BASE,FV_BASE_202308,3090,85487940.0,51675630.15,3367774.79,242077.5,FROZEN,true,2023-09-01,true,ASSUMPTION,0
2023-07-01,2023-08-01,SKU012,CH02,UPSIDE,FV_UPSIDE_202308,3210,88807860.0,50681868.03,3367774.79,237235.95,FROZEN,true,2023-09-01,true,ASSUMPTION,-6
2023-07-01,2023-08-01,SKU012,CH02,DOWNSIDE,FV_DOWNSIDE_202308,2880,79678080.0,54160035.44,3435130.29,261443.7,FROZEN,true,2023-09-01,true,ASSUMPTION,14
2023-07-01,2023-08-01,SKU001,CH03,BASE,FV_BASE_202308,4120,118651880.0,75265298.39,3055581.07,335988.33,FROZEN,true,2023-09-01,true,ASSUMPTION,0
2023-07-01,2023-08-01,SKU001,CH03,UPSIDE,FV_UPSIDE_202308,4280,123259720.0,73817888.8,3055581.07,329268.57,FROZEN,true,2023-09-01,true,ASSUMPTION,-6
2023-07-01,2023-08-01,SKU001,CH03,DOWNSIDE,FV_DOWNSIDE_202308,3840,110588160.0,78883822.35,3116692.69,362867.4,FROZEN,true,2023-09-01,true,ASSUMPTION,14
2023-07-01,2023-08-01,SKU002,CH03,BASE,FV_BASE_202308,3090,103341960.0,58998282.28,2661312.55,292635.0,FROZEN,true,2023-09-01,true,ASSUMPTION,0
2023-07-01,2023-08-01,SKU002,CH03,UPSIDE,FV_UPSIDE_202308,3210,107355240.0,57863699.93,2661312.55,286782.3,FROZEN,true,2023-09-01,true,ASSUMPTION,-6
2023-07-01,2023-08-01,SKU002,CH03,DOWNSIDE,FV_DOWNSIDE_202308,2880,96318720.0,61834738.16,2714538.8,316045.8,FROZEN,true,2023-09-01,true,ASSUMPTION,14
2023-07-01,2023-08-01,SKU003,CH03,BASE,FV_BASE_202308,2060,61239680.0,36904275.35,1577074.1,173413.33,FROZEN,true,2023-09-01,true,ASSUMPTION,0
2023-07-01,2023-08-01,SKU003,CH03,UPSIDE,FV_UPSIDE_202308,2140,63617920.0,36194577.74,1577074.1,169945.07,FROZEN,true,2023-09-01,true,ASSUMPTION,-6
2023-07-01,2023-08-01,SKU003,CH03,DOWNSIDE,FV_DOWNSIDE_202308,1920,57077760.0,38678519.35,1608615.58,187286.4,FROZEN,true,2023-09-01,true,ASSUMPTION,14
2023-07-01,2023-08-01,SKU004,CH03,BASE,FV_BASE_202308,4120,107169440.0,74779715.83,2759879.68,303473.33,FROZEN,true,2023-09-01,true,ASSUMPTION,0
2023-07-01,2023-08-01,SKU004,CH03,UPSIDE,FV_UPSIDE_202308,4280,111331360.0,73341644.37,2759879.68,297403.87,FROZEN,true,2023-09-01,true,ASSUMPTION,-6
2023-07-01,2023-08-01,SKU004,CH03,DOWNSIDE,FV_DOWNSIDE_202308,3840,99886080.0,78374894.47,2815077.27,327751.2,FROZEN,true,2023-09-01,true,ASSUMPTION,14
2023-07-01,2023-08-01,SKU005,CH03,BASE,FV_BASE_202308,3090,77506470.0,56540020.52,1995984.41,219476.25,FROZEN,true,2023-09-01,true,ASSUMPTION,0
2023-07-01,2023-08-01,SKU005,CH03,UPSIDE,FV_UPSIDE_202308,3210,80516430.0,55452712.44,1995984.41,215086.73,FROZEN,true,2023-09-01,true,ASSUMPTION,-6
2023-07-01,2023-08-01,SKU005,CH03,DOWNSIDE,FV_DOWNSIDE_202308,2880,72239040.0,59258290.74,2035904.1,237034.35,FROZEN,true,2023-09-01,true,ASSUMPTION,14
2023-07-01,2023-08-01,SKU006,CH03,BASE,FV_BASE_202308,2060,57412200.0,38239627.41,1478506.97,162575.0,FROZEN,true,2023-09-01,true,ASSUMPTION,0
2023-07-01,2023-08-01,SKU006,CH03,UPSIDE,FV_UPSIDE_202308,2140,59641800.0,37504249.96,1478506.97,159323.5,FROZEN,true,2023-09-01,true,ASSUMPTION,-6
2023-07-01,2023-08-01,SKU006,CH03,DOWNSIDE,FV_DOWNSIDE_202308,1920,53510400.0,40078071.04,1508077.11,175581.0,FROZEN,true,2023-09-01,true,ASSUMPTION,14
2023-07-01,2023-08-01,SKU007,CH03,BASE,FV_BASE_202308,4120,88032040.0,76782743.93,2267044.02,249281.67,FROZEN,true,2023-09-01,true,ASSUMPTION,0
2023-07-01,2023-08-01,SKU007,CH03,UPSIDE,FV_UPSIDE_202308,4280,91450760.0,75306152.7,2267044.02,244296.03,FROZEN,true,2023-09-01,true,ASSUMPTION,-6
2023-07-01,2023-08-01,SKU007,CH03,DOWNSIDE,FV_DOWNSIDE_202308,3840,82049280.0,80474222.0,2312384.9,269224.2,FROZEN,true,2023-09-01,true,ASSUMPTION,14
2023-07-01,2023-08-01,SKU008,CH03,BASE,FV_BASE_202308,3090,71765250.0,59180375.75,1848133.71,203218.75,FROZEN,true,2023-09-01,true,ASSUMPTION,0
2023-07-01,2023-08-01,SKU008,CH03,UPSIDE,FV_UPSIDE_202308,3210,74552250.0,58042291.6,1848133.71,199154.38,FROZEN,true,2023-09-01,true,ASSUMPTION,-6
2023-07-01,2023-08-01,SKU008,CH03,DOWNSIDE,FV_DOWNSIDE_202308,2880,66888000.0,62025586.12,1885096.38,219476.25,FROZEN,true,2023-09-01,true,ASSUMPTION,14
2023-07-01,2023-08-01,SKU009,CH03,BASE,FV_BASE_202308,4120,80377080.0,73929946.32,2069909.76,227605.0,FROZEN,true,2023-09-01,true,ASSUMPTION,0
2023-07-01,2023-08-01,SKU009,CH03,UPSIDE,FV_UPSIDE_202308,4280,83498520.0,72508216.59,2069909.76,223052.9,FROZEN,true,2023-09-01,true,ASSUMPTION,-6
2023-07-01,2023-08-01,SKU009,CH03,DOWNSIDE,FV_DOWNSIDE_202308,3840,74914560.0,77484270.67,2111307.96,245813.4,FROZEN,true,2023-09-01,true,ASSUMPTION,14
2023-07-01,2023-08-01,SKU010,CH03,BASE,FV_BASE_202308,3090,68894640.0,54628039.16,1774208.37,195090.0,FROZEN,true,2023-09-01,true,ASSUMPTION,0
2023-07-01,2023-08-01,SKU010,CH03,UPSIDE,FV_UPSIDE_202308,3210,71570160.0,53577499.94,1774208.37,191188.2,FROZEN,true,2023-09-01,true,ASSUMPTION,-6
2023-07-01,2023-08-01,SKU010,CH03,DOWNSIDE,FV_DOWNSIDE_202308,2880,64212480.0,57254387.2,1809692.54,210697.2,FROZEN,true,2023-09-01,true,ASSUMPTION,14
2023-07-01,2023-08-01,SKU011,CH03,BASE,FV_BASE_202308,2060,66980900.0,31866356.17,1724924.8,189670.83,FROZEN,true,2023-09-01,true,ASSUMPTION,0
2023-07-01,2023-08-01,SKU011,CH03,UPSIDE,FV_UPSIDE_202308,2140,69582100.0,31253541.63,1724924.8,185877.42,FROZEN,true,2023-09-01,true,ASSUMPTION,-6
2023-07-01,2023-08-01,SKU011,CH03,DOWNSIDE,FV_DOWNSIDE_202308,1920,62428800.0,33398392.53,1759423.3,204844.5,FROZEN,true,2023-09-01,true,ASSUMPTION,14
2023-07-01,2023-08-01,SKU012,CH03,BASE,FV_BASE_202308,2060,55498460.0,34324617.93,1429223.41,157155.83,FROZEN,true,2023-09-01,true,ASSUMPTION,0
2023-07-01,2023-08-01,SKU012,CH03,UPSIDE,FV_UPSIDE_202308,2140,57653740.0,33664529.13,1429223.41,154012.72,FROZEN,true,2023-09-01,true,ASSUMPTION,-6
2023-07-01,2023-08-01,SKU012,CH03,DOWNSIDE,FV_DOWNSIDE_202308,1920,51726720.0,35974839.95,1457807.88,169728.3,FROZEN,true,2023-09-01,true,ASSUMPTION,14
2023-07-01,2023-08-01,SKU001,CH04,BASE,FV_BASE_202308,2060,60156120.0,35994613.92,1566463.38,170345.0,FROZEN,true,2023-09-01,true,ASSUMPTION,0
2023-07-01,2023-08-01,SKU001,CH04,UPSIDE,FV_UPSIDE_202308,2140,62492280.0,35302409.8,1566463.38,166938.1,FROZEN,true,2023-09-01,true,ASSUMPTION,-6
2023-07-01,2023-08-01,SKU001,CH04,DOWNSIDE,FV_DOWNSIDE_202308,1920,56067840.0,37725124.2,1597792.65,183972.6,FROZEN,true,2023-09-01,true,ASSUMPTION,14
2023-07-01,2023-08-01,SKU002,CH04,BASE,FV_BASE_202308,1030,34929360.0,18810088.56,909559.38,98910.0,FROZEN,true,2023-09-01,true,ASSUMPTION,0
2023-07-01,2023-08-01,SKU002,CH04,UPSIDE,FV_UPSIDE_202308,1070,36285840.0,18448356.09,909559.38,96931.8,FROZEN,true,2023-09-01,true,ASSUMPTION,-6
2023-07-01,2023-08-01,SKU002,CH04,DOWNSIDE,FV_DOWNSIDE_202308,960,32555520.0,19714419.75,927750.57,106822.8,FROZEN,true,2023-09-01,true,ASSUMPTION,14
2023-07-01,2023-08-01,SKU003,CH04,BASE,FV_BASE_202308,1030,31048320.0,17648971.98,808497.23,87920.0,FROZEN,true,2023-09-01,true,ASSUMPTION,0
2023-07-01,2023-08-01,SKU003,CH04,UPSIDE,FV_UPSIDE_202308,1070,32254080.0,17309568.68,808497.23,86161.6,FROZEN,true,2023-09-01,true,ASSUMPTION,-6
2023-07-01,2023-08-01,SKU003,CH04,DOWNSIDE,FV_DOWNSIDE_202308,960,28938240.0,18497480.25,824667.17,94953.6,FROZEN,true,2023-09-01,true,ASSUMPTION,14
2023-07-01,2023-08-01,SKU004,CH04,BASE,FV_BASE_202308,2060,54334560.0,35762390.6,1414870.15,153860.0,FROZEN,true,2023-09-01,true,ASSUMPTION,0
2023-07-01,2023-08-01,SKU004,CH04,UPSIDE,FV_UPSIDE_202308,2140,56444640.0,35074652.32,1414870.15,150782.8,FROZEN,true,2023-09-01,true,ASSUMPTION,-6
2023-07-01,2023-08-01,SKU004,CH04,DOWNSIDE,FV_DOWNSIDE_202308,1920,50641920.0,37481736.3,1443167.55,166168.8,FROZEN,true,2023-09-01,true,ASSUMPTION,14
2023-07-01,2023-08-01,SKU005,CH04,BASE,FV_BASE_202308,2060,52394040.0,36052669.75,1364339.08,148365.0,FROZEN,true,2023-09-01,true,ASSUMPTION,0
2023-07-01,2023-08-01,SKU005,CH04,UPSIDE,FV_UPSIDE_202308,2140,54428760.0,35359349.18,1364339.08,145397.7,FROZEN,true,2023-09-01,true,ASSUMPTION,-6
2023-07-01,2023-08-01,SKU005,CH04,DOWNSIDE,FV_DOWNSIDE_202308,1920,48833280.0,37785971.18,1391625.86,160234.2,FROZEN,true,2023-09-01,true,ASSUMPTION,14
2023-07-01,2023-08-01,SKU006,CH04,BASE,FV_BASE_202308,1030,29107800.0,18287586.11,757966.15,82425.0,FROZEN,true,2023-09-01,true,ASSUMPTION,0
2023-07-01,2023-08-01,SKU006,CH04,UPSIDE,FV_UPSIDE_202308,1070,30238200.0,17935901.76,757966.15,80776.5,FROZEN,true,2023-09-01,true,ASSUMPTION,-6
2023-07-01,2023-08-01,SKU006,CH04,DOWNSIDE,FV_DOWNSIDE_202308,960,27129600.0,19166796.98,773125.47,89019.0,FROZEN,true,2023-09-01,true,ASSUMPTION,14
2023-07-01,2023-08-01,SKU007,CH04,BASE,FV_BASE_202308,2060,44631960.0,36720311.78,1162214.77,126385.0,FROZEN,true,2023-09-01,true,ASSUMPTION,0
2023-07-01,2023-08-01,SKU007,CH04,UPSIDE,FV_UPSIDE_202308,2140,46365240.0,36014151.94,1162214.77,123857.3,FROZEN,true,2023-09-01,true,ASSUMPTION,-6
2023-07-01,2023-08-01,SKU007,CH04,DOWNSIDE,FV_DOWNSIDE_202308,1920,41598720.0,38485711.39,1185459.07,136495.8,FROZEN,true,2023-09-01,true,ASSUMPTION,14
2023-07-01,2023-08-01,SKU008,CH04,BASE,FV_BASE_202308,2060,48513000.0,37736288.79,1263276.92,137375.0,FROZEN,true,2023-09-01,true,ASSUMPTION,0
2023-07-01,2023-08-01,SKU008,CH04,UPSIDE,FV_UPSIDE_202308,2140,50397000.0,37010590.93,1263276.92,134627.5,FROZEN,true,2023-09-01,true,ASSUMPTION,-6
2023-07-01,2023-08-01,SKU008,CH04,DOWNSIDE,FV_DOWNSIDE_202308,1920,45216000.0,39550533.45,1288542.46,148365.0,FROZEN,true,2023-09-01,true,ASSUMPTION,14
2023-07-01,2023-08-01,SKU009,CH04,BASE,FV_BASE_202308,2060,40750920.0,35355999.81,1061152.62,115395.0,FROZEN,true,2023-09-01,true,ASSUMPTION,0
2023-07-01,2023-08-01,SKU009,CH04,UPSIDE,FV_UPSIDE_202308,2140,42333480.0,34676076.73,1061152.62,113087.1,FROZEN,true,2023-09-01,true,ASSUMPTION,-6
2023-07-01,2023-08-01,SKU009,CH04,DOWNSIDE,FV_DOWNSIDE_202308,1920,37981440.0,37055807.49,1082375.67,124626.6,FROZEN,true,2023-09-01,true,ASSUMPTION,14
2023-07-01,2023-08-01,SKU010,CH04,BASE,FV_BASE_202308,2060,46572480.0,34833497.35,1212745.85,131880.0,FROZEN,true,2023-09-01,true,ASSUMPTION,0
2023-07-01,2023-08-01,SKU010,CH04,UPSIDE,FV_UPSIDE_202308,2140,48381120.0,34163622.4,1212745.85,129242.4,FROZEN,true,2023-09-01,true,ASSUMPTION,-6
2023-07-01,2023-08-01,SKU010,CH04,DOWNSIDE,FV_DOWNSIDE_202308,1920,43407360.0,36508184.72,1237000.77,142430.4,FROZEN,true,2023-09-01,true,ASSUMPTION,14
2023-07-01,2023-08-01,SKU011,CH04,BASE,FV_BASE_202308,1030,33959100.0,15239655.09,884293.85,96162.5,FROZEN,true,2023-09-01,true,ASSUMPTION,0
2023-07-01,2023-08-01,SKU011,CH04,UPSIDE,FV_UPSIDE_202308,1070,35277900.0,14946584.8,884293.85,94239.25,FROZEN,true,2023-09-01,true,ASSUMPTION,-6
2023-07-01,2023-08-01,SKU011,CH04,DOWNSIDE,FV_DOWNSIDE_202308,960,31651200.0,15972330.82,901979.73,103855.5,FROZEN,true,2023-09-01,true,ASSUMPTION,14
2023-07-01,2023-08-01,SKU012,CH04,BASE,FV_BASE_202308,1030,28137540.0,16415285.61,732700.62,79677.5,FROZEN,true,2023-09-01,true,ASSUMPTION,0
2023-07-01,2023-08-01,SKU012,CH04,UPSIDE,FV_UPSIDE_202308,1070,29230260.0,16099607.04,732700.62,78083.95,FROZEN,true,2023-09-01,true,ASSUMPTION,-6
2023-07-01,2023-08-01,SKU012,CH04,DOWNSIDE,FV_DOWNSIDE_202308,960,26225280.0,17204482.03,747354.63,86051.7,FROZEN,true,2023-09-01,true,ASSUMPTION,14
2023-07-01,2023-08-01,SKU001,CH05,BASE,FV_BASE_202308,2060,60922440.0,37363449.48,1584235.25,172515.0,FROZEN,true,2023-09-01,true,ASSUMPTION,0
2023-07-01,2023-08-01,SKU001,CH05,UPSIDE,FV_UPSIDE_202308,2140,63288360.0,36644921.6,1584235.25,169064.7,FROZEN,true,2023-09-01,true,ASSUMPTION,-6
2023-07-01,2023-08-01,SKU001,CH05,DOWNSIDE,FV_DOWNSIDE_202308,1920,56782080.0,39159769.17,1615919.96,186316.2,FROZEN,true,2023-09-01,true,ASSUMPTION,14
2023-07-01,2023-08-01,SKU002,CH05,BASE,FV_BASE_202308,2060,70748640.0,39050831.07,1839757.07,200340.0,FROZEN,true,2023-09-01,true,ASSUMPTION,0
2023-07-01,2023-08-01,SKU002,CH05,UPSIDE,FV_UPSIDE_202308,2140,73496160.0,38299853.55,1839757.07,196333.2,FROZEN,true,2023-09-01,true,ASSUMPTION,-6
2023-07-01,2023-08-01,SKU002,CH05,DOWNSIDE,FV_DOWNSIDE_202308,1920,65940480.0,40928274.87,1876552.21,216367.2,FROZEN,true,2023-09-01,true,ASSUMPTION,14
2023-07-01,2023-08-01,SKU003,CH05,BASE,FV_BASE_202308,2060,62887680.0,36640285.94,1635339.62,178080.0,FROZEN,true,2023-09-01,true,ASSUMPTION,0
2023-07-01,2023-08-01,SKU003,CH05,UPSIDE,FV_UPSIDE_202308,2140,65329920.0,35935665.05,1635339.62,174518.4,FROZEN,true,2023-09-01,true,ASSUMPTION,-6
2023-07-01,2023-08-01,SKU003,CH05,DOWNSIDE,FV_DOWNSIDE_202308,1920,58613760.0,38401838.15,1668046.41,192326.4,FROZEN,true,2023-09-01,true,ASSUMPTION,14
2023-07-01,2023-08-01,SKU004,CH05,BASE,FV_BASE_202308,2060,55026720.0,37122394.97,1430922.17,155820.0,FROZEN,true,2023-09-01,true,ASSUMPTION,0
2023-07-01,2023-08-01,SKU004,CH05,UPSIDE,FV_UPSIDE_202308,2140,57163680.0,36408502.76,1430922.17,152703.6,FROZEN,true,2023-09-01,true,ASSUMPTION,-6
2023-07-01,2023-08-01,SKU004,CH05,DOWNSIDE,FV_DOWNSIDE_202308,1920,51287040.0,38907125.5,1459540.61,168285.6,FROZEN,true,2023-09-01,true,ASSUMPTION,14
2023-07-01,2023-08-01,SKU005,CH05,BASE,FV_BASE_202308,2060,53061480.0,37423713.11,1379817.8,150255.0,FROZEN,true,2023-09-01,true,ASSUMPTION,0
2023-07-01,2023-08-01,SKU005,CH05,UPSIDE,FV_UPSIDE_202308,2140,55122120.0,36704026.32,1379817.8,147249.9,FROZEN,true,2023-09-01,true,ASSUMPTION,-6
2023-07-01,2023-08-01,SKU005,CH05,DOWNSIDE,FV_DOWNSIDE_202308,1920,49455360.0,39222930.09,1407414.16,162275.4,FROZEN,true,2023-09-01,true,ASSUMPTION,14
2023-07-01,2023-08-01,SKU006,CH05,BASE,FV_BASE_202308,1030,29478600.0,18983042.88,766565.45,83475.0,FROZEN,true,2023-09-01,true,ASSUMPTION,0
2023-07-01,2023-08-01,SKU006,CH05,UPSIDE,FV_UPSIDE_202308,1070,30623400.0,18617984.37,766565.45,81805.5,FROZEN,true,2023-09-01,true,ASSUMPTION,-6
2023-07-01,2023-08-01,SKU006,CH05,DOWNSIDE,FV_DOWNSIDE_202308,960,27475200.0,19895689.18,781896.76,90153.0,FROZEN,true,2023-09-01,true,ASSUMPTION,14
2023-07-01,2023-08-01,SKU007,CH05,BASE,FV_BASE_202308,2060,45200520.0,38116744.83,1175400.35,127995.0,FROZEN,true,2023-09-01,true,ASSUMPTION,0
2023-07-01,2023-08-01,SKU007,CH05,UPSIDE,FV_UPSIDE_202308,2140,46955880.0,37383730.5,1175400.35,125435.1,FROZEN,true,2023-09-01,true,ASSUMPTION,-6
2023-07-01,2023-08-01,SKU007,CH05,DOWNSIDE,FV_DOWNSIDE_202308,1920,42128640.0,39949280.64,1198908.36,138234.6,FROZEN,true,2023-09-01,true,ASSUMPTION,14
2023-07-01,2023-08-01,SKU008,CH05,BASE,FV_BASE_202308,2060,49131000.0,39171358.32,1277609.08,139125.0,FROZEN,true,2023-09-01,true,ASSUMPTION,0
2023-07-01,2023-08-01,SKU008,CH05,UPSIDE,FV_UPSIDE_202308,2140,51039000.0,38418062.97,1277609.08,136342.5,FROZEN,true,2023-09-01,true,ASSUMPTION,-6
2023-07-01,2023-08-01,SKU008,CH05,DOWNSIDE,FV_DOWNSIDE_202308,1920,45792000.0,41054596.71,1303161.26,150255.0,FROZEN,true,2023-09-01,true,ASSUMPTION,14
2023-07-01,2023-08-01,SKU009,CH05,BASE,FV_BASE_202308,2060,41270040.0,36700549.57,1073191.62,116865.0,FROZEN,true,2023-09-01,true,ASSUMPTION,0
2023-07-01,2023-08-01,SKU009,CH05,UPSIDE,FV_UPSIDE_202308,2140,42872760.0,35994769.77,1073191.62,114527.7,FROZEN,true,2023-09-01,true,ASSUMPTION,-6
2023-07-01,2023-08-01,SKU009,CH05,DOWNSIDE,FV_DOWNSIDE_202308,1920,38465280.0,38464999.07,1094655.45,126214.2,FROZEN,true,2023-09-01,true,ASSUMPTION,14
2023-07-01,2023-08-01,SKU010,CH05,BASE,FV_BASE_202308,2060,47165760.0,36158176.91,1226504.71,133560.0,FROZEN,true,2023-09-01,true,ASSUMPTION,0
2023-07-01,2023-08-01,SKU010,CH05,UPSIDE,FV_UPSIDE_202308,2140,48997440.0,35462827.36,1226504.71,130888.8,FROZEN,true,2023-09-01,true,ASSUMPTION,-6
2023-07-01,2023-08-01,SKU010,CH05,DOWNSIDE,FV_DOWNSIDE_202308,1920,43960320.0,37896550.8,1251034.8,144244.8,FROZEN,true,2023-09-01,true,ASSUMPTION,14
2023-07-01,2023-08-01,SKU011,CH05,BASE,FV_BASE_202308,1030,34391700.0,15819202.4,894326.35,97387.5,FROZEN,true,2023-09-01,true,ASSUMPTION,0
2023-07-01,2023-08-01,SKU011,CH05,UPSIDE,FV_UPSIDE_202308,1070,35727300.0,15514986.97,894326.35,95439.75,FROZEN,true,2023-09-01,true,ASSUMPTION,-6
2023-07-01,2023-08-01,SKU011,CH05,DOWNSIDE,FV_DOWNSIDE_202308,960,32054400.0,16579740.98,912212.88,105178.5,FROZEN,true,2023-09-01,true,ASSUMPTION,14
2023-07-01,2023-08-01,SKU012,CH05,BASE,FV_BASE_202308,2060,56991960.0,34079081.74,1482026.53,161385.0,FROZEN,true,2023-09-01,true,ASSUMPTION,0
2023-07-01,2023-08-01,SKU012,CH05,UPSIDE,FV_UPSIDE_202308,2140,59205240.0,33423714.79,1482026.53,158157.3,FROZEN,true,2023-09-01,true,ASSUMPTION,-6
2023-07-01,2023-08-01,SKU012,CH05,DOWNSIDE,FV_DOWNSIDE_202308,1920,53118720.0,35717499.13,1511667.06,174295.8,FROZEN,true,2023-09-01,true,ASSUMPTION,14
2023-08-01,2023-09-01,SKU001,CH01,BASE,FV_BASE_202309,7210,213228540.0,128201747.08,5502555.85,603802.5,FROZEN,true,2023-10-01,true,ASSUMPTION,0
2023-08-01,2023-09-01,SKU001,CH01,UPSIDE,FV_UPSIDE_202309,7490,221509260.0,125736328.86,5502555.85,591726.45,FROZEN,true,2023-10-01,true,ASSUMPTION,-6
2023-08-01,2023-09-01,SKU001,CH01,DOWNSIDE,FV_DOWNSIDE_202309,6720,198737280.0,134365292.61,5612606.97,652106.7,FROZEN,true,2023-10-01,true,ASSUMPTION,14
2023-08-01,2023-09-01,SKU002,CH01,BASE,FV_BASE_202309,5150,176871600.0,95708216.71,4564332.04,500850.0,FROZEN,true,2023-10-01,true,ASSUMPTION,0
2023-08-01,2023-09-01,SKU002,CH01,UPSIDE,FV_UPSIDE_202309,5350,183740400.0,93867674.08,4564332.04,490833.0,FROZEN,true,2023-10-01,true,ASSUMPTION,-6
2023-08-01,2023-09-01,SKU002,CH01,DOWNSIDE,FV_DOWNSIDE_202309,4800,164851200.0,100309573.28,4655618.68,540918.0,FROZEN,true,2023-10-01,true,ASSUMPTION,14
2023-08-01,2023-09-01,SKU003,CH01,BASE,FV_BASE_202309,5150,157219200.0,89800302.09,4057184.03,445200.0,FROZEN,true,2023-10-01,true,ASSUMPTION,0
2023-08-01,2023-09-01,SKU003,CH01,UPSIDE,FV_UPSIDE_202309,5350,163324800.0,88073373.21,4057184.03,436296.0,FROZEN,true,2023-10-01,true,ASSUMPTION,-6
2023-08-01,2023-09-01,SKU003,CH01,DOWNSIDE,FV_DOWNSIDE_202309,4800,146534400.0,94117624.31,4138327.71,480816.0,FROZEN,true,2023-10-01,true,ASSUMPTION,14
2023-08-01,2023-09-01,SKU004,CH01,BASE,FV_BASE_202309,7210,192593520.0,127374639.03,4970050.44,545370.0,FROZEN,true,2023-10-01,true,ASSUMPTION,0
2023-08-01,2023-09-01,SKU004,CH01,UPSIDE,FV_UPSIDE_202309,7490,200072880.0,124925126.74,4970050.44,534462.6,FROZEN,true,2023-10-01,true,ASSUMPTION,-6
2023-08-01,2023-09-01,SKU004,CH01,DOWNSIDE,FV_DOWNSIDE_202309,6720,179504640.0,133498419.75,5069451.45,588999.6,FROZEN,true,2023-10-01,true,ASSUMPTION,14
2023-08-01,2023-09-01,SKU005,CH01,BASE,FV_BASE_202309,6180,159184440.0,110064449.22,4107898.84,450765.0,FROZEN,true,2023-10-01,true,ASSUMPTION,0
2023-08-01,2023-09-01,SKU005,CH01,UPSIDE,FV_UPSIDE_202309,6420,165366360.0,107947825.19,4107898.84,441749.7,FROZEN,true,2023-10-01,true,ASSUMPTION,-6
2023-08-01,2023-09-01,SKU005,CH01,DOWNSIDE,FV_DOWNSIDE_202309,5760,148366080.0,115356009.28,4190056.82,486826.2,FROZEN,true,2023-10-01,true,ASSUMPTION,14
2023-08-01,2023-09-01,SKU006,CH01,BASE,FV_BASE_202309,4120,117914400.0,74439724.11,3042888.03,333900.0,FROZEN,true,2023-10-01,true,ASSUMPTION,0
2023-08-01,2023-09-01,SKU006,CH01,UPSIDE,FV_UPSIDE_202309,4280,122493600.0,73008190.96,3042888.03,327222.0,FROZEN,true,2023-10-01,true,ASSUMPTION,-6
2023-08-01,2023-09-01,SKU006,CH01,DOWNSIDE,FV_DOWNSIDE_202309,3840,109900800.0,78018557.0,3103745.79,360612.0,FROZEN,true,2023-10-01,true,ASSUMPTION,14
2023-08-01,2023-09-01,SKU007,CH01,BASE,FV_BASE_202309,7210,158201820.0,130786459.72,4082541.44,447982.5,FROZEN,true,2023-10-01,true,ASSUMPTION,0
2023-08-01,2023-09-01,SKU007,CH01,UPSIDE,FV_UPSIDE_202309,7490,164345580.0,128271335.5,4082541.44,439022.85,FROZEN,true,2023-10-01,true,ASSUMPTION,-6
2023-08-01,2023-09-01,SKU007,CH01,DOWNSIDE,FV_DOWNSIDE_202309,6720,147450240.0,137074270.28,4164192.27,483821.1,FROZEN,true,2023-10-01,true,ASSUMPTION,14
2023-08-01,2023-09-01,SKU008,CH01,BASE,FV_BASE_202309,6180,147393000.0,115204334.93,3803610.03,417375.0,FROZEN,true,2023-10-01,true,ASSUMPTION,0
2023-08-01,2023-09-01,SKU008,CH01,UPSIDE,FV_UPSIDE_202309,6420,153117000.0,112988866.95,3803610.03,409027.5,FROZEN,true,2023-10-01,true,ASSUMPTION,-6
2023-08-01,2023-09-01,SKU008,CH01,DOWNSIDE,FV_DOWNSIDE_202309,5760,137376000.0,120743004.88,3879682.23,450765.0,FROZEN,true,2023-10-01,true,ASSUMPTION,14
2023-08-01,2023-09-01,SKU009,CH01,BASE,FV_BASE_202309,7210,144445140.0,125927199.94,3727537.83,409027.5,FROZEN,true,2023-10-01,true,ASSUMPTION,0
2023-08-01,2023-09-01,SKU009,CH01,UPSIDE,FV_UPSIDE_202309,7490,150054660.0,123505523.02,3727537.83,400846.95,FROZEN,true,2023-10-01,true,ASSUMPTION,-6
2023-08-01,2023-09-01,SKU009,CH01,DOWNSIDE,FV_DOWNSIDE_202309,6720,134628480.0,131981392.25,3802088.59,441749.7,FROZEN,true,2023-10-01,true,ASSUMPTION,14
2023-08-01,2023-09-01,SKU010,CH01,BASE,FV_BASE_202309,5150,117914400.0,88618719.18,3042888.03,333900.0,FROZEN,true,2023-10-01,true,ASSUMPTION,0
2023-08-01,2023-09-01,SKU010,CH01,UPSIDE,FV_UPSIDE_202309,5350,122493600.0,86914513.04,3042888.03,327222.0,FROZEN,true,2023-10-01,true,ASSUMPTION,-6
2023-08-01,2023-09-01,SKU010,CH01,DOWNSIDE,FV_DOWNSIDE_202309,4800,109900800.0,92879234.52,3103745.79,360612.0,FROZEN,true,2023-10-01,true,ASSUMPTION,14
2023-08-01,2023-09-01,SKU011,CH01,BASE,FV_BASE_202309,3090,103175100.0,46524827.56,2662527.02,292162.5,FROZEN,true,2023-10-01,true,ASSUMPTION,0
2023-08-01,2023-09-01,SKU011,CH01,UPSIDE,FV_UPSIDE_202309,3210,107181900.0,45630119.34,2662527.02,286319.25,FROZEN,true,2023-10-01,true,ASSUMPTION,-6
2023-08-01,2023-09-01,SKU011,CH01,DOWNSIDE,FV_DOWNSIDE_202309,2880,96163200.0,48761598.12,2715777.56,315535.5,FROZEN,true,2023-10-01,true,ASSUMPTION,14
2023-08-01,2023-09-01,SKU012,CH01,BASE,FV_BASE_202309,4120,113983920.0,66818514.26,2941458.43,322770.0,FROZEN,true,2023-10-01,true,ASSUMPTION,0
2023-08-01,2023-09-01,SKU012,CH01,UPSIDE,FV_UPSIDE_202309,4280,118410480.0,65533542.83,2941458.43,316314.6,FROZEN,true,2023-10-01,true,ASSUMPTION,-6
2023-08-01,2023-09-01,SKU012,CH01,DOWNSIDE,FV_DOWNSIDE_202309,3840,106237440.0,70030942.83,3000287.6,348591.6,FROZEN,true,2023-10-01,true,ASSUMPTION,14
2023-08-01,2023-09-01,SKU001,CH02,BASE,FV_BASE_202309,6180,182767320.0,108547516.28,6908810.76,517545.0,FROZEN,true,2023-10-01,true,ASSUMPTION,0
2023-08-01,2023-09-01,SKU001,CH02,UPSIDE,FV_UPSIDE_202309,6420,189865080.0,106460064.05,6908810.76,507194.1,FROZEN,true,2023-10-01,true,ASSUMPTION,-6
2023-08-01,2023-09-01,SKU001,CH02,DOWNSIDE,FV_DOWNSIDE_202309,5760,170346240.0,113766146.87,7046986.98,558948.6,FROZEN,true,2023-10-01,true,ASSUMPTION,14
2023-08-01,2023-09-01,SKU002,CH02,BASE,FV_BASE_202309,4120,141497280.0,75633108.12,5348756.71,400680.0,FROZEN,true,2023-10-01,true,ASSUMPTION,0
2023-08-01,2023-09-01,SKU002,CH02,UPSIDE,FV_UPSIDE_202309,4280,146992320.0,74178625.27,5348756.71,392666.4,FROZEN,true,2023-10-01,true,ASSUMPTION,-6
2023-08-01,2023-09-01,SKU002,CH02,DOWNSIDE,FV_DOWNSIDE_202309,3840,131880960.0,79269315.24,5455731.84,432734.4,FROZEN,true,2023-10-01,true,ASSUMPTION,14
2023-08-01,2023-09-01,SKU003,CH02,BASE,FV_BASE_202309,4120,125775360.0,70964397.74,4754450.41,356160.0,FROZEN,true,2023-10-01,true,ASSUMPTION,0
2023-08-01,2023-09-01,SKU003,CH02,UPSIDE,FV_UPSIDE_202309,4280,130659840.0,69599697.79,4754450.41,349036.8,FROZEN,true,2023-10-01,true,ASSUMPTION,-6
2023-08-01,2023-09-01,SKU003,CH02,DOWNSIDE,FV_DOWNSIDE_202309,3840,117227520.0,74376147.63,4849539.42,384652.8,FROZEN,true,2023-10-01,true,ASSUMPTION,14
2023-08-01,2023-09-01,SKU004,CH02,BASE,FV_BASE_202309,5150,137566800.0,89872674.78,5200180.14,389550.0,FROZEN,true,2023-10-01,true,ASSUMPTION,0
2023-08-01,2023-09-01,SKU004,CH02,UPSIDE,FV_UPSIDE_202309,5350,142909200.0,88144354.11,5200180.14,381759.0,FROZEN,true,2023-10-01,true,ASSUMPTION,-6
2023-08-01,2023-09-01,SKU004,CH02,DOWNSIDE,FV_DOWNSIDE_202309,4800,128217600.0,94193476.45,5304183.74,420714.0,FROZEN,true,2023-10-01,true,ASSUMPTION,14
2023-08-01,2023-09-01,SKU005,CH02,BASE,FV_BASE_202309,4120,106122960.0,72481728.61,4011567.54,300510.0,FROZEN,true,2023-10-01,true,ASSUMPTION,0
2023-08-01,2023-09-01,SKU005,CH02,UPSIDE,FV_UPSIDE_202309,4280,110244240.0,71087849.22,4011567.54,294499.8,FROZEN,true,2023-10-01,true,ASSUMPTION,-6
2023-08-01,2023-09-01,SKU005,CH02,DOWNSIDE,FV_DOWNSIDE_202309,3840,98910720.0,75966427.1,4091798.89,324550.8,FROZEN,true,2023-10-01,true,ASSUMPTION,14
2023-08-01,2023-09-01,SKU006,CH02,BASE,FV_BASE_202309,3090,88435800.0,55149141.34,3342972.95,250425.0,FROZEN,true,2023-10-01,true,ASSUMPTION,0
2023-08-01,2023-09-01,SKU006,CH02,UPSIDE,FV_UPSIDE_202309,3210,91870200.0,54088580.93,3342972.95,245416.5,FROZEN,true,2023-10-01,true,ASSUMPTION,-6
2023-08-01,2023-09-01,SKU006,CH02,DOWNSIDE,FV_DOWNSIDE_202309,2880,82425600.0,57800542.37,3409832.41,270459.0,FROZEN,true,2023-10-01,true,ASSUMPTION,14
2023-08-01,2023-09-01,SKU007,CH02,BASE,FV_BASE_202309,6180,135601560.0,110735974.27,5125891.85,383985.0,FROZEN,true,2023-10-01,true,ASSUMPTION,0
2023-08-01,2023-09-01,SKU007,CH02,UPSIDE,FV_UPSIDE_202309,6420,140867640.0,108606436.31,5125891.85,376305.3,FROZEN,true,2023-10-01,true,ASSUMPTION,-6
2023-08-01,2023-09-01,SKU007,CH02,DOWNSIDE,FV_DOWNSIDE_202309,5760,126385920.0,116059819.19,5228409.69,414703.8,FROZEN,true,2023-10-01,true,ASSUMPTION,14
2023-08-01,2023-09-01,SKU008,CH02,BASE,FV_BASE_202309,5150,122827500.0,94833179.55,4643017.98,347812.5,FROZEN,true,2023-10-01,true,ASSUMPTION,0
2023-08-01,2023-09-01,SKU008,CH02,UPSIDE,FV_UPSIDE_202309,5350,127597500.0,93009464.56,4643017.98,340856.25,FROZEN,true,2023-10-01,true,ASSUMPTION,-6
2023-08-01,2023-09-01,SKU008,CH02,DOWNSIDE,FV_DOWNSIDE_202309,4800,114480000.0,99392467.03,4735878.34,375637.5,FROZEN,true,2023-10-01,true,ASSUMPTION,14
2023-08-01,2023-09-01,SKU009,CH02,BASE,FV_BASE_202309,5150,103175100.0,88851394.38,3900135.1,292162.5,FROZEN,true,2023-10-01,true,ASSUMPTION,0
2023-08-01,2023-09-01,SKU009,CH02,UPSIDE,FV_UPSIDE_202309,5350,107181900.0,87142713.72,3900135.1,286319.25,FROZEN,true,2023-10-01,true,ASSUMPTION,-6
2023-08-01,2023-09-01,SKU009,CH02,DOWNSIDE,FV_DOWNSIDE_202309,4800,96163200.0,93123096.04,3978137.8,315535.5,FROZEN,true,2023-10-01,true,ASSUMPTION,14
2023-08-01,2023-09-01,SKU010,CH02,BASE,FV_BASE_202309,4120,94331520.0,70030655.67,3565837.81,267120.0,FROZEN,true,2023-10-01,true,ASSUMPTION,0
2023-08-01,2023-09-01,SKU010,CH02,UPSIDE,FV_UPSIDE_202309,4280,97994880.0,68683912.29,3565837.81,261777.6,FROZEN,true,2023-10-01,true,ASSUMPTION,-6
2023-08-01,2023-09-01,SKU010,CH02,DOWNSIDE,FV_DOWNSIDE_202309,3840,87920640.0,73397514.11,3637154.57,288489.6,FROZEN,true,2023-10-01,true,ASSUMPTION,14
2023-08-01,2023-09-01,SKU011,CH02,BASE,FV_BASE_202309,2060,68783400.0,30638411.86,2600090.07,194775.0,FROZEN,true,2023-10-01,true,ASSUMPTION,0
2023-08-01,2023-09-01,SKU011,CH02,UPSIDE,FV_UPSIDE_202309,2140,71454600.0,30049211.63,2600090.07,190879.5,FROZEN,true,2023-10-01,true,ASSUMPTION,-6
2023-08-01,2023-09-01,SKU011,CH02,DOWNSIDE,FV_DOWNSIDE_202309,1920,64108800.0,32111412.43,2652091.87,210357.0,FROZEN,true,2023-10-01,true,ASSUMPTION,14
2023-08-01,2023-09-01,SKU012,CH02,BASE,FV_BASE_202309,3090,85487940.0,49502919.73,3231540.52,242077.5,FROZEN,true,2023-10-01,true,ASSUMPTION,0
2023-08-01,2023-09-01,SKU012,CH02,UPSIDE,FV_UPSIDE_202309,3210,88807860.0,48550940.51,3231540.52,237235.95,FROZEN,true,2023-10-01,true,ASSUMPTION,-6
2023-08-01,2023-09-01,SKU012,CH02,DOWNSIDE,FV_DOWNSIDE_202309,2880,79678080.0,51882867.8,3296171.33,261443.7,FROZEN,true,2023-10-01,true,ASSUMPTION,14
2023-08-01,2023-09-01,SKU001,CH03,BASE,FV_BASE_202309,4120,118651880.0,76702159.49,3100279.97,335988.33,FROZEN,true,2023-10-01,true,ASSUMPTION,0
2023-08-01,2023-09-01,SKU001,CH03,UPSIDE,FV_UPSIDE_202309,4280,123259720.0,75227117.96,3100279.97,329268.57,FROZEN,true,2023-10-01,true,ASSUMPTION,-6
2023-08-01,2023-09-01,SKU001,CH03,DOWNSIDE,FV_DOWNSIDE_202309,3840,110588160.0,80389763.31,3162285.57,362867.4,FROZEN,true,2023-10-01,true,ASSUMPTION,14
2023-08-01,2023-09-01,SKU002,CH03,BASE,FV_BASE_202309,3090,103341960.0,60124595.98,2700243.85,292635.0,FROZEN,true,2023-10-01,true,ASSUMPTION,0
2023-08-01,2023-09-01,SKU002,CH03,UPSIDE,FV_UPSIDE_202309,3210,107355240.0,58968353.75,2700243.85,286782.3,FROZEN,true,2023-10-01,true,ASSUMPTION,-6
2023-08-01,2023-09-01,SKU002,CH03,DOWNSIDE,FV_DOWNSIDE_202309,2880,96318720.0,63015201.56,2754248.73,316045.8,FROZEN,true,2023-10-01,true,ASSUMPTION,14
2023-08-01,2023-09-01,SKU003,CH03,BASE,FV_BASE_202309,3090,91859520.0,56413201.17,2400216.75,260120.0,FROZEN,true,2023-10-01,true,ASSUMPTION,0
2023-08-01,2023-09-01,SKU003,CH03,UPSIDE,FV_UPSIDE_202309,3210,95426880.0,55328331.91,2400216.75,254917.6,FROZEN,true,2023-10-01,true,ASSUMPTION,-6
2023-08-01,2023-09-01,SKU003,CH03,DOWNSIDE,FV_DOWNSIDE_202309,2880,85616640.0,59125374.3,2448221.09,280929.6,FROZEN,true,2023-10-01,true,ASSUMPTION,14
2023-08-01,2023-09-01,SKU004,CH03,BASE,FV_BASE_202309,4120,107169440.0,76207306.84,2800252.88,303473.33,FROZEN,true,2023-10-01,true,ASSUMPTION,0
2023-08-01,2023-09-01,SKU004,CH03,UPSIDE,FV_UPSIDE_202309,4280,111331360.0,74741781.71,2800252.88,297403.87,FROZEN,true,2023-10-01,true,ASSUMPTION,-6
2023-08-01,2023-09-01,SKU004,CH03,DOWNSIDE,FV_DOWNSIDE_202309,3840,99886080.0,79871119.67,2856257.94,327751.2,FROZEN,true,2023-10-01,true,ASSUMPTION,14
2023-08-01,2023-09-01,SKU005,CH03,BASE,FV_BASE_202309,3090,77506470.0,57619404.48,2025182.89,219476.25,FROZEN,true,2023-10-01,true,ASSUMPTION,0
2023-08-01,2023-09-01,SKU005,CH03,UPSIDE,FV_UPSIDE_202309,3210,80516430.0,56511339.01,2025182.89,215086.73,FROZEN,true,2023-10-01,true,ASSUMPTION,-6
2023-08-01,2023-09-01,SKU005,CH03,DOWNSIDE,FV_DOWNSIDE_202309,2880,72239040.0,60389568.16,2065686.55,237034.35,FROZEN,true,2023-10-01,true,ASSUMPTION,14
2023-08-01,2023-09-01,SKU006,CH03,BASE,FV_BASE_202309,2060,57412200.0,38969645.54,1500135.47,162575.0,FROZEN,true,2023-10-01,true,ASSUMPTION,0
2023-08-01,2023-09-01,SKU006,CH03,UPSIDE,FV_UPSIDE_202309,2140,59641800.0,38220229.28,1500135.47,159323.5,FROZEN,true,2023-10-01,true,ASSUMPTION,-6
2023-08-01,2023-09-01,SKU006,CH03,DOWNSIDE,FV_DOWNSIDE_202309,1920,53510400.0,40843186.19,1530138.18,175581.0,FROZEN,true,2023-10-01,true,ASSUMPTION,14
2023-08-01,2023-09-01,SKU007,CH03,BASE,FV_BASE_202309,4120,88032040.0,78248573.99,2300207.72,249281.67,FROZEN,true,2023-10-01,true,ASSUMPTION,0
2023-08-01,2023-09-01,SKU007,CH03,UPSIDE,FV_UPSIDE_202309,4280,91450760.0,76743793.72,2300207.72,244296.03,FROZEN,true,2023-10-01,true,ASSUMPTION,-6
2023-08-01,2023-09-01,SKU007,CH03,DOWNSIDE,FV_DOWNSIDE_202309,3840,82049280.0,82010524.66,2346211.87,269224.2,FROZEN,true,2023-10-01,true,ASSUMPTION,14
2023-08-01,2023-09-01,SKU008,CH03,BASE,FV_BASE_202309,3090,71765250.0,60310165.73,1875169.34,203218.75,FROZEN,true,2023-10-01,true,ASSUMPTION,0
2023-08-01,2023-09-01,SKU008,CH03,UPSIDE,FV_UPSIDE_202309,3210,74552250.0,59150354.85,1875169.34,199154.38,FROZEN,true,2023-10-01,true,ASSUMPTION,-6
2023-08-01,2023-09-01,SKU008,CH03,DOWNSIDE,FV_DOWNSIDE_202309,2880,66888000.0,63209692.93,1912672.73,219476.25,FROZEN,true,2023-10-01,true,ASSUMPTION,14
2023-08-01,2023-09-01,SKU009,CH03,BASE,FV_BASE_202309,4120,80377080.0,75341314.72,2100189.66,227605.0,FROZEN,true,2023-10-01,true,ASSUMPTION,0
2023-08-01,2023-09-01,SKU009,CH03,UPSIDE,FV_UPSIDE_202309,4280,83498520.0,73892443.29,2100189.66,223052.9,FROZEN,true,2023-10-01,true,ASSUMPTION,-6
2023-08-01,2023-09-01,SKU009,CH03,DOWNSIDE,FV_DOWNSIDE_202309,3840,74914560.0,78963493.32,2142193.45,245813.4,FROZEN,true,2023-10-01,true,ASSUMPTION,14
2023-08-01,2023-09-01,SKU010,CH03,BASE,FV_BASE_202309,3090,68894640.0,55670922.21,1800162.57,195090.0,FROZEN,true,2023-10-01,true,ASSUMPTION,0
2023-08-01,2023-09-01,SKU010,CH03,UPSIDE,FV_UPSIDE_202309,3210,71570160.0,54600327.55,1800162.57,191188.2,FROZEN,true,2023-10-01,true,ASSUMPTION,-6
2023-08-01,2023-09-01,SKU010,CH03,DOWNSIDE,FV_DOWNSIDE_202309,2880,64212480.0,58347408.85,1836165.82,210697.2,FROZEN,true,2023-10-01,true,ASSUMPTION,14
2023-08-01,2023-09-01,SKU011,CH03,BASE,FV_BASE_202309,2060,66980900.0,32474704.62,1750158.05,189670.83,FROZEN,true,2023-10-01,true,ASSUMPTION,0
2023-08-01,2023-09-01,SKU011,CH03,UPSIDE,FV_UPSIDE_202309,2140,69582100.0,31850191.07,1750158.05,185877.42,FROZEN,true,2023-10-01,true,ASSUMPTION,-6
2023-08-01,2023-09-01,SKU011,CH03,DOWNSIDE,FV_DOWNSIDE_202309,1920,62428800.0,34035988.5,1785161.21,204844.5,FROZEN,true,2023-10-01,true,ASSUMPTION,14
2023-08-01,2023-09-01,SKU012,CH03,BASE,FV_BASE_202309,2060,55498460.0,34979896.12,1450130.96,157155.83,FROZEN,true,2023-10-01,true,ASSUMPTION,0
2023-08-01,2023-09-01,SKU012,CH03,UPSIDE,FV_UPSIDE_202309,2140,57653740.0,34307205.81,1450130.96,154012.72,FROZEN,true,2023-10-01,true,ASSUMPTION,-6
2023-08-01,2023-09-01,SKU012,CH03,DOWNSIDE,FV_DOWNSIDE_202309,1920,51726720.0,36661621.9,1479133.58,169728.3,FROZEN,true,2023-10-01,true,ASSUMPTION,14
2023-08-01,2023-09-01,SKU001,CH04,BASE,FV_BASE_202309,2060,60156120.0,35503262.5,1525253.53,170345.0,FROZEN,true,2023-10-01,true,ASSUMPTION,0
2023-08-01,2023-09-01,SKU001,CH04,UPSIDE,FV_UPSIDE_202309,2140,62492280.0,34820507.45,1525253.53,166938.1,FROZEN,true,2023-10-01,true,ASSUMPTION,-6
2023-08-01,2023-09-01,SKU001,CH04,DOWNSIDE,FV_DOWNSIDE_202309,1920,56067840.0,37210150.12,1555758.6,183972.6,FROZEN,true,2023-10-01,true,ASSUMPTION,14
2023-08-01,2023-09-01,SKU002,CH04,BASE,FV_BASE_202309,2060,69858720.0,37106635.63,1771262.16,197820.0,FROZEN,true,2023-10-01,true,ASSUMPTION,0
2023-08-01,2023-09-01,SKU002,CH04,UPSIDE,FV_UPSIDE_202309,2140,72571680.0,36393046.49,1771262.16,193863.6,FROZEN,true,2023-10-01,true,ASSUMPTION,-6
2023-08-01,2023-09-01,SKU002,CH04,DOWNSIDE,FV_DOWNSIDE_202309,1920,65111040.0,38890608.5,1806687.4,213645.6,FROZEN,true,2023-10-01,true,ASSUMPTION,14
2023-08-01,2023-09-01,SKU003,CH04,BASE,FV_BASE_202309,1030,31048320.0,17408051.28,787227.63,87920.0,FROZEN,true,2023-10-01,true,ASSUMPTION,0
2023-08-01,2023-09-01,SKU003,CH04,UPSIDE,FV_UPSIDE_202309,1070,32254080.0,17073281.07,787227.63,86161.6,FROZEN,true,2023-10-01,true,ASSUMPTION,-6
2023-08-01,2023-09-01,SKU003,CH04,DOWNSIDE,FV_DOWNSIDE_202309,960,28938240.0,18244976.83,802972.18,94953.6,FROZEN,true,2023-10-01,true,ASSUMPTION,14
2023-08-01,2023-09-01,SKU004,CH04,BASE,FV_BASE_202309,2060,54334560.0,35274209.18,1377648.35,153860.0,FROZEN,true,2023-10-01,true,ASSUMPTION,0
2023-08-01,2023-09-01,SKU004,CH04,UPSIDE,FV_UPSIDE_202309,2140,56444640.0,34595859.01,1377648.35,150782.8,FROZEN,true,2023-10-01,true,ASSUMPTION,-6
2023-08-01,2023-09-01,SKU004,CH04,DOWNSIDE,FV_DOWNSIDE_202309,1920,50641920.0,36970084.62,1405201.32,166168.8,FROZEN,true,2023-10-01,true,ASSUMPTION,14
2023-08-01,2023-09-01,SKU005,CH04,BASE,FV_BASE_202309,2060,52394040.0,35560525.82,1328446.62,148365.0,FROZEN,true,2023-10-01,true,ASSUMPTION,0
2023-08-01,2023-09-01,SKU005,CH04,UPSIDE,FV_UPSIDE_202309,2140,54428760.0,34876669.56,1328446.62,145397.7,FROZEN,true,2023-10-01,true,ASSUMPTION,-6
2023-08-01,2023-09-01,SKU005,CH04,DOWNSIDE,FV_DOWNSIDE_202309,1920,48833280.0,37270166.49,1355015.55,160234.2,FROZEN,true,2023-10-01,true,ASSUMPTION,14
2023-08-01,2023-09-01,SKU006,CH04,BASE,FV_BASE_202309,1030,29107800.0,18037947.88,738025.9,82425.0,FROZEN,true,2023-10-01,true,ASSUMPTION,0
2023-08-01,2023-09-01,SKU006,CH04,UPSIDE,FV_UPSIDE_202309,1070,30238200.0,17691064.26,738025.9,80776.5,FROZEN,true,2023-10-01,true,ASSUMPTION,-6
2023-08-01,2023-09-01,SKU006,CH04,DOWNSIDE,FV_DOWNSIDE_202309,960,27129600.0,18905156.91,752786.42,89019.0,FROZEN,true,2023-10-01,true,ASSUMPTION,14
2023-08-01,2023-09-01,SKU007,CH04,BASE,FV_BASE_202309,2060,44631960.0,36219054.07,1131639.71,126385.0,FROZEN,true,2023-10-01,true,ASSUMPTION,0
2023-08-01,2023-09-01,SKU007,CH04,UPSIDE,FV_UPSIDE_202309,2140,46365240.0,35522533.8,1131639.71,123857.3,FROZEN,true,2023-10-01,true,ASSUMPTION,-6
2023-08-01,2023-09-01,SKU007,CH04,DOWNSIDE,FV_DOWNSIDE_202309,1920,41598720.0,37960354.75,1154272.5,136495.8,FROZEN,true,2023-10-01,true,ASSUMPTION,14
2023-08-01,2023-09-01,SKU008,CH04,BASE,FV_BASE_202309,2060,48513000.0,37221162.3,1230043.17,137375.0,FROZEN,true,2023-10-01,true,ASSUMPTION,0
2023-08-01,2023-09-01,SKU008,CH04,UPSIDE,FV_UPSIDE_202309,2140,50397000.0,36505370.71,1230043.17,134627.5,FROZEN,true,2023-10-01,true,ASSUMPTION,-6
2023-08-01,2023-09-01,SKU008,CH04,DOWNSIDE,FV_DOWNSIDE_202309,1920,45216000.0,39010641.25,1254644.03,148365.0,FROZEN,true,2023-10-01,true,ASSUMPTION,14
2023-08-01,2023-09-01,SKU009,CH04,BASE,FV_BASE_202309,2060,40750920.0,34873365.9,1033236.26,115395.0,FROZEN,true,2023-10-01,true,ASSUMPTION,0
2023-08-01,2023-09-01,SKU009,CH04,UPSIDE,FV_UPSIDE_202309,2140,42333480.0,34202724.25,1033236.26,113087.1,FROZEN,true,2023-10-01,true,ASSUMPTION,-6
2023-08-01,2023-09-01,SKU009,CH04,DOWNSIDE,FV_DOWNSIDE_202309,1920,37981440.0,36549970.03,1053900.99,124626.6,FROZEN,true,2023-10-01,true,ASSUMPTION,14
2023-08-01,2023-09-01,SKU010,CH04,BASE,FV_BASE_202309,2060,46572480.0,34357995.96,1180841.44,131880.0,FROZEN,true,2023-10-01,true,ASSUMPTION,0
2023-08-01,2023-09-01,SKU010,CH04,UPSIDE,FV_UPSIDE_202309,2140,48381120.0,33697265.27,1180841.44,129242.4,FROZEN,true,2023-10-01,true,ASSUMPTION,-6
2023-08-01,2023-09-01,SKU010,CH04,DOWNSIDE,FV_DOWNSIDE_202309,1920,43407360.0,36009822.69,1204458.27,142430.4,FROZEN,true,2023-10-01,true,ASSUMPTION,14
2023-08-01,2023-09-01,SKU011,CH04,BASE,FV_BASE_202309,1030,33959100.0,15031623.24,861030.22,96162.5,FROZEN,true,2023-10-01,true,ASSUMPTION,0
2023-08-01,2023-09-01,SKU011,CH04,UPSIDE,FV_UPSIDE_202309,1070,35277900.0,14742553.56,861030.22,94239.25,FROZEN,true,2023-10-01,true,ASSUMPTION,-6
2023-08-01,2023-09-01,SKU011,CH04,DOWNSIDE,FV_DOWNSIDE_202309,960,31651200.0,15754297.43,878250.82,103855.5,FROZEN,true,2023-10-01,true,ASSUMPTION,14
2023-08-01,2023-09-01,SKU012,CH04,BASE,FV_BASE_202309,1030,28137540.0,16191205.6,713425.04,79677.5,FROZEN,true,2023-10-01,true,ASSUMPTION,0
2023-08-01,2023-09-01,SKU012,CH04,UPSIDE,FV_UPSIDE_202309,1070,29230260.0,15879836.26,713425.04,78083.95,FROZEN,true,2023-10-01,true,ASSUMPTION,-6
2023-08-01,2023-09-01,SKU012,CH04,DOWNSIDE,FV_DOWNSIDE_202309,960,26225280.0,16969628.94,727693.54,86051.7,FROZEN,true,2023-10-01,true,ASSUMPTION,14
2023-08-01,2023-09-01,SKU001,CH05,BASE,FV_BASE_202309,3090,91383660.0,49255071.95,2114229.54,258772.5,FROZEN,true,2023-10-01,true,ASSUMPTION,0
2023-08-01,2023-09-01,SKU001,CH05,UPSIDE,FV_UPSIDE_202309,3210,94932540.0,48307859.03,2114229.54,253597.05,FROZEN,true,2023-10-01,true,ASSUMPTION,-6
2023-08-01,2023-09-01,SKU001,CH05,DOWNSIDE,FV_DOWNSIDE_202309,2880,85173120.0,51623104.26,2156514.13,279474.3,FROZEN,true,2023-10-01,true,ASSUMPTION,14
2023-08-01,2023-09-01,SKU002,CH05,BASE,FV_BASE_202309,2060,70748640.0,34319663.04,1636822.87,200340.0,FROZEN,true,2023-10-01,true,ASSUMPTION,0
2023-08-01,2023-09-01,SKU002,CH05,UPSIDE,FV_UPSIDE_202309,2140,73496160.0,33659669.52,1636822.87,196333.2,FROZEN,true,2023-10-01,true,ASSUMPTION,-6
2023-08-01,2023-09-01,SKU002,CH05,DOWNSIDE,FV_DOWNSIDE_202309,1920,65940480.0,35969646.84,1669559.33,216367.2,FROZEN,true,2023-10-01,true,ASSUMPTION,14
2023-08-01,2023-09-01,SKU003,CH05,BASE,FV_BASE_202309,2060,62887680.0,32201165.32,1454953.66,178080.0,FROZEN,true,2023-10-01,true,ASSUMPTION,0
2023-08-01,2023-09-01,SKU003,CH05,UPSIDE,FV_UPSIDE_202309,2140,65329920.0,31581912.14,1454953.66,174518.4,FROZEN,true,2023-10-01,true,ASSUMPTION,-6
2023-08-01,2023-09-01,SKU003,CH05,DOWNSIDE,FV_DOWNSIDE_202309,1920,58613760.0,33749298.27,1484052.73,192326.4,FROZEN,true,2023-10-01,true,ASSUMPTION,14
2023-08-01,2023-09-01,SKU004,CH05,BASE,FV_BASE_202309,2060,55026720.0,32624864.86,1273084.45,155820.0,FROZEN,true,2023-10-01,true,ASSUMPTION,0
2023-08-01,2023-09-01,SKU004,CH05,UPSIDE,FV_UPSIDE_202309,2140,57163680.0,31997463.62,1273084.45,152703.6,FROZEN,true,2023-10-01,true,ASSUMPTION,-6
2023-08-01,2023-09-01,SKU004,CH05,DOWNSIDE,FV_DOWNSIDE_202309,1920,51287040.0,34193367.98,1298546.14,168285.6,FROZEN,true,2023-10-01,true,ASSUMPTION,14
2023-08-01,2023-09-01,SKU005,CH05,BASE,FV_BASE_202309,2060,53061480.0,32889677.08,1227617.15,150255.0,FROZEN,true,2023-10-01,true,ASSUMPTION,0
2023-08-01,2023-09-01,SKU005,CH05,UPSIDE,FV_UPSIDE_202309,2140,55122120.0,32257183.29,1227617.15,147249.9,FROZEN,true,2023-10-01,true,ASSUMPTION,-6
2023-08-01,2023-09-01,SKU005,CH05,DOWNSIDE,FV_DOWNSIDE_202309,1920,49455360.0,34470911.55,1252169.49,162275.4,FROZEN,true,2023-10-01,true,ASSUMPTION,14
2023-08-01,2023-09-01,SKU006,CH05,BASE,FV_BASE_202309,2060,58957200.0,33366339.06,1364019.06,166950.0,FROZEN,true,2023-10-01,true,ASSUMPTION,0
2023-08-01,2023-09-01,SKU006,CH05,UPSIDE,FV_UPSIDE_202309,2140,61246800.0,32724678.7,1364019.06,163611.0,FROZEN,true,2023-10-01,true,ASSUMPTION,-6
2023-08-01,2023-09-01,SKU006,CH05,DOWNSIDE,FV_DOWNSIDE_202309,1920,54950400.0,34970489.98,1391299.44,180306.0,FROZEN,true,2023-10-01,true,ASSUMPTION,14
2023-08-01,2023-09-01,SKU007,CH05,BASE,FV_BASE_202309,3090,67800780.0,50248117.76,1568621.92,191992.5,FROZEN,true,2023-10-01,true,ASSUMPTION,0
2023-08-01,2023-09-01,SKU007,CH05,UPSIDE,FV_UPSIDE_202309,3210,70433820.0,49281807.81,1568621.92,188152.65,FROZEN,true,2023-10-01,true,ASSUMPTION,-6
2023-08-01,2023-09-01,SKU007,CH05,DOWNSIDE,FV_DOWNSIDE_202309,2880,63192960.0,52663892.66,1599994.36,207351.9,FROZEN,true,2023-10-01,true,ASSUMPTION,14
2023-08-01,2023-09-01,SKU008,CH05,BASE,FV_BASE_202309,2060,49131000.0,34425587.92,1136682.55,139125.0,FROZEN,true,2023-10-01,true,ASSUMPTION,0
2023-08-01,2023-09-01,SKU008,CH05,UPSIDE,FV_UPSIDE_202309,2140,51039000.0,33763557.39,1136682.55,136342.5,FROZEN,true,2023-10-01,true,ASSUMPTION,-6
2023-08-01,2023-09-01,SKU008,CH05,DOWNSIDE,FV_DOWNSIDE_202309,1920,45792000.0,36080664.27,1159416.2,150255.0,FROZEN,true,2023-10-01,true,ASSUMPTION,14
2023-08-01,2023-09-01,SKU009,CH05,BASE,FV_BASE_202309,3090,61905060.0,48381191.65,1432220.01,175297.5,FROZEN,true,2023-10-01,true,ASSUMPTION,0
2023-08-01,2023-09-01,SKU009,CH05,UPSIDE,FV_UPSIDE_202309,3210,64309140.0,47450784.12,1432220.01,171791.55,FROZEN,true,2023-10-01,true,ASSUMPTION,-6
2023-08-01,2023-09-01,SKU009,CH05,DOWNSIDE,FV_DOWNSIDE_202309,2880,57697920.0,50707210.48,1460864.41,189321.3,FROZEN,true,2023-10-01,true,ASSUMPTION,14
2023-08-01,2023-09-01,SKU010,CH05,BASE,FV_BASE_202309,2060,47165760.0,31777465.78,1091215.25,133560.0,FROZEN,true,2023-10-01,true,ASSUMPTION,0
2023-08-01,2023-09-01,SKU010,CH05,UPSIDE,FV_UPSIDE_202309,2140,48997440.0,31166360.67,1091215.25,130888.8,FROZEN,true,2023-10-01,true,ASSUMPTION,-6
2023-08-01,2023-09-01,SKU010,CH05,DOWNSIDE,FV_DOWNSIDE_202309,1920,43960320.0,33305228.56,1113039.56,144244.8,FROZEN,true,2023-10-01,true,ASSUMPTION,14
2023-08-01,2023-09-01,SKU011,CH05,BASE,FV_BASE_202309,1030,34391700.0,13902641.28,795677.78,97387.5,FROZEN,true,2023-10-01,true,ASSUMPTION,0
2023-08-01,2023-09-01,SKU011,CH05,UPSIDE,FV_UPSIDE_202309,1070,35727300.0,13635282.8,795677.78,95439.75,FROZEN,true,2023-10-01,true,ASSUMPTION,-6
2023-08-01,2023-09-01,SKU011,CH05,DOWNSIDE,FV_DOWNSIDE_202309,960,32054400.0,14571037.5,811591.34,105178.5,FROZEN,true,2023-10-01,true,ASSUMPTION,14
2023-08-01,2023-09-01,SKU012,CH05,BASE,FV_BASE_202309,2060,56991960.0,29950261.5,1318551.76,161385.0,FROZEN,true,2023-10-01,true,ASSUMPTION,0
2023-08-01,2023-09-01,SKU012,CH05,UPSIDE,FV_UPSIDE_202309,2140,59205240.0,29374294.94,1318551.76,158157.3,FROZEN,true,2023-10-01,true,ASSUMPTION,-6
2023-08-01,2023-09-01,SKU012,CH05,DOWNSIDE,FV_DOWNSIDE_202309,1920,53118720.0,31390177.92,1344922.8,174295.8,FROZEN,true,2023-10-01,true,ASSUMPTION,14
2023-09-01,2023-10-01,SKU001,CH01,BASE,FV_BASE_202310,8240,243689760.0,143077487.71,6143116.27,690060.0,FROZEN,true,2023-11-01,true,ASSUMPTION,0
2023-09-01,2023-10-01,SKU001,CH01,UPSIDE,FV_UPSIDE_202310,8560,253153440.0,140325997.56,6143116.27,676258.8,FROZEN,true,2023-11-01,true,ASSUMPTION,-6
2023-09-01,2023-10-01,SKU001,CH01,DOWNSIDE,FV_DOWNSIDE_202310,7680,227128320.0,149956213.08,6265978.6,745264.8,FROZEN,true,2023-11-01,true,ASSUMPTION,14
2023-09-01,2023-10-01,SKU002,CH01,BASE,FV_BASE_202310,5150,176871600.0,93461907.29,4458713.42,500850.0,FROZEN,true,2023-11-01,true,ASSUMPTION,0
2023-09-01,2023-10-01,SKU002,CH01,UPSIDE,FV_UPSIDE_202310,5350,183740400.0,91664562.92,4458713.42,490833.0,FROZEN,true,2023-11-01,true,ASSUMPTION,-6
2023-09-01,2023-10-01,SKU002,CH01,DOWNSIDE,FV_DOWNSIDE_202310,4800,164851200.0,97955268.22,4547887.69,540918.0,FROZEN,true,2023-11-01,true,ASSUMPTION,14
2023-09-01,2023-10-01,SKU003,CH01,BASE,FV_BASE_202310,5150,157219200.0,87692653.76,3963300.82,445200.0,FROZEN,true,2023-11-01,true,ASSUMPTION,0
2023-09-01,2023-10-01,SKU003,CH01,UPSIDE,FV_UPSIDE_202310,5350,163324800.0,86006256.57,3963300.82,436296.0,FROZEN,true,2023-11-01,true,ASSUMPTION,-6
2023-09-01,2023-10-01,SKU003,CH01,DOWNSIDE,FV_DOWNSIDE_202310,4800,146534400.0,91908646.72,4042566.84,480816.0,FROZEN,true,2023-11-01,true,ASSUMPTION,14
2023-09-01,2023-10-01,SKU004,CH01,BASE,FV_BASE_202310,7210,192593520.0,124385106.25,4855043.51,545370.0,FROZEN,true,2023-11-01,true,ASSUMPTION,0
2023-09-01,2023-10-01,SKU004,CH01,UPSIDE,FV_UPSIDE_202310,7490,200072880.0,121993084.97,4855043.51,534462.6,FROZEN,true,2023-11-01,true,ASSUMPTION,-6
2023-09-01,2023-10-01,SKU004,CH01,DOWNSIDE,FV_DOWNSIDE_202310,6720,179504640.0,130365159.43,4952144.38,588999.6,FROZEN,true,2023-11-01,true,ASSUMPTION,14
2023-09-01,2023-10-01,SKU005,CH01,BASE,FV_BASE_202310,6180,159184440.0,107481193.38,4012842.08,450765.0,FROZEN,true,2023-11-01,true,ASSUMPTION,0
2023-09-01,2023-10-01,SKU005,CH01,UPSIDE,FV_UPSIDE_202310,6420,165366360.0,105414247.36,4012842.08,441749.7,FROZEN,true,2023-11-01,true,ASSUMPTION,-6
2023-09-01,2023-10-01,SKU005,CH01,DOWNSIDE,FV_DOWNSIDE_202310,5760,148366080.0,112648558.45,4093098.92,486826.2,FROZEN,true,2023-11-01,true,ASSUMPTION,14
2023-09-01,2023-10-01,SKU006,CH01,BASE,FV_BASE_202310,5150,147393000.0,90865743.2,3715594.52,417375.0,FROZEN,true,2023-11-01,true,ASSUMPTION,0
2023-09-01,2023-10-01,SKU006,CH01,UPSIDE,FV_UPSIDE_202310,5350,153117000.0,89118325.06,3715594.52,409027.5,FROZEN,true,2023-11-01,true,ASSUMPTION,-6
2023-09-01,2023-10-01,SKU006,CH01,DOWNSIDE,FV_DOWNSIDE_202310,4800,137376000.0,95234288.54,3789906.41,450765.0,FROZEN,true,2023-11-01,true,ASSUMPTION,14
2023-09-01,2023-10-01,SKU007,CH01,BASE,FV_BASE_202310,8240,180802080.0,145962114.48,4557795.95,511980.0,FROZEN,true,2023-11-01,true,ASSUMPTION,0
2023-09-01,2023-10-01,SKU007,CH01,UPSIDE,FV_UPSIDE_202310,8560,187823520.0,143155150.74,4557795.95,501740.4,FROZEN,true,2023-11-01,true,ASSUMPTION,-6
2023-09-01,2023-10-01,SKU007,CH01,DOWNSIDE,FV_DOWNSIDE_202310,7680,168514560.0,152979523.83,4648951.87,552938.4,FROZEN,true,2023-11-01,true,ASSUMPTION,14
2023-09-01,2023-10-01,SKU008,CH01,BASE,FV_BASE_202310,6180,147393000.0,112500443.96,3715594.52,417375.0,FROZEN,true,2023-11-01,true,ASSUMPTION,0
2023-09-01,2023-10-01,SKU008,CH01,UPSIDE,FV_UPSIDE_202310,6420,153117000.0,110336973.89,3715594.52,409027.5,FROZEN,true,2023-11-01,true,ASSUMPTION,-6
2023-09-01,2023-10-01,SKU008,CH01,DOWNSIDE,FV_DOWNSIDE_202310,5760,137376000.0,117909119.15,3789906.41,450765.0,FROZEN,true,2023-11-01,true,ASSUMPTION,14
2023-09-01,2023-10-01,SKU009,CH01,BASE,FV_BASE_202310,7210,144445140.0,122971639.13,3641282.63,409027.5,FROZEN,true,2023-11-01,true,ASSUMPTION,0
2023-09-01,2023-10-01,SKU009,CH01,UPSIDE,FV_UPSIDE_202310,7490,150054660.0,120606799.91,3641282.63,400846.95,FROZEN,true,2023-11-01,true,ASSUMPTION,-6
2023-09-01,2023-10-01,SKU009,CH01,DOWNSIDE,FV_DOWNSIDE_202310,6720,134628480.0,128883737.16,3714108.28,441749.7,FROZEN,true,2023-11-01,true,ASSUMPTION,14
2023-09-01,2023-10-01,SKU010,CH01,BASE,FV_BASE_202310,6180,141497280.0,103846563.66,3566970.74,400680.0,FROZEN,true,2023-11-01,true,ASSUMPTION,0
2023-09-01,2023-10-01,SKU010,CH01,UPSIDE,FV_UPSIDE_202310,6420,146992320.0,101849514.36,3566970.74,392666.4,FROZEN,true,2023-11-01,true,ASSUMPTION,-6
2023-09-01,2023-10-01,SKU010,CH01,DOWNSIDE,FV_DOWNSIDE_202310,5760,131880960.0,108839186.92,3638310.15,432734.4,FROZEN,true,2023-11-01,true,ASSUMPTION,14
2023-09-01,2023-10-01,SKU011,CH01,BASE,FV_BASE_202310,3090,103175100.0,45432871.6,2600916.16,292162.5,FROZEN,true,2023-11-01,true,ASSUMPTION,0
2023-09-01,2023-10-01,SKU011,CH01,UPSIDE,FV_UPSIDE_202310,3210,107181900.0,44559162.53,2600916.16,286319.25,FROZEN,true,2023-11-01,true,ASSUMPTION,-6
2023-09-01,2023-10-01,SKU011,CH01,DOWNSIDE,FV_DOWNSIDE_202310,2880,96163200.0,47617144.27,2652934.48,315535.5,FROZEN,true,2023-11-01,true,ASSUMPTION,14
2023-09-01,2023-10-01,SKU012,CH01,BASE,FV_BASE_202310,5150,142479900.0,81562821.89,3591741.37,403462.5,FROZEN,true,2023-11-01,true,ASSUMPTION,0
2023-09-01,2023-10-01,SKU012,CH01,UPSIDE,FV_UPSIDE_202310,5350,148013100.0,79994306.09,3591741.37,395393.25,FROZEN,true,2023-11-01,true,ASSUMPTION,-6
2023-09-01,2023-10-01,SKU012,CH01,DOWNSIDE,FV_DOWNSIDE_202310,4800,132796800.0,85484111.41,3663576.2,435739.5,FROZEN,true,2023-11-01,true,ASSUMPTION,14
2023-09-01,2023-10-01,SKU001,CH02,BASE,FV_BASE_202310,6180,182767320.0,108111576.91,6842626.53,517545.0,FROZEN,true,2023-11-01,true,ASSUMPTION,0
2023-09-01,2023-10-01,SKU001,CH02,UPSIDE,FV_UPSIDE_202310,6420,189865080.0,106032508.13,6842626.53,507194.1,FROZEN,true,2023-11-01,true,ASSUMPTION,-6
2023-09-01,2023-10-01,SKU001,CH02,DOWNSIDE,FV_DOWNSIDE_202310,5760,170346240.0,113309248.88,6979479.06,558948.6,FROZEN,true,2023-11-01,true,ASSUMPTION,14
2023-09-01,2023-10-01,SKU002,CH02,BASE,FV_BASE_202310,4120,141497280.0,75329356.81,5297517.31,400680.0,FROZEN,true,2023-11-01,true,ASSUMPTION,0
2023-09-01,2023-10-01,SKU002,CH02,UPSIDE,FV_UPSIDE_202310,4280,146992320.0,73880715.34,5297517.31,392666.4,FROZEN,true,2023-11-01,true,ASSUMPTION,-6
2023-09-01,2023-10-01,SKU002,CH02,DOWNSIDE,FV_DOWNSIDE_202310,3840,131880960.0,78950960.51,5403467.66,432734.4,FROZEN,true,2023-11-01,true,ASSUMPTION,14
2023-09-01,2023-10-01,SKU003,CH02,BASE,FV_BASE_202310,4120,125775360.0,70679396.52,4708904.28,356160.0,FROZEN,true,2023-11-01,true,ASSUMPTION,0
2023-09-01,2023-10-01,SKU003,CH02,UPSIDE,FV_UPSIDE_202310,4280,130659840.0,69320177.35,4708904.28,349036.8,FROZEN,true,2023-11-01,true,ASSUMPTION,-6
2023-09-01,2023-10-01,SKU003,CH02,DOWNSIDE,FV_DOWNSIDE_202310,3840,117227520.0,74077444.43,4803082.37,384652.8,FROZEN,true,2023-11-01,true,ASSUMPTION,14
2023-09-01,2023-10-01,SKU004,CH02,BASE,FV_BASE_202310,5150,137566800.0,89511735.73,5150364.05,389550.0,FROZEN,true,2023-11-01,true,ASSUMPTION,0
2023-09-01,2023-10-01,SKU004,CH02,UPSIDE,FV_UPSIDE_202310,5350,142909200.0,87790356.19,5150364.05,381759.0,FROZEN,true,2023-11-01,true,ASSUMPTION,-6
2023-09-01,2023-10-01,SKU004,CH02,DOWNSIDE,FV_DOWNSIDE_202310,4800,128217600.0,93815184.56,5253371.33,420714.0,FROZEN,true,2023-11-01,true,ASSUMPTION,14
2023-09-01,2023-10-01,SKU005,CH02,BASE,FV_BASE_202310,4120,106122960.0,72190633.61,3973137.98,300510.0,FROZEN,true,2023-11-01,true,ASSUMPTION,0
2023-09-01,2023-10-01,SKU005,CH02,UPSIDE,FV_UPSIDE_202310,4280,110244240.0,70802352.2,3973137.98,294499.8,FROZEN,true,2023-11-01,true,ASSUMPTION,-6
2023-09-01,2023-10-01,SKU005,CH02,DOWNSIDE,FV_DOWNSIDE_202310,3840,98910720.0,75661337.15,4052600.74,324550.8,FROZEN,true,2023-11-01,true,ASSUMPTION,14
2023-09-01,2023-10-01,SKU006,CH02,BASE,FV_BASE_202310,3090,88435800.0,54927656.01,3310948.32,250425.0,FROZEN,true,2023-11-01,true,ASSUMPTION,0
2023-09-01,2023-10-01,SKU006,CH02,UPSIDE,FV_UPSIDE_202310,3210,91870200.0,53871354.94,3310948.32,245416.5,FROZEN,true,2023-11-01,true,ASSUMPTION,-6
2023-09-01,2023-10-01,SKU006,CH02,DOWNSIDE,FV_DOWNSIDE_202310,2880,82425600.0,57568408.71,3377167.29,270459.0,FROZEN,true,2023-11-01,true,ASSUMPTION,14
2023-09-01,2023-10-01,SKU007,CH02,BASE,FV_BASE_202310,6180,135601560.0,110291245.8,5076787.42,383985.0,FROZEN,true,2023-11-01,true,ASSUMPTION,0
2023-09-01,2023-10-01,SKU007,CH02,UPSIDE,FV_UPSIDE_202310,6420,140867640.0,108170260.31,5076787.42,376305.3,FROZEN,true,2023-11-01,true,ASSUMPTION,-6
2023-09-01,2023-10-01,SKU007,CH02,DOWNSIDE,FV_DOWNSIDE_202310,5760,126385920.0,115593709.54,5178323.17,414703.8,FROZEN,true,2023-11-01,true,ASSUMPTION,14
2023-09-01,2023-10-01,SKU008,CH02,BASE,FV_BASE_202310,5150,122827500.0,94452318.54,4598539.33,347812.5,FROZEN,true,2023-11-01,true,ASSUMPTION,0
2023-09-01,2023-10-01,SKU008,CH02,UPSIDE,FV_UPSIDE_202310,5350,127597500.0,92635927.8,4598539.33,340856.25,FROZEN,true,2023-11-01,true,ASSUMPTION,-6
2023-09-01,2023-10-01,SKU008,CH02,DOWNSIDE,FV_DOWNSIDE_202310,4800,114480000.0,98993295.4,4690510.12,375637.5,FROZEN,true,2023-11-01,true,ASSUMPTION,14
2023-09-01,2023-10-01,SKU009,CH02,BASE,FV_BASE_202310,6180,123810120.0,106193468.28,4635327.65,350595.0,FROZEN,true,2023-11-01,true,ASSUMPTION,0
2023-09-01,2023-10-01,SKU009,CH02,UPSIDE,FV_UPSIDE_202310,6420,128618280.0,104151286.2,4635327.65,343583.1,FROZEN,true,2023-11-01,true,ASSUMPTION,-6
2023-09-01,2023-10-01,SKU009,CH02,DOWNSIDE,FV_DOWNSIDE_202310,5760,115395840.0,111298923.49,4728034.2,378642.6,FROZEN,true,2023-11-01,true,ASSUMPTION,14
2023-09-01,2023-10-01,SKU010,CH02,BASE,FV_BASE_202310,4120,94331520.0,69749404.46,3531678.21,267120.0,FROZEN,true,2023-11-01,true,ASSUMPTION,0
2023-09-01,2023-10-01,SKU010,CH02,UPSIDE,FV_UPSIDE_202310,4280,97994880.0,68408069.76,3531678.21,261777.6,FROZEN,true,2023-11-01,true,ASSUMPTION,-6
2023-09-01,2023-10-01,SKU010,CH02,DOWNSIDE,FV_DOWNSIDE_202310,3840,87920640.0,73102741.22,3602311.77,288489.6,FROZEN,true,2023-11-01,true,ASSUMPTION,14
2023-09-01,2023-10-01,SKU011,CH02,BASE,FV_BASE_202310,3090,103175100.0,45773046.68,3862773.04,292162.5,FROZEN,true,2023-11-01,true,ASSUMPTION,0
2023-09-01,2023-10-01,SKU011,CH02,UPSIDE,FV_UPSIDE_202310,3210,107181900.0,44892795.78,3862773.04,286319.25,FROZEN,true,2023-11-01,true,ASSUMPTION,-6
2023-09-01,2023-10-01,SKU011,CH02,DOWNSIDE,FV_DOWNSIDE_202310,2880,96163200.0,47973673.92,3940028.5,315535.5,FROZEN,true,2023-11-01,true,ASSUMPTION,14
2023-09-01,2023-10-01,SKU012,CH02,BASE,FV_BASE_202310,4120,113983920.0,65738813.69,4267444.5,322770.0,FROZEN,true,2023-11-01,true,ASSUMPTION,0
2023-09-01,2023-10-01,SKU012,CH02,UPSIDE,FV_UPSIDE_202310,4280,118410480.0,64474605.74,4267444.5,316314.6,FROZEN,true,2023-11-01,true,ASSUMPTION,-6
2023-09-01,2023-10-01,SKU012,CH02,DOWNSIDE,FV_DOWNSIDE_202310,3840,106237440.0,68899333.58,4352793.39,348591.6,FROZEN,true,2023-11-01,true,ASSUMPTION,14
2023-09-01,2023-10-01,SKU001,CH03,BASE,FV_BASE_202310,4120,118651880.0,76939057.95,3096383.98,335988.33,FROZEN,true,2023-11-01,true,ASSUMPTION,0
2023-09-01,2023-10-01,SKU001,CH03,UPSIDE,FV_UPSIDE_202310,4280,123259720.0,75459460.68,3096383.98,329268.57,FROZEN,true,2023-11-01,true,ASSUMPTION,-6
2023-09-01,2023-10-01,SKU001,CH03,DOWNSIDE,FV_DOWNSIDE_202310,3840,110588160.0,80638051.12,3158311.66,362867.4,FROZEN,true,2023-11-01,true,ASSUMPTION,14
2023-09-01,2023-10-01,SKU002,CH03,BASE,FV_BASE_202310,3090,103341960.0,60310293.82,2696850.57,292635.0,FROZEN,true,2023-11-01,true,ASSUMPTION,0
2023-09-01,2023-10-01,SKU002,CH03,UPSIDE,FV_UPSIDE_202310,3210,107355240.0,59150480.47,2696850.57,286782.3,FROZEN,true,2023-11-01,true,ASSUMPTION,-6
2023-09-01,2023-10-01,SKU002,CH03,DOWNSIDE,FV_DOWNSIDE_202310,2880,96318720.0,63209827.17,2750787.58,316045.8,FROZEN,true,2023-11-01,true,ASSUMPTION,14
2023-09-01,2023-10-01,SKU003,CH03,BASE,FV_BASE_202310,3090,91859520.0,56587436.17,2397200.5,260120.0,FROZEN,true,2023-11-01,true,ASSUMPTION,0
2023-09-01,2023-10-01,SKU003,CH03,UPSIDE,FV_UPSIDE_202310,3210,95426880.0,55499216.25,2397200.5,254917.6,FROZEN,true,2023-11-01,true,ASSUMPTION,-6
2023-09-01,2023-10-01,SKU003,CH03,DOWNSIDE,FV_DOWNSIDE_202310,2880,85616640.0,59307985.99,2445144.51,280929.6,FROZEN,true,2023-11-01,true,ASSUMPTION,14
2023-09-01,2023-10-01,SKU004,CH03,BASE,FV_BASE_202310,4120,107169440.0,76442676.93,2796733.92,303473.33,FROZEN,true,2023-11-01,true,ASSUMPTION,0
2023-09-01,2023-10-01,SKU004,CH03,UPSIDE,FV_UPSIDE_202310,4280,111331360.0,74972625.45,2796733.92,297403.87,FROZEN,true,2023-11-01,true,ASSUMPTION,-6
2023-09-01,2023-10-01,SKU004,CH03,DOWNSIDE,FV_DOWNSIDE_202310,3840,99886080.0,80117805.63,2852668.6,327751.2,FROZEN,true,2023-11-01,true,ASSUMPTION,14
2023-09-01,2023-10-01,SKU005,CH03,BASE,FV_BASE_202310,3090,77506470.0,57797364.9,2022637.93,219476.25,FROZEN,true,2023-11-01,true,ASSUMPTION,0
2023-09-01,2023-10-01,SKU005,CH03,UPSIDE,FV_UPSIDE_202310,3210,80516430.0,56685877.12,2022637.93,215086.73,FROZEN,true,2023-11-01,true,ASSUMPTION,-6
2023-09-01,2023-10-01,SKU005,CH03,DOWNSIDE,FV_DOWNSIDE_202310,2880,72239040.0,60576084.37,2063090.69,237034.35,FROZEN,true,2023-11-01,true,ASSUMPTION,14
2023-09-01,2023-10-01,SKU006,CH03,BASE,FV_BASE_202310,3090,86118300.0,58635007.87,2247375.47,243862.5,FROZEN,true,2023-11-01,true,ASSUMPTION,0
2023-09-01,2023-10-01,SKU006,CH03,UPSIDE,FV_UPSIDE_202310,3210,89462700.0,57507411.57,2247375.47,238985.25,FROZEN,true,2023-11-01,true,ASSUMPTION,-6
2023-09-01,2023-10-01,SKU006,CH03,DOWNSIDE,FV_DOWNSIDE_202310,2880,80265600.0,61453998.63,2292322.98,263371.5,FROZEN,true,2023-11-01,true,ASSUMPTION,14
2023-09-01,2023-10-01,SKU007,CH03,BASE,FV_BASE_202310,4120,88032040.0,78490248.64,2297317.15,249281.67,FROZEN,true,2023-11-01,true,ASSUMPTION,0
2023-09-01,2023-10-01,SKU007,CH03,UPSIDE,FV_UPSIDE_202310,4280,91450760.0,76980820.78,2297317.15,244296.03,FROZEN,true,2023-11-01,true,ASSUMPTION,-6
2023-09-01,2023-10-01,SKU007,CH03,DOWNSIDE,FV_DOWNSIDE_202310,3840,82049280.0,82263818.28,2343263.49,269224.2,FROZEN,true,2023-11-01,true,ASSUMPTION,14
2023-09-01,2023-10-01,SKU008,CH03,BASE,FV_BASE_202310,3090,71765250.0,60496436.7,1872812.89,203218.75,FROZEN,true,2023-11-01,true,ASSUMPTION,0
2023-09-01,2023-10-01,SKU008,CH03,UPSIDE,FV_UPSIDE_202310,3210,74552250.0,59333043.68,1872812.89,199154.38,FROZEN,true,2023-11-01,true,ASSUMPTION,-6
2023-09-01,2023-10-01,SKU008,CH03,DOWNSIDE,FV_DOWNSIDE_202310,2880,66888000.0,63404919.23,1910269.15,219476.25,FROZEN,true,2023-11-01,true,ASSUMPTION,14
2023-09-01,2023-10-01,SKU009,CH03,BASE,FV_BASE_202310,4120,80377080.0,75574010.15,2097550.44,227605.0,FROZEN,true,2023-11-01,true,ASSUMPTION,0
2023-09-01,2023-10-01,SKU009,CH03,UPSIDE,FV_UPSIDE_202310,4280,83498520.0,74120663.8,2097550.44,223052.9,FROZEN,true,2023-11-01,true,ASSUMPTION,-6
2023-09-01,2023-10-01,SKU009,CH03,DOWNSIDE,FV_DOWNSIDE_202310,3840,74914560.0,79207376.02,2139501.45,245813.4,FROZEN,true,2023-11-01,true,ASSUMPTION,14
2023-09-01,2023-10-01,SKU010,CH03,BASE,FV_BASE_202310,3090,68894640.0,55842864.64,1797900.38,195090.0,FROZEN,true,2023-11-01,true,ASSUMPTION,0
2023-09-01,2023-10-01,SKU010,CH03,UPSIDE,FV_UPSIDE_202310,3210,71570160.0,54768963.39,1797900.38,191188.2,FROZEN,true,2023-11-01,true,ASSUMPTION,-6
2023-09-01,2023-10-01,SKU010,CH03,DOWNSIDE,FV_DOWNSIDE_202310,2880,64212480.0,58527617.74,1833858.39,210697.2,FROZEN,true,2023-11-01,true,ASSUMPTION,14
2023-09-01,2023-10-01,SKU011,CH03,BASE,FV_BASE_202310,2060,66980900.0,32575004.37,1747958.7,189670.83,FROZEN,true,2023-11-01,true,ASSUMPTION,0
2023-09-01,2023-10-01,SKU011,CH03,UPSIDE,FV_UPSIDE_202310,2140,69582100.0,31948561.98,1747958.7,185877.42,FROZEN,true,2023-11-01,true,ASSUMPTION,-6
2023-09-01,2023-10-01,SKU011,CH03,DOWNSIDE,FV_DOWNSIDE_202310,1920,62428800.0,34141110.35,1782917.87,204844.5,FROZEN,true,2023-11-01,true,ASSUMPTION,14
2023-09-01,2023-10-01,SKU012,CH03,BASE,FV_BASE_202310,3090,83247690.0,52631899.92,2172462.96,235733.75,FROZEN,true,2023-11-01,true,ASSUMPTION,0
2023-09-01,2023-10-01,SKU012,CH03,UPSIDE,FV_UPSIDE_202310,3210,86480610.0,51619748.0,2172462.96,231019.08,FROZEN,true,2023-11-01,true,ASSUMPTION,-6
2023-09-01,2023-10-01,SKU012,CH03,DOWNSIDE,FV_DOWNSIDE_202310,2880,77590080.0,55162279.73,2215912.22,254592.45,FROZEN,true,2023-11-01,true,ASSUMPTION,14
2023-09-01,2023-10-01,SKU001,CH04,BASE,FV_BASE_202310,2060,60156120.0,37272445.28,1601259.28,170345.0,FROZEN,true,2023-11-01,true,ASSUMPTION,0
2023-09-01,2023-10-01,SKU001,CH04,UPSIDE,FV_UPSIDE_202310,2140,62492280.0,36555667.48,1601259.28,166938.1,FROZEN,true,2023-11-01,true,ASSUMPTION,-6
2023-09-01,2023-10-01,SKU001,CH04,DOWNSIDE,FV_DOWNSIDE_202310,1920,56067840.0,39064389.76,1633284.47,183972.6,FROZEN,true,2023-11-01,true,ASSUMPTION,14
2023-09-01,2023-10-01,SKU002,CH04,BASE,FV_BASE_202310,2060,69858720.0,38955717.01,1859526.91,197820.0,FROZEN,true,2023-11-01,true,ASSUMPTION,0
2023-09-01,2023-10-01,SKU002,CH04,UPSIDE,FV_UPSIDE_202310,2140,72571680.0,38206568.6,1859526.91,193863.6,FROZEN,true,2023-11-01,true,ASSUMPTION,-6
2023-09-01,2023-10-01,SKU002,CH04,DOWNSIDE,FV_DOWNSIDE_202310,1920,65111040.0,40828588.02,1896717.45,213645.6,FROZEN,true,2023-11-01,true,ASSUMPTION,14
2023-09-01,2023-10-01,SKU003,CH04,BASE,FV_BASE_202310,1030,31048320.0,18275521.56,826456.4,87920.0,FROZEN,true,2023-11-01,true,ASSUMPTION,0
2023-09-01,2023-10-01,SKU003,CH04,UPSIDE,FV_UPSIDE_202310,1070,32254080.0,17924069.22,826456.4,86161.6,FROZEN,true,2023-11-01,true,ASSUMPTION,-6
2023-09-01,2023-10-01,SKU003,CH04,DOWNSIDE,FV_DOWNSIDE_202310,960,28938240.0,19154152.4,842985.53,94953.6,FROZEN,true,2023-11-01,true,ASSUMPTION,14
2023-09-01,2023-10-01,SKU004,CH04,BASE,FV_BASE_202310,2060,54334560.0,37031977.89,1446298.71,153860.0,FROZEN,true,2023-11-01,true,ASSUMPTION,0
2023-09-01,2023-10-01,SKU004,CH04,UPSIDE,FV_UPSIDE_202310,2140,56444640.0,36319824.47,1446298.71,150782.8,FROZEN,true,2023-11-01,true,ASSUMPTION,-6
2023-09-01,2023-10-01,SKU004,CH04,DOWNSIDE,FV_DOWNSIDE_202310,1920,50641920.0,38812361.44,1475224.68,166168.8,FROZEN,true,2023-11-01,true,ASSUMPTION,14
2023-09-01,2023-10-01,SKU005,CH04,BASE,FV_BASE_202310,2060,52394040.0,37332562.12,1394645.18,148365.0,FROZEN,true,2023-11-01,true,ASSUMPTION,0
2023-09-01,2023-10-01,SKU005,CH04,UPSIDE,FV_UPSIDE_202310,2140,54428760.0,36614628.24,1394645.18,145397.7,FROZEN,true,2023-11-01,true,ASSUMPTION,-6
2023-09-01,2023-10-01,SKU005,CH04,DOWNSIDE,FV_DOWNSIDE_202310,1920,48833280.0,39127396.84,1422538.08,160234.2,FROZEN,true,2023-11-01,true,ASSUMPTION,14
2023-09-01,2023-10-01,SKU006,CH04,BASE,FV_BASE_202310,1030,29107800.0,18936806.88,774802.88,82425.0,FROZEN,true,2023-11-01,true,ASSUMPTION,0
2023-09-01,2023-10-01,SKU006,CH04,UPSIDE,FV_UPSIDE_202310,1070,30238200.0,18572637.51,774802.88,80776.5,FROZEN,true,2023-11-01,true,ASSUMPTION,-6
2023-09-01,2023-10-01,SKU006,CH04,DOWNSIDE,FV_DOWNSIDE_202310,960,27129600.0,19847230.28,790298.94,89019.0,FROZEN,true,2023-11-01,true,ASSUMPTION,14
2023-09-01,2023-10-01,SKU007,CH04,BASE,FV_BASE_202310,2060,44631960.0,38023905.87,1188031.08,126385.0,FROZEN,true,2023-11-01,true,ASSUMPTION,0
2023-09-01,2023-10-01,SKU007,CH04,UPSIDE,FV_UPSIDE_202310,2140,46365240.0,37292676.91,1188031.08,123857.3,FROZEN,true,2023-11-01,true,ASSUMPTION,-6
2023-09-01,2023-10-01,SKU007,CH04,DOWNSIDE,FV_DOWNSIDE_202310,1920,41598720.0,39851978.27,1211791.7,136495.8,FROZEN,true,2023-11-01,true,ASSUMPTION,14
2023-09-01,2023-10-01,SKU008,CH04,BASE,FV_BASE_202310,2060,48513000.0,39075950.7,1291338.13,137375.0,FROZEN,true,2023-11-01,true,ASSUMPTION,0
2023-09-01,2023-10-01,SKU008,CH04,UPSIDE,FV_UPSIDE_202310,2140,50397000.0,38324490.11,1291338.13,134627.5,FROZEN,true,2023-11-01,true,ASSUMPTION,-6
2023-09-01,2023-10-01,SKU008,CH04,DOWNSIDE,FV_DOWNSIDE_202310,1920,45216000.0,40954602.18,1317164.89,148365.0,FROZEN,true,2023-11-01,true,ASSUMPTION,14
2023-09-01,2023-10-01,SKU009,CH04,BASE,FV_BASE_202310,2060,40750920.0,36611159.96,1084724.03,115395.0,FROZEN,true,2023-11-01,true,ASSUMPTION,0
2023-09-01,2023-10-01,SKU009,CH04,UPSIDE,FV_UPSIDE_202310,2140,42333480.0,35907099.19,1084724.03,113087.1,FROZEN,true,2023-11-01,true,ASSUMPTION,-6
2023-09-01,2023-10-01,SKU009,CH04,DOWNSIDE,FV_DOWNSIDE_202310,1920,37981440.0,38371311.88,1106418.51,124626.6,FROZEN,true,2023-11-01,true,ASSUMPTION,14
2023-09-01,2023-10-01,SKU010,CH04,BASE,FV_BASE_202310,2060,46572480.0,36070108.34,1239684.6,131880.0,FROZEN,true,2023-11-01,true,ASSUMPTION,0
2023-09-01,2023-10-01,SKU010,CH04,UPSIDE,FV_UPSIDE_202310,2140,48381120.0,35376452.41,1239684.6,129242.4,FROZEN,true,2023-11-01,true,ASSUMPTION,-6
2023-09-01,2023-10-01,SKU010,CH04,DOWNSIDE,FV_DOWNSIDE_202310,1920,43407360.0,37804248.16,1264478.29,142430.4,FROZEN,true,2023-11-01,true,ASSUMPTION,14
2023-09-01,2023-10-01,SKU011,CH04,BASE,FV_BASE_202310,1030,33959100.0,15780672.4,903936.69,96162.5,FROZEN,true,2023-11-01,true,ASSUMPTION,0
2023-09-01,2023-10-01,SKU011,CH04,UPSIDE,FV_UPSIDE_202310,1070,35277900.0,15477197.93,903936.69,94239.25,FROZEN,true,2023-11-01,true,ASSUMPTION,-6
2023-09-01,2023-10-01,SKU011,CH04,DOWNSIDE,FV_DOWNSIDE_202310,960,31651200.0,16539358.57,922015.42,103855.5,FROZEN,true,2023-11-01,true,ASSUMPTION,14
2023-09-01,2023-10-01,SKU012,CH04,BASE,FV_BASE_202310,1030,28137540.0,16998038.56,748976.12,79677.5,FROZEN,true,2023-11-01,true,ASSUMPTION,0
2023-09-01,2023-10-01,SKU012,CH04,UPSIDE,FV_UPSIDE_202310,1070,29230260.0,16671153.21,748976.12,78083.95,FROZEN,true,2023-11-01,true,ASSUMPTION,-6
2023-09-01,2023-10-01,SKU012,CH04,DOWNSIDE,FV_DOWNSIDE_202310,960,26225280.0,17815251.96,763955.64,86051.7,FROZEN,true,2023-11-01,true,ASSUMPTION,14
2023-09-01,2023-10-01,SKU001,CH05,BASE,FV_BASE_202310,3090,91383660.0,51709528.8,2219584.89,258772.5,FROZEN,true,2023-11-01,true,ASSUMPTION,0
2023-09-01,2023-10-01,SKU001,CH05,UPSIDE,FV_UPSIDE_202310,3210,94932540.0,50715114.79,2219584.89,253597.05,FROZEN,true,2023-11-01,true,ASSUMPTION,-6
2023-09-01,2023-10-01,SKU001,CH05,DOWNSIDE,FV_DOWNSIDE_202310,2880,85173120.0,54195563.84,2263976.59,279474.3,FROZEN,true,2023-11-01,true,ASSUMPTION,14
2023-09-01,2023-10-01,SKU002,CH05,BASE,FV_BASE_202310,2060,70748640.0,36029865.23,1718388.3,200340.0,FROZEN,true,2023-11-01,true,ASSUMPTION,0
2023-09-01,2023-10-01,SKU002,CH05,UPSIDE,FV_UPSIDE_202310,2140,73496160.0,35336983.2,1718388.3,196333.2,FROZEN,true,2023-11-01,true,ASSUMPTION,-6
2023-09-01,2023-10-01,SKU002,CH05,DOWNSIDE,FV_DOWNSIDE_202310,1920,65940480.0,37762070.29,1752756.07,216367.2,FROZEN,true,2023-11-01,true,ASSUMPTION,14
2023-09-01,2023-10-01,SKU003,CH05,BASE,FV_BASE_202310,2060,62887680.0,33805799.48,1527456.27,178080.0,FROZEN,true,2023-11-01,true,ASSUMPTION,0
2023-09-01,2023-10-01,SKU003,CH05,UPSIDE,FV_UPSIDE_202310,2140,65329920.0,33155687.95,1527456.27,174518.4,FROZEN,true,2023-11-01,true,ASSUMPTION,-6
2023-09-01,2023-10-01,SKU003,CH05,DOWNSIDE,FV_DOWNSIDE_202310,1920,58613760.0,35431078.3,1558005.4,192326.4,FROZEN,true,2023-11-01,true,ASSUMPTION,14
2023-09-01,2023-10-01,SKU004,CH05,BASE,FV_BASE_202310,2060,55026720.0,34250612.62,1336524.23,155820.0,FROZEN,true,2023-11-01,true,ASSUMPTION,0
2023-09-01,2023-10-01,SKU004,CH05,UPSIDE,FV_UPSIDE_202310,2140,57163680.0,33591947.0,1336524.23,152703.6,FROZEN,true,2023-11-01,true,ASSUMPTION,-6
2023-09-01,2023-10-01,SKU004,CH05,DOWNSIDE,FV_DOWNSIDE_202310,1920,51287040.0,35897276.69,1363254.71,168285.6,FROZEN,true,2023-11-01,true,ASSUMPTION,14
2023-09-01,2023-10-01,SKU005,CH05,BASE,FV_BASE_202310,2060,53061480.0,34528620.85,1288791.22,150255.0,FROZEN,true,2023-11-01,true,ASSUMPTION,0
2023-09-01,2023-10-01,SKU005,CH05,UPSIDE,FV_UPSIDE_202310,2140,55122120.0,33864608.91,1288791.22,147249.9,FROZEN,true,2023-11-01,true,ASSUMPTION,-6
2023-09-01,2023-10-01,SKU005,CH05,DOWNSIDE,FV_DOWNSIDE_202310,1920,49455360.0,36188650.7,1314567.04,162275.4,FROZEN,true,2023-11-01,true,ASSUMPTION,14
2023-09-01,2023-10-01,SKU006,CH05,BASE,FV_BASE_202310,2060,58957200.0,35029035.64,1431990.25,166950.0,FROZEN,true,2023-11-01,true,ASSUMPTION,0
2023-09-01,2023-10-01,SKU006,CH05,UPSIDE,FV_UPSIDE_202310,2140,61246800.0,34355400.34,1431990.25,163611.0,FROZEN,true,2023-11-01,true,ASSUMPTION,-6
2023-09-01,2023-10-01,SKU006,CH05,DOWNSIDE,FV_DOWNSIDE_202310,1920,54950400.0,36713123.89,1460630.06,180306.0,FROZEN,true,2023-11-01,true,ASSUMPTION,14
2023-09-01,2023-10-01,SKU007,CH05,BASE,FV_BASE_202310,3090,67800780.0,52752059.62,1646788.79,191992.5,FROZEN,true,2023-11-01,true,ASSUMPTION,0
2023-09-01,2023-10-01,SKU007,CH05,UPSIDE,FV_UPSIDE_202310,3210,70433820.0,51737596.94,1646788.79,188152.65,FROZEN,true,2023-11-01,true,ASSUMPTION,-6
2023-09-01,2023-10-01,SKU007,CH05,DOWNSIDE,FV_DOWNSIDE_202310,2880,63192960.0,55288216.33,1679724.57,207351.9,FROZEN,true,2023-11-01,true,ASSUMPTION,14
2023-09-01,2023-10-01,SKU008,CH05,BASE,FV_BASE_202310,2060,49131000.0,36141068.52,1193325.21,139125.0,FROZEN,true,2023-11-01,true,ASSUMPTION,0
2023-09-01,2023-10-01,SKU008,CH05,UPSIDE,FV_UPSIDE_202310,2140,51039000.0,35446047.97,1193325.21,136342.5,FROZEN,true,2023-11-01,true,ASSUMPTION,-6
2023-09-01,2023-10-01,SKU008,CH05,DOWNSIDE,FV_DOWNSIDE_202310,1920,45792000.0,37878619.89,1217191.71,150255.0,FROZEN,true,2023-11-01,true,ASSUMPTION,14
2023-09-01,2023-10-01,SKU009,CH05,BASE,FV_BASE_202310,3090,61905060.0,50792101.67,1503589.76,175297.5,FROZEN,true,2023-11-01,true,ASSUMPTION,0
2023-09-01,2023-10-01,SKU009,CH05,UPSIDE,FV_UPSIDE_202310,3210,64309140.0,49815330.49,1503589.76,171791.55,FROZEN,true,2023-11-01,true,ASSUMPTION,-6
2023-09-01,2023-10-01,SKU009,CH05,DOWNSIDE,FV_DOWNSIDE_202310,2880,57697920.0,53234029.64,1533661.56,189321.3,FROZEN,true,2023-11-01,true,ASSUMPTION,14
2023-09-01,2023-10-01,SKU010,CH05,BASE,FV_BASE_202310,2060,47165760.0,33360986.32,1145592.2,133560.0,FROZEN,true,2023-11-01,true,ASSUMPTION,0
2023-09-01,2023-10-01,SKU010,CH05,UPSIDE,FV_UPSIDE_202310,2140,48997440.0,32719428.89,1145592.2,130888.8,FROZEN,true,2023-11-01,true,ASSUMPTION,-6
2023-09-01,2023-10-01,SKU010,CH05,DOWNSIDE,FV_DOWNSIDE_202310,1920,43960320.0,34964879.89,1168504.04,144244.8,FROZEN,true,2023-11-01,true,ASSUMPTION,14
2023-09-01,2023-10-01,SKU011,CH05,BASE,FV_BASE_202310,1030,34391700.0,14595431.52,835327.65,97387.5,FROZEN,true,2023-11-01,true,ASSUMPTION,0
2023-09-01,2023-10-01,SKU011,CH05,UPSIDE,FV_UPSIDE_202310,1070,35727300.0,14314750.15,835327.65,95439.75,FROZEN,true,2023-11-01,true,ASSUMPTION,-6
2023-09-01,2023-10-01,SKU011,CH05,DOWNSIDE,FV_DOWNSIDE_202310,960,32054400.0,15297134.96,852034.2,105178.5,FROZEN,true,2023-11-01,true,ASSUMPTION,14
2023-09-01,2023-10-01,SKU012,CH05,BASE,FV_BASE_202310,2060,56991960.0,31442729.6,1384257.24,161385.0,FROZEN,true,2023-11-01,true,ASSUMPTION,0
2023-09-01,2023-10-01,SKU012,CH05,UPSIDE,FV_UPSIDE_202310,2140,59205240.0,30838061.73,1384257.24,158157.3,FROZEN,true,2023-11-01,true,ASSUMPTION,-6
2023-09-01,2023-10-01,SKU012,CH05,DOWNSIDE,FV_DOWNSIDE_202310,1920,53118720.0,32954399.3,1411942.38,174295.8,FROZEN,true,2023-11-01,true,ASSUMPTION,14
2023-10-01,2023-11-01,SKU001,CH01,BASE,FV_BASE_202311,8240,236026560.0,147705293.47,16431210.47,668360.0,FROZEN,true,2023-12-01,true,ASSUMPTION,0
2023-10-01,2023-11-01,SKU001,CH01,UPSIDE,FV_UPSIDE_202311,8560,245192640.0,144864807.05,16431210.47,654992.8,FROZEN,true,2023-12-01,true,ASSUMPTION,-6
2023-10-01,2023-11-01,SKU001,CH01,DOWNSIDE,FV_DOWNSIDE_202311,7680,219985920.0,154806509.5,16759834.68,721828.8,FROZEN,true,2023-12-01,true,ASSUMPTION,14
2023-10-01,2023-11-01,SKU002,CH01,BASE,FV_BASE_202311,6180,205571520.0,115781891.33,14311054.28,582120.0,FROZEN,true,2023-12-01,true,ASSUMPTION,0
2023-10-01,2023-11-01,SKU002,CH01,UPSIDE,FV_UPSIDE_202311,6420,213554880.0,113555316.49,14311054.28,570477.6,FROZEN,true,2023-12-01,true,ASSUMPTION,-6
2023-10-01,2023-11-01,SKU002,CH01,DOWNSIDE,FV_DOWNSIDE_202311,5760,191600640.0,121348328.41,14597275.37,628689.6,FROZEN,true,2023-12-01,true,ASSUMPTION,14
2023-10-01,2023-11-01,SKU003,CH01,BASE,FV_BASE_202311,5150,152275200.0,90529050.83,10600780.95,431200.0,FROZEN,true,2023-12-01,true,ASSUMPTION,0
2023-10-01,2023-11-01,SKU003,CH01,UPSIDE,FV_UPSIDE_202311,5350,158188800.0,88788107.55,10600780.95,422576.0,FROZEN,true,2023-12-01,true,ASSUMPTION,-6
2023-10-01,2023-11-01,SKU003,CH01,DOWNSIDE,FV_DOWNSIDE_202311,4800,141926400.0,94881409.04,10812796.57,465696.0,FROZEN,true,2023-12-01,true,ASSUMPTION,14
2023-10-01,2023-11-01,SKU004,CH01,BASE,FV_BASE_202311,8240,213185280.0,146752356.09,14841093.32,603680.0,FROZEN,true,2023-12-01,true,ASSUMPTION,0
2023-10-01,2023-11-01,SKU004,CH01,UPSIDE,FV_UPSIDE_202311,8560,221464320.0,143930195.39,14841093.32,591606.4,FROZEN,true,2023-12-01,true,ASSUMPTION,-6
2023-10-01,2023-11-01,SKU004,CH01,DOWNSIDE,FV_DOWNSIDE_202311,7680,198696960.0,153807757.82,15137915.19,651974.4,FROZEN,true,2023-12-01,true,ASSUMPTION,14
2023-10-01,2023-11-01,SKU005,CH01,BASE,FV_BASE_202311,6180,154178640.0,110957645.85,10733290.71,436590.0,FROZEN,true,2023-12-01,true,ASSUMPTION,0
2023-10-01,2023-11-01,SKU005,CH01,UPSIDE,FV_UPSIDE_202311,6420,160166160.0,108823844.97,10733290.71,427858.2,FROZEN,true,2023-12-01,true,ASSUMPTION,-6
2023-10-01,2023-11-01,SKU005,CH01,DOWNSIDE,FV_DOWNSIDE_202311,5760,143700480.0,116292148.06,10947956.52,471517.2,FROZEN,true,2023-12-01,true,ASSUMPTION,14
2023-10-01,2023-11-01,SKU006,CH01,BASE,FV_BASE_202311,5150,142758000.0,93804773.07,9938232.14,404250.0,FROZEN,true,2023-12-01,true,ASSUMPTION,0
2023-10-01,2023-11-01,SKU006,CH01,UPSIDE,FV_UPSIDE_202311,5350,148302000.0,92000835.12,9938232.14,396165.0,FROZEN,true,2023-12-01,true,ASSUMPTION,-6
2023-10-01,2023-11-01,SKU006,CH01,DOWNSIDE,FV_DOWNSIDE_202311,4800,133056000.0,98314617.93,10136996.78,436590.0,FROZEN,true,2023-12-01,true,ASSUMPTION,14
2023-10-01,2023-11-01,SKU007,CH01,BASE,FV_BASE_202311,8240,175116480.0,150683222.77,12190898.09,495880.0,FROZEN,true,2023-12-01,true,ASSUMPTION,0
2023-10-01,2023-11-01,SKU007,CH01,UPSIDE,FV_UPSIDE_202311,8560,181917120.0,147785468.48,12190898.09,485962.4,FROZEN,true,2023-12-01,true,ASSUMPTION,-6
2023-10-01,2023-11-01,SKU007,CH01,DOWNSIDE,FV_DOWNSIDE_202311,7680,163215360.0,157927608.48,12434716.05,535550.4,FROZEN,true,2023-12-01,true,ASSUMPTION,14
2023-10-01,2023-11-01,SKU008,CH01,BASE,FV_BASE_202311,7210,166551000.0,135495783.32,11594604.16,471625.0,FROZEN,true,2023-12-01,true,ASSUMPTION,0
2023-10-01,2023-11-01,SKU008,CH01,UPSIDE,FV_UPSIDE_202311,7490,173019000.0,132890095.18,11594604.16,462192.5,FROZEN,true,2023-12-01,true,ASSUMPTION,-6
2023-10-01,2023-11-01,SKU008,CH01,DOWNSIDE,FV_DOWNSIDE_202311,6720,155232000.0,142010003.67,11826496.24,509355.0,FROZEN,true,2023-12-01,true,ASSUMPTION,14
2023-10-01,2023-11-01,SKU009,CH01,BASE,FV_BASE_202311,8240,159888960.0,145084715.67,11130819.99,452760.0,FROZEN,true,2023-12-01,true,ASSUMPTION,0
2023-10-01,2023-11-01,SKU009,CH01,UPSIDE,FV_UPSIDE_202311,8560,166098240.0,142294624.99,11130819.99,443704.8,FROZEN,true,2023-12-01,true,ASSUMPTION,-6
2023-10-01,2023-11-01,SKU009,CH01,DOWNSIDE,FV_DOWNSIDE_202311,7680,149022720.0,152059942.39,11353436.39,488980.8,FROZEN,true,2023-12-01,true,ASSUMPTION,14
2023-10-01,2023-11-01,SKU010,CH01,BASE,FV_BASE_202311,6180,137047680.0,107205454.93,9540702.85,388080.0,FROZEN,true,2023-12-01,true,ASSUMPTION,0
2023-10-01,2023-11-01,SKU010,CH01,UPSIDE,FV_UPSIDE_202311,6420,142369920.0,105143811.56,9540702.85,380318.4,FROZEN,true,2023-12-01,true,ASSUMPTION,-6
2023-10-01,2023-11-01,SKU010,CH01,DOWNSIDE,FV_DOWNSIDE_202311,5760,127733760.0,112359563.34,9731516.91,419126.4,FROZEN,true,2023-12-01,true,ASSUMPTION,14
2023-10-01,2023-11-01,SKU011,CH01,BASE,FV_BASE_202311,4120,133240800.0,62536515.38,9275683.33,377300.0,FROZEN,true,2023-12-01,true,ASSUMPTION,0
2023-10-01,2023-11-01,SKU011,CH01,UPSIDE,FV_UPSIDE_202311,4280,138415200.0,61333890.09,9275683.33,369754.0,FROZEN,true,2023-12-01,true,ASSUMPTION,-6
2023-10-01,2023-11-01,SKU011,CH01,DOWNSIDE,FV_DOWNSIDE_202311,3840,124185600.0,65543078.62,9461197.0,407484.0,FROZEN,true,2023-12-01,true,ASSUMPTION,14
2023-10-01,2023-11-01,SKU012,CH01,BASE,FV_BASE_202311,5150,137999400.0,84200951.06,9606957.73,390775.0,FROZEN,true,2023-12-01,true,ASSUMPTION,0
2023-10-01,2023-11-01,SKU012,CH01,UPSIDE,FV_UPSIDE_202311,5350,143358600.0,82581702.0,9606957.73,382959.5,FROZEN,true,2023-12-01,true,ASSUMPTION,-6
2023-10-01,2023-11-01,SKU012,CH01,DOWNSIDE,FV_DOWNSIDE_202311,4800,128620800.0,88249073.7,9799096.88,422037.0,FROZEN,true,2023-12-01,true,ASSUMPTION,14
2023-10-01,2023-11-01,SKU001,CH02,BASE,FV_BASE_202311,6180,177019920.0,109140654.49,14342494.29,501270.0,FROZEN,true,2023-12-01,true,ASSUMPTION,0
2023-10-01,2023-11-01,SKU001,CH02,UPSIDE,FV_UPSIDE_202311,6420,183894480.0,107041795.75,14342494.29,491244.6,FROZEN,true,2023-12-01,true,ASSUMPTION,-6
2023-10-01,2023-11-01,SKU001,CH02,DOWNSIDE,FV_DOWNSIDE_202311,5760,164989440.0,114387801.34,14629344.18,541371.6,FROZEN,true,2023-12-01,true,ASSUMPTION,14
2023-10-01,2023-11-01,SKU002,CH02,BASE,FV_BASE_202311,5150,171309600.0,95057989.4,13879833.18,485100.0,FROZEN,true,2023-12-01,true,ASSUMPTION,0
2023-10-01,2023-11-01,SKU002,CH02,UPSIDE,FV_UPSIDE_202311,5350,177962400.0,93229951.14,13879833.18,475398.0,FROZEN,true,2023-12-01,true,ASSUMPTION,-6
2023-10-01,2023-11-01,SKU002,CH02,DOWNSIDE,FV_DOWNSIDE_202311,4800,159667200.0,99628085.04,14157429.84,523908.0,FROZEN,true,2023-12-01,true,ASSUMPTION,14
2023-10-01,2023-11-01,SKU003,CH02,BASE,FV_BASE_202311,4120,121820160.0,71352169.81,9870103.59,344960.0,FROZEN,true,2023-12-01,true,ASSUMPTION,0
2023-10-01,2023-11-01,SKU003,CH02,UPSIDE,FV_UPSIDE_202311,4280,126551040.0,69980012.7,9870103.59,338060.8,FROZEN,true,2023-12-01,true,ASSUMPTION,-6
2023-10-01,2023-11-01,SKU003,CH02,DOWNSIDE,FV_DOWNSIDE_202311,3840,113541120.0,74782562.59,10067505.66,372556.8,FROZEN,true,2023-12-01,true,ASSUMPTION,14
2023-10-01,2023-11-01,SKU004,CH02,BASE,FV_BASE_202311,6180,159888960.0,108436521.23,12954510.97,452760.0,FROZEN,true,2023-12-01,true,ASSUMPTION,0
2023-10-01,2023-11-01,SKU004,CH02,UPSIDE,FV_UPSIDE_202311,6420,166098240.0,106351203.52,12954510.97,443704.8,FROZEN,true,2023-12-01,true,ASSUMPTION,-6
2023-10-01,2023-11-01,SKU004,CH02,DOWNSIDE,FV_DOWNSIDE_202311,5760,149022720.0,113649815.52,13213601.19,488980.8,FROZEN,true,2023-12-01,true,ASSUMPTION,14
2023-10-01,2023-11-01,SKU005,CH02,BASE,FV_BASE_202311,5150,128482200.0,91097239.83,10409874.89,363825.0,FROZEN,true,2023-12-01,true,ASSUMPTION,0
2023-10-01,2023-11-01,SKU005,CH02,UPSIDE,FV_UPSIDE_202311,5350,133471800.0,89345369.84,10409874.89,356548.5,FROZEN,true,2023-12-01,true,ASSUMPTION,-6
2023-10-01,2023-11-01,SKU005,CH02,DOWNSIDE,FV_DOWNSIDE_202311,4800,119750400.0,95476914.83,10618072.39,392931.0,FROZEN,true,2023-12-01,true,ASSUMPTION,14
2023-10-01,2023-11-01,SKU006,CH02,BASE,FV_BASE_202311,4120,114206400.0,73933991.75,9253222.12,323400.0,FROZEN,true,2023-12-01,true,ASSUMPTION,0
2023-10-01,2023-11-01,SKU006,CH02,UPSIDE,FV_UPSIDE_202311,4280,118641600.0,72512184.21,9253222.12,316932.0,FROZEN,true,2023-12-01,true,ASSUMPTION,-6
2023-10-01,2023-11-01,SKU006,CH02,DOWNSIDE,FV_DOWNSIDE_202311,3840,106444800.0,77488510.58,9438286.56,349272.0,FROZEN,true,2023-12-01,true,ASSUMPTION,14
2023-10-01,2023-11-01,SKU007,CH02,BASE,FV_BASE_202311,6180,131337360.0,111341070.91,10641205.44,371910.0,FROZEN,true,2023-12-01,true,ASSUMPTION,0
2023-10-01,2023-11-01,SKU007,CH02,UPSIDE,FV_UPSIDE_202311,6420,136437840.0,109199896.47,10641205.44,364471.8,FROZEN,true,2023-12-01,true,ASSUMPTION,-6
2023-10-01,2023-11-01,SKU007,CH02,DOWNSIDE,FV_DOWNSIDE_202311,5760,122411520.0,116694007.01,10854029.55,401662.8,FROZEN,true,2023-12-01,true,ASSUMPTION,14
2023-10-01,2023-11-01,SKU008,CH02,BASE,FV_BASE_202311,5150,118965000.0,95351378.25,9638773.04,336875.0,FROZEN,true,2023-12-01,true,ASSUMPTION,0
2023-10-01,2023-11-01,SKU008,CH02,UPSIDE,FV_UPSIDE_202311,5350,123585000.0,93517697.9,9638773.04,330137.5,FROZEN,true,2023-12-01,true,ASSUMPTION,-6
2023-10-01,2023-11-01,SKU008,CH02,DOWNSIDE,FV_DOWNSIDE_202311,4800,110880000.0,99935579.13,9831548.5,363825.0,FROZEN,true,2023-12-01,true,ASSUMPTION,14
2023-10-01,2023-11-01,SKU009,CH02,BASE,FV_BASE_202311,6180,119916720.0,107204288.04,9715883.23,339570.0,FROZEN,true,2023-12-01,true,ASSUMPTION,0
2023-10-01,2023-11-01,SKU009,CH02,UPSIDE,FV_UPSIDE_202311,6420,124573680.0,105142667.11,9715883.23,332778.6,FROZEN,true,2023-12-01,true,ASSUMPTION,-6
2023-10-01,2023-11-01,SKU009,CH02,DOWNSIDE,FV_DOWNSIDE_202311,5760,111767040.0,112358340.35,9910200.89,366735.6,FROZEN,true,2023-12-01,true,ASSUMPTION,14
2023-10-01,2023-11-01,SKU010,CH02,BASE,FV_BASE_202311,5150,114206400.0,88016656.84,9253222.12,323400.0,FROZEN,true,2023-12-01,true,ASSUMPTION,0
2023-10-01,2023-11-01,SKU010,CH02,UPSIDE,FV_UPSIDE_202311,5350,118641600.0,86324028.83,9253222.12,316932.0,FROZEN,true,2023-12-01,true,ASSUMPTION,-6
2023-10-01,2023-11-01,SKU010,CH02,DOWNSIDE,FV_DOWNSIDE_202311,4800,106444800.0,92248226.88,9438286.56,349272.0,FROZEN,true,2023-12-01,true,ASSUMPTION,14
2023-10-01,2023-11-01,SKU011,CH02,BASE,FV_BASE_202311,3090,99930600.0,46208744.85,8096569.36,282975.0,FROZEN,true,2023-12-01,true,ASSUMPTION,0
2023-10-01,2023-11-01,SKU011,CH02,UPSIDE,FV_UPSIDE_202311,3210,103811400.0,45320115.14,8096569.36,277315.5,FROZEN,true,2023-12-01,true,ASSUMPTION,-6
2023-10-01,2023-11-01,SKU011,CH02,DOWNSIDE,FV_DOWNSIDE_202311,2880,93139200.0,48430319.12,8258500.75,305613.0,FROZEN,true,2023-12-01,true,ASSUMPTION,14
2023-10-01,2023-11-01,SKU012,CH02,BASE,FV_BASE_202311,4120,110399520.0,66364559.24,8944781.38,312620.0,FROZEN,true,2023-12-01,true,ASSUMPTION,0
2023-10-01,2023-11-01,SKU012,CH02,UPSIDE,FV_UPSIDE_202311,4280,114686880.0,65088317.71,8944781.38,306367.6,FROZEN,true,2023-12-01,true,ASSUMPTION,-6
2023-10-01,2023-11-01,SKU012,CH02,DOWNSIDE,FV_DOWNSIDE_202311,3840,102896640.0,69555163.05,9123677.01,337629.6,FROZEN,true,2023-12-01,true,ASSUMPTION,14
2023-10-01,2023-11-01,SKU001,CH03,BASE,FV_BASE_202311,5150,143525350.0,92406771.06,9818453.7,406422.92,FROZEN,true,2023-12-01,true,ASSUMPTION,0
2023-10-01,2023-11-01,SKU001,CH03,UPSIDE,FV_UPSIDE_202311,5350,149099150.0,90629717.77,9818453.7,398294.46,FROZEN,true,2023-12-01,true,ASSUMPTION,-6
2023-10-01,2023-11-01,SKU001,CH03,DOWNSIDE,FV_DOWNSIDE_202311,4800,133771200.0,96849404.28,10014822.77,438936.75,FROZEN,true,2023-12-01,true,ASSUMPTION,14
2023-10-01,2023-11-01,SKU002,CH03,BASE,FV_BASE_202311,3090,100004760.0,57947988.04,6841245.16,283185.0,FROZEN,true,2023-12-01,true,ASSUMPTION,0
2023-10-01,2023-11-01,SKU002,CH03,UPSIDE,FV_UPSIDE_202311,3210,103888440.0,56833603.66,6841245.16,277521.3,FROZEN,true,2023-12-01,true,ASSUMPTION,-6
2023-10-01,2023-11-01,SKU002,CH03,DOWNSIDE,FV_DOWNSIDE_202311,2880,93208320.0,60733949.0,6978070.06,305839.8,FROZEN,true,2023-12-01,true,ASSUMPTION,14
2023-10-01,2023-11-01,SKU003,CH03,BASE,FV_BASE_202311,3090,88893120.0,54370951.74,6081106.81,251720.0,FROZEN,true,2023-12-01,true,ASSUMPTION,0
2023-10-01,2023-11-01,SKU003,CH03,UPSIDE,FV_UPSIDE_202311,3210,92345280.0,53325356.52,6081106.81,246685.6,FROZEN,true,2023-12-01,true,ASSUMPTION,-6
2023-10-01,2023-11-01,SKU003,CH03,DOWNSIDE,FV_DOWNSIDE_202311,2880,82851840.0,56984939.81,6202728.95,271857.6,FROZEN,true,2023-12-01,true,ASSUMPTION,14
2023-10-01,2023-11-01,SKU004,CH03,BASE,FV_BASE_202311,4120,103708640.0,73448478.67,7094624.61,293673.33,FROZEN,true,2023-12-01,true,ASSUMPTION,0
2023-10-01,2023-11-01,SKU004,CH03,UPSIDE,FV_UPSIDE_202311,4280,107736160.0,72036007.92,7094624.61,287799.87,FROZEN,true,2023-12-01,true,ASSUMPTION,-6
2023-10-01,2023-11-01,SKU004,CH03,DOWNSIDE,FV_DOWNSIDE_202311,3840,96660480.0,76979655.53,7236517.1,317167.2,FROZEN,true,2023-12-01,true,ASSUMPTION,14
2023-10-01,2023-11-01,SKU005,CH03,BASE,FV_BASE_202311,4120,100004760.0,74044651.39,6841245.16,283185.0,FROZEN,true,2023-12-01,true,ASSUMPTION,0
2023-10-01,2023-11-01,SKU005,CH03,UPSIDE,FV_UPSIDE_202311,4280,103888440.0,72620715.78,6841245.16,277521.3,FROZEN,true,2023-12-01,true,ASSUMPTION,-6
2023-10-01,2023-11-01,SKU005,CH03,DOWNSIDE,FV_DOWNSIDE_202311,3840,93208320.0,77604490.4,6978070.06,305839.8,FROZEN,true,2023-12-01,true,ASSUMPTION,14
2023-10-01,2023-11-01,SKU006,CH03,BASE,FV_BASE_202311,3090,83337300.0,56338321.71,5701037.63,235987.5,FROZEN,true,2023-12-01,true,ASSUMPTION,0
2023-10-01,2023-11-01,SKU006,CH03,UPSIDE,FV_UPSIDE_202311,3210,86573700.0,55254892.44,5701037.63,231267.75,FROZEN,true,2023-12-01,true,ASSUMPTION,-6
2023-10-01,2023-11-01,SKU006,CH03,DOWNSIDE,FV_DOWNSIDE_202311,2880,77673600.0,59046894.87,5815058.38,254866.5,FROZEN,true,2023-12-01,true,ASSUMPTION,14
2023-10-01,2023-11-01,SKU007,CH03,BASE,FV_BASE_202311,5150,106486550.0,94269810.79,7284659.2,301539.58,FROZEN,true,2023-12-01,true,ASSUMPTION,0
2023-10-01,2023-11-01,SKU007,CH03,UPSIDE,FV_UPSIDE_202311,5350,110621950.0,92456929.82,7284659.2,295508.79,FROZEN,true,2023-12-01,true,ASSUMPTION,-6
2023-10-01,2023-11-01,SKU007,CH03,DOWNSIDE,FV_DOWNSIDE_202311,4800,99249600.0,98802013.24,7430352.38,325662.75,FROZEN,true,2023-12-01,true,ASSUMPTION,14
2023-10-01,2023-11-01,SKU008,CH03,BASE,FV_BASE_202311,4120,92597000.0,77502453.14,6334486.26,262208.33,FROZEN,true,2023-12-01,true,ASSUMPTION,0
2023-10-01,2023-11-01,SKU008,CH03,UPSIDE,FV_UPSIDE_202311,4280,96193000.0,76012021.35,6334486.26,256964.17,FROZEN,true,2023-12-01,true,ASSUMPTION,-6
2023-10-01,2023-11-01,SKU008,CH03,DOWNSIDE,FV_DOWNSIDE_202311,3840,86304000.0,81228532.62,6461175.99,283185.0,FROZEN,true,2023-12-01,true,ASSUMPTION,14
2023-10-01,2023-11-01,SKU009,CH03,BASE,FV_BASE_202311,5150,97226850.0,90767296.08,6651210.57,275318.75,FROZEN,true,2023-12-01,true,ASSUMPTION,0
2023-10-01,2023-11-01,SKU009,CH03,UPSIDE,FV_UPSIDE_202311,5350,101002650.0,89021771.15,6651210.57,269812.38,FROZEN,true,2023-12-01,true,ASSUMPTION,-6
2023-10-01,2023-11-01,SKU009,CH03,DOWNSIDE,FV_DOWNSIDE_202311,4800,90619200.0,95131108.39,6784234.78,297344.25,FROZEN,true,2023-12-01,true,ASSUMPTION,14
2023-10-01,2023-11-01,SKU010,CH03,BASE,FV_BASE_202311,4120,88893120.0,71540725.97,6081106.81,251720.0,FROZEN,true,2023-12-01,true,ASSUMPTION,0
2023-10-01,2023-11-01,SKU010,CH03,UPSIDE,FV_UPSIDE_202311,4280,92345280.0,70164942.78,6081106.81,246685.6,FROZEN,true,2023-12-01,true,ASSUMPTION,-6
2023-10-01,2023-11-01,SKU010,CH03,DOWNSIDE,FV_DOWNSIDE_202311,3840,82851840.0,74980183.95,6202728.95,271857.6,FROZEN,true,2023-12-01,true,ASSUMPTION,14
2023-10-01,2023-11-01,SKU011,CH03,BASE,FV_BASE_202311,2060,64817900.0,31299067.61,4434140.38,183545.83,FROZEN,true,2023-12-01,true,ASSUMPTION,0
2023-10-01,2023-11-01,SKU011,CH03,UPSIDE,FV_UPSIDE_202311,2140,67335100.0,30697162.47,4434140.38,179874.92,FROZEN,true,2023-12-01,true,ASSUMPTION,-6
2023-10-01,2023-11-01,SKU011,CH03,DOWNSIDE,FV_DOWNSIDE_202311,1920,60412800.0,32803830.48,4522823.19,198229.5,FROZEN,true,2023-12-01,true,ASSUMPTION,14
2023-10-01,2023-11-01,SKU012,CH03,BASE,FV_BASE_202311,3090,80559390.0,50570350.69,5511003.05,228121.25,FROZEN,true,2023-12-01,true,ASSUMPTION,0
2023-10-01,2023-11-01,SKU012,CH03,UPSIDE,FV_UPSIDE_202311,3210,83687910.0,49597843.94,5511003.05,223558.83,FROZEN,true,2023-12-01,true,ASSUMPTION,-6
2023-10-01,2023-11-01,SKU012,CH03,DOWNSIDE,FV_DOWNSIDE_202311,2880,75084480.0,53001617.55,5621223.11,246370.95,FROZEN,true,2023-12-01,true,ASSUMPTION,14
2023-10-01,2023-11-01,SKU001,CH04,BASE,FV_BASE_202311,2060,58240320.0,37585046.54,4143440.91,164920.0,FROZEN,true,2023-12-01,true,ASSUMPTION,0
2023-10-01,2023-11-01,SKU001,CH04,UPSIDE,FV_UPSIDE_202311,2140,60502080.0,36862257.19,4143440.91,161621.6,FROZEN,true,2023-12-01,true,ASSUMPTION,-6
2023-10-01,2023-11-01,SKU001,CH04,DOWNSIDE,FV_DOWNSIDE_202311,1920,54282240.0,39392019.93,4226309.73,178113.6,FROZEN,true,2023-12-01,true,ASSUMPTION,14
2023-10-01,2023-11-01,SKU002,CH04,BASE,FV_BASE_202311,2060,67633920.0,39282435.74,4811737.83,191520.0,FROZEN,true,2023-12-01,true,ASSUMPTION,0
2023-10-01,2023-11-01,SKU002,CH04,UPSIDE,FV_UPSIDE_202311,2140,70260480.0,38527004.29,4811737.83,187689.6,FROZEN,true,2023-12-01,true,ASSUMPTION,-6
2023-10-01,2023-11-01,SKU002,CH04,DOWNSIDE,FV_DOWNSIDE_202311,1920,63037440.0,41171014.38,4907972.59,206841.6,FROZEN,true,2023-12-01,true,ASSUMPTION,14
2023-10-01,2023-11-01,SKU003,CH04,BASE,FV_BASE_202311,2060,60119040.0,36857594.03,4277100.29,170240.0,FROZEN,true,2023-12-01,true,ASSUMPTION,0
2023-10-01,2023-11-01,SKU003,CH04,UPSIDE,FV_UPSIDE_202311,2140,62453760.0,36148794.15,4277100.29,166835.2,FROZEN,true,2023-12-01,true,ASSUMPTION,-6
2023-10-01,2023-11-01,SKU003,CH04,DOWNSIDE,FV_DOWNSIDE_202311,1920,56033280.0,38629593.74,4362642.3,183859.2,FROZEN,true,2023-12-01,true,ASSUMPTION,14
2023-10-01,2023-11-01,SKU004,CH04,BASE,FV_BASE_202311,2060,52604160.0,37342562.38,3742462.76,148960.0,FROZEN,true,2023-12-01,true,ASSUMPTION,0
2023-10-01,2023-11-01,SKU004,CH04,UPSIDE,FV_UPSIDE_202311,2140,54647040.0,36624436.18,3742462.76,145980.8,FROZEN,true,2023-12-01,true,ASSUMPTION,-6
2023-10-01,2023-11-01,SKU004,CH04,DOWNSIDE,FV_DOWNSIDE_202311,1920,49029120.0,39137877.88,3817312.02,160876.8,FROZEN,true,2023-12-01,true,ASSUMPTION,14
2023-10-01,2023-11-01,SKU005,CH04,BASE,FV_BASE_202311,2060,50725440.0,37645667.59,3608803.37,143640.0,FROZEN,true,2023-12-01,true,ASSUMPTION,0
2023-10-01,2023-11-01,SKU005,CH04,UPSIDE,FV_UPSIDE_202311,2140,52695360.0,36921712.45,3608803.37,140767.2,FROZEN,true,2023-12-01,true,ASSUMPTION,-6
2023-10-01,2023-11-01,SKU005,CH04,DOWNSIDE,FV_DOWNSIDE_202311,1920,47278080.0,39455555.46,3680979.44,155131.2,FROZEN,true,2023-12-01,true,ASSUMPTION,14
2023-10-01,2023-11-01,SKU006,CH04,BASE,FV_BASE_202311,1030,28180800.0,19095628.49,2004890.76,79800.0,FROZEN,true,2023-12-01,true,ASSUMPTION,0
2023-10-01,2023-11-01,SKU006,CH04,UPSIDE,FV_UPSIDE_202311,1070,29275200.0,18728404.86,2004890.76,78204.0,FROZEN,true,2023-12-01,true,ASSUMPTION,-6
2023-10-01,2023-11-01,SKU006,CH04,DOWNSIDE,FV_DOWNSIDE_202311,960,26265600.0,20013687.55,2044988.58,86184.0,FROZEN,true,2023-12-01,true,ASSUMPTION,14
2023-10-01,2023-11-01,SKU007,CH04,BASE,FV_BASE_202311,2060,43210560.0,38342809.59,3074165.83,122360.0,FROZEN,true,2023-12-01,true,ASSUMPTION,0
2023-10-01,2023-11-01,SKU007,CH04,UPSIDE,FV_UPSIDE_202311,2140,44888640.0,37605447.86,3074165.83,119912.8,FROZEN,true,2023-12-01,true,ASSUMPTION,-6
2023-10-01,2023-11-01,SKU007,CH04,DOWNSIDE,FV_DOWNSIDE_202311,1920,40273920.0,40186213.89,3135649.15,132148.8,FROZEN,true,2023-12-01,true,ASSUMPTION,14
2023-10-01,2023-11-01,SKU008,CH04,BASE,FV_BASE_202311,2060,46968000.0,39403677.83,3341484.6,133000.0,FROZEN,true,2023-12-01,true,ASSUMPTION,0
2023-10-01,2023-11-01,SKU008,CH04,UPSIDE,FV_UPSIDE_202311,2140,48792000.0,38645914.8,3341484.6,130340.0,FROZEN,true,2023-12-01,true,ASSUMPTION,-6
2023-10-01,2023-11-01,SKU008,CH04,DOWNSIDE,FV_DOWNSIDE_202311,1920,43776000.0,41298085.42,3408314.29,143640.0,FROZEN,true,2023-12-01,true,ASSUMPTION,14
2023-10-01,2023-11-01,SKU009,CH04,BASE,FV_BASE_202311,2060,39453120.0,36918215.08,2806847.07,111720.0,FROZEN,true,2023-12-01,true,ASSUMPTION,0
2023-10-01,2023-11-01,SKU009,CH04,UPSIDE,FV_UPSIDE_202311,2140,40985280.0,36208249.4,2806847.07,109485.6,FROZEN,true,2023-12-01,true,ASSUMPTION,-6
2023-10-01,2023-11-01,SKU009,CH04,DOWNSIDE,FV_DOWNSIDE_202311,1920,36771840.0,38693129.27,2862984.01,120657.6,FROZEN,true,2023-12-01,true,ASSUMPTION,14
2023-10-01,2023-11-01,SKU010,CH04,BASE,FV_BASE_202311,2060,45089280.0,36372625.69,3207825.22,127680.0,FROZEN,true,2023-12-01,true,ASSUMPTION,0
2023-10-01,2023-11-01,SKU010,CH04,UPSIDE,FV_UPSIDE_202311,2140,46840320.0,35673152.12,3207825.22,125126.4,FROZEN,true,2023-12-01,true,ASSUMPTION,-6
2023-10-01,2023-11-01,SKU010,CH04,DOWNSIDE,FV_DOWNSIDE_202311,1920,42024960.0,38121309.62,3271981.72,137894.4,FROZEN,true,2023-12-01,true,ASSUMPTION,14
2023-10-01,2023-11-01,SKU011,CH04,BASE,FV_BASE_202311,1030,32877600.0,15913023.73,2339039.22,93100.0,FROZEN,true,2023-12-01,true,ASSUMPTION,0
2023-10-01,2023-11-01,SKU011,CH04,UPSIDE,FV_UPSIDE_202311,1070,34154400.0,15607004.05,2339039.22,91238.0,FROZEN,true,2023-12-01,true,ASSUMPTION,-6
2023-10-01,2023-11-01,SKU011,CH04,DOWNSIDE,FV_DOWNSIDE_202311,960,30643200.0,16678072.95,2385820.0,100548.0,FROZEN,true,2023-12-01,true,ASSUMPTION,14
2023-10-01,2023-11-01,SKU012,CH04,BASE,FV_BASE_202311,2060,54482880.0,34281199.7,3876122.14,154280.0,FROZEN,true,2023-12-01,true,ASSUMPTION,0
2023-10-01,2023-11-01,SKU012,CH04,UPSIDE,FV_UPSIDE_202311,2140,56598720.0,33621945.86,3876122.14,151194.4,FROZEN,true,2023-12-01,true,ASSUMPTION,-6
2023-10-01,2023-11-01,SKU012,CH04,DOWNSIDE,FV_DOWNSIDE_202311,1920,50780160.0,35929334.3,3953644.58,166622.4,FROZEN,true,2023-12-01,true,ASSUMPTION,14
2023-10-01,2023-11-01,SKU001,CH05,BASE,FV_BASE_202311,3090,88509960.0,54990415.03,6135607.3,250635.0,FROZEN,true,2023-12-01,true,ASSUMPTION,0
2023-10-01,2023-11-01,SKU001,CH05,UPSIDE,FV_UPSIDE_202311,3210,91947240.0,53932907.05,6135607.3,245622.3,FROZEN,true,2023-12-01,true,ASSUMPTION,-6
2023-10-01,2023-11-01,SKU001,CH05,DOWNSIDE,FV_DOWNSIDE_202311,2880,82494720.0,57634184.99,6258319.45,270685.8,FROZEN,true,2023-12-01,true,ASSUMPTION,14
2023-10-01,2023-11-01,SKU002,CH05,BASE,FV_BASE_202311,2060,68523840.0,38315902.09,4750147.58,194040.0,FROZEN,true,2023-12-01,true,ASSUMPTION,0
2023-10-01,2023-11-01,SKU002,CH05,UPSIDE,FV_UPSIDE_202311,2140,71184960.0,37579057.82,4750147.58,190159.2,FROZEN,true,2023-12-01,true,ASSUMPTION,-6
2023-10-01,2023-11-01,SKU002,CH05,DOWNSIDE,FV_DOWNSIDE_202311,1920,63866880.0,40158012.77,4845150.53,209563.2,FROZEN,true,2023-12-01,true,ASSUMPTION,14
2023-10-01,2023-11-01,SKU003,CH05,BASE,FV_BASE_202311,2060,60910080.0,35950722.95,4222353.41,172480.0,FROZEN,true,2023-12-01,true,ASSUMPTION,0
2023-10-01,2023-11-01,SKU003,CH05,UPSIDE,FV_UPSIDE_202311,2140,63275520.0,35259362.9,4222353.41,169030.4,FROZEN,true,2023-12-01,true,ASSUMPTION,-6
2023-10-01,2023-11-01,SKU003,CH05,DOWNSIDE,FV_DOWNSIDE_202311,1920,56770560.0,37679123.1,4306800.48,186278.4,FROZEN,true,2023-12-01,true,ASSUMPTION,14
2023-10-01,2023-11-01,SKU004,CH05,BASE,FV_BASE_202311,3090,79944480.0,54635638.17,5541838.85,226380.0,FROZEN,true,2023-12-01,true,ASSUMPTION,0
2023-10-01,2023-11-01,SKU004,CH05,UPSIDE,FV_UPSIDE_202311,3210,83049120.0,53584952.82,5541838.85,221852.4,FROZEN,true,2023-12-01,true,ASSUMPTION,-6
2023-10-01,2023-11-01,SKU004,CH05,DOWNSIDE,FV_DOWNSIDE_202311,2880,74511360.0,57262351.54,5652675.63,244490.4,FROZEN,true,2023-12-01,true,ASSUMPTION,14
2023-10-01,2023-11-01,SKU005,CH05,BASE,FV_BASE_202311,2060,51392880.0,36719406.17,3562610.69,145530.0,FROZEN,true,2023-12-01,true,ASSUMPTION,0
2023-10-01,2023-11-01,SKU005,CH05,UPSIDE,FV_UPSIDE_202311,2140,53388720.0,36013263.75,3562610.69,142619.4,FROZEN,true,2023-12-01,true,ASSUMPTION,-6
2023-10-01,2023-11-01,SKU005,CH05,DOWNSIDE,FV_DOWNSIDE_202311,1920,47900160.0,38484762.24,3633862.9,157172.4,FROZEN,true,2023-12-01,true,ASSUMPTION,14
2023-10-01,2023-11-01,SKU006,CH05,BASE,FV_BASE_202311,2060,57103200.0,37251571.48,3958456.32,161700.0,FROZEN,true,2023-12-01,true,ASSUMPTION,0
2023-10-01,2023-11-01,SKU006,CH05,UPSIDE,FV_UPSIDE_202311,2140,59320800.0,36535195.1,3958456.32,158466.0,FROZEN,true,2023-12-01,true,ASSUMPTION,-6
2023-10-01,2023-11-01,SKU006,CH05,DOWNSIDE,FV_DOWNSIDE_202311,1920,53222400.0,39042512.42,4037625.45,174636.0,FROZEN,true,2023-12-01,true,ASSUMPTION,14
2023-10-01,2023-11-01,SKU007,CH05,BASE,FV_BASE_202311,3090,65668680.0,56099092.76,4552224.77,185955.0,FROZEN,true,2023-12-01,true,ASSUMPTION,0
2023-10-01,2023-11-01,SKU007,CH05,UPSIDE,FV_UPSIDE_202311,3210,68218920.0,55020264.06,4552224.77,182235.9,FROZEN,true,2023-12-01,true,ASSUMPTION,-6
2023-10-01,2023-11-01,SKU007,CH05,DOWNSIDE,FV_DOWNSIDE_202311,2880,61205760.0,58796164.53,4643269.27,200831.4,FROZEN,true,2023-12-01,true,ASSUMPTION,14
2023-10-01,2023-11-01,SKU008,CH05,BASE,FV_BASE_202311,2060,47586000.0,38434161.04,3298713.6,134750.0,FROZEN,true,2023-12-01,true,ASSUMPTION,0
2023-10-01,2023-11-01,SKU008,CH05,UPSIDE,FV_UPSIDE_202311,2140,49434000.0,37695042.56,3298713.6,132055.0,FROZEN,true,2023-12-01,true,ASSUMPTION,-6
2023-10-01,2023-11-01,SKU008,CH05,DOWNSIDE,FV_DOWNSIDE_202311,1920,44352000.0,40281957.25,3364687.87,145530.0,FROZEN,true,2023-12-01,true,ASSUMPTION,14
2023-10-01,2023-11-01,SKU009,CH05,BASE,FV_BASE_202311,3090,59958360.0,54014778.64,4156379.14,169785.0,FROZEN,true,2023-12-01,true,ASSUMPTION,0
2023-10-01,2023-11-01,SKU009,CH05,UPSIDE,FV_UPSIDE_202311,3210,62286840.0,52976032.89,4156379.14,166389.3,FROZEN,true,2023-12-01,true,ASSUMPTION,-6
2023-10-01,2023-11-01,SKU009,CH05,DOWNSIDE,FV_DOWNSIDE_202311,2880,55883520.0,56611642.99,4239506.72,183367.8,FROZEN,true,2023-12-01,true,ASSUMPTION,14
2023-10-01,2023-11-01,SKU010,CH05,BASE,FV_BASE_202311,2060,45682560.0,35477687.12,3166765.06,129360.0,FROZEN,true,2023-12-01,true,ASSUMPTION,0
2023-10-01,2023-11-01,SKU010,CH05,UPSIDE,FV_UPSIDE_202311,2140,47456640.0,34795423.9,3166765.06,126772.8,FROZEN,true,2023-12-01,true,ASSUMPTION,-6
2023-10-01,2023-11-01,SKU010,CH05,DOWNSIDE,FV_DOWNSIDE_202311,1920,42577920.0,37183345.15,3230100.36,139708.8,FROZEN,true,2023-12-01,true,ASSUMPTION,14
2023-10-01,2023-11-01,SKU011,CH05,BASE,FV_BASE_202311,1030,33310200.0,15521488.11,2309099.52,94325.0,FROZEN,true,2023-12-01,true,ASSUMPTION,0
2023-10-01,2023-11-01,SKU011,CH05,UPSIDE,FV_UPSIDE_202311,1070,34603800.0,15222997.96,2309099.52,92438.5,FROZEN,true,2023-12-01,true,ASSUMPTION,-6
2023-10-01,2023-11-01,SKU011,CH05,DOWNSIDE,FV_DOWNSIDE_202311,960,31046400.0,16267713.5,2355281.51,101871.0,FROZEN,true,2023-12-01,true,ASSUMPTION,14
2023-10-01,2023-11-01,SKU012,CH05,BASE,FV_BASE_202311,2060,55199760.0,33437720.11,3826507.78,156310.0,FROZEN,true,2023-12-01,true,ASSUMPTION,0
2023-10-01,2023-11-01,SKU012,CH05,UPSIDE,FV_UPSIDE_202311,2140,57343440.0,32794687.03,3826507.78,153183.8,FROZEN,true,2023-12-01,true,ASSUMPTION,-6
2023-10-01,2023-11-01,SKU012,CH05,DOWNSIDE,FV_DOWNSIDE_202311,1920,51448320.0,35045302.81,3903037.94,168814.8,FROZEN,true,2023-12-01,true,ASSUMPTION,14
2023-11-01,2023-12-01,SKU001,CH01,BASE,FV_BASE_202312,9270,274150980.0,160878928.09,6889641.38,776317.5,FROZEN,true,2024-01-01,true,ASSUMPTION,0
2023-11-01,2023-12-01,SKU001,CH01,UPSIDE,FV_UPSIDE_202312,9630,284797620.0,157785102.55,6889641.38,760791.15,FROZEN,true,2024-01-01,true,ASSUMPTION,-6
2023-11-01,2023-12-01,SKU001,CH01,DOWNSIDE,FV_DOWNSIDE_202312,8640,255519360.0,168613491.94,7027434.21,838422.9,FROZEN,true,2024-01-01,true,ASSUMPTION,14
2023-11-01,2023-12-01,SKU002,CH01,BASE,FV_BASE_202312,7210,247620240.0,130778999.6,6222901.89,701190.0,FROZEN,true,2024-01-01,true,ASSUMPTION,0
2023-11-01,2023-12-01,SKU002,CH01,UPSIDE,FV_UPSIDE_202312,7490,257236560.0,128264018.84,6222901.89,687166.2,FROZEN,true,2024-01-01,true,ASSUMPTION,-6
2023-11-01,2023-12-01,SKU002,CH01,DOWNSIDE,FV_DOWNSIDE_202312,6720,230791680.0,137066451.51,6347359.93,757285.2,FROZEN,true,2024-01-01,true,ASSUMPTION,14
2023-11-01,2023-12-01,SKU003,CH01,BASE,FV_BASE_202312,6180,188663040.0,105176761.59,4741258.59,534240.0,FROZEN,true,2024-01-01,true,ASSUMPTION,0
2023-11-01,2023-12-01,SKU003,CH01,UPSIDE,FV_UPSIDE_202312,6420,195989760.0,103154131.56,4741258.59,523555.2,FROZEN,true,2024-01-01,true,ASSUMPTION,-6
2023-11-01,2023-12-01,SKU003,CH01,DOWNSIDE,FV_DOWNSIDE_202312,5760,175841280.0,110233336.67,4836083.76,576979.2,FROZEN,true,2024-01-01,true,ASSUMPTION,14
2023-11-01,2023-12-01,SKU004,CH01,BASE,FV_BASE_202312,8240,220106880.0,142080888.46,5531468.35,623280.0,FROZEN,true,2024-01-01,true,ASSUMPTION,0
2023-11-01,2023-12-01,SKU004,CH01,UPSIDE,FV_UPSIDE_202312,8560,228654720.0,139348563.68,5531468.35,610814.4,FROZEN,true,2024-01-01,true,ASSUMPTION,-6
2023-11-01,2023-12-01,SKU004,CH01,DOWNSIDE,FV_DOWNSIDE_202312,7680,205148160.0,148911700.4,5642097.72,673142.4,FROZEN,true,2024-01-01,true,ASSUMPTION,14
2023-11-01,2023-12-01,SKU005,CH01,BASE,FV_BASE_202312,7210,185715180.0,125329874.62,4667176.42,525892.5,FROZEN,true,2024-01-01,true,ASSUMPTION,0
2023-11-01,2023-12-01,SKU005,CH01,UPSIDE,FV_UPSIDE_202312,7490,192927420.0,122919684.73,4667176.42,515374.65,FROZEN,true,2024-01-01,true,ASSUMPTION,-6
2023-11-01,2023-12-01,SKU005,CH01,DOWNSIDE,FV_DOWNSIDE_202312,6720,173093760.0,131355349.36,4760519.95,567963.9,FROZEN,true,2024-01-01,true,ASSUMPTION,14
2023-11-01,2023-12-01,SKU006,CH01,BASE,FV_BASE_202312,6180,176871600.0,108982499.67,4444929.92,500850.0,FROZEN,true,2024-01-01,true,ASSUMPTION,0
2023-11-01,2023-12-01,SKU006,CH01,UPSIDE,FV_UPSIDE_202312,6420,183740400.0,106886682.37,4444929.92,490833.0,FROZEN,true,2024-01-01,true,ASSUMPTION,-6
2023-11-01,2023-12-01,SKU006,CH01,DOWNSIDE,FV_DOWNSIDE_202312,5760,164851200.0,114222042.93,4533828.52,540918.0,FROZEN,true,2024-01-01,true,ASSUMPTION,14
2023-11-01,2023-12-01,SKU007,CH01,BASE,FV_BASE_202312,9270,203402340.0,164122454.86,5111669.41,575977.5,FROZEN,true,2024-01-01,true,ASSUMPTION,0
2023-11-01,2023-12-01,SKU007,CH01,UPSIDE,FV_UPSIDE_202312,9630,211301460.0,160966253.81,5111669.41,564457.95,FROZEN,true,2024-01-01,true,ASSUMPTION,-6
2023-11-01,2023-12-01,SKU007,CH01,DOWNSIDE,FV_DOWNSIDE_202312,8640,189578880.0,172012957.5,5213902.8,622055.7,FROZEN,true,2024-01-01,true,ASSUMPTION,14
2023-11-01,2023-12-01,SKU008,CH01,BASE,FV_BASE_202312,8240,196524000.0,149923015.42,4938811.03,556500.0,FROZEN,true,2024-01-01,true,ASSUMPTION,0
2023-11-01,2023-12-01,SKU008,CH01,UPSIDE,FV_UPSIDE_202312,8560,204156000.0,147039880.51,4938811.03,545370.0,FROZEN,true,2024-01-01,true,ASSUMPTION,-6
2023-11-01,2023-12-01,SKU008,CH01,DOWNSIDE,FV_DOWNSIDE_202312,7680,183168000.0,157130852.7,5037587.25,601020.0,FROZEN,true,2024-01-01,true,ASSUMPTION,14
2023-11-01,2023-12-01,SKU009,CH01,BASE,FV_BASE_202312,9270,185715180.0,158024624.52,4667176.42,525892.5,FROZEN,true,2024-01-01,true,ASSUMPTION,0
2023-11-01,2023-12-01,SKU009,CH01,UPSIDE,FV_UPSIDE_202312,9630,192927420.0,154985689.44,4667176.42,515374.65,FROZEN,true,2024-01-01,true,ASSUMPTION,-6
2023-11-01,2023-12-01,SKU009,CH01,DOWNSIDE,FV_DOWNSIDE_202312,8640,173093760.0,165621962.24,4760519.95,567963.9,FROZEN,true,2024-01-01,true,ASSUMPTION,14
2023-11-01,2023-12-01,SKU010,CH01,BASE,FV_BASE_202312,7210,165080160.0,121091666.3,4148601.26,467460.0,FROZEN,true,2024-01-01,true,ASSUMPTION,0
2023-11-01,2023-12-01,SKU010,CH01,UPSIDE,FV_UPSIDE_202312,7490,171491040.0,118762980.41,4148601.26,458110.8,FROZEN,true,2024-01-01,true,ASSUMPTION,-6
2023-11-01,2023-12-01,SKU010,CH01,DOWNSIDE,FV_DOWNSIDE_202312,6720,153861120.0,126913381.03,4231573.29,504856.8,FROZEN,true,2024-01-01,true,ASSUMPTION,14
2023-11-01,2023-12-01,SKU011,CH01,BASE,FV_BASE_202312,4120,137566800.0,60545833.15,3457167.72,389550.0,FROZEN,true,2024-01-01,true,ASSUMPTION,0
2023-11-01,2023-12-01,SKU011,CH01,UPSIDE,FV_UPSIDE_202312,4280,142909200.0,59381490.21,3457167.72,381759.0,FROZEN,true,2024-01-01,true,ASSUMPTION,-6
2023-11-01,2023-12-01,SKU011,CH01,DOWNSIDE,FV_DOWNSIDE_202312,3840,128217600.0,63456690.51,3526311.07,420714.0,FROZEN,true,2024-01-01,true,ASSUMPTION,14
2023-11-01,2023-12-01,SKU012,CH01,BASE,FV_BASE_202312,6180,170975880.0,97824767.56,4296765.59,484155.0,FROZEN,true,2024-01-01,true,ASSUMPTION,0
2023-11-01,2023-12-01,SKU012,CH01,UPSIDE,FV_UPSIDE_202312,6420,177615720.0,95943522.03,4296765.59,474471.9,FROZEN,true,2024-01-01,true,ASSUMPTION,-6
2023-11-01,2023-12-01,SKU012,CH01,DOWNSIDE,FV_DOWNSIDE_202312,5760,159356160.0,102527881.39,4382700.9,522887.4,FROZEN,true,2024-01-01,true,ASSUMPTION,14
2023-11-01,2023-12-01,SKU001,CH02,BASE,FV_BASE_202312,7210,213228540.0,128539578.76,8161246.43,603802.5,FROZEN,true,2024-01-01,true,ASSUMPTION,0
2023-11-01,2023-12-01,SKU001,CH02,UPSIDE,FV_UPSIDE_202312,7490,221509260.0,126067663.79,8161246.43,591726.45,FROZEN,true,2024-01-01,true,ASSUMPTION,-6
2023-11-01,2023-12-01,SKU001,CH02,DOWNSIDE,FV_DOWNSIDE_202312,6720,198737280.0,134719366.2,8324471.36,652106.7,FROZEN,true,2024-01-01,true,ASSUMPTION,14
2023-11-01,2023-12-01,SKU002,CH02,BASE,FV_BASE_202312,5150,176871600.0,95960422.85,6769697.5,500850.0,FROZEN,true,2024-01-01,true,ASSUMPTION,0
2023-11-01,2023-12-01,SKU002,CH02,UPSIDE,FV_UPSIDE_202312,5350,183740400.0,94115030.11,6769697.5,490833.0,FROZEN,true,2024-01-01,true,ASSUMPTION,-6
2023-11-01,2023-12-01,SKU002,CH02,DOWNSIDE,FV_DOWNSIDE_202312,4800,164851200.0,100573904.72,6905091.45,540918.0,FROZEN,true,2024-01-01,true,ASSUMPTION,14
2023-11-01,2023-12-01,SKU003,CH02,BASE,FV_BASE_202312,5150,157219200.0,90036939.96,6017508.89,445200.0,FROZEN,true,2024-01-01,true,ASSUMPTION,0
2023-11-01,2023-12-01,SKU003,CH02,UPSIDE,FV_UPSIDE_202312,5350,163324800.0,88305460.34,6017508.89,436296.0,FROZEN,true,2024-01-01,true,ASSUMPTION,-6
2023-11-01,2023-12-01,SKU003,CH02,DOWNSIDE,FV_DOWNSIDE_202312,4800,146534400.0,94365639.0,6137859.07,480816.0,FROZEN,true,2024-01-01,true,ASSUMPTION,14
2023-11-01,2023-12-01,SKU004,CH02,BASE,FV_BASE_202312,6180,165080160.0,109465963.85,6318384.33,467460.0,FROZEN,true,2024-01-01,true,ASSUMPTION,0
2023-11-01,2023-12-01,SKU004,CH02,UPSIDE,FV_UPSIDE_202312,6420,171491040.0,107360849.16,6318384.33,458110.8,FROZEN,true,2024-01-01,true,ASSUMPTION,-6
2023-11-01,2023-12-01,SKU004,CH02,DOWNSIDE,FV_DOWNSIDE_202312,5760,153861120.0,114728750.57,6444752.02,504856.8,FROZEN,true,2024-01-01,true,ASSUMPTION,14
2023-11-01,2023-12-01,SKU005,CH02,BASE,FV_BASE_202312,5150,132653700.0,91962071.9,5077273.13,375637.5,FROZEN,true,2024-01-01,true,ASSUMPTION,0
2023-11-01,2023-12-01,SKU005,CH02,UPSIDE,FV_UPSIDE_202312,5350,137805300.0,90193570.51,5077273.13,368124.75,FROZEN,true,2024-01-01,true,ASSUMPTION,-6
2023-11-01,2023-12-01,SKU005,CH02,DOWNSIDE,FV_DOWNSIDE_202312,4800,123638400.0,96383325.35,5178818.59,405688.5,FROZEN,true,2024-01-01,true,ASSUMPTION,14
2023-11-01,2023-12-01,SKU006,CH02,BASE,FV_BASE_202312,4120,117914400.0,74635884.44,4513131.67,333900.0,FROZEN,true,2024-01-01,true,ASSUMPTION,0
2023-11-01,2023-12-01,SKU006,CH02,UPSIDE,FV_UPSIDE_202312,4280,122493600.0,73200578.97,4513131.67,327222.0,FROZEN,true,2024-01-01,true,ASSUMPTION,-6
2023-11-01,2023-12-01,SKU006,CH02,DOWNSIDE,FV_DOWNSIDE_202312,3840,109900800.0,78224148.12,4603394.3,360612.0,FROZEN,true,2024-01-01,true,ASSUMPTION,14
2023-11-01,2023-12-01,SKU007,CH02,BASE,FV_BASE_202312,7210,158201820.0,131131102.52,6055118.32,447982.5,FROZEN,true,2024-01-01,true,ASSUMPTION,0
2023-11-01,2023-12-01,SKU007,CH02,UPSIDE,FV_UPSIDE_202312,7490,164345580.0,128609350.55,6055118.32,439022.85,FROZEN,true,2024-01-01,true,ASSUMPTION,-6
2023-11-01,2023-12-01,SKU007,CH02,DOWNSIDE,FV_DOWNSIDE_202312,6720,147450240.0,137435482.45,6176220.69,483821.1,FROZEN,true,2024-01-01,true,ASSUMPTION,14
2023-11-01,2023-12-01,SKU008,CH02,BASE,FV_BASE_202312,6180,147393000.0,115507916.4,5641414.58,417375.0,FROZEN,true,2024-01-01,true,ASSUMPTION,0
2023-11-01,2023-12-01,SKU008,CH02,UPSIDE,FV_UPSIDE_202312,6420,153117000.0,113286610.31,5641414.58,409027.5,FROZEN,true,2024-01-01,true,ASSUMPTION,-6
2023-11-01,2023-12-01,SKU008,CH02,DOWNSIDE,FV_DOWNSIDE_202312,5760,137376000.0,121061181.61,5754242.87,450765.0,FROZEN,true,2024-01-01,true,ASSUMPTION,14
2023-11-01,2023-12-01,SKU009,CH02,BASE,FV_BASE_202312,7210,144445140.0,126259037.84,5528586.29,409027.5,FROZEN,true,2024-01-01,true,ASSUMPTION,0
2023-11-01,2023-12-01,SKU009,CH02,UPSIDE,FV_UPSIDE_202312,7490,150054660.0,123830979.42,5528586.29,400846.95,FROZEN,true,2024-01-01,true,ASSUMPTION,-6
2023-11-01,2023-12-01,SKU009,CH02,DOWNSIDE,FV_DOWNSIDE_202312,6720,134628480.0,132329183.89,5639158.02,441749.7,FROZEN,true,2024-01-01,true,ASSUMPTION,14
2023-11-01,2023-12-01,SKU010,CH02,BASE,FV_BASE_202312,5150,117914400.0,88852243.38,4513131.67,333900.0,FROZEN,true,2024-01-01,true,ASSUMPTION,0
2023-11-01,2023-12-01,SKU010,CH02,UPSIDE,FV_UPSIDE_202312,5350,122493600.0,87143546.39,4513131.67,327222.0,FROZEN,true,2024-01-01,true,ASSUMPTION,-6
2023-11-01,2023-12-01,SKU010,CH02,DOWNSIDE,FV_DOWNSIDE_202312,4800,109900800.0,93123985.85,4603394.3,360612.0,FROZEN,true,2024-01-01,true,ASSUMPTION,14
2023-11-01,2023-12-01,SKU011,CH02,BASE,FV_BASE_202312,3090,103175100.0,46647427.78,3948990.21,292162.5,FROZEN,true,2024-01-01,true,ASSUMPTION,0
2023-11-01,2023-12-01,SKU011,CH02,UPSIDE,FV_UPSIDE_202312,3210,107181900.0,45750361.86,3948990.21,286319.25,FROZEN,true,2024-01-01,true,ASSUMPTION,-6
2023-11-01,2023-12-01,SKU011,CH02,DOWNSIDE,FV_DOWNSIDE_202312,2880,96163200.0,48890092.57,4027970.01,315535.5,FROZEN,true,2024-01-01,true,ASSUMPTION,14
2023-11-01,2023-12-01,SKU012,CH02,BASE,FV_BASE_202312,4120,113983920.0,66994591.51,4362693.94,322770.0,FROZEN,true,2024-01-01,true,ASSUMPTION,0
2023-11-01,2023-12-01,SKU012,CH02,UPSIDE,FV_UPSIDE_202312,4280,118410480.0,65706233.98,4362693.94,316314.6,FROZEN,true,2024-01-01,true,ASSUMPTION,-6
2023-11-01,2023-12-01,SKU012,CH02,DOWNSIDE,FV_DOWNSIDE_202312,3840,106237440.0,70215485.33,4449947.82,348591.6,FROZEN,true,2024-01-01,true,ASSUMPTION,14
2023-11-01,2023-12-01,SKU001,CH03,BASE,FV_BASE_202312,5150,148314850.0,97432831.54,3959641.56,419985.42,FROZEN,true,2024-01-01,true,ASSUMPTION,0
2023-11-01,2023-12-01,SKU001,CH03,UPSIDE,FV_UPSIDE_202312,5350,154074650.0,95559123.24,3959641.56,411585.71,FROZEN,true,2024-01-01,true,ASSUMPTION,-6
2023-11-01,2023-12-01,SKU001,CH03,DOWNSIDE,FV_DOWNSIDE_202312,4800,138235200.0,102117102.28,4038834.39,453584.25,FROZEN,true,2024-01-01,true,ASSUMPTION,14
2023-11-01,2023-12-01,SKU002,CH03,BASE,FV_BASE_202312,4120,137789280.0,81466419.14,3678634.74,390180.0,FROZEN,true,2024-01-01,true,ASSUMPTION,0
2023-11-01,2023-12-01,SKU002,CH03,UPSIDE,FV_UPSIDE_202312,4280,143140320.0,79899757.24,3678634.74,382376.4,FROZEN,true,2024-01-01,true,ASSUMPTION,-6
2023-11-01,2023-12-01,SKU002,CH03,DOWNSIDE,FV_DOWNSIDE_202312,3840,128424960.0,85383073.91,3752207.43,421394.4,FROZEN,true,2024-01-01,true,ASSUMPTION,14
2023-11-01,2023-12-01,SKU003,CH03,BASE,FV_BASE_202312,3090,91859520.0,57328220.87,2452423.16,260120.0,FROZEN,true,2024-01-01,true,ASSUMPTION,0
2023-11-01,2023-12-01,SKU003,CH03,UPSIDE,FV_UPSIDE_202312,3210,95426880.0,56225755.09,2452423.16,254917.6,FROZEN,true,2024-01-01,true,ASSUMPTION,-6
2023-11-01,2023-12-01,SKU003,CH03,DOWNSIDE,FV_DOWNSIDE_202312,2880,85616640.0,60084385.34,2501471.62,280929.6,FROZEN,true,2024-01-01,true,ASSUMPTION,14
2023-11-01,2023-12-01,SKU004,CH03,BASE,FV_BASE_202312,5150,133961800.0,96804232.62,3576450.44,379341.67,FROZEN,true,2024-01-01,true,ASSUMPTION,0
2023-11-01,2023-12-01,SKU004,CH03,UPSIDE,FV_UPSIDE_202312,5350,139164200.0,94942612.76,3576450.44,371754.83,FROZEN,true,2024-01-01,true,ASSUMPTION,-6
2023-11-01,2023-12-01,SKU004,CH03,DOWNSIDE,FV_DOWNSIDE_202312,4800,124857600.0,101458282.26,3647979.45,409689.0,FROZEN,true,2024-01-01,true,ASSUMPTION,14
2023-11-01,2023-12-01,SKU005,CH03,BASE,FV_BASE_202312,4120,103341960.0,78071985.0,2758976.05,292635.0,FROZEN,true,2024-01-01,true,ASSUMPTION,0
2023-11-01,2023-12-01,SKU005,CH03,UPSIDE,FV_UPSIDE_202312,4280,107355240.0,76570600.68,2758976.05,286782.3,FROZEN,true,2024-01-01,true,ASSUMPTION,-6
2023-11-01,2023-12-01,SKU005,CH03,DOWNSIDE,FV_DOWNSIDE_202312,3840,96318720.0,81825445.82,2814155.57,316045.8,FROZEN,true,2024-01-01,true,ASSUMPTION,14
2023-11-01,2023-12-01,SKU006,CH03,BASE,FV_BASE_202312,3090,86118300.0,59402597.29,2299146.71,243862.5,FROZEN,true,2024-01-01,true,ASSUMPTION,0
2023-11-01,2023-12-01,SKU006,CH03,UPSIDE,FV_UPSIDE_202312,3210,89462700.0,58260239.65,2299146.71,238985.25,FROZEN,true,2024-01-01,true,ASSUMPTION,-6
2023-11-01,2023-12-01,SKU006,CH03,DOWNSIDE,FV_DOWNSIDE_202312,2880,80265600.0,62258491.39,2345129.64,263371.5,FROZEN,true,2024-01-01,true,ASSUMPTION,14
2023-11-01,2023-12-01,SKU007,CH03,BASE,FV_BASE_202312,5150,110040050.0,99397203.14,2937798.57,311602.08,FROZEN,true,2024-01-01,true,ASSUMPTION,0
2023-11-01,2023-12-01,SKU007,CH03,UPSIDE,FV_UPSIDE_202312,5350,114313450.0,97485718.47,2937798.57,305370.04,FROZEN,true,2024-01-01,true,ASSUMPTION,-6
2023-11-01,2023-12-01,SKU007,CH03,DOWNSIDE,FV_DOWNSIDE_202312,4800,102561600.0,104175914.83,2996554.54,336530.25,FROZEN,true,2024-01-01,true,ASSUMPTION,14
2023-11-01,2023-12-01,SKU008,CH03,BASE,FV_BASE_202312,4120,95687000.0,81717858.71,2554607.46,270958.33,FROZEN,true,2024-01-01,true,ASSUMPTION,0
2023-11-01,2023-12-01,SKU008,CH03,UPSIDE,FV_UPSIDE_202312,4280,99403000.0,80146361.42,2554607.46,265539.17,FROZEN,true,2024-01-01,true,ASSUMPTION,-6
2023-11-01,2023-12-01,SKU008,CH03,DOWNSIDE,FV_DOWNSIDE_202312,3840,89184000.0,85646601.91,2605699.61,292635.0,FROZEN,true,2024-01-01,true,ASSUMPTION,14
2023-11-01,2023-12-01,SKU009,CH03,BASE,FV_BASE_202312,5150,100471350.0,95704184.52,2682337.83,284506.25,FROZEN,true,2024-01-01,true,ASSUMPTION,0
2023-11-01,2023-12-01,SKU009,CH03,UPSIDE,FV_UPSIDE_202312,5350,104373150.0,93863719.44,2682337.83,278816.13,FROZEN,true,2024-01-01,true,ASSUMPTION,-6
2023-11-01,2023-12-01,SKU009,CH03,DOWNSIDE,FV_DOWNSIDE_202312,4800,93643200.0,100305347.24,2735984.59,307266.75,FROZEN,true,2024-01-01,true,ASSUMPTION,14
2023-11-01,2023-12-01,SKU010,CH03,BASE,FV_BASE_202312,4120,91859520.0,75431869.57,2452423.16,260120.0,FROZEN,true,2024-01-01,true,ASSUMPTION,0
2023-11-01,2023-12-01,SKU010,CH03,UPSIDE,FV_UPSIDE_202312,4280,95426880.0,73981256.7,2452423.16,254917.6,FROZEN,true,2024-01-01,true,ASSUMPTION,-6
2023-11-01,2023-12-01,SKU010,CH03,DOWNSIDE,FV_DOWNSIDE_202312,3840,85616640.0,79058401.76,2501471.62,280929.6,FROZEN,true,2024-01-01,true,ASSUMPTION,14
2023-11-01,2023-12-01,SKU011,CH03,BASE,FV_BASE_202312,2060,66980900.0,33001442.94,1788225.22,189670.83,FROZEN,true,2024-01-01,true,ASSUMPTION,0
2023-11-01,2023-12-01,SKU011,CH03,UPSIDE,FV_UPSIDE_202312,2140,69582100.0,32366799.8,1788225.22,185877.42,FROZEN,true,2024-01-01,true,ASSUMPTION,-6
2023-11-01,2023-12-01,SKU011,CH03,DOWNSIDE,FV_DOWNSIDE_202312,1920,62428800.0,34588050.77,1823989.72,204844.5,FROZEN,true,2024-01-01,true,ASSUMPTION,14
2023-11-01,2023-12-01,SKU012,CH03,BASE,FV_BASE_202312,3090,83247690.0,53320902.8,2222508.49,235733.75,FROZEN,true,2024-01-01,true,ASSUMPTION,0
2023-11-01,2023-12-01,SKU012,CH03,UPSIDE,FV_UPSIDE_202312,3210,86480610.0,52295500.83,2222508.49,231019.08,FROZEN,true,2024-01-01,true,ASSUMPTION,-6
2023-11-01,2023-12-01,SKU012,CH03,DOWNSIDE,FV_DOWNSIDE_202312,2880,77590080.0,55884407.75,2266958.66,254592.45,FROZEN,true,2024-01-01,true,ASSUMPTION,14
2023-11-01,2023-12-01,SKU001,CH04,BASE,FV_BASE_202312,3090,90234180.0,52177373.62,2239666.7,255517.5,FROZEN,true,2024-01-01,true,ASSUMPTION,0
2023-11-01,2023-12-01,SKU001,CH04,UPSIDE,FV_UPSIDE_202312,3210,93738420.0,51173962.59,2239666.7,250407.15,FROZEN,true,2024-01-01,true,ASSUMPTION,-6
2023-11-01,2023-12-01,SKU001,CH04,DOWNSIDE,FV_DOWNSIDE_202312,2880,84101760.0,54685901.2,2284460.03,275958.9,FROZEN,true,2024-01-01,true,ASSUMPTION,14
2023-11-01,2023-12-01,SKU002,CH04,BASE,FV_BASE_202312,2060,69858720.0,36355847.43,1733935.51,197820.0,FROZEN,true,2024-01-01,true,ASSUMPTION,0
2023-11-01,2023-12-01,SKU002,CH04,UPSIDE,FV_UPSIDE_202312,2140,72571680.0,35656696.52,1733935.51,193863.6,FROZEN,true,2024-01-01,true,ASSUMPTION,-6
2023-11-01,2023-12-01,SKU002,CH04,DOWNSIDE,FV_DOWNSIDE_202312,1920,65111040.0,38103724.71,1768614.22,213645.6,FROZEN,true,2024-01-01,true,ASSUMPTION,14
2023-11-01,2023-12-01,SKU003,CH04,BASE,FV_BASE_202312,2060,62096640.0,34111659.32,1541276.01,175840.0,FROZEN,true,2024-01-01,true,ASSUMPTION,0
2023-11-01,2023-12-01,SKU003,CH04,UPSIDE,FV_UPSIDE_202312,2140,64508160.0,33455665.87,1541276.01,172323.2,FROZEN,true,2024-01-01,true,ASSUMPTION,-6
2023-11-01,2023-12-01,SKU003,CH04,DOWNSIDE,FV_DOWNSIDE_202312,1920,57876480.0,35751642.94,1572101.53,189907.2,FROZEN,true,2024-01-01,true,ASSUMPTION,14
2023-11-01,2023-12-01,SKU004,CH04,BASE,FV_BASE_202312,2060,54334560.0,34560496.94,1348616.51,153860.0,FROZEN,true,2024-01-01,true,ASSUMPTION,0
2023-11-01,2023-12-01,SKU004,CH04,UPSIDE,FV_UPSIDE_202312,2140,56444640.0,33895872.0,1348616.51,150782.8,FROZEN,true,2024-01-01,true,ASSUMPTION,-6
2023-11-01,2023-12-01,SKU004,CH04,DOWNSIDE,FV_DOWNSIDE_202312,1920,50641920.0,36222059.3,1375588.84,166168.8,FROZEN,true,2024-01-01,true,ASSUMPTION,14
2023-11-01,2023-12-01,SKU005,CH04,BASE,FV_BASE_202312,2060,52394040.0,34841020.45,1300451.63,148365.0,FROZEN,true,2024-01-01,true,ASSUMPTION,0
2023-11-01,2023-12-01,SKU005,CH04,UPSIDE,FV_UPSIDE_202312,2140,54428760.0,34171000.82,1300451.63,145397.7,FROZEN,true,2024-01-01,true,ASSUMPTION,-6
2023-11-01,2023-12-01,SKU005,CH04,DOWNSIDE,FV_DOWNSIDE_202312,1920,48833280.0,36516069.51,1326460.66,160234.2,FROZEN,true,2024-01-01,true,ASSUMPTION,14
2023-11-01,2023-12-01,SKU006,CH04,BASE,FV_BASE_202312,2060,58215600.0,35345962.78,1444946.26,164850.0,FROZEN,true,2024-01-01,true,ASSUMPTION,0
2023-11-01,2023-12-01,SKU006,CH04,UPSIDE,FV_UPSIDE_202312,2140,60476400.0,34666232.72,1444946.26,161553.0,FROZEN,true,2024-01-01,true,ASSUMPTION,-6
2023-11-01,2023-12-01,SKU006,CH04,DOWNSIDE,FV_DOWNSIDE_202312,1920,54259200.0,37045287.91,1473845.19,178038.0,FROZEN,true,2024-01-01,true,ASSUMPTION,14
2023-11-01,2023-12-01,SKU007,CH04,BASE,FV_BASE_202312,3090,66947940.0,53229336.8,1661688.2,189577.5,FROZEN,true,2024-01-01,true,ASSUMPTION,0
2023-11-01,2023-12-01,SKU007,CH04,UPSIDE,FV_UPSIDE_202312,3210,69547860.0,52205695.71,1661688.2,185785.95,FROZEN,true,2024-01-01,true,ASSUMPTION,-6
2023-11-01,2023-12-01,SKU007,CH04,DOWNSIDE,FV_DOWNSIDE_202312,2880,62398080.0,55788439.54,1694921.96,204743.7,FROZEN,true,2024-01-01,true,ASSUMPTION,14
2023-11-01,2023-12-01,SKU008,CH04,BASE,FV_BASE_202312,2060,48513000.0,36468056.83,1204121.88,137375.0,FROZEN,true,2024-01-01,true,ASSUMPTION,0
2023-11-01,2023-12-01,SKU008,CH04,UPSIDE,FV_UPSIDE_202312,2140,50397000.0,35766748.05,1204121.88,134627.5,FROZEN,true,2024-01-01,true,ASSUMPTION,-6
2023-11-01,2023-12-01,SKU008,CH04,DOWNSIDE,FV_DOWNSIDE_202312,1920,45216000.0,38221328.79,1228204.32,148365.0,FROZEN,true,2024-01-01,true,ASSUMPTION,14
2023-11-01,2023-12-01,SKU009,CH04,BASE,FV_BASE_202312,3090,61126380.0,51251646.02,1517193.57,173092.5,FROZEN,true,2024-01-01,true,ASSUMPTION,0
2023-11-01,2023-12-01,SKU009,CH04,UPSIDE,FV_UPSIDE_202312,3210,63500220.0,50266037.45,1517193.57,169630.65,FROZEN,true,2024-01-01,true,ASSUMPTION,-6
2023-11-01,2023-12-01,SKU009,CH04,DOWNSIDE,FV_DOWNSIDE_202312,2880,56972160.0,53715667.47,1547537.44,186939.9,FROZEN,true,2024-01-01,true,ASSUMPTION,14
2023-11-01,2023-12-01,SKU010,CH04,BASE,FV_BASE_202312,2060,46572480.0,33662821.69,1155957.01,131880.0,FROZEN,true,2024-01-01,true,ASSUMPTION,0
2023-11-01,2023-12-01,SKU010,CH04,UPSIDE,FV_UPSIDE_202312,2140,48381120.0,33015459.74,1155957.01,129242.4,FROZEN,true,2024-01-01,true,ASSUMPTION,-6
2023-11-01,2023-12-01,SKU010,CH04,DOWNSIDE,FV_DOWNSIDE_202312,1920,43407360.0,35281226.58,1179076.15,142430.4,FROZEN,true,2024-01-01,true,ASSUMPTION,14
2023-11-01,2023-12-01,SKU011,CH04,BASE,FV_BASE_202312,1030,33959100.0,14727484.49,842885.32,96162.5,FROZEN,true,2024-01-01,true,ASSUMPTION,0
2023-11-01,2023-12-01,SKU011,CH04,UPSIDE,FV_UPSIDE_202312,1070,35277900.0,14444263.64,842885.32,94239.25,FROZEN,true,2024-01-01,true,ASSUMPTION,-6
2023-11-01,2023-12-01,SKU011,CH04,DOWNSIDE,FV_DOWNSIDE_202312,960,31651200.0,15435536.63,859743.03,103855.5,FROZEN,true,2024-01-01,true,ASSUMPTION,14
2023-11-01,2023-12-01,SKU012,CH04,BASE,FV_BASE_202312,2060,56275080.0,31727209.46,1396781.39,159355.0,FROZEN,true,2024-01-01,true,ASSUMPTION,0
2023-11-01,2023-12-01,SKU012,CH04,UPSIDE,FV_UPSIDE_202312,2140,58460520.0,31117070.81,1396781.39,156167.9,FROZEN,true,2024-01-01,true,ASSUMPTION,-6
2023-11-01,2023-12-01,SKU012,CH04,DOWNSIDE,FV_DOWNSIDE_202312,1920,52450560.0,33252556.07,1424717.02,172103.4,FROZEN,true,2024-01-01,true,ASSUMPTION,14
2023-11-01,2023-12-01,SKU001,CH05,BASE,FV_BASE_202312,3090,91383660.0,58018275.62,2503802.88,258772.5,FROZEN,true,2024-01-01,true,ASSUMPTION,0
2023-11-01,2023-12-01,SKU001,CH05,UPSIDE,FV_UPSIDE_202312,3210,94932540.0,56902539.55,2503802.88,253597.05,FROZEN,true,2024-01-01,true,ASSUMPTION,-6
2023-11-01,2023-12-01,SKU001,CH05,DOWNSIDE,FV_DOWNSIDE_202312,2880,85173120.0,60807615.79,2553878.94,279474.3,FROZEN,true,2024-01-01,true,ASSUMPTION,14
2023-11-01,2023-12-01,SKU002,CH05,BASE,FV_BASE_202312,2060,70748640.0,40425637.21,1938428.04,200340.0,FROZEN,true,2024-01-01,true,ASSUMPTION,0
2023-11-01,2023-12-01,SKU002,CH05,UPSIDE,FV_UPSIDE_202312,2140,73496160.0,39648221.11,1938428.04,196333.2,FROZEN,true,2024-01-01,true,ASSUMPTION,-6
2023-11-01,2023-12-01,SKU002,CH05,DOWNSIDE,FV_DOWNSIDE_202312,1920,65940480.0,42369177.46,1977196.6,216367.2,FROZEN,true,2024-01-01,true,ASSUMPTION,14
2023-11-01,2023-12-01,SKU003,CH05,BASE,FV_BASE_202312,2060,62887680.0,37930227.5,1723047.14,178080.0,FROZEN,true,2024-01-01,true,ASSUMPTION,0
2023-11-01,2023-12-01,SKU003,CH05,UPSIDE,FV_UPSIDE_202312,2140,65329920.0,37200800.05,1723047.14,174518.4,FROZEN,true,2024-01-01,true,ASSUMPTION,-6
2023-11-01,2023-12-01,SKU003,CH05,DOWNSIDE,FV_DOWNSIDE_202312,1920,58613760.0,39753796.13,1757508.08,192326.4,FROZEN,true,2024-01-01,true,ASSUMPTION,14
2023-11-01,2023-12-01,SKU004,CH05,BASE,FV_BASE_202312,3090,82540080.0,57643964.16,2261499.38,233730.0,FROZEN,true,2024-01-01,true,ASSUMPTION,0
2023-11-01,2023-12-01,SKU004,CH05,UPSIDE,FV_UPSIDE_202312,3210,85745520.0,56535426.39,2261499.38,229055.4,FROZEN,true,2024-01-01,true,ASSUMPTION,-6
2023-11-01,2023-12-01,SKU004,CH05,DOWNSIDE,FV_DOWNSIDE_202312,2880,76930560.0,60415308.6,2306729.37,252428.4,FROZEN,true,2024-01-01,true,ASSUMPTION,14
2023-11-01,2023-12-01,SKU005,CH05,BASE,FV_BASE_202312,2060,53061480.0,38741235.66,1453821.03,150255.0,FROZEN,true,2024-01-01,true,ASSUMPTION,0
2023-11-01,2023-12-01,SKU005,CH05,UPSIDE,FV_UPSIDE_202312,2140,55122120.0,37996211.89,1453821.03,147249.9,FROZEN,true,2024-01-01,true,ASSUMPTION,-6
2023-11-01,2023-12-01,SKU005,CH05,DOWNSIDE,FV_DOWNSIDE_202312,1920,49455360.0,40603795.06,1482897.45,162275.4,FROZEN,true,2024-01-01,true,ASSUMPTION,14
2023-11-01,2023-12-01,SKU006,CH05,BASE,FV_BASE_202312,2060,58957200.0,39302702.84,1615356.7,166950.0,FROZEN,true,2024-01-01,true,ASSUMPTION,0
2023-11-01,2023-12-01,SKU006,CH05,UPSIDE,FV_UPSIDE_202312,2140,61246800.0,38546881.63,1615356.7,163611.0,FROZEN,true,2024-01-01,true,ASSUMPTION,-6
2023-11-01,2023-12-01,SKU006,CH05,DOWNSIDE,FV_DOWNSIDE_202312,1920,54950400.0,41192255.86,1647663.83,180306.0,FROZEN,true,2024-01-01,true,ASSUMPTION,14
2023-11-01,2023-12-01,SKU007,CH05,BASE,FV_BASE_202312,3090,67800780.0,59187998.92,1857660.2,191992.5,FROZEN,true,2024-01-01,true,ASSUMPTION,0
2023-11-01,2023-12-01,SKU007,CH05,UPSIDE,FV_UPSIDE_202312,3210,70433820.0,58049768.17,1857660.2,188152.65,FROZEN,true,2024-01-01,true,ASSUMPTION,-6
2023-11-01,2023-12-01,SKU007,CH05,DOWNSIDE,FV_DOWNSIDE_202312,2880,63192960.0,62033575.79,1894813.4,207351.9,FROZEN,true,2024-01-01,true,ASSUMPTION,14
2023-11-01,2023-12-01,SKU008,CH05,BASE,FV_BASE_202312,3090,73696500.0,60825611.54,2019195.87,208687.5,FROZEN,true,2024-01-01,true,ASSUMPTION,0
2023-11-01,2023-12-01,SKU008,CH05,UPSIDE,FV_UPSIDE_202312,3210,76558500.0,59655888.24,2019195.87,204513.75,FROZEN,true,2024-01-01,true,ASSUMPTION,-6
2023-11-01,2023-12-01,SKU008,CH05,DOWNSIDE,FV_DOWNSIDE_202312,2880,68688000.0,63749919.78,2059579.79,225382.5,FROZEN,true,2024-01-01,true,ASSUMPTION,14
2023-11-01,2023-12-01,SKU009,CH05,BASE,FV_BASE_202312,3090,61905060.0,56988919.11,1696124.53,175297.5,FROZEN,true,2024-01-01,true,ASSUMPTION,0
2023-11-01,2023-12-01,SKU009,CH05,UPSIDE,FV_UPSIDE_202312,3210,64309140.0,55892978.36,1696124.53,171791.55,FROZEN,true,2024-01-01,true,ASSUMPTION,-6
2023-11-01,2023-12-01,SKU009,CH05,DOWNSIDE,FV_DOWNSIDE_202312,2880,57697920.0,59728770.99,1730047.02,189321.3,FROZEN,true,2024-01-01,true,ASSUMPTION,14
2023-11-01,2023-12-01,SKU010,CH05,BASE,FV_BASE_202312,2060,47165760.0,37431145.56,1292285.36,133560.0,FROZEN,true,2024-01-01,true,ASSUMPTION,0
2023-11-01,2023-12-01,SKU010,CH05,UPSIDE,FV_UPSIDE_202312,2140,48997440.0,36711315.84,1292285.36,130888.8,FROZEN,true,2024-01-01,true,ASSUMPTION,-6
2023-11-01,2023-12-01,SKU010,CH05,DOWNSIDE,FV_DOWNSIDE_202312,1920,43960320.0,39230719.87,1318131.07,144244.8,FROZEN,true,2024-01-01,true,ASSUMPTION,14
2023-11-01,2023-12-01,SKU011,CH05,BASE,FV_BASE_202312,1030,34391700.0,16376126.19,942291.41,97387.5,FROZEN,true,2024-01-01,true,ASSUMPTION,0
2023-11-01,2023-12-01,SKU011,CH05,UPSIDE,FV_UPSIDE_202312,1070,35727300.0,16061200.68,942291.41,95439.75,FROZEN,true,2024-01-01,true,ASSUMPTION,-6
2023-11-01,2023-12-01,SKU011,CH05,DOWNSIDE,FV_DOWNSIDE_202312,960,32054400.0,17163439.95,961137.24,105178.5,FROZEN,true,2024-01-01,true,ASSUMPTION,14
2023-11-01,2023-12-01,SKU012,CH05,BASE,FV_BASE_202312,2060,56991960.0,35278854.7,1561511.47,161385.0,FROZEN,true,2024-01-01,true,ASSUMPTION,0
2023-11-01,2023-12-01,SKU012,CH05,UPSIDE,FV_UPSIDE_202312,2140,59205240.0,34600415.18,1561511.47,158157.3,FROZEN,true,2024-01-01,true,ASSUMPTION,-6
2023-11-01,2023-12-01,SKU012,CH05,DOWNSIDE,FV_DOWNSIDE_202312,1920,53118720.0,36974953.48,1592741.7,174295.8,FROZEN,true,2024-01-01,true,ASSUMPTION,14
2023-12-01,2024-01-01,SKU001,CH01,BASE,FV_BASE_202401,7210,213228540.0,126902308.22,5436671.18,603802.5,FROZEN,true,2024-02-01,true,ASSUMPTION,0
2023-12-01,2024-01-01,SKU001,CH01,UPSIDE,FV_UPSIDE_202401,7490,221509260.0,124461879.21,5436671.18,591726.45,FROZEN,true,2024-02-01,true,ASSUMPTION,-6
2023-12-01,2024-01-01,SKU001,CH01,DOWNSIDE,FV_DOWNSIDE_202401,6720,198737280.0,133003380.73,5545404.6,652106.7,FROZEN,true,2024-02-01,true,ASSUMPTION,14
2023-12-01,2024-01-01,SKU002,CH01,BASE,FV_BASE_202401,5150,176871600.0,94738128.71,4509681.16,500850.0,FROZEN,true,2024-02-01,true,ASSUMPTION,0
2023-12-01,2024-01-01,SKU002,CH01,UPSIDE,FV_UPSIDE_202401,5350,183740400.0,92916241.62,4509681.16,490833.0,FROZEN,true,2024-02-01,true,ASSUMPTION,-6
2023-12-01,2024-01-01,SKU002,CH01,DOWNSIDE,FV_DOWNSIDE_202401,4800,164851200.0,99292846.44,4599874.78,540918.0,FROZEN,true,2024-02-01,true,ASSUMPTION,14
2023-12-01,2024-01-01,SKU003,CH01,BASE,FV_BASE_202401,5150,157219200.0,88890096.08,4008605.48,445200.0,FROZEN,true,2024-02-01,true,ASSUMPTION,0
2023-12-01,2024-01-01,SKU003,CH01,UPSIDE,FV_UPSIDE_202401,5350,163324800.0,87180671.15,4008605.48,436296.0,FROZEN,true,2024-02-01,true,ASSUMPTION,-6
2023-12-01,2024-01-01,SKU003,CH01,DOWNSIDE,FV_DOWNSIDE_202401,4800,146534400.0,93163658.39,4088777.59,480816.0,FROZEN,true,2024-02-01,true,ASSUMPTION,14
2023-12-01,2024-01-01,SKU004,CH01,BASE,FV_BASE_202401,7210,192593520.0,126083583.64,4910541.71,545370.0,FROZEN,true,2024-02-01,true,ASSUMPTION,0
2023-12-01,2024-01-01,SKU004,CH01,UPSIDE,FV_UPSIDE_202401,7490,200072880.0,123658899.34,4910541.71,534462.6,FROZEN,true,2024-02-01,true,ASSUMPTION,-6
2023-12-01,2024-01-01,SKU004,CH01,DOWNSIDE,FV_DOWNSIDE_202401,6720,179504640.0,132145294.39,5008752.54,588999.6,FROZEN,true,2024-02-01,true,ASSUMPTION,14
2023-12-01,2024-01-01,SKU005,CH01,BASE,FV_BASE_202401,6180,159184440.0,108948848.02,4058713.04,450765.0,FROZEN,true,2024-02-01,true,ASSUMPTION,0
2023-12-01,2024-01-01,SKU005,CH01,UPSIDE,FV_UPSIDE_202401,6420,165366360.0,106853677.86,4058713.04,441749.7,FROZEN,true,2024-02-01,true,ASSUMPTION,-6
2023-12-01,2024-01-01,SKU005,CH01,DOWNSIDE,FV_DOWNSIDE_202401,5760,148366080.0,114186773.4,4139887.3,486826.2,FROZEN,true,2024-02-01,true,ASSUMPTION,14
2023-12-01,2024-01-01,SKU006,CH01,BASE,FV_BASE_202401,4120,117914400.0,73685211.23,3006454.11,333900.0,FROZEN,true,2024-02-01,true,ASSUMPTION,0
2023-12-01,2024-01-01,SKU006,CH01,UPSIDE,FV_UPSIDE_202401,4280,122493600.0,72268187.93,3006454.11,327222.0,FROZEN,true,2024-02-01,true,ASSUMPTION,-6
2023-12-01,2024-01-01,SKU006,CH01,DOWNSIDE,FV_DOWNSIDE_202401,3840,109900800.0,77227769.46,3066583.19,360612.0,FROZEN,true,2024-02-01,true,ASSUMPTION,14
2023-12-01,2024-01-01,SKU007,CH01,BASE,FV_BASE_202401,7210,158201820.0,129460822.49,4033659.26,447982.5,FROZEN,true,2024-02-01,true,ASSUMPTION,0
2023-12-01,2024-01-01,SKU007,CH01,UPSIDE,FV_UPSIDE_202401,7490,164345580.0,126971191.29,4033659.26,439022.85,FROZEN,true,2024-02-01,true,ASSUMPTION,-6
2023-12-01,2024-01-01,SKU007,CH01,DOWNSIDE,FV_DOWNSIDE_202401,6720,147450240.0,135684900.5,4114332.45,483821.1,FROZEN,true,2024-02-01,true,ASSUMPTION,14
2023-12-01,2024-01-01,SKU008,CH01,BASE,FV_BASE_202401,6180,147393000.0,114036636.42,3758067.63,417375.0,FROZEN,true,2024-02-01,true,ASSUMPTION,0
2023-12-01,2024-01-01,SKU008,CH01,UPSIDE,FV_UPSIDE_202401,6420,153117000.0,111843624.18,3758067.63,409027.5,FROZEN,true,2024-02-01,true,ASSUMPTION,-6
2023-12-01,2024-01-01,SKU008,CH01,DOWNSIDE,FV_DOWNSIDE_202401,5760,137376000.0,119519167.01,3833228.98,450765.0,FROZEN,true,2024-02-01,true,ASSUMPTION,14
2023-12-01,2024-01-01,SKU009,CH01,BASE,FV_BASE_202401,7210,144445140.0,124650815.65,3682906.28,409027.5,FROZEN,true,2024-02-01,true,ASSUMPTION,0
2023-12-01,2024-01-01,SKU009,CH01,UPSIDE,FV_UPSIDE_202401,7490,150054660.0,122253684.58,3682906.28,400846.95,FROZEN,true,2024-02-01,true,ASSUMPTION,-6
2023-12-01,2024-01-01,SKU009,CH01,DOWNSIDE,FV_DOWNSIDE_202401,6720,134628480.0,130643643.33,3756564.41,441749.7,FROZEN,true,2024-02-01,true,ASSUMPTION,14
2023-12-01,2024-01-01,SKU010,CH01,BASE,FV_BASE_202401,5150,117914400.0,87720489.55,3006454.11,333900.0,FROZEN,true,2024-02-01,true,ASSUMPTION,0
2023-12-01,2024-01-01,SKU010,CH01,UPSIDE,FV_UPSIDE_202401,5350,122493600.0,86033557.06,3006454.11,327222.0,FROZEN,true,2024-02-01,true,ASSUMPTION,-6
2023-12-01,2024-01-01,SKU010,CH01,DOWNSIDE,FV_DOWNSIDE_202401,4800,109900800.0,91937820.78,3066583.19,360612.0,FROZEN,true,2024-02-01,true,ASSUMPTION,14
2023-12-01,2024-01-01,SKU011,CH01,BASE,FV_BASE_202401,3090,103175100.0,46053257.02,2630647.34,292162.5,FROZEN,true,2024-02-01,true,ASSUMPTION,0
2023-12-01,2024-01-01,SKU011,CH01,UPSIDE,FV_UPSIDE_202401,3210,107181900.0,45167617.46,2630647.34,286319.25,FROZEN,true,2024-02-01,true,ASSUMPTION,-6
2023-12-01,2024-01-01,SKU011,CH01,DOWNSIDE,FV_DOWNSIDE_202401,2880,96163200.0,48267355.91,2683260.29,315535.5,FROZEN,true,2024-02-01,true,ASSUMPTION,14
2023-12-01,2024-01-01,SKU012,CH01,BASE,FV_BASE_202401,5150,142479900.0,82676561.38,3632798.71,403462.5,FROZEN,true,2024-02-01,true,ASSUMPTION,0
2023-12-01,2024-01-01,SKU012,CH01,UPSIDE,FV_UPSIDE_202401,5350,148013100.0,81086627.5,3632798.71,395393.25,FROZEN,true,2024-02-01,true,ASSUMPTION,-6
2023-12-01,2024-01-01,SKU012,CH01,DOWNSIDE,FV_DOWNSIDE_202401,4800,132796800.0,86651396.06,3705454.68,435739.5,FROZEN,true,2024-02-01,true,ASSUMPTION,14
2023-12-01,2024-01-01,SKU001,CH02,BASE,FV_BASE_202401,6180,182767320.0,108943675.1,6934025.39,517545.0,FROZEN,true,2024-02-01,true,ASSUMPTION,0
2023-12-01,2024-01-01,SKU001,CH02,UPSIDE,FV_UPSIDE_202401,6420,189865080.0,106848604.42,6934025.39,507194.1,FROZEN,true,2024-02-01,true,ASSUMPTION,-6
2023-12-01,2024-01-01,SKU001,CH02,DOWNSIDE,FV_DOWNSIDE_202401,5760,170346240.0,114181351.79,7072705.9,558948.6,FROZEN,true,2024-02-01,true,ASSUMPTION,14
2023-12-01,2024-01-01,SKU002,CH02,BASE,FV_BASE_202401,4120,141497280.0,75909141.36,5368277.72,400680.0,FROZEN,true,2024-02-01,true,ASSUMPTION,0
2023-12-01,2024-01-01,SKU002,CH02,UPSIDE,FV_UPSIDE_202401,4280,146992320.0,74449350.18,5368277.72,392666.4,FROZEN,true,2024-02-01,true,ASSUMPTION,-6
2023-12-01,2024-01-01,SKU002,CH02,DOWNSIDE,FV_DOWNSIDE_202401,3840,131880960.0,79558619.31,5475643.27,432734.4,FROZEN,true,2024-02-01,true,ASSUMPTION,14
2023-12-01,2024-01-01,SKU003,CH02,BASE,FV_BASE_202401,4120,125775360.0,71223391.9,4771802.42,356160.0,FROZEN,true,2024-02-01,true,ASSUMPTION,0
2023-12-01,2024-01-01,SKU003,CH02,UPSIDE,FV_UPSIDE_202401,4280,130659840.0,69853711.28,4771802.42,349036.8,FROZEN,true,2024-02-01,true,ASSUMPTION,-6
2023-12-01,2024-01-01,SKU003,CH02,DOWNSIDE,FV_DOWNSIDE_202401,3840,117227520.0,74647593.43,4867238.47,384652.8,FROZEN,true,2024-02-01,true,ASSUMPTION,14
2023-12-01,2024-01-01,SKU004,CH02,BASE,FV_BASE_202401,5150,137566800.0,90200677.24,5219158.9,389550.0,FROZEN,true,2024-02-01,true,ASSUMPTION,0
2023-12-01,2024-01-01,SKU004,CH02,UPSIDE,FV_UPSIDE_202401,5350,142909200.0,88466048.83,5219158.9,381759.0,FROZEN,true,2024-02-01,true,ASSUMPTION,-6
2023-12-01,2024-01-01,SKU004,CH02,DOWNSIDE,FV_DOWNSIDE_202401,4800,128217600.0,94537248.26,5323542.08,420714.0,FROZEN,true,2024-02-01,true,ASSUMPTION,14
2023-12-01,2024-01-01,SKU005,CH02,BASE,FV_BASE_202401,4120,106122960.0,72746260.48,4026208.29,300510.0,FROZEN,true,2024-02-01,true,ASSUMPTION,0
2023-12-01,2024-01-01,SKU005,CH02,UPSIDE,FV_UPSIDE_202401,4280,110244240.0,71347293.93,4026208.29,294499.8,FROZEN,true,2024-02-01,true,ASSUMPTION,-6
2023-12-01,2024-01-01,SKU005,CH02,DOWNSIDE,FV_DOWNSIDE_202401,3840,98910720.0,76243676.84,4106732.46,324550.8,FROZEN,true,2024-02-01,true,ASSUMPTION,14
2023-12-01,2024-01-01,SKU006,CH02,BASE,FV_BASE_202401,3090,88435800.0,55350415.58,3355173.58,250425.0,FROZEN,true,2024-02-01,true,ASSUMPTION,0
2023-12-01,2024-01-01,SKU006,CH02,UPSIDE,FV_UPSIDE_202401,3210,91870200.0,54285984.51,3355173.58,245416.5,FROZEN,true,2024-02-01,true,ASSUMPTION,-6
2023-12-01,2024-01-01,SKU006,CH02,DOWNSIDE,FV_DOWNSIDE_202401,2880,82425600.0,58011493.25,3422277.05,270459.0,FROZEN,true,2024-02-01,true,ASSUMPTION,14
2023-12-01,2024-01-01,SKU007,CH02,BASE,FV_BASE_202401,6180,135601560.0,111140120.17,5144599.49,383985.0,FROZEN,true,2024-02-01,true,ASSUMPTION,0
2023-12-01,2024-01-01,SKU007,CH02,UPSIDE,FV_UPSIDE_202401,6420,140867640.0,109002810.16,5144599.49,376305.3,FROZEN,true,2024-02-01,true,ASSUMPTION,-6
2023-12-01,2024-01-01,SKU007,CH02,DOWNSIDE,FV_DOWNSIDE_202401,5760,126385920.0,116483395.17,5247491.48,414703.8,FROZEN,true,2024-02-01,true,ASSUMPTION,14
2023-12-01,2024-01-01,SKU008,CH02,BASE,FV_BASE_202401,5150,122827500.0,95179286.04,4659963.3,347812.5,FROZEN,true,2024-02-01,true,ASSUMPTION,0
2023-12-01,2024-01-01,SKU008,CH02,UPSIDE,FV_UPSIDE_202401,5350,127597500.0,93348915.16,4659963.3,340856.25,FROZEN,true,2024-02-01,true,ASSUMPTION,-6
2023-12-01,2024-01-01,SKU008,CH02,DOWNSIDE,FV_DOWNSIDE_202401,4800,114480000.0,99755213.25,4753162.57,375637.5,FROZEN,true,2024-02-01,true,ASSUMPTION,14
2023-12-01,2024-01-01,SKU009,CH02,BASE,FV_BASE_202401,5150,103175100.0,89175669.54,3914369.17,292162.5,FROZEN,true,2024-02-01,true,ASSUMPTION,0
2023-12-01,2024-01-01,SKU009,CH02,UPSIDE,FV_UPSIDE_202401,5350,107181900.0,87460752.82,3914369.17,286319.25,FROZEN,true,2024-02-01,true,ASSUMPTION,-6
2023-12-01,2024-01-01,SKU009,CH02,DOWNSIDE,FV_DOWNSIDE_202401,4800,96163200.0,93462961.35,3992656.55,315535.5,FROZEN,true,2024-02-01,true,ASSUMPTION,14
2023-12-01,2024-01-01,SKU010,CH02,BASE,FV_BASE_202401,4120,94331520.0,70286242.0,3578851.82,267120.0,FROZEN,true,2024-02-01,true,ASSUMPTION,0
2023-12-01,2024-01-01,SKU010,CH02,UPSIDE,FV_UPSIDE_202401,4280,97994880.0,68934583.5,3578851.82,261777.6,FROZEN,true,2024-02-01,true,ASSUMPTION,-6
2023-12-01,2024-01-01,SKU010,CH02,DOWNSIDE,FV_DOWNSIDE_202401,3840,87920640.0,73665388.25,3650428.86,288489.6,FROZEN,true,2024-02-01,true,ASSUMPTION,14
2023-12-01,2024-01-01,SKU011,CH02,BASE,FV_BASE_202401,2060,68783400.0,30750230.88,2609579.45,194775.0,FROZEN,true,2024-02-01,true,ASSUMPTION,0
2023-12-01,2024-01-01,SKU011,CH02,UPSIDE,FV_UPSIDE_202401,2140,71454600.0,30158880.28,2609579.45,190879.5,FROZEN,true,2024-02-01,true,ASSUMPTION,-6
2023-12-01,2024-01-01,SKU011,CH02,DOWNSIDE,FV_DOWNSIDE_202401,1920,64108800.0,32228607.36,2661771.04,210357.0,FROZEN,true,2024-02-01,true,ASSUMPTION,14
2023-12-01,2024-01-01,SKU012,CH02,BASE,FV_BASE_202401,3090,85487940.0,49683587.32,3243334.46,242077.5,FROZEN,true,2024-02-01,true,ASSUMPTION,0
2023-12-01,2024-01-01,SKU012,CH02,UPSIDE,FV_UPSIDE_202401,3210,88807860.0,48728133.72,3243334.46,237235.95,FROZEN,true,2024-02-01,true,ASSUMPTION,-6
2023-12-01,2024-01-01,SKU012,CH02,DOWNSIDE,FV_DOWNSIDE_202401,2880,79678080.0,52072221.33,3308201.15,261443.7,FROZEN,true,2024-02-01,true,ASSUMPTION,14
2023-12-01,2024-01-01,SKU001,CH03,BASE,FV_BASE_202401,4120,118651880.0,76833665.41,3095856.79,335988.33,FROZEN,true,2024-02-01,true,ASSUMPTION,0
2023-12-01,2024-01-01,SKU001,CH03,UPSIDE,FV_UPSIDE_202401,4280,123259720.0,75356094.92,3095856.79,329268.57,FROZEN,true,2024-02-01,true,ASSUMPTION,-6
2023-12-01,2024-01-01,SKU001,CH03,DOWNSIDE,FV_DOWNSIDE_202401,3840,110588160.0,80527591.63,3157773.93,362867.4,FROZEN,true,2024-02-01,true,ASSUMPTION,14
2023-12-01,2024-01-01,SKU002,CH03,BASE,FV_BASE_202401,3090,103341960.0,60227679.66,2696391.4,292635.0,FROZEN,true,2024-02-01,true,ASSUMPTION,0
2023-12-01,2024-01-01,SKU002,CH03,UPSIDE,FV_UPSIDE_202401,3210,107355240.0,59069455.05,2696391.4,286782.3,FROZEN,true,2024-02-01,true,ASSUMPTION,-6
2023-12-01,2024-01-01,SKU002,CH03,DOWNSIDE,FV_DOWNSIDE_202401,2880,96318720.0,63123241.18,2750319.23,316045.8,FROZEN,true,2024-02-01,true,ASSUMPTION,14
2023-12-01,2024-01-01,SKU003,CH03,BASE,FV_BASE_202401,3090,91859520.0,56509921.66,2396792.35,260120.0,FROZEN,true,2024-02-01,true,ASSUMPTION,0
2023-12-01,2024-01-01,SKU003,CH03,UPSIDE,FV_UPSIDE_202401,3210,95426880.0,55423192.39,2396792.35,254917.6,FROZEN,true,2024-02-01,true,ASSUMPTION,-6
2023-12-01,2024-01-01,SKU003,CH03,DOWNSIDE,FV_DOWNSIDE_202401,2880,85616640.0,59226744.81,2444728.2,280929.6,FROZEN,true,2024-02-01,true,ASSUMPTION,14
2023-12-01,2024-01-01,SKU004,CH03,BASE,FV_BASE_202401,4120,107169440.0,76337964.34,2796257.74,303473.33,FROZEN,true,2024-02-01,true,ASSUMPTION,0
2023-12-01,2024-01-01,SKU004,CH03,UPSIDE,FV_UPSIDE_202401,4280,111331360.0,74869926.57,2796257.74,297403.87,FROZEN,true,2024-02-01,true,ASSUMPTION,-6
2023-12-01,2024-01-01,SKU004,CH03,DOWNSIDE,FV_DOWNSIDE_202401,3840,99886080.0,80008058.78,2852182.89,327751.2,FROZEN,true,2024-02-01,true,ASSUMPTION,14
2023-12-01,2024-01-01,SKU005,CH03,BASE,FV_BASE_202401,3090,77506470.0,57718193.0,2022293.55,219476.25,FROZEN,true,2024-02-01,true,ASSUMPTION,0
2023-12-01,2024-01-01,SKU005,CH03,UPSIDE,FV_UPSIDE_202401,3210,80516430.0,56608227.75,2022293.55,215086.73,FROZEN,true,2024-02-01,true,ASSUMPTION,-6
2023-12-01,2024-01-01,SKU005,CH03,DOWNSIDE,FV_DOWNSIDE_202401,2880,72239040.0,60493106.13,2062739.42,237034.35,FROZEN,true,2024-02-01,true,ASSUMPTION,14
2023-12-01,2024-01-01,SKU006,CH03,BASE,FV_BASE_202401,2060,57412200.0,39036459.04,1497995.22,162575.0,FROZEN,true,2024-02-01,true,ASSUMPTION,0
2023-12-01,2024-01-01,SKU006,CH03,UPSIDE,FV_UPSIDE_202401,2140,59641800.0,38285757.91,1497995.22,159323.5,FROZEN,true,2024-02-01,true,ASSUMPTION,-6
2023-12-01,2024-01-01,SKU006,CH03,DOWNSIDE,FV_DOWNSIDE_202401,1920,53510400.0,40913211.88,1527955.12,175581.0,FROZEN,true,2024-02-01,true,ASSUMPTION,14
2023-12-01,2024-01-01,SKU007,CH03,BASE,FV_BASE_202401,4120,88032040.0,78382731.24,2296926.0,249281.67,FROZEN,true,2024-02-01,true,ASSUMPTION,0
2023-12-01,2024-01-01,SKU007,CH03,UPSIDE,FV_UPSIDE_202401,4280,91450760.0,76875371.03,2296926.0,244296.03,FROZEN,true,2024-02-01,true,ASSUMPTION,-6
2023-12-01,2024-01-01,SKU007,CH03,DOWNSIDE,FV_DOWNSIDE_202401,3840,82049280.0,82151131.78,2342864.52,269224.2,FROZEN,true,2024-02-01,true,ASSUMPTION,14
2023-12-01,2024-01-01,SKU008,CH03,BASE,FV_BASE_202401,3090,71765250.0,60413567.55,1872494.02,203218.75,FROZEN,true,2024-02-01,true,ASSUMPTION,0
2023-12-01,2024-01-01,SKU008,CH03,UPSIDE,FV_UPSIDE_202401,3210,74552250.0,59251768.18,1872494.02,199154.38,FROZEN,true,2024-02-01,true,ASSUMPTION,-6
2023-12-01,2024-01-01,SKU008,CH03,DOWNSIDE,FV_DOWNSIDE_202401,2880,66888000.0,63318065.99,1909943.9,219476.25,FROZEN,true,2024-02-01,true,ASSUMPTION,14
2023-12-01,2024-01-01,SKU009,CH03,BASE,FV_BASE_202401,4120,80377080.0,75470487.47,2097193.31,227605.0,FROZEN,true,2024-02-01,true,ASSUMPTION,0
2023-12-01,2024-01-01,SKU009,CH03,UPSIDE,FV_UPSIDE_202401,4280,83498520.0,74019131.94,2097193.31,223052.9,FROZEN,true,2024-02-01,true,ASSUMPTION,-6
2023-12-01,2024-01-01,SKU009,CH03,DOWNSIDE,FV_DOWNSIDE_202401,3840,74914560.0,79098876.29,2139137.18,245813.4,FROZEN,true,2024-02-01,true,ASSUMPTION,14
2023-12-01,2024-01-01,SKU010,CH03,BASE,FV_BASE_202401,3090,68894640.0,55766370.05,1797594.26,195090.0,FROZEN,true,2024-02-01,true,ASSUMPTION,0
2023-12-01,2024-01-01,SKU010,CH03,UPSIDE,FV_UPSIDE_202401,3210,71570160.0,54693939.85,1797594.26,191188.2,FROZEN,true,2024-02-01,true,ASSUMPTION,-6
2023-12-01,2024-01-01,SKU010,CH03,DOWNSIDE,FV_DOWNSIDE_202401,2880,64212480.0,58447445.53,1833546.15,210697.2,FROZEN,true,2024-02-01,true,ASSUMPTION,14
2023-12-01,2024-01-01,SKU011,CH03,BASE,FV_BASE_202401,2060,66980900.0,32530382.53,1747661.09,189670.83,FROZEN,true,2024-02-01,true,ASSUMPTION,0
2023-12-01,2024-01-01,SKU011,CH03,UPSIDE,FV_UPSIDE_202401,2140,69582100.0,31904798.25,1747661.09,185877.42,FROZEN,true,2024-02-01,true,ASSUMPTION,-6
2023-12-01,2024-01-01,SKU011,CH03,DOWNSIDE,FV_DOWNSIDE_202401,1920,62428800.0,34094343.23,1782614.31,204844.5,FROZEN,true,2024-02-01,true,ASSUMPTION,14
2023-12-01,2024-01-01,SKU012,CH03,BASE,FV_BASE_202401,3090,83247690.0,52559803.76,2172093.07,235733.75,FROZEN,true,2024-02-01,true,ASSUMPTION,0
2023-12-01,2024-01-01,SKU012,CH03,UPSIDE,FV_UPSIDE_202401,3210,86480610.0,51549038.31,2172093.07,231019.08,FROZEN,true,2024-02-01,true,ASSUMPTION,-6
2023-12-01,2024-01-01,SKU012,CH03,DOWNSIDE,FV_DOWNSIDE_202401,2880,77590080.0,55086717.41,2215534.93,254592.45,FROZEN,true,2024-02-01,true,ASSUMPTION,14
2023-12-01,2024-01-01,SKU001,CH04,BASE,FV_BASE_202401,2060,60156120.0,35632836.44,1530820.14,170345.0,FROZEN,true,2024-02-01,true,ASSUMPTION,0
2023-12-01,2024-01-01,SKU001,CH04,UPSIDE,FV_UPSIDE_202401,2140,62492280.0,34947589.58,1530820.14,166938.1,FROZEN,true,2024-02-01,true,ASSUMPTION,-6
2023-12-01,2024-01-01,SKU001,CH04,DOWNSIDE,FV_DOWNSIDE_202401,1920,56067840.0,37345953.58,1561436.54,183972.6,FROZEN,true,2024-02-01,true,ASSUMPTION,14
2023-12-01,2024-01-01,SKU002,CH04,BASE,FV_BASE_202401,2060,69858720.0,37242061.31,1777726.62,197820.0,FROZEN,true,2024-02-01,true,ASSUMPTION,0
2023-12-01,2024-01-01,SKU002,CH04,UPSIDE,FV_UPSIDE_202401,2140,72571680.0,36525867.83,1777726.62,193863.6,FROZEN,true,2024-02-01,true,ASSUMPTION,-6
2023-12-01,2024-01-01,SKU002,CH04,DOWNSIDE,FV_DOWNSIDE_202401,1920,65111040.0,39032545.03,1813281.15,213645.6,FROZEN,true,2024-02-01,true,ASSUMPTION,14
2023-12-01,2024-01-01,SKU003,CH04,BASE,FV_BASE_202401,1030,31048320.0,17471584.32,790100.72,87920.0,FROZEN,true,2024-02-01,true,ASSUMPTION,0
2023-12-01,2024-01-01,SKU003,CH04,UPSIDE,FV_UPSIDE_202401,1070,32254080.0,17135592.32,790100.72,86161.6,FROZEN,true,2024-02-01,true,ASSUMPTION,-6
2023-12-01,2024-01-01,SKU003,CH04,DOWNSIDE,FV_DOWNSIDE_202401,960,28938240.0,18311564.34,805902.73,94953.6,FROZEN,true,2024-02-01,true,ASSUMPTION,14
2023-12-01,2024-01-01,SKU004,CH04,BASE,FV_BASE_202401,2060,54334560.0,35402947.17,1382676.26,153860.0,FROZEN,true,2024-02-01,true,ASSUMPTION,0
2023-12-01,2024-01-01,SKU004,CH04,UPSIDE,FV_UPSIDE_202401,2140,56444640.0,34722121.27,1382676.26,150782.8,FROZEN,true,2024-02-01,true,ASSUMPTION,-6
2023-12-01,2024-01-01,SKU004,CH04,DOWNSIDE,FV_DOWNSIDE_202401,1920,50641920.0,37105011.94,1410329.79,166168.8,FROZEN,true,2024-02-01,true,ASSUMPTION,14
2023-12-01,2024-01-01,SKU005,CH04,BASE,FV_BASE_202401,2060,52394040.0,35690308.76,1333294.96,148365.0,FROZEN,true,2024-02-01,true,ASSUMPTION,0
2023-12-01,2024-01-01,SKU005,CH04,UPSIDE,FV_UPSIDE_202401,2140,54428760.0,35003956.67,1333294.96,145397.7,FROZEN,true,2024-02-01,true,ASSUMPTION,-6
2023-12-01,2024-01-01,SKU005,CH04,DOWNSIDE,FV_DOWNSIDE_202401,1920,48833280.0,37406188.99,1359960.86,160234.2,FROZEN,true,2024-02-01,true,ASSUMPTION,14
2023-12-01,2024-01-01,SKU006,CH04,BASE,FV_BASE_202401,1030,29107800.0,18103779.8,740719.42,82425.0,FROZEN,true,2024-02-01,true,ASSUMPTION,0
2023-12-01,2024-01-01,SKU006,CH04,UPSIDE,FV_UPSIDE_202401,1070,30238200.0,17755630.19,740719.42,80776.5,FROZEN,true,2024-02-01,true,ASSUMPTION,-6
2023-12-01,2024-01-01,SKU006,CH04,DOWNSIDE,FV_DOWNSIDE_202401,960,27129600.0,18974153.83,755533.81,89019.0,FROZEN,true,2024-02-01,true,ASSUMPTION,14
2023-12-01,2024-01-01,SKU007,CH04,BASE,FV_BASE_202401,2060,44631960.0,36351240.4,1135769.78,126385.0,FROZEN,true,2024-02-01,true,ASSUMPTION,0
2023-12-01,2024-01-01,SKU007,CH04,UPSIDE,FV_UPSIDE_202401,2140,46365240.0,35652178.09,1135769.78,123857.3,FROZEN,true,2024-02-01,true,ASSUMPTION,-6
2023-12-01,2024-01-01,SKU007,CH04,DOWNSIDE,FV_DOWNSIDE_202401,1920,41598720.0,38098896.19,1158485.18,136495.8,FROZEN,true,2024-02-01,true,ASSUMPTION,14
2023-12-01,2024-01-01,SKU008,CH04,BASE,FV_BASE_202401,2060,48513000.0,37357005.95,1234532.37,137375.0,FROZEN,true,2024-02-01,true,ASSUMPTION,0
2023-12-01,2024-01-01,SKU008,CH04,UPSIDE,FV_UPSIDE_202401,2140,50397000.0,36638601.99,1234532.37,134627.5,FROZEN,true,2024-02-01,true,ASSUMPTION,-6
2023-12-01,2024-01-01,SKU008,CH04,DOWNSIDE,FV_DOWNSIDE_202401,1920,45216000.0,39153015.85,1259223.02,148365.0,FROZEN,true,2024-02-01,true,ASSUMPTION,14
2023-12-01,2024-01-01,SKU009,CH04,BASE,FV_BASE_202401,2060,40750920.0,35000640.96,1037007.19,115395.0,FROZEN,true,2024-02-01,true,ASSUMPTION,0
2023-12-01,2024-01-01,SKU009,CH04,UPSIDE,FV_UPSIDE_202401,2140,42333480.0,34327551.71,1037007.19,113087.1,FROZEN,true,2024-02-01,true,ASSUMPTION,-6
2023-12-01,2024-01-01,SKU009,CH04,DOWNSIDE,FV_DOWNSIDE_202401,1920,37981440.0,36683364.08,1057747.33,124626.6,FROZEN,true,2024-02-01,true,ASSUMPTION,14
2023-12-01,2024-01-01,SKU010,CH04,BASE,FV_BASE_202401,2060,46572480.0,34483390.1,1185151.08,131880.0,FROZEN,true,2024-02-01,true,ASSUMPTION,0
2023-12-01,2024-01-01,SKU010,CH04,UPSIDE,FV_UPSIDE_202401,2140,48381120.0,33820247.99,1185151.08,129242.4,FROZEN,true,2024-02-01,true,ASSUMPTION,-6
2023-12-01,2024-01-01,SKU010,CH04,DOWNSIDE,FV_DOWNSIDE_202401,1920,43407360.0,36141245.4,1208854.1,142430.4,FROZEN,true,2024-02-01,true,ASSUMPTION,14
2023-12-01,2024-01-01,SKU011,CH04,BASE,FV_BASE_202401,1030,33959100.0,15086483.17,864172.66,96162.5,FROZEN,true,2024-02-01,true,ASSUMPTION,0
2023-12-01,2024-01-01,SKU011,CH04,UPSIDE,FV_UPSIDE_202401,1070,35277900.0,14796358.5,864172.66,94239.25,FROZEN,true,2024-02-01,true,ASSUMPTION,-6
2023-12-01,2024-01-01,SKU011,CH04,DOWNSIDE,FV_DOWNSIDE_202401,960,31651200.0,15811794.86,881456.11,103855.5,FROZEN,true,2024-02-01,true,ASSUMPTION,14
2023-12-01,2024-01-01,SKU012,CH04,BASE,FV_BASE_202401,1030,28137540.0,16250297.6,716028.78,79677.5,FROZEN,true,2024-02-01,true,ASSUMPTION,0
2023-12-01,2024-01-01,SKU012,CH04,UPSIDE,FV_UPSIDE_202401,1070,29230260.0,15937791.87,716028.78,78083.95,FROZEN,true,2024-02-01,true,ASSUMPTION,-6
2023-12-01,2024-01-01,SKU012,CH04,DOWNSIDE,FV_DOWNSIDE_202401,960,26225280.0,17031561.9,730349.36,86051.7,FROZEN,true,2024-02-01,true,ASSUMPTION,14
2023-12-01,2024-01-01,SKU001,CH05,BASE,FV_BASE_202401,3090,91383660.0,49434835.0,2121945.71,258772.5,FROZEN,true,2024-02-01,true,ASSUMPTION,0
2023-12-01,2024-01-01,SKU001,CH05,UPSIDE,FV_UPSIDE_202401,3210,94932540.0,48484165.09,2121945.71,253597.05,FROZEN,true,2024-02-01,true,ASSUMPTION,-6
2023-12-01,2024-01-01,SKU001,CH05,DOWNSIDE,FV_DOWNSIDE_202401,2880,85173120.0,51811509.76,2164384.62,279474.3,FROZEN,true,2024-02-01,true,ASSUMPTION,14
2023-12-01,2024-01-01,SKU002,CH05,BASE,FV_BASE_202401,2060,70748640.0,34444917.29,1642796.68,200340.0,FROZEN,true,2024-02-01,true,ASSUMPTION,0
2023-12-01,2024-01-01,SKU002,CH05,UPSIDE,FV_UPSIDE_202401,2140,73496160.0,33782515.04,1642796.68,196333.2,FROZEN,true,2024-02-01,true,ASSUMPTION,-6
2023-12-01,2024-01-01,SKU002,CH05,DOWNSIDE,FV_DOWNSIDE_202401,1920,65940480.0,36100922.93,1675652.61,216367.2,FROZEN,true,2024-02-01,true,ASSUMPTION,14
2023-12-01,2024-01-01,SKU003,CH05,BASE,FV_BASE_202401,2060,62887680.0,32318687.82,1460263.71,178080.0,FROZEN,true,2024-02-01,true,ASSUMPTION,0
2023-12-01,2024-01-01,SKU003,CH05,UPSIDE,FV_UPSIDE_202401,2140,65329920.0,31697174.6,1460263.71,174518.4,FROZEN,true,2024-02-01,true,ASSUMPTION,-6
2023-12-01,2024-01-01,SKU003,CH05,DOWNSIDE,FV_DOWNSIDE_202401,1920,58613760.0,33872470.89,1489468.98,192326.4,FROZEN,true,2024-02-01,true,ASSUMPTION,14
2023-12-01,2024-01-01,SKU004,CH05,BASE,FV_BASE_202401,2060,55026720.0,32743933.72,1277730.75,155820.0,FROZEN,true,2024-02-01,true,ASSUMPTION,0
2023-12-01,2024-01-01,SKU004,CH05,UPSIDE,FV_UPSIDE_202401,2140,57163680.0,32114242.68,1277730.75,152703.6,FROZEN,true,2024-02-01,true,ASSUMPTION,-6
2023-12-01,2024-01-01,SKU004,CH05,DOWNSIDE,FV_DOWNSIDE_202401,1920,51287040.0,34318161.3,1303285.37,168285.6,FROZEN,true,2024-02-01,true,ASSUMPTION,14
2023-12-01,2024-01-01,SKU005,CH05,BASE,FV_BASE_202401,2060,53061480.0,33009712.4,1232097.51,150255.0,FROZEN,true,2024-02-01,true,ASSUMPTION,0
2023-12-01,2024-01-01,SKU005,CH05,UPSIDE,FV_UPSIDE_202401,2140,55122120.0,32374910.24,1232097.51,147249.9,FROZEN,true,2024-02-01,true,ASSUMPTION,-6
2023-12-01,2024-01-01,SKU005,CH05,DOWNSIDE,FV_DOWNSIDE_202401,1920,49455360.0,34596717.81,1256739.46,162275.4,FROZEN,true,2024-02-01,true,ASSUMPTION,14
2023-12-01,2024-01-01,SKU006,CH05,BASE,FV_BASE_202401,2060,58957200.0,33488114.03,1368997.23,166950.0,FROZEN,true,2024-02-01,true,ASSUMPTION,0
2023-12-01,2024-01-01,SKU006,CH05,UPSIDE,FV_UPSIDE_202401,2140,61246800.0,32844111.83,1368997.23,163611.0,FROZEN,true,2024-02-01,true,ASSUMPTION,-6
2023-12-01,2024-01-01,SKU006,CH05,DOWNSIDE,FV_DOWNSIDE_202401,1920,54950400.0,35098119.51,1396377.17,180306.0,FROZEN,true,2024-02-01,true,ASSUMPTION,14
2023-12-01,2024-01-01,SKU007,CH05,BASE,FV_BASE_202401,3090,67800780.0,50431505.05,1574346.81,191992.5,FROZEN,true,2024-02-01,true,ASSUMPTION,0
2023-12-01,2024-01-01,SKU007,CH05,UPSIDE,FV_UPSIDE_202401,3210,70433820.0,49461668.42,1574346.81,188152.65,FROZEN,true,2024-02-01,true,ASSUMPTION,-6
2023-12-01,2024-01-01,SKU007,CH05,DOWNSIDE,FV_DOWNSIDE_202401,2880,63192960.0,52856096.64,1605833.75,207351.9,FROZEN,true,2024-02-01,true,ASSUMPTION,14
2023-12-01,2024-01-01,SKU008,CH05,BASE,FV_BASE_202401,2060,49131000.0,34551228.76,1140831.02,139125.0,FROZEN,true,2024-02-01,true,ASSUMPTION,0
2023-12-01,2024-01-01,SKU008,CH05,UPSIDE,FV_UPSIDE_202401,2140,51039000.0,33886782.06,1140831.02,136342.5,FROZEN,true,2024-02-01,true,ASSUMPTION,-6
2023-12-01,2024-01-01,SKU008,CH05,DOWNSIDE,FV_DOWNSIDE_202401,1920,45792000.0,36212345.53,1163647.64,150255.0,FROZEN,true,2024-02-01,true,ASSUMPTION,14
2023-12-01,2024-01-01,SKU009,CH05,BASE,FV_BASE_202401,3090,61905060.0,48557765.34,1437447.09,175297.5,FROZEN,true,2024-02-01,true,ASSUMPTION,0
2023-12-01,2024-01-01,SKU009,CH05,UPSIDE,FV_UPSIDE_202401,3210,64309140.0,47623962.16,1437447.09,171791.55,FROZEN,true,2024-02-01,true,ASSUMPTION,-6
2023-12-01,2024-01-01,SKU009,CH05,DOWNSIDE,FV_DOWNSIDE_202401,2880,57697920.0,50892273.29,1466196.03,189321.3,FROZEN,true,2024-02-01,true,ASSUMPTION,14
2023-12-01,2024-01-01,SKU010,CH05,BASE,FV_BASE_202401,2060,47165760.0,31893441.93,1095197.78,133560.0,FROZEN,true,2024-02-01,true,ASSUMPTION,0
2023-12-01,2024-01-01,SKU010,CH05,UPSIDE,FV_UPSIDE_202401,2140,48997440.0,31280106.51,1095197.78,130888.8,FROZEN,true,2024-02-01,true,ASSUMPTION,-6
2023-12-01,2024-01-01,SKU010,CH05,DOWNSIDE,FV_DOWNSIDE_202401,1920,43960320.0,33426780.49,1117101.74,144244.8,FROZEN,true,2024-02-01,true,ASSUMPTION,14
2023-12-01,2024-01-01,SKU011,CH05,BASE,FV_BASE_202401,1030,34391700.0,13953380.84,798581.72,97387.5,FROZEN,true,2024-02-01,true,ASSUMPTION,0
2023-12-01,2024-01-01,SKU011,CH05,UPSIDE,FV_UPSIDE_202401,1070,35727300.0,13685046.6,798581.72,95439.75,FROZEN,true,2024-02-01,true,ASSUMPTION,-6
2023-12-01,2024-01-01,SKU011,CH05,DOWNSIDE,FV_DOWNSIDE_202401,960,32054400.0,14624216.46,814553.35,105178.5,FROZEN,true,2024-02-01,true,ASSUMPTION,14
2023-12-01,2024-01-01,SKU012,CH05,BASE,FV_BASE_202401,2060,56991960.0,30059569.01,1323363.99,161385.0,FROZEN,true,2024-02-01,true,ASSUMPTION,0
2023-12-01,2024-01-01,SKU012,CH05,UPSIDE,FV_UPSIDE_202401,2140,59205240.0,29481500.37,1323363.99,158157.3,FROZEN,true,2024-02-01,true,ASSUMPTION,-6
2023-12-01,2024-01-01,SKU012,CH05,DOWNSIDE,FV_DOWNSIDE_202401,1920,53118720.0,31504740.6,1349831.27,174295.8,FROZEN,true,2024-02-01,true,ASSUMPTION,14
2024-01-01,2024-02-01,SKU001,CH01,BASE,FV_BASE_202402,7210,213228540.0,129397877.55,5550673.14,603802.5,FROZEN,true,2024-03-01,true,ASSUMPTION,0
2024-01-01,2024-02-01,SKU001,CH01,UPSIDE,FV_UPSIDE_202402,7490,221509260.0,126909456.83,5550673.14,591726.45,FROZEN,true,2024-03-01,true,ASSUMPTION,-6
2024-01-01,2024-02-01,SKU001,CH01,DOWNSIDE,FV_DOWNSIDE_202402,6720,198737280.0,135618929.36,5661686.6,652106.7,FROZEN,true,2024-03-01,true,ASSUMPTION,14
2024-01-01,2024-02-01,SKU002,CH01,BASE,FV_BASE_202402,5150,176871600.0,96601180.48,4604245.0,500850.0,FROZEN,true,2024-03-01,true,ASSUMPTION,0
2024-01-01,2024-02-01,SKU002,CH01,UPSIDE,FV_UPSIDE_202402,5350,183740400.0,94743465.47,4604245.0,490833.0,FROZEN,true,2024-03-01,true,ASSUMPTION,-6
2024-01-01,2024-02-01,SKU002,CH01,DOWNSIDE,FV_DOWNSIDE_202402,4800,164851200.0,101245468.0,4696329.9,540918.0,FROZEN,true,2024-03-01,true,ASSUMPTION,14
2024-01-01,2024-02-01,SKU003,CH01,BASE,FV_BASE_202402,5150,157219200.0,90638144.65,4092662.22,445200.0,FROZEN,true,2024-03-01,true,ASSUMPTION,0
2024-01-01,2024-02-01,SKU003,CH01,UPSIDE,FV_UPSIDE_202402,5350,163324800.0,88895103.4,4092662.22,436296.0,FROZEN,true,2024-03-01,true,ASSUMPTION,-6
2024-01-01,2024-02-01,SKU003,CH01,DOWNSIDE,FV_DOWNSIDE_202402,4800,146534400.0,94995747.75,4174515.46,480816.0,FROZEN,true,2024-03-01,true,ASSUMPTION,14
2024-01-01,2024-02-01,SKU004,CH01,BASE,FV_BASE_202402,7210,192593520.0,128563052.54,5013511.23,545370.0,FROZEN,true,2024-03-01,true,ASSUMPTION,0
2024-01-01,2024-02-01,SKU004,CH01,UPSIDE,FV_UPSIDE_202402,7490,200072880.0,126090686.14,5013511.23,534462.6,FROZEN,true,2024-03-01,true,ASSUMPTION,-6
2024-01-01,2024-02-01,SKU004,CH01,DOWNSIDE,FV_DOWNSIDE_202402,6720,179504640.0,134743968.53,5113781.45,588999.6,FROZEN,true,2024-03-01,true,ASSUMPTION,14
2024-01-01,2024-02-01,SKU005,CH01,BASE,FV_BASE_202402,5150,132653700.0,92576131.29,3453183.75,375637.5,FROZEN,true,2024-03-01,true,ASSUMPTION,0
2024-01-01,2024-02-01,SKU005,CH01,UPSIDE,FV_UPSIDE_202402,5350,137805300.0,90795821.08,3453183.75,368124.75,FROZEN,true,2024-03-01,true,ASSUMPTION,-6
2024-01-01,2024-02-01,SKU005,CH01,DOWNSIDE,FV_DOWNSIDE_202402,4800,123638400.0,97026906.84,3522247.43,405688.5,FROZEN,true,2024-03-01,true,ASSUMPTION,14
2024-01-01,2024-02-01,SKU006,CH01,BASE,FV_BASE_202402,4120,117914400.0,75134251.48,3069496.67,333900.0,FROZEN,true,2024-03-01,true,ASSUMPTION,0
2024-01-01,2024-02-01,SKU006,CH01,UPSIDE,FV_UPSIDE_202402,4280,122493600.0,73689362.03,3069496.67,327222.0,FROZEN,true,2024-03-01,true,ASSUMPTION,-6
2024-01-01,2024-02-01,SKU006,CH01,DOWNSIDE,FV_DOWNSIDE_202402,3840,109900800.0,78746475.11,3130886.6,360612.0,FROZEN,true,2024-03-01,true,ASSUMPTION,14
2024-01-01,2024-02-01,SKU007,CH01,BASE,FV_BASE_202402,7210,158201820.0,132006705.74,4118241.36,447982.5,FROZEN,true,2024-03-01,true,ASSUMPTION,0
2024-01-01,2024-02-01,SKU007,CH01,UPSIDE,FV_UPSIDE_202402,7490,164345580.0,129468115.25,4118241.36,439022.85,FROZEN,true,2024-03-01,true,ASSUMPTION,-6
2024-01-01,2024-02-01,SKU007,CH01,DOWNSIDE,FV_DOWNSIDE_202402,6720,147450240.0,138353181.98,4200606.19,483821.1,FROZEN,true,2024-03-01,true,ASSUMPTION,14
2024-01-01,2024-02-01,SKU008,CH01,BASE,FV_BASE_202402,6180,147393000.0,116279198.72,3836870.84,417375.0,FROZEN,true,2024-03-01,true,ASSUMPTION,0
2024-01-01,2024-02-01,SKU008,CH01,UPSIDE,FV_UPSIDE_202402,6420,153117000.0,114043060.29,3836870.84,409027.5,FROZEN,true,2024-03-01,true,ASSUMPTION,-6
2024-01-01,2024-02-01,SKU008,CH01,DOWNSIDE,FV_DOWNSIDE_202402,5760,137376000.0,121869544.82,3913608.26,450765.0,FROZEN,true,2024-03-01,true,ASSUMPTION,14
2024-01-01,2024-02-01,SKU009,CH01,BASE,FV_BASE_202402,7210,144445140.0,127102108.76,3760133.42,409027.5,FROZEN,true,2024-03-01,true,ASSUMPTION,0
2024-01-01,2024-02-01,SKU009,CH01,UPSIDE,FV_UPSIDE_202402,7490,150054660.0,124657837.44,3760133.42,400846.95,FROZEN,true,2024-03-01,true,ASSUMPTION,-6
2024-01-01,2024-02-01,SKU009,CH01,DOWNSIDE,FV_DOWNSIDE_202402,6720,134628480.0,133212787.07,3835336.09,441749.7,FROZEN,true,2024-03-01,true,ASSUMPTION,14
2024-01-01,2024-02-01,SKU010,CH01,BASE,FV_BASE_202402,5150,117914400.0,89445537.48,3069496.67,333900.0,FROZEN,true,2024-03-01,true,ASSUMPTION,0
2024-01-01,2024-02-01,SKU010,CH01,UPSIDE,FV_UPSIDE_202402,5350,122493600.0,87725430.99,3069496.67,327222.0,FROZEN,true,2024-03-01,true,ASSUMPTION,-6
2024-01-01,2024-02-01,SKU010,CH01,DOWNSIDE,FV_DOWNSIDE_202402,4800,109900800.0,93745803.71,3130886.6,360612.0,FROZEN,true,2024-03-01,true,ASSUMPTION,14
2024-01-01,2024-02-01,SKU011,CH01,BASE,FV_BASE_202402,3090,103175100.0,46958907.17,2685809.58,292162.5,FROZEN,true,2024-03-01,true,ASSUMPTION,0
2024-01-01,2024-02-01,SKU011,CH01,UPSIDE,FV_UPSIDE_202402,3210,107181900.0,46055851.27,2685809.58,286319.25,FROZEN,true,2024-03-01,true,ASSUMPTION,-6
2024-01-01,2024-02-01,SKU011,CH01,DOWNSIDE,FV_DOWNSIDE_202402,2880,96163200.0,49216546.94,2739525.77,315535.5,FROZEN,true,2024-03-01,true,ASSUMPTION,14
2024-01-01,2024-02-01,SKU012,CH01,BASE,FV_BASE_202402,4120,113983920.0,67441935.29,2967180.11,322770.0,FROZEN,true,2024-03-01,true,ASSUMPTION,0
2024-01-01,2024-02-01,SKU012,CH01,UPSIDE,FV_UPSIDE_202402,4280,118410480.0,66144974.99,2967180.11,316314.6,FROZEN,true,2024-03-01,true,ASSUMPTION,-6
2024-01-01,2024-02-01,SKU012,CH01,DOWNSIDE,FV_DOWNSIDE_202402,3840,106237440.0,70684336.02,3026523.71,348591.6,FROZEN,true,2024-03-01,true,ASSUMPTION,14
2024-01-01,2024-02-01,SKU001,CH02,BASE,FV_BASE_202402,5150,152306100.0,91712829.53,5850172.7,431287.5,FROZEN,true,2024-03-01,true,ASSUMPTION,0
2024-01-01,2024-02-01,SKU001,CH02,UPSIDE,FV_UPSIDE_202402,5350,158220900.0,89949121.27,5850172.7,422661.75,FROZEN,true,2024-03-01,true,ASSUMPTION,-6
2024-01-01,2024-02-01,SKU001,CH02,DOWNSIDE,FV_DOWNSIDE_202402,4800,141955200.0,96122100.18,5967176.15,465790.5,FROZEN,true,2024-03-01,true,ASSUMPTION,14
2024-01-01,2024-02-01,SKU002,CH02,BASE,FV_BASE_202402,4120,141497280.0,76683759.4,5434999.16,400680.0,FROZEN,true,2024-03-01,true,ASSUMPTION,0
2024-01-01,2024-02-01,SKU002,CH02,UPSIDE,FV_UPSIDE_202402,4280,146992320.0,75209071.72,5434999.16,392666.4,FROZEN,true,2024-03-01,true,ASSUMPTION,-6
2024-01-01,2024-02-01,SKU002,CH02,DOWNSIDE,FV_DOWNSIDE_202402,3840,131880960.0,80370478.6,5543699.14,432734.4,FROZEN,true,2024-03-01,true,ASSUMPTION,14
2024-01-01,2024-02-01,SKU003,CH02,BASE,FV_BASE_202402,4120,125775360.0,71950194.0,4831110.36,356160.0,FROZEN,true,2024-03-01,true,ASSUMPTION,0
2024-01-01,2024-02-01,SKU003,CH02,UPSIDE,FV_UPSIDE_202402,4280,130659840.0,70566536.43,4831110.36,349036.8,FROZEN,true,2024-03-01,true,ASSUMPTION,-6
2024-01-01,2024-02-01,SKU003,CH02,DOWNSIDE,FV_DOWNSIDE_202402,3840,117227520.0,75409337.95,4927732.57,384652.8,FROZEN,true,2024-03-01,true,ASSUMPTION,14
2024-01-01,2024-02-01,SKU004,CH02,BASE,FV_BASE_202402,5150,137566800.0,91121133.85,5284026.96,389550.0,FROZEN,true,2024-03-01,true,ASSUMPTION,0
2024-01-01,2024-02-01,SKU004,CH02,UPSIDE,FV_UPSIDE_202402,5350,142909200.0,89368804.36,5284026.96,381759.0,FROZEN,true,2024-03-01,true,ASSUMPTION,-6
2024-01-01,2024-02-01,SKU004,CH02,DOWNSIDE,FV_DOWNSIDE_202402,4800,128217600.0,95501957.6,5389707.5,420714.0,FROZEN,true,2024-03-01,true,ASSUMPTION,14
2024-01-01,2024-02-01,SKU005,CH02,BASE,FV_BASE_202402,4120,106122960.0,73488602.76,4076249.37,300510.0,FROZEN,true,2024-03-01,true,ASSUMPTION,0
2024-01-01,2024-02-01,SKU005,CH02,UPSIDE,FV_UPSIDE_202402,4280,110244240.0,72075360.4,4076249.37,294499.8,FROZEN,true,2024-03-01,true,ASSUMPTION,-6
2024-01-01,2024-02-01,SKU005,CH02,DOWNSIDE,FV_DOWNSIDE_202402,3840,98910720.0,77021708.66,4157774.36,324550.8,FROZEN,true,2024-03-01,true,ASSUMPTION,14
2024-01-01,2024-02-01,SKU006,CH02,BASE,FV_BASE_202402,3090,88435800.0,55915241.23,3396874.47,250425.0,FROZEN,true,2024-03-01,true,ASSUMPTION,0
2024-01-01,2024-02-01,SKU006,CH02,UPSIDE,FV_UPSIDE_202402,3210,91870200.0,54839948.13,3396874.47,245416.5,FROZEN,true,2024-03-01,true,ASSUMPTION,-6
2024-01-01,2024-02-01,SKU006,CH02,DOWNSIDE,FV_DOWNSIDE_202402,2880,82425600.0,58603473.98,3464811.96,270459.0,FROZEN,true,2024-03-01,true,ASSUMPTION,14
2024-01-01,2024-02-01,SKU007,CH02,BASE,FV_BASE_202402,6180,135601560.0,112274254.22,5208540.86,383985.0,FROZEN,true,2024-03-01,true,ASSUMPTION,0
2024-01-01,2024-02-01,SKU007,CH02,UPSIDE,FV_UPSIDE_202402,6420,140867640.0,110115133.94,5208540.86,376305.3,FROZEN,true,2024-03-01,true,ASSUMPTION,-6
2024-01-01,2024-02-01,SKU007,CH02,DOWNSIDE,FV_DOWNSIDE_202402,5760,126385920.0,117672054.9,5312711.68,414703.8,FROZEN,true,2024-03-01,true,ASSUMPTION,14
2024-01-01,2024-02-01,SKU008,CH02,BASE,FV_BASE_202402,5150,122827500.0,96150547.1,4717881.21,347812.5,FROZEN,true,2024-03-01,true,ASSUMPTION,0
2024-01-01,2024-02-01,SKU008,CH02,UPSIDE,FV_UPSIDE_202402,5350,127597500.0,94301498.11,4717881.21,340856.25,FROZEN,true,2024-03-01,true,ASSUMPTION,-6
2024-01-01,2024-02-01,SKU008,CH02,DOWNSIDE,FV_DOWNSIDE_202402,4800,114480000.0,100773169.55,4812238.83,375637.5,FROZEN,true,2024-03-01,true,ASSUMPTION,14
2024-01-01,2024-02-01,SKU009,CH02,BASE,FV_BASE_202402,5150,103175100.0,90085666.42,3963020.22,292162.5,FROZEN,true,2024-03-01,true,ASSUMPTION,0
2024-01-01,2024-02-01,SKU009,CH02,UPSIDE,FV_UPSIDE_202402,5350,107181900.0,88353249.76,3963020.22,286319.25,FROZEN,true,2024-03-01,true,ASSUMPTION,-6
2024-01-01,2024-02-01,SKU009,CH02,DOWNSIDE,FV_DOWNSIDE_202402,4800,96163200.0,94416708.08,4042280.62,315535.5,FROZEN,true,2024-03-01,true,ASSUMPTION,14
2024-01-01,2024-02-01,SKU010,CH02,BASE,FV_BASE_202402,4120,94331520.0,71003480.93,3623332.77,267120.0,FROZEN,true,2024-03-01,true,ASSUMPTION,0
2024-01-01,2024-02-01,SKU010,CH02,UPSIDE,FV_UPSIDE_202402,4280,97994880.0,69638029.38,3623332.77,261777.6,FROZEN,true,2024-03-01,true,ASSUMPTION,-6
2024-01-01,2024-02-01,SKU010,CH02,DOWNSIDE,FV_DOWNSIDE_202402,3840,87920640.0,74417109.82,3695799.43,288489.6,FROZEN,true,2024-03-01,true,ASSUMPTION,14
2024-01-01,2024-02-01,SKU011,CH02,BASE,FV_BASE_202402,2060,68783400.0,31064022.9,2642013.48,194775.0,FROZEN,true,2024-03-01,true,ASSUMPTION,0
2024-01-01,2024-02-01,SKU011,CH02,UPSIDE,FV_UPSIDE_202402,2140,71454600.0,30466637.85,2642013.48,190879.5,FROZEN,true,2024-03-01,true,ASSUMPTION,-6
2024-01-01,2024-02-01,SKU011,CH02,DOWNSIDE,FV_DOWNSIDE_202402,1920,64108800.0,32557485.54,2694853.75,210357.0,FROZEN,true,2024-03-01,true,ASSUMPTION,14
2024-01-01,2024-02-01,SKU012,CH02,BASE,FV_BASE_202402,3090,85487940.0,50190585.6,3283645.32,242077.5,FROZEN,true,2024-03-01,true,ASSUMPTION,0
2024-01-01,2024-02-01,SKU012,CH02,UPSIDE,FV_UPSIDE_202402,3210,88807860.0,49225382.03,3283645.32,237235.95,FROZEN,true,2024-03-01,true,ASSUMPTION,-6
2024-01-01,2024-02-01,SKU012,CH02,DOWNSIDE,FV_DOWNSIDE_202402,2880,79678080.0,52603594.52,3349318.23,261443.7,FROZEN,true,2024-03-01,true,ASSUMPTION,14
2024-01-01,2024-02-01,SKU001,CH03,BASE,FV_BASE_202402,4120,118651880.0,76512679.76,3082923.32,335988.33,FROZEN,true,2024-03-01,true,ASSUMPTION,0
2024-01-01,2024-02-01,SKU001,CH03,UPSIDE,FV_UPSIDE_202402,4280,123259720.0,75041282.07,3082923.32,329268.57,FROZEN,true,2024-03-01,true,ASSUMPTION,-6
2024-01-01,2024-02-01,SKU001,CH03,DOWNSIDE,FV_DOWNSIDE_202402,3840,110588160.0,80191173.97,3144581.79,362867.4,FROZEN,true,2024-03-01,true,ASSUMPTION,14
2024-01-01,2024-02-01,SKU002,CH03,BASE,FV_BASE_202402,3090,103341960.0,59976068.33,2685126.76,292635.0,FROZEN,true,2024-03-01,true,ASSUMPTION,0
2024-01-01,2024-02-01,SKU002,CH03,UPSIDE,FV_UPSIDE_202402,3210,107355240.0,58822682.4,2685126.76,286782.3,FROZEN,true,2024-03-01,true,ASSUMPTION,-6
2024-01-01,2024-02-01,SKU002,CH03,DOWNSIDE,FV_DOWNSIDE_202402,2880,96318720.0,62859533.15,2738829.3,316045.8,FROZEN,true,2024-03-01,true,ASSUMPTION,14
2024-01-01,2024-02-01,SKU003,CH03,BASE,FV_BASE_202402,3090,91859520.0,56273841.88,2386779.35,260120.0,FROZEN,true,2024-03-01,true,ASSUMPTION,0
2024-01-01,2024-02-01,SKU003,CH03,UPSIDE,FV_UPSIDE_202402,3210,95426880.0,55191652.62,2386779.35,254917.6,FROZEN,true,2024-03-01,true,ASSUMPTION,-6
2024-01-01,2024-02-01,SKU003,CH03,DOWNSIDE,FV_DOWNSIDE_202402,2880,85616640.0,58979315.05,2434514.94,280929.6,FROZEN,true,2024-03-01,true,ASSUMPTION,14
2024-01-01,2024-02-01,SKU004,CH03,BASE,FV_BASE_202402,4120,107169440.0,76019049.56,2784575.9,303473.33,FROZEN,true,2024-03-01,true,ASSUMPTION,0
2024-01-01,2024-02-01,SKU004,CH03,UPSIDE,FV_UPSIDE_202402,4280,111331360.0,74557144.76,2784575.9,297403.87,FROZEN,true,2024-03-01,true,ASSUMPTION,-6
2024-01-01,2024-02-01,SKU004,CH03,DOWNSIDE,FV_DOWNSIDE_202402,3840,99886080.0,79673811.56,2840267.42,327751.2,FROZEN,true,2024-03-01,true,ASSUMPTION,14
2024-01-01,2024-02-01,SKU005,CH03,BASE,FV_BASE_202402,3090,77506470.0,57477065.47,2013845.07,219476.25,FROZEN,true,2024-03-01,true,ASSUMPTION,0
2024-01-01,2024-02-01,SKU005,CH03,UPSIDE,FV_UPSIDE_202402,3210,80516430.0,56371737.29,2013845.07,215086.73,FROZEN,true,2024-03-01,true,ASSUMPTION,-6
2024-01-01,2024-02-01,SKU005,CH03,DOWNSIDE,FV_DOWNSIDE_202402,2880,72239040.0,60240385.93,2054121.97,237034.35,FROZEN,true,2024-03-01,true,ASSUMPTION,14
2024-01-01,2024-02-01,SKU006,CH03,BASE,FV_BASE_202402,2060,57412200.0,38873377.62,1491737.09,162575.0,FROZEN,true,2024-03-01,true,ASSUMPTION,0
2024-01-01,2024-02-01,SKU006,CH03,UPSIDE,FV_UPSIDE_202402,2140,59641800.0,38125812.66,1491737.09,159323.5,FROZEN,true,2024-03-01,true,ASSUMPTION,-6
2024-01-01,2024-02-01,SKU006,CH03,DOWNSIDE,FV_DOWNSIDE_202402,1920,53510400.0,40742290.0,1521571.83,175581.0,FROZEN,true,2024-03-01,true,ASSUMPTION,14
2024-01-01,2024-02-01,SKU007,CH03,BASE,FV_BASE_202402,4120,88032040.0,78055274.11,2287330.21,249281.67,FROZEN,true,2024-03-01,true,ASSUMPTION,0
2024-01-01,2024-02-01,SKU007,CH03,UPSIDE,FV_UPSIDE_202402,4280,91450760.0,76554211.14,2287330.21,244296.03,FROZEN,true,2024-03-01,true,ASSUMPTION,-6
2024-01-01,2024-02-01,SKU007,CH03,DOWNSIDE,FV_DOWNSIDE_202402,3840,82049280.0,81807931.52,2333076.81,269224.2,FROZEN,true,2024-03-01,true,ASSUMPTION,14
2024-01-01,2024-02-01,SKU008,CH03,BASE,FV_BASE_202402,3090,71765250.0,60161179.64,1864671.36,203218.75,FROZEN,true,2024-03-01,true,ASSUMPTION,0
2024-01-01,2024-02-01,SKU008,CH03,UPSIDE,FV_UPSIDE_202402,3210,74552250.0,59004233.88,1864671.36,199154.38,FROZEN,true,2024-03-01,true,ASSUMPTION,-6
2024-01-01,2024-02-01,SKU008,CH03,DOWNSIDE,FV_DOWNSIDE_202402,2880,66888000.0,63053544.05,1901964.79,219476.25,FROZEN,true,2024-03-01,true,ASSUMPTION,14
2024-01-01,2024-02-01,SKU009,CH03,BASE,FV_BASE_202402,4120,80377080.0,75155196.73,2088431.93,227605.0,FROZEN,true,2024-03-01,true,ASSUMPTION,0
2024-01-01,2024-02-01,SKU009,CH03,UPSIDE,FV_UPSIDE_202402,4280,83498520.0,73709904.48,2088431.93,223052.9,FROZEN,true,2024-03-01,true,ASSUMPTION,-6
2024-01-01,2024-02-01,SKU009,CH03,DOWNSIDE,FV_DOWNSIDE_202402,3840,74914560.0,78768427.34,2130200.57,245813.4,FROZEN,true,2024-03-01,true,ASSUMPTION,14
2024-01-01,2024-02-01,SKU010,CH03,BASE,FV_BASE_202402,3090,68894640.0,55533396.6,1790084.51,195090.0,FROZEN,true,2024-03-01,true,ASSUMPTION,0
2024-01-01,2024-02-01,SKU010,CH03,UPSIDE,FV_UPSIDE_202402,3210,71570160.0,54465446.66,1790084.51,191188.2,FROZEN,true,2024-03-01,true,ASSUMPTION,-6
2024-01-01,2024-02-01,SKU010,CH03,DOWNSIDE,FV_DOWNSIDE_202402,2880,64212480.0,58203271.44,1825886.2,210697.2,FROZEN,true,2024-03-01,true,ASSUMPTION,14
2024-01-01,2024-02-01,SKU011,CH03,BASE,FV_BASE_202402,2060,66980900.0,32394481.35,1740359.94,189670.83,FROZEN,true,2024-03-01,true,ASSUMPTION,0
2024-01-01,2024-02-01,SKU011,CH03,UPSIDE,FV_UPSIDE_202402,2140,69582100.0,31771510.56,1740359.94,185877.42,FROZEN,true,2024-03-01,true,ASSUMPTION,-6
2024-01-01,2024-02-01,SKU011,CH03,DOWNSIDE,FV_DOWNSIDE_202402,1920,62428800.0,33951908.34,1775167.14,204844.5,FROZEN,true,2024-03-01,true,ASSUMPTION,14
2024-01-01,2024-02-01,SKU012,CH03,BASE,FV_BASE_202402,3090,83247690.0,52340226.29,2163018.78,235733.75,FROZEN,true,2024-03-01,true,ASSUMPTION,0
2024-01-01,2024-02-01,SKU012,CH03,UPSIDE,FV_UPSIDE_202402,3210,86480610.0,51333683.47,2163018.78,231019.08,FROZEN,true,2024-03-01,true,ASSUMPTION,-6
2024-01-01,2024-02-01,SKU012,CH03,DOWNSIDE,FV_DOWNSIDE_202402,2880,77590080.0,54856583.32,2206279.16,254592.45,FROZEN,true,2024-03-01,true,ASSUMPTION,14
2024-01-01,2024-02-01,SKU001,CH04,BASE,FV_BASE_202402,2060,60156120.0,35286475.31,1515940.14,170345.0,FROZEN,true,2024-03-01,true,ASSUMPTION,0
2024-01-01,2024-02-01,SKU001,CH04,UPSIDE,FV_UPSIDE_202402,2140,62492280.0,34607889.24,1515940.14,166938.1,FROZEN,true,2024-03-01,true,ASSUMPTION,-6
2024-01-01,2024-02-01,SKU001,CH04,DOWNSIDE,FV_DOWNSIDE_202402,1920,56067840.0,36982940.47,1546258.94,183972.6,FROZEN,true,2024-03-01,true,ASSUMPTION,14
2024-01-01,2024-02-01,SKU002,CH04,BASE,FV_BASE_202402,2060,69858720.0,36880058.06,1760446.62,197820.0,FROZEN,true,2024-03-01,true,ASSUMPTION,0
2024-01-01,2024-02-01,SKU002,CH04,UPSIDE,FV_UPSIDE_202402,2140,72571680.0,36170826.18,1760446.62,193863.6,FROZEN,true,2024-03-01,true,ASSUMPTION,-6
2024-01-01,2024-02-01,SKU002,CH04,DOWNSIDE,FV_DOWNSIDE_202402,1920,65111040.0,38653137.78,1795655.55,213645.6,FROZEN,true,2024-03-01,true,ASSUMPTION,14
2024-01-01,2024-02-01,SKU003,CH04,BASE,FV_BASE_202402,1030,31048320.0,17301755.63,782420.72,87920.0,FROZEN,true,2024-03-01,true,ASSUMPTION,0
2024-01-01,2024-02-01,SKU003,CH04,UPSIDE,FV_UPSIDE_202402,1070,32254080.0,16969029.56,782420.72,86161.6,FROZEN,true,2024-03-01,true,ASSUMPTION,-6
2024-01-01,2024-02-01,SKU003,CH04,DOWNSIDE,FV_DOWNSIDE_202402,960,28938240.0,18133570.8,798069.13,94953.6,FROZEN,true,2024-03-01,true,ASSUMPTION,14
2024-01-01,2024-02-01,SKU004,CH04,BASE,FV_BASE_202402,2060,54334560.0,35058820.63,1369236.26,153860.0,FROZEN,true,2024-03-01,true,ASSUMPTION,0
2024-01-01,2024-02-01,SKU004,CH04,UPSIDE,FV_UPSIDE_202402,2140,56444640.0,34384612.54,1369236.26,150782.8,FROZEN,true,2024-03-01,true,ASSUMPTION,-6
2024-01-01,2024-02-01,SKU004,CH04,DOWNSIDE,FV_DOWNSIDE_202402,1920,50641920.0,36744340.85,1396620.99,166168.8,FROZEN,true,2024-03-01,true,ASSUMPTION,14
2024-01-01,2024-02-01,SKU005,CH04,BASE,FV_BASE_202402,2060,52394040.0,35343388.97,1320334.96,148365.0,FROZEN,true,2024-03-01,true,ASSUMPTION,0
2024-01-01,2024-02-01,SKU005,CH04,UPSIDE,FV_UPSIDE_202402,2140,54428760.0,34663708.42,1320334.96,145397.7,FROZEN,true,2024-03-01,true,ASSUMPTION,-6
2024-01-01,2024-02-01,SKU005,CH04,DOWNSIDE,FV_DOWNSIDE_202402,1920,48833280.0,37042590.37,1346741.66,160234.2,FROZEN,true,2024-03-01,true,ASSUMPTION,14
2024-01-01,2024-02-01,SKU006,CH04,BASE,FV_BASE_202402,1030,29107800.0,17927806.0,733519.42,82425.0,FROZEN,true,2024-03-01,true,ASSUMPTION,0
2024-01-01,2024-02-01,SKU006,CH04,UPSIDE,FV_UPSIDE_202402,1070,30238200.0,17583040.5,733519.42,80776.5,FROZEN,true,2024-03-01,true,ASSUMPTION,-6
2024-01-01,2024-02-01,SKU006,CH04,DOWNSIDE,FV_DOWNSIDE_202402,960,27129600.0,18789719.75,748189.81,89019.0,FROZEN,true,2024-03-01,true,ASSUMPTION,14
2024-01-01,2024-02-01,SKU007,CH04,BASE,FV_BASE_202402,2060,44631960.0,35997896.18,1124729.78,126385.0,FROZEN,true,2024-03-01,true,ASSUMPTION,0
2024-01-01,2024-02-01,SKU007,CH04,UPSIDE,FV_UPSIDE_202402,2140,46365240.0,35305628.94,1124729.78,123857.3,FROZEN,true,2024-03-01,true,ASSUMPTION,-6
2024-01-01,2024-02-01,SKU007,CH04,DOWNSIDE,FV_DOWNSIDE_202402,1920,41598720.0,37728564.26,1147224.38,136495.8,FROZEN,true,2024-03-01,true,ASSUMPTION,14
2024-01-01,2024-02-01,SKU008,CH04,BASE,FV_BASE_202402,2060,48513000.0,36993885.41,1222532.37,137375.0,FROZEN,true,2024-03-01,true,ASSUMPTION,0
2024-01-01,2024-02-01,SKU008,CH04,UPSIDE,FV_UPSIDE_202402,2140,50397000.0,36282464.53,1222532.37,134627.5,FROZEN,true,2024-03-01,true,ASSUMPTION,-6
2024-01-01,2024-02-01,SKU008,CH04,DOWNSIDE,FV_DOWNSIDE_202402,1920,45216000.0,38772437.59,1246983.02,148365.0,FROZEN,true,2024-03-01,true,ASSUMPTION,14
2024-01-01,2024-02-01,SKU009,CH04,BASE,FV_BASE_202402,2060,40750920.0,34660424.94,1026927.19,115395.0,FROZEN,true,2024-03-01,true,ASSUMPTION,0
2024-01-01,2024-02-01,SKU009,CH04,UPSIDE,FV_UPSIDE_202402,2140,42333480.0,33993878.3,1026927.19,113087.1,FROZEN,true,2024-03-01,true,ASSUMPTION,-6
2024-01-01,2024-02-01,SKU009,CH04,DOWNSIDE,FV_DOWNSIDE_202402,1920,37981440.0,36326791.52,1047465.73,124626.6,FROZEN,true,2024-03-01,true,ASSUMPTION,14
2024-01-01,2024-02-01,SKU010,CH04,BASE,FV_BASE_202402,2060,46572480.0,34148201.91,1173631.08,131880.0,FROZEN,true,2024-03-01,true,ASSUMPTION,0
2024-01-01,2024-02-01,SKU010,CH04,UPSIDE,FV_UPSIDE_202402,2140,48381120.0,33491505.72,1173631.08,129242.4,FROZEN,true,2024-03-01,true,ASSUMPTION,-6
2024-01-01,2024-02-01,SKU010,CH04,DOWNSIDE,FV_DOWNSIDE_202402,1920,43407360.0,35789942.39,1197103.7,142430.4,FROZEN,true,2024-03-01,true,ASSUMPTION,14
2024-01-01,2024-02-01,SKU011,CH04,BASE,FV_BASE_202402,1030,33959100.0,14939838.34,855772.66,96162.5,FROZEN,true,2024-03-01,true,ASSUMPTION,0
2024-01-01,2024-02-01,SKU011,CH04,UPSIDE,FV_UPSIDE_202402,1070,35277900.0,14652533.75,855772.66,94239.25,FROZEN,true,2024-03-01,true,ASSUMPTION,-6
2024-01-01,2024-02-01,SKU011,CH04,DOWNSIDE,FV_DOWNSIDE_202402,960,31651200.0,15658099.8,872888.11,103855.5,FROZEN,true,2024-03-01,true,ASSUMPTION,14
2024-01-01,2024-02-01,SKU012,CH04,BASE,FV_BASE_202402,1030,28137540.0,16092340.15,709068.78,79677.5,FROZEN,true,2024-03-01,true,ASSUMPTION,0
2024-01-01,2024-02-01,SKU012,CH04,UPSIDE,FV_UPSIDE_202402,1070,29230260.0,15782872.07,709068.78,78083.95,FROZEN,true,2024-03-01,true,ASSUMPTION,-6
2024-01-01,2024-02-01,SKU012,CH04,DOWNSIDE,FV_DOWNSIDE_202402,960,26225280.0,16866010.35,723250.16,86051.7,FROZEN,true,2024-03-01,true,ASSUMPTION,14
2024-01-01,2024-02-01,SKU001,CH05,BASE,FV_BASE_202402,3090,91383660.0,50893067.78,2164269.47,258772.5,FROZEN,true,2024-03-01,true,ASSUMPTION,0
2024-01-01,2024-02-01,SKU001,CH05,UPSIDE,FV_UPSIDE_202402,3210,94932540.0,49914354.94,2164269.47,253597.05,FROZEN,true,2024-03-01,true,ASSUMPTION,-6
2024-01-01,2024-02-01,SKU001,CH05,DOWNSIDE,FV_DOWNSIDE_202402,2880,85173120.0,53339849.89,2207554.86,279474.3,FROZEN,true,2024-03-01,true,ASSUMPTION,14
2024-01-01,2024-02-01,SKU002,CH05,BASE,FV_BASE_202402,2060,70748640.0,35460976.26,1675563.46,200340.0,FROZEN,true,2024-03-01,true,ASSUMPTION,0
2024-01-01,2024-02-01,SKU002,CH05,UPSIDE,FV_UPSIDE_202402,2140,73496160.0,34779034.41,1675563.46,196333.2,FROZEN,true,2024-03-01,true,ASSUMPTION,-6
2024-01-01,2024-02-01,SKU002,CH05,DOWNSIDE,FV_DOWNSIDE_202402,1920,65940480.0,37165830.89,1709074.73,216367.2,FROZEN,true,2024-03-01,true,ASSUMPTION,14
2024-01-01,2024-02-01,SKU003,CH05,BASE,FV_BASE_202402,2060,62887680.0,33272027.11,1489389.74,178080.0,FROZEN,true,2024-03-01,true,ASSUMPTION,0
2024-01-01,2024-02-01,SKU003,CH05,UPSIDE,FV_UPSIDE_202402,2140,65329920.0,32632180.44,1489389.74,174518.4,FROZEN,true,2024-03-01,true,ASSUMPTION,-6
2024-01-01,2024-02-01,SKU003,CH05,DOWNSIDE,FV_DOWNSIDE_202402,1920,58613760.0,34871643.8,1519177.53,192326.4,FROZEN,true,2024-03-01,true,ASSUMPTION,14
2024-01-01,2024-02-01,SKU004,CH05,BASE,FV_BASE_202402,2060,55026720.0,33709816.94,1303216.02,155820.0,FROZEN,true,2024-03-01,true,ASSUMPTION,0
2024-01-01,2024-02-01,SKU004,CH05,UPSIDE,FV_UPSIDE_202402,2140,57163680.0,33061551.23,1303216.02,152703.6,FROZEN,true,2024-03-01,true,ASSUMPTION,-6
2024-01-01,2024-02-01,SKU004,CH05,DOWNSIDE,FV_DOWNSIDE_202402,1920,51287040.0,35330481.22,1329280.34,168285.6,FROZEN,true,2024-03-01,true,ASSUMPTION,14
2024-01-01,2024-02-01,SKU005,CH05,BASE,FV_BASE_202402,2060,53061480.0,33983435.58,1256672.59,150255.0,FROZEN,true,2024-03-01,true,ASSUMPTION,0
2024-01-01,2024-02-01,SKU005,CH05,UPSIDE,FV_UPSIDE_202402,2140,55122120.0,33329907.98,1256672.59,147249.9,FROZEN,true,2024-03-01,true,ASSUMPTION,-6
2024-01-01,2024-02-01,SKU005,CH05,DOWNSIDE,FV_DOWNSIDE_202402,1920,49455360.0,35617254.6,1281806.04,162275.4,FROZEN,true,2024-03-01,true,ASSUMPTION,14
2024-01-01,2024-02-01,SKU006,CH05,BASE,FV_BASE_202402,2060,58957200.0,34475949.14,1396302.88,166950.0,FROZEN,true,2024-03-01,true,ASSUMPTION,0
2024-01-01,2024-02-01,SKU006,CH05,UPSIDE,FV_UPSIDE_202402,2140,61246800.0,33812950.12,1396302.88,163611.0,FROZEN,true,2024-03-01,true,ASSUMPTION,-6
2024-01-01,2024-02-01,SKU006,CH05,DOWNSIDE,FV_DOWNSIDE_202402,1920,54950400.0,36133446.7,1424228.94,180306.0,FROZEN,true,2024-03-01,true,ASSUMPTION,14
2024-01-01,2024-02-01,SKU007,CH05,BASE,FV_BASE_202402,3090,67800780.0,51919137.7,1605748.31,191992.5,FROZEN,true,2024-03-01,true,ASSUMPTION,0
2024-01-01,2024-02-01,SKU007,CH05,UPSIDE,FV_UPSIDE_202402,3210,70433820.0,50920692.75,1605748.31,188152.65,FROZEN,true,2024-03-01,true,ASSUMPTION,-6
2024-01-01,2024-02-01,SKU007,CH05,DOWNSIDE,FV_DOWNSIDE_202402,2880,63192960.0,54415250.09,1637863.28,207351.9,FROZEN,true,2024-03-01,true,ASSUMPTION,14
2024-01-01,2024-02-01,SKU008,CH05,BASE,FV_BASE_202402,2060,49131000.0,35570423.72,1163585.73,139125.0,FROZEN,true,2024-03-01,true,ASSUMPTION,0
2024-01-01,2024-02-01,SKU008,CH05,UPSIDE,FV_UPSIDE_202402,2140,51039000.0,34886377.11,1163585.73,136342.5,FROZEN,true,2024-03-01,true,ASSUMPTION,-6
2024-01-01,2024-02-01,SKU008,CH05,DOWNSIDE,FV_DOWNSIDE_202402,1920,45792000.0,37280540.25,1186857.44,150255.0,FROZEN,true,2024-03-01,true,ASSUMPTION,14
2024-01-01,2024-02-01,SKU009,CH05,BASE,FV_BASE_202402,2060,41270040.0,33326750.84,977412.02,116865.0,FROZEN,true,2024-03-01,true,ASSUMPTION,0
2024-01-01,2024-02-01,SKU009,CH05,UPSIDE,FV_UPSIDE_202402,2140,42872760.0,32685851.78,977412.02,114527.7,FROZEN,true,2024-03-01,true,ASSUMPTION,-6
2024-01-01,2024-02-01,SKU009,CH05,DOWNSIDE,FV_DOWNSIDE_202402,1920,38465280.0,34928998.48,996960.26,126214.2,FROZEN,true,2024-03-01,true,ASSUMPTION,14
2024-01-01,2024-02-01,SKU010,CH05,BASE,FV_BASE_202402,2060,47165760.0,32834237.28,1117042.31,133560.0,FROZEN,true,2024-03-01,true,ASSUMPTION,0
2024-01-01,2024-02-01,SKU010,CH05,UPSIDE,FV_UPSIDE_202402,2140,48997440.0,32202809.64,1117042.31,130888.8,FROZEN,true,2024-03-01,true,ASSUMPTION,-6
2024-01-01,2024-02-01,SKU010,CH05,DOWNSIDE,FV_DOWNSIDE_202402,1920,43960320.0,34412806.38,1139383.16,144244.8,FROZEN,true,2024-03-01,true,ASSUMPTION,14
2024-01-01,2024-02-01,SKU011,CH05,BASE,FV_BASE_202402,1030,34391700.0,14364978.82,814510.01,97387.5,FROZEN,true,2024-03-01,true,ASSUMPTION,0
2024-01-01,2024-02-01,SKU011,CH05,UPSIDE,FV_UPSIDE_202402,1070,35727300.0,14088729.22,814510.01,95439.75,FROZEN,true,2024-03-01,true,ASSUMPTION,-6
2024-01-01,2024-02-01,SKU011,CH05,DOWNSIDE,FV_DOWNSIDE_202402,960,32054400.0,15055602.8,830800.21,105178.5,FROZEN,true,2024-03-01,true,ASSUMPTION,14
2024-01-01,2024-02-01,SKU012,CH05,BASE,FV_BASE_202402,2060,56991960.0,30946268.64,1349759.45,161385.0,FROZEN,true,2024-03-01,true,ASSUMPTION,0
2024-01-01,2024-02-01,SKU012,CH05,UPSIDE,FV_UPSIDE_202402,2140,59205240.0,30351148.09,1349759.45,158157.3,FROZEN,true,2024-03-01,true,ASSUMPTION,-6
2024-01-01,2024-02-01,SKU012,CH05,DOWNSIDE,FV_DOWNSIDE_202402,1920,53118720.0,32434070.02,1376754.64,174295.8,FROZEN,true,2024-03-01,true,ASSUMPTION,14
2024-02-01,2024-03-01,SKU001,CH01,BASE,FV_BASE_202403,8240,243689760.0,142446179.1,6116010.67,690060.0,FROZEN,true,2024-04-01,true,ASSUMPTION,0
2024-02-01,2024-03-01,SKU001,CH01,UPSIDE,FV_UPSIDE_202403,8560,253153440.0,139706829.5,6116010.67,676258.8,FROZEN,true,2024-04-01,true,ASSUMPTION,-6
2024-02-01,2024-03-01,SKU001,CH01,DOWNSIDE,FV_DOWNSIDE_202403,7680,227128320.0,149294553.09,6238330.88,745264.8,FROZEN,true,2024-04-01,true,ASSUMPTION,14
2024-02-01,2024-03-01,SKU002,CH01,BASE,FV_BASE_202403,5150,176871600.0,93049520.22,4439040.0,500850.0,FROZEN,true,2024-04-01,true,ASSUMPTION,0
2024-02-01,2024-03-01,SKU002,CH01,UPSIDE,FV_UPSIDE_202403,5350,183740400.0,91260106.37,4439040.0,490833.0,FROZEN,true,2024-04-01,true,ASSUMPTION,-6
2024-02-01,2024-03-01,SKU002,CH01,DOWNSIDE,FV_DOWNSIDE_202403,4800,164851200.0,97523054.85,4527820.8,540918.0,FROZEN,true,2024-04-01,true,ASSUMPTION,14
2024-02-01,2024-03-01,SKU003,CH01,BASE,FV_BASE_202403,5150,157219200.0,87305722.67,3945813.33,445200.0,FROZEN,true,2024-04-01,true,ASSUMPTION,0
2024-02-01,2024-03-01,SKU003,CH01,UPSIDE,FV_UPSIDE_202403,5350,163324800.0,85626766.47,3945813.33,436296.0,FROZEN,true,2024-04-01,true,ASSUMPTION,-6
2024-02-01,2024-03-01,SKU003,CH01,DOWNSIDE,FV_DOWNSIDE_202403,4800,146534400.0,91503113.18,4024729.6,480816.0,FROZEN,true,2024-04-01,true,ASSUMPTION,14
2024-02-01,2024-03-01,SKU004,CH01,BASE,FV_BASE_202403,7210,192593520.0,123836275.06,4833621.33,545370.0,FROZEN,true,2024-04-01,true,ASSUMPTION,0
2024-02-01,2024-03-01,SKU004,CH01,UPSIDE,FV_UPSIDE_202403,7490,200072880.0,121454808.23,4833621.33,534462.6,FROZEN,true,2024-04-01,true,ASSUMPTION,-6
2024-02-01,2024-03-01,SKU004,CH01,DOWNSIDE,FV_DOWNSIDE_202403,6720,179504640.0,129789942.13,4930293.76,588999.6,FROZEN,true,2024-04-01,true,ASSUMPTION,14
2024-02-01,2024-03-01,SKU005,CH01,BASE,FV_BASE_202403,6180,159184440.0,107006948.25,3995136.0,450765.0,FROZEN,true,2024-04-01,true,ASSUMPTION,0
2024-02-01,2024-03-01,SKU005,CH01,UPSIDE,FV_UPSIDE_202403,6420,165366360.0,104949122.32,3995136.0,441749.7,FROZEN,true,2024-04-01,true,ASSUMPTION,-6
2024-02-01,2024-03-01,SKU005,CH01,DOWNSIDE,FV_DOWNSIDE_202403,5760,148366080.0,112151513.07,4075038.72,486826.2,FROZEN,true,2024-04-01,true,ASSUMPTION,14
2024-02-01,2024-03-01,SKU006,CH01,BASE,FV_BASE_202403,5150,147393000.0,90464811.32,3699200.0,417375.0,FROZEN,true,2024-04-01,true,ASSUMPTION,0
2024-02-01,2024-03-01,SKU006,CH01,UPSIDE,FV_UPSIDE_202403,5350,153117000.0,88725103.41,3699200.0,409027.5,FROZEN,true,2024-04-01,true,ASSUMPTION,-6
2024-02-01,2024-03-01,SKU006,CH01,DOWNSIDE,FV_DOWNSIDE_202403,4800,137376000.0,94814081.1,3773184.0,450765.0,FROZEN,true,2024-04-01,true,ASSUMPTION,14
2024-02-01,2024-03-01,SKU007,CH01,BASE,FV_BASE_202403,8240,180802080.0,145318077.87,4537685.33,511980.0,FROZEN,true,2024-04-01,true,ASSUMPTION,0
2024-02-01,2024-03-01,SKU007,CH01,UPSIDE,FV_UPSIDE_202403,8560,187823520.0,142523499.45,4537685.33,501740.4,FROZEN,true,2024-04-01,true,ASSUMPTION,-6
2024-02-01,2024-03-01,SKU007,CH01,DOWNSIDE,FV_DOWNSIDE_202403,7680,168514560.0,152304523.92,4628439.04,552938.4,FROZEN,true,2024-04-01,true,ASSUMPTION,14
2024-02-01,2024-03-01,SKU008,CH01,BASE,FV_BASE_202403,6180,147393000.0,112004052.12,3699200.0,417375.0,FROZEN,true,2024-04-01,true,ASSUMPTION,0
2024-02-01,2024-03-01,SKU008,CH01,UPSIDE,FV_UPSIDE_202403,6420,153117000.0,109850128.04,3699200.0,409027.5,FROZEN,true,2024-04-01,true,ASSUMPTION,-6
2024-02-01,2024-03-01,SKU008,CH01,DOWNSIDE,FV_DOWNSIDE_202403,5760,137376000.0,117388862.32,3773184.0,450765.0,FROZEN,true,2024-04-01,true,ASSUMPTION,14
2024-02-01,2024-03-01,SKU009,CH01,BASE,FV_BASE_202403,7210,144445140.0,122429044.66,3625216.0,409027.5,FROZEN,true,2024-04-01,true,ASSUMPTION,0
2024-02-01,2024-03-01,SKU009,CH01,UPSIDE,FV_UPSIDE_202403,7490,150054660.0,120074639.95,3625216.0,400846.95,FROZEN,true,2024-04-01,true,ASSUMPTION,-6
2024-02-01,2024-03-01,SKU009,CH01,DOWNSIDE,FV_DOWNSIDE_202403,6720,134628480.0,128315056.42,3697720.32,441749.7,FROZEN,true,2024-04-01,true,ASSUMPTION,14
2024-02-01,2024-03-01,SKU010,CH01,BASE,FV_BASE_202403,6180,141497280.0,103388355.79,3551232.0,400680.0,FROZEN,true,2024-04-01,true,ASSUMPTION,0
2024-02-01,2024-03-01,SKU010,CH01,UPSIDE,FV_UPSIDE_202403,6420,146992320.0,101400118.18,3551232.0,392666.4,FROZEN,true,2024-04-01,true,ASSUMPTION,-6
2024-02-01,2024-03-01,SKU010,CH01,DOWNSIDE,FV_DOWNSIDE_202403,5760,131880960.0,108358949.82,3622256.64,432734.4,FROZEN,true,2024-04-01,true,ASSUMPTION,14
2024-02-01,2024-03-01,SKU011,CH01,BASE,FV_BASE_202403,3090,103175100.0,45232405.66,2589440.0,292162.5,FROZEN,true,2024-04-01,true,ASSUMPTION,0
2024-02-01,2024-03-01,SKU011,CH01,UPSIDE,FV_UPSIDE_202403,3210,107181900.0,44362551.7,2589440.0,286319.25,FROZEN,true,2024-04-01,true,ASSUMPTION,-6
2024-02-01,2024-03-01,SKU011,CH01,DOWNSIDE,FV_DOWNSIDE_202403,2880,96163200.0,47407040.55,2641228.8,315535.5,FROZEN,true,2024-04-01,true,ASSUMPTION,14
2024-02-01,2024-03-01,SKU012,CH01,BASE,FV_BASE_202403,5150,142479900.0,81202937.78,3575893.33,403462.5,FROZEN,true,2024-04-01,true,ASSUMPTION,0
2024-02-01,2024-03-01,SKU012,CH01,UPSIDE,FV_UPSIDE_202403,5350,148013100.0,79641342.83,3575893.33,395393.25,FROZEN,true,2024-04-01,true,ASSUMPTION,-6
2024-02-01,2024-03-01,SKU012,CH01,DOWNSIDE,FV_DOWNSIDE_202403,4800,132796800.0,85106925.18,3647411.2,435739.5,FROZEN,true,2024-04-01,true,ASSUMPTION,14
2024-02-01,2024-03-01,SKU001,CH02,BASE,FV_BASE_202403,6180,182767320.0,107634550.3,6812434.43,517545.0,FROZEN,true,2024-04-01,true,ASSUMPTION,0
2024-02-01,2024-03-01,SKU001,CH02,UPSIDE,FV_UPSIDE_202403,6420,189865080.0,105564655.1,6812434.43,507194.1,FROZEN,true,2024-04-01,true,ASSUMPTION,-6
2024-02-01,2024-03-01,SKU001,CH02,DOWNSIDE,FV_DOWNSIDE_202403,5760,170346240.0,112809288.29,6948683.12,558948.6,FROZEN,true,2024-04-01,true,ASSUMPTION,14
2024-02-01,2024-03-01,SKU002,CH02,BASE,FV_BASE_202403,4120,141497280.0,74996976.98,5274142.79,400680.0,FROZEN,true,2024-04-01,true,ASSUMPTION,0
2024-02-01,2024-03-01,SKU002,CH02,UPSIDE,FV_UPSIDE_202403,4280,146992320.0,73554727.43,5274142.79,392666.4,FROZEN,true,2024-04-01,true,ASSUMPTION,-6
2024-02-01,2024-03-01,SKU002,CH02,DOWNSIDE,FV_DOWNSIDE_202403,3840,131880960.0,78602600.88,5379625.65,432734.4,FROZEN,true,2024-04-01,true,ASSUMPTION,14
2024-02-01,2024-03-01,SKU003,CH02,BASE,FV_BASE_202403,4120,125775360.0,70367533.95,4688126.92,356160.0,FROZEN,true,2024-04-01,true,ASSUMPTION,0
2024-02-01,2024-03-01,SKU003,CH02,UPSIDE,FV_UPSIDE_202403,4280,130659840.0,69014312.15,4688126.92,349036.8,FROZEN,true,2024-04-01,true,ASSUMPTION,-6
2024-02-01,2024-03-01,SKU003,CH02,DOWNSIDE,FV_DOWNSIDE_202403,3840,117227520.0,73750588.47,4781889.46,384652.8,FROZEN,true,2024-04-01,true,ASSUMPTION,14
2024-02-01,2024-03-01,SKU004,CH02,BASE,FV_BASE_202403,5150,137566800.0,89116778.2,5127638.82,389550.0,FROZEN,true,2024-04-01,true,ASSUMPTION,0
2024-02-01,2024-03-01,SKU004,CH02,UPSIDE,FV_UPSIDE_202403,5350,142909200.0,87402994.01,5127638.82,381759.0,FROZEN,true,2024-04-01,true,ASSUMPTION,-6
2024-02-01,2024-03-01,SKU004,CH02,DOWNSIDE,FV_DOWNSIDE_202403,4800,128217600.0,93401238.69,5230191.6,420714.0,FROZEN,true,2024-04-01,true,ASSUMPTION,14
2024-02-01,2024-03-01,SKU005,CH02,BASE,FV_BASE_202403,4120,106122960.0,71872102.94,3955607.09,300510.0,FROZEN,true,2024-04-01,true,ASSUMPTION,0
2024-02-01,2024-03-01,SKU005,CH02,UPSIDE,FV_UPSIDE_202403,4280,110244240.0,70489947.12,3955607.09,294499.8,FROZEN,true,2024-04-01,true,ASSUMPTION,-6
2024-02-01,2024-03-01,SKU005,CH02,DOWNSIDE,FV_DOWNSIDE_202403,3840,98910720.0,75327492.51,4034719.23,324550.8,FROZEN,true,2024-04-01,true,ASSUMPTION,14
2024-02-01,2024-03-01,SKU006,CH02,BASE,FV_BASE_202403,3090,88435800.0,54685295.71,3296339.24,250425.0,FROZEN,true,2024-04-01,true,ASSUMPTION,0
2024-02-01,2024-03-01,SKU006,CH02,UPSIDE,FV_UPSIDE_202403,3210,91870200.0,53633655.41,3296339.24,245416.5,FROZEN,true,2024-04-01,true,ASSUMPTION,-6
2024-02-01,2024-03-01,SKU006,CH02,DOWNSIDE,FV_DOWNSIDE_202403,2880,82425600.0,57314396.47,3362266.02,270459.0,FROZEN,true,2024-04-01,true,ASSUMPTION,14
2024-02-01,2024-03-01,SKU007,CH02,BASE,FV_BASE_202403,6180,135601560.0,109804601.71,5054386.84,383985.0,FROZEN,true,2024-04-01,true,ASSUMPTION,0
2024-02-01,2024-03-01,SKU007,CH02,UPSIDE,FV_UPSIDE_202403,6420,140867640.0,107692974.76,5054386.84,376305.3,FROZEN,true,2024-04-01,true,ASSUMPTION,-6
2024-02-01,2024-03-01,SKU007,CH02,DOWNSIDE,FV_DOWNSIDE_202403,5760,126385920.0,115083669.1,5155474.58,414703.8,FROZEN,true,2024-04-01,true,ASSUMPTION,14
2024-02-01,2024-03-01,SKU008,CH02,BASE,FV_BASE_202403,5150,122827500.0,94035561.41,4578248.95,347812.5,FROZEN,true,2024-04-01,true,ASSUMPTION,0
2024-02-01,2024-03-01,SKU008,CH02,UPSIDE,FV_UPSIDE_202403,5350,127597500.0,92227185.23,4578248.95,340856.25,FROZEN,true,2024-04-01,true,ASSUMPTION,-6
2024-02-01,2024-03-01,SKU008,CH02,DOWNSIDE,FV_DOWNSIDE_202403,4800,114480000.0,98556501.86,4669813.93,375637.5,FROZEN,true,2024-04-01,true,ASSUMPTION,14
2024-02-01,2024-03-01,SKU009,CH02,BASE,FV_BASE_202403,6180,123810120.0,105724905.05,4614874.94,350595.0,FROZEN,true,2024-04-01,true,ASSUMPTION,0
2024-02-01,2024-03-01,SKU009,CH02,UPSIDE,FV_UPSIDE_202403,6420,128618280.0,103691733.8,4614874.94,343583.1,FROZEN,true,2024-04-01,true,ASSUMPTION,-6
2024-02-01,2024-03-01,SKU009,CH02,DOWNSIDE,FV_DOWNSIDE_202403,5760,115395840.0,110807833.18,4707172.44,378642.6,FROZEN,true,2024-04-01,true,ASSUMPTION,14
2024-02-01,2024-03-01,SKU010,CH02,BASE,FV_BASE_202403,4120,94331520.0,69441645.35,3516095.19,267120.0,FROZEN,true,2024-04-01,true,ASSUMPTION,0
2024-02-01,2024-03-01,SKU010,CH02,UPSIDE,FV_UPSIDE_202403,4280,97994880.0,68106229.1,3516095.19,261777.6,FROZEN,true,2024-04-01,true,ASSUMPTION,-6
2024-02-01,2024-03-01,SKU010,CH02,DOWNSIDE,FV_DOWNSIDE_202403,3840,87920640.0,72780186.0,3586417.09,288489.6,FROZEN,true,2024-04-01,true,ASSUMPTION,14
2024-02-01,2024-03-01,SKU011,CH02,BASE,FV_BASE_202403,3090,103175100.0,45571079.77,3845729.12,292162.5,FROZEN,true,2024-04-01,true,ASSUMPTION,0
2024-02-01,2024-03-01,SKU011,CH02,UPSIDE,FV_UPSIDE_202403,3210,107181900.0,44694712.85,3845729.12,286319.25,FROZEN,true,2024-04-01,true,ASSUMPTION,-6
2024-02-01,2024-03-01,SKU011,CH02,DOWNSIDE,FV_DOWNSIDE_202403,2880,96163200.0,47761997.06,3922643.7,315535.5,FROZEN,true,2024-04-01,true,ASSUMPTION,14
2024-02-01,2024-03-01,SKU012,CH02,BASE,FV_BASE_202403,4120,113983920.0,65448750.75,4248615.02,322770.0,FROZEN,true,2024-04-01,true,ASSUMPTION,0
2024-02-01,2024-03-01,SKU012,CH02,UPSIDE,FV_UPSIDE_202403,4280,118410480.0,64190120.93,4248615.02,316314.6,FROZEN,true,2024-04-01,true,ASSUMPTION,-6
2024-02-01,2024-03-01,SKU012,CH02,DOWNSIDE,FV_DOWNSIDE_202403,3840,106237440.0,68595325.31,4333587.32,348591.6,FROZEN,true,2024-04-01,true,ASSUMPTION,14
2024-02-01,2024-03-01,SKU001,CH03,BASE,FV_BASE_202403,4120,118651880.0,76696342.64,3099442.18,335988.33,FROZEN,true,2024-04-01,true,ASSUMPTION,0
2024-02-01,2024-03-01,SKU001,CH03,UPSIDE,FV_UPSIDE_202403,4280,123259720.0,75221412.98,3099442.18,329268.57,FROZEN,true,2024-04-01,true,ASSUMPTION,-6
2024-02-01,2024-03-01,SKU001,CH03,DOWNSIDE,FV_DOWNSIDE_202403,3840,110588160.0,80383666.81,3161431.02,362867.4,FROZEN,true,2024-04-01,true,ASSUMPTION,14
2024-02-01,2024-03-01,SKU002,CH03,BASE,FV_BASE_202403,3090,103341960.0,60120036.33,2699514.15,292635.0,FROZEN,true,2024-04-01,true,ASSUMPTION,0
2024-02-01,2024-03-01,SKU002,CH03,UPSIDE,FV_UPSIDE_202403,3210,107355240.0,58963881.78,2699514.15,286782.3,FROZEN,true,2024-04-01,true,ASSUMPTION,-6
2024-02-01,2024-03-01,SKU002,CH03,DOWNSIDE,FV_DOWNSIDE_202403,2880,96318720.0,63010422.69,2753504.43,316045.8,FROZEN,true,2024-04-01,true,ASSUMPTION,14
2024-02-01,2024-03-01,SKU003,CH03,BASE,FV_BASE_202403,3090,91859520.0,56408922.97,2399568.14,260120.0,FROZEN,true,2024-04-01,true,ASSUMPTION,0
2024-02-01,2024-03-01,SKU003,CH03,UPSIDE,FV_UPSIDE_202403,3210,95426880.0,55324135.99,2399568.14,254917.6,FROZEN,true,2024-04-01,true,ASSUMPTION,-6
2024-02-01,2024-03-01,SKU003,CH03,DOWNSIDE,FV_DOWNSIDE_202403,2880,85616640.0,59120890.42,2447559.5,280929.6,FROZEN,true,2024-04-01,true,ASSUMPTION,14
2024-02-01,2024-03-01,SKU004,CH03,BASE,FV_BASE_202403,4120,107169440.0,76201527.52,2799496.16,303473.33,FROZEN,true,2024-04-01,true,ASSUMPTION,0
2024-02-01,2024-03-01,SKU004,CH03,UPSIDE,FV_UPSIDE_202403,4280,111331360.0,74736113.53,2799496.16,297403.87,FROZEN,true,2024-04-01,true,ASSUMPTION,-6
2024-02-01,2024-03-01,SKU004,CH03,DOWNSIDE,FV_DOWNSIDE_202403,3840,99886080.0,79865062.5,2855486.08,327751.2,FROZEN,true,2024-04-01,true,ASSUMPTION,14
2024-02-01,2024-03-01,SKU005,CH03,BASE,FV_BASE_202403,3090,77506470.0,57615034.82,2024635.61,219476.25,FROZEN,true,2024-04-01,true,ASSUMPTION,0
2024-02-01,2024-03-01,SKU005,CH03,UPSIDE,FV_UPSIDE_202403,3210,80516430.0,56507053.38,2024635.61,215086.73,FROZEN,true,2024-04-01,true,ASSUMPTION,-6
2024-02-01,2024-03-01,SKU005,CH03,DOWNSIDE,FV_DOWNSIDE_202403,2880,72239040.0,60384988.41,2065128.32,237034.35,FROZEN,true,2024-04-01,true,ASSUMPTION,14
2024-02-01,2024-03-01,SKU006,CH03,BASE,FV_BASE_202403,3090,86118300.0,58450035.32,2249595.13,243862.5,FROZEN,true,2024-04-01,true,ASSUMPTION,0
2024-02-01,2024-03-01,SKU006,CH03,UPSIDE,FV_UPSIDE_202403,3210,89462700.0,57325996.18,2249595.13,238985.25,FROZEN,true,2024-04-01,true,ASSUMPTION,-6
2024-02-01,2024-03-01,SKU006,CH03,DOWNSIDE,FV_DOWNSIDE_202403,2880,80265600.0,61260133.17,2294587.03,263371.5,FROZEN,true,2024-04-01,true,ASSUMPTION,14
2024-02-01,2024-03-01,SKU007,CH03,BASE,FV_BASE_202403,4120,88032040.0,78242639.87,2299586.13,249281.67,FROZEN,true,2024-04-01,true,ASSUMPTION,0
2024-02-01,2024-03-01,SKU007,CH03,UPSIDE,FV_UPSIDE_202403,4280,91450760.0,76737973.72,2299586.13,244296.03,FROZEN,true,2024-04-01,true,ASSUMPTION,-6
2024-02-01,2024-03-01,SKU007,CH03,DOWNSIDE,FV_DOWNSIDE_202403,3840,82049280.0,82004305.25,2345577.85,269224.2,FROZEN,true,2024-04-01,true,ASSUMPTION,14
2024-02-01,2024-03-01,SKU008,CH03,BASE,FV_BASE_202403,4120,95687000.0,80407455.99,2499550.14,270958.33,FROZEN,true,2024-04-01,true,ASSUMPTION,0
2024-02-01,2024-03-01,SKU008,CH03,UPSIDE,FV_UPSIDE_202403,4280,99403000.0,78861158.76,2499550.14,265539.17,FROZEN,true,2024-04-01,true,ASSUMPTION,-6
2024-02-01,2024-03-01,SKU008,CH03,DOWNSIDE,FV_DOWNSIDE_202403,3840,89184000.0,84273199.07,2549541.14,292635.0,FROZEN,true,2024-04-01,true,ASSUMPTION,14
2024-02-01,2024-03-01,SKU009,CH03,BASE,FV_BASE_202403,4120,80377080.0,75335601.08,2099622.12,227605.0,FROZEN,true,2024-04-01,true,ASSUMPTION,0
2024-02-01,2024-03-01,SKU009,CH03,UPSIDE,FV_UPSIDE_202403,4280,83498520.0,73886839.52,2099622.12,223052.9,FROZEN,true,2024-04-01,true,ASSUMPTION,-6
2024-02-01,2024-03-01,SKU009,CH03,DOWNSIDE,FV_DOWNSIDE_202403,3840,74914560.0,78957504.98,2141614.56,245813.4,FROZEN,true,2024-04-01,true,ASSUMPTION,14
2024-02-01,2024-03-01,SKU010,CH03,BASE,FV_BASE_202403,3090,68894640.0,55666700.3,1799676.1,195090.0,FROZEN,true,2024-04-01,true,ASSUMPTION,0
2024-02-01,2024-03-01,SKU010,CH03,UPSIDE,FV_UPSIDE_202403,3210,71570160.0,54596186.84,1799676.1,191188.2,FROZEN,true,2024-04-01,true,ASSUMPTION,-6
2024-02-01,2024-03-01,SKU010,CH03,DOWNSIDE,FV_DOWNSIDE_202403,2880,64212480.0,58342983.97,1835669.62,210697.2,FROZEN,true,2024-04-01,true,ASSUMPTION,14
2024-02-01,2024-03-01,SKU011,CH03,BASE,FV_BASE_202403,2060,66980900.0,32472241.84,1749685.1,189670.83,FROZEN,true,2024-04-01,true,ASSUMPTION,0
2024-02-01,2024-03-01,SKU011,CH03,UPSIDE,FV_UPSIDE_202403,2140,69582100.0,31847775.65,1749685.1,185877.42,FROZEN,true,2024-04-01,true,ASSUMPTION,-6
2024-02-01,2024-03-01,SKU011,CH03,DOWNSIDE,FV_DOWNSIDE_202403,1920,62428800.0,34033407.31,1784678.8,204844.5,FROZEN,true,2024-04-01,true,ASSUMPTION,14
2024-02-01,2024-03-01,SKU012,CH03,BASE,FV_BASE_202403,3090,83247690.0,52465865.02,2174608.62,235733.75,FROZEN,true,2024-04-01,true,ASSUMPTION,0
2024-02-01,2024-03-01,SKU012,CH03,UPSIDE,FV_UPSIDE_202403,3210,86480610.0,51456906.07,2174608.62,231019.08,FROZEN,true,2024-04-01,true,ASSUMPTION,-6
2024-02-01,2024-03-01,SKU012,CH03,DOWNSIDE,FV_DOWNSIDE_202403,2880,77590080.0,54988262.37,2218100.79,254592.45,FROZEN,true,2024-04-01,true,ASSUMPTION,14
2024-02-01,2024-03-01,SKU001,CH04,BASE,FV_BASE_202403,2060,60156120.0,37107986.03,1594193.96,170345.0,FROZEN,true,2024-04-01,true,ASSUMPTION,0
2024-02-01,2024-03-01,SKU001,CH04,UPSIDE,FV_UPSIDE_202403,2140,62492280.0,36394370.92,1594193.96,166938.1,FROZEN,true,2024-04-01,true,ASSUMPTION,-6
2024-02-01,2024-03-01,SKU001,CH04,DOWNSIDE,FV_DOWNSIDE_202403,1920,56067840.0,38892023.82,1626077.84,183972.6,FROZEN,true,2024-04-01,true,ASSUMPTION,14
2024-02-01,2024-03-01,SKU002,CH04,BASE,FV_BASE_202403,2060,69858720.0,38783830.57,1851322.01,197820.0,FROZEN,true,2024-04-01,true,ASSUMPTION,0
2024-02-01,2024-03-01,SKU002,CH04,UPSIDE,FV_UPSIDE_202403,2140,72571680.0,38037987.68,1851322.01,193863.6,FROZEN,true,2024-04-01,true,ASSUMPTION,-6
2024-02-01,2024-03-01,SKU002,CH04,DOWNSIDE,FV_DOWNSIDE_202403,1920,65111040.0,40648437.81,1888348.45,213645.6,FROZEN,true,2024-04-01,true,ASSUMPTION,14
2024-02-01,2024-03-01,SKU003,CH04,BASE,FV_BASE_202403,1030,31048320.0,18194883.48,822809.78,87920.0,FROZEN,true,2024-04-01,true,ASSUMPTION,0
2024-02-01,2024-03-01,SKU003,CH04,UPSIDE,FV_UPSIDE_202403,1070,32254080.0,17844981.88,822809.78,86161.6,FROZEN,true,2024-04-01,true,ASSUMPTION,-6
2024-02-01,2024-03-01,SKU003,CH04,DOWNSIDE,FV_DOWNSIDE_202403,960,28938240.0,19069637.49,839265.98,94953.6,FROZEN,true,2024-04-01,true,ASSUMPTION,14
2024-02-01,2024-03-01,SKU004,CH04,BASE,FV_BASE_202403,2060,54334560.0,36868579.68,1439917.12,153860.0,FROZEN,true,2024-04-01,true,ASSUMPTION,0
2024-02-01,2024-03-01,SKU004,CH04,UPSIDE,FV_UPSIDE_202403,2140,56444640.0,36159568.53,1439917.12,150782.8,FROZEN,true,2024-04-01,true,ASSUMPTION,-6
2024-02-01,2024-03-01,SKU004,CH04,DOWNSIDE,FV_DOWNSIDE_202403,1920,50641920.0,38641107.54,1468715.46,166168.8,FROZEN,true,2024-04-01,true,ASSUMPTION,14
2024-02-01,2024-03-01,SKU005,CH04,BASE,FV_BASE_202403,2060,52394040.0,37167837.63,1388491.51,148365.0,FROZEN,true,2024-04-01,true,ASSUMPTION,0
2024-02-01,2024-03-01,SKU005,CH04,UPSIDE,FV_UPSIDE_202403,2140,54428760.0,36453071.52,1388491.51,145397.7,FROZEN,true,2024-04-01,true,ASSUMPTION,-6
2024-02-01,2024-03-01,SKU005,CH04,DOWNSIDE,FV_DOWNSIDE_202403,1920,48833280.0,38954752.9,1416261.34,160234.2,FROZEN,true,2024-04-01,true,ASSUMPTION,14
2024-02-01,2024-03-01,SKU006,CH04,BASE,FV_BASE_202403,1030,29107800.0,18853250.97,771384.17,82425.0,FROZEN,true,2024-04-01,true,ASSUMPTION,0
2024-02-01,2024-03-01,SKU006,CH04,UPSIDE,FV_UPSIDE_202403,1070,30238200.0,18490688.45,771384.17,80776.5,FROZEN,true,2024-04-01,true,ASSUMPTION,-6
2024-02-01,2024-03-01,SKU006,CH04,DOWNSIDE,FV_DOWNSIDE_202403,960,27129600.0,19759657.26,786811.85,89019.0,FROZEN,true,2024-04-01,true,ASSUMPTION,14
2024-02-01,2024-03-01,SKU007,CH04,BASE,FV_BASE_202403,2060,44631960.0,37856130.92,1182789.06,126385.0,FROZEN,true,2024-04-01,true,ASSUMPTION,0
2024-02-01,2024-03-01,SKU007,CH04,UPSIDE,FV_UPSIDE_202403,2140,46365240.0,37128128.4,1182789.06,123857.3,FROZEN,true,2024-04-01,true,ASSUMPTION,-6
2024-02-01,2024-03-01,SKU007,CH04,DOWNSIDE,FV_DOWNSIDE_202403,1920,41598720.0,39676137.21,1206444.84,136495.8,FROZEN,true,2024-04-01,true,ASSUMPTION,14
2024-02-01,2024-03-01,SKU008,CH04,BASE,FV_BASE_202403,2060,48513000.0,38903533.75,1285640.29,137375.0,FROZEN,true,2024-04-01,true,ASSUMPTION,0
2024-02-01,2024-03-01,SKU008,CH04,UPSIDE,FV_UPSIDE_202403,2140,50397000.0,38155388.87,1285640.29,134627.5,FROZEN,true,2024-04-01,true,ASSUMPTION,-6
2024-02-01,2024-03-01,SKU008,CH04,DOWNSIDE,FV_DOWNSIDE_202403,1920,45216000.0,40773895.95,1311353.1,148365.0,FROZEN,true,2024-04-01,true,ASSUMPTION,14
2024-02-01,2024-03-01,SKU009,CH04,BASE,FV_BASE_202403,2060,40750920.0,36449618.55,1079937.84,115395.0,FROZEN,true,2024-04-01,true,ASSUMPTION,0
2024-02-01,2024-03-01,SKU009,CH04,UPSIDE,FV_UPSIDE_202403,2140,42333480.0,35748664.34,1079937.84,113087.1,FROZEN,true,2024-04-01,true,ASSUMPTION,-6
2024-02-01,2024-03-01,SKU009,CH04,DOWNSIDE,FV_DOWNSIDE_202403,1920,37981440.0,38202004.05,1101536.6,124626.6,FROZEN,true,2024-04-01,true,ASSUMPTION,14
2024-02-01,2024-03-01,SKU010,CH04,BASE,FV_BASE_202403,2060,46572480.0,35910954.23,1234214.68,131880.0,FROZEN,true,2024-04-01,true,ASSUMPTION,0
2024-02-01,2024-03-01,SKU010,CH04,UPSIDE,FV_UPSIDE_202403,2140,48381120.0,35220358.95,1234214.68,129242.4,FROZEN,true,2024-04-01,true,ASSUMPTION,-6
2024-02-01,2024-03-01,SKU010,CH04,DOWNSIDE,FV_DOWNSIDE_202403,1920,43407360.0,37637442.41,1258898.97,142430.4,FROZEN,true,2024-04-01,true,ASSUMPTION,14
2024-02-01,2024-03-01,SKU011,CH04,BASE,FV_BASE_202403,1030,33959100.0,15711042.47,899948.2,96162.5,FROZEN,true,2024-04-01,true,ASSUMPTION,0
2024-02-01,2024-03-01,SKU011,CH04,UPSIDE,FV_UPSIDE_202403,1070,35277900.0,15408907.04,899948.2,94239.25,FROZEN,true,2024-04-01,true,ASSUMPTION,-6
2024-02-01,2024-03-01,SKU011,CH04,DOWNSIDE,FV_DOWNSIDE_202403,960,31651200.0,16466381.05,917947.16,103855.5,FROZEN,true,2024-04-01,true,ASSUMPTION,14
2024-02-01,2024-03-01,SKU012,CH04,BASE,FV_BASE_202403,1030,28137540.0,16923037.18,745671.37,79677.5,FROZEN,true,2024-04-01,true,ASSUMPTION,0
2024-02-01,2024-03-01,SKU012,CH04,UPSIDE,FV_UPSIDE_202403,1070,29230260.0,16597594.15,745671.37,78083.95,FROZEN,true,2024-04-01,true,ASSUMPTION,-6
2024-02-01,2024-03-01,SKU012,CH04,DOWNSIDE,FV_DOWNSIDE_202403,960,26225280.0,17736644.73,760584.8,86051.7,FROZEN,true,2024-04-01,true,ASSUMPTION,14
2024-02-01,2024-03-01,SKU001,CH05,BASE,FV_BASE_202403,3090,91383660.0,51481368.03,2209791.29,258772.5,FROZEN,true,2024-04-01,true,ASSUMPTION,0
2024-02-01,2024-03-01,SKU001,CH05,UPSIDE,FV_UPSIDE_202403,3210,94932540.0,50491341.72,2209791.29,253597.05,FROZEN,true,2024-04-01,true,ASSUMPTION,-6
2024-02-01,2024-03-01,SKU001,CH05,DOWNSIDE,FV_DOWNSIDE_202403,2880,85173120.0,53956433.8,2253987.12,279474.3,FROZEN,true,2024-04-01,true,ASSUMPTION,14
2024-02-01,2024-03-01,SKU002,CH05,BASE,FV_BASE_202403,2060,70748640.0,35870888.68,1710806.16,200340.0,FROZEN,true,2024-04-01,true,ASSUMPTION,0
2024-02-01,2024-03-01,SKU002,CH05,UPSIDE,FV_UPSIDE_202403,2140,73496160.0,35181063.9,1710806.16,196333.2,FROZEN,true,2024-04-01,true,ASSUMPTION,-6
2024-02-01,2024-03-01,SKU002,CH05,DOWNSIDE,FV_DOWNSIDE_202403,1920,65940480.0,37595450.64,1745022.28,216367.2,FROZEN,true,2024-04-01,true,ASSUMPTION,14
2024-02-01,2024-03-01,SKU003,CH05,BASE,FV_BASE_202403,2060,62887680.0,33656636.3,1520716.59,178080.0,FROZEN,true,2024-04-01,true,ASSUMPTION,0
2024-02-01,2024-03-01,SKU003,CH05,UPSIDE,FV_UPSIDE_202403,2140,65329920.0,33009393.3,1520716.59,174518.4,FROZEN,true,2024-04-01,true,ASSUMPTION,-6
2024-02-01,2024-03-01,SKU003,CH05,DOWNSIDE,FV_DOWNSIDE_202403,1920,58613760.0,35274743.82,1551130.92,192326.4,FROZEN,true,2024-04-01,true,ASSUMPTION,14
2024-02-01,2024-03-01,SKU004,CH05,BASE,FV_BASE_202403,2060,55026720.0,34099486.77,1330627.01,155820.0,FROZEN,true,2024-04-01,true,ASSUMPTION,0
2024-02-01,2024-03-01,SKU004,CH05,UPSIDE,FV_UPSIDE_202403,2140,57163680.0,33443727.41,1330627.01,152703.6,FROZEN,true,2024-04-01,true,ASSUMPTION,-6
2024-02-01,2024-03-01,SKU004,CH05,DOWNSIDE,FV_DOWNSIDE_202403,1920,51287040.0,35738885.17,1357239.55,168285.6,FROZEN,true,2024-04-01,true,ASSUMPTION,14
2024-02-01,2024-03-01,SKU005,CH05,BASE,FV_BASE_202403,2060,53061480.0,34376268.33,1283104.62,150255.0,FROZEN,true,2024-04-01,true,ASSUMPTION,0
2024-02-01,2024-03-01,SKU005,CH05,UPSIDE,FV_UPSIDE_202403,2140,55122120.0,33715186.24,1283104.62,147249.9,FROZEN,true,2024-04-01,true,ASSUMPTION,-6
2024-02-01,2024-03-01,SKU005,CH05,DOWNSIDE,FV_DOWNSIDE_202403,1920,49455360.0,36028973.53,1308766.71,162275.4,FROZEN,true,2024-04-01,true,ASSUMPTION,14
2024-02-01,2024-03-01,SKU006,CH05,BASE,FV_BASE_202403,2060,58957200.0,34874475.12,1425671.8,166950.0,FROZEN,true,2024-04-01,true,ASSUMPTION,0
2024-02-01,2024-03-01,SKU006,CH05,UPSIDE,FV_UPSIDE_202403,2140,61246800.0,34203812.13,1425671.8,163611.0,FROZEN,true,2024-04-01,true,ASSUMPTION,-6
2024-02-01,2024-03-01,SKU006,CH05,DOWNSIDE,FV_DOWNSIDE_202403,1920,54950400.0,36551132.57,1454185.24,180306.0,FROZEN,true,2024-04-01,true,ASSUMPTION,14
2024-02-01,2024-03-01,SKU007,CH05,BASE,FV_BASE_202403,3090,67800780.0,52519298.83,1639522.57,191992.5,FROZEN,true,2024-04-01,true,ASSUMPTION,0
2024-02-01,2024-03-01,SKU007,CH05,UPSIDE,FV_UPSIDE_202403,3210,70433820.0,51509312.32,1639522.57,188152.65,FROZEN,true,2024-04-01,true,ASSUMPTION,-6
2024-02-01,2024-03-01,SKU007,CH05,DOWNSIDE,FV_DOWNSIDE_202403,2880,63192960.0,55044265.12,1672313.02,207351.9,FROZEN,true,2024-04-01,true,ASSUMPTION,14
2024-02-01,2024-03-01,SKU008,CH05,BASE,FV_BASE_202403,2060,49131000.0,35981601.3,1188059.83,139125.0,FROZEN,true,2024-04-01,true,ASSUMPTION,0
2024-02-01,2024-03-01,SKU008,CH05,UPSIDE,FV_UPSIDE_202403,2140,51039000.0,35289647.43,1188059.83,136342.5,FROZEN,true,2024-04-01,true,ASSUMPTION,-6
2024-02-01,2024-03-01,SKU008,CH05,DOWNSIDE,FV_DOWNSIDE_202403,1920,45792000.0,37711485.98,1211821.03,150255.0,FROZEN,true,2024-04-01,true,ASSUMPTION,14
2024-02-01,2024-03-01,SKU009,CH05,BASE,FV_BASE_202403,3090,61905060.0,50567988.91,1496955.39,175297.5,FROZEN,true,2024-04-01,true,ASSUMPTION,0
2024-02-01,2024-03-01,SKU009,CH05,UPSIDE,FV_UPSIDE_202403,3210,64309140.0,49595527.59,1496955.39,171791.55,FROZEN,true,2024-04-01,true,ASSUMPTION,-6
2024-02-01,2024-03-01,SKU009,CH05,DOWNSIDE,FV_DOWNSIDE_202403,2880,57697920.0,52999142.22,1526894.5,189321.3,FROZEN,true,2024-04-01,true,ASSUMPTION,14
2024-02-01,2024-03-01,SKU010,CH05,BASE,FV_BASE_202403,2060,47165760.0,33213785.82,1140537.44,133560.0,FROZEN,true,2024-04-01,true,ASSUMPTION,0
2024-02-01,2024-03-01,SKU010,CH05,UPSIDE,FV_UPSIDE_202403,2140,48997440.0,32575059.17,1140537.44,130888.8,FROZEN,true,2024-04-01,true,ASSUMPTION,-6
2024-02-01,2024-03-01,SKU010,CH05,DOWNSIDE,FV_DOWNSIDE_202403,1920,43960320.0,34810602.45,1163348.19,144244.8,FROZEN,true,2024-04-01,true,ASSUMPTION,14
2024-02-01,2024-03-01,SKU011,CH05,BASE,FV_BASE_202403,1030,34391700.0,14531031.3,831641.88,97387.5,FROZEN,true,2024-04-01,true,ASSUMPTION,0
2024-02-01,2024-03-01,SKU011,CH05,UPSIDE,FV_UPSIDE_202403,1070,35727300.0,14251588.39,831641.88,95439.75,FROZEN,true,2024-04-01,true,ASSUMPTION,-6
2024-02-01,2024-03-01,SKU011,CH05,DOWNSIDE,FV_DOWNSIDE_202403,960,32054400.0,15229638.57,848274.72,105178.5,FROZEN,true,2024-04-01,true,ASSUMPTION,14
2024-02-01,2024-03-01,SKU012,CH05,BASE,FV_BASE_202403,2060,56991960.0,31303993.14,1378149.41,161385.0,FROZEN,true,2024-04-01,true,ASSUMPTION,0
2024-02-01,2024-03-01,SKU012,CH05,UPSIDE,FV_UPSIDE_202403,2140,59205240.0,30701993.27,1378149.41,158157.3,FROZEN,true,2024-04-01,true,ASSUMPTION,-6
2024-02-01,2024-03-01,SKU012,CH05,DOWNSIDE,FV_DOWNSIDE_202403,1920,53118720.0,32808992.81,1405712.4,174295.8,FROZEN,true,2024-04-01,true,ASSUMPTION,14
2024-03-01,2024-04-01,SKU001,CH01,BASE,FV_BASE_202404,8240,243689760.0,141253169.51,6064054.91,690060.0,FROZEN,true,2024-05-01,true,ASSUMPTION,0
2024-03-01,2024-04-01,SKU001,CH01,UPSIDE,FV_UPSIDE_202404,8560,253153440.0,138536762.41,6064054.91,676258.8,FROZEN,true,2024-05-01,true,ASSUMPTION,-6
2024-03-01,2024-04-01,SKU001,CH01,DOWNSIDE,FV_DOWNSIDE_202404,7680,227128320.0,148044187.28,6185336.01,745264.8,FROZEN,true,2024-05-01,true,ASSUMPTION,14
2024-03-01,2024-04-01,SKU002,CH01,BASE,FV_BASE_202404,6180,212245920.0,110724258.68,5281596.21,601020.0,FROZEN,true,2024-05-01,true,ASSUMPTION,0
2024-03-01,2024-04-01,SKU002,CH01,UPSIDE,FV_UPSIDE_202404,6420,220488480.0,108594946.02,5281596.21,588999.6,FROZEN,true,2024-05-01,true,ASSUMPTION,-6
2024-03-01,2024-04-01,SKU002,CH01,DOWNSIDE,FV_DOWNSIDE_202404,5760,197821440.0,116047540.35,5387228.13,649101.6,FROZEN,true,2024-05-01,true,ASSUMPTION,14
2024-03-01,2024-04-01,SKU003,CH01,BASE,FV_BASE_202404,5150,157219200.0,86574523.25,3912293.49,445200.0,FROZEN,true,2024-05-01,true,ASSUMPTION,0
2024-03-01,2024-04-01,SKU003,CH01,UPSIDE,FV_UPSIDE_202404,5350,163324800.0,84909628.57,3912293.49,436296.0,FROZEN,true,2024-05-01,true,ASSUMPTION,-6
2024-03-01,2024-04-01,SKU003,CH01,DOWNSIDE,FV_DOWNSIDE_202404,4800,146534400.0,90736759.94,3990539.36,480816.0,FROZEN,true,2024-05-01,true,ASSUMPTION,14
2024-03-01,2024-04-01,SKU004,CH01,BASE,FV_BASE_202404,7210,192593520.0,122799126.39,4792559.53,545370.0,FROZEN,true,2024-05-01,true,ASSUMPTION,0
2024-03-01,2024-04-01,SKU004,CH01,UPSIDE,FV_UPSIDE_202404,7490,200072880.0,120437604.73,4792559.53,534462.6,FROZEN,true,2024-05-01,true,ASSUMPTION,-6
2024-03-01,2024-04-01,SKU004,CH01,DOWNSIDE,FV_DOWNSIDE_202404,6720,179504640.0,128702930.55,4888410.72,588999.6,FROZEN,true,2024-05-01,true,ASSUMPTION,14
2024-03-01,2024-04-01,SKU005,CH01,BASE,FV_BASE_202404,6180,159184440.0,106110747.9,3961197.16,450765.0,FROZEN,true,2024-05-01,true,ASSUMPTION,0
2024-03-01,2024-04-01,SKU005,CH01,UPSIDE,FV_UPSIDE_202404,6420,165366360.0,104070156.6,3961197.16,441749.7,FROZEN,true,2024-05-01,true,ASSUMPTION,-6
2024-03-01,2024-04-01,SKU005,CH01,DOWNSIDE,FV_DOWNSIDE_202404,5760,148366080.0,111212226.17,4040421.1,486826.2,FROZEN,true,2024-05-01,true,ASSUMPTION,14
2024-03-01,2024-04-01,SKU006,CH01,BASE,FV_BASE_202404,5150,147393000.0,89707154.02,3667775.15,417375.0,FROZEN,true,2024-05-01,true,ASSUMPTION,0
2024-03-01,2024-04-01,SKU006,CH01,UPSIDE,FV_UPSIDE_202404,5350,153117000.0,87982016.45,3667775.15,409027.5,FROZEN,true,2024-05-01,true,ASSUMPTION,-6
2024-03-01,2024-04-01,SKU006,CH01,DOWNSIDE,FV_DOWNSIDE_202404,4800,137376000.0,94019997.97,3741130.65,450765.0,FROZEN,true,2024-05-01,true,ASSUMPTION,14
2024-03-01,2024-04-01,SKU007,CH01,BASE,FV_BASE_202404,8240,180802080.0,144101015.67,4499137.51,511980.0,FROZEN,true,2024-05-01,true,ASSUMPTION,0
2024-03-01,2024-04-01,SKU007,CH01,UPSIDE,FV_UPSIDE_202404,8560,187823520.0,141329842.29,4499137.51,501740.4,FROZEN,true,2024-05-01,true,ASSUMPTION,-6
2024-03-01,2024-04-01,SKU007,CH01,DOWNSIDE,FV_DOWNSIDE_202404,7680,168514560.0,151028949.11,4589120.26,552938.4,FROZEN,true,2024-05-01,true,ASSUMPTION,14
2024-03-01,2024-04-01,SKU008,CH01,BASE,FV_BASE_202404,6180,147393000.0,111066000.22,3667775.15,417375.0,FROZEN,true,2024-05-01,true,ASSUMPTION,0
2024-03-01,2024-04-01,SKU008,CH01,UPSIDE,FV_UPSIDE_202404,6420,153117000.0,108930115.6,3667775.15,409027.5,FROZEN,true,2024-05-01,true,ASSUMPTION,-6
2024-03-01,2024-04-01,SKU008,CH01,DOWNSIDE,FV_DOWNSIDE_202404,5760,137376000.0,116405711.77,3741130.65,450765.0,FROZEN,true,2024-05-01,true,ASSUMPTION,14
2024-03-01,2024-04-01,SKU009,CH01,BASE,FV_BASE_202404,8240,165080160.0,138747064.89,4107908.17,467460.0,FROZEN,true,2024-05-01,true,ASSUMPTION,0
2024-03-01,2024-04-01,SKU009,CH01,UPSIDE,FV_UPSIDE_202404,8560,171491040.0,136078852.11,4107908.17,458110.8,FROZEN,true,2024-05-01,true,ASSUMPTION,-6
2024-03-01,2024-04-01,SKU009,CH01,DOWNSIDE,FV_DOWNSIDE_202404,7680,153861120.0,145417596.86,4190066.33,504856.8,FROZEN,true,2024-05-01,true,ASSUMPTION,14
2024-03-01,2024-04-01,SKU010,CH01,BASE,FV_BASE_202404,6180,141497280.0,102522461.74,3521064.14,400680.0,FROZEN,true,2024-05-01,true,ASSUMPTION,0
2024-03-01,2024-04-01,SKU010,CH01,UPSIDE,FV_UPSIDE_202404,6420,146992320.0,100550875.93,3521064.14,392666.4,FROZEN,true,2024-05-01,true,ASSUMPTION,-6
2024-03-01,2024-04-01,SKU010,CH01,DOWNSIDE,FV_DOWNSIDE_202404,5760,131880960.0,107451426.24,3591485.42,432734.4,FROZEN,true,2024-05-01,true,ASSUMPTION,14
2024-03-01,2024-04-01,SKU011,CH01,BASE,FV_BASE_202404,3090,103175100.0,44853577.01,2567442.6,292162.5,FROZEN,true,2024-05-01,true,ASSUMPTION,0
2024-03-01,2024-04-01,SKU011,CH01,UPSIDE,FV_UPSIDE_202404,3210,107181900.0,43991008.22,2567442.6,286319.25,FROZEN,true,2024-05-01,true,ASSUMPTION,-6
2024-03-01,2024-04-01,SKU011,CH01,DOWNSIDE,FV_DOWNSIDE_202404,2880,96163200.0,47009998.98,2618791.45,315535.5,FROZEN,true,2024-05-01,true,ASSUMPTION,14
2024-03-01,2024-04-01,SKU012,CH01,BASE,FV_BASE_202404,5150,142479900.0,80522850.16,3545515.98,403462.5,FROZEN,true,2024-05-01,true,ASSUMPTION,0
2024-03-01,2024-04-01,SKU012,CH01,UPSIDE,FV_UPSIDE_202404,5350,148013100.0,78974333.81,3545515.98,395393.25,FROZEN,true,2024-05-01,true,ASSUMPTION,-6
2024-03-01,2024-04-01,SKU012,CH01,DOWNSIDE,FV_DOWNSIDE_202404,4800,132796800.0,84394141.03,3616426.3,435739.5,FROZEN,true,2024-05-01,true,ASSUMPTION,14
2024-03-01,2024-04-01,SKU001,CH02,BASE,FV_BASE_202404,6180,182767320.0,107757596.11,6813805.31,517545.0,FROZEN,true,2024-05-01,true,ASSUMPTION,0
2024-03-01,2024-04-01,SKU001,CH02,UPSIDE,FV_UPSIDE_202404,6420,189865080.0,105685334.64,6813805.31,507194.1,FROZEN,true,2024-05-01,true,ASSUMPTION,-6
2024-03-01,2024-04-01,SKU001,CH02,DOWNSIDE,FV_DOWNSIDE_202404,5760,170346240.0,112938249.77,6950081.42,558948.6,FROZEN,true,2024-05-01,true,ASSUMPTION,14
2024-03-01,2024-04-01,SKU002,CH02,BASE,FV_BASE_202404,4120,141497280.0,75082712.13,5275204.11,400680.0,FROZEN,true,2024-05-01,true,ASSUMPTION,0
2024-03-01,2024-04-01,SKU002,CH02,UPSIDE,FV_UPSIDE_202404,4280,146992320.0,73638813.82,5275204.11,392666.4,FROZEN,true,2024-05-01,true,ASSUMPTION,-6
2024-03-01,2024-04-01,SKU002,CH02,DOWNSIDE,FV_DOWNSIDE_202404,3840,131880960.0,78692457.91,5380708.19,432734.4,FROZEN,true,2024-05-01,true,ASSUMPTION,14
2024-03-01,2024-04-01,SKU003,CH02,BASE,FV_BASE_202404,4120,125775360.0,70447976.81,4689070.32,356160.0,FROZEN,true,2024-05-01,true,ASSUMPTION,0
2024-03-01,2024-04-01,SKU003,CH02,UPSIDE,FV_UPSIDE_202404,4280,130659840.0,69093208.02,4689070.32,349036.8,FROZEN,true,2024-05-01,true,ASSUMPTION,-6
2024-03-01,2024-04-01,SKU003,CH02,DOWNSIDE,FV_DOWNSIDE_202404,3840,117227520.0,73834898.77,4782851.73,384652.8,FROZEN,true,2024-05-01,true,ASSUMPTION,14
2024-03-01,2024-04-01,SKU004,CH02,BASE,FV_BASE_202404,5150,137566800.0,89218654.84,5128670.66,389550.0,FROZEN,true,2024-05-01,true,ASSUMPTION,0
2024-03-01,2024-04-01,SKU004,CH02,UPSIDE,FV_UPSIDE_202404,5350,142909200.0,87502911.48,5128670.66,381759.0,FROZEN,true,2024-05-01,true,ASSUMPTION,-6
2024-03-01,2024-04-01,SKU004,CH02,DOWNSIDE,FV_DOWNSIDE_202404,4800,128217600.0,93508013.25,5231244.07,420714.0,FROZEN,true,2024-05-01,true,ASSUMPTION,14
2024-03-01,2024-04-01,SKU005,CH02,BASE,FV_BASE_202404,4120,106122960.0,71954265.79,3956403.08,300510.0,FROZEN,true,2024-05-01,true,ASSUMPTION,0
2024-03-01,2024-04-01,SKU005,CH02,UPSIDE,FV_UPSIDE_202404,4280,110244240.0,70570529.91,3956403.08,294499.8,FROZEN,true,2024-05-01,true,ASSUMPTION,-6
2024-03-01,2024-04-01,SKU005,CH02,DOWNSIDE,FV_DOWNSIDE_202404,3840,98910720.0,75413605.49,4035531.14,324550.8,FROZEN,true,2024-05-01,true,ASSUMPTION,14
2024-03-01,2024-04-01,SKU006,CH02,BASE,FV_BASE_202404,4120,117914400.0,72997081.24,4396003.43,333900.0,FROZEN,true,2024-05-01,true,ASSUMPTION,0
2024-03-01,2024-04-01,SKU006,CH02,UPSIDE,FV_UPSIDE_202404,4280,122493600.0,71593291.21,4396003.43,327222.0,FROZEN,true,2024-05-01,true,ASSUMPTION,-6
2024-03-01,2024-04-01,SKU006,CH02,DOWNSIDE,FV_DOWNSIDE_202404,3840,109900800.0,76506556.3,4483923.5,360612.0,FROZEN,true,2024-05-01,true,ASSUMPTION,14
2024-03-01,2024-04-01,SKU007,CH02,BASE,FV_BASE_202404,6180,135601560.0,109930128.29,5055403.94,383985.0,FROZEN,true,2024-05-01,true,ASSUMPTION,0
2024-03-01,2024-04-01,SKU007,CH02,UPSIDE,FV_UPSIDE_202404,6420,140867640.0,107816087.36,5055403.94,376305.3,FROZEN,true,2024-05-01,true,ASSUMPTION,-6
2024-03-01,2024-04-01,SKU007,CH02,DOWNSIDE,FV_DOWNSIDE_202404,5760,126385920.0,115215230.61,5156512.02,414703.8,FROZEN,true,2024-05-01,true,ASSUMPTION,14
2024-03-01,2024-04-01,SKU008,CH02,BASE,FV_BASE_202404,5150,122827500.0,94143061.12,4579170.23,347812.5,FROZEN,true,2024-05-01,true,ASSUMPTION,0
2024-03-01,2024-04-01,SKU008,CH02,UPSIDE,FV_UPSIDE_202404,5350,127597500.0,92332617.63,4579170.23,340856.25,FROZEN,true,2024-05-01,true,ASSUMPTION,-6
2024-03-01,2024-04-01,SKU008,CH02,DOWNSIDE,FV_DOWNSIDE_202404,4800,114480000.0,98669169.82,4670753.63,375637.5,FROZEN,true,2024-05-01,true,ASSUMPTION,14
2024-03-01,2024-04-01,SKU009,CH02,BASE,FV_BASE_202404,6180,123810120.0,105845767.79,4615803.6,350595.0,FROZEN,true,2024-05-01,true,ASSUMPTION,0
2024-03-01,2024-04-01,SKU009,CH02,UPSIDE,FV_UPSIDE_202404,6420,128618280.0,103810272.25,4615803.6,343583.1,FROZEN,true,2024-05-01,true,ASSUMPTION,-6
2024-03-01,2024-04-01,SKU009,CH02,DOWNSIDE,FV_DOWNSIDE_202404,5760,115395840.0,110934506.62,4708119.67,378642.6,FROZEN,true,2024-05-01,true,ASSUMPTION,14
2024-03-01,2024-04-01,SKU010,CH02,BASE,FV_BASE_202404,4120,94331520.0,69521029.75,3516802.74,267120.0,FROZEN,true,2024-05-01,true,ASSUMPTION,0
2024-03-01,2024-04-01,SKU010,CH02,UPSIDE,FV_UPSIDE_202404,4280,97994880.0,68184086.87,3516802.74,261777.6,FROZEN,true,2024-05-01,true,ASSUMPTION,-6
2024-03-01,2024-04-01,SKU010,CH02,DOWNSIDE,FV_DOWNSIDE_202404,3840,87920640.0,72863386.95,3587138.79,288489.6,FROZEN,true,2024-05-01,true,ASSUMPTION,14
2024-03-01,2024-04-01,SKU011,CH02,BASE,FV_BASE_202404,3090,103175100.0,45623175.77,3846503.0,292162.5,FROZEN,true,2024-05-01,true,ASSUMPTION,0
2024-03-01,2024-04-01,SKU011,CH02,UPSIDE,FV_UPSIDE_202404,3210,107181900.0,44745807.0,3846503.0,286319.25,FROZEN,true,2024-05-01,true,ASSUMPTION,-6
2024-03-01,2024-04-01,SKU011,CH02,DOWNSIDE,FV_DOWNSIDE_202404,2880,96163200.0,47816597.68,3923433.06,315535.5,FROZEN,true,2024-05-01,true,ASSUMPTION,14
2024-03-01,2024-04-01,SKU012,CH02,BASE,FV_BASE_202404,4120,113983920.0,65523570.53,4249469.98,322770.0,FROZEN,true,2024-05-01,true,ASSUMPTION,0
2024-03-01,2024-04-01,SKU012,CH02,UPSIDE,FV_UPSIDE_202404,4280,118410480.0,64263501.86,4249469.98,316314.6,FROZEN,true,2024-05-01,true,ASSUMPTION,-6
2024-03-01,2024-04-01,SKU012,CH02,DOWNSIDE,FV_DOWNSIDE_202404,3840,106237440.0,68673742.19,4334459.38,348591.6,FROZEN,true,2024-05-01,true,ASSUMPTION,14
2024-03-01,2024-04-01,SKU001,CH03,BASE,FV_BASE_202404,4120,118651880.0,78677053.64,3179486.4,335988.33,FROZEN,true,2024-05-01,true,ASSUMPTION,0
2024-03-01,2024-04-01,SKU001,CH03,UPSIDE,FV_UPSIDE_202404,4280,123259720.0,77164033.38,3179486.4,329268.57,FROZEN,true,2024-05-01,true,ASSUMPTION,-6
2024-03-01,2024-04-01,SKU001,CH03,DOWNSIDE,FV_DOWNSIDE_202404,3840,110588160.0,82459604.3,3243076.13,362867.4,FROZEN,true,2024-05-01,true,ASSUMPTION,14
2024-03-01,2024-04-01,SKU002,CH03,BASE,FV_BASE_202404,3090,103341960.0,61672658.17,2769230.09,292635.0,FROZEN,true,2024-05-01,true,ASSUMPTION,0
2024-03-01,2024-04-01,SKU002,CH03,UPSIDE,FV_UPSIDE_202404,3210,107355240.0,60486645.52,2769230.09,286782.3,FROZEN,true,2024-05-01,true,ASSUMPTION,-6
2024-03-01,2024-04-01,SKU002,CH03,DOWNSIDE,FV_DOWNSIDE_202404,2880,96318720.0,64637689.82,2824614.69,316045.8,FROZEN,true,2024-05-01,true,ASSUMPTION,14
2024-03-01,2024-04-01,SKU003,CH03,BASE,FV_BASE_202404,3090,91859520.0,57865703.97,2461537.86,260120.0,FROZEN,true,2024-05-01,true,ASSUMPTION,0
2024-03-01,2024-04-01,SKU003,CH03,UPSIDE,FV_UPSIDE_202404,3210,95426880.0,56752901.97,2461537.86,254917.6,FROZEN,true,2024-05-01,true,ASSUMPTION,-6
2024-03-01,2024-04-01,SKU003,CH03,DOWNSIDE,FV_DOWNSIDE_202404,2880,85616640.0,60647708.97,2510768.62,280929.6,FROZEN,true,2024-05-01,true,ASSUMPTION,14
2024-03-01,2024-04-01,SKU004,CH03,BASE,FV_BASE_202404,4120,107169440.0,78169459.75,2871794.17,303473.33,FROZEN,true,2024-05-01,true,ASSUMPTION,0
2024-03-01,2024-04-01,SKU004,CH03,UPSIDE,FV_UPSIDE_202404,4280,111331360.0,76666200.91,2871794.17,297403.87,FROZEN,true,2024-05-01,true,ASSUMPTION,-6
2024-03-01,2024-04-01,SKU004,CH03,DOWNSIDE,FV_DOWNSIDE_202404,3840,99886080.0,81927606.86,2929230.05,327751.2,FROZEN,true,2024-05-01,true,ASSUMPTION,14
2024-03-01,2024-04-01,SKU005,CH03,BASE,FV_BASE_202404,3090,77506470.0,59102964.09,2076922.57,219476.25,FROZEN,true,2024-05-01,true,ASSUMPTION,0
2024-03-01,2024-04-01,SKU005,CH03,UPSIDE,FV_UPSIDE_202404,3210,80516430.0,57966368.62,2076922.57,215086.73,FROZEN,true,2024-05-01,true,ASSUMPTION,-6
2024-03-01,2024-04-01,SKU005,CH03,DOWNSIDE,FV_DOWNSIDE_202404,2880,72239040.0,61944452.74,2118461.02,237034.35,FROZEN,true,2024-05-01,true,ASSUMPTION,14
2024-03-01,2024-04-01,SKU006,CH03,BASE,FV_BASE_202404,3090,86118300.0,59959528.78,2307691.74,243862.5,FROZEN,true,2024-05-01,true,ASSUMPTION,0
2024-03-01,2024-04-01,SKU006,CH03,UPSIDE,FV_UPSIDE_202404,3210,89462700.0,58806460.92,2307691.74,238985.25,FROZEN,true,2024-05-01,true,ASSUMPTION,-6
2024-03-01,2024-04-01,SKU006,CH03,DOWNSIDE,FV_DOWNSIDE_202404,2880,80265600.0,62842198.44,2353845.57,263371.5,FROZEN,true,2024-05-01,true,ASSUMPTION,14
2024-03-01,2024-04-01,SKU007,CH03,BASE,FV_BASE_202404,4120,88032040.0,80263284.57,2358973.78,249281.67,FROZEN,true,2024-05-01,true,ASSUMPTION,0
2024-03-01,2024-04-01,SKU007,CH03,UPSIDE,FV_UPSIDE_202404,4280,91450760.0,78719759.86,2358973.78,244296.03,FROZEN,true,2024-05-01,true,ASSUMPTION,-6
2024-03-01,2024-04-01,SKU007,CH03,DOWNSIDE,FV_DOWNSIDE_202404,3840,82049280.0,84122096.32,2406153.26,269224.2,FROZEN,true,2024-05-01,true,ASSUMPTION,14
2024-03-01,2024-04-01,SKU008,CH03,BASE,FV_BASE_202404,4120,95687000.0,82484007.85,2564101.94,270958.33,FROZEN,true,2024-05-01,true,ASSUMPTION,0
2024-03-01,2024-04-01,SKU008,CH03,UPSIDE,FV_UPSIDE_202404,4280,99403000.0,80897776.93,2564101.94,265539.17,FROZEN,true,2024-05-01,true,ASSUMPTION,-6
2024-03-01,2024-04-01,SKU008,CH03,DOWNSIDE,FV_DOWNSIDE_202404,3840,89184000.0,86449585.15,2615383.98,292635.0,FROZEN,true,2024-05-01,true,ASSUMPTION,14
2024-03-01,2024-04-01,SKU009,CH03,BASE,FV_BASE_202404,4120,80377080.0,77281170.44,2153845.63,227605.0,FROZEN,true,2024-05-01,true,ASSUMPTION,0
2024-03-01,2024-04-01,SKU009,CH03,UPSIDE,FV_UPSIDE_202404,4280,83498520.0,75794994.08,2153845.63,223052.9,FROZEN,true,2024-05-01,true,ASSUMPTION,-6
2024-03-01,2024-04-01,SKU009,CH03,DOWNSIDE,FV_DOWNSIDE_202404,3840,74914560.0,80996611.33,2196922.54,245813.4,FROZEN,true,2024-05-01,true,ASSUMPTION,14
2024-03-01,2024-04-01,SKU010,CH03,BASE,FV_BASE_202404,3090,68894640.0,57104313.13,1846153.39,195090.0,FROZEN,true,2024-05-01,true,ASSUMPTION,0
2024-03-01,2024-04-01,SKU010,CH03,UPSIDE,FV_UPSIDE_202404,3210,71570160.0,56006153.26,1846153.39,191188.2,FROZEN,true,2024-05-01,true,ASSUMPTION,-6
2024-03-01,2024-04-01,SKU010,CH03,DOWNSIDE,FV_DOWNSIDE_202404,2880,64212480.0,59849712.8,1883076.46,210697.2,FROZEN,true,2024-05-01,true,ASSUMPTION,14
2024-03-01,2024-04-01,SKU011,CH03,BASE,FV_BASE_202404,2060,66980900.0,33310849.32,1794871.35,189670.83,FROZEN,true,2024-05-01,true,ASSUMPTION,0
2024-03-01,2024-04-01,SKU011,CH03,UPSIDE,FV_UPSIDE_202404,2140,69582100.0,32670256.07,1794871.35,185877.42,FROZEN,true,2024-05-01,true,ASSUMPTION,-6
2024-03-01,2024-04-01,SKU011,CH03,DOWNSIDE,FV_DOWNSIDE_202404,1920,62428800.0,34912332.46,1830768.78,204844.5,FROZEN,true,2024-05-01,true,ASSUMPTION,14
2024-03-01,2024-04-01,SKU012,CH03,BASE,FV_BASE_202404,3090,83247690.0,53820815.13,2230768.68,235733.75,FROZEN,true,2024-05-01,true,ASSUMPTION,0
2024-03-01,2024-04-01,SKU012,CH03,UPSIDE,FV_UPSIDE_202404,3210,86480610.0,52785799.46,2230768.68,231019.08,FROZEN,true,2024-05-01,true,ASSUMPTION,-6
2024-03-01,2024-04-01,SKU012,CH03,DOWNSIDE,FV_DOWNSIDE_202404,2880,77590080.0,56408354.32,2275384.05,254592.45,FROZEN,true,2024-05-01,true,ASSUMPTION,14
2024-03-01,2024-04-01,SKU001,CH04,BASE,FV_BASE_202404,2060,60156120.0,37856773.97,1626362.59,170345.0,FROZEN,true,2024-05-01,true,ASSUMPTION,0
2024-03-01,2024-04-01,SKU001,CH04,UPSIDE,FV_UPSIDE_202404,2140,62492280.0,37128759.08,1626362.59,166938.1,FROZEN,true,2024-05-01,true,ASSUMPTION,-6
2024-03-01,2024-04-01,SKU001,CH04,DOWNSIDE,FV_DOWNSIDE_202404,1920,56067840.0,39676811.18,1658889.84,183972.6,FROZEN,true,2024-05-01,true,ASSUMPTION,14
2024-03-01,2024-04-01,SKU002,CH04,BASE,FV_BASE_202404,2060,69858720.0,39566434.72,1888679.14,197820.0,FROZEN,true,2024-05-01,true,ASSUMPTION,0
2024-03-01,2024-04-01,SKU002,CH04,UPSIDE,FV_UPSIDE_202404,2140,72571680.0,38805541.75,1888679.14,193863.6,FROZEN,true,2024-05-01,true,ASSUMPTION,-6
2024-03-01,2024-04-01,SKU002,CH04,DOWNSIDE,FV_DOWNSIDE_202404,1920,65111040.0,41468667.16,1926452.72,213645.6,FROZEN,true,2024-05-01,true,ASSUMPTION,14
2024-03-01,2024-04-01,SKU003,CH04,BASE,FV_BASE_202404,1030,31048320.0,18562031.1,839412.95,87920.0,FROZEN,true,2024-05-01,true,ASSUMPTION,0
2024-03-01,2024-04-01,SKU003,CH04,UPSIDE,FV_UPSIDE_202404,1070,32254080.0,18205068.97,839412.95,86161.6,FROZEN,true,2024-05-01,true,ASSUMPTION,-6
2024-03-01,2024-04-01,SKU003,CH04,DOWNSIDE,FV_DOWNSIDE_202404,960,28938240.0,19454436.44,856201.21,94953.6,FROZEN,true,2024-05-01,true,ASSUMPTION,14
2024-03-01,2024-04-01,SKU004,CH04,BASE,FV_BASE_202404,2060,54334560.0,37612536.71,1468972.66,153860.0,FROZEN,true,2024-05-01,true,ASSUMPTION,0
2024-03-01,2024-04-01,SKU004,CH04,UPSIDE,FV_UPSIDE_202404,2140,56444640.0,36889218.69,1468972.66,150782.8,FROZEN,true,2024-05-01,true,ASSUMPTION,-6
2024-03-01,2024-04-01,SKU004,CH04,DOWNSIDE,FV_DOWNSIDE_202404,1920,50641920.0,39420831.74,1498352.11,166168.8,FROZEN,true,2024-05-01,true,ASSUMPTION,14
2024-03-01,2024-04-01,SKU005,CH04,BASE,FV_BASE_202404,2060,52394040.0,37917833.27,1416509.35,148365.0,FROZEN,true,2024-05-01,true,ASSUMPTION,0
2024-03-01,2024-04-01,SKU005,CH04,UPSIDE,FV_UPSIDE_202404,2140,54428760.0,37188644.17,1416509.35,145397.7,FROZEN,true,2024-05-01,true,ASSUMPTION,-6
2024-03-01,2024-04-01,SKU005,CH04,DOWNSIDE,FV_DOWNSIDE_202404,1920,48833280.0,39740806.03,1444839.54,160234.2,FROZEN,true,2024-05-01,true,ASSUMPTION,14
2024-03-01,2024-04-01,SKU006,CH04,BASE,FV_BASE_202404,1030,29107800.0,19233683.55,786949.64,82425.0,FROZEN,true,2024-05-01,true,ASSUMPTION,0
2024-03-01,2024-04-01,SKU006,CH04,UPSIDE,FV_UPSIDE_202404,1070,30238200.0,18863805.02,786949.64,80776.5,FROZEN,true,2024-05-01,true,ASSUMPTION,-6
2024-03-01,2024-04-01,SKU006,CH04,DOWNSIDE,FV_DOWNSIDE_202404,960,27129600.0,20158379.87,802688.63,89019.0,FROZEN,true,2024-05-01,true,ASSUMPTION,14
2024-03-01,2024-04-01,SKU007,CH04,BASE,FV_BASE_202404,2060,44631960.0,38620015.38,1206656.12,126385.0,FROZEN,true,2024-05-01,true,ASSUMPTION,0
2024-03-01,2024-04-01,SKU007,CH04,UPSIDE,FV_UPSIDE_202404,2140,46365240.0,37877322.77,1206656.12,123857.3,FROZEN,true,2024-05-01,true,ASSUMPTION,-6
2024-03-01,2024-04-01,SKU007,CH04,DOWNSIDE,FV_DOWNSIDE_202404,1920,41598720.0,40476746.89,1230789.24,136495.8,FROZEN,true,2024-05-01,true,ASSUMPTION,14
2024-03-01,2024-04-01,SKU008,CH04,BASE,FV_BASE_202404,2060,48513000.0,39688553.35,1311582.73,137375.0,FROZEN,true,2024-05-01,true,ASSUMPTION,0
2024-03-01,2024-04-01,SKU008,CH04,UPSIDE,FV_UPSIDE_202404,2140,50397000.0,38925311.94,1311582.73,134627.5,FROZEN,true,2024-05-01,true,ASSUMPTION,-6
2024-03-01,2024-04-01,SKU008,CH04,DOWNSIDE,FV_DOWNSIDE_202404,1920,45216000.0,41596656.88,1337814.38,148365.0,FROZEN,true,2024-05-01,true,ASSUMPTION,14
2024-03-01,2024-04-01,SKU009,CH04,BASE,FV_BASE_202404,2060,40750920.0,37185121.52,1101729.5,115395.0,FROZEN,true,2024-05-01,true,ASSUMPTION,0
2024-03-01,2024-04-01,SKU009,CH04,UPSIDE,FV_UPSIDE_202404,2140,42333480.0,36470023.03,1101729.5,113087.1,FROZEN,true,2024-05-01,true,ASSUMPTION,-6
2024-03-01,2024-04-01,SKU009,CH04,DOWNSIDE,FV_DOWNSIDE_202404,1920,37981440.0,38972867.75,1123764.09,124626.6,FROZEN,true,2024-05-01,true,ASSUMPTION,14
2024-03-01,2024-04-01,SKU010,CH04,BASE,FV_BASE_202404,2060,46572480.0,36635587.71,1259119.42,131880.0,FROZEN,true,2024-05-01,true,ASSUMPTION,0
2024-03-01,2024-04-01,SKU010,CH04,UPSIDE,FV_UPSIDE_202404,2140,48381120.0,35931057.17,1259119.42,129242.4,FROZEN,true,2024-05-01,true,ASSUMPTION,-6
2024-03-01,2024-04-01,SKU010,CH04,DOWNSIDE,FV_DOWNSIDE_202404,1920,43407360.0,38396914.04,1284301.81,142430.4,FROZEN,true,2024-05-01,true,ASSUMPTION,14
2024-03-01,2024-04-01,SKU011,CH04,BASE,FV_BASE_202404,1030,33959100.0,16028069.63,918107.91,96162.5,FROZEN,true,2024-05-01,true,ASSUMPTION,0
2024-03-01,2024-04-01,SKU011,CH04,UPSIDE,FV_UPSIDE_202404,1070,35277900.0,15719837.52,918107.91,94239.25,FROZEN,true,2024-05-01,true,ASSUMPTION,-6
2024-03-01,2024-04-01,SKU011,CH04,DOWNSIDE,FV_DOWNSIDE_202404,960,31651200.0,16798649.9,936470.07,103855.5,FROZEN,true,2024-05-01,true,ASSUMPTION,14
2024-03-01,2024-04-01,SKU012,CH04,BASE,FV_BASE_202404,1030,28137540.0,17264520.7,760717.99,79677.5,FROZEN,true,2024-05-01,true,ASSUMPTION,0
2024-03-01,2024-04-01,SKU012,CH04,UPSIDE,FV_UPSIDE_202404,1070,29230260.0,16932510.68,760717.99,78083.95,FROZEN,true,2024-05-01,true,ASSUMPTION,-6
2024-03-01,2024-04-01,SKU012,CH04,DOWNSIDE,FV_DOWNSIDE_202404,960,26225280.0,18094545.73,775932.35,86051.7,FROZEN,true,2024-05-01,true,ASSUMPTION,14
2024-03-01,2024-04-01,SKU001,CH05,BASE,FV_BASE_202404,3090,91383660.0,50571542.4,2170218.24,258772.5,FROZEN,true,2024-05-01,true,ASSUMPTION,0
2024-03-01,2024-04-01,SKU001,CH05,UPSIDE,FV_UPSIDE_202404,3210,94932540.0,49599012.74,2170218.24,253597.05,FROZEN,true,2024-05-01,true,ASSUMPTION,-6
2024-03-01,2024-04-01,SKU001,CH05,DOWNSIDE,FV_DOWNSIDE_202404,2880,85173120.0,53002866.56,2213622.6,279474.3,FROZEN,true,2024-05-01,true,ASSUMPTION,14
2024-03-01,2024-04-01,SKU002,CH05,BASE,FV_BASE_202404,2060,70748640.0,35236945.67,1680168.96,200340.0,FROZEN,true,2024-05-01,true,ASSUMPTION,0
2024-03-01,2024-04-01,SKU002,CH05,UPSIDE,FV_UPSIDE_202404,2140,73496160.0,34559312.1,1680168.96,196333.2,FROZEN,true,2024-05-01,true,ASSUMPTION,-6
2024-03-01,2024-04-01,SKU002,CH05,DOWNSIDE,FV_DOWNSIDE_202404,1920,65940480.0,36931029.6,1713772.34,216367.2,FROZEN,true,2024-05-01,true,ASSUMPTION,14
2024-03-01,2024-04-01,SKU003,CH05,BASE,FV_BASE_202404,2060,62887680.0,33061825.57,1493483.52,178080.0,FROZEN,true,2024-05-01,true,ASSUMPTION,0
2024-03-01,2024-04-01,SKU003,CH05,UPSIDE,FV_UPSIDE_202404,2140,65329920.0,32426021.23,1493483.52,174518.4,FROZEN,true,2024-05-01,true,ASSUMPTION,-6
2024-03-01,2024-04-01,SKU003,CH05,DOWNSIDE,FV_DOWNSIDE_202404,1920,58613760.0,34651336.41,1523353.19,192326.4,FROZEN,true,2024-05-01,true,ASSUMPTION,14
2024-03-01,2024-04-01,SKU004,CH05,BASE,FV_BASE_202404,3090,82540080.0,50245274.38,1960197.12,233730.0,FROZEN,true,2024-05-01,true,ASSUMPTION,0
2024-03-01,2024-04-01,SKU004,CH05,UPSIDE,FV_UPSIDE_202404,3210,85745520.0,49279019.11,1960197.12,229055.4,FROZEN,true,2024-05-01,true,ASSUMPTION,-6
2024-03-01,2024-04-01,SKU004,CH05,DOWNSIDE,FV_DOWNSIDE_202404,2880,76930560.0,52660912.57,1999401.06,252428.4,FROZEN,true,2024-05-01,true,ASSUMPTION,14
2024-03-01,2024-04-01,SKU005,CH05,BASE,FV_BASE_202404,2060,53061480.0,33768739.61,1260126.72,150255.0,FROZEN,true,2024-05-01,true,ASSUMPTION,0
2024-03-01,2024-04-01,SKU005,CH05,UPSIDE,FV_UPSIDE_202404,2140,55122120.0,33119340.77,1260126.72,147249.9,FROZEN,true,2024-05-01,true,ASSUMPTION,-6
2024-03-01,2024-04-01,SKU005,CH05,DOWNSIDE,FV_DOWNSIDE_202404,1920,49455360.0,35392236.7,1285329.25,162275.4,FROZEN,true,2024-05-01,true,ASSUMPTION,14
2024-03-01,2024-04-01,SKU006,CH05,BASE,FV_BASE_202404,2060,58957200.0,34258141.62,1400140.8,166950.0,FROZEN,true,2024-05-01,true,ASSUMPTION,0
2024-03-01,2024-04-01,SKU006,CH05,UPSIDE,FV_UPSIDE_202404,2140,61246800.0,33599331.21,1400140.8,163611.0,FROZEN,true,2024-05-01,true,ASSUMPTION,-6
2024-03-01,2024-04-01,SKU006,CH05,DOWNSIDE,FV_DOWNSIDE_202404,1920,54950400.0,35905167.66,1428143.62,180306.0,FROZEN,true,2024-05-01,true,ASSUMPTION,14
2024-03-01,2024-04-01,SKU007,CH05,BASE,FV_BASE_202404,3090,67800780.0,51591129.95,1610161.92,191992.5,FROZEN,true,2024-05-01,true,ASSUMPTION,0
2024-03-01,2024-04-01,SKU007,CH05,UPSIDE,FV_UPSIDE_202404,3210,70433820.0,50598992.83,1610161.92,188152.65,FROZEN,true,2024-05-01,true,ASSUMPTION,-6
2024-03-01,2024-04-01,SKU007,CH05,DOWNSIDE,FV_DOWNSIDE_202404,2880,63192960.0,54071472.73,1642365.16,207351.9,FROZEN,true,2024-05-01,true,ASSUMPTION,14
2024-03-01,2024-04-01,SKU008,CH05,BASE,FV_BASE_202404,2060,49131000.0,35345701.67,1166784.0,139125.0,FROZEN,true,2024-05-01,true,ASSUMPTION,0
2024-03-01,2024-04-01,SKU008,CH05,UPSIDE,FV_UPSIDE_202404,2140,51039000.0,34665976.64,1166784.0,136342.5,FROZEN,true,2024-05-01,true,ASSUMPTION,-6
2024-03-01,2024-04-01,SKU008,CH05,DOWNSIDE,FV_DOWNSIDE_202404,1920,45792000.0,37045014.25,1190119.68,150255.0,FROZEN,true,2024-05-01,true,ASSUMPTION,14
2024-03-01,2024-04-01,SKU009,CH05,BASE,FV_BASE_202404,3090,61905060.0,49674305.36,1470147.84,175297.5,FROZEN,true,2024-05-01,true,ASSUMPTION,0
2024-03-01,2024-04-01,SKU009,CH05,UPSIDE,FV_UPSIDE_202404,3210,64309140.0,48719030.25,1470147.84,171791.55,FROZEN,true,2024-05-01,true,ASSUMPTION,-6
2024-03-01,2024-04-01,SKU009,CH05,DOWNSIDE,FV_DOWNSIDE_202404,2880,57697920.0,52062493.11,1499550.8,189321.3,FROZEN,true,2024-05-01,true,ASSUMPTION,14
2024-03-01,2024-04-01,SKU010,CH05,BASE,FV_BASE_202404,2060,47165760.0,32626801.55,1120112.64,133560.0,FROZEN,true,2024-05-01,true,ASSUMPTION,0
2024-03-01,2024-04-01,SKU010,CH05,UPSIDE,FV_UPSIDE_202404,2140,48997440.0,31999363.06,1120112.64,130888.8,FROZEN,true,2024-05-01,true,ASSUMPTION,-6
2024-03-01,2024-04-01,SKU010,CH05,DOWNSIDE,FV_DOWNSIDE_202404,1920,43960320.0,34195397.78,1142514.89,144244.8,FROZEN,true,2024-05-01,true,ASSUMPTION,14
2024-03-01,2024-04-01,SKU011,CH05,BASE,FV_BASE_202404,1030,34391700.0,14274225.68,816748.8,97387.5,FROZEN,true,2024-05-01,true,ASSUMPTION,0
2024-03-01,2024-04-01,SKU011,CH05,UPSIDE,FV_UPSIDE_202404,1070,35727300.0,13999721.34,816748.8,95439.75,FROZEN,true,2024-05-01,true,ASSUMPTION,-6
2024-03-01,2024-04-01,SKU011,CH05,DOWNSIDE,FV_DOWNSIDE_202404,960,32054400.0,14960486.53,833083.78,105178.5,FROZEN,true,2024-05-01,true,ASSUMPTION,14
2024-03-01,2024-04-01,SKU012,CH05,BASE,FV_BASE_202404,2060,56991960.0,30750760.46,1353469.44,161385.0,FROZEN,true,2024-05-01,true,ASSUMPTION,0
2024-03-01,2024-04-01,SKU012,CH05,UPSIDE,FV_UPSIDE_202404,2140,59205240.0,30159399.68,1353469.44,158157.3,FROZEN,true,2024-05-01,true,ASSUMPTION,-6
2024-03-01,2024-04-01,SKU012,CH05,DOWNSIDE,FV_DOWNSIDE_202404,1920,53118720.0,32229162.4,1380538.83,174295.8,FROZEN,true,2024-05-01,true,ASSUMPTION,14
2024-04-01,2024-05-01,SKU001,CH01,BASE,FV_BASE_202405,8240,243689760.0,143947928.36,6180489.16,690060.0,FROZEN,true,2024-06-01,true,ASSUMPTION,0
2024-04-01,2024-05-01,SKU001,CH01,UPSIDE,FV_UPSIDE_202405,8560,253153440.0,141179698.97,6180489.16,676258.8,FROZEN,true,2024-06-01,true,ASSUMPTION,-6
2024-04-01,2024-05-01,SKU001,CH01,DOWNSIDE,FV_DOWNSIDE_202405,7680,227128320.0,150868501.84,6304098.94,745264.8,FROZEN,true,2024-06-01,true,ASSUMPTION,14
2024-04-01,2024-05-01,SKU002,CH01,BASE,FV_BASE_202405,5150,176871600.0,94030501.59,4485838.9,500850.0,FROZEN,true,2024-06-01,true,ASSUMPTION,0
2024-04-01,2024-05-01,SKU002,CH01,UPSIDE,FV_UPSIDE_202405,5350,183740400.0,92222222.72,4485838.9,490833.0,FROZEN,true,2024-06-01,true,ASSUMPTION,-6
2024-04-01,2024-05-01,SKU002,CH01,DOWNSIDE,FV_DOWNSIDE_202405,4800,164851200.0,98551198.79,4575555.68,540918.0,FROZEN,true,2024-06-01,true,ASSUMPTION,14
2024-04-01,2024-05-01,SKU003,CH01,BASE,FV_BASE_202405,5150,157219200.0,88226149.65,3987412.36,445200.0,FROZEN,true,2024-06-01,true,ASSUMPTION,0
2024-04-01,2024-05-01,SKU003,CH01,UPSIDE,FV_UPSIDE_202405,5350,163324800.0,86529492.92,3987412.36,436296.0,FROZEN,true,2024-06-01,true,ASSUMPTION,-6
2024-04-01,2024-05-01,SKU003,CH01,DOWNSIDE,FV_DOWNSIDE_202405,4800,146534400.0,92467791.46,4067160.61,480816.0,FROZEN,true,2024-06-01,true,ASSUMPTION,14
2024-04-01,2024-05-01,SKU004,CH01,BASE,FV_BASE_202405,7210,192593520.0,125141828.05,4884580.14,545370.0,FROZEN,true,2024-06-01,true,ASSUMPTION,0
2024-04-01,2024-05-01,SKU004,CH01,UPSIDE,FV_UPSIDE_202405,7490,200072880.0,122735254.44,4884580.14,534462.6,FROZEN,true,2024-06-01,true,ASSUMPTION,-6
2024-04-01,2024-05-01,SKU004,CH01,DOWNSIDE,FV_DOWNSIDE_202405,6720,179504640.0,131158262.09,4982271.74,588999.6,FROZEN,true,2024-06-01,true,ASSUMPTION,14
2024-04-01,2024-05-01,SKU005,CH01,BASE,FV_BASE_202405,6180,159184440.0,108135076.84,4037255.01,450765.0,FROZEN,true,2024-06-01,true,ASSUMPTION,0
2024-04-01,2024-05-01,SKU005,CH01,UPSIDE,FV_UPSIDE_202405,6420,165366360.0,106055556.13,4037255.01,441749.7,FROZEN,true,2024-06-01,true,ASSUMPTION,-6
2024-04-01,2024-05-01,SKU005,CH01,DOWNSIDE,FV_DOWNSIDE_202405,5760,148366080.0,113333878.61,4118000.11,486826.2,FROZEN,true,2024-06-01,true,ASSUMPTION,14
2024-04-01,2024-05-01,SKU006,CH01,BASE,FV_BASE_202405,5150,147393000.0,91418543.22,3738199.09,417375.0,FROZEN,true,2024-06-01,true,ASSUMPTION,0
2024-04-01,2024-05-01,SKU006,CH01,UPSIDE,FV_UPSIDE_202405,5350,153117000.0,89660494.31,3738199.09,409027.5,FROZEN,true,2024-06-01,true,ASSUMPTION,-6
2024-04-01,2024-05-01,SKU006,CH01,DOWNSIDE,FV_DOWNSIDE_202405,4800,137376000.0,95813665.49,3812963.07,450765.0,FROZEN,true,2024-06-01,true,ASSUMPTION,14
2024-04-01,2024-05-01,SKU007,CH01,BASE,FV_BASE_202405,8240,180802080.0,146850104.35,4585524.21,511980.0,FROZEN,true,2024-06-01,true,ASSUMPTION,0
2024-04-01,2024-05-01,SKU007,CH01,UPSIDE,FV_UPSIDE_202405,8560,187823520.0,144026063.88,4585524.21,501740.4,FROZEN,true,2024-06-01,true,ASSUMPTION,-6
2024-04-01,2024-05-01,SKU007,CH01,DOWNSIDE,FV_DOWNSIDE_202405,7680,168514560.0,153910205.52,4677234.69,552938.4,FROZEN,true,2024-06-01,true,ASSUMPTION,14
2024-04-01,2024-05-01,SKU008,CH01,BASE,FV_BASE_202405,6180,147393000.0,113184863.03,3738199.09,417375.0,FROZEN,true,2024-06-01,true,ASSUMPTION,0
2024-04-01,2024-05-01,SKU008,CH01,UPSIDE,FV_UPSIDE_202405,6420,153117000.0,111008231.05,3738199.09,409027.5,FROZEN,true,2024-06-01,true,ASSUMPTION,-6
2024-04-01,2024-05-01,SKU008,CH01,DOWNSIDE,FV_DOWNSIDE_202405,5760,137376000.0,118626442.99,3812963.07,450765.0,FROZEN,true,2024-06-01,true,ASSUMPTION,14
2024-04-01,2024-05-01,SKU009,CH01,BASE,FV_BASE_202405,7210,144445140.0,123719761.82,3663435.11,409027.5,FROZEN,true,2024-06-01,true,ASSUMPTION,0
2024-04-01,2024-05-01,SKU009,CH01,UPSIDE,FV_UPSIDE_202405,7490,150054660.0,121340535.63,3663435.11,400846.95,FROZEN,true,2024-06-01,true,ASSUMPTION,-6
2024-04-01,2024-05-01,SKU009,CH01,DOWNSIDE,FV_DOWNSIDE_202405,6720,134628480.0,129667827.29,3736703.81,441749.7,FROZEN,true,2024-06-01,true,ASSUMPTION,14
2024-04-01,2024-05-01,SKU010,CH01,BASE,FV_BASE_202405,6180,141497280.0,104478335.1,3588671.12,400680.0,FROZEN,true,2024-06-01,true,ASSUMPTION,0
2024-04-01,2024-05-01,SKU010,CH01,UPSIDE,FV_UPSIDE_202405,6420,146992320.0,102469136.35,3588671.12,392666.4,FROZEN,true,2024-06-01,true,ASSUMPTION,-6
2024-04-01,2024-05-01,SKU010,CH01,DOWNSIDE,FV_DOWNSIDE_202405,5760,131880960.0,109501331.98,3660444.54,432734.4,FROZEN,true,2024-06-01,true,ASSUMPTION,14
2024-04-01,2024-05-01,SKU011,CH01,BASE,FV_BASE_202405,3090,103175100.0,45709271.61,2616739.36,292162.5,FROZEN,true,2024-06-01,true,ASSUMPTION,0
2024-04-01,2024-05-01,SKU011,CH01,UPSIDE,FV_UPSIDE_202405,3210,107181900.0,44830247.15,2616739.36,286319.25,FROZEN,true,2024-06-01,true,ASSUMPTION,-6
2024-04-01,2024-05-01,SKU011,CH01,DOWNSIDE,FV_DOWNSIDE_202405,2880,96163200.0,47906832.74,2669074.15,315535.5,FROZEN,true,2024-06-01,true,ASSUMPTION,14
2024-04-01,2024-05-01,SKU012,CH01,BASE,FV_BASE_202405,5150,142479900.0,82059025.69,3613592.45,403462.5,FROZEN,true,2024-06-01,true,ASSUMPTION,0
2024-04-01,2024-05-01,SKU012,CH01,UPSIDE,FV_UPSIDE_202405,5350,148013100.0,80480967.51,3613592.45,395393.25,FROZEN,true,2024-06-01,true,ASSUMPTION,-6
2024-04-01,2024-05-01,SKU012,CH01,DOWNSIDE,FV_DOWNSIDE_202405,4800,132796800.0,86004171.16,3685864.3,435739.5,FROZEN,true,2024-06-01,true,ASSUMPTION,14
2024-04-01,2024-05-01,SKU001,CH02,BASE,FV_BASE_202405,6180,182767320.0,106739777.11,6749445.85,517545.0,FROZEN,true,2024-06-01,true,ASSUMPTION,0
2024-04-01,2024-05-01,SKU001,CH02,UPSIDE,FV_UPSIDE_202405,6420,189865080.0,104687089.09,6749445.85,507194.1,FROZEN,true,2024-06-01,true,ASSUMPTION,-6
2024-04-01,2024-05-01,SKU001,CH02,DOWNSIDE,FV_DOWNSIDE_202405,5760,170346240.0,111871497.17,6884434.77,558948.6,FROZEN,true,2024-06-01,true,ASSUMPTION,14
2024-04-01,2024-05-01,SKU002,CH02,BASE,FV_BASE_202405,4120,141497280.0,74373522.12,5225377.43,400680.0,FROZEN,true,2024-06-01,true,ASSUMPTION,0
2024-04-01,2024-05-01,SKU002,CH02,UPSIDE,FV_UPSIDE_202405,4280,146992320.0,72943262.08,5225377.43,392666.4,FROZEN,true,2024-06-01,true,ASSUMPTION,-6
2024-04-01,2024-05-01,SKU002,CH02,DOWNSIDE,FV_DOWNSIDE_202405,3840,131880960.0,77949172.22,5329884.98,432734.4,FROZEN,true,2024-06-01,true,ASSUMPTION,14
2024-04-01,2024-05-01,SKU003,CH02,BASE,FV_BASE_202405,4120,125775360.0,69782563.97,4644779.94,356160.0,FROZEN,true,2024-06-01,true,ASSUMPTION,0
2024-04-01,2024-05-01,SKU003,CH02,UPSIDE,FV_UPSIDE_202405,4280,130659840.0,68440591.58,4644779.94,349036.8,FROZEN,true,2024-06-01,true,ASSUMPTION,-6
2024-04-01,2024-05-01,SKU003,CH02,DOWNSIDE,FV_DOWNSIDE_202405,3840,117227520.0,73137494.93,4737675.54,384652.8,FROZEN,true,2024-06-01,true,ASSUMPTION,14
2024-04-01,2024-05-01,SKU004,CH02,BASE,FV_BASE_202405,5150,137566800.0,88375944.5,5080228.06,389550.0,FROZEN,true,2024-06-01,true,ASSUMPTION,0
2024-04-01,2024-05-01,SKU004,CH02,UPSIDE,FV_UPSIDE_202405,5350,142909200.0,86676407.1,5080228.06,381759.0,FROZEN,true,2024-06-01,true,ASSUMPTION,-6
2024-04-01,2024-05-01,SKU004,CH02,DOWNSIDE,FV_DOWNSIDE_202405,4800,128217600.0,92624787.98,5181832.62,420714.0,FROZEN,true,2024-06-01,true,ASSUMPTION,14
2024-04-01,2024-05-01,SKU005,CH02,BASE,FV_BASE_202405,4120,106122960.0,71274625.36,3919033.08,300510.0,FROZEN,true,2024-06-01,true,ASSUMPTION,0
2024-04-01,2024-05-01,SKU005,CH02,UPSIDE,FV_UPSIDE_202405,4280,110244240.0,69903959.49,3919033.08,294499.8,FROZEN,true,2024-06-01,true,ASSUMPTION,-6
2024-04-01,2024-05-01,SKU005,CH02,DOWNSIDE,FV_DOWNSIDE_202405,3840,98910720.0,74701290.05,3997413.74,324550.8,FROZEN,true,2024-06-01,true,ASSUMPTION,14
2024-04-01,2024-05-01,SKU006,CH02,BASE,FV_BASE_202405,4120,117914400.0,72307590.95,4354481.19,333900.0,FROZEN,true,2024-06-01,true,ASSUMPTION,0
2024-04-01,2024-05-01,SKU006,CH02,UPSIDE,FV_UPSIDE_202405,4280,122493600.0,70917060.36,4354481.19,327222.0,FROZEN,true,2024-06-01,true,ASSUMPTION,-6
2024-04-01,2024-05-01,SKU006,CH02,DOWNSIDE,FV_DOWNSIDE_202405,3840,109900800.0,75783917.44,4441570.81,360612.0,FROZEN,true,2024-06-01,true,ASSUMPTION,14
2024-04-01,2024-05-01,SKU007,CH02,BASE,FV_BASE_202405,6180,135601560.0,108891788.75,5007653.37,383985.0,FROZEN,true,2024-06-01,true,ASSUMPTION,0
2024-04-01,2024-05-01,SKU007,CH02,UPSIDE,FV_UPSIDE_202405,6420,140867640.0,106797715.89,5007653.37,376305.3,FROZEN,true,2024-06-01,true,ASSUMPTION,-6
2024-04-01,2024-05-01,SKU007,CH02,DOWNSIDE,FV_DOWNSIDE_202405,5760,126385920.0,114126970.9,5107806.44,414703.8,FROZEN,true,2024-06-01,true,ASSUMPTION,14
2024-04-01,2024-05-01,SKU008,CH02,BASE,FV_BASE_202405,5150,122827500.0,93253837.53,4535917.91,347812.5,FROZEN,true,2024-06-01,true,ASSUMPTION,0
2024-04-01,2024-05-01,SKU008,CH02,UPSIDE,FV_UPSIDE_202405,5350,127597500.0,91460494.5,4535917.91,340856.25,FROZEN,true,2024-06-01,true,ASSUMPTION,-6
2024-04-01,2024-05-01,SKU008,CH02,DOWNSIDE,FV_DOWNSIDE_202405,4800,114480000.0,97737195.1,4626636.27,375637.5,FROZEN,true,2024-06-01,true,ASSUMPTION,14
2024-04-01,2024-05-01,SKU009,CH02,BASE,FV_BASE_202405,6180,123810120.0,104846006.88,4572205.25,350595.0,FROZEN,true,2024-06-01,true,ASSUMPTION,0
2024-04-01,2024-05-01,SKU009,CH02,UPSIDE,FV_UPSIDE_202405,6420,128618280.0,102829737.51,4572205.25,343583.1,FROZEN,true,2024-06-01,true,ASSUMPTION,-6
2024-04-01,2024-05-01,SKU009,CH02,DOWNSIDE,FV_DOWNSIDE_202405,5760,115395840.0,109886680.28,4663649.36,378642.6,FROZEN,true,2024-06-01,true,ASSUMPTION,14
2024-04-01,2024-05-01,SKU010,CH02,BASE,FV_BASE_202405,4120,94331520.0,68864372.34,3483584.96,267120.0,FROZEN,true,2024-06-01,true,ASSUMPTION,0
2024-04-01,2024-05-01,SKU010,CH02,UPSIDE,FV_UPSIDE_202405,4280,97994880.0,67540057.48,3483584.96,261777.6,FROZEN,true,2024-06-01,true,ASSUMPTION,-6
2024-04-01,2024-05-01,SKU010,CH02,DOWNSIDE,FV_DOWNSIDE_202405,3840,87920640.0,72175159.47,3553256.66,288489.6,FROZEN,true,2024-06-01,true,ASSUMPTION,14
2024-04-01,2024-05-01,SKU011,CH02,BASE,FV_BASE_202405,3090,103175100.0,45192244.34,3810171.05,292162.5,FROZEN,true,2024-06-01,true,ASSUMPTION,0
2024-04-01,2024-05-01,SKU011,CH02,UPSIDE,FV_UPSIDE_202405,3210,107181900.0,44323162.72,3810171.05,286319.25,FROZEN,true,2024-06-01,true,ASSUMPTION,-6
2024-04-01,2024-05-01,SKU011,CH02,DOWNSIDE,FV_DOWNSIDE_202405,2880,96163200.0,47364948.4,3886374.47,315535.5,FROZEN,true,2024-06-01,true,ASSUMPTION,14
2024-04-01,2024-05-01,SKU012,CH02,BASE,FV_BASE_202405,4120,113983920.0,64904670.92,4209331.82,322770.0,FROZEN,true,2024-06-01,true,ASSUMPTION,0
2024-04-01,2024-05-01,SKU012,CH02,UPSIDE,FV_UPSIDE_202405,4280,118410480.0,63656504.17,4209331.82,316314.6,FROZEN,true,2024-06-01,true,ASSUMPTION,-6
2024-04-01,2024-05-01,SKU012,CH02,DOWNSIDE,FV_DOWNSIDE_202405,3840,106237440.0,68025087.79,4293518.46,348591.6,FROZEN,true,2024-06-01,true,ASSUMPTION,14
2024-04-01,2024-05-01,SKU001,CH03,BASE,FV_BASE_202405,4120,118651880.0,78362907.48,3166791.17,335988.33,FROZEN,true,2024-06-01,true,ASSUMPTION,0
2024-04-01,2024-05-01,SKU001,CH03,UPSIDE,FV_UPSIDE_202405,4280,123259720.0,76855928.49,3166791.17,329268.57,FROZEN,true,2024-06-01,true,ASSUMPTION,-6
2024-04-01,2024-05-01,SKU001,CH03,DOWNSIDE,FV_DOWNSIDE_202405,3840,110588160.0,82130354.96,3230126.99,362867.4,FROZEN,true,2024-06-01,true,ASSUMPTION,14
2024-04-01,2024-05-01,SKU002,CH03,BASE,FV_BASE_202405,3090,103341960.0,61426408.12,2758172.95,292635.0,FROZEN,true,2024-06-01,true,ASSUMPTION,0
2024-04-01,2024-05-01,SKU002,CH03,UPSIDE,FV_UPSIDE_202405,3210,107355240.0,60245131.04,2758172.95,286782.3,FROZEN,true,2024-06-01,true,ASSUMPTION,-6
2024-04-01,2024-05-01,SKU002,CH03,DOWNSIDE,FV_DOWNSIDE_202405,2880,96318720.0,64379600.82,2813336.41,316045.8,FROZEN,true,2024-06-01,true,ASSUMPTION,14
2024-04-01,2024-05-01,SKU003,CH03,BASE,FV_BASE_202405,3090,91859520.0,57634654.53,2451709.29,260120.0,FROZEN,true,2024-06-01,true,ASSUMPTION,0
2024-04-01,2024-05-01,SKU003,CH03,UPSIDE,FV_UPSIDE_202405,3210,95426880.0,56526295.79,2451709.29,254917.6,FROZEN,true,2024-06-01,true,ASSUMPTION,-6
2024-04-01,2024-05-01,SKU003,CH03,DOWNSIDE,FV_DOWNSIDE_202405,2880,85616640.0,60405551.38,2500743.48,280929.6,FROZEN,true,2024-06-01,true,ASSUMPTION,14
2024-04-01,2024-05-01,SKU004,CH03,BASE,FV_BASE_202405,4120,107169440.0,77857340.34,2860327.51,303473.33,FROZEN,true,2024-06-01,true,ASSUMPTION,0
2024-04-01,2024-05-01,SKU004,CH03,UPSIDE,FV_UPSIDE_202405,4280,111331360.0,76360083.8,2860327.51,297403.87,FROZEN,true,2024-06-01,true,ASSUMPTION,-6
2024-04-01,2024-05-01,SKU004,CH03,DOWNSIDE,FV_DOWNSIDE_202405,3840,99886080.0,81600481.7,2917534.06,327751.2,FROZEN,true,2024-06-01,true,ASSUMPTION,14
2024-04-01,2024-05-01,SKU005,CH03,BASE,FV_BASE_202405,3090,77506470.0,58866974.45,2068629.71,219476.25,FROZEN,true,2024-06-01,true,ASSUMPTION,0
2024-04-01,2024-05-01,SKU005,CH03,UPSIDE,FV_UPSIDE_202405,3210,80516430.0,57734917.25,2068629.71,215086.73,FROZEN,true,2024-06-01,true,ASSUMPTION,-6
2024-04-01,2024-05-01,SKU005,CH03,DOWNSIDE,FV_DOWNSIDE_202405,2880,72239040.0,61697117.45,2110002.3,237034.35,FROZEN,true,2024-06-01,true,ASSUMPTION,14
2024-04-01,2024-05-01,SKU006,CH03,BASE,FV_BASE_202405,3090,86118300.0,59720119.0,2298477.46,243862.5,FROZEN,true,2024-06-01,true,ASSUMPTION,0
2024-04-01,2024-05-01,SKU006,CH03,UPSIDE,FV_UPSIDE_202405,3210,89462700.0,58571655.18,2298477.46,238985.25,FROZEN,true,2024-06-01,true,ASSUMPTION,-6
2024-04-01,2024-05-01,SKU006,CH03,DOWNSIDE,FV_DOWNSIDE_202405,2880,80265600.0,62591278.57,2344447.01,263371.5,FROZEN,true,2024-06-01,true,ASSUMPTION,14
2024-04-01,2024-05-01,SKU007,CH03,BASE,FV_BASE_202405,4120,88032040.0,79942804.81,2349554.74,249281.67,FROZEN,true,2024-06-01,true,ASSUMPTION,0
2024-04-01,2024-05-01,SKU007,CH03,UPSIDE,FV_UPSIDE_202405,4280,91450760.0,78405443.18,2349554.74,244296.03,FROZEN,true,2024-06-01,true,ASSUMPTION,-6
2024-04-01,2024-05-01,SKU007,CH03,DOWNSIDE,FV_DOWNSIDE_202405,3840,82049280.0,83786208.89,2396545.83,269224.2,FROZEN,true,2024-06-01,true,ASSUMPTION,14
2024-04-01,2024-05-01,SKU008,CH03,BASE,FV_BASE_202405,4120,95687000.0,82154661.07,2553863.85,270958.33,FROZEN,true,2024-06-01,true,ASSUMPTION,0
2024-04-01,2024-05-01,SKU008,CH03,UPSIDE,FV_UPSIDE_202405,4280,99403000.0,80574763.74,2553863.85,265539.17,FROZEN,true,2024-06-01,true,ASSUMPTION,-6
2024-04-01,2024-05-01,SKU008,CH03,DOWNSIDE,FV_DOWNSIDE_202405,3840,89184000.0,86104404.39,2604941.13,292635.0,FROZEN,true,2024-06-01,true,ASSUMPTION,14
2024-04-01,2024-05-01,SKU009,CH03,BASE,FV_BASE_202405,4120,80377080.0,76972597.83,2145245.63,227605.0,FROZEN,true,2024-06-01,true,ASSUMPTION,0
2024-04-01,2024-05-01,SKU009,CH03,UPSIDE,FV_UPSIDE_202405,4280,83498520.0,75492355.57,2145245.63,223052.9,FROZEN,true,2024-06-01,true,ASSUMPTION,-6
2024-04-01,2024-05-01,SKU009,CH03,DOWNSIDE,FV_DOWNSIDE_202405,3840,74914560.0,80673203.5,2188150.54,245813.4,FROZEN,true,2024-06-01,true,ASSUMPTION,14
2024-04-01,2024-05-01,SKU010,CH03,BASE,FV_BASE_202405,3090,68894640.0,56876303.82,1838781.97,195090.0,FROZEN,true,2024-06-01,true,ASSUMPTION,0
2024-04-01,2024-05-01,SKU010,CH03,UPSIDE,FV_UPSIDE_202405,3210,71570160.0,55782528.74,1838781.97,191188.2,FROZEN,true,2024-06-01,true,ASSUMPTION,-6
2024-04-01,2024-05-01,SKU010,CH03,DOWNSIDE,FV_DOWNSIDE_202405,2880,64212480.0,59610741.5,1875557.61,210697.2,FROZEN,true,2024-06-01,true,ASSUMPTION,14
2024-04-01,2024-05-01,SKU011,CH03,BASE,FV_BASE_202405,2060,66980900.0,33177843.89,1787704.69,189670.83,FROZEN,true,2024-06-01,true,ASSUMPTION,0
2024-04-01,2024-05-01,SKU011,CH03,UPSIDE,FV_UPSIDE_202405,2140,69582100.0,32539808.43,1787704.69,185877.42,FROZEN,true,2024-06-01,true,ASSUMPTION,-6
2024-04-01,2024-05-01,SKU011,CH03,DOWNSIDE,FV_DOWNSIDE_202405,1920,62428800.0,34772932.54,1823458.78,204844.5,FROZEN,true,2024-06-01,true,ASSUMPTION,14
2024-04-01,2024-05-01,SKU012,CH03,BASE,FV_BASE_202405,3090,83247690.0,53605916.36,2221861.55,235733.75,FROZEN,true,2024-06-01,true,ASSUMPTION,0
2024-04-01,2024-05-01,SKU012,CH03,UPSIDE,FV_UPSIDE_202405,3210,86480610.0,52575033.36,2221861.55,231019.08,FROZEN,true,2024-06-01,true,ASSUMPTION,-6
2024-04-01,2024-05-01,SKU012,CH03,DOWNSIDE,FV_DOWNSIDE_202405,2880,77590080.0,56183123.88,2266298.78,254592.45,FROZEN,true,2024-06-01,true,ASSUMPTION,14
2024-04-01,2024-05-01,SKU001,CH04,BASE,FV_BASE_202405,2060,60156120.0,37499199.69,1611000.86,170345.0,FROZEN,true,2024-06-01,true,ASSUMPTION,0
2024-04-01,2024-05-01,SKU001,CH04,UPSIDE,FV_UPSIDE_202405,2140,62492280.0,36778061.24,1611000.86,166938.1,FROZEN,true,2024-06-01,true,ASSUMPTION,-6
2024-04-01,2024-05-01,SKU001,CH04,DOWNSIDE,FV_DOWNSIDE_202405,1920,56067840.0,39302045.83,1643220.88,183972.6,FROZEN,true,2024-06-01,true,ASSUMPTION,14
2024-04-01,2024-05-01,SKU002,CH04,BASE,FV_BASE_202405,2060,69858720.0,39192711.94,1870839.71,197820.0,FROZEN,true,2024-06-01,true,ASSUMPTION,0
2024-04-01,2024-05-01,SKU002,CH04,UPSIDE,FV_UPSIDE_202405,2140,72571680.0,38439005.94,1870839.71,193863.6,FROZEN,true,2024-06-01,true,ASSUMPTION,-6
2024-04-01,2024-05-01,SKU002,CH04,DOWNSIDE,FV_DOWNSIDE_202405,1920,65111040.0,41076976.93,1908256.5,213645.6,FROZEN,true,2024-06-01,true,ASSUMPTION,14
2024-04-01,2024-05-01,SKU003,CH04,BASE,FV_BASE_202405,1030,31048320.0,18386704.37,831484.32,87920.0,FROZEN,true,2024-06-01,true,ASSUMPTION,0
2024-04-01,2024-05-01,SKU003,CH04,UPSIDE,FV_UPSIDE_202405,1070,32254080.0,18033113.9,831484.32,86161.6,FROZEN,true,2024-06-01,true,ASSUMPTION,-6
2024-04-01,2024-05-01,SKU003,CH04,DOWNSIDE,FV_DOWNSIDE_202405,960,28938240.0,19270680.54,848114.01,94953.6,FROZEN,true,2024-06-01,true,ASSUMPTION,14
2024-04-01,2024-05-01,SKU004,CH04,BASE,FV_BASE_202405,2060,54334560.0,37257269.38,1455097.55,153860.0,FROZEN,true,2024-06-01,true,ASSUMPTION,0
2024-04-01,2024-05-01,SKU004,CH04,UPSIDE,FV_UPSIDE_202405,2140,56444640.0,36540783.43,1455097.55,150782.8,FROZEN,true,2024-06-01,true,ASSUMPTION,-6
2024-04-01,2024-05-01,SKU004,CH04,DOWNSIDE,FV_DOWNSIDE_202405,1920,50641920.0,39048484.25,1484199.5,166168.8,FROZEN,true,2024-06-01,true,ASSUMPTION,14
2024-04-01,2024-05-01,SKU005,CH04,BASE,FV_BASE_202405,2060,52394040.0,37559682.27,1403129.78,148365.0,FROZEN,true,2024-06-01,true,ASSUMPTION,0
2024-04-01,2024-05-01,SKU005,CH04,UPSIDE,FV_UPSIDE_202405,2140,54428760.0,36837380.69,1403129.78,145397.7,FROZEN,true,2024-06-01,true,ASSUMPTION,-6
2024-04-01,2024-05-01,SKU005,CH04,DOWNSIDE,FV_DOWNSIDE_202405,1920,48833280.0,39365436.23,1431192.38,160234.2,FROZEN,true,2024-06-01,true,ASSUMPTION,14
2024-04-01,2024-05-01,SKU006,CH04,BASE,FV_BASE_202405,1030,29107800.0,19052012.75,779516.55,82425.0,FROZEN,true,2024-06-01,true,ASSUMPTION,0
2024-04-01,2024-05-01,SKU006,CH04,UPSIDE,FV_UPSIDE_202405,1070,30238200.0,18685627.89,779516.55,80776.5,FROZEN,true,2024-06-01,true,ASSUMPTION,-6
2024-04-01,2024-05-01,SKU006,CH04,DOWNSIDE,FV_DOWNSIDE_202405,960,27129600.0,19967974.9,795106.88,89019.0,FROZEN,true,2024-06-01,true,ASSUMPTION,14
2024-04-01,2024-05-01,SKU007,CH04,BASE,FV_BASE_202405,2060,44631960.0,38255231.94,1195258.71,126385.0,FROZEN,true,2024-06-01,true,ASSUMPTION,0
2024-04-01,2024-05-01,SKU007,CH04,UPSIDE,FV_UPSIDE_202405,2140,46365240.0,37519554.41,1195258.71,123857.3,FROZEN,true,2024-06-01,true,ASSUMPTION,-6
2024-04-01,2024-05-01,SKU007,CH04,DOWNSIDE,FV_DOWNSIDE_202405,1920,41598720.0,40094425.79,1219163.88,136495.8,FROZEN,true,2024-06-01,true,ASSUMPTION,14
2024-04-01,2024-05-01,SKU008,CH04,BASE,FV_BASE_202405,2060,48513000.0,39313677.1,1299194.24,137375.0,FROZEN,true,2024-06-01,true,ASSUMPTION,0
2024-04-01,2024-05-01,SKU008,CH04,UPSIDE,FV_UPSIDE_202405,2140,50397000.0,38557644.85,1299194.24,134627.5,FROZEN,true,2024-06-01,true,ASSUMPTION,-6
2024-04-01,2024-05-01,SKU008,CH04,DOWNSIDE,FV_DOWNSIDE_202405,1920,45216000.0,41203757.73,1325178.12,148365.0,FROZEN,true,2024-06-01,true,ASSUMPTION,14
2024-04-01,2024-05-01,SKU009,CH04,BASE,FV_BASE_202405,2060,40750920.0,36833891.32,1091323.17,115395.0,FROZEN,true,2024-06-01,true,ASSUMPTION,0
2024-04-01,2024-05-01,SKU009,CH04,UPSIDE,FV_UPSIDE_202405,2140,42333480.0,36125547.25,1091323.17,113087.1,FROZEN,true,2024-06-01,true,ASSUMPTION,-6
2024-04-01,2024-05-01,SKU009,CH04,DOWNSIDE,FV_DOWNSIDE_202405,1920,37981440.0,38604751.48,1113149.63,124626.6,FROZEN,true,2024-06-01,true,ASSUMPTION,14
2024-04-01,2024-05-01,SKU010,CH04,BASE,FV_BASE_202405,2060,46572480.0,36289548.09,1247226.47,131880.0,FROZEN,true,2024-06-01,true,ASSUMPTION,0
2024-04-01,2024-05-01,SKU010,CH04,UPSIDE,FV_UPSIDE_202405,2140,48381120.0,35591672.16,1247226.47,129242.4,FROZEN,true,2024-06-01,true,ASSUMPTION,-6
2024-04-01,2024-05-01,SKU010,CH04,DOWNSIDE,FV_DOWNSIDE_202405,1920,43407360.0,38034237.9,1272171.0,142430.4,FROZEN,true,2024-06-01,true,ASSUMPTION,14
2024-04-01,2024-05-01,SKU011,CH04,BASE,FV_BASE_202405,1030,33959100.0,15876677.29,909435.97,96162.5,FROZEN,true,2024-06-01,true,ASSUMPTION,0
2024-04-01,2024-05-01,SKU011,CH04,UPSIDE,FV_UPSIDE_202405,1070,35277900.0,15571356.58,909435.97,94239.25,FROZEN,true,2024-06-01,true,ASSUMPTION,-6
2024-04-01,2024-05-01,SKU011,CH04,DOWNSIDE,FV_DOWNSIDE_202405,960,31651200.0,16639979.09,927624.69,103855.5,FROZEN,true,2024-06-01,true,ASSUMPTION,14
2024-04-01,2024-05-01,SKU012,CH04,BASE,FV_BASE_202405,1030,28137540.0,17101449.53,753532.66,79677.5,FROZEN,true,2024-06-01,true,ASSUMPTION,0
2024-04-01,2024-05-01,SKU012,CH04,UPSIDE,FV_UPSIDE_202405,1070,29230260.0,16772575.5,753532.66,78083.95,FROZEN,true,2024-06-01,true,ASSUMPTION,-6
2024-04-01,2024-05-01,SKU012,CH04,DOWNSIDE,FV_DOWNSIDE_202405,960,26225280.0,17923634.6,768603.31,86051.7,FROZEN,true,2024-06-01,true,ASSUMPTION,14
2024-04-01,2024-05-01,SKU001,CH05,BASE,FV_BASE_202405,3090,91383660.0,52024114.12,2233088.18,258772.5,FROZEN,true,2024-06-01,true,ASSUMPTION,0
2024-04-01,2024-05-01,SKU001,CH05,UPSIDE,FV_UPSIDE_202405,3210,94932540.0,51023650.38,2233088.18,253597.05,FROZEN,true,2024-06-01,true,ASSUMPTION,-6
2024-04-01,2024-05-01,SKU001,CH05,DOWNSIDE,FV_DOWNSIDE_202405,2880,85173120.0,54525273.45,2277749.94,279474.3,FROZEN,true,2024-06-01,true,ASSUMPTION,14
2024-04-01,2024-05-01,SKU002,CH05,BASE,FV_BASE_202405,2060,70748640.0,36249060.16,1728842.46,200340.0,FROZEN,true,2024-06-01,true,ASSUMPTION,0
2024-04-01,2024-05-01,SKU002,CH05,UPSIDE,FV_UPSIDE_202405,2140,73496160.0,35551962.85,1728842.46,196333.2,FROZEN,true,2024-06-01,true,ASSUMPTION,-6
2024-04-01,2024-05-01,SKU002,CH05,DOWNSIDE,FV_DOWNSIDE_202405,1920,65940480.0,37991803.44,1763419.31,216367.2,FROZEN,true,2024-06-01,true,ASSUMPTION,14
2024-04-01,2024-05-01,SKU003,CH05,BASE,FV_BASE_202405,2060,62887680.0,34011463.86,1536748.85,178080.0,FROZEN,true,2024-06-01,true,ASSUMPTION,0
2024-04-01,2024-05-01,SKU003,CH05,UPSIDE,FV_UPSIDE_202405,2140,65329920.0,33357397.24,1536748.85,174518.4,FROZEN,true,2024-06-01,true,ASSUMPTION,-6
2024-04-01,2024-05-01,SKU003,CH05,DOWNSIDE,FV_DOWNSIDE_202405,1920,58613760.0,35646630.39,1567483.83,192326.4,FROZEN,true,2024-06-01,true,ASSUMPTION,14
2024-04-01,2024-05-01,SKU004,CH05,BASE,FV_BASE_202405,2060,55026720.0,34458983.11,1344655.25,155820.0,FROZEN,true,2024-06-01,true,ASSUMPTION,0
2024-04-01,2024-05-01,SKU004,CH05,UPSIDE,FV_UPSIDE_202405,2140,57163680.0,33796310.36,1344655.25,152703.6,FROZEN,true,2024-06-01,true,ASSUMPTION,-6
2024-04-01,2024-05-01,SKU004,CH05,DOWNSIDE,FV_DOWNSIDE_202405,1920,51287040.0,36115664.99,1371548.36,168285.6,FROZEN,true,2024-06-01,true,ASSUMPTION,14
2024-04-01,2024-05-01,SKU005,CH05,BASE,FV_BASE_202405,2060,53061480.0,34738682.65,1296631.84,150255.0,FROZEN,true,2024-06-01,true,ASSUMPTION,0
2024-04-01,2024-05-01,SKU005,CH05,UPSIDE,FV_UPSIDE_202405,2140,55122120.0,34070631.06,1296631.84,147249.9,FROZEN,true,2024-06-01,true,ASSUMPTION,-6
2024-04-01,2024-05-01,SKU005,CH05,DOWNSIDE,FV_DOWNSIDE_202405,1920,49455360.0,36408811.62,1322564.48,162275.4,FROZEN,true,2024-06-01,true,ASSUMPTION,14
2024-04-01,2024-05-01,SKU006,CH05,BASE,FV_BASE_202405,2060,58957200.0,35242141.82,1440702.05,166950.0,FROZEN,true,2024-06-01,true,ASSUMPTION,0
2024-04-01,2024-05-01,SKU006,CH05,UPSIDE,FV_UPSIDE_202405,2140,61246800.0,34564408.33,1440702.05,163611.0,FROZEN,true,2024-06-01,true,ASSUMPTION,-6
2024-04-01,2024-05-01,SKU006,CH05,DOWNSIDE,FV_DOWNSIDE_202405,1920,54950400.0,36936475.56,1469516.09,180306.0,FROZEN,true,2024-06-01,true,ASSUMPTION,14
2024-04-01,2024-05-01,SKU007,CH05,BASE,FV_BASE_202405,3090,67800780.0,53072987.39,1656807.36,191992.5,FROZEN,true,2024-06-01,true,ASSUMPTION,0
2024-04-01,2024-05-01,SKU007,CH05,UPSIDE,FV_UPSIDE_202405,3210,70433820.0,52052353.01,1656807.36,188152.65,FROZEN,true,2024-06-01,true,ASSUMPTION,-6
2024-04-01,2024-05-01,SKU007,CH05,DOWNSIDE,FV_DOWNSIDE_202405,2880,63192960.0,55624573.32,1689943.51,207351.9,FROZEN,true,2024-06-01,true,ASSUMPTION,14
2024-04-01,2024-05-01,SKU008,CH05,BASE,FV_BASE_202405,2060,49131000.0,36360939.97,1200585.04,139125.0,FROZEN,true,2024-06-01,true,ASSUMPTION,0
2024-04-01,2024-05-01,SKU008,CH05,UPSIDE,FV_UPSIDE_202405,2140,51039000.0,35661691.13,1200585.04,136342.5,FROZEN,true,2024-06-01,true,ASSUMPTION,-6
2024-04-01,2024-05-01,SKU008,CH05,DOWNSIDE,FV_DOWNSIDE_202405,1920,45792000.0,38109062.09,1224596.74,150255.0,FROZEN,true,2024-06-01,true,ASSUMPTION,14
2024-04-01,2024-05-01,SKU009,CH05,BASE,FV_BASE_202405,3090,61905060.0,51101105.64,1512737.15,175297.5,FROZEN,true,2024-06-01,true,ASSUMPTION,0
2024-04-01,2024-05-01,SKU009,CH05,UPSIDE,FV_UPSIDE_202405,3210,64309140.0,50118392.07,1512737.15,171791.55,FROZEN,true,2024-06-01,true,ASSUMPTION,-6
2024-04-01,2024-05-01,SKU009,CH05,DOWNSIDE,FV_DOWNSIDE_202405,2880,57697920.0,53557889.57,1542991.89,189321.3,FROZEN,true,2024-06-01,true,ASSUMPTION,14
2024-04-01,2024-05-01,SKU010,CH05,BASE,FV_BASE_202405,2060,47165760.0,33563944.59,1152561.64,133560.0,FROZEN,true,2024-06-01,true,ASSUMPTION,0
2024-04-01,2024-05-01,SKU010,CH05,UPSIDE,FV_UPSIDE_202405,2140,48997440.0,32918484.11,1152561.64,130888.8,FROZEN,true,2024-06-01,true,ASSUMPTION,-6
2024-04-01,2024-05-01,SKU010,CH05,DOWNSIDE,FV_DOWNSIDE_202405,1920,43960320.0,35177595.77,1175612.87,144244.8,FROZEN,true,2024-06-01,true,ASSUMPTION,14
2024-04-01,2024-05-01,SKU011,CH05,BASE,FV_BASE_202405,1030,34391700.0,14684225.75,840409.53,97387.5,FROZEN,true,2024-06-01,true,ASSUMPTION,0
2024-04-01,2024-05-01,SKU011,CH05,UPSIDE,FV_UPSIDE_202405,1070,35727300.0,14401836.8,840409.53,95439.75,FROZEN,true,2024-06-01,true,ASSUMPTION,-6
2024-04-01,2024-05-01,SKU011,CH05,DOWNSIDE,FV_DOWNSIDE_202405,960,32054400.0,15390198.15,857217.72,105178.5,FROZEN,true,2024-06-01,true,ASSUMPTION,14
2024-04-01,2024-05-01,SKU012,CH05,BASE,FV_BASE_202405,2060,56991960.0,31634017.76,1392678.65,161385.0,FROZEN,true,2024-06-01,true,ASSUMPTION,0
2024-04-01,2024-05-01,SKU012,CH05,UPSIDE,FV_UPSIDE_202405,2140,59205240.0,31025671.27,1392678.65,158157.3,FROZEN,true,2024-06-01,true,ASSUMPTION,-6
2024-04-01,2024-05-01,SKU012,CH05,DOWNSIDE,FV_DOWNSIDE_202405,1920,53118720.0,33154884.0,1420532.22,174295.8,FROZEN,true,2024-06-01,true,ASSUMPTION,14
2024-05-01,2024-06-01,SKU001,CH01,BASE,FV_BASE_202406,8240,243689760.0,143957493.65,6180899.85,690060.0,FROZEN,true,2024-07-01,true,ASSUMPTION,0
2024-05-01,2024-06-01,SKU001,CH01,UPSIDE,FV_UPSIDE_202406,8560,253153440.0,141189080.31,6180899.85,676258.8,FROZEN,true,2024-07-01,true,ASSUMPTION,-6
2024-05-01,2024-06-01,SKU001,CH01,DOWNSIDE,FV_DOWNSIDE_202406,7680,227128320.0,150878527.0,6304517.85,745264.8,FROZEN,true,2024-07-01,true,ASSUMPTION,14
2024-05-01,2024-06-01,SKU002,CH01,BASE,FV_BASE_202406,5150,176871600.0,94036749.88,4486136.99,500850.0,FROZEN,true,2024-07-01,true,ASSUMPTION,0
2024-05-01,2024-06-01,SKU002,CH01,UPSIDE,FV_UPSIDE_202406,5350,183740400.0,92228350.85,4486136.99,490833.0,FROZEN,true,2024-07-01,true,ASSUMPTION,-6
2024-05-01,2024-06-01,SKU002,CH01,DOWNSIDE,FV_DOWNSIDE_202406,4800,164851200.0,98557747.47,4575859.73,540918.0,FROZEN,true,2024-07-01,true,ASSUMPTION,14
2024-05-01,2024-06-01,SKU003,CH01,BASE,FV_BASE_202406,5150,157219200.0,88232012.23,3987677.32,445200.0,FROZEN,true,2024-07-01,true,ASSUMPTION,0
2024-05-01,2024-06-01,SKU003,CH01,UPSIDE,FV_UPSIDE_202406,5350,163324800.0,86535242.77,3987677.32,436296.0,FROZEN,true,2024-07-01,true,ASSUMPTION,-6
2024-05-01,2024-06-01,SKU003,CH01,DOWNSIDE,FV_DOWNSIDE_202406,4800,146534400.0,92473935.9,4067430.87,480816.0,FROZEN,true,2024-07-01,true,ASSUMPTION,14
2024-05-01,2024-06-01,SKU004,CH01,BASE,FV_BASE_202406,7210,192593520.0,125150143.67,4884904.72,545370.0,FROZEN,true,2024-07-01,true,ASSUMPTION,0
2024-05-01,2024-06-01,SKU004,CH01,UPSIDE,FV_UPSIDE_202406,7490,200072880.0,122743410.14,4884904.72,534462.6,FROZEN,true,2024-07-01,true,ASSUMPTION,-6
2024-05-01,2024-06-01,SKU004,CH01,DOWNSIDE,FV_DOWNSIDE_202406,6720,179504640.0,131166977.5,4982602.81,588999.6,FROZEN,true,2024-07-01,true,ASSUMPTION,14
2024-05-01,2024-06-01,SKU005,CH01,BASE,FV_BASE_202406,6180,159184440.0,108142262.36,4037523.29,450765.0,FROZEN,true,2024-07-01,true,ASSUMPTION,0
2024-05-01,2024-06-01,SKU005,CH01,UPSIDE,FV_UPSIDE_202406,6420,165366360.0,106062603.47,4037523.29,441749.7,FROZEN,true,2024-07-01,true,ASSUMPTION,-6
2024-05-01,2024-06-01,SKU005,CH01,DOWNSIDE,FV_DOWNSIDE_202406,5760,148366080.0,113341409.59,4118273.76,486826.2,FROZEN,true,2024-07-01,true,ASSUMPTION,14
2024-05-01,2024-06-01,SKU006,CH01,BASE,FV_BASE_202406,5150,147393000.0,91424617.94,3738447.49,417375.0,FROZEN,true,2024-07-01,true,ASSUMPTION,0
2024-05-01,2024-06-01,SKU006,CH01,UPSIDE,FV_UPSIDE_202406,5350,153117000.0,89666452.21,3738447.49,409027.5,FROZEN,true,2024-07-01,true,ASSUMPTION,-6
2024-05-01,2024-06-01,SKU006,CH01,DOWNSIDE,FV_DOWNSIDE_202406,4800,137376000.0,95820032.26,3813216.44,450765.0,FROZEN,true,2024-07-01,true,ASSUMPTION,14
2024-05-01,2024-06-01,SKU007,CH01,BASE,FV_BASE_202406,8240,180802080.0,146859862.47,4585828.92,511980.0,FROZEN,true,2024-07-01,true,ASSUMPTION,0
2024-05-01,2024-06-01,SKU007,CH01,UPSIDE,FV_UPSIDE_202406,8560,187823520.0,144035634.34,4585828.92,501740.4,FROZEN,true,2024-07-01,true,ASSUMPTION,-6
2024-05-01,2024-06-01,SKU007,CH01,DOWNSIDE,FV_DOWNSIDE_202406,7680,168514560.0,153920432.78,4677545.5,552938.4,FROZEN,true,2024-07-01,true,ASSUMPTION,14
2024-05-01,2024-06-01,SKU008,CH01,BASE,FV_BASE_202406,6180,147393000.0,113192384.12,3738447.49,417375.0,FROZEN,true,2024-07-01,true,ASSUMPTION,0
2024-05-01,2024-06-01,SKU008,CH01,UPSIDE,FV_UPSIDE_202406,6420,153117000.0,111015607.5,3738447.49,409027.5,FROZEN,true,2024-07-01,true,ASSUMPTION,-6
2024-05-01,2024-06-01,SKU008,CH01,DOWNSIDE,FV_DOWNSIDE_202406,5760,137376000.0,118634325.66,3813216.44,450765.0,FROZEN,true,2024-07-01,true,ASSUMPTION,14
2024-05-01,2024-06-01,SKU009,CH01,BASE,FV_BASE_202406,7210,144445140.0,123727982.94,3663678.54,409027.5,FROZEN,true,2024-07-01,true,ASSUMPTION,0
2024-05-01,2024-06-01,SKU009,CH01,UPSIDE,FV_UPSIDE_202406,7490,150054660.0,121348598.66,3663678.54,400846.95,FROZEN,true,2024-07-01,true,ASSUMPTION,-6
2024-05-01,2024-06-01,SKU009,CH01,DOWNSIDE,FV_DOWNSIDE_202406,6720,134628480.0,129676443.66,3736952.11,441749.7,FROZEN,true,2024-07-01,true,ASSUMPTION,14
2024-05-01,2024-06-01,SKU010,CH01,BASE,FV_BASE_202406,6180,141497280.0,104485277.64,3588909.59,400680.0,FROZEN,true,2024-07-01,true,ASSUMPTION,0
2024-05-01,2024-06-01,SKU010,CH01,UPSIDE,FV_UPSIDE_202406,6420,146992320.0,102475945.38,3588909.59,392666.4,FROZEN,true,2024-07-01,true,ASSUMPTION,-6
2024-05-01,2024-06-01,SKU010,CH01,DOWNSIDE,FV_DOWNSIDE_202406,5760,131880960.0,109508608.3,3660687.78,432734.4,FROZEN,true,2024-07-01,true,ASSUMPTION,14
2024-05-01,2024-06-01,SKU011,CH01,BASE,FV_BASE_202406,3090,103175100.0,45712308.97,2616913.24,292162.5,FROZEN,true,2024-07-01,true,ASSUMPTION,0
2024-05-01,2024-06-01,SKU011,CH01,UPSIDE,FV_UPSIDE_202406,3210,107181900.0,44833226.1,2616913.24,286319.25,FROZEN,true,2024-07-01,true,ASSUMPTION,-6
2024-05-01,2024-06-01,SKU011,CH01,DOWNSIDE,FV_DOWNSIDE_202406,2880,96163200.0,47910016.13,2669251.5,315535.5,FROZEN,true,2024-07-01,true,ASSUMPTION,14
2024-05-01,2024-06-01,SKU012,CH01,BASE,FV_BASE_202406,5150,142479900.0,82064478.52,3613832.57,403462.5,FROZEN,true,2024-07-01,true,ASSUMPTION,0
2024-05-01,2024-06-01,SKU012,CH01,UPSIDE,FV_UPSIDE_202406,5350,148013100.0,80486315.47,3613832.57,395393.25,FROZEN,true,2024-07-01,true,ASSUMPTION,-6
2024-05-01,2024-06-01,SKU012,CH01,DOWNSIDE,FV_DOWNSIDE_202406,4800,132796800.0,86009886.14,3686109.22,435739.5,FROZEN,true,2024-07-01,true,ASSUMPTION,14
2024-05-01,2024-06-01,SKU001,CH02,BASE,FV_BASE_202406,6180,182767320.0,106746869.93,6749894.35,517545.0,FROZEN,true,2024-07-01,true,ASSUMPTION,0
2024-05-01,2024-06-01,SKU001,CH02,UPSIDE,FV_UPSIDE_202406,6420,189865080.0,104694045.51,6749894.35,507194.1,FROZEN,true,2024-07-01,true,ASSUMPTION,-6
2024-05-01,2024-06-01,SKU001,CH02,DOWNSIDE,FV_DOWNSIDE_202406,5760,170346240.0,111878930.99,6884892.24,558948.6,FROZEN,true,2024-07-01,true,ASSUMPTION,14
2024-05-01,2024-06-01,SKU002,CH02,BASE,FV_BASE_202406,4120,141497280.0,74378464.21,5225724.66,400680.0,FROZEN,true,2024-07-01,true,ASSUMPTION,0
2024-05-01,2024-06-01,SKU002,CH02,UPSIDE,FV_UPSIDE_202406,4280,146992320.0,72948109.13,5225724.66,392666.4,FROZEN,true,2024-07-01,true,ASSUMPTION,-6
2024-05-01,2024-06-01,SKU002,CH02,DOWNSIDE,FV_DOWNSIDE_202406,3840,131880960.0,77954351.91,5330239.15,432734.4,FROZEN,true,2024-07-01,true,ASSUMPTION,14
2024-05-01,2024-06-01,SKU003,CH02,BASE,FV_BASE_202406,4120,125775360.0,69787200.98,4645088.58,356160.0,FROZEN,true,2024-07-01,true,ASSUMPTION,0
2024-05-01,2024-06-01,SKU003,CH02,UPSIDE,FV_UPSIDE_202406,4280,130659840.0,68445139.43,4645088.58,349036.8,FROZEN,true,2024-07-01,true,ASSUMPTION,-6
2024-05-01,2024-06-01,SKU003,CH02,DOWNSIDE,FV_DOWNSIDE_202406,3840,117227520.0,73142354.88,4737990.35,384652.8,FROZEN,true,2024-07-01,true,ASSUMPTION,14
2024-05-01,2024-06-01,SKU004,CH02,BASE,FV_BASE_202406,5150,137566800.0,88381817.04,5080565.64,389550.0,FROZEN,true,2024-07-01,true,ASSUMPTION,0
2024-05-01,2024-06-01,SKU004,CH02,UPSIDE,FV_UPSIDE_202406,5350,142909200.0,86682166.71,5080565.64,381759.0,FROZEN,true,2024-07-01,true,ASSUMPTION,-6
2024-05-01,2024-06-01,SKU004,CH02,DOWNSIDE,FV_DOWNSIDE_202406,4800,128217600.0,92630942.85,5182176.95,420714.0,FROZEN,true,2024-07-01,true,ASSUMPTION,14
2024-05-01,2024-06-01,SKU005,CH02,BASE,FV_BASE_202406,4120,106122960.0,71279361.54,3919293.49,300510.0,FROZEN,true,2024-07-01,true,ASSUMPTION,0
2024-05-01,2024-06-01,SKU005,CH02,UPSIDE,FV_UPSIDE_202406,4280,110244240.0,69908604.58,3919293.49,294499.8,FROZEN,true,2024-07-01,true,ASSUMPTION,-6
2024-05-01,2024-06-01,SKU005,CH02,DOWNSIDE,FV_DOWNSIDE_202406,3840,98910720.0,74706253.92,3997679.36,324550.8,FROZEN,true,2024-07-01,true,ASSUMPTION,14
2024-05-01,2024-06-01,SKU006,CH02,BASE,FV_BASE_202406,4120,117914400.0,72312395.76,4354770.55,333900.0,FROZEN,true,2024-07-01,true,ASSUMPTION,0
2024-05-01,2024-06-01,SKU006,CH02,UPSIDE,FV_UPSIDE_202406,4280,122493600.0,70921772.77,4354770.55,327222.0,FROZEN,true,2024-07-01,true,ASSUMPTION,-6
2024-05-01,2024-06-01,SKU006,CH02,DOWNSIDE,FV_DOWNSIDE_202406,3840,109900800.0,75788953.25,4441865.96,360612.0,FROZEN,true,2024-07-01,true,ASSUMPTION,14
2024-05-01,2024-06-01,SKU007,CH02,BASE,FV_BASE_202406,6180,135601560.0,108899024.56,5007986.13,383985.0,FROZEN,true,2024-07-01,true,ASSUMPTION,0
2024-05-01,2024-06-01,SKU007,CH02,UPSIDE,FV_UPSIDE_202406,6420,140867640.0,106804812.55,5007986.13,376305.3,FROZEN,true,2024-07-01,true,ASSUMPTION,-6
2024-05-01,2024-06-01,SKU007,CH02,DOWNSIDE,FV_DOWNSIDE_202406,5760,126385920.0,114134554.59,5108145.85,414703.8,FROZEN,true,2024-07-01,true,ASSUMPTION,14
2024-05-01,2024-06-01,SKU008,CH02,BASE,FV_BASE_202406,5150,122827500.0,93260034.21,4536219.32,347812.5,FROZEN,true,2024-07-01,true,ASSUMPTION,0
2024-05-01,2024-06-01,SKU008,CH02,UPSIDE,FV_UPSIDE_202406,5350,127597500.0,91466572.02,4536219.32,340856.25,FROZEN,true,2024-07-01,true,ASSUMPTION,-6
2024-05-01,2024-06-01,SKU008,CH02,DOWNSIDE,FV_DOWNSIDE_202406,4800,114480000.0,97743689.7,4626943.71,375637.5,FROZEN,true,2024-07-01,true,ASSUMPTION,14
2024-05-01,2024-06-01,SKU009,CH02,BASE,FV_BASE_202406,6180,123810120.0,104852973.86,4572509.08,350595.0,FROZEN,true,2024-07-01,true,ASSUMPTION,0
2024-05-01,2024-06-01,SKU009,CH02,UPSIDE,FV_UPSIDE_202406,6420,128618280.0,102836570.51,4572509.08,343583.1,FROZEN,true,2024-07-01,true,ASSUMPTION,-6
2024-05-01,2024-06-01,SKU009,CH02,DOWNSIDE,FV_DOWNSIDE_202406,5760,115395840.0,109893982.22,4663959.26,378642.6,FROZEN,true,2024-07-01,true,ASSUMPTION,14
2024-05-01,2024-06-01,SKU010,CH02,BASE,FV_BASE_202406,4120,94331520.0,68868948.35,3483816.44,267120.0,FROZEN,true,2024-07-01,true,ASSUMPTION,0
2024-05-01,2024-06-01,SKU010,CH02,UPSIDE,FV_UPSIDE_202406,4280,97994880.0,67544545.49,3483816.44,261777.6,FROZEN,true,2024-07-01,true,ASSUMPTION,-6
2024-05-01,2024-06-01,SKU010,CH02,DOWNSIDE,FV_DOWNSIDE_202406,3840,87920640.0,72179955.48,3553492.77,288489.6,FROZEN,true,2024-07-01,true,ASSUMPTION,14
2024-05-01,2024-06-01,SKU011,CH02,BASE,FV_BASE_202406,3090,103175100.0,45195247.35,3810424.23,292162.5,FROZEN,true,2024-07-01,true,ASSUMPTION,0
2024-05-01,2024-06-01,SKU011,CH02,UPSIDE,FV_UPSIDE_202406,3210,107181900.0,44326107.98,3810424.23,286319.25,FROZEN,true,2024-07-01,true,ASSUMPTION,-6
2024-05-01,2024-06-01,SKU011,CH02,DOWNSIDE,FV_DOWNSIDE_202406,2880,96163200.0,47368095.78,3886632.71,315535.5,FROZEN,true,2024-07-01,true,ASSUMPTION,14
2024-05-01,2024-06-01,SKU012,CH02,BASE,FV_BASE_202406,4120,113983920.0,64908983.81,4209611.53,322770.0,FROZEN,true,2024-07-01,true,ASSUMPTION,0
2024-05-01,2024-06-01,SKU012,CH02,UPSIDE,FV_UPSIDE_202406,4280,118410480.0,63660734.12,4209611.53,316314.6,FROZEN,true,2024-07-01,true,ASSUMPTION,-6
2024-05-01,2024-06-01,SKU012,CH02,DOWNSIDE,FV_DOWNSIDE_202406,3840,106237440.0,68029608.03,4293803.76,348591.6,FROZEN,true,2024-07-01,true,ASSUMPTION,14
2024-05-01,2024-06-01,SKU001,CH03,BASE,FV_BASE_202406,4120,118651880.0,78797137.19,3184339.2,335988.33,FROZEN,true,2024-07-01,true,ASSUMPTION,0
2024-05-01,2024-06-01,SKU001,CH03,UPSIDE,FV_UPSIDE_202406,4280,123259720.0,77281807.63,3184339.2,329268.57,FROZEN,true,2024-07-01,true,ASSUMPTION,-6
2024-05-01,2024-06-01,SKU001,CH03,DOWNSIDE,FV_DOWNSIDE_202406,3840,110588160.0,82585461.1,3248025.98,362867.4,FROZEN,true,2024-07-01,true,ASSUMPTION,14
2024-05-01,2024-06-01,SKU002,CH03,BASE,FV_BASE_202406,3090,103341960.0,61766788.19,2773456.72,292635.0,FROZEN,true,2024-07-01,true,ASSUMPTION,0
2024-05-01,2024-06-01,SKU002,CH03,UPSIDE,FV_UPSIDE_202406,3210,107355240.0,60578965.34,2773456.72,286782.3,FROZEN,true,2024-07-01,true,ASSUMPTION,-6
2024-05-01,2024-06-01,SKU002,CH03,DOWNSIDE,FV_DOWNSIDE_202406,2880,96318720.0,64736345.31,2828925.85,316045.8,FROZEN,true,2024-07-01,true,ASSUMPTION,14
2024-05-01,2024-06-01,SKU003,CH03,BASE,FV_BASE_202406,3090,91859520.0,57954023.48,2465294.86,260120.0,FROZEN,true,2024-07-01,true,ASSUMPTION,0
2024-05-01,2024-06-01,SKU003,CH03,UPSIDE,FV_UPSIDE_202406,3210,95426880.0,56839523.03,2465294.86,254917.6,FROZEN,true,2024-07-01,true,ASSUMPTION,-6
2024-05-01,2024-06-01,SKU003,CH03,DOWNSIDE,FV_DOWNSIDE_202406,2880,85616640.0,60740274.61,2514600.76,280929.6,FROZEN,true,2024-07-01,true,ASSUMPTION,14
2024-05-01,2024-06-01,SKU004,CH03,BASE,FV_BASE_202406,4120,107169440.0,78288768.56,2876177.34,303473.33,FROZEN,true,2024-07-01,true,ASSUMPTION,0
2024-05-01,2024-06-01,SKU004,CH03,UPSIDE,FV_UPSIDE_202406,4280,111331360.0,76783215.32,2876177.34,297403.87,FROZEN,true,2024-07-01,true,ASSUMPTION,-6
2024-05-01,2024-06-01,SKU004,CH03,DOWNSIDE,FV_DOWNSIDE_202406,3840,99886080.0,82052651.67,2933700.89,327751.2,FROZEN,true,2024-07-01,true,ASSUMPTION,14
2024-05-01,2024-06-01,SKU005,CH03,BASE,FV_BASE_202406,3090,77506470.0,59193172.01,2080092.54,219476.25,FROZEN,true,2024-07-01,true,ASSUMPTION,0
2024-05-01,2024-06-01,SKU005,CH03,UPSIDE,FV_UPSIDE_202406,3210,80516430.0,58054841.78,2080092.54,215086.73,FROZEN,true,2024-07-01,true,ASSUMPTION,-6
2024-05-01,2024-06-01,SKU005,CH03,DOWNSIDE,FV_DOWNSIDE_202406,2880,72239040.0,62038997.59,2121694.39,237034.35,FROZEN,true,2024-07-01,true,ASSUMPTION,14
2024-05-01,2024-06-01,SKU006,CH03,BASE,FV_BASE_202406,3090,86118300.0,60051044.07,2311213.94,243862.5,FROZEN,true,2024-07-01,true,ASSUMPTION,0
2024-05-01,2024-06-01,SKU006,CH03,UPSIDE,FV_UPSIDE_202406,3210,89462700.0,58896216.3,2311213.94,238985.25,FROZEN,true,2024-07-01,true,ASSUMPTION,-6
2024-05-01,2024-06-01,SKU006,CH03,DOWNSIDE,FV_DOWNSIDE_202406,2880,80265600.0,62938113.5,2357438.22,263371.5,FROZEN,true,2024-07-01,true,ASSUMPTION,14
2024-05-01,2024-06-01,SKU007,CH03,BASE,FV_BASE_202406,4120,88032040.0,80385789.15,2362574.25,249281.67,FROZEN,true,2024-07-01,true,ASSUMPTION,0
2024-05-01,2024-06-01,SKU007,CH03,UPSIDE,FV_UPSIDE_202406,4280,91450760.0,78839908.59,2362574.25,244296.03,FROZEN,true,2024-07-01,true,ASSUMPTION,-6
2024-05-01,2024-06-01,SKU007,CH03,DOWNSIDE,FV_DOWNSIDE_202406,3840,82049280.0,84250490.55,2409825.74,269224.2,FROZEN,true,2024-07-01,true,ASSUMPTION,14
2024-05-01,2024-06-01,SKU008,CH03,BASE,FV_BASE_202406,4120,95687000.0,82609901.9,2568015.48,270958.33,FROZEN,true,2024-07-01,true,ASSUMPTION,0
2024-05-01,2024-06-01,SKU008,CH03,UPSIDE,FV_UPSIDE_202406,4280,99403000.0,81021249.94,2568015.48,265539.17,FROZEN,true,2024-07-01,true,ASSUMPTION,-6
2024-05-01,2024-06-01,SKU008,CH03,DOWNSIDE,FV_DOWNSIDE_202406,3840,89184000.0,86581531.8,2619375.79,292635.0,FROZEN,true,2024-07-01,true,ASSUMPTION,14
2024-05-01,2024-06-01,SKU009,CH03,BASE,FV_BASE_202406,4120,80377080.0,77399123.46,2157133.01,227605.0,FROZEN,true,2024-07-01,true,ASSUMPTION,0
2024-05-01,2024-06-01,SKU009,CH03,UPSIDE,FV_UPSIDE_202406,4280,83498520.0,75910678.78,2157133.01,223052.9,FROZEN,true,2024-07-01,true,ASSUMPTION,-6
2024-05-01,2024-06-01,SKU009,CH03,DOWNSIDE,FV_DOWNSIDE_202406,3840,74914560.0,81120235.17,2200275.67,245813.4,FROZEN,true,2024-07-01,true,ASSUMPTION,14
2024-05-01,2024-06-01,SKU010,CH03,BASE,FV_BASE_202406,3090,68894640.0,57191470.54,1848971.15,195090.0,FROZEN,true,2024-07-01,true,ASSUMPTION,0
2024-05-01,2024-06-01,SKU010,CH03,UPSIDE,FV_UPSIDE_202406,3210,71570160.0,56091634.57,1848971.15,191188.2,FROZEN,true,2024-07-01,true,ASSUMPTION,-6
2024-05-01,2024-06-01,SKU010,CH03,DOWNSIDE,FV_DOWNSIDE_202406,2880,64212480.0,59941060.47,1885950.57,210697.2,FROZEN,true,2024-07-01,true,ASSUMPTION,14
2024-05-01,2024-06-01,SKU011,CH03,BASE,FV_BASE_202406,2060,66980900.0,33361691.15,1797610.84,189670.83,FROZEN,true,2024-07-01,true,ASSUMPTION,0
2024-05-01,2024-06-01,SKU011,CH03,UPSIDE,FV_UPSIDE_202406,2140,69582100.0,32720120.16,1797610.84,185877.42,FROZEN,true,2024-07-01,true,ASSUMPTION,-6
2024-05-01,2024-06-01,SKU011,CH03,DOWNSIDE,FV_DOWNSIDE_202406,1920,62428800.0,34965618.61,1833563.06,204844.5,FROZEN,true,2024-07-01,true,ASSUMPTION,14
2024-05-01,2024-06-01,SKU012,CH03,BASE,FV_BASE_202406,3090,83247690.0,53902960.98,2234173.47,235733.75,FROZEN,true,2024-07-01,true,ASSUMPTION,0
2024-05-01,2024-06-01,SKU012,CH03,UPSIDE,FV_UPSIDE_202406,3210,86480610.0,52866365.57,2234173.47,231019.08,FROZEN,true,2024-07-01,true,ASSUMPTION,-6
2024-05-01,2024-06-01,SKU012,CH03,DOWNSIDE,FV_DOWNSIDE_202406,2880,77590080.0,56494449.49,2278856.94,254592.45,FROZEN,true,2024-07-01,true,ASSUMPTION,14
2024-05-01,2024-06-01,SKU001,CH04,BASE,FV_BASE_202406,2060,60156120.0,37501691.5,1611107.91,170345.0,FROZEN,true,2024-07-01,true,ASSUMPTION,0
2024-05-01,2024-06-01,SKU001,CH04,UPSIDE,FV_UPSIDE_202406,2140,62492280.0,36780505.12,1611107.91,166938.1,FROZEN,true,2024-07-01,true,ASSUMPTION,-6
2024-05-01,2024-06-01,SKU001,CH04,DOWNSIDE,FV_DOWNSIDE_202406,1920,56067840.0,39304657.44,1643330.07,183972.6,FROZEN,true,2024-07-01,true,ASSUMPTION,14
2024-05-01,2024-06-01,SKU002,CH04,BASE,FV_BASE_202406,2060,69858720.0,39195316.27,1870964.03,197820.0,FROZEN,true,2024-07-01,true,ASSUMPTION,0
2024-05-01,2024-06-01,SKU002,CH04,UPSIDE,FV_UPSIDE_202406,2140,72571680.0,38441560.19,1870964.03,193863.6,FROZEN,true,2024-07-01,true,ASSUMPTION,-6
2024-05-01,2024-06-01,SKU002,CH04,DOWNSIDE,FV_DOWNSIDE_202406,1920,65111040.0,41079706.48,1908383.31,213645.6,FROZEN,true,2024-07-01,true,ASSUMPTION,14
2024-05-01,2024-06-01,SKU003,CH04,BASE,FV_BASE_202406,1030,31048320.0,18387926.16,831539.57,87920.0,FROZEN,true,2024-07-01,true,ASSUMPTION,0
2024-05-01,2024-06-01,SKU003,CH04,UPSIDE,FV_UPSIDE_202406,1070,32254080.0,18034312.19,831539.57,86161.6,FROZEN,true,2024-07-01,true,ASSUMPTION,-6
2024-05-01,2024-06-01,SKU003,CH04,DOWNSIDE,FV_DOWNSIDE_202406,960,28938240.0,19271961.07,848170.36,94953.6,FROZEN,true,2024-07-01,true,ASSUMPTION,14
2024-05-01,2024-06-01,SKU004,CH04,BASE,FV_BASE_202406,2060,54334560.0,37259745.11,1455194.24,153860.0,FROZEN,true,2024-07-01,true,ASSUMPTION,0
2024-05-01,2024-06-01,SKU004,CH04,UPSIDE,FV_UPSIDE_202406,2140,56444640.0,36543211.55,1455194.24,150782.8,FROZEN,true,2024-07-01,true,ASSUMPTION,-6
2024-05-01,2024-06-01,SKU004,CH04,DOWNSIDE,FV_DOWNSIDE_202406,1920,50641920.0,39051079.01,1484298.12,166168.8,FROZEN,true,2024-07-01,true,ASSUMPTION,14
2024-05-01,2024-06-01,SKU005,CH04,BASE,FV_BASE_202406,2060,52394040.0,37562178.1,1403223.02,148365.0,FROZEN,true,2024-07-01,true,ASSUMPTION,0
2024-05-01,2024-06-01,SKU005,CH04,UPSIDE,FV_UPSIDE_202406,2140,54428760.0,36839828.52,1403223.02,145397.7,FROZEN,true,2024-07-01,true,ASSUMPTION,-6
2024-05-01,2024-06-01,SKU005,CH04,DOWNSIDE,FV_DOWNSIDE_202406,1920,48833280.0,39368052.04,1431287.48,160234.2,FROZEN,true,2024-07-01,true,ASSUMPTION,14
2024-05-01,2024-06-01,SKU006,CH04,BASE,FV_BASE_202406,1030,29107800.0,19053278.74,779568.35,82425.0,FROZEN,true,2024-07-01,true,ASSUMPTION,0
2024-05-01,2024-06-01,SKU006,CH04,UPSIDE,FV_UPSIDE_202406,1070,30238200.0,18686869.54,779568.35,80776.5,FROZEN,true,2024-07-01,true,ASSUMPTION,-6
2024-05-01,2024-06-01,SKU006,CH04,DOWNSIDE,FV_DOWNSIDE_202406,960,27129600.0,19969301.76,795159.72,89019.0,FROZEN,true,2024-07-01,true,ASSUMPTION,14
2024-05-01,2024-06-01,SKU007,CH04,BASE,FV_BASE_202406,2060,44631960.0,38257774.0,1195338.13,126385.0,FROZEN,true,2024-07-01,true,ASSUMPTION,0
2024-05-01,2024-06-01,SKU007,CH04,UPSIDE,FV_UPSIDE_202406,2140,46365240.0,37522047.57,1195338.13,123857.3,FROZEN,true,2024-07-01,true,ASSUMPTION,-6
2024-05-01,2024-06-01,SKU007,CH04,DOWNSIDE,FV_DOWNSIDE_202406,1920,41598720.0,40097090.05,1219244.89,136495.8,FROZEN,true,2024-07-01,true,ASSUMPTION,14
2024-05-01,2024-06-01,SKU008,CH04,BASE,FV_BASE_202406,2060,48513000.0,39316289.48,1299280.58,137375.0,FROZEN,true,2024-07-01,true,ASSUMPTION,0
2024-05-01,2024-06-01,SKU008,CH04,UPSIDE,FV_UPSIDE_202406,2140,50397000.0,38560206.99,1299280.58,134627.5,FROZEN,true,2024-07-01,true,ASSUMPTION,-6
2024-05-01,2024-06-01,SKU008,CH04,DOWNSIDE,FV_DOWNSIDE_202406,1920,45216000.0,41206495.71,1325266.19,148365.0,FROZEN,true,2024-07-01,true,ASSUMPTION,14
2024-05-01,2024-06-01,SKU009,CH04,BASE,FV_BASE_202406,2060,40750920.0,36836338.91,1091395.68,115395.0,FROZEN,true,2024-07-01,true,ASSUMPTION,0
2024-05-01,2024-06-01,SKU009,CH04,UPSIDE,FV_UPSIDE_202406,2140,42333480.0,36127947.77,1091395.68,113087.1,FROZEN,true,2024-07-01,true,ASSUMPTION,-6
2024-05-01,2024-06-01,SKU009,CH04,DOWNSIDE,FV_DOWNSIDE_202406,1920,37981440.0,38607316.74,1113223.59,124626.6,FROZEN,true,2024-07-01,true,ASSUMPTION,14
2024-05-01,2024-06-01,SKU010,CH04,BASE,FV_BASE_202406,2060,46572480.0,36291959.52,1247309.35,131880.0,FROZEN,true,2024-07-01,true,ASSUMPTION,0
2024-05-01,2024-06-01,SKU010,CH04,UPSIDE,FV_UPSIDE_202406,2140,48381120.0,35594037.22,1247309.35,129242.4,FROZEN,true,2024-07-01,true,ASSUMPTION,-6
2024-05-01,2024-06-01,SKU010,CH04,DOWNSIDE,FV_DOWNSIDE_202406,1920,43407360.0,38036765.26,1272255.54,142430.4,FROZEN,true,2024-07-01,true,ASSUMPTION,14
2024-05-01,2024-06-01,SKU011,CH04,BASE,FV_BASE_202406,1030,33959100.0,15877732.29,909496.4,96162.5,FROZEN,true,2024-07-01,true,ASSUMPTION,0
2024-05-01,2024-06-01,SKU011,CH04,UPSIDE,FV_UPSIDE_202406,1070,35277900.0,15572391.29,909496.4,94239.25,FROZEN,true,2024-07-01,true,ASSUMPTION,-6
2024-05-01,2024-06-01,SKU011,CH04,DOWNSIDE,FV_DOWNSIDE_202406,960,31651200.0,16641084.81,927686.33,103855.5,FROZEN,true,2024-07-01,true,ASSUMPTION,14
2024-05-01,2024-06-01,SKU012,CH04,BASE,FV_BASE_202406,1030,28137540.0,17102585.93,753582.73,79677.5,FROZEN,true,2024-07-01,true,ASSUMPTION,0
2024-05-01,2024-06-01,SKU012,CH04,UPSIDE,FV_UPSIDE_202406,1070,29230260.0,16773690.04,753582.73,78083.95,FROZEN,true,2024-07-01,true,ASSUMPTION,-6
2024-05-01,2024-06-01,SKU012,CH04,DOWNSIDE,FV_DOWNSIDE_202406,960,26225280.0,17924825.63,768654.38,86051.7,FROZEN,true,2024-07-01,true,ASSUMPTION,14
2024-05-01,2024-06-01,SKU001,CH05,BASE,FV_BASE_202406,3090,91383660.0,52027571.1,2233236.57,258772.5,FROZEN,true,2024-07-01,true,ASSUMPTION,0
2024-05-01,2024-06-01,SKU001,CH05,UPSIDE,FV_UPSIDE_202406,3210,94932540.0,51027040.88,2233236.57,253597.05,FROZEN,true,2024-07-01,true,ASSUMPTION,-6
2024-05-01,2024-06-01,SKU001,CH05,DOWNSIDE,FV_DOWNSIDE_202406,2880,85173120.0,54528896.63,2277901.3,279474.3,FROZEN,true,2024-07-01,true,ASSUMPTION,14
2024-05-01,2024-06-01,SKU002,CH05,BASE,FV_BASE_202406,2060,70748640.0,36251468.9,1728957.34,200340.0,FROZEN,true,2024-07-01,true,ASSUMPTION,0
2024-05-01,2024-06-01,SKU002,CH05,UPSIDE,FV_UPSIDE_202406,2140,73496160.0,35554325.26,1728957.34,196333.2,FROZEN,true,2024-07-01,true,ASSUMPTION,-6
2024-05-01,2024-06-01,SKU002,CH05,DOWNSIDE,FV_DOWNSIDE_202406,1920,65940480.0,37994327.98,1763536.49,216367.2,FROZEN,true,2024-07-01,true,ASSUMPTION,14
2024-05-01,2024-06-01,SKU003,CH05,BASE,FV_BASE_202406,2060,62887680.0,34013723.9,1536850.97,178080.0,FROZEN,true,2024-07-01,true,ASSUMPTION,0
2024-05-01,2024-06-01,SKU003,CH05,UPSIDE,FV_UPSIDE_202406,2140,65329920.0,33359613.82,1536850.97,174518.4,FROZEN,true,2024-07-01,true,ASSUMPTION,-6
2024-05-01,2024-06-01,SKU003,CH05,DOWNSIDE,FV_DOWNSIDE_202406,1920,58613760.0,35648999.09,1567587.99,192326.4,FROZEN,true,2024-07-01,true,ASSUMPTION,14
2024-05-01,2024-06-01,SKU004,CH05,BASE,FV_BASE_202406,2060,55026720.0,34461272.89,1344744.6,155820.0,FROZEN,true,2024-07-01,true,ASSUMPTION,0
2024-05-01,2024-06-01,SKU004,CH05,UPSIDE,FV_UPSIDE_202406,2140,57163680.0,33798556.11,1344744.6,152703.6,FROZEN,true,2024-07-01,true,ASSUMPTION,-6
2024-05-01,2024-06-01,SKU004,CH05,DOWNSIDE,FV_DOWNSIDE_202406,1920,51287040.0,36118064.86,1371639.49,168285.6,FROZEN,true,2024-07-01,true,ASSUMPTION,14
2024-05-01,2024-06-01,SKU005,CH05,BASE,FV_BASE_202406,2060,53061480.0,34740991.02,1296718.01,150255.0,FROZEN,true,2024-07-01,true,ASSUMPTION,0
2024-05-01,2024-06-01,SKU005,CH05,UPSIDE,FV_UPSIDE_202406,2140,55122120.0,34072895.04,1296718.01,147249.9,FROZEN,true,2024-07-01,true,ASSUMPTION,-6
2024-05-01,2024-06-01,SKU005,CH05,DOWNSIDE,FV_DOWNSIDE_202406,1920,49455360.0,36411230.98,1322652.37,162275.4,FROZEN,true,2024-07-01,true,ASSUMPTION,14
2024-05-01,2024-06-01,SKU006,CH05,BASE,FV_BASE_202406,2060,58957200.0,35244483.64,1440797.78,166950.0,FROZEN,true,2024-07-01,true,ASSUMPTION,0
2024-05-01,2024-06-01,SKU006,CH05,UPSIDE,FV_UPSIDE_202406,2140,61246800.0,34566705.11,1440797.78,163611.0,FROZEN,true,2024-07-01,true,ASSUMPTION,-6
2024-05-01,2024-06-01,SKU006,CH05,DOWNSIDE,FV_DOWNSIDE_202406,1920,54950400.0,36938929.97,1469613.74,180306.0,FROZEN,true,2024-07-01,true,ASSUMPTION,14
2024-05-01,2024-06-01,SKU007,CH05,BASE,FV_BASE_202406,3090,67800780.0,53076514.06,1656917.45,191992.5,FROZEN,true,2024-07-01,true,ASSUMPTION,0
2024-05-01,2024-06-01,SKU007,CH05,UPSIDE,FV_UPSIDE_202406,3210,70433820.0,52055811.86,1656917.45,188152.65,FROZEN,true,2024-07-01,true,ASSUMPTION,-6
2024-05-01,2024-06-01,SKU007,CH05,DOWNSIDE,FV_DOWNSIDE_202406,2880,63192960.0,55628269.54,1690055.8,207351.9,FROZEN,true,2024-07-01,true,ASSUMPTION,14
2024-05-01,2024-06-01,SKU008,CH05,BASE,FV_BASE_202406,2060,49131000.0,36363356.14,1200664.82,139125.0,FROZEN,true,2024-07-01,true,ASSUMPTION,0
2024-05-01,2024-06-01,SKU008,CH05,UPSIDE,FV_UPSIDE_202406,2140,51039000.0,35664060.83,1200664.82,136342.5,FROZEN,true,2024-07-01,true,ASSUMPTION,-6
2024-05-01,2024-06-01,SKU008,CH05,DOWNSIDE,FV_DOWNSIDE_202406,1920,45792000.0,38111594.42,1224678.12,150255.0,FROZEN,true,2024-07-01,true,ASSUMPTION,14
2024-05-01,2024-06-01,SKU009,CH05,BASE,FV_BASE_202406,3090,61905060.0,51104501.28,1512837.67,175297.5,FROZEN,true,2024-07-01,true,ASSUMPTION,0
2024-05-01,2024-06-01,SKU009,CH05,UPSIDE,FV_UPSIDE_202406,3210,64309140.0,50121722.41,1512837.67,171791.55,FROZEN,true,2024-07-01,true,ASSUMPTION,-6
2024-05-01,2024-06-01,SKU009,CH05,DOWNSIDE,FV_DOWNSIDE_202406,2880,57697920.0,53561448.46,1543094.42,189321.3,FROZEN,true,2024-07-01,true,ASSUMPTION,14
2024-05-01,2024-06-01,SKU010,CH05,BASE,FV_BASE_202406,2060,47165760.0,33566174.9,1152638.23,133560.0,FROZEN,true,2024-07-01,true,ASSUMPTION,0
2024-05-01,2024-06-01,SKU010,CH05,UPSIDE,FV_UPSIDE_202406,2140,48997440.0,32920671.53,1152638.23,130888.8,FROZEN,true,2024-07-01,true,ASSUMPTION,-6
2024-05-01,2024-06-01,SKU010,CH05,DOWNSIDE,FV_DOWNSIDE_202406,1920,43960320.0,35179933.31,1175690.99,144244.8,FROZEN,true,2024-07-01,true,ASSUMPTION,14
2024-05-01,2024-06-01,SKU011,CH05,BASE,FV_BASE_202406,1030,34391700.0,14685201.52,840465.37,97387.5,FROZEN,true,2024-07-01,true,ASSUMPTION,0
2024-05-01,2024-06-01,SKU011,CH05,UPSIDE,FV_UPSIDE_202406,1070,35727300.0,14402793.8,840465.37,95439.75,FROZEN,true,2024-07-01,true,ASSUMPTION,-6
2024-05-01,2024-06-01,SKU011,CH05,DOWNSIDE,FV_DOWNSIDE_202406,960,32054400.0,15391220.83,857274.68,105178.5,FROZEN,true,2024-07-01,true,ASSUMPTION,14
2024-05-01,2024-06-01,SKU012,CH05,BASE,FV_BASE_202406,2060,56991960.0,31636119.85,1392771.19,161385.0,FROZEN,true,2024-07-01,true,ASSUMPTION,0
2024-05-01,2024-06-01,SKU012,CH05,UPSIDE,FV_UPSIDE_202406,2140,59205240.0,31027732.93,1392771.19,158157.3,FROZEN,true,2024-07-01,true,ASSUMPTION,-6
2024-05-01,2024-06-01,SKU012,CH05,DOWNSIDE,FV_DOWNSIDE_202406,1920,53118720.0,33157087.15,1420626.61,174295.8,FROZEN,true,2024-07-01,true,ASSUMPTION,14
2024-06-01,2024-07-01,SKU001,CH01,BASE,FV_BASE_202407,8240,243689760.0,143938363.09,6180078.47,690060.0,FROZEN,true,2024-08-01,true,ASSUMPTION,0
2024-06-01,2024-07-01,SKU001,CH01,UPSIDE,FV_UPSIDE_202407,8560,253153440.0,141170317.64,6180078.47,676258.8,FROZEN,true,2024-08-01,true,ASSUMPTION,-6
2024-06-01,2024-07-01,SKU001,CH01,DOWNSIDE,FV_DOWNSIDE_202407,7680,227128320.0,150858476.7,6303680.04,745264.8,FROZEN,true,2024-08-01,true,ASSUMPTION,14
2024-06-01,2024-07-01,SKU002,CH01,BASE,FV_BASE_202407,5150,176871600.0,94024253.3,4485540.82,500850.0,FROZEN,true,2024-08-01,true,ASSUMPTION,0
2024-06-01,2024-07-01,SKU002,CH01,UPSIDE,FV_UPSIDE_202407,5350,183740400.0,92216094.59,4485540.82,490833.0,FROZEN,true,2024-08-01,true,ASSUMPTION,-6
2024-06-01,2024-07-01,SKU002,CH01,DOWNSIDE,FV_DOWNSIDE_202407,4800,164851200.0,98544650.1,4575251.64,540918.0,FROZEN,true,2024-08-01,true,ASSUMPTION,14
2024-06-01,2024-07-01,SKU003,CH01,BASE,FV_BASE_202407,5150,157219200.0,88220287.05,3987147.4,445200.0,FROZEN,true,2024-08-01,true,ASSUMPTION,0
2024-06-01,2024-07-01,SKU003,CH01,UPSIDE,FV_UPSIDE_202407,5350,163324800.0,86523743.07,3987147.4,436296.0,FROZEN,true,2024-08-01,true,ASSUMPTION,-6
2024-06-01,2024-07-01,SKU003,CH01,DOWNSIDE,FV_DOWNSIDE_202407,4800,146534400.0,92461647.01,4066890.35,480816.0,FROZEN,true,2024-08-01,true,ASSUMPTION,14
2024-06-01,2024-07-01,SKU004,CH01,BASE,FV_BASE_202407,7210,192593520.0,125133512.42,4884255.56,545370.0,FROZEN,true,2024-08-01,true,ASSUMPTION,0
2024-06-01,2024-07-01,SKU004,CH01,UPSIDE,FV_UPSIDE_202407,7490,200072880.0,122727098.72,4884255.56,534462.6,FROZEN,true,2024-08-01,true,ASSUMPTION,-6
2024-06-01,2024-07-01,SKU004,CH01,DOWNSIDE,FV_DOWNSIDE_202407,6720,179504640.0,131149546.67,4981940.67,588999.6,FROZEN,true,2024-08-01,true,ASSUMPTION,14
2024-06-01,2024-07-01,SKU005,CH01,BASE,FV_BASE_202407,6180,159184440.0,108127891.3,4036986.74,450765.0,FROZEN,true,2024-08-01,true,ASSUMPTION,0
2024-06-01,2024-07-01,SKU005,CH01,UPSIDE,FV_UPSIDE_202407,6420,165366360.0,106048508.78,4036986.74,441749.7,FROZEN,true,2024-08-01,true,ASSUMPTION,-6
2024-06-01,2024-07-01,SKU005,CH01,DOWNSIDE,FV_DOWNSIDE_202407,5760,148366080.0,113326347.61,4117726.47,486826.2,FROZEN,true,2024-08-01,true,ASSUMPTION,14
2024-06-01,2024-07-01,SKU006,CH01,BASE,FV_BASE_202407,5150,147393000.0,91412468.49,3737950.68,417375.0,FROZEN,true,2024-08-01,true,ASSUMPTION,0
2024-06-01,2024-07-01,SKU006,CH01,UPSIDE,FV_UPSIDE_202407,5350,153117000.0,89654536.41,3737950.68,409027.5,FROZEN,true,2024-08-01,true,ASSUMPTION,-6
2024-06-01,2024-07-01,SKU006,CH01,DOWNSIDE,FV_DOWNSIDE_202407,4800,137376000.0,95807298.71,3812709.69,450765.0,FROZEN,true,2024-08-01,true,ASSUMPTION,14
2024-06-01,2024-07-01,SKU007,CH01,BASE,FV_BASE_202407,8240,180802080.0,146840346.21,4585219.51,511980.0,FROZEN,true,2024-08-01,true,ASSUMPTION,0
2024-06-01,2024-07-01,SKU007,CH01,UPSIDE,FV_UPSIDE_202407,8560,187823520.0,144016493.4,4585219.51,501740.4,FROZEN,true,2024-08-01,true,ASSUMPTION,-6
2024-06-01,2024-07-01,SKU007,CH01,DOWNSIDE,FV_DOWNSIDE_202407,7680,168514560.0,153899978.24,4676923.9,552938.4,FROZEN,true,2024-08-01,true,ASSUMPTION,14
2024-06-01,2024-07-01,SKU008,CH01,BASE,FV_BASE_202407,6180,147393000.0,113177341.94,3737950.68,417375.0,FROZEN,true,2024-08-01,true,ASSUMPTION,0
2024-06-01,2024-07-01,SKU008,CH01,UPSIDE,FV_UPSIDE_202407,6420,153117000.0,111000854.59,3737950.68,409027.5,FROZEN,true,2024-08-01,true,ASSUMPTION,-6
2024-06-01,2024-07-01,SKU008,CH01,DOWNSIDE,FV_DOWNSIDE_202407,5760,137376000.0,118618560.3,3812709.69,450765.0,FROZEN,true,2024-08-01,true,ASSUMPTION,14
2024-06-01,2024-07-01,SKU009,CH01,BASE,FV_BASE_202407,7210,144445140.0,123711540.69,3663191.67,409027.5,FROZEN,true,2024-08-01,true,ASSUMPTION,0
2024-06-01,2024-07-01,SKU009,CH01,UPSIDE,FV_UPSIDE_202407,7490,150054660.0,121332472.6,3663191.67,400846.95,FROZEN,true,2024-08-01,true,ASSUMPTION,-6
2024-06-01,2024-07-01,SKU009,CH01,DOWNSIDE,FV_DOWNSIDE_202407,6720,134628480.0,129659210.92,3736455.5,441749.7,FROZEN,true,2024-08-01,true,ASSUMPTION,14
2024-06-01,2024-07-01,SKU010,CH01,BASE,FV_BASE_202407,6180,141497280.0,104471392.56,3588432.66,400680.0,FROZEN,true,2024-08-01,true,ASSUMPTION,0
2024-06-01,2024-07-01,SKU010,CH01,UPSIDE,FV_UPSIDE_202407,6420,146992320.0,102462327.32,3588432.66,392666.4,FROZEN,true,2024-08-01,true,ASSUMPTION,-6
2024-06-01,2024-07-01,SKU010,CH01,DOWNSIDE,FV_DOWNSIDE_202407,5760,131880960.0,109494055.67,3660201.31,432734.4,FROZEN,true,2024-08-01,true,ASSUMPTION,14
2024-06-01,2024-07-01,SKU011,CH01,BASE,FV_BASE_202407,3090,103175100.0,45706234.25,2616565.48,292162.5,FROZEN,true,2024-08-01,true,ASSUMPTION,0
2024-06-01,2024-07-01,SKU011,CH01,UPSIDE,FV_UPSIDE_202407,3210,107181900.0,44827268.2,2616565.48,286319.25,FROZEN,true,2024-08-01,true,ASSUMPTION,-6
2024-06-01,2024-07-01,SKU011,CH01,DOWNSIDE,FV_DOWNSIDE_202407,2880,96163200.0,47903649.35,2668896.79,315535.5,FROZEN,true,2024-08-01,true,ASSUMPTION,14
2024-06-01,2024-07-01,SKU012,CH01,BASE,FV_BASE_202407,5150,142479900.0,82053572.91,3613352.33,403462.5,FROZEN,true,2024-08-01,true,ASSUMPTION,0
2024-06-01,2024-07-01,SKU012,CH01,UPSIDE,FV_UPSIDE_202407,5350,148013100.0,80475619.59,3613352.33,395393.25,FROZEN,true,2024-08-01,true,ASSUMPTION,-6
2024-06-01,2024-07-01,SKU012,CH01,DOWNSIDE,FV_DOWNSIDE_202407,4800,132796800.0,85998456.22,3685619.38,435739.5,FROZEN,true,2024-08-01,true,ASSUMPTION,14
2024-06-01,2024-07-01,SKU001,CH02,BASE,FV_BASE_202407,6180,182767320.0,106732684.3,6748997.35,517545.0,FROZEN,true,2024-08-01,true,ASSUMPTION,0
2024-06-01,2024-07-01,SKU001,CH02,UPSIDE,FV_UPSIDE_202407,6420,189865080.0,104680132.68,6748997.35,507194.1,FROZEN,true,2024-08-01,true,ASSUMPTION,-6
2024-06-01,2024-07-01,SKU001,CH02,DOWNSIDE,FV_DOWNSIDE_202407,5760,170346240.0,111864063.36,6883977.3,558948.6,FROZEN,true,2024-08-01,true,ASSUMPTION,14
2024-06-01,2024-07-01,SKU002,CH02,BASE,FV_BASE_202407,4120,141497280.0,74368580.03,5225030.21,400680.0,FROZEN,true,2024-08-01,true,ASSUMPTION,0
2024-06-01,2024-07-01,SKU002,CH02,UPSIDE,FV_UPSIDE_202407,4280,146992320.0,72938415.03,5225030.21,392666.4,FROZEN,true,2024-08-01,true,ASSUMPTION,-6
2024-06-01,2024-07-01,SKU002,CH02,DOWNSIDE,FV_DOWNSIDE_202407,3840,131880960.0,77943992.53,5329530.81,432734.4,FROZEN,true,2024-08-01,true,ASSUMPTION,14
2024-06-01,2024-07-01,SKU003,CH02,BASE,FV_BASE_202407,4120,125775360.0,69777926.94,4644471.3,356160.0,FROZEN,true,2024-08-01,true,ASSUMPTION,0
2024-06-01,2024-07-01,SKU003,CH02,UPSIDE,FV_UPSIDE_202407,4280,130659840.0,68436043.73,4644471.3,349036.8,FROZEN,true,2024-08-01,true,ASSUMPTION,-6
2024-06-01,2024-07-01,SKU003,CH02,DOWNSIDE,FV_DOWNSIDE_202407,3840,117227520.0,73132634.97,4737360.73,384652.8,FROZEN,true,2024-08-01,true,ASSUMPTION,14
2024-06-01,2024-07-01,SKU004,CH02,BASE,FV_BASE_202407,5150,137566800.0,88370071.95,5079890.48,389550.0,FROZEN,true,2024-08-01,true,ASSUMPTION,0
2024-06-01,2024-07-01,SKU004,CH02,UPSIDE,FV_UPSIDE_202407,5350,142909200.0,86670647.49,5079890.48,381759.0,FROZEN,true,2024-08-01,true,ASSUMPTION,-6
2024-06-01,2024-07-01,SKU004,CH02,DOWNSIDE,FV_DOWNSIDE_202407,4800,128217600.0,92618633.1,5181488.29,420714.0,FROZEN,true,2024-08-01,true,ASSUMPTION,14
2024-06-01,2024-07-01,SKU005,CH02,BASE,FV_BASE_202407,4120,106122960.0,71269889.19,3918772.66,300510.0,FROZEN,true,2024-08-01,true,ASSUMPTION,0
2024-06-01,2024-07-01,SKU005,CH02,UPSIDE,FV_UPSIDE_202407,4280,110244240.0,69899314.4,3918772.66,294499.8,FROZEN,true,2024-08-01,true,ASSUMPTION,-6
2024-06-01,2024-07-01,SKU005,CH02,DOWNSIDE,FV_DOWNSIDE_202407,3840,98910720.0,74696326.17,3997148.11,324550.8,FROZEN,true,2024-08-01,true,ASSUMPTION,14
2024-06-01,2024-07-01,SKU006,CH02,BASE,FV_BASE_202407,4120,117914400.0,72302786.14,4354191.84,333900.0,FROZEN,true,2024-08-01,true,ASSUMPTION,0
2024-06-01,2024-07-01,SKU006,CH02,UPSIDE,FV_UPSIDE_202407,4280,122493600.0,70912347.95,4354191.84,327222.0,FROZEN,true,2024-08-01,true,ASSUMPTION,-6
2024-06-01,2024-07-01,SKU006,CH02,DOWNSIDE,FV_DOWNSIDE_202407,3840,109900800.0,75778881.63,4441275.68,360612.0,FROZEN,true,2024-08-01,true,ASSUMPTION,14
2024-06-01,2024-07-01,SKU007,CH02,BASE,FV_BASE_202407,6180,135601560.0,108884552.93,5007320.62,383985.0,FROZEN,true,2024-08-01,true,ASSUMPTION,0
2024-06-01,2024-07-01,SKU007,CH02,UPSIDE,FV_UPSIDE_202407,6420,140867640.0,106790619.22,5007320.62,376305.3,FROZEN,true,2024-08-01,true,ASSUMPTION,-6
2024-06-01,2024-07-01,SKU007,CH02,DOWNSIDE,FV_DOWNSIDE_202407,5760,126385920.0,114119387.21,5107467.03,414703.8,FROZEN,true,2024-08-01,true,ASSUMPTION,14
2024-06-01,2024-07-01,SKU008,CH02,BASE,FV_BASE_202407,5150,122827500.0,93247640.86,4535616.5,347812.5,FROZEN,true,2024-08-01,true,ASSUMPTION,0
2024-06-01,2024-07-01,SKU008,CH02,UPSIDE,FV_UPSIDE_202407,5350,127597500.0,91454416.99,4535616.5,340856.25,FROZEN,true,2024-08-01,true,ASSUMPTION,-6
2024-06-01,2024-07-01,SKU008,CH02,DOWNSIDE,FV_DOWNSIDE_202407,4800,114480000.0,97730700.51,4626328.83,375637.5,FROZEN,true,2024-08-01,true,ASSUMPTION,14
2024-06-01,2024-07-01,SKU009,CH02,BASE,FV_BASE_202407,6180,123810120.0,104839039.91,4571901.43,350595.0,FROZEN,true,2024-08-01,true,ASSUMPTION,0
2024-06-01,2024-07-01,SKU009,CH02,UPSIDE,FV_UPSIDE_202407,6420,128618280.0,102822904.52,4571901.43,343583.1,FROZEN,true,2024-08-01,true,ASSUMPTION,-6
2024-06-01,2024-07-01,SKU009,CH02,DOWNSIDE,FV_DOWNSIDE_202407,5760,115395840.0,109879378.36,4663339.46,378642.6,FROZEN,true,2024-08-01,true,ASSUMPTION,14
2024-06-01,2024-07-01,SKU010,CH02,BASE,FV_BASE_202407,4120,94331520.0,68859796.32,3483353.47,267120.0,FROZEN,true,2024-08-01,true,ASSUMPTION,0
2024-06-01,2024-07-01,SKU010,CH02,UPSIDE,FV_UPSIDE_202407,4280,97994880.0,67535569.47,3483353.47,261777.6,FROZEN,true,2024-08-01,true,ASSUMPTION,-6
2024-06-01,2024-07-01,SKU010,CH02,DOWNSIDE,FV_DOWNSIDE_202407,3840,87920640.0,72170363.46,3553020.54,288489.6,FROZEN,true,2024-08-01,true,ASSUMPTION,14
2024-06-01,2024-07-01,SKU011,CH02,BASE,FV_BASE_202407,3090,103175100.0,45189241.33,3809917.86,292162.5,FROZEN,true,2024-08-01,true,ASSUMPTION,0
2024-06-01,2024-07-01,SKU011,CH02,UPSIDE,FV_UPSIDE_202407,3210,107181900.0,44320217.46,3809917.86,286319.25,FROZEN,true,2024-08-01,true,ASSUMPTION,-6
2024-06-01,2024-07-01,SKU011,CH02,DOWNSIDE,FV_DOWNSIDE_202407,2880,96163200.0,47361801.01,3886116.22,315535.5,FROZEN,true,2024-08-01,true,ASSUMPTION,14
2024-06-01,2024-07-01,SKU012,CH02,BASE,FV_BASE_202407,4120,113983920.0,64900358.03,4209052.11,322770.0,FROZEN,true,2024-08-01,true,ASSUMPTION,0
2024-06-01,2024-07-01,SKU012,CH02,UPSIDE,FV_UPSIDE_202407,4280,118410480.0,63652274.22,4209052.11,316314.6,FROZEN,true,2024-08-01,true,ASSUMPTION,-6
2024-06-01,2024-07-01,SKU012,CH02,DOWNSIDE,FV_DOWNSIDE_202407,3840,106237440.0,68020567.55,4293233.15,348591.6,FROZEN,true,2024-08-01,true,ASSUMPTION,14
2024-06-01,2024-07-01,SKU001,CH03,BASE,FV_BASE_202407,4120,118651880.0,78996754.58,3136607.97,335988.33,FROZEN,true,2024-08-01,true,ASSUMPTION,0
2024-06-01,2024-07-01,SKU001,CH03,UPSIDE,FV_UPSIDE_202407,4280,123259720.0,77477586.23,3136607.97,329268.57,FROZEN,true,2024-08-01,true,ASSUMPTION,-6
2024-06-01,2024-07-01,SKU001,CH03,DOWNSIDE,FV_DOWNSIDE_202407,3840,110588160.0,82794675.48,3199340.13,362867.4,FROZEN,true,2024-08-01,true,ASSUMPTION,14
2024-06-01,2024-07-01,SKU002,CH03,BASE,FV_BASE_202407,3090,103341960.0,61923262.46,2731884.36,292635.0,FROZEN,true,2024-08-01,true,ASSUMPTION,0
2024-06-01,2024-07-01,SKU002,CH03,UPSIDE,FV_UPSIDE_202407,3210,107355240.0,60732430.49,2731884.36,286782.3,FROZEN,true,2024-08-01,true,ASSUMPTION,-6
2024-06-01,2024-07-01,SKU002,CH03,DOWNSIDE,FV_DOWNSIDE_202407,2880,96318720.0,64900342.39,2786522.05,316045.8,FROZEN,true,2024-08-01,true,ASSUMPTION,14
2024-06-01,2024-07-01,SKU003,CH03,BASE,FV_BASE_202407,3090,91859520.0,58100838.85,2428341.66,260120.0,FROZEN,true,2024-08-01,true,ASSUMPTION,0
2024-06-01,2024-07-01,SKU003,CH03,UPSIDE,FV_UPSIDE_202407,3210,95426880.0,56983515.02,2428341.66,254917.6,FROZEN,true,2024-08-01,true,ASSUMPTION,-6
2024-06-01,2024-07-01,SKU003,CH03,DOWNSIDE,FV_DOWNSIDE_202407,2880,85616640.0,60894148.41,2476908.49,280929.6,FROZEN,true,2024-08-01,true,ASSUMPTION,14
2024-06-01,2024-07-01,SKU004,CH03,BASE,FV_BASE_202407,4120,107169440.0,78487098.1,2833065.27,303473.33,FROZEN,true,2024-08-01,true,ASSUMPTION,0
2024-06-01,2024-07-01,SKU004,CH03,UPSIDE,FV_UPSIDE_202407,4280,111331360.0,76977730.83,2833065.27,297403.87,FROZEN,true,2024-08-01,true,ASSUMPTION,-6
2024-06-01,2024-07-01,SKU004,CH03,DOWNSIDE,FV_DOWNSIDE_202407,3840,99886080.0,82260516.28,2889726.58,327751.2,FROZEN,true,2024-08-01,true,ASSUMPTION,14
2024-06-01,2024-07-01,SKU005,CH03,BASE,FV_BASE_202407,3090,77506470.0,59343126.52,2048913.27,219476.25,FROZEN,true,2024-08-01,true,ASSUMPTION,0
2024-06-01,2024-07-01,SKU005,CH03,UPSIDE,FV_UPSIDE_202407,3210,80516430.0,58201912.55,2048913.27,215086.73,FROZEN,true,2024-08-01,true,ASSUMPTION,-6
2024-06-01,2024-07-01,SKU005,CH03,DOWNSIDE,FV_DOWNSIDE_202407,2880,72239040.0,62196161.45,2089891.54,237034.35,FROZEN,true,2024-08-01,true,ASSUMPTION,14
2024-06-01,2024-07-01,SKU006,CH03,BASE,FV_BASE_202407,3090,86118300.0,60203171.84,2276570.3,243862.5,FROZEN,true,2024-08-01,true,ASSUMPTION,0
2024-06-01,2024-07-01,SKU006,CH03,UPSIDE,FV_UPSIDE_202407,3210,89462700.0,59045418.53,2276570.3,238985.25,FROZEN,true,2024-08-01,true,ASSUMPTION,-6
2024-06-01,2024-07-01,SKU006,CH03,DOWNSIDE,FV_DOWNSIDE_202407,2880,80265600.0,63097555.1,2322101.71,263371.5,FROZEN,true,2024-08-01,true,ASSUMPTION,14
2024-06-01,2024-07-01,SKU007,CH03,BASE,FV_BASE_202407,5150,110040050.0,100736788.86,2908950.94,311602.08,FROZEN,true,2024-08-01,true,ASSUMPTION,0
2024-06-01,2024-07-01,SKU007,CH03,UPSIDE,FV_UPSIDE_202407,5350,114313450.0,98799542.92,2908950.94,305370.04,FROZEN,true,2024-08-01,true,ASSUMPTION,-6
2024-06-01,2024-07-01,SKU007,CH03,DOWNSIDE,FV_DOWNSIDE_202407,4800,102561600.0,105579903.71,2967129.96,336530.25,FROZEN,true,2024-08-01,true,ASSUMPTION,14
2024-06-01,2024-07-01,SKU008,CH03,BASE,FV_BASE_202407,4120,95687000.0,82819178.19,2529522.56,270958.33,FROZEN,true,2024-08-01,true,ASSUMPTION,0
2024-06-01,2024-07-01,SKU008,CH03,UPSIDE,FV_UPSIDE_202407,4280,99403000.0,81226501.68,2529522.56,265539.17,FROZEN,true,2024-08-01,true,ASSUMPTION,-6
2024-06-01,2024-07-01,SKU008,CH03,DOWNSIDE,FV_DOWNSIDE_202407,3840,89184000.0,86800869.45,2580113.01,292635.0,FROZEN,true,2024-08-01,true,ASSUMPTION,14
2024-06-01,2024-07-01,SKU009,CH03,BASE,FV_BASE_202407,4120,80377080.0,77595199.26,2124798.95,227605.0,FROZEN,true,2024-08-01,true,ASSUMPTION,0
2024-06-01,2024-07-01,SKU009,CH03,UPSIDE,FV_UPSIDE_202407,4280,83498520.0,76102983.89,2124798.95,223052.9,FROZEN,true,2024-08-01,true,ASSUMPTION,-6
2024-06-01,2024-07-01,SKU009,CH03,DOWNSIDE,FV_DOWNSIDE_202407,3840,74914560.0,81325737.69,2167294.93,245813.4,FROZEN,true,2024-08-01,true,ASSUMPTION,14
2024-06-01,2024-07-01,SKU010,CH03,BASE,FV_BASE_202407,3090,68894640.0,57336354.13,1821256.24,195090.0,FROZEN,true,2024-08-01,true,ASSUMPTION,0
2024-06-01,2024-07-01,SKU010,CH03,UPSIDE,FV_UPSIDE_202407,3210,71570160.0,56233731.93,1821256.24,191188.2,FROZEN,true,2024-08-01,true,ASSUMPTION,-6
2024-06-01,2024-07-01,SKU010,CH03,DOWNSIDE,FV_DOWNSIDE_202407,2880,64212480.0,60092909.62,1857681.36,210697.2,FROZEN,true,2024-08-01,true,ASSUMPTION,14
2024-06-01,2024-07-01,SKU011,CH03,BASE,FV_BASE_202407,2060,66980900.0,33446206.58,1770665.79,189670.83,FROZEN,true,2024-08-01,true,ASSUMPTION,0
2024-06-01,2024-07-01,SKU011,CH03,UPSIDE,FV_UPSIDE_202407,2140,69582100.0,32803010.3,1770665.79,185877.42,FROZEN,true,2024-08-01,true,ASSUMPTION,-6
2024-06-01,2024-07-01,SKU011,CH03,DOWNSIDE,FV_DOWNSIDE_202407,1920,62428800.0,35054197.28,1806079.11,204844.5,FROZEN,true,2024-08-01,true,ASSUMPTION,14
2024-06-01,2024-07-01,SKU012,CH03,BASE,FV_BASE_202407,3090,83247690.0,54039513.75,2200684.63,235733.75,FROZEN,true,2024-08-01,true,ASSUMPTION,0
2024-06-01,2024-07-01,SKU012,CH03,UPSIDE,FV_UPSIDE_202407,3210,86480610.0,53000292.33,2200684.63,231019.08,FROZEN,true,2024-08-01,true,ASSUMPTION,-6
2024-06-01,2024-07-01,SKU012,CH03,DOWNSIDE,FV_DOWNSIDE_202407,2880,77590080.0,56637567.29,2244698.32,254592.45,FROZEN,true,2024-08-01,true,ASSUMPTION,14
2024-06-01,2024-07-01,SKU001,CH04,BASE,FV_BASE_202407,2060,60156120.0,37496707.89,1610893.81,170345.0,FROZEN,true,2024-08-01,true,ASSUMPTION,0
2024-06-01,2024-07-01,SKU001,CH04,UPSIDE,FV_UPSIDE_202407,2140,62492280.0,36775617.36,1610893.81,166938.1,FROZEN,true,2024-08-01,true,ASSUMPTION,-6
2024-06-01,2024-07-01,SKU001,CH04,DOWNSIDE,FV_DOWNSIDE_202407,1920,56067840.0,39299434.23,1643111.69,183972.6,FROZEN,true,2024-08-01,true,ASSUMPTION,14
2024-06-01,2024-07-01,SKU002,CH04,BASE,FV_BASE_202407,2060,69858720.0,39190107.6,1870715.4,197820.0,FROZEN,true,2024-08-01,true,ASSUMPTION,0
2024-06-01,2024-07-01,SKU002,CH04,UPSIDE,FV_UPSIDE_202407,2140,72571680.0,38436451.69,1870715.4,193863.6,FROZEN,true,2024-08-01,true,ASSUMPTION,-6
2024-06-01,2024-07-01,SKU002,CH04,DOWNSIDE,FV_DOWNSIDE_202407,1920,65111040.0,41074247.39,1908129.71,213645.6,FROZEN,true,2024-08-01,true,ASSUMPTION,14
2024-06-01,2024-07-01,SKU003,CH04,BASE,FV_BASE_202407,1030,31048320.0,18385482.58,831429.06,87920.0,FROZEN,true,2024-08-01,true,ASSUMPTION,0
2024-06-01,2024-07-01,SKU003,CH04,UPSIDE,FV_UPSIDE_202407,1070,32254080.0,18031915.6,831429.06,86161.6,FROZEN,true,2024-08-01,true,ASSUMPTION,-6
2024-06-01,2024-07-01,SKU003,CH04,DOWNSIDE,FV_DOWNSIDE_202407,960,28938240.0,19269400.01,848057.64,94953.6,FROZEN,true,2024-08-01,true,ASSUMPTION,14
2024-06-01,2024-07-01,SKU004,CH04,BASE,FV_BASE_202407,2060,54334560.0,37254793.65,1455000.86,153860.0,FROZEN,true,2024-08-01,true,ASSUMPTION,0
2024-06-01,2024-07-01,SKU004,CH04,UPSIDE,FV_UPSIDE_202407,2140,56444640.0,36538355.31,1455000.86,150782.8,FROZEN,true,2024-08-01,true,ASSUMPTION,-6
2024-06-01,2024-07-01,SKU004,CH04,DOWNSIDE,FV_DOWNSIDE_202407,1920,50641920.0,39045889.5,1484100.88,166168.8,FROZEN,true,2024-08-01,true,ASSUMPTION,14
2024-06-01,2024-07-01,SKU005,CH04,BASE,FV_BASE_202407,2060,52394040.0,37557186.45,1403036.55,148365.0,FROZEN,true,2024-08-01,true,ASSUMPTION,0
2024-06-01,2024-07-01,SKU005,CH04,UPSIDE,FV_UPSIDE_202407,2140,54428760.0,36834932.87,1403036.55,145397.7,FROZEN,true,2024-08-01,true,ASSUMPTION,-6
2024-06-01,2024-07-01,SKU005,CH04,DOWNSIDE,FV_DOWNSIDE_202407,1920,48833280.0,39362820.42,1431097.28,160234.2,FROZEN,true,2024-08-01,true,ASSUMPTION,14
2024-06-01,2024-07-01,SKU006,CH04,BASE,FV_BASE_202407,1030,29107800.0,19050746.75,779464.75,82425.0,FROZEN,true,2024-08-01,true,ASSUMPTION,0
2024-06-01,2024-07-01,SKU006,CH04,UPSIDE,FV_UPSIDE_202407,1070,30238200.0,18684386.23,779464.75,80776.5,FROZEN,true,2024-08-01,true,ASSUMPTION,-6
2024-06-01,2024-07-01,SKU006,CH04,DOWNSIDE,FV_DOWNSIDE_202407,960,27129600.0,19966648.03,795054.05,89019.0,FROZEN,true,2024-08-01,true,ASSUMPTION,14
2024-06-01,2024-07-01,SKU007,CH04,BASE,FV_BASE_202407,2060,44631960.0,38252689.9,1195179.28,126385.0,FROZEN,true,2024-08-01,true,ASSUMPTION,0
2024-06-01,2024-07-01,SKU007,CH04,UPSIDE,FV_UPSIDE_202407,2140,46365240.0,37517061.25,1195179.28,123857.3,FROZEN,true,2024-08-01,true,ASSUMPTION,-6
2024-06-01,2024-07-01,SKU007,CH04,DOWNSIDE,FV_DOWNSIDE_202407,1920,41598720.0,40091761.53,1219082.87,136495.8,FROZEN,true,2024-08-01,true,ASSUMPTION,14
2024-06-01,2024-07-01,SKU008,CH04,BASE,FV_BASE_202407,2060,48513000.0,39311064.72,1299107.91,137375.0,FROZEN,true,2024-08-01,true,ASSUMPTION,0
2024-06-01,2024-07-01,SKU008,CH04,UPSIDE,FV_UPSIDE_202407,2140,50397000.0,38555082.7,1299107.91,134627.5,FROZEN,true,2024-08-01,true,ASSUMPTION,-6
2024-06-01,2024-07-01,SKU008,CH04,DOWNSIDE,FV_DOWNSIDE_202407,1920,45216000.0,41201019.75,1325090.07,148365.0,FROZEN,true,2024-08-01,true,ASSUMPTION,14
2024-06-01,2024-07-01,SKU009,CH04,BASE,FV_BASE_202407,2060,40750920.0,36831443.72,1091250.65,115395.0,FROZEN,true,2024-08-01,true,ASSUMPTION,0
2024-06-01,2024-07-01,SKU009,CH04,UPSIDE,FV_UPSIDE_202407,2140,42333480.0,36123146.72,1091250.65,113087.1,FROZEN,true,2024-08-01,true,ASSUMPTION,-6
2024-06-01,2024-07-01,SKU009,CH04,DOWNSIDE,FV_DOWNSIDE_202407,1920,37981440.0,38602186.21,1113075.66,124626.6,FROZEN,true,2024-08-01,true,ASSUMPTION,14
2024-06-01,2024-07-01,SKU010,CH04,BASE,FV_BASE_202407,2060,46572480.0,36287136.66,1247143.6,131880.0,FROZEN,true,2024-08-01,true,ASSUMPTION,0
2024-06-01,2024-07-01,SKU010,CH04,UPSIDE,FV_UPSIDE_202407,2140,48381120.0,35589307.11,1247143.6,129242.4,FROZEN,true,2024-08-01,true,ASSUMPTION,-6
2024-06-01,2024-07-01,SKU010,CH04,DOWNSIDE,FV_DOWNSIDE_202407,1920,43407360.0,38031710.54,1272086.47,142430.4,FROZEN,true,2024-08-01,true,ASSUMPTION,14
2024-06-01,2024-07-01,SKU011,CH04,BASE,FV_BASE_202407,1030,33959100.0,15875622.29,909375.54,96162.5,FROZEN,true,2024-08-01,true,ASSUMPTION,0
2024-06-01,2024-07-01,SKU011,CH04,UPSIDE,FV_UPSIDE_202407,1070,35277900.0,15570321.86,909375.54,94239.25,FROZEN,true,2024-08-01,true,ASSUMPTION,-6
2024-06-01,2024-07-01,SKU011,CH04,DOWNSIDE,FV_DOWNSIDE_202407,960,31651200.0,16638873.36,927563.05,103855.5,FROZEN,true,2024-08-01,true,ASSUMPTION,14
2024-06-01,2024-07-01,SKU012,CH04,BASE,FV_BASE_202407,1030,28137540.0,17100313.15,753482.59,79677.5,FROZEN,true,2024-08-01,true,ASSUMPTION,0
2024-06-01,2024-07-01,SKU012,CH04,UPSIDE,FV_UPSIDE_202407,1070,29230260.0,16771460.98,753482.59,78083.95,FROZEN,true,2024-08-01,true,ASSUMPTION,-6
2024-06-01,2024-07-01,SKU012,CH04,DOWNSIDE,FV_DOWNSIDE_202407,960,26225280.0,17922443.59,768552.24,86051.7,FROZEN,true,2024-08-01,true,ASSUMPTION,14
2024-06-01,2024-07-01,SKU001,CH05,BASE,FV_BASE_202407,3090,91383660.0,52020657.14,2232939.79,258772.5,FROZEN,true,2024-08-01,true,ASSUMPTION,0
2024-06-01,2024-07-01,SKU001,CH05,UPSIDE,FV_UPSIDE_202407,3210,94932540.0,51020259.88,2232939.79,253597.05,FROZEN,true,2024-08-01,true,ASSUMPTION,-6
2024-06-01,2024-07-01,SKU001,CH05,DOWNSIDE,FV_DOWNSIDE_202407,2880,85173120.0,54521650.27,2277598.59,279474.3,FROZEN,true,2024-08-01,true,ASSUMPTION,14
2024-06-01,2024-07-01,SKU002,CH05,BASE,FV_BASE_202407,2060,70748640.0,36246651.42,1728727.58,200340.0,FROZEN,true,2024-08-01,true,ASSUMPTION,0
2024-06-01,2024-07-01,SKU002,CH05,UPSIDE,FV_UPSIDE_202407,2140,73496160.0,35549600.43,1728727.58,196333.2,FROZEN,true,2024-08-01,true,ASSUMPTION,-6
2024-06-01,2024-07-01,SKU002,CH05,DOWNSIDE,FV_DOWNSIDE_202407,1920,65940480.0,37989278.89,1763302.13,216367.2,FROZEN,true,2024-08-01,true,ASSUMPTION,14
2024-06-01,2024-07-01,SKU003,CH05,BASE,FV_BASE_202407,2060,62887680.0,34009203.8,1536646.74,178080.0,FROZEN,true,2024-08-01,true,ASSUMPTION,0
2024-06-01,2024-07-01,SKU003,CH05,UPSIDE,FV_UPSIDE_202407,2140,65329920.0,33355180.65,1536646.74,174518.4,FROZEN,true,2024-08-01,true,ASSUMPTION,-6
2024-06-01,2024-07-01,SKU003,CH05,DOWNSIDE,FV_DOWNSIDE_202407,1920,58613760.0,35644261.68,1567379.67,192326.4,FROZEN,true,2024-08-01,true,ASSUMPTION,14
2024-06-01,2024-07-01,SKU004,CH05,BASE,FV_BASE_202407,2060,55026720.0,34456693.33,1344565.89,155820.0,FROZEN,true,2024-08-01,true,ASSUMPTION,0
2024-06-01,2024-07-01,SKU004,CH05,UPSIDE,FV_UPSIDE_202407,2140,57163680.0,33794064.61,1344565.89,152703.6,FROZEN,true,2024-08-01,true,ASSUMPTION,-6
2024-06-01,2024-07-01,SKU004,CH05,DOWNSIDE,FV_DOWNSIDE_202407,1920,51287040.0,36113265.12,1371457.21,168285.6,FROZEN,true,2024-08-01,true,ASSUMPTION,14
2024-06-01,2024-07-01,SKU005,CH05,BASE,FV_BASE_202407,2060,53061480.0,34736374.28,1296545.68,150255.0,FROZEN,true,2024-08-01,true,ASSUMPTION,0
2024-06-01,2024-07-01,SKU005,CH05,UPSIDE,FV_UPSIDE_202407,2140,55122120.0,34068367.08,1296545.68,147249.9,FROZEN,true,2024-08-01,true,ASSUMPTION,-6
2024-06-01,2024-07-01,SKU005,CH05,DOWNSIDE,FV_DOWNSIDE_202407,1920,49455360.0,36406392.27,1322476.59,162275.4,FROZEN,true,2024-08-01,true,ASSUMPTION,14
2024-06-01,2024-07-01,SKU006,CH05,BASE,FV_BASE_202407,2060,58957200.0,35239799.99,1440606.32,166950.0,FROZEN,true,2024-08-01,true,ASSUMPTION,0
2024-06-01,2024-07-01,SKU006,CH05,UPSIDE,FV_UPSIDE_202407,2140,61246800.0,34562111.53,1440606.32,163611.0,FROZEN,true,2024-08-01,true,ASSUMPTION,-6
2024-06-01,2024-07-01,SKU006,CH05,DOWNSIDE,FV_DOWNSIDE_202407,1920,54950400.0,36934021.15,1469418.45,180306.0,FROZEN,true,2024-08-01,true,ASSUMPTION,14
2024-06-01,2024-07-01,SKU007,CH05,BASE,FV_BASE_202407,3090,67800780.0,53069460.7,1656697.26,191992.5,FROZEN,true,2024-08-01,true,ASSUMPTION,0
2024-06-01,2024-07-01,SKU007,CH05,UPSIDE,FV_UPSIDE_202407,3210,70433820.0,52048894.15,1656697.26,188152.65,FROZEN,true,2024-08-01,true,ASSUMPTION,-6
2024-06-01,2024-07-01,SKU007,CH05,DOWNSIDE,FV_DOWNSIDE_202407,2880,63192960.0,55620877.08,1689831.21,207351.9,FROZEN,true,2024-08-01,true,ASSUMPTION,14
2024-06-01,2024-07-01,SKU008,CH05,BASE,FV_BASE_202407,2060,49131000.0,36358523.8,1200505.26,139125.0,FROZEN,true,2024-08-01,true,ASSUMPTION,0
2024-06-01,2024-07-01,SKU008,CH05,UPSIDE,FV_UPSIDE_202407,2140,51039000.0,35659321.42,1200505.26,136342.5,FROZEN,true,2024-08-01,true,ASSUMPTION,-6
2024-06-01,2024-07-01,SKU008,CH05,DOWNSIDE,FV_DOWNSIDE_202407,1920,45792000.0,38106529.75,1224515.37,150255.0,FROZEN,true,2024-08-01,true,ASSUMPTION,14
2024-06-01,2024-07-01,SKU009,CH05,BASE,FV_BASE_202407,3090,61905060.0,51097709.99,1512636.63,175297.5,FROZEN,true,2024-08-01,true,ASSUMPTION,0
2024-06-01,2024-07-01,SKU009,CH05,UPSIDE,FV_UPSIDE_202407,3210,64309140.0,50115061.72,1512636.63,171791.55,FROZEN,true,2024-08-01,true,ASSUMPTION,-6
2024-06-01,2024-07-01,SKU009,CH05,DOWNSIDE,FV_DOWNSIDE_202407,2880,57697920.0,53554330.66,1542889.36,189321.3,FROZEN,true,2024-08-01,true,ASSUMPTION,14
2024-06-01,2024-07-01,SKU010,CH05,BASE,FV_BASE_202407,2060,47165760.0,33561714.27,1152485.05,133560.0,FROZEN,true,2024-08-01,true,ASSUMPTION,0
2024-06-01,2024-07-01,SKU010,CH05,UPSIDE,FV_UPSIDE_202407,2140,48997440.0,32916296.69,1152485.05,130888.8,FROZEN,true,2024-08-01,true,ASSUMPTION,-6
2024-06-01,2024-07-01,SKU010,CH05,DOWNSIDE,FV_DOWNSIDE_202407,1920,43960320.0,35175258.23,1175534.75,144244.8,FROZEN,true,2024-08-01,true,ASSUMPTION,14
2024-06-01,2024-07-01,SKU011,CH05,BASE,FV_BASE_202407,1030,34391700.0,14683249.99,840353.68,97387.5,FROZEN,true,2024-08-01,true,ASSUMPTION,0
2024-06-01,2024-07-01,SKU011,CH05,UPSIDE,FV_UPSIDE_202407,1070,35727300.0,14400879.8,840353.68,95439.75,FROZEN,true,2024-08-01,true,ASSUMPTION,-6
2024-06-01,2024-07-01,SKU011,CH05,DOWNSIDE,FV_DOWNSIDE_202407,960,32054400.0,15389175.47,857160.75,105178.5,FROZEN,true,2024-08-01,true,ASSUMPTION,14
2024-06-01,2024-07-01,SKU012,CH05,BASE,FV_BASE_202407,2060,56991960.0,31631915.72,1392586.11,161385.0,FROZEN,true,2024-08-01,true,ASSUMPTION,0
2024-06-01,2024-07-01,SKU012,CH05,UPSIDE,FV_UPSIDE_202407,2140,59205240.0,31023609.65,1392586.11,158157.3,FROZEN,true,2024-08-01,true,ASSUMPTION,-6
2024-06-01,2024-07-01,SKU012,CH05,DOWNSIDE,FV_DOWNSIDE_202407,1920,53118720.0,33152680.9,1420437.83,174295.8,FROZEN,true,2024-08-01,true,ASSUMPTION,14
2024-07-01,2024-08-01,SKU001,CH01,BASE,FV_BASE_202408,8240,243689760.0,144144710.44,6188189.92,690060.0,FROZEN,true,2024-09-01,true,ASSUMPTION,0
2024-07-01,2024-08-01,SKU001,CH01,UPSIDE,FV_UPSIDE_202408,8560,253153440.0,141372696.78,6188189.92,676258.8,FROZEN,true,2024-09-01,true,ASSUMPTION,-6
2024-07-01,2024-08-01,SKU001,CH01,DOWNSIDE,FV_DOWNSIDE_202408,7680,227128320.0,151074744.6,6311953.72,745264.8,FROZEN,true,2024-09-01,true,ASSUMPTION,14
2024-07-01,2024-08-01,SKU002,CH01,BASE,FV_BASE_202408,6180,212245920.0,112990853.67,5389713.8,601020.0,FROZEN,true,2024-09-01,true,ASSUMPTION,0
2024-07-01,2024-08-01,SKU002,CH01,UPSIDE,FV_UPSIDE_202408,6420,220488480.0,110817952.64,5389713.8,588999.6,FROZEN,true,2024-09-01,true,ASSUMPTION,-6
2024-07-01,2024-08-01,SKU002,CH01,DOWNSIDE,FV_DOWNSIDE_202408,5760,197821440.0,118423106.25,5497508.08,649101.6,FROZEN,true,2024-09-01,true,ASSUMPTION,14
2024-07-01,2024-08-01,SKU003,CH01,BASE,FV_BASE_202408,5150,157219200.0,88346758.02,3992380.59,445200.0,FROZEN,true,2024-09-01,true,ASSUMPTION,0
2024-07-01,2024-08-01,SKU003,CH01,UPSIDE,FV_UPSIDE_202408,5350,163324800.0,86647781.91,3992380.59,436296.0,FROZEN,true,2024-09-01,true,ASSUMPTION,-6
2024-07-01,2024-08-01,SKU003,CH01,DOWNSIDE,FV_DOWNSIDE_202408,4800,146534400.0,92594198.31,4072228.2,480816.0,FROZEN,true,2024-09-01,true,ASSUMPTION,14
2024-07-01,2024-08-01,SKU004,CH01,BASE,FV_BASE_202408,7210,192593520.0,125312901.5,4890666.22,545370.0,FROZEN,true,2024-09-01,true,ASSUMPTION,0
2024-07-01,2024-08-01,SKU004,CH01,UPSIDE,FV_UPSIDE_202408,7490,200072880.0,122903038.01,4890666.22,534462.6,FROZEN,true,2024-09-01,true,ASSUMPTION,-6
2024-07-01,2024-08-01,SKU004,CH01,DOWNSIDE,FV_DOWNSIDE_202408,6720,179504640.0,131337560.23,4988479.54,588999.6,FROZEN,true,2024-09-01,true,ASSUMPTION,14
2024-07-01,2024-08-01,SKU005,CH01,BASE,FV_BASE_202408,6180,159184440.0,108282901.44,4042285.35,450765.0,FROZEN,true,2024-09-01,true,ASSUMPTION,0
2024-07-01,2024-08-01,SKU005,CH01,UPSIDE,FV_UPSIDE_202408,6420,165366360.0,106200537.95,4042285.35,441749.7,FROZEN,true,2024-09-01,true,ASSUMPTION,-6
2024-07-01,2024-08-01,SKU005,CH01,DOWNSIDE,FV_DOWNSIDE_202408,5760,148366080.0,113488810.16,4123131.06,486826.2,FROZEN,true,2024-09-01,true,ASSUMPTION,14
2024-07-01,2024-08-01,SKU006,CH01,BASE,FV_BASE_202408,5150,147393000.0,91543515.71,3742856.8,417375.0,FROZEN,true,2024-09-01,true,ASSUMPTION,0
2024-07-01,2024-08-01,SKU006,CH01,UPSIDE,FV_UPSIDE_202408,5350,153117000.0,89783063.49,3742856.8,409027.5,FROZEN,true,2024-09-01,true,ASSUMPTION,-6
2024-07-01,2024-08-01,SKU006,CH01,DOWNSIDE,FV_DOWNSIDE_202408,4800,137376000.0,95944646.27,3817713.94,450765.0,FROZEN,true,2024-09-01,true,ASSUMPTION,14
2024-07-01,2024-08-01,SKU007,CH01,BASE,FV_BASE_202408,8240,180802080.0,147050853.8,4591237.68,511980.0,FROZEN,true,2024-09-01,true,ASSUMPTION,0
2024-07-01,2024-08-01,SKU007,CH01,UPSIDE,FV_UPSIDE_202408,8560,187823520.0,144222952.76,4591237.68,501740.4,FROZEN,true,2024-09-01,true,ASSUMPTION,-6
2024-07-01,2024-08-01,SKU007,CH01,DOWNSIDE,FV_DOWNSIDE_202408,7680,168514560.0,154120606.39,4683062.43,552938.4,FROZEN,true,2024-09-01,true,ASSUMPTION,14
2024-07-01,2024-08-01,SKU008,CH01,BASE,FV_BASE_202408,6180,147393000.0,113339590.87,3742856.8,417375.0,FROZEN,true,2024-09-01,true,ASSUMPTION,0
2024-07-01,2024-08-01,SKU008,CH01,UPSIDE,FV_UPSIDE_202408,6420,153117000.0,111159983.36,3742856.8,409027.5,FROZEN,true,2024-09-01,true,ASSUMPTION,-6
2024-07-01,2024-08-01,SKU008,CH01,DOWNSIDE,FV_DOWNSIDE_202408,5760,137376000.0,118788609.67,3817713.94,450765.0,FROZEN,true,2024-09-01,true,ASSUMPTION,14
2024-07-01,2024-08-01,SKU009,CH01,BASE,FV_BASE_202408,8240,165080160.0,141587304.29,4191999.62,467460.0,FROZEN,true,2024-09-01,true,ASSUMPTION,0
2024-07-01,2024-08-01,SKU009,CH01,UPSIDE,FV_UPSIDE_202408,8560,171491040.0,138864471.51,4191999.62,458110.8,FROZEN,true,2024-09-01,true,ASSUMPTION,-6
2024-07-01,2024-08-01,SKU009,CH01,DOWNSIDE,FV_DOWNSIDE_202408,7680,153861120.0,148394386.23,4275839.61,504856.8,FROZEN,true,2024-09-01,true,ASSUMPTION,14
2024-07-01,2024-08-01,SKU010,CH01,BASE,FV_BASE_202408,6180,141497280.0,104621160.81,3593142.53,400680.0,FROZEN,true,2024-09-01,true,ASSUMPTION,0
2024-07-01,2024-08-01,SKU010,CH01,UPSIDE,FV_UPSIDE_202408,6420,146992320.0,102609215.41,3593142.53,392666.4,FROZEN,true,2024-09-01,true,ASSUMPTION,-6
2024-07-01,2024-08-01,SKU010,CH01,DOWNSIDE,FV_DOWNSIDE_202408,5760,131880960.0,109651024.31,3665005.38,432734.4,FROZEN,true,2024-09-01,true,ASSUMPTION,14
2024-07-01,2024-08-01,SKU011,CH01,BASE,FV_BASE_202408,3090,103175100.0,45771757.86,2619999.76,292162.5,FROZEN,true,2024-09-01,true,ASSUMPTION,0
2024-07-01,2024-08-01,SKU011,CH01,UPSIDE,FV_UPSIDE_202408,3210,107181900.0,44891531.74,2619999.76,286319.25,FROZEN,true,2024-09-01,true,ASSUMPTION,-6
2024-07-01,2024-08-01,SKU011,CH01,DOWNSIDE,FV_DOWNSIDE_202408,2880,96163200.0,47972323.14,2672399.76,315535.5,FROZEN,true,2024-09-01,true,ASSUMPTION,14
2024-07-01,2024-08-01,SKU012,CH01,BASE,FV_BASE_202408,5150,142479900.0,82171203.39,3618094.91,403462.5,FROZEN,true,2024-09-01,true,ASSUMPTION,0
2024-07-01,2024-08-01,SKU012,CH01,UPSIDE,FV_UPSIDE_202408,5350,148013100.0,80590987.94,3618094.91,395393.25,FROZEN,true,2024-09-01,true,ASSUMPTION,-6
2024-07-01,2024-08-01,SKU012,CH01,DOWNSIDE,FV_DOWNSIDE_202408,4800,132796800.0,86121742.01,3690456.81,435739.5,FROZEN,true,2024-09-01,true,ASSUMPTION,14
2024-07-01,2024-08-01,SKU001,CH02,BASE,FV_BASE_202408,6180,182767320.0,104289382.87,6612313.77,517545.0,FROZEN,true,2024-09-01,true,ASSUMPTION,0
2024-07-01,2024-08-01,SKU001,CH02,UPSIDE,FV_UPSIDE_202408,6420,189865080.0,102283817.82,6612313.77,507194.1,FROZEN,true,2024-09-01,true,ASSUMPTION,-6
2024-07-01,2024-08-01,SKU001,CH02,DOWNSIDE,FV_DOWNSIDE_202408,5760,170346240.0,109303295.51,6744560.05,558948.6,FROZEN,true,2024-09-01,true,ASSUMPTION,14
2024-07-01,2024-08-01,SKU002,CH02,BASE,FV_BASE_202408,4120,141497280.0,72666150.65,5119210.66,400680.0,FROZEN,true,2024-09-01,true,ASSUMPTION,0
2024-07-01,2024-08-01,SKU002,CH02,UPSIDE,FV_UPSIDE_202408,4280,146992320.0,71268724.67,5119210.66,392666.4,FROZEN,true,2024-09-01,true,ASSUMPTION,-6
2024-07-01,2024-08-01,SKU002,CH02,DOWNSIDE,FV_DOWNSIDE_202408,3840,131880960.0,76159715.58,5221594.87,432734.4,FROZEN,true,2024-09-01,true,ASSUMPTION,14
2024-07-01,2024-08-01,SKU003,CH02,BASE,FV_BASE_202408,4120,125775360.0,68180585.79,4550409.48,356160.0,FROZEN,true,2024-09-01,true,ASSUMPTION,0
2024-07-01,2024-08-01,SKU003,CH02,UPSIDE,FV_UPSIDE_202408,4280,130659840.0,66869420.68,4550409.48,349036.8,FROZEN,true,2024-09-01,true,ASSUMPTION,-6
2024-07-01,2024-08-01,SKU003,CH02,DOWNSIDE,FV_DOWNSIDE_202408,3840,117227520.0,71458498.57,4641417.67,384652.8,FROZEN,true,2024-09-01,true,ASSUMPTION,14
2024-07-01,2024-08-01,SKU004,CH02,BASE,FV_BASE_202408,6180,165080160.0,103616548.14,5972412.44,467460.0,FROZEN,true,2024-09-01,true,ASSUMPTION,0
2024-07-01,2024-08-01,SKU004,CH02,UPSIDE,FV_UPSIDE_202408,6420,171491040.0,101623922.22,5972412.44,458110.8,FROZEN,true,2024-09-01,true,ASSUMPTION,-6
2024-07-01,2024-08-01,SKU004,CH02,DOWNSIDE,FV_DOWNSIDE_202408,5760,153861120.0,108598112.96,6091860.69,504856.8,FROZEN,true,2024-09-01,true,ASSUMPTION,14
2024-07-01,2024-08-01,SKU005,CH02,BASE,FV_BASE_202408,5150,132653700.0,87047992.96,4799260.0,375637.5,FROZEN,true,2024-09-01,true,ASSUMPTION,0
2024-07-01,2024-08-01,SKU005,CH02,UPSIDE,FV_UPSIDE_202408,5350,137805300.0,85373993.09,4799260.0,368124.75,FROZEN,true,2024-09-01,true,ASSUMPTION,-6
2024-07-01,2024-08-01,SKU005,CH02,DOWNSIDE,FV_DOWNSIDE_202408,4800,123638400.0,91232992.62,4895245.2,405688.5,FROZEN,true,2024-09-01,true,ASSUMPTION,14
2024-07-01,2024-08-01,SKU006,CH02,BASE,FV_BASE_202408,4120,117914400.0,70647646.46,4266008.88,333900.0,FROZEN,true,2024-09-01,true,ASSUMPTION,0
2024-07-01,2024-08-01,SKU006,CH02,UPSIDE,FV_UPSIDE_202408,4280,122493600.0,69289037.88,4266008.88,327222.0,FROZEN,true,2024-09-01,true,ASSUMPTION,-6
2024-07-01,2024-08-01,SKU006,CH02,DOWNSIDE,FV_DOWNSIDE_202408,3840,109900800.0,74044167.93,4351329.06,360612.0,FROZEN,true,2024-09-01,true,ASSUMPTION,14
2024-07-01,2024-08-01,SKU007,CH02,BASE,FV_BASE_202408,6180,135601560.0,106391991.39,4905910.22,383985.0,FROZEN,true,2024-09-01,true,ASSUMPTION,0
2024-07-01,2024-08-01,SKU007,CH02,UPSIDE,FV_UPSIDE_202408,6420,140867640.0,104345991.55,4905910.22,376305.3,FROZEN,true,2024-09-01,true,ASSUMPTION,-6
2024-07-01,2024-08-01,SKU007,CH02,DOWNSIDE,FV_DOWNSIDE_202408,5760,126385920.0,111506990.97,5004028.42,414703.8,FROZEN,true,2024-09-01,true,ASSUMPTION,14
2024-07-01,2024-08-01,SKU008,CH02,BASE,FV_BASE_202408,5150,122827500.0,91113036.1,4443759.26,347812.5,FROZEN,true,2024-09-01,true,ASSUMPTION,0
2024-07-01,2024-08-01,SKU008,CH02,UPSIDE,FV_UPSIDE_202408,5350,127597500.0,89360862.33,4443759.26,340856.25,FROZEN,true,2024-09-01,true,ASSUMPTION,-6
2024-07-01,2024-08-01,SKU008,CH02,DOWNSIDE,FV_DOWNSIDE_202408,4800,114480000.0,95493470.53,4532634.45,375637.5,FROZEN,true,2024-09-01,true,ASSUMPTION,14
2024-07-01,2024-08-01,SKU009,CH02,BASE,FV_BASE_202408,6180,123810120.0,102439087.37,4479309.33,350595.0,FROZEN,true,2024-09-01,true,ASSUMPTION,0
2024-07-01,2024-08-01,SKU009,CH02,UPSIDE,FV_UPSIDE_202408,6420,128618280.0,100469104.92,4479309.33,343583.1,FROZEN,true,2024-09-01,true,ASSUMPTION,-6
2024-07-01,2024-08-01,SKU009,CH02,DOWNSIDE,FV_DOWNSIDE_202408,5760,115395840.0,107364043.49,4568895.52,378642.6,FROZEN,true,2024-09-01,true,ASSUMPTION,14
2024-07-01,2024-08-01,SKU010,CH02,BASE,FV_BASE_202408,5150,117914400.0,84104341.03,4266008.88,333900.0,FROZEN,true,2024-09-01,true,ASSUMPTION,0
2024-07-01,2024-08-01,SKU010,CH02,UPSIDE,FV_UPSIDE_202408,5350,122493600.0,82486949.85,4266008.88,327222.0,FROZEN,true,2024-09-01,true,ASSUMPTION,-6
2024-07-01,2024-08-01,SKU010,CH02,DOWNSIDE,FV_DOWNSIDE_202408,4800,109900800.0,88147818.96,4351329.06,360612.0,FROZEN,true,2024-09-01,true,ASSUMPTION,14
2024-07-01,2024-08-01,SKU011,CH02,BASE,FV_BASE_202408,3090,103175100.0,44154779.03,3732757.77,292162.5,FROZEN,true,2024-09-01,true,ASSUMPTION,0
2024-07-01,2024-08-01,SKU011,CH02,UPSIDE,FV_UPSIDE_202408,3210,107181900.0,43305648.67,3732757.77,286319.25,FROZEN,true,2024-09-01,true,ASSUMPTION,-6
2024-07-01,2024-08-01,SKU011,CH02,DOWNSIDE,FV_DOWNSIDE_202408,2880,96163200.0,46277604.95,3807412.93,315535.5,FROZEN,true,2024-09-01,true,ASSUMPTION,14
2024-07-01,2024-08-01,SKU012,CH02,BASE,FV_BASE_202408,4120,113983920.0,63414673.12,4123808.59,322770.0,FROZEN,true,2024-09-01,true,ASSUMPTION,0
2024-07-01,2024-08-01,SKU012,CH02,UPSIDE,FV_UPSIDE_202408,4280,118410480.0,62195160.17,4123808.59,316314.6,FROZEN,true,2024-09-01,true,ASSUMPTION,-6
2024-07-01,2024-08-01,SKU012,CH02,DOWNSIDE,FV_DOWNSIDE_202408,3840,106237440.0,66463455.48,4206284.76,348591.6,FROZEN,true,2024-09-01,true,ASSUMPTION,14
2024-07-01,2024-08-01,SKU001,CH03,BASE,FV_BASE_202408,5150,148314850.0,95292938.1,3797896.21,419985.42,FROZEN,true,2024-09-01,true,ASSUMPTION,0
2024-07-01,2024-08-01,SKU001,CH03,UPSIDE,FV_UPSIDE_202408,5350,154074650.0,93460381.6,3797896.21,411585.71,FROZEN,true,2024-09-01,true,ASSUMPTION,-6
2024-07-01,2024-08-01,SKU001,CH03,DOWNSIDE,FV_DOWNSIDE_202408,4800,138235200.0,99874329.36,3873854.13,453584.25,FROZEN,true,2024-09-01,true,ASSUMPTION,14
2024-07-01,2024-08-01,SKU002,CH03,BASE,FV_BASE_202408,3090,103341960.0,59757894.09,2646276.07,292635.0,FROZEN,true,2024-09-01,true,ASSUMPTION,0
2024-07-01,2024-08-01,SKU002,CH03,UPSIDE,FV_UPSIDE_202408,3210,107355240.0,58608703.82,2646276.07,286782.3,FROZEN,true,2024-09-01,true,ASSUMPTION,-6
2024-07-01,2024-08-01,SKU002,CH03,DOWNSIDE,FV_DOWNSIDE_202408,2880,96318720.0,62630869.77,2699201.59,316045.8,FROZEN,true,2024-09-01,true,ASSUMPTION,14
2024-07-01,2024-08-01,SKU003,CH03,BASE,FV_BASE_202408,3090,91859520.0,56069135.2,2352245.4,260120.0,FROZEN,true,2024-09-01,true,ASSUMPTION,0
2024-07-01,2024-08-01,SKU003,CH03,UPSIDE,FV_UPSIDE_202408,3210,95426880.0,54990882.6,2352245.4,254917.6,FROZEN,true,2024-09-01,true,ASSUMPTION,-6
2024-07-01,2024-08-01,SKU003,CH03,DOWNSIDE,FV_DOWNSIDE_202408,2880,85616640.0,58764766.7,2399290.31,280929.6,FROZEN,true,2024-09-01,true,ASSUMPTION,14
2024-07-01,2024-08-01,SKU004,CH03,BASE,FV_BASE_202408,4120,107169440.0,75742515.96,2744286.3,303473.33,FROZEN,true,2024-09-01,true,ASSUMPTION,0
2024-07-01,2024-08-01,SKU004,CH03,UPSIDE,FV_UPSIDE_202408,4280,111331360.0,74285929.12,2744286.3,297403.87,FROZEN,true,2024-09-01,true,ASSUMPTION,-6
2024-07-01,2024-08-01,SKU004,CH03,DOWNSIDE,FV_DOWNSIDE_202408,3840,99886080.0,79383983.07,2799172.03,327751.2,FROZEN,true,2024-09-01,true,ASSUMPTION,14
2024-07-01,2024-08-01,SKU005,CH03,BASE,FV_BASE_202408,4120,103341960.0,76357309.11,2646276.07,292635.0,FROZEN,true,2024-09-01,true,ASSUMPTION,0
2024-07-01,2024-08-01,SKU005,CH03,UPSIDE,FV_UPSIDE_202408,4280,107355240.0,74888899.32,2646276.07,286782.3,FROZEN,true,2024-09-01,true,ASSUMPTION,-6
2024-07-01,2024-08-01,SKU005,CH03,DOWNSIDE,FV_DOWNSIDE_202408,3840,96318720.0,80028333.59,2699201.59,316045.8,FROZEN,true,2024-09-01,true,ASSUMPTION,14
2024-07-01,2024-08-01,SKU006,CH03,BASE,FV_BASE_202408,3090,86118300.0,58097952.59,2205230.06,243862.5,FROZEN,true,2024-09-01,true,ASSUMPTION,0
2024-07-01,2024-08-01,SKU006,CH03,UPSIDE,FV_UPSIDE_202408,3210,89462700.0,56980684.27,2205230.06,238985.25,FROZEN,true,2024-09-01,true,ASSUMPTION,-6
2024-07-01,2024-08-01,SKU006,CH03,DOWNSIDE,FV_DOWNSIDE_202408,2880,80265600.0,60891123.39,2249334.66,263371.5,FROZEN,true,2024-09-01,true,ASSUMPTION,14
2024-07-01,2024-08-01,SKU007,CH03,BASE,FV_BASE_202408,5150,110040050.0,97214166.7,2817793.96,311602.08,FROZEN,true,2024-09-01,true,ASSUMPTION,0
2024-07-01,2024-08-01,SKU007,CH03,UPSIDE,FV_UPSIDE_202408,5350,114313450.0,95344663.5,2817793.96,305370.04,FROZEN,true,2024-09-01,true,ASSUMPTION,-6
2024-07-01,2024-08-01,SKU007,CH03,DOWNSIDE,FV_DOWNSIDE_202408,4800,102561600.0,101887924.72,2874149.84,336530.25,FROZEN,true,2024-09-01,true,ASSUMPTION,14
2024-07-01,2024-08-01,SKU008,CH03,BASE,FV_BASE_202408,4120,95687000.0,79923109.38,2450255.62,270958.33,FROZEN,true,2024-09-01,true,ASSUMPTION,0
2024-07-01,2024-08-01,SKU008,CH03,UPSIDE,FV_UPSIDE_202408,4280,99403000.0,78386126.5,2450255.62,265539.17,FROZEN,true,2024-09-01,true,ASSUMPTION,-6
2024-07-01,2024-08-01,SKU008,CH03,DOWNSIDE,FV_DOWNSIDE_202408,3840,89184000.0,83765566.56,2499260.73,292635.0,FROZEN,true,2024-09-01,true,ASSUMPTION,14
2024-07-01,2024-08-01,SKU009,CH03,BASE,FV_BASE_202408,5150,100471350.0,93602256.95,2572768.4,284506.25,FROZEN,true,2024-09-01,true,ASSUMPTION,0
2024-07-01,2024-08-01,SKU009,CH03,UPSIDE,FV_UPSIDE_202408,5350,104373150.0,91802213.54,2572768.4,278816.13,FROZEN,true,2024-09-01,true,ASSUMPTION,-6
2024-07-01,2024-08-01,SKU009,CH03,DOWNSIDE,FV_DOWNSIDE_202408,4800,93643200.0,98102365.45,2624223.77,307266.75,FROZEN,true,2024-09-01,true,ASSUMPTION,14
2024-07-01,2024-08-01,SKU010,CH03,BASE,FV_BASE_202408,3090,68894640.0,55331383.41,1764184.05,195090.0,FROZEN,true,2024-09-01,true,ASSUMPTION,0
2024-07-01,2024-08-01,SKU010,CH03,UPSIDE,FV_UPSIDE_202408,3210,71570160.0,54267318.35,1764184.05,191188.2,FROZEN,true,2024-09-01,true,ASSUMPTION,-6
2024-07-01,2024-08-01,SKU010,CH03,DOWNSIDE,FV_DOWNSIDE_202408,2880,64212480.0,57991546.08,1799467.73,210697.2,FROZEN,true,2024-09-01,true,ASSUMPTION,14
2024-07-01,2024-08-01,SKU011,CH03,BASE,FV_BASE_202408,2060,66980900.0,32276640.32,1715178.94,189670.83,FROZEN,true,2024-09-01,true,ASSUMPTION,0
2024-07-01,2024-08-01,SKU011,CH03,UPSIDE,FV_UPSIDE_202408,2140,69582100.0,31655935.7,1715178.94,185877.42,FROZEN,true,2024-09-01,true,ASSUMPTION,-6
2024-07-01,2024-08-01,SKU011,CH03,DOWNSIDE,FV_DOWNSIDE_202408,1920,62428800.0,33828401.88,1749482.52,204844.5,FROZEN,true,2024-09-01,true,ASSUMPTION,14
2024-07-01,2024-08-01,SKU012,CH03,BASE,FV_BASE_202408,3090,83247690.0,52149828.88,2131722.39,235733.75,FROZEN,true,2024-09-01,true,ASSUMPTION,0
2024-07-01,2024-08-01,SKU012,CH03,UPSIDE,FV_UPSIDE_202408,3210,86480610.0,51146947.55,2131722.39,231019.08,FROZEN,true,2024-09-01,true,ASSUMPTION,-6
2024-07-01,2024-08-01,SKU012,CH03,DOWNSIDE,FV_DOWNSIDE_202408,2880,77590080.0,54657032.19,2174356.84,254592.45,FROZEN,true,2024-09-01,true,ASSUMPTION,14
2024-07-01,2024-08-01,SKU001,CH04,BASE,FV_BASE_202408,2060,60156120.0,38631725.86,1659655.25,170345.0,FROZEN,true,2024-09-01,true,ASSUMPTION,0
2024-07-01,2024-08-01,SKU001,CH04,UPSIDE,FV_UPSIDE_202408,2140,62492280.0,37888808.05,1659655.25,166938.1,FROZEN,true,2024-09-01,true,ASSUMPTION,-6
2024-07-01,2024-08-01,SKU001,CH04,DOWNSIDE,FV_DOWNSIDE_202408,1920,56067840.0,40489020.37,1692848.36,183972.6,FROZEN,true,2024-09-01,true,ASSUMPTION,14
2024-07-01,2024-08-01,SKU002,CH04,BASE,FV_BASE_202408,2060,69858720.0,40376384.44,1927341.58,197820.0,FROZEN,true,2024-09-01,true,ASSUMPTION,0
2024-07-01,2024-08-01,SKU002,CH04,UPSIDE,FV_UPSIDE_202408,2140,72571680.0,39599915.51,1927341.58,193863.6,FROZEN,true,2024-09-01,true,ASSUMPTION,-6
2024-07-01,2024-08-01,SKU002,CH04,DOWNSIDE,FV_DOWNSIDE_202408,1920,65111040.0,42317556.77,1965888.41,213645.6,FROZEN,true,2024-09-01,true,ASSUMPTION,14
2024-07-01,2024-08-01,SKU003,CH04,BASE,FV_BASE_202408,1030,31048320.0,18942007.52,856596.26,87920.0,FROZEN,true,2024-09-01,true,ASSUMPTION,0
2024-07-01,2024-08-01,SKU003,CH04,UPSIDE,FV_UPSIDE_202408,1070,32254080.0,18577738.15,856596.26,86161.6,FROZEN,true,2024-09-01,true,ASSUMPTION,-6
2024-07-01,2024-08-01,SKU003,CH04,DOWNSIDE,FV_DOWNSIDE_202408,960,28938240.0,19852680.96,873728.19,94953.6,FROZEN,true,2024-09-01,true,ASSUMPTION,14
2024-07-01,2024-08-01,SKU004,CH04,BASE,FV_BASE_202408,2060,54334560.0,38382488.92,1499043.45,153860.0,FROZEN,true,2024-09-01,true,ASSUMPTION,0
2024-07-01,2024-08-01,SKU004,CH04,UPSIDE,FV_UPSIDE_202408,2140,56444640.0,37644364.14,1499043.45,150782.8,FROZEN,true,2024-09-01,true,ASSUMPTION,-6
2024-07-01,2024-08-01,SKU004,CH04,DOWNSIDE,FV_DOWNSIDE_202408,1920,50641920.0,40227800.89,1529024.32,166168.8,FROZEN,true,2024-09-01,true,ASSUMPTION,14
2024-07-01,2024-08-01,SKU005,CH04,BASE,FV_BASE_202408,2060,52394040.0,38694035.1,1445506.19,148365.0,FROZEN,true,2024-09-01,true,ASSUMPTION,0
2024-07-01,2024-08-01,SKU005,CH04,UPSIDE,FV_UPSIDE_202408,2140,54428760.0,37949919.04,1445506.19,145397.7,FROZEN,true,2024-09-01,true,ASSUMPTION,-6
2024-07-01,2024-08-01,SKU005,CH04,DOWNSIDE,FV_DOWNSIDE_202408,1920,48833280.0,40554325.25,1474416.31,160234.2,FROZEN,true,2024-09-01,true,ASSUMPTION,14
2024-07-01,2024-08-01,SKU006,CH04,BASE,FV_BASE_202408,1030,29107800.0,19627409.11,803058.99,82425.0,FROZEN,true,2024-09-01,true,ASSUMPTION,0
2024-07-01,2024-08-01,SKU006,CH04,UPSIDE,FV_UPSIDE_202408,1070,30238200.0,19249958.94,803058.99,80776.5,FROZEN,true,2024-09-01,true,ASSUMPTION,-6
2024-07-01,2024-08-01,SKU006,CH04,DOWNSIDE,FV_DOWNSIDE_202408,960,27129600.0,20571034.55,819120.17,89019.0,FROZEN,true,2024-09-01,true,ASSUMPTION,14
2024-07-01,2024-08-01,SKU007,CH04,BASE,FV_BASE_202408,2060,44631960.0,39410591.3,1231357.12,126385.0,FROZEN,true,2024-09-01,true,ASSUMPTION,0
2024-07-01,2024-08-01,SKU007,CH04,UPSIDE,FV_UPSIDE_202408,2140,46365240.0,38652695.32,1231357.12,123857.3,FROZEN,true,2024-09-01,true,ASSUMPTION,-6
2024-07-01,2024-08-01,SKU007,CH04,DOWNSIDE,FV_DOWNSIDE_202408,1920,41598720.0,41305331.27,1255984.26,136495.8,FROZEN,true,2024-09-01,true,ASSUMPTION,14
2024-07-01,2024-08-01,SKU008,CH04,BASE,FV_BASE_202408,2060,48513000.0,40501002.92,1338431.65,137375.0,FROZEN,true,2024-09-01,true,ASSUMPTION,0
2024-07-01,2024-08-01,SKU008,CH04,UPSIDE,FV_UPSIDE_202408,2140,50397000.0,39722137.48,1338431.65,134627.5,FROZEN,true,2024-09-01,true,ASSUMPTION,-6
2024-07-01,2024-08-01,SKU008,CH04,DOWNSIDE,FV_DOWNSIDE_202408,1920,45216000.0,42448166.52,1365200.28,148365.0,FROZEN,true,2024-09-01,true,ASSUMPTION,14
2024-07-01,2024-08-01,SKU009,CH04,BASE,FV_BASE_202408,2060,40750920.0,37946324.27,1124282.59,115395.0,FROZEN,true,2024-09-01,true,ASSUMPTION,0
2024-07-01,2024-08-01,SKU009,CH04,UPSIDE,FV_UPSIDE_202408,2140,42333480.0,37216587.27,1124282.59,113087.1,FROZEN,true,2024-09-01,true,ASSUMPTION,-6
2024-07-01,2024-08-01,SKU009,CH04,DOWNSIDE,FV_DOWNSIDE_202408,1920,37981440.0,39770666.78,1146768.24,124626.6,FROZEN,true,2024-09-01,true,ASSUMPTION,14
2024-07-01,2024-08-01,SKU010,CH04,BASE,FV_BASE_202408,2060,46572480.0,37385541.16,1284894.39,131880.0,FROZEN,true,2024-09-01,true,ASSUMPTION,0
2024-07-01,2024-08-01,SKU010,CH04,UPSIDE,FV_UPSIDE_202408,2140,48381120.0,36666588.44,1284894.39,129242.4,FROZEN,true,2024-09-01,true,ASSUMPTION,-6
2024-07-01,2024-08-01,SKU010,CH04,DOWNSIDE,FV_DOWNSIDE_202408,1920,43407360.0,39182922.95,1310592.28,142430.4,FROZEN,true,2024-09-01,true,ASSUMPTION,14
2024-07-01,2024-08-01,SKU011,CH04,BASE,FV_BASE_202408,1030,33959100.0,16356174.26,936902.16,96162.5,FROZEN,true,2024-09-01,true,ASSUMPTION,0
2024-07-01,2024-08-01,SKU011,CH04,UPSIDE,FV_UPSIDE_202408,1070,35277900.0,16041632.44,936902.16,94239.25,FROZEN,true,2024-09-01,true,ASSUMPTION,-6
2024-07-01,2024-08-01,SKU011,CH04,DOWNSIDE,FV_DOWNSIDE_202408,960,31651200.0,17142528.79,955640.2,103855.5,FROZEN,true,2024-09-01,true,ASSUMPTION,14
2024-07-01,2024-08-01,SKU012,CH04,BASE,FV_BASE_202408,1030,28137540.0,17617936.25,776290.36,79677.5,FROZEN,true,2024-09-01,true,ASSUMPTION,0
2024-07-01,2024-08-01,SKU012,CH04,UPSIDE,FV_UPSIDE_202408,1070,29230260.0,17279129.79,776290.36,78083.95,FROZEN,true,2024-09-01,true,ASSUMPTION,-6
2024-07-01,2024-08-01,SKU012,CH04,DOWNSIDE,FV_DOWNSIDE_202408,960,26225280.0,18464952.42,791816.17,86051.7,FROZEN,true,2024-09-01,true,ASSUMPTION,14
2024-07-01,2024-08-01,SKU001,CH05,BASE,FV_BASE_202408,3090,91383660.0,51606773.58,2214643.97,258772.5,FROZEN,true,2024-09-01,true,ASSUMPTION,0
2024-07-01,2024-08-01,SKU001,CH05,UPSIDE,FV_UPSIDE_202408,3210,94932540.0,50614335.62,2214643.97,253597.05,FROZEN,true,2024-09-01,true,ASSUMPTION,-6
2024-07-01,2024-08-01,SKU001,CH05,DOWNSIDE,FV_DOWNSIDE_202408,2880,85173120.0,54087868.46,2258936.85,279474.3,FROZEN,true,2024-09-01,true,ASSUMPTION,14
2024-07-01,2024-08-01,SKU002,CH05,BASE,FV_BASE_202408,2060,70748640.0,35958268.04,1714563.07,200340.0,FROZEN,true,2024-09-01,true,ASSUMPTION,0
2024-07-01,2024-08-01,SKU002,CH05,UPSIDE,FV_UPSIDE_202408,2140,73496160.0,35266762.88,1714563.07,196333.2,FROZEN,true,2024-09-01,true,ASSUMPTION,-6
2024-07-01,2024-08-01,SKU002,CH05,DOWNSIDE,FV_DOWNSIDE_202408,1920,65940480.0,37687030.93,1748854.33,216367.2,FROZEN,true,2024-09-01,true,ASSUMPTION,14
2024-07-01,2024-08-01,SKU003,CH05,BASE,FV_BASE_202408,2060,62887680.0,33738621.86,1524056.06,178080.0,FROZEN,true,2024-09-01,true,ASSUMPTION,0
2024-07-01,2024-08-01,SKU003,CH05,UPSIDE,FV_UPSIDE_202408,2140,65329920.0,33089802.21,1524056.06,174518.4,FROZEN,true,2024-09-01,true,ASSUMPTION,-6
2024-07-01,2024-08-01,SKU003,CH05,DOWNSIDE,FV_DOWNSIDE_202408,1920,58613760.0,35360670.99,1554537.18,192326.4,FROZEN,true,2024-09-01,true,ASSUMPTION,14
2024-07-01,2024-08-01,SKU004,CH05,BASE,FV_BASE_202408,3090,82540080.0,51273826.66,2000323.58,233730.0,FROZEN,true,2024-09-01,true,ASSUMPTION,0
2024-07-01,2024-08-01,SKU004,CH05,UPSIDE,FV_UPSIDE_202408,3210,85745520.0,50287791.53,2000323.58,229055.4,FROZEN,true,2024-09-01,true,ASSUMPTION,-6
2024-07-01,2024-08-01,SKU004,CH05,DOWNSIDE,FV_DOWNSIDE_202408,2880,76930560.0,53738914.48,2040330.05,252428.4,FROZEN,true,2024-09-01,true,ASSUMPTION,14
2024-07-01,2024-08-01,SKU005,CH05,BASE,FV_BASE_202408,2060,53061480.0,34460006.87,1285922.3,150255.0,FROZEN,true,2024-09-01,true,ASSUMPTION,0
2024-07-01,2024-08-01,SKU005,CH05,UPSIDE,FV_UPSIDE_202408,2140,55122120.0,33797314.43,1285922.3,147249.9,FROZEN,true,2024-09-01,true,ASSUMPTION,-6
2024-07-01,2024-08-01,SKU005,CH05,DOWNSIDE,FV_DOWNSIDE_202408,1920,49455360.0,36116737.97,1311640.75,162275.4,FROZEN,true,2024-09-01,true,ASSUMPTION,14
2024-07-01,2024-08-01,SKU006,CH05,BASE,FV_BASE_202408,2060,58957200.0,34959427.27,1428802.56,166950.0,FROZEN,true,2024-09-01,true,ASSUMPTION,0
2024-07-01,2024-08-01,SKU006,CH05,UPSIDE,FV_UPSIDE_202408,2140,61246800.0,34287130.59,1428802.56,163611.0,FROZEN,true,2024-09-01,true,ASSUMPTION,-6
2024-07-01,2024-08-01,SKU006,CH05,DOWNSIDE,FV_DOWNSIDE_202408,1920,54950400.0,36640168.96,1457378.61,180306.0,FROZEN,true,2024-09-01,true,ASSUMPTION,14
2024-07-01,2024-08-01,SKU007,CH05,BASE,FV_BASE_202408,3090,67800780.0,52647232.73,1643122.94,191992.5,FROZEN,true,2024-09-01,true,ASSUMPTION,0
2024-07-01,2024-08-01,SKU007,CH05,UPSIDE,FV_UPSIDE_202408,3210,70433820.0,51634785.94,1643122.94,188152.65,FROZEN,true,2024-09-01,true,ASSUMPTION,-6
2024-07-01,2024-08-01,SKU007,CH05,DOWNSIDE,FV_DOWNSIDE_202408,2880,63192960.0,55178349.68,1675985.4,207351.9,FROZEN,true,2024-09-01,true,ASSUMPTION,14
2024-07-01,2024-08-01,SKU008,CH05,BASE,FV_BASE_202408,2060,49131000.0,36069250.35,1190668.8,139125.0,FROZEN,true,2024-09-01,true,ASSUMPTION,0
2024-07-01,2024-08-01,SKU008,CH05,UPSIDE,FV_UPSIDE_202408,2140,51039000.0,35375610.92,1190668.8,136342.5,FROZEN,true,2024-09-01,true,ASSUMPTION,-6
2024-07-01,2024-08-01,SKU008,CH05,DOWNSIDE,FV_DOWNSIDE_202408,1920,45792000.0,37803348.92,1214482.18,150255.0,FROZEN,true,2024-09-01,true,ASSUMPTION,14
2024-07-01,2024-08-01,SKU009,CH05,BASE,FV_BASE_202408,3090,61905060.0,50691169.53,1500242.69,175297.5,FROZEN,true,2024-09-01,true,ASSUMPTION,0
2024-07-01,2024-08-01,SKU009,CH05,UPSIDE,FV_UPSIDE_202408,3210,64309140.0,49716339.34,1500242.69,171791.55,FROZEN,true,2024-09-01,true,ASSUMPTION,-6
2024-07-01,2024-08-01,SKU009,CH05,DOWNSIDE,FV_DOWNSIDE_202408,2880,57697920.0,53128244.98,1530247.54,189321.3,FROZEN,true,2024-09-01,true,ASSUMPTION,14
2024-07-01,2024-08-01,SKU010,CH05,BASE,FV_BASE_202408,2060,47165760.0,33294692.63,1143042.05,133560.0,FROZEN,true,2024-09-01,true,ASSUMPTION,0
2024-07-01,2024-08-01,SKU010,CH05,UPSIDE,FV_UPSIDE_202408,2140,48997440.0,32654410.08,1143042.05,130888.8,FROZEN,true,2024-09-01,true,ASSUMPTION,-6
2024-07-01,2024-08-01,SKU010,CH05,DOWNSIDE,FV_DOWNSIDE_202408,1920,43960320.0,34895399.01,1165902.89,144244.8,FROZEN,true,2024-09-01,true,ASSUMPTION,14
2024-07-01,2024-08-01,SKU011,CH05,BASE,FV_BASE_202408,1030,34391700.0,14566428.02,833468.16,97387.5,FROZEN,true,2024-09-01,true,ASSUMPTION,0
2024-07-01,2024-08-01,SKU011,CH05,UPSIDE,FV_UPSIDE_202408,1070,35727300.0,14286304.41,833468.16,95439.75,FROZEN,true,2024-09-01,true,ASSUMPTION,-6
2024-07-01,2024-08-01,SKU011,CH05,DOWNSIDE,FV_DOWNSIDE_202408,960,32054400.0,15266737.06,850137.52,105178.5,FROZEN,true,2024-09-01,true,ASSUMPTION,14
2024-07-01,2024-08-01,SKU012,CH05,BASE,FV_BASE_202408,2060,56991960.0,31380247.82,1381175.81,161385.0,FROZEN,true,2024-09-01,true,ASSUMPTION,0
2024-07-01,2024-08-01,SKU012,CH05,UPSIDE,FV_UPSIDE_202408,2140,59205240.0,30776781.51,1381175.81,158157.3,FROZEN,true,2024-09-01,true,ASSUMPTION,-6
2024-07-01,2024-08-01,SKU012,CH05,DOWNSIDE,FV_DOWNSIDE_202408,1920,53118720.0,32888913.58,1408799.33,174295.8,FROZEN,true,2024-09-01,true,ASSUMPTION,14
2024-08-01,2024-09-01,SKU001,CH01,BASE,FV_BASE_202409,8240,243689760.0,144128894.1,6166677.05,690060.0,FROZEN,true,2024-10-01,true,ASSUMPTION,0
2024-08-01,2024-09-01,SKU001,CH01,UPSIDE,FV_UPSIDE_202409,8560,253153440.0,141357184.6,6166677.05,676258.8,FROZEN,true,2024-10-01,true,ASSUMPTION,-6
2024-08-01,2024-09-01,SKU001,CH01,DOWNSIDE,FV_DOWNSIDE_202409,7680,227128320.0,151058167.86,6290010.59,745264.8,FROZEN,true,2024-10-01,true,ASSUMPTION,14
2024-08-01,2024-09-01,SKU002,CH01,BASE,FV_BASE_202409,6180,212245920.0,112978455.7,5370976.79,601020.0,FROZEN,true,2024-10-01,true,ASSUMPTION,0
2024-08-01,2024-09-01,SKU002,CH01,UPSIDE,FV_UPSIDE_202409,6420,220488480.0,110805793.09,5370976.79,588999.6,FROZEN,true,2024-10-01,true,ASSUMPTION,-6
2024-08-01,2024-09-01,SKU002,CH01,DOWNSIDE,FV_DOWNSIDE_202409,5760,197821440.0,118410112.22,5478396.33,649101.6,FROZEN,true,2024-10-01,true,ASSUMPTION,14
2024-08-01,2024-09-01,SKU003,CH01,BASE,FV_BASE_202409,5150,157219200.0,88337064.13,3978501.32,445200.0,FROZEN,true,2024-10-01,true,ASSUMPTION,0
2024-08-01,2024-09-01,SKU003,CH01,UPSIDE,FV_UPSIDE_202409,5350,163324800.0,86638274.43,3978501.32,436296.0,FROZEN,true,2024-10-01,true,ASSUMPTION,-6
2024-08-01,2024-09-01,SKU003,CH01,DOWNSIDE,FV_DOWNSIDE_202409,4800,146534400.0,92584038.37,4058071.35,480816.0,FROZEN,true,2024-10-01,true,ASSUMPTION,14
2024-08-01,2024-09-01,SKU004,CH01,BASE,FV_BASE_202409,8240,220106880.0,143199030.27,5569901.85,623280.0,FROZEN,true,2024-10-01,true,ASSUMPTION,0
2024-08-01,2024-09-01,SKU004,CH01,UPSIDE,FV_UPSIDE_202409,8560,228654720.0,140445202.77,5569901.85,610814.4,FROZEN,true,2024-10-01,true,ASSUMPTION,-6
2024-08-01,2024-09-01,SKU004,CH01,DOWNSIDE,FV_DOWNSIDE_202409,7680,205148160.0,150083599.03,5681299.89,673142.4,FROZEN,true,2024-10-01,true,ASSUMPTION,14
2024-08-01,2024-09-01,SKU005,CH01,BASE,FV_BASE_202409,6180,159184440.0,108271020.05,4028232.59,450765.0,FROZEN,true,2024-10-01,true,ASSUMPTION,0
2024-08-01,2024-09-01,SKU005,CH01,UPSIDE,FV_UPSIDE_202409,6420,165366360.0,106188885.05,4028232.59,441749.7,FROZEN,true,2024-10-01,true,ASSUMPTION,-6
2024-08-01,2024-09-01,SKU005,CH01,DOWNSIDE,FV_DOWNSIDE_202409,5760,148366080.0,113476357.55,4108797.24,486826.2,FROZEN,true,2024-10-01,true,ASSUMPTION,14
2024-08-01,2024-09-01,SKU006,CH01,BASE,FV_BASE_202409,5150,147393000.0,91533471.06,3729844.99,417375.0,FROZEN,true,2024-10-01,true,ASSUMPTION,0
2024-08-01,2024-09-01,SKU006,CH01,UPSIDE,FV_UPSIDE_202409,5350,153117000.0,89773212.0,3729844.99,409027.5,FROZEN,true,2024-10-01,true,ASSUMPTION,-6
2024-08-01,2024-09-01,SKU006,CH01,DOWNSIDE,FV_DOWNSIDE_202409,4800,137376000.0,95934118.7,3804441.89,450765.0,FROZEN,true,2024-10-01,true,ASSUMPTION,14
2024-08-01,2024-09-01,SKU007,CH01,BASE,FV_BASE_202409,8240,180802080.0,147034718.58,4575276.52,511980.0,FROZEN,true,2024-10-01,true,ASSUMPTION,0
2024-08-01,2024-09-01,SKU007,CH01,UPSIDE,FV_UPSIDE_202409,8560,187823520.0,144207127.84,4575276.52,501740.4,FROZEN,true,2024-10-01,true,ASSUMPTION,-6
2024-08-01,2024-09-01,SKU007,CH01,DOWNSIDE,FV_DOWNSIDE_202409,7680,168514560.0,154103695.44,4666782.05,552938.4,FROZEN,true,2024-10-01,true,ASSUMPTION,14
2024-08-01,2024-09-01,SKU008,CH01,BASE,FV_BASE_202409,7210,171958500.0,132215013.75,4351485.82,486937.5,FROZEN,true,2024-10-01,true,ASSUMPTION,0
2024-08-01,2024-09-01,SKU008,CH01,UPSIDE,FV_UPSIDE_202409,7490,178636500.0,129672417.33,4351485.82,477198.75,FROZEN,true,2024-10-01,true,ASSUMPTION,-6
2024-08-01,2024-09-01,SKU008,CH01,DOWNSIDE,FV_DOWNSIDE_202409,6720,160272000.0,138571504.79,4438515.54,525892.5,FROZEN,true,2024-10-01,true,ASSUMPTION,14
2024-08-01,2024-09-01,SKU009,CH01,BASE,FV_BASE_202409,8240,165080160.0,141571768.56,4177426.39,467460.0,FROZEN,true,2024-10-01,true,ASSUMPTION,0
2024-08-01,2024-09-01,SKU009,CH01,UPSIDE,FV_UPSIDE_202409,8560,171491040.0,138849234.55,4177426.39,458110.8,FROZEN,true,2024-10-01,true,ASSUMPTION,-6
2024-08-01,2024-09-01,SKU009,CH01,DOWNSIDE,FV_DOWNSIDE_202409,7680,153861120.0,148378103.59,4260974.92,504856.8,FROZEN,true,2024-10-01,true,ASSUMPTION,14
2024-08-01,2024-09-01,SKU010,CH01,BASE,FV_BASE_202409,6180,141497280.0,104609681.21,3580651.19,400680.0,FROZEN,true,2024-10-01,true,ASSUMPTION,0
2024-08-01,2024-09-01,SKU010,CH01,UPSIDE,FV_UPSIDE_202409,6420,146992320.0,102597956.57,3580651.19,392666.4,FROZEN,true,2024-10-01,true,ASSUMPTION,-6
2024-08-01,2024-09-01,SKU010,CH01,DOWNSIDE,FV_DOWNSIDE_202409,5760,131880960.0,109638992.8,3652264.21,432734.4,FROZEN,true,2024-10-01,true,ASSUMPTION,14
2024-08-01,2024-09-01,SKU011,CH01,BASE,FV_BASE_202409,4120,137566800.0,61022314.04,3481188.66,389550.0,FROZEN,true,2024-10-01,true,ASSUMPTION,0
2024-08-01,2024-09-01,SKU011,CH01,UPSIDE,FV_UPSIDE_202409,4280,142909200.0,59848808.0,3481188.66,381759.0,FROZEN,true,2024-10-01,true,ASSUMPTION,-6
2024-08-01,2024-09-01,SKU011,CH01,DOWNSIDE,FV_DOWNSIDE_202409,3840,128217600.0,63956079.14,3550812.43,420714.0,FROZEN,true,2024-10-01,true,ASSUMPTION,14
2024-08-01,2024-09-01,SKU012,CH01,BASE,FV_BASE_202409,5150,142479900.0,82162187.11,3605516.82,403462.5,FROZEN,true,2024-10-01,true,ASSUMPTION,0
2024-08-01,2024-09-01,SKU012,CH01,UPSIDE,FV_UPSIDE_202409,5350,148013100.0,80582145.05,3605516.82,395393.25,FROZEN,true,2024-10-01,true,ASSUMPTION,-6
2024-08-01,2024-09-01,SKU012,CH01,DOWNSIDE,FV_DOWNSIDE_202409,4800,132796800.0,86112292.26,3677627.16,435739.5,FROZEN,true,2024-10-01,true,ASSUMPTION,14
2024-08-01,2024-09-01,SKU001,CH02,BASE,FV_BASE_202409,6180,182767320.0,108436472.53,6875253.85,517545.0,FROZEN,true,2024-10-01,true,ASSUMPTION,0
2024-08-01,2024-09-01,SKU001,CH02,UPSIDE,FV_UPSIDE_202409,6420,189865080.0,106351155.75,6875253.85,507194.1,FROZEN,true,2024-10-01,true,ASSUMPTION,-6
2024-08-01,2024-09-01,SKU001,CH02,DOWNSIDE,FV_DOWNSIDE_202409,5760,170346240.0,113649764.48,7012758.93,558948.6,FROZEN,true,2024-10-01,true,ASSUMPTION,14
2024-08-01,2024-09-01,SKU002,CH02,BASE,FV_BASE_202409,4120,141497280.0,75555735.69,5322777.17,400680.0,FROZEN,true,2024-10-01,true,ASSUMPTION,0
2024-08-01,2024-09-01,SKU002,CH02,UPSIDE,FV_UPSIDE_202409,4280,146992320.0,74102740.78,5322777.17,392666.4,FROZEN,true,2024-10-01,true,ASSUMPTION,-6
2024-08-01,2024-09-01,SKU002,CH02,DOWNSIDE,FV_DOWNSIDE_202409,3840,131880960.0,79188222.99,5429232.71,432734.4,FROZEN,true,2024-10-01,true,ASSUMPTION,14
2024-08-01,2024-09-01,SKU003,CH02,BASE,FV_BASE_202409,4120,125775360.0,70891801.4,4731357.49,356160.0,FROZEN,true,2024-10-01,true,ASSUMPTION,0
2024-08-01,2024-09-01,SKU003,CH02,UPSIDE,FV_UPSIDE_202409,4280,130659840.0,69528497.52,4731357.49,349036.8,FROZEN,true,2024-10-01,true,ASSUMPTION,-6
2024-08-01,2024-09-01,SKU003,CH02,DOWNSIDE,FV_DOWNSIDE_202409,3840,117227520.0,74300061.08,4825984.64,384652.8,FROZEN,true,2024-10-01,true,ASSUMPTION,14
2024-08-01,2024-09-01,SKU004,CH02,BASE,FV_BASE_202409,6180,165080160.0,107736882.39,6209906.7,467460.0,FROZEN,true,2024-10-01,true,ASSUMPTION,0
2024-08-01,2024-09-01,SKU004,CH02,UPSIDE,FV_UPSIDE_202409,6420,171491040.0,105665019.26,6209906.7,458110.8,FROZEN,true,2024-10-01,true,ASSUMPTION,-6
2024-08-01,2024-09-01,SKU004,CH02,DOWNSIDE,FV_DOWNSIDE_202409,5760,153861120.0,112916540.19,6334104.83,504856.8,FROZEN,true,2024-10-01,true,ASSUMPTION,14
2024-08-01,2024-09-01,SKU005,CH02,BASE,FV_BASE_202409,5150,132653700.0,90509475.06,4990103.6,375637.5,FROZEN,true,2024-10-01,true,ASSUMPTION,0
2024-08-01,2024-09-01,SKU005,CH02,UPSIDE,FV_UPSIDE_202409,5350,137805300.0,88768908.23,4990103.6,368124.75,FROZEN,true,2024-10-01,true,ASSUMPTION,-6
2024-08-01,2024-09-01,SKU005,CH02,DOWNSIDE,FV_DOWNSIDE_202409,4800,123638400.0,94860892.13,5089905.67,405688.5,FROZEN,true,2024-10-01,true,ASSUMPTION,14
2024-08-01,2024-09-01,SKU006,CH02,BASE,FV_BASE_202409,4120,117914400.0,73456965.26,4435647.64,333900.0,FROZEN,true,2024-10-01,true,ASSUMPTION,0
2024-08-01,2024-09-01,SKU006,CH02,UPSIDE,FV_UPSIDE_202409,4280,122493600.0,72044331.32,4435647.64,327222.0,FROZEN,true,2024-10-01,true,ASSUMPTION,-6
2024-08-01,2024-09-01,SKU006,CH02,DOWNSIDE,FV_DOWNSIDE_202409,3840,109900800.0,76988550.13,4524360.59,360612.0,FROZEN,true,2024-10-01,true,ASSUMPTION,14
2024-08-01,2024-09-01,SKU007,CH02,BASE,FV_BASE_202409,6180,135601560.0,110622691.73,5100994.79,383985.0,FROZEN,true,2024-10-01,true,ASSUMPTION,0
2024-08-01,2024-09-01,SKU007,CH02,UPSIDE,FV_UPSIDE_202409,6420,140867640.0,108495332.28,5100994.79,376305.3,FROZEN,true,2024-10-01,true,ASSUMPTION,-6
2024-08-01,2024-09-01,SKU007,CH02,DOWNSIDE,FV_DOWNSIDE_202409,5760,126385920.0,115941090.37,5203014.69,414703.8,FROZEN,true,2024-10-01,true,ASSUMPTION,14
2024-08-01,2024-09-01,SKU008,CH02,BASE,FV_BASE_202409,5150,122827500.0,94736165.51,4620466.29,347812.5,FROZEN,true,2024-10-01,true,ASSUMPTION,0
2024-08-01,2024-09-01,SKU008,CH02,UPSIDE,FV_UPSIDE_202409,5350,127597500.0,92914316.18,4620466.29,340856.25,FROZEN,true,2024-10-01,true,ASSUMPTION,-6
2024-08-01,2024-09-01,SKU008,CH02,DOWNSIDE,FV_DOWNSIDE_202409,4800,114480000.0,99290788.86,4712875.62,375637.5,FROZEN,true,2024-10-01,true,ASSUMPTION,14
2024-08-01,2024-09-01,SKU009,CH02,BASE,FV_BASE_202409,6180,123810120.0,106512599.63,4657430.02,350595.0,FROZEN,true,2024-10-01,true,ASSUMPTION,0
2024-08-01,2024-09-01,SKU009,CH02,UPSIDE,FV_UPSIDE_202409,6420,128618280.0,104464280.4,4657430.02,343583.1,FROZEN,true,2024-10-01,true,ASSUMPTION,-6
2024-08-01,2024-09-01,SKU009,CH02,DOWNSIDE,FV_DOWNSIDE_202409,5760,115395840.0,111633397.69,4750578.62,378642.6,FROZEN,true,2024-10-01,true,ASSUMPTION,14
2024-08-01,2024-09-01,SKU010,CH02,BASE,FV_BASE_202409,5150,117914400.0,87448768.17,4435647.64,333900.0,FROZEN,true,2024-10-01,true,ASSUMPTION,0
2024-08-01,2024-09-01,SKU010,CH02,UPSIDE,FV_UPSIDE_202409,5350,122493600.0,85767061.09,4435647.64,327222.0,FROZEN,true,2024-10-01,true,ASSUMPTION,-6
2024-08-01,2024-09-01,SKU010,CH02,DOWNSIDE,FV_DOWNSIDE_202409,4800,109900800.0,91653035.87,4524360.59,360612.0,FROZEN,true,2024-10-01,true,ASSUMPTION,14
2024-08-01,2024-09-01,SKU011,CH02,BASE,FV_BASE_202409,3090,103175100.0,45910603.28,3881191.69,292162.5,FROZEN,true,2024-10-01,true,ASSUMPTION,0
2024-08-01,2024-09-01,SKU011,CH02,UPSIDE,FV_UPSIDE_202409,3210,107181900.0,45027707.07,3881191.69,286319.25,FROZEN,true,2024-10-01,true,ASSUMPTION,-6
2024-08-01,2024-09-01,SKU011,CH02,DOWNSIDE,FV_DOWNSIDE_202409,2880,96163200.0,48117843.83,3958815.52,315535.5,FROZEN,true,2024-10-01,true,ASSUMPTION,14
2024-08-01,2024-09-01,SKU012,CH02,BASE,FV_BASE_202409,4120,113983920.0,65936371.19,4287792.72,322770.0,FROZEN,true,2024-10-01,true,ASSUMPTION,0
2024-08-01,2024-09-01,SKU012,CH02,UPSIDE,FV_UPSIDE_202409,4280,118410480.0,64668364.05,4287792.72,316314.6,FROZEN,true,2024-10-01,true,ASSUMPTION,-6
2024-08-01,2024-09-01,SKU012,CH02,DOWNSIDE,FV_DOWNSIDE_202409,3840,106237440.0,69106389.03,4373548.57,348591.6,FROZEN,true,2024-10-01,true,ASSUMPTION,14
2024-08-01,2024-09-01,SKU001,CH03,BASE,FV_BASE_202409,5150,148314850.0,97455072.68,3893470.61,419985.42,FROZEN,true,2024-10-01,true,ASSUMPTION,0
2024-08-01,2024-09-01,SKU001,CH03,UPSIDE,FV_UPSIDE_202409,5350,154074650.0,95580936.66,3893470.61,411585.71,FROZEN,true,2024-10-01,true,ASSUMPTION,-6
2024-08-01,2024-09-01,SKU001,CH03,DOWNSIDE,FV_DOWNSIDE_202409,4800,138235200.0,102140412.71,3971340.02,453584.25,FROZEN,true,2024-10-01,true,ASSUMPTION,14
2024-08-01,2024-09-01,SKU002,CH03,BASE,FV_BASE_202409,3090,103341960.0,61113761.7,2712869.84,292635.0,FROZEN,true,2024-10-01,true,ASSUMPTION,0
2024-08-01,2024-09-01,SKU002,CH03,UPSIDE,FV_UPSIDE_202409,3210,107355240.0,59938497.05,2712869.84,286782.3,FROZEN,true,2024-10-01,true,ASSUMPTION,-6
2024-08-01,2024-09-01,SKU002,CH03,DOWNSIDE,FV_DOWNSIDE_202409,2880,96318720.0,64051923.32,2767127.24,316045.8,FROZEN,true,2024-10-01,true,ASSUMPTION,14
2024-08-01,2024-09-01,SKU003,CH03,BASE,FV_BASE_202409,3090,91859520.0,57341307.28,2411439.86,260120.0,FROZEN,true,2024-10-01,true,ASSUMPTION,0
2024-08-01,2024-09-01,SKU003,CH03,UPSIDE,FV_UPSIDE_202409,3210,95426880.0,56238589.83,2411439.86,254917.6,FROZEN,true,2024-10-01,true,ASSUMPTION,-6
2024-08-01,2024-09-01,SKU003,CH03,DOWNSIDE,FV_DOWNSIDE_202409,2880,85616640.0,60098100.89,2459668.66,280929.6,FROZEN,true,2024-10-01,true,ASSUMPTION,14
2024-08-01,2024-09-01,SKU004,CH03,BASE,FV_BASE_202409,4120,107169440.0,77461064.21,2813346.5,303473.33,FROZEN,true,2024-10-01,true,ASSUMPTION,0
2024-08-01,2024-09-01,SKU004,CH03,UPSIDE,FV_UPSIDE_202409,4280,111331360.0,75971428.36,2813346.5,297403.87,FROZEN,true,2024-10-01,true,ASSUMPTION,-6
2024-08-01,2024-09-01,SKU004,CH03,DOWNSIDE,FV_DOWNSIDE_202409,3840,99886080.0,81185153.84,2869613.43,327751.2,FROZEN,true,2024-10-01,true,ASSUMPTION,14
2024-08-01,2024-09-01,SKU005,CH03,BASE,FV_BASE_202409,4120,103341960.0,78089806.62,2712869.84,292635.0,FROZEN,true,2024-10-01,true,ASSUMPTION,0
2024-08-01,2024-09-01,SKU005,CH03,UPSIDE,FV_UPSIDE_202409,4280,107355240.0,76588079.57,2712869.84,286782.3,FROZEN,true,2024-10-01,true,ASSUMPTION,-6
2024-08-01,2024-09-01,SKU005,CH03,DOWNSIDE,FV_DOWNSIDE_202409,3840,96318720.0,81844124.25,2767127.24,316045.8,FROZEN,true,2024-10-01,true,ASSUMPTION,14
2024-08-01,2024-09-01,SKU006,CH03,BASE,FV_BASE_202409,3090,86118300.0,59416157.21,2260724.87,243862.5,FROZEN,true,2024-10-01,true,ASSUMPTION,0
2024-08-01,2024-09-01,SKU006,CH03,UPSIDE,FV_UPSIDE_202409,3210,89462700.0,58273538.8,2260724.87,238985.25,FROZEN,true,2024-10-01,true,ASSUMPTION,-6
2024-08-01,2024-09-01,SKU006,CH03,DOWNSIDE,FV_DOWNSIDE_202409,2880,80265600.0,62272703.23,2305939.37,263371.5,FROZEN,true,2024-10-01,true,ASSUMPTION,14
2024-08-01,2024-09-01,SKU007,CH03,BASE,FV_BASE_202409,5150,110040050.0,99419892.69,2888704.0,311602.08,FROZEN,true,2024-10-01,true,ASSUMPTION,0
2024-08-01,2024-09-01,SKU007,CH03,UPSIDE,FV_UPSIDE_202409,5350,114313450.0,97507971.67,2888704.0,305370.04,FROZEN,true,2024-10-01,true,ASSUMPTION,-6
2024-08-01,2024-09-01,SKU007,CH03,DOWNSIDE,FV_DOWNSIDE_202409,4800,102561600.0,104199695.22,2946478.08,336530.25,FROZEN,true,2024-10-01,true,ASSUMPTION,14
2024-08-01,2024-09-01,SKU008,CH03,BASE,FV_BASE_202409,4120,95687000.0,81736512.56,2511916.52,270958.33,FROZEN,true,2024-10-01,true,ASSUMPTION,0
2024-08-01,2024-09-01,SKU008,CH03,UPSIDE,FV_UPSIDE_202409,4280,99403000.0,80164656.55,2511916.52,265539.17,FROZEN,true,2024-10-01,true,ASSUMPTION,-6
2024-08-01,2024-09-01,SKU008,CH03,DOWNSIDE,FV_DOWNSIDE_202409,3840,89184000.0,85666152.59,2562154.85,292635.0,FROZEN,true,2024-10-01,true,ASSUMPTION,14
2024-08-01,2024-09-01,SKU009,CH03,BASE,FV_BASE_202409,5150,100471350.0,95726031.06,2637512.35,284506.25,FROZEN,true,2024-10-01,true,ASSUMPTION,0
2024-08-01,2024-09-01,SKU009,CH03,UPSIDE,FV_UPSIDE_202409,5350,104373150.0,93885145.84,2637512.35,278816.13,FROZEN,true,2024-10-01,true,ASSUMPTION,-6
2024-08-01,2024-09-01,SKU009,CH03,DOWNSIDE,FV_DOWNSIDE_202409,4800,93643200.0,100328244.09,2690262.6,307266.75,FROZEN,true,2024-10-01,true,ASSUMPTION,14
2024-08-01,2024-09-01,SKU010,CH03,BASE,FV_BASE_202409,4120,91859520.0,75449088.52,2411439.86,260120.0,FROZEN,true,2024-10-01,true,ASSUMPTION,0
2024-08-01,2024-09-01,SKU010,CH03,UPSIDE,FV_UPSIDE_202409,4280,95426880.0,73998144.51,2411439.86,254917.6,FROZEN,true,2024-10-01,true,ASSUMPTION,-6
2024-08-01,2024-09-01,SKU010,CH03,DOWNSIDE,FV_DOWNSIDE_202409,3840,85616640.0,79076448.55,2459668.66,280929.6,FROZEN,true,2024-10-01,true,ASSUMPTION,14
2024-08-01,2024-09-01,SKU011,CH03,BASE,FV_BASE_202409,2060,66980900.0,33008976.23,1758341.57,189670.83,FROZEN,true,2024-10-01,true,ASSUMPTION,0
2024-08-01,2024-09-01,SKU011,CH03,UPSIDE,FV_UPSIDE_202409,2140,69582100.0,32374188.22,1758341.57,185877.42,FROZEN,true,2024-10-01,true,ASSUMPTION,-6
2024-08-01,2024-09-01,SKU011,CH03,DOWNSIDE,FV_DOWNSIDE_202409,1920,62428800.0,34595946.24,1793508.4,204844.5,FROZEN,true,2024-10-01,true,ASSUMPTION,14
2024-08-01,2024-09-01,SKU012,CH03,BASE,FV_BASE_202409,3090,83247690.0,53333074.45,2185367.37,235733.75,FROZEN,true,2024-10-01,true,ASSUMPTION,0
2024-08-01,2024-09-01,SKU012,CH03,UPSIDE,FV_UPSIDE_202409,3210,86480610.0,52307438.41,2185367.37,231019.08,FROZEN,true,2024-10-01,true,ASSUMPTION,-6
2024-08-01,2024-09-01,SKU012,CH03,DOWNSIDE,FV_DOWNSIDE_202409,2880,77590080.0,55897164.57,2229074.72,254592.45,FROZEN,true,2024-10-01,true,ASSUMPTION,14
2024-08-01,2024-09-01,SKU001,CH04,BASE,FV_BASE_202409,2060,60156120.0,38279058.31,1631738.78,170345.0,FROZEN,true,2024-10-01,true,ASSUMPTION,0
2024-08-01,2024-09-01,SKU001,CH04,UPSIDE,FV_UPSIDE_202409,2140,62492280.0,37542922.58,1631738.78,166938.1,FROZEN,true,2024-10-01,true,ASSUMPTION,-6
2024-08-01,2024-09-01,SKU001,CH04,DOWNSIDE,FV_DOWNSIDE_202409,1920,56067840.0,40119397.66,1664373.56,183972.6,FROZEN,true,2024-10-01,true,ASSUMPTION,14
2024-08-01,2024-09-01,SKU002,CH04,BASE,FV_BASE_202409,2060,69858720.0,40007789.97,1894922.45,197820.0,FROZEN,true,2024-10-01,true,ASSUMPTION,0
2024-08-01,2024-09-01,SKU002,CH04,UPSIDE,FV_UPSIDE_202409,2140,72571680.0,39238409.4,1894922.45,193863.6,FROZEN,true,2024-10-01,true,ASSUMPTION,-6
2024-08-01,2024-09-01,SKU002,CH04,DOWNSIDE,FV_DOWNSIDE_202409,1920,65111040.0,41931241.41,1932820.9,213645.6,FROZEN,true,2024-10-01,true,ASSUMPTION,14
2024-08-01,2024-09-01,SKU003,CH04,BASE,FV_BASE_202409,2060,62096640.0,37538173.31,1684375.51,175840.0,FROZEN,true,2024-10-01,true,ASSUMPTION,0
2024-08-01,2024-09-01,SKU003,CH04,UPSIDE,FV_UPSIDE_202409,2140,64508160.0,36816285.36,1684375.51,172323.2,FROZEN,true,2024-10-01,true,ASSUMPTION,-6
2024-08-01,2024-09-01,SKU003,CH04,DOWNSIDE,FV_DOWNSIDE_202409,1920,57876480.0,39342893.18,1718063.02,189907.2,FROZEN,true,2024-10-01,true,ASSUMPTION,14
2024-08-01,2024-09-01,SKU004,CH04,BASE,FV_BASE_202409,2060,54334560.0,38032096.65,1473828.57,153860.0,FROZEN,true,2024-10-01,true,ASSUMPTION,0
2024-08-01,2024-09-01,SKU004,CH04,UPSIDE,FV_UPSIDE_202409,2140,56444640.0,37300710.17,1473828.57,150782.8,FROZEN,true,2024-10-01,true,ASSUMPTION,-6
2024-08-01,2024-09-01,SKU004,CH04,DOWNSIDE,FV_DOWNSIDE_202409,1920,50641920.0,39860562.83,1503305.14,166168.8,FROZEN,true,2024-10-01,true,ASSUMPTION,14
2024-08-01,2024-09-01,SKU005,CH04,BASE,FV_BASE_202409,2060,52394040.0,38340798.72,1421191.84,148365.0,FROZEN,true,2024-10-01,true,ASSUMPTION,0
2024-08-01,2024-09-01,SKU005,CH04,UPSIDE,FV_UPSIDE_202409,2140,54428760.0,37603475.67,1421191.84,145397.7,FROZEN,true,2024-10-01,true,ASSUMPTION,-6
2024-08-01,2024-09-01,SKU005,CH04,DOWNSIDE,FV_DOWNSIDE_202409,1920,48833280.0,40184106.36,1449615.68,160234.2,FROZEN,true,2024-10-01,true,ASSUMPTION,14
2024-08-01,2024-09-01,SKU006,CH04,BASE,FV_BASE_202409,1030,29107800.0,19448231.23,789551.02,82425.0,FROZEN,true,2024-10-01,true,ASSUMPTION,0
2024-08-01,2024-09-01,SKU006,CH04,UPSIDE,FV_UPSIDE_202409,1070,30238200.0,19074226.79,789551.02,80776.5,FROZEN,true,2024-10-01,true,ASSUMPTION,-6
2024-08-01,2024-09-01,SKU006,CH04,DOWNSIDE,FV_DOWNSIDE_202409,960,27129600.0,20383242.35,805342.04,89019.0,FROZEN,true,2024-10-01,true,ASSUMPTION,14
2024-08-01,2024-09-01,SKU007,CH04,BASE,FV_BASE_202409,2060,44631960.0,39050813.52,1210644.9,126385.0,FROZEN,true,2024-10-01,true,ASSUMPTION,0
2024-08-01,2024-09-01,SKU007,CH04,UPSIDE,FV_UPSIDE_202409,2140,46365240.0,38299836.33,1210644.9,123857.3,FROZEN,true,2024-10-01,true,ASSUMPTION,-6
2024-08-01,2024-09-01,SKU007,CH04,DOWNSIDE,FV_DOWNSIDE_202409,1920,41598720.0,40928256.47,1234857.8,136495.8,FROZEN,true,2024-10-01,true,ASSUMPTION,14
2024-08-01,2024-09-01,SKU008,CH04,BASE,FV_BASE_202409,2060,48513000.0,40131270.81,1315918.37,137375.0,FROZEN,true,2024-10-01,true,ASSUMPTION,0
2024-08-01,2024-09-01,SKU008,CH04,UPSIDE,FV_UPSIDE_202409,2140,50397000.0,39359515.6,1315918.37,134627.5,FROZEN,true,2024-10-01,true,ASSUMPTION,-6
2024-08-01,2024-09-01,SKU008,CH04,DOWNSIDE,FV_DOWNSIDE_202409,1920,45216000.0,42060658.83,1342236.74,148365.0,FROZEN,true,2024-10-01,true,ASSUMPTION,14
2024-08-01,2024-09-01,SKU009,CH04,BASE,FV_BASE_202409,2060,40750920.0,37599913.73,1105371.43,115395.0,FROZEN,true,2024-10-01,true,ASSUMPTION,0
2024-08-01,2024-09-01,SKU009,CH04,UPSIDE,FV_UPSIDE_202409,2140,42333480.0,36876838.46,1105371.43,113087.1,FROZEN,true,2024-10-01,true,ASSUMPTION,-6
2024-08-01,2024-09-01,SKU009,CH04,DOWNSIDE,FV_DOWNSIDE_202409,1920,37981440.0,39407601.89,1127478.86,124626.6,FROZEN,true,2024-10-01,true,ASSUMPTION,14
2024-08-01,2024-09-01,SKU010,CH04,BASE,FV_BASE_202409,2060,46572480.0,37044249.98,1263281.63,131880.0,FROZEN,true,2024-10-01,true,ASSUMPTION,0
2024-08-01,2024-09-01,SKU010,CH04,UPSIDE,FV_UPSIDE_202409,2140,48381120.0,36331860.55,1263281.63,129242.4,FROZEN,true,2024-10-01,true,ASSUMPTION,-6
2024-08-01,2024-09-01,SKU010,CH04,DOWNSIDE,FV_DOWNSIDE_202409,1920,43407360.0,38825223.53,1288547.26,142430.4,FROZEN,true,2024-10-01,true,ASSUMPTION,14
2024-08-01,2024-09-01,SKU011,CH04,BASE,FV_BASE_202409,1030,33959100.0,16206859.36,921142.86,96162.5,FROZEN,true,2024-10-01,true,ASSUMPTION,0
2024-08-01,2024-09-01,SKU011,CH04,UPSIDE,FV_UPSIDE_202409,1070,35277900.0,15895188.99,921142.86,94239.25,FROZEN,true,2024-10-01,true,ASSUMPTION,-6
2024-08-01,2024-09-01,SKU011,CH04,DOWNSIDE,FV_DOWNSIDE_202409,960,31651200.0,16986035.3,939565.72,103855.5,FROZEN,true,2024-10-01,true,ASSUMPTION,14
2024-08-01,2024-09-01,SKU012,CH04,BASE,FV_BASE_202409,1030,28137540.0,17457102.81,763232.65,79677.5,FROZEN,true,2024-10-01,true,ASSUMPTION,0
2024-08-01,2024-09-01,SKU012,CH04,UPSIDE,FV_UPSIDE_202409,1070,29230260.0,17121389.3,763232.65,78083.95,FROZEN,true,2024-10-01,true,ASSUMPTION,-6
2024-08-01,2024-09-01,SKU012,CH04,DOWNSIDE,FV_DOWNSIDE_202409,960,26225280.0,18296386.6,778497.3,86051.7,FROZEN,true,2024-10-01,true,ASSUMPTION,14
2024-08-01,2024-09-01,SKU001,CH05,BASE,FV_BASE_202409,3090,91383660.0,53658927.99,2302709.76,258772.5,FROZEN,true,2024-10-01,true,ASSUMPTION,0
2024-08-01,2024-09-01,SKU001,CH05,UPSIDE,FV_UPSIDE_202409,3210,94932540.0,52627025.53,2302709.76,253597.05,FROZEN,true,2024-10-01,true,ASSUMPTION,-6
2024-08-01,2024-09-01,SKU001,CH05,DOWNSIDE,FV_DOWNSIDE_202409,2880,85173120.0,56238684.15,2348763.96,279474.3,FROZEN,true,2024-10-01,true,ASSUMPTION,14
2024-08-01,2024-09-01,SKU002,CH05,BASE,FV_BASE_202409,2060,70748640.0,37388156.28,1782743.04,200340.0,FROZEN,true,2024-10-01,true,ASSUMPTION,0
2024-08-01,2024-09-01,SKU002,CH05,UPSIDE,FV_UPSIDE_202409,2140,73496160.0,36669153.28,1782743.04,196333.2,FROZEN,true,2024-10-01,true,ASSUMPTION,-6
2024-08-01,2024-09-01,SKU002,CH05,DOWNSIDE,FV_DOWNSIDE_202409,1920,65940480.0,39185663.79,1818397.9,216367.2,FROZEN,true,2024-10-01,true,ASSUMPTION,14
2024-08-01,2024-09-01,SKU003,CH05,BASE,FV_BASE_202409,2060,62887680.0,35080245.4,1584660.48,178080.0,FROZEN,true,2024-10-01,true,ASSUMPTION,0
2024-08-01,2024-09-01,SKU003,CH05,UPSIDE,FV_UPSIDE_202409,2140,65329920.0,34405625.29,1584660.48,174518.4,FROZEN,true,2024-10-01,true,ASSUMPTION,-6
2024-08-01,2024-09-01,SKU003,CH05,DOWNSIDE,FV_DOWNSIDE_202409,1920,58613760.0,36766795.66,1616353.69,192326.4,FROZEN,true,2024-10-01,true,ASSUMPTION,14
2024-08-01,2024-09-01,SKU004,CH05,BASE,FV_BASE_202409,3090,82540080.0,53312741.36,2079866.88,233730.0,FROZEN,true,2024-10-01,true,ASSUMPTION,0
2024-08-01,2024-09-01,SKU004,CH05,UPSIDE,FV_UPSIDE_202409,3210,85745520.0,52287496.34,2079866.88,229055.4,FROZEN,true,2024-10-01,true,ASSUMPTION,-6
2024-08-01,2024-09-01,SKU004,CH05,DOWNSIDE,FV_DOWNSIDE_202409,2880,76930560.0,55875853.93,2121464.22,252428.4,FROZEN,true,2024-10-01,true,ASSUMPTION,14
2024-08-01,2024-09-01,SKU005,CH05,BASE,FV_BASE_202409,2060,53061480.0,35830316.43,1337057.28,150255.0,FROZEN,true,2024-10-01,true,ASSUMPTION,0
2024-08-01,2024-09-01,SKU005,CH05,UPSIDE,FV_UPSIDE_202409,2140,55122120.0,35141271.89,1337057.28,147249.9,FROZEN,true,2024-10-01,true,ASSUMPTION,-6
2024-08-01,2024-09-01,SKU005,CH05,DOWNSIDE,FV_DOWNSIDE_202409,1920,49455360.0,37552927.8,1363798.43,162275.4,FROZEN,true,2024-10-01,true,ASSUMPTION,14
2024-08-01,2024-09-01,SKU006,CH05,BASE,FV_BASE_202409,2060,58957200.0,36349596.38,1485619.2,166950.0,FROZEN,true,2024-10-01,true,ASSUMPTION,0
2024-08-01,2024-09-01,SKU006,CH05,UPSIDE,FV_UPSIDE_202409,2140,61246800.0,35650565.68,1485619.2,163611.0,FROZEN,true,2024-10-01,true,ASSUMPTION,-6
2024-08-01,2024-09-01,SKU006,CH05,DOWNSIDE,FV_DOWNSIDE_202409,1920,54950400.0,38097173.13,1515331.58,180306.0,FROZEN,true,2024-10-01,true,ASSUMPTION,14
2024-08-01,2024-09-01,SKU007,CH05,BASE,FV_BASE_202409,3090,67800780.0,54740761.21,1708462.08,191992.5,FROZEN,true,2024-10-01,true,ASSUMPTION,0
2024-08-01,2024-09-01,SKU007,CH05,UPSIDE,FV_UPSIDE_202409,3210,70433820.0,53688054.27,1708462.08,188152.65,FROZEN,true,2024-10-01,true,ASSUMPTION,-6
2024-08-01,2024-09-01,SKU007,CH05,DOWNSIDE,FV_DOWNSIDE_202409,2880,63192960.0,57372528.58,1742631.32,207351.9,FROZEN,true,2024-10-01,true,ASSUMPTION,14
2024-08-01,2024-09-01,SKU008,CH05,BASE,FV_BASE_202409,2060,49131000.0,37503551.82,1238016.0,139125.0,FROZEN,true,2024-10-01,true,ASSUMPTION,0
2024-08-01,2024-09-01,SKU008,CH05,UPSIDE,FV_UPSIDE_202409,2140,51039000.0,36782329.67,1238016.0,136342.5,FROZEN,true,2024-10-01,true,ASSUMPTION,-6
2024-08-01,2024-09-01,SKU008,CH05,DOWNSIDE,FV_DOWNSIDE_202409,1920,45792000.0,39306607.2,1262776.32,150255.0,FROZEN,true,2024-10-01,true,ASSUMPTION,14
2024-08-01,2024-09-01,SKU009,CH05,BASE,FV_BASE_202409,3090,61905060.0,52706914.75,1559900.16,175297.5,FROZEN,true,2024-10-01,true,ASSUMPTION,0
2024-08-01,2024-09-01,SKU009,CH05,UPSIDE,FV_UPSIDE_202409,3210,64309140.0,51693320.23,1559900.16,171791.55,FROZEN,true,2024-10-01,true,ASSUMPTION,-6
2024-08-01,2024-09-01,SKU009,CH05,DOWNSIDE,FV_DOWNSIDE_202409,2880,57697920.0,55240901.03,1591098.16,189321.3,FROZEN,true,2024-10-01,true,ASSUMPTION,14
2024-08-01,2024-09-01,SKU010,CH05,BASE,FV_BASE_202409,2060,47165760.0,34618663.22,1188495.36,133560.0,FROZEN,true,2024-10-01,true,ASSUMPTION,0
2024-08-01,2024-09-01,SKU010,CH05,UPSIDE,FV_UPSIDE_202409,2140,48997440.0,33952919.69,1188495.36,130888.8,FROZEN,true,2024-10-01,true,ASSUMPTION,-6
2024-08-01,2024-09-01,SKU010,CH05,DOWNSIDE,FV_DOWNSIDE_202409,1920,43960320.0,36283022.03,1212265.27,144244.8,FROZEN,true,2024-10-01,true,ASSUMPTION,14
2024-08-01,2024-09-01,SKU011,CH05,BASE,FV_BASE_202409,1030,34391700.0,15145665.16,866611.2,97387.5,FROZEN,true,2024-10-01,true,ASSUMPTION,0
2024-08-01,2024-09-01,SKU011,CH05,UPSIDE,FV_UPSIDE_202409,1070,35727300.0,14854402.37,866611.2,95439.75,FROZEN,true,2024-10-01,true,ASSUMPTION,-6
2024-08-01,2024-09-01,SKU011,CH05,DOWNSIDE,FV_DOWNSIDE_202409,960,32054400.0,15873822.14,883943.42,105178.5,FROZEN,true,2024-10-01,true,ASSUMPTION,14
2024-08-01,2024-09-01,SKU012,CH05,BASE,FV_BASE_202409,2060,56991960.0,32628090.07,1436098.56,161385.0,FROZEN,true,2024-10-01,true,ASSUMPTION,0
2024-08-01,2024-09-01,SKU012,CH05,UPSIDE,FV_UPSIDE_202409,2140,59205240.0,32000626.8,1436098.56,158157.3,FROZEN,true,2024-10-01,true,ASSUMPTION,-6
2024-08-01,2024-09-01,SKU012,CH05,DOWNSIDE,FV_DOWNSIDE_202409,1920,53118720.0,34196748.25,1464820.53,174295.8,FROZEN,true,2024-10-01,true,ASSUMPTION,14
2024-09-01,2024-10-01,SKU001,CH01,BASE,FV_BASE_202410,9270,274150980.0,161433049.51,6905297.31,776317.5,FROZEN,true,2024-11-01,true,ASSUMPTION,0
2024-09-01,2024-10-01,SKU001,CH01,UPSIDE,FV_UPSIDE_202410,9630,284797620.0,158328567.79,6905297.31,760791.15,FROZEN,true,2024-11-01,true,ASSUMPTION,-6
2024-09-01,2024-10-01,SKU001,CH01,DOWNSIDE,FV_DOWNSIDE_202410,8640,255519360.0,169194253.82,7043403.26,838422.9,FROZEN,true,2024-11-01,true,ASSUMPTION,14
2024-09-01,2024-10-01,SKU002,CH01,BASE,FV_BASE_202410,6180,212245920.0,112482382.89,5346036.63,601020.0,FROZEN,true,2024-11-01,true,ASSUMPTION,0
2024-09-01,2024-10-01,SKU002,CH01,UPSIDE,FV_UPSIDE_202410,6420,220488480.0,110319260.14,5346036.63,588999.6,FROZEN,true,2024-11-01,true,ASSUMPTION,-6
2024-09-01,2024-10-01,SKU002,CH01,DOWNSIDE,FV_DOWNSIDE_202410,5760,197821440.0,117890189.76,5452957.36,649101.6,FROZEN,true,2024-11-01,true,ASSUMPTION,14
2024-09-01,2024-10-01,SKU003,CH01,BASE,FV_BASE_202410,6180,188663040.0,105539025.91,4752032.56,534240.0,FROZEN,true,2024-11-01,true,ASSUMPTION,0
2024-09-01,2024-10-01,SKU003,CH01,UPSIDE,FV_UPSIDE_202410,6420,195989760.0,103509429.26,4752032.56,523555.2,FROZEN,true,2024-11-01,true,ASSUMPTION,-6
2024-09-01,2024-10-01,SKU003,CH01,DOWNSIDE,FV_DOWNSIDE_202410,5760,175841280.0,110613017.54,4847073.21,576979.2,FROZEN,true,2024-11-01,true,ASSUMPTION,14
2024-09-01,2024-10-01,SKU004,CH01,BASE,FV_BASE_202410,8240,220106880.0,142570263.08,5544037.99,623280.0,FROZEN,true,2024-11-01,true,ASSUMPTION,0
2024-09-01,2024-10-01,SKU004,CH01,UPSIDE,FV_UPSIDE_202410,8560,228654720.0,139828527.25,5544037.99,610814.4,FROZEN,true,2024-11-01,true,ASSUMPTION,-6
2024-09-01,2024-10-01,SKU004,CH01,DOWNSIDE,FV_DOWNSIDE_202410,7680,205148160.0,149424602.65,5654918.75,673142.4,FROZEN,true,2024-11-01,true,ASSUMPTION,14
2024-09-01,2024-10-01,SKU005,CH01,BASE,FV_BASE_202410,7210,185715180.0,125761553.09,4677782.05,525892.5,FROZEN,true,2024-11-01,true,ASSUMPTION,0
2024-09-01,2024-10-01,SKU005,CH01,UPSIDE,FV_UPSIDE_202410,7490,192927420.0,123343061.69,4677782.05,515374.65,FROZEN,true,2024-11-01,true,ASSUMPTION,-6
2024-09-01,2024-10-01,SKU005,CH01,DOWNSIDE,FV_DOWNSIDE_202410,6720,173093760.0,131807781.61,4771337.69,567963.9,FROZEN,true,2024-11-01,true,ASSUMPTION,14
2024-09-01,2024-10-01,SKU006,CH01,BASE,FV_BASE_202410,5150,147393000.0,91131560.21,3712525.44,417375.0,FROZEN,true,2024-11-01,true,ASSUMPTION,0
2024-09-01,2024-10-01,SKU006,CH01,UPSIDE,FV_UPSIDE_202410,5350,153117000.0,89379030.2,3712525.44,409027.5,FROZEN,true,2024-11-01,true,ASSUMPTION,-6
2024-09-01,2024-10-01,SKU006,CH01,DOWNSIDE,FV_DOWNSIDE_202410,4800,137376000.0,95512885.22,3786775.95,450765.0,FROZEN,true,2024-11-01,true,ASSUMPTION,14
2024-09-01,2024-10-01,SKU007,CH01,BASE,FV_BASE_202410,9270,203402340.0,164687748.09,5123285.1,575977.5,FROZEN,true,2024-11-01,true,ASSUMPTION,0
2024-09-01,2024-10-01,SKU007,CH01,UPSIDE,FV_UPSIDE_202410,9630,211301460.0,161520676.01,5123285.1,564457.95,FROZEN,true,2024-11-01,true,ASSUMPTION,-6
2024-09-01,2024-10-01,SKU007,CH01,DOWNSIDE,FV_DOWNSIDE_202410,8640,189578880.0,172605428.28,5225750.8,622055.7,FROZEN,true,2024-11-01,true,ASSUMPTION,14
2024-09-01,2024-10-01,SKU008,CH01,BASE,FV_BASE_202410,7210,171958500.0,131634475.86,4331279.68,486937.5,FROZEN,true,2024-11-01,true,ASSUMPTION,0
2024-09-01,2024-10-01,SKU008,CH01,UPSIDE,FV_UPSIDE_202410,7490,178636500.0,129103043.63,4331279.68,477198.75,FROZEN,true,2024-11-01,true,ASSUMPTION,-6
2024-09-01,2024-10-01,SKU008,CH01,DOWNSIDE,FV_DOWNSIDE_202410,6720,160272000.0,137963056.43,4417905.27,525892.5,FROZEN,true,2024-11-01,true,ASSUMPTION,14
2024-09-01,2024-10-01,SKU009,CH01,BASE,FV_BASE_202410,8240,165080160.0,140950146.46,4158028.49,467460.0,FROZEN,true,2024-11-01,true,ASSUMPTION,0
2024-09-01,2024-10-01,SKU009,CH01,UPSIDE,FV_UPSIDE_202410,8560,171491040.0,138239566.72,4158028.49,458110.8,FROZEN,true,2024-11-01,true,ASSUMPTION,-6
2024-09-01,2024-10-01,SKU009,CH01,DOWNSIDE,FV_DOWNSIDE_202410,7680,153861120.0,147726595.81,4241189.06,504856.8,FROZEN,true,2024-11-01,true,ASSUMPTION,14
2024-09-01,2024-10-01,SKU010,CH01,BASE,FV_BASE_202410,6180,141497280.0,104150354.53,3564024.42,400680.0,FROZEN,true,2024-11-01,true,ASSUMPTION,0
2024-09-01,2024-10-01,SKU010,CH01,UPSIDE,FV_UPSIDE_202410,6420,146992320.0,102147463.09,3564024.42,392666.4,FROZEN,true,2024-11-01,true,ASSUMPTION,-6
2024-09-01,2024-10-01,SKU010,CH01,DOWNSIDE,FV_DOWNSIDE_202410,5760,131880960.0,109157583.11,3635304.91,432734.4,FROZEN,true,2024-11-01,true,ASSUMPTION,14
2024-09-01,2024-10-01,SKU011,CH01,BASE,FV_BASE_202410,4120,137566800.0,60754373.47,3465023.74,389550.0,FROZEN,true,2024-11-01,true,ASSUMPTION,0
2024-09-01,2024-10-01,SKU011,CH01,UPSIDE,FV_UPSIDE_202410,4280,142909200.0,59586020.14,3465023.74,381759.0,FROZEN,true,2024-11-01,true,ASSUMPTION,-6
2024-09-01,2024-10-01,SKU011,CH01,DOWNSIDE,FV_DOWNSIDE_202410,3840,128217600.0,63675256.81,3534324.21,420714.0,FROZEN,true,2024-11-01,true,ASSUMPTION,14
2024-09-01,2024-10-01,SKU012,CH01,BASE,FV_BASE_202410,5150,142479900.0,81801424.29,3588774.59,403462.5,FROZEN,true,2024-11-01,true,ASSUMPTION,0
2024-09-01,2024-10-01,SKU012,CH01,UPSIDE,FV_UPSIDE_202410,5350,148013100.0,80228319.97,3588774.59,395393.25,FROZEN,true,2024-11-01,true,ASSUMPTION,-6
2024-09-01,2024-10-01,SKU012,CH01,DOWNSIDE,FV_DOWNSIDE_202410,4800,132796800.0,85734185.07,3660550.08,435739.5,FROZEN,true,2024-11-01,true,ASSUMPTION,14
2024-09-01,2024-10-01,SKU001,CH02,BASE,FV_BASE_202410,7210,213228540.0,125924080.66,7965257.39,603802.5,FROZEN,true,2024-11-01,true,ASSUMPTION,0
2024-09-01,2024-10-01,SKU001,CH02,UPSIDE,FV_UPSIDE_202410,7490,221509260.0,123502463.73,7965257.39,591726.45,FROZEN,true,2024-11-01,true,ASSUMPTION,-6
2024-09-01,2024-10-01,SKU001,CH02,DOWNSIDE,FV_DOWNSIDE_202410,6720,198737280.0,131978123.0,8124562.54,652106.7,FROZEN,true,2024-11-01,true,ASSUMPTION,14
2024-09-01,2024-10-01,SKU002,CH02,BASE,FV_BASE_202410,5150,176871600.0,94007839.02,6607125.94,500850.0,FROZEN,true,2024-11-01,true,ASSUMPTION,0
2024-09-01,2024-10-01,SKU002,CH02,UPSIDE,FV_UPSIDE_202410,5350,183740400.0,92199995.96,6607125.94,490833.0,FROZEN,true,2024-11-01,true,ASSUMPTION,-6
2024-09-01,2024-10-01,SKU002,CH02,DOWNSIDE,FV_DOWNSIDE_202410,4800,164851200.0,98527446.66,6739268.46,540918.0,FROZEN,true,2024-11-01,true,ASSUMPTION,14
2024-09-01,2024-10-01,SKU003,CH02,BASE,FV_BASE_202410,4120,125775360.0,70563908.79,4698400.67,356160.0,FROZEN,true,2024-11-01,true,ASSUMPTION,0
2024-09-01,2024-10-01,SKU003,CH02,UPSIDE,FV_UPSIDE_202410,4280,130659840.0,69206910.55,4698400.67,349036.8,FROZEN,true,2024-11-01,true,ASSUMPTION,-6
2024-09-01,2024-10-01,SKU003,CH02,DOWNSIDE,FV_DOWNSIDE_202410,3840,117227520.0,73956404.41,4792368.68,384652.8,FROZEN,true,2024-11-01,true,ASSUMPTION,14
2024-09-01,2024-10-01,SKU004,CH02,BASE,FV_BASE_202410,6180,165080160.0,107238571.92,6166650.88,467460.0,FROZEN,true,2024-11-01,true,ASSUMPTION,0
2024-09-01,2024-10-01,SKU004,CH02,UPSIDE,FV_UPSIDE_202410,6420,171491040.0,105176291.69,6166650.88,458110.8,FROZEN,true,2024-11-01,true,ASSUMPTION,-6
2024-09-01,2024-10-01,SKU004,CH02,DOWNSIDE,FV_DOWNSIDE_202410,5760,153861120.0,112394272.49,6289983.9,504856.8,FROZEN,true,2024-11-01,true,ASSUMPTION,14
2024-09-01,2024-10-01,SKU005,CH02,BASE,FV_BASE_202410,5150,132653700.0,90090845.73,4955344.46,375637.5,FROZEN,true,2024-11-01,true,ASSUMPTION,0
2024-09-01,2024-10-01,SKU005,CH02,UPSIDE,FV_UPSIDE_202410,5350,137805300.0,88358329.46,4955344.46,368124.75,FROZEN,true,2024-11-01,true,ASSUMPTION,-6
2024-09-01,2024-10-01,SKU005,CH02,DOWNSIDE,FV_DOWNSIDE_202410,4800,123638400.0,94422136.39,5054451.35,405688.5,FROZEN,true,2024-11-01,true,ASSUMPTION,14
2024-09-01,2024-10-01,SKU006,CH02,BASE,FV_BASE_202410,4120,117914400.0,73117208.12,4404750.63,333900.0,FROZEN,true,2024-11-01,true,ASSUMPTION,0
2024-09-01,2024-10-01,SKU006,CH02,UPSIDE,FV_UPSIDE_202410,4280,122493600.0,71711107.97,4404750.63,327222.0,FROZEN,true,2024-11-01,true,ASSUMPTION,-6
2024-09-01,2024-10-01,SKU006,CH02,DOWNSIDE,FV_DOWNSIDE_202410,3840,109900800.0,76632458.51,4492845.64,360612.0,FROZEN,true,2024-11-01,true,ASSUMPTION,14
2024-09-01,2024-10-01,SKU007,CH02,BASE,FV_BASE_202410,7210,158201820.0,128462872.61,5909707.09,447982.5,FROZEN,true,2024-11-01,true,ASSUMPTION,0
2024-09-01,2024-10-01,SKU007,CH02,UPSIDE,FV_UPSIDE_202410,7490,164345580.0,125992432.75,5909707.09,439022.85,FROZEN,true,2024-11-01,true,ASSUMPTION,-6
2024-09-01,2024-10-01,SKU007,CH02,DOWNSIDE,FV_DOWNSIDE_202410,6720,147450240.0,134638972.25,6027901.23,483821.1,FROZEN,true,2024-11-01,true,ASSUMPTION,14
2024-09-01,2024-10-01,SKU008,CH02,BASE,FV_BASE_202410,5150,122827500.0,94297986.67,4588281.9,347812.5,FROZEN,true,2024-11-01,true,ASSUMPTION,0
2024-09-01,2024-10-01,SKU008,CH02,UPSIDE,FV_UPSIDE_202410,5350,127597500.0,92484563.85,4588281.9,340856.25,FROZEN,true,2024-11-01,true,ASSUMPTION,-6
2024-09-01,2024-10-01,SKU008,CH02,DOWNSIDE,FV_DOWNSIDE_202410,4800,114480000.0,98831543.72,4680047.54,375637.5,FROZEN,true,2024-11-01,true,ASSUMPTION,14
2024-09-01,2024-10-01,SKU009,CH02,BASE,FV_BASE_202410,6180,123810120.0,106019951.78,4624988.16,350595.0,FROZEN,true,2024-11-01,true,ASSUMPTION,0
2024-09-01,2024-10-01,SKU009,CH02,UPSIDE,FV_UPSIDE_202410,6420,128618280.0,103981106.56,4624988.16,343583.1,FROZEN,true,2024-11-01,true,ASSUMPTION,-6
2024-09-01,2024-10-01,SKU009,CH02,DOWNSIDE,FV_DOWNSIDE_202410,5760,115395840.0,111117064.85,4717487.92,378642.6,FROZEN,true,2024-11-01,true,ASSUMPTION,14
2024-09-01,2024-10-01,SKU010,CH02,BASE,FV_BASE_202410,5150,117914400.0,87044295.38,4404750.63,333900.0,FROZEN,true,2024-11-01,true,ASSUMPTION,0
2024-09-01,2024-10-01,SKU010,CH02,UPSIDE,FV_UPSIDE_202410,5350,122493600.0,85370366.63,4404750.63,327222.0,FROZEN,true,2024-11-01,true,ASSUMPTION,-6
2024-09-01,2024-10-01,SKU010,CH02,DOWNSIDE,FV_DOWNSIDE_202410,4800,109900800.0,91229117.28,4492845.64,360612.0,FROZEN,true,2024-11-01,true,ASSUMPTION,14
2024-09-01,2024-10-01,SKU011,CH02,BASE,FV_BASE_202410,3090,103175100.0,45698255.08,3854156.8,292162.5,FROZEN,true,2024-11-01,true,ASSUMPTION,0
2024-09-01,2024-10-01,SKU011,CH02,UPSIDE,FV_UPSIDE_202410,3210,107181900.0,44819442.48,3854156.8,286319.25,FROZEN,true,2024-11-01,true,ASSUMPTION,-6
2024-09-01,2024-10-01,SKU011,CH02,DOWNSIDE,FV_DOWNSIDE_202410,2880,96163200.0,47895286.57,3931239.94,315535.5,FROZEN,true,2024-11-01,true,ASSUMPTION,14
2024-09-01,2024-10-01,SKU012,CH02,BASE,FV_BASE_202410,4120,113983920.0,65631398.71,4257925.61,322770.0,FROZEN,true,2024-11-01,true,ASSUMPTION,0
2024-09-01,2024-10-01,SKU012,CH02,UPSIDE,FV_UPSIDE_202410,4280,118410480.0,64369256.42,4257925.61,316314.6,FROZEN,true,2024-11-01,true,ASSUMPTION,-6
2024-09-01,2024-10-01,SKU012,CH02,DOWNSIDE,FV_DOWNSIDE_202410,3840,106237440.0,68786754.41,4343084.12,348591.6,FROZEN,true,2024-11-01,true,ASSUMPTION,14
2024-09-01,2024-10-01,SKU001,CH03,BASE,FV_BASE_202410,5150,148314850.0,98240757.0,3903091.63,419985.42,FROZEN,true,2024-11-01,true,ASSUMPTION,0
2024-09-01,2024-10-01,SKU001,CH03,UPSIDE,FV_UPSIDE_202410,5350,154074650.0,96351511.68,3903091.63,411585.71,FROZEN,true,2024-11-01,true,ASSUMPTION,-6
2024-09-01,2024-10-01,SKU001,CH03,DOWNSIDE,FV_DOWNSIDE_202410,4800,138235200.0,102963870.32,3981153.46,453584.25,FROZEN,true,2024-11-01,true,ASSUMPTION,14
2024-09-01,2024-10-01,SKU002,CH03,BASE,FV_BASE_202410,4120,137789280.0,82141949.08,3626098.03,390180.0,FROZEN,true,2024-11-01,true,ASSUMPTION,0
2024-09-01,2024-10-01,SKU002,CH03,UPSIDE,FV_UPSIDE_202410,4280,143140320.0,80562296.22,3626098.03,382376.4,FROZEN,true,2024-11-01,true,ASSUMPTION,-6
2024-09-01,2024-10-01,SKU002,CH03,DOWNSIDE,FV_DOWNSIDE_202410,3840,128424960.0,86091081.25,3698619.99,421394.4,FROZEN,true,2024-11-01,true,ASSUMPTION,14
2024-09-01,2024-10-01,SKU003,CH03,BASE,FV_BASE_202410,3090,91859520.0,57803593.8,2417398.69,260120.0,FROZEN,true,2024-11-01,true,ASSUMPTION,0
2024-09-01,2024-10-01,SKU003,CH03,UPSIDE,FV_UPSIDE_202410,3210,95426880.0,56691986.22,2417398.69,254917.6,FROZEN,true,2024-11-01,true,ASSUMPTION,-6
2024-09-01,2024-10-01,SKU003,CH03,DOWNSIDE,FV_DOWNSIDE_202410,2880,85616640.0,60582612.73,2465746.66,280929.6,FROZEN,true,2024-11-01,true,ASSUMPTION,14
2024-09-01,2024-10-01,SKU004,CH03,BASE,FV_BASE_202410,5150,133961800.0,97606945.68,3525373.09,379341.67,FROZEN,true,2024-11-01,true,ASSUMPTION,0
2024-09-01,2024-10-01,SKU004,CH03,UPSIDE,FV_UPSIDE_202410,5350,139164200.0,95729889.03,3525373.09,371754.83,FROZEN,true,2024-11-01,true,ASSUMPTION,-6
2024-09-01,2024-10-01,SKU004,CH03,DOWNSIDE,FV_DOWNSIDE_202410,4800,124857600.0,102299587.29,3595880.55,409689.0,FROZEN,true,2024-11-01,true,ASSUMPTION,14
2024-09-01,2024-10-01,SKU005,CH03,BASE,FV_BASE_202410,4120,103341960.0,78719367.88,2719573.52,292635.0,FROZEN,true,2024-11-01,true,ASSUMPTION,0
2024-09-01,2024-10-01,SKU005,CH03,UPSIDE,FV_UPSIDE_202410,4280,107355240.0,77205533.88,2719573.52,286782.3,FROZEN,true,2024-11-01,true,ASSUMPTION,-6
2024-09-01,2024-10-01,SKU005,CH03,DOWNSIDE,FV_DOWNSIDE_202410,3840,96318720.0,82503952.87,2773964.99,316045.8,FROZEN,true,2024-11-01,true,ASSUMPTION,14
2024-09-01,2024-10-01,SKU006,CH03,BASE,FV_BASE_202410,3090,86118300.0,59895171.21,2266311.27,243862.5,FROZEN,true,2024-11-01,true,ASSUMPTION,0
2024-09-01,2024-10-01,SKU006,CH03,UPSIDE,FV_UPSIDE_202410,3210,89462700.0,58743341.0,2266311.27,238985.25,FROZEN,true,2024-11-01,true,ASSUMPTION,-6
2024-09-01,2024-10-01,SKU006,CH03,DOWNSIDE,FV_DOWNSIDE_202410,2880,80265600.0,62774746.75,2311637.5,263371.5,FROZEN,true,2024-11-01,true,ASSUMPTION,14
2024-09-01,2024-10-01,SKU007,CH03,BASE,FV_BASE_202410,5150,110040050.0,100221417.43,2895842.18,311602.08,FROZEN,true,2024-11-01,true,ASSUMPTION,0
2024-09-01,2024-10-01,SKU007,CH03,UPSIDE,FV_UPSIDE_202410,5350,114313450.0,98294082.48,2895842.18,305370.04,FROZEN,true,2024-11-01,true,ASSUMPTION,-6
2024-09-01,2024-10-01,SKU007,CH03,DOWNSIDE,FV_DOWNSIDE_202410,4800,102561600.0,105039754.81,2953759.02,336530.25,FROZEN,true,2024-11-01,true,ASSUMPTION,14
2024-09-01,2024-10-01,SKU008,CH03,BASE,FV_BASE_202410,4120,95687000.0,82395473.62,2518123.63,270958.33,FROZEN,true,2024-11-01,true,ASSUMPTION,0
2024-09-01,2024-10-01,SKU008,CH03,UPSIDE,FV_UPSIDE_202410,4280,99403000.0,80810945.28,2518123.63,265539.17,FROZEN,true,2024-11-01,true,ASSUMPTION,-6
2024-09-01,2024-10-01,SKU008,CH03,DOWNSIDE,FV_DOWNSIDE_202410,3840,89184000.0,86356794.46,2568486.1,292635.0,FROZEN,true,2024-11-01,true,ASSUMPTION,14
2024-09-01,2024-10-01,SKU009,CH03,BASE,FV_BASE_202410,5150,100471350.0,96497775.84,2644029.82,284506.25,FROZEN,true,2024-11-01,true,ASSUMPTION,0
2024-09-01,2024-10-01,SKU009,CH03,UPSIDE,FV_UPSIDE_202410,5350,104373150.0,94642049.38,2644029.82,278816.13,FROZEN,true,2024-11-01,true,ASSUMPTION,-6
2024-09-01,2024-10-01,SKU009,CH03,DOWNSIDE,FV_DOWNSIDE_202410,4800,93643200.0,101137091.98,2696910.42,307266.75,FROZEN,true,2024-11-01,true,ASSUMPTION,14
2024-09-01,2024-10-01,SKU010,CH03,BASE,FV_BASE_202410,4120,91859520.0,76057360.27,2417398.69,260120.0,FROZEN,true,2024-11-01,true,ASSUMPTION,0
2024-09-01,2024-10-01,SKU010,CH03,UPSIDE,FV_UPSIDE_202410,4280,95426880.0,74594718.72,2417398.69,254917.6,FROZEN,true,2024-11-01,true,ASSUMPTION,-6
2024-09-01,2024-10-01,SKU010,CH03,DOWNSIDE,FV_DOWNSIDE_202410,3840,85616640.0,79713964.13,2465746.66,280929.6,FROZEN,true,2024-11-01,true,ASSUMPTION,14
2024-09-01,2024-10-01,SKU011,CH03,BASE,FV_BASE_202410,2060,66980900.0,33275095.12,1762686.54,189670.83,FROZEN,true,2024-11-01,true,ASSUMPTION,0
2024-09-01,2024-10-01,SKU011,CH03,UPSIDE,FV_UPSIDE_202410,2140,69582100.0,32635189.45,1762686.54,185877.42,FROZEN,true,2024-11-01,true,ASSUMPTION,-6
2024-09-01,2024-10-01,SKU011,CH03,DOWNSIDE,FV_DOWNSIDE_202410,1920,62428800.0,34874859.31,1797940.27,204844.5,FROZEN,true,2024-11-01,true,ASSUMPTION,14
2024-09-01,2024-10-01,SKU012,CH03,BASE,FV_BASE_202410,3090,83247690.0,53763046.53,2190767.56,235733.75,FROZEN,true,2024-11-01,true,ASSUMPTION,0
2024-09-01,2024-10-01,SKU012,CH03,UPSIDE,FV_UPSIDE_202410,3210,86480610.0,52729141.79,2190767.56,231019.08,FROZEN,true,2024-11-01,true,ASSUMPTION,-6
2024-09-01,2024-10-01,SKU012,CH03,DOWNSIDE,FV_DOWNSIDE_202410,2880,77590080.0,56347808.38,2234582.91,254592.45,FROZEN,true,2024-11-01,true,ASSUMPTION,14
2024-09-01,2024-10-01,SKU001,CH04,BASE,FV_BASE_202410,3090,90234180.0,50619932.19,2152654.15,255517.5,FROZEN,true,2024-11-01,true,ASSUMPTION,0
2024-09-01,2024-10-01,SKU001,CH04,UPSIDE,FV_UPSIDE_202410,3210,93738420.0,49646471.95,2152654.15,250407.15,FROZEN,true,2024-11-01,true,ASSUMPTION,-6
2024-09-01,2024-10-01,SKU001,CH04,DOWNSIDE,FV_DOWNSIDE_202410,2880,84101760.0,53053582.77,2195707.23,275958.9,FROZEN,true,2024-11-01,true,ASSUMPTION,14
2024-09-01,2024-10-01,SKU002,CH04,BASE,FV_BASE_202410,2060,69858720.0,35270662.43,1666570.96,197820.0,FROZEN,true,2024-11-01,true,ASSUMPTION,0
2024-09-01,2024-10-01,SKU002,CH04,UPSIDE,FV_UPSIDE_202410,2140,72571680.0,34592380.46,1666570.96,193863.6,FROZEN,true,2024-11-01,true,ASSUMPTION,-6
2024-09-01,2024-10-01,SKU002,CH04,DOWNSIDE,FV_DOWNSIDE_202410,1920,65111040.0,36966367.35,1699902.38,213645.6,FROZEN,true,2024-11-01,true,ASSUMPTION,14
2024-09-01,2024-10-01,SKU003,CH04,BASE,FV_BASE_202410,2060,62096640.0,33093461.04,1481396.41,175840.0,FROZEN,true,2024-11-01,true,ASSUMPTION,0
2024-09-01,2024-10-01,SKU003,CH04,UPSIDE,FV_UPSIDE_202410,2140,64508160.0,32457048.33,1481396.41,172323.2,FROZEN,true,2024-11-01,true,ASSUMPTION,-6
2024-09-01,2024-10-01,SKU003,CH04,DOWNSIDE,FV_DOWNSIDE_202410,1920,57876480.0,34684492.83,1511024.34,189907.2,FROZEN,true,2024-11-01,true,ASSUMPTION,14
2024-09-01,2024-10-01,SKU004,CH04,BASE,FV_BASE_202410,2060,54334560.0,33528901.32,1296221.85,153860.0,FROZEN,true,2024-11-01,true,ASSUMPTION,0
2024-09-01,2024-10-01,SKU004,CH04,UPSIDE,FV_UPSIDE_202410,2140,56444640.0,32884114.75,1296221.85,150782.8,FROZEN,true,2024-11-01,true,ASSUMPTION,-6
2024-09-01,2024-10-01,SKU004,CH04,DOWNSIDE,FV_DOWNSIDE_202410,1920,50641920.0,35140867.73,1322146.29,166168.8,FROZEN,true,2024-11-01,true,ASSUMPTION,14
2024-09-01,2024-10-01,SKU005,CH04,BASE,FV_BASE_202410,2060,52394040.0,33801051.49,1249928.22,148365.0,FROZEN,true,2024-11-01,true,ASSUMPTION,0
2024-09-01,2024-10-01,SKU005,CH04,UPSIDE,FV_UPSIDE_202410,2140,54428760.0,33151031.27,1249928.22,145397.7,FROZEN,true,2024-11-01,true,ASSUMPTION,-6
2024-09-01,2024-10-01,SKU005,CH04,DOWNSIDE,FV_DOWNSIDE_202410,1920,48833280.0,35426102.04,1274926.78,160234.2,FROZEN,true,2024-11-01,true,ASSUMPTION,14
2024-09-01,2024-10-01,SKU006,CH04,BASE,FV_BASE_202410,2060,58215600.0,34290921.81,1388809.13,164850.0,FROZEN,true,2024-11-01,true,ASSUMPTION,0
2024-09-01,2024-10-01,SKU006,CH04,UPSIDE,FV_UPSIDE_202410,2140,60476400.0,33631481.0,1388809.13,161553.0,FROZEN,true,2024-11-01,true,ASSUMPTION,-6
2024-09-01,2024-10-01,SKU006,CH04,DOWNSIDE,FV_DOWNSIDE_202410,1920,54259200.0,35939523.82,1416585.31,178038.0,FROZEN,true,2024-11-01,true,ASSUMPTION,14
2024-09-01,2024-10-01,SKU007,CH04,BASE,FV_BASE_202410,3090,66947940.0,51640495.34,1597130.5,189577.5,FROZEN,true,2024-11-01,true,ASSUMPTION,0
2024-09-01,2024-10-01,SKU007,CH04,UPSIDE,FV_UPSIDE_202410,3210,69547860.0,50647408.89,1597130.5,185785.95,FROZEN,true,2024-11-01,true,ASSUMPTION,-6
2024-09-01,2024-10-01,SKU007,CH04,DOWNSIDE,FV_DOWNSIDE_202410,2880,62398080.0,54123211.46,1629073.11,204743.7,FROZEN,true,2024-11-01,true,ASSUMPTION,14
2024-09-01,2024-10-01,SKU008,CH04,BASE,FV_BASE_202410,2060,48513000.0,35379522.5,1157340.94,137375.0,FROZEN,true,2024-11-01,true,ASSUMPTION,0
2024-09-01,2024-10-01,SKU008,CH04,UPSIDE,FV_UPSIDE_202410,2140,50397000.0,34699147.06,1157340.94,134627.5,FROZEN,true,2024-11-01,true,ASSUMPTION,-6
2024-09-01,2024-10-01,SKU008,CH04,DOWNSIDE,FV_DOWNSIDE_202410,1920,45216000.0,37080461.08,1180487.76,148365.0,FROZEN,true,2024-11-01,true,ASSUMPTION,14
2024-09-01,2024-10-01,SKU009,CH04,BASE,FV_BASE_202410,2060,40750920.0,33147891.08,972166.39,115395.0,FROZEN,true,2024-11-01,true,ASSUMPTION,0
2024-09-01,2024-10-01,SKU009,CH04,UPSIDE,FV_UPSIDE_202410,2140,42333480.0,32510431.63,972166.39,113087.1,FROZEN,true,2024-11-01,true,ASSUMPTION,-6
2024-09-01,2024-10-01,SKU009,CH04,DOWNSIDE,FV_DOWNSIDE_202410,1920,37981440.0,34741539.69,991609.72,124626.6,FROZEN,true,2024-11-01,true,ASSUMPTION,14
2024-09-01,2024-10-01,SKU010,CH04,BASE,FV_BASE_202410,2060,46572480.0,32658020.77,1111047.3,131880.0,FROZEN,true,2024-11-01,true,ASSUMPTION,0
2024-09-01,2024-10-01,SKU010,CH04,UPSIDE,FV_UPSIDE_202410,2140,48381120.0,32029981.91,1111047.3,129242.4,FROZEN,true,2024-11-01,true,ASSUMPTION,-6
2024-09-01,2024-10-01,SKU010,CH04,DOWNSIDE,FV_DOWNSIDE_202410,1920,43407360.0,34228117.92,1133268.25,142430.4,FROZEN,true,2024-11-01,true,ASSUMPTION,14
2024-09-01,2024-10-01,SKU011,CH04,BASE,FV_BASE_202410,1030,33959100.0,14287884.08,810138.66,96162.5,FROZEN,true,2024-11-01,true,ASSUMPTION,0
2024-09-01,2024-10-01,SKU011,CH04,UPSIDE,FV_UPSIDE_202410,1070,35277900.0,14013117.08,810138.66,94239.25,FROZEN,true,2024-11-01,true,ASSUMPTION,-6
2024-09-01,2024-10-01,SKU011,CH04,DOWNSIDE,FV_DOWNSIDE_202410,960,31651200.0,14974801.59,826341.43,103855.5,FROZEN,true,2024-11-01,true,ASSUMPTION,14
2024-09-01,2024-10-01,SKU012,CH04,BASE,FV_BASE_202410,2060,56275080.0,30780184.59,1342515.49,159355.0,FROZEN,true,2024-11-01,true,ASSUMPTION,0
2024-09-01,2024-10-01,SKU012,CH04,UPSIDE,FV_UPSIDE_202410,2140,58460520.0,30188257.97,1342515.49,156167.9,FROZEN,true,2024-11-01,true,ASSUMPTION,-6
2024-09-01,2024-10-01,SKU012,CH04,DOWNSIDE,FV_DOWNSIDE_202410,1920,52450560.0,32260001.16,1369365.8,172103.4,FROZEN,true,2024-11-01,true,ASSUMPTION,14
2024-09-01,2024-10-01,SKU001,CH05,BASE,FV_BASE_202410,3090,91383660.0,56261985.17,2414416.9,258772.5,FROZEN,true,2024-11-01,true,ASSUMPTION,0
2024-09-01,2024-10-01,SKU001,CH05,UPSIDE,FV_UPSIDE_202410,3210,94932540.0,55180023.91,2414416.9,253597.05,FROZEN,true,2024-11-01,true,ASSUMPTION,-6
2024-09-01,2024-10-01,SKU001,CH05,DOWNSIDE,FV_DOWNSIDE_202410,2880,85173120.0,58966888.3,2462705.24,279474.3,FROZEN,true,2024-11-01,true,ASSUMPTION,14
2024-09-01,2024-10-01,SKU002,CH05,BASE,FV_BASE_202410,2060,70748640.0,39201899.34,1869225.98,200340.0,FROZEN,true,2024-11-01,true,ASSUMPTION,0
2024-09-01,2024-10-01,SKU002,CH05,UPSIDE,FV_UPSIDE_202410,2140,73496160.0,38448016.66,1869225.98,196333.2,FROZEN,true,2024-11-01,true,ASSUMPTION,-6
2024-09-01,2024-10-01,SKU002,CH05,DOWNSIDE,FV_DOWNSIDE_202410,1920,65940480.0,41086606.04,1906610.5,216367.2,FROZEN,true,2024-11-01,true,ASSUMPTION,14
2024-09-01,2024-10-01,SKU003,CH05,BASE,FV_BASE_202410,2060,62887680.0,36782029.01,1661534.21,178080.0,FROZEN,true,2024-11-01,true,ASSUMPTION,0
2024-09-01,2024-10-01,SKU003,CH05,UPSIDE,FV_UPSIDE_202410,2140,65329920.0,36074682.3,1661534.21,174518.4,FROZEN,true,2024-11-01,true,ASSUMPTION,-6
2024-09-01,2024-10-01,SKU003,CH05,DOWNSIDE,FV_DOWNSIDE_202410,1920,58613760.0,38550395.79,1694764.89,192326.4,FROZEN,true,2024-11-01,true,ASSUMPTION,14
2024-09-01,2024-10-01,SKU004,CH05,BASE,FV_BASE_202410,3090,82540080.0,55899004.62,2180763.65,233730.0,FROZEN,true,2024-11-01,true,ASSUMPTION,0
2024-09-01,2024-10-01,SKU004,CH05,UPSIDE,FV_UPSIDE_202410,3210,85745520.0,54824023.76,2180763.65,229055.4,FROZEN,true,2024-11-01,true,ASSUMPTION,-6
2024-09-01,2024-10-01,SKU004,CH05,DOWNSIDE,FV_DOWNSIDE_202410,2880,76930560.0,58586456.76,2224378.92,252428.4,FROZEN,true,2024-11-01,true,ASSUMPTION,14
2024-09-01,2024-10-01,SKU005,CH05,BASE,FV_BASE_202410,2060,53061480.0,37568486.87,1401919.49,150255.0,FROZEN,true,2024-11-01,true,ASSUMPTION,0
2024-09-01,2024-10-01,SKU005,CH05,UPSIDE,FV_UPSIDE_202410,2140,55122120.0,36846015.97,1401919.49,147249.9,FROZEN,true,2024-11-01,true,ASSUMPTION,-6
2024-09-01,2024-10-01,SKU005,CH05,DOWNSIDE,FV_DOWNSIDE_202410,1920,49455360.0,39374664.13,1429957.88,162275.4,FROZEN,true,2024-11-01,true,ASSUMPTION,14
2024-09-01,2024-10-01,SKU006,CH05,BASE,FV_BASE_202410,2060,58957200.0,38112957.7,1557688.32,166950.0,FROZEN,true,2024-11-01,true,ASSUMPTION,0
2024-09-01,2024-10-01,SKU006,CH05,UPSIDE,FV_UPSIDE_202410,2140,61246800.0,37380016.2,1557688.32,163611.0,FROZEN,true,2024-11-01,true,ASSUMPTION,-6
2024-09-01,2024-10-01,SKU006,CH05,DOWNSIDE,FV_DOWNSIDE_202410,1920,54950400.0,39945311.43,1588842.09,180306.0,FROZEN,true,2024-11-01,true,ASSUMPTION,14
2024-09-01,2024-10-01,SKU007,CH05,BASE,FV_BASE_202410,3090,67800780.0,57396299.39,1791341.57,191992.5,FROZEN,true,2024-11-01,true,ASSUMPTION,0
2024-09-01,2024-10-01,SKU007,CH05,UPSIDE,FV_UPSIDE_202410,3210,70433820.0,56292524.4,1791341.57,188152.65,FROZEN,true,2024-11-01,true,ASSUMPTION,-6
2024-09-01,2024-10-01,SKU007,CH05,DOWNSIDE,FV_DOWNSIDE_202410,2880,63192960.0,60155736.86,1827168.4,207351.9,FROZEN,true,2024-11-01,true,ASSUMPTION,14
2024-09-01,2024-10-01,SKU008,CH05,BASE,FV_BASE_202410,2060,49131000.0,39322892.86,1298073.6,139125.0,FROZEN,true,2024-11-01,true,ASSUMPTION,0
2024-09-01,2024-10-01,SKU008,CH05,UPSIDE,FV_UPSIDE_202410,2140,51039000.0,38566683.38,1298073.6,136342.5,FROZEN,true,2024-11-01,true,ASSUMPTION,-6
2024-09-01,2024-10-01,SKU008,CH05,DOWNSIDE,FV_DOWNSIDE_202410,1920,45792000.0,41213416.55,1324035.07,150255.0,FROZEN,true,2024-11-01,true,ASSUMPTION,14
2024-09-01,2024-10-01,SKU009,CH05,BASE,FV_BASE_202410,3090,61905060.0,55263788.65,1635572.74,175297.5,FROZEN,true,2024-11-01,true,ASSUMPTION,0
2024-09-01,2024-10-01,SKU009,CH05,UPSIDE,FV_UPSIDE_202410,3210,64309140.0,54201023.49,1635572.74,171791.55,FROZEN,true,2024-11-01,true,ASSUMPTION,-6
2024-09-01,2024-10-01,SKU009,CH05,DOWNSIDE,FV_DOWNSIDE_202410,2880,57697920.0,57920701.57,1668284.19,189321.3,FROZEN,true,2024-11-01,true,ASSUMPTION,14
2024-09-01,2024-10-01,SKU010,CH05,BASE,FV_BASE_202410,2060,47165760.0,36298054.95,1246150.66,133560.0,FROZEN,true,2024-11-01,true,ASSUMPTION,0
2024-09-01,2024-10-01,SKU010,CH05,UPSIDE,FV_UPSIDE_202410,2140,48997440.0,35600015.43,1246150.66,130888.8,FROZEN,true,2024-11-01,true,ASSUMPTION,-6
2024-09-01,2024-10-01,SKU010,CH05,DOWNSIDE,FV_DOWNSIDE_202410,1920,43960320.0,38043153.74,1271073.67,144244.8,FROZEN,true,2024-11-01,true,ASSUMPTION,14
2024-09-01,2024-10-01,SKU011,CH05,BASE,FV_BASE_202410,1030,34391700.0,15880399.04,908651.52,97387.5,FROZEN,true,2024-11-01,true,ASSUMPTION,0
2024-09-01,2024-10-01,SKU011,CH05,UPSIDE,FV_UPSIDE_202410,1070,35727300.0,15575006.75,908651.52,95439.75,FROZEN,true,2024-11-01,true,ASSUMPTION,-6
2024-09-01,2024-10-01,SKU011,CH05,DOWNSIDE,FV_DOWNSIDE_202410,960,32054400.0,16643879.76,926824.55,105178.5,FROZEN,true,2024-11-01,true,ASSUMPTION,14
2024-09-01,2024-10-01,SKU012,CH05,BASE,FV_BASE_202410,2060,56991960.0,34210916.78,1505765.38,161385.0,FROZEN,true,2024-11-01,true,ASSUMPTION,0
2024-09-01,2024-10-01,SKU012,CH05,UPSIDE,FV_UPSIDE_202410,2140,59205240.0,33553014.54,1505765.38,158157.3,FROZEN,true,2024-11-01,true,ASSUMPTION,-6
2024-09-01,2024-10-01,SKU012,CH05,DOWNSIDE,FV_DOWNSIDE_202410,1920,53118720.0,35855672.4,1535880.69,174295.8,FROZEN,true,2024-11-01,true,ASSUMPTION,14
2024-10-01,2024-11-01,SKU001,CH01,BASE,FV_BASE_202411,9270,265529880.0,161785034.1,18054602.54,751905.0,FROZEN,true,2024-12-01,true,ASSUMPTION,0
2024-10-01,2024-11-01,SKU001,CH01,UPSIDE,FV_UPSIDE_202411,9630,275841720.0,158673783.45,18054602.54,736866.9,FROZEN,true,2024-12-01,true,ASSUMPTION,-6
2024-10-01,2024-11-01,SKU001,CH01,DOWNSIDE,FV_DOWNSIDE_202411,8640,247484160.0,169563160.74,18415694.59,812057.4,FROZEN,true,2024-12-01,true,ASSUMPTION,14
2024-10-01,2024-11-01,SKU002,CH01,BASE,FV_BASE_202411,7210,239833440.0,131515576.11,16307382.94,679140.0,FROZEN,true,2024-12-01,true,ASSUMPTION,0
2024-10-01,2024-11-01,SKU002,CH01,UPSIDE,FV_UPSIDE_202411,7490,249147360.0,128986430.41,16307382.94,665557.2,FROZEN,true,2024-12-01,true,ASSUMPTION,-6
2024-10-01,2024-11-01,SKU002,CH01,DOWNSIDE,FV_DOWNSIDE_202411,6720,223534080.0,137838440.34,16633530.6,733471.2,FROZEN,true,2024-12-01,true,ASSUMPTION,14
2024-10-01,2024-11-01,SKU003,CH01,BASE,FV_BASE_202411,6180,182730240.0,105769140.58,12424672.71,517440.0,FROZEN,true,2024-12-01,true,ASSUMPTION,0
2024-10-01,2024-11-01,SKU003,CH01,UPSIDE,FV_UPSIDE_202411,6420,189826560.0,103735118.64,12424672.71,507091.2,FROZEN,true,2024-12-01,true,ASSUMPTION,-6
2024-10-01,2024-11-01,SKU003,CH01,DOWNSIDE,FV_DOWNSIDE_202411,5760,170311680.0,110854195.41,12673166.16,558835.2,FROZEN,true,2024-12-01,true,ASSUMPTION,14
2024-10-01,2024-11-01,SKU004,CH01,BASE,FV_BASE_202411,9270,239833440.0,160741259.69,16307382.94,679140.0,FROZEN,true,2024-12-01,true,ASSUMPTION,0
2024-10-01,2024-11-01,SKU004,CH01,UPSIDE,FV_UPSIDE_202411,9630,249147360.0,157650081.62,16307382.94,665557.2,FROZEN,true,2024-12-01,true,ASSUMPTION,-6
2024-10-01,2024-11-01,SKU004,CH01,DOWNSIDE,FV_DOWNSIDE_202411,8640,223534080.0,168469204.87,16633530.6,733471.2,FROZEN,true,2024-12-01,true,ASSUMPTION,14
2024-10-01,2024-11-01,SKU005,CH01,BASE,FV_BASE_202411,7210,179875080.0,126035760.44,12230537.2,509355.0,FROZEN,true,2024-12-01,true,ASSUMPTION,0
2024-10-01,2024-11-01,SKU005,CH01,UPSIDE,FV_UPSIDE_202411,7490,186860520.0,123611995.81,12230537.2,499167.9,FROZEN,true,2024-12-01,true,ASSUMPTION,-6
2024-10-01,2024-11-01,SKU005,CH01,DOWNSIDE,FV_DOWNSIDE_202411,6720,167650560.0,132095172.0,12475147.94,550103.4,FROZEN,true,2024-12-01,true,ASSUMPTION,14
2024-10-01,2024-11-01,SKU006,CH01,BASE,FV_BASE_202411,6180,171309600.0,109596313.42,11648130.67,485100.0,FROZEN,true,2024-12-01,true,ASSUMPTION,0
2024-10-01,2024-11-01,SKU006,CH01,UPSIDE,FV_UPSIDE_202411,6420,177962400.0,107488692.01,11648130.67,475398.0,FROZEN,true,2024-12-01,true,ASSUMPTION,-6
2024-10-01,2024-11-01,SKU006,CH01,DOWNSIDE,FV_DOWNSIDE_202411,5760,159667200.0,114865366.95,11881093.28,523908.0,FROZEN,true,2024-12-01,true,ASSUMPTION,14
2024-10-01,2024-11-01,SKU007,CH01,BASE,FV_BASE_202411,10300,218895600.0,183385365.72,14883722.52,619850.0,FROZEN,true,2024-12-01,true,ASSUMPTION,0
2024-10-01,2024-11-01,SKU007,CH01,UPSIDE,FV_UPSIDE_202411,10700,227396400.0,179858724.07,14883722.52,607453.0,FROZEN,true,2024-12-01,true,ASSUMPTION,-6
2024-10-01,2024-11-01,SKU007,CH01,DOWNSIDE,FV_DOWNSIDE_202411,9600,204019200.0,192201969.84,15181396.97,669438.0,FROZEN,true,2024-12-01,true,ASSUMPTION,14
2024-10-01,2024-11-01,SKU008,CH01,BASE,FV_BASE_202411,8240,190344000.0,150767415.29,12942367.41,539000.0,FROZEN,true,2024-12-01,true,ASSUMPTION,0
2024-10-01,2024-11-01,SKU008,CH01,UPSIDE,FV_UPSIDE_202411,8560,197736000.0,147868041.92,12942367.41,528220.0,FROZEN,true,2024-12-01,true,ASSUMPTION,-6
2024-10-01,2024-11-01,SKU008,CH01,DOWNSIDE,FV_DOWNSIDE_202411,7680,177408000.0,158015848.72,13201214.76,582120.0,FROZEN,true,2024-12-01,true,ASSUMPTION,14
2024-10-01,2024-11-01,SKU009,CH01,BASE,FV_BASE_202411,9270,179875080.0,158914654.46,12230537.2,509355.0,FROZEN,true,2024-12-01,true,ASSUMPTION,0
2024-10-01,2024-11-01,SKU009,CH01,UPSIDE,FV_UPSIDE_202411,9630,186860520.0,155858603.42,12230537.2,499167.9,FROZEN,true,2024-12-01,true,ASSUMPTION,-6
2024-10-01,2024-11-01,SKU009,CH01,DOWNSIDE,FV_DOWNSIDE_202411,8640,167650560.0,166554782.08,12475147.94,550103.4,FROZEN,true,2024-12-01,true,ASSUMPTION,14
2024-10-01,2024-11-01,SKU010,CH01,BASE,FV_BASE_202411,7210,159888960.0,121773681.59,10871588.63,452760.0,FROZEN,true,2024-12-01,true,ASSUMPTION,0
2024-10-01,2024-11-01,SKU010,CH01,UPSIDE,FV_UPSIDE_202411,7490,166098240.0,119431880.02,10871588.63,443704.8,FROZEN,true,2024-12-01,true,ASSUMPTION,-6
2024-10-01,2024-11-01,SKU010,CH01,DOWNSIDE,FV_DOWNSIDE_202411,6720,149022720.0,127628185.51,11089020.4,488980.8,FROZEN,true,2024-12-01,true,ASSUMPTION,14
2024-10-01,2024-11-01,SKU011,CH01,BASE,FV_BASE_202411,4120,133240800.0,60886840.79,9059657.19,377300.0,FROZEN,true,2024-12-01,true,ASSUMPTION,0
2024-10-01,2024-11-01,SKU011,CH01,UPSIDE,FV_UPSIDE_202411,4280,138415200.0,59715940.0,9059657.19,369754.0,FROZEN,true,2024-12-01,true,ASSUMPTION,-6
2024-10-01,2024-11-01,SKU011,CH01,DOWNSIDE,FV_DOWNSIDE_202411,3840,124185600.0,63814092.75,9240850.33,407484.0,FROZEN,true,2024-12-01,true,ASSUMPTION,14
2024-10-01,2024-11-01,SKU012,CH01,BASE,FV_BASE_202411,6180,165599280.0,98375738.48,11259859.65,468930.0,FROZEN,true,2024-12-01,true,ASSUMPTION,0
2024-10-01,2024-11-01,SKU012,CH01,UPSIDE,FV_UPSIDE_202411,6420,172030320.0,96483897.35,11259859.65,459551.4,FROZEN,true,2024-12-01,true,ASSUMPTION,-6
2024-10-01,2024-11-01,SKU012,CH01,DOWNSIDE,FV_DOWNSIDE_202411,5760,154344960.0,103105341.29,11485056.84,506444.4,FROZEN,true,2024-12-01,true,ASSUMPTION,14
2024-10-01,2024-11-01,SKU001,CH02,BASE,FV_BASE_202411,7210,206523240.0,128284315.83,16958787.34,584815.0,FROZEN,true,2024-12-01,true,ASSUMPTION,0
2024-10-01,2024-11-01,SKU001,CH02,UPSIDE,FV_UPSIDE_202411,7490,214543560.0,125817309.75,16958787.34,573118.7,FROZEN,true,2024-12-01,true,ASSUMPTION,-6
2024-10-01,2024-11-01,SKU001,CH02,DOWNSIDE,FV_DOWNSIDE_202411,6720,192487680.0,134451831.01,17297963.09,631600.2,FROZEN,true,2024-12-01,true,ASSUMPTION,14
2024-10-01,2024-11-01,SKU002,CH02,BASE,FV_BASE_202411,5150,171309600.0,95769857.89,14067196.87,485100.0,FROZEN,true,2024-12-01,true,ASSUMPTION,0
2024-10-01,2024-11-01,SKU002,CH02,UPSIDE,FV_UPSIDE_202411,5350,177962400.0,93928129.86,14067196.87,475398.0,FROZEN,true,2024-12-01,true,ASSUMPTION,-6
2024-10-01,2024-11-01,SKU002,CH02,DOWNSIDE,FV_DOWNSIDE_202411,4800,159667200.0,100374177.98,14348540.81,523908.0,FROZEN,true,2024-12-01,true,ASSUMPTION,14
2024-10-01,2024-11-01,SKU003,CH02,BASE,FV_BASE_202411,5150,152275200.0,89858138.27,12504175.0,431200.0,FROZEN,true,2024-12-01,true,ASSUMPTION,0
2024-10-01,2024-11-01,SKU003,CH02,UPSIDE,FV_UPSIDE_202411,5350,158188800.0,88130097.15,12504175.0,422576.0,FROZEN,true,2024-12-01,true,ASSUMPTION,-6
2024-10-01,2024-11-01,SKU003,CH02,DOWNSIDE,FV_DOWNSIDE_202411,4800,141926400.0,94178241.07,12754258.5,465696.0,FROZEN,true,2024-12-01,true,ASSUMPTION,14
2024-10-01,2024-11-01,SKU004,CH02,BASE,FV_BASE_202411,7210,186537120.0,127456675.08,15317614.37,528220.0,FROZEN,true,2024-12-01,true,ASSUMPTION,0
2024-10-01,2024-11-01,SKU004,CH02,UPSIDE,FV_UPSIDE_202411,7490,193781280.0,125005585.18,15317614.37,517655.6,FROZEN,true,2024-12-01,true,ASSUMPTION,-6
2024-10-01,2024-11-01,SKU004,CH02,DOWNSIDE,FV_DOWNSIDE_202411,6720,173859840.0,133584399.84,15623966.66,570477.6,FROZEN,true,2024-12-01,true,ASSUMPTION,14
2024-10-01,2024-11-01,SKU005,CH02,BASE,FV_BASE_202411,6180,154178640.0,110135336.58,12660477.19,436590.0,FROZEN,true,2024-12-01,true,ASSUMPTION,0
2024-10-01,2024-11-01,SKU005,CH02,UPSIDE,FV_UPSIDE_202411,6420,160166160.0,108017349.34,12660477.19,427858.2,FROZEN,true,2024-12-01,true,ASSUMPTION,-6
2024-10-01,2024-11-01,SKU005,CH02,DOWNSIDE,FV_DOWNSIDE_202411,5760,143700480.0,115430304.69,12913686.73,471517.2,FROZEN,true,2024-12-01,true,ASSUMPTION,14
2024-10-01,2024-11-01,SKU006,CH02,BASE,FV_BASE_202411,4120,114206400.0,74487667.25,9378131.25,323400.0,FROZEN,true,2024-12-01,true,ASSUMPTION,0
2024-10-01,2024-11-01,SKU006,CH02,UPSIDE,FV_UPSIDE_202411,4280,118641600.0,73055212.11,9378131.25,316932.0,FROZEN,true,2024-12-01,true,ASSUMPTION,-6
2024-10-01,2024-11-01,SKU006,CH02,DOWNSIDE,FV_DOWNSIDE_202411,3840,106444800.0,78068805.1,9565693.88,349272.0,FROZEN,true,2024-12-01,true,ASSUMPTION,14
2024-10-01,2024-11-01,SKU007,CH02,BASE,FV_BASE_202411,7210,153226920.0,130870693.16,12582326.09,433895.0,FROZEN,true,2024-12-01,true,ASSUMPTION,0
2024-10-01,2024-11-01,SKU007,CH02,UPSIDE,FV_UPSIDE_202411,7490,159177480.0,128353949.06,12582326.09,425217.1,FROZEN,true,2024-12-01,true,ASSUMPTION,-6
2024-10-01,2024-11-01,SKU007,CH02,DOWNSIDE,FV_DOWNSIDE_202411,6720,142813440.0,137162553.41,12833972.61,468606.6,FROZEN,true,2024-12-01,true,ASSUMPTION,14
2024-10-01,2024-11-01,SKU008,CH02,BASE,FV_BASE_202411,6180,142758000.0,115278532.66,11722664.06,404250.0,FROZEN,true,2024-12-01,true,ASSUMPTION,0
2024-10-01,2024-11-01,SKU008,CH02,UPSIDE,FV_UPSIDE_202411,6420,148302000.0,113061637.8,11722664.06,396165.0,FROZEN,true,2024-12-01,true,ASSUMPTION,-6
2024-10-01,2024-11-01,SKU008,CH02,DOWNSIDE,FV_DOWNSIDE_202411,5760,133056000.0,120820769.8,11957117.34,436590.0,FROZEN,true,2024-12-01,true,ASSUMPTION,14
2024-10-01,2024-11-01,SKU009,CH02,BASE,FV_BASE_202411,7210,139902840.0,126008303.77,11488210.78,396165.0,FROZEN,true,2024-12-01,true,ASSUMPTION,0
2024-10-01,2024-11-01,SKU009,CH02,UPSIDE,FV_UPSIDE_202411,7490,145335960.0,123585067.16,11488210.78,388241.7,FROZEN,true,2024-12-01,true,ASSUMPTION,-6
2024-10-01,2024-11-01,SKU009,CH02,DOWNSIDE,FV_DOWNSIDE_202411,6720,130394880.0,132066395.3,11717975.0,427858.2,FROZEN,true,2024-12-01,true,ASSUMPTION,14
2024-10-01,2024-11-01,SKU010,CH02,BASE,FV_BASE_202411,5150,114206400.0,88675794.34,9378131.25,323400.0,FROZEN,true,2024-12-01,true,ASSUMPTION,0
2024-10-01,2024-11-01,SKU010,CH02,UPSIDE,FV_UPSIDE_202411,5350,118641600.0,86970490.61,9378131.25,316932.0,FROZEN,true,2024-12-01,true,ASSUMPTION,-6
2024-10-01,2024-11-01,SKU010,CH02,DOWNSIDE,FV_DOWNSIDE_202411,4800,106444800.0,92939053.69,9565693.88,349272.0,FROZEN,true,2024-12-01,true,ASSUMPTION,14
2024-10-01,2024-11-01,SKU011,CH02,BASE,FV_BASE_202411,3090,99930600.0,46554792.03,8205864.84,282975.0,FROZEN,true,2024-12-01,true,ASSUMPTION,0
2024-10-01,2024-11-01,SKU011,CH02,UPSIDE,FV_UPSIDE_202411,3210,103811400.0,45659507.57,8205864.84,277315.5,FROZEN,true,2024-12-01,true,ASSUMPTION,-6
2024-10-01,2024-11-01,SKU011,CH02,DOWNSIDE,FV_DOWNSIDE_202411,2880,93139200.0,48793003.19,8369982.14,305613.0,FROZEN,true,2024-12-01,true,ASSUMPTION,14
2024-10-01,2024-11-01,SKU012,CH02,BASE,FV_BASE_202411,4120,110399520.0,66861548.94,9065526.87,312620.0,FROZEN,true,2024-12-01,true,ASSUMPTION,0
2024-10-01,2024-11-01,SKU012,CH02,UPSIDE,FV_UPSIDE_202411,4280,114686880.0,65575749.92,9065526.87,306367.6,FROZEN,true,2024-12-01,true,ASSUMPTION,-6
2024-10-01,2024-11-01,SKU012,CH02,DOWNSIDE,FV_DOWNSIDE_202411,3840,102896640.0,70076046.48,9246837.41,337629.6,FROZEN,true,2024-12-01,true,ASSUMPTION,14
2024-10-01,2024-11-01,SKU001,CH03,BASE,FV_BASE_202411,6180,172230420.0,114121235.45,11742095.79,487707.5,FROZEN,true,2024-12-01,true,ASSUMPTION,0
2024-10-01,2024-11-01,SKU001,CH03,UPSIDE,FV_UPSIDE_202411,6420,178918980.0,111926596.3,11742095.79,477953.35,FROZEN,true,2024-12-01,true,ASSUMPTION,-6
2024-10-01,2024-11-01,SKU001,CH03,DOWNSIDE,FV_DOWNSIDE_202411,5760,160525440.0,119607833.3,11976937.71,526724.1,FROZEN,true,2024-12-01,true,ASSUMPTION,14
2024-10-01,2024-11-01,SKU002,CH03,BASE,FV_BASE_202411,4120,133339680.0,79516731.79,9090654.8,377580.0,FROZEN,true,2024-12-01,true,ASSUMPTION,0
2024-10-01,2024-11-01,SKU002,CH03,UPSIDE,FV_UPSIDE_202411,4280,138517920.0,77987563.87,9090654.8,370028.4,FROZEN,true,2024-12-01,true,ASSUMPTION,-6
2024-10-01,2024-11-01,SKU002,CH03,DOWNSIDE,FV_DOWNSIDE_202411,3840,124277760.0,83339651.59,9272467.9,407786.4,FROZEN,true,2024-12-01,true,ASSUMPTION,14
2024-10-01,2024-11-01,SKU003,CH03,BASE,FV_BASE_202411,4120,118524160.0,74608291.56,8080582.05,335626.67,FROZEN,true,2024-12-01,true,ASSUMPTION,0
2024-10-01,2024-11-01,SKU003,CH03,UPSIDE,FV_UPSIDE_202411,4280,123127040.0,73173516.72,8080582.05,328914.13,FROZEN,true,2024-12-01,true,ASSUMPTION,-6
2024-10-01,2024-11-01,SKU003,CH03,DOWNSIDE,FV_DOWNSIDE_202411,3840,110469120.0,78195228.65,8242193.69,362476.8,FROZEN,true,2024-12-01,true,ASSUMPTION,14
2024-10-01,2024-11-01,SKU004,CH03,BASE,FV_BASE_202411,5150,129635800.0,94487474.5,8838136.61,367091.67,FROZEN,true,2024-12-01,true,ASSUMPTION,0
2024-10-01,2024-11-01,SKU004,CH03,UPSIDE,FV_UPSIDE_202411,5350,134670200.0,92670407.69,8838136.61,359749.83,FROZEN,true,2024-12-01,true,ASSUMPTION,-6
2024-10-01,2024-11-01,SKU004,CH03,DOWNSIDE,FV_DOWNSIDE_202411,4800,120825600.0,99030141.55,9014899.34,396459.0,FROZEN,true,2024-12-01,true,ASSUMPTION,14
2024-10-01,2024-11-01,SKU005,CH03,BASE,FV_BASE_202411,4120,100004760.0,76203534.64,6817991.1,283185.0,FROZEN,true,2024-12-01,true,ASSUMPTION,0
2024-10-01,2024-11-01,SKU005,CH03,UPSIDE,FV_UPSIDE_202411,4280,103888440.0,74738082.05,6817991.1,277521.3,FROZEN,true,2024-12-01,true,ASSUMPTION,-6
2024-10-01,2024-11-01,SKU005,CH03,DOWNSIDE,FV_DOWNSIDE_202411,3840,93208320.0,79867166.11,6954350.92,305839.8,FROZEN,true,2024-12-01,true,ASSUMPTION,14
2024-10-01,2024-11-01,SKU006,CH03,BASE,FV_BASE_202411,3090,83337300.0,57980950.27,5681659.25,235987.5,FROZEN,true,2024-12-01,true,ASSUMPTION,0
2024-10-01,2024-11-01,SKU006,CH03,UPSIDE,FV_UPSIDE_202411,3210,86573700.0,56865931.99,5681659.25,231267.75,FROZEN,true,2024-12-01,true,ASSUMPTION,-6
2024-10-01,2024-11-01,SKU006,CH03,DOWNSIDE,FV_DOWNSIDE_202411,2880,77673600.0,60768495.95,5795292.44,254866.5,FROZEN,true,2024-12-01,true,ASSUMPTION,14
2024-10-01,2024-11-01,SKU007,CH03,BASE,FV_BASE_202411,6180,127783860.0,116422066.8,8711877.52,361847.5,FROZEN,true,2024-12-01,true,ASSUMPTION,0
2024-10-01,2024-11-01,SKU007,CH03,UPSIDE,FV_UPSIDE_202411,6420,132746340.0,114183180.9,8711877.52,354610.55,FROZEN,true,2024-12-01,true,ASSUMPTION,-6
2024-10-01,2024-11-01,SKU007,CH03,DOWNSIDE,FV_DOWNSIDE_202411,5760,119099520.0,122019281.55,8886115.07,390795.3,FROZEN,true,2024-12-01,true,ASSUMPTION,14
2024-10-01,2024-11-01,SKU008,CH03,BASE,FV_BASE_202411,5150,115746250.0,99702692.25,7891193.4,327760.42,FROZEN,true,2024-12-01,true,ASSUMPTION,0
2024-10-01,2024-11-01,SKU008,CH03,UPSIDE,FV_UPSIDE_202411,5350,120241250.0,97785332.79,7891193.4,321205.21,FROZEN,true,2024-12-01,true,ASSUMPTION,-6
2024-10-01,2024-11-01,SKU008,CH03,DOWNSIDE,FV_DOWNSIDE_202411,4800,107880000.0,104496090.92,8049017.27,353981.25,FROZEN,true,2024-12-01,true,ASSUMPTION,14
2024-10-01,2024-11-01,SKU009,CH03,BASE,FV_BASE_202411,6180,116672220.0,112096503.84,7954322.95,330382.5,FROZEN,true,2024-12-01,true,ASSUMPTION,0
2024-10-01,2024-11-01,SKU009,CH03,UPSIDE,FV_UPSIDE_202411,6420,121203180.0,109940801.85,7954322.95,323774.85,FROZEN,true,2024-12-01,true,ASSUMPTION,-6
2024-10-01,2024-11-01,SKU009,CH03,DOWNSIDE,FV_DOWNSIDE_202411,5760,108743040.0,117485758.84,8113409.41,356813.1,FROZEN,true,2024-12-01,true,ASSUMPTION,14
2024-10-01,2024-11-01,SKU010,CH03,BASE,FV_BASE_202411,4120,88893120.0,73626603.51,6060436.53,251720.0,FROZEN,true,2024-12-01,true,ASSUMPTION,0
2024-10-01,2024-11-01,SKU010,CH03,UPSIDE,FV_UPSIDE_202411,4280,92345280.0,72210707.29,6060436.53,246685.6,FROZEN,true,2024-12-01,true,ASSUMPTION,-6
2024-10-01,2024-11-01,SKU010,CH03,DOWNSIDE,FV_DOWNSIDE_202411,3840,82851840.0,77166344.07,6181645.26,271857.6,FROZEN,true,2024-12-01,true,ASSUMPTION,14
2024-10-01,2024-11-01,SKU011,CH03,BASE,FV_BASE_202411,3090,97226850.0,48317458.55,6628602.46,275318.75,FROZEN,true,2024-12-01,true,ASSUMPTION,0
2024-10-01,2024-11-01,SKU011,CH03,UPSIDE,FV_UPSIDE_202411,3210,101002650.0,47388276.66,6628602.46,269812.38,FROZEN,true,2024-12-01,true,ASSUMPTION,-6
2024-10-01,2024-11-01,SKU011,CH03,DOWNSIDE,FV_DOWNSIDE_202411,2880,90619200.0,50640413.29,6761174.51,297344.25,FROZEN,true,2024-12-01,true,ASSUMPTION,14
2024-10-01,2024-11-01,SKU012,CH03,BASE,FV_BASE_202411,4120,107412520.0,69393073.82,7323027.48,304161.67,FROZEN,true,2024-12-01,true,ASSUMPTION,0
2024-10-01,2024-11-01,SKU012,CH03,UPSIDE,FV_UPSIDE_202411,4280,111583880.0,68058591.63,7323027.48,298078.43,FROZEN,true,2024-12-01,true,ASSUMPTION,-6
2024-10-01,2024-11-01,SKU012,CH03,DOWNSIDE,FV_DOWNSIDE_202411,3840,100112640.0,72729279.29,7469488.03,328494.6,FROZEN,true,2024-12-01,true,ASSUMPTION,14
2024-10-01,2024-11-01,SKU001,CH04,BASE,FV_BASE_202411,3090,87360480.0,51717176.05,5770392.58,247380.0,FROZEN,true,2024-12-01,true,ASSUMPTION,0
2024-10-01,2024-11-01,SKU001,CH04,UPSIDE,FV_UPSIDE_202411,3210,90753120.0,50722614.97,5770392.58,242432.4,FROZEN,true,2024-12-01,true,ASSUMPTION,-6
2024-10-01,2024-11-01,SKU001,CH04,DOWNSIDE,FV_DOWNSIDE_202411,2880,81423360.0,54203578.74,5885800.43,267170.4,FROZEN,true,2024-12-01,true,ASSUMPTION,14
2024-10-01,2024-11-01,SKU002,CH04,BASE,FV_BASE_202411,2060,67633920.0,36035193.64,4467400.7,191520.0,FROZEN,true,2024-12-01,true,ASSUMPTION,0
2024-10-01,2024-11-01,SKU002,CH04,UPSIDE,FV_UPSIDE_202411,2140,70260480.0,35342209.14,4467400.7,187689.6,FROZEN,true,2024-12-01,true,ASSUMPTION,-6
2024-10-01,2024-11-01,SKU002,CH04,DOWNSIDE,FV_DOWNSIDE_202411,1920,63037440.0,37767654.87,4556748.71,206841.6,FROZEN,true,2024-12-01,true,ASSUMPTION,14
2024-10-01,2024-11-01,SKU003,CH04,BASE,FV_BASE_202411,2060,60119040.0,33810798.96,3971022.85,170240.0,FROZEN,true,2024-12-01,true,ASSUMPTION,0
2024-10-01,2024-11-01,SKU003,CH04,UPSIDE,FV_UPSIDE_202411,2140,62453760.0,33160591.29,3971022.85,166835.2,FROZEN,true,2024-12-01,true,ASSUMPTION,-6
2024-10-01,2024-11-01,SKU003,CH04,DOWNSIDE,FV_DOWNSIDE_202411,1920,56033280.0,35436318.15,4050443.31,183859.2,FROZEN,true,2024-12-01,true,ASSUMPTION,14
2024-10-01,2024-11-01,SKU004,CH04,BASE,FV_BASE_202411,3090,78906240.0,51383516.85,5211967.49,223440.0,FROZEN,true,2024-12-01,true,ASSUMPTION,0
2024-10-01,2024-11-01,SKU004,CH04,UPSIDE,FV_UPSIDE_202411,3210,81970560.0,50395372.29,5211967.49,218971.2,FROZEN,true,2024-12-01,true,ASSUMPTION,-6
2024-10-01,2024-11-01,SKU004,CH04,DOWNSIDE,FV_DOWNSIDE_202411,2880,73543680.0,53853878.24,5316206.84,241315.2,FROZEN,true,2024-12-01,true,ASSUMPTION,14
2024-10-01,2024-11-01,SKU005,CH04,BASE,FV_BASE_202411,2060,50725440.0,34533727.23,3350550.53,143640.0,FROZEN,true,2024-12-01,true,ASSUMPTION,0
2024-10-01,2024-11-01,SKU005,CH04,UPSIDE,FV_UPSIDE_202411,2140,52695360.0,33869617.09,3350550.53,140767.2,FROZEN,true,2024-12-01,true,ASSUMPTION,-6
2024-10-01,2024-11-01,SKU005,CH04,DOWNSIDE,FV_DOWNSIDE_202411,1920,47278080.0,36194002.58,3417561.54,155131.2,FROZEN,true,2024-12-01,true,ASSUMPTION,14
2024-10-01,2024-11-01,SKU006,CH04,BASE,FV_BASE_202411,2060,56361600.0,35034216.03,3722833.92,159600.0,FROZEN,true,2024-12-01,true,ASSUMPTION,0
2024-10-01,2024-11-01,SKU006,CH04,UPSIDE,FV_UPSIDE_202411,2140,58550400.0,34360481.1,3722833.92,156408.0,FROZEN,true,2024-12-01,true,ASSUMPTION,-6
2024-10-01,2024-11-01,SKU006,CH04,DOWNSIDE,FV_DOWNSIDE_202411,1920,52531200.0,36718553.34,3797290.6,172368.0,FROZEN,true,2024-12-01,true,ASSUMPTION,14
2024-10-01,2024-11-01,SKU007,CH04,BASE,FV_BASE_202411,3090,64815840.0,52759861.04,4281259.01,183540.0,FROZEN,true,2024-12-01,true,ASSUMPTION,0
2024-10-01,2024-11-01,SKU007,CH04,UPSIDE,FV_UPSIDE_202411,3210,67332960.0,51745248.33,4281259.01,179869.2,FROZEN,true,2024-12-01,true,ASSUMPTION,-6
2024-10-01,2024-11-01,SKU007,CH04,DOWNSIDE,FV_DOWNSIDE_202411,2880,60410880.0,55296392.83,4366884.19,198223.2,FROZEN,true,2024-12-01,true,ASSUMPTION,14
2024-10-01,2024-11-01,SKU008,CH04,BASE,FV_BASE_202411,2060,46968000.0,36146413.37,3102361.6,133000.0,FROZEN,true,2024-12-01,true,ASSUMPTION,0
2024-10-01,2024-11-01,SKU008,CH04,UPSIDE,FV_UPSIDE_202411,2140,48792000.0,35451290.03,3102361.6,130340.0,FROZEN,true,2024-12-01,true,ASSUMPTION,-6
2024-10-01,2024-11-01,SKU008,CH04,DOWNSIDE,FV_DOWNSIDE_202411,1920,43776000.0,37884221.7,3164408.83,143640.0,FROZEN,true,2024-12-01,true,ASSUMPTION,14
2024-10-01,2024-11-01,SKU009,CH04,BASE,FV_BASE_202411,3090,59179680.0,50799613.25,3908975.62,167580.0,FROZEN,true,2024-12-01,true,ASSUMPTION,0
2024-10-01,2024-11-01,SKU009,CH04,UPSIDE,FV_UPSIDE_202411,3210,61477920.0,49822697.61,3908975.62,164228.4,FROZEN,true,2024-12-01,true,ASSUMPTION,-6
2024-10-01,2024-11-01,SKU009,CH04,DOWNSIDE,FV_DOWNSIDE_202411,2880,55157760.0,53241902.35,3987155.13,180986.4,FROZEN,true,2024-12-01,true,ASSUMPTION,14
2024-10-01,2024-11-01,SKU010,CH04,BASE,FV_BASE_202411,2060,45089280.0,33365920.03,2978267.14,127680.0,FROZEN,true,2024-12-01,true,ASSUMPTION,0
2024-10-01,2024-11-01,SKU010,CH04,UPSIDE,FV_UPSIDE_202411,2140,46840320.0,32724267.72,2978267.14,125126.4,FROZEN,true,2024-12-01,true,ASSUMPTION,-6
2024-10-01,2024-11-01,SKU010,CH04,DOWNSIDE,FV_DOWNSIDE_202411,1920,42024960.0,34970050.8,3037832.48,137894.4,FROZEN,true,2024-12-01,true,ASSUMPTION,14
2024-10-01,2024-11-01,SKU011,CH04,BASE,FV_BASE_202411,1030,32877600.0,14597590.01,2171653.12,93100.0,FROZEN,true,2024-12-01,true,ASSUMPTION,0
2024-10-01,2024-11-01,SKU011,CH04,UPSIDE,FV_UPSIDE_202411,1070,34154400.0,14316867.12,2171653.12,91238.0,FROZEN,true,2024-12-01,true,ASSUMPTION,-6
2024-10-01,2024-11-01,SKU011,CH04,DOWNSIDE,FV_DOWNSIDE_202411,960,30643200.0,15299397.22,2215086.18,100548.0,FROZEN,true,2024-12-01,true,ASSUMPTION,14
2024-10-01,2024-11-01,SKU012,CH04,BASE,FV_BASE_202411,2060,54482880.0,31447379.63,3598739.46,154280.0,FROZEN,true,2024-12-01,true,ASSUMPTION,0
2024-10-01,2024-11-01,SKU012,CH04,UPSIDE,FV_UPSIDE_202411,2140,56598720.0,30842622.33,3598739.46,151194.4,FROZEN,true,2024-12-01,true,ASSUMPTION,-6
2024-10-01,2024-11-01,SKU012,CH04,DOWNSIDE,FV_DOWNSIDE_202411,1920,50780160.0,32959272.88,3670714.25,166622.4,FROZEN,true,2024-12-01,true,ASSUMPTION,14
2024-10-01,2024-11-01,SKU001,CH05,BASE,FV_BASE_202411,3090,88509960.0,55775099.38,6287352.69,250635.0,FROZEN,true,2024-12-01,true,ASSUMPTION,0
2024-10-01,2024-11-01,SKU001,CH05,UPSIDE,FV_UPSIDE_202411,3210,91947240.0,54702501.31,6287352.69,245622.3,FROZEN,true,2024-12-01,true,ASSUMPTION,-6
2024-10-01,2024-11-01,SKU001,CH05,DOWNSIDE,FV_DOWNSIDE_202411,2880,82494720.0,58456594.54,6413099.74,270685.8,FROZEN,true,2024-12-01,true,ASSUMPTION,14
2024-10-01,2024-11-01,SKU002,CH05,BASE,FV_BASE_202411,2060,68523840.0,38862649.89,4867627.89,194040.0,FROZEN,true,2024-12-01,true,ASSUMPTION,0
2024-10-01,2024-11-01,SKU002,CH05,UPSIDE,FV_UPSIDE_202411,2140,71184960.0,38115291.24,4867627.89,190159.2,FROZEN,true,2024-12-01,true,ASSUMPTION,-6
2024-10-01,2024-11-01,SKU002,CH05,DOWNSIDE,FV_DOWNSIDE_202411,1920,63866880.0,40731046.52,4964980.45,209563.2,FROZEN,true,2024-12-01,true,ASSUMPTION,14
2024-10-01,2024-11-01,SKU003,CH05,BASE,FV_BASE_202411,2060,60910080.0,36463720.88,4326780.34,172480.0,FROZEN,true,2024-12-01,true,ASSUMPTION,0
2024-10-01,2024-11-01,SKU003,CH05,UPSIDE,FV_UPSIDE_202411,2140,63275520.0,35762495.48,4326780.34,169030.4,FROZEN,true,2024-12-01,true,ASSUMPTION,-6
2024-10-01,2024-11-01,SKU003,CH05,DOWNSIDE,FV_DOWNSIDE_202411,1920,56770560.0,38216784.39,4413315.95,186278.4,FROZEN,true,2024-12-01,true,ASSUMPTION,14
2024-10-01,2024-11-01,SKU004,CH05,BASE,FV_BASE_202411,3090,79944480.0,55415260.02,5678899.2,226380.0,FROZEN,true,2024-12-01,true,ASSUMPTION,0
2024-10-01,2024-11-01,SKU004,CH05,UPSIDE,FV_UPSIDE_202411,3210,83049120.0,54349581.95,5678899.2,221852.4,FROZEN,true,2024-12-01,true,ASSUMPTION,-6
2024-10-01,2024-11-01,SKU004,CH05,DOWNSIDE,FV_DOWNSIDE_202411,2880,74511360.0,58079455.22,5792477.18,244490.4,FROZEN,true,2024-12-01,true,ASSUMPTION,14
2024-10-01,2024-11-01,SKU005,CH05,BASE,FV_BASE_202411,3090,77089320.0,55865059.21,5476081.37,218295.0,FROZEN,true,2024-12-01,true,ASSUMPTION,0
2024-10-01,2024-11-01,SKU005,CH05,UPSIDE,FV_UPSIDE_202411,3210,80083080.0,54790731.15,5476081.37,213929.1,FROZEN,true,2024-12-01,true,ASSUMPTION,-6
2024-10-01,2024-11-01,SKU005,CH05,DOWNSIDE,FV_DOWNSIDE_202411,2880,71850240.0,58550879.37,5585603.0,235758.6,FROZEN,true,2024-12-01,true,ASSUMPTION,14
2024-10-01,2024-11-01,SKU006,CH05,BASE,FV_BASE_202411,2060,57103200.0,37783131.84,4056356.57,161700.0,FROZEN,true,2024-12-01,true,ASSUMPTION,0
2024-10-01,2024-11-01,SKU006,CH05,UPSIDE,FV_UPSIDE_202411,2140,59320800.0,37056533.15,4056356.57,158466.0,FROZEN,true,2024-12-01,true,ASSUMPTION,-6
2024-10-01,2024-11-01,SKU006,CH05,DOWNSIDE,FV_DOWNSIDE_202411,1920,53222400.0,39599628.56,4137483.7,174636.0,FROZEN,true,2024-12-01,true,ASSUMPTION,14
2024-10-01,2024-11-01,SKU007,CH05,BASE,FV_BASE_202411,3090,65668680.0,56899597.35,4664810.06,185955.0,FROZEN,true,2024-12-01,true,ASSUMPTION,0
2024-10-01,2024-11-01,SKU007,CH05,UPSIDE,FV_UPSIDE_202411,3210,68218920.0,55805374.33,4664810.06,182235.9,FROZEN,true,2024-12-01,true,ASSUMPTION,-6
2024-10-01,2024-11-01,SKU007,CH05,DOWNSIDE,FV_DOWNSIDE_202411,2880,61205760.0,59635154.92,4758106.26,200831.4,FROZEN,true,2024-12-01,true,ASSUMPTION,14
2024-10-01,2024-11-01,SKU008,CH05,BASE,FV_BASE_202411,3090,71379000.0,58473894.51,5070445.71,202125.0,FROZEN,true,2024-12-01,true,ASSUMPTION,0
2024-10-01,2024-11-01,SKU008,CH05,UPSIDE,FV_UPSIDE_202411,3210,74151000.0,57349396.54,5070445.71,198082.5,FROZEN,true,2024-12-01,true,ASSUMPTION,-6
2024-10-01,2024-11-01,SKU008,CH05,DOWNSIDE,FV_DOWNSIDE_202411,2880,66528000.0,61285139.44,5171854.62,218295.0,FROZEN,true,2024-12-01,true,ASSUMPTION,14
2024-10-01,2024-11-01,SKU009,CH05,BASE,FV_BASE_202411,3090,59958360.0,54785541.17,4259174.4,169785.0,FROZEN,true,2024-12-01,true,ASSUMPTION,0
2024-10-01,2024-11-01,SKU009,CH05,UPSIDE,FV_UPSIDE_202411,3210,62286840.0,53731973.07,4259174.4,166389.3,FROZEN,true,2024-12-01,true,ASSUMPTION,-6
2024-10-01,2024-11-01,SKU009,CH05,DOWNSIDE,FV_DOWNSIDE_202411,2880,55883520.0,57419461.42,4344357.89,183367.8,FROZEN,true,2024-12-01,true,ASSUMPTION,14
2024-10-01,2024-11-01,SKU010,CH05,BASE,FV_BASE_202411,3090,68523840.0,53975902.62,4867627.89,194040.0,FROZEN,true,2024-12-01,true,ASSUMPTION,0
2024-10-01,2024-11-01,SKU010,CH05,UPSIDE,FV_UPSIDE_202411,3210,71184960.0,52937904.5,4867627.89,190159.2,FROZEN,true,2024-12-01,true,ASSUMPTION,-6
2024-10-01,2024-11-01,SKU010,CH05,DOWNSIDE,FV_DOWNSIDE_202411,2880,63866880.0,56570897.94,4964980.45,209563.2,FROZEN,true,2024-12-01,true,ASSUMPTION,14
2024-10-01,2024-11-01,SKU011,CH05,BASE,FV_BASE_202411,1030,33310200.0,15742971.6,2366208.0,94325.0,FROZEN,true,2024-12-01,true,ASSUMPTION,0
2024-10-01,2024-11-01,SKU011,CH05,UPSIDE,FV_UPSIDE_202411,1070,34603800.0,15440222.14,2366208.0,92438.5,FROZEN,true,2024-12-01,true,ASSUMPTION,-6
2024-10-01,2024-11-01,SKU011,CH05,DOWNSIDE,FV_DOWNSIDE_202411,960,31046400.0,16499845.23,2413532.16,101871.0,FROZEN,true,2024-12-01,true,ASSUMPTION,14
2024-10-01,2024-11-01,SKU012,CH05,BASE,FV_BASE_202411,2060,55199760.0,33914858.81,3921144.69,156310.0,FROZEN,true,2024-12-01,true,ASSUMPTION,0
2024-10-01,2024-11-01,SKU012,CH05,UPSIDE,FV_UPSIDE_202411,2140,57343440.0,33262649.98,3921144.69,153183.8,FROZEN,true,2024-12-01,true,ASSUMPTION,-6
2024-10-01,2024-11-01,SKU012,CH05,DOWNSIDE,FV_DOWNSIDE_202411,1920,51448320.0,35545380.86,3999567.58,168814.8,FROZEN,true,2024-12-01,true,ASSUMPTION,14
2024-11-01,2024-12-01,SKU001,CH01,BASE,FV_BASE_202412,10300,304612200.0,180663599.53,7742775.65,862575.0,FROZEN,true,2025-01-01,true,ASSUMPTION,0
2024-11-01,2024-12-01,SKU001,CH01,UPSIDE,FV_UPSIDE_202412,10700,316441800.0,177189299.54,7742775.65,845323.5,FROZEN,true,2025-01-01,true,ASSUMPTION,-6
2024-11-01,2024-12-01,SKU001,CH01,DOWNSIDE,FV_DOWNSIDE_202412,9600,283910400.0,189349349.51,7897631.16,931581.0,FROZEN,true,2025-01-01,true,ASSUMPTION,14
2024-11-01,2024-12-01,SKU002,CH01,BASE,FV_BASE_202412,7210,247620240.0,132175820.56,6294127.3,701190.0,FROZEN,true,2025-01-01,true,ASSUMPTION,0
2024-11-01,2024-12-01,SKU002,CH01,UPSIDE,FV_UPSIDE_202412,7490,257236560.0,129633977.85,6294127.3,687166.2,FROZEN,true,2025-01-01,true,ASSUMPTION,-6
2024-11-01,2024-12-01,SKU002,CH01,DOWNSIDE,FV_DOWNSIDE_202412,6720,230791680.0,138530427.31,6420009.85,757285.2,FROZEN,true,2025-01-01,true,ASSUMPTION,14
2024-11-01,2024-12-01,SKU003,CH01,BASE,FV_BASE_202412,7210,220106880.0,124016819.28,5594779.83,623280.0,FROZEN,true,2025-01-01,true,ASSUMPTION,0
2024-11-01,2024-12-01,SKU003,CH01,UPSIDE,FV_UPSIDE_202412,7490,228654720.0,121631880.45,5594779.83,610814.4,FROZEN,true,2025-01-01,true,ASSUMPTION,-6
2024-11-01,2024-12-01,SKU003,CH01,DOWNSIDE,FV_DOWNSIDE_202412,6720,205148160.0,129979166.37,5706675.43,673142.4,FROZEN,true,2025-01-01,true,ASSUMPTION,14
2024-11-01,2024-12-01,SKU004,CH01,BASE,FV_BASE_202412,10300,275133600.0,179498027.91,6993474.78,779100.0,FROZEN,true,2025-01-01,true,ASSUMPTION,0
2024-11-01,2024-12-01,SKU004,CH01,UPSIDE,FV_UPSIDE_202412,10700,285818400.0,176046142.76,6993474.78,763518.0,FROZEN,true,2025-01-01,true,ASSUMPTION,-6
2024-11-01,2024-12-01,SKU004,CH01,DOWNSIDE,FV_DOWNSIDE_202412,9600,256435200.0,188127740.79,7133344.28,841428.0,FROZEN,true,2025-01-01,true,ASSUMPTION,14
2024-11-01,2024-12-01,SKU005,CH01,BASE,FV_BASE_202412,8240,212245920.0,144763993.94,5394966.26,601020.0,FROZEN,true,2025-01-01,true,ASSUMPTION,0
2024-11-01,2024-12-01,SKU005,CH01,UPSIDE,FV_UPSIDE_202412,8560,220488480.0,141980070.98,5394966.26,588999.6,FROZEN,true,2025-01-01,true,ASSUMPTION,-6
2024-11-01,2024-12-01,SKU005,CH01,DOWNSIDE,FV_DOWNSIDE_202412,7680,197821440.0,151723801.34,5502865.59,649101.6,FROZEN,true,2025-01-01,true,ASSUMPTION,14
2024-11-01,2024-12-01,SKU006,CH01,BASE,FV_BASE_202412,6180,176871600.0,110146517.14,4495805.22,500850.0,FROZEN,true,2025-01-01,true,ASSUMPTION,0
2024-11-01,2024-12-01,SKU006,CH01,UPSIDE,FV_UPSIDE_202412,6420,183740400.0,108028314.88,4495805.22,490833.0,FROZEN,true,2025-01-01,true,ASSUMPTION,-6
2024-11-01,2024-12-01,SKU006,CH01,DOWNSIDE,FV_DOWNSIDE_202412,5760,164851200.0,115442022.77,4585721.32,540918.0,FROZEN,true,2025-01-01,true,ASSUMPTION,14
2024-11-01,2024-12-01,SKU007,CH01,BASE,FV_BASE_202412,10300,226002600.0,184306010.81,5744640.0,639975.0,FROZEN,true,2025-01-01,true,ASSUMPTION,0
2024-11-01,2024-12-01,SKU007,CH01,UPSIDE,FV_UPSIDE_202412,10700,234779400.0,180761664.45,5744640.0,627175.5,FROZEN,true,2025-01-01,true,ASSUMPTION,-6
2024-11-01,2024-12-01,SKU007,CH01,DOWNSIDE,FV_DOWNSIDE_202412,9600,210643200.0,193166876.72,5859532.8,691173.0,FROZEN,true,2025-01-01,true,ASSUMPTION,14
2024-11-01,2024-12-01,SKU008,CH01,BASE,FV_BASE_202412,9270,221089500.0,170464847.95,5619756.52,626062.5,FROZEN,true,2025-01-01,true,ASSUMPTION,0
2024-11-01,2024-12-01,SKU008,CH01,UPSIDE,FV_UPSIDE_202412,9630,229675500.0,167186677.79,5619756.52,613541.25,FROZEN,true,2025-01-01,true,ASSUMPTION,-6
2024-11-01,2024-12-01,SKU008,CH01,DOWNSIDE,FV_DOWNSIDE_202412,8640,206064000.0,178660273.33,5732151.65,676147.5,FROZEN,true,2025-01-01,true,ASSUMPTION,14
2024-11-01,2024-12-01,SKU009,CH01,BASE,FV_BASE_202412,10300,206350200.0,177458277.6,5245106.09,584325.0,FROZEN,true,2025-01-01,true,ASSUMPTION,0
2024-11-01,2024-12-01,SKU009,CH01,UPSIDE,FV_UPSIDE_202412,10700,214363800.0,174045618.41,5245106.09,572638.5,FROZEN,true,2025-01-01,true,ASSUMPTION,-6
2024-11-01,2024-12-01,SKU009,CH01,DOWNSIDE,FV_DOWNSIDE_202412,9600,192326400.0,185989925.56,5350008.21,631071.0,FROZEN,true,2025-01-01,true,ASSUMPTION,14
2024-11-01,2024-12-01,SKU010,CH01,BASE,FV_BASE_202412,8240,188663040.0,139868593.19,4795525.57,534240.0,FROZEN,true,2025-01-01,true,ASSUMPTION,0
2024-11-01,2024-12-01,SKU010,CH01,UPSIDE,FV_UPSIDE_202412,8560,195989760.0,137178812.55,4795525.57,523555.2,FROZEN,true,2025-01-01,true,ASSUMPTION,-6
2024-11-01,2024-12-01,SKU010,CH01,DOWNSIDE,FV_DOWNSIDE_202412,7680,175841280.0,146593044.78,4891436.08,576979.2,FROZEN,true,2025-01-01,true,ASSUMPTION,14
2024-11-01,2024-12-01,SKU011,CH01,BASE,FV_BASE_202412,5150,171958500.0,76490636.89,4370921.74,486937.5,FROZEN,true,2025-01-01,true,ASSUMPTION,0
2024-11-01,2024-12-01,SKU011,CH01,UPSIDE,FV_UPSIDE_202412,5350,178636500.0,75019663.11,4370921.74,477198.75,FROZEN,true,2025-01-01,true,ASSUMPTION,-6
2024-11-01,2024-12-01,SKU011,CH01,DOWNSIDE,FV_DOWNSIDE_202412,4800,160272000.0,80168071.36,4458340.17,525892.5,FROZEN,true,2025-01-01,true,ASSUMPTION,14
2024-11-01,2024-12-01,SKU012,CH01,BASE,FV_BASE_202412,6180,170975880.0,98869611.81,4345945.04,484155.0,FROZEN,true,2025-01-01,true,ASSUMPTION,0
2024-11-01,2024-12-01,SKU012,CH01,UPSIDE,FV_UPSIDE_202412,6420,177615720.0,96968273.12,4345945.04,474471.9,FROZEN,true,2025-01-01,true,ASSUMPTION,-6
2024-11-01,2024-12-01,SKU012,CH01,DOWNSIDE,FV_DOWNSIDE_202412,5760,159356160.0,103622958.53,4432863.94,522887.4,FROZEN,true,2025-01-01,true,ASSUMPTION,14
2024-11-01,2024-12-01,SKU001,CH02,BASE,FV_BASE_202412,8240,243689760.0,143084784.28,9110446.98,690060.0,FROZEN,true,2025-01-01,true,ASSUMPTION,0
2024-11-01,2024-12-01,SKU001,CH02,UPSIDE,FV_UPSIDE_202412,8560,253153440.0,140333153.82,9110446.98,676258.8,FROZEN,true,2025-01-01,true,ASSUMPTION,-6
2024-11-01,2024-12-01,SKU001,CH02,DOWNSIDE,FV_DOWNSIDE_202412,7680,227128320.0,149963860.45,9292655.92,745264.8,FROZEN,true,2025-01-01,true,ASSUMPTION,14
2024-11-01,2024-12-01,SKU002,CH02,BASE,FV_BASE_202412,6180,212245920.0,112160008.32,7934905.43,601020.0,FROZEN,true,2025-01-01,true,ASSUMPTION,0
2024-11-01,2024-12-01,SKU002,CH02,UPSIDE,FV_UPSIDE_202412,6420,220488480.0,110003085.09,7934905.43,588999.6,FROZEN,true,2025-01-01,true,ASSUMPTION,-6
2024-11-01,2024-12-01,SKU002,CH02,DOWNSIDE,FV_DOWNSIDE_202412,5760,197821440.0,117552316.42,8093603.54,649101.6,FROZEN,true,2025-01-01,true,ASSUMPTION,14
2024-11-01,2024-12-01,SKU003,CH02,BASE,FV_BASE_202412,5150,157219200.0,87697125.85,5877707.73,445200.0,FROZEN,true,2025-01-01,true,ASSUMPTION,0
2024-11-01,2024-12-01,SKU003,CH02,UPSIDE,FV_UPSIDE_202412,5350,163324800.0,86010642.66,5877707.73,436296.0,FROZEN,true,2025-01-01,true,ASSUMPTION,-6
2024-11-01,2024-12-01,SKU003,CH02,DOWNSIDE,FV_DOWNSIDE_202412,4800,146534400.0,91913333.82,5995261.88,480816.0,FROZEN,true,2025-01-01,true,ASSUMPTION,14
2024-11-01,2024-12-01,SKU004,CH02,BASE,FV_BASE_202412,7210,192593520.0,124391449.56,7200191.97,545370.0,FROZEN,true,2025-01-01,true,ASSUMPTION,0
2024-11-01,2024-12-01,SKU004,CH02,UPSIDE,FV_UPSIDE_202412,7490,200072880.0,121999306.3,7200191.97,534462.6,FROZEN,true,2025-01-01,true,ASSUMPTION,-6
2024-11-01,2024-12-01,SKU004,CH02,DOWNSIDE,FV_DOWNSIDE_202412,6720,179504640.0,130371807.71,7344195.81,588999.6,FROZEN,true,2025-01-01,true,ASSUMPTION,14
2024-11-01,2024-12-01,SKU005,CH02,BASE,FV_BASE_202412,6180,159184440.0,107486674.65,5951179.07,450765.0,FROZEN,true,2025-01-01,true,ASSUMPTION,0
2024-11-01,2024-12-01,SKU005,CH02,UPSIDE,FV_UPSIDE_202412,6420,165366360.0,105419623.22,5951179.07,441749.7,FROZEN,true,2025-01-01,true,ASSUMPTION,-6
2024-11-01,2024-12-01,SKU005,CH02,DOWNSIDE,FV_DOWNSIDE_202412,5760,148366080.0,112654303.24,6070202.65,486826.2,FROZEN,true,2025-01-01,true,ASSUMPTION,14
2024-11-01,2024-12-01,SKU006,CH02,BASE,FV_BASE_202412,5150,147393000.0,90870377.11,5510350.99,417375.0,FROZEN,true,2025-01-01,true,ASSUMPTION,0
2024-11-01,2024-12-01,SKU006,CH02,UPSIDE,FV_UPSIDE_202412,5350,153117000.0,89122869.86,5510350.99,409027.5,FROZEN,true,2025-01-01,true,ASSUMPTION,-6
2024-11-01,2024-12-01,SKU006,CH02,DOWNSIDE,FV_DOWNSIDE_202412,4800,137376000.0,95239145.24,5620558.01,450765.0,FROZEN,true,2025-01-01,true,ASSUMPTION,14
2024-11-01,2024-12-01,SKU007,CH02,BASE,FV_BASE_202412,8240,180802080.0,145969558.17,6759363.89,511980.0,FROZEN,true,2025-01-01,true,ASSUMPTION,0
2024-11-01,2024-12-01,SKU007,CH02,UPSIDE,FV_UPSIDE_202412,8560,187823520.0,143162451.28,6759363.89,501740.4,FROZEN,true,2025-01-01,true,ASSUMPTION,-6
2024-11-01,2024-12-01,SKU007,CH02,DOWNSIDE,FV_DOWNSIDE_202412,7680,168514560.0,152987325.39,6894551.17,552938.4,FROZEN,true,2025-01-01,true,ASSUMPTION,14
2024-11-01,2024-12-01,SKU008,CH02,BASE,FV_BASE_202412,7210,171958500.0,131257211.39,6428742.83,486937.5,FROZEN,true,2025-01-01,true,ASSUMPTION,0
2024-11-01,2024-12-01,SKU008,CH02,UPSIDE,FV_UPSIDE_202412,7490,178636500.0,128733034.25,6428742.83,477198.75,FROZEN,true,2025-01-01,true,ASSUMPTION,-6
2024-11-01,2024-12-01,SKU008,CH02,DOWNSIDE,FV_DOWNSIDE_202412,6720,160272000.0,137567654.25,6557317.69,525892.5,FROZEN,true,2025-01-01,true,ASSUMPTION,14
2024-11-01,2024-12-01,SKU009,CH02,BASE,FV_BASE_202412,8240,165080160.0,140546183.27,6171593.11,467460.0,FROZEN,true,2025-01-01,true,ASSUMPTION,0
2024-11-01,2024-12-01,SKU009,CH02,UPSIDE,FV_UPSIDE_202412,8560,171491040.0,137843372.06,6171593.11,458110.8,FROZEN,true,2025-01-01,true,ASSUMPTION,-6
2024-11-01,2024-12-01,SKU009,CH02,DOWNSIDE,FV_DOWNSIDE_202412,7680,153861120.0,147303211.32,6295024.97,504856.8,FROZEN,true,2025-01-01,true,ASSUMPTION,14
2024-11-01,2024-12-01,SKU010,CH02,BASE,FV_BASE_202412,6180,141497280.0,103851859.56,5289936.95,400680.0,FROZEN,true,2025-01-01,true,ASSUMPTION,0
2024-11-01,2024-12-01,SKU010,CH02,UPSIDE,FV_UPSIDE_202412,6420,146992320.0,101854708.42,5289936.95,392666.4,FROZEN,true,2025-01-01,true,ASSUMPTION,-6
2024-11-01,2024-12-01,SKU010,CH02,DOWNSIDE,FV_DOWNSIDE_202412,5760,131880960.0,108844737.42,5395735.69,432734.4,FROZEN,true,2025-01-01,true,ASSUMPTION,14
2024-11-01,2024-12-01,SKU011,CH02,BASE,FV_BASE_202412,3090,103175100.0,45435188.56,3857245.7,292162.5,FROZEN,true,2025-01-01,true,ASSUMPTION,0
2024-11-01,2024-12-01,SKU011,CH02,UPSIDE,FV_UPSIDE_202412,3210,107181900.0,44561434.94,3857245.7,286319.25,FROZEN,true,2025-01-01,true,ASSUMPTION,-6
2024-11-01,2024-12-01,SKU011,CH02,DOWNSIDE,FV_DOWNSIDE_202412,2880,96163200.0,47619572.63,3934390.61,315535.5,FROZEN,true,2025-01-01,true,ASSUMPTION,14
2024-11-01,2024-12-01,SKU012,CH02,BASE,FV_BASE_202412,5150,142479900.0,81566981.37,5326672.63,403462.5,FROZEN,true,2025-01-01,true,ASSUMPTION,0
2024-11-01,2024-12-01,SKU012,CH02,UPSIDE,FV_UPSIDE_202412,5350,148013100.0,79998385.58,5326672.63,395393.25,FROZEN,true,2025-01-01,true,ASSUMPTION,-6
2024-11-01,2024-12-01,SKU012,CH02,DOWNSIDE,FV_DOWNSIDE_202412,4800,132796800.0,85488470.86,5433206.08,435739.5,FROZEN,true,2025-01-01,true,ASSUMPTION,14
2024-11-01,2024-12-01,SKU001,CH03,BASE,FV_BASE_202412,6180,177977820.0,116924503.22,4635259.59,503982.5,FROZEN,true,2025-01-01,true,ASSUMPTION,0
2024-11-01,2024-12-01,SKU001,CH03,UPSIDE,FV_UPSIDE_202412,6420,184889580.0,114675955.08,4635259.59,493902.85,FROZEN,true,2025-01-01,true,ASSUMPTION,-6
2024-11-01,2024-12-01,SKU001,CH03,DOWNSIDE,FV_DOWNSIDE_202412,5760,165882240.0,122545873.56,4727964.78,544301.1,FROZEN,true,2025-01-01,true,ASSUMPTION,14
2024-11-01,2024-12-01,SKU002,CH03,BASE,FV_BASE_202412,4120,137789280.0,81469976.43,3588588.07,390180.0,FROZEN,true,2025-01-01,true,ASSUMPTION,0
2024-11-01,2024-12-01,SKU002,CH03,UPSIDE,FV_UPSIDE_202412,4280,143140320.0,79903246.12,3588588.07,382376.4,FROZEN,true,2025-01-01,true,ASSUMPTION,-6
2024-11-01,2024-12-01,SKU002,CH03,DOWNSIDE,FV_DOWNSIDE_202412,3840,128424960.0,85386802.22,3660359.83,421394.4,FROZEN,true,2025-01-01,true,ASSUMPTION,14
2024-11-01,2024-12-01,SKU003,CH03,BASE,FV_BASE_202412,4120,122479360.0,76440965.55,3189856.06,346826.67,FROZEN,true,2025-01-01,true,ASSUMPTION,0
2024-11-01,2024-12-01,SKU003,CH03,UPSIDE,FV_UPSIDE_202412,4280,127235840.0,74970946.98,3189856.06,339890.13,FROZEN,true,2025-01-01,true,ASSUMPTION,-6
2024-11-01,2024-12-01,SKU003,CH03,DOWNSIDE,FV_DOWNSIDE_202412,3840,114155520.0,80116011.97,3253653.18,374572.8,FROZEN,true,2025-01-01,true,ASSUMPTION,14
2024-11-01,2024-12-01,SKU004,CH03,BASE,FV_BASE_202412,6180,160754160.0,116170151.58,4186686.08,455210.0,FROZEN,true,2025-01-01,true,ASSUMPTION,0
2024-11-01,2024-12-01,SKU004,CH03,UPSIDE,FV_UPSIDE_202412,6420,166997040.0,113936110.21,4186686.08,446105.8,FROZEN,true,2025-01-01,true,ASSUMPTION,-6
2024-11-01,2024-12-01,SKU004,CH03,DOWNSIDE,FV_DOWNSIDE_202412,5760,149829120.0,121755255.02,4270419.8,491626.8,FROZEN,true,2025-01-01,true,ASSUMPTION,14
2024-11-01,2024-12-01,SKU005,CH03,BASE,FV_BASE_202412,5150,129177450.0,97594242.61,3364301.31,365793.75,FROZEN,true,2025-01-01,true,ASSUMPTION,0
2024-11-01,2024-12-01,SKU005,CH03,UPSIDE,FV_UPSIDE_202412,5350,134194050.0,95717430.25,3364301.31,358477.88,FROZEN,true,2025-01-01,true,ASSUMPTION,-6
2024-11-01,2024-12-01,SKU005,CH03,DOWNSIDE,FV_DOWNSIDE_202412,4800,120398400.0,102286273.5,3431587.34,395057.25,FROZEN,true,2025-01-01,true,ASSUMPTION,14
2024-11-01,2024-12-01,SKU006,CH03,BASE,FV_BASE_202412,4120,114824400.0,79206921.53,2990490.06,325150.0,FROZEN,true,2025-01-01,true,ASSUMPTION,0
2024-11-01,2024-12-01,SKU006,CH03,UPSIDE,FV_UPSIDE_202412,4280,119283600.0,77683711.5,2990490.06,318647.0,FROZEN,true,2025-01-01,true,ASSUMPTION,-6
2024-11-01,2024-12-01,SKU006,CH03,DOWNSIDE,FV_DOWNSIDE_202412,3840,107020800.0,83014946.6,3050299.86,351162.0,FROZEN,true,2025-01-01,true,ASSUMPTION,14
2024-11-01,2024-12-01,SKU007,CH03,BASE,FV_BASE_202412,6180,132048060.0,119281852.07,3439063.57,373922.5,FROZEN,true,2025-01-01,true,ASSUMPTION,0
2024-11-01,2024-12-01,SKU007,CH03,UPSIDE,FV_UPSIDE_202412,6420,137176140.0,116987970.3,3439063.57,366444.05,FROZEN,true,2025-01-01,true,ASSUMPTION,-6
2024-11-01,2024-12-01,SKU007,CH03,DOWNSIDE,FV_DOWNSIDE_202412,5760,123073920.0,125016556.5,3507844.84,403836.3,FROZEN,true,2025-01-01,true,ASSUMPTION,14
2024-11-01,2024-12-01,SKU008,CH03,BASE,FV_BASE_202412,5150,119608750.0,102151783.72,3115093.81,338697.92,FROZEN,true,2025-01-01,true,ASSUMPTION,0
2024-11-01,2024-12-01,SKU008,CH03,UPSIDE,FV_UPSIDE_202412,5350,124253750.0,100187326.34,3115093.81,331923.96,FROZEN,true,2025-01-01,true,ASSUMPTION,-6
2024-11-01,2024-12-01,SKU008,CH03,DOWNSIDE,FV_DOWNSIDE_202412,4800,111480000.0,107062927.17,3177395.69,365793.75,FROZEN,true,2025-01-01,true,ASSUMPTION,14
2024-11-01,2024-12-01,SKU009,CH03,BASE,FV_BASE_202412,6180,120565620.0,114850036.23,3140014.56,341407.5,FROZEN,true,2025-01-01,true,ASSUMPTION,0
2024-11-01,2024-12-01,SKU009,CH03,UPSIDE,FV_UPSIDE_202412,6420,125247780.0,112641381.68,3140014.56,334579.35,FROZEN,true,2025-01-01,true,ASSUMPTION,-6
2024-11-01,2024-12-01,SKU009,CH03,DOWNSIDE,FV_DOWNSIDE_202412,5760,112371840.0,120371672.58,3202814.85,368720.1,FROZEN,true,2025-01-01,true,ASSUMPTION,14
2024-11-01,2024-12-01,SKU010,CH03,BASE,FV_BASE_202412,5150,114824400.0,94293954.21,2990490.06,325150.0,FROZEN,true,2025-01-01,true,ASSUMPTION,0
2024-11-01,2024-12-01,SKU010,CH03,UPSIDE,FV_UPSIDE_202412,5350,119283600.0,92480608.93,2990490.06,318647.0,FROZEN,true,2025-01-01,true,ASSUMPTION,-6
2024-11-01,2024-12-01,SKU010,CH03,DOWNSIDE,FV_DOWNSIDE_202412,4800,107020800.0,98827317.39,3050299.86,351162.0,FROZEN,true,2025-01-01,true,ASSUMPTION,14
2024-11-01,2024-12-01,SKU011,CH03,BASE,FV_BASE_202412,3090,100471350.0,49504325.96,2616678.8,284506.25,FROZEN,true,2025-01-01,true,ASSUMPTION,0
2024-11-01,2024-12-01,SKU011,CH03,UPSIDE,FV_UPSIDE_202412,3210,104373150.0,48552319.69,2616678.8,278816.13,FROZEN,true,2025-01-01,true,ASSUMPTION,-6
2024-11-01,2024-12-01,SKU011,CH03,DOWNSIDE,FV_DOWNSIDE_202412,2880,93643200.0,51884341.63,2669012.38,307266.75,FROZEN,true,2025-01-01,true,ASSUMPTION,14
2024-11-01,2024-12-01,SKU012,CH03,BASE,FV_BASE_202412,4120,110996920.0,71097641.46,2890807.06,314311.67,FROZEN,true,2025-01-01,true,ASSUMPTION,0
2024-11-01,2024-12-01,SKU012,CH03,UPSIDE,FV_UPSIDE_202412,4280,115307480.0,69730379.13,2890807.06,308025.43,FROZEN,true,2025-01-01,true,ASSUMPTION,-6
2024-11-01,2024-12-01,SKU012,CH03,DOWNSIDE,FV_DOWNSIDE_202412,3840,103453440.0,74515797.3,2948623.2,339456.6,FROZEN,true,2025-01-01,true,ASSUMPTION,14
2024-11-01,2024-12-01,SKU001,CH04,BASE,FV_BASE_202412,3090,90234180.0,54498910.25,2351923.2,255517.5,FROZEN,true,2025-01-01,true,ASSUMPTION,0
2024-11-01,2024-12-01,SKU001,CH04,UPSIDE,FV_UPSIDE_202412,3210,93738420.0,53450854.29,2351923.2,250407.15,FROZEN,true,2025-01-01,true,ASSUMPTION,-6
2024-11-01,2024-12-01,SKU001,CH04,DOWNSIDE,FV_DOWNSIDE_202412,2880,84101760.0,57119050.17,2398961.66,275958.9,FROZEN,true,2025-01-01,true,ASSUMPTION,14
2024-11-01,2024-12-01,SKU002,CH04,BASE,FV_BASE_202412,2060,69858720.0,37973434.24,1820843.77,197820.0,FROZEN,true,2025-01-01,true,ASSUMPTION,0
2024-11-01,2024-12-01,SKU002,CH04,UPSIDE,FV_UPSIDE_202412,2140,72571680.0,37243175.89,1820843.77,193863.6,FROZEN,true,2025-01-01,true,ASSUMPTION,-6
2024-11-01,2024-12-01,SKU002,CH04,DOWNSIDE,FV_DOWNSIDE_202412,1920,65111040.0,39799080.12,1857260.65,213645.6,FROZEN,true,2025-01-01,true,ASSUMPTION,14
2024-11-01,2024-12-01,SKU003,CH04,BASE,FV_BASE_202412,2060,62096640.0,35629395.09,1618527.79,175840.0,FROZEN,true,2025-01-01,true,ASSUMPTION,0
2024-11-01,2024-12-01,SKU003,CH04,UPSIDE,FV_UPSIDE_202412,2140,64508160.0,34944214.41,1618527.79,172323.2,FROZEN,true,2025-01-01,true,ASSUMPTION,-6
2024-11-01,2024-12-01,SKU003,CH04,DOWNSIDE,FV_DOWNSIDE_202412,1920,57876480.0,37342346.78,1650898.35,189907.2,FROZEN,true,2025-01-01,true,ASSUMPTION,14
2024-11-01,2024-12-01,SKU004,CH04,BASE,FV_BASE_202412,3090,81501840.0,54147304.38,2124317.73,230790.0,FROZEN,true,2025-01-01,true,ASSUMPTION,0
2024-11-01,2024-12-01,SKU004,CH04,UPSIDE,FV_UPSIDE_202412,3210,84666960.0,53106010.06,2124317.73,226174.2,FROZEN,true,2025-01-01,true,ASSUMPTION,-6
2024-11-01,2024-12-01,SKU004,CH04,DOWNSIDE,FV_DOWNSIDE_202412,2880,75962880.0,56750540.17,2166804.08,249253.2,FROZEN,true,2025-01-01,true,ASSUMPTION,14
2024-11-01,2024-12-01,SKU005,CH04,BASE,FV_BASE_202412,2060,52394040.0,36391207.82,1365632.83,148365.0,FROZEN,true,2025-01-01,true,ASSUMPTION,0
2024-11-01,2024-12-01,SKU005,CH04,UPSIDE,FV_UPSIDE_202412,2140,54428760.0,35691376.9,1365632.83,145397.7,FROZEN,true,2025-01-01,true,ASSUMPTION,-6
2024-11-01,2024-12-01,SKU005,CH04,DOWNSIDE,FV_DOWNSIDE_202412,1920,48833280.0,38140785.12,1392945.49,160234.2,FROZEN,true,2025-01-01,true,ASSUMPTION,14
2024-11-01,2024-12-01,SKU006,CH04,BASE,FV_BASE_202412,2060,58215600.0,36918616.62,1517369.81,164850.0,FROZEN,true,2025-01-01,true,ASSUMPTION,0
2024-11-01,2024-12-01,SKU006,CH04,UPSIDE,FV_UPSIDE_202412,2140,60476400.0,36208643.23,1517369.81,161553.0,FROZEN,true,2025-01-01,true,ASSUMPTION,-6
2024-11-01,2024-12-01,SKU006,CH04,DOWNSIDE,FV_DOWNSIDE_202412,1920,54259200.0,38693550.11,1547717.21,178038.0,FROZEN,true,2025-01-01,true,ASSUMPTION,14
2024-11-01,2024-12-01,SKU007,CH04,BASE,FV_BASE_202412,3090,66947940.0,55597678.6,1744975.28,189577.5,FROZEN,true,2025-01-01,true,ASSUMPTION,0
2024-11-01,2024-12-01,SKU007,CH04,UPSIDE,FV_UPSIDE_202412,3210,69547860.0,54528492.48,1744975.28,185785.95,FROZEN,true,2025-01-01,true,ASSUMPTION,-6
2024-11-01,2024-12-01,SKU007,CH04,DOWNSIDE,FV_DOWNSIDE_202412,2880,62398080.0,58270643.92,1779874.79,204743.7,FROZEN,true,2025-01-01,true,ASSUMPTION,14
2024-11-01,2024-12-01,SKU008,CH04,BASE,FV_BASE_202412,3090,72769500.0,57135954.3,1896712.26,206062.5,FROZEN,true,2025-01-01,true,ASSUMPTION,0
2024-11-01,2024-12-01,SKU008,CH04,UPSIDE,FV_UPSIDE_202412,3210,75595500.0,56037185.95,1896712.26,201941.25,FROZEN,true,2025-01-01,true,ASSUMPTION,-6
2024-11-01,2024-12-01,SKU008,CH04,DOWNSIDE,FV_DOWNSIDE_202412,2880,67824000.0,59882875.18,1934646.51,222547.5,FROZEN,true,2025-01-01,true,ASSUMPTION,14
2024-11-01,2024-12-01,SKU009,CH04,BASE,FV_BASE_202412,3090,61126380.0,53531994.11,1593238.3,173092.5,FROZEN,true,2025-01-01,true,ASSUMPTION,0
2024-11-01,2024-12-01,SKU009,CH04,UPSIDE,FV_UPSIDE_202412,3210,63500220.0,52502532.69,1593238.3,169630.65,FROZEN,true,2025-01-01,true,ASSUMPTION,-6
2024-11-01,2024-12-01,SKU009,CH04,DOWNSIDE,FV_DOWNSIDE_202412,2880,56972160.0,56105647.67,1625103.07,186939.9,FROZEN,true,2025-01-01,true,ASSUMPTION,14
2024-11-01,2024-12-01,SKU010,CH04,BASE,FV_BASE_202412,2060,46572480.0,35160587.26,1213895.85,131880.0,FROZEN,true,2025-01-01,true,ASSUMPTION,0
2024-11-01,2024-12-01,SKU010,CH04,UPSIDE,FV_UPSIDE_202412,2140,48381120.0,34484422.12,1213895.85,129242.4,FROZEN,true,2025-01-01,true,ASSUMPTION,-6
2024-11-01,2024-12-01,SKU010,CH04,DOWNSIDE,FV_DOWNSIDE_202412,1920,43407360.0,36851000.11,1238173.77,142430.4,FROZEN,true,2025-01-01,true,ASSUMPTION,14
2024-11-01,2024-12-01,SKU011,CH04,BASE,FV_BASE_202412,1030,33959100.0,15382756.93,885132.39,96162.5,FROZEN,true,2025-01-01,true,ASSUMPTION,0
2024-11-01,2024-12-01,SKU011,CH04,UPSIDE,FV_UPSIDE_202412,1070,35277900.0,15086934.68,885132.39,94239.25,FROZEN,true,2025-01-01,true,ASSUMPTION,-6
2024-11-01,2024-12-01,SKU011,CH04,DOWNSIDE,FV_DOWNSIDE_202412,960,31651200.0,16122312.55,902835.04,103855.5,FROZEN,true,2025-01-01,true,ASSUMPTION,14
2024-11-01,2024-12-01,SKU012,CH04,BASE,FV_BASE_202412,2060,56275080.0,33138853.51,1466790.81,159355.0,FROZEN,true,2025-01-01,true,ASSUMPTION,0
2024-11-01,2024-12-01,SKU012,CH04,UPSIDE,FV_UPSIDE_202412,2140,58460520.0,32501567.86,1466790.81,156167.9,FROZEN,true,2025-01-01,true,ASSUMPTION,-6
2024-11-01,2024-12-01,SKU012,CH04,DOWNSIDE,FV_DOWNSIDE_202412,1920,52450560.0,34732067.62,1496126.63,172103.4,FROZEN,true,2025-01-01,true,ASSUMPTION,14
2024-11-01,2024-12-01,SKU001,CH05,BASE,FV_BASE_202412,4120,121844880.0,69945504.87,3000395.85,345030.0,FROZEN,true,2025-01-01,true,ASSUMPTION,0
2024-11-01,2024-12-01,SKU001,CH05,UPSIDE,FV_UPSIDE_202412,4280,126576720.0,68600399.0,3000395.85,338129.4,FROZEN,true,2025-01-01,true,ASSUMPTION,-6
2024-11-01,2024-12-01,SKU001,CH05,DOWNSIDE,FV_DOWNSIDE_202412,3840,113564160.0,73308269.52,3060403.77,372632.4,FROZEN,true,2025-01-01,true,ASSUMPTION,14
2024-11-01,2024-12-01,SKU002,CH05,BASE,FV_BASE_202412,3090,106122960.0,54828250.59,2613248.0,300510.0,FROZEN,true,2025-01-01,true,ASSUMPTION,0
2024-11-01,2024-12-01,SKU002,CH05,UPSIDE,FV_UPSIDE_202412,3210,110244240.0,53773861.15,2613248.0,294499.8,FROZEN,true,2025-01-01,true,ASSUMPTION,-6
2024-11-01,2024-12-01,SKU002,CH05,DOWNSIDE,FV_DOWNSIDE_202412,2880,98910720.0,57464224.17,2665512.96,324550.8,FROZEN,true,2025-01-01,true,ASSUMPTION,14
2024-11-01,2024-12-01,SKU003,CH05,BASE,FV_BASE_202412,2060,62887680.0,34295860.46,1548591.41,178080.0,FROZEN,true,2025-01-01,true,ASSUMPTION,0
2024-11-01,2024-12-01,SKU003,CH05,UPSIDE,FV_UPSIDE_202412,2140,65329920.0,33636324.68,1548591.41,174518.4,FROZEN,true,2025-01-01,true,ASSUMPTION,-6
2024-11-01,2024-12-01,SKU003,CH05,DOWNSIDE,FV_DOWNSIDE_202412,1920,58613760.0,35944699.9,1579563.24,192326.4,FROZEN,true,2025-01-01,true,ASSUMPTION,14
2024-11-01,2024-12-01,SKU004,CH05,BASE,FV_BASE_202412,3090,82540080.0,52120682.66,2032526.22,233730.0,FROZEN,true,2025-01-01,true,ASSUMPTION,0
2024-11-01,2024-12-01,SKU004,CH05,UPSIDE,FV_UPSIDE_202412,3210,85745520.0,51118361.84,2032526.22,229055.4,FROZEN,true,2025-01-01,true,ASSUMPTION,-6
2024-11-01,2024-12-01,SKU004,CH05,DOWNSIDE,FV_DOWNSIDE_202412,2880,76930560.0,54626484.71,2073176.74,252428.4,FROZEN,true,2025-01-01,true,ASSUMPTION,14
2024-11-01,2024-12-01,SKU005,CH05,BASE,FV_BASE_202412,3090,79592220.0,52543740.15,1959936.0,225382.5,FROZEN,true,2025-01-01,true,ASSUMPTION,0
2024-11-01,2024-12-01,SKU005,CH05,UPSIDE,FV_UPSIDE_202412,3210,82683180.0,51533283.61,1959936.0,220874.85,FROZEN,true,2025-01-01,true,ASSUMPTION,-6
2024-11-01,2024-12-01,SKU005,CH05,DOWNSIDE,FV_DOWNSIDE_202412,2880,74183040.0,55069881.51,1999134.72,243413.1,FROZEN,true,2025-01-01,true,ASSUMPTION,14
2024-11-01,2024-12-01,SKU006,CH05,BASE,FV_BASE_202412,2060,58957200.0,35536829.09,1451804.44,166950.0,FROZEN,true,2025-01-01,true,ASSUMPTION,0
2024-11-01,2024-12-01,SKU006,CH05,UPSIDE,FV_UPSIDE_202412,2140,61246800.0,34853428.53,1451804.44,163611.0,FROZEN,true,2025-01-01,true,ASSUMPTION,-6
2024-11-01,2024-12-01,SKU006,CH05,DOWNSIDE,FV_DOWNSIDE_202412,1920,54950400.0,37245330.49,1480840.53,180306.0,FROZEN,true,2025-01-01,true,ASSUMPTION,14
2024-11-01,2024-12-01,SKU007,CH05,BASE,FV_BASE_202412,4120,90401040.0,71355696.5,2226100.15,255990.0,FROZEN,true,2025-01-01,true,ASSUMPTION,0
2024-11-01,2024-12-01,SKU007,CH05,UPSIDE,FV_UPSIDE_202412,4280,93911760.0,69983471.56,2226100.15,250870.2,FROZEN,true,2025-01-01,true,ASSUMPTION,-6
2024-11-01,2024-12-01,SKU007,CH05,DOWNSIDE,FV_DOWNSIDE_202412,3840,84257280.0,74786258.83,2270622.15,276469.2,FROZEN,true,2025-01-01,true,ASSUMPTION,14
2024-11-01,2024-12-01,SKU008,CH05,BASE,FV_BASE_202412,3090,73696500.0,54997473.59,1814755.56,208687.5,FROZEN,true,2025-01-01,true,ASSUMPTION,0
2024-11-01,2024-12-01,SKU008,CH05,UPSIDE,FV_UPSIDE_202412,3210,76558500.0,53939829.86,1814755.56,204513.75,FROZEN,true,2025-01-01,true,ASSUMPTION,-6
2024-11-01,2024-12-01,SKU008,CH05,DOWNSIDE,FV_DOWNSIDE_202412,2880,68688000.0,57641582.89,1851050.67,225382.5,FROZEN,true,2025-01-01,true,ASSUMPTION,14
2024-11-01,2024-12-01,SKU009,CH05,BASE,FV_BASE_202412,4120,82540080.0,68704536.23,2032526.22,233730.0,FROZEN,true,2025-01-01,true,ASSUMPTION,0
2024-11-01,2024-12-01,SKU009,CH05,UPSIDE,FV_UPSIDE_202412,4280,85745520.0,67383295.15,2032526.22,229055.4,FROZEN,true,2025-01-01,true,ASSUMPTION,-6
2024-11-01,2024-12-01,SKU009,CH05,DOWNSIDE,FV_DOWNSIDE_202412,3840,76930560.0,72007638.94,2073176.74,252428.4,FROZEN,true,2025-01-01,true,ASSUMPTION,14
2024-11-01,2024-12-01,SKU010,CH05,BASE,FV_BASE_202412,3090,70748640.0,50766898.7,1742165.33,200340.0,FROZEN,true,2025-01-01,true,ASSUMPTION,0
2024-11-01,2024-12-01,SKU010,CH05,UPSIDE,FV_UPSIDE_202412,3210,73496160.0,49790612.18,1742165.33,196333.2,FROZEN,true,2025-01-01,true,ASSUMPTION,-6
2024-11-01,2024-12-01,SKU010,CH05,DOWNSIDE,FV_DOWNSIDE_202412,2880,65940480.0,53207614.98,1777008.64,216367.2,FROZEN,true,2025-01-01,true,ASSUMPTION,14
2024-11-01,2024-12-01,SKU011,CH05,BASE,FV_BASE_202412,2060,68783400.0,29614024.24,1693771.85,194775.0,FROZEN,true,2025-01-01,true,ASSUMPTION,0
2024-11-01,2024-12-01,SKU011,CH05,UPSIDE,FV_UPSIDE_202412,2140,71454600.0,29044523.78,1693771.85,190879.5,FROZEN,true,2025-01-01,true,ASSUMPTION,-6
2024-11-01,2024-12-01,SKU011,CH05,DOWNSIDE,FV_DOWNSIDE_202412,1920,64108800.0,31037775.41,1727647.29,210357.0,FROZEN,true,2025-01-01,true,ASSUMPTION,14
2024-11-01,2024-12-01,SKU012,CH05,BASE,FV_BASE_202412,2060,56991960.0,31898534.68,1403410.96,161385.0,FROZEN,true,2025-01-01,true,ASSUMPTION,0
2024-11-01,2024-12-01,SKU012,CH05,UPSIDE,FV_UPSIDE_202412,2140,59205240.0,31285101.32,1403410.96,158157.3,FROZEN,true,2025-01-01,true,ASSUMPTION,-6
2024-11-01,2024-12-01,SKU012,CH05,DOWNSIDE,FV_DOWNSIDE_202412,1920,53118720.0,33432118.08,1431479.18,174295.8,FROZEN,true,2025-01-01,true,ASSUMPTION,14
2024-12-01,2025-01-01,SKU001,CH01,BASE,FV_BASE_202501,8240,243689760.0,143950074.13,6159026.09,690060.0,FROZEN,true,2025-02-01,true,ASSUMPTION,0
2024-12-01,2025-01-01,SKU001,CH01,UPSIDE,FV_UPSIDE_202501,8560,253153440.0,141181803.48,6159026.09,676258.8,FROZEN,true,2025-02-01,true,ASSUMPTION,-6
2024-12-01,2025-01-01,SKU001,CH01,DOWNSIDE,FV_DOWNSIDE_202501,7680,227128320.0,150870750.77,6282206.61,745264.8,FROZEN,true,2025-02-01,true,ASSUMPTION,14
2024-12-01,2025-01-01,SKU002,CH01,BASE,FV_BASE_202501,6180,212245920.0,112838283.92,5364313.04,601020.0,FROZEN,true,2025-02-01,true,ASSUMPTION,0
2024-12-01,2025-01-01,SKU002,CH01,UPSIDE,FV_UPSIDE_202501,6420,220488480.0,110668316.92,5364313.04,588999.6,FROZEN,true,2025-02-01,true,ASSUMPTION,-6
2024-12-01,2025-01-01,SKU002,CH01,DOWNSIDE,FV_DOWNSIDE_202501,5760,197821440.0,118263201.41,5471599.3,649101.6,FROZEN,true,2025-02-01,true,ASSUMPTION,14
2024-12-01,2025-01-01,SKU003,CH01,BASE,FV_BASE_202501,5150,157219200.0,88227464.79,3973565.22,445200.0,FROZEN,true,2025-02-01,true,ASSUMPTION,0
2024-12-01,2025-01-01,SKU003,CH01,UPSIDE,FV_UPSIDE_202501,5350,163324800.0,86530782.78,3973565.22,436296.0,FROZEN,true,2025-02-01,true,ASSUMPTION,-6
2024-12-01,2025-01-01,SKU003,CH01,DOWNSIDE,FV_DOWNSIDE_202501,4800,146534400.0,92469169.83,4053036.52,480816.0,FROZEN,true,2025-02-01,true,ASSUMPTION,14
2024-12-01,2025-01-01,SKU004,CH01,BASE,FV_BASE_202501,8240,220106880.0,143021363.98,5562991.3,623280.0,FROZEN,true,2025-02-01,true,ASSUMPTION,0
2024-12-01,2025-01-01,SKU004,CH01,UPSIDE,FV_UPSIDE_202501,8560,228654720.0,140270953.14,5562991.3,610814.4,FROZEN,true,2025-02-01,true,ASSUMPTION,-6
2024-12-01,2025-01-01,SKU004,CH01,DOWNSIDE,FV_DOWNSIDE_202501,7680,205148160.0,149897391.1,5674251.13,673142.4,FROZEN,true,2025-02-01,true,ASSUMPTION,14
2024-12-01,2025-01-01,SKU005,CH01,BASE,FV_BASE_202501,6180,159184440.0,108136688.75,4023234.78,450765.0,FROZEN,true,2025-02-01,true,ASSUMPTION,0
2024-12-01,2025-01-01,SKU005,CH01,UPSIDE,FV_UPSIDE_202501,6420,165366360.0,106057137.05,4023234.78,441749.7,FROZEN,true,2025-02-01,true,ASSUMPTION,-6
2024-12-01,2025-01-01,SKU005,CH01,DOWNSIDE,FV_DOWNSIDE_202501,5760,148366080.0,113335568.02,4103699.48,486826.2,FROZEN,true,2025-02-01,true,ASSUMPTION,14
2024-12-01,2025-01-01,SKU006,CH01,BASE,FV_BASE_202501,5150,147393000.0,91419905.96,3725217.39,417375.0,FROZEN,true,2025-02-01,true,ASSUMPTION,0
2024-12-01,2025-01-01,SKU006,CH01,UPSIDE,FV_UPSIDE_202501,5350,153117000.0,89661830.84,3725217.39,409027.5,FROZEN,true,2025-02-01,true,ASSUMPTION,-6
2024-12-01,2025-01-01,SKU006,CH01,DOWNSIDE,FV_DOWNSIDE_202501,4800,137376000.0,95815093.75,3799721.74,450765.0,FROZEN,true,2025-02-01,true,ASSUMPTION,14
2024-12-01,2025-01-01,SKU007,CH01,BASE,FV_BASE_202501,8240,180802080.0,146852293.37,4569600.0,511980.0,FROZEN,true,2025-02-01,true,ASSUMPTION,0
2024-12-01,2025-01-01,SKU007,CH01,UPSIDE,FV_UPSIDE_202501,8560,187823520.0,144028210.8,4569600.0,501740.4,FROZEN,true,2025-02-01,true,ASSUMPTION,-6
2024-12-01,2025-01-01,SKU007,CH01,DOWNSIDE,FV_DOWNSIDE_202501,7680,168514560.0,153912499.78,4660992.0,552938.4,FROZEN,true,2025-02-01,true,ASSUMPTION,14
2024-12-01,2025-01-01,SKU008,CH01,BASE,FV_BASE_202501,7210,171958500.0,132050975.26,4346086.96,486937.5,FROZEN,true,2025-02-01,true,ASSUMPTION,0
2024-12-01,2025-01-01,SKU008,CH01,UPSIDE,FV_UPSIDE_202501,7490,178636500.0,129511533.43,4346086.96,477198.75,FROZEN,true,2025-02-01,true,ASSUMPTION,-6
2024-12-01,2025-01-01,SKU008,CH01,DOWNSIDE,FV_DOWNSIDE_202501,6720,160272000.0,138399579.84,4433008.7,525892.5,FROZEN,true,2025-02-01,true,ASSUMPTION,14
2024-12-01,2025-01-01,SKU009,CH01,BASE,FV_BASE_202501,8240,165080160.0,141396121.2,4172243.48,467460.0,FROZEN,true,2025-02-01,true,ASSUMPTION,0
2024-12-01,2025-01-01,SKU009,CH01,UPSIDE,FV_UPSIDE_202501,8560,171491040.0,138676965.03,4172243.48,458110.8,FROZEN,true,2025-02-01,true,ASSUMPTION,-6
2024-12-01,2025-01-01,SKU009,CH01,DOWNSIDE,FV_DOWNSIDE_202501,7680,153861120.0,148194011.65,4255688.35,504856.8,FROZEN,true,2025-02-01,true,ASSUMPTION,14
2024-12-01,2025-01-01,SKU010,CH01,BASE,FV_BASE_202501,6180,141497280.0,104479892.51,3576208.7,400680.0,FROZEN,true,2025-02-01,true,ASSUMPTION,0
2024-12-01,2025-01-01,SKU010,CH01,UPSIDE,FV_UPSIDE_202501,6420,146992320.0,102470663.81,3576208.7,392666.4,FROZEN,true,2025-02-01,true,ASSUMPTION,-6
2024-12-01,2025-01-01,SKU010,CH01,DOWNSIDE,FV_DOWNSIDE_202501,5760,131880960.0,109502964.27,3647732.87,432734.4,FROZEN,true,2025-02-01,true,ASSUMPTION,14
2024-12-01,2025-01-01,SKU011,CH01,BASE,FV_BASE_202501,4120,137566800.0,60946603.97,3476869.57,389550.0,FROZEN,true,2025-02-01,true,ASSUMPTION,0
2024-12-01,2025-01-01,SKU011,CH01,UPSIDE,FV_UPSIDE_202501,4280,142909200.0,59774553.9,3476869.57,381759.0,FROZEN,true,2025-02-01,true,ASSUMPTION,-6
2024-12-01,2025-01-01,SKU011,CH01,DOWNSIDE,FV_DOWNSIDE_202501,3840,128217600.0,63876729.16,3546406.96,420714.0,FROZEN,true,2025-02-01,true,ASSUMPTION,14
2024-12-01,2025-01-01,SKU012,CH01,BASE,FV_BASE_202501,5150,142479900.0,82060248.94,3601043.48,403462.5,FROZEN,true,2025-02-01,true,ASSUMPTION,0
2024-12-01,2025-01-01,SKU012,CH01,UPSIDE,FV_UPSIDE_202501,5350,148013100.0,80482167.23,3601043.48,395393.25,FROZEN,true,2025-02-01,true,ASSUMPTION,-6
2024-12-01,2025-01-01,SKU012,CH01,DOWNSIDE,FV_DOWNSIDE_202501,4800,132796800.0,86005453.22,3673064.35,435739.5,FROZEN,true,2025-02-01,true,ASSUMPTION,14
2024-12-01,2025-01-01,SKU001,CH02,BASE,FV_BASE_202501,6180,182767320.0,108301935.97,6866723.75,517545.0,FROZEN,true,2025-02-01,true,ASSUMPTION,0
2024-12-01,2025-01-01,SKU001,CH02,UPSIDE,FV_UPSIDE_202501,6420,189865080.0,106219206.43,6866723.75,507194.1,FROZEN,true,2025-02-01,true,ASSUMPTION,-6
2024-12-01,2025-01-01,SKU001,CH02,DOWNSIDE,FV_DOWNSIDE_202501,5760,170346240.0,113508759.81,7004058.23,558948.6,FROZEN,true,2025-02-01,true,ASSUMPTION,14
2024-12-01,2025-01-01,SKU002,CH02,BASE,FV_BASE_202501,4120,141497280.0,75461994.09,5316173.23,400680.0,FROZEN,true,2025-02-01,true,ASSUMPTION,0
2024-12-01,2025-01-01,SKU002,CH02,UPSIDE,FV_UPSIDE_202501,4280,146992320.0,74010801.89,5316173.23,392666.4,FROZEN,true,2025-02-01,true,ASSUMPTION,-6
2024-12-01,2025-01-01,SKU002,CH02,DOWNSIDE,FV_DOWNSIDE_202501,3840,131880960.0,79089974.57,5422496.69,432734.4,FROZEN,true,2025-02-01,true,ASSUMPTION,14
2024-12-01,2025-01-01,SKU003,CH02,BASE,FV_BASE_202501,4120,125775360.0,70803846.31,4725487.31,356160.0,FROZEN,true,2025-02-01,true,ASSUMPTION,0
2024-12-01,2025-01-01,SKU003,CH02,UPSIDE,FV_UPSIDE_202501,4280,130659840.0,69442233.88,4725487.31,349036.8,FROZEN,true,2025-02-01,true,ASSUMPTION,-6
2024-12-01,2025-01-01,SKU003,CH02,DOWNSIDE,FV_DOWNSIDE_202501,3840,117227520.0,74207877.38,4819997.06,384652.8,FROZEN,true,2025-02-01,true,ASSUMPTION,14
2024-12-01,2025-01-01,SKU004,CH02,BASE,FV_BASE_202501,6180,165080160.0,107603213.8,6202202.1,467460.0,FROZEN,true,2025-02-01,true,ASSUMPTION,0
2024-12-01,2025-01-01,SKU004,CH02,UPSIDE,FV_UPSIDE_202501,6420,171491040.0,105533921.22,6202202.1,458110.8,FROZEN,true,2025-02-01,true,ASSUMPTION,-6
2024-12-01,2025-01-01,SKU004,CH02,DOWNSIDE,FV_DOWNSIDE_202501,5760,153861120.0,112776445.23,6326246.14,504856.8,FROZEN,true,2025-02-01,true,ASSUMPTION,14
2024-12-01,2025-01-01,SKU005,CH02,BASE,FV_BASE_202501,5150,132653700.0,90397180.42,4983912.4,375637.5,FROZEN,true,2025-02-01,true,ASSUMPTION,0
2024-12-01,2025-01-01,SKU005,CH02,UPSIDE,FV_UPSIDE_202501,5350,137805300.0,88658773.11,4983912.4,368124.75,FROZEN,true,2025-02-01,true,ASSUMPTION,-6
2024-12-01,2025-01-01,SKU005,CH02,DOWNSIDE,FV_DOWNSIDE_202501,4800,123638400.0,94743198.71,5083590.65,405688.5,FROZEN,true,2025-02-01,true,ASSUMPTION,14
2024-12-01,2025-01-01,SKU006,CH02,BASE,FV_BASE_202501,4120,117914400.0,73365827.59,4430144.36,333900.0,FROZEN,true,2025-02-01,true,ASSUMPTION,0
2024-12-01,2025-01-01,SKU006,CH02,UPSIDE,FV_UPSIDE_202501,4280,122493600.0,71954946.29,4430144.36,327222.0,FROZEN,true,2025-02-01,true,ASSUMPTION,-6
2024-12-01,2025-01-01,SKU006,CH02,DOWNSIDE,FV_DOWNSIDE_202501,3840,109900800.0,76893030.84,4518747.25,360612.0,FROZEN,true,2025-02-01,true,ASSUMPTION,14
2024-12-01,2025-01-01,SKU007,CH02,BASE,FV_BASE_202501,6180,135601560.0,110485442.74,5094666.01,383985.0,FROZEN,true,2025-02-01,true,ASSUMPTION,0
2024-12-01,2025-01-01,SKU007,CH02,UPSIDE,FV_UPSIDE_202501,6420,140867640.0,108360722.68,5094666.01,376305.3,FROZEN,true,2025-02-01,true,ASSUMPTION,-6
2024-12-01,2025-01-01,SKU007,CH02,DOWNSIDE,FV_DOWNSIDE_202501,5760,126385920.0,115797242.87,5196559.33,414703.8,FROZEN,true,2025-02-01,true,ASSUMPTION,14
2024-12-01,2025-01-01,SKU008,CH02,BASE,FV_BASE_202501,5150,122827500.0,94618626.85,4614733.71,347812.5,FROZEN,true,2025-02-01,true,ASSUMPTION,0
2024-12-01,2025-01-01,SKU008,CH02,UPSIDE,FV_UPSIDE_202501,5350,127597500.0,92799037.87,4614733.71,340856.25,FROZEN,true,2025-02-01,true,ASSUMPTION,-6
2024-12-01,2025-01-01,SKU008,CH02,DOWNSIDE,FV_DOWNSIDE_202501,4800,114480000.0,99167599.29,4707028.38,375637.5,FROZEN,true,2025-02-01,true,ASSUMPTION,14
2024-12-01,2025-01-01,SKU009,CH02,BASE,FV_BASE_202501,6180,123810120.0,106380450.0,4651651.58,350595.0,FROZEN,true,2025-02-01,true,ASSUMPTION,0
2024-12-01,2025-01-01,SKU009,CH02,UPSIDE,FV_UPSIDE_202501,6420,128618280.0,104334672.11,4651651.58,343583.1,FROZEN,true,2025-02-01,true,ASSUMPTION,-6
2024-12-01,2025-01-01,SKU009,CH02,DOWNSIDE,FV_DOWNSIDE_202501,5760,115395840.0,111494894.71,4744684.61,378642.6,FROZEN,true,2025-02-01,true,ASSUMPTION,14
2024-12-01,2025-01-01,SKU010,CH02,BASE,FV_BASE_202501,5150,117914400.0,87340270.94,4430144.36,333900.0,FROZEN,true,2025-02-01,true,ASSUMPTION,0
2024-12-01,2025-01-01,SKU010,CH02,UPSIDE,FV_UPSIDE_202501,5350,122493600.0,85660650.34,4430144.36,327222.0,FROZEN,true,2025-02-01,true,ASSUMPTION,-6
2024-12-01,2025-01-01,SKU010,CH02,DOWNSIDE,FV_DOWNSIDE_202501,4800,109900800.0,91539322.43,4518747.25,360612.0,FROZEN,true,2025-02-01,true,ASSUMPTION,14
2024-12-01,2025-01-01,SKU011,CH02,BASE,FV_BASE_202501,3090,103175100.0,45853642.24,3876376.31,292162.5,FROZEN,true,2025-02-01,true,ASSUMPTION,0
2024-12-01,2025-01-01,SKU011,CH02,UPSIDE,FV_UPSIDE_202501,3210,107181900.0,44971841.43,3876376.31,286319.25,FROZEN,true,2025-02-01,true,ASSUMPTION,-6
2024-12-01,2025-01-01,SKU011,CH02,DOWNSIDE,FV_DOWNSIDE_202501,2880,96163200.0,48058144.28,3953903.84,315535.5,FROZEN,true,2025-02-01,true,ASSUMPTION,14
2024-12-01,2025-01-01,SKU012,CH02,BASE,FV_BASE_202501,4120,113983920.0,65854564.27,4282472.88,322770.0,FROZEN,true,2025-02-01,true,ASSUMPTION,0
2024-12-01,2025-01-01,SKU012,CH02,UPSIDE,FV_UPSIDE_202501,4280,118410480.0,64588130.34,4282472.88,316314.6,FROZEN,true,2025-02-01,true,ASSUMPTION,-6
2024-12-01,2025-01-01,SKU012,CH02,DOWNSIDE,FV_DOWNSIDE_202501,3840,106237440.0,69020649.09,4368122.34,348591.6,FROZEN,true,2025-02-01,true,ASSUMPTION,14
2024-12-01,2025-01-01,SKU001,CH03,BASE,FV_BASE_202501,5150,148314850.0,95075170.51,3777323.32,419985.42,FROZEN,true,2025-02-01,true,ASSUMPTION,0
2024-12-01,2025-01-01,SKU001,CH03,UPSIDE,FV_UPSIDE_202501,5350,154074650.0,93246801.84,3777323.32,411585.71,FROZEN,true,2025-02-01,true,ASSUMPTION,-6
2024-12-01,2025-01-01,SKU001,CH03,DOWNSIDE,FV_DOWNSIDE_202501,4800,138235200.0,99646092.17,3852869.79,453584.25,FROZEN,true,2025-02-01,true,ASSUMPTION,14
2024-12-01,2025-01-01,SKU002,CH03,BASE,FV_BASE_202501,4120,137789280.0,79495110.3,3509255.21,390180.0,FROZEN,true,2025-02-01,true,ASSUMPTION,0
2024-12-01,2025-01-01,SKU002,CH03,UPSIDE,FV_UPSIDE_202501,4280,143140320.0,77966358.18,3509255.21,382376.4,FROZEN,true,2025-02-01,true,ASSUMPTION,-6
2024-12-01,2025-01-01,SKU002,CH03,DOWNSIDE,FV_DOWNSIDE_202501,3840,128424960.0,83316990.61,3579440.31,421394.4,FROZEN,true,2025-02-01,true,ASSUMPTION,14
2024-12-01,2025-01-01,SKU003,CH03,BASE,FV_BASE_202501,3090,91859520.0,55941003.55,2339503.48,260120.0,FROZEN,true,2025-02-01,true,ASSUMPTION,0
2024-12-01,2025-01-01,SKU003,CH03,UPSIDE,FV_UPSIDE_202501,3210,95426880.0,54865215.02,2339503.48,254917.6,FROZEN,true,2025-02-01,true,ASSUMPTION,-6
2024-12-01,2025-01-01,SKU003,CH03,DOWNSIDE,FV_DOWNSIDE_202501,2880,85616640.0,58630474.87,2386293.55,280929.6,FROZEN,true,2025-02-01,true,ASSUMPTION,14
2024-12-01,2025-01-01,SKU004,CH03,BASE,FV_BASE_202501,5150,133961800.0,94461782.3,3411775.9,379341.67,FROZEN,true,2025-02-01,true,ASSUMPTION,0
2024-12-01,2025-01-01,SKU004,CH03,UPSIDE,FV_UPSIDE_202501,5350,139164200.0,92645209.57,3411775.9,371754.83,FROZEN,true,2025-02-01,true,ASSUMPTION,-6
2024-12-01,2025-01-01,SKU004,CH03,DOWNSIDE,FV_DOWNSIDE_202501,4800,124857600.0,99003214.14,3480011.42,409689.0,FROZEN,true,2025-02-01,true,ASSUMPTION,14
2024-12-01,2025-01-01,SKU005,CH03,BASE,FV_BASE_202501,4120,103341960.0,76182814.04,2631941.41,292635.0,FROZEN,true,2025-02-01,true,ASSUMPTION,0
2024-12-01,2025-01-01,SKU005,CH03,UPSIDE,FV_UPSIDE_202501,4280,107355240.0,74717759.93,2631941.41,286782.3,FROZEN,true,2025-02-01,true,ASSUMPTION,-6
2024-12-01,2025-01-01,SKU005,CH03,DOWNSIDE,FV_DOWNSIDE_202501,3840,96318720.0,79845449.33,2684580.24,316045.8,FROZEN,true,2025-02-01,true,ASSUMPTION,14
2024-12-01,2025-01-01,SKU006,CH03,BASE,FV_BASE_202501,3090,86118300.0,57965184.6,2193284.51,243862.5,FROZEN,true,2025-02-01,true,ASSUMPTION,0
2024-12-01,2025-01-01,SKU006,CH03,UPSIDE,FV_UPSIDE_202501,3210,89462700.0,56850469.51,2193284.51,238985.25,FROZEN,true,2025-02-01,true,ASSUMPTION,-6
2024-12-01,2025-01-01,SKU006,CH03,DOWNSIDE,FV_DOWNSIDE_202501,2880,80265600.0,60751972.32,2237150.2,263371.5,FROZEN,true,2025-02-01,true,ASSUMPTION,14
2024-12-01,2025-01-01,SKU007,CH03,BASE,FV_BASE_202501,5150,110040050.0,96992008.62,2802530.21,311602.08,FROZEN,true,2025-02-01,true,ASSUMPTION,0
2024-12-01,2025-01-01,SKU007,CH03,UPSIDE,FV_UPSIDE_202501,5350,114313450.0,95126777.69,2802530.21,305370.04,FROZEN,true,2025-02-01,true,ASSUMPTION,-6
2024-12-01,2025-01-01,SKU007,CH03,DOWNSIDE,FV_DOWNSIDE_202501,4800,102561600.0,101655085.96,2858580.81,336530.25,FROZEN,true,2025-02-01,true,ASSUMPTION,14
2024-12-01,2025-01-01,SKU008,CH03,BASE,FV_BASE_202501,4120,95687000.0,79740465.58,2436982.79,270958.33,FROZEN,true,2025-02-01,true,ASSUMPTION,0
2024-12-01,2025-01-01,SKU008,CH03,UPSIDE,FV_UPSIDE_202501,4280,99403000.0,78206995.09,2436982.79,265539.17,FROZEN,true,2025-02-01,true,ASSUMPTION,-6
2024-12-01,2025-01-01,SKU008,CH03,DOWNSIDE,FV_DOWNSIDE_202501,3840,89184000.0,83574141.81,2485722.45,292635.0,FROZEN,true,2025-02-01,true,ASSUMPTION,14
2024-12-01,2025-01-01,SKU009,CH03,BASE,FV_BASE_202501,5150,100471350.0,93388352.96,2558831.93,284506.25,FROZEN,true,2025-02-01,true,ASSUMPTION,0
2024-12-01,2025-01-01,SKU009,CH03,UPSIDE,FV_UPSIDE_202501,5350,104373150.0,91592423.09,2558831.93,278816.13,FROZEN,true,2025-02-01,true,ASSUMPTION,-6
2024-12-01,2025-01-01,SKU009,CH03,DOWNSIDE,FV_DOWNSIDE_202501,4800,93643200.0,97878177.62,2610008.57,307266.75,FROZEN,true,2025-02-01,true,ASSUMPTION,14
2024-12-01,2025-01-01,SKU010,CH03,BASE,FV_BASE_202501,4120,91859520.0,73606583.62,2339503.48,260120.0,FROZEN,true,2025-02-01,true,ASSUMPTION,0
2024-12-01,2025-01-01,SKU010,CH03,UPSIDE,FV_UPSIDE_202501,4280,95426880.0,72191072.39,2339503.48,254917.6,FROZEN,true,2025-02-01,true,ASSUMPTION,-6
2024-12-01,2025-01-01,SKU010,CH03,DOWNSIDE,FV_DOWNSIDE_202501,3840,85616640.0,77145361.68,2386293.55,280929.6,FROZEN,true,2025-02-01,true,ASSUMPTION,14
2024-12-01,2025-01-01,SKU011,CH03,BASE,FV_BASE_202501,2060,66980900.0,32202880.33,1705887.95,189670.83,FROZEN,true,2025-02-01,true,ASSUMPTION,0
2024-12-01,2025-01-01,SKU011,CH03,UPSIDE,FV_UPSIDE_202501,2140,69582100.0,31583594.17,1705887.95,185877.42,FROZEN,true,2025-02-01,true,ASSUMPTION,-6
2024-12-01,2025-01-01,SKU011,CH03,DOWNSIDE,FV_DOWNSIDE_202501,1920,62428800.0,33751095.73,1740005.71,204844.5,FROZEN,true,2025-02-01,true,ASSUMPTION,14
2024-12-01,2025-01-01,SKU012,CH03,BASE,FV_BASE_202501,3090,83247690.0,52030653.8,2120175.02,235733.75,FROZEN,true,2025-02-01,true,ASSUMPTION,0
2024-12-01,2025-01-01,SKU012,CH03,UPSIDE,FV_UPSIDE_202501,3210,86480610.0,51030064.31,2120175.02,231019.08,FROZEN,true,2025-02-01,true,ASSUMPTION,-6
2024-12-01,2025-01-01,SKU012,CH03,DOWNSIDE,FV_DOWNSIDE_202501,2880,77590080.0,54532127.54,2162578.52,254592.45,FROZEN,true,2025-02-01,true,ASSUMPTION,14
2024-12-01,2025-01-01,SKU001,CH04,BASE,FV_BASE_202501,2060,60156120.0,38231565.68,1629714.29,170345.0,FROZEN,true,2025-02-01,true,ASSUMPTION,0
2024-12-01,2025-01-01,SKU001,CH04,UPSIDE,FV_UPSIDE_202501,2140,62492280.0,37496343.27,1629714.29,166938.1,FROZEN,true,2025-02-01,true,ASSUMPTION,-6
2024-12-01,2025-01-01,SKU001,CH04,DOWNSIDE,FV_DOWNSIDE_202501,1920,56067840.0,40069621.73,1662308.58,183972.6,FROZEN,true,2025-02-01,true,ASSUMPTION,14
2024-12-01,2025-01-01,SKU002,CH04,BASE,FV_BASE_202501,2060,69858720.0,39958152.52,1892571.43,197820.0,FROZEN,true,2025-02-01,true,ASSUMPTION,0
2024-12-01,2025-01-01,SKU002,CH04,UPSIDE,FV_UPSIDE_202501,2140,72571680.0,39189726.51,1892571.43,193863.6,FROZEN,true,2025-02-01,true,ASSUMPTION,-6
2024-12-01,2025-01-01,SKU002,CH04,DOWNSIDE,FV_DOWNSIDE_202501,1920,65111040.0,41879217.55,1930422.86,213645.6,FROZEN,true,2025-02-01,true,ASSUMPTION,14
2024-12-01,2025-01-01,SKU003,CH04,BASE,FV_BASE_202501,2060,62096640.0,37491599.89,1682285.71,175840.0,FROZEN,true,2025-02-01,true,ASSUMPTION,0
2024-12-01,2025-01-01,SKU003,CH04,UPSIDE,FV_UPSIDE_202501,2140,64508160.0,36770607.59,1682285.71,172323.2,FROZEN,true,2025-02-01,true,ASSUMPTION,-6
2024-12-01,2025-01-01,SKU003,CH04,DOWNSIDE,FV_DOWNSIDE_202501,1920,57876480.0,39294080.66,1715931.42,189907.2,FROZEN,true,2025-02-01,true,ASSUMPTION,14
2024-12-01,2025-01-01,SKU004,CH04,BASE,FV_BASE_202501,2060,54334560.0,37984910.42,1472000.0,153860.0,FROZEN,true,2025-02-01,true,ASSUMPTION,0
2024-12-01,2025-01-01,SKU004,CH04,UPSIDE,FV_UPSIDE_202501,2140,56444640.0,37254431.38,1472000.0,150782.8,FROZEN,true,2025-02-01,true,ASSUMPTION,-6
2024-12-01,2025-01-01,SKU004,CH04,DOWNSIDE,FV_DOWNSIDE_202501,1920,50641920.0,39811108.04,1501440.0,166168.8,FROZEN,true,2025-02-01,true,ASSUMPTION,14
2024-12-01,2025-01-01,SKU005,CH04,BASE,FV_BASE_202501,2060,52394040.0,38293229.5,1419428.57,148365.0,FROZEN,true,2025-02-01,true,ASSUMPTION,0
2024-12-01,2025-01-01,SKU005,CH04,UPSIDE,FV_UPSIDE_202501,2140,54428760.0,37556821.24,1419428.57,145397.7,FROZEN,true,2025-02-01,true,ASSUMPTION,-6
2024-12-01,2025-01-01,SKU005,CH04,DOWNSIDE,FV_DOWNSIDE_202501,1920,48833280.0,40134250.15,1447817.14,160234.2,FROZEN,true,2025-02-01,true,ASSUMPTION,14
2024-12-01,2025-01-01,SKU006,CH04,BASE,FV_BASE_202501,1030,29107800.0,19424101.92,788571.43,82425.0,FROZEN,true,2025-02-01,true,ASSUMPTION,0
2024-12-01,2025-01-01,SKU006,CH04,UPSIDE,FV_UPSIDE_202501,1070,30238200.0,19050561.5,788571.43,80776.5,FROZEN,true,2025-02-01,true,ASSUMPTION,-6
2024-12-01,2025-01-01,SKU006,CH04,DOWNSIDE,FV_DOWNSIDE_202501,960,27129600.0,20357952.98,804342.86,89019.0,FROZEN,true,2025-02-01,true,ASSUMPTION,14
2024-12-01,2025-01-01,SKU007,CH04,BASE,FV_BASE_202501,2060,44631960.0,39002363.38,1209142.86,126385.0,FROZEN,true,2025-02-01,true,ASSUMPTION,0
2024-12-01,2025-01-01,SKU007,CH04,UPSIDE,FV_UPSIDE_202501,2140,46365240.0,38252317.93,1209142.86,123857.3,FROZEN,true,2025-02-01,true,ASSUMPTION,-6
2024-12-01,2025-01-01,SKU007,CH04,DOWNSIDE,FV_DOWNSIDE_202501,1920,41598720.0,40877477.0,1233325.72,136495.8,FROZEN,true,2025-02-01,true,ASSUMPTION,14
2024-12-01,2025-01-01,SKU008,CH04,BASE,FV_BASE_202501,2060,48513000.0,40081480.15,1314285.71,137375.0,FROZEN,true,2025-02-01,true,ASSUMPTION,0
2024-12-01,2025-01-01,SKU008,CH04,UPSIDE,FV_UPSIDE_202501,2140,50397000.0,39310682.46,1314285.71,134627.5,FROZEN,true,2025-02-01,true,ASSUMPTION,-6
2024-12-01,2025-01-01,SKU008,CH04,DOWNSIDE,FV_DOWNSIDE_202501,1920,45216000.0,42008474.39,1340571.42,148365.0,FROZEN,true,2025-02-01,true,ASSUMPTION,14
2024-12-01,2025-01-01,SKU009,CH04,BASE,FV_BASE_202501,2060,40750920.0,37553263.71,1104000.0,115395.0,FROZEN,true,2025-02-01,true,ASSUMPTION,0
2024-12-01,2025-01-01,SKU009,CH04,UPSIDE,FV_UPSIDE_202501,2140,42333480.0,36831085.56,1104000.0,113087.1,FROZEN,true,2025-02-01,true,ASSUMPTION,-6
2024-12-01,2025-01-01,SKU009,CH04,DOWNSIDE,FV_DOWNSIDE_202501,1920,37981440.0,39358709.08,1126080.0,124626.6,FROZEN,true,2025-02-01,true,ASSUMPTION,14
2024-12-01,2025-01-01,SKU010,CH04,BASE,FV_BASE_202501,2060,46572480.0,36998289.37,1261714.29,131880.0,FROZEN,true,2025-02-01,true,ASSUMPTION,0
2024-12-01,2025-01-01,SKU010,CH04,UPSIDE,FV_UPSIDE_202501,2140,48381120.0,36286783.8,1261714.29,129242.4,FROZEN,true,2025-02-01,true,ASSUMPTION,-6
2024-12-01,2025-01-01,SKU010,CH04,DOWNSIDE,FV_DOWNSIDE_202501,1920,43407360.0,38777053.28,1286948.58,142430.4,FROZEN,true,2025-02-01,true,ASSUMPTION,14
2024-12-01,2025-01-01,SKU011,CH04,BASE,FV_BASE_202501,1030,33959100.0,16186751.6,920000.0,96162.5,FROZEN,true,2025-02-01,true,ASSUMPTION,0
2024-12-01,2025-01-01,SKU011,CH04,UPSIDE,FV_UPSIDE_202501,1070,35277900.0,15875467.91,920000.0,94239.25,FROZEN,true,2025-02-01,true,ASSUMPTION,-6
2024-12-01,2025-01-01,SKU011,CH04,DOWNSIDE,FV_DOWNSIDE_202501,960,31651200.0,16964960.81,938400.0,103855.5,FROZEN,true,2025-02-01,true,ASSUMPTION,14
2024-12-01,2025-01-01,SKU012,CH04,BASE,FV_BASE_202501,1030,28137540.0,17435443.85,762285.71,79677.5,FROZEN,true,2025-02-01,true,ASSUMPTION,0
2024-12-01,2025-01-01,SKU012,CH04,UPSIDE,FV_UPSIDE_202501,1070,29230260.0,17100146.86,762285.71,78083.95,FROZEN,true,2025-02-01,true,ASSUMPTION,-6
2024-12-01,2025-01-01,SKU012,CH04,DOWNSIDE,FV_DOWNSIDE_202501,960,26225280.0,18273686.35,777531.42,86051.7,FROZEN,true,2025-02-01,true,ASSUMPTION,14
2024-12-01,2025-01-01,SKU001,CH05,BASE,FV_BASE_202501,3090,91383660.0,53592353.64,2299852.8,258772.5,FROZEN,true,2025-02-01,true,ASSUMPTION,0
2024-12-01,2025-01-01,SKU001,CH05,UPSIDE,FV_UPSIDE_202501,3210,94932540.0,52561731.46,2299852.8,253597.05,FROZEN,true,2025-02-01,true,ASSUMPTION,-6
2024-12-01,2025-01-01,SKU001,CH05,DOWNSIDE,FV_DOWNSIDE_202501,2880,85173120.0,56168909.1,2345849.86,279474.3,FROZEN,true,2025-02-01,true,ASSUMPTION,14
2024-12-01,2025-01-01,SKU002,CH05,BASE,FV_BASE_202501,2060,70748640.0,37341768.98,1780531.2,200340.0,FROZEN,true,2025-02-01,true,ASSUMPTION,0
2024-12-01,2025-01-01,SKU002,CH05,UPSIDE,FV_UPSIDE_202501,2140,73496160.0,36623658.04,1780531.2,196333.2,FROZEN,true,2025-02-01,true,ASSUMPTION,-6
2024-12-01,2025-01-01,SKU002,CH05,DOWNSIDE,FV_DOWNSIDE_202501,1920,65940480.0,39137046.34,1816141.82,216367.2,FROZEN,true,2025-02-01,true,ASSUMPTION,14
2024-12-01,2025-01-01,SKU003,CH05,BASE,FV_BASE_202501,2060,62887680.0,35036721.52,1582694.4,178080.0,FROZEN,true,2025-02-01,true,ASSUMPTION,0
2024-12-01,2025-01-01,SKU003,CH05,UPSIDE,FV_UPSIDE_202501,2140,65329920.0,34362938.42,1582694.4,174518.4,FROZEN,true,2025-02-01,true,ASSUMPTION,-6
2024-12-01,2025-01-01,SKU003,CH05,DOWNSIDE,FV_DOWNSIDE_202501,1920,58613760.0,36721179.29,1614348.29,192326.4,FROZEN,true,2025-02-01,true,ASSUMPTION,14
2024-12-01,2025-01-01,SKU004,CH05,BASE,FV_BASE_202501,3090,82540080.0,53246596.52,2077286.4,233730.0,FROZEN,true,2025-02-01,true,ASSUMPTION,0
2024-12-01,2025-01-01,SKU004,CH05,UPSIDE,FV_UPSIDE_202501,3210,85745520.0,52222623.51,2077286.4,229055.4,FROZEN,true,2025-02-01,true,ASSUMPTION,-6
2024-12-01,2025-01-01,SKU004,CH05,DOWNSIDE,FV_DOWNSIDE_202501,2880,76930560.0,55806529.05,2118832.13,252428.4,FROZEN,true,2025-02-01,true,ASSUMPTION,14
2024-12-01,2025-01-01,SKU005,CH05,BASE,FV_BASE_202501,2060,53061480.0,35785861.95,1335398.4,150255.0,FROZEN,true,2025-02-01,true,ASSUMPTION,0
2024-12-01,2025-01-01,SKU005,CH05,UPSIDE,FV_UPSIDE_202501,2140,55122120.0,35097672.29,1335398.4,147249.9,FROZEN,true,2025-02-01,true,ASSUMPTION,-6
2024-12-01,2025-01-01,SKU005,CH05,DOWNSIDE,FV_DOWNSIDE_202501,1920,49455360.0,37506336.08,1362106.37,162275.4,FROZEN,true,2025-02-01,true,ASSUMPTION,14
2024-12-01,2025-01-01,SKU006,CH05,BASE,FV_BASE_202501,2060,58957200.0,36304497.62,1483776.0,166950.0,FROZEN,true,2025-02-01,true,ASSUMPTION,0
2024-12-01,2025-01-01,SKU006,CH05,UPSIDE,FV_UPSIDE_202501,2140,61246800.0,35606334.21,1483776.0,163611.0,FROZEN,true,2025-02-01,true,ASSUMPTION,-6
2024-12-01,2025-01-01,SKU006,CH05,DOWNSIDE,FV_DOWNSIDE_202501,1920,54950400.0,38049906.16,1513451.52,180306.0,FROZEN,true,2025-02-01,true,ASSUMPTION,14
2024-12-01,2025-01-01,SKU007,CH05,BASE,FV_BASE_202501,3090,67800780.0,54672844.64,1706342.4,191992.5,FROZEN,true,2025-02-01,true,ASSUMPTION,0
2024-12-01,2025-01-01,SKU007,CH05,UPSIDE,FV_UPSIDE_202501,3210,70433820.0,53621443.78,1706342.4,188152.65,FROZEN,true,2025-02-01,true,ASSUMPTION,-6
2024-12-01,2025-01-01,SKU007,CH05,DOWNSIDE,FV_DOWNSIDE_202501,2880,63192960.0,57301346.78,1740469.25,207351.9,FROZEN,true,2025-02-01,true,ASSUMPTION,14
2024-12-01,2025-01-01,SKU008,CH05,BASE,FV_BASE_202501,2060,49131000.0,37457021.36,1236480.0,139125.0,FROZEN,true,2025-02-01,true,ASSUMPTION,0
2024-12-01,2025-01-01,SKU008,CH05,UPSIDE,FV_UPSIDE_202501,2140,51039000.0,36736694.02,1236480.0,136342.5,FROZEN,true,2025-02-01,true,ASSUMPTION,-6
2024-12-01,2025-01-01,SKU008,CH05,DOWNSIDE,FV_DOWNSIDE_202501,1920,45792000.0,39257839.69,1261209.6,150255.0,FROZEN,true,2025-02-01,true,ASSUMPTION,14
2024-12-01,2025-01-01,SKU009,CH05,BASE,FV_BASE_202501,3090,61905060.0,52641521.56,1557964.8,175297.5,FROZEN,true,2025-02-01,true,ASSUMPTION,0
2024-12-01,2025-01-01,SKU009,CH05,UPSIDE,FV_UPSIDE_202501,3210,64309140.0,51629184.6,1557964.8,171791.55,FROZEN,true,2025-02-01,true,ASSUMPTION,-6
2024-12-01,2025-01-01,SKU009,CH05,DOWNSIDE,FV_DOWNSIDE_202501,2880,57697920.0,55172363.94,1589124.1,189321.3,FROZEN,true,2025-02-01,true,ASSUMPTION,14
2024-12-01,2025-01-01,SKU010,CH05,BASE,FV_BASE_202501,2060,47165760.0,34575712.03,1187020.8,133560.0,FROZEN,true,2025-02-01,true,ASSUMPTION,0
2024-12-01,2025-01-01,SKU010,CH05,UPSIDE,FV_UPSIDE_202501,2140,48997440.0,33910794.49,1187020.8,130888.8,FROZEN,true,2025-02-01,true,ASSUMPTION,-6
2024-12-01,2025-01-01,SKU010,CH05,DOWNSIDE,FV_DOWNSIDE_202501,1920,43960320.0,36238005.88,1210761.22,144244.8,FROZEN,true,2025-02-01,true,ASSUMPTION,14
2024-12-01,2025-01-01,SKU011,CH05,BASE,FV_BASE_202501,1030,34391700.0,15126874.01,865536.0,97387.5,FROZEN,true,2025-02-01,true,ASSUMPTION,0
2024-12-01,2025-01-01,SKU011,CH05,UPSIDE,FV_UPSIDE_202501,1070,35727300.0,14835972.58,865536.0,95439.75,FROZEN,true,2025-02-01,true,ASSUMPTION,-6
2024-12-01,2025-01-01,SKU011,CH05,DOWNSIDE,FV_DOWNSIDE_202501,960,32054400.0,15854127.56,882846.72,105178.5,FROZEN,true,2025-02-01,true,ASSUMPTION,14
2024-12-01,2025-01-01,SKU012,CH05,BASE,FV_BASE_202501,2060,56991960.0,32587608.58,1434316.8,161385.0,FROZEN,true,2025-02-01,true,ASSUMPTION,0
2024-12-01,2025-01-01,SKU012,CH05,UPSIDE,FV_UPSIDE_202501,2140,59205240.0,31960923.8,1434316.8,158157.3,FROZEN,true,2025-02-01,true,ASSUMPTION,-6
2024-12-01,2025-01-01,SKU012,CH05,DOWNSIDE,FV_DOWNSIDE_202501,1920,53118720.0,34154320.53,1463003.14,174295.8,FROZEN,true,2025-02-01,true,ASSUMPTION,14
2025-01-01,2025-02-01,SKU001,CH01,BASE,FV_BASE_202502,8240,243689760.0,144288588.18,6173774.71,690060.0,FROZEN,true,2025-03-01,true,ASSUMPTION,0
2025-01-01,2025-02-01,SKU001,CH01,UPSIDE,FV_UPSIDE_202502,8560,253153440.0,141513807.64,6173774.71,676258.8,FROZEN,true,2025-03-01,true,ASSUMPTION,-6
2025-01-01,2025-02-01,SKU001,CH01,DOWNSIDE,FV_DOWNSIDE_202502,7680,227128320.0,151225539.54,6297250.2,745264.8,FROZEN,true,2025-03-01,true,ASSUMPTION,14
2025-01-01,2025-02-01,SKU002,CH01,BASE,FV_BASE_202502,6180,212245920.0,113103635.26,5377158.62,601020.0,FROZEN,true,2025-03-01,true,ASSUMPTION,0
2025-01-01,2025-02-01,SKU002,CH01,UPSIDE,FV_UPSIDE_202502,6420,220488480.0,110928565.35,5377158.62,588999.6,FROZEN,true,2025-03-01,true,ASSUMPTION,-6
2025-01-01,2025-02-01,SKU002,CH01,DOWNSIDE,FV_DOWNSIDE_202502,5760,197821440.0,118541310.03,5484701.79,649101.6,FROZEN,true,2025-03-01,true,ASSUMPTION,14
2025-01-01,2025-02-01,SKU003,CH01,BASE,FV_BASE_202502,5150,157219200.0,88434941.15,3983080.46,445200.0,FROZEN,true,2025-03-01,true,ASSUMPTION,0
2025-01-01,2025-02-01,SKU003,CH01,UPSIDE,FV_UPSIDE_202502,5350,163324800.0,86734269.21,3983080.46,436296.0,FROZEN,true,2025-03-01,true,ASSUMPTION,-6
2025-01-01,2025-02-01,SKU003,CH01,DOWNSIDE,FV_DOWNSIDE_202502,4800,146534400.0,92686621.01,4062742.07,480816.0,FROZEN,true,2025-03-01,true,ASSUMPTION,14
2025-01-01,2025-02-01,SKU004,CH01,BASE,FV_BASE_202502,7210,192593520.0,125437982.31,4879273.56,545370.0,FROZEN,true,2025-03-01,true,ASSUMPTION,0
2025-01-01,2025-02-01,SKU004,CH01,UPSIDE,FV_UPSIDE_202502,7490,200072880.0,123025713.42,4879273.56,534462.6,FROZEN,true,2025-03-01,true,ASSUMPTION,-6
2025-01-01,2025-02-01,SKU004,CH01,DOWNSIDE,FV_DOWNSIDE_202502,6720,179504640.0,131468654.54,4976859.03,588999.6,FROZEN,true,2025-03-01,true,ASSUMPTION,14
2025-01-01,2025-02-01,SKU005,CH01,BASE,FV_BASE_202502,6180,159184440.0,108390983.79,4032868.97,450765.0,FROZEN,true,2025-03-01,true,ASSUMPTION,0
2025-01-01,2025-02-01,SKU005,CH01,UPSIDE,FV_UPSIDE_202502,6420,165366360.0,106306541.8,4032868.97,441749.7,FROZEN,true,2025-03-01,true,ASSUMPTION,-6
2025-01-01,2025-02-01,SKU005,CH01,DOWNSIDE,FV_DOWNSIDE_202502,5760,148366080.0,113602088.78,4113526.35,486826.2,FROZEN,true,2025-03-01,true,ASSUMPTION,14
2025-01-01,2025-02-01,SKU006,CH01,BASE,FV_BASE_202502,5150,147393000.0,91634889.67,3734137.93,417375.0,FROZEN,true,2025-03-01,true,ASSUMPTION,0
2025-01-01,2025-02-01,SKU006,CH01,UPSIDE,FV_UPSIDE_202502,5350,153117000.0,89872680.26,3734137.93,409027.5,FROZEN,true,2025-03-01,true,ASSUMPTION,-6
2025-01-01,2025-02-01,SKU006,CH01,DOWNSIDE,FV_DOWNSIDE_202502,4800,137376000.0,96040413.22,3808820.69,450765.0,FROZEN,true,2025-03-01,true,ASSUMPTION,14
2025-01-01,2025-02-01,SKU007,CH01,BASE,FV_BASE_202502,8240,180802080.0,147197632.31,4580542.53,511980.0,FROZEN,true,2025-03-01,true,ASSUMPTION,0
2025-01-01,2025-02-01,SKU007,CH01,UPSIDE,FV_UPSIDE_202502,8560,187823520.0,144366908.61,4580542.53,501740.4,FROZEN,true,2025-03-01,true,ASSUMPTION,-6
2025-01-01,2025-02-01,SKU007,CH01,DOWNSIDE,FV_DOWNSIDE_202502,7680,168514560.0,154274441.55,4672153.38,552938.4,FROZEN,true,2025-03-01,true,ASSUMPTION,14
2025-01-01,2025-02-01,SKU008,CH01,BASE,FV_BASE_202502,7210,171958500.0,132361507.31,4356494.25,486937.5,FROZEN,true,2025-03-01,true,ASSUMPTION,0
2025-01-01,2025-02-01,SKU008,CH01,UPSIDE,FV_UPSIDE_202502,7490,178636500.0,129816093.71,4356494.25,477198.75,FROZEN,true,2025-03-01,true,ASSUMPTION,-6
2025-01-01,2025-02-01,SKU008,CH01,DOWNSIDE,FV_DOWNSIDE_202502,6720,160272000.0,138725041.32,4443624.14,525892.5,FROZEN,true,2025-03-01,true,ASSUMPTION,14
2025-01-01,2025-02-01,SKU009,CH01,BASE,FV_BASE_202502,8240,165080160.0,141728629.37,4182234.48,467460.0,FROZEN,true,2025-03-01,true,ASSUMPTION,0
2025-01-01,2025-02-01,SKU009,CH01,UPSIDE,FV_UPSIDE_202502,8560,171491040.0,139003078.8,4182234.48,458110.8,FROZEN,true,2025-03-01,true,ASSUMPTION,-6
2025-01-01,2025-02-01,SKU009,CH01,DOWNSIDE,FV_DOWNSIDE_202502,7680,153861120.0,148542505.78,4265879.17,504856.8,FROZEN,true,2025-03-01,true,ASSUMPTION,14
2025-01-01,2025-02-01,SKU010,CH01,BASE,FV_BASE_202502,6180,141497280.0,104725588.2,3584772.41,400680.0,FROZEN,true,2025-03-01,true,ASSUMPTION,0
2025-01-01,2025-02-01,SKU010,CH01,UPSIDE,FV_UPSIDE_202502,6420,146992320.0,102711634.58,3584772.41,392666.4,FROZEN,true,2025-03-01,true,ASSUMPTION,-6
2025-01-01,2025-02-01,SKU010,CH01,DOWNSIDE,FV_DOWNSIDE_202502,5760,131880960.0,109760472.25,3656467.86,432734.4,FROZEN,true,2025-03-01,true,ASSUMPTION,14
2025-01-01,2025-02-01,SKU011,CH01,BASE,FV_BASE_202502,4120,137566800.0,61089926.45,3485195.4,389550.0,FROZEN,true,2025-03-01,true,ASSUMPTION,0
2025-01-01,2025-02-01,SKU011,CH01,UPSIDE,FV_UPSIDE_202502,4280,142909200.0,59915120.17,3485195.4,381759.0,FROZEN,true,2025-03-01,true,ASSUMPTION,-6
2025-01-01,2025-02-01,SKU011,CH01,DOWNSIDE,FV_DOWNSIDE_202502,3840,128217600.0,64026942.14,3554899.31,420714.0,FROZEN,true,2025-03-01,true,ASSUMPTION,14
2025-01-01,2025-02-01,SKU012,CH01,BASE,FV_BASE_202502,5150,142479900.0,82253222.4,3609666.67,403462.5,FROZEN,true,2025-03-01,true,ASSUMPTION,0
2025-01-01,2025-02-01,SKU012,CH01,UPSIDE,FV_UPSIDE_202502,5350,148013100.0,80671429.66,3609666.67,395393.25,FROZEN,true,2025-03-01,true,ASSUMPTION,-6
2025-01-01,2025-02-01,SKU012,CH01,DOWNSIDE,FV_DOWNSIDE_202502,4800,132796800.0,86207704.24,3681860.0,435739.5,FROZEN,true,2025-03-01,true,ASSUMPTION,14
2025-01-01,2025-02-01,SKU001,CH02,BASE,FV_BASE_202502,6180,182767320.0,107124741.01,6792085.45,517545.0,FROZEN,true,2025-03-01,true,ASSUMPTION,0
2025-01-01,2025-02-01,SKU001,CH02,UPSIDE,FV_UPSIDE_202502,6420,189865080.0,105064649.83,6792085.45,507194.1,FROZEN,true,2025-03-01,true,ASSUMPTION,-6
2025-01-01,2025-02-01,SKU001,CH02,DOWNSIDE,FV_DOWNSIDE_202502,5760,170346240.0,112274968.94,6927927.16,558948.6,FROZEN,true,2025-03-01,true,ASSUMPTION,14
2025-01-01,2025-02-01,SKU002,CH02,BASE,FV_BASE_202502,4120,141497280.0,74641755.02,5258388.74,400680.0,FROZEN,true,2025-03-01,true,ASSUMPTION,0
2025-01-01,2025-02-01,SKU002,CH02,UPSIDE,FV_UPSIDE_202502,4280,146992320.0,73206336.66,5258388.74,392666.4,FROZEN,true,2025-03-01,true,ASSUMPTION,-6
2025-01-01,2025-02-01,SKU002,CH02,DOWNSIDE,FV_DOWNSIDE_202502,3840,131880960.0,78230300.94,5363556.51,432734.4,FROZEN,true,2025-03-01,true,ASSUMPTION,14
2025-01-01,2025-02-01,SKU003,CH02,BASE,FV_BASE_202502,4120,125775360.0,70034239.28,4674123.32,356160.0,FROZEN,true,2025-03-01,true,ASSUMPTION,0
2025-01-01,2025-02-01,SKU003,CH02,UPSIDE,FV_UPSIDE_202502,4280,130659840.0,68687426.98,4674123.32,349036.8,FROZEN,true,2025-03-01,true,ASSUMPTION,-6
2025-01-01,2025-02-01,SKU003,CH02,DOWNSIDE,FV_DOWNSIDE_202502,3840,117227520.0,73401270.01,4767605.79,384652.8,FROZEN,true,2025-03-01,true,ASSUMPTION,14
2025-01-01,2025-02-01,SKU004,CH02,BASE,FV_BASE_202502,6180,165080160.0,106433613.64,6134786.86,467460.0,FROZEN,true,2025-03-01,true,ASSUMPTION,0
2025-01-01,2025-02-01,SKU004,CH02,UPSIDE,FV_UPSIDE_202502,6420,171491040.0,104386813.38,6134786.86,458110.8,FROZEN,true,2025-03-01,true,ASSUMPTION,-6
2025-01-01,2025-02-01,SKU004,CH02,DOWNSIDE,FV_DOWNSIDE_202502,5760,153861120.0,111550614.3,6257482.6,504856.8,FROZEN,true,2025-03-01,true,ASSUMPTION,14
2025-01-01,2025-02-01,SKU005,CH02,BASE,FV_BASE_202502,5150,132653700.0,89414602.37,4929739.44,375637.5,FROZEN,true,2025-03-01,true,ASSUMPTION,0
2025-01-01,2025-02-01,SKU005,CH02,UPSIDE,FV_UPSIDE_202502,5350,137805300.0,87695090.78,4929739.44,368124.75,FROZEN,true,2025-03-01,true,ASSUMPTION,-6
2025-01-01,2025-02-01,SKU005,CH02,DOWNSIDE,FV_DOWNSIDE_202502,4800,123638400.0,93713381.33,5028334.23,405688.5,FROZEN,true,2025-03-01,true,ASSUMPTION,14
2025-01-01,2025-02-01,SKU006,CH02,BASE,FV_BASE_202502,4120,117914400.0,72568372.94,4381990.61,333900.0,FROZEN,true,2025-03-01,true,ASSUMPTION,0
2025-01-01,2025-02-01,SKU006,CH02,UPSIDE,FV_UPSIDE_202502,4280,122493600.0,71172827.3,4381990.61,327222.0,FROZEN,true,2025-03-01,true,ASSUMPTION,-6
2025-01-01,2025-02-01,SKU006,CH02,DOWNSIDE,FV_DOWNSIDE_202502,3840,109900800.0,76057237.02,4469630.42,360612.0,FROZEN,true,2025-03-01,true,ASSUMPTION,14
2025-01-01,2025-02-01,SKU007,CH02,BASE,FV_BASE_202502,6180,135601560.0,109284514.01,5039289.21,383985.0,FROZEN,true,2025-03-01,true,ASSUMPTION,0
2025-01-01,2025-02-01,SKU007,CH02,UPSIDE,FV_UPSIDE_202502,6420,140867640.0,107182888.74,5039289.21,376305.3,FROZEN,true,2025-03-01,true,ASSUMPTION,-6
2025-01-01,2025-02-01,SKU007,CH02,DOWNSIDE,FV_DOWNSIDE_202502,5760,126385920.0,114538577.18,5140074.99,414703.8,FROZEN,true,2025-03-01,true,ASSUMPTION,14
2025-01-01,2025-02-01,SKU008,CH02,BASE,FV_BASE_202502,5150,122827500.0,93590163.51,4564573.56,347812.5,FROZEN,true,2025-03-01,true,ASSUMPTION,0
2025-01-01,2025-02-01,SKU008,CH02,UPSIDE,FV_UPSIDE_202502,5350,127597500.0,91790352.68,4564573.56,340856.25,FROZEN,true,2025-03-01,true,ASSUMPTION,-6
2025-01-01,2025-02-01,SKU008,CH02,DOWNSIDE,FV_DOWNSIDE_202502,4800,114480000.0,98089690.61,4655865.03,375637.5,FROZEN,true,2025-03-01,true,ASSUMPTION,14
2025-01-01,2025-02-01,SKU009,CH02,BASE,FV_BASE_202502,6180,123810120.0,105224140.76,4601090.15,350595.0,FROZEN,true,2025-03-01,true,ASSUMPTION,0
2025-01-01,2025-02-01,SKU009,CH02,UPSIDE,FV_UPSIDE_202502,6420,128618280.0,103200599.59,4601090.15,343583.1,FROZEN,true,2025-03-01,true,ASSUMPTION,-6
2025-01-01,2025-02-01,SKU009,CH02,DOWNSIDE,FV_DOWNSIDE_202502,5760,115395840.0,110282993.68,4693111.95,378642.6,FROZEN,true,2025-03-01,true,ASSUMPTION,14
2025-01-01,2025-02-01,SKU010,CH02,BASE,FV_BASE_202502,5150,117914400.0,86390920.17,4381990.61,333900.0,FROZEN,true,2025-03-01,true,ASSUMPTION,0
2025-01-01,2025-02-01,SKU010,CH02,UPSIDE,FV_UPSIDE_202502,5350,122493600.0,84729556.32,4381990.61,327222.0,FROZEN,true,2025-03-01,true,ASSUMPTION,-6
2025-01-01,2025-02-01,SKU010,CH02,DOWNSIDE,FV_DOWNSIDE_202502,4800,109900800.0,90544329.79,4469630.42,360612.0,FROZEN,true,2025-03-01,true,ASSUMPTION,14
2025-01-01,2025-02-01,SKU011,CH02,BASE,FV_BASE_202502,3090,103175100.0,45355233.08,3834241.79,292162.5,FROZEN,true,2025-03-01,true,ASSUMPTION,0
2025-01-01,2025-02-01,SKU011,CH02,UPSIDE,FV_UPSIDE_202502,3210,107181900.0,44483017.06,3834241.79,286319.25,FROZEN,true,2025-03-01,true,ASSUMPTION,-6
2025-01-01,2025-02-01,SKU011,CH02,DOWNSIDE,FV_DOWNSIDE_202502,2880,96163200.0,47535773.13,3910926.63,315535.5,FROZEN,true,2025-03-01,true,ASSUMPTION,14
2025-01-01,2025-02-01,SKU012,CH02,BASE,FV_BASE_202502,4120,113983920.0,65138753.82,4235924.26,322770.0,FROZEN,true,2025-03-01,true,ASSUMPTION,0
2025-01-01,2025-02-01,SKU012,CH02,UPSIDE,FV_UPSIDE_202502,4280,118410480.0,63886085.47,4235924.26,316314.6,FROZEN,true,2025-03-01,true,ASSUMPTION,-6
2025-01-01,2025-02-01,SKU012,CH02,DOWNSIDE,FV_DOWNSIDE_202502,3840,106237440.0,68270424.67,4320642.75,348591.6,FROZEN,true,2025-03-01,true,ASSUMPTION,14
2025-01-01,2025-02-01,SKU001,CH03,BASE,FV_BASE_202502,5150,148314850.0,94534970.67,3755861.26,419985.42,FROZEN,true,2025-03-01,true,ASSUMPTION,0
2025-01-01,2025-02-01,SKU001,CH03,UPSIDE,FV_UPSIDE_202502,5350,154074650.0,92716990.47,3755861.26,411585.71,FROZEN,true,2025-03-01,true,ASSUMPTION,-6
2025-01-01,2025-02-01,SKU001,CH03,DOWNSIDE,FV_DOWNSIDE_202502,4800,138235200.0,99079921.18,3830978.49,453584.25,FROZEN,true,2025-03-01,true,ASSUMPTION,14
2025-01-01,2025-02-01,SKU002,CH03,BASE,FV_BASE_202502,4120,137789280.0,79043433.54,3489316.26,390180.0,FROZEN,true,2025-03-01,true,ASSUMPTION,0
2025-01-01,2025-02-01,SKU002,CH03,UPSIDE,FV_UPSIDE_202502,4280,143140320.0,77523367.51,3489316.26,382376.4,FROZEN,true,2025-03-01,true,ASSUMPTION,-6
2025-01-01,2025-02-01,SKU002,CH03,DOWNSIDE,FV_DOWNSIDE_202502,3840,128424960.0,82843598.61,3559102.59,421394.4,FROZEN,true,2025-03-01,true,ASSUMPTION,14
2025-01-01,2025-02-01,SKU003,CH03,BASE,FV_BASE_202502,3090,91859520.0,55623156.94,2326210.84,260120.0,FROZEN,true,2025-03-01,true,ASSUMPTION,0
2025-01-01,2025-02-01,SKU003,CH03,UPSIDE,FV_UPSIDE_202502,3210,95426880.0,54553480.84,2326210.84,254917.6,FROZEN,true,2025-03-01,true,ASSUMPTION,-6
2025-01-01,2025-02-01,SKU003,CH03,DOWNSIDE,FV_DOWNSIDE_202502,2880,85616640.0,58297347.18,2372735.06,280929.6,FROZEN,true,2025-03-01,true,ASSUMPTION,14
2025-01-01,2025-02-01,SKU004,CH03,BASE,FV_BASE_202502,5150,133961800.0,93925067.63,3392390.81,379341.67,FROZEN,true,2025-03-01,true,ASSUMPTION,0
2025-01-01,2025-02-01,SKU004,CH03,UPSIDE,FV_UPSIDE_202502,5350,139164200.0,92118816.33,3392390.81,371754.83,FROZEN,true,2025-03-01,true,ASSUMPTION,-6
2025-01-01,2025-02-01,SKU004,CH03,DOWNSIDE,FV_DOWNSIDE_202502,4800,124857600.0,98440695.88,3460238.63,409689.0,FROZEN,true,2025-03-01,true,ASSUMPTION,14
2025-01-01,2025-02-01,SKU005,CH03,BASE,FV_BASE_202502,4120,103341960.0,75749957.14,2616987.2,292635.0,FROZEN,true,2025-03-01,true,ASSUMPTION,0
2025-01-01,2025-02-01,SKU005,CH03,UPSIDE,FV_UPSIDE_202502,4280,107355240.0,74293227.2,2616987.2,286782.3,FROZEN,true,2025-03-01,true,ASSUMPTION,-6
2025-01-01,2025-02-01,SKU005,CH03,DOWNSIDE,FV_DOWNSIDE_202502,3840,96318720.0,79391782.0,2669326.94,316045.8,FROZEN,true,2025-03-01,true,ASSUMPTION,14
2025-01-01,2025-02-01,SKU006,CH03,BASE,FV_BASE_202502,3090,86118300.0,57635836.96,2180822.66,243862.5,FROZEN,true,2025-03-01,true,ASSUMPTION,0
2025-01-01,2025-02-01,SKU006,CH03,UPSIDE,FV_UPSIDE_202502,3210,89462700.0,56527455.48,2180822.66,238985.25,FROZEN,true,2025-03-01,true,ASSUMPTION,-6
2025-01-01,2025-02-01,SKU006,CH03,DOWNSIDE,FV_DOWNSIDE_202502,2880,80265600.0,60406790.66,2224439.11,263371.5,FROZEN,true,2025-03-01,true,ASSUMPTION,14
2025-01-01,2025-02-01,SKU007,CH03,BASE,FV_BASE_202502,5150,110040050.0,96440917.66,2786606.74,311602.08,FROZEN,true,2025-03-01,true,ASSUMPTION,0
2025-01-01,2025-02-01,SKU007,CH03,UPSIDE,FV_UPSIDE_202502,5350,114313450.0,94586284.63,2786606.74,305370.04,FROZEN,true,2025-03-01,true,ASSUMPTION,-6
2025-01-01,2025-02-01,SKU007,CH03,DOWNSIDE,FV_DOWNSIDE_202502,4800,102561600.0,101077500.24,2842338.87,336530.25,FROZEN,true,2025-03-01,true,ASSUMPTION,14
2025-01-01,2025-02-01,SKU008,CH03,BASE,FV_BASE_202502,4120,95687000.0,79287394.75,2423136.29,270958.33,FROZEN,true,2025-03-01,true,ASSUMPTION,0
2025-01-01,2025-02-01,SKU008,CH03,UPSIDE,FV_UPSIDE_202502,4280,99403000.0,77762637.16,2423136.29,265539.17,FROZEN,true,2025-03-01,true,ASSUMPTION,-6
2025-01-01,2025-02-01,SKU008,CH03,DOWNSIDE,FV_DOWNSIDE_202502,3840,89184000.0,83099288.73,2471599.02,292635.0,FROZEN,true,2025-03-01,true,ASSUMPTION,14
2025-01-01,2025-02-01,SKU009,CH03,BASE,FV_BASE_202502,5150,100471350.0,92857737.33,2544293.11,284506.25,FROZEN,true,2025-03-01,true,ASSUMPTION,0
2025-01-01,2025-02-01,SKU009,CH03,UPSIDE,FV_UPSIDE_202502,5350,104373150.0,91072011.61,2544293.11,278816.13,FROZEN,true,2025-03-01,true,ASSUMPTION,-6
2025-01-01,2025-02-01,SKU009,CH03,DOWNSIDE,FV_DOWNSIDE_202502,4800,93643200.0,97322051.62,2595178.97,307266.75,FROZEN,true,2025-03-01,true,ASSUMPTION,14
2025-01-01,2025-02-01,SKU010,CH03,BASE,FV_BASE_202502,4120,91859520.0,73188364.39,2326210.84,260120.0,FROZEN,true,2025-03-01,true,ASSUMPTION,0
2025-01-01,2025-02-01,SKU010,CH03,UPSIDE,FV_UPSIDE_202502,4280,95426880.0,71780895.85,2326210.84,254917.6,FROZEN,true,2025-03-01,true,ASSUMPTION,-6
2025-01-01,2025-02-01,SKU010,CH03,DOWNSIDE,FV_DOWNSIDE_202502,3840,85616640.0,76707035.76,2372735.06,280929.6,FROZEN,true,2025-03-01,true,ASSUMPTION,14
2025-01-01,2025-02-01,SKU011,CH03,BASE,FV_BASE_202502,2060,66980900.0,32019909.42,1696195.41,189670.83,FROZEN,true,2025-03-01,true,ASSUMPTION,0
2025-01-01,2025-02-01,SKU011,CH03,UPSIDE,FV_UPSIDE_202502,2140,69582100.0,31404141.93,1696195.41,185877.42,FROZEN,true,2025-03-01,true,ASSUMPTION,-6
2025-01-01,2025-02-01,SKU011,CH03,DOWNSIDE,FV_DOWNSIDE_202502,1920,62428800.0,33559328.14,1730119.32,204844.5,FROZEN,true,2025-03-01,true,ASSUMPTION,14
2025-01-01,2025-02-01,SKU012,CH03,BASE,FV_BASE_202502,3090,83247690.0,51735025.09,2108128.58,235733.75,FROZEN,true,2025-03-01,true,ASSUMPTION,0
2025-01-01,2025-02-01,SKU012,CH03,UPSIDE,FV_UPSIDE_202502,3210,86480610.0,50740120.76,2108128.58,231019.08,FROZEN,true,2025-03-01,true,ASSUMPTION,-6
2025-01-01,2025-02-01,SKU012,CH03,DOWNSIDE,FV_DOWNSIDE_202502,2880,77590080.0,54222285.91,2150291.15,254592.45,FROZEN,true,2025-03-01,true,ASSUMPTION,14
2025-01-01,2025-02-01,SKU001,CH04,BASE,FV_BASE_202502,2060,60156120.0,37816005.19,1612000.0,170345.0,FROZEN,true,2025-03-01,true,ASSUMPTION,0
2025-01-01,2025-02-01,SKU001,CH04,UPSIDE,FV_UPSIDE_202502,2140,62492280.0,37088774.32,1612000.0,166938.1,FROZEN,true,2025-03-01,true,ASSUMPTION,-6
2025-01-01,2025-02-01,SKU001,CH04,DOWNSIDE,FV_DOWNSIDE_202502,1920,56067840.0,39634082.36,1644240.0,183972.6,FROZEN,true,2025-03-01,true,ASSUMPTION,14
2025-01-01,2025-02-01,SKU002,CH04,BASE,FV_BASE_202502,2060,69858720.0,39523824.78,1872000.0,197820.0,FROZEN,true,2025-03-01,true,ASSUMPTION,0
2025-01-01,2025-02-01,SKU002,CH04,UPSIDE,FV_UPSIDE_202502,2140,72571680.0,38763751.22,1872000.0,193863.6,FROZEN,true,2025-03-01,true,ASSUMPTION,-6
2025-01-01,2025-02-01,SKU002,CH04,DOWNSIDE,FV_DOWNSIDE_202502,1920,65111040.0,41424008.66,1909440.0,213645.6,FROZEN,true,2025-03-01,true,ASSUMPTION,14
2025-01-01,2025-02-01,SKU003,CH04,BASE,FV_BASE_202502,2060,62096640.0,37084082.51,1664000.0,175840.0,FROZEN,true,2025-03-01,true,ASSUMPTION,0
2025-01-01,2025-02-01,SKU003,CH04,UPSIDE,FV_UPSIDE_202502,2140,64508160.0,36370927.07,1664000.0,172323.2,FROZEN,true,2025-03-01,true,ASSUMPTION,-6
2025-01-01,2025-02-01,SKU003,CH04,DOWNSIDE,FV_DOWNSIDE_202502,1920,57876480.0,38866971.09,1697280.0,189907.2,FROZEN,true,2025-03-01,true,ASSUMPTION,14
2025-01-01,2025-02-01,SKU004,CH04,BASE,FV_BASE_202502,2060,54334560.0,37572030.95,1456000.0,153860.0,FROZEN,true,2025-03-01,true,ASSUMPTION,0
2025-01-01,2025-02-01,SKU004,CH04,UPSIDE,FV_UPSIDE_202502,2140,56444640.0,36849491.9,1456000.0,150782.8,FROZEN,true,2025-03-01,true,ASSUMPTION,-6
2025-01-01,2025-02-01,SKU004,CH04,DOWNSIDE,FV_DOWNSIDE_202502,1920,50641920.0,39378378.6,1485120.0,166168.8,FROZEN,true,2025-03-01,true,ASSUMPTION,14
2025-01-01,2025-02-01,SKU005,CH04,BASE,FV_BASE_202502,2060,52394040.0,37876998.74,1404000.0,148365.0,FROZEN,true,2025-03-01,true,ASSUMPTION,0
2025-01-01,2025-02-01,SKU005,CH04,UPSIDE,FV_UPSIDE_202502,2140,54428760.0,37148594.92,1404000.0,145397.7,FROZEN,true,2025-03-01,true,ASSUMPTION,-6
2025-01-01,2025-02-01,SKU005,CH04,DOWNSIDE,FV_DOWNSIDE_202502,1920,48833280.0,39698008.3,1432080.0,160234.2,FROZEN,true,2025-03-01,true,ASSUMPTION,14
2025-01-01,2025-02-01,SKU006,CH04,BASE,FV_BASE_202502,1030,29107800.0,19212970.38,780000.0,82425.0,FROZEN,true,2025-03-01,true,ASSUMPTION,0
2025-01-01,2025-02-01,SKU006,CH04,UPSIDE,FV_UPSIDE_202502,1070,30238200.0,18843490.18,780000.0,80776.5,FROZEN,true,2025-03-01,true,ASSUMPTION,-6
2025-01-01,2025-02-01,SKU006,CH04,DOWNSIDE,FV_DOWNSIDE_202502,960,27129600.0,20136670.88,795600.0,89019.0,FROZEN,true,2025-03-01,true,ASSUMPTION,14
2025-01-01,2025-02-01,SKU007,CH04,BASE,FV_BASE_202502,2060,44631960.0,38578424.64,1196000.0,126385.0,FROZEN,true,2025-03-01,true,ASSUMPTION,0
2025-01-01,2025-02-01,SKU007,CH04,UPSIDE,FV_UPSIDE_202502,2140,46365240.0,37836531.86,1196000.0,123857.3,FROZEN,true,2025-03-01,true,ASSUMPTION,-6
2025-01-01,2025-02-01,SKU007,CH04,DOWNSIDE,FV_DOWNSIDE_202502,1920,41598720.0,40433156.6,1219920.0,136495.8,FROZEN,true,2025-03-01,true,ASSUMPTION,14
2025-01-01,2025-02-01,SKU008,CH04,BASE,FV_BASE_202502,2060,48513000.0,39645811.89,1300000.0,137375.0,FROZEN,true,2025-03-01,true,ASSUMPTION,0
2025-01-01,2025-02-01,SKU008,CH04,UPSIDE,FV_UPSIDE_202502,2140,50397000.0,38883392.43,1300000.0,134627.5,FROZEN,true,2025-03-01,true,ASSUMPTION,-6
2025-01-01,2025-02-01,SKU008,CH04,DOWNSIDE,FV_DOWNSIDE_202502,1920,45216000.0,41551860.54,1326000.0,148365.0,FROZEN,true,2025-03-01,true,ASSUMPTION,14
2025-01-01,2025-02-01,SKU009,CH04,BASE,FV_BASE_202502,2060,40750920.0,37145076.06,1092000.0,115395.0,FROZEN,true,2025-03-01,true,ASSUMPTION,0
2025-01-01,2025-02-01,SKU009,CH04,UPSIDE,FV_UPSIDE_202502,2140,42333480.0,36430747.68,1092000.0,113087.1,FROZEN,true,2025-03-01,true,ASSUMPTION,-6
2025-01-01,2025-02-01,SKU009,CH04,DOWNSIDE,FV_DOWNSIDE_202502,1920,37981440.0,38930897.03,1113840.0,124626.6,FROZEN,true,2025-03-01,true,ASSUMPTION,14
2025-01-01,2025-02-01,SKU010,CH04,BASE,FV_BASE_202502,2060,46572480.0,36596134.05,1248000.0,131880.0,FROZEN,true,2025-03-01,true,ASSUMPTION,0
2025-01-01,2025-02-01,SKU010,CH04,UPSIDE,FV_UPSIDE_202502,2140,48381120.0,35892362.24,1248000.0,129242.4,FROZEN,true,2025-03-01,true,ASSUMPTION,-6
2025-01-01,2025-02-01,SKU010,CH04,DOWNSIDE,FV_DOWNSIDE_202502,1920,43407360.0,38355563.57,1272960.0,142430.4,FROZEN,true,2025-03-01,true,ASSUMPTION,14
2025-01-01,2025-02-01,SKU011,CH04,BASE,FV_BASE_202502,1030,33959100.0,16010808.64,910000.0,96162.5,FROZEN,true,2025-03-01,true,ASSUMPTION,0
2025-01-01,2025-02-01,SKU011,CH04,UPSIDE,FV_UPSIDE_202502,1070,35277900.0,15702908.48,910000.0,94239.25,FROZEN,true,2025-03-01,true,ASSUMPTION,-6
2025-01-01,2025-02-01,SKU011,CH04,DOWNSIDE,FV_DOWNSIDE_202502,960,31651200.0,16780559.06,928200.0,103855.5,FROZEN,true,2025-03-01,true,ASSUMPTION,14
2025-01-01,2025-02-01,SKU012,CH04,BASE,FV_BASE_202502,1030,28137540.0,17245928.17,754000.0,79677.5,FROZEN,true,2025-03-01,true,ASSUMPTION,0
2025-01-01,2025-02-01,SKU012,CH04,UPSIDE,FV_UPSIDE_202502,1070,29230260.0,16914275.7,754000.0,78083.95,FROZEN,true,2025-03-01,true,ASSUMPTION,-6
2025-01-01,2025-02-01,SKU012,CH04,DOWNSIDE,FV_DOWNSIDE_202502,960,26225280.0,18075059.33,769080.0,86051.7,FROZEN,true,2025-03-01,true,ASSUMPTION,14
2025-01-01,2025-02-01,SKU001,CH05,BASE,FV_BASE_202502,3090,91383660.0,53009828.05,2274854.4,258772.5,FROZEN,true,2025-03-01,true,ASSUMPTION,0
2025-01-01,2025-02-01,SKU001,CH05,UPSIDE,FV_UPSIDE_202502,3210,94932540.0,51990408.28,2274854.4,253597.05,FROZEN,true,2025-03-01,true,ASSUMPTION,-6
2025-01-01,2025-02-01,SKU001,CH05,DOWNSIDE,FV_DOWNSIDE_202502,2880,85173120.0,55558377.48,2320351.49,279474.3,FROZEN,true,2025-03-01,true,ASSUMPTION,14
2025-01-01,2025-02-01,SKU002,CH05,BASE,FV_BASE_202502,2060,70748640.0,36935880.2,1761177.6,200340.0,FROZEN,true,2025-03-01,true,ASSUMPTION,0
2025-01-01,2025-02-01,SKU002,CH05,UPSIDE,FV_UPSIDE_202502,2140,73496160.0,36225574.81,1761177.6,196333.2,FROZEN,true,2025-03-01,true,ASSUMPTION,-6
2025-01-01,2025-02-01,SKU002,CH05,DOWNSIDE,FV_DOWNSIDE_202502,1920,65940480.0,38711643.67,1796401.15,216367.2,FROZEN,true,2025-03-01,true,ASSUMPTION,14
2025-01-01,2025-02-01,SKU003,CH05,BASE,FV_BASE_202502,2060,62887680.0,34655887.58,1565491.2,178080.0,FROZEN,true,2025-03-01,true,ASSUMPTION,0
2025-01-01,2025-02-01,SKU003,CH05,UPSIDE,FV_UPSIDE_202502,2140,65329920.0,33989428.21,1565491.2,174518.4,FROZEN,true,2025-03-01,true,ASSUMPTION,-6
2025-01-01,2025-02-01,SKU003,CH05,DOWNSIDE,FV_DOWNSIDE_202502,1920,58613760.0,36322036.02,1596801.02,192326.4,FROZEN,true,2025-03-01,true,ASSUMPTION,14
2025-01-01,2025-02-01,SKU004,CH05,BASE,FV_BASE_202502,3090,82540080.0,52667829.17,2054707.2,233730.0,FROZEN,true,2025-03-01,true,ASSUMPTION,0
2025-01-01,2025-02-01,SKU004,CH05,UPSIDE,FV_UPSIDE_202502,3210,85745520.0,51654986.3,2054707.2,229055.4,FROZEN,true,2025-03-01,true,ASSUMPTION,-6
2025-01-01,2025-02-01,SKU004,CH05,DOWNSIDE,FV_DOWNSIDE_202502,2880,76930560.0,55199936.34,2095801.34,252428.4,FROZEN,true,2025-03-01,true,ASSUMPTION,14
2025-01-01,2025-02-01,SKU005,CH05,BASE,FV_BASE_202502,2060,53061480.0,35396885.18,1320883.2,150255.0,FROZEN,true,2025-03-01,true,ASSUMPTION,0
2025-01-01,2025-02-01,SKU005,CH05,UPSIDE,FV_UPSIDE_202502,2140,55122120.0,34716175.85,1320883.2,147249.9,FROZEN,true,2025-03-01,true,ASSUMPTION,-6
2025-01-01,2025-02-01,SKU005,CH05,DOWNSIDE,FV_DOWNSIDE_202502,1920,49455360.0,37098658.51,1347300.86,162275.4,FROZEN,true,2025-03-01,true,ASSUMPTION,14
2025-01-01,2025-02-01,SKU006,CH05,BASE,FV_BASE_202502,2060,58957200.0,35909883.52,1467648.0,166950.0,FROZEN,true,2025-03-01,true,ASSUMPTION,0
2025-01-01,2025-02-01,SKU006,CH05,UPSIDE,FV_UPSIDE_202502,2140,61246800.0,35219308.83,1467648.0,163611.0,FROZEN,true,2025-03-01,true,ASSUMPTION,-6
2025-01-01,2025-02-01,SKU006,CH05,DOWNSIDE,FV_DOWNSIDE_202502,1920,54950400.0,37636320.22,1497000.96,180306.0,FROZEN,true,2025-03-01,true,ASSUMPTION,14
2025-01-01,2025-02-01,SKU007,CH05,BASE,FV_BASE_202502,3090,67800780.0,54078574.59,1687795.2,191992.5,FROZEN,true,2025-03-01,true,ASSUMPTION,0
2025-01-01,2025-02-01,SKU007,CH05,UPSIDE,FV_UPSIDE_202502,3210,70433820.0,53038602.0,1687795.2,188152.65,FROZEN,true,2025-03-01,true,ASSUMPTION,-6
2025-01-01,2025-02-01,SKU007,CH05,DOWNSIDE,FV_DOWNSIDE_202502,2880,63192960.0,56678506.06,1721551.1,207351.9,FROZEN,true,2025-03-01,true,ASSUMPTION,14
2025-01-01,2025-02-01,SKU008,CH05,BASE,FV_BASE_202502,2060,49131000.0,37049879.83,1223040.0,139125.0,FROZEN,true,2025-03-01,true,ASSUMPTION,0
2025-01-01,2025-02-01,SKU008,CH05,UPSIDE,FV_UPSIDE_202502,2140,51039000.0,36337382.14,1223040.0,136342.5,FROZEN,true,2025-03-01,true,ASSUMPTION,-6
2025-01-01,2025-02-01,SKU008,CH05,DOWNSIDE,FV_DOWNSIDE_202502,1920,45792000.0,38831124.05,1247500.8,150255.0,FROZEN,true,2025-03-01,true,ASSUMPTION,14
2025-01-01,2025-02-01,SKU009,CH05,BASE,FV_BASE_202502,3090,61905060.0,52069331.1,1541030.4,175297.5,FROZEN,true,2025-03-01,true,ASSUMPTION,0
2025-01-01,2025-02-01,SKU009,CH05,UPSIDE,FV_UPSIDE_202502,3210,64309140.0,51067997.81,1541030.4,171791.55,FROZEN,true,2025-03-01,true,ASSUMPTION,-6
2025-01-01,2025-02-01,SKU009,CH05,DOWNSIDE,FV_DOWNSIDE_202502,2880,57697920.0,54572664.33,1571851.01,189321.3,FROZEN,true,2025-03-01,true,ASSUMPTION,14
2025-01-01,2025-02-01,SKU010,CH05,BASE,FV_BASE_202502,2060,47165760.0,34199889.07,1174118.4,133560.0,FROZEN,true,2025-03-01,true,ASSUMPTION,0
2025-01-01,2025-02-01,SKU010,CH05,UPSIDE,FV_UPSIDE_202502,2140,48997440.0,33542198.89,1174118.4,130888.8,FROZEN,true,2025-03-01,true,ASSUMPTION,-6
2025-01-01,2025-02-01,SKU010,CH05,DOWNSIDE,FV_DOWNSIDE_202502,1920,43960320.0,35844114.5,1197600.77,144244.8,FROZEN,true,2025-03-01,true,ASSUMPTION,14
2025-01-01,2025-02-01,SKU011,CH05,BASE,FV_BASE_202502,1030,34391700.0,14962451.46,856128.0,97387.5,FROZEN,true,2025-03-01,true,ASSUMPTION,0
2025-01-01,2025-02-01,SKU011,CH05,UPSIDE,FV_UPSIDE_202502,1070,35727300.0,14674712.01,856128.0,95439.75,FROZEN,true,2025-03-01,true,ASSUMPTION,-6
2025-01-01,2025-02-01,SKU011,CH05,DOWNSIDE,FV_DOWNSIDE_202502,960,32054400.0,15681800.09,873250.56,105178.5,FROZEN,true,2025-03-01,true,ASSUMPTION,14
2025-01-01,2025-02-01,SKU012,CH05,BASE,FV_BASE_202502,2060,56991960.0,32233395.46,1418726.4,161385.0,FROZEN,true,2025-03-01,true,ASSUMPTION,0
2025-01-01,2025-02-01,SKU012,CH05,UPSIDE,FV_UPSIDE_202502,2140,59205240.0,31613522.47,1418726.4,158157.3,FROZEN,true,2025-03-01,true,ASSUMPTION,-6
2025-01-01,2025-02-01,SKU012,CH05,DOWNSIDE,FV_DOWNSIDE_202502,1920,53118720.0,33783077.93,1447100.93,174295.8,FROZEN,true,2025-03-01,true,ASSUMPTION,14
2025-02-01,2025-03-01,SKU001,CH01,BASE,FV_BASE_202503,8240,243689760.0,147566460.35,6330457.04,690060.0,FROZEN,true,2025-04-01,true,ASSUMPTION,0
2025-02-01,2025-03-01,SKU001,CH01,UPSIDE,FV_UPSIDE_202503,8560,253153440.0,144728643.81,6330457.04,676258.8,FROZEN,true,2025-04-01,true,ASSUMPTION,-6
2025-02-01,2025-03-01,SKU001,CH01,DOWNSIDE,FV_DOWNSIDE_202503,7680,227128320.0,154661001.71,6457066.18,745264.8,FROZEN,true,2025-04-01,true,ASSUMPTION,14
2025-02-01,2025-03-01,SKU002,CH01,BASE,FV_BASE_202503,6180,212245920.0,115673064.08,5513623.88,601020.0,FROZEN,true,2025-04-01,true,ASSUMPTION,0
2025-02-01,2025-03-01,SKU002,CH01,UPSIDE,FV_UPSIDE_202503,6420,220488480.0,113448582.08,5513623.88,588999.6,FROZEN,true,2025-04-01,true,ASSUMPTION,-6
2025-02-01,2025-03-01,SKU002,CH01,DOWNSIDE,FV_DOWNSIDE_202503,5760,197821440.0,121234269.09,5623896.36,649101.6,FROZEN,true,2025-04-01,true,ASSUMPTION,14
2025-02-01,2025-03-01,SKU003,CH01,BASE,FV_BASE_202503,5150,157219200.0,90443959.57,4084165.83,445200.0,FROZEN,true,2025-04-01,true,ASSUMPTION,0
2025-02-01,2025-03-01,SKU003,CH01,UPSIDE,FV_UPSIDE_202503,5350,163324800.0,88704652.65,4084165.83,436296.0,FROZEN,true,2025-04-01,true,ASSUMPTION,-6
2025-02-01,2025-03-01,SKU003,CH01,DOWNSIDE,FV_DOWNSIDE_202503,4800,146534400.0,94792226.86,4165849.15,480816.0,FROZEN,true,2025-04-01,true,ASSUMPTION,14
2025-02-01,2025-03-01,SKU004,CH01,BASE,FV_BASE_202503,8240,220106880.0,146614418.67,5717832.17,623280.0,FROZEN,true,2025-04-01,true,ASSUMPTION,0
2025-02-01,2025-03-01,SKU004,CH01,UPSIDE,FV_UPSIDE_202503,8560,228654720.0,143794910.62,5717832.17,610814.4,FROZEN,true,2025-04-01,true,ASSUMPTION,-6
2025-02-01,2025-03-01,SKU004,CH01,DOWNSIDE,FV_DOWNSIDE_202503,7680,205148160.0,153663188.8,5832188.81,673142.4,FROZEN,true,2025-04-01,true,ASSUMPTION,14
2025-02-01,2025-03-01,SKU005,CH01,BASE,FV_BASE_202503,6180,159184440.0,110853353.07,4135217.91,450765.0,FROZEN,true,2025-04-01,true,ASSUMPTION,0
2025-02-01,2025-03-01,SKU005,CH01,UPSIDE,FV_UPSIDE_202503,6420,165366360.0,108721557.82,4135217.91,441749.7,FROZEN,true,2025-04-01,true,ASSUMPTION,-6
2025-02-01,2025-03-01,SKU005,CH01,DOWNSIDE,FV_DOWNSIDE_202503,5760,148366080.0,116182841.2,4217922.27,486826.2,FROZEN,true,2025-04-01,true,ASSUMPTION,14
2025-02-01,2025-03-01,SKU006,CH01,BASE,FV_BASE_202503,5150,147393000.0,93716602.84,3828905.47,417375.0,FROZEN,true,2025-04-01,true,ASSUMPTION,0
2025-02-01,2025-03-01,SKU006,CH01,UPSIDE,FV_UPSIDE_202503,5350,153117000.0,91914360.48,3828905.47,409027.5,FROZEN,true,2025-04-01,true,ASSUMPTION,-6
2025-02-01,2025-03-01,SKU006,CH01,DOWNSIDE,FV_DOWNSIDE_202503,4800,137376000.0,98222208.75,3905483.58,450765.0,FROZEN,true,2025-04-01,true,ASSUMPTION,14
2025-02-01,2025-03-01,SKU007,CH01,BASE,FV_BASE_202503,9270,203402340.0,169359289.42,5283889.55,575977.5,FROZEN,true,2025-04-01,true,ASSUMPTION,0
2025-02-01,2025-03-01,SKU007,CH01,UPSIDE,FV_UPSIDE_202503,9630,211301460.0,166102380.01,5283889.55,564457.95,FROZEN,true,2025-04-01,true,ASSUMPTION,-6
2025-02-01,2025-03-01,SKU007,CH01,DOWNSIDE,FV_DOWNSIDE_202503,8640,189578880.0,177501562.95,5389567.34,622055.7,FROZEN,true,2025-04-01,true,ASSUMPTION,14
2025-02-01,2025-03-01,SKU008,CH01,BASE,FV_BASE_202503,7210,171958500.0,135368426.33,4467056.38,486937.5,FROZEN,true,2025-04-01,true,ASSUMPTION,0
2025-02-01,2025-03-01,SKU008,CH01,UPSIDE,FV_UPSIDE_202503,7490,178636500.0,132765187.36,4467056.38,477198.75,FROZEN,true,2025-04-01,true,ASSUMPTION,-6
2025-02-01,2025-03-01,SKU008,CH01,DOWNSIDE,FV_DOWNSIDE_202503,6720,160272000.0,141876523.75,4556397.51,525892.5,FROZEN,true,2025-04-01,true,ASSUMPTION,14
2025-02-01,2025-03-01,SKU009,CH01,BASE,FV_BASE_202503,8240,165080160.0,144948345.73,4288374.13,467460.0,FROZEN,true,2025-04-01,true,ASSUMPTION,0
2025-02-01,2025-03-01,SKU009,CH01,UPSIDE,FV_UPSIDE_202503,8560,171491040.0,142160877.55,4288374.13,458110.8,FROZEN,true,2025-04-01,true,ASSUMPTION,-6
2025-02-01,2025-03-01,SKU009,CH01,DOWNSIDE,FV_DOWNSIDE_202503,7680,153861120.0,151917016.2,4374141.61,504856.8,FROZEN,true,2025-04-01,true,ASSUMPTION,14
2025-02-01,2025-03-01,SKU010,CH01,BASE,FV_BASE_202503,6180,141497280.0,107104688.96,3675749.25,400680.0,FROZEN,true,2025-04-01,true,ASSUMPTION,0
2025-02-01,2025-03-01,SKU010,CH01,UPSIDE,FV_UPSIDE_202503,6420,146992320.0,105044983.41,3675749.25,392666.4,FROZEN,true,2025-04-01,true,ASSUMPTION,-6
2025-02-01,2025-03-01,SKU010,CH01,DOWNSIDE,FV_DOWNSIDE_202503,5760,131880960.0,112253952.86,3749264.24,432734.4,FROZEN,true,2025-04-01,true,ASSUMPTION,14
2025-02-01,2025-03-01,SKU011,CH01,BASE,FV_BASE_202503,4120,137566800.0,62477735.23,3573645.11,389550.0,FROZEN,true,2025-04-01,true,ASSUMPTION,0
2025-02-01,2025-03-01,SKU011,CH01,UPSIDE,FV_UPSIDE_202503,4280,142909200.0,61276240.32,3573645.11,381759.0,FROZEN,true,2025-04-01,true,ASSUMPTION,-6
2025-02-01,2025-03-01,SKU011,CH01,DOWNSIDE,FV_DOWNSIDE_202503,3840,128217600.0,65481472.5,3645118.01,420714.0,FROZEN,true,2025-04-01,true,ASSUMPTION,14
2025-02-01,2025-03-01,SKU012,CH01,BASE,FV_BASE_202503,5150,142479900.0,84121807.8,3701275.29,403462.5,FROZEN,true,2025-04-01,true,ASSUMPTION,0
2025-02-01,2025-03-01,SKU012,CH01,UPSIDE,FV_UPSIDE_202503,5350,148013100.0,82504080.72,3701275.29,395393.25,FROZEN,true,2025-04-01,true,ASSUMPTION,-6
2025-02-01,2025-03-01,SKU012,CH01,DOWNSIDE,FV_DOWNSIDE_202503,4800,132796800.0,88166125.48,3775300.8,435739.5,FROZEN,true,2025-04-01,true,ASSUMPTION,14
2025-02-01,2025-03-01,SKU001,CH02,BASE,FV_BASE_202503,6180,182767320.0,108619546.44,6882509.02,517545.0,FROZEN,true,2025-04-01,true,ASSUMPTION,0
2025-02-01,2025-03-01,SKU001,CH02,UPSIDE,FV_UPSIDE_202503,6420,189865080.0,106530709.01,6882509.02,507194.1,FROZEN,true,2025-04-01,true,ASSUMPTION,-6
2025-02-01,2025-03-01,SKU001,CH02,DOWNSIDE,FV_DOWNSIDE_202503,5760,170346240.0,113841640.02,7020159.2,558948.6,FROZEN,true,2025-04-01,true,ASSUMPTION,14
2025-02-01,2025-03-01,SKU002,CH02,BASE,FV_BASE_202503,5150,176871600.0,94604121.09,6660492.6,500850.0,FROZEN,true,2025-04-01,true,ASSUMPTION,0
2025-02-01,2025-03-01,SKU002,CH02,UPSIDE,FV_UPSIDE_202503,5350,183740400.0,92784811.07,6660492.6,490833.0,FROZEN,true,2025-04-01,true,ASSUMPTION,-6
2025-02-01,2025-03-01,SKU002,CH02,DOWNSIDE,FV_DOWNSIDE_202503,4800,164851200.0,99152396.14,6793702.45,540918.0,FROZEN,true,2025-04-01,true,ASSUMPTION,14
2025-02-01,2025-03-01,SKU003,CH02,BASE,FV_BASE_202503,4120,125775360.0,71011488.42,4736350.29,356160.0,FROZEN,true,2025-04-01,true,ASSUMPTION,0
2025-02-01,2025-03-01,SKU003,CH02,UPSIDE,FV_UPSIDE_202503,4280,130659840.0,69645882.88,4736350.29,349036.8,FROZEN,true,2025-04-01,true,ASSUMPTION,-6
2025-02-01,2025-03-01,SKU003,CH02,DOWNSIDE,FV_DOWNSIDE_202503,3840,117227520.0,74425502.29,4831077.3,384652.8,FROZEN,true,2025-04-01,true,ASSUMPTION,14
2025-02-01,2025-03-01,SKU004,CH02,BASE,FV_BASE_202503,6180,165080160.0,107918775.17,6216459.76,467460.0,FROZEN,true,2025-04-01,true,ASSUMPTION,0
2025-02-01,2025-03-01,SKU004,CH02,UPSIDE,FV_UPSIDE_202503,6420,171491040.0,105843414.11,6216459.76,458110.8,FROZEN,true,2025-04-01,true,ASSUMPTION,-6
2025-02-01,2025-03-01,SKU004,CH02,DOWNSIDE,FV_DOWNSIDE_202503,5760,153861120.0,113107177.82,6340788.96,504856.8,FROZEN,true,2025-04-01,true,ASSUMPTION,14
2025-02-01,2025-03-01,SKU005,CH02,BASE,FV_BASE_202503,5150,132653700.0,90662282.71,4995369.45,375637.5,FROZEN,true,2025-04-01,true,ASSUMPTION,0
2025-02-01,2025-03-01,SKU005,CH02,UPSIDE,FV_UPSIDE_202503,5350,137805300.0,88918777.28,4995369.45,368124.75,FROZEN,true,2025-04-01,true,ASSUMPTION,-6
2025-02-01,2025-03-01,SKU005,CH02,DOWNSIDE,FV_DOWNSIDE_202503,4800,123638400.0,95021046.31,5095276.84,405688.5,FROZEN,true,2025-04-01,true,ASSUMPTION,14
2025-02-01,2025-03-01,SKU006,CH02,BASE,FV_BASE_202503,4120,117914400.0,73580983.07,4440328.4,333900.0,FROZEN,true,2025-04-01,true,ASSUMPTION,0
2025-02-01,2025-03-01,SKU006,CH02,UPSIDE,FV_UPSIDE_202503,4280,122493600.0,72165964.17,4440328.4,327222.0,FROZEN,true,2025-04-01,true,ASSUMPTION,-6
2025-02-01,2025-03-01,SKU006,CH02,DOWNSIDE,FV_DOWNSIDE_202503,3840,109900800.0,77118530.33,4529134.97,360612.0,FROZEN,true,2025-04-01,true,ASSUMPTION,14
2025-02-01,2025-03-01,SKU007,CH02,BASE,FV_BASE_202503,7210,158201820.0,129277699.43,5957440.6,447982.5,FROZEN,true,2025-04-01,true,ASSUMPTION,0
2025-02-01,2025-03-01,SKU007,CH02,UPSIDE,FV_UPSIDE_202503,7490,164345580.0,126791589.82,5957440.6,439022.85,FROZEN,true,2025-04-01,true,ASSUMPTION,-6
2025-02-01,2025-03-01,SKU007,CH02,DOWNSIDE,FV_DOWNSIDE_202503,6720,147450240.0,135492973.44,6076589.41,483821.1,FROZEN,true,2025-04-01,true,ASSUMPTION,14
2025-02-01,2025-03-01,SKU008,CH02,BASE,FV_BASE_202503,5150,122827500.0,94896109.12,4625342.08,347812.5,FROZEN,true,2025-04-01,true,ASSUMPTION,0
2025-02-01,2025-03-01,SKU008,CH02,UPSIDE,FV_UPSIDE_202503,5350,127597500.0,93071183.95,4625342.08,340856.25,FROZEN,true,2025-04-01,true,ASSUMPTION,-6
2025-02-01,2025-03-01,SKU008,CH02,DOWNSIDE,FV_DOWNSIDE_202503,4800,114480000.0,99458422.06,4717848.92,375637.5,FROZEN,true,2025-04-01,true,ASSUMPTION,14
2025-02-01,2025-03-01,SKU009,CH02,BASE,FV_BASE_202503,6180,123810120.0,106692425.46,4662344.82,350595.0,FROZEN,true,2025-04-01,true,ASSUMPTION,0
2025-02-01,2025-03-01,SKU009,CH02,UPSIDE,FV_UPSIDE_202503,6420,128618280.0,104640648.04,4662344.82,343583.1,FROZEN,true,2025-04-01,true,ASSUMPTION,-6
2025-02-01,2025-03-01,SKU009,CH02,DOWNSIDE,FV_DOWNSIDE_202503,5760,115395840.0,111821868.99,4755591.72,378642.6,FROZEN,true,2025-04-01,true,ASSUMPTION,14
2025-02-01,2025-03-01,SKU010,CH02,BASE,FV_BASE_202503,5150,117914400.0,87596408.42,4440328.4,333900.0,FROZEN,true,2025-04-01,true,ASSUMPTION,0
2025-02-01,2025-03-01,SKU010,CH02,UPSIDE,FV_UPSIDE_202503,5350,122493600.0,85911862.11,4440328.4,327222.0,FROZEN,true,2025-04-01,true,ASSUMPTION,-6
2025-02-01,2025-03-01,SKU010,CH02,DOWNSIDE,FV_DOWNSIDE_202503,4800,109900800.0,91807774.21,4529134.97,360612.0,FROZEN,true,2025-04-01,true,ASSUMPTION,14
2025-02-01,2025-03-01,SKU011,CH02,BASE,FV_BASE_202503,3090,103175100.0,45988114.42,3885287.35,292162.5,FROZEN,true,2025-04-01,true,ASSUMPTION,0
2025-02-01,2025-03-01,SKU011,CH02,UPSIDE,FV_UPSIDE_202503,3210,107181900.0,45103727.61,3885287.35,286319.25,FROZEN,true,2025-04-01,true,ASSUMPTION,-6
2025-02-01,2025-03-01,SKU011,CH02,DOWNSIDE,FV_DOWNSIDE_202503,2880,96163200.0,48199081.46,3962993.1,315535.5,FROZEN,true,2025-04-01,true,ASSUMPTION,14
2025-02-01,2025-03-01,SKU012,CH02,BASE,FV_BASE_202503,4120,113983920.0,66047691.93,4292317.45,322770.0,FROZEN,true,2025-04-01,true,ASSUMPTION,0
2025-02-01,2025-03-01,SKU012,CH02,UPSIDE,FV_UPSIDE_202503,4280,118410480.0,64777544.01,4292317.45,316314.6,FROZEN,true,2025-04-01,true,ASSUMPTION,-6
2025-02-01,2025-03-01,SKU012,CH02,DOWNSIDE,FV_DOWNSIDE_202503,3840,106237440.0,69223061.74,4378163.8,348591.6,FROZEN,true,2025-04-01,true,ASSUMPTION,14
2025-02-01,2025-03-01,SKU001,CH03,BASE,FV_BASE_202503,5150,148314850.0,99819885.27,3965830.18,419985.42,FROZEN,true,2025-04-01,true,ASSUMPTION,0
2025-02-01,2025-03-01,SKU001,CH03,UPSIDE,FV_UPSIDE_202503,5350,154074650.0,97900272.09,3965830.18,411585.71,FROZEN,true,2025-04-01,true,ASSUMPTION,-6
2025-02-01,2025-03-01,SKU001,CH03,DOWNSIDE,FV_DOWNSIDE_202503,4800,138235200.0,104618918.21,4045146.78,453584.25,FROZEN,true,2025-04-01,true,ASSUMPTION,14
2025-02-01,2025-03-01,SKU002,CH03,BASE,FV_BASE_202503,4120,137789280.0,83462304.07,3684384.17,390180.0,FROZEN,true,2025-04-01,true,ASSUMPTION,0
2025-02-01,2025-03-01,SKU002,CH03,UPSIDE,FV_UPSIDE_202503,4280,143140320.0,81857259.76,3684384.17,382376.4,FROZEN,true,2025-04-01,true,ASSUMPTION,-6
2025-02-01,2025-03-01,SKU002,CH03,DOWNSIDE,FV_DOWNSIDE_202503,3840,128424960.0,87474914.84,3758071.85,421394.4,FROZEN,true,2025-04-01,true,ASSUMPTION,14
2025-02-01,2025-03-01,SKU003,CH03,BASE,FV_BASE_202503,3090,91859520.0,58732732.49,2456256.11,260120.0,FROZEN,true,2025-04-01,true,ASSUMPTION,0
2025-02-01,2025-03-01,SKU003,CH03,UPSIDE,FV_UPSIDE_202503,3210,95426880.0,57603256.86,2456256.11,254917.6,FROZEN,true,2025-04-01,true,ASSUMPTION,-6
2025-02-01,2025-03-01,SKU003,CH03,DOWNSIDE,FV_DOWNSIDE_202503,2880,85616640.0,61556421.55,2505381.23,280929.6,FROZEN,true,2025-04-01,true,ASSUMPTION,14
2025-02-01,2025-03-01,SKU004,CH03,BASE,FV_BASE_202503,5150,133961800.0,99175886.0,3582040.16,379341.67,FROZEN,true,2025-04-01,true,ASSUMPTION,0
2025-02-01,2025-03-01,SKU004,CH03,UPSIDE,FV_UPSIDE_202503,5350,139164200.0,97268657.43,3582040.16,371754.83,FROZEN,true,2025-04-01,true,ASSUMPTION,-6
2025-02-01,2025-03-01,SKU004,CH03,DOWNSIDE,FV_DOWNSIDE_202503,4800,124857600.0,103943957.45,3653680.96,409689.0,FROZEN,true,2025-04-01,true,ASSUMPTION,14
2025-02-01,2025-03-01,SKU005,CH03,BASE,FV_BASE_202503,4120,103341960.0,79984708.07,2763288.12,292635.0,FROZEN,true,2025-04-01,true,ASSUMPTION,0
2025-02-01,2025-03-01,SKU005,CH03,UPSIDE,FV_UPSIDE_202503,4280,107355240.0,78446540.6,2763288.12,286782.3,FROZEN,true,2025-04-01,true,ASSUMPTION,-6
2025-02-01,2025-03-01,SKU005,CH03,DOWNSIDE,FV_DOWNSIDE_202503,3840,96318720.0,83830126.72,2818553.88,316045.8,FROZEN,true,2025-04-01,true,ASSUMPTION,14
2025-02-01,2025-03-01,SKU006,CH03,BASE,FV_BASE_202503,3090,86118300.0,60857930.05,2302740.1,243862.5,FROZEN,true,2025-04-01,true,ASSUMPTION,0
2025-02-01,2025-03-01,SKU006,CH03,UPSIDE,FV_UPSIDE_202503,3210,89462700.0,59687585.24,2302740.1,238985.25,FROZEN,true,2025-04-01,true,ASSUMPTION,-6
2025-02-01,2025-03-01,SKU006,CH03,DOWNSIDE,FV_DOWNSIDE_202503,2880,80265600.0,63783792.07,2348794.9,263371.5,FROZEN,true,2025-04-01,true,ASSUMPTION,14
2025-02-01,2025-03-01,SKU007,CH03,BASE,FV_BASE_202503,5150,110040050.0,101832382.95,2942390.13,311602.08,FROZEN,true,2025-04-01,true,ASSUMPTION,0
2025-02-01,2025-03-01,SKU007,CH03,UPSIDE,FV_UPSIDE_202503,5350,114313450.0,99874067.9,2942390.13,305370.04,FROZEN,true,2025-04-01,true,ASSUMPTION,-6
2025-02-01,2025-03-01,SKU007,CH03,DOWNSIDE,FV_DOWNSIDE_202503,4800,102561600.0,106728170.6,3001237.93,336530.25,FROZEN,true,2025-04-01,true,ASSUMPTION,14
2025-02-01,2025-03-01,SKU008,CH03,BASE,FV_BASE_202503,4120,95687000.0,83719903.77,2558600.12,270958.33,FROZEN,true,2025-04-01,true,ASSUMPTION,0
2025-02-01,2025-03-01,SKU008,CH03,UPSIDE,FV_UPSIDE_202503,4280,99403000.0,82109905.62,2558600.12,265539.17,FROZEN,true,2025-04-01,true,ASSUMPTION,-6
2025-02-01,2025-03-01,SKU008,CH03,DOWNSIDE,FV_DOWNSIDE_202503,3840,89184000.0,87744899.14,2609772.12,292635.0,FROZEN,true,2025-04-01,true,ASSUMPTION,14
2025-02-01,2025-03-01,SKU009,CH03,BASE,FV_BASE_202503,5150,100471350.0,98048887.3,2686530.12,284506.25,FROZEN,true,2025-04-01,true,ASSUMPTION,0
2025-02-01,2025-03-01,SKU009,CH03,UPSIDE,FV_UPSIDE_202503,5350,104373150.0,96163331.78,2686530.12,278816.13,FROZEN,true,2025-04-01,true,ASSUMPTION,-6
2025-02-01,2025-03-01,SKU009,CH03,DOWNSIDE,FV_DOWNSIDE_202503,4800,93643200.0,102762776.11,2740260.72,307266.75,FROZEN,true,2025-04-01,true,ASSUMPTION,14
2025-02-01,2025-03-01,SKU010,CH03,BASE,FV_BASE_202503,4120,91859520.0,77279911.18,2456256.11,260120.0,FROZEN,true,2025-04-01,true,ASSUMPTION,0
2025-02-01,2025-03-01,SKU010,CH03,UPSIDE,FV_UPSIDE_202503,4280,95426880.0,75793759.04,2456256.11,254917.6,FROZEN,true,2025-04-01,true,ASSUMPTION,-6
2025-02-01,2025-03-01,SKU010,CH03,DOWNSIDE,FV_DOWNSIDE_202503,3840,85616640.0,80995291.52,2505381.23,280929.6,FROZEN,true,2025-04-01,true,ASSUMPTION,14
2025-02-01,2025-03-01,SKU011,CH03,BASE,FV_BASE_202503,2060,66980900.0,33809961.14,1791020.08,189670.83,FROZEN,true,2025-04-01,true,ASSUMPTION,0
2025-02-01,2025-03-01,SKU011,CH03,UPSIDE,FV_UPSIDE_202503,2140,69582100.0,33159769.58,1791020.08,185877.42,FROZEN,true,2025-04-01,true,ASSUMPTION,-6
2025-02-01,2025-03-01,SKU011,CH03,DOWNSIDE,FV_DOWNSIDE_202503,1920,62428800.0,35435440.04,1826840.48,204844.5,FROZEN,true,2025-04-01,true,ASSUMPTION,14
2025-02-01,2025-03-01,SKU012,CH03,BASE,FV_BASE_202503,3090,83247690.0,54627237.19,2225982.1,235733.75,FROZEN,true,2025-04-01,true,ASSUMPTION,0
2025-02-01,2025-03-01,SKU012,CH03,UPSIDE,FV_UPSIDE_202503,3210,86480610.0,53576713.4,2225982.1,231019.08,FROZEN,true,2025-04-01,true,ASSUMPTION,-6
2025-02-01,2025-03-01,SKU012,CH03,DOWNSIDE,FV_DOWNSIDE_202503,2880,77590080.0,57253546.67,2270501.74,254592.45,FROZEN,true,2025-04-01,true,ASSUMPTION,14
2025-02-01,2025-03-01,SKU001,CH04,BASE,FV_BASE_202503,2060,60156120.0,36354371.6,1555704.0,170345.0,FROZEN,true,2025-04-01,true,ASSUMPTION,0
2025-02-01,2025-03-01,SKU001,CH04,UPSIDE,FV_UPSIDE_202503,2140,62492280.0,35655249.07,1555704.0,166938.1,FROZEN,true,2025-04-01,true,ASSUMPTION,-6
2025-02-01,2025-03-01,SKU001,CH04,DOWNSIDE,FV_DOWNSIDE_202503,1920,56067840.0,38102177.93,1586818.08,183972.6,FROZEN,true,2025-04-01,true,ASSUMPTION,14
2025-02-01,2025-03-01,SKU002,CH04,BASE,FV_BASE_202503,2060,69858720.0,37996181.93,1806624.0,197820.0,FROZEN,true,2025-04-01,true,ASSUMPTION,0
2025-02-01,2025-03-01,SKU002,CH04,UPSIDE,FV_UPSIDE_202503,2140,72571680.0,37265486.13,1806624.0,193863.6,FROZEN,true,2025-04-01,true,ASSUMPTION,-6
2025-02-01,2025-03-01,SKU002,CH04,DOWNSIDE,FV_DOWNSIDE_202503,1920,65111040.0,39822921.45,1842756.48,213645.6,FROZEN,true,2025-04-01,true,ASSUMPTION,14
2025-02-01,2025-03-01,SKU003,CH04,BASE,FV_BASE_202503,2060,62096640.0,35650738.6,1605888.0,175840.0,FROZEN,true,2025-04-01,true,ASSUMPTION,0
2025-02-01,2025-03-01,SKU003,CH04,UPSIDE,FV_UPSIDE_202503,2140,64508160.0,34965147.48,1605888.0,172323.2,FROZEN,true,2025-04-01,true,ASSUMPTION,-6
2025-02-01,2025-03-01,SKU003,CH04,DOWNSIDE,FV_DOWNSIDE_202503,1920,57876480.0,37364716.42,1638005.76,189907.2,FROZEN,true,2025-04-01,true,ASSUMPTION,14
2025-02-01,2025-03-01,SKU004,CH04,BASE,FV_BASE_202503,2060,54334560.0,36119827.28,1405152.0,153860.0,FROZEN,true,2025-04-01,true,ASSUMPTION,0
2025-02-01,2025-03-01,SKU004,CH04,UPSIDE,FV_UPSIDE_202503,2140,56444640.0,35425215.21,1405152.0,150782.8,FROZEN,true,2025-04-01,true,ASSUMPTION,-6
2025-02-01,2025-03-01,SKU004,CH04,DOWNSIDE,FV_DOWNSIDE_202503,1920,50641920.0,37856357.43,1433255.04,166168.8,FROZEN,true,2025-04-01,true,ASSUMPTION,14
2025-02-01,2025-03-01,SKU005,CH04,BASE,FV_BASE_202503,2060,52394040.0,36413007.69,1354968.0,148365.0,FROZEN,true,2025-04-01,true,ASSUMPTION,0
2025-02-01,2025-03-01,SKU005,CH04,UPSIDE,FV_UPSIDE_202503,2140,54428760.0,35712757.54,1354968.0,145397.7,FROZEN,true,2025-04-01,true,ASSUMPTION,-6
2025-02-01,2025-03-01,SKU005,CH04,DOWNSIDE,FV_DOWNSIDE_202503,1920,48833280.0,38163633.06,1382067.36,160234.2,FROZEN,true,2025-04-01,true,ASSUMPTION,14
2025-02-01,2025-03-01,SKU006,CH04,BASE,FV_BASE_202503,1030,29107800.0,18470366.22,752760.0,82425.0,FROZEN,true,2025-04-01,true,ASSUMPTION,0
2025-02-01,2025-03-01,SKU006,CH04,UPSIDE,FV_UPSIDE_202503,1070,30238200.0,18115166.87,752760.0,80776.5,FROZEN,true,2025-04-01,true,ASSUMPTION,-6
2025-02-01,2025-03-01,SKU006,CH04,DOWNSIDE,FV_DOWNSIDE_202503,960,27129600.0,19358364.6,767815.2,89019.0,FROZEN,true,2025-04-01,true,ASSUMPTION,14
2025-02-01,2025-03-01,SKU007,CH04,BASE,FV_BASE_202503,3090,66947940.0,55630983.97,1731348.0,189577.5,FROZEN,true,2025-04-01,true,ASSUMPTION,0
2025-02-01,2025-03-01,SKU007,CH04,UPSIDE,FV_UPSIDE_202503,3210,69547860.0,54561157.35,1731348.0,185785.95,FROZEN,true,2025-04-01,true,ASSUMPTION,-6
2025-02-01,2025-03-01,SKU007,CH04,DOWNSIDE,FV_DOWNSIDE_202503,2880,62398080.0,58305550.51,1765974.96,204743.7,FROZEN,true,2025-04-01,true,ASSUMPTION,14
2025-02-01,2025-03-01,SKU008,CH04,BASE,FV_BASE_202503,2060,48513000.0,38113454.1,1254600.0,137375.0,FROZEN,true,2025-04-01,true,ASSUMPTION,0
2025-02-01,2025-03-01,SKU008,CH04,UPSIDE,FV_UPSIDE_202503,2140,50397000.0,37380503.06,1254600.0,134627.5,FROZEN,true,2025-04-01,true,ASSUMPTION,-6
2025-02-01,2025-03-01,SKU008,CH04,DOWNSIDE,FV_DOWNSIDE_202503,1920,45216000.0,39945831.7,1279692.0,148365.0,FROZEN,true,2025-04-01,true,ASSUMPTION,14
2025-02-01,2025-03-01,SKU009,CH04,BASE,FV_BASE_202503,2060,40750920.0,35709374.69,1053864.0,115395.0,FROZEN,true,2025-04-01,true,ASSUMPTION,0
2025-02-01,2025-03-01,SKU009,CH04,UPSIDE,FV_UPSIDE_202503,2140,42333480.0,35022655.94,1053864.0,113087.1,FROZEN,true,2025-04-01,true,ASSUMPTION,-6
2025-02-01,2025-03-01,SKU009,CH04,DOWNSIDE,FV_DOWNSIDE_202503,1920,37981440.0,37426171.55,1074941.28,124626.6,FROZEN,true,2025-04-01,true,ASSUMPTION,14
2025-02-01,2025-03-01,SKU010,CH04,BASE,FV_BASE_202503,2060,46572480.0,35181649.94,1204416.0,131880.0,FROZEN,true,2025-04-01,true,ASSUMPTION,0
2025-02-01,2025-03-01,SKU010,CH04,UPSIDE,FV_UPSIDE_202503,2140,48381120.0,34505079.75,1204416.0,129242.4,FROZEN,true,2025-04-01,true,ASSUMPTION,-6
2025-02-01,2025-03-01,SKU010,CH04,DOWNSIDE,FV_DOWNSIDE_202503,1920,43407360.0,36873075.42,1228504.32,142430.4,FROZEN,true,2025-04-01,true,ASSUMPTION,14
2025-02-01,2025-03-01,SKU011,CH04,BASE,FV_BASE_202503,1030,33959100.0,15391971.85,878220.0,96162.5,FROZEN,true,2025-04-01,true,ASSUMPTION,0
2025-02-01,2025-03-01,SKU011,CH04,UPSIDE,FV_UPSIDE_202503,1070,35277900.0,15095972.39,878220.0,94239.25,FROZEN,true,2025-04-01,true,ASSUMPTION,-6
2025-02-01,2025-03-01,SKU011,CH04,DOWNSIDE,FV_DOWNSIDE_202503,960,31651200.0,16131970.49,895784.4,103855.5,FROZEN,true,2025-04-01,true,ASSUMPTION,14
2025-02-01,2025-03-01,SKU012,CH04,BASE,FV_BASE_202503,2060,56275080.0,33158705.09,1455336.0,159355.0,FROZEN,true,2025-04-01,true,ASSUMPTION,0
2025-02-01,2025-03-01,SKU012,CH04,UPSIDE,FV_UPSIDE_202503,2140,58460520.0,32521037.69,1455336.0,156167.9,FROZEN,true,2025-04-01,true,ASSUMPTION,-6
2025-02-01,2025-03-01,SKU012,CH04,DOWNSIDE,FV_DOWNSIDE_202503,1920,52450560.0,34752873.61,1484442.72,172103.4,FROZEN,true,2025-04-01,true,ASSUMPTION,14
2025-02-01,2025-03-01,SKU001,CH05,BASE,FV_BASE_202503,3090,91383660.0,55682788.3,2389561.34,258772.5,FROZEN,true,2025-04-01,true,ASSUMPTION,0
2025-02-01,2025-03-01,SKU001,CH05,UPSIDE,FV_UPSIDE_202503,3210,94932540.0,54611965.45,2389561.34,253597.05,FROZEN,true,2025-04-01,true,ASSUMPTION,-6
2025-02-01,2025-03-01,SKU001,CH05,DOWNSIDE,FV_DOWNSIDE_202503,2880,85173120.0,58359845.43,2437352.57,279474.3,FROZEN,true,2025-04-01,true,ASSUMPTION,14
2025-02-01,2025-03-01,SKU002,CH05,BASE,FV_BASE_202503,2060,70748640.0,38798329.91,1849982.98,200340.0,FROZEN,true,2025-04-01,true,ASSUMPTION,0
2025-02-01,2025-03-01,SKU002,CH05,UPSIDE,FV_UPSIDE_202503,2140,73496160.0,38052208.18,1849982.98,196333.2,FROZEN,true,2025-04-01,true,ASSUMPTION,-6
2025-02-01,2025-03-01,SKU002,CH05,DOWNSIDE,FV_DOWNSIDE_202503,1920,65940480.0,40663634.23,1886982.64,216367.2,FROZEN,true,2025-04-01,true,ASSUMPTION,14
2025-02-01,2025-03-01,SKU003,CH05,BASE,FV_BASE_202503,2060,62887680.0,36403371.27,1644429.31,178080.0,FROZEN,true,2025-04-01,true,ASSUMPTION,0
2025-02-01,2025-03-01,SKU003,CH05,UPSIDE,FV_UPSIDE_202503,2140,65329920.0,35703306.44,1644429.31,174518.4,FROZEN,true,2025-04-01,true,ASSUMPTION,-6
2025-02-01,2025-03-01,SKU003,CH05,DOWNSIDE,FV_DOWNSIDE_202503,1920,58613760.0,38153533.35,1677317.9,192326.4,FROZEN,true,2025-04-01,true,ASSUMPTION,14
2025-02-01,2025-03-01,SKU004,CH05,BASE,FV_BASE_202503,3090,82540080.0,55323544.5,2158313.47,233730.0,FROZEN,true,2025-04-01,true,ASSUMPTION,0
2025-02-01,2025-03-01,SKU004,CH05,UPSIDE,FV_UPSIDE_202503,3210,85745520.0,54259630.19,2158313.47,229055.4,FROZEN,true,2025-04-01,true,ASSUMPTION,-6
2025-02-01,2025-03-01,SKU004,CH05,DOWNSIDE,FV_DOWNSIDE_202503,2880,76930560.0,57983330.3,2201479.74,252428.4,FROZEN,true,2025-04-01,true,ASSUMPTION,14
2025-02-01,2025-03-01,SKU005,CH05,BASE,FV_BASE_202503,2060,53061480.0,37181732.84,1387487.23,150255.0,FROZEN,true,2025-04-01,true,ASSUMPTION,0
2025-02-01,2025-03-01,SKU005,CH05,UPSIDE,FV_UPSIDE_202503,2140,55122120.0,36466699.51,1387487.23,147249.9,FROZEN,true,2025-04-01,true,ASSUMPTION,-6
2025-02-01,2025-03-01,SKU005,CH05,DOWNSIDE,FV_DOWNSIDE_202503,1920,49455360.0,38969316.15,1415236.97,162275.4,FROZEN,true,2025-04-01,true,ASSUMPTION,14
2025-02-01,2025-03-01,SKU006,CH05,BASE,FV_BASE_202503,2060,58957200.0,37720598.53,1541652.48,166950.0,FROZEN,true,2025-04-01,true,ASSUMPTION,0
2025-02-01,2025-03-01,SKU006,CH05,UPSIDE,FV_UPSIDE_202503,2140,61246800.0,36995202.41,1541652.48,163611.0,FROZEN,true,2025-04-01,true,ASSUMPTION,-6
2025-02-01,2025-03-01,SKU006,CH05,DOWNSIDE,FV_DOWNSIDE_202503,1920,54950400.0,39534088.85,1572485.53,180306.0,FROZEN,true,2025-04-01,true,ASSUMPTION,14
2025-02-01,2025-03-01,SKU007,CH05,BASE,FV_BASE_202503,3090,67800780.0,56805425.16,1772900.35,191992.5,FROZEN,true,2025-04-01,true,ASSUMPTION,0
2025-02-01,2025-03-01,SKU007,CH05,UPSIDE,FV_UPSIDE_202503,3210,70433820.0,55713013.14,1772900.35,188152.65,FROZEN,true,2025-04-01,true,ASSUMPTION,-6
2025-02-01,2025-03-01,SKU007,CH05,DOWNSIDE,FV_DOWNSIDE_202503,2880,63192960.0,59536455.22,1808358.36,207351.9,FROZEN,true,2025-04-01,true,ASSUMPTION,14
2025-02-01,2025-03-01,SKU008,CH05,BASE,FV_BASE_202503,2060,49131000.0,38918077.85,1284710.4,139125.0,FROZEN,true,2025-04-01,true,ASSUMPTION,0
2025-02-01,2025-03-01,SKU008,CH05,UPSIDE,FV_UPSIDE_202503,2140,51039000.0,38169653.27,1284710.4,136342.5,FROZEN,true,2025-04-01,true,ASSUMPTION,-6
2025-02-01,2025-03-01,SKU008,CH05,DOWNSIDE,FV_DOWNSIDE_202503,1920,45792000.0,40789139.28,1310404.61,150255.0,FROZEN,true,2025-04-01,true,ASSUMPTION,14
2025-02-01,2025-03-01,SKU009,CH05,BASE,FV_BASE_202503,3090,61905060.0,54694867.86,1618735.1,175297.5,FROZEN,true,2025-04-01,true,ASSUMPTION,0
2025-02-01,2025-03-01,SKU009,CH05,UPSIDE,FV_UPSIDE_202503,3210,64309140.0,53643043.48,1618735.1,171791.55,FROZEN,true,2025-04-01,true,ASSUMPTION,-6
2025-02-01,2025-03-01,SKU009,CH05,DOWNSIDE,FV_DOWNSIDE_202503,2880,57697920.0,57324428.82,1651109.8,189321.3,FROZEN,true,2025-04-01,true,ASSUMPTION,14
2025-02-01,2025-03-01,SKU010,CH05,BASE,FV_BASE_202503,2060,47165760.0,35924379.55,1233321.98,133560.0,FROZEN,true,2025-04-01,true,ASSUMPTION,0
2025-02-01,2025-03-01,SKU010,CH05,UPSIDE,FV_UPSIDE_202503,2140,48997440.0,35233526.09,1233321.98,130888.8,FROZEN,true,2025-04-01,true,ASSUMPTION,-6
2025-02-01,2025-03-01,SKU010,CH05,DOWNSIDE,FV_DOWNSIDE_202503,1920,43960320.0,37651513.18,1257988.42,144244.8,FROZEN,true,2025-04-01,true,ASSUMPTION,14
2025-02-01,2025-03-01,SKU011,CH05,BASE,FV_BASE_202503,1030,34391700.0,15716916.05,899297.28,97387.5,FROZEN,true,2025-04-01,true,ASSUMPTION,0
2025-02-01,2025-03-01,SKU011,CH05,UPSIDE,FV_UPSIDE_202503,1070,35727300.0,15414667.67,899297.28,95439.75,FROZEN,true,2025-04-01,true,ASSUMPTION,-6
2025-02-01,2025-03-01,SKU011,CH05,DOWNSIDE,FV_DOWNSIDE_202503,960,32054400.0,16472537.02,917283.23,105178.5,FROZEN,true,2025-04-01,true,ASSUMPTION,14
2025-02-01,2025-03-01,SKU012,CH05,BASE,FV_BASE_202503,2060,56991960.0,33858727.72,1490264.06,161385.0,FROZEN,true,2025-04-01,true,ASSUMPTION,0
2025-02-01,2025-03-01,SKU012,CH05,UPSIDE,FV_UPSIDE_202503,2140,59205240.0,33207598.34,1490264.06,158157.3,FROZEN,true,2025-04-01,true,ASSUMPTION,-6
2025-02-01,2025-03-01,SKU012,CH05,DOWNSIDE,FV_DOWNSIDE_202503,1920,53118720.0,35486551.17,1520069.34,174295.8,FROZEN,true,2025-04-01,true,ASSUMPTION,14
2025-03-01,2025-04-01,SKU001,CH01,BASE,FV_BASE_202504,9270,274150980.0,162813186.52,6964332.66,776317.5,FROZEN,true,2025-05-01,true,ASSUMPTION,0
2025-03-01,2025-04-01,SKU001,CH01,UPSIDE,FV_UPSIDE_202504,9630,284797620.0,159682163.7,6964332.66,760791.15,FROZEN,true,2025-05-01,true,ASSUMPTION,-6
2025-03-01,2025-04-01,SKU001,CH01,DOWNSIDE,FV_DOWNSIDE_202504,8640,255519360.0,170640743.56,7103619.31,838422.9,FROZEN,true,2025-05-01,true,ASSUMPTION,14
2025-03-01,2025-04-01,SKU002,CH01,BASE,FV_BASE_202504,6180,212245920.0,113444026.74,5391741.42,601020.0,FROZEN,true,2025-05-01,true,ASSUMPTION,0
2025-03-01,2025-04-01,SKU002,CH01,UPSIDE,FV_UPSIDE_202504,6420,220488480.0,111262410.84,5391741.42,588999.6,FROZEN,true,2025-05-01,true,ASSUMPTION,-6
2025-03-01,2025-04-01,SKU002,CH01,DOWNSIDE,FV_DOWNSIDE_202504,5760,197821440.0,118898066.48,5499576.25,649101.6,FROZEN,true,2025-05-01,true,ASSUMPTION,14
2025-03-01,2025-04-01,SKU003,CH01,BASE,FV_BASE_202504,6180,188663040.0,106441309.03,4792659.04,534240.0,FROZEN,true,2025-05-01,true,ASSUMPTION,0
2025-03-01,2025-04-01,SKU003,CH01,UPSIDE,FV_UPSIDE_202504,6420,195989760.0,104394360.78,4792659.04,523555.2,FROZEN,true,2025-05-01,true,ASSUMPTION,-6
2025-03-01,2025-04-01,SKU003,CH01,DOWNSIDE,FV_DOWNSIDE_202504,5760,175841280.0,111558679.66,4888512.22,576979.2,FROZEN,true,2025-05-01,true,ASSUMPTION,14
2025-03-01,2025-04-01,SKU004,CH01,BASE,FV_BASE_202504,8240,220106880.0,143789136.76,5591435.54,623280.0,FROZEN,true,2025-05-01,true,ASSUMPTION,0
2025-03-01,2025-04-01,SKU004,CH01,UPSIDE,FV_UPSIDE_202504,8560,228654720.0,141023961.06,5591435.54,610814.4,FROZEN,true,2025-05-01,true,ASSUMPTION,-6
2025-03-01,2025-04-01,SKU004,CH01,DOWNSIDE,FV_DOWNSIDE_202504,7680,205148160.0,150702076.03,5703264.25,673142.4,FROZEN,true,2025-05-01,true,ASSUMPTION,14
2025-03-01,2025-04-01,SKU005,CH01,BASE,FV_BASE_202504,7210,185715180.0,126836724.33,4717773.74,525892.5,FROZEN,true,2025-05-01,true,ASSUMPTION,0
2025-03-01,2025-04-01,SKU005,CH01,UPSIDE,FV_UPSIDE_202504,7490,192927420.0,124397556.56,4717773.74,515374.65,FROZEN,true,2025-05-01,true,ASSUMPTION,-6
2025-03-01,2025-04-01,SKU005,CH01,DOWNSIDE,FV_DOWNSIDE_202504,6720,173093760.0,132934643.77,4812129.21,567963.9,FROZEN,true,2025-05-01,true,ASSUMPTION,14
2025-03-01,2025-04-01,SKU006,CH01,BASE,FV_BASE_202504,5150,147393000.0,91910669.81,3744264.87,417375.0,FROZEN,true,2025-05-01,true,ASSUMPTION,0
2025-03-01,2025-04-01,SKU006,CH01,UPSIDE,FV_UPSIDE_202504,5350,153117000.0,90143156.93,3744264.87,409027.5,FROZEN,true,2025-05-01,true,ASSUMPTION,-6
2025-03-01,2025-04-01,SKU006,CH01,DOWNSIDE,FV_DOWNSIDE_202504,4800,137376000.0,96329452.01,3819150.17,450765.0,FROZEN,true,2025-05-01,true,ASSUMPTION,14
2025-03-01,2025-04-01,SKU007,CH01,BASE,FV_BASE_202504,9270,203402340.0,166095710.44,5167085.52,575977.5,FROZEN,true,2025-05-01,true,ASSUMPTION,0
2025-03-01,2025-04-01,SKU007,CH01,UPSIDE,FV_UPSIDE_202504,9630,211301460.0,162901562.16,5167085.52,564457.95,FROZEN,true,2025-05-01,true,ASSUMPTION,-6
2025-03-01,2025-04-01,SKU007,CH01,DOWNSIDE,FV_DOWNSIDE_202504,8640,189578880.0,174081081.13,5270427.23,622055.7,FROZEN,true,2025-05-01,true,ASSUMPTION,14
2025-03-01,2025-04-01,SKU008,CH01,BASE,FV_BASE_202504,7210,171958500.0,132759856.39,4368309.02,486937.5,FROZEN,true,2025-05-01,true,ASSUMPTION,0
2025-03-01,2025-04-01,SKU008,CH01,UPSIDE,FV_UPSIDE_202504,7490,178636500.0,130206782.23,4368309.02,477198.75,FROZEN,true,2025-05-01,true,ASSUMPTION,-6
2025-03-01,2025-04-01,SKU008,CH01,DOWNSIDE,FV_DOWNSIDE_202504,6720,160272000.0,139142541.8,4455675.2,525892.5,FROZEN,true,2025-05-01,true,ASSUMPTION,14
2025-03-01,2025-04-01,SKU009,CH01,BASE,FV_BASE_202504,8240,165080160.0,142155169.3,4193576.66,467460.0,FROZEN,true,2025-05-01,true,ASSUMPTION,0
2025-03-01,2025-04-01,SKU009,CH01,UPSIDE,FV_UPSIDE_202504,8560,171491040.0,139421416.05,4193576.66,458110.8,FROZEN,true,2025-05-01,true,ASSUMPTION,-6
2025-03-01,2025-04-01,SKU009,CH01,DOWNSIDE,FV_DOWNSIDE_202504,7680,153861120.0,148989552.44,4277448.19,504856.8,FROZEN,true,2025-05-01,true,ASSUMPTION,14
2025-03-01,2025-04-01,SKU010,CH01,BASE,FV_BASE_202504,6180,141497280.0,105040765.49,3594494.28,400680.0,FROZEN,true,2025-05-01,true,ASSUMPTION,0
2025-03-01,2025-04-01,SKU010,CH01,UPSIDE,FV_UPSIDE_202504,6420,146992320.0,103020750.77,3594494.28,392666.4,FROZEN,true,2025-05-01,true,ASSUMPTION,-6
2025-03-01,2025-04-01,SKU010,CH01,DOWNSIDE,FV_DOWNSIDE_202504,5760,131880960.0,110090802.29,3666384.17,432734.4,FROZEN,true,2025-05-01,true,ASSUMPTION,14
2025-03-01,2025-04-01,SKU011,CH01,BASE,FV_BASE_202504,4120,137566800.0,61273779.87,3494647.21,389550.0,FROZEN,true,2025-05-01,true,ASSUMPTION,0
2025-03-01,2025-04-01,SKU011,CH01,UPSIDE,FV_UPSIDE_202504,4280,142909200.0,60095437.95,3494647.21,381759.0,FROZEN,true,2025-05-01,true,ASSUMPTION,-6
2025-03-01,2025-04-01,SKU011,CH01,DOWNSIDE,FV_DOWNSIDE_202504,3840,128217600.0,64219634.67,3564540.15,420714.0,FROZEN,true,2025-05-01,true,ASSUMPTION,14
2025-03-01,2025-04-01,SKU012,CH01,BASE,FV_BASE_202504,5150,142479900.0,82500767.91,3619456.04,403462.5,FROZEN,true,2025-05-01,true,ASSUMPTION,0
2025-03-01,2025-04-01,SKU012,CH01,UPSIDE,FV_UPSIDE_202504,5350,148013100.0,80914214.68,3619456.04,395393.25,FROZEN,true,2025-05-01,true,ASSUMPTION,-6
2025-03-01,2025-04-01,SKU012,CH01,DOWNSIDE,FV_DOWNSIDE_202504,4800,132796800.0,86467150.98,3691845.16,435739.5,FROZEN,true,2025-05-01,true,ASSUMPTION,14
2025-03-01,2025-04-01,SKU001,CH02,BASE,FV_BASE_202504,7210,213228540.0,127000641.4,8033354.64,603802.5,FROZEN,true,2025-05-01,true,ASSUMPTION,0
2025-03-01,2025-04-01,SKU001,CH02,UPSIDE,FV_UPSIDE_202504,7490,221509260.0,124558321.38,8033354.64,591726.45,FROZEN,true,2025-05-01,true,ASSUMPTION,-6
2025-03-01,2025-04-01,SKU001,CH02,DOWNSIDE,FV_DOWNSIDE_202504,6720,198737280.0,133106441.47,8194021.73,652106.7,FROZEN,true,2025-05-01,true,ASSUMPTION,14
2025-03-01,2025-04-01,SKU002,CH02,BASE,FV_BASE_202504,5150,176871600.0,94811538.74,6663612.14,500850.0,FROZEN,true,2025-05-01,true,ASSUMPTION,0
2025-03-01,2025-04-01,SKU002,CH02,UPSIDE,FV_UPSIDE_202504,5350,183740400.0,92988239.92,6663612.14,490833.0,FROZEN,true,2025-05-01,true,ASSUMPTION,-6
2025-03-01,2025-04-01,SKU002,CH02,DOWNSIDE,FV_DOWNSIDE_202504,4800,164851200.0,99369785.8,6796884.38,540918.0,FROZEN,true,2025-05-01,true,ASSUMPTION,14
2025-03-01,2025-04-01,SKU003,CH02,BASE,FV_BASE_202504,4120,125775360.0,71167179.7,4738568.63,356160.0,FROZEN,true,2025-05-01,true,ASSUMPTION,0
2025-03-01,2025-04-01,SKU003,CH02,UPSIDE,FV_UPSIDE_202504,4280,130659840.0,69798580.09,4738568.63,349036.8,FROZEN,true,2025-05-01,true,ASSUMPTION,-6
2025-03-01,2025-04-01,SKU003,CH02,DOWNSIDE,FV_DOWNSIDE_202504,3840,117227520.0,74588678.72,4833340.0,384652.8,FROZEN,true,2025-05-01,true,ASSUMPTION,14
2025-03-01,2025-04-01,SKU004,CH02,BASE,FV_BASE_202504,6180,165080160.0,108155384.94,6219371.33,467460.0,FROZEN,true,2025-05-01,true,ASSUMPTION,0
2025-03-01,2025-04-01,SKU004,CH02,UPSIDE,FV_UPSIDE_202504,6420,171491040.0,106075473.69,6219371.33,458110.8,FROZEN,true,2025-05-01,true,ASSUMPTION,-6
2025-03-01,2025-04-01,SKU004,CH02,DOWNSIDE,FV_DOWNSIDE_202504,5760,153861120.0,113355163.06,6343758.76,504856.8,FROZEN,true,2025-05-01,true,ASSUMPTION,14
2025-03-01,2025-04-01,SKU005,CH02,BASE,FV_BASE_202504,5150,132653700.0,90861057.96,4997709.1,375637.5,FROZEN,true,2025-05-01,true,ASSUMPTION,0
2025-03-01,2025-04-01,SKU005,CH02,UPSIDE,FV_UPSIDE_202504,5350,137805300.0,89113729.92,4997709.1,368124.75,FROZEN,true,2025-05-01,true,ASSUMPTION,-6
2025-03-01,2025-04-01,SKU005,CH02,DOWNSIDE,FV_DOWNSIDE_202504,4800,123638400.0,95229378.05,5097663.28,405688.5,FROZEN,true,2025-05-01,true,ASSUMPTION,14
2025-03-01,2025-04-01,SKU006,CH02,BASE,FV_BASE_202504,4120,117914400.0,73742307.91,4442408.09,333900.0,FROZEN,true,2025-05-01,true,ASSUMPTION,0
2025-03-01,2025-04-01,SKU006,CH02,UPSIDE,FV_UPSIDE_202504,4280,122493600.0,72324186.61,4442408.09,327222.0,FROZEN,true,2025-05-01,true,ASSUMPTION,-6
2025-03-01,2025-04-01,SKU006,CH02,DOWNSIDE,FV_DOWNSIDE_202504,3840,109900800.0,77287611.18,4531256.25,360612.0,FROZEN,true,2025-05-01,true,ASSUMPTION,14
2025-03-01,2025-04-01,SKU007,CH02,BASE,FV_BASE_202504,7210,158201820.0,129561138.2,5960230.86,447982.5,FROZEN,true,2025-05-01,true,ASSUMPTION,0
2025-03-01,2025-04-01,SKU007,CH02,UPSIDE,FV_UPSIDE_202504,7490,164345580.0,127069577.85,5960230.86,439022.85,FROZEN,true,2025-05-01,true,ASSUMPTION,-6
2025-03-01,2025-04-01,SKU007,CH02,DOWNSIDE,FV_DOWNSIDE_202504,6720,147450240.0,135790039.08,6079435.48,483821.1,FROZEN,true,2025-05-01,true,ASSUMPTION,14
2025-03-01,2025-04-01,SKU008,CH02,BASE,FV_BASE_202504,5150,122827500.0,95104166.94,4627508.43,347812.5,FROZEN,true,2025-05-01,true,ASSUMPTION,0
2025-03-01,2025-04-01,SKU008,CH02,UPSIDE,FV_UPSIDE_202504,5350,127597500.0,93275240.66,4627508.43,340856.25,FROZEN,true,2025-05-01,true,ASSUMPTION,-6
2025-03-01,2025-04-01,SKU008,CH02,DOWNSIDE,FV_DOWNSIDE_202504,4800,114480000.0,99676482.66,4720058.6,375637.5,FROZEN,true,2025-05-01,true,ASSUMPTION,14
2025-03-01,2025-04-01,SKU009,CH02,BASE,FV_BASE_202504,6180,123810120.0,106926346.47,4664528.5,350595.0,FROZEN,true,2025-05-01,true,ASSUMPTION,0
2025-03-01,2025-04-01,SKU009,CH02,UPSIDE,FV_UPSIDE_202504,6420,128618280.0,104870070.57,4664528.5,343583.1,FROZEN,true,2025-05-01,true,ASSUMPTION,-6
2025-03-01,2025-04-01,SKU009,CH02,DOWNSIDE,FV_DOWNSIDE_202504,5760,115395840.0,112067036.2,4757819.07,378642.6,FROZEN,true,2025-05-01,true,ASSUMPTION,14
2025-03-01,2025-04-01,SKU010,CH02,BASE,FV_BASE_202504,5150,117914400.0,87788461.8,4442408.09,333900.0,FROZEN,true,2025-05-01,true,ASSUMPTION,0
2025-03-01,2025-04-01,SKU010,CH02,UPSIDE,FV_UPSIDE_202504,5350,122493600.0,86100222.15,4442408.09,327222.0,FROZEN,true,2025-05-01,true,ASSUMPTION,-6
2025-03-01,2025-04-01,SKU010,CH02,DOWNSIDE,FV_DOWNSIDE_202504,4800,109900800.0,92009060.93,4531256.25,360612.0,FROZEN,true,2025-05-01,true,ASSUMPTION,14
2025-03-01,2025-04-01,SKU011,CH02,BASE,FV_BASE_202504,3090,103175100.0,46088942.44,3887107.08,292162.5,FROZEN,true,2025-05-01,true,ASSUMPTION,0
2025-03-01,2025-04-01,SKU011,CH02,UPSIDE,FV_UPSIDE_202504,3210,107181900.0,45202616.63,3887107.08,286319.25,FROZEN,true,2025-05-01,true,ASSUMPTION,-6
2025-03-01,2025-04-01,SKU011,CH02,DOWNSIDE,FV_DOWNSIDE_202504,2880,96163200.0,48304756.98,3964849.22,315535.5,FROZEN,true,2025-05-01,true,ASSUMPTION,14
2025-03-01,2025-04-01,SKU012,CH02,BASE,FV_BASE_202504,4120,113983920.0,66192500.18,4294327.82,322770.0,FROZEN,true,2025-05-01,true,ASSUMPTION,0
2025-03-01,2025-04-01,SKU012,CH02,UPSIDE,FV_UPSIDE_202504,4280,118410480.0,64919567.49,4294327.82,316314.6,FROZEN,true,2025-05-01,true,ASSUMPTION,-6
2025-03-01,2025-04-01,SKU012,CH02,DOWNSIDE,FV_DOWNSIDE_202504,3840,106237440.0,69374831.92,4380214.38,348591.6,FROZEN,true,2025-05-01,true,ASSUMPTION,14
2025-03-01,2025-04-01,SKU001,CH03,BASE,FV_BASE_202504,5150,148314850.0,102248410.0,4062315.13,419985.42,FROZEN,true,2025-05-01,true,ASSUMPTION,0
2025-03-01,2025-04-01,SKU001,CH03,UPSIDE,FV_UPSIDE_202504,5350,154074650.0,100282094.43,4062315.13,411585.71,FROZEN,true,2025-05-01,true,ASSUMPTION,-6
2025-03-01,2025-04-01,SKU001,CH03,DOWNSIDE,FV_DOWNSIDE_202504,4800,138235200.0,107164198.95,4143561.43,453584.25,FROZEN,true,2025-05-01,true,ASSUMPTION,14
2025-03-01,2025-04-01,SKU002,CH03,BASE,FV_BASE_202504,4120,137789280.0,85492864.11,3774021.8,390180.0,FROZEN,true,2025-05-01,true,ASSUMPTION,0
2025-03-01,2025-04-01,SKU002,CH03,UPSIDE,FV_UPSIDE_202504,4280,143140320.0,83848770.57,3774021.8,382376.4,FROZEN,true,2025-05-01,true,ASSUMPTION,-6
2025-03-01,2025-04-01,SKU002,CH03,DOWNSIDE,FV_DOWNSIDE_202504,3840,128424960.0,89603097.96,3849502.24,421394.4,FROZEN,true,2025-05-01,true,ASSUMPTION,14
2025-03-01,2025-04-01,SKU003,CH03,BASE,FV_BASE_202504,3090,91859520.0,60161645.11,2516014.53,260120.0,FROZEN,true,2025-05-01,true,ASSUMPTION,0
2025-03-01,2025-04-01,SKU003,CH03,UPSIDE,FV_UPSIDE_202504,3210,95426880.0,59004690.39,2516014.53,254917.6,FROZEN,true,2025-05-01,true,ASSUMPTION,-6
2025-03-01,2025-04-01,SKU003,CH03,DOWNSIDE,FV_DOWNSIDE_202504,2880,85616640.0,63054031.89,2566334.82,280929.6,FROZEN,true,2025-05-01,true,ASSUMPTION,14
2025-03-01,2025-04-01,SKU004,CH03,BASE,FV_BASE_202504,5150,133961800.0,101588742.84,3669187.86,379341.67,FROZEN,true,2025-05-01,true,ASSUMPTION,0
2025-03-01,2025-04-01,SKU004,CH03,UPSIDE,FV_UPSIDE_202504,5350,139164200.0,99635113.17,3669187.86,371754.83,FROZEN,true,2025-05-01,true,ASSUMPTION,-6
2025-03-01,2025-04-01,SKU004,CH03,DOWNSIDE,FV_DOWNSIDE_202504,4800,124857600.0,106472817.02,3742571.62,409689.0,FROZEN,true,2025-05-01,true,ASSUMPTION,14
2025-03-01,2025-04-01,SKU005,CH03,BASE,FV_BASE_202504,4120,103341960.0,81930661.44,2830516.35,292635.0,FROZEN,true,2025-05-01,true,ASSUMPTION,0
2025-03-01,2025-04-01,SKU005,CH03,UPSIDE,FV_UPSIDE_202504,4280,107355240.0,80355071.79,2830516.35,286782.3,FROZEN,true,2025-05-01,true,ASSUMPTION,-6
2025-03-01,2025-04-01,SKU005,CH03,DOWNSIDE,FV_DOWNSIDE_202504,3840,96318720.0,85869635.54,2887126.68,316045.8,FROZEN,true,2025-05-01,true,ASSUMPTION,14
2025-03-01,2025-04-01,SKU006,CH03,BASE,FV_BASE_202504,3090,86118300.0,62338546.74,2358763.62,243862.5,FROZEN,true,2025-05-01,true,ASSUMPTION,0
2025-03-01,2025-04-01,SKU006,CH03,UPSIDE,FV_UPSIDE_202504,3210,89462700.0,61139728.54,2358763.62,238985.25,FROZEN,true,2025-05-01,true,ASSUMPTION,-6
2025-03-01,2025-04-01,SKU006,CH03,DOWNSIDE,FV_DOWNSIDE_202504,2880,80265600.0,65335592.26,2405938.89,263371.5,FROZEN,true,2025-05-01,true,ASSUMPTION,14
2025-03-01,2025-04-01,SKU007,CH03,BASE,FV_BASE_202504,5150,110040050.0,104309869.88,3013975.74,311602.08,FROZEN,true,2025-05-01,true,ASSUMPTION,0
2025-03-01,2025-04-01,SKU007,CH03,UPSIDE,FV_UPSIDE_202504,5350,114313450.0,102303910.85,3013975.74,305370.04,FROZEN,true,2025-05-01,true,ASSUMPTION,-6
2025-03-01,2025-04-01,SKU007,CH03,DOWNSIDE,FV_DOWNSIDE_202504,4800,102561600.0,109324767.47,3074255.25,336530.25,FROZEN,true,2025-05-01,true,ASSUMPTION,14
2025-03-01,2025-04-01,SKU008,CH03,BASE,FV_BASE_202504,4120,95687000.0,85756730.97,2620848.47,270958.33,FROZEN,true,2025-05-01,true,ASSUMPTION,0
2025-03-01,2025-04-01,SKU008,CH03,UPSIDE,FV_UPSIDE_202504,4280,99403000.0,84107563.06,2620848.47,265539.17,FROZEN,true,2025-05-01,true,ASSUMPTION,-6
2025-03-01,2025-04-01,SKU008,CH03,DOWNSIDE,FV_DOWNSIDE_202504,3840,89184000.0,89879650.72,2673265.44,292635.0,FROZEN,true,2025-05-01,true,ASSUMPTION,14
2025-03-01,2025-04-01,SKU009,CH03,BASE,FV_BASE_202504,5150,100471350.0,100434325.32,2751890.89,284506.25,FROZEN,true,2025-05-01,true,ASSUMPTION,0
2025-03-01,2025-04-01,SKU009,CH03,UPSIDE,FV_UPSIDE_202504,5350,104373150.0,98502895.98,2751890.89,278816.13,FROZEN,true,2025-05-01,true,ASSUMPTION,-6
2025-03-01,2025-04-01,SKU009,CH03,DOWNSIDE,FV_DOWNSIDE_202504,4800,93643200.0,105262898.65,2806928.71,307266.75,FROZEN,true,2025-05-01,true,ASSUMPTION,14
2025-03-01,2025-04-01,SKU010,CH03,BASE,FV_BASE_202504,4120,91859520.0,79160059.36,2516014.53,260120.0,FROZEN,true,2025-05-01,true,ASSUMPTION,0
2025-03-01,2025-04-01,SKU010,CH03,UPSIDE,FV_UPSIDE_202504,4280,95426880.0,77637750.52,2516014.53,254917.6,FROZEN,true,2025-05-01,true,ASSUMPTION,-6
2025-03-01,2025-04-01,SKU010,CH03,DOWNSIDE,FV_DOWNSIDE_202504,3840,85616640.0,82965831.44,2566334.82,280929.6,FROZEN,true,2025-05-01,true,ASSUMPTION,14
2025-03-01,2025-04-01,SKU011,CH03,BASE,FV_BASE_202504,2060,66980900.0,34632525.97,1834593.93,189670.83,FROZEN,true,2025-05-01,true,ASSUMPTION,0
2025-03-01,2025-04-01,SKU011,CH03,UPSIDE,FV_UPSIDE_202504,2140,69582100.0,33966515.85,1834593.93,185877.42,FROZEN,true,2025-05-01,true,ASSUMPTION,-6
2025-03-01,2025-04-01,SKU011,CH03,DOWNSIDE,FV_DOWNSIDE_202504,1920,62428800.0,36297551.26,1871285.81,204844.5,FROZEN,true,2025-05-01,true,ASSUMPTION,14
2025-03-01,2025-04-01,SKU012,CH03,BASE,FV_BASE_202504,3090,83247690.0,55956266.96,2280138.17,235733.75,FROZEN,true,2025-05-01,true,ASSUMPTION,0
2025-03-01,2025-04-01,SKU012,CH03,UPSIDE,FV_UPSIDE_202504,3210,86480610.0,54880184.91,2280138.17,231019.08,FROZEN,true,2025-05-01,true,ASSUMPTION,-6
2025-03-01,2025-04-01,SKU012,CH03,DOWNSIDE,FV_DOWNSIDE_202504,2880,77590080.0,58646472.11,2325740.93,254592.45,FROZEN,true,2025-05-01,true,ASSUMPTION,14
2025-03-01,2025-04-01,SKU001,CH04,BASE,FV_BASE_202504,3090,90234180.0,51052696.38,2171057.8,255517.5,FROZEN,true,2025-05-01,true,ASSUMPTION,0
2025-03-01,2025-04-01,SKU001,CH04,UPSIDE,FV_UPSIDE_202504,3210,93738420.0,50070913.75,2171057.8,250407.15,FROZEN,true,2025-05-01,true,ASSUMPTION,-6
2025-03-01,2025-04-01,SKU001,CH04,DOWNSIDE,FV_DOWNSIDE_202504,2880,84101760.0,53507152.93,2214478.96,275958.9,FROZEN,true,2025-05-01,true,ASSUMPTION,14
2025-03-01,2025-04-01,SKU002,CH04,BASE,FV_BASE_202504,2060,69858720.0,35572201.34,1680818.94,197820.0,FROZEN,true,2025-05-01,true,ASSUMPTION,0
2025-03-01,2025-04-01,SKU002,CH04,UPSIDE,FV_UPSIDE_202504,2140,72571680.0,34888120.55,1680818.94,193863.6,FROZEN,true,2025-05-01,true,ASSUMPTION,-6
2025-03-01,2025-04-01,SKU002,CH04,DOWNSIDE,FV_DOWNSIDE_202504,1920,65111040.0,37282403.33,1714435.32,213645.6,FROZEN,true,2025-05-01,true,ASSUMPTION,14
2025-03-01,2025-04-01,SKU003,CH04,BASE,FV_BASE_202504,2060,62096640.0,33376386.45,1494061.28,175840.0,FROZEN,true,2025-05-01,true,ASSUMPTION,0
2025-03-01,2025-04-01,SKU003,CH04,UPSIDE,FV_UPSIDE_202504,2140,64508160.0,32734532.87,1494061.28,172323.2,FROZEN,true,2025-05-01,true,ASSUMPTION,-6
2025-03-01,2025-04-01,SKU003,CH04,DOWNSIDE,FV_DOWNSIDE_202504,1920,57876480.0,34981020.42,1523942.51,189907.2,FROZEN,true,2025-05-01,true,ASSUMPTION,14
2025-03-01,2025-04-01,SKU004,CH04,BASE,FV_BASE_202504,2060,54334560.0,33815549.42,1307303.62,153860.0,FROZEN,true,2025-05-01,true,ASSUMPTION,0
2025-03-01,2025-04-01,SKU004,CH04,UPSIDE,FV_UPSIDE_202504,2140,56444640.0,33165250.4,1307303.62,150782.8,FROZEN,true,2025-05-01,true,ASSUMPTION,-6
2025-03-01,2025-04-01,SKU004,CH04,DOWNSIDE,FV_DOWNSIDE_202504,1920,50641920.0,35441296.99,1333449.69,166168.8,FROZEN,true,2025-05-01,true,ASSUMPTION,14
2025-03-01,2025-04-01,SKU005,CH04,BASE,FV_BASE_202504,2060,52394040.0,34090026.29,1260614.21,148365.0,FROZEN,true,2025-05-01,true,ASSUMPTION,0
2025-03-01,2025-04-01,SKU005,CH04,UPSIDE,FV_UPSIDE_202504,2140,54428760.0,33434448.86,1260614.21,145397.7,FROZEN,true,2025-05-01,true,ASSUMPTION,-6
2025-03-01,2025-04-01,SKU005,CH04,DOWNSIDE,FV_DOWNSIDE_202504,1920,48833280.0,35728969.86,1285826.49,160234.2,FROZEN,true,2025-05-01,true,ASSUMPTION,14
2025-03-01,2025-04-01,SKU006,CH04,BASE,FV_BASE_202504,2060,58215600.0,34584084.64,1400682.45,164850.0,FROZEN,true,2025-05-01,true,ASSUMPTION,0
2025-03-01,2025-04-01,SKU006,CH04,UPSIDE,FV_UPSIDE_202504,2140,60476400.0,33919006.09,1400682.45,161553.0,FROZEN,true,2025-05-01,true,ASSUMPTION,-6
2025-03-01,2025-04-01,SKU006,CH04,DOWNSIDE,FV_DOWNSIDE_202504,1920,54259200.0,36246781.02,1428696.1,178038.0,FROZEN,true,2025-05-01,true,ASSUMPTION,14
2025-03-01,2025-04-01,SKU007,CH04,BASE,FV_BASE_202504,3090,66947940.0,52081984.6,1610784.82,189577.5,FROZEN,true,2025-05-01,true,ASSUMPTION,0
2025-03-01,2025-04-01,SKU007,CH04,UPSIDE,FV_UPSIDE_202504,3210,69547860.0,51080407.98,1610784.82,185785.95,FROZEN,true,2025-05-01,true,ASSUMPTION,-6
2025-03-01,2025-04-01,SKU007,CH04,DOWNSIDE,FV_DOWNSIDE_202504,2880,62398080.0,54585926.17,1643000.52,204743.7,FROZEN,true,2025-05-01,true,ASSUMPTION,14
2025-03-01,2025-04-01,SKU008,CH04,BASE,FV_BASE_202504,2060,48513000.0,35681992.09,1167235.38,137375.0,FROZEN,true,2025-05-01,true,ASSUMPTION,0
2025-03-01,2025-04-01,SKU008,CH04,UPSIDE,FV_UPSIDE_202504,2140,50397000.0,34995799.94,1167235.38,134627.5,FROZEN,true,2025-05-01,true,ASSUMPTION,-6
2025-03-01,2025-04-01,SKU008,CH04,DOWNSIDE,FV_DOWNSIDE_202504,1920,45216000.0,37397472.48,1190580.09,148365.0,FROZEN,true,2025-05-01,true,ASSUMPTION,14
2025-03-01,2025-04-01,SKU009,CH04,BASE,FV_BASE_202504,2060,40750920.0,33431281.82,980477.72,115395.0,FROZEN,true,2025-05-01,true,ASSUMPTION,0
2025-03-01,2025-04-01,SKU009,CH04,UPSIDE,FV_UPSIDE_202504,2140,42333480.0,32788372.56,980477.72,113087.1,FROZEN,true,2025-05-01,true,ASSUMPTION,-6
2025-03-01,2025-04-01,SKU009,CH04,DOWNSIDE,FV_DOWNSIDE_202504,1920,37981440.0,35038554.99,1000087.27,124626.6,FROZEN,true,2025-05-01,true,ASSUMPTION,14
2025-03-01,2025-04-01,SKU010,CH04,BASE,FV_BASE_202504,2060,46572480.0,32937223.47,1120545.96,131880.0,FROZEN,true,2025-05-01,true,ASSUMPTION,0
2025-03-01,2025-04-01,SKU010,CH04,UPSIDE,FV_UPSIDE_202504,2140,48381120.0,32303815.32,1120545.96,129242.4,FROZEN,true,2025-05-01,true,ASSUMPTION,-6
2025-03-01,2025-04-01,SKU010,CH04,DOWNSIDE,FV_DOWNSIDE_202504,1920,43407360.0,34520743.83,1142956.88,142430.4,FROZEN,true,2025-05-01,true,ASSUMPTION,14
2025-03-01,2025-04-01,SKU011,CH04,BASE,FV_BASE_202504,1030,33959100.0,14410035.27,817064.76,96162.5,FROZEN,true,2025-05-01,true,ASSUMPTION,0
2025-03-01,2025-04-01,SKU011,CH04,UPSIDE,FV_UPSIDE_202504,1070,35277900.0,14132919.2,817064.76,94239.25,FROZEN,true,2025-05-01,true,ASSUMPTION,-6
2025-03-01,2025-04-01,SKU011,CH04,DOWNSIDE,FV_DOWNSIDE_202504,960,31651200.0,15102825.42,833406.06,103855.5,FROZEN,true,2025-05-01,true,ASSUMPTION,14
2025-03-01,2025-04-01,SKU012,CH04,BASE,FV_BASE_202504,2060,56275080.0,31043333.11,1353993.04,159355.0,FROZEN,true,2025-05-01,true,ASSUMPTION,0
2025-03-01,2025-04-01,SKU012,CH04,UPSIDE,FV_UPSIDE_202504,2140,58460520.0,30446345.94,1353993.04,156167.9,FROZEN,true,2025-05-01,true,ASSUMPTION,-6
2025-03-01,2025-04-01,SKU012,CH04,DOWNSIDE,FV_DOWNSIDE_202504,1920,52450560.0,32535801.05,1381072.9,172103.4,FROZEN,true,2025-05-01,true,ASSUMPTION,14
2025-03-01,2025-04-01,SKU001,CH05,BASE,FV_BASE_202504,3090,91383660.0,54605153.23,2356508.16,258772.5,FROZEN,true,2025-05-01,true,ASSUMPTION,0
2025-03-01,2025-04-01,SKU001,CH05,UPSIDE,FV_UPSIDE_202504,3210,94932540.0,53555054.13,2356508.16,253597.05,FROZEN,true,2025-05-01,true,ASSUMPTION,-6
2025-03-01,2025-04-01,SKU001,CH05,DOWNSIDE,FV_DOWNSIDE_202504,2880,85173120.0,57230400.98,2403638.32,279474.3,FROZEN,true,2025-05-01,true,ASSUMPTION,14
2025-03-01,2025-04-01,SKU002,CH05,BASE,FV_BASE_202504,2060,70748640.0,38047461.61,1824393.41,200340.0,FROZEN,true,2025-05-01,true,ASSUMPTION,0
2025-03-01,2025-04-01,SKU002,CH05,UPSIDE,FV_UPSIDE_202504,2140,73496160.0,37315779.65,1824393.41,196333.2,FROZEN,true,2025-05-01,true,ASSUMPTION,-6
2025-03-01,2025-04-01,SKU002,CH05,DOWNSIDE,FV_DOWNSIDE_202504,1920,65940480.0,39876666.49,1860881.28,216367.2,FROZEN,true,2025-05-01,true,ASSUMPTION,14
2025-03-01,2025-04-01,SKU003,CH05,BASE,FV_BASE_202504,2060,62887680.0,35698852.86,1621683.03,178080.0,FROZEN,true,2025-05-01,true,ASSUMPTION,0
2025-03-01,2025-04-01,SKU003,CH05,UPSIDE,FV_UPSIDE_202504,2140,65329920.0,35012336.46,1621683.03,174518.4,FROZEN,true,2025-05-01,true,ASSUMPTION,-6
2025-03-01,2025-04-01,SKU003,CH05,DOWNSIDE,FV_DOWNSIDE_202504,1920,58613760.0,37415143.87,1654116.69,192326.4,FROZEN,true,2025-05-01,true,ASSUMPTION,14
2025-03-01,2025-04-01,SKU004,CH05,BASE,FV_BASE_202504,3090,82540080.0,54252861.93,2128458.98,233730.0,FROZEN,true,2025-05-01,true,ASSUMPTION,0
2025-03-01,2025-04-01,SKU004,CH05,UPSIDE,FV_UPSIDE_202504,3210,85745520.0,53209537.66,2128458.98,229055.4,FROZEN,true,2025-05-01,true,ASSUMPTION,-6
2025-03-01,2025-04-01,SKU004,CH05,DOWNSIDE,FV_DOWNSIDE_202504,2880,76930560.0,56861172.6,2171028.16,252428.4,FROZEN,true,2025-05-01,true,ASSUMPTION,14
2025-03-01,2025-04-01,SKU005,CH05,BASE,FV_BASE_202504,2060,53061480.0,36462150.71,1368295.06,150255.0,FROZEN,true,2025-05-01,true,ASSUMPTION,0
2025-03-01,2025-04-01,SKU005,CH05,UPSIDE,FV_UPSIDE_202504,2140,55122120.0,35760955.51,1368295.06,147249.9,FROZEN,true,2025-05-01,true,ASSUMPTION,-6
2025-03-01,2025-04-01,SKU005,CH05,DOWNSIDE,FV_DOWNSIDE_202504,1920,49455360.0,38215138.73,1395660.96,162275.4,FROZEN,true,2025-05-01,true,ASSUMPTION,14
2025-03-01,2025-04-01,SKU006,CH05,BASE,FV_BASE_202504,2060,58957200.0,36990587.67,1520327.85,166950.0,FROZEN,true,2025-05-01,true,ASSUMPTION,0
2025-03-01,2025-04-01,SKU006,CH05,UPSIDE,FV_UPSIDE_202504,2140,61246800.0,36279230.22,1520327.85,163611.0,FROZEN,true,2025-05-01,true,ASSUMPTION,-6
2025-03-01,2025-04-01,SKU006,CH05,DOWNSIDE,FV_DOWNSIDE_202504,1920,54950400.0,38768981.31,1550734.41,180306.0,FROZEN,true,2025-05-01,true,ASSUMPTION,14
2025-03-01,2025-04-01,SKU007,CH05,BASE,FV_BASE_202504,3090,67800780.0,55706063.58,1748377.02,191992.5,FROZEN,true,2025-05-01,true,ASSUMPTION,0
2025-03-01,2025-04-01,SKU007,CH05,UPSIDE,FV_UPSIDE_202504,3210,70433820.0,54634793.12,1748377.02,188152.65,FROZEN,true,2025-05-01,true,ASSUMPTION,-6
2025-03-01,2025-04-01,SKU007,CH05,DOWNSIDE,FV_DOWNSIDE_202504,2880,63192960.0,58384239.71,1783344.56,207351.9,FROZEN,true,2025-05-01,true,ASSUMPTION,14
2025-03-01,2025-04-01,SKU008,CH05,BASE,FV_BASE_202504,3090,73696500.0,57247338.06,1900409.81,208687.5,FROZEN,true,2025-05-01,true,ASSUMPTION,0
2025-03-01,2025-04-01,SKU008,CH05,UPSIDE,FV_UPSIDE_202504,3210,76558500.0,56146427.72,1900409.81,204513.75,FROZEN,true,2025-05-01,true,ASSUMPTION,-6
2025-03-01,2025-04-01,SKU008,CH05,DOWNSIDE,FV_DOWNSIDE_202504,2880,68688000.0,59999613.93,1938418.01,225382.5,FROZEN,true,2025-05-01,true,ASSUMPTION,14
2025-03-01,2025-04-01,SKU009,CH05,BASE,FV_BASE_202504,3090,61905060.0,53636352.13,1596344.24,175297.5,FROZEN,true,2025-05-01,true,ASSUMPTION,0
2025-03-01,2025-04-01,SKU009,CH05,UPSIDE,FV_UPSIDE_202504,3210,64309140.0,52604883.82,1596344.24,171791.55,FROZEN,true,2025-05-01,true,ASSUMPTION,-6
2025-03-01,2025-04-01,SKU009,CH05,DOWNSIDE,FV_DOWNSIDE_202504,2880,57697920.0,56215022.91,1628271.12,189321.3,FROZEN,true,2025-05-01,true,ASSUMPTION,14
2025-03-01,2025-04-01,SKU010,CH05,BASE,FV_BASE_202504,2060,47165760.0,35229131.12,1216262.28,133560.0,FROZEN,true,2025-05-01,true,ASSUMPTION,0
2025-03-01,2025-04-01,SKU010,CH05,UPSIDE,FV_UPSIDE_202504,2140,48997440.0,34551647.83,1216262.28,130888.8,FROZEN,true,2025-05-01,true,ASSUMPTION,-6
2025-03-01,2025-04-01,SKU010,CH05,DOWNSIDE,FV_DOWNSIDE_202504,1920,43960320.0,36922839.35,1240587.53,144244.8,FROZEN,true,2025-05-01,true,ASSUMPTION,14
2025-03-01,2025-04-01,SKU011,CH05,BASE,FV_BASE_202504,1030,34391700.0,15412744.87,886857.91,97387.5,FROZEN,true,2025-05-01,true,ASSUMPTION,0
2025-03-01,2025-04-01,SKU011,CH05,UPSIDE,FV_UPSIDE_202504,1070,35727300.0,15116345.93,886857.91,95439.75,FROZEN,true,2025-05-01,true,ASSUMPTION,-6
2025-03-01,2025-04-01,SKU011,CH05,DOWNSIDE,FV_DOWNSIDE_202504,960,32054400.0,16153742.22,904595.07,105178.5,FROZEN,true,2025-05-01,true,ASSUMPTION,14
2025-03-01,2025-04-01,SKU012,CH05,BASE,FV_BASE_202504,2060,56991960.0,33203456.08,1469650.25,161385.0,FROZEN,true,2025-05-01,true,ASSUMPTION,0
2025-03-01,2025-04-01,SKU012,CH05,UPSIDE,FV_UPSIDE_202504,2140,59205240.0,32564928.08,1469650.25,158157.3,FROZEN,true,2025-05-01,true,ASSUMPTION,-6
2025-03-01,2025-04-01,SKU012,CH05,DOWNSIDE,FV_DOWNSIDE_202504,1920,53118720.0,34799776.09,1499043.26,174295.8,FROZEN,true,2025-05-01,true,ASSUMPTION,14
2025-04-01,2025-05-01,SKU001,CH01,BASE,FV_BASE_202505,9270,274150980.0,161098760.27,6890998.09,776317.5,FROZEN,true,2025-06-01,true,ASSUMPTION,0
2025-04-01,2025-05-01,SKU001,CH01,UPSIDE,FV_UPSIDE_202505,9630,284797620.0,158000707.19,6890998.09,760791.15,FROZEN,true,2025-06-01,true,ASSUMPTION,-6
2025-04-01,2025-05-01,SKU001,CH01,DOWNSIDE,FV_DOWNSIDE_202505,8640,255519360.0,168843892.98,7028818.05,838422.9,FROZEN,true,2025-06-01,true,ASSUMPTION,14
2025-04-01,2025-05-01,SKU002,CH01,BASE,FV_BASE_202505,6180,212245920.0,112249458.77,5334966.27,601020.0,FROZEN,true,2025-06-01,true,ASSUMPTION,0
2025-04-01,2025-05-01,SKU002,CH01,UPSIDE,FV_UPSIDE_202505,6420,220488480.0,110090815.33,5334966.27,588999.6,FROZEN,true,2025-06-01,true,ASSUMPTION,-6
2025-04-01,2025-05-01,SKU002,CH01,DOWNSIDE,FV_DOWNSIDE_202505,5760,197821440.0,117646067.36,5441665.6,649101.6,FROZEN,true,2025-06-01,true,ASSUMPTION,14
2025-04-01,2025-05-01,SKU003,CH01,BASE,FV_BASE_202505,6180,188663040.0,105320479.84,4742192.24,534240.0,FROZEN,true,2025-06-01,true,ASSUMPTION,0
2025-04-01,2025-05-01,SKU003,CH01,UPSIDE,FV_UPSIDE_202505,6420,195989760.0,103295085.99,4742192.24,523555.2,FROZEN,true,2025-06-01,true,ASSUMPTION,-6
2025-04-01,2025-05-01,SKU003,CH01,DOWNSIDE,FV_DOWNSIDE_202505,5760,175841280.0,110383964.44,4837036.08,576979.2,FROZEN,true,2025-06-01,true,ASSUMPTION,14
2025-04-01,2025-05-01,SKU004,CH01,BASE,FV_BASE_202505,8240,220106880.0,142275034.16,5532557.61,623280.0,FROZEN,true,2025-06-01,true,ASSUMPTION,0
2025-04-01,2025-05-01,SKU004,CH01,UPSIDE,FV_UPSIDE_202505,8560,228654720.0,139538975.81,5532557.61,610814.4,FROZEN,true,2025-06-01,true,ASSUMPTION,-6
2025-04-01,2025-05-01,SKU004,CH01,DOWNSIDE,FV_DOWNSIDE_202505,7680,205148160.0,149115180.03,5643208.76,673142.4,FROZEN,true,2025-06-01,true,ASSUMPTION,14
2025-04-01,2025-05-01,SKU005,CH01,BASE,FV_BASE_202505,7210,185715180.0,125501130.99,4668095.48,525892.5,FROZEN,true,2025-06-01,true,ASSUMPTION,0
2025-04-01,2025-05-01,SKU005,CH01,UPSIDE,FV_UPSIDE_202505,7490,192927420.0,123087647.7,4668095.48,515374.65,FROZEN,true,2025-06-01,true,ASSUMPTION,-6
2025-04-01,2025-05-01,SKU005,CH01,DOWNSIDE,FV_DOWNSIDE_202505,6720,173093760.0,131534839.21,4761457.39,567963.9,FROZEN,true,2025-06-01,true,ASSUMPTION,14
2025-04-01,2025-05-01,SKU006,CH01,BASE,FV_BASE_202505,5150,147393000.0,90942848.54,3704837.69,417375.0,FROZEN,true,2025-06-01,true,ASSUMPTION,0
2025-04-01,2025-05-01,SKU006,CH01,UPSIDE,FV_UPSIDE_202505,5350,153117000.0,89193947.6,3704837.69,409027.5,FROZEN,true,2025-06-01,true,ASSUMPTION,-6
2025-04-01,2025-05-01,SKU006,CH01,DOWNSIDE,FV_DOWNSIDE_202505,4800,137376000.0,95315100.87,3778934.44,450765.0,FROZEN,true,2025-06-01,true,ASSUMPTION,14
2025-04-01,2025-05-01,SKU007,CH01,BASE,FV_BASE_202505,9270,203402340.0,164346719.15,5112676.01,575977.5,FROZEN,true,2025-06-01,true,ASSUMPTION,0
2025-04-01,2025-05-01,SKU007,CH01,UPSIDE,FV_UPSIDE_202505,9630,211301460.0,161186205.32,5112676.01,564457.95,FROZEN,true,2025-06-01,true,ASSUMPTION,-6
2025-04-01,2025-05-01,SKU007,CH01,DOWNSIDE,FV_DOWNSIDE_202505,8640,189578880.0,172248003.72,5214929.53,622055.7,FROZEN,true,2025-06-01,true,ASSUMPTION,14
2025-04-01,2025-05-01,SKU008,CH01,BASE,FV_BASE_202505,7210,171958500.0,131361892.33,4322310.63,486937.5,FROZEN,true,2025-06-01,true,ASSUMPTION,0
2025-04-01,2025-05-01,SKU008,CH01,UPSIDE,FV_UPSIDE_202505,7490,178636500.0,128835702.1,4322310.63,477198.75,FROZEN,true,2025-06-01,true,ASSUMPTION,-6
2025-04-01,2025-05-01,SKU008,CH01,DOWNSIDE,FV_DOWNSIDE_202505,6720,160272000.0,137677367.93,4408756.84,525892.5,FROZEN,true,2025-06-01,true,ASSUMPTION,14
2025-04-01,2025-05-01,SKU009,CH01,BASE,FV_BASE_202505,8240,165080160.0,140658272.41,4149418.21,467460.0,FROZEN,true,2025-06-01,true,ASSUMPTION,0
2025-04-01,2025-05-01,SKU009,CH01,UPSIDE,FV_UPSIDE_202505,8560,171491040.0,137953305.64,4149418.21,458110.8,FROZEN,true,2025-06-01,true,ASSUMPTION,-6
2025-04-01,2025-05-01,SKU009,CH01,DOWNSIDE,FV_DOWNSIDE_202505,7680,153861120.0,147420689.36,4232406.57,504856.8,FROZEN,true,2025-06-01,true,ASSUMPTION,14
2025-04-01,2025-05-01,SKU010,CH01,BASE,FV_BASE_202505,6180,141497280.0,103934684.05,3556644.18,400680.0,FROZEN,true,2025-06-01,true,ASSUMPTION,0
2025-04-01,2025-05-01,SKU010,CH01,UPSIDE,FV_UPSIDE_202505,6420,146992320.0,101935940.12,3556644.18,392666.4,FROZEN,true,2025-06-01,true,ASSUMPTION,-6
2025-04-01,2025-05-01,SKU010,CH01,DOWNSIDE,FV_DOWNSIDE_202505,5760,131880960.0,108931543.86,3627777.06,432734.4,FROZEN,true,2025-06-01,true,ASSUMPTION,14
2025-04-01,2025-05-01,SKU011,CH01,BASE,FV_BASE_202505,4120,137566800.0,60628565.69,3457848.51,389550.0,FROZEN,true,2025-06-01,true,ASSUMPTION,0
2025-04-01,2025-05-01,SKU011,CH01,UPSIDE,FV_UPSIDE_202505,4280,142909200.0,59462631.74,3457848.51,381759.0,FROZEN,true,2025-06-01,true,ASSUMPTION,-6
2025-04-01,2025-05-01,SKU011,CH01,DOWNSIDE,FV_DOWNSIDE_202505,3840,128217600.0,63543400.58,3527005.48,420714.0,FROZEN,true,2025-06-01,true,ASSUMPTION,14
2025-04-01,2025-05-01,SKU012,CH01,BASE,FV_BASE_202505,5150,142479900.0,81632033.1,3581343.1,403462.5,FROZEN,true,2025-06-01,true,ASSUMPTION,0
2025-04-01,2025-05-01,SKU012,CH01,UPSIDE,FV_UPSIDE_202505,5350,148013100.0,80062186.31,3581343.1,395393.25,FROZEN,true,2025-06-01,true,ASSUMPTION,-6
2025-04-01,2025-05-01,SKU012,CH01,DOWNSIDE,FV_DOWNSIDE_202505,4800,132796800.0,85556650.08,3652969.96,435739.5,FROZEN,true,2025-06-01,true,ASSUMPTION,14
2025-04-01,2025-05-01,SKU001,CH02,BASE,FV_BASE_202505,7210,213228540.0,125663322.0,7948763.24,603802.5,FROZEN,true,2025-06-01,true,ASSUMPTION,0
2025-04-01,2025-05-01,SKU001,CH02,UPSIDE,FV_UPSIDE_202505,7490,221509260.0,123246719.66,7948763.24,591726.45,FROZEN,true,2025-06-01,true,ASSUMPTION,-6
2025-04-01,2025-05-01,SKU001,CH02,DOWNSIDE,FV_DOWNSIDE_202505,6720,198737280.0,131704827.87,8107738.5,652106.7,FROZEN,true,2025-06-01,true,ASSUMPTION,14
2025-04-01,2025-05-01,SKU002,CH02,BASE,FV_BASE_202505,5150,176871600.0,93813171.26,6593444.17,500850.0,FROZEN,true,2025-06-01,true,ASSUMPTION,0
2025-04-01,2025-05-01,SKU002,CH02,UPSIDE,FV_UPSIDE_202505,5350,183740400.0,92009071.82,6593444.17,490833.0,FROZEN,true,2025-06-01,true,ASSUMPTION,-6
2025-04-01,2025-05-01,SKU002,CH02,DOWNSIDE,FV_DOWNSIDE_202505,4800,164851200.0,98323419.88,6725313.05,540918.0,FROZEN,true,2025-06-01,true,ASSUMPTION,14
2025-04-01,2025-05-01,SKU003,CH02,BASE,FV_BASE_202505,4120,125775360.0,70417787.81,4688671.41,356160.0,FROZEN,true,2025-06-01,true,ASSUMPTION,0
2025-04-01,2025-05-01,SKU003,CH02,UPSIDE,FV_UPSIDE_202505,4280,130659840.0,69063599.59,4688671.41,349036.8,FROZEN,true,2025-06-01,true,ASSUMPTION,-6
2025-04-01,2025-05-01,SKU003,CH02,DOWNSIDE,FV_DOWNSIDE_202505,3840,117227520.0,73803258.38,4782444.84,384652.8,FROZEN,true,2025-06-01,true,ASSUMPTION,14
2025-04-01,2025-05-01,SKU004,CH02,BASE,FV_BASE_202505,6180,165080160.0,107016506.48,6153881.22,467460.0,FROZEN,true,2025-06-01,true,ASSUMPTION,0
2025-04-01,2025-05-01,SKU004,CH02,UPSIDE,FV_UPSIDE_202505,6420,171491040.0,104958496.74,6153881.22,458110.8,FROZEN,true,2025-06-01,true,ASSUMPTION,-6
2025-04-01,2025-05-01,SKU004,CH02,DOWNSIDE,FV_DOWNSIDE_202505,5760,153861120.0,112161530.83,6276958.84,504856.8,FROZEN,true,2025-06-01,true,ASSUMPTION,14
2025-04-01,2025-05-01,SKU005,CH02,BASE,FV_BASE_202505,5150,132653700.0,89904289.12,4945083.12,375637.5,FROZEN,true,2025-06-01,true,ASSUMPTION,0
2025-04-01,2025-05-01,SKU005,CH02,UPSIDE,FV_UPSIDE_202505,5350,137805300.0,88175360.49,4945083.12,368124.75,FROZEN,true,2025-06-01,true,ASSUMPTION,-6
2025-04-01,2025-05-01,SKU005,CH02,DOWNSIDE,FV_DOWNSIDE_202505,4800,123638400.0,94226610.72,5043984.78,405688.5,FROZEN,true,2025-06-01,true,ASSUMPTION,14
2025-04-01,2025-05-01,SKU006,CH02,BASE,FV_BASE_202505,4120,117914400.0,72965799.87,4395629.44,333900.0,FROZEN,true,2025-06-01,true,ASSUMPTION,0
2025-04-01,2025-05-01,SKU006,CH02,UPSIDE,FV_UPSIDE_202505,4280,122493600.0,71562611.41,4395629.44,327222.0,FROZEN,true,2025-06-01,true,ASSUMPTION,-6
2025-04-01,2025-05-01,SKU006,CH02,DOWNSIDE,FV_DOWNSIDE_202505,3840,109900800.0,76473771.02,4483542.03,360612.0,FROZEN,true,2025-06-01,true,ASSUMPTION,14
2025-04-01,2025-05-01,SKU007,CH02,BASE,FV_BASE_202505,7210,158201820.0,128196856.72,5897469.5,447982.5,FROZEN,true,2025-06-01,true,ASSUMPTION,0
2025-04-01,2025-05-01,SKU007,CH02,UPSIDE,FV_UPSIDE_202505,7490,164345580.0,125731532.55,5897469.5,439022.85,FROZEN,true,2025-06-01,true,ASSUMPTION,-6
2025-04-01,2025-05-01,SKU007,CH02,DOWNSIDE,FV_DOWNSIDE_202505,6720,147450240.0,134360167.13,6015418.89,483821.1,FROZEN,true,2025-06-01,true,ASSUMPTION,14
2025-04-01,2025-05-01,SKU008,CH02,BASE,FV_BASE_202505,5150,122827500.0,94102718.09,4578780.67,347812.5,FROZEN,true,2025-06-01,true,ASSUMPTION,0
2025-04-01,2025-05-01,SKU008,CH02,UPSIDE,FV_UPSIDE_202505,5350,127597500.0,92293050.44,4578780.67,340856.25,FROZEN,true,2025-06-01,true,ASSUMPTION,-6
2025-04-01,2025-05-01,SKU008,CH02,DOWNSIDE,FV_DOWNSIDE_202505,4800,114480000.0,98626887.23,4670356.28,375637.5,FROZEN,true,2025-06-01,true,ASSUMPTION,14
2025-04-01,2025-05-01,SKU009,CH02,BASE,FV_BASE_202505,6180,123810120.0,105800409.81,4615410.92,350595.0,FROZEN,true,2025-06-01,true,ASSUMPTION,0
2025-04-01,2025-05-01,SKU009,CH02,UPSIDE,FV_UPSIDE_202505,6420,128618280.0,103765786.55,4615410.92,343583.1,FROZEN,true,2025-06-01,true,ASSUMPTION,-6
2025-04-01,2025-05-01,SKU009,CH02,DOWNSIDE,FV_DOWNSIDE_202505,5760,115395840.0,110886967.98,4707719.14,378642.6,FROZEN,true,2025-06-01,true,ASSUMPTION,14
2025-04-01,2025-05-01,SKU010,CH02,BASE,FV_BASE_202505,5150,117914400.0,86864047.46,4395629.44,333900.0,FROZEN,true,2025-06-01,true,ASSUMPTION,0
2025-04-01,2025-05-01,SKU010,CH02,UPSIDE,FV_UPSIDE_202505,5350,122493600.0,85193585.01,4395629.44,327222.0,FROZEN,true,2025-06-01,true,ASSUMPTION,-6
2025-04-01,2025-05-01,SKU010,CH02,DOWNSIDE,FV_DOWNSIDE_202505,4800,109900800.0,91040203.59,4483542.03,360612.0,FROZEN,true,2025-06-01,true,ASSUMPTION,14
2025-04-01,2025-05-01,SKU011,CH02,BASE,FV_BASE_202505,3090,103175100.0,45603624.92,3846175.76,292162.5,FROZEN,true,2025-06-01,true,ASSUMPTION,0
2025-04-01,2025-05-01,SKU011,CH02,UPSIDE,FV_UPSIDE_202505,3210,107181900.0,44726632.14,3846175.76,286319.25,FROZEN,true,2025-06-01,true,ASSUMPTION,-6
2025-04-01,2025-05-01,SKU011,CH02,DOWNSIDE,FV_DOWNSIDE_202505,2880,96163200.0,47796106.89,3923099.28,315535.5,FROZEN,true,2025-06-01,true,ASSUMPTION,14
2025-04-01,2025-05-01,SKU012,CH02,BASE,FV_BASE_202505,4120,113983920.0,65495491.79,4249108.46,322770.0,FROZEN,true,2025-06-01,true,ASSUMPTION,0
2025-04-01,2025-05-01,SKU012,CH02,UPSIDE,FV_UPSIDE_202505,4280,118410480.0,64235963.1,4249108.46,316314.6,FROZEN,true,2025-06-01,true,ASSUMPTION,-6
2025-04-01,2025-05-01,SKU012,CH02,DOWNSIDE,FV_DOWNSIDE_202505,3840,106237440.0,68644313.51,4334090.63,348591.6,FROZEN,true,2025-06-01,true,ASSUMPTION,14
2025-04-01,2025-05-01,SKU001,CH03,BASE,FV_BASE_202505,5150,148314850.0,101694133.49,4040293.8,419985.42,FROZEN,true,2025-06-01,true,ASSUMPTION,0
2025-04-01,2025-05-01,SKU001,CH03,UPSIDE,FV_UPSIDE_202505,5350,154074650.0,99738477.07,4040293.8,411585.71,FROZEN,true,2025-06-01,true,ASSUMPTION,-6
2025-04-01,2025-05-01,SKU001,CH03,DOWNSIDE,FV_DOWNSIDE_202505,4800,138235200.0,106583274.52,4121099.68,453584.25,FROZEN,true,2025-06-01,true,ASSUMPTION,14
2025-04-01,2025-05-01,SKU002,CH03,BASE,FV_BASE_202505,4120,137789280.0,85029417.42,3753563.27,390180.0,FROZEN,true,2025-06-01,true,ASSUMPTION,0
2025-04-01,2025-05-01,SKU002,CH03,UPSIDE,FV_UPSIDE_202505,4280,143140320.0,83394236.31,3753563.27,382376.4,FROZEN,true,2025-06-01,true,ASSUMPTION,-6
2025-04-01,2025-05-01,SKU002,CH03,DOWNSIDE,FV_DOWNSIDE_202505,3840,128424960.0,89117370.18,3828634.54,421394.4,FROZEN,true,2025-06-01,true,ASSUMPTION,14
2025-04-01,2025-05-01,SKU003,CH03,BASE,FV_BASE_202505,3090,91859520.0,59835515.96,2502375.51,260120.0,FROZEN,true,2025-06-01,true,ASSUMPTION,0
2025-04-01,2025-05-01,SKU003,CH03,UPSIDE,FV_UPSIDE_202505,3210,95426880.0,58684832.96,2502375.51,254917.6,FROZEN,true,2025-06-01,true,ASSUMPTION,-6
2025-04-01,2025-05-01,SKU003,CH03,DOWNSIDE,FV_DOWNSIDE_202505,2880,85616640.0,62712223.46,2552423.02,280929.6,FROZEN,true,2025-06-01,true,ASSUMPTION,14
2025-04-01,2025-05-01,SKU004,CH03,BASE,FV_BASE_202505,5150,133961800.0,101038042.3,3649297.63,379341.67,FROZEN,true,2025-06-01,true,ASSUMPTION,0
2025-04-01,2025-05-01,SKU004,CH03,UPSIDE,FV_UPSIDE_202505,5350,139164200.0,99095003.03,3649297.63,371754.83,FROZEN,true,2025-06-01,true,ASSUMPTION,-6
2025-04-01,2025-05-01,SKU004,CH03,DOWNSIDE,FV_DOWNSIDE_202505,4800,124857600.0,105895640.49,3722283.58,409689.0,FROZEN,true,2025-06-01,true,ASSUMPTION,14
2025-04-01,2025-05-01,SKU005,CH03,BASE,FV_BASE_202505,4120,103341960.0,81486525.03,2815172.45,292635.0,FROZEN,true,2025-06-01,true,ASSUMPTION,0
2025-04-01,2025-05-01,SKU005,CH03,UPSIDE,FV_UPSIDE_202505,4280,107355240.0,79919476.47,2815172.45,286782.3,FROZEN,true,2025-06-01,true,ASSUMPTION,-6
2025-04-01,2025-05-01,SKU005,CH03,DOWNSIDE,FV_DOWNSIDE_202505,3840,96318720.0,85404146.42,2871475.9,316045.8,FROZEN,true,2025-06-01,true,ASSUMPTION,14
2025-04-01,2025-05-01,SKU006,CH03,BASE,FV_BASE_202505,3090,86118300.0,62000616.87,2345977.05,243862.5,FROZEN,true,2025-06-01,true,ASSUMPTION,0
2025-04-01,2025-05-01,SKU006,CH03,UPSIDE,FV_UPSIDE_202505,3210,89462700.0,60808297.32,2345977.05,238985.25,FROZEN,true,2025-06-01,true,ASSUMPTION,-6
2025-04-01,2025-05-01,SKU006,CH03,DOWNSIDE,FV_DOWNSIDE_202505,2880,80265600.0,64981415.76,2392896.59,263371.5,FROZEN,true,2025-06-01,true,ASSUMPTION,14
2025-04-01,2025-05-01,SKU007,CH03,BASE,FV_BASE_202505,5150,110040050.0,103744418.44,2997637.34,311602.08,FROZEN,true,2025-06-01,true,ASSUMPTION,0
2025-04-01,2025-05-01,SKU007,CH03,UPSIDE,FV_UPSIDE_202505,5350,114313450.0,101749333.47,2997637.34,305370.04,FROZEN,true,2025-06-01,true,ASSUMPTION,-6
2025-04-01,2025-05-01,SKU007,CH03,DOWNSIDE,FV_DOWNSIDE_202505,4800,102561600.0,108732130.87,3057590.09,336530.25,FROZEN,true,2025-06-01,true,ASSUMPTION,14
2025-04-01,2025-05-01,SKU008,CH03,BASE,FV_BASE_202505,4120,95687000.0,85291853.89,2606641.16,270958.33,FROZEN,true,2025-06-01,true,ASSUMPTION,0
2025-04-01,2025-05-01,SKU008,CH03,UPSIDE,FV_UPSIDE_202505,4280,99403000.0,83651625.93,2606641.16,265539.17,FROZEN,true,2025-06-01,true,ASSUMPTION,-6
2025-04-01,2025-05-01,SKU008,CH03,DOWNSIDE,FV_DOWNSIDE_202505,3840,89184000.0,89392423.79,2658773.98,292635.0,FROZEN,true,2025-06-01,true,ASSUMPTION,14
2025-04-01,2025-05-01,SKU009,CH03,BASE,FV_BASE_202505,5150,100471350.0,99889882.74,2736973.22,284506.25,FROZEN,true,2025-06-01,true,ASSUMPTION,0
2025-04-01,2025-05-01,SKU009,CH03,UPSIDE,FV_UPSIDE_202505,5350,104373150.0,97968923.45,2736973.22,278816.13,FROZEN,true,2025-06-01,true,ASSUMPTION,-6
2025-04-01,2025-05-01,SKU009,CH03,DOWNSIDE,FV_DOWNSIDE_202505,4800,93643200.0,104692280.95,2791712.68,307266.75,FROZEN,true,2025-06-01,true,ASSUMPTION,14
2025-04-01,2025-05-01,SKU010,CH03,BASE,FV_BASE_202505,4120,91859520.0,78730942.06,2502375.51,260120.0,FROZEN,true,2025-06-01,true,ASSUMPTION,0
2025-04-01,2025-05-01,SKU010,CH03,UPSIDE,FV_UPSIDE_202505,4280,95426880.0,77216885.48,2502375.51,254917.6,FROZEN,true,2025-06-01,true,ASSUMPTION,-6
2025-04-01,2025-05-01,SKU010,CH03,DOWNSIDE,FV_DOWNSIDE_202505,3840,85616640.0,82516083.5,2552423.02,280929.6,FROZEN,true,2025-06-01,true,ASSUMPTION,14
2025-04-01,2025-05-01,SKU011,CH03,BASE,FV_BASE_202505,2060,66980900.0,34444787.15,1824648.81,189670.83,FROZEN,true,2025-06-01,true,ASSUMPTION,0
2025-04-01,2025-05-01,SKU011,CH03,UPSIDE,FV_UPSIDE_202505,2140,69582100.0,33782387.39,1824648.81,185877.42,FROZEN,true,2025-06-01,true,ASSUMPTION,-6
2025-04-01,2025-05-01,SKU011,CH03,DOWNSIDE,FV_DOWNSIDE_202505,1920,62428800.0,36100786.53,1861141.79,204844.5,FROZEN,true,2025-06-01,true,ASSUMPTION,14
2025-04-01,2025-05-01,SKU012,CH03,BASE,FV_BASE_202505,3090,83247690.0,55652934.68,2267777.81,235733.75,FROZEN,true,2025-06-01,true,ASSUMPTION,0
2025-04-01,2025-05-01,SKU012,CH03,UPSIDE,FV_UPSIDE_202505,3210,86480610.0,54582685.93,2267777.81,231019.08,FROZEN,true,2025-06-01,true,ASSUMPTION,-6
2025-04-01,2025-05-01,SKU012,CH03,DOWNSIDE,FV_DOWNSIDE_202505,2880,77590080.0,58328556.54,2313133.37,254592.45,FROZEN,true,2025-06-01,true,ASSUMPTION,14
2025-04-01,2025-05-01,SKU001,CH04,BASE,FV_BASE_202505,3090,90234180.0,50515110.41,2148196.52,255517.5,FROZEN,true,2025-06-01,true,ASSUMPTION,0
2025-04-01,2025-05-01,SKU001,CH04,UPSIDE,FV_UPSIDE_202505,3210,93738420.0,49543665.98,2148196.52,250407.15,FROZEN,true,2025-06-01,true,ASSUMPTION,-6
2025-04-01,2025-05-01,SKU001,CH04,DOWNSIDE,FV_DOWNSIDE_202505,2880,84101760.0,52943721.49,2191160.45,275958.9,FROZEN,true,2025-06-01,true,ASSUMPTION,14
2025-04-01,2025-05-01,SKU002,CH04,BASE,FV_BASE_202505,2060,69858720.0,35197625.32,1663119.89,197820.0,FROZEN,true,2025-06-01,true,ASSUMPTION,0
2025-04-01,2025-05-01,SKU002,CH04,UPSIDE,FV_UPSIDE_202505,2140,72571680.0,34520747.91,1663119.89,193863.6,FROZEN,true,2025-06-01,true,ASSUMPTION,-6
2025-04-01,2025-05-01,SKU002,CH04,DOWNSIDE,FV_DOWNSIDE_202505,1920,65111040.0,36889818.85,1696382.29,213645.6,FROZEN,true,2025-06-01,true,ASSUMPTION,14
2025-04-01,2025-05-01,SKU003,CH04,BASE,FV_BASE_202505,2060,62096640.0,33024932.4,1478328.79,175840.0,FROZEN,true,2025-06-01,true,ASSUMPTION,0
2025-04-01,2025-05-01,SKU003,CH04,UPSIDE,FV_UPSIDE_202505,2140,64508160.0,32389837.54,1478328.79,172323.2,FROZEN,true,2025-06-01,true,ASSUMPTION,-6
2025-04-01,2025-05-01,SKU003,CH04,DOWNSIDE,FV_DOWNSIDE_202505,1920,57876480.0,34612669.53,1507895.37,189907.2,FROZEN,true,2025-06-01,true,ASSUMPTION,14
2025-04-01,2025-05-01,SKU004,CH04,BASE,FV_BASE_202505,2060,54334560.0,33459470.99,1293537.69,153860.0,FROZEN,true,2025-06-01,true,ASSUMPTION,0
2025-04-01,2025-05-01,SKU004,CH04,UPSIDE,FV_UPSIDE_202505,2140,56444640.0,32816019.63,1293537.69,150782.8,FROZEN,true,2025-06-01,true,ASSUMPTION,-6
2025-04-01,2025-05-01,SKU004,CH04,DOWNSIDE,FV_DOWNSIDE_202505,1920,50641920.0,35068099.4,1319408.44,166168.8,FROZEN,true,2025-06-01,true,ASSUMPTION,14
2025-04-01,2025-05-01,SKU005,CH04,BASE,FV_BASE_202505,2060,52394040.0,33731057.6,1247339.91,148365.0,FROZEN,true,2025-06-01,true,ASSUMPTION,0
2025-04-01,2025-05-01,SKU005,CH04,UPSIDE,FV_UPSIDE_202505,2140,54428760.0,33082383.41,1247339.91,145397.7,FROZEN,true,2025-06-01,true,ASSUMPTION,-6
2025-04-01,2025-05-01,SKU005,CH04,DOWNSIDE,FV_DOWNSIDE_202505,1920,48833280.0,35352743.06,1272286.71,160234.2,FROZEN,true,2025-06-01,true,ASSUMPTION,14
2025-04-01,2025-05-01,SKU006,CH04,BASE,FV_BASE_202505,2060,58215600.0,34219913.51,1385933.24,164850.0,FROZEN,true,2025-06-01,true,ASSUMPTION,0
2025-04-01,2025-05-01,SKU006,CH04,UPSIDE,FV_UPSIDE_202505,2140,60476400.0,33561838.25,1385933.24,161553.0,FROZEN,true,2025-06-01,true,ASSUMPTION,-6
2025-04-01,2025-05-01,SKU006,CH04,DOWNSIDE,FV_DOWNSIDE_202505,1920,54259200.0,35865101.66,1413651.9,178038.0,FROZEN,true,2025-06-01,true,ASSUMPTION,14
2025-04-01,2025-05-01,SKU007,CH04,BASE,FV_BASE_202505,3090,66947940.0,51533560.23,1593823.22,189577.5,FROZEN,true,2025-06-01,true,ASSUMPTION,0
2025-04-01,2025-05-01,SKU007,CH04,UPSIDE,FV_UPSIDE_202505,3210,69547860.0,50542530.22,1593823.22,185785.95,FROZEN,true,2025-06-01,true,ASSUMPTION,-6
2025-04-01,2025-05-01,SKU007,CH04,DOWNSIDE,FV_DOWNSIDE_202505,2880,62398080.0,54011135.24,1625699.68,204743.7,FROZEN,true,2025-06-01,true,ASSUMPTION,14
2025-04-01,2025-05-01,SKU008,CH04,BASE,FV_BASE_202505,2060,48513000.0,35306259.97,1154944.37,137375.0,FROZEN,true,2025-06-01,true,ASSUMPTION,0
2025-04-01,2025-05-01,SKU008,CH04,UPSIDE,FV_UPSIDE_202505,2140,50397000.0,34627293.43,1154944.37,134627.5,FROZEN,true,2025-06-01,true,ASSUMPTION,-6
2025-04-01,2025-05-01,SKU008,CH04,DOWNSIDE,FV_DOWNSIDE_202505,1920,45216000.0,37003676.31,1178043.26,148365.0,FROZEN,true,2025-06-01,true,ASSUMPTION,14
2025-04-01,2025-05-01,SKU009,CH04,BASE,FV_BASE_202505,2060,40750920.0,33079249.73,970153.27,115395.0,FROZEN,true,2025-06-01,true,ASSUMPTION,0
2025-04-01,2025-05-01,SKU009,CH04,UPSIDE,FV_UPSIDE_202505,2140,42333480.0,32443110.31,970153.27,113087.1,FROZEN,true,2025-06-01,true,ASSUMPTION,-6
2025-04-01,2025-05-01,SKU009,CH04,DOWNSIDE,FV_DOWNSIDE_202505,1920,37981440.0,34669598.27,989556.34,124626.6,FROZEN,true,2025-06-01,true,ASSUMPTION,14
2025-04-01,2025-05-01,SKU010,CH04,BASE,FV_BASE_202505,2060,46572480.0,32590393.82,1108746.59,131880.0,FROZEN,true,2025-06-01,true,ASSUMPTION,0
2025-04-01,2025-05-01,SKU010,CH04,UPSIDE,FV_UPSIDE_202505,2140,48381120.0,31963655.47,1108746.59,129242.4,FROZEN,true,2025-06-01,true,ASSUMPTION,-6
2025-04-01,2025-05-01,SKU010,CH04,DOWNSIDE,FV_DOWNSIDE_202505,1920,43407360.0,34157239.67,1130921.52,142430.4,FROZEN,true,2025-06-01,true,ASSUMPTION,14
2025-04-01,2025-05-01,SKU011,CH04,BASE,FV_BASE_202505,1030,33959100.0,14258297.3,808461.06,96162.5,FROZEN,true,2025-06-01,true,ASSUMPTION,0
2025-04-01,2025-05-01,SKU011,CH04,UPSIDE,FV_UPSIDE_202505,1070,35277900.0,13984099.28,808461.06,94239.25,FROZEN,true,2025-06-01,true,ASSUMPTION,-6
2025-04-01,2025-05-01,SKU011,CH04,DOWNSIDE,FV_DOWNSIDE_202505,960,31651200.0,14943792.36,824630.28,103855.5,FROZEN,true,2025-06-01,true,ASSUMPTION,14
2025-04-01,2025-05-01,SKU012,CH04,BASE,FV_BASE_202505,2060,56275080.0,30716446.18,1339735.46,159355.0,FROZEN,true,2025-06-01,true,ASSUMPTION,0
2025-04-01,2025-05-01,SKU012,CH04,UPSIDE,FV_UPSIDE_202505,2140,58460520.0,30125745.29,1339735.46,156167.9,FROZEN,true,2025-06-01,true,ASSUMPTION,-6
2025-04-01,2025-05-01,SKU012,CH04,DOWNSIDE,FV_DOWNSIDE_202505,1920,52450560.0,32193198.4,1366530.17,172103.4,FROZEN,true,2025-06-01,true,ASSUMPTION,14
2025-04-01,2025-05-01,SKU001,CH05,BASE,FV_BASE_202505,3090,91383660.0,56145480.05,2409417.22,258772.5,FROZEN,true,2025-06-01,true,ASSUMPTION,0
2025-04-01,2025-05-01,SKU001,CH05,UPSIDE,FV_UPSIDE_202505,3210,94932540.0,55065759.28,2409417.22,253597.05,FROZEN,true,2025-06-01,true,ASSUMPTION,-6
2025-04-01,2025-05-01,SKU001,CH05,DOWNSIDE,FV_DOWNSIDE_202505,2880,85173120.0,58844781.98,2457605.56,279474.3,FROZEN,true,2025-06-01,true,ASSUMPTION,14
2025-04-01,2025-05-01,SKU002,CH05,BASE,FV_BASE_202505,2060,70748640.0,39120721.59,1865355.26,200340.0,FROZEN,true,2025-06-01,true,ASSUMPTION,0
2025-04-01,2025-05-01,SKU002,CH05,UPSIDE,FV_UPSIDE_202505,2140,73496160.0,38368400.02,1865355.26,196333.2,FROZEN,true,2025-06-01,true,ASSUMPTION,-6
2025-04-01,2025-05-01,SKU002,CH05,DOWNSIDE,FV_DOWNSIDE_202505,1920,65940480.0,41001525.51,1902662.37,216367.2,FROZEN,true,2025-06-01,true,ASSUMPTION,14
2025-04-01,2025-05-01,SKU003,CH05,BASE,FV_BASE_202505,2060,62887680.0,36705862.22,1658093.57,178080.0,FROZEN,true,2025-06-01,true,ASSUMPTION,0
2025-04-01,2025-05-01,SKU003,CH05,UPSIDE,FV_UPSIDE_202505,2140,65329920.0,35999980.26,1658093.57,174518.4,FROZEN,true,2025-06-01,true,ASSUMPTION,-6
2025-04-01,2025-05-01,SKU003,CH05,DOWNSIDE,FV_DOWNSIDE_202505,1920,58613760.0,38470567.14,1691255.44,192326.4,FROZEN,true,2025-06-01,true,ASSUMPTION,14
2025-04-01,2025-05-01,SKU004,CH05,BASE,FV_BASE_202505,3090,82540080.0,55783251.15,2176247.81,233730.0,FROZEN,true,2025-06-01,true,ASSUMPTION,0
2025-04-01,2025-05-01,SKU004,CH05,UPSIDE,FV_UPSIDE_202505,3210,85745520.0,54710496.32,2176247.81,229055.4,FROZEN,true,2025-06-01,true,ASSUMPTION,-6
2025-04-01,2025-05-01,SKU004,CH05,DOWNSIDE,FV_DOWNSIDE_202505,2880,76930560.0,58465138.22,2219772.77,252428.4,FROZEN,true,2025-06-01,true,ASSUMPTION,14
2025-04-01,2025-05-01,SKU005,CH05,BASE,FV_BASE_202505,2060,53061480.0,37490691.51,1399016.45,150255.0,FROZEN,true,2025-06-01,true,ASSUMPTION,0
2025-04-01,2025-05-01,SKU005,CH05,UPSIDE,FV_UPSIDE_202505,2140,55122120.0,36769716.68,1399016.45,147249.9,FROZEN,true,2025-06-01,true,ASSUMPTION,-6
2025-04-01,2025-05-01,SKU005,CH05,DOWNSIDE,FV_DOWNSIDE_202505,1920,49455360.0,39293128.61,1426996.78,162275.4,FROZEN,true,2025-06-01,true,ASSUMPTION,14
2025-04-01,2025-05-01,SKU006,CH05,BASE,FV_BASE_202505,2060,58957200.0,38034034.88,1554462.72,166950.0,FROZEN,true,2025-06-01,true,ASSUMPTION,0
2025-04-01,2025-05-01,SKU006,CH05,UPSIDE,FV_UPSIDE_202505,2140,61246800.0,37302611.13,1554462.72,163611.0,FROZEN,true,2025-06-01,true,ASSUMPTION,-6
2025-04-01,2025-05-01,SKU006,CH05,DOWNSIDE,FV_DOWNSIDE_202505,1920,54950400.0,39862594.24,1585551.97,180306.0,FROZEN,true,2025-06-01,true,ASSUMPTION,14
2025-04-01,2025-05-01,SKU007,CH05,BASE,FV_BASE_202505,3090,67800780.0,57277445.38,1787632.13,191992.5,FROZEN,true,2025-06-01,true,ASSUMPTION,0
2025-04-01,2025-05-01,SKU007,CH05,UPSIDE,FV_UPSIDE_202505,3210,70433820.0,56175956.04,1787632.13,188152.65,FROZEN,true,2025-06-01,true,ASSUMPTION,-6
2025-04-01,2025-05-01,SKU007,CH05,DOWNSIDE,FV_DOWNSIDE_202505,2880,63192960.0,60031168.71,1823384.77,207351.9,FROZEN,true,2025-06-01,true,ASSUMPTION,14
2025-04-01,2025-05-01,SKU008,CH05,BASE,FV_BASE_202505,2060,49131000.0,39241464.55,1295385.6,139125.0,FROZEN,true,2025-06-01,true,ASSUMPTION,0
2025-04-01,2025-05-01,SKU008,CH05,UPSIDE,FV_UPSIDE_202505,2140,51039000.0,38486821.0,1295385.6,136342.5,FROZEN,true,2025-06-01,true,ASSUMPTION,-6
2025-04-01,2025-05-01,SKU008,CH05,DOWNSIDE,FV_DOWNSIDE_202505,1920,45792000.0,41128073.42,1321293.31,150255.0,FROZEN,true,2025-06-01,true,ASSUMPTION,14
2025-04-01,2025-05-01,SKU009,CH05,BASE,FV_BASE_202505,3090,61905060.0,55149350.57,1632185.86,175297.5,FROZEN,true,2025-06-01,true,ASSUMPTION,0
2025-04-01,2025-05-01,SKU009,CH05,UPSIDE,FV_UPSIDE_202505,3210,64309140.0,54088786.13,1632185.86,171791.55,FROZEN,true,2025-06-01,true,ASSUMPTION,-6
2025-04-01,2025-05-01,SKU009,CH05,DOWNSIDE,FV_DOWNSIDE_202505,2880,57697920.0,57800761.65,1664829.58,189321.3,FROZEN,true,2025-06-01,true,ASSUMPTION,14
2025-04-01,2025-05-01,SKU010,CH05,BASE,FV_BASE_202505,2060,47165760.0,36222890.35,1243570.18,133560.0,FROZEN,true,2025-06-01,true,ASSUMPTION,0
2025-04-01,2025-05-01,SKU010,CH05,UPSIDE,FV_UPSIDE_202505,2140,48997440.0,35526296.31,1243570.18,130888.8,FROZEN,true,2025-06-01,true,ASSUMPTION,-6
2025-04-01,2025-05-01,SKU010,CH05,DOWNSIDE,FV_DOWNSIDE_202505,1920,43960320.0,37964375.46,1268441.58,144244.8,FROZEN,true,2025-06-01,true,ASSUMPTION,14
2025-04-01,2025-05-01,SKU011,CH05,BASE,FV_BASE_202505,1030,34391700.0,15847514.53,906769.92,97387.5,FROZEN,true,2025-06-01,true,ASSUMPTION,0
2025-04-01,2025-05-01,SKU011,CH05,UPSIDE,FV_UPSIDE_202505,1070,35727300.0,15542754.63,906769.92,95439.75,FROZEN,true,2025-06-01,true,ASSUMPTION,-6
2025-04-01,2025-05-01,SKU011,CH05,DOWNSIDE,FV_DOWNSIDE_202505,960,32054400.0,16609414.27,924905.32,105178.5,FROZEN,true,2025-06-01,true,ASSUMPTION,14
2025-04-01,2025-05-01,SKU012,CH05,BASE,FV_BASE_202505,2060,56991960.0,34140074.16,1502647.3,161385.0,FROZEN,true,2025-06-01,true,ASSUMPTION,0
2025-04-01,2025-05-01,SKU012,CH05,UPSIDE,FV_UPSIDE_202505,2140,59205240.0,33483534.27,1502647.3,158157.3,FROZEN,true,2025-06-01,true,ASSUMPTION,-6
2025-04-01,2025-05-01,SKU012,CH05,DOWNSIDE,FV_DOWNSIDE_202505,1920,53118720.0,35781423.87,1532700.25,174295.8,FROZEN,true,2025-06-01,true,ASSUMPTION,14
2025-05-01,2025-06-01,SKU001,CH01,BASE,FV_BASE_202506,9270,274150980.0,162950788.04,6984321.17,776317.5,FROZEN,true,2025-07-01,true,ASSUMPTION,0
2025-05-01,2025-06-01,SKU001,CH01,UPSIDE,FV_UPSIDE_202506,9630,284797620.0,159817119.04,6984321.17,760791.15,FROZEN,true,2025-07-01,true,ASSUMPTION,-6
2025-05-01,2025-06-01,SKU001,CH01,DOWNSIDE,FV_DOWNSIDE_202506,8640,255519360.0,170784960.54,7124007.59,838422.9,FROZEN,true,2025-07-01,true,ASSUMPTION,14
2025-05-01,2025-06-01,SKU002,CH01,BASE,FV_BASE_202506,6180,212245920.0,113539903.92,5407216.39,601020.0,FROZEN,true,2025-07-01,true,ASSUMPTION,0
2025-05-01,2025-06-01,SKU002,CH01,UPSIDE,FV_UPSIDE_202506,6420,220488480.0,111356444.23,5407216.39,588999.6,FROZEN,true,2025-07-01,true,ASSUMPTION,-6
2025-05-01,2025-06-01,SKU002,CH01,DOWNSIDE,FV_DOWNSIDE_202506,5760,197821440.0,118998553.15,5515360.72,649101.6,FROZEN,true,2025-07-01,true,ASSUMPTION,14
2025-05-01,2025-06-01,SKU003,CH01,BASE,FV_BASE_202506,5150,157219200.0,88776056.56,4005345.47,445200.0,FROZEN,true,2025-07-01,true,ASSUMPTION,0
2025-05-01,2025-06-01,SKU003,CH01,UPSIDE,FV_UPSIDE_202506,5350,163324800.0,87068824.71,4005345.47,436296.0,FROZEN,true,2025-07-01,true,ASSUMPTION,-6
2025-05-01,2025-06-01,SKU003,CH01,DOWNSIDE,FV_DOWNSIDE_202506,4800,146534400.0,93044136.21,4085452.38,480816.0,FROZEN,true,2025-07-01,true,ASSUMPTION,14
2025-05-01,2025-06-01,SKU004,CH01,BASE,FV_BASE_202506,8240,220106880.0,143910660.12,5607483.66,623280.0,FROZEN,true,2025-07-01,true,ASSUMPTION,0
2025-05-01,2025-06-01,SKU004,CH01,UPSIDE,FV_UPSIDE_202506,8560,228654720.0,141143147.42,5607483.66,610814.4,FROZEN,true,2025-07-01,true,ASSUMPTION,-6
2025-05-01,2025-06-01,SKU004,CH01,DOWNSIDE,FV_DOWNSIDE_202506,7680,205148160.0,150829441.86,5719633.33,673142.4,FROZEN,true,2025-07-01,true,ASSUMPTION,14
2025-05-01,2025-06-01,SKU005,CH01,BASE,FV_BASE_202506,7210,185715180.0,126943920.36,4731314.34,525892.5,FROZEN,true,2025-07-01,true,ASSUMPTION,0
2025-05-01,2025-06-01,SKU005,CH01,UPSIDE,FV_UPSIDE_202506,7490,192927420.0,124502691.12,4731314.34,515374.65,FROZEN,true,2025-07-01,true,ASSUMPTION,-6
2025-05-01,2025-06-01,SKU005,CH01,DOWNSIDE,FV_DOWNSIDE_202506,6720,173093760.0,133046993.45,4825940.63,567963.9,FROZEN,true,2025-07-01,true,ASSUMPTION,14
2025-05-01,2025-06-01,SKU006,CH01,BASE,FV_BASE_202506,5150,147393000.0,91988348.09,3755011.38,417375.0,FROZEN,true,2025-07-01,true,ASSUMPTION,0
2025-05-01,2025-06-01,SKU006,CH01,UPSIDE,FV_UPSIDE_202506,5350,153117000.0,90219341.39,3755011.38,409027.5,FROZEN,true,2025-07-01,true,ASSUMPTION,-6
2025-05-01,2025-06-01,SKU006,CH01,DOWNSIDE,FV_DOWNSIDE_202506,4800,137376000.0,96410864.82,3830111.61,450765.0,FROZEN,true,2025-07-01,true,ASSUMPTION,14
2025-05-01,2025-06-01,SKU007,CH01,BASE,FV_BASE_202506,9270,203402340.0,166236086.18,5181915.7,575977.5,FROZEN,true,2025-07-01,true,ASSUMPTION,0
2025-05-01,2025-06-01,SKU007,CH01,UPSIDE,FV_UPSIDE_202506,9630,211301460.0,163039238.37,5181915.7,564457.95,FROZEN,true,2025-07-01,true,ASSUMPTION,-6
2025-05-01,2025-06-01,SKU007,CH01,DOWNSIDE,FV_DOWNSIDE_202506,8640,189578880.0,174228205.71,5285554.01,622055.7,FROZEN,true,2025-07-01,true,ASSUMPTION,14
2025-05-01,2025-06-01,SKU008,CH01,BASE,FV_BASE_202506,7210,171958500.0,132872058.35,4380846.61,486937.5,FROZEN,true,2025-07-01,true,ASSUMPTION,0
2025-05-01,2025-06-01,SKU008,CH01,UPSIDE,FV_UPSIDE_202506,7490,178636500.0,130316826.46,4380846.61,477198.75,FROZEN,true,2025-07-01,true,ASSUMPTION,-6
2025-05-01,2025-06-01,SKU008,CH01,DOWNSIDE,FV_DOWNSIDE_202506,6720,160272000.0,139260138.08,4468463.54,525892.5,FROZEN,true,2025-07-01,true,ASSUMPTION,14
2025-05-01,2025-06-01,SKU009,CH01,BASE,FV_BASE_202506,8240,165080160.0,142275311.7,4205612.74,467460.0,FROZEN,true,2025-07-01,true,ASSUMPTION,0
2025-05-01,2025-06-01,SKU009,CH01,UPSIDE,FV_UPSIDE_202506,8560,171491040.0,139539248.02,4205612.74,458110.8,FROZEN,true,2025-07-01,true,ASSUMPTION,-6
2025-05-01,2025-06-01,SKU009,CH01,DOWNSIDE,FV_DOWNSIDE_202506,7680,153861120.0,149115470.92,4289724.99,504856.8,FROZEN,true,2025-07-01,true,ASSUMPTION,14
2025-05-01,2025-06-01,SKU010,CH01,BASE,FV_BASE_202506,6180,141497280.0,105129540.67,3604810.92,400680.0,FROZEN,true,2025-07-01,true,ASSUMPTION,0
2025-05-01,2025-06-01,SKU010,CH01,UPSIDE,FV_UPSIDE_202506,6420,146992320.0,103107818.74,3604810.92,392666.4,FROZEN,true,2025-07-01,true,ASSUMPTION,-6
2025-05-01,2025-06-01,SKU010,CH01,DOWNSIDE,FV_DOWNSIDE_202506,5760,131880960.0,110183845.51,3676907.14,432734.4,FROZEN,true,2025-07-01,true,ASSUMPTION,14
2025-05-01,2025-06-01,SKU011,CH01,BASE,FV_BASE_202506,4120,137566800.0,61325565.39,3504677.29,389550.0,FROZEN,true,2025-07-01,true,ASSUMPTION,0
2025-05-01,2025-06-01,SKU011,CH01,UPSIDE,FV_UPSIDE_202506,4280,142909200.0,60146227.6,3504677.29,381759.0,FROZEN,true,2025-07-01,true,ASSUMPTION,-6
2025-05-01,2025-06-01,SKU011,CH01,DOWNSIDE,FV_DOWNSIDE_202506,3840,128217600.0,64273909.88,3574770.84,420714.0,FROZEN,true,2025-07-01,true,ASSUMPTION,14
2025-05-01,2025-06-01,SKU012,CH01,BASE,FV_BASE_202506,5150,142479900.0,82570493.41,3629844.33,403462.5,FROZEN,true,2025-07-01,true,ASSUMPTION,0
2025-05-01,2025-06-01,SKU012,CH01,UPSIDE,FV_UPSIDE_202506,5350,148013100.0,80982599.3,3629844.33,395393.25,FROZEN,true,2025-07-01,true,ASSUMPTION,-6
2025-05-01,2025-06-01,SKU012,CH01,DOWNSIDE,FV_DOWNSIDE_202506,4800,132796800.0,86540228.67,3702441.22,435739.5,FROZEN,true,2025-07-01,true,ASSUMPTION,14
2025-05-01,2025-06-01,SKU001,CH02,BASE,FV_BASE_202506,7210,213228540.0,125536667.8,7940751.8,603802.5,FROZEN,true,2025-07-01,true,ASSUMPTION,0
2025-05-01,2025-06-01,SKU001,CH02,UPSIDE,FV_UPSIDE_202506,7490,221509260.0,123122501.11,7940751.8,591726.45,FROZEN,true,2025-07-01,true,ASSUMPTION,-6
2025-05-01,2025-06-01,SKU001,CH02,DOWNSIDE,FV_DOWNSIDE_202506,6720,198737280.0,131572084.52,8099566.84,652106.7,FROZEN,true,2025-07-01,true,ASSUMPTION,14
2025-05-01,2025-06-01,SKU002,CH02,BASE,FV_BASE_202506,5150,176871600.0,93718618.35,6586798.73,500850.0,FROZEN,true,2025-07-01,true,ASSUMPTION,0
2025-05-01,2025-06-01,SKU002,CH02,UPSIDE,FV_UPSIDE_202506,5350,183740400.0,91916337.23,6586798.73,490833.0,FROZEN,true,2025-07-01,true,ASSUMPTION,-6
2025-05-01,2025-06-01,SKU002,CH02,DOWNSIDE,FV_DOWNSIDE_202506,4800,164851200.0,98224321.16,6718534.7,540918.0,FROZEN,true,2025-07-01,true,ASSUMPTION,14
2025-05-01,2025-06-01,SKU003,CH02,BASE,FV_BASE_202506,4120,125775360.0,70346814.76,4683945.76,356160.0,FROZEN,true,2025-07-01,true,ASSUMPTION,0
2025-05-01,2025-06-01,SKU003,CH02,UPSIDE,FV_UPSIDE_202506,4280,130659840.0,68993991.4,4683945.76,349036.8,FROZEN,true,2025-07-01,true,ASSUMPTION,-6
2025-05-01,2025-06-01,SKU003,CH02,DOWNSIDE,FV_DOWNSIDE_202506,3840,117227520.0,73728873.16,4777624.68,384652.8,FROZEN,true,2025-07-01,true,ASSUMPTION,14
2025-05-01,2025-06-01,SKU004,CH02,BASE,FV_BASE_202506,6180,165080160.0,106908646.12,6147678.81,467460.0,FROZEN,true,2025-07-01,true,ASSUMPTION,0
2025-05-01,2025-06-01,SKU004,CH02,UPSIDE,FV_UPSIDE_202506,6420,171491040.0,104852710.62,6147678.81,458110.8,FROZEN,true,2025-07-01,true,ASSUMPTION,-6
2025-05-01,2025-06-01,SKU004,CH02,DOWNSIDE,FV_DOWNSIDE_202506,5760,153861120.0,112048484.88,6270632.39,504856.8,FROZEN,true,2025-07-01,true,ASSUMPTION,14
2025-05-01,2025-06-01,SKU005,CH02,BASE,FV_BASE_202506,5150,132653700.0,89813675.92,4940099.05,375637.5,FROZEN,true,2025-07-01,true,ASSUMPTION,0
2025-05-01,2025-06-01,SKU005,CH02,UPSIDE,FV_UPSIDE_202506,5350,137805300.0,88086489.85,4940099.05,368124.75,FROZEN,true,2025-07-01,true,ASSUMPTION,-6
2025-05-01,2025-06-01,SKU005,CH02,DOWNSIDE,FV_DOWNSIDE_202506,4800,123638400.0,94131641.11,5038901.03,405688.5,FROZEN,true,2025-07-01,true,ASSUMPTION,14
2025-05-01,2025-06-01,SKU006,CH02,BASE,FV_BASE_202506,4120,117914400.0,72892258.72,4391199.15,333900.0,FROZEN,true,2025-07-01,true,ASSUMPTION,0
2025-05-01,2025-06-01,SKU006,CH02,UPSIDE,FV_UPSIDE_202506,4280,122493600.0,71490484.52,4391199.15,327222.0,FROZEN,true,2025-07-01,true,ASSUMPTION,-6
2025-05-01,2025-06-01,SKU006,CH02,DOWNSIDE,FV_DOWNSIDE_202506,3840,109900800.0,76396694.24,4479023.13,360612.0,FROZEN,true,2025-07-01,true,ASSUMPTION,14
2025-05-01,2025-06-01,SKU007,CH02,BASE,FV_BASE_202506,7210,158201820.0,128067649.0,5891525.53,447982.5,FROZEN,true,2025-07-01,true,ASSUMPTION,0
2025-05-01,2025-06-01,SKU007,CH02,UPSIDE,FV_UPSIDE_202506,7490,164345580.0,125604809.59,5891525.53,439022.85,FROZEN,true,2025-07-01,true,ASSUMPTION,-6
2025-05-01,2025-06-01,SKU007,CH02,DOWNSIDE,FV_DOWNSIDE_202506,6720,147450240.0,134224747.51,6009356.04,483821.1,FROZEN,true,2025-07-01,true,ASSUMPTION,14
2025-05-01,2025-06-01,SKU008,CH02,BASE,FV_BASE_202506,5150,122827500.0,94007873.35,4574165.78,347812.5,FROZEN,true,2025-07-01,true,ASSUMPTION,0
2025-05-01,2025-06-01,SKU008,CH02,UPSIDE,FV_UPSIDE_202506,5350,127597500.0,92200029.63,4574165.78,340856.25,FROZEN,true,2025-07-01,true,ASSUMPTION,-6
2025-05-01,2025-06-01,SKU008,CH02,DOWNSIDE,FV_DOWNSIDE_202506,4800,114480000.0,98527482.64,4665649.1,375637.5,FROZEN,true,2025-07-01,true,ASSUMPTION,14
2025-05-01,2025-06-01,SKU009,CH02,BASE,FV_BASE_202506,6180,123810120.0,105693775.15,4610759.11,350595.0,FROZEN,true,2025-07-01,true,ASSUMPTION,0
2025-05-01,2025-06-01,SKU009,CH02,UPSIDE,FV_UPSIDE_202506,6420,128618280.0,103661202.55,4610759.11,343583.1,FROZEN,true,2025-07-01,true,ASSUMPTION,-6
2025-05-01,2025-06-01,SKU009,CH02,DOWNSIDE,FV_DOWNSIDE_202506,5760,115395840.0,110775206.65,4702974.29,378642.6,FROZEN,true,2025-07-01,true,ASSUMPTION,14
2025-05-01,2025-06-01,SKU010,CH02,BASE,FV_BASE_202506,5150,117914400.0,86776498.47,4391199.15,333900.0,FROZEN,true,2025-07-01,true,ASSUMPTION,0
2025-05-01,2025-06-01,SKU010,CH02,UPSIDE,FV_UPSIDE_202506,5350,122493600.0,85107719.66,4391199.15,327222.0,FROZEN,true,2025-07-01,true,ASSUMPTION,-6
2025-05-01,2025-06-01,SKU010,CH02,DOWNSIDE,FV_DOWNSIDE_202506,4800,109900800.0,90948445.52,4479023.13,360612.0,FROZEN,true,2025-07-01,true,ASSUMPTION,14
2025-05-01,2025-06-01,SKU011,CH02,BASE,FV_BASE_202506,3090,103175100.0,45557661.7,3842299.26,292162.5,FROZEN,true,2025-07-01,true,ASSUMPTION,0
2025-05-01,2025-06-01,SKU011,CH02,UPSIDE,FV_UPSIDE_202506,3210,107181900.0,44681552.82,3842299.26,286319.25,FROZEN,true,2025-07-01,true,ASSUMPTION,-6
2025-05-01,2025-06-01,SKU011,CH02,DOWNSIDE,FV_DOWNSIDE_202506,2880,96163200.0,47747933.89,3919145.25,315535.5,FROZEN,true,2025-07-01,true,ASSUMPTION,14
2025-05-01,2025-06-01,SKU012,CH02,BASE,FV_BASE_202506,4120,113983920.0,65429479.86,4244825.85,322770.0,FROZEN,true,2025-07-01,true,ASSUMPTION,0
2025-05-01,2025-06-01,SKU012,CH02,UPSIDE,FV_UPSIDE_202506,4280,118410480.0,64171220.63,4244825.85,316314.6,FROZEN,true,2025-07-01,true,ASSUMPTION,-6
2025-05-01,2025-06-01,SKU012,CH02,DOWNSIDE,FV_DOWNSIDE_202506,3840,106237440.0,68575127.93,4329722.37,348591.6,FROZEN,true,2025-07-01,true,ASSUMPTION,14
2025-05-01,2025-06-01,SKU001,CH03,BASE,FV_BASE_202506,5150,148314850.0,102113512.32,4056955.66,419985.42,FROZEN,true,2025-07-01,true,ASSUMPTION,0
2025-05-01,2025-06-01,SKU001,CH03,UPSIDE,FV_UPSIDE_202506,5350,154074650.0,100149790.93,4056955.66,411585.71,FROZEN,true,2025-07-01,true,ASSUMPTION,-6
2025-05-01,2025-06-01,SKU001,CH03,DOWNSIDE,FV_DOWNSIDE_202506,4800,138235200.0,107022815.8,4138094.77,453584.25,FROZEN,true,2025-07-01,true,ASSUMPTION,14
2025-05-01,2025-06-01,SKU002,CH03,BASE,FV_BASE_202506,4120,137789280.0,85380072.24,3769042.68,390180.0,FROZEN,true,2025-07-01,true,ASSUMPTION,0
2025-05-01,2025-06-01,SKU002,CH03,UPSIDE,FV_UPSIDE_202506,4280,143140320.0,83738147.78,3769042.68,382376.4,FROZEN,true,2025-07-01,true,ASSUMPTION,-6
2025-05-01,2025-06-01,SKU002,CH03,DOWNSIDE,FV_DOWNSIDE_202506,3840,128424960.0,89484883.41,3844423.53,421394.4,FROZEN,true,2025-07-01,true,ASSUMPTION,14
2025-05-01,2025-06-01,SKU003,CH03,BASE,FV_BASE_202506,3090,91859520.0,60082273.06,2512695.12,260120.0,FROZEN,true,2025-07-01,true,ASSUMPTION,0
2025-05-01,2025-06-01,SKU003,CH03,UPSIDE,FV_UPSIDE_202506,3210,95426880.0,58926844.73,2512695.12,254917.6,FROZEN,true,2025-07-01,true,ASSUMPTION,-6
2025-05-01,2025-06-01,SKU003,CH03,DOWNSIDE,FV_DOWNSIDE_202506,2880,85616640.0,62970843.88,2562949.02,280929.6,FROZEN,true,2025-07-01,true,ASSUMPTION,14
2025-05-01,2025-06-01,SKU004,CH03,BASE,FV_BASE_202506,5150,133961800.0,101454715.47,3664347.05,379341.67,FROZEN,true,2025-07-01,true,ASSUMPTION,0
2025-05-01,2025-06-01,SKU004,CH03,UPSIDE,FV_UPSIDE_202506,5350,139164200.0,99503663.25,3664347.05,371754.83,FROZEN,true,2025-07-01,true,ASSUMPTION,-6
2025-05-01,2025-06-01,SKU004,CH03,DOWNSIDE,FV_DOWNSIDE_202506,4800,124857600.0,106332346.02,3737633.99,409689.0,FROZEN,true,2025-07-01,true,ASSUMPTION,14
2025-05-01,2025-06-01,SKU005,CH03,BASE,FV_BASE_202506,4120,103341960.0,81822569.23,2826782.01,292635.0,FROZEN,true,2025-07-01,true,ASSUMPTION,0
2025-05-01,2025-06-01,SKU005,CH03,UPSIDE,FV_UPSIDE_202506,4280,107355240.0,80249058.29,2826782.01,286782.3,FROZEN,true,2025-07-01,true,ASSUMPTION,-6
2025-05-01,2025-06-01,SKU005,CH03,DOWNSIDE,FV_DOWNSIDE_202506,3840,96318720.0,85756346.6,2883317.65,316045.8,FROZEN,true,2025-07-01,true,ASSUMPTION,14
2025-05-01,2025-06-01,SKU006,CH03,BASE,FV_BASE_202506,3090,86118300.0,62256302.68,2355651.68,243862.5,FROZEN,true,2025-07-01,true,ASSUMPTION,0
2025-05-01,2025-06-01,SKU006,CH03,UPSIDE,FV_UPSIDE_202506,3210,89462700.0,61059066.09,2355651.68,238985.25,FROZEN,true,2025-07-01,true,ASSUMPTION,-6
2025-05-01,2025-06-01,SKU006,CH03,DOWNSIDE,FV_DOWNSIDE_202506,2880,80265600.0,65249394.16,2402764.71,263371.5,FROZEN,true,2025-07-01,true,ASSUMPTION,14
2025-05-01,2025-06-01,SKU007,CH03,BASE,FV_BASE_202506,5150,110040050.0,104172252.5,3009999.36,311602.08,FROZEN,true,2025-07-01,true,ASSUMPTION,0
2025-05-01,2025-06-01,SKU007,CH03,UPSIDE,FV_UPSIDE_202506,5350,114313450.0,102168939.95,3009999.36,305370.04,FROZEN,true,2025-07-01,true,ASSUMPTION,-6
2025-05-01,2025-06-01,SKU007,CH03,DOWNSIDE,FV_DOWNSIDE_202506,4800,102561600.0,109180533.87,3070199.35,336530.25,FROZEN,true,2025-07-01,true,ASSUMPTION,14
2025-05-01,2025-06-01,SKU008,CH03,BASE,FV_BASE_202506,4120,95687000.0,85643590.98,2617390.75,270958.33,FROZEN,true,2025-07-01,true,ASSUMPTION,0
2025-05-01,2025-06-01,SKU008,CH03,UPSIDE,FV_UPSIDE_202506,4280,99403000.0,83996598.84,2617390.75,265539.17,FROZEN,true,2025-07-01,true,ASSUMPTION,-6
2025-05-01,2025-06-01,SKU008,CH03,DOWNSIDE,FV_DOWNSIDE_202506,3840,89184000.0,89761071.31,2669738.57,292635.0,FROZEN,true,2025-07-01,true,ASSUMPTION,14
2025-05-01,2025-06-01,SKU009,CH03,BASE,FV_BASE_202506,5150,100471350.0,100301820.98,2748260.29,284506.25,FROZEN,true,2025-07-01,true,ASSUMPTION,0
2025-05-01,2025-06-01,SKU009,CH03,UPSIDE,FV_UPSIDE_202506,5350,104373150.0,98372939.8,2748260.29,278816.13,FROZEN,true,2025-07-01,true,ASSUMPTION,-6
2025-05-01,2025-06-01,SKU009,CH03,DOWNSIDE,FV_DOWNSIDE_202506,4800,93643200.0,105124023.91,2803225.5,307266.75,FROZEN,true,2025-07-01,true,ASSUMPTION,14
2025-05-01,2025-06-01,SKU010,CH03,BASE,FV_BASE_202506,4120,91859520.0,79055622.44,2512695.12,260120.0,FROZEN,true,2025-07-01,true,ASSUMPTION,0
2025-05-01,2025-06-01,SKU010,CH03,UPSIDE,FV_UPSIDE_202506,4280,95426880.0,77535322.01,2512695.12,254917.6,FROZEN,true,2025-07-01,true,ASSUMPTION,-6
2025-05-01,2025-06-01,SKU010,CH03,DOWNSIDE,FV_DOWNSIDE_202506,3840,85616640.0,82856373.52,2562949.02,280929.6,FROZEN,true,2025-07-01,true,ASSUMPTION,14
2025-05-01,2025-06-01,SKU011,CH03,BASE,FV_BASE_202506,2060,66980900.0,34586834.82,1832173.53,189670.83,FROZEN,true,2025-07-01,true,ASSUMPTION,0
2025-05-01,2025-06-01,SKU011,CH03,UPSIDE,FV_UPSIDE_202506,2140,69582100.0,33921703.38,1832173.53,185877.42,FROZEN,true,2025-07-01,true,ASSUMPTION,-6
2025-05-01,2025-06-01,SKU011,CH03,DOWNSIDE,FV_DOWNSIDE_202506,1920,62428800.0,36249663.41,1868817.0,204844.5,FROZEN,true,2025-07-01,true,ASSUMPTION,14
2025-05-01,2025-06-01,SKU012,CH03,BASE,FV_BASE_202506,3090,83247690.0,55882443.12,2277129.95,235733.75,FROZEN,true,2025-07-01,true,ASSUMPTION,0
2025-05-01,2025-06-01,SKU012,CH03,UPSIDE,FV_UPSIDE_202506,3210,86480610.0,54807780.75,2277129.95,231019.08,FROZEN,true,2025-07-01,true,ASSUMPTION,-6
2025-05-01,2025-06-01,SKU012,CH03,DOWNSIDE,FV_DOWNSIDE_202506,2880,77590080.0,58569099.03,2322672.55,254592.45,FROZEN,true,2025-07-01,true,ASSUMPTION,14
2025-05-01,2025-06-01,SKU001,CH04,BASE,FV_BASE_202506,3090,90234180.0,50464196.98,2146031.38,255517.5,FROZEN,true,2025-07-01,true,ASSUMPTION,0
2025-05-01,2025-06-01,SKU001,CH04,UPSIDE,FV_UPSIDE_202506,3210,93738420.0,49493731.66,2146031.38,250407.15,FROZEN,true,2025-07-01,true,ASSUMPTION,-6
2025-05-01,2025-06-01,SKU001,CH04,DOWNSIDE,FV_DOWNSIDE_202506,2880,84101760.0,52890360.3,2188952.01,275958.9,FROZEN,true,2025-07-01,true,ASSUMPTION,14
2025-05-01,2025-06-01,SKU002,CH04,BASE,FV_BASE_202506,2060,69858720.0,35162150.16,1661443.65,197820.0,FROZEN,true,2025-07-01,true,ASSUMPTION,0
2025-05-01,2025-06-01,SKU002,CH04,UPSIDE,FV_UPSIDE_202506,2140,72571680.0,34485954.97,1661443.65,193863.6,FROZEN,true,2025-07-01,true,ASSUMPTION,-6
2025-05-01,2025-06-01,SKU002,CH04,DOWNSIDE,FV_DOWNSIDE_202506,1920,65111040.0,36852638.15,1694672.52,213645.6,FROZEN,true,2025-07-01,true,ASSUMPTION,14
2025-05-01,2025-06-01,SKU003,CH04,BASE,FV_BASE_202506,2060,62096640.0,32991647.06,1476838.8,175840.0,FROZEN,true,2025-07-01,true,ASSUMPTION,0
2025-05-01,2025-06-01,SKU003,CH04,UPSIDE,FV_UPSIDE_202506,2140,64508160.0,32357192.31,1476838.8,172323.2,FROZEN,true,2025-07-01,true,ASSUMPTION,-6
2025-05-01,2025-06-01,SKU003,CH04,DOWNSIDE,FV_DOWNSIDE_202506,1920,57876480.0,34577783.94,1506375.58,189907.2,FROZEN,true,2025-07-01,true,ASSUMPTION,14
2025-05-01,2025-06-01,SKU004,CH04,BASE,FV_BASE_202506,2060,54334560.0,33425747.68,1292233.95,153860.0,FROZEN,true,2025-07-01,true,ASSUMPTION,0
2025-05-01,2025-06-01,SKU004,CH04,UPSIDE,FV_UPSIDE_202506,2140,56444640.0,32782944.84,1292233.95,150782.8,FROZEN,true,2025-07-01,true,ASSUMPTION,-6
2025-05-01,2025-06-01,SKU004,CH04,DOWNSIDE,FV_DOWNSIDE_202506,1920,50641920.0,35032754.78,1318078.63,166168.8,FROZEN,true,2025-07-01,true,ASSUMPTION,14
2025-05-01,2025-06-01,SKU005,CH04,BASE,FV_BASE_202506,2060,52394040.0,33697060.57,1246082.74,148365.0,FROZEN,true,2025-07-01,true,ASSUMPTION,0
2025-05-01,2025-06-01,SKU005,CH04,UPSIDE,FV_UPSIDE_202506,2140,54428760.0,33049040.18,1246082.74,145397.7,FROZEN,true,2025-07-01,true,ASSUMPTION,-6
2025-05-01,2025-06-01,SKU005,CH04,DOWNSIDE,FV_DOWNSIDE_202506,1920,48833280.0,35317111.56,1271004.39,160234.2,FROZEN,true,2025-07-01,true,ASSUMPTION,14
2025-05-01,2025-06-01,SKU006,CH04,BASE,FV_BASE_202506,2060,58215600.0,34185423.76,1384536.38,164850.0,FROZEN,true,2025-07-01,true,ASSUMPTION,0
2025-05-01,2025-06-01,SKU006,CH04,UPSIDE,FV_UPSIDE_202506,2140,60476400.0,33528011.77,1384536.38,161553.0,FROZEN,true,2025-07-01,true,ASSUMPTION,-6
2025-05-01,2025-06-01,SKU006,CH04,DOWNSIDE,FV_DOWNSIDE_202506,1920,54259200.0,35828953.75,1412227.11,178038.0,FROZEN,true,2025-07-01,true,ASSUMPTION,14
2025-05-01,2025-06-01,SKU007,CH04,BASE,FV_BASE_202506,3090,66947940.0,51481620.31,1592216.83,189577.5,FROZEN,true,2025-07-01,true,ASSUMPTION,0
2025-05-01,2025-06-01,SKU007,CH04,UPSIDE,FV_UPSIDE_202506,3210,69547860.0,50491589.15,1592216.83,185785.95,FROZEN,true,2025-07-01,true,ASSUMPTION,-6
2025-05-01,2025-06-01,SKU007,CH04,DOWNSIDE,FV_DOWNSIDE_202506,2880,62398080.0,53956698.21,1624061.17,204743.7,FROZEN,true,2025-07-01,true,ASSUMPTION,14
2025-05-01,2025-06-01,SKU008,CH04,BASE,FV_BASE_202506,2060,48513000.0,35270675.32,1153780.31,137375.0,FROZEN,true,2025-07-01,true,ASSUMPTION,0
2025-05-01,2025-06-01,SKU008,CH04,UPSIDE,FV_UPSIDE_202506,2140,50397000.0,34592393.1,1153780.31,134627.5,FROZEN,true,2025-07-01,true,ASSUMPTION,-6
2025-05-01,2025-06-01,SKU008,CH04,DOWNSIDE,FV_DOWNSIDE_202506,1920,45216000.0,36966380.86,1176855.92,148365.0,FROZEN,true,2025-07-01,true,ASSUMPTION,14
2025-05-01,2025-06-01,SKU009,CH04,BASE,FV_BASE_202506,2060,40750920.0,33045909.63,969175.46,115395.0,FROZEN,true,2025-07-01,true,ASSUMPTION,0
2025-05-01,2025-06-01,SKU009,CH04,UPSIDE,FV_UPSIDE_202506,2140,42333480.0,32410411.37,969175.46,113087.1,FROZEN,true,2025-07-01,true,ASSUMPTION,-6
2025-05-01,2025-06-01,SKU009,CH04,DOWNSIDE,FV_DOWNSIDE_202506,1920,37981440.0,34634655.29,988558.97,124626.6,FROZEN,true,2025-07-01,true,ASSUMPTION,14
2025-05-01,2025-06-01,SKU010,CH04,BASE,FV_BASE_202506,2060,46572480.0,32557546.44,1107629.1,131880.0,FROZEN,true,2025-07-01,true,ASSUMPTION,0
2025-05-01,2025-06-01,SKU010,CH04,UPSIDE,FV_UPSIDE_202506,2140,48381120.0,31931439.78,1107629.1,129242.4,FROZEN,true,2025-07-01,true,ASSUMPTION,-6
2025-05-01,2025-06-01,SKU010,CH04,DOWNSIDE,FV_DOWNSIDE_202506,1920,43407360.0,34122813.1,1129781.68,142430.4,FROZEN,true,2025-07-01,true,ASSUMPTION,14
2025-05-01,2025-06-01,SKU011,CH04,BASE,FV_BASE_202506,1030,33959100.0,14243926.57,807646.22,96162.5,FROZEN,true,2025-07-01,true,ASSUMPTION,0
2025-05-01,2025-06-01,SKU011,CH04,UPSIDE,FV_UPSIDE_202506,1070,35277900.0,13970004.9,807646.22,94239.25,FROZEN,true,2025-07-01,true,ASSUMPTION,-6
2025-05-01,2025-06-01,SKU011,CH04,DOWNSIDE,FV_DOWNSIDE_202506,960,31651200.0,14928730.73,823799.14,103855.5,FROZEN,true,2025-07-01,true,ASSUMPTION,14
2025-05-01,2025-06-01,SKU012,CH04,BASE,FV_BASE_202506,2060,56275080.0,30685487.51,1338385.16,159355.0,FROZEN,true,2025-07-01,true,ASSUMPTION,0
2025-05-01,2025-06-01,SKU012,CH04,UPSIDE,FV_UPSIDE_202506,2140,58460520.0,30095381.98,1338385.16,156167.9,FROZEN,true,2025-07-01,true,ASSUMPTION,-6
2025-05-01,2025-06-01,SKU012,CH04,DOWNSIDE,FV_DOWNSIDE_202506,1920,52450560.0,32160751.33,1365152.86,172103.4,FROZEN,true,2025-07-01,true,ASSUMPTION,14
2025-05-01,2025-06-01,SKU001,CH05,BASE,FV_BASE_202506,3090,91383660.0,56088891.85,2406988.8,258772.5,FROZEN,true,2025-07-01,true,ASSUMPTION,0
2025-05-01,2025-06-01,SKU001,CH05,UPSIDE,FV_UPSIDE_202506,3210,94932540.0,55010259.32,2406988.8,253597.05,FROZEN,true,2025-07-01,true,ASSUMPTION,-6
2025-05-01,2025-06-01,SKU001,CH05,DOWNSIDE,FV_DOWNSIDE_202506,2880,85173120.0,58785473.19,2455128.58,279474.3,FROZEN,true,2025-07-01,true,ASSUMPTION,14
2025-05-01,2025-06-01,SKU002,CH05,BASE,FV_BASE_202506,2060,70748640.0,39081292.39,1863475.2,200340.0,FROZEN,true,2025-07-01,true,ASSUMPTION,0
2025-05-01,2025-06-01,SKU002,CH05,UPSIDE,FV_UPSIDE_202506,2140,73496160.0,38329729.08,1863475.2,196333.2,FROZEN,true,2025-07-01,true,ASSUMPTION,-6
2025-05-01,2025-06-01,SKU002,CH05,DOWNSIDE,FV_DOWNSIDE_202506,1920,65940480.0,40960200.68,1900744.7,216367.2,FROZEN,true,2025-07-01,true,ASSUMPTION,14
2025-05-01,2025-06-01,SKU003,CH05,BASE,FV_BASE_202506,2060,62887680.0,36668866.93,1656422.4,178080.0,FROZEN,true,2025-07-01,true,ASSUMPTION,0
2025-05-01,2025-06-01,SKU003,CH05,UPSIDE,FV_UPSIDE_202506,2140,65329920.0,35963696.41,1656422.4,174518.4,FROZEN,true,2025-07-01,true,ASSUMPTION,-6
2025-05-01,2025-06-01,SKU003,CH05,DOWNSIDE,FV_DOWNSIDE_202506,1920,58613760.0,38431793.22,1689550.85,192326.4,FROZEN,true,2025-07-01,true,ASSUMPTION,14
2025-05-01,2025-06-01,SKU004,CH05,BASE,FV_BASE_202506,3090,82540080.0,55727028.03,2174054.4,233730.0,FROZEN,true,2025-07-01,true,ASSUMPTION,0
2025-05-01,2025-06-01,SKU004,CH05,UPSIDE,FV_UPSIDE_202506,3210,85745520.0,54655354.42,2174054.4,229055.4,FROZEN,true,2025-07-01,true,ASSUMPTION,-6
2025-05-01,2025-06-01,SKU004,CH05,DOWNSIDE,FV_DOWNSIDE_202506,2880,76930560.0,58406212.07,2217535.49,252428.4,FROZEN,true,2025-07-01,true,ASSUMPTION,14
2025-05-01,2025-06-01,SKU005,CH05,BASE,FV_BASE_202506,2060,53061480.0,37452905.2,1397606.4,150255.0,FROZEN,true,2025-07-01,true,ASSUMPTION,0
2025-05-01,2025-06-01,SKU005,CH05,UPSIDE,FV_UPSIDE_202506,2140,55122120.0,36732657.03,1397606.4,147249.9,FROZEN,true,2025-07-01,true,ASSUMPTION,-6
2025-05-01,2025-06-01,SKU005,CH05,DOWNSIDE,FV_DOWNSIDE_202506,1920,49455360.0,39253525.65,1425558.53,162275.4,FROZEN,true,2025-07-01,true,ASSUMPTION,14
2025-05-01,2025-06-01,SKU006,CH05,BASE,FV_BASE_202506,2060,58957200.0,37995700.93,1552896.0,166950.0,FROZEN,true,2025-07-01,true,ASSUMPTION,0
2025-05-01,2025-06-01,SKU006,CH05,UPSIDE,FV_UPSIDE_202506,2140,61246800.0,37265014.38,1552896.0,163611.0,FROZEN,true,2025-07-01,true,ASSUMPTION,-6
2025-05-01,2025-06-01,SKU006,CH05,DOWNSIDE,FV_DOWNSIDE_202506,1920,54950400.0,39822417.32,1583953.92,180306.0,FROZEN,true,2025-07-01,true,ASSUMPTION,14
2025-05-01,2025-06-01,SKU007,CH05,BASE,FV_BASE_202506,3090,67800780.0,57219716.28,1785830.4,191992.5,FROZEN,true,2025-07-01,true,ASSUMPTION,0
2025-05-01,2025-06-01,SKU007,CH05,UPSIDE,FV_UPSIDE_202506,3210,70433820.0,56119337.12,1785830.4,188152.65,FROZEN,true,2025-07-01,true,ASSUMPTION,-6
2025-05-01,2025-06-01,SKU007,CH05,DOWNSIDE,FV_DOWNSIDE_202506,2880,63192960.0,59970664.18,1821547.01,207351.9,FROZEN,true,2025-07-01,true,ASSUMPTION,14
2025-05-01,2025-06-01,SKU008,CH05,BASE,FV_BASE_202506,2060,49131000.0,39201913.66,1294080.0,139125.0,FROZEN,true,2025-07-01,true,ASSUMPTION,0
2025-05-01,2025-06-01,SKU008,CH05,UPSIDE,FV_UPSIDE_202506,2140,51039000.0,38448030.7,1294080.0,136342.5,FROZEN,true,2025-07-01,true,ASSUMPTION,-6
2025-05-01,2025-06-01,SKU008,CH05,DOWNSIDE,FV_DOWNSIDE_202506,1920,45792000.0,41086621.05,1319961.6,150255.0,FROZEN,true,2025-07-01,true,ASSUMPTION,14
2025-05-01,2025-06-01,SKU009,CH05,BASE,FV_BASE_202506,3090,61905060.0,55093766.35,1630540.8,175297.5,FROZEN,true,2025-07-01,true,ASSUMPTION,0
2025-05-01,2025-06-01,SKU009,CH05,UPSIDE,FV_UPSIDE_202506,3210,64309140.0,54034270.85,1630540.8,171791.55,FROZEN,true,2025-07-01,true,ASSUMPTION,-6
2025-05-01,2025-06-01,SKU009,CH05,DOWNSIDE,FV_DOWNSIDE_202506,2880,57697920.0,57742505.12,1663151.62,189321.3,FROZEN,true,2025-07-01,true,ASSUMPTION,14
2025-05-01,2025-06-01,SKU010,CH05,BASE,FV_BASE_202506,2060,47165760.0,36186381.84,1242316.8,133560.0,FROZEN,true,2025-07-01,true,ASSUMPTION,0
2025-05-01,2025-06-01,SKU010,CH05,UPSIDE,FV_UPSIDE_202506,2140,48997440.0,35490489.88,1242316.8,130888.8,FROZEN,true,2025-07-01,true,ASSUMPTION,-6
2025-05-01,2025-06-01,SKU010,CH05,DOWNSIDE,FV_DOWNSIDE_202506,1920,43960320.0,37926111.73,1267163.14,144244.8,FROZEN,true,2025-07-01,true,ASSUMPTION,14
2025-05-01,2025-06-01,SKU011,CH05,BASE,FV_BASE_202506,1030,34391700.0,15831542.05,905856.0,97387.5,FROZEN,true,2025-07-01,true,ASSUMPTION,0
2025-05-01,2025-06-01,SKU011,CH05,UPSIDE,FV_UPSIDE_202506,1070,35727300.0,15527089.32,905856.0,95439.75,FROZEN,true,2025-07-01,true,ASSUMPTION,-6
2025-05-01,2025-06-01,SKU011,CH05,DOWNSIDE,FV_DOWNSIDE_202506,960,32054400.0,16592673.88,923973.12,105178.5,FROZEN,true,2025-07-01,true,ASSUMPTION,14
2025-05-01,2025-06-01,SKU012,CH05,BASE,FV_BASE_202506,2060,56991960.0,34105664.88,1501132.8,161385.0,FROZEN,true,2025-07-01,true,ASSUMPTION,0
2025-05-01,2025-06-01,SKU012,CH05,UPSIDE,FV_UPSIDE_202506,2140,59205240.0,33449786.71,1501132.8,158157.3,FROZEN,true,2025-07-01,true,ASSUMPTION,-6
2025-05-01,2025-06-01,SKU012,CH05,DOWNSIDE,FV_DOWNSIDE_202506,1920,53118720.0,35745360.31,1531155.46,174295.8,FROZEN,true,2025-07-01,true,ASSUMPTION,14
2025-06-01,2025-07-01,SKU001,CH01,BASE,FV_BASE_202507,9270,274150980.0,162757374.64,6976031.17,776317.5,FROZEN,true,2025-08-01,true,ASSUMPTION,0
2025-06-01,2025-07-01,SKU001,CH01,UPSIDE,FV_UPSIDE_202507,9630,284797620.0,159627425.13,6976031.17,760791.15,FROZEN,true,2025-08-01,true,ASSUMPTION,-6
2025-06-01,2025-07-01,SKU001,CH01,DOWNSIDE,FV_DOWNSIDE_202507,8640,255519360.0,170582248.43,7115551.79,838422.9,FROZEN,true,2025-08-01,true,ASSUMPTION,14
2025-06-01,2025-07-01,SKU002,CH01,BASE,FV_BASE_202507,6180,212245920.0,113405138.46,5400798.32,601020.0,FROZEN,true,2025-08-01,true,ASSUMPTION,0
2025-06-01,2025-07-01,SKU002,CH01,UPSIDE,FV_UPSIDE_202507,6420,220488480.0,111224270.42,5400798.32,588999.6,FROZEN,true,2025-08-01,true,ASSUMPTION,-6
2025-06-01,2025-07-01,SKU002,CH01,DOWNSIDE,FV_DOWNSIDE_202507,5760,197821440.0,118857308.58,5508814.29,649101.6,FROZEN,true,2025-08-01,true,ASSUMPTION,14
2025-06-01,2025-07-01,SKU003,CH01,BASE,FV_BASE_202507,5150,157219200.0,88670684.39,4000591.35,445200.0,FROZEN,true,2025-08-01,true,ASSUMPTION,0
2025-06-01,2025-07-01,SKU003,CH01,UPSIDE,FV_UPSIDE_202507,5350,163324800.0,86965478.92,4000591.35,436296.0,FROZEN,true,2025-08-01,true,ASSUMPTION,-6
2025-06-01,2025-07-01,SKU003,CH01,DOWNSIDE,FV_DOWNSIDE_202507,4800,146534400.0,92933698.06,4080603.18,480816.0,FROZEN,true,2025-08-01,true,ASSUMPTION,14
2025-06-01,2025-07-01,SKU004,CH01,BASE,FV_BASE_202507,8240,220106880.0,143739846.28,5600827.89,623280.0,FROZEN,true,2025-08-01,true,ASSUMPTION,0
2025-06-01,2025-07-01,SKU004,CH01,UPSIDE,FV_UPSIDE_202507,8560,228654720.0,140975618.46,5600827.89,610814.4,FROZEN,true,2025-08-01,true,ASSUMPTION,-6
2025-06-01,2025-07-01,SKU004,CH01,DOWNSIDE,FV_DOWNSIDE_202507,7680,205148160.0,150650415.81,5712844.45,673142.4,FROZEN,true,2025-08-01,true,ASSUMPTION,14
2025-06-01,2025-07-01,SKU005,CH01,BASE,FV_BASE_202507,7210,185715180.0,126793245.08,4725698.53,525892.5,FROZEN,true,2025-08-01,true,ASSUMPTION,0
2025-06-01,2025-07-01,SKU005,CH01,UPSIDE,FV_UPSIDE_202507,7490,192927420.0,124354913.45,4725698.53,515374.65,FROZEN,true,2025-08-01,true,ASSUMPTION,-6
2025-06-01,2025-07-01,SKU005,CH01,DOWNSIDE,FV_DOWNSIDE_202507,6720,173093760.0,132889074.17,4820212.5,567963.9,FROZEN,true,2025-08-01,true,ASSUMPTION,14
2025-06-01,2025-07-01,SKU006,CH01,BASE,FV_BASE_202507,5150,147393000.0,91879163.11,3750554.39,417375.0,FROZEN,true,2025-08-01,true,ASSUMPTION,0
2025-06-01,2025-07-01,SKU006,CH01,UPSIDE,FV_UPSIDE_202507,5350,153117000.0,90112256.12,3750554.39,409027.5,FROZEN,true,2025-08-01,true,ASSUMPTION,-6
2025-06-01,2025-07-01,SKU006,CH01,DOWNSIDE,FV_DOWNSIDE_202507,4800,137376000.0,96296430.56,3825565.48,450765.0,FROZEN,true,2025-08-01,true,ASSUMPTION,14
2025-06-01,2025-07-01,SKU007,CH01,BASE,FV_BASE_202507,9270,203402340.0,166038773.33,5175765.06,575977.5,FROZEN,true,2025-08-01,true,ASSUMPTION,0
2025-06-01,2025-07-01,SKU007,CH01,UPSIDE,FV_UPSIDE_202507,9630,211301460.0,162845719.99,5175765.06,564457.95,FROZEN,true,2025-08-01,true,ASSUMPTION,-6
2025-06-01,2025-07-01,SKU007,CH01,DOWNSIDE,FV_DOWNSIDE_202507,8640,189578880.0,174021406.66,5279280.36,622055.7,FROZEN,true,2025-08-01,true,ASSUMPTION,14
2025-06-01,2025-07-01,SKU008,CH01,BASE,FV_BASE_202507,7210,171958500.0,132714346.71,4375646.79,486937.5,FROZEN,true,2025-08-01,true,ASSUMPTION,0
2025-06-01,2025-07-01,SKU008,CH01,UPSIDE,FV_UPSIDE_202507,7490,178636500.0,130162147.74,4375646.79,477198.75,FROZEN,true,2025-08-01,true,ASSUMPTION,-6
2025-06-01,2025-07-01,SKU008,CH01,DOWNSIDE,FV_DOWNSIDE_202507,6720,160272000.0,139094844.15,4463159.73,525892.5,FROZEN,true,2025-08-01,true,ASSUMPTION,14
2025-06-01,2025-07-01,SKU009,CH01,BASE,FV_BASE_202507,8240,165080160.0,142106438.94,4200620.92,467460.0,FROZEN,true,2025-08-01,true,ASSUMPTION,0
2025-06-01,2025-07-01,SKU009,CH01,UPSIDE,FV_UPSIDE_202507,8560,171491040.0,139373622.8,4200620.92,458110.8,FROZEN,true,2025-08-01,true,ASSUMPTION,-6
2025-06-01,2025-07-01,SKU009,CH01,DOWNSIDE,FV_DOWNSIDE_202507,7680,153861120.0,148938479.27,4284633.34,504856.8,FROZEN,true,2025-08-01,true,ASSUMPTION,14
2025-06-01,2025-07-01,SKU010,CH01,BASE,FV_BASE_202507,6180,141497280.0,105004757.83,3600532.22,400680.0,FROZEN,true,2025-08-01,true,ASSUMPTION,0
2025-06-01,2025-07-01,SKU010,CH01,UPSIDE,FV_UPSIDE_202507,6420,146992320.0,102985435.57,3600532.22,392666.4,FROZEN,true,2025-08-01,true,ASSUMPTION,-6
2025-06-01,2025-07-01,SKU010,CH01,DOWNSIDE,FV_DOWNSIDE_202507,5760,131880960.0,110053063.5,3672542.86,432734.4,FROZEN,true,2025-08-01,true,ASSUMPTION,14
2025-06-01,2025-07-01,SKU011,CH01,BASE,FV_BASE_202507,4120,137566800.0,61252775.41,3500517.43,389550.0,FROZEN,true,2025-08-01,true,ASSUMPTION,0
2025-06-01,2025-07-01,SKU011,CH01,UPSIDE,FV_UPSIDE_202507,4280,142909200.0,60074837.42,3500517.43,381759.0,FROZEN,true,2025-08-01,true,ASSUMPTION,-6
2025-06-01,2025-07-01,SKU011,CH01,DOWNSIDE,FV_DOWNSIDE_202507,3840,128217600.0,64197620.38,3570527.78,420714.0,FROZEN,true,2025-08-01,true,ASSUMPTION,14
2025-06-01,2025-07-01,SKU012,CH01,BASE,FV_BASE_202507,5150,142479900.0,82472486.87,3625535.91,403462.5,FROZEN,true,2025-08-01,true,ASSUMPTION,0
2025-06-01,2025-07-01,SKU012,CH01,UPSIDE,FV_UPSIDE_202507,5350,148013100.0,80886477.5,3625535.91,395393.25,FROZEN,true,2025-08-01,true,ASSUMPTION,-6
2025-06-01,2025-07-01,SKU012,CH01,DOWNSIDE,FV_DOWNSIDE_202507,4800,132796800.0,86437510.27,3698046.63,435739.5,FROZEN,true,2025-08-01,true,ASSUMPTION,14
2025-06-01,2025-07-01,SKU001,CH02,BASE,FV_BASE_202507,7210,213228540.0,125387662.85,7931326.58,603802.5,FROZEN,true,2025-08-01,true,ASSUMPTION,0
2025-06-01,2025-07-01,SKU001,CH02,UPSIDE,FV_UPSIDE_202507,7490,221509260.0,122976361.64,7931326.58,591726.45,FROZEN,true,2025-08-01,true,ASSUMPTION,-6
2025-06-01,2025-07-01,SKU001,CH02,DOWNSIDE,FV_DOWNSIDE_202507,6720,198737280.0,131415915.87,8089953.11,652106.7,FROZEN,true,2025-08-01,true,ASSUMPTION,14
2025-06-01,2025-07-01,SKU002,CH02,BASE,FV_BASE_202507,5150,176871600.0,93607379.64,6578980.57,500850.0,FROZEN,true,2025-08-01,true,ASSUMPTION,0
2025-06-01,2025-07-01,SKU002,CH02,UPSIDE,FV_UPSIDE_202507,5350,183740400.0,91807237.73,6578980.57,490833.0,FROZEN,true,2025-08-01,true,ASSUMPTION,-6
2025-06-01,2025-07-01,SKU002,CH02,DOWNSIDE,FV_DOWNSIDE_202507,4800,164851200.0,98107734.43,6710560.18,540918.0,FROZEN,true,2025-08-01,true,ASSUMPTION,14
2025-06-01,2025-07-01,SKU003,CH02,BASE,FV_BASE_202507,4120,125775360.0,70263317.06,4678386.18,356160.0,FROZEN,true,2025-08-01,true,ASSUMPTION,0
2025-06-01,2025-07-01,SKU003,CH02,UPSIDE,FV_UPSIDE_202507,4280,130659840.0,68912099.43,4678386.18,349036.8,FROZEN,true,2025-08-01,true,ASSUMPTION,-6
2025-06-01,2025-07-01,SKU003,CH02,DOWNSIDE,FV_DOWNSIDE_202507,3840,117227520.0,73641361.15,4771953.9,384652.8,FROZEN,true,2025-08-01,true,ASSUMPTION,14
2025-06-01,2025-07-01,SKU004,CH02,BASE,FV_BASE_202507,6180,165080160.0,106781751.59,6140381.87,467460.0,FROZEN,true,2025-08-01,true,ASSUMPTION,0
2025-06-01,2025-07-01,SKU004,CH02,UPSIDE,FV_UPSIDE_202507,6420,171491040.0,104728256.36,6140381.87,458110.8,FROZEN,true,2025-08-01,true,ASSUMPTION,-6
2025-06-01,2025-07-01,SKU004,CH02,DOWNSIDE,FV_DOWNSIDE_202507,5760,153861120.0,111915489.64,6263189.51,504856.8,FROZEN,true,2025-08-01,true,ASSUMPTION,14
2025-06-01,2025-07-01,SKU005,CH02,BASE,FV_BASE_202507,5150,132653700.0,89707072.16,4934235.43,375637.5,FROZEN,true,2025-08-01,true,ASSUMPTION,0
2025-06-01,2025-07-01,SKU005,CH02,UPSIDE,FV_UPSIDE_202507,5350,137805300.0,87981936.15,4934235.43,368124.75,FROZEN,true,2025-08-01,true,ASSUMPTION,-6
2025-06-01,2025-07-01,SKU005,CH02,DOWNSIDE,FV_DOWNSIDE_202507,4800,123638400.0,94019912.16,5032920.14,405688.5,FROZEN,true,2025-08-01,true,ASSUMPTION,14
2025-06-01,2025-07-01,SKU006,CH02,BASE,FV_BASE_202507,4120,117914400.0,72805739.72,4385987.05,333900.0,FROZEN,true,2025-08-01,true,ASSUMPTION,0
2025-06-01,2025-07-01,SKU006,CH02,UPSIDE,FV_UPSIDE_202507,4280,122493600.0,71405629.34,4385987.05,327222.0,FROZEN,true,2025-08-01,true,ASSUMPTION,-6
2025-06-01,2025-07-01,SKU006,CH02,DOWNSIDE,FV_DOWNSIDE_202507,3840,109900800.0,76306015.67,4473706.79,360612.0,FROZEN,true,2025-08-01,true,ASSUMPTION,14
2025-06-01,2025-07-01,SKU007,CH02,BASE,FV_BASE_202507,7210,158201820.0,127915639.92,5884532.62,447982.5,FROZEN,true,2025-08-01,true,ASSUMPTION,0
2025-06-01,2025-07-01,SKU007,CH02,UPSIDE,FV_UPSIDE_202507,7490,164345580.0,125455723.77,5884532.62,439022.85,FROZEN,true,2025-08-01,true,ASSUMPTION,-6
2025-06-01,2025-07-01,SKU007,CH02,DOWNSIDE,FV_DOWNSIDE_202507,6720,147450240.0,134065430.31,6002223.27,483821.1,FROZEN,true,2025-08-01,true,ASSUMPTION,14
2025-06-01,2025-07-01,SKU008,CH02,BASE,FV_BASE_202507,5150,122827500.0,93896291.3,4568736.51,347812.5,FROZEN,true,2025-08-01,true,ASSUMPTION,0
2025-06-01,2025-07-01,SKU008,CH02,UPSIDE,FV_UPSIDE_202507,5350,127597500.0,92090593.39,4568736.51,340856.25,FROZEN,true,2025-08-01,true,ASSUMPTION,-6
2025-06-01,2025-07-01,SKU008,CH02,DOWNSIDE,FV_DOWNSIDE_202507,4800,114480000.0,98410536.07,4660111.24,375637.5,FROZEN,true,2025-08-01,true,ASSUMPTION,14
2025-06-01,2025-07-01,SKU009,CH02,BASE,FV_BASE_202507,6180,123810120.0,105568322.59,4605286.4,350595.0,FROZEN,true,2025-08-01,true,ASSUMPTION,0
2025-06-01,2025-07-01,SKU009,CH02,UPSIDE,FV_UPSIDE_202507,6420,128618280.0,103538162.54,4605286.4,343583.1,FROZEN,true,2025-08-01,true,ASSUMPTION,-6
2025-06-01,2025-07-01,SKU009,CH02,DOWNSIDE,FV_DOWNSIDE_202507,5760,115395840.0,110643722.71,4697392.13,378642.6,FROZEN,true,2025-08-01,true,ASSUMPTION,14
2025-06-01,2025-07-01,SKU010,CH02,BASE,FV_BASE_202507,5150,117914400.0,86673499.66,4385987.05,333900.0,FROZEN,true,2025-08-01,true,ASSUMPTION,0
2025-06-01,2025-07-01,SKU010,CH02,UPSIDE,FV_UPSIDE_202507,5350,122493600.0,85006701.59,4385987.05,327222.0,FROZEN,true,2025-08-01,true,ASSUMPTION,-6
2025-06-01,2025-07-01,SKU010,CH02,DOWNSIDE,FV_DOWNSIDE_202507,4800,109900800.0,90840494.84,4473706.79,360612.0,FROZEN,true,2025-08-01,true,ASSUMPTION,14
2025-06-01,2025-07-01,SKU011,CH02,BASE,FV_BASE_202507,3090,103175100.0,45503587.32,3837738.67,292162.5,FROZEN,true,2025-08-01,true,ASSUMPTION,0
2025-06-01,2025-07-01,SKU011,CH02,UPSIDE,FV_UPSIDE_202507,3210,107181900.0,44628518.34,3837738.67,286319.25,FROZEN,true,2025-08-01,true,ASSUMPTION,-6
2025-06-01,2025-07-01,SKU011,CH02,DOWNSIDE,FV_DOWNSIDE_202507,2880,96163200.0,47691259.79,3914493.44,315535.5,FROZEN,true,2025-08-01,true,ASSUMPTION,14
2025-06-01,2025-07-01,SKU012,CH02,BASE,FV_BASE_202507,4120,113983920.0,65351818.75,4239787.48,322770.0,FROZEN,true,2025-08-01,true,ASSUMPTION,0
2025-06-01,2025-07-01,SKU012,CH02,UPSIDE,FV_UPSIDE_202507,4280,118410480.0,64095053.01,4239787.48,316314.6,FROZEN,true,2025-08-01,true,ASSUMPTION,-6
2025-06-01,2025-07-01,SKU012,CH02,DOWNSIDE,FV_DOWNSIDE_202507,3840,106237440.0,68493733.11,4324583.23,348591.6,FROZEN,true,2025-08-01,true,ASSUMPTION,14
2025-06-01,2025-07-01,SKU001,CH03,BASE,FV_BASE_202507,5150,148314850.0,102513564.75,4072849.69,419985.42,FROZEN,true,2025-08-01,true,ASSUMPTION,0
2025-06-01,2025-07-01,SKU001,CH03,UPSIDE,FV_UPSIDE_202507,5350,154074650.0,100542150.05,4072849.69,411585.71,FROZEN,true,2025-08-01,true,ASSUMPTION,-6
2025-06-01,2025-07-01,SKU001,CH03,DOWNSIDE,FV_DOWNSIDE_202507,4800,138235200.0,107442101.52,4154306.68,453584.25,FROZEN,true,2025-08-01,true,ASSUMPTION,14
2025-06-01,2025-07-01,SKU002,CH03,BASE,FV_BASE_202507,4120,137789280.0,85714567.69,3783808.74,390180.0,FROZEN,true,2025-08-01,true,ASSUMPTION,0
2025-06-01,2025-07-01,SKU002,CH03,UPSIDE,FV_UPSIDE_202507,4280,143140320.0,84066210.62,3783808.74,382376.4,FROZEN,true,2025-08-01,true,ASSUMPTION,-6
2025-06-01,2025-07-01,SKU002,CH03,DOWNSIDE,FV_DOWNSIDE_202507,3840,128424960.0,89835460.37,3859484.91,421394.4,FROZEN,true,2025-08-01,true,ASSUMPTION,14
2025-06-01,2025-07-01,SKU003,CH03,BASE,FV_BASE_202507,3090,91859520.0,60317658.75,2522539.16,260120.0,FROZEN,true,2025-08-01,true,ASSUMPTION,0
2025-06-01,2025-07-01,SKU003,CH03,UPSIDE,FV_UPSIDE_202507,3210,95426880.0,59157703.78,2522539.16,254917.6,FROZEN,true,2025-08-01,true,ASSUMPTION,-6
2025-06-01,2025-07-01,SKU003,CH03,DOWNSIDE,FV_DOWNSIDE_202507,2880,85616640.0,63217546.19,2572989.94,280929.6,FROZEN,true,2025-08-01,true,ASSUMPTION,14
2025-06-01,2025-07-01,SKU004,CH03,BASE,FV_BASE_202507,5150,133961800.0,101852186.91,3678702.95,379341.67,FROZEN,true,2025-08-01,true,ASSUMPTION,0
2025-06-01,2025-07-01,SKU004,CH03,UPSIDE,FV_UPSIDE_202507,5350,139164200.0,99893491.01,3678702.95,371754.83,FROZEN,true,2025-08-01,true,ASSUMPTION,-6
2025-06-01,2025-07-01,SKU004,CH03,DOWNSIDE,FV_DOWNSIDE_202507,4800,124857600.0,106748926.67,3752277.01,409689.0,FROZEN,true,2025-08-01,true,ASSUMPTION,14
2025-06-01,2025-07-01,SKU005,CH03,BASE,FV_BASE_202507,4120,103341960.0,82143127.37,2837856.56,292635.0,FROZEN,true,2025-08-01,true,ASSUMPTION,0
2025-06-01,2025-07-01,SKU005,CH03,UPSIDE,FV_UPSIDE_202507,4280,107355240.0,80563451.85,2837856.56,286782.3,FROZEN,true,2025-08-01,true,ASSUMPTION,-6
2025-06-01,2025-07-01,SKU005,CH03,DOWNSIDE,FV_DOWNSIDE_202507,3840,96318720.0,86092316.19,2894613.69,316045.8,FROZEN,true,2025-08-01,true,ASSUMPTION,14
2025-06-01,2025-07-01,SKU006,CH03,BASE,FV_BASE_202507,3090,86118300.0,62500205.61,2364880.47,243862.5,FROZEN,true,2025-08-01,true,ASSUMPTION,0
2025-06-01,2025-07-01,SKU006,CH03,UPSIDE,FV_UPSIDE_202507,3210,89462700.0,61298278.58,2364880.47,238985.25,FROZEN,true,2025-08-01,true,ASSUMPTION,-6
2025-06-01,2025-07-01,SKU006,CH03,DOWNSIDE,FV_DOWNSIDE_202507,2880,80265600.0,65505023.19,2412178.08,263371.5,FROZEN,true,2025-08-01,true,ASSUMPTION,14
2025-06-01,2025-07-01,SKU007,CH03,BASE,FV_BASE_202507,5150,110040050.0,104580370.5,3021791.71,311602.08,FROZEN,true,2025-08-01,true,ASSUMPTION,0
2025-06-01,2025-07-01,SKU007,CH03,UPSIDE,FV_UPSIDE_202507,5350,114313450.0,102569209.53,3021791.71,305370.04,FROZEN,true,2025-08-01,true,ASSUMPTION,-6
2025-06-01,2025-07-01,SKU007,CH03,DOWNSIDE,FV_DOWNSIDE_202507,4800,102561600.0,109608272.93,3082227.54,336530.25,FROZEN,true,2025-08-01,true,ASSUMPTION,14
2025-06-01,2025-07-01,SKU008,CH03,BASE,FV_BASE_202507,4120,95687000.0,85979118.83,2627644.96,270958.33,FROZEN,true,2025-08-01,true,ASSUMPTION,0
2025-06-01,2025-07-01,SKU008,CH03,UPSIDE,FV_UPSIDE_202507,4280,99403000.0,84325674.23,2627644.96,265539.17,FROZEN,true,2025-08-01,true,ASSUMPTION,-6
2025-06-01,2025-07-01,SKU008,CH03,DOWNSIDE,FV_DOWNSIDE_202507,3840,89184000.0,90112730.31,2680197.86,292635.0,FROZEN,true,2025-08-01,true,ASSUMPTION,14
2025-06-01,2025-07-01,SKU009,CH03,BASE,FV_BASE_202507,5150,100471350.0,100694775.71,2759027.21,284506.25,FROZEN,true,2025-08-01,true,ASSUMPTION,0
2025-06-01,2025-07-01,SKU009,CH03,UPSIDE,FV_UPSIDE_202507,5350,104373150.0,98758337.71,2759027.21,278816.13,FROZEN,true,2025-08-01,true,ASSUMPTION,-6
2025-06-01,2025-07-01,SKU009,CH03,DOWNSIDE,FV_DOWNSIDE_202507,4800,93643200.0,105535870.69,2814207.75,307266.75,FROZEN,true,2025-08-01,true,ASSUMPTION,14
2025-06-01,2025-07-01,SKU010,CH03,BASE,FV_BASE_202507,4120,91859520.0,79365340.45,2522539.16,260120.0,FROZEN,true,2025-08-01,true,ASSUMPTION,0
2025-06-01,2025-07-01,SKU010,CH03,UPSIDE,FV_UPSIDE_202507,4280,95426880.0,77839083.91,2522539.16,254917.6,FROZEN,true,2025-08-01,true,ASSUMPTION,-6
2025-06-01,2025-07-01,SKU010,CH03,DOWNSIDE,FV_DOWNSIDE_202507,3840,85616640.0,83180981.82,2572989.94,280929.6,FROZEN,true,2025-08-01,true,ASSUMPTION,14
2025-06-01,2025-07-01,SKU011,CH03,BASE,FV_BASE_202507,2060,66980900.0,34722336.45,1839351.47,189670.83,FROZEN,true,2025-08-01,true,ASSUMPTION,0
2025-06-01,2025-07-01,SKU011,CH03,UPSIDE,FV_UPSIDE_202507,2140,69582100.0,34054599.21,1839351.47,185877.42,FROZEN,true,2025-08-01,true,ASSUMPTION,-6
2025-06-01,2025-07-01,SKU011,CH03,DOWNSIDE,FV_DOWNSIDE_202507,1920,62428800.0,36391679.55,1876138.5,204844.5,FROZEN,true,2025-08-01,true,ASSUMPTION,14
2025-06-01,2025-07-01,SKU012,CH03,BASE,FV_BASE_202507,3090,83247690.0,56101375.03,2286051.12,235733.75,FROZEN,true,2025-08-01,true,ASSUMPTION,0
2025-06-01,2025-07-01,SKU012,CH03,UPSIDE,FV_UPSIDE_202507,3210,86480610.0,55022502.44,2286051.12,231019.08,FROZEN,true,2025-08-01,true,ASSUMPTION,-6
2025-06-01,2025-07-01,SKU012,CH03,DOWNSIDE,FV_DOWNSIDE_202507,2880,77590080.0,58798556.53,2331772.14,254592.45,FROZEN,true,2025-08-01,true,ASSUMPTION,14
2025-06-01,2025-07-01,SKU001,CH04,BASE,FV_BASE_202507,3090,90234180.0,50404298.83,2143484.17,255517.5,FROZEN,true,2025-08-01,true,ASSUMPTION,0
2025-06-01,2025-07-01,SKU001,CH04,UPSIDE,FV_UPSIDE_202507,3210,93738420.0,49434985.39,2143484.17,250407.15,FROZEN,true,2025-08-01,true,ASSUMPTION,-6
2025-06-01,2025-07-01,SKU001,CH04,DOWNSIDE,FV_DOWNSIDE_202507,2880,84101760.0,52827582.43,2186353.85,275958.9,FROZEN,true,2025-08-01,true,ASSUMPTION,14
2025-06-01,2025-07-01,SKU002,CH04,BASE,FV_BASE_202507,2060,69858720.0,35120414.67,1659471.61,197820.0,FROZEN,true,2025-08-01,true,ASSUMPTION,0
2025-06-01,2025-07-01,SKU002,CH04,UPSIDE,FV_UPSIDE_202507,2140,72571680.0,34445022.08,1659471.61,193863.6,FROZEN,true,2025-08-01,true,ASSUMPTION,-6
2025-06-01,2025-07-01,SKU002,CH04,DOWNSIDE,FV_DOWNSIDE_202507,1920,65111040.0,36808896.14,1692661.04,213645.6,FROZEN,true,2025-08-01,true,ASSUMPTION,14
2025-06-01,2025-07-01,SKU003,CH04,BASE,FV_BASE_202507,2060,62096640.0,32952487.84,1475085.88,175840.0,FROZEN,true,2025-08-01,true,ASSUMPTION,0
2025-06-01,2025-07-01,SKU003,CH04,UPSIDE,FV_UPSIDE_202507,2140,64508160.0,32318786.15,1475085.88,172323.2,FROZEN,true,2025-08-01,true,ASSUMPTION,-6
2025-06-01,2025-07-01,SKU003,CH04,DOWNSIDE,FV_DOWNSIDE_202507,1920,57876480.0,34536742.06,1504587.6,189907.2,FROZEN,true,2025-08-01,true,ASSUMPTION,14
2025-06-01,2025-07-01,SKU004,CH04,BASE,FV_BASE_202507,2060,54334560.0,33386073.2,1290700.14,153860.0,FROZEN,true,2025-08-01,true,ASSUMPTION,0
2025-06-01,2025-07-01,SKU004,CH04,UPSIDE,FV_UPSIDE_202507,2140,56444640.0,32744033.33,1290700.14,150782.8,FROZEN,true,2025-08-01,true,ASSUMPTION,-6
2025-06-01,2025-07-01,SKU004,CH04,DOWNSIDE,FV_DOWNSIDE_202507,1920,50641920.0,34991172.87,1316514.14,166168.8,FROZEN,true,2025-08-01,true,ASSUMPTION,14
2025-06-01,2025-07-01,SKU005,CH04,BASE,FV_BASE_202507,2060,52394040.0,33657064.05,1244603.71,148365.0,FROZEN,true,2025-08-01,true,ASSUMPTION,0
2025-06-01,2025-07-01,SKU005,CH04,UPSIDE,FV_UPSIDE_202507,2140,54428760.0,33009812.82,1244603.71,145397.7,FROZEN,true,2025-08-01,true,ASSUMPTION,-6
2025-06-01,2025-07-01,SKU005,CH04,DOWNSIDE,FV_DOWNSIDE_202507,1920,48833280.0,35275192.13,1269495.78,160234.2,FROZEN,true,2025-08-01,true,ASSUMPTION,14
2025-06-01,2025-07-01,SKU006,CH04,BASE,FV_BASE_202507,2060,58215600.0,34144847.59,1382893.01,164850.0,FROZEN,true,2025-08-01,true,ASSUMPTION,0
2025-06-01,2025-07-01,SKU006,CH04,UPSIDE,FV_UPSIDE_202507,2140,60476400.0,33488215.9,1382893.01,161553.0,FROZEN,true,2025-08-01,true,ASSUMPTION,-6
2025-06-01,2025-07-01,SKU006,CH04,DOWNSIDE,FV_DOWNSIDE_202507,1920,54259200.0,35786426.8,1410550.87,178038.0,FROZEN,true,2025-08-01,true,ASSUMPTION,14
2025-06-01,2025-07-01,SKU007,CH04,BASE,FV_BASE_202507,3090,66947940.0,51420514.53,1590326.96,189577.5,FROZEN,true,2025-08-01,true,ASSUMPTION,0
2025-06-01,2025-07-01,SKU007,CH04,UPSIDE,FV_UPSIDE_202507,3210,69547860.0,50431658.48,1590326.96,185785.95,FROZEN,true,2025-08-01,true,ASSUMPTION,-6
2025-06-01,2025-07-01,SKU007,CH04,DOWNSIDE,FV_DOWNSIDE_202507,2880,62398080.0,53892654.65,1622133.5,204743.7,FROZEN,true,2025-08-01,true,ASSUMPTION,14
2025-06-01,2025-07-01,SKU008,CH04,BASE,FV_BASE_202507,2060,48513000.0,35228811.01,1152410.84,137375.0,FROZEN,true,2025-08-01,true,ASSUMPTION,0
2025-06-01,2025-07-01,SKU008,CH04,UPSIDE,FV_UPSIDE_202507,2140,50397000.0,34551333.87,1152410.84,134627.5,FROZEN,true,2025-08-01,true,ASSUMPTION,-6
2025-06-01,2025-07-01,SKU008,CH04,DOWNSIDE,FV_DOWNSIDE_202507,1920,45216000.0,36922503.85,1175459.06,148365.0,FROZEN,true,2025-08-01,true,ASSUMPTION,14
2025-06-01,2025-07-01,SKU009,CH04,BASE,FV_BASE_202507,2060,40750920.0,33006686.0,968025.11,115395.0,FROZEN,true,2025-08-01,true,ASSUMPTION,0
2025-06-01,2025-07-01,SKU009,CH04,UPSIDE,FV_UPSIDE_202507,2140,42333480.0,32371942.04,968025.11,113087.1,FROZEN,true,2025-08-01,true,ASSUMPTION,-6
2025-06-01,2025-07-01,SKU009,CH04,DOWNSIDE,FV_DOWNSIDE_202507,1920,37981440.0,34593545.91,987385.61,124626.6,FROZEN,true,2025-08-01,true,ASSUMPTION,14
2025-06-01,2025-07-01,SKU010,CH04,BASE,FV_BASE_202507,2060,46572480.0,32518902.47,1106314.41,131880.0,FROZEN,true,2025-08-01,true,ASSUMPTION,0
2025-06-01,2025-07-01,SKU010,CH04,UPSIDE,FV_UPSIDE_202507,2140,48381120.0,31893538.96,1106314.41,129242.4,FROZEN,true,2025-08-01,true,ASSUMPTION,-6
2025-06-01,2025-07-01,SKU010,CH04,DOWNSIDE,FV_DOWNSIDE_202507,1920,43407360.0,34082311.24,1128440.7,142430.4,FROZEN,true,2025-08-01,true,ASSUMPTION,14
2025-06-01,2025-07-01,SKU011,CH04,BASE,FV_BASE_202507,1030,33959100.0,14227019.83,806687.59,96162.5,FROZEN,true,2025-08-01,true,ASSUMPTION,0
2025-06-01,2025-07-01,SKU011,CH04,UPSIDE,FV_UPSIDE_202507,1070,35277900.0,13953423.3,806687.59,94239.25,FROZEN,true,2025-08-01,true,ASSUMPTION,-6
2025-06-01,2025-07-01,SKU011,CH04,DOWNSIDE,FV_DOWNSIDE_202507,960,31651200.0,14911011.17,822821.34,103855.5,FROZEN,true,2025-08-01,true,ASSUMPTION,14
2025-06-01,2025-07-01,SKU012,CH04,BASE,FV_BASE_202507,2060,56275080.0,30649065.58,1336796.58,159355.0,FROZEN,true,2025-08-01,true,ASSUMPTION,0
2025-06-01,2025-07-01,SKU012,CH04,UPSIDE,FV_UPSIDE_202507,2140,58460520.0,30059660.48,1336796.58,156167.9,FROZEN,true,2025-08-01,true,ASSUMPTION,-6
2025-06-01,2025-07-01,SKU012,CH04,DOWNSIDE,FV_DOWNSIDE_202507,1920,52450560.0,32122578.35,1363532.51,172103.4,FROZEN,true,2025-08-01,true,ASSUMPTION,14
2025-06-01,2025-07-01,SKU001,CH05,BASE,FV_BASE_202507,3090,91383660.0,56022317.5,2404131.84,258772.5,FROZEN,true,2025-08-01,true,ASSUMPTION,0
2025-06-01,2025-07-01,SKU001,CH05,UPSIDE,FV_UPSIDE_202507,3210,94932540.0,54944965.24,2404131.84,253597.05,FROZEN,true,2025-08-01,true,ASSUMPTION,-6
2025-06-01,2025-07-01,SKU001,CH05,DOWNSIDE,FV_DOWNSIDE_202507,2880,85173120.0,58715698.15,2452214.48,279474.3,FROZEN,true,2025-08-01,true,ASSUMPTION,14
2025-06-01,2025-07-01,SKU002,CH05,BASE,FV_BASE_202507,2060,70748640.0,39034905.09,1861263.36,200340.0,FROZEN,true,2025-08-01,true,ASSUMPTION,0
2025-06-01,2025-07-01,SKU002,CH05,UPSIDE,FV_UPSIDE_202507,2140,73496160.0,38284233.84,1861263.36,196333.2,FROZEN,true,2025-08-01,true,ASSUMPTION,-6
2025-06-01,2025-07-01,SKU002,CH05,DOWNSIDE,FV_DOWNSIDE_202507,1920,65940480.0,40911583.22,1898488.63,216367.2,FROZEN,true,2025-08-01,true,ASSUMPTION,14
2025-06-01,2025-07-01,SKU003,CH05,BASE,FV_BASE_202507,2060,62887680.0,36625343.05,1654456.32,178080.0,FROZEN,true,2025-08-01,true,ASSUMPTION,0
2025-06-01,2025-07-01,SKU003,CH05,UPSIDE,FV_UPSIDE_202507,2140,65329920.0,35921009.53,1654456.32,174518.4,FROZEN,true,2025-08-01,true,ASSUMPTION,-6
2025-06-01,2025-07-01,SKU003,CH05,DOWNSIDE,FV_DOWNSIDE_202507,1920,58613760.0,38386176.85,1687545.45,192326.4,FROZEN,true,2025-08-01,true,ASSUMPTION,14
2025-06-01,2025-07-01,SKU004,CH05,BASE,FV_BASE_202507,3090,82540080.0,55660883.19,2171473.92,233730.0,FROZEN,true,2025-08-01,true,ASSUMPTION,0
2025-06-01,2025-07-01,SKU004,CH05,UPSIDE,FV_UPSIDE_202507,3210,85745520.0,54590481.59,2171473.92,229055.4,FROZEN,true,2025-08-01,true,ASSUMPTION,-6
2025-06-01,2025-07-01,SKU004,CH05,DOWNSIDE,FV_DOWNSIDE_202507,2880,76930560.0,58336887.19,2214903.4,252428.4,FROZEN,true,2025-08-01,true,ASSUMPTION,14
2025-06-01,2025-07-01,SKU005,CH05,BASE,FV_BASE_202507,2060,53061480.0,37408450.72,1395947.52,150255.0,FROZEN,true,2025-08-01,true,ASSUMPTION,0
2025-06-01,2025-07-01,SKU005,CH05,UPSIDE,FV_UPSIDE_202507,2140,55122120.0,36689057.43,1395947.52,147249.9,FROZEN,true,2025-08-01,true,ASSUMPTION,-6
2025-06-01,2025-07-01,SKU005,CH05,DOWNSIDE,FV_DOWNSIDE_202507,1920,49455360.0,39206933.92,1423866.47,162275.4,FROZEN,true,2025-08-01,true,ASSUMPTION,14
2025-06-01,2025-07-01,SKU006,CH05,BASE,FV_BASE_202507,2060,58957200.0,37950602.18,1551052.8,166950.0,FROZEN,true,2025-08-01,true,ASSUMPTION,0
2025-06-01,2025-07-01,SKU006,CH05,UPSIDE,FV_UPSIDE_202507,2140,61246800.0,37220782.9,1551052.8,163611.0,FROZEN,true,2025-08-01,true,ASSUMPTION,-6
2025-06-01,2025-07-01,SKU006,CH05,DOWNSIDE,FV_DOWNSIDE_202507,1920,54950400.0,39775150.36,1582073.86,180306.0,FROZEN,true,2025-08-01,true,ASSUMPTION,14
2025-06-01,2025-07-01,SKU007,CH05,BASE,FV_BASE_202507,3090,67800780.0,57151799.7,1783710.72,191992.5,FROZEN,true,2025-08-01,true,ASSUMPTION,0
2025-06-01,2025-07-01,SKU007,CH05,UPSIDE,FV_UPSIDE_202507,3210,70433820.0,56052726.63,1783710.72,188152.65,FROZEN,true,2025-08-01,true,ASSUMPTION,-6
2025-06-01,2025-07-01,SKU007,CH05,DOWNSIDE,FV_DOWNSIDE_202507,2880,63192960.0,59899482.38,1819384.93,207351.9,FROZEN,true,2025-08-01,true,ASSUMPTION,14
2025-06-01,2025-07-01,SKU008,CH05,BASE,FV_BASE_202507,2060,49131000.0,39155383.2,1292544.0,139125.0,FROZEN,true,2025-08-01,true,ASSUMPTION,0
2025-06-01,2025-07-01,SKU008,CH05,UPSIDE,FV_UPSIDE_202507,2140,51039000.0,38402395.06,1292544.0,136342.5,FROZEN,true,2025-08-01,true,ASSUMPTION,-6
2025-06-01,2025-07-01,SKU008,CH05,DOWNSIDE,FV_DOWNSIDE_202507,1920,45792000.0,41037853.54,1318394.88,150255.0,FROZEN,true,2025-08-01,true,ASSUMPTION,14
2025-06-01,2025-07-01,SKU009,CH05,BASE,FV_BASE_202507,3090,61905060.0,55028373.15,1628605.44,175297.5,FROZEN,true,2025-08-01,true,ASSUMPTION,0
2025-06-01,2025-07-01,SKU009,CH05,UPSIDE,FV_UPSIDE_202507,3210,64309140.0,53970135.21,1628605.44,171791.55,FROZEN,true,2025-08-01,true,ASSUMPTION,-6
2025-06-01,2025-07-01,SKU009,CH05,DOWNSIDE,FV_DOWNSIDE_202507,2880,57697920.0,57673968.01,1661177.55,189321.3,FROZEN,true,2025-08-01,true,ASSUMPTION,14
2025-06-01,2025-07-01,SKU010,CH05,BASE,FV_BASE_202507,2060,47165760.0,36143430.65,1240842.24,133560.0,FROZEN,true,2025-08-01,true,ASSUMPTION,0
2025-06-01,2025-07-01,SKU010,CH05,UPSIDE,FV_UPSIDE_202507,2140,48997440.0,35448364.67,1240842.24,130888.8,FROZEN,true,2025-08-01,true,ASSUMPTION,-6
2025-06-01,2025-07-01,SKU010,CH05,DOWNSIDE,FV_DOWNSIDE_202507,1920,43960320.0,37881095.58,1265659.08,144244.8,FROZEN,true,2025-08-01,true,ASSUMPTION,14
2025-06-01,2025-07-01,SKU011,CH05,BASE,FV_BASE_202507,1030,34391700.0,15812750.91,904780.8,97387.5,FROZEN,true,2025-08-01,true,ASSUMPTION,0
2025-06-01,2025-07-01,SKU011,CH05,UPSIDE,FV_UPSIDE_202507,1070,35727300.0,15508659.54,904780.8,95439.75,FROZEN,true,2025-08-01,true,ASSUMPTION,-6
2025-06-01,2025-07-01,SKU011,CH05,DOWNSIDE,FV_DOWNSIDE_202507,960,32054400.0,16572979.32,922876.42,105178.5,FROZEN,true,2025-08-01,true,ASSUMPTION,14
2025-06-01,2025-07-01,SKU012,CH05,BASE,FV_BASE_202507,2060,56991960.0,34065183.39,1499351.04,161385.0,FROZEN,true,2025-08-01,true,ASSUMPTION,0
2025-06-01,2025-07-01,SKU012,CH05,UPSIDE,FV_UPSIDE_202507,2140,59205240.0,33410083.71,1499351.04,158157.3,FROZEN,true,2025-08-01,true,ASSUMPTION,-6
2025-06-01,2025-07-01,SKU012,CH05,DOWNSIDE,FV_DOWNSIDE_202507,1920,53118720.0,35702932.59,1529338.06,174295.8,FROZEN,true,2025-08-01,true,ASSUMPTION,14
2025-07-01,2025-08-01,SKU001,CH01,BASE,FV_BASE_202508,9270,274150980.0,161470530.44,6936643.76,776317.5,FROZEN,true,2025-09-01,true,ASSUMPTION,0
2025-07-01,2025-08-01,SKU001,CH01,UPSIDE,FV_UPSIDE_202508,9630,284797620.0,158365327.93,6936643.76,760791.15,FROZEN,true,2025-09-01,true,ASSUMPTION,-6
2025-07-01,2025-08-01,SKU001,CH01,DOWNSIDE,FV_DOWNSIDE_202508,8640,255519360.0,169233536.71,7075376.64,838422.9,FROZEN,true,2025-09-01,true,ASSUMPTION,14
2025-07-01,2025-08-01,SKU002,CH01,BASE,FV_BASE_202508,6180,212245920.0,112508498.63,5370304.84,601020.0,FROZEN,true,2025-09-01,true,ASSUMPTION,0
2025-07-01,2025-08-01,SKU002,CH01,UPSIDE,FV_UPSIDE_202508,6420,220488480.0,110344873.65,5370304.84,588999.6,FROZEN,true,2025-09-01,true,ASSUMPTION,-6
2025-07-01,2025-08-01,SKU002,CH01,DOWNSIDE,FV_DOWNSIDE_202508,5760,197821440.0,117917561.06,5477710.94,649101.6,FROZEN,true,2025-09-01,true,ASSUMPTION,14
2025-07-01,2025-08-01,SKU003,CH01,BASE,FV_BASE_202508,6180,188663040.0,105563529.58,4773604.31,534240.0,FROZEN,true,2025-09-01,true,ASSUMPTION,0
2025-07-01,2025-08-01,SKU003,CH01,UPSIDE,FV_UPSIDE_202508,6420,195989760.0,103533461.71,4773604.31,523555.2,FROZEN,true,2025-09-01,true,ASSUMPTION,-6
2025-07-01,2025-08-01,SKU003,CH01,DOWNSIDE,FV_DOWNSIDE_202508,5760,175841280.0,110638699.27,4869076.4,576979.2,FROZEN,true,2025-09-01,true,ASSUMPTION,14
2025-07-01,2025-08-01,SKU004,CH01,BASE,FV_BASE_202508,8240,220106880.0,142603364.52,5569205.02,623280.0,FROZEN,true,2025-09-01,true,ASSUMPTION,0
2025-07-01,2025-08-01,SKU004,CH01,UPSIDE,FV_UPSIDE_202508,8560,228654720.0,139860992.12,5569205.02,610814.4,FROZEN,true,2025-09-01,true,ASSUMPTION,-6
2025-07-01,2025-08-01,SKU004,CH01,DOWNSIDE,FV_DOWNSIDE_202508,7680,205148160.0,149459295.51,5680589.12,673142.4,FROZEN,true,2025-09-01,true,ASSUMPTION,14
2025-07-01,2025-08-01,SKU005,CH01,BASE,FV_BASE_202508,7210,185715180.0,125790751.94,4699016.74,525892.5,FROZEN,true,2025-09-01,true,ASSUMPTION,0
2025-07-01,2025-08-01,SKU005,CH01,UPSIDE,FV_UPSIDE_202508,7490,192927420.0,123371699.02,4699016.74,515374.65,FROZEN,true,2025-09-01,true,ASSUMPTION,-6
2025-07-01,2025-08-01,SKU005,CH01,DOWNSIDE,FV_DOWNSIDE_202508,6720,173093760.0,131838384.25,4792997.07,567963.9,FROZEN,true,2025-09-01,true,ASSUMPTION,14
2025-07-01,2025-08-01,SKU006,CH01,BASE,FV_BASE_202508,5150,147393000.0,91152718.8,3729378.36,417375.0,FROZEN,true,2025-09-01,true,ASSUMPTION,0
2025-07-01,2025-08-01,SKU006,CH01,UPSIDE,FV_UPSIDE_202508,5350,153117000.0,89399781.9,3729378.36,409027.5,FROZEN,true,2025-09-01,true,ASSUMPTION,-6
2025-07-01,2025-08-01,SKU006,CH01,DOWNSIDE,FV_DOWNSIDE_202508,4800,137376000.0,95535061.05,3803965.93,450765.0,FROZEN,true,2025-09-01,true,ASSUMPTION,14
2025-07-01,2025-08-01,SKU007,CH01,BASE,FV_BASE_202508,9270,203402340.0,164725984.69,5146542.14,575977.5,FROZEN,true,2025-09-01,true,ASSUMPTION,0
2025-07-01,2025-08-01,SKU007,CH01,UPSIDE,FV_UPSIDE_202508,9630,211301460.0,161558177.29,5146542.14,564457.95,FROZEN,true,2025-09-01,true,ASSUMPTION,-6
2025-07-01,2025-08-01,SKU007,CH01,DOWNSIDE,FV_DOWNSIDE_202508,8640,189578880.0,172645503.18,5249472.98,622055.7,FROZEN,true,2025-09-01,true,ASSUMPTION,14
2025-07-01,2025-08-01,SKU008,CH01,BASE,FV_BASE_202508,7210,171958500.0,131665038.26,4350941.42,486937.5,FROZEN,true,2025-09-01,true,ASSUMPTION,0
2025-07-01,2025-08-01,SKU008,CH01,UPSIDE,FV_UPSIDE_202508,7490,178636500.0,129133018.3,4350941.42,477198.75,FROZEN,true,2025-09-01,true,ASSUMPTION,-6
2025-07-01,2025-08-01,SKU008,CH01,DOWNSIDE,FV_DOWNSIDE_202508,6720,160272000.0,137995088.18,4437960.25,525892.5,FROZEN,true,2025-09-01,true,ASSUMPTION,14
2025-07-01,2025-08-01,SKU009,CH01,BASE,FV_BASE_202508,9270,185715180.0,158605730.71,4699016.74,525892.5,FROZEN,true,2025-09-01,true,ASSUMPTION,0
2025-07-01,2025-08-01,SKU009,CH01,UPSIDE,FV_UPSIDE_202508,9630,192927420.0,155555620.51,4699016.74,515374.65,FROZEN,true,2025-09-01,true,ASSUMPTION,-6
2025-07-01,2025-08-01,SKU009,CH01,DOWNSIDE,FV_DOWNSIDE_202508,8640,173093760.0,166231006.23,4792997.07,567963.9,FROZEN,true,2025-09-01,true,ASSUMPTION,14
2025-07-01,2025-08-01,SKU010,CH01,BASE,FV_BASE_202508,7210,165080160.0,121536958.4,4176903.77,467460.0,FROZEN,true,2025-09-01,true,ASSUMPTION,0
2025-07-01,2025-08-01,SKU010,CH01,UPSIDE,FV_UPSIDE_202508,7490,171491040.0,119199709.2,4176903.77,458110.8,FROZEN,true,2025-09-01,true,ASSUMPTION,-6
2025-07-01,2025-08-01,SKU010,CH01,DOWNSIDE,FV_DOWNSIDE_202508,6720,153861120.0,127380081.4,4260441.85,504856.8,FROZEN,true,2025-09-01,true,ASSUMPTION,14
2025-07-01,2025-08-01,SKU011,CH01,BASE,FV_BASE_202508,4120,137566800.0,60768479.2,3480753.14,389550.0,FROZEN,true,2025-09-01,true,ASSUMPTION,0
2025-07-01,2025-08-01,SKU011,CH01,UPSIDE,FV_UPSIDE_202508,4280,142909200.0,59599854.6,3480753.14,381759.0,FROZEN,true,2025-09-01,true,ASSUMPTION,-6
2025-07-01,2025-08-01,SKU011,CH01,DOWNSIDE,FV_DOWNSIDE_202508,3840,128217600.0,63690040.7,3550368.2,420714.0,FROZEN,true,2025-09-01,true,ASSUMPTION,14
2025-07-01,2025-08-01,SKU012,CH01,BASE,FV_BASE_202508,5150,142479900.0,81820416.62,3605065.75,403462.5,FROZEN,true,2025-09-01,true,ASSUMPTION,0
2025-07-01,2025-08-01,SKU012,CH01,UPSIDE,FV_UPSIDE_202508,5350,148013100.0,80246947.07,3605065.75,395393.25,FROZEN,true,2025-09-01,true,ASSUMPTION,-6
2025-07-01,2025-08-01,SKU012,CH01,DOWNSIDE,FV_DOWNSIDE_202508,4800,132796800.0,85754090.5,3677167.07,435739.5,FROZEN,true,2025-09-01,true,ASSUMPTION,14
2025-07-01,2025-08-01,SKU001,CH02,BASE,FV_BASE_202508,7210,213228540.0,124857736.67,7948014.0,603802.5,FROZEN,true,2025-09-01,true,ASSUMPTION,0
2025-07-01,2025-08-01,SKU001,CH02,UPSIDE,FV_UPSIDE_202508,7490,221509260.0,122456626.35,7948014.0,591726.45,FROZEN,true,2025-09-01,true,ASSUMPTION,-6
2025-07-01,2025-08-01,SKU001,CH02,DOWNSIDE,FV_DOWNSIDE_202508,6720,198737280.0,130860512.47,8106974.28,652106.7,FROZEN,true,2025-09-01,true,ASSUMPTION,14
2025-07-01,2025-08-01,SKU002,CH02,BASE,FV_BASE_202508,5150,176871600.0,93211766.55,6592822.67,500850.0,FROZEN,true,2025-09-01,true,ASSUMPTION,0
2025-07-01,2025-08-01,SKU002,CH02,UPSIDE,FV_UPSIDE_202508,5350,183740400.0,91419232.58,6592822.67,490833.0,FROZEN,true,2025-09-01,true,ASSUMPTION,-6
2025-07-01,2025-08-01,SKU002,CH02,DOWNSIDE,FV_DOWNSIDE_202508,4800,164851200.0,97693101.48,6724679.12,540918.0,FROZEN,true,2025-09-01,true,ASSUMPTION,14
2025-07-01,2025-08-01,SKU003,CH02,BASE,FV_BASE_202508,4120,125775360.0,69966363.04,4688229.46,356160.0,FROZEN,true,2025-09-01,true,ASSUMPTION,0
2025-07-01,2025-08-01,SKU003,CH02,UPSIDE,FV_UPSIDE_202508,4280,130659840.0,68620856.06,4688229.46,349036.8,FROZEN,true,2025-09-01,true,ASSUMPTION,-6
2025-07-01,2025-08-01,SKU003,CH02,DOWNSIDE,FV_DOWNSIDE_202508,3840,117227520.0,73330130.5,4781994.05,384652.8,FROZEN,true,2025-09-01,true,ASSUMPTION,14
2025-07-01,2025-08-01,SKU004,CH02,BASE,FV_BASE_202508,6180,165080160.0,106330459.62,6153301.16,467460.0,FROZEN,true,2025-09-01,true,ASSUMPTION,0
2025-07-01,2025-08-01,SKU004,CH02,UPSIDE,FV_UPSIDE_202508,6420,171491040.0,104285643.09,6153301.16,458110.8,FROZEN,true,2025-09-01,true,ASSUMPTION,-6
2025-07-01,2025-08-01,SKU004,CH02,DOWNSIDE,FV_DOWNSIDE_202508,5760,153861120.0,111442500.95,6276367.18,504856.8,FROZEN,true,2025-09-01,true,ASSUMPTION,14
2025-07-01,2025-08-01,SKU005,CH02,BASE,FV_BASE_202508,5150,132653700.0,89327942.94,4944617.0,375637.5,FROZEN,true,2025-09-01,true,ASSUMPTION,0
2025-07-01,2025-08-01,SKU005,CH02,UPSIDE,FV_UPSIDE_202508,5350,137805300.0,87610097.89,4944617.0,368124.75,FROZEN,true,2025-09-01,true,ASSUMPTION,-6
2025-07-01,2025-08-01,SKU005,CH02,DOWNSIDE,FV_DOWNSIDE_202508,4800,123638400.0,93622555.58,5043509.34,405688.5,FROZEN,true,2025-09-01,true,ASSUMPTION,14
2025-07-01,2025-08-01,SKU006,CH02,BASE,FV_BASE_202508,4120,117914400.0,72498040.65,4395215.12,333900.0,FROZEN,true,2025-09-01,true,ASSUMPTION,0
2025-07-01,2025-08-01,SKU006,CH02,UPSIDE,FV_UPSIDE_202508,4280,122493600.0,71103847.56,4395215.12,327222.0,FROZEN,true,2025-09-01,true,ASSUMPTION,-6
2025-07-01,2025-08-01,SKU006,CH02,DOWNSIDE,FV_DOWNSIDE_202508,3840,109900800.0,75983523.37,4483119.42,360612.0,FROZEN,true,2025-09-01,true,ASSUMPTION,14
2025-07-01,2025-08-01,SKU007,CH02,BASE,FV_BASE_202508,7210,158201820.0,127375029.76,5896913.61,447982.5,FROZEN,true,2025-09-01,true,ASSUMPTION,0
2025-07-01,2025-08-01,SKU007,CH02,UPSIDE,FV_UPSIDE_202508,7490,164345580.0,124925509.95,5896913.61,439022.85,FROZEN,true,2025-09-01,true,ASSUMPTION,-6
2025-07-01,2025-08-01,SKU007,CH02,DOWNSIDE,FV_DOWNSIDE_202508,6720,147450240.0,133498829.26,6014851.88,483821.1,FROZEN,true,2025-09-01,true,ASSUMPTION,14
2025-07-01,2025-08-01,SKU008,CH02,BASE,FV_BASE_202508,6180,147393000.0,112199348.62,5494018.89,417375.0,FROZEN,true,2025-09-01,true,ASSUMPTION,0
2025-07-01,2025-08-01,SKU008,CH02,UPSIDE,FV_UPSIDE_202508,6420,153117000.0,110041668.84,5494018.89,409027.5,FROZEN,true,2025-09-01,true,ASSUMPTION,-6
2025-07-01,2025-08-01,SKU008,CH02,DOWNSIDE,FV_DOWNSIDE_202508,5760,137376000.0,117593548.08,5603899.27,450765.0,FROZEN,true,2025-09-01,true,ASSUMPTION,14
2025-07-01,2025-08-01,SKU009,CH02,BASE,FV_BASE_202508,7210,144445140.0,122642518.76,5384138.52,409027.5,FROZEN,true,2025-09-01,true,ASSUMPTION,0
2025-07-01,2025-08-01,SKU009,CH02,UPSIDE,FV_UPSIDE_202508,7490,150054660.0,120284008.79,5384138.52,400846.95,FROZEN,true,2025-09-01,true,ASSUMPTION,-6
2025-07-01,2025-08-01,SKU009,CH02,DOWNSIDE,FV_DOWNSIDE_202508,6720,134628480.0,128538793.7,5491821.29,441749.7,FROZEN,true,2025-09-01,true,ASSUMPTION,14
2025-07-01,2025-08-01,SKU010,CH02,BASE,FV_BASE_202508,5150,117914400.0,86307191.25,4395215.12,333900.0,FROZEN,true,2025-09-01,true,ASSUMPTION,0
2025-07-01,2025-08-01,SKU010,CH02,UPSIDE,FV_UPSIDE_202508,5350,122493600.0,84647437.57,4395215.12,327222.0,FROZEN,true,2025-09-01,true,ASSUMPTION,-6
2025-07-01,2025-08-01,SKU010,CH02,DOWNSIDE,FV_DOWNSIDE_202508,4800,109900800.0,90456575.44,4483119.42,360612.0,FROZEN,true,2025-09-01,true,ASSUMPTION,14
2025-07-01,2025-08-01,SKU011,CH02,BASE,FV_BASE_202508,3090,103175100.0,45311275.4,3845813.23,292162.5,FROZEN,true,2025-09-01,true,ASSUMPTION,0
2025-07-01,2025-08-01,SKU011,CH02,UPSIDE,FV_UPSIDE_202508,3210,107181900.0,44439904.72,3845813.23,286319.25,FROZEN,true,2025-09-01,true,ASSUMPTION,-6
2025-07-01,2025-08-01,SKU011,CH02,DOWNSIDE,FV_DOWNSIDE_202508,2880,96163200.0,47489702.1,3922729.49,315535.5,FROZEN,true,2025-09-01,true,ASSUMPTION,14
2025-07-01,2025-08-01,SKU012,CH02,BASE,FV_BASE_202508,4120,113983920.0,65075622.22,4248707.94,322770.0,FROZEN,true,2025-09-01,true,ASSUMPTION,0
2025-07-01,2025-08-01,SKU012,CH02,UPSIDE,FV_UPSIDE_202508,4280,118410480.0,63824167.94,4248707.94,316314.6,FROZEN,true,2025-09-01,true,ASSUMPTION,-6
2025-07-01,2025-08-01,SKU012,CH02,DOWNSIDE,FV_DOWNSIDE_202508,3840,106237440.0,68204257.9,4333682.1,348591.6,FROZEN,true,2025-09-01,true,ASSUMPTION,14
2025-07-01,2025-08-01,SKU001,CH03,BASE,FV_BASE_202508,5150,148314850.0,99537935.14,3969925.83,419985.42,FROZEN,true,2025-09-01,true,ASSUMPTION,0
2025-07-01,2025-08-01,SKU001,CH03,UPSIDE,FV_UPSIDE_202508,5350,154074650.0,97623744.08,3969925.83,411585.71,FROZEN,true,2025-09-01,true,ASSUMPTION,-6
2025-07-01,2025-08-01,SKU001,CH03,DOWNSIDE,FV_DOWNSIDE_202508,4800,138235200.0,104323412.79,4049324.35,453584.25,FROZEN,true,2025-09-01,true,ASSUMPTION,14
2025-07-01,2025-08-01,SKU002,CH03,BASE,FV_BASE_202508,4120,137789280.0,83226557.38,3688189.16,390180.0,FROZEN,true,2025-09-01,true,ASSUMPTION,0
2025-07-01,2025-08-01,SKU002,CH03,UPSIDE,FV_UPSIDE_202508,4280,143140320.0,81626046.66,3688189.16,382376.4,FROZEN,true,2025-09-01,true,ASSUMPTION,-6
2025-07-01,2025-08-01,SKU002,CH03,DOWNSIDE,FV_DOWNSIDE_202508,3840,128424960.0,87227834.17,3761952.94,421394.4,FROZEN,true,2025-09-01,true,ASSUMPTION,14
2025-07-01,2025-08-01,SKU003,CH03,BASE,FV_BASE_202508,4120,122479360.0,78089115.56,3278390.37,346826.67,FROZEN,true,2025-09-01,true,ASSUMPTION,0
2025-07-01,2025-08-01,SKU003,CH03,UPSIDE,FV_UPSIDE_202508,4280,127235840.0,76587401.8,3278390.37,339890.13,FROZEN,true,2025-09-01,true,ASSUMPTION,-6
2025-07-01,2025-08-01,SKU003,CH03,DOWNSIDE,FV_DOWNSIDE_202508,3840,114155520.0,81843399.96,3343958.18,374572.8,FROZEN,true,2025-09-01,true,ASSUMPTION,14
2025-07-01,2025-08-01,SKU004,CH03,BASE,FV_BASE_202508,5150,133961800.0,98895754.91,3585739.46,379341.67,FROZEN,true,2025-09-01,true,ASSUMPTION,0
2025-07-01,2025-08-01,SKU004,CH03,UPSIDE,FV_UPSIDE_202508,5350,139164200.0,96993913.47,3585739.46,371754.83,FROZEN,true,2025-09-01,true,ASSUMPTION,-6
2025-07-01,2025-08-01,SKU004,CH03,DOWNSIDE,FV_DOWNSIDE_202508,4800,124857600.0,103650358.51,3657454.25,409689.0,FROZEN,true,2025-09-01,true,ASSUMPTION,14
2025-07-01,2025-08-01,SKU005,CH03,BASE,FV_BASE_202508,4120,103341960.0,79758784.15,2766141.87,292635.0,FROZEN,true,2025-09-01,true,ASSUMPTION,0
2025-07-01,2025-08-01,SKU005,CH03,UPSIDE,FV_UPSIDE_202508,4280,107355240.0,78224961.38,2766141.87,286782.3,FROZEN,true,2025-09-01,true,ASSUMPTION,-6
2025-07-01,2025-08-01,SKU005,CH03,DOWNSIDE,FV_DOWNSIDE_202508,3840,96318720.0,83593341.08,2821464.71,316045.8,FROZEN,true,2025-09-01,true,ASSUMPTION,14
2025-07-01,2025-08-01,SKU006,CH03,BASE,FV_BASE_202508,3090,86118300.0,60686031.42,2305118.23,243862.5,FROZEN,true,2025-09-01,true,ASSUMPTION,0
2025-07-01,2025-08-01,SKU006,CH03,UPSIDE,FV_UPSIDE_202508,3210,89462700.0,59518992.36,2305118.23,238985.25,FROZEN,true,2025-09-01,true,ASSUMPTION,-6
2025-07-01,2025-08-01,SKU006,CH03,DOWNSIDE,FV_DOWNSIDE_202508,2880,80265600.0,63603629.09,2351220.59,263371.5,FROZEN,true,2025-09-01,true,ASSUMPTION,14
2025-07-01,2025-08-01,SKU007,CH03,BASE,FV_BASE_202508,6180,132048060.0,121853698.01,3534514.61,373922.5,FROZEN,true,2025-09-01,true,ASSUMPTION,0
2025-07-01,2025-08-01,SKU007,CH03,UPSIDE,FV_UPSIDE_202508,6420,137176140.0,119510357.67,3534514.61,366444.05,FROZEN,true,2025-09-01,true,ASSUMPTION,-6
2025-07-01,2025-08-01,SKU007,CH03,DOWNSIDE,FV_DOWNSIDE_202508,5760,123073920.0,127712048.88,3605204.9,403836.3,FROZEN,true,2025-09-01,true,ASSUMPTION,14
2025-07-01,2025-08-01,SKU008,CH03,BASE,FV_BASE_202508,5150,119608750.0,104354286.84,3201553.09,338697.92,FROZEN,true,2025-09-01,true,ASSUMPTION,0
2025-07-01,2025-08-01,SKU008,CH03,UPSIDE,FV_UPSIDE_202508,5350,124253750.0,102347473.63,3201553.09,331923.96,FROZEN,true,2025-09-01,true,ASSUMPTION,-6
2025-07-01,2025-08-01,SKU008,CH03,DOWNSIDE,FV_DOWNSIDE_202508,4800,111480000.0,109371319.86,3265584.15,365793.75,FROZEN,true,2025-09-01,true,ASSUMPTION,14
2025-07-01,2025-08-01,SKU009,CH03,BASE,FV_BASE_202508,5150,100471350.0,97771939.51,2689304.6,284506.25,FROZEN,true,2025-09-01,true,ASSUMPTION,0
2025-07-01,2025-08-01,SKU009,CH03,UPSIDE,FV_UPSIDE_202508,5350,104373150.0,95891709.91,2689304.6,278816.13,FROZEN,true,2025-09-01,true,ASSUMPTION,-6
2025-07-01,2025-08-01,SKU009,CH03,DOWNSIDE,FV_DOWNSIDE_202508,4800,93643200.0,102472513.53,2743090.69,307266.75,FROZEN,true,2025-09-01,true,ASSUMPTION,14
2025-07-01,2025-08-01,SKU010,CH03,BASE,FV_BASE_202508,4120,91859520.0,77061627.2,2458792.77,260120.0,FROZEN,true,2025-09-01,true,ASSUMPTION,0
2025-07-01,2025-08-01,SKU010,CH03,UPSIDE,FV_UPSIDE_202508,4280,95426880.0,75579672.83,2458792.77,254917.6,FROZEN,true,2025-09-01,true,ASSUMPTION,-6
2025-07-01,2025-08-01,SKU010,CH03,DOWNSIDE,FV_DOWNSIDE_202508,3840,85616640.0,80766513.12,2507968.63,280929.6,FROZEN,true,2025-09-01,true,ASSUMPTION,14
2025-07-01,2025-08-01,SKU011,CH03,BASE,FV_BASE_202508,2060,66980900.0,33714461.9,1792869.73,189670.83,FROZEN,true,2025-09-01,true,ASSUMPTION,0
2025-07-01,2025-08-01,SKU011,CH03,UPSIDE,FV_UPSIDE_202508,2140,69582100.0,33066106.87,1792869.73,185877.42,FROZEN,true,2025-09-01,true,ASSUMPTION,-6
2025-07-01,2025-08-01,SKU011,CH03,DOWNSIDE,FV_DOWNSIDE_202508,1920,62428800.0,35335349.49,1828727.12,204844.5,FROZEN,true,2025-09-01,true,ASSUMPTION,14
2025-07-01,2025-08-01,SKU012,CH03,BASE,FV_BASE_202508,3090,83247690.0,54472937.74,2228280.95,235733.75,FROZEN,true,2025-09-01,true,ASSUMPTION,0
2025-07-01,2025-08-01,SKU012,CH03,UPSIDE,FV_UPSIDE_202508,3210,86480610.0,53425381.24,2228280.95,231019.08,FROZEN,true,2025-09-01,true,ASSUMPTION,-6
2025-07-01,2025-08-01,SKU012,CH03,DOWNSIDE,FV_DOWNSIDE_202508,2880,77590080.0,57091828.98,2272846.57,254592.45,FROZEN,true,2025-09-01,true,ASSUMPTION,14
2025-07-01,2025-08-01,SKU001,CH04,BASE,FV_BASE_202508,3090,90234180.0,49900087.08,2141916.23,255517.5,FROZEN,true,2025-09-01,true,ASSUMPTION,0
2025-07-01,2025-08-01,SKU001,CH04,UPSIDE,FV_UPSIDE_202508,3210,93738420.0,48940470.02,2141916.23,250407.15,FROZEN,true,2025-09-01,true,ASSUMPTION,-6
2025-07-01,2025-08-01,SKU001,CH04,DOWNSIDE,FV_DOWNSIDE_202508,2880,84101760.0,52299129.73,2184754.55,275958.9,FROZEN,true,2025-09-01,true,ASSUMPTION,14
2025-07-01,2025-08-01,SKU002,CH04,BASE,FV_BASE_202508,2060,69858720.0,34769092.94,1658257.73,197820.0,FROZEN,true,2025-09-01,true,ASSUMPTION,0
2025-07-01,2025-08-01,SKU002,CH04,UPSIDE,FV_UPSIDE_202508,2140,72571680.0,34100456.53,1658257.73,193863.6,FROZEN,true,2025-09-01,true,ASSUMPTION,-6
2025-07-01,2025-08-01,SKU002,CH04,DOWNSIDE,FV_DOWNSIDE_202508,1920,65111040.0,36440683.94,1691422.88,213645.6,FROZEN,true,2025-09-01,true,ASSUMPTION,14
2025-07-01,2025-08-01,SKU003,CH04,BASE,FV_BASE_202508,2060,62096640.0,32622852.63,1474006.87,175840.0,FROZEN,true,2025-09-01,true,ASSUMPTION,0
2025-07-01,2025-08-01,SKU003,CH04,UPSIDE,FV_UPSIDE_202508,2140,64508160.0,31995490.08,1474006.87,172323.2,FROZEN,true,2025-09-01,true,ASSUMPTION,-6
2025-07-01,2025-08-01,SKU003,CH04,DOWNSIDE,FV_DOWNSIDE_202508,1920,57876480.0,34191259.01,1503487.01,189907.2,FROZEN,true,2025-09-01,true,ASSUMPTION,14
2025-07-01,2025-08-01,SKU004,CH04,BASE,FV_BASE_202508,2060,54334560.0,33052100.69,1289756.01,153860.0,FROZEN,true,2025-09-01,true,ASSUMPTION,0
2025-07-01,2025-08-01,SKU004,CH04,UPSIDE,FV_UPSIDE_202508,2140,56444640.0,32416483.37,1289756.01,150782.8,FROZEN,true,2025-09-01,true,ASSUMPTION,-6
2025-07-01,2025-08-01,SKU004,CH04,DOWNSIDE,FV_DOWNSIDE_202508,1920,50641920.0,34641143.99,1315551.13,166168.8,FROZEN,true,2025-09-01,true,ASSUMPTION,14
2025-07-01,2025-08-01,SKU005,CH04,BASE,FV_BASE_202508,2060,52394040.0,33320380.72,1243693.3,148365.0,FROZEN,true,2025-09-01,true,ASSUMPTION,0
2025-07-01,2025-08-01,SKU005,CH04,UPSIDE,FV_UPSIDE_202508,2140,54428760.0,32679604.17,1243693.3,145397.7,FROZEN,true,2025-09-01,true,ASSUMPTION,-6
2025-07-01,2025-08-01,SKU005,CH04,DOWNSIDE,FV_DOWNSIDE_202508,1920,48833280.0,34922322.11,1268567.17,160234.2,FROZEN,true,2025-09-01,true,ASSUMPTION,14
2025-07-01,2025-08-01,SKU006,CH04,BASE,FV_BASE_202508,2060,58215600.0,33803284.8,1381881.44,164850.0,FROZEN,true,2025-09-01,true,ASSUMPTION,0
2025-07-01,2025-08-01,SKU006,CH04,UPSIDE,FV_UPSIDE_202508,2140,60476400.0,33153221.63,1381881.44,161553.0,FROZEN,true,2025-09-01,true,ASSUMPTION,-6
2025-07-01,2025-08-01,SKU006,CH04,DOWNSIDE,FV_DOWNSIDE_202508,1920,54259200.0,35428442.72,1409519.07,178038.0,FROZEN,true,2025-09-01,true,ASSUMPTION,14
2025-07-01,2025-08-01,SKU007,CH04,BASE,FV_BASE_202508,3090,66947940.0,50906137.22,1589163.66,189577.5,FROZEN,true,2025-09-01,true,ASSUMPTION,0
2025-07-01,2025-08-01,SKU007,CH04,UPSIDE,FV_UPSIDE_202508,3210,69547860.0,49927173.05,1589163.66,185785.95,FROZEN,true,2025-09-01,true,ASSUMPTION,-6
2025-07-01,2025-08-01,SKU007,CH04,DOWNSIDE,FV_DOWNSIDE_202508,2880,62398080.0,53353547.67,1620946.93,204743.7,FROZEN,true,2025-09-01,true,ASSUMPTION,14
2025-07-01,2025-08-01,SKU008,CH04,BASE,FV_BASE_202508,2060,48513000.0,34876404.95,1151567.87,137375.0,FROZEN,true,2025-09-01,true,ASSUMPTION,0
2025-07-01,2025-08-01,SKU008,CH04,UPSIDE,FV_UPSIDE_202508,2140,50397000.0,34205704.86,1151567.87,134627.5,FROZEN,true,2025-09-01,true,ASSUMPTION,-6
2025-07-01,2025-08-01,SKU008,CH04,DOWNSIDE,FV_DOWNSIDE_202508,1920,45216000.0,36553155.19,1174599.23,148365.0,FROZEN,true,2025-09-01,true,ASSUMPTION,14
2025-07-01,2025-08-01,SKU009,CH04,BASE,FV_BASE_202508,3090,61126380.0,49014762.96,1450975.51,173092.5,FROZEN,true,2025-09-01,true,ASSUMPTION,0
2025-07-01,2025-08-01,SKU009,CH04,UPSIDE,FV_UPSIDE_202508,3210,63500220.0,48072171.37,1450975.51,169630.65,FROZEN,true,2025-09-01,true,ASSUMPTION,-6
2025-07-01,2025-08-01,SKU009,CH04,DOWNSIDE,FV_DOWNSIDE_202508,2880,56972160.0,51371241.95,1479995.02,186939.9,FROZEN,true,2025-09-01,true,ASSUMPTION,14
2025-07-01,2025-08-01,SKU010,CH04,BASE,FV_BASE_202508,2060,46572480.0,32193604.57,1105505.15,131880.0,FROZEN,true,2025-09-01,true,ASSUMPTION,0
2025-07-01,2025-08-01,SKU010,CH04,UPSIDE,FV_UPSIDE_202508,2140,48381120.0,31574496.79,1105505.15,129242.4,FROZEN,true,2025-09-01,true,ASSUMPTION,-6
2025-07-01,2025-08-01,SKU010,CH04,DOWNSIDE,FV_DOWNSIDE_202508,1920,43407360.0,33741374.02,1127615.25,142430.4,FROZEN,true,2025-09-01,true,ASSUMPTION,14
2025-07-01,2025-08-01,SKU011,CH04,BASE,FV_BASE_202508,1030,33959100.0,14084702.0,806097.51,96162.5,FROZEN,true,2025-09-01,true,ASSUMPTION,0
2025-07-01,2025-08-01,SKU011,CH04,UPSIDE,FV_UPSIDE_202508,1070,35277900.0,13813842.34,806097.51,94239.25,FROZEN,true,2025-09-01,true,ASSUMPTION,-6
2025-07-01,2025-08-01,SKU011,CH04,DOWNSIDE,FV_DOWNSIDE_202508,960,31651200.0,14761851.13,822219.46,103855.5,FROZEN,true,2025-09-01,true,ASSUMPTION,14
2025-07-01,2025-08-01,SKU012,CH04,BASE,FV_BASE_202508,2060,56275080.0,30342472.32,1335818.73,159355.0,FROZEN,true,2025-09-01,true,ASSUMPTION,0
2025-07-01,2025-08-01,SKU012,CH04,UPSIDE,FV_UPSIDE_202508,2140,58460520.0,29758963.23,1335818.73,156167.9,FROZEN,true,2025-09-01,true,ASSUMPTION,-6
2025-07-01,2025-08-01,SKU012,CH04,DOWNSIDE,FV_DOWNSIDE_202508,1920,52450560.0,31801245.02,1362535.1,172103.4,FROZEN,true,2025-09-01,true,ASSUMPTION,14
2025-07-01,2025-08-01,SKU001,CH05,BASE,FV_BASE_202508,3090,91383660.0,55486062.34,2394524.16,258772.5,FROZEN,true,2025-09-01,true,ASSUMPTION,0
2025-07-01,2025-08-01,SKU001,CH05,UPSIDE,FV_UPSIDE_202508,3210,94932540.0,54419022.68,2394524.16,253597.05,FROZEN,true,2025-09-01,true,ASSUMPTION,-6
2025-07-01,2025-08-01,SKU001,CH05,DOWNSIDE,FV_DOWNSIDE_202508,2880,85173120.0,58153661.49,2442414.64,279474.3,FROZEN,true,2025-09-01,true,ASSUMPTION,14
2025-07-01,2025-08-01,SKU002,CH05,BASE,FV_BASE_202508,2060,70748640.0,38661256.35,1853825.16,200340.0,FROZEN,true,2025-09-01,true,ASSUMPTION,0
2025-07-01,2025-08-01,SKU002,CH05,UPSIDE,FV_UPSIDE_202508,2140,73496160.0,37917770.65,1853825.16,196333.2,FROZEN,true,2025-09-01,true,ASSUMPTION,-6
2025-07-01,2025-08-01,SKU002,CH05,DOWNSIDE,FV_DOWNSIDE_202508,1920,65940480.0,40519970.6,1890901.66,216367.2,FROZEN,true,2025-09-01,true,ASSUMPTION,14
2025-07-01,2025-08-01,SKU003,CH05,BASE,FV_BASE_202508,2060,62887680.0,36274759.04,1647844.58,178080.0,FROZEN,true,2025-09-01,true,ASSUMPTION,0
2025-07-01,2025-08-01,SKU003,CH05,UPSIDE,FV_UPSIDE_202508,2140,65329920.0,35577167.52,1647844.58,174518.4,FROZEN,true,2025-09-01,true,ASSUMPTION,-6
2025-07-01,2025-08-01,SKU003,CH05,DOWNSIDE,FV_DOWNSIDE_202508,1920,58613760.0,38018737.84,1680801.47,192326.4,FROZEN,true,2025-09-01,true,ASSUMPTION,14
2025-07-01,2025-08-01,SKU004,CH05,BASE,FV_BASE_202508,3090,82540080.0,55128087.75,2162796.02,233730.0,FROZEN,true,2025-09-01,true,ASSUMPTION,0
2025-07-01,2025-08-01,SKU004,CH05,UPSIDE,FV_UPSIDE_202508,3210,85745520.0,54067932.21,2162796.02,229055.4,FROZEN,true,2025-09-01,true,ASSUMPTION,-6
2025-07-01,2025-08-01,SKU004,CH05,DOWNSIDE,FV_DOWNSIDE_202508,2880,76930560.0,57778476.58,2206051.94,252428.4,FROZEN,true,2025-09-01,true,ASSUMPTION,14
2025-07-01,2025-08-01,SKU005,CH05,BASE,FV_BASE_202508,2060,53061480.0,37050370.67,1390368.87,150255.0,FROZEN,true,2025-09-01,true,ASSUMPTION,0
2025-07-01,2025-08-01,SKU005,CH05,UPSIDE,FV_UPSIDE_202508,2140,55122120.0,36337863.54,1390368.87,147249.9,FROZEN,true,2025-09-01,true,ASSUMPTION,-6
2025-07-01,2025-08-01,SKU005,CH05,DOWNSIDE,FV_DOWNSIDE_202508,1920,49455360.0,38831638.49,1418176.25,162275.4,FROZEN,true,2025-09-01,true,ASSUMPTION,14
2025-07-01,2025-08-01,SKU006,CH05,BASE,FV_BASE_202508,2060,58957200.0,37587332.56,1544854.3,166950.0,FROZEN,true,2025-09-01,true,ASSUMPTION,0
2025-07-01,2025-08-01,SKU006,CH05,UPSIDE,FV_UPSIDE_202508,2140,61246800.0,36864499.24,1544854.3,163611.0,FROZEN,true,2025-09-01,true,ASSUMPTION,-6
2025-07-01,2025-08-01,SKU006,CH05,DOWNSIDE,FV_DOWNSIDE_202508,1920,54950400.0,39394415.85,1575751.39,180306.0,FROZEN,true,2025-09-01,true,ASSUMPTION,14
2025-07-01,2025-08-01,SKU007,CH05,BASE,FV_BASE_202508,3090,67800780.0,56604732.95,1776582.44,191992.5,FROZEN,true,2025-09-01,true,ASSUMPTION,0
2025-07-01,2025-08-01,SKU007,CH05,UPSIDE,FV_UPSIDE_202508,3210,70433820.0,55516180.4,1776582.44,188152.65,FROZEN,true,2025-09-01,true,ASSUMPTION,-6
2025-07-01,2025-08-01,SKU007,CH05,DOWNSIDE,FV_DOWNSIDE_202508,2880,63192960.0,59326114.35,1812114.09,207351.9,FROZEN,true,2025-09-01,true,ASSUMPTION,14
2025-07-01,2025-08-01,SKU008,CH05,BASE,FV_BASE_202508,3090,73696500.0,58170871.81,1931067.87,208687.5,FROZEN,true,2025-09-01,true,ASSUMPTION,0
2025-07-01,2025-08-01,SKU008,CH05,UPSIDE,FV_UPSIDE_202508,3210,76558500.0,57052201.2,1931067.87,204513.75,FROZEN,true,2025-09-01,true,ASSUMPTION,-6
2025-07-01,2025-08-01,SKU008,CH05,DOWNSIDE,FV_DOWNSIDE_202508,2880,68688000.0,60967548.34,1969689.23,225382.5,FROZEN,true,2025-09-01,true,ASSUMPTION,14
2025-07-01,2025-08-01,SKU009,CH05,BASE,FV_BASE_202508,3090,61905060.0,54501632.2,1622097.01,175297.5,FROZEN,true,2025-09-01,true,ASSUMPTION,0
2025-07-01,2025-08-01,SKU009,CH05,UPSIDE,FV_UPSIDE_202508,3210,64309140.0,53453523.89,1622097.01,171791.55,FROZEN,true,2025-09-01,true,ASSUMPTION,-6
2025-07-01,2025-08-01,SKU009,CH05,DOWNSIDE,FV_DOWNSIDE_202508,2880,57697920.0,57121902.98,1654538.95,189321.3,FROZEN,true,2025-09-01,true,ASSUMPTION,14
2025-07-01,2025-08-01,SKU010,CH05,BASE,FV_BASE_202508,2060,47165760.0,35797459.58,1235883.44,133560.0,FROZEN,true,2025-09-01,true,ASSUMPTION,0
2025-07-01,2025-08-01,SKU010,CH05,UPSIDE,FV_UPSIDE_202508,2140,48997440.0,35109046.89,1235883.44,130888.8,FROZEN,true,2025-09-01,true,ASSUMPTION,-6
2025-07-01,2025-08-01,SKU010,CH05,DOWNSIDE,FV_DOWNSIDE_202508,1920,43960320.0,37518491.29,1260601.11,144244.8,FROZEN,true,2025-09-01,true,ASSUMPTION,14
2025-07-01,2025-08-01,SKU011,CH05,BASE,FV_BASE_202508,1030,34391700.0,15661388.57,901165.01,97387.5,FROZEN,true,2025-09-01,true,ASSUMPTION,0
2025-07-01,2025-08-01,SKU011,CH05,UPSIDE,FV_UPSIDE_202508,1070,35727300.0,15360208.02,901165.01,95439.75,FROZEN,true,2025-09-01,true,ASSUMPTION,-6
2025-07-01,2025-08-01,SKU011,CH05,DOWNSIDE,FV_DOWNSIDE_202508,960,32054400.0,16414339.94,919188.31,105178.5,FROZEN,true,2025-09-01,true,ASSUMPTION,14
2025-07-01,2025-08-01,SKU012,CH05,BASE,FV_BASE_202508,2060,56991960.0,33739105.64,1493359.15,161385.0,FROZEN,true,2025-09-01,true,ASSUMPTION,0
2025-07-01,2025-08-01,SKU012,CH05,UPSIDE,FV_UPSIDE_202508,2140,59205240.0,33090276.68,1493359.15,158157.3,FROZEN,true,2025-09-01,true,ASSUMPTION,-6
2025-07-01,2025-08-01,SKU012,CH05,DOWNSIDE,FV_DOWNSIDE_202508,1920,53118720.0,35361178.03,1523226.33,174295.8,FROZEN,true,2025-09-01,true,ASSUMPTION,14
2025-08-01,2025-09-01,SKU001,CH01,BASE,FV_BASE_202509,9270,274150980.0,161739763.59,6930847.19,776317.5,FROZEN,true,2025-10-01,true,ASSUMPTION,0
2025-08-01,2025-09-01,SKU001,CH01,UPSIDE,FV_UPSIDE_202509,9630,284797620.0,158629383.52,6930847.19,760791.15,FROZEN,true,2025-10-01,true,ASSUMPTION,-6
2025-08-01,2025-09-01,SKU001,CH01,DOWNSIDE,FV_DOWNSIDE_202509,8640,255519360.0,169515713.76,7069464.13,838422.9,FROZEN,true,2025-10-01,true,ASSUMPTION,14
2025-08-01,2025-09-01,SKU002,CH01,BASE,FV_BASE_202509,7210,247620240.0,131478775.56,6260120.04,701190.0,FROZEN,true,2025-10-01,true,ASSUMPTION,0
2025-08-01,2025-09-01,SKU002,CH01,UPSIDE,FV_UPSIDE_202509,7490,257236560.0,128950337.57,6260120.04,687166.2,FROZEN,true,2025-10-01,true,ASSUMPTION,-6
2025-08-01,2025-09-01,SKU002,CH01,DOWNSIDE,FV_DOWNSIDE_202509,6720,230791680.0,137799870.54,6385322.44,757285.2,FROZEN,true,2025-10-01,true,ASSUMPTION,14
2025-08-01,2025-09-01,SKU003,CH01,BASE,FV_BASE_202509,6180,188663040.0,105739544.37,4769615.27,534240.0,FROZEN,true,2025-10-01,true,ASSUMPTION,0
2025-08-01,2025-09-01,SKU003,CH01,UPSIDE,FV_UPSIDE_202509,6420,195989760.0,103706091.6,4769615.27,523555.2,FROZEN,true,2025-10-01,true,ASSUMPTION,-6
2025-08-01,2025-09-01,SKU003,CH01,DOWNSIDE,FV_DOWNSIDE_202509,5760,175841280.0,110823176.31,4865007.58,576979.2,FROZEN,true,2025-10-01,true,ASSUMPTION,14
2025-08-01,2025-09-01,SKU004,CH01,BASE,FV_BASE_202509,8240,220106880.0,142841138.89,5564551.15,623280.0,FROZEN,true,2025-10-01,true,ASSUMPTION,0
2025-08-01,2025-09-01,SKU004,CH01,UPSIDE,FV_UPSIDE_202509,8560,228654720.0,140094193.91,5564551.15,610814.4,FROZEN,true,2025-10-01,true,ASSUMPTION,-6
2025-08-01,2025-09-01,SKU004,CH01,DOWNSIDE,FV_DOWNSIDE_202509,7680,205148160.0,149708501.33,5675842.17,673142.4,FROZEN,true,2025-10-01,true,ASSUMPTION,14
2025-08-01,2025-09-01,SKU005,CH01,BASE,FV_BASE_202509,7210,185715180.0,126000493.25,4695090.03,525892.5,FROZEN,true,2025-10-01,true,ASSUMPTION,0
2025-08-01,2025-09-01,SKU005,CH01,UPSIDE,FV_UPSIDE_202509,7490,192927420.0,123577406.84,4695090.03,515374.65,FROZEN,true,2025-10-01,true,ASSUMPTION,-6
2025-08-01,2025-09-01,SKU005,CH01,DOWNSIDE,FV_DOWNSIDE_202509,6720,173093760.0,132058209.27,4788991.83,567963.9,FROZEN,true,2025-10-01,true,ASSUMPTION,14
2025-08-01,2025-09-01,SKU006,CH01,BASE,FV_BASE_202509,5150,147393000.0,91304705.25,3726261.93,417375.0,FROZEN,true,2025-10-01,true,ASSUMPTION,0
2025-08-01,2025-09-01,SKU006,CH01,UPSIDE,FV_UPSIDE_202509,5350,153117000.0,89548845.54,3726261.93,409027.5,FROZEN,true,2025-10-01,true,ASSUMPTION,-6
2025-08-01,2025-09-01,SKU006,CH01,DOWNSIDE,FV_DOWNSIDE_202509,4800,137376000.0,95694354.54,3800787.17,450765.0,FROZEN,true,2025-10-01,true,ASSUMPTION,14
2025-08-01,2025-09-01,SKU007,CH01,BASE,FV_BASE_202509,9270,203402340.0,165000645.92,5142241.46,575977.5,FROZEN,true,2025-10-01,true,ASSUMPTION,0
2025-08-01,2025-09-01,SKU007,CH01,UPSIDE,FV_UPSIDE_202509,9630,211301460.0,161827556.57,5142241.46,564457.95,FROZEN,true,2025-10-01,true,ASSUMPTION,-6
2025-08-01,2025-09-01,SKU007,CH01,DOWNSIDE,FV_DOWNSIDE_202509,8640,189578880.0,172933369.28,5245086.29,622055.7,FROZEN,true,2025-10-01,true,ASSUMPTION,14
2025-08-01,2025-09-01,SKU008,CH01,BASE,FV_BASE_202509,8240,196524000.0,150725227.72,4968349.24,556500.0,FROZEN,true,2025-10-01,true,ASSUMPTION,0
2025-08-01,2025-09-01,SKU008,CH01,UPSIDE,FV_UPSIDE_202509,8560,204156000.0,147826665.65,4968349.24,545370.0,FROZEN,true,2025-10-01,true,ASSUMPTION,-6
2025-08-01,2025-09-01,SKU008,CH01,DOWNSIDE,FV_DOWNSIDE_202509,7680,183168000.0,157971632.9,5067716.22,601020.0,FROZEN,true,2025-10-01,true,ASSUMPTION,14
2025-08-01,2025-09-01,SKU009,CH01,BASE,FV_BASE_202509,9270,185715180.0,158870187.14,4695090.03,525892.5,FROZEN,true,2025-10-01,true,ASSUMPTION,0
2025-08-01,2025-09-01,SKU009,CH01,UPSIDE,FV_UPSIDE_202509,9630,192927420.0,155814991.24,4695090.03,515374.65,FROZEN,true,2025-10-01,true,ASSUMPTION,-6
2025-08-01,2025-09-01,SKU009,CH01,DOWNSIDE,FV_DOWNSIDE_202509,8640,173093760.0,166508176.91,4788991.83,567963.9,FROZEN,true,2025-10-01,true,ASSUMPTION,14
2025-08-01,2025-09-01,SKU010,CH01,BASE,FV_BASE_202509,7210,165080160.0,121739607.01,4173413.36,467460.0,FROZEN,true,2025-10-01,true,ASSUMPTION,0
2025-08-01,2025-09-01,SKU010,CH01,UPSIDE,FV_UPSIDE_202509,7490,171491040.0,119398460.72,4173413.36,458110.8,FROZEN,true,2025-10-01,true,ASSUMPTION,-6
2025-08-01,2025-09-01,SKU010,CH01,DOWNSIDE,FV_DOWNSIDE_202509,6720,153861120.0,127592472.73,4256881.63,504856.8,FROZEN,true,2025-10-01,true,ASSUMPTION,14
2025-08-01,2025-09-01,SKU011,CH01,BASE,FV_BASE_202509,4120,137566800.0,60869803.5,3477844.47,389550.0,FROZEN,true,2025-10-01,true,ASSUMPTION,0
2025-08-01,2025-09-01,SKU011,CH01,UPSIDE,FV_UPSIDE_202509,4280,142909200.0,59699230.35,3477844.47,381759.0,FROZEN,true,2025-10-01,true,ASSUMPTION,-6
2025-08-01,2025-09-01,SKU011,CH01,DOWNSIDE,FV_DOWNSIDE_202509,3840,128217600.0,63796236.36,3547401.36,420714.0,FROZEN,true,2025-10-01,true,ASSUMPTION,14
2025-08-01,2025-09-01,SKU012,CH01,BASE,FV_BASE_202509,6180,170975880.0,98348211.09,4322463.84,484155.0,FROZEN,true,2025-10-01,true,ASSUMPTION,0
2025-08-01,2025-09-01,SKU012,CH01,UPSIDE,FV_UPSIDE_202509,6420,177615720.0,96456899.34,4322463.84,474471.9,FROZEN,true,2025-10-01,true,ASSUMPTION,-6
2025-08-01,2025-09-01,SKU012,CH01,DOWNSIDE,FV_DOWNSIDE_202509,5760,159356160.0,103076490.47,4408913.12,522887.4,FROZEN,true,2025-10-01,true,ASSUMPTION,14
2025-08-01,2025-09-01,SKU001,CH02,BASE,FV_BASE_202509,7210,213228540.0,129690869.63,8255674.62,603802.5,FROZEN,true,2025-10-01,true,ASSUMPTION,0
2025-08-01,2025-09-01,SKU001,CH02,UPSIDE,FV_UPSIDE_202509,7490,221509260.0,127196814.45,8255674.62,591726.45,FROZEN,true,2025-10-01,true,ASSUMPTION,-6
2025-08-01,2025-09-01,SKU001,CH02,DOWNSIDE,FV_DOWNSIDE_202509,6720,198737280.0,135926007.59,8420788.11,652106.7,FROZEN,true,2025-10-01,true,ASSUMPTION,14
2025-08-01,2025-09-01,SKU002,CH02,BASE,FV_BASE_202509,5150,176871600.0,96819911.88,6848025.03,500850.0,FROZEN,true,2025-10-01,true,ASSUMPTION,0
2025-08-01,2025-09-01,SKU002,CH02,UPSIDE,FV_UPSIDE_202509,5350,183740400.0,94957990.5,6848025.03,490833.0,FROZEN,true,2025-10-01,true,ASSUMPTION,-6
2025-08-01,2025-09-01,SKU002,CH02,DOWNSIDE,FV_DOWNSIDE_202509,4800,164851200.0,101474715.34,6984985.53,540918.0,FROZEN,true,2025-10-01,true,ASSUMPTION,14
2025-08-01,2025-09-01,SKU003,CH02,BASE,FV_BASE_202509,4120,125775360.0,72674699.29,4869706.69,356160.0,FROZEN,true,2025-10-01,true,ASSUMPTION,0
2025-08-01,2025-09-01,SKU003,CH02,UPSIDE,FV_UPSIDE_202509,4280,130659840.0,71277108.92,4869706.69,349036.8,FROZEN,true,2025-10-01,true,ASSUMPTION,-6
2025-08-01,2025-09-01,SKU003,CH02,DOWNSIDE,FV_DOWNSIDE_202509,3840,117227520.0,76168675.22,4967100.82,384652.8,FROZEN,true,2025-10-01,true,ASSUMPTION,14
2025-08-01,2025-09-01,SKU004,CH02,BASE,FV_BASE_202509,6180,165080160.0,110446418.0,6391490.03,467460.0,FROZEN,true,2025-10-01,true,ASSUMPTION,0
2025-08-01,2025-09-01,SKU004,CH02,UPSIDE,FV_UPSIDE_202509,6420,171491040.0,108322448.43,6391490.03,458110.8,FROZEN,true,2025-10-01,true,ASSUMPTION,-6
2025-08-01,2025-09-01,SKU004,CH02,DOWNSIDE,FV_DOWNSIDE_202509,5760,153861120.0,115756341.95,6519319.83,504856.8,FROZEN,true,2025-10-01,true,ASSUMPTION,14
2025-08-01,2025-09-01,SKU005,CH02,BASE,FV_BASE_202509,5150,132653700.0,92785748.89,5136018.77,375637.5,FROZEN,true,2025-10-01,true,ASSUMPTION,0
2025-08-01,2025-09-01,SKU005,CH02,UPSIDE,FV_UPSIDE_202509,5350,137805300.0,91001407.56,5136018.77,368124.75,FROZEN,true,2025-10-01,true,ASSUMPTION,-6
2025-08-01,2025-09-01,SKU005,CH02,DOWNSIDE,FV_DOWNSIDE_202509,4800,123638400.0,97246602.2,5238739.15,405688.5,FROZEN,true,2025-10-01,true,ASSUMPTION,14
2025-08-01,2025-09-01,SKU006,CH02,BASE,FV_BASE_202509,4120,117914400.0,75304375.91,4565350.02,333900.0,FROZEN,true,2025-10-01,true,ASSUMPTION,0
2025-08-01,2025-09-01,SKU006,CH02,UPSIDE,FV_UPSIDE_202509,4280,122493600.0,73856214.84,4565350.02,327222.0,FROZEN,true,2025-10-01,true,ASSUMPTION,-6
2025-08-01,2025-09-01,SKU006,CH02,DOWNSIDE,FV_DOWNSIDE_202509,3840,109900800.0,78924778.6,4656657.02,360612.0,FROZEN,true,2025-10-01,true,ASSUMPTION,14
2025-08-01,2025-09-01,SKU007,CH02,BASE,FV_BASE_202509,7210,158201820.0,132305604.9,6125177.94,447982.5,FROZEN,true,2025-10-01,true,ASSUMPTION,0
2025-08-01,2025-09-01,SKU007,CH02,UPSIDE,FV_UPSIDE_202509,7490,164345580.0,129761266.35,6125177.94,439022.85,FROZEN,true,2025-10-01,true,ASSUMPTION,-6
2025-08-01,2025-09-01,SKU007,CH02,DOWNSIDE,FV_DOWNSIDE_202509,6720,147450240.0,138666451.29,6247681.5,483821.1,FROZEN,true,2025-10-01,true,ASSUMPTION,14
2025-08-01,2025-09-01,SKU008,CH02,BASE,FV_BASE_202509,6180,147393000.0,116542486.53,5706687.52,417375.0,FROZEN,true,2025-10-01,true,ASSUMPTION,0
2025-08-01,2025-09-01,SKU008,CH02,UPSIDE,FV_UPSIDE_202509,6420,153117000.0,114301284.86,5706687.52,409027.5,FROZEN,true,2025-10-01,true,ASSUMPTION,-6
2025-08-01,2025-09-01,SKU008,CH02,DOWNSIDE,FV_DOWNSIDE_202509,5760,137376000.0,122145490.69,5820821.27,450765.0,FROZEN,true,2025-10-01,true,ASSUMPTION,14
2025-08-01,2025-09-01,SKU009,CH02,BASE,FV_BASE_202509,7210,144445140.0,127389902.59,5592553.77,409027.5,FROZEN,true,2025-10-01,true,ASSUMPTION,0
2025-08-01,2025-09-01,SKU009,CH02,UPSIDE,FV_UPSIDE_202509,7490,150054660.0,124940096.77,5592553.77,400846.95,FROZEN,true,2025-10-01,true,ASSUMPTION,-6
2025-08-01,2025-09-01,SKU009,CH02,DOWNSIDE,FV_DOWNSIDE_202509,6720,134628480.0,133514417.14,5704404.85,441749.7,FROZEN,true,2025-10-01,true,ASSUMPTION,14
2025-08-01,2025-09-01,SKU010,CH02,BASE,FV_BASE_202509,5150,117914400.0,89648066.56,4565350.02,333900.0,FROZEN,true,2025-10-01,true,ASSUMPTION,0
2025-08-01,2025-09-01,SKU010,CH02,UPSIDE,FV_UPSIDE_202509,5350,122493600.0,87924065.28,4565350.02,327222.0,FROZEN,true,2025-10-01,true,ASSUMPTION,-6
2025-08-01,2025-09-01,SKU010,CH02,DOWNSIDE,FV_DOWNSIDE_202509,4800,109900800.0,93958069.76,4656657.02,360612.0,FROZEN,true,2025-10-01,true,ASSUMPTION,14
2025-08-01,2025-09-01,SKU011,CH02,BASE,FV_BASE_202509,3090,103175100.0,47065234.94,3994681.27,292162.5,FROZEN,true,2025-10-01,true,ASSUMPTION,0
2025-08-01,2025-09-01,SKU011,CH02,UPSIDE,FV_UPSIDE_202509,3210,107181900.0,46160134.27,3994681.27,286319.25,FROZEN,true,2025-10-01,true,ASSUMPTION,-6
2025-08-01,2025-09-01,SKU011,CH02,DOWNSIDE,FV_DOWNSIDE_202509,2880,96163200.0,49327986.62,4074574.9,315535.5,FROZEN,true,2025-10-01,true,ASSUMPTION,14
2025-08-01,2025-09-01,SKU012,CH02,BASE,FV_BASE_202509,4120,113983920.0,67594642.21,4413171.69,322770.0,FROZEN,true,2025-10-01,true,ASSUMPTION,0
2025-08-01,2025-09-01,SKU012,CH02,UPSIDE,FV_UPSIDE_202509,4280,118410480.0,66294745.25,4413171.69,316314.6,FROZEN,true,2025-10-01,true,ASSUMPTION,-6
2025-08-01,2025-09-01,SKU012,CH02,DOWNSIDE,FV_DOWNSIDE_202509,3840,106237440.0,70844384.63,4501435.12,348591.6,FROZEN,true,2025-10-01,true,ASSUMPTION,14
2025-08-01,2025-09-01,SKU001,CH03,BASE,FV_BASE_202509,6180,177977820.0,115967592.51,4589257.72,503982.5,FROZEN,true,2025-10-01,true,ASSUMPTION,0
2025-08-01,2025-09-01,SKU001,CH03,UPSIDE,FV_UPSIDE_202509,6420,184889580.0,113737446.5,4589257.72,493902.85,FROZEN,true,2025-10-01,true,ASSUMPTION,-6
2025-08-01,2025-09-01,SKU001,CH03,DOWNSIDE,FV_DOWNSIDE_202509,5760,165882240.0,121542957.53,4681042.87,544301.1,FROZEN,true,2025-10-01,true,ASSUMPTION,14
2025-08-01,2025-09-01,SKU002,CH03,BASE,FV_BASE_202509,4120,137789280.0,80803225.74,3552973.72,390180.0,FROZEN,true,2025-10-01,true,ASSUMPTION,0
2025-08-01,2025-09-01,SKU002,CH03,UPSIDE,FV_UPSIDE_202509,4280,143140320.0,79249317.56,3552973.72,382376.4,FROZEN,true,2025-10-01,true,ASSUMPTION,-6
2025-08-01,2025-09-01,SKU002,CH03,DOWNSIDE,FV_DOWNSIDE_202509,3840,128424960.0,84687996.21,3624033.19,421394.4,FROZEN,true,2025-10-01,true,ASSUMPTION,14
2025-08-01,2025-09-01,SKU003,CH03,BASE,FV_BASE_202509,4120,122479360.0,75815372.31,3158198.86,346826.67,FROZEN,true,2025-10-01,true,ASSUMPTION,0
2025-08-01,2025-09-01,SKU003,CH03,UPSIDE,FV_UPSIDE_202509,4280,127235840.0,74357384.38,3158198.86,339890.13,FROZEN,true,2025-10-01,true,ASSUMPTION,-6
2025-08-01,2025-09-01,SKU003,CH03,DOWNSIDE,FV_DOWNSIDE_202509,3840,114155520.0,79460342.13,3221362.84,374572.8,FROZEN,true,2025-10-01,true,ASSUMPTION,14
2025-08-01,2025-09-01,SKU004,CH03,BASE,FV_BASE_202509,5150,133961800.0,96016178.74,3454280.01,379341.67,FROZEN,true,2025-10-01,true,ASSUMPTION,0
2025-08-01,2025-09-01,SKU004,CH03,UPSIDE,FV_UPSIDE_202509,5350,139164200.0,94169713.77,3454280.01,371754.83,FROZEN,true,2025-10-01,true,ASSUMPTION,-6
2025-08-01,2025-09-01,SKU004,CH03,DOWNSIDE,FV_DOWNSIDE_202509,4800,124857600.0,100632341.18,3523365.61,409689.0,FROZEN,true,2025-10-01,true,ASSUMPTION,14
2025-08-01,2025-09-01,SKU005,CH03,BASE,FV_BASE_202509,4120,103341960.0,77436424.68,2664730.29,292635.0,FROZEN,true,2025-10-01,true,ASSUMPTION,0
2025-08-01,2025-09-01,SKU005,CH03,UPSIDE,FV_UPSIDE_202509,4280,107355240.0,75947262.66,2664730.29,286782.3,FROZEN,true,2025-10-01,true,ASSUMPTION,-6
2025-08-01,2025-09-01,SKU005,CH03,DOWNSIDE,FV_DOWNSIDE_202509,3840,96318720.0,81159329.71,2718024.9,316045.8,FROZEN,true,2025-10-01,true,ASSUMPTION,14
2025-08-01,2025-09-01,SKU006,CH03,BASE,FV_BASE_202509,3090,86118300.0,58919018.78,2220608.58,243862.5,FROZEN,true,2025-10-01,true,ASSUMPTION,0
2025-08-01,2025-09-01,SKU006,CH03,UPSIDE,FV_UPSIDE_202509,3210,89462700.0,57785960.72,2220608.58,238985.25,FROZEN,true,2025-10-01,true,ASSUMPTION,-6
2025-08-01,2025-09-01,SKU006,CH03,DOWNSIDE,FV_DOWNSIDE_202509,2880,80265600.0,61751663.91,2265020.75,263371.5,FROZEN,true,2025-10-01,true,ASSUMPTION,14
2025-08-01,2025-09-01,SKU007,CH03,BASE,FV_BASE_202509,6180,132048060.0,118305648.8,3404933.15,373922.5,FROZEN,true,2025-10-01,true,ASSUMPTION,0
2025-08-01,2025-09-01,SKU007,CH03,UPSIDE,FV_UPSIDE_202509,6420,137176140.0,116030540.17,3404933.15,366444.05,FROZEN,true,2025-10-01,true,ASSUMPTION,-6
2025-08-01,2025-09-01,SKU007,CH03,DOWNSIDE,FV_DOWNSIDE_202509,5760,123073920.0,123993420.38,3473031.81,403836.3,FROZEN,true,2025-10-01,true,ASSUMPTION,14
2025-08-01,2025-09-01,SKU008,CH03,BASE,FV_BASE_202509,5150,119608750.0,101315773.02,3084178.58,338697.92,FROZEN,true,2025-10-01,true,ASSUMPTION,0
2025-08-01,2025-09-01,SKU008,CH03,UPSIDE,FV_UPSIDE_202509,5350,124253750.0,99367392.77,3084178.58,331923.96,FROZEN,true,2025-10-01,true,ASSUMPTION,-6
2025-08-01,2025-09-01,SKU008,CH03,DOWNSIDE,FV_DOWNSIDE_202509,4800,111480000.0,106186723.65,3145862.15,365793.75,FROZEN,true,2025-10-01,true,ASSUMPTION,14
2025-08-01,2025-09-01,SKU009,CH03,BASE,FV_BASE_202509,6180,120565620.0,113910102.96,3108852.01,341407.5,FROZEN,true,2025-10-01,true,ASSUMPTION,0
2025-08-01,2025-09-01,SKU009,CH03,UPSIDE,FV_UPSIDE_202509,6420,125247780.0,111719524.05,3108852.01,334579.35,FROZEN,true,2025-10-01,true,ASSUMPTION,-6
2025-08-01,2025-09-01,SKU009,CH03,DOWNSIDE,FV_DOWNSIDE_202509,5760,112371840.0,119386550.21,3171029.05,368720.1,FROZEN,true,2025-10-01,true,ASSUMPTION,14
2025-08-01,2025-09-01,SKU010,CH03,BASE,FV_BASE_202509,4120,91859520.0,74817801.61,2368649.15,260120.0,FROZEN,true,2025-10-01,true,ASSUMPTION,0
2025-08-01,2025-09-01,SKU010,CH03,UPSIDE,FV_UPSIDE_202509,4280,95426880.0,73378997.74,2368649.15,254917.6,FROZEN,true,2025-10-01,true,ASSUMPTION,-6
2025-08-01,2025-09-01,SKU010,CH03,DOWNSIDE,FV_DOWNSIDE_202509,3840,85616640.0,78414811.31,2416022.13,280929.6,FROZEN,true,2025-10-01,true,ASSUMPTION,14
2025-08-01,2025-09-01,SKU011,CH03,BASE,FV_BASE_202509,3090,100471350.0,49099182.31,2590710.01,284506.25,FROZEN,true,2025-10-01,true,ASSUMPTION,0
2025-08-01,2025-09-01,SKU011,CH03,UPSIDE,FV_UPSIDE_202509,3210,104373150.0,48154967.26,2590710.01,278816.13,FROZEN,true,2025-10-01,true,ASSUMPTION,-6
2025-08-01,2025-09-01,SKU011,CH03,DOWNSIDE,FV_DOWNSIDE_202509,2880,93643200.0,51459719.92,2642524.21,307266.75,FROZEN,true,2025-10-01,true,ASSUMPTION,14
2025-08-01,2025-09-01,SKU012,CH03,BASE,FV_BASE_202509,4120,110996920.0,70515778.03,2862117.72,314311.67,FROZEN,true,2025-10-01,true,ASSUMPTION,0
2025-08-01,2025-09-01,SKU012,CH03,UPSIDE,FV_UPSIDE_202509,4280,115307480.0,69159705.37,2862117.72,308025.43,FROZEN,true,2025-10-01,true,ASSUMPTION,-6
2025-08-01,2025-09-01,SKU012,CH03,DOWNSIDE,FV_DOWNSIDE_202509,3840,103453440.0,73905959.66,2919360.07,339456.6,FROZEN,true,2025-10-01,true,ASSUMPTION,14
2025-08-01,2025-09-01,SKU001,CH04,BASE,FV_BASE_202509,3090,90234180.0,51831675.48,2224827.92,255517.5,FROZEN,true,2025-10-01,true,ASSUMPTION,0
2025-08-01,2025-09-01,SKU001,CH04,UPSIDE,FV_UPSIDE_202509,3210,93738420.0,50834912.49,2224827.92,250407.15,FROZEN,true,2025-10-01,true,ASSUMPTION,-6
2025-08-01,2025-09-01,SKU001,CH04,DOWNSIDE,FV_DOWNSIDE_202509,2880,84101760.0,54323582.96,2269324.48,275958.9,FROZEN,true,2025-10-01,true,ASSUMPTION,14
2025-08-01,2025-09-01,SKU002,CH04,BASE,FV_BASE_202509,2060,69858720.0,36114973.88,1722447.42,197820.0,FROZEN,true,2025-10-01,true,ASSUMPTION,0
2025-08-01,2025-09-01,SKU002,CH04,UPSIDE,FV_UPSIDE_202509,2140,72571680.0,35420455.15,1722447.42,193863.6,FROZEN,true,2025-10-01,true,ASSUMPTION,-6
2025-08-01,2025-09-01,SKU002,CH04,DOWNSIDE,FV_DOWNSIDE_202509,1920,65111040.0,37851270.7,1756896.37,213645.6,FROZEN,true,2025-10-01,true,ASSUMPTION,14
2025-08-01,2025-09-01,SKU003,CH04,BASE,FV_BASE_202509,2060,62096640.0,33885654.5,1531064.38,175840.0,FROZEN,true,2025-10-01,true,ASSUMPTION,0
2025-08-01,2025-09-01,SKU003,CH04,UPSIDE,FV_UPSIDE_202509,2140,64508160.0,33234007.3,1531064.38,172323.2,FROZEN,true,2025-10-01,true,ASSUMPTION,-6
2025-08-01,2025-09-01,SKU003,CH04,DOWNSIDE,FV_DOWNSIDE_202509,1920,57876480.0,35514772.51,1561685.67,189907.2,FROZEN,true,2025-10-01,true,ASSUMPTION,14
2025-08-01,2025-09-01,SKU004,CH04,BASE,FV_BASE_202509,2060,54334560.0,34331518.38,1339681.33,153860.0,FROZEN,true,2025-10-01,true,ASSUMPTION,0
2025-08-01,2025-09-01,SKU004,CH04,UPSIDE,FV_UPSIDE_202509,2140,56444640.0,33671296.88,1339681.33,150782.8,FROZEN,true,2025-10-01,true,ASSUMPTION,-6
2025-08-01,2025-09-01,SKU004,CH04,DOWNSIDE,FV_DOWNSIDE_202509,1920,50641920.0,35982072.15,1366474.96,166168.8,FROZEN,true,2025-10-01,true,ASSUMPTION,14
2025-08-01,2025-09-01,SKU005,CH04,BASE,FV_BASE_202509,2060,52394040.0,34610183.31,1291835.57,148365.0,FROZEN,true,2025-10-01,true,ASSUMPTION,0
2025-08-01,2025-09-01,SKU005,CH04,UPSIDE,FV_UPSIDE_202509,2140,54428760.0,33944602.86,1291835.57,145397.7,FROZEN,true,2025-10-01,true,ASSUMPTION,-6
2025-08-01,2025-09-01,SKU005,CH04,DOWNSIDE,FV_DOWNSIDE_202509,1920,48833280.0,36274134.43,1317672.28,160234.2,FROZEN,true,2025-10-01,true,ASSUMPTION,14
2025-08-01,2025-09-01,SKU006,CH04,BASE,FV_BASE_202509,2060,58215600.0,35111780.16,1435372.85,164850.0,FROZEN,true,2025-10-01,true,ASSUMPTION,0
2025-08-01,2025-09-01,SKU006,CH04,UPSIDE,FV_UPSIDE_202509,2140,60476400.0,34436553.62,1435372.85,161553.0,FROZEN,true,2025-10-01,true,ASSUMPTION,-6
2025-08-01,2025-09-01,SKU006,CH04,DOWNSIDE,FV_DOWNSIDE_202509,1920,54259200.0,36799846.52,1464080.31,178038.0,FROZEN,true,2025-10-01,true,ASSUMPTION,14
2025-08-01,2025-09-01,SKU007,CH04,BASE,FV_BASE_202509,3090,66947940.0,52876668.94,1650678.78,189577.5,FROZEN,true,2025-10-01,true,ASSUMPTION,0
2025-08-01,2025-09-01,SKU007,CH04,UPSIDE,FV_UPSIDE_202509,3210,69547860.0,51859809.92,1650678.78,185785.95,FROZEN,true,2025-10-01,true,ASSUMPTION,-6
2025-08-01,2025-09-01,SKU007,CH04,DOWNSIDE,FV_DOWNSIDE_202509,2880,62398080.0,55418816.48,1683692.36,204743.7,FROZEN,true,2025-10-01,true,ASSUMPTION,14
2025-08-01,2025-09-01,SKU008,CH04,BASE,FV_BASE_202509,2060,48513000.0,36226439.85,1196144.04,137375.0,FROZEN,true,2025-10-01,true,ASSUMPTION,0
2025-08-01,2025-09-01,SKU008,CH04,UPSIDE,FV_UPSIDE_202509,2140,50397000.0,35529777.54,1196144.04,134627.5,FROZEN,true,2025-10-01,true,ASSUMPTION,-6
2025-08-01,2025-09-01,SKU008,CH04,DOWNSIDE,FV_DOWNSIDE_202509,1920,45216000.0,37968095.61,1220066.92,148365.0,FROZEN,true,2025-10-01,true,ASSUMPTION,14
2025-08-01,2025-09-01,SKU009,CH04,BASE,FV_BASE_202509,3090,61126380.0,50912081.24,1507141.5,173092.5,FROZEN,true,2025-10-01,true,ASSUMPTION,0
2025-08-01,2025-09-01,SKU009,CH04,UPSIDE,FV_UPSIDE_202509,3210,63500220.0,49933002.76,1507141.5,169630.65,FROZEN,true,2025-10-01,true,ASSUMPTION,-6
2025-08-01,2025-09-01,SKU009,CH04,DOWNSIDE,FV_DOWNSIDE_202509,2880,56972160.0,53359777.45,1537284.33,186939.9,FROZEN,true,2025-10-01,true,ASSUMPTION,14
2025-08-01,2025-09-01,SKU010,CH04,BASE,FV_BASE_202509,2060,46572480.0,33439790.63,1148298.28,131880.0,FROZEN,true,2025-10-01,true,ASSUMPTION,0
2025-08-01,2025-09-01,SKU010,CH04,UPSIDE,FV_UPSIDE_202509,2140,48381120.0,32796717.74,1148298.28,129242.4,FROZEN,true,2025-10-01,true,ASSUMPTION,-6
2025-08-01,2025-09-01,SKU010,CH04,DOWNSIDE,FV_DOWNSIDE_202509,1920,43407360.0,35047472.88,1171264.25,142430.4,FROZEN,true,2025-10-01,true,ASSUMPTION,14
2025-08-01,2025-09-01,SKU011,CH04,BASE,FV_BASE_202509,1030,33959100.0,14629908.4,837300.83,96162.5,FROZEN,true,2025-10-01,true,ASSUMPTION,0
2025-08-01,2025-09-01,SKU011,CH04,UPSIDE,FV_UPSIDE_202509,1070,35277900.0,14348564.01,837300.83,94239.25,FROZEN,true,2025-10-01,true,ASSUMPTION,-6
2025-08-01,2025-09-01,SKU011,CH04,DOWNSIDE,FV_DOWNSIDE_202509,960,31651200.0,15333269.39,854046.85,103855.5,FROZEN,true,2025-10-01,true,ASSUMPTION,14
2025-08-01,2025-09-01,SKU012,CH04,BASE,FV_BASE_202509,2060,56275080.0,31517002.66,1387527.09,159355.0,FROZEN,true,2025-10-01,true,ASSUMPTION,0
2025-08-01,2025-09-01,SKU012,CH04,UPSIDE,FV_UPSIDE_202509,2140,58460520.0,30910906.46,1387527.09,156167.9,FROZEN,true,2025-10-01,true,ASSUMPTION,-6
2025-08-01,2025-09-01,SKU012,CH04,DOWNSIDE,FV_DOWNSIDE_202509,1920,52450560.0,33032243.17,1415277.63,172103.4,FROZEN,true,2025-10-01,true,ASSUMPTION,14
2025-08-01,2025-09-01,SKU001,CH05,BASE,FV_BASE_202509,3090,91383660.0,57633878.92,2487214.08,258772.5,FROZEN,true,2025-10-01,true,ASSUMPTION,0
2025-08-01,2025-09-01,SKU001,CH05,UPSIDE,FV_UPSIDE_202509,3210,94932540.0,56525535.1,2487214.08,253597.05,FROZEN,true,2025-10-01,true,ASSUMPTION,-6
2025-08-01,2025-09-01,SKU001,CH05,DOWNSIDE,FV_DOWNSIDE_202509,2880,85173120.0,60404738.48,2536958.36,279474.3,FROZEN,true,2025-10-01,true,ASSUMPTION,14
2025-08-01,2025-09-01,SKU002,CH05,BASE,FV_BASE_202509,2060,70748640.0,40157799.5,1925585.09,200340.0,FROZEN,true,2025-10-01,true,ASSUMPTION,0
2025-08-01,2025-09-01,SKU002,CH05,UPSIDE,FV_UPSIDE_202509,2140,73496160.0,39385534.12,1925585.09,196333.2,FROZEN,true,2025-10-01,true,ASSUMPTION,-6
2025-08-01,2025-09-01,SKU002,CH05,DOWNSIDE,FV_DOWNSIDE_202509,1920,65940480.0,42088462.94,1964096.79,216367.2,FROZEN,true,2025-10-01,true,ASSUMPTION,14
2025-08-01,2025-09-01,SKU003,CH05,BASE,FV_BASE_202509,2060,62887680.0,37678923.0,1711631.19,178080.0,FROZEN,true,2025-10-01,true,ASSUMPTION,0
2025-08-01,2025-09-01,SKU003,CH05,UPSIDE,FV_UPSIDE_202509,2140,65329920.0,36954328.32,1711631.19,174518.4,FROZEN,true,2025-10-01,true,ASSUMPTION,-6
2025-08-01,2025-09-01,SKU003,CH05,DOWNSIDE,FV_DOWNSIDE_202509,1920,58613760.0,39490409.68,1745863.81,192326.4,FROZEN,true,2025-10-01,true,ASSUMPTION,14
2025-08-01,2025-09-01,SKU004,CH05,BASE,FV_BASE_202509,3090,82540080.0,57262047.44,2246515.94,233730.0,FROZEN,true,2025-10-01,true,ASSUMPTION,0
2025-08-01,2025-09-01,SKU004,CH05,UPSIDE,FV_UPSIDE_202509,3210,85745520.0,56160854.22,2246515.94,229055.4,FROZEN,true,2025-10-01,true,ASSUMPTION,-6
2025-08-01,2025-09-01,SKU004,CH05,DOWNSIDE,FV_DOWNSIDE_202509,2880,76930560.0,60015030.49,2291446.26,252428.4,FROZEN,true,2025-10-01,true,ASSUMPTION,14
2025-08-01,2025-09-01,SKU005,CH05,BASE,FV_BASE_202509,2060,53061480.0,38484557.86,1444188.82,150255.0,FROZEN,true,2025-10-01,true,ASSUMPTION,0
2025-08-01,2025-09-01,SKU005,CH05,UPSIDE,FV_UPSIDE_202509,2140,55122120.0,37744470.21,1444188.82,147249.9,FROZEN,true,2025-10-01,true,ASSUMPTION,-6
2025-08-01,2025-09-01,SKU005,CH05,DOWNSIDE,FV_DOWNSIDE_202509,1920,49455360.0,40334776.99,1473072.6,162275.4,FROZEN,true,2025-10-01,true,ASSUMPTION,14
2025-08-01,2025-09-01,SKU006,CH05,BASE,FV_BASE_202509,2060,58957200.0,39042305.08,1604654.25,166950.0,FROZEN,true,2025-10-01,true,ASSUMPTION,0
2025-08-01,2025-09-01,SKU006,CH05,UPSIDE,FV_UPSIDE_202509,2140,61246800.0,38291491.52,1604654.25,163611.0,FROZEN,true,2025-10-01,true,ASSUMPTION,-6
2025-08-01,2025-09-01,SKU006,CH05,DOWNSIDE,FV_DOWNSIDE_202509,1920,54950400.0,40919338.98,1636747.34,180306.0,FROZEN,true,2025-10-01,true,ASSUMPTION,14
2025-08-01,2025-09-01,SKU007,CH05,BASE,FV_BASE_202509,3090,67800780.0,58795852.28,1845352.38,191992.5,FROZEN,true,2025-10-01,true,ASSUMPTION,0
2025-08-01,2025-09-01,SKU007,CH05,UPSIDE,FV_UPSIDE_202509,3210,70433820.0,57665162.82,1845352.38,188152.65,FROZEN,true,2025-10-01,true,ASSUMPTION,-6
2025-08-01,2025-09-01,SKU007,CH05,DOWNSIDE,FV_DOWNSIDE_202509,2880,63192960.0,61622575.95,1882259.43,207351.9,FROZEN,true,2025-10-01,true,ASSUMPTION,14
2025-08-01,2025-09-01,SKU008,CH05,BASE,FV_BASE_202509,3090,73696500.0,60422614.99,2005817.81,208687.5,FROZEN,true,2025-10-01,true,ASSUMPTION,0
2025-08-01,2025-09-01,SKU008,CH05,UPSIDE,FV_UPSIDE_202509,3210,76558500.0,59260641.63,2005817.81,204513.75,FROZEN,true,2025-10-01,true,ASSUMPTION,-6
2025-08-01,2025-09-01,SKU008,CH05,DOWNSIDE,FV_DOWNSIDE_202509,2880,68688000.0,63327548.4,2045934.17,225382.5,FROZEN,true,2025-10-01,true,ASSUMPTION,14
2025-08-01,2025-09-01,SKU009,CH05,BASE,FV_BASE_202509,3090,61905060.0,56611342.36,1684886.96,175297.5,FROZEN,true,2025-10-01,true,ASSUMPTION,0
2025-08-01,2025-09-01,SKU009,CH05,UPSIDE,FV_UPSIDE_202509,3210,64309140.0,55522662.7,1684886.96,171791.55,FROZEN,true,2025-10-01,true,ASSUMPTION,-6
2025-08-01,2025-09-01,SKU009,CH05,DOWNSIDE,FV_DOWNSIDE_202509,2880,57697920.0,59333041.51,1718584.7,189321.3,FROZEN,true,2025-10-01,true,ASSUMPTION,14
2025-08-01,2025-09-01,SKU010,CH05,BASE,FV_BASE_202509,2060,47165760.0,37183147.68,1283723.4,133560.0,FROZEN,true,2025-10-01,true,ASSUMPTION,0
2025-08-01,2025-09-01,SKU010,CH05,UPSIDE,FV_UPSIDE_202509,2140,48997440.0,36468087.15,1283723.4,130888.8,FROZEN,true,2025-10-01,true,ASSUMPTION,-6
2025-08-01,2025-09-01,SKU010,CH05,DOWNSIDE,FV_DOWNSIDE_202509,1920,43960320.0,38970799.02,1309397.87,144244.8,FROZEN,true,2025-10-01,true,ASSUMPTION,14
2025-08-01,2025-09-01,SKU011,CH05,BASE,FV_BASE_202509,1030,34391700.0,16267627.12,936048.31,97387.5,FROZEN,true,2025-10-01,true,ASSUMPTION,0
2025-08-01,2025-09-01,SKU011,CH05,UPSIDE,FV_UPSIDE_202509,1070,35727300.0,15954788.13,936048.31,95439.75,FROZEN,true,2025-10-01,true,ASSUMPTION,-6
2025-08-01,2025-09-01,SKU011,CH05,DOWNSIDE,FV_DOWNSIDE_202509,960,32054400.0,17049724.57,954769.28,105178.5,FROZEN,true,2025-10-01,true,ASSUMPTION,14
2025-08-01,2025-09-01,SKU012,CH05,BASE,FV_BASE_202509,2060,56991960.0,35045116.69,1551165.77,161385.0,FROZEN,true,2025-10-01,true,ASSUMPTION,0
2025-08-01,2025-09-01,SKU012,CH05,UPSIDE,FV_UPSIDE_202509,2140,59205240.0,34371172.14,1551165.77,158157.3,FROZEN,true,2025-10-01,true,ASSUMPTION,-6
2025-08-01,2025-09-01,SKU012,CH05,DOWNSIDE,FV_DOWNSIDE_202509,1920,53118720.0,36729978.07,1582189.09,174295.8,FROZEN,true,2025-10-01,true,ASSUMPTION,14
2025-09-01,2025-10-01,SKU001,CH01,BASE,FV_BASE_202510,10300,304612200.0,179651229.94,7701589.92,862575.0,FROZEN,true,2025-11-01,true,ASSUMPTION,0
2025-09-01,2025-10-01,SKU001,CH01,UPSIDE,FV_UPSIDE_202510,10700,316441800.0,176196398.59,7701589.92,845323.5,FROZEN,true,2025-11-01,true,ASSUMPTION,-6
2025-09-01,2025-10-01,SKU001,CH01,DOWNSIDE,FV_DOWNSIDE_202510,9600,283910400.0,188288308.3,7855621.72,931581.0,FROZEN,true,2025-11-01,true,ASSUMPTION,14
2025-09-01,2025-10-01,SKU002,CH01,BASE,FV_BASE_202510,7210,247620240.0,131435157.91,6260647.29,701190.0,FROZEN,true,2025-11-01,true,ASSUMPTION,0
2025-09-01,2025-10-01,SKU002,CH01,UPSIDE,FV_UPSIDE_202510,7490,257236560.0,128907558.72,6260647.29,687166.2,FROZEN,true,2025-11-01,true,ASSUMPTION,-6
2025-09-01,2025-10-01,SKU002,CH01,DOWNSIDE,FV_DOWNSIDE_202510,6720,230791680.0,137754155.89,6385860.24,757285.2,FROZEN,true,2025-11-01,true,ASSUMPTION,14
2025-09-01,2025-10-01,SKU003,CH01,BASE,FV_BASE_202510,6180,188663040.0,105704465.62,4770016.98,534240.0,FROZEN,true,2025-11-01,true,ASSUMPTION,0
2025-09-01,2025-10-01,SKU003,CH01,UPSIDE,FV_UPSIDE_202510,6420,195989760.0,103671687.44,4770016.98,523555.2,FROZEN,true,2025-11-01,true,ASSUMPTION,-6
2025-09-01,2025-10-01,SKU003,CH01,DOWNSIDE,FV_DOWNSIDE_202510,5760,175841280.0,110786411.08,4865417.32,576979.2,FROZEN,true,2025-11-01,true,ASSUMPTION,14
2025-09-01,2025-10-01,SKU004,CH01,BASE,FV_BASE_202510,9270,247620240.0,160642970.78,6260647.29,701190.0,FROZEN,true,2025-11-01,true,ASSUMPTION,0
2025-09-01,2025-10-01,SKU004,CH01,UPSIDE,FV_UPSIDE_202510,9630,257236560.0,157553682.88,6260647.29,687166.2,FROZEN,true,2025-11-01,true,ASSUMPTION,-6
2025-09-01,2025-10-01,SKU004,CH01,DOWNSIDE,FV_DOWNSIDE_202510,8640,230791680.0,168366190.53,6385860.24,757285.2,FROZEN,true,2025-11-01,true,ASSUMPTION,14
2025-09-01,2025-10-01,SKU005,CH01,BASE,FV_BASE_202510,7210,185715180.0,125958693.0,4695485.47,525892.5,FROZEN,true,2025-11-01,true,ASSUMPTION,0
2025-09-01,2025-10-01,SKU005,CH01,UPSIDE,FV_UPSIDE_202510,7490,192927420.0,123536410.44,4695485.47,515374.65,FROZEN,true,2025-11-01,true,ASSUMPTION,-6
2025-09-01,2025-10-01,SKU005,CH01,DOWNSIDE,FV_DOWNSIDE_202510,6720,173093760.0,132014399.39,4789395.18,567963.9,FROZEN,true,2025-11-01,true,ASSUMPTION,14
2025-09-01,2025-10-01,SKU006,CH01,BASE,FV_BASE_202510,6180,176871600.0,109529298.26,4471890.92,500850.0,FROZEN,true,2025-11-01,true,ASSUMPTION,0
2025-09-01,2025-10-01,SKU006,CH01,UPSIDE,FV_UPSIDE_202510,6420,183740400.0,107422965.6,4471890.92,490833.0,FROZEN,true,2025-11-01,true,ASSUMPTION,-6
2025-09-01,2025-10-01,SKU006,CH01,DOWNSIDE,FV_DOWNSIDE_202510,5760,164851200.0,114795129.9,4561328.74,540918.0,FROZEN,true,2025-11-01,true,ASSUMPTION,14
2025-09-01,2025-10-01,SKU007,CH01,BASE,FV_BASE_202510,10300,226002600.0,183273230.55,5714082.84,639975.0,FROZEN,true,2025-11-01,true,ASSUMPTION,0
2025-09-01,2025-10-01,SKU007,CH01,UPSIDE,FV_UPSIDE_202510,10700,234779400.0,179748745.34,5714082.84,627175.5,FROZEN,true,2025-11-01,true,ASSUMPTION,-6
2025-09-01,2025-10-01,SKU007,CH01,DOWNSIDE,FV_DOWNSIDE_202510,9600,210643200.0,192084443.55,5828364.5,691173.0,FROZEN,true,2025-11-01,true,ASSUMPTION,14
2025-09-01,2025-10-01,SKU008,CH01,BASE,FV_BASE_202510,8240,196524000.0,150675225.12,4968767.69,556500.0,FROZEN,true,2025-11-01,true,ASSUMPTION,0
2025-09-01,2025-10-01,SKU008,CH01,UPSIDE,FV_UPSIDE_202510,8560,204156000.0,147777624.63,4968767.69,545370.0,FROZEN,true,2025-11-01,true,ASSUMPTION,-6
2025-09-01,2025-10-01,SKU008,CH01,DOWNSIDE,FV_DOWNSIDE_202510,7680,183168000.0,157919226.32,5068143.04,601020.0,FROZEN,true,2025-11-01,true,ASSUMPTION,14
2025-09-01,2025-10-01,SKU009,CH01,BASE,FV_BASE_202510,9270,185715180.0,158817482.47,4695485.47,525892.5,FROZEN,true,2025-11-01,true,ASSUMPTION,0
2025-09-01,2025-10-01,SKU009,CH01,UPSIDE,FV_UPSIDE_202510,9630,192927420.0,155763300.12,4695485.47,515374.65,FROZEN,true,2025-11-01,true,ASSUMPTION,-6
2025-09-01,2025-10-01,SKU009,CH01,DOWNSIDE,FV_DOWNSIDE_202510,8640,173093760.0,166452938.36,4789395.18,567963.9,FROZEN,true,2025-11-01,true,ASSUMPTION,14
2025-09-01,2025-10-01,SKU010,CH01,BASE,FV_BASE_202510,7210,165080160.0,121699220.28,4173764.86,467460.0,FROZEN,true,2025-11-01,true,ASSUMPTION,0
2025-09-01,2025-10-01,SKU010,CH01,UPSIDE,FV_UPSIDE_202510,7490,171491040.0,119358850.66,4173764.86,458110.8,FROZEN,true,2025-11-01,true,ASSUMPTION,-6
2025-09-01,2025-10-01,SKU010,CH01,DOWNSIDE,FV_DOWNSIDE_202510,6720,153861120.0,127550144.33,4257240.16,504856.8,FROZEN,true,2025-11-01,true,ASSUMPTION,14
2025-09-01,2025-10-01,SKU011,CH01,BASE,FV_BASE_202510,4120,137566800.0,60849610.14,3478137.38,389550.0,FROZEN,true,2025-11-01,true,ASSUMPTION,0
2025-09-01,2025-10-01,SKU011,CH01,UPSIDE,FV_UPSIDE_202510,4280,142909200.0,59679425.33,3478137.38,381759.0,FROZEN,true,2025-11-01,true,ASSUMPTION,-6
2025-09-01,2025-10-01,SKU011,CH01,DOWNSIDE,FV_DOWNSIDE_202510,3840,128217600.0,63775072.17,3547700.13,420714.0,FROZEN,true,2025-11-01,true,ASSUMPTION,14
2025-09-01,2025-10-01,SKU012,CH01,BASE,FV_BASE_202510,6180,170975880.0,98315584.39,4322827.89,484155.0,FROZEN,true,2025-11-01,true,ASSUMPTION,0
2025-09-01,2025-10-01,SKU012,CH01,UPSIDE,FV_UPSIDE_202510,6420,177615720.0,96424900.08,4322827.89,474471.9,FROZEN,true,2025-11-01,true,ASSUMPTION,-6
2025-09-01,2025-10-01,SKU012,CH01,DOWNSIDE,FV_DOWNSIDE_202510,5760,159356160.0,103042295.18,4409284.45,522887.4,FROZEN,true,2025-11-01,true,ASSUMPTION,14
2025-09-01,2025-10-01,SKU001,CH02,BASE,FV_BASE_202510,7210,213228540.0,127893096.29,8109094.51,603802.5,FROZEN,true,2025-11-01,true,ASSUMPTION,0
2025-09-01,2025-10-01,SKU001,CH02,UPSIDE,FV_UPSIDE_202510,7490,221509260.0,125433613.67,8109094.51,591726.45,FROZEN,true,2025-11-01,true,ASSUMPTION,-6
2025-09-01,2025-10-01,SKU001,CH02,DOWNSIDE,FV_DOWNSIDE_202510,6720,198737280.0,134041802.84,8271276.4,652106.7,FROZEN,true,2025-11-01,true,ASSUMPTION,14
2025-09-01,2025-10-01,SKU002,CH02,BASE,FV_BASE_202510,5150,176871600.0,95477795.39,6726437.84,500850.0,FROZEN,true,2025-11-01,true,ASSUMPTION,0
2025-09-01,2025-10-01,SKU002,CH02,UPSIDE,FV_UPSIDE_202510,5350,183740400.0,93641683.94,6726437.84,490833.0,FROZEN,true,2025-11-01,true,ASSUMPTION,-6
2025-09-01,2025-10-01,SKU002,CH02,DOWNSIDE,FV_DOWNSIDE_202510,4800,164851200.0,100068074.01,6860966.6,540918.0,FROZEN,true,2025-11-01,true,ASSUMPTION,14
2025-09-01,2025-10-01,SKU003,CH02,BASE,FV_BASE_202510,5150,157219200.0,89584104.31,5979055.86,445200.0,FROZEN,true,2025-11-01,true,ASSUMPTION,0
2025-09-01,2025-10-01,SKU003,CH02,UPSIDE,FV_UPSIDE_202510,5350,163324800.0,87861333.08,5979055.86,436296.0,FROZEN,true,2025-11-01,true,ASSUMPTION,-6
2025-09-01,2025-10-01,SKU003,CH02,DOWNSIDE,FV_DOWNSIDE_202510,4800,146534400.0,93891032.41,6098636.98,480816.0,FROZEN,true,2025-11-01,true,ASSUMPTION,14
2025-09-01,2025-10-01,SKU004,CH02,BASE,FV_BASE_202510,7210,192593520.0,127067979.54,7324343.43,545370.0,FROZEN,true,2025-11-01,true,ASSUMPTION,0
2025-09-01,2025-10-01,SKU004,CH02,UPSIDE,FV_UPSIDE_202510,7490,200072880.0,124624364.55,7324343.43,534462.6,FROZEN,true,2025-11-01,true,ASSUMPTION,-6
2025-09-01,2025-10-01,SKU004,CH02,DOWNSIDE,FV_DOWNSIDE_202510,6720,179504640.0,133177017.02,7470830.3,588999.6,FROZEN,true,2025-11-01,true,ASSUMPTION,14
2025-09-01,2025-10-01,SKU005,CH02,BASE,FV_BASE_202510,6180,159184440.0,109799464.69,6053794.06,450765.0,FROZEN,true,2025-11-01,true,ASSUMPTION,0
2025-09-01,2025-10-01,SKU005,CH02,UPSIDE,FV_UPSIDE_202510,6420,165366360.0,107687936.53,6053794.06,441749.7,FROZEN,true,2025-11-01,true,ASSUMPTION,-6
2025-09-01,2025-10-01,SKU005,CH02,DOWNSIDE,FV_DOWNSIDE_202510,5760,148366080.0,115078285.11,6174869.94,486826.2,FROZEN,true,2025-11-01,true,ASSUMPTION,14
2025-09-01,2025-10-01,SKU006,CH02,BASE,FV_BASE_202510,4120,117914400.0,74260507.53,4484291.9,333900.0,FROZEN,true,2025-11-01,true,ASSUMPTION,0
2025-09-01,2025-10-01,SKU006,CH02,UPSIDE,FV_UPSIDE_202510,4280,122493600.0,72832420.84,4484291.9,327222.0,FROZEN,true,2025-11-01,true,ASSUMPTION,-6
2025-09-01,2025-10-01,SKU006,CH02,DOWNSIDE,FV_DOWNSIDE_202510,3840,109900800.0,77830724.23,4573977.74,360612.0,FROZEN,true,2025-11-01,true,ASSUMPTION,14
2025-09-01,2025-10-01,SKU007,CH02,BASE,FV_BASE_202510,7210,158201820.0,130471586.13,6016424.96,447982.5,FROZEN,true,2025-11-01,true,ASSUMPTION,0
2025-09-01,2025-10-01,SKU007,CH02,UPSIDE,FV_UPSIDE_202510,7490,164345580.0,127962517.16,6016424.96,439022.85,FROZEN,true,2025-11-01,true,ASSUMPTION,-6
2025-09-01,2025-10-01,SKU007,CH02,DOWNSIDE,FV_DOWNSIDE_202510,6720,147450240.0,136744258.54,6136753.46,483821.1,FROZEN,true,2025-11-01,true,ASSUMPTION,14
2025-09-01,2025-10-01,SKU008,CH02,BASE,FV_BASE_202510,6180,147393000.0,114926975.92,5605364.87,417375.0,FROZEN,true,2025-11-01,true,ASSUMPTION,0
2025-09-01,2025-10-01,SKU008,CH02,UPSIDE,FV_UPSIDE_202510,6420,153117000.0,112716841.77,5605364.87,409027.5,FROZEN,true,2025-11-01,true,ASSUMPTION,-6
2025-09-01,2025-10-01,SKU008,CH02,DOWNSIDE,FV_DOWNSIDE_202510,5760,137376000.0,120452311.31,5717472.17,450765.0,FROZEN,true,2025-11-01,true,ASSUMPTION,14
2025-09-01,2025-10-01,SKU009,CH02,BASE,FV_BASE_202510,7210,144445140.0,125624025.23,5493257.57,409027.5,FROZEN,true,2025-11-01,true,ASSUMPTION,0
2025-09-01,2025-10-01,SKU009,CH02,UPSIDE,FV_UPSIDE_202510,7490,150054660.0,123208178.59,5493257.57,400846.95,FROZEN,true,2025-11-01,true,ASSUMPTION,-6
2025-09-01,2025-10-01,SKU009,CH02,DOWNSIDE,FV_DOWNSIDE_202510,6720,134628480.0,131663641.83,5603122.72,441749.7,FROZEN,true,2025-11-01,true,ASSUMPTION,14
2025-09-01,2025-10-01,SKU010,CH02,BASE,FV_BASE_202510,5150,117914400.0,88405366.1,4484291.9,333900.0,FROZEN,true,2025-11-01,true,ASSUMPTION,0
2025-09-01,2025-10-01,SKU010,CH02,UPSIDE,FV_UPSIDE_202510,5350,122493600.0,86705262.9,4484291.9,327222.0,FROZEN,true,2025-11-01,true,ASSUMPTION,-6
2025-09-01,2025-10-01,SKU010,CH02,DOWNSIDE,FV_DOWNSIDE_202510,4800,109900800.0,92655624.08,4573977.74,360612.0,FROZEN,true,2025-11-01,true,ASSUMPTION,14
2025-09-01,2025-10-01,SKU011,CH02,BASE,FV_BASE_202510,3090,103175100.0,46412817.2,3923755.41,292162.5,FROZEN,true,2025-11-01,true,ASSUMPTION,0
2025-09-01,2025-10-01,SKU011,CH02,UPSIDE,FV_UPSIDE_202510,3210,107181900.0,45520263.03,3923755.41,286319.25,FROZEN,true,2025-11-01,true,ASSUMPTION,-6
2025-09-01,2025-10-01,SKU011,CH02,DOWNSIDE,FV_DOWNSIDE_202510,2880,96163200.0,48644202.65,4002230.52,315535.5,FROZEN,true,2025-11-01,true,ASSUMPTION,14
2025-09-01,2025-10-01,SKU012,CH02,BASE,FV_BASE_202510,5150,142479900.0,83322057.53,5418519.37,403462.5,FROZEN,true,2025-11-01,true,ASSUMPTION,0
2025-09-01,2025-10-01,SKU012,CH02,UPSIDE,FV_UPSIDE_202510,5350,148013100.0,81719710.27,5418519.37,395393.25,FROZEN,true,2025-11-01,true,ASSUMPTION,-6
2025-09-01,2025-10-01,SKU012,CH02,DOWNSIDE,FV_DOWNSIDE_202510,4800,132796800.0,87327925.68,5526889.76,435739.5,FROZEN,true,2025-11-01,true,ASSUMPTION,14
2025-09-01,2025-10-01,SKU001,CH03,BASE,FV_BASE_202510,6180,177977820.0,113623619.35,4504402.04,503982.5,FROZEN,true,2025-11-01,true,ASSUMPTION,0
2025-09-01,2025-10-01,SKU001,CH03,UPSIDE,FV_UPSIDE_202510,6420,184889580.0,111438549.74,4504402.04,493902.85,FROZEN,true,2025-11-01,true,ASSUMPTION,-6
2025-09-01,2025-10-01,SKU001,CH03,DOWNSIDE,FV_DOWNSIDE_202510,5760,165882240.0,119086293.35,4594490.08,544301.1,FROZEN,true,2025-11-01,true,ASSUMPTION,14
2025-09-01,2025-10-01,SKU002,CH03,BASE,FV_BASE_202510,4120,137789280.0,79170005.74,3487279.0,390180.0,FROZEN,true,2025-11-01,true,ASSUMPTION,0
2025-09-01,2025-10-01,SKU002,CH03,UPSIDE,FV_UPSIDE_202510,4280,143140320.0,77647505.63,3487279.0,382376.4,FROZEN,true,2025-11-01,true,ASSUMPTION,-6
2025-09-01,2025-10-01,SKU002,CH03,DOWNSIDE,FV_DOWNSIDE_202510,3840,128424960.0,82976256.02,3557024.58,421394.4,FROZEN,true,2025-11-01,true,ASSUMPTION,14
2025-09-01,2025-10-01,SKU003,CH03,BASE,FV_BASE_202510,4120,122479360.0,74282968.34,3099803.56,346826.67,FROZEN,true,2025-11-01,true,ASSUMPTION,0
2025-09-01,2025-10-01,SKU003,CH03,UPSIDE,FV_UPSIDE_202510,4280,127235840.0,72854449.72,3099803.56,339890.13,FROZEN,true,2025-11-01,true,ASSUMPTION,-6
2025-09-01,2025-10-01,SKU003,CH03,DOWNSIDE,FV_DOWNSIDE_202510,3840,114155520.0,77854264.9,3161799.63,374572.8,FROZEN,true,2025-11-01,true,ASSUMPTION,14
2025-09-01,2025-10-01,SKU004,CH03,BASE,FV_BASE_202510,6180,160754160.0,112890563.74,4068492.17,455210.0,FROZEN,true,2025-11-01,true,ASSUMPTION,0
2025-09-01,2025-10-01,SKU004,CH03,UPSIDE,FV_UPSIDE_202510,6420,166997040.0,110719591.36,4068492.17,446105.8,FROZEN,true,2025-11-01,true,ASSUMPTION,-6
2025-09-01,2025-10-01,SKU004,CH03,DOWNSIDE,FV_DOWNSIDE_202510,5760,149829120.0,118317994.69,4149862.01,491626.8,FROZEN,true,2025-11-01,true,ASSUMPTION,14
2025-09-01,2025-10-01,SKU005,CH03,BASE,FV_BASE_202510,5150,129177450.0,94839069.37,3269324.06,365793.75,FROZEN,true,2025-11-01,true,ASSUMPTION,0
2025-09-01,2025-10-01,SKU005,CH03,UPSIDE,FV_UPSIDE_202510,5350,134194050.0,93015241.12,3269324.06,358477.88,FROZEN,true,2025-11-01,true,ASSUMPTION,-6
2025-09-01,2025-10-01,SKU005,CH03,DOWNSIDE,FV_DOWNSIDE_202510,4800,120398400.0,99398640.02,3334710.54,395057.25,FROZEN,true,2025-11-01,true,ASSUMPTION,14
2025-09-01,2025-10-01,SKU006,CH03,BASE,FV_BASE_202510,4120,114824400.0,76970838.91,2906065.83,325150.0,FROZEN,true,2025-11-01,true,ASSUMPTION,0
2025-09-01,2025-10-01,SKU006,CH03,UPSIDE,FV_UPSIDE_202510,4280,119283600.0,75490630.47,2906065.83,318647.0,FROZEN,true,2025-11-01,true,ASSUMPTION,-6
2025-09-01,2025-10-01,SKU006,CH03,DOWNSIDE,FV_DOWNSIDE_202510,3840,107020800.0,80671360.01,2964187.15,351162.0,FROZEN,true,2025-11-01,true,ASSUMPTION,14
2025-09-01,2025-10-01,SKU007,CH03,BASE,FV_BASE_202510,6180,132048060.0,115914418.12,3341975.71,373922.5,FROZEN,true,2025-11-01,true,ASSUMPTION,0
2025-09-01,2025-10-01,SKU007,CH03,UPSIDE,FV_UPSIDE_202510,6420,137176140.0,113685294.7,3341975.71,366444.05,FROZEN,true,2025-11-01,true,ASSUMPTION,-6
2025-09-01,2025-10-01,SKU007,CH03,DOWNSIDE,FV_DOWNSIDE_202510,5760,123073920.0,121487226.68,3408815.22,403836.3,FROZEN,true,2025-11-01,true,ASSUMPTION,14
2025-09-01,2025-10-01,SKU008,CH03,BASE,FV_BASE_202510,5150,119608750.0,99267947.01,3027151.91,338697.92,FROZEN,true,2025-11-01,true,ASSUMPTION,0
2025-09-01,2025-10-01,SKU008,CH03,UPSIDE,FV_UPSIDE_202510,5350,124253750.0,97358948.03,3027151.91,331923.96,FROZEN,true,2025-11-01,true,ASSUMPTION,-6
2025-09-01,2025-10-01,SKU008,CH03,DOWNSIDE,FV_DOWNSIDE_202510,4800,111480000.0,104040444.46,3087694.95,365793.75,FROZEN,true,2025-11-01,true,ASSUMPTION,14
2025-09-01,2025-10-01,SKU009,CH03,BASE,FV_BASE_202510,6180,120565620.0,111607716.43,3051369.13,341407.5,FROZEN,true,2025-11-01,true,ASSUMPTION,0
2025-09-01,2025-10-01,SKU009,CH03,UPSIDE,FV_UPSIDE_202510,6420,125247780.0,109461414.19,3051369.13,334579.35,FROZEN,true,2025-11-01,true,ASSUMPTION,-6
2025-09-01,2025-10-01,SKU009,CH03,DOWNSIDE,FV_DOWNSIDE_202510,5760,112371840.0,116973472.03,3112396.51,368720.1,FROZEN,true,2025-11-01,true,ASSUMPTION,14
2025-09-01,2025-10-01,SKU010,CH03,BASE,FV_BASE_202510,5150,114824400.0,91631951.09,2906065.83,325150.0,FROZEN,true,2025-11-01,true,ASSUMPTION,0
2025-09-01,2025-10-01,SKU010,CH03,UPSIDE,FV_UPSIDE_202510,5350,119283600.0,89869798.19,2906065.83,318647.0,FROZEN,true,2025-11-01,true,ASSUMPTION,-6
2025-09-01,2025-10-01,SKU010,CH03,DOWNSIDE,FV_DOWNSIDE_202510,4800,107020800.0,96037333.36,2964187.15,351162.0,FROZEN,true,2025-11-01,true,ASSUMPTION,14
2025-09-01,2025-10-01,SKU011,CH03,BASE,FV_BASE_202510,3090,100471350.0,48106774.32,2542807.6,284506.25,FROZEN,true,2025-11-01,true,ASSUMPTION,0
2025-09-01,2025-10-01,SKU011,CH03,UPSIDE,FV_UPSIDE_202510,3210,104373150.0,47181644.05,2542807.6,278816.13,FROZEN,true,2025-11-01,true,ASSUMPTION,-6
2025-09-01,2025-10-01,SKU011,CH03,DOWNSIDE,FV_DOWNSIDE_202510,2880,93643200.0,50419600.01,2593663.75,307266.75,FROZEN,true,2025-11-01,true,ASSUMPTION,14
2025-09-01,2025-10-01,SKU012,CH03,BASE,FV_BASE_202510,4120,110996920.0,69090491.11,2809196.97,314311.67,FROZEN,true,2025-11-01,true,ASSUMPTION,0
2025-09-01,2025-10-01,SKU012,CH03,UPSIDE,FV_UPSIDE_202510,4280,115307480.0,67761827.82,2809196.97,308025.43,FROZEN,true,2025-11-01,true,ASSUMPTION,-6
2025-09-01,2025-10-01,SKU012,CH03,DOWNSIDE,FV_DOWNSIDE_202510,3840,103453440.0,72412149.34,2865380.91,339456.6,FROZEN,true,2025-11-01,true,ASSUMPTION,14
2025-09-01,2025-10-01,SKU001,CH04,BASE,FV_BASE_202510,3090,90234180.0,52277510.18,2243427.84,255517.5,FROZEN,true,2025-11-01,true,ASSUMPTION,0
2025-09-01,2025-10-01,SKU001,CH04,UPSIDE,FV_UPSIDE_202510,3210,93738420.0,51272173.44,2243427.84,250407.15,FROZEN,true,2025-11-01,true,ASSUMPTION,-6
2025-09-01,2025-10-01,SKU001,CH04,DOWNSIDE,FV_DOWNSIDE_202510,2880,84101760.0,54790852.01,2288296.4,275958.9,FROZEN,true,2025-11-01,true,ASSUMPTION,14
2025-09-01,2025-10-01,SKU002,CH04,BASE,FV_BASE_202510,2060,69858720.0,36425619.99,1736847.36,197820.0,FROZEN,true,2025-11-01,true,ASSUMPTION,0
2025-09-01,2025-10-01,SKU002,CH04,UPSIDE,FV_UPSIDE_202510,2140,72571680.0,35725127.3,1736847.36,193863.6,FROZEN,true,2025-11-01,true,ASSUMPTION,-6
2025-09-01,2025-10-01,SKU002,CH04,DOWNSIDE,FV_DOWNSIDE_202510,1920,65111040.0,38176851.72,1771584.31,213645.6,FROZEN,true,2025-11-01,true,ASSUMPTION,14
2025-09-01,2025-10-01,SKU003,CH04,BASE,FV_BASE_202510,2060,62096640.0,34177124.94,1543864.32,175840.0,FROZEN,true,2025-11-01,true,ASSUMPTION,0
2025-09-01,2025-10-01,SKU003,CH04,UPSIDE,FV_UPSIDE_202510,2140,64508160.0,33519872.53,1543864.32,172323.2,FROZEN,true,2025-11-01,true,ASSUMPTION,-6
2025-09-01,2025-10-01,SKU003,CH04,DOWNSIDE,FV_DOWNSIDE_202510,1920,57876480.0,35820255.94,1574741.61,189907.2,FROZEN,true,2025-11-01,true,ASSUMPTION,14
2025-09-01,2025-10-01,SKU004,CH04,BASE,FV_BASE_202510,3090,81501840.0,51940235.92,2026321.92,230790.0,FROZEN,true,2025-11-01,true,ASSUMPTION,0
2025-09-01,2025-10-01,SKU004,CH04,UPSIDE,FV_UPSIDE_202510,3210,84666960.0,50941385.23,2026321.92,226174.2,FROZEN,true,2025-11-01,true,ASSUMPTION,-6
2025-09-01,2025-10-01,SKU004,CH04,DOWNSIDE,FV_DOWNSIDE_202510,2880,75962880.0,54437362.65,2066848.36,249253.2,FROZEN,true,2025-11-01,true,ASSUMPTION,14
2025-09-01,2025-10-01,SKU005,CH04,BASE,FV_BASE_202510,2060,52394040.0,34907885.83,1302635.52,148365.0,FROZEN,true,2025-11-01,true,ASSUMPTION,0
2025-09-01,2025-10-01,SKU005,CH04,UPSIDE,FV_UPSIDE_202510,2140,54428760.0,34236580.34,1302635.52,145397.7,FROZEN,true,2025-11-01,true,ASSUMPTION,-6
2025-09-01,2025-10-01,SKU005,CH04,DOWNSIDE,FV_DOWNSIDE_202510,1920,48833280.0,36586149.58,1328688.23,160234.2,FROZEN,true,2025-11-01,true,ASSUMPTION,14
2025-09-01,2025-10-01,SKU006,CH04,BASE,FV_BASE_202510,2060,58215600.0,35413797.21,1447372.8,164850.0,FROZEN,true,2025-11-01,true,ASSUMPTION,0
2025-09-01,2025-10-01,SKU006,CH04,UPSIDE,FV_UPSIDE_202510,2140,60476400.0,34732762.65,1447372.8,161553.0,FROZEN,true,2025-11-01,true,ASSUMPTION,-6
2025-09-01,2025-10-01,SKU006,CH04,DOWNSIDE,FV_DOWNSIDE_202510,1920,54259200.0,37116383.62,1476320.26,178038.0,FROZEN,true,2025-11-01,true,ASSUMPTION,14
2025-09-01,2025-10-01,SKU007,CH04,BASE,FV_BASE_202510,3090,66947940.0,53331492.24,1664478.72,189577.5,FROZEN,true,2025-11-01,true,ASSUMPTION,0
2025-09-01,2025-10-01,SKU007,CH04,UPSIDE,FV_UPSIDE_202510,3210,69547860.0,52305886.62,1664478.72,185785.95,FROZEN,true,2025-11-01,true,ASSUMPTION,-6
2025-09-01,2025-10-01,SKU007,CH04,DOWNSIDE,FV_DOWNSIDE_202510,2880,62398080.0,55895506.29,1697768.29,204743.7,FROZEN,true,2025-11-01,true,ASSUMPTION,14
2025-09-01,2025-10-01,SKU008,CH04,BASE,FV_BASE_202510,2060,48513000.0,36538044.75,1206144.0,137375.0,FROZEN,true,2025-11-01,true,ASSUMPTION,0
2025-09-01,2025-10-01,SKU008,CH04,UPSIDE,FV_UPSIDE_202510,2140,50397000.0,35835390.05,1206144.0,134627.5,FROZEN,true,2025-11-01,true,ASSUMPTION,-6
2025-09-01,2025-10-01,SKU008,CH04,DOWNSIDE,FV_DOWNSIDE_202510,1920,45216000.0,38294681.52,1230266.88,148365.0,FROZEN,true,2025-11-01,true,ASSUMPTION,14
2025-09-01,2025-10-01,SKU009,CH04,BASE,FV_BASE_202510,3090,61126380.0,51350005.97,1519741.44,173092.5,FROZEN,true,2025-11-01,true,ASSUMPTION,0
2025-09-01,2025-10-01,SKU009,CH04,UPSIDE,FV_UPSIDE_202510,3210,63500220.0,50362505.85,1519741.44,169630.65,FROZEN,true,2025-11-01,true,ASSUMPTION,-6
2025-09-01,2025-10-01,SKU009,CH04,DOWNSIDE,FV_DOWNSIDE_202510,2880,56972160.0,53818756.26,1550136.27,186939.9,FROZEN,true,2025-11-01,true,ASSUMPTION,14
2025-09-01,2025-10-01,SKU010,CH04,BASE,FV_BASE_202510,2060,46572480.0,33727425.92,1157898.24,131880.0,FROZEN,true,2025-11-01,true,ASSUMPTION,0
2025-09-01,2025-10-01,SKU010,CH04,UPSIDE,FV_UPSIDE_202510,2140,48381120.0,33078821.57,1157898.24,129242.4,FROZEN,true,2025-11-01,true,ASSUMPTION,-6
2025-09-01,2025-10-01,SKU010,CH04,DOWNSIDE,FV_DOWNSIDE_202510,1920,43407360.0,35348936.78,1181056.2,142430.4,FROZEN,true,2025-11-01,true,ASSUMPTION,14
2025-09-01,2025-10-01,SKU011,CH04,BASE,FV_BASE_202510,1030,33959100.0,14755748.84,844300.8,96162.5,FROZEN,true,2025-11-01,true,ASSUMPTION,0
2025-09-01,2025-10-01,SKU011,CH04,UPSIDE,FV_UPSIDE_202510,1070,35277900.0,14471984.44,844300.8,94239.25,FROZEN,true,2025-11-01,true,ASSUMPTION,-6
2025-09-01,2025-10-01,SKU011,CH04,DOWNSIDE,FV_DOWNSIDE_202510,960,31651200.0,15465159.84,861186.82,103855.5,FROZEN,true,2025-11-01,true,ASSUMPTION,14
2025-09-01,2025-10-01,SKU012,CH04,BASE,FV_BASE_202510,2060,56275080.0,31788098.92,1399127.04,159355.0,FROZEN,true,2025-11-01,true,ASSUMPTION,0
2025-09-01,2025-10-01,SKU012,CH04,UPSIDE,FV_UPSIDE_202510,2140,58460520.0,31176789.32,1399127.04,156167.9,FROZEN,true,2025-11-01,true,ASSUMPTION,-6
2025-09-01,2025-10-01,SKU012,CH04,DOWNSIDE,FV_DOWNSIDE_202510,1920,52450560.0,33316372.91,1427109.58,172103.4,FROZEN,true,2025-11-01,true,ASSUMPTION,14
2025-09-01,2025-10-01,SKU001,CH05,BASE,FV_BASE_202510,3090,91383660.0,56379399.43,2444412.9,258772.5,FROZEN,true,2025-11-01,true,ASSUMPTION,0
2025-09-01,2025-10-01,SKU001,CH05,UPSIDE,FV_UPSIDE_202510,3210,94932540.0,55295180.21,2444412.9,253597.05,FROZEN,true,2025-11-01,true,ASSUMPTION,-6
2025-09-01,2025-10-01,SKU001,CH05,DOWNSIDE,FV_DOWNSIDE_202510,2880,85173120.0,59089947.48,2493301.16,279474.3,FROZEN,true,2025-11-01,true,ASSUMPTION,14
2025-09-01,2025-10-01,SKU002,CH05,BASE,FV_BASE_202510,2060,70748640.0,39283710.56,1892448.7,200340.0,FROZEN,true,2025-11-01,true,ASSUMPTION,0
2025-09-01,2025-10-01,SKU002,CH05,UPSIDE,FV_UPSIDE_202510,2140,73496160.0,38528254.59,1892448.7,196333.2,FROZEN,true,2025-11-01,true,ASSUMPTION,-6
2025-09-01,2025-10-01,SKU002,CH05,DOWNSIDE,FV_DOWNSIDE_202510,1920,65940480.0,41172350.5,1930297.67,216367.2,FROZEN,true,2025-11-01,true,ASSUMPTION,14
2025-09-01,2025-10-01,SKU003,CH05,BASE,FV_BASE_202510,2060,62887680.0,36858790.17,1682176.62,178080.0,FROZEN,true,2025-11-01,true,ASSUMPTION,0
2025-09-01,2025-10-01,SKU003,CH05,UPSIDE,FV_UPSIDE_202510,2140,65329920.0,36149967.28,1682176.62,174518.4,FROZEN,true,2025-11-01,true,ASSUMPTION,-6
2025-09-01,2025-10-01,SKU003,CH05,DOWNSIDE,FV_DOWNSIDE_202510,1920,58613760.0,38630847.39,1715820.15,192326.4,FROZEN,true,2025-11-01,true,ASSUMPTION,14
2025-09-01,2025-10-01,SKU004,CH05,BASE,FV_BASE_202510,3090,82540080.0,56015661.36,2207856.81,233730.0,FROZEN,true,2025-11-01,true,ASSUMPTION,0
2025-09-01,2025-10-01,SKU004,CH05,UPSIDE,FV_UPSIDE_202510,3210,85745520.0,54938437.11,2207856.81,229055.4,FROZEN,true,2025-11-01,true,ASSUMPTION,-6
2025-09-01,2025-10-01,SKU004,CH05,DOWNSIDE,FV_DOWNSIDE_202510,2880,76930560.0,58708722.01,2252013.95,252428.4,FROZEN,true,2025-11-01,true,ASSUMPTION,14
2025-09-01,2025-10-01,SKU005,CH05,BASE,FV_BASE_202510,3090,79592220.0,56470333.94,2129004.78,225382.5,FROZEN,true,2025-11-01,true,ASSUMPTION,0
2025-09-01,2025-10-01,SKU005,CH05,UPSIDE,FV_UPSIDE_202510,3210,82683180.0,55384365.98,2129004.78,220874.85,FROZEN,true,2025-11-01,true,ASSUMPTION,-6
2025-09-01,2025-10-01,SKU005,CH05,DOWNSIDE,FV_DOWNSIDE_202510,2880,74183040.0,59185253.84,2171584.88,243413.1,FROZEN,true,2025-11-01,true,ASSUMPTION,14
2025-09-01,2025-10-01,SKU006,CH05,BASE,FV_BASE_202510,2060,58957200.0,38192496.39,1577040.58,166950.0,FROZEN,true,2025-11-01,true,ASSUMPTION,0
2025-09-01,2025-10-01,SKU006,CH05,UPSIDE,FV_UPSIDE_202510,2140,61246800.0,37458025.3,1577040.58,163611.0,FROZEN,true,2025-11-01,true,ASSUMPTION,-6
2025-09-01,2025-10-01,SKU006,CH05,DOWNSIDE,FV_DOWNSIDE_202510,1920,54950400.0,40028674.1,1608581.39,180306.0,FROZEN,true,2025-11-01,true,ASSUMPTION,14
2025-09-01,2025-10-01,SKU007,CH05,BASE,FV_BASE_202510,3090,67800780.0,57516080.87,1813596.67,191992.5,FROZEN,true,2025-11-01,true,ASSUMPTION,0
2025-09-01,2025-10-01,SKU007,CH05,UPSIDE,FV_UPSIDE_202510,3210,70433820.0,56410002.39,1813596.67,188152.65,FROZEN,true,2025-11-01,true,ASSUMPTION,-6
2025-09-01,2025-10-01,SKU007,CH05,DOWNSIDE,FV_DOWNSIDE_202510,2880,63192960.0,60281277.06,1849868.6,207351.9,FROZEN,true,2025-11-01,true,ASSUMPTION,14
2025-09-01,2025-10-01,SKU008,CH05,BASE,FV_BASE_202510,3090,73696500.0,59107434.88,1971300.73,208687.5,FROZEN,true,2025-11-01,true,ASSUMPTION,0
2025-09-01,2025-10-01,SKU008,CH05,UPSIDE,FV_UPSIDE_202510,3210,76558500.0,57970753.44,1971300.73,204513.75,FROZEN,true,2025-11-01,true,ASSUMPTION,-6
2025-09-01,2025-10-01,SKU008,CH05,DOWNSIDE,FV_DOWNSIDE_202510,2880,68688000.0,61949138.48,2010726.74,225382.5,FROZEN,true,2025-11-01,true,ASSUMPTION,14
2025-09-01,2025-10-01,SKU009,CH05,BASE,FV_BASE_202510,3090,61905060.0,55379119.75,1655892.61,175297.5,FROZEN,true,2025-11-01,true,ASSUMPTION,0
2025-09-01,2025-10-01,SKU009,CH05,UPSIDE,FV_UPSIDE_202510,3210,64309140.0,54314136.68,1655892.61,171791.55,FROZEN,true,2025-11-01,true,ASSUMPTION,-6
2025-09-01,2025-10-01,SKU009,CH05,DOWNSIDE,FV_DOWNSIDE_202510,2880,57697920.0,58041577.43,1689010.46,189321.3,FROZEN,true,2025-11-01,true,ASSUMPTION,14
2025-09-01,2025-10-01,SKU010,CH05,BASE,FV_BASE_202510,3090,70748640.0,54560709.12,1892448.7,200340.0,FROZEN,true,2025-11-01,true,ASSUMPTION,0
2025-09-01,2025-10-01,SKU010,CH05,UPSIDE,FV_UPSIDE_202510,3210,73496160.0,53511464.72,1892448.7,196333.2,FROZEN,true,2025-11-01,true,ASSUMPTION,-6
2025-09-01,2025-10-01,SKU010,CH05,DOWNSIDE,FV_DOWNSIDE_202510,2880,65940480.0,57183820.14,1930297.67,216367.2,FROZEN,true,2025-11-01,true,ASSUMPTION,14
2025-09-01,2025-10-01,SKU011,CH05,BASE,FV_BASE_202510,1030,34391700.0,15913540.16,919940.34,97387.5,FROZEN,true,2025-11-01,true,ASSUMPTION,0
2025-09-01,2025-10-01,SKU011,CH05,UPSIDE,FV_UPSIDE_202510,1070,35727300.0,15607510.54,919940.34,95439.75,FROZEN,true,2025-11-01,true,ASSUMPTION,-6
2025-09-01,2025-10-01,SKU011,CH05,DOWNSIDE,FV_DOWNSIDE_202510,960,32054400.0,16678614.2,938339.15,105178.5,FROZEN,true,2025-11-01,true,ASSUMPTION,14
2025-09-01,2025-10-01,SKU012,CH05,BASE,FV_BASE_202510,2060,56991960.0,34282312.23,1524472.56,161385.0,FROZEN,true,2025-11-01,true,ASSUMPTION,0
2025-09-01,2025-10-01,SKU012,CH05,UPSIDE,FV_UPSIDE_202510,2140,59205240.0,33623037.0,1524472.56,158157.3,FROZEN,true,2025-11-01,true,ASSUMPTION,-6
2025-09-01,2025-10-01,SKU012,CH05,DOWNSIDE,FV_DOWNSIDE_202510,1920,53118720.0,35930500.32,1554962.01,174295.8,FROZEN,true,2025-11-01,true,ASSUMPTION,14
2025-10-01,2025-11-01,SKU001,CH01,BASE,FV_BASE_202511,10300,295033200.0,178201295.88,19824427.47,835450.0,FROZEN,true,2025-12-01,true,ASSUMPTION,0
2025-10-01,2025-11-01,SKU001,CH01,UPSIDE,FV_UPSIDE_202511,10700,306490800.0,174774347.88,19824427.47,818741.0,FROZEN,true,2025-12-01,true,ASSUMPTION,-6
2025-10-01,2025-11-01,SKU001,CH01,DOWNSIDE,FV_DOWNSIDE_202511,9600,274982400.0,186768665.87,20220916.02,902286.0,FROZEN,true,2025-12-01,true,ASSUMPTION,14
2025-10-01,2025-11-01,SKU002,CH01,BASE,FV_BASE_202511,8240,274095360.0,148999277.07,18417532.62,776160.0,FROZEN,true,2025-12-01,true,ASSUMPTION,0
2025-10-01,2025-11-01,SKU002,CH01,UPSIDE,FV_UPSIDE_202511,8560,284739840.0,146133906.35,18417532.62,760636.8,FROZEN,true,2025-12-01,true,ASSUMPTION,-6
2025-10-01,2025-11-01,SKU002,CH01,DOWNSIDE,FV_DOWNSIDE_202511,7680,255467520.0,156162703.85,18785883.27,838252.8,FROZEN,true,2025-12-01,true,ASSUMPTION,14
2025-10-01,2025-11-01,SKU003,CH01,BASE,FV_BASE_202511,7210,213185280.0,122326566.98,14324747.59,603680.0,FROZEN,true,2025-12-01,true,ASSUMPTION,0
2025-10-01,2025-11-01,SKU003,CH01,UPSIDE,FV_UPSIDE_202511,7490,221464320.0,119974133.0,14324747.59,591606.4,FROZEN,true,2025-12-01,true,ASSUMPTION,-6
2025-10-01,2025-11-01,SKU003,CH01,DOWNSIDE,FV_DOWNSIDE_202511,6720,198696960.0,128207651.93,14611242.54,651974.4,FROZEN,true,2025-12-01,true,ASSUMPTION,14
2025-10-01,2025-11-01,SKU004,CH01,BASE,FV_BASE_202511,10300,266481600.0,177051610.1,17905934.49,754600.0,FROZEN,true,2025-12-01,true,ASSUMPTION,0
2025-10-01,2025-11-01,SKU004,CH01,UPSIDE,FV_UPSIDE_202511,10700,276830400.0,173646771.45,17905934.49,739508.0,FROZEN,true,2025-12-01,true,ASSUMPTION,-6
2025-10-01,2025-11-01,SKU004,CH01,DOWNSIDE,FV_DOWNSIDE_202511,9600,248371200.0,185563706.74,18264053.18,814968.0,FROZEN,true,2025-12-01,true,ASSUMPTION,14
2025-10-01,2025-11-01,SKU005,CH01,BASE,FV_BASE_202511,8240,205571520.0,142790973.86,13813149.46,582120.0,FROZEN,true,2025-12-01,true,ASSUMPTION,0
2025-10-01,2025-11-01,SKU005,CH01,UPSIDE,FV_UPSIDE_202511,8560,213554880.0,140044993.6,13813149.46,570477.6,FROZEN,true,2025-12-01,true,ASSUMPTION,-6
2025-10-01,2025-11-01,SKU005,CH01,DOWNSIDE,FV_DOWNSIDE_202511,7680,191600640.0,149655924.53,14089412.45,628689.6,FROZEN,true,2025-12-01,true,ASSUMPTION,14
2025-10-01,2025-11-01,SKU006,CH01,BASE,FV_BASE_202511,6180,171309600.0,108645306.19,11510957.89,485100.0,FROZEN,true,2025-12-01,true,ASSUMPTION,0
2025-10-01,2025-11-01,SKU006,CH01,UPSIDE,FV_UPSIDE_202511,6420,177962400.0,106555973.38,11510957.89,475398.0,FROZEN,true,2025-12-01,true,ASSUMPTION,-6
2025-10-01,2025-11-01,SKU006,CH01,DOWNSIDE,FV_DOWNSIDE_202511,5760,159667200.0,113868638.22,11741177.05,523908.0,FROZEN,true,2025-12-01,true,ASSUMPTION,14
2025-10-01,2025-11-01,SKU007,CH01,BASE,FV_BASE_202511,11330,240785160.0,199973470.33,16179290.81,681835.0,FROZEN,true,2025-12-01,true,ASSUMPTION,0
2025-10-01,2025-11-01,SKU007,CH01,UPSIDE,FV_UPSIDE_202511,11770,250136040.0,196127826.67,16179290.81,668198.3,FROZEN,true,2025-12-01,true,ASSUMPTION,-6
2025-10-01,2025-11-01,SKU007,CH01,DOWNSIDE,FV_DOWNSIDE_202511,10560,224421120.0,209587579.48,16502876.63,736381.8,FROZEN,true,2025-12-01,true,ASSUMPTION,14
2025-10-01,2025-11-01,SKU008,CH01,BASE,FV_BASE_202511,9270,214137000.0,168141545.3,14388697.36,606375.0,FROZEN,true,2025-12-01,true,ASSUMPTION,0
2025-10-01,2025-11-01,SKU008,CH01,UPSIDE,FV_UPSIDE_202511,9630,222453000.0,164908054.05,14388697.36,594247.5,FROZEN,true,2025-12-01,true,ASSUMPTION,-6
2025-10-01,2025-11-01,SKU008,CH01,DOWNSIDE,FV_DOWNSIDE_202511,8640,199584000.0,176225273.44,14676471.31,654885.0,FROZEN,true,2025-12-01,true,ASSUMPTION,14
2025-10-01,2025-11-01,SKU009,CH01,BASE,FV_BASE_202511,10300,199861200.0,175039659.98,13429450.87,565950.0,FROZEN,true,2025-12-01,true,ASSUMPTION,0
2025-10-01,2025-11-01,SKU009,CH01,UPSIDE,FV_UPSIDE_202511,10700,207622800.0,171673512.68,13429450.87,554631.0,FROZEN,true,2025-12-01,true,ASSUMPTION,-6
2025-10-01,2025-11-01,SKU009,CH01,DOWNSIDE,FV_DOWNSIDE_202511,9600,186278400.0,183455028.25,13698039.89,611226.0,FROZEN,true,2025-12-01,true,ASSUMPTION,14
2025-10-01,2025-11-01,SKU010,CH01,BASE,FV_BASE_202511,8240,182730240.0,137962293.58,12278355.08,517440.0,FROZEN,true,2025-12-01,true,ASSUMPTION,0
2025-10-01,2025-11-01,SKU010,CH01,UPSIDE,FV_UPSIDE_202511,8560,189826560.0,135309172.55,12278355.08,507091.2,FROZEN,true,2025-12-01,true,ASSUMPTION,-6
2025-10-01,2025-11-01,SKU010,CH01,DOWNSIDE,FV_DOWNSIDE_202511,7680,170311680.0,144595096.16,12523922.18,558835.2,FROZEN,true,2025-12-01,true,ASSUMPTION,14
2025-10-01,2025-11-01,SKU011,CH01,BASE,FV_BASE_202511,5150,166551000.0,75448129.31,11191209.06,471625.0,FROZEN,true,2025-12-01,true,ASSUMPTION,0
2025-10-01,2025-11-01,SKU011,CH01,UPSIDE,FV_UPSIDE_202511,5350,173019000.0,73997203.74,11191209.06,462192.5,FROZEN,true,2025-12-01,true,ASSUMPTION,-6
2025-10-01,2025-11-01,SKU011,CH01,DOWNSIDE,FV_DOWNSIDE_202511,4800,155232000.0,79075443.22,11415033.24,509355.0,FROZEN,true,2025-12-01,true,ASSUMPTION,14
2025-10-01,2025-11-01,SKU012,CH01,BASE,FV_BASE_202511,7210,193199160.0,113775779.0,12981802.51,547085.0,FROZEN,true,2025-12-01,true,ASSUMPTION,0
2025-10-01,2025-11-01,SKU012,CH01,UPSIDE,FV_UPSIDE_202511,7490,200702040.0,111587783.25,12981802.51,536143.3,FROZEN,true,2025-12-01,true,ASSUMPTION,-6
2025-10-01,2025-11-01,SKU012,CH01,DOWNSIDE,FV_DOWNSIDE_202511,6720,180069120.0,119245768.38,13241438.56,590851.8,FROZEN,true,2025-12-01,true,ASSUMPTION,14
2025-10-01,2025-11-01,SKU001,CH02,BASE,FV_BASE_202511,8240,236026560.0,143893656.64,18963179.64,668360.0,FROZEN,true,2025-12-01,true,ASSUMPTION,0
2025-10-01,2025-11-01,SKU001,CH02,UPSIDE,FV_UPSIDE_202511,8560,245192640.0,141126470.93,18963179.64,654992.8,FROZEN,true,2025-12-01,true,ASSUMPTION,-6
2025-10-01,2025-11-01,SKU001,CH02,DOWNSIDE,FV_DOWNSIDE_202511,7680,219985920.0,150811620.9,19342443.23,721828.8,FROZEN,true,2025-12-01,true,ASSUMPTION,14
2025-10-01,2025-11-01,SKU002,CH02,BASE,FV_BASE_202511,6180,205571520.0,112794059.88,16516317.75,582120.0,FROZEN,true,2025-12-01,true,ASSUMPTION,0
2025-10-01,2025-11-01,SKU002,CH02,UPSIDE,FV_UPSIDE_202511,6420,213554880.0,110624943.35,16516317.75,570477.6,FROZEN,true,2025-12-01,true,ASSUMPTION,-6
2025-10-01,2025-11-01,SKU002,CH02,DOWNSIDE,FV_DOWNSIDE_202511,5760,191600640.0,118216851.22,16846644.11,628689.6,FROZEN,true,2025-12-01,true,ASSUMPTION,14
2025-10-01,2025-11-01,SKU003,CH02,BASE,FV_BASE_202511,5150,152275200.0,88192886.33,12234309.44,431200.0,FROZEN,true,2025-12-01,true,ASSUMPTION,0
2025-10-01,2025-11-01,SKU003,CH02,UPSIDE,FV_UPSIDE_202511,5350,158188800.0,86496869.28,12234309.44,422576.0,FROZEN,true,2025-12-01,true,ASSUMPTION,-6
2025-10-01,2025-11-01,SKU003,CH02,DOWNSIDE,FV_DOWNSIDE_202511,4800,141926400.0,92432928.94,12478995.63,465696.0,FROZEN,true,2025-12-01,true,ASSUMPTION,14
2025-10-01,2025-11-01,SKU004,CH02,BASE,FV_BASE_202511,7210,186537120.0,125094646.65,14987029.07,528220.0,FROZEN,true,2025-12-01,true,ASSUMPTION,0
2025-10-01,2025-11-01,SKU004,CH02,UPSIDE,FV_UPSIDE_202511,7490,193781280.0,122688980.37,14987029.07,517655.6,FROZEN,true,2025-12-01,true,ASSUMPTION,-6
2025-10-01,2025-11-01,SKU004,CH02,DOWNSIDE,FV_DOWNSIDE_202511,6720,173859840.0,131108812.36,15286769.65,570477.6,FROZEN,true,2025-12-01,true,ASSUMPTION,14
2025-10-01,2025-11-01,SKU005,CH02,BASE,FV_BASE_202511,6180,154178640.0,108094307.38,12387238.31,436590.0,FROZEN,true,2025-12-01,true,ASSUMPTION,0
2025-10-01,2025-11-01,SKU005,CH02,UPSIDE,FV_UPSIDE_202511,6420,160166160.0,106015570.7,12387238.31,427858.2,FROZEN,true,2025-12-01,true,ASSUMPTION,-6
2025-10-01,2025-11-01,SKU005,CH02,DOWNSIDE,FV_DOWNSIDE_202511,5760,143700480.0,113291149.08,12634983.08,471517.2,FROZEN,true,2025-12-01,true,ASSUMPTION,14
2025-10-01,2025-11-01,SKU006,CH02,BASE,FV_BASE_202511,5150,142758000.0,91384076.3,11469665.1,404250.0,FROZEN,true,2025-12-01,true,ASSUMPTION,0
2025-10-01,2025-11-01,SKU006,CH02,UPSIDE,FV_UPSIDE_202511,5350,148302000.0,89626690.21,11469665.1,396165.0,FROZEN,true,2025-12-01,true,ASSUMPTION,-6
2025-10-01,2025-11-01,SKU006,CH02,DOWNSIDE,FV_DOWNSIDE_202511,4800,133056000.0,95777541.5,11699058.4,436590.0,FROZEN,true,2025-12-01,true,ASSUMPTION,14
2025-10-01,2025-11-01,SKU007,CH02,BASE,FV_BASE_202511,8240,175116480.0,146794738.43,14069455.86,495880.0,FROZEN,true,2025-12-01,true,ASSUMPTION,0
2025-10-01,2025-11-01,SKU007,CH02,UPSIDE,FV_UPSIDE_202511,8560,181917120.0,143971762.69,14069455.86,485962.4,FROZEN,true,2025-12-01,true,ASSUMPTION,-6
2025-10-01,2025-11-01,SKU007,CH02,DOWNSIDE,FV_DOWNSIDE_202511,7680,163215360.0,153852177.78,14350844.98,535550.4,FROZEN,true,2025-12-01,true,ASSUMPTION,14
2025-10-01,2025-11-01,SKU008,CH02,BASE,FV_BASE_202511,7210,166551000.0,131999221.31,13381275.95,471625.0,FROZEN,true,2025-12-01,true,ASSUMPTION,0
2025-10-01,2025-11-01,SKU008,CH02,UPSIDE,FV_UPSIDE_202511,7490,173019000.0,129460774.74,13381275.95,462192.5,FROZEN,true,2025-12-01,true,ASSUMPTION,-6
2025-10-01,2025-11-01,SKU008,CH02,DOWNSIDE,FV_DOWNSIDE_202511,6720,155232000.0,138345337.72,13648901.47,509355.0,FROZEN,true,2025-12-01,true,ASSUMPTION,14
2025-10-01,2025-11-01,SKU009,CH02,BASE,FV_BASE_202511,8240,159888960.0,141340704.67,12846024.92,452760.0,FROZEN,true,2025-12-01,true,ASSUMPTION,0
2025-10-01,2025-11-01,SKU009,CH02,UPSIDE,FV_UPSIDE_202511,8560,166098240.0,138622614.19,12846024.92,443704.8,FROZEN,true,2025-12-01,true,ASSUMPTION,-6
2025-10-01,2025-11-01,SKU009,CH02,DOWNSIDE,FV_DOWNSIDE_202511,7680,149022720.0,148135930.85,13102945.42,488980.8,FROZEN,true,2025-12-01,true,ASSUMPTION,14
2025-10-01,2025-11-01,SKU010,CH02,BASE,FV_BASE_202511,6180,137047680.0,104438944.33,11010878.5,388080.0,FROZEN,true,2025-12-01,true,ASSUMPTION,0
2025-10-01,2025-11-01,SKU010,CH02,UPSIDE,FV_UPSIDE_202511,6420,142369920.0,102430503.1,11010878.5,380318.4,FROZEN,true,2025-12-01,true,ASSUMPTION,-6
2025-10-01,2025-11-01,SKU010,CH02,DOWNSIDE,FV_DOWNSIDE_202511,5760,127733760.0,109460047.43,11231096.07,419126.4,FROZEN,true,2025-12-01,true,ASSUMPTION,14
2025-10-01,2025-11-01,SKU011,CH02,BASE,FV_BASE_202511,4120,133240800.0,60922717.52,10705020.76,377300.0,FROZEN,true,2025-12-01,true,ASSUMPTION,0
2025-10-01,2025-11-01,SKU011,CH02,UPSIDE,FV_UPSIDE_202511,4280,138415200.0,59751126.8,10705020.76,369754.0,FROZEN,true,2025-12-01,true,ASSUMPTION,-6
2025-10-01,2025-11-01,SKU011,CH02,DOWNSIDE,FV_DOWNSIDE_202511,3840,124185600.0,63851694.33,10919121.18,407484.0,FROZEN,true,2025-12-01,true,ASSUMPTION,14
2025-10-01,2025-11-01,SKU012,CH02,BASE,FV_BASE_202511,5150,137999400.0,82028087.53,11087342.93,390775.0,FROZEN,true,2025-12-01,true,ASSUMPTION,0
2025-10-01,2025-11-01,SKU012,CH02,UPSIDE,FV_UPSIDE_202511,5350,143358600.0,80450624.31,11087342.93,382959.5,FROZEN,true,2025-12-01,true,ASSUMPTION,-6
2025-10-01,2025-11-01,SKU012,CH02,DOWNSIDE,FV_DOWNSIDE_202511,4800,128620800.0,85971745.59,11309089.79,422037.0,FROZEN,true,2025-12-01,true,ASSUMPTION,14
2025-10-01,2025-11-01,SKU001,CH03,BASE,FV_BASE_202511,7210,200935490.0,134844548.14,13954204.3,568992.08,FROZEN,true,2025-12-01,true,ASSUMPTION,0
2025-10-01,2025-11-01,SKU001,CH03,UPSIDE,FV_UPSIDE_202511,7490,208738810.0,132251383.76,13954204.3,557612.24,FROZEN,true,2025-12-01,true,ASSUMPTION,-6
2025-10-01,2025-11-01,SKU001,CH03,DOWNSIDE,FV_DOWNSIDE_202511,6720,187279680.0,141327459.11,14233288.39,614511.45,FROZEN,true,2025-12-01,true,ASSUMPTION,14
2025-10-01,2025-11-01,SKU002,CH03,BASE,FV_BASE_202511,5150,166674600.0,100667358.52,11574916.01,471975.0,FROZEN,true,2025-12-01,true,ASSUMPTION,0
2025-10-01,2025-11-01,SKU002,CH03,UPSIDE,FV_UPSIDE_202511,5350,173147400.0,98731447.78,11574916.01,462535.5,FROZEN,true,2025-12-01,true,ASSUMPTION,-6
2025-10-01,2025-11-01,SKU002,CH03,DOWNSIDE,FV_DOWNSIDE_202511,4800,155347200.0,105507135.37,11806414.33,509733.0,FROZEN,true,2025-12-01,true,ASSUMPTION,14
2025-10-01,2025-11-01,SKU003,CH03,BASE,FV_BASE_202511,4120,118524160.0,75562659.23,8231051.38,335626.67,FROZEN,true,2025-12-01,true,ASSUMPTION,0
2025-10-01,2025-11-01,SKU003,CH03,UPSIDE,FV_UPSIDE_202511,4280,123127040.0,74109531.17,8231051.38,328914.13,FROZEN,true,2025-12-01,true,ASSUMPTION,-6
2025-10-01,2025-11-01,SKU003,CH03,DOWNSIDE,FV_DOWNSIDE_202511,3840,110469120.0,79195479.39,8395672.41,362476.8,FROZEN,true,2025-12-01,true,ASSUMPTION,14
2025-10-01,2025-11-01,SKU004,CH03,BASE,FV_BASE_202511,6180,155562960.0,114835357.12,10803254.94,440510.0,FROZEN,true,2025-12-01,true,ASSUMPTION,0
2025-10-01,2025-11-01,SKU004,CH03,UPSIDE,FV_UPSIDE_202511,6420,161604240.0,112626984.87,10803254.94,431699.8,FROZEN,true,2025-12-01,true,ASSUMPTION,-6
2025-10-01,2025-11-01,SKU004,CH03,DOWNSIDE,FV_DOWNSIDE_202511,5760,144990720.0,120356287.76,11019320.04,475750.8,FROZEN,true,2025-12-01,true,ASSUMPTION,14
2025-10-01,2025-11-01,SKU005,CH03,BASE,FV_BASE_202511,5150,125005950.0,96472885.25,8681187.01,353981.25,FROZEN,true,2025-12-01,true,ASSUMPTION,0
2025-10-01,2025-11-01,SKU005,CH03,UPSIDE,FV_UPSIDE_202511,5350,129860550.0,94617637.45,8681187.01,346901.63,FROZEN,true,2025-12-01,true,ASSUMPTION,-6
2025-10-01,2025-11-01,SKU005,CH03,DOWNSIDE,FV_DOWNSIDE_202511,4800,116510400.0,101111004.73,8854810.75,382299.75,FROZEN,true,2025-12-01,true,ASSUMPTION,14
2025-10-01,2025-11-01,SKU006,CH03,BASE,FV_BASE_202511,4120,111116400.0,78296834.41,7716610.67,314650.0,FROZEN,true,2025-12-01,true,ASSUMPTION,0
2025-10-01,2025-11-01,SKU006,CH03,UPSIDE,FV_UPSIDE_202511,4280,115431600.0,76791126.05,7716610.67,308357.0,FROZEN,true,2025-12-01,true,ASSUMPTION,-6
2025-10-01,2025-11-01,SKU006,CH03,DOWNSIDE,FV_DOWNSIDE_202511,3840,103564800.0,82061105.29,7870942.88,339822.0,FROZEN,true,2025-12-01,true,ASSUMPTION,14
2025-10-01,2025-11-01,SKU007,CH03,BASE,FV_BASE_202511,7210,149081170.0,137563188.22,10353119.32,422155.42,FROZEN,true,2025-12-01,true,ASSUMPTION,0
2025-10-01,2025-11-01,SKU007,CH03,UPSIDE,FV_UPSIDE_202511,7490,154870730.0,134917742.3,10353119.32,413712.31,FROZEN,true,2025-12-01,true,ASSUMPTION,-6
2025-10-01,2025-11-01,SKU007,CH03,DOWNSIDE,FV_DOWNSIDE_202511,6720,138949440.0,144176803.04,10560181.71,455927.85,FROZEN,true,2025-12-01,true,ASSUMPTION,14
2025-10-01,2025-11-01,SKU008,CH03,BASE,FV_BASE_202511,6180,138895500.0,121173672.3,9645763.34,393312.5,FROZEN,true,2025-12-01,true,ASSUMPTION,0
2025-10-01,2025-11-01,SKU008,CH03,UPSIDE,FV_UPSIDE_202511,6420,144289500.0,118843409.37,9645763.34,385446.25,FROZEN,true,2025-12-01,true,ASSUMPTION,-6
2025-10-01,2025-11-01,SKU008,CH03,DOWNSIDE,FV_DOWNSIDE_202511,5760,129456000.0,126999329.62,9838678.61,424777.5,FROZEN,true,2025-12-01,true,ASSUMPTION,14
2025-10-01,2025-11-01,SKU009,CH03,BASE,FV_BASE_202511,7210,136117590.0,132452144.87,9452848.07,385446.25,FROZEN,true,2025-12-01,true,ASSUMPTION,0
2025-10-01,2025-11-01,SKU009,CH03,UPSIDE,FV_UPSIDE_202511,7490,141403710.0,129904988.24,9452848.07,377737.33,FROZEN,true,2025-12-01,true,ASSUMPTION,-6
2025-10-01,2025-11-01,SKU009,CH03,DOWNSIDE,FV_DOWNSIDE_202511,6720,126866880.0,138820036.45,9641905.03,416281.95,FROZEN,true,2025-12-01,true,ASSUMPTION,14
2025-10-01,2025-11-01,SKU010,CH03,BASE,FV_BASE_202511,5150,111116400.0,93210517.15,7716610.67,314650.0,FROZEN,true,2025-12-01,true,ASSUMPTION,0
2025-10-01,2025-11-01,SKU010,CH03,UPSIDE,FV_UPSIDE_202511,5350,115431600.0,91418007.21,7716610.67,308357.0,FROZEN,true,2025-12-01,true,ASSUMPTION,-6
2025-10-01,2025-11-01,SKU010,CH03,DOWNSIDE,FV_DOWNSIDE_202511,4800,103564800.0,97691792.01,7870942.88,339822.0,FROZEN,true,2025-12-01,true,ASSUMPTION,14
2025-10-01,2025-11-01,SKU011,CH03,BASE,FV_BASE_202511,3090,97226850.0,48935521.5,6752034.34,275318.75,FROZEN,true,2025-12-01,true,ASSUMPTION,0
2025-10-01,2025-11-01,SKU011,CH03,UPSIDE,FV_UPSIDE_202511,3210,101002650.0,47994453.78,6752034.34,269812.38,FROZEN,true,2025-12-01,true,ASSUMPTION,-6
2025-10-01,2025-11-01,SKU011,CH03,DOWNSIDE,FV_DOWNSIDE_202511,2880,90619200.0,51288190.81,6887075.03,297344.25,FROZEN,true,2025-12-01,true,ASSUMPTION,14
2025-10-01,2025-11-01,SKU012,CH03,BASE,FV_BASE_202511,4120,107412520.0,70280729.95,7459390.32,304161.67,FROZEN,true,2025-12-01,true,ASSUMPTION,0
2025-10-01,2025-11-01,SKU012,CH03,UPSIDE,FV_UPSIDE_202511,4280,111583880.0,68929177.45,7459390.32,298078.43,FROZEN,true,2025-12-01,true,ASSUMPTION,-6
2025-10-01,2025-11-01,SKU012,CH03,DOWNSIDE,FV_DOWNSIDE_202511,3840,100112640.0,73659611.2,7608578.13,328494.6,FROZEN,true,2025-12-01,true,ASSUMPTION,14
2025-10-01,2025-11-01,SKU001,CH04,BASE,FV_BASE_202511,3090,87360480.0,55438546.64,6220431.36,247380.0,FROZEN,true,2025-12-01,true,ASSUMPTION,0
2025-10-01,2025-11-01,SKU001,CH04,UPSIDE,FV_UPSIDE_202511,3210,90753120.0,54372420.75,6220431.36,242432.4,FROZEN,true,2025-12-01,true,ASSUMPTION,-6
2025-10-01,2025-11-01,SKU001,CH04,DOWNSIDE,FV_DOWNSIDE_202511,2880,81423360.0,58103861.39,6344839.99,267170.4,FROZEN,true,2025-12-01,true,ASSUMPTION,14
2025-10-01,2025-11-01,SKU002,CH04,BASE,FV_BASE_202511,2060,67633920.0,38628148.62,4815817.83,191520.0,FROZEN,true,2025-12-01,true,ASSUMPTION,0
2025-10-01,2025-11-01,SKU002,CH04,UPSIDE,FV_UPSIDE_202511,2140,70260480.0,37885299.61,4815817.83,187689.6,FROZEN,true,2025-12-01,true,ASSUMPTION,-6
2025-10-01,2025-11-01,SKU002,CH04,DOWNSIDE,FV_DOWNSIDE_202511,1920,63037440.0,40485271.15,4912134.19,206841.6,FROZEN,true,2025-12-01,true,ASSUMPTION,14
2025-10-01,2025-11-01,SKU003,CH04,BASE,FV_BASE_202511,2060,60119040.0,36243695.01,4280726.96,170240.0,FROZEN,true,2025-12-01,true,ASSUMPTION,0
2025-10-01,2025-11-01,SKU003,CH04,UPSIDE,FV_UPSIDE_202511,2140,62453760.0,35546700.87,4280726.96,166835.2,FROZEN,true,2025-12-01,true,ASSUMPTION,-6
2025-10-01,2025-11-01,SKU003,CH04,DOWNSIDE,FV_DOWNSIDE_202511,1920,56033280.0,37986180.35,4366341.5,183859.2,FROZEN,true,2025-12-01,true,ASSUMPTION,14
2025-10-01,2025-11-01,SKU004,CH04,BASE,FV_BASE_202511,3090,78906240.0,55080878.6,5618454.13,223440.0,FROZEN,true,2025-12-01,true,ASSUMPTION,0
2025-10-01,2025-11-01,SKU004,CH04,UPSIDE,FV_UPSIDE_202511,3210,81970560.0,54021630.94,5618454.13,218971.2,FROZEN,true,2025-12-01,true,ASSUMPTION,-6
2025-10-01,2025-11-01,SKU004,CH04,DOWNSIDE,FV_DOWNSIDE_202511,2880,73543680.0,57728997.76,5730823.21,241315.2,FROZEN,true,2025-12-01,true,ASSUMPTION,14
2025-10-01,2025-11-01,SKU005,CH04,BASE,FV_BASE_202511,2060,50725440.0,37018642.43,3611863.37,143640.0,FROZEN,true,2025-12-01,true,ASSUMPTION,0
2025-10-01,2025-11-01,SKU005,CH04,UPSIDE,FV_UPSIDE_202511,2140,52695360.0,36306745.46,3611863.37,140767.2,FROZEN,true,2025-12-01,true,ASSUMPTION,-6
2025-10-01,2025-11-01,SKU005,CH04,DOWNSIDE,FV_DOWNSIDE_202511,1920,47278080.0,38798384.85,3684100.64,155131.2,FROZEN,true,2025-12-01,true,ASSUMPTION,14
2025-10-01,2025-11-01,SKU006,CH04,BASE,FV_BASE_202511,2060,56361600.0,37555144.49,4013181.52,159600.0,FROZEN,true,2025-12-01,true,ASSUMPTION,0
2025-10-01,2025-11-01,SKU006,CH04,UPSIDE,FV_UPSIDE_202511,2140,58550400.0,36832930.18,4013181.52,156408.0,FROZEN,true,2025-12-01,true,ASSUMPTION,-6
2025-10-01,2025-11-01,SKU006,CH04,DOWNSIDE,FV_DOWNSIDE_202511,1920,52531200.0,39360680.29,4093445.15,172368.0,FROZEN,true,2025-12-01,true,ASSUMPTION,14
2025-10-01,2025-11-01,SKU007,CH04,BASE,FV_BASE_202511,3090,64815840.0,56556259.27,4615158.75,183540.0,FROZEN,true,2025-12-01,true,ASSUMPTION,0
2025-10-01,2025-11-01,SKU007,CH04,UPSIDE,FV_UPSIDE_202511,3210,67332960.0,55468638.9,4615158.75,179869.2,FROZEN,true,2025-12-01,true,ASSUMPTION,-6
2025-10-01,2025-11-01,SKU007,CH04,DOWNSIDE,FV_DOWNSIDE_202511,2880,60410880.0,59275310.2,4707461.93,198223.2,FROZEN,true,2025-12-01,true,ASSUMPTION,14
2025-10-01,2025-11-01,SKU008,CH04,BASE,FV_BASE_202511,3090,70452000.0,58121056.96,5016476.9,199500.0,FROZEN,true,2025-12-01,true,ASSUMPTION,0
2025-10-01,2025-11-01,SKU008,CH04,UPSIDE,FV_UPSIDE_202511,3210,73188000.0,57003344.32,5016476.9,195510.0,FROZEN,true,2025-12-01,true,ASSUMPTION,-6
2025-10-01,2025-11-01,SKU008,CH04,DOWNSIDE,FV_DOWNSIDE_202511,2880,65664000.0,60915338.54,5116806.44,215460.0,FROZEN,true,2025-12-01,true,ASSUMPTION,14
2025-10-01,2025-11-01,SKU009,CH04,BASE,FV_BASE_202511,3090,59179680.0,54454959.52,4213840.6,167580.0,FROZEN,true,2025-12-01,true,ASSUMPTION,0
2025-10-01,2025-11-01,SKU009,CH04,UPSIDE,FV_UPSIDE_202511,3210,61477920.0,53407748.76,4213840.6,164228.4,FROZEN,true,2025-12-01,true,ASSUMPTION,-6
2025-10-01,2025-11-01,SKU009,CH04,DOWNSIDE,FV_DOWNSIDE_202511,2880,55157760.0,57072986.42,4298117.41,180986.4,FROZEN,true,2025-12-01,true,ASSUMPTION,14
2025-10-01,2025-11-01,SKU010,CH04,BASE,FV_BASE_202511,2060,45089280.0,35766804.29,3210545.22,127680.0,FROZEN,true,2025-12-01,true,ASSUMPTION,0
2025-10-01,2025-11-01,SKU010,CH04,UPSIDE,FV_UPSIDE_202511,2140,46840320.0,35078981.13,3210545.22,125126.4,FROZEN,true,2025-12-01,true,ASSUMPTION,-6
2025-10-01,2025-11-01,SKU010,CH04,DOWNSIDE,FV_DOWNSIDE_202511,1920,42024960.0,37486362.19,3274756.12,137894.4,FROZEN,true,2025-12-01,true,ASSUMPTION,14
2025-10-01,2025-11-01,SKU011,CH04,BASE,FV_BASE_202511,1030,32877600.0,15647976.87,2341022.55,93100.0,FROZEN,true,2025-12-01,true,ASSUMPTION,0
2025-10-01,2025-11-01,SKU011,CH04,UPSIDE,FV_UPSIDE_202511,1070,34154400.0,15347054.24,2341022.55,91238.0,FROZEN,true,2025-12-01,true,ASSUMPTION,-6
2025-10-01,2025-11-01,SKU011,CH04,DOWNSIDE,FV_DOWNSIDE_202511,960,30643200.0,16400283.45,2387843.0,100548.0,FROZEN,true,2025-12-01,true,ASSUMPTION,14
2025-10-01,2025-11-01,SKU012,CH04,BASE,FV_BASE_202511,2060,54482880.0,33710213.05,3879408.81,154280.0,FROZEN,true,2025-12-01,true,ASSUMPTION,0
2025-10-01,2025-11-01,SKU012,CH04,UPSIDE,FV_UPSIDE_202511,2140,56598720.0,33061939.72,3879408.81,151194.4,FROZEN,true,2025-12-01,true,ASSUMPTION,-6
2025-10-01,2025-11-01,SKU012,CH04,DOWNSIDE,FV_DOWNSIDE_202511,1920,50780160.0,35330896.37,3956996.99,166622.4,FROZEN,true,2025-12-01,true,ASSUMPTION,14
2025-10-01,2025-11-01,SKU001,CH05,BASE,FV_BASE_202511,4120,118013280.0,71151461.85,7935529.72,334180.0,FROZEN,true,2025-12-01,true,ASSUMPTION,0
2025-10-01,2025-11-01,SKU001,CH05,UPSIDE,FV_UPSIDE_202511,4280,122596320.0,69783164.5,7935529.72,327496.4,FROZEN,true,2025-12-01,true,ASSUMPTION,-6
2025-10-01,2025-11-01,SKU001,CH05,DOWNSIDE,FV_DOWNSIDE_202511,3840,109992960.0,74572205.2,8094240.31,360914.4,FROZEN,true,2025-12-01,true,ASSUMPTION,14
2025-10-01,2025-11-01,SKU002,CH05,BASE,FV_BASE_202511,3090,102785760.0,55773565.26,6911590.4,291060.0,FROZEN,true,2025-12-01,true,ASSUMPTION,0
2025-10-01,2025-11-01,SKU002,CH05,UPSIDE,FV_UPSIDE_202511,3210,106777440.0,54700996.69,6911590.4,285238.8,FROZEN,true,2025-12-01,true,ASSUMPTION,-6
2025-10-01,2025-11-01,SKU002,CH05,DOWNSIDE,FV_DOWNSIDE_202511,2880,95800320.0,58454986.66,7049822.21,314344.8,FROZEN,true,2025-12-01,true,ASSUMPTION,14
2025-10-01,2025-11-01,SKU003,CH05,BASE,FV_BASE_202511,2060,60910080.0,34887168.39,4095757.27,172480.0,FROZEN,true,2025-12-01,true,ASSUMPTION,0
2025-10-01,2025-11-01,SKU003,CH05,UPSIDE,FV_UPSIDE_202511,2140,63275520.0,34216261.3,4095757.27,169030.4,FROZEN,true,2025-12-01,true,ASSUMPTION,-6
2025-10-01,2025-11-01,SKU003,CH05,DOWNSIDE,FV_DOWNSIDE_202511,1920,56770560.0,36564436.1,4177672.42,186278.4,FROZEN,true,2025-12-01,true,ASSUMPTION,14
2025-10-01,2025-11-01,SKU004,CH05,BASE,FV_BASE_202511,3090,79944480.0,53019315.12,5375681.42,226380.0,FROZEN,true,2025-12-01,true,ASSUMPTION,0
2025-10-01,2025-11-01,SKU004,CH05,UPSIDE,FV_UPSIDE_202511,3210,83049120.0,51999712.9,5375681.42,221852.4,FROZEN,true,2025-12-01,true,ASSUMPTION,-6
2025-10-01,2025-11-01,SKU004,CH05,DOWNSIDE,FV_DOWNSIDE_202511,2880,74511360.0,55568320.65,5483195.05,244490.4,FROZEN,true,2025-12-01,true,ASSUMPTION,14
2025-10-01,2025-11-01,SKU005,CH05,BASE,FV_BASE_202511,3090,77089320.0,53449666.7,5183692.8,218295.0,FROZEN,true,2025-12-01,true,ASSUMPTION,0
2025-10-01,2025-11-01,SKU005,CH05,UPSIDE,FV_UPSIDE_202511,3210,80083080.0,52421788.5,5183692.8,213929.1,FROZEN,true,2025-12-01,true,ASSUMPTION,-6
2025-10-01,2025-11-01,SKU005,CH05,DOWNSIDE,FV_DOWNSIDE_202511,2880,71850240.0,56019362.22,5287366.66,235758.6,FROZEN,true,2025-12-01,true,ASSUMPTION,14
2025-10-01,2025-11-01,SKU006,CH05,BASE,FV_BASE_202511,2060,57103200.0,36149533.04,3839772.44,161700.0,FROZEN,true,2025-12-01,true,ASSUMPTION,0
2025-10-01,2025-11-01,SKU006,CH05,UPSIDE,FV_UPSIDE_202511,2140,59320800.0,35454349.71,3839772.44,158466.0,FROZEN,true,2025-12-01,true,ASSUMPTION,-6
2025-10-01,2025-11-01,SKU006,CH05,DOWNSIDE,FV_DOWNSIDE_202511,1920,53222400.0,37887491.35,3916567.89,174636.0,FROZEN,true,2025-12-01,true,ASSUMPTION,14
2025-10-01,2025-11-01,SKU007,CH05,BASE,FV_BASE_202511,4120,87558240.0,72585967.13,5887651.08,247940.0,FROZEN,true,2025-12-01,true,ASSUMPTION,0
2025-10-01,2025-11-01,SKU007,CH05,UPSIDE,FV_UPSIDE_202511,4280,90958560.0,71190083.14,5887651.08,242981.2,FROZEN,true,2025-12-01,true,ASSUMPTION,-6
2025-10-01,2025-11-01,SKU007,CH05,DOWNSIDE,FV_DOWNSIDE_202511,3840,81607680.0,76075677.08,6005404.1,267775.2,FROZEN,true,2025-12-01,true,ASSUMPTION,14
2025-10-01,2025-11-01,SKU008,CH05,BASE,FV_BASE_202511,3090,71379000.0,55945705.89,4799715.56,202125.0,FROZEN,true,2025-12-01,true,ASSUMPTION,0
2025-10-01,2025-11-01,SKU008,CH05,UPSIDE,FV_UPSIDE_202511,3210,74151000.0,54869826.93,4799715.56,198082.5,FROZEN,true,2025-12-01,true,ASSUMPTION,-6
2025-10-01,2025-11-01,SKU008,CH05,DOWNSIDE,FV_DOWNSIDE_202511,2880,66528000.0,58635403.29,4895709.87,218295.0,FROZEN,true,2025-12-01,true,ASSUMPTION,14
2025-10-01,2025-11-01,SKU009,CH05,BASE,FV_BASE_202511,4120,79944480.0,69889097.2,5375681.42,226380.0,FROZEN,true,2025-12-01,true,ASSUMPTION,0
2025-10-01,2025-11-01,SKU009,CH05,UPSIDE,FV_UPSIDE_202511,4280,83049120.0,68545076.1,5375681.42,221852.4,FROZEN,true,2025-12-01,true,ASSUMPTION,-6
2025-10-01,2025-11-01,SKU009,CH05,DOWNSIDE,FV_DOWNSIDE_202511,3840,74511360.0,73249149.95,5483195.05,244490.4,FROZEN,true,2025-12-01,true,ASSUMPTION,14
2025-10-01,2025-11-01,SKU010,CH05,BASE,FV_BASE_202511,3090,68523840.0,51642190.05,4607726.93,194040.0,FROZEN,true,2025-12-01,true,ASSUMPTION,0
2025-10-01,2025-11-01,SKU010,CH05,UPSIDE,FV_UPSIDE_202511,3210,71184960.0,50649071.01,4607726.93,190159.2,FROZEN,true,2025-12-01,true,ASSUMPTION,-6
2025-10-01,2025-11-01,SKU010,CH05,DOWNSIDE,FV_DOWNSIDE_202511,2880,63866880.0,54124987.65,4699881.47,209563.2,FROZEN,true,2025-12-01,true,ASSUMPTION,14
2025-10-01,2025-11-01,SKU011,CH05,BASE,FV_BASE_202511,2060,66620400.0,30124610.86,4479734.52,188650.0,FROZEN,true,2025-12-01,true,ASSUMPTION,0
2025-10-01,2025-11-01,SKU011,CH05,UPSIDE,FV_UPSIDE_202511,2140,69207600.0,29545291.42,4479734.52,184877.0,FROZEN,true,2025-12-01,true,ASSUMPTION,-6
2025-10-01,2025-11-01,SKU011,CH05,DOWNSIDE,FV_DOWNSIDE_202511,1920,62092800.0,31572909.46,4569329.21,203742.0,FROZEN,true,2025-12-01,true,ASSUMPTION,14
2025-10-01,2025-11-01,SKU012,CH05,BASE,FV_BASE_202511,2060,55199760.0,32448509.44,3711780.03,156310.0,FROZEN,true,2025-12-01,true,ASSUMPTION,0
2025-10-01,2025-11-01,SKU012,CH05,UPSIDE,FV_UPSIDE_202511,2140,57343440.0,31824499.65,3711780.03,153183.8,FROZEN,true,2025-12-01,true,ASSUMPTION,-6
2025-10-01,2025-11-01,SKU012,CH05,DOWNSIDE,FV_DOWNSIDE_202511,1920,51448320.0,34008533.94,3786015.63,168814.8,FROZEN,true,2025-12-01,true,ASSUMPTION,14
2025-11-01,2025-12-01,SKU001,CH01,BASE,FV_BASE_202512,11330,335073420.0,200199716.98,8601328.33,948832.5,FROZEN,true,2026-01-01,true,ASSUMPTION,0
2025-11-01,2025-12-01,SKU001,CH01,UPSIDE,FV_UPSIDE_202512,11770,348085980.0,196349722.43,8601328.33,929855.85,FROZEN,true,2026-01-01,true,ASSUMPTION,-6
2025-11-01,2025-12-01,SKU001,CH01,DOWNSIDE,FV_DOWNSIDE_202512,10560,312301440.0,209824703.38,8773354.9,1024739.1,FROZEN,true,2026-01-01,true,ASSUMPTION,14
2025-11-01,2025-12-01,SKU002,CH01,BASE,FV_BASE_202512,8240,282994560.0,152175268.75,7264464.98,801360.0,FROZEN,true,2026-01-01,true,ASSUMPTION,0
2025-11-01,2025-12-01,SKU002,CH01,UPSIDE,FV_UPSIDE_202512,8560,293984640.0,149248821.28,7264464.98,785332.8,FROZEN,true,2026-01-01,true,ASSUMPTION,-6
2025-11-01,2025-12-01,SKU002,CH01,DOWNSIDE,FV_DOWNSIDE_202512,7680,263761920.0,159491387.44,7409754.28,865468.8,FROZEN,true,2026-01-01,true,ASSUMPTION,14
2025-11-01,2025-12-01,SKU003,CH01,BASE,FV_BASE_202512,7210,220106880.0,124934016.94,5650139.43,623280.0,FROZEN,true,2026-01-01,true,ASSUMPTION,0
2025-11-01,2025-12-01,SKU003,CH01,UPSIDE,FV_UPSIDE_202512,7490,228654720.0,122531439.69,5650139.43,610814.4,FROZEN,true,2026-01-01,true,ASSUMPTION,-6
2025-11-01,2025-12-01,SKU003,CH01,DOWNSIDE,FV_DOWNSIDE_202512,6720,205148160.0,130940460.06,5763142.22,673142.4,FROZEN,true,2026-01-01,true,ASSUMPTION,14
2025-11-01,2025-12-01,SKU004,CH01,BASE,FV_BASE_202512,11330,302646960.0,198908105.91,7768941.71,857010.0,FROZEN,true,2026-01-01,true,ASSUMPTION,0
2025-11-01,2025-12-01,SKU004,CH01,UPSIDE,FV_UPSIDE_202512,11770,314400240.0,195082950.02,7768941.71,839869.8,FROZEN,true,2026-01-01,true,ASSUMPTION,-6
2025-11-01,2025-12-01,SKU004,CH01,DOWNSIDE,FV_DOWNSIDE_202512,10560,282078720.0,208470995.61,7924320.54,925570.8,FROZEN,true,2026-01-01,true,ASSUMPTION,14
2025-11-01,2025-12-01,SKU005,CH01,BASE,FV_BASE_202512,9270,238776660.0,164063961.62,6129392.33,676147.5,FROZEN,true,2026-01-01,true,ASSUMPTION,0
2025-11-01,2025-12-01,SKU005,CH01,UPSIDE,FV_UPSIDE_202512,9630,248049540.0,160908885.44,6129392.33,662624.55,FROZEN,true,2026-01-01,true,ASSUMPTION,-6
2025-11-01,2025-12-01,SKU005,CH01,DOWNSIDE,FV_DOWNSIDE_202512,8640,222549120.0,171951652.08,6251980.18,730239.3,FROZEN,true,2026-01-01,true,ASSUMPTION,14
2025-11-01,2025-12-01,SKU006,CH01,BASE,FV_BASE_202512,7210,206350200.0,129454655.71,5297005.71,584325.0,FROZEN,true,2026-01-01,true,ASSUMPTION,0
2025-11-01,2025-12-01,SKU006,CH01,UPSIDE,FV_UPSIDE_202512,7490,214363800.0,126965143.1,5297005.71,572638.5,FROZEN,true,2026-01-01,true,ASSUMPTION,-6
2025-11-01,2025-12-01,SKU006,CH01,DOWNSIDE,FV_DOWNSIDE_202512,6720,192326400.0,135678437.23,5402945.82,631071.0,FROZEN,true,2026-01-01,true,ASSUMPTION,14
2025-11-01,2025-12-01,SKU007,CH01,BASE,FV_BASE_202512,12360,271203120.0,222802910.84,6961778.94,767970.0,FROZEN,true,2026-01-01,true,ASSUMPTION,0
2025-11-01,2025-12-01,SKU007,CH01,UPSIDE,FV_UPSIDE_202512,12840,281735280.0,218518239.48,6961778.94,752610.6,FROZEN,true,2026-01-01,true,ASSUMPTION,-6
2025-11-01,2025-12-01,SKU007,CH01,DOWNSIDE,FV_DOWNSIDE_202512,11520,252771840.0,233514589.25,7101014.52,829407.6,FROZEN,true,2026-01-01,true,ASSUMPTION,14
2025-11-01,2025-12-01,SKU008,CH01,BASE,FV_BASE_202512,9270,221089500.0,171725563.69,5675363.27,626062.5,FROZEN,true,2026-01-01,true,ASSUMPTION,0
2025-11-01,2025-12-01,SKU008,CH01,UPSIDE,FV_UPSIDE_202512,9630,229675500.0,168423149.01,5675363.27,613541.25,FROZEN,true,2026-01-01,true,ASSUMPTION,-6
2025-11-01,2025-12-01,SKU008,CH01,DOWNSIDE,FV_DOWNSIDE_202512,8640,206064000.0,179981600.41,5788870.54,676147.5,FROZEN,true,2026-01-01,true,ASSUMPTION,14
2025-11-01,2025-12-01,SKU009,CH01,BASE,FV_BASE_202512,11330,226985220.0,196647786.52,5826706.29,642757.5,FROZEN,true,2026-01-01,true,ASSUMPTION,0
2025-11-01,2025-12-01,SKU009,CH01,UPSIDE,FV_UPSIDE_202512,11770,235800180.0,192866098.32,5826706.29,629902.35,FROZEN,true,2026-01-01,true,ASSUMPTION,-6
2025-11-01,2025-12-01,SKU009,CH01,DOWNSIDE,FV_DOWNSIDE_202512,10560,211559040.0,206102007.03,5943240.42,694178.1,FROZEN,true,2026-01-01,true,ASSUMPTION,14
2025-11-01,2025-12-01,SKU010,CH01,BASE,FV_BASE_202512,9270,212245920.0,158515904.94,5448348.73,601020.0,FROZEN,true,2026-01-01,true,ASSUMPTION,0
2025-11-01,2025-12-01,SKU010,CH01,UPSIDE,FV_UPSIDE_202512,9630,220488480.0,155467522.16,5448348.73,588999.6,FROZEN,true,2026-01-01,true,ASSUMPTION,-6
2025-11-01,2025-12-01,SKU010,CH01,DOWNSIDE,FV_DOWNSIDE_202512,8640,197821440.0,166136861.91,5557315.7,649101.6,FROZEN,true,2026-01-01,true,ASSUMPTION,14
2025-11-01,2025-12-01,SKU011,CH01,BASE,FV_BASE_202512,5150,171958500.0,77056342.68,4414171.43,486937.5,FROZEN,true,2026-01-01,true,ASSUMPTION,0
2025-11-01,2025-12-01,SKU011,CH01,UPSIDE,FV_UPSIDE_202512,5350,178636500.0,75574489.93,4414171.43,477198.75,FROZEN,true,2026-01-01,true,ASSUMPTION,-6
2025-11-01,2025-12-01,SKU011,CH01,DOWNSIDE,FV_DOWNSIDE_202512,4800,160272000.0,80760974.54,4502454.86,525892.5,FROZEN,true,2026-01-01,true,ASSUMPTION,14
2025-11-01,2025-12-01,SKU012,CH01,BASE,FV_BASE_202512,7210,199471860.0,116200964.77,5120438.86,564847.5,FROZEN,true,2026-01-01,true,ASSUMPTION,0
2025-11-01,2025-12-01,SKU012,CH01,UPSIDE,FV_UPSIDE_202512,7490,207218340.0,113966330.83,5120438.86,553550.55,FROZEN,true,2026-01-01,true,ASSUMPTION,-6
2025-11-01,2025-12-01,SKU012,CH01,DOWNSIDE,FV_DOWNSIDE_202512,6720,185915520.0,121787549.61,5222847.64,610035.3,FROZEN,true,2026-01-01,true,ASSUMPTION,14
2025-11-01,2025-12-01,SKU001,CH02,BASE,FV_BASE_202512,9270,274150980.0,161961030.65,10297418.57,776317.5,FROZEN,true,2026-01-01,true,ASSUMPTION,0
2025-11-01,2025-12-01,SKU001,CH02,UPSIDE,FV_UPSIDE_202512,9630,284797620.0,158846395.44,10297418.57,760791.15,FROZEN,true,2026-01-01,true,ASSUMPTION,-6
2025-11-01,2025-12-01,SKU001,CH02,DOWNSIDE,FV_DOWNSIDE_202512,8640,255519360.0,169747618.66,10503366.94,838422.9,FROZEN,true,2026-01-01,true,ASSUMPTION,14
2025-11-01,2025-12-01,SKU002,CH02,BASE,FV_BASE_202512,6180,212245920.0,112850266.52,7972195.02,601020.0,FROZEN,true,2026-01-01,true,ASSUMPTION,0
2025-11-01,2025-12-01,SKU002,CH02,UPSIDE,FV_UPSIDE_202512,6420,220488480.0,110680069.08,7972195.02,588999.6,FROZEN,true,2026-01-01,true,ASSUMPTION,-6
2025-11-01,2025-12-01,SKU002,CH02,DOWNSIDE,FV_DOWNSIDE_202512,5760,197821440.0,118275760.1,8131638.92,649101.6,FROZEN,true,2026-01-01,true,ASSUMPTION,14
2025-11-01,2025-12-01,SKU003,CH02,BASE,FV_BASE_202512,6180,188663040.0,105884200.69,7086395.58,534240.0,FROZEN,true,2026-01-01,true,ASSUMPTION,0
2025-11-01,2025-12-01,SKU003,CH02,UPSIDE,FV_UPSIDE_202512,6420,195989760.0,103847966.06,7086395.58,523555.2,FROZEN,true,2026-01-01,true,ASSUMPTION,-6
2025-11-01,2025-12-01,SKU003,CH02,DOWNSIDE,FV_DOWNSIDE_202512,5760,175841280.0,110974787.26,7228123.49,576979.2,FROZEN,true,2026-01-01,true,ASSUMPTION,14
2025-11-01,2025-12-01,SKU004,CH02,BASE,FV_BASE_202512,8240,220106880.0,143036551.8,8267461.51,623280.0,FROZEN,true,2026-01-01,true,ASSUMPTION,0
2025-11-01,2025-12-01,SKU004,CH02,UPSIDE,FV_UPSIDE_202512,8560,228654720.0,140285848.88,8267461.51,610814.4,FROZEN,true,2026-01-01,true,ASSUMPTION,-6
2025-11-01,2025-12-01,SKU004,CH02,DOWNSIDE,FV_DOWNSIDE_202512,7680,205148160.0,149913309.1,8432810.74,673142.4,FROZEN,true,2026-01-01,true,ASSUMPTION,14
2025-11-01,2025-12-01,SKU005,CH02,BASE,FV_BASE_202512,7210,185715180.0,126172867.42,6975670.64,525892.5,FROZEN,true,2026-01-01,true,ASSUMPTION,0
2025-11-01,2025-12-01,SKU005,CH02,UPSIDE,FV_UPSIDE_202512,7490,192927420.0,123746466.13,6975670.64,515374.65,FROZEN,true,2026-01-01,true,ASSUMPTION,-6
2025-11-01,2025-12-01,SKU005,CH02,DOWNSIDE,FV_DOWNSIDE_202512,6720,173093760.0,132238870.66,7115184.05,567963.9,FROZEN,true,2026-01-01,true,ASSUMPTION,14
2025-11-01,2025-12-01,SKU006,CH02,BASE,FV_BASE_202512,5150,147393000.0,91429614.08,5536246.54,417375.0,FROZEN,true,2026-01-01,true,ASSUMPTION,0
2025-11-01,2025-12-01,SKU006,CH02,UPSIDE,FV_UPSIDE_202512,5350,153117000.0,89671352.27,5536246.54,409027.5,FROZEN,true,2026-01-01,true,ASSUMPTION,-6
2025-11-01,2025-12-01,SKU006,CH02,DOWNSIDE,FV_DOWNSIDE_202512,4800,137376000.0,95825268.6,5646971.47,450765.0,FROZEN,true,2026-01-01,true,ASSUMPTION,14
2025-11-01,2025-12-01,SKU007,CH02,BASE,FV_BASE_202512,9270,203402340.0,165226374.01,7640020.23,575977.5,FROZEN,true,2026-01-01,true,ASSUMPTION,0
2025-11-01,2025-12-01,SKU007,CH02,UPSIDE,FV_UPSIDE_202512,9630,211301460.0,162048943.74,7640020.23,564457.95,FROZEN,true,2026-01-01,true,ASSUMPTION,-6
2025-11-01,2025-12-01,SKU007,CH02,DOWNSIDE,FV_DOWNSIDE_202512,8640,189578880.0,173169949.68,7792820.63,622055.7,FROZEN,true,2026-01-01,true,ASSUMPTION,14
2025-11-01,2025-12-01,SKU008,CH02,BASE,FV_BASE_202512,7210,171958500.0,132064998.11,6458954.3,486937.5,FROZEN,true,2026-01-01,true,ASSUMPTION,0
2025-11-01,2025-12-01,SKU008,CH02,UPSIDE,FV_UPSIDE_202512,7490,178636500.0,129525286.61,6458954.3,477198.75,FROZEN,true,2026-01-01,true,ASSUMPTION,-6
2025-11-01,2025-12-01,SKU008,CH02,DOWNSIDE,FV_DOWNSIDE_202512,6720,160272000.0,138414276.87,6588133.39,525892.5,FROZEN,true,2026-01-01,true,ASSUMPTION,14
2025-11-01,2025-12-01,SKU009,CH02,BASE,FV_BASE_202512,9270,185715180.0,159087528.5,6975670.64,525892.5,FROZEN,true,2026-01-01,true,ASSUMPTION,0
2025-11-01,2025-12-01,SKU009,CH02,UPSIDE,FV_UPSIDE_202512,9630,192927420.0,156028152.95,6975670.64,515374.65,FROZEN,true,2026-01-01,true,ASSUMPTION,-6
2025-11-01,2025-12-01,SKU009,CH02,DOWNSIDE,FV_DOWNSIDE_202512,8640,173093760.0,166735967.37,7115184.05,567963.9,FROZEN,true,2026-01-01,true,ASSUMPTION,14
2025-11-01,2025-12-01,SKU010,CH02,BASE,FV_BASE_202512,7210,165080160.0,121906152.11,6200596.13,467460.0,FROZEN,true,2026-01-01,true,ASSUMPTION,0
2025-11-01,2025-12-01,SKU010,CH02,UPSIDE,FV_UPSIDE_202512,7490,171491040.0,119561803.03,6200596.13,458110.8,FROZEN,true,2026-01-01,true,ASSUMPTION,-6
2025-11-01,2025-12-01,SKU010,CH02,DOWNSIDE,FV_DOWNSIDE_202512,6720,153861120.0,127767024.81,6324608.05,504856.8,FROZEN,true,2026-01-01,true,ASSUMPTION,14
2025-11-01,2025-12-01,SKU011,CH02,BASE,FV_BASE_202512,4120,137566800.0,60953076.05,5167163.44,389550.0,FROZEN,true,2026-01-01,true,ASSUMPTION,0
2025-11-01,2025-12-01,SKU011,CH02,UPSIDE,FV_UPSIDE_202512,4280,142909200.0,59780901.51,5167163.44,381759.0,FROZEN,true,2026-01-01,true,ASSUMPTION,-6
2025-11-01,2025-12-01,SKU011,CH02,DOWNSIDE,FV_DOWNSIDE_202512,3840,128217600.0,63883512.4,5270506.71,420714.0,FROZEN,true,2026-01-01,true,ASSUMPTION,14
2025-11-01,2025-12-01,SKU012,CH02,BASE,FV_BASE_202512,5150,142479900.0,82068963.11,5351704.99,403462.5,FROZEN,true,2026-01-01,true,ASSUMPTION,0
2025-11-01,2025-12-01,SKU012,CH02,UPSIDE,FV_UPSIDE_202512,5350,148013100.0,80490713.82,5351704.99,395393.25,FROZEN,true,2026-01-01,true,ASSUMPTION,-6
2025-11-01,2025-12-01,SKU012,CH02,DOWNSIDE,FV_DOWNSIDE_202512,4800,132796800.0,86014586.34,5458739.09,435739.5,FROZEN,true,2026-01-01,true,ASSUMPTION,14
2025-11-01,2025-12-01,SKU001,CH03,BASE,FV_BASE_202512,7210,207640790.0,137568951.07,5462925.39,587979.58,FROZEN,true,2026-01-01,true,ASSUMPTION,0
2025-11-01,2025-12-01,SKU001,CH03,UPSIDE,FV_UPSIDE_202512,7490,215704510.0,134923394.32,5462925.39,576219.99,FROZEN,true,2026-01-01,true,ASSUMPTION,-6
2025-11-01,2025-12-01,SKU001,CH03,DOWNSIDE,FV_DOWNSIDE_202512,6720,193529280.0,144182842.95,5572183.9,635017.95,FROZEN,true,2026-01-01,true,ASSUMPTION,14
2025-11-01,2025-12-01,SKU002,CH03,BASE,FV_BASE_202512,5150,172236600.0,102701244.58,4531458.85,487725.0,FROZEN,true,2026-01-01,true,ASSUMPTION,0
2025-11-01,2025-12-01,SKU002,CH03,UPSIDE,FV_UPSIDE_202512,5350,178925400.0,100726220.64,4531458.85,477970.5,FROZEN,true,2026-01-01,true,ASSUMPTION,-6
2025-11-01,2025-12-01,SKU002,CH03,DOWNSIDE,FV_DOWNSIDE_202512,4800,160531200.0,107638804.41,4622088.03,526743.0,FROZEN,true,2026-01-01,true,ASSUMPTION,14
2025-11-01,2025-12-01,SKU003,CH03,BASE,FV_BASE_202512,5150,153099200.0,96361661.58,4027963.42,433533.33,FROZEN,true,2026-01-01,true,ASSUMPTION,0
2025-11-01,2025-12-01,SKU003,CH03,UPSIDE,FV_UPSIDE_202512,5350,159044800.0,94508552.71,4027963.42,424862.67,FROZEN,true,2026-01-01,true,ASSUMPTION,-6
2025-11-01,2025-12-01,SKU003,CH03,DOWNSIDE,FV_DOWNSIDE_202512,4800,142694400.0,100994433.77,4108522.69,468216.0,FROZEN,true,2026-01-01,true,ASSUMPTION,14
2025-11-01,2025-12-01,SKU004,CH03,BASE,FV_BASE_202512,7210,187546520.0,136681409.46,4934255.19,531078.33,FROZEN,true,2026-01-01,true,ASSUMPTION,0
2025-11-01,2025-12-01,SKU004,CH03,UPSIDE,FV_UPSIDE_202512,7490,194829880.0,134052920.81,4934255.19,520456.77,FROZEN,true,2026-01-01,true,ASSUMPTION,-6
2025-11-01,2025-12-01,SKU004,CH03,DOWNSIDE,FV_DOWNSIDE_202512,6720,174800640.0,143252631.07,5032940.29,573564.6,FROZEN,true,2026-01-01,true,ASSUMPTION,14
2025-11-01,2025-12-01,SKU005,CH03,BASE,FV_BASE_202512,6180,155012940.0,118106431.27,4078312.96,438952.5,FROZEN,true,2026-01-01,true,ASSUMPTION,0
2025-11-01,2025-12-01,SKU005,CH03,UPSIDE,FV_UPSIDE_202512,6420,161032860.0,115835153.74,4078312.96,430173.45,FROZEN,true,2026-01-01,true,ASSUMPTION,-6
2025-11-01,2025-12-01,SKU005,CH03,DOWNSIDE,FV_DOWNSIDE_202512,5760,144478080.0,123784625.08,4159879.22,474068.7,FROZEN,true,2026-01-01,true,ASSUMPTION,14
2025-11-01,2025-12-01,SKU006,CH03,BASE,FV_BASE_202512,4120,114824400.0,79878745.78,3020972.57,325150.0,FROZEN,true,2026-01-01,true,ASSUMPTION,0
2025-11-01,2025-12-01,SKU006,CH03,UPSIDE,FV_UPSIDE_202512,4280,119283600.0,78342616.06,3020972.57,318647.0,FROZEN,true,2026-01-01,true,ASSUMPTION,-6
2025-11-01,2025-12-01,SKU006,CH03,DOWNSIDE,FV_DOWNSIDE_202512,3840,107020800.0,83719070.1,3081392.02,351162.0,FROZEN,true,2026-01-01,true,ASSUMPTION,14
2025-11-01,2025-12-01,SKU007,CH03,BASE,FV_BASE_202512,7210,154056070.0,140342518.64,4053138.19,436242.92,FROZEN,true,2026-01-01,true,ASSUMPTION,0
2025-11-01,2025-12-01,SKU007,CH03,UPSIDE,FV_UPSIDE_202512,7490,160038830.0,137643624.05,4053138.19,427518.06,FROZEN,true,2026-01-01,true,ASSUMPTION,-6
2025-11-01,2025-12-01,SKU007,CH03,DOWNSIDE,FV_DOWNSIDE_202512,6720,143586240.0,147089755.11,4134200.95,471142.35,FROZEN,true,2026-01-01,true,ASSUMPTION,14
2025-11-01,2025-12-01,SKU008,CH03,BASE,FV_BASE_202512,6180,143530500.0,123621868.48,3776215.71,406437.5,FROZEN,true,2026-01-01,true,ASSUMPTION,0
2025-11-01,2025-12-01,SKU008,CH03,UPSIDE,FV_UPSIDE_202512,6420,149104500.0,121244524.85,3776215.71,398308.75,FROZEN,true,2026-01-01,true,ASSUMPTION,-6
2025-11-01,2025-12-01,SKU008,CH03,DOWNSIDE,FV_DOWNSIDE_202512,5760,133776000.0,129565227.54,3851740.02,438952.5,FROZEN,true,2026-01-01,true,ASSUMPTION,14
2025-11-01,2025-12-01,SKU009,CH03,BASE,FV_BASE_202512,7210,140659890.0,135128211.62,3700691.39,398308.75,FROZEN,true,2026-01-01,true,ASSUMPTION,0
2025-11-01,2025-12-01,SKU009,CH03,UPSIDE,FV_UPSIDE_202512,7490,146122410.0,132529592.16,3700691.39,390342.58,FROZEN,true,2026-01-01,true,ASSUMPTION,-6
2025-11-01,2025-12-01,SKU009,CH03,DOWNSIDE,FV_DOWNSIDE_202512,6720,131100480.0,141624760.25,3774705.22,430173.45,FROZEN,true,2026-01-01,true,ASSUMPTION,14
2025-11-01,2025-12-01,SKU010,CH03,BASE,FV_BASE_202512,6180,137789280.0,114112493.98,3625167.08,390180.0,FROZEN,true,2026-01-01,true,ASSUMPTION,0
2025-11-01,2025-12-01,SKU010,CH03,UPSIDE,FV_UPSIDE_202512,6420,143140320.0,111918022.94,3625167.08,382376.4,FROZEN,true,2026-01-01,true,ASSUMPTION,-6
2025-11-01,2025-12-01,SKU010,CH03,DOWNSIDE,FV_DOWNSIDE_202512,5760,128424960.0,119598671.57,3697670.42,421394.4,FROZEN,true,2026-01-01,true,ASSUMPTION,14
2025-11-01,2025-12-01,SKU011,CH03,BASE,FV_BASE_202512,3090,100471350.0,49924216.12,2643351.0,284506.25,FROZEN,true,2026-01-01,true,ASSUMPTION,0
2025-11-01,2025-12-01,SKU011,CH03,UPSIDE,FV_UPSIDE_202512,3210,104373150.0,48964135.04,2643351.0,278816.13,FROZEN,true,2026-01-01,true,ASSUMPTION,-6
2025-11-01,2025-12-01,SKU011,CH03,DOWNSIDE,FV_DOWNSIDE_202512,2880,93643200.0,52324418.82,2696218.02,307266.75,FROZEN,true,2026-01-01,true,ASSUMPTION,14
2025-11-01,2025-12-01,SKU012,CH03,BASE,FV_BASE_202512,5150,138746150.0,89625854.65,3650341.85,392889.58,FROZEN,true,2026-01-01,true,ASSUMPTION,0
2025-11-01,2025-12-01,SKU012,CH03,UPSIDE,FV_UPSIDE_202512,5350,144134350.0,87902280.52,3650341.85,385031.79,FROZEN,true,2026-01-01,true,ASSUMPTION,-6
2025-11-01,2025-12-01,SKU012,CH03,DOWNSIDE,FV_DOWNSIDE_202512,4800,129316800.0,93934789.97,3723348.69,424320.75,FROZEN,true,2026-01-01,true,ASSUMPTION,14
2025-11-01,2025-12-01,SKU001,CH04,BASE,FV_BASE_202512,3090,90234180.0,56640664.46,2455740.44,255517.5,FROZEN,true,2026-01-01,true,ASSUMPTION,0
2025-11-01,2025-12-01,SKU001,CH04,UPSIDE,FV_UPSIDE_202512,3210,93738420.0,55551420.92,2455740.44,250407.15,FROZEN,true,2026-01-01,true,ASSUMPTION,-6
2025-11-01,2025-12-01,SKU001,CH04,DOWNSIDE,FV_DOWNSIDE_202512,2880,84101760.0,59363773.33,2504855.25,275958.9,FROZEN,true,2026-01-01,true,ASSUMPTION,14
2025-11-01,2025-12-01,SKU002,CH04,BASE,FV_BASE_202512,2060,69858720.0,39465753.3,1901218.4,197820.0,FROZEN,true,2026-01-01,true,ASSUMPTION,0
2025-11-01,2025-12-01,SKU002,CH04,UPSIDE,FV_UPSIDE_202512,2140,72571680.0,38706796.5,1901218.4,193863.6,FROZEN,true,2026-01-01,true,ASSUMPTION,-6
2025-11-01,2025-12-01,SKU002,CH04,DOWNSIDE,FV_DOWNSIDE_202512,1920,65111040.0,41363145.28,1939242.77,213645.6,FROZEN,true,2026-01-01,true,ASSUMPTION,14
2025-11-01,2025-12-01,SKU003,CH04,BASE,FV_BASE_202512,2060,62096640.0,37029595.69,1689971.91,175840.0,FROZEN,true,2026-01-01,true,ASSUMPTION,0
2025-11-01,2025-12-01,SKU003,CH04,UPSIDE,FV_UPSIDE_202512,2140,64508160.0,36317488.08,1689971.91,172323.2,FROZEN,true,2026-01-01,true,ASSUMPTION,-6
2025-11-01,2025-12-01,SKU003,CH04,DOWNSIDE,FV_DOWNSIDE_202512,1920,57876480.0,38809864.71,1723771.35,189907.2,FROZEN,true,2026-01-01,true,ASSUMPTION,14
2025-11-01,2025-12-01,SKU004,CH04,BASE,FV_BASE_202512,3090,81501840.0,56275240.82,2218088.14,230790.0,FROZEN,true,2026-01-01,true,ASSUMPTION,0
2025-11-01,2025-12-01,SKU004,CH04,UPSIDE,FV_UPSIDE_202512,3210,84666960.0,55193024.65,2218088.14,226174.2,FROZEN,true,2026-01-01,true,ASSUMPTION,-6
2025-11-01,2025-12-01,SKU004,CH04,DOWNSIDE,FV_DOWNSIDE_202512,2880,75962880.0,58980781.24,2262449.9,249253.2,FROZEN,true,2026-01-01,true,ASSUMPTION,14
2025-11-01,2025-12-01,SKU005,CH04,BASE,FV_BASE_202512,3090,78591060.0,56732020.37,2138870.7,222547.5,FROZEN,true,2026-01-01,true,ASSUMPTION,0
2025-11-01,2025-12-01,SKU005,CH04,UPSIDE,FV_UPSIDE_202512,3210,81643140.0,55641019.98,2138870.7,218096.55,FROZEN,true,2026-01-01,true,ASSUMPTION,-6
2025-11-01,2025-12-01,SKU005,CH04,DOWNSIDE,FV_DOWNSIDE_202512,2880,73249920.0,59459521.35,2181648.11,240351.3,FROZEN,true,2026-01-01,true,ASSUMPTION,14
2025-11-01,2025-12-01,SKU006,CH04,BASE,FV_BASE_202512,2060,58215600.0,38369482.38,1584348.67,164850.0,FROZEN,true,2026-01-01,true,ASSUMPTION,0
2025-11-01,2025-12-01,SKU006,CH04,UPSIDE,FV_UPSIDE_202512,2140,60476400.0,37631607.72,1584348.67,161553.0,FROZEN,true,2026-01-01,true,ASSUMPTION,-6
2025-11-01,2025-12-01,SKU006,CH04,DOWNSIDE,FV_DOWNSIDE_202512,1920,54259200.0,40214169.04,1616035.64,178038.0,FROZEN,true,2026-01-01,true,ASSUMPTION,14
2025-11-01,2025-12-01,SKU007,CH04,BASE,FV_BASE_202512,3090,66947940.0,57782613.35,1822000.97,189577.5,FROZEN,true,2026-01-01,true,ASSUMPTION,0
2025-11-01,2025-12-01,SKU007,CH04,UPSIDE,FV_UPSIDE_202512,3210,69547860.0,56671409.24,1822000.97,185785.95,FROZEN,true,2026-01-01,true,ASSUMPTION,-6
2025-11-01,2025-12-01,SKU007,CH04,DOWNSIDE,FV_DOWNSIDE_202512,2880,62398080.0,60560623.6,1858440.99,204743.7,FROZEN,true,2026-01-01,true,ASSUMPTION,14
2025-11-01,2025-12-01,SKU008,CH04,BASE,FV_BASE_202512,3090,72769500.0,59381341.77,1980435.84,206062.5,FROZEN,true,2026-01-01,true,ASSUMPTION,0
2025-11-01,2025-12-01,SKU008,CH04,UPSIDE,FV_UPSIDE_202512,3210,75595500.0,58239392.89,1980435.84,201941.25,FROZEN,true,2026-01-01,true,ASSUMPTION,-6
2025-11-01,2025-12-01,SKU008,CH04,DOWNSIDE,FV_DOWNSIDE_202512,2880,67824000.0,62236213.97,2020044.56,222547.5,FROZEN,true,2026-01-01,true,ASSUMPTION,14
2025-11-01,2025-12-01,SKU009,CH04,BASE,FV_BASE_202512,3090,61126380.0,55635749.45,1663566.1,173092.5,FROZEN,true,2026-01-01,true,ASSUMPTION,0
2025-11-01,2025-12-01,SKU009,CH04,UPSIDE,FV_UPSIDE_202512,3210,63500220.0,54565831.19,1663566.1,169630.65,FROZEN,true,2026-01-01,true,ASSUMPTION,-6
2025-11-01,2025-12-01,SKU009,CH04,DOWNSIDE,FV_DOWNSIDE_202512,2880,56972160.0,58310545.09,1696837.42,186939.9,FROZEN,true,2026-01-01,true,ASSUMPTION,14
2025-11-01,2025-12-01,SKU010,CH04,BASE,FV_BASE_202512,3090,69858720.0,54813546.26,1901218.4,197820.0,FROZEN,true,2026-01-01,true,ASSUMPTION,0
2025-11-01,2025-12-01,SKU010,CH04,UPSIDE,FV_UPSIDE_202512,3210,72571680.0,53759439.6,1901218.4,193863.6,FROZEN,true,2026-01-01,true,ASSUMPTION,-6
2025-11-01,2025-12-01,SKU010,CH04,DOWNSIDE,FV_DOWNSIDE_202512,2880,65111040.0,57448812.9,1939242.77,213645.6,FROZEN,true,2026-01-01,true,ASSUMPTION,14
2025-11-01,2025-12-01,SKU011,CH04,BASE,FV_BASE_202512,1030,33959100.0,15987284.32,924203.39,96162.5,FROZEN,true,2026-01-01,true,ASSUMPTION,0
2025-11-01,2025-12-01,SKU011,CH04,UPSIDE,FV_UPSIDE_202512,1070,35277900.0,15679836.55,924203.39,94239.25,FROZEN,true,2026-01-01,true,ASSUMPTION,-6
2025-11-01,2025-12-01,SKU011,CH04,DOWNSIDE,FV_DOWNSIDE_202512,960,31651200.0,16755903.76,942687.46,103855.5,FROZEN,true,2026-01-01,true,ASSUMPTION,14
2025-11-01,2025-12-01,SKU012,CH04,BASE,FV_BASE_202512,2060,56275080.0,34441178.23,1531537.05,159355.0,FROZEN,true,2026-01-01,true,ASSUMPTION,0
2025-11-01,2025-12-01,SKU012,CH04,UPSIDE,FV_UPSIDE_202512,2140,58460520.0,33778847.88,1531537.05,156167.9,FROZEN,true,2026-01-01,true,ASSUMPTION,-6
2025-11-01,2025-12-01,SKU012,CH04,DOWNSIDE,FV_DOWNSIDE_202512,1920,52450560.0,36097004.11,1562167.79,172103.4,FROZEN,true,2026-01-01,true,ASSUMPTION,14
2025-11-01,2025-12-01,SKU001,CH05,BASE,FV_BASE_202512,4120,121844880.0,71860161.13,3058912.87,345030.0,FROZEN,true,2026-01-01,true,ASSUMPTION,0
2025-11-01,2025-12-01,SKU001,CH05,UPSIDE,FV_UPSIDE_202512,4280,126576720.0,70478234.96,3058912.87,338129.4,FROZEN,true,2026-01-01,true,ASSUMPTION,-6
2025-11-01,2025-12-01,SKU001,CH05,DOWNSIDE,FV_DOWNSIDE_202512,3840,113564160.0,75314976.57,3120091.13,372632.4,FROZEN,true,2026-01-01,true,ASSUMPTION,14
2025-11-01,2025-12-01,SKU002,CH05,BASE,FV_BASE_202512,3090,106122960.0,56329094.05,2664214.44,300510.0,FROZEN,true,2026-01-01,true,ASSUMPTION,0
2025-11-01,2025-12-01,SKU002,CH05,UPSIDE,FV_UPSIDE_202512,3210,110244240.0,55245842.24,2664214.44,294499.8,FROZEN,true,2026-01-01,true,ASSUMPTION,-6
2025-11-01,2025-12-01,SKU002,CH05,DOWNSIDE,FV_DOWNSIDE_202512,2880,98910720.0,59037223.57,2717498.73,324550.8,FROZEN,true,2026-01-01,true,ASSUMPTION,14
2025-11-01,2025-12-01,SKU003,CH05,BASE,FV_BASE_202512,3090,94331520.0,52851989.48,2368190.61,267120.0,FROZEN,true,2026-01-01,true,ASSUMPTION,0
2025-11-01,2025-12-01,SKU003,CH05,UPSIDE,FV_UPSIDE_202512,3210,97994880.0,51835605.06,2368190.61,261777.6,FROZEN,true,2026-01-01,true,ASSUMPTION,-6
2025-11-01,2025-12-01,SKU003,CH05,DOWNSIDE,FV_DOWNSIDE_202512,2880,87920640.0,55392950.51,2415554.42,288489.6,FROZEN,true,2026-01-01,true,ASSUMPTION,14
2025-11-01,2025-12-01,SKU004,CH05,BASE,FV_BASE_202512,4120,110053440.0,71396547.19,2762889.05,311640.0,FROZEN,true,2026-01-01,true,ASSUMPTION,0
2025-11-01,2025-12-01,SKU004,CH05,UPSIDE,FV_UPSIDE_202512,4280,114327360.0,70023536.66,2762889.05,305407.2,FROZEN,true,2026-01-01,true,ASSUMPTION,-6
2025-11-01,2025-12-01,SKU004,CH05,DOWNSIDE,FV_DOWNSIDE_202512,3840,102574080.0,74829073.49,2818146.83,336571.2,FROZEN,true,2026-01-01,true,ASSUMPTION,14
2025-11-01,2025-12-01,SKU005,CH05,BASE,FV_BASE_202512,3090,79592220.0,53982048.46,1998160.83,225382.5,FROZEN,true,2026-01-01,true,ASSUMPTION,0
2025-11-01,2025-12-01,SKU005,CH05,UPSIDE,FV_UPSIDE_202512,3210,82683180.0,52943932.15,1998160.83,220874.85,FROZEN,true,2026-01-01,true,ASSUMPTION,-6
2025-11-01,2025-12-01,SKU005,CH05,DOWNSIDE,FV_DOWNSIDE_202512,2880,74183040.0,56577339.25,2038124.05,243413.1,FROZEN,true,2026-01-01,true,ASSUMPTION,14
2025-11-01,2025-12-01,SKU006,CH05,BASE,FV_BASE_202512,2060,58957200.0,36509598.0,1480119.13,166950.0,FROZEN,true,2026-01-01,true,ASSUMPTION,0
2025-11-01,2025-12-01,SKU006,CH05,UPSIDE,FV_UPSIDE_202512,2140,61246800.0,35807490.34,1480119.13,163611.0,FROZEN,true,2026-01-01,true,ASSUMPTION,-6
2025-11-01,2025-12-01,SKU006,CH05,DOWNSIDE,FV_DOWNSIDE_202512,1920,54950400.0,38264867.13,1509721.51,180306.0,FROZEN,true,2026-01-01,true,ASSUMPTION,14
2025-11-01,2025-12-01,SKU007,CH05,BASE,FV_BASE_202512,4120,90401040.0,73308954.7,2269516.0,255990.0,FROZEN,true,2026-01-01,true,ASSUMPTION,0
2025-11-01,2025-12-01,SKU007,CH05,UPSIDE,FV_UPSIDE_202512,4280,93911760.0,71899167.11,2269516.0,250870.2,FROZEN,true,2026-01-01,true,ASSUMPTION,-6
2025-11-01,2025-12-01,SKU007,CH05,DOWNSIDE,FV_DOWNSIDE_202512,3840,84257280.0,76833423.68,2314906.32,276469.2,FROZEN,true,2026-01-01,true,ASSUMPTION,14
2025-11-01,2025-12-01,SKU008,CH05,BASE,FV_BASE_202512,3090,73696500.0,56502949.28,1850148.92,208687.5,FROZEN,true,2026-01-01,true,ASSUMPTION,0
2025-11-01,2025-12-01,SKU008,CH05,UPSIDE,FV_UPSIDE_202512,3210,76558500.0,55416354.1,1850148.92,204513.75,FROZEN,true,2026-01-01,true,ASSUMPTION,-6
2025-11-01,2025-12-01,SKU008,CH05,DOWNSIDE,FV_DOWNSIDE_202512,2880,68688000.0,59219437.22,1887151.9,225382.5,FROZEN,true,2026-01-01,true,ASSUMPTION,14
2025-11-01,2025-12-01,SKU009,CH05,BASE,FV_BASE_202512,4120,82540080.0,70585222.79,2072166.79,233730.0,FROZEN,true,2026-01-01,true,ASSUMPTION,0
2025-11-01,2025-12-01,SKU009,CH05,UPSIDE,FV_UPSIDE_202512,4280,85745520.0,69227814.66,2072166.79,229055.4,FROZEN,true,2026-01-01,true,ASSUMPTION,-6
2025-11-01,2025-12-01,SKU009,CH05,DOWNSIDE,FV_DOWNSIDE_202512,3840,76930560.0,73978743.12,2113610.13,252428.4,FROZEN,true,2026-01-01,true,ASSUMPTION,14
2025-11-01,2025-12-01,SKU010,CH05,BASE,FV_BASE_202512,3090,70748640.0,52156568.56,1776142.96,200340.0,FROZEN,true,2026-01-01,true,ASSUMPTION,0
2025-11-01,2025-12-01,SKU010,CH05,UPSIDE,FV_UPSIDE_202512,3210,73496160.0,51153557.62,1776142.96,196333.2,FROZEN,true,2026-01-01,true,ASSUMPTION,-6
2025-11-01,2025-12-01,SKU010,CH05,DOWNSIDE,FV_DOWNSIDE_202512,2880,65940480.0,54664095.89,1811665.82,216367.2,FROZEN,true,2026-01-01,true,ASSUMPTION,14
2025-11-01,2025-12-01,SKU011,CH05,BASE,FV_BASE_202512,2060,68783400.0,30424664.99,1726805.66,194775.0,FROZEN,true,2026-01-01,true,ASSUMPTION,0
2025-11-01,2025-12-01,SKU011,CH05,UPSIDE,FV_UPSIDE_202512,2140,71454600.0,29839575.28,1726805.66,190879.5,FROZEN,true,2026-01-01,true,ASSUMPTION,-6
2025-11-01,2025-12-01,SKU011,CH05,DOWNSIDE,FV_DOWNSIDE_202512,1920,64108800.0,31887389.27,1761341.77,210357.0,FROZEN,true,2026-01-01,true,ASSUMPTION,14
2025-11-01,2025-12-01,SKU012,CH05,BASE,FV_BASE_202512,3090,85487940.0,49157565.86,2146172.74,242077.5,FROZEN,true,2026-01-01,true,ASSUMPTION,0
2025-11-01,2025-12-01,SKU012,CH05,UPSIDE,FV_UPSIDE_202512,3210,88807860.0,48212228.05,2146172.74,237235.95,FROZEN,true,2026-01-01,true,ASSUMPTION,-6
2025-11-01,2025-12-01,SKU012,CH05,DOWNSIDE,FV_DOWNSIDE_202512,2880,79678080.0,51520910.37,2189096.19,261443.7,FROZEN,true,2026-01-01,true,ASSUMPTION,14
