LineID,OrderID,Date,MonthStart,SKUKey,CustomerKey,ChannelKey,CompanyKey,Region,UnitsCorrected,UnitPriceVND,GrossSalesVND,DiscountVND,ReturnsVND,RebatesVND,VoucherSupportVND,NetRevenueVND,PreliminaryCOGSVND,COGSScaleFactor,CorrectedCOGSVND,AllocatedChannelFeeVND,AllocatedTradeSpendVND,AllocatedVariableFulfilmentVND,ContributionProfitVND,AllocationMethod,AllocationDriver,SourceCostBucket,EvidenceClass,IsIntercompany,IsStockout
VN000000001,ORD00000001,2023-01-01,2023-01-01,SKU001,CUS01,CH01,VN,North,6000,31000,186000000.0,7440000.0,1116000.0,0,0,177444000.0,74400000.0,1.39568,103838583.13,6450710.38,4607650.27,2129328.0,60417728.22,NET_REVENUE_SHARE,row_net_revenue / month_channel_net_revenue,COMMERCIAL_COSTS,DERIVED,false,false
VN000000002,ORD00000002,2023-01-01,2023-01-01,SKU002,CUS02,CH01,VN,South,5000,36000,180000000.0,7200000.0,1080000.0,0,0,171720000.0,64800000.0,1.39568,90440056.28,6242622.95,4459016.39,2060640.0,68517664.38,NET_REVENUE_SHARE,row_net_revenue / month_channel_net_revenue,COMMERCIAL_COSTS,DERIVED,false,false
VN000000003,ORD00000003,2023-01-01,2023-01-01,SKU003,CUS03,CH01,VN,Central,4000,32000,128000000.0,5120000.0,768000.0,0,0,122112000.0,48640000.0,1.39568,67885869.4,4439198.54,3170856.1,1465344.0,45150731.96,NET_REVENUE_SHARE,row_net_revenue / month_channel_net_revenue,COMMERCIAL_COSTS,DERIVED,false,false
VN000000004,ORD00000004,2023-01-01,2023-01-01,SKU004,CUS04,CH01,VN,North,6000,28000,168000000.0,6720000.0,1008000.0,0,0,160272000.0,73920000.0,1.39568,103168656.79,5826448.09,4161748.63,1923264.0,45191882.49,NET_REVENUE_SHARE,row_net_revenue / month_channel_net_revenue,COMMERCIAL_COSTS,DERIVED,false,false
VN000000005,ORD00000005,2023-01-01,2023-01-01,SKU005,CUS05,CH01,VN,South,5000,27000,135000000.0,5400000.0,810000.0,0,0,128790000.0,62100000.0,1.39568,86671720.6,4681967.21,3344262.3,1545480.0,32546569.89,NET_REVENUE_SHARE,row_net_revenue / month_channel_net_revenue,COMMERCIAL_COSTS,DERIVED,false,false
VN000000006,ORD00000006,2023-01-01,2023-01-01,SKU006,CUS06,CH01,VN,Central,4000,30000,120000000.0,4800000.0,720000.0,0,0,114480000.0,50400000.0,1.39568,70342265.99,4161748.63,2972677.6,1373760.0,35629547.78,NET_REVENUE_SHARE,row_net_revenue / month_channel_net_revenue,COMMERCIAL_COSTS,DERIVED,false,false
VN000000007,ORD00000007,2023-01-01,2023-01-01,SKU007,CUS07,CH01,VN,North,6000,23000,138000000.0,5520000.0,828000.0,0,0,131652000.0,75900000.0,1.39568,105932102.95,4786010.93,3418579.23,1579824.0,15935482.89,NET_REVENUE_SHARE,row_net_revenue / month_channel_net_revenue,COMMERCIAL_COSTS,DERIVED,false,false
VN000000008,ORD00000008,2023-01-01,2023-01-01,SKU008,CUS08,CH01,VN,South,5000,25000,125000000.0,5000000.0,750000.0,0,0,119250000.0,65000000.0,1.39568,90719192.25,4335154.83,3096539.16,1431000.0,19668113.76,NET_REVENUE_SHARE,row_net_revenue / month_channel_net_revenue,COMMERCIAL_COSTS,DERIVED,false,false
VN000000009,ORD00000009,2023-01-01,2023-01-01,SKU009,CUS09,CH01,VN,Central,6000,21000,126000000.0,5040000.0,756000.0,0,0,120204000.0,73080000.0,1.39568,101996285.69,4369836.07,3121311.48,1442448.0,9274118.76,NET_REVENUE_SHARE,row_net_revenue / month_channel_net_revenue,COMMERCIAL_COSTS,DERIVED,false,false
VN000000010,ORD00000010,2023-01-01,2023-01-01,SKU010,CUS10,CH01,VN,North,5000,24000,120000000.0,4800000.0,720000.0,0,0,114480000.0,60000000.0,1.39568,83740792.85,4161748.63,2972677.6,1373760.0,22231020.92,NET_REVENUE_SHARE,row_net_revenue / month_channel_net_revenue,COMMERCIAL_COSTS,DERIVED,false,false
VN000000011,ORD00000011,2023-01-01,2023-01-01,SKU011,CUS01,CH01,VN,North,3000,35000,105000000.0,4200000.0,630000.0,0,0,100170000.0,31500000.0,1.39568,43963916.25,3641530.05,2601092.9,1202040.0,48761420.8,NET_REVENUE_SHARE,row_net_revenue / month_channel_net_revenue,COMMERCIAL_COSTS,DERIVED,false,false
VN000000012,ORD00000012,2023-01-01,2023-01-01,SKU012,CUS02,CH01,VN,South,4000,29000,116000000.0,4640000.0,696000.0,0,0,110664000.0,45240000.0,1.39568,63140557.82,4023023.68,2873588.34,1327968.0,39298862.16,NET_REVENUE_SHARE,row_net_revenue / month_channel_net_revenue,COMMERCIAL_COSTS,DERIVED,false,false
VN000000013,ORD00000013,2023-01-01,2023-01-01,SKU001,CUS02,CH02,VN,South,5000,31000,155000000.0,6200000.0,930000.0,0,0,147870000.0,62000000.0,1.398698,86719305.86,7008695.65,5762705.31,1774440.0,46604853.18,NET_REVENUE_SHARE,row_net_revenue / month_channel_net_revenue,COMMERCIAL_COSTS,DERIVED,false,false
VN000000014,ORD00000014,2023-01-01,2023-01-01,SKU002,CUS03,CH02,VN,Central,3000,36000,108000000.0,4320000.0,648000.0,0,0,103032000.0,38880000.0,1.398698,54381396.96,4883478.26,4015304.35,1236384.0,38515436.43,NET_REVENUE_SHARE,row_net_revenue / month_channel_net_revenue,COMMERCIAL_COSTS,DERIVED,false,false
VN000000015,ORD00000015,2023-01-01,2023-01-01,SKU003,CUS04,CH02,VN,North,3000,32000,96000000.0,3840000.0,576000.0,0,0,91584000.0,36480000.0,1.398698,51024520.61,4340869.57,3569159.42,1099008.0,31550442.4,NET_REVENUE_SHARE,row_net_revenue / month_channel_net_revenue,COMMERCIAL_COSTS,DERIVED,false,false
VN000000016,ORD00000016,2023-01-01,2023-01-01,SKU004,CUS05,CH02,VN,South,4000,28000,112000000.0,4480000.0,672000.0,0,0,106848000.0,49280000.0,1.398698,68927861.17,5064347.83,4164019.32,1282176.0,27409595.68,NET_REVENUE_SHARE,row_net_revenue / month_channel_net_revenue,COMMERCIAL_COSTS,DERIVED,false,false
VN000000017,ORD00000017,2023-01-01,2023-01-01,SKU005,CUS06,CH02,VN,Central,4000,27000,108000000.0,4320000.0,648000.0,0,0,103032000.0,49680000.0,1.398698,69487340.56,4883478.26,4015304.35,1236384.0,23409492.83,NET_REVENUE_SHARE,row_net_revenue / month_channel_net_revenue,COMMERCIAL_COSTS,DERIVED,false,false
VN000000018,ORD00000018,2023-01-01,2023-01-01,SKU006,CUS07,CH02,VN,North,3000,30000,90000000.0,3600000.0,540000.0,0,0,85860000.0,37800000.0,1.398698,52870802.6,4069565.22,3346086.96,1030320.0,24543225.22,NET_REVENUE_SHARE,row_net_revenue / month_channel_net_revenue,COMMERCIAL_COSTS,DERIVED,false,false
VN000000019,ORD00000019,2023-01-01,2023-01-01,SKU007,CUS08,CH02,VN,South,5000,23000,115000000.0,4600000.0,690000.0,0,0,109710000.0,63250000.0,1.398698,88467678.96,5200000.0,4275555.56,1316520.0,10450245.48,NET_REVENUE_SHARE,row_net_revenue / month_channel_net_revenue,COMMERCIAL_COSTS,DERIVED,false,false
VN000000020,ORD00000020,2023-01-01,2023-01-01,SKU008,CUS09,CH02,VN,Central,4000,25000,100000000.0,4000000.0,600000.0,0,0,95400000.0,52000000.0,1.398698,72732321.04,4521739.13,3717874.4,1144800.0,13283265.43,NET_REVENUE_SHARE,row_net_revenue / month_channel_net_revenue,COMMERCIAL_COSTS,DERIVED,false,false
VN000000021,ORD00000021,2023-01-01,2023-01-01,SKU009,CUS10,CH02,VN,North,5000,21000,105000000.0,4200000.0,630000.0,0,0,100170000.0,60900000.0,1.398698,85180737.53,4747826.09,3903768.12,1202040.0,5135628.26,NET_REVENUE_SHARE,row_net_revenue / month_channel_net_revenue,COMMERCIAL_COSTS,DERIVED,false,false
VN000000022,ORD00000022,2023-01-01,2023-01-01,SKU010,CUS01,CH02,VN,North,4000,24000,96000000.0,3840000.0,576000.0,0,0,91584000.0,48000000.0,1.398698,67137527.11,4340869.57,3569159.42,1099008.0,15437435.9,NET_REVENUE_SHARE,row_net_revenue / month_channel_net_revenue,COMMERCIAL_COSTS,DERIVED,false,false
VN000000023,ORD00000023,2023-01-01,2023-01-01,SKU011,CUS02,CH02,VN,South,2000,35000,70000000.0,2800000.0,420000.0,0,0,66780000.0,21000000.0,1.398698,29372668.11,3165217.39,2602512.08,801360.0,30838242.42,NET_REVENUE_SHARE,row_net_revenue / month_channel_net_revenue,COMMERCIAL_COSTS,DERIVED,false,false
VN000000024,ORD00000024,2023-01-01,2023-01-01,SKU012,CUS03,CH02,VN,Central,3000,29000,87000000.0,3480000.0,522000.0,0,0,82998000.0,33930000.0,1.398698,47457839.49,3933913.04,3234550.72,995976.0,27375720.75,NET_REVENUE_SHARE,row_net_revenue / month_channel_net_revenue,COMMERCIAL_COSTS,DERIVED,false,false
VN000000025,ORD00000025,2023-01-01,2023-01-01,SKU001,CUS03,CH03,VN,Central,3000,31000,93000000.0,6045000.0,558000.0,0,0,86397000.0,37200000.0,1.531708,56979522.02,11673414.04,2431961.26,1036764.0,14275338.68,NET_REVENUE_SHARE,row_net_revenue / month_channel_net_revenue,COMMERCIAL_COSTS,DERIVED,false,false
VN000000026,ORD00000026,2023-01-01,2023-01-01,SKU002,CUS04,CH03,VN,North,2000,36000,72000000.0,4680000.0,432000.0,0,0,66888000.0,25920000.0,1.531708,39701860.5,9037481.84,1882808.72,802656.0,15463192.94,NET_REVENUE_SHARE,row_net_revenue / month_channel_net_revenue,COMMERCIAL_COSTS,DERIVED,false,false
VN000000027,ORD00000027,2023-01-01,2023-01-01,SKU003,CUS05,CH03,VN,South,2000,32000,64000000.0,4160000.0,384000.0,0,0,59456000.0,24320000.0,1.531708,37251128.37,8033317.19,1673607.75,713472.0,11784474.69,NET_REVENUE_SHARE,row_net_revenue / month_channel_net_revenue,COMMERCIAL_COSTS,DERIVED,false,false
VN000000028,ORD00000028,2023-01-01,2023-01-01,SKU004,CUS06,CH03,VN,Central,3000,28000,84000000.0,5460000.0,504000.0,0,0,78036000.0,36960000.0,1.531708,56611912.2,10543728.81,2196610.17,936432.0,7747316.82,NET_REVENUE_SHARE,row_net_revenue / month_channel_net_revenue,COMMERCIAL_COSTS,DERIVED,false,false
VN000000029,ORD00000029,2023-01-01,2023-01-01,SKU005,CUS07,CH03,VN,North,3000,27000,81000000.0,5265000.0,486000.0,0,0,75249000.0,37260000.0,1.531708,57071424.47,10167167.07,2118159.81,902988.0,4989260.65,NET_REVENUE_SHARE,row_net_revenue / month_channel_net_revenue,COMMERCIAL_COSTS,DERIVED,false,false
VN000000030,ORD00000030,2023-01-01,2023-01-01,SKU006,CUS08,CH03,VN,South,2000,30000,60000000.0,3900000.0,360000.0,0,0,55740000.0,25200000.0,1.531708,38599031.04,7531234.87,1569007.26,668880.0,7371846.83,NET_REVENUE_SHARE,row_net_revenue / month_channel_net_revenue,COMMERCIAL_COSTS,DERIVED,false,false
VN000000031,ORD00000031,2023-01-01,2023-01-01,SKU007,CUS09,CH03,VN,Central,3000,23000,69000000.0,4485000.0,414000.0,0,0,64101000.0,37950000.0,1.531708,58128302.7,8660920.1,1804358.35,769212.0,-5261793.15,NET_REVENUE_SHARE,row_net_revenue / month_channel_net_revenue,COMMERCIAL_COSTS,DERIVED,false,false
VN000000032,ORD00000032,2023-01-01,2023-01-01,SKU008,CUS10,CH03,VN,North,3000,25000,75000000.0,4875000.0,450000.0,0,0,69675000.0,39000000.0,1.531708,59736595.66,9414043.58,1961259.08,836100.0,-2272998.32,NET_REVENUE_SHARE,row_net_revenue / month_channel_net_revenue,COMMERCIAL_COSTS,DERIVED,false,false
VN000000033,ORD00000033,2023-01-01,2023-01-01,SKU009,CUS01,CH03,VN,North,3000,21000,63000000.0,4095000.0,378000.0,0,0,58527000.0,36540000.0,1.531708,55968595.01,7907796.61,1647457.63,702324.0,-7699173.25,NET_REVENUE_SHARE,row_net_revenue / month_channel_net_revenue,COMMERCIAL_COSTS,DERIVED,false,false
VN000000034,ORD00000034,2023-01-01,2023-01-01,SKU010,CUS02,CH03,VN,South,3000,24000,72000000.0,4680000.0,432000.0,0,0,66888000.0,36000000.0,1.531708,55141472.92,9037481.84,1882808.72,802656.0,23580.52,NET_REVENUE_SHARE,row_net_revenue / month_channel_net_revenue,COMMERCIAL_COSTS,DERIVED,false,false
VN000000035,ORD00000035,2023-01-01,2023-01-01,SKU011,CUS03,CH03,VN,Central,1000,35000,35000000.0,2275000.0,210000.0,0,0,32515000.0,10500000.0,1.531708,16082929.6,4393220.34,915254.24,390180.0,10733415.82,NET_REVENUE_SHARE,row_net_revenue / month_channel_net_revenue,COMMERCIAL_COSTS,DERIVED,false,false
VN000000036,ORD00000036,2023-01-01,2023-01-01,SKU012,CUS04,CH03,VN,North,2000,29000,58000000.0,3770000.0,348000.0,0,0,53882000.0,22620000.0,1.531708,34647225.51,7280193.7,1516707.02,646584.0,9791289.77,NET_REVENUE_SHARE,row_net_revenue / month_channel_net_revenue,COMMERCIAL_COSTS,DERIVED,false,false
VN000000037,ORD00000037,2023-01-01,2023-01-01,SKU001,CUS04,CH04,VN,North,2000,31000,62000000.0,2480000.0,1116000.0,0,0,58404000.0,24800000.0,1.423583,35304855.3,5076332.62,1586353.94,700848.0,15735610.14,NET_REVENUE_SHARE,row_net_revenue / month_channel_net_revenue,COMMERCIAL_COSTS,DERIVED,false,false
VN000000038,ORD00000038,2023-01-01,2023-01-01,SKU002,CUS05,CH04,VN,South,1000,36000,36000000.0,1440000.0,648000.0,0,0,33912000.0,12960000.0,1.423583,18449634.06,2947547.97,921108.74,406944.0,11186765.23,NET_REVENUE_SHARE,row_net_revenue / month_channel_net_revenue,COMMERCIAL_COSTS,DERIVED,false,false
VN000000039,ORD00000039,2023-01-01,2023-01-01,SKU003,CUS06,CH04,VN,Central,1000,32000,32000000.0,1280000.0,576000.0,0,0,30144000.0,12160000.0,1.423583,17310767.76,2620042.64,818763.33,361728.0,9032698.27,NET_REVENUE_SHARE,row_net_revenue / month_channel_net_revenue,COMMERCIAL_COSTS,DERIVED,false,false
VN000000040,ORD00000040,2023-01-01,2023-01-01,SKU004,CUS07,CH04,VN,North,2000,28000,56000000.0,2240000.0,1008000.0,0,0,52752000.0,24640000.0,1.423583,35077082.04,4585074.63,1432835.82,633024.0,11023983.51,NET_REVENUE_SHARE,row_net_revenue / month_channel_net_revenue,COMMERCIAL_COSTS,DERIVED,false,false
VN000000041,ORD00000041,2023-01-01,2023-01-01,SKU005,CUS08,CH04,VN,South,1000,27000,27000000.0,1080000.0,486000.0,0,0,25434000.0,12420000.0,1.423583,17680899.31,2210660.98,690831.56,305208.0,4546400.15,NET_REVENUE_SHARE,row_net_revenue / month_channel_net_revenue,COMMERCIAL_COSTS,DERIVED,false,false
VN000000042,ORD00000042,2023-01-01,2023-01-01,SKU006,CUS09,CH04,VN,Central,1000,30000,30000000.0,1200000.0,540000.0,0,0,28260000.0,12600000.0,1.423583,17937144.22,2456289.98,767590.62,339120.0,6759855.18,NET_REVENUE_SHARE,row_net_revenue / month_channel_net_revenue,COMMERCIAL_COSTS,DERIVED,false,false
VN000000043,ORD00000043,2023-01-01,2023-01-01,SKU007,CUS10,CH04,VN,North,2000,23000,46000000.0,1840000.0,828000.0,0,0,43332000.0,25300000.0,1.423583,36016646.74,3766311.3,1176972.28,519984.0,1852085.68,NET_REVENUE_SHARE,row_net_revenue / month_channel_net_revenue,COMMERCIAL_COSTS,DERIVED,false,false
VN000000044,ORD00000044,2023-01-01,2023-01-01,SKU008,CUS01,CH04,VN,North,2000,25000,50000000.0,2000000.0,900000.0,0,0,47100000.0,26000000.0,1.423583,37013154.75,4093816.63,1279317.7,565200.0,4148510.92,NET_REVENUE_SHARE,row_net_revenue / month_channel_net_revenue,COMMERCIAL_COSTS,DERIVED,false,false
VN000000045,ORD00000045,2023-01-01,2023-01-01,SKU009,CUS02,CH04,VN,South,2000,21000,42000000.0,1680000.0,756000.0,0,0,39564000.0,24360000.0,1.423583,34678478.83,3438805.97,1074626.87,474768.0,-102679.67,NET_REVENUE_SHARE,row_net_revenue / month_channel_net_revenue,COMMERCIAL_COSTS,DERIVED,false,false
VN000000046,ORD00000046,2023-01-01,2023-01-01,SKU010,CUS03,CH04,VN,Central,1000,24000,24000000.0,960000.0,432000.0,0,0,22608000.0,12000000.0,1.423583,17082994.5,1965031.98,614072.49,271296.0,2674605.03,NET_REVENUE_SHARE,row_net_revenue / month_channel_net_revenue,COMMERCIAL_COSTS,DERIVED,false,false
VN000000047,ORD00000047,2023-01-01,2023-01-01,SKU011,CUS04,CH04,VN,North,1000,35000,35000000.0,1400000.0,630000.0,0,0,32970000.0,10500000.0,1.423583,14947620.19,2865671.64,895522.39,395640.0,13865545.78,NET_REVENUE_SHARE,row_net_revenue / month_channel_net_revenue,COMMERCIAL_COSTS,DERIVED,false,false
VN000000048,ORD00000048,2023-01-01,2023-01-01,SKU012,CUS05,CH04,VN,South,1000,29000,29000000.0,1160000.0,522000.0,0,0,27318000.0,11310000.0,1.423583,16100722.3,2374413.65,742004.26,327816.0,7773043.79,NET_REVENUE_SHARE,row_net_revenue / month_channel_net_revenue,COMMERCIAL_COSTS,DERIVED,false,false
VN000000049,ORD00000049,2023-01-01,2023-01-01,SKU001,CUS05,CH05,VN,South,2000,31000,62000000.0,2480000.0,372000.0,0,0,59148000.0,24800000.0,1.449174,35939520.35,1284604.32,1605755.4,709776.0,19608343.93,NET_REVENUE_SHARE,row_net_revenue / month_channel_net_revenue,COMMERCIAL_COSTS,DERIVED,false,false
VN000000050,ORD00000050,2023-01-01,2023-01-01,SKU002,CUS06,CH05,VN,Central,2000,36000,72000000.0,2880000.0,432000.0,0,0,68688000.0,25920000.0,1.449174,37562595.46,1491798.56,1864748.2,824256.0,26944601.78,NET_REVENUE_SHARE,row_net_revenue / month_channel_net_revenue,COMMERCIAL_COSTS,DERIVED,false,false
VN000000051,ORD00000051,2023-01-01,2023-01-01,SKU003,CUS07,CH05,VN,North,1000,32000,32000000.0,1280000.0,192000.0,0,0,30528000.0,12160000.0,1.449174,17621958.37,663021.58,828776.98,366336.0,11047907.07,NET_REVENUE_SHARE,row_net_revenue / month_channel_net_revenue,COMMERCIAL_COSTS,DERIVED,false,false
VN000000052,ORD00000052,2023-01-01,2023-01-01,SKU004,CUS08,CH05,VN,South,2000,28000,56000000.0,2240000.0,336000.0,0,0,53424000.0,24640000.0,1.449174,35707652.48,1160287.77,1450359.71,641088.0,14464612.04,NET_REVENUE_SHARE,row_net_revenue / month_channel_net_revenue,COMMERCIAL_COSTS,DERIVED,false,false
VN000000053,ORD00000053,2023-01-01,2023-01-01,SKU005,CUS09,CH05,VN,Central,2000,27000,54000000.0,2160000.0,324000.0,0,0,51516000.0,24840000.0,1.449174,35997487.32,1118848.92,1398561.15,618192.0,12382910.61,NET_REVENUE_SHARE,row_net_revenue / month_channel_net_revenue,COMMERCIAL_COSTS,DERIVED,false,false
VN000000054,ORD00000054,2023-01-01,2023-01-01,SKU006,CUS10,CH05,VN,North,1000,30000,30000000.0,1200000.0,180000.0,0,0,28620000.0,12600000.0,1.449174,18259595.02,621582.73,776978.42,343440.0,8618403.83,NET_REVENUE_SHARE,row_net_revenue / month_channel_net_revenue,COMMERCIAL_COSTS,DERIVED,false,false
VN000000055,ORD00000055,2023-01-01,2023-01-01,SKU007,CUS01,CH05,VN,North,2000,23000,46000000.0,1840000.0,276000.0,0,0,43884000.0,25300000.0,1.449174,36664107.45,953093.53,1191366.91,526608.0,4548824.11,NET_REVENUE_SHARE,row_net_revenue / month_channel_net_revenue,COMMERCIAL_COSTS,DERIVED,false,false
VN000000056,ORD00000056,2023-01-01,2023-01-01,SKU008,CUS02,CH05,VN,South,2000,25000,50000000.0,2000000.0,300000.0,0,0,47700000.0,26000000.0,1.449174,37678529.4,1035971.22,1294964.03,572400.0,7118135.35,NET_REVENUE_SHARE,row_net_revenue / month_channel_net_revenue,COMMERCIAL_COSTS,DERIVED,false,false
VN000000057,ORD00000057,2023-01-01,2023-01-01,SKU009,CUS03,CH05,VN,Central,2000,21000,42000000.0,1680000.0,252000.0,0,0,40068000.0,24360000.0,1.449174,35301883.7,870215.83,1087769.78,480816.0,2327314.69,NET_REVENUE_SHARE,row_net_revenue / month_channel_net_revenue,COMMERCIAL_COSTS,DERIVED,false,false
VN000000058,ORD00000058,2023-01-01,2023-01-01,SKU010,CUS04,CH05,VN,North,2000,24000,48000000.0,1920000.0,288000.0,0,0,45792000.0,24000000.0,1.449174,34780180.98,994532.37,1243165.47,549504.0,8224617.18,NET_REVENUE_SHARE,row_net_revenue / month_channel_net_revenue,COMMERCIAL_COSTS,DERIVED,false,false
VN000000059,ORD00000059,2023-01-01,2023-01-01,SKU011,CUS05,CH05,VN,South,1000,35000,35000000.0,1400000.0,210000.0,0,0,33390000.0,10500000.0,1.449174,15216329.18,725179.86,906474.82,400680.0,16141336.14,NET_REVENUE_SHARE,row_net_revenue / month_channel_net_revenue,COMMERCIAL_COSTS,DERIVED,false,false
VN000000060,ORD00000060,2023-01-01,2023-01-01,SKU012,CUS06,CH05,VN,Central,1000,29000,29000000.0,1160000.0,174000.0,0,0,27666000.0,11310000.0,1.449174,16390160.29,600863.31,751079.14,331992.0,9591905.26,NET_REVENUE_SHARE,row_net_revenue / month_channel_net_revenue,COMMERCIAL_COSTS,DERIVED,false,false
VN000000061,ORD00000061,2023-02-01,2023-02-01,SKU001,CUS02,CH01,VN,South,6000,31000,186000000.0,7440000.0,1116000.0,0,0,177444000.0,74400000.0,1.409374,104857421.73,6540518.69,4671799.06,2129328.0,59244932.52,NET_REVENUE_SHARE,row_net_revenue / month_channel_net_revenue,COMMERCIAL_COSTS,DERIVED,false,false
VN000000062,ORD00000062,2023-02-01,2023-02-01,SKU002,CUS03,CH01,VN,Central,4000,36000,144000000.0,5760000.0,864000.0,0,0,137376000.0,51840000.0,1.409374,73061945.46,5063627.37,3616876.69,1648512.0,53985038.48,NET_REVENUE_SHARE,row_net_revenue / month_channel_net_revenue,COMMERCIAL_COSTS,DERIVED,false,false
VN000000063,ORD00000063,2023-02-01,2023-02-01,SKU003,CUS04,CH01,VN,North,4000,32000,128000000.0,5120000.0,768000.0,0,0,122112000.0,48640000.0,1.409374,68551948.83,4501002.11,3215001.5,1465344.0,44378703.56,NET_REVENUE_SHARE,row_net_revenue / month_channel_net_revenue,COMMERCIAL_COSTS,DERIVED,false,false
VN000000064,ORD00000064,2023-02-01,2023-02-01,SKU004,CUS05,CH01,VN,South,6000,28000,168000000.0,6720000.0,1008000.0,0,0,160272000.0,73920000.0,1.409374,104180922.23,5907565.26,4219689.47,1923264.0,44040559.04,NET_REVENUE_SHARE,row_net_revenue / month_channel_net_revenue,COMMERCIAL_COSTS,DERIVED,false,false
VN000000065,ORD00000065,2023-02-01,2023-02-01,SKU005,CUS06,CH01,VN,Central,5000,27000,135000000.0,5400000.0,810000.0,0,0,128790000.0,62100000.0,1.409374,87522122.17,4747150.66,3390821.9,1545480.0,31584425.27,NET_REVENUE_SHARE,row_net_revenue / month_channel_net_revenue,COMMERCIAL_COSTS,DERIVED,false,false
VN000000066,ORD00000066,2023-02-01,2023-02-01,SKU006,CUS07,CH01,VN,North,4000,30000,120000000.0,4800000.0,720000.0,0,0,114480000.0,50400000.0,1.409374,71032446.98,4219689.47,3014063.91,1373760.0,34840039.64,NET_REVENUE_SHARE,row_net_revenue / month_channel_net_revenue,COMMERCIAL_COSTS,DERIVED,false,false
VN000000067,ORD00000067,2023-02-01,2023-02-01,SKU007,CUS08,CH01,VN,South,6000,23000,138000000.0,5520000.0,828000.0,0,0,131652000.0,75900000.0,1.409374,106971482.65,4852642.9,3466173.5,1579824.0,14781876.95,NET_REVENUE_SHARE,row_net_revenue / month_channel_net_revenue,COMMERCIAL_COSTS,DERIVED,false,false
VN000000068,ORD00000068,2023-02-01,2023-02-01,SKU008,CUS09,CH01,VN,Central,5000,25000,125000000.0,5000000.0,750000.0,0,0,119250000.0,65000000.0,1.409374,91609306.61,4395509.87,3139649.91,1431000.0,18674533.61,NET_REVENUE_SHARE,row_net_revenue / month_channel_net_revenue,COMMERCIAL_COSTS,DERIVED,false,false
VN000000069,ORD00000069,2023-02-01,2023-02-01,SKU009,CUS10,CH01,VN,North,6000,21000,126000000.0,5040000.0,756000.0,0,0,120204000.0,73080000.0,1.409374,102997048.11,4430673.95,3164767.11,1442448.0,8169062.83,NET_REVENUE_SHARE,row_net_revenue / month_channel_net_revenue,COMMERCIAL_COSTS,DERIVED,false,false
VN000000070,ORD00000070,2023-02-01,2023-02-01,SKU010,CUS01,CH01,VN,North,5000,24000,120000000.0,4800000.0,720000.0,0,0,114480000.0,60000000.0,1.409374,84562436.88,4219689.47,3014063.91,1373760.0,21310049.74,NET_REVENUE_SHARE,row_net_revenue / month_channel_net_revenue,COMMERCIAL_COSTS,DERIVED,false,false
VN000000071,ORD00000071,2023-02-01,2023-02-01,SKU011,CUS02,CH01,VN,South,3000,35000,105000000.0,4200000.0,630000.0,0,0,100170000.0,31500000.0,1.409374,44395279.36,3692228.29,2637305.92,1202040.0,48243146.43,NET_REVENUE_SHARE,row_net_revenue / month_channel_net_revenue,COMMERCIAL_COSTS,DERIVED,false,false
VN000000072,ORD00000072,2023-02-01,2023-02-01,SKU012,CUS03,CH01,VN,Central,4000,29000,116000000.0,4640000.0,696000.0,0,0,110664000.0,45240000.0,1.409374,63760077.39,4079033.16,2913595.11,1327968.0,38583326.34,NET_REVENUE_SHARE,row_net_revenue / month_channel_net_revenue,COMMERCIAL_COSTS,DERIVED,false,false
VN000000073,ORD00000073,2023-02-01,2023-02-01,SKU001,CUS03,CH02,VN,Central,5000,31000,155000000.0,6200000.0,930000.0,0,0,147870000.0,62000000.0,1.387173,86004738.78,6950944.0,5715220.62,1774440.0,47424656.6,NET_REVENUE_SHARE,row_net_revenue / month_channel_net_revenue,COMMERCIAL_COSTS,DERIVED,false,false
VN000000074,ORD00000074,2023-02-01,2023-02-01,SKU002,CUS04,CH02,VN,North,3000,36000,108000000.0,4320000.0,648000.0,0,0,103032000.0,38880000.0,1.387173,53933294.25,4843238.4,3982218.24,1236384.0,39036865.11,NET_REVENUE_SHARE,row_net_revenue / month_channel_net_revenue,COMMERCIAL_COSTS,DERIVED,false,false
VN000000075,ORD00000075,2023-02-01,2023-02-01,SKU003,CUS05,CH02,VN,South,3000,32000,96000000.0,3840000.0,576000.0,0,0,91584000.0,36480000.0,1.387173,50604078.56,4305100.8,3539749.55,1099008.0,32036063.09,NET_REVENUE_SHARE,row_net_revenue / month_channel_net_revenue,COMMERCIAL_COSTS,DERIVED,false,false
VN000000076,ORD00000076,2023-02-01,2023-02-01,SKU004,CUS06,CH02,VN,Central,4000,28000,112000000.0,4480000.0,672000.0,0,0,106848000.0,49280000.0,1.387173,68359895.6,5022617.6,4129707.8,1282176.0,28053603.0,NET_REVENUE_SHARE,row_net_revenue / month_channel_net_revenue,COMMERCIAL_COSTS,DERIVED,false,false
VN000000077,ORD00000077,2023-02-01,2023-02-01,SKU005,CUS07,CH02,VN,North,4000,27000,108000000.0,4320000.0,648000.0,0,0,103032000.0,49680000.0,1.387173,68914764.88,4843238.4,3982218.24,1236384.0,24055394.48,NET_REVENUE_SHARE,row_net_revenue / month_channel_net_revenue,COMMERCIAL_COSTS,DERIVED,false,false
VN000000078,ORD00000078,2023-02-01,2023-02-01,SKU006,CUS08,CH02,VN,South,3000,30000,90000000.0,3600000.0,540000.0,0,0,85860000.0,37800000.0,1.387173,52435147.19,4036032.0,3318515.2,1030320.0,25039985.61,NET_REVENUE_SHARE,row_net_revenue / month_channel_net_revenue,COMMERCIAL_COSTS,DERIVED,false,false
VN000000079,ORD00000079,2023-02-01,2023-02-01,SKU007,CUS09,CH02,VN,Central,5000,23000,115000000.0,4600000.0,690000.0,0,0,109710000.0,63250000.0,1.387173,87738705.28,5157152.0,4240324.98,1316520.0,11257297.74,NET_REVENUE_SHARE,row_net_revenue / month_channel_net_revenue,COMMERCIAL_COSTS,DERIVED,false,false
VN000000080,ORD00000080,2023-02-01,2023-02-01,SKU008,CUS10,CH02,VN,North,4000,25000,100000000.0,4000000.0,600000.0,0,0,95400000.0,52000000.0,1.387173,72133006.72,4484480.0,3687239.11,1144800.0,13950474.17,NET_REVENUE_SHARE,row_net_revenue / month_channel_net_revenue,COMMERCIAL_COSTS,DERIVED,false,false
VN000000081,ORD00000081,2023-02-01,2023-02-01,SKU009,CUS01,CH02,VN,North,5000,21000,105000000.0,4200000.0,630000.0,0,0,100170000.0,60900000.0,1.387173,84478848.25,4708704.0,3871601.07,1202040.0,5908806.68,NET_REVENUE_SHARE,row_net_revenue / month_channel_net_revenue,COMMERCIAL_COSTS,DERIVED,false,false
VN000000082,ORD00000082,2023-02-01,2023-02-01,SKU010,CUS02,CH02,VN,South,4000,24000,96000000.0,3840000.0,576000.0,0,0,91584000.0,48000000.0,1.387173,66584313.89,4305100.8,3539749.55,1099008.0,16055827.76,NET_REVENUE_SHARE,row_net_revenue / month_channel_net_revenue,COMMERCIAL_COSTS,DERIVED,false,false
VN000000083,ORD00000083,2023-02-01,2023-02-01,SKU011,CUS03,CH02,VN,Central,2000,35000,70000000.0,2800000.0,420000.0,0,0,66780000.0,21000000.0,1.387173,29130637.33,3139136.0,2581067.38,801360.0,31127799.29,NET_REVENUE_SHARE,row_net_revenue / month_channel_net_revenue,COMMERCIAL_COSTS,DERIVED,false,false
VN000000084,ORD00000084,2023-02-01,2023-02-01,SKU012,CUS04,CH02,VN,North,3000,29000,87000000.0,3480000.0,522000.0,0,0,82998000.0,33930000.0,1.387173,47066786.87,3901497.6,3207898.03,995976.0,27825841.5,NET_REVENUE_SHARE,row_net_revenue / month_channel_net_revenue,COMMERCIAL_COSTS,DERIVED,false,false
VN000000085,ORD00000085,2023-02-01,2023-02-01,SKU001,CUS04,CH03,VN,North,3000,31000,93000000.0,6045000.0,558000.0,0,0,86397000.0,37200000.0,1.528201,56849070.82,11646688.46,2426393.43,1036764.0,14438083.29,NET_REVENUE_SHARE,row_net_revenue / month_channel_net_revenue,COMMERCIAL_COSTS,DERIVED,false,false
VN000000086,ORD00000086,2023-02-01,2023-02-01,SKU002,CUS05,CH03,VN,South,2000,36000,72000000.0,4680000.0,432000.0,0,0,66888000.0,25920000.0,1.528201,39610965.48,9016791.07,1878498.14,802656.0,15579089.31,NET_REVENUE_SHARE,row_net_revenue / month_channel_net_revenue,COMMERCIAL_COSTS,DERIVED,false,false
VN000000087,ORD00000087,2023-02-01,2023-02-01,SKU003,CUS06,CH03,VN,Central,2000,32000,64000000.0,4160000.0,384000.0,0,0,59456000.0,24320000.0,1.528201,37165844.15,8014925.39,1669776.12,713472.0,11891982.34,NET_REVENUE_SHARE,row_net_revenue / month_channel_net_revenue,COMMERCIAL_COSTS,DERIVED,false,false
VN000000088,ORD00000088,2023-02-01,2023-02-01,SKU004,CUS07,CH03,VN,North,3000,28000,84000000.0,5460000.0,504000.0,0,0,78036000.0,36960000.0,1.528201,56482302.62,10519589.58,2191581.16,936432.0,7906094.64,NET_REVENUE_SHARE,row_net_revenue / month_channel_net_revenue,COMMERCIAL_COSTS,DERIVED,false,false
VN000000089,ORD00000089,2023-02-01,2023-02-01,SKU005,CUS08,CH03,VN,South,3000,27000,81000000.0,5265000.0,486000.0,0,0,75249000.0,37260000.0,1.528201,56940762.87,10143889.95,2113310.41,902988.0,5148048.77,NET_REVENUE_SHARE,row_net_revenue / month_channel_net_revenue,COMMERCIAL_COSTS,DERIVED,false,false
VN000000090,ORD00000090,2023-02-01,2023-02-01,SKU006,CUS09,CH03,VN,Central,2000,30000,60000000.0,3900000.0,360000.0,0,0,55740000.0,25200000.0,1.528201,38510660.88,7513992.56,1565415.12,668880.0,7481051.44,NET_REVENUE_SHARE,row_net_revenue / month_channel_net_revenue,COMMERCIAL_COSTS,DERIVED,false,false
VN000000091,ORD00000091,2023-02-01,2023-02-01,SKU007,CUS10,CH03,VN,North,3000,23000,69000000.0,4485000.0,414000.0,0,0,64101000.0,37950000.0,1.528201,57995221.44,8641091.44,1800227.38,769212.0,-5104752.26,NET_REVENUE_SHARE,row_net_revenue / month_channel_net_revenue,COMMERCIAL_COSTS,DERIVED,false,false
VN000000092,ORD00000092,2023-02-01,2023-02-01,SKU008,CUS01,CH03,VN,North,3000,25000,75000000.0,4875000.0,450000.0,0,0,69675000.0,39000000.0,1.528201,59599832.31,9392490.7,1956768.89,836100.0,-2110191.9,NET_REVENUE_SHARE,row_net_revenue / month_channel_net_revenue,COMMERCIAL_COSTS,DERIVED,false,false
VN000000093,ORD00000093,2023-02-01,2023-02-01,SKU009,CUS02,CH03,VN,South,3000,21000,63000000.0,4095000.0,378000.0,0,0,58527000.0,36540000.0,1.528201,55840458.27,7889692.18,1643685.87,702324.0,-7549160.32,NET_REVENUE_SHARE,row_net_revenue / month_channel_net_revenue,COMMERCIAL_COSTS,DERIVED,false,false
VN000000094,ORD00000094,2023-02-01,2023-02-01,SKU010,CUS03,CH03,VN,Central,3000,24000,72000000.0,4680000.0,432000.0,0,0,66888000.0,36000000.0,1.528201,55015229.83,9016791.07,1878498.14,802656.0,174824.96,NET_REVENUE_SHARE,row_net_revenue / month_channel_net_revenue,COMMERCIAL_COSTS,DERIVED,false,false
VN000000095,ORD00000095,2023-02-01,2023-02-01,SKU011,CUS04,CH03,VN,North,1000,35000,35000000.0,2275000.0,210000.0,0,0,32515000.0,10500000.0,1.528201,16046108.7,4383162.32,913158.82,390180.0,10782390.16,NET_REVENUE_SHARE,row_net_revenue / month_channel_net_revenue,COMMERCIAL_COSTS,DERIVED,false,false
VN000000096,ORD00000096,2023-02-01,2023-02-01,SKU012,CUS05,CH03,VN,South,2000,29000,58000000.0,3770000.0,348000.0,0,0,53882000.0,22620000.0,1.528201,34567902.75,7263526.14,1513234.61,646584.0,9890752.5,NET_REVENUE_SHARE,row_net_revenue / month_channel_net_revenue,COMMERCIAL_COSTS,DERIVED,false,false
VN000000097,ORD00000097,2023-02-01,2023-02-01,SKU001,CUS05,CH04,VN,South,2000,31000,62000000.0,2480000.0,1116000.0,0,0,58404000.0,24800000.0,1.411853,35013943.29,5034503.64,1573282.39,700848.0,16081422.68,NET_REVENUE_SHARE,row_net_revenue / month_channel_net_revenue,COMMERCIAL_COSTS,DERIVED,false,false
VN000000098,ORD00000098,2023-02-01,2023-02-01,SKU002,CUS06,CH04,VN,Central,1000,36000,36000000.0,1440000.0,648000.0,0,0,33912000.0,12960000.0,1.411853,18297609.07,2923260.18,913518.81,406944.0,11370667.94,NET_REVENUE_SHARE,row_net_revenue / month_channel_net_revenue,COMMERCIAL_COSTS,DERIVED,false,false
VN000000099,ORD00000099,2023-02-01,2023-02-01,SKU003,CUS07,CH04,VN,North,1000,32000,32000000.0,1280000.0,576000.0,0,0,30144000.0,12160000.0,1.411853,17168127.03,2598453.49,812016.72,361728.0,9203674.76,NET_REVENUE_SHARE,row_net_revenue / month_channel_net_revenue,COMMERCIAL_COSTS,DERIVED,false,false
VN000000100,ORD00000100,2023-02-01,2023-02-01,SKU004,CUS08,CH04,VN,South,2000,28000,56000000.0,2240000.0,1008000.0,0,0,52752000.0,24640000.0,1.411853,34788046.88,4547293.61,1421029.25,633024.0,11362606.26,NET_REVENUE_SHARE,row_net_revenue / month_channel_net_revenue,COMMERCIAL_COSTS,DERIVED,false,false
VN000000101,ORD00000101,2023-02-01,2023-02-01,SKU005,CUS09,CH04,VN,Central,1000,27000,27000000.0,1080000.0,486000.0,0,0,25434000.0,12420000.0,1.411853,17535208.7,2192445.13,685139.1,305208.0,4715999.07,NET_REVENUE_SHARE,row_net_revenue / month_channel_net_revenue,COMMERCIAL_COSTS,DERIVED,false,false
VN000000102,ORD00000102,2023-02-01,2023-02-01,SKU006,CUS10,CH04,VN,North,1000,30000,30000000.0,1200000.0,540000.0,0,0,28260000.0,12600000.0,1.411853,17789342.16,2436050.15,761265.67,339120.0,6934222.02,NET_REVENUE_SHARE,row_net_revenue / month_channel_net_revenue,COMMERCIAL_COSTS,DERIVED,false,false
VN000000103,ORD00000103,2023-02-01,2023-02-01,SKU007,CUS01,CH04,VN,North,2000,23000,46000000.0,1840000.0,828000.0,0,0,43332000.0,25300000.0,1.411853,35719869.57,3735276.9,1167274.03,519984.0,2189595.5,NET_REVENUE_SHARE,row_net_revenue / month_channel_net_revenue,COMMERCIAL_COSTS,DERIVED,false,false
VN000000104,ORD00000104,2023-02-01,2023-02-01,SKU008,CUS02,CH04,VN,South,2000,25000,50000000.0,2000000.0,900000.0,0,0,47100000.0,26000000.0,1.411853,36708166.35,4060083.58,1268776.12,565200.0,4497773.95,NET_REVENUE_SHARE,row_net_revenue / month_channel_net_revenue,COMMERCIAL_COSTS,DERIVED,false,false
VN000000105,ORD00000105,2023-02-01,2023-02-01,SKU009,CUS03,CH04,VN,Central,2000,21000,42000000.0,1680000.0,756000.0,0,0,39564000.0,24360000.0,1.411853,34392728.17,3410470.21,1065771.94,474768.0,220261.68,NET_REVENUE_SHARE,row_net_revenue / month_channel_net_revenue,COMMERCIAL_COSTS,DERIVED,false,false
VN000000106,ORD00000106,2023-02-01,2023-02-01,SKU010,CUS04,CH04,VN,North,1000,24000,24000000.0,960000.0,432000.0,0,0,22608000.0,12000000.0,1.411853,16942230.62,1948840.12,609012.54,271296.0,2836620.72,NET_REVENUE_SHARE,row_net_revenue / month_channel_net_revenue,COMMERCIAL_COSTS,DERIVED,false,false
VN000000107,ORD00000107,2023-02-01,2023-02-01,SKU011,CUS05,CH04,VN,South,1000,35000,35000000.0,1400000.0,630000.0,0,0,32970000.0,10500000.0,1.411853,14824451.8,2842058.51,888143.28,395640.0,14019706.41,NET_REVENUE_SHARE,row_net_revenue / month_channel_net_revenue,COMMERCIAL_COSTS,DERIVED,false,false
VN000000108,ORD00000108,2023-02-01,2023-02-01,SKU012,CUS06,CH04,VN,Central,1000,29000,29000000.0,1160000.0,522000.0,0,0,27318000.0,11310000.0,1.411853,15968052.36,2354848.48,735890.15,327816.0,7931393.01,NET_REVENUE_SHARE,row_net_revenue / month_channel_net_revenue,COMMERCIAL_COSTS,DERIVED,false,false
VN000000109,ORD00000109,2023-02-01,2023-02-01,SKU001,CUS06,CH05,VN,Central,2000,31000,62000000.0,2480000.0,372000.0,0,0,59148000.0,24800000.0,1.437233,35643378.7,1274019.18,1592523.97,709776.0,19928302.15,NET_REVENUE_SHARE,row_net_revenue / month_channel_net_revenue,COMMERCIAL_COSTS,DERIVED,false,false
VN000000110,ORD00000110,2023-02-01,2023-02-01,SKU002,CUS07,CH05,VN,North,2000,36000,72000000.0,2880000.0,432000.0,0,0,68688000.0,25920000.0,1.437233,37253079.68,1479506.14,1849382.68,824256.0,27281775.5,NET_REVENUE_SHARE,row_net_revenue / month_channel_net_revenue,COMMERCIAL_COSTS,DERIVED,false,false
VN000000111,ORD00000111,2023-02-01,2023-02-01,SKU003,CUS08,CH05,VN,South,1000,32000,32000000.0,1280000.0,192000.0,0,0,30528000.0,12160000.0,1.437233,17476753.43,657558.28,821947.86,366336.0,11205404.43,NET_REVENUE_SHARE,row_net_revenue / month_channel_net_revenue,COMMERCIAL_COSTS,DERIVED,false,false
VN000000112,ORD00000112,2023-02-01,2023-02-01,SKU004,CUS09,CH05,VN,Central,2000,28000,56000000.0,2240000.0,336000.0,0,0,53424000.0,24640000.0,1.437233,35413421.42,1150727.0,1438408.75,641088.0,14780354.83,NET_REVENUE_SHARE,row_net_revenue / month_channel_net_revenue,COMMERCIAL_COSTS,DERIVED,false,false
VN000000113,ORD00000113,2023-02-01,2023-02-01,SKU005,CUS10,CH05,VN,North,2000,27000,54000000.0,2160000.0,324000.0,0,0,51516000.0,24840000.0,1.437233,35700868.02,1109629.61,1387037.01,618192.0,12700273.36,NET_REVENUE_SHARE,row_net_revenue / month_channel_net_revenue,COMMERCIAL_COSTS,DERIVED,false,false
VN000000114,ORD00000114,2023-02-01,2023-02-01,SKU006,CUS01,CH05,VN,North,1000,30000,30000000.0,1200000.0,180000.0,0,0,28620000.0,12600000.0,1.437233,18109135.95,616460.89,770576.12,343440.0,8780387.04,NET_REVENUE_SHARE,row_net_revenue / month_channel_net_revenue,COMMERCIAL_COSTS,DERIVED,false,false
VN000000115,ORD00000115,2023-02-01,2023-02-01,SKU007,CUS02,CH05,VN,South,2000,23000,46000000.0,1840000.0,276000.0,0,0,43884000.0,25300000.0,1.437233,36361995.21,945240.03,1181550.04,526608.0,4868606.72,NET_REVENUE_SHARE,row_net_revenue / month_channel_net_revenue,COMMERCIAL_COSTS,DERIVED,false,false
VN000000116,ORD00000116,2023-02-01,2023-02-01,SKU008,CUS03,CH05,VN,Central,2000,25000,50000000.0,2000000.0,300000.0,0,0,47700000.0,26000000.0,1.437233,37368058.32,1027434.82,1284293.53,572400.0,7447813.33,NET_REVENUE_SHARE,row_net_revenue / month_channel_net_revenue,COMMERCIAL_COSTS,DERIVED,false,false
VN000000117,ORD00000117,2023-02-01,2023-02-01,SKU009,CUS04,CH05,VN,North,2000,21000,42000000.0,1680000.0,252000.0,0,0,40068000.0,24360000.0,1.437233,35010996.18,863045.25,1078806.56,480816.0,2634336.01,NET_REVENUE_SHARE,row_net_revenue / month_channel_net_revenue,COMMERCIAL_COSTS,DERIVED,false,false
VN000000118,ORD00000118,2023-02-01,2023-02-01,SKU010,CUS05,CH05,VN,South,2000,24000,48000000.0,1920000.0,288000.0,0,0,45792000.0,24000000.0,1.437233,34493592.29,986337.43,1232921.78,549504.0,8529644.5,NET_REVENUE_SHARE,row_net_revenue / month_channel_net_revenue,COMMERCIAL_COSTS,DERIVED,false,false
VN000000119,ORD00000119,2023-02-01,2023-02-01,SKU011,CUS06,CH05,VN,Central,1000,35000,35000000.0,1400000.0,210000.0,0,0,33390000.0,10500000.0,1.437233,15090946.63,719204.37,899005.47,400680.0,16280163.53,NET_REVENUE_SHARE,row_net_revenue / month_channel_net_revenue,COMMERCIAL_COSTS,DERIVED,false,false
VN000000120,ORD00000120,2023-02-01,2023-02-01,SKU012,CUS07,CH05,VN,North,1000,29000,29000000.0,1160000.0,174000.0,0,0,27666000.0,11310000.0,1.437233,16255105.37,595912.2,744890.24,331992.0,9738100.19,NET_REVENUE_SHARE,row_net_revenue / month_channel_net_revenue,COMMERCIAL_COSTS,DERIVED,false,false
VN000000121,ORD00000121,2023-03-01,2023-03-01,SKU001,CUS03,CH01,VN,Central,7000,31000,217000000.0,8680000.0,1302000.0,0,0,207018000.0,86800000.0,1.409072,122307492.54,7611035.5,5436453.93,2484216.0,69178802.03,NET_REVENUE_SHARE,row_net_revenue / month_channel_net_revenue,COMMERCIAL_COSTS,DERIVED,false,false
VN000000122,ORD00000122,2023-03-01,2023-03-01,SKU002,CUS04,CH01,VN,North,5000,36000,180000000.0,7200000.0,1080000.0,0,0,171720000.0,64800000.0,1.409072,91307897.66,6313301.33,4509500.95,2060640.0,67528660.06,NET_REVENUE_SHARE,row_net_revenue / month_channel_net_revenue,COMMERCIAL_COSTS,DERIVED,false,false
VN000000123,ORD00000123,2023-03-01,2023-03-01,SKU003,CUS05,CH01,VN,South,4000,32000,128000000.0,5120000.0,768000.0,0,0,122112000.0,48640000.0,1.409072,68537286.14,4489458.73,3206756.23,1465344.0,44413154.9,NET_REVENUE_SHARE,row_net_revenue / month_channel_net_revenue,COMMERCIAL_COSTS,DERIVED,false,false
VN000000124,ORD00000124,2023-03-01,2023-03-01,SKU004,CUS06,CH01,VN,Central,6000,28000,168000000.0,6720000.0,1008000.0,0,0,160272000.0,73920000.0,1.409072,104158638.81,5892414.58,4208867.56,1923264.0,44088815.05,NET_REVENUE_SHARE,row_net_revenue / month_channel_net_revenue,COMMERCIAL_COSTS,DERIVED,false,false
VN000000125,ORD00000125,2023-03-01,2023-03-01,SKU005,CUS07,CH01,VN,North,5000,27000,135000000.0,5400000.0,810000.0,0,0,128790000.0,62100000.0,1.409072,87503401.92,4734976.0,3382125.71,1545480.0,31624016.37,NET_REVENUE_SHARE,row_net_revenue / month_channel_net_revenue,COMMERCIAL_COSTS,DERIVED,false,false
VN000000126,ORD00000126,2023-03-01,2023-03-01,SKU006,CUS08,CH01,VN,South,4000,30000,120000000.0,4800000.0,720000.0,0,0,114480000.0,50400000.0,1.409072,71017253.73,4208867.56,3006333.97,1373760.0,34873784.74,NET_REVENUE_SHARE,row_net_revenue / month_channel_net_revenue,COMMERCIAL_COSTS,DERIVED,false,false
VN000000127,ORD00000127,2023-03-01,2023-03-01,SKU007,CUS09,CH01,VN,Central,7000,23000,161000000.0,6440000.0,966000.0,0,0,153594000.0,88550000.0,1.409072,124773369.41,5646897.3,4033498.07,1843128.0,17297107.22,NET_REVENUE_SHARE,row_net_revenue / month_channel_net_revenue,COMMERCIAL_COSTS,DERIVED,false,false
VN000000128,ORD00000128,2023-03-01,2023-03-01,SKU008,CUS10,CH01,VN,North,5000,25000,125000000.0,5000000.0,750000.0,0,0,119250000.0,65000000.0,1.409072,91589712.16,4384237.04,3131597.88,1431000.0,18713452.92,NET_REVENUE_SHARE,row_net_revenue / month_channel_net_revenue,COMMERCIAL_COSTS,DERIVED,false,false
VN000000129,ORD00000129,2023-03-01,2023-03-01,SKU009,CUS01,CH01,VN,North,6000,21000,126000000.0,5040000.0,756000.0,0,0,120204000.0,73080000.0,1.409072,102975017.91,4419310.93,3156650.67,1442448.0,8210572.49,NET_REVENUE_SHARE,row_net_revenue / month_channel_net_revenue,COMMERCIAL_COSTS,DERIVED,false,false
VN000000130,ORD00000130,2023-03-01,2023-03-01,SKU010,CUS02,CH01,VN,South,5000,24000,120000000.0,4800000.0,720000.0,0,0,114480000.0,60000000.0,1.409072,84544349.68,4208867.56,3006333.97,1373760.0,21346688.79,NET_REVENUE_SHARE,row_net_revenue / month_channel_net_revenue,COMMERCIAL_COSTS,DERIVED,false,false
VN000000131,ORD00000131,2023-03-01,2023-03-01,SKU011,CUS03,CH01,VN,Central,3000,35000,105000000.0,4200000.0,630000.0,0,0,100170000.0,31500000.0,1.409072,44385783.58,3682759.11,2630542.22,1202040.0,48268875.09,NET_REVENUE_SHARE,row_net_revenue / month_channel_net_revenue,COMMERCIAL_COSTS,DERIVED,false,false
VN000000132,ORD00000132,2023-03-01,2023-03-01,SKU012,CUS04,CH01,VN,North,4000,29000,116000000.0,4640000.0,696000.0,0,0,110664000.0,45240000.0,1.409072,63746439.66,4068571.97,2906122.84,1327968.0,38614897.53,NET_REVENUE_SHARE,row_net_revenue / month_channel_net_revenue,COMMERCIAL_COSTS,DERIVED,false,false
VN000000133,ORD00000133,2023-03-01,2023-03-01,SKU001,CUS04,CH02,VN,North,5000,31000,155000000.0,6200000.0,930000.0,0,0,147870000.0,62000000.0,1.39707,86618317.62,6961707.12,5724070.3,1774440.0,46791464.96,NET_REVENUE_SHARE,row_net_revenue / month_channel_net_revenue,COMMERCIAL_COSTS,DERIVED,false,false
VN000000134,ORD00000134,2023-03-01,2023-03-01,SKU002,CUS05,CH02,VN,South,4000,36000,144000000.0,5760000.0,864000.0,0,0,137376000.0,51840000.0,1.39707,72424090.09,6467650.49,5317845.96,1648512.0,51517901.46,NET_REVENUE_SHARE,row_net_revenue / month_channel_net_revenue,COMMERCIAL_COSTS,DERIVED,false,false
VN000000135,ORD00000135,2023-03-01,2023-03-01,SKU003,CUS06,CH02,VN,Central,3000,32000,96000000.0,3840000.0,576000.0,0,0,91584000.0,36480000.0,1.39707,50965100.43,4311766.99,3545230.64,1099008.0,31662893.94,NET_REVENUE_SHARE,row_net_revenue / month_channel_net_revenue,COMMERCIAL_COSTS,DERIVED,false,false
VN000000136,ORD00000136,2023-03-01,2023-03-01,SKU004,CUS07,CH02,VN,North,5000,28000,140000000.0,5600000.0,840000.0,0,0,133560000.0,61600000.0,1.39707,86059489.77,6287993.53,5170128.01,1602720.0,34439668.69,NET_REVENUE_SHARE,row_net_revenue / month_channel_net_revenue,COMMERCIAL_COSTS,DERIVED,false,false
VN000000137,ORD00000137,2023-03-01,2023-03-01,SKU005,CUS08,CH02,VN,South,4000,27000,108000000.0,4320000.0,648000.0,0,0,103032000.0,49680000.0,1.39707,69406419.67,4850737.87,3988384.47,1236384.0,23550073.99,NET_REVENUE_SHARE,row_net_revenue / month_channel_net_revenue,COMMERCIAL_COSTS,DERIVED,false,false
VN000000138,ORD00000138,2023-03-01,2023-03-01,SKU006,CUS09,CH02,VN,Central,3000,30000,90000000.0,3600000.0,540000.0,0,0,85860000.0,37800000.0,1.39707,52809232.36,4042281.56,3323653.72,1030320.0,24654512.36,NET_REVENUE_SHARE,row_net_revenue / month_channel_net_revenue,COMMERCIAL_COSTS,DERIVED,false,false
VN000000139,ORD00000139,2023-03-01,2023-03-01,SKU007,CUS10,CH02,VN,North,5000,23000,115000000.0,4600000.0,690000.0,0,0,109710000.0,63250000.0,1.39707,88364654.67,5165137.54,4246890.87,1316520.0,10616796.92,NET_REVENUE_SHARE,row_net_revenue / month_channel_net_revenue,COMMERCIAL_COSTS,DERIVED,false,false
VN000000140,ORD00000140,2023-03-01,2023-03-01,SKU008,CUS01,CH02,VN,North,4000,25000,100000000.0,4000000.0,600000.0,0,0,95400000.0,52000000.0,1.39707,72647621.23,4491423.95,3692948.58,1144800.0,13423206.24,NET_REVENUE_SHARE,row_net_revenue / month_channel_net_revenue,COMMERCIAL_COSTS,DERIVED,false,false
VN000000141,ORD00000141,2023-03-01,2023-03-01,SKU009,CUS02,CH02,VN,South,5000,21000,105000000.0,4200000.0,630000.0,0,0,100170000.0,60900000.0,1.39707,85081541.02,4715995.15,3877596.01,1202040.0,5292827.82,NET_REVENUE_SHARE,row_net_revenue / month_channel_net_revenue,COMMERCIAL_COSTS,DERIVED,false,false
VN000000142,ORD00000142,2023-03-01,2023-03-01,SKU010,CUS03,CH02,VN,Central,4000,24000,96000000.0,3840000.0,576000.0,0,0,91584000.0,48000000.0,1.39707,67059342.67,4311766.99,3545230.64,1099008.0,15568651.7,NET_REVENUE_SHARE,row_net_revenue / month_channel_net_revenue,COMMERCIAL_COSTS,DERIVED,false,false
VN000000143,ORD00000143,2023-03-01,2023-03-01,SKU011,CUS04,CH02,VN,North,2000,35000,70000000.0,2800000.0,420000.0,0,0,66780000.0,21000000.0,1.39707,29338462.42,3143996.77,2585064.01,801360.0,30911116.8,NET_REVENUE_SHARE,row_net_revenue / month_channel_net_revenue,COMMERCIAL_COSTS,DERIVED,false,false
VN000000144,ORD00000144,2023-03-01,2023-03-01,SKU012,CUS05,CH02,VN,South,3000,29000,87000000.0,3480000.0,522000.0,0,0,82998000.0,33930000.0,1.39707,47402572.85,3907538.84,3212865.27,995976.0,27479047.04,NET_REVENUE_SHARE,row_net_revenue / month_channel_net_revenue,COMMERCIAL_COSTS,DERIVED,false,false
VN000000145,ORD00000145,2023-03-01,2023-03-01,SKU001,CUS05,CH03,VN,South,4000,31000,124000000.0,8060000.0,744000.0,0,0,115196000.0,49600000.0,1.431134,70984227.15,14289492.26,2976977.55,1382352.0,25562951.04,NET_REVENUE_SHARE,row_net_revenue / month_channel_net_revenue,COMMERCIAL_COSTS,DERIVED,false,false
VN000000146,ORD00000146,2023-03-01,2023-03-01,SKU002,CUS06,CH03,VN,Central,3000,36000,108000000.0,7020000.0,648000.0,0,0,100332000.0,38880000.0,1.431134,55642474.83,12445686.81,2592851.42,1203984.0,28447002.94,NET_REVENUE_SHARE,row_net_revenue / month_channel_net_revenue,COMMERCIAL_COSTS,DERIVED,false,false
VN000000147,ORD00000147,2023-03-01,2023-03-01,SKU003,CUS07,CH03,VN,North,2000,32000,64000000.0,4160000.0,384000.0,0,0,59456000.0,24320000.0,1.431134,34805169.44,7375221.81,1536504.54,713472.0,15025632.21,NET_REVENUE_SHARE,row_net_revenue / month_channel_net_revenue,COMMERCIAL_COSTS,DERIVED,false,false
VN000000148,ORD00000148,2023-03-01,2023-03-01,SKU004,CUS08,CH03,VN,South,3000,28000,84000000.0,5460000.0,504000.0,0,0,78036000.0,36960000.0,1.431134,52894698.29,9679978.63,2016662.21,936432.0,12508228.87,NET_REVENUE_SHARE,row_net_revenue / month_channel_net_revenue,COMMERCIAL_COSTS,DERIVED,false,false
VN000000149,ORD00000149,2023-03-01,2023-03-01,SKU005,CUS09,CH03,VN,Central,3000,27000,81000000.0,5265000.0,486000.0,0,0,75249000.0,37260000.0,1.431134,53324038.38,9334265.11,1944638.56,902988.0,9743069.95,NET_REVENUE_SHARE,row_net_revenue / month_channel_net_revenue,COMMERCIAL_COSTS,DERIVED,false,false
VN000000150,ORD00000150,2023-03-01,2023-03-01,SKU006,CUS10,CH03,VN,North,2000,30000,60000000.0,3900000.0,360000.0,0,0,55740000.0,25200000.0,1.431134,36064567.02,6914270.45,1440473.01,668880.0,10651809.52,NET_REVENUE_SHARE,row_net_revenue / month_channel_net_revenue,COMMERCIAL_COSTS,DERIVED,false,false
VN000000151,ORD00000151,2023-03-01,2023-03-01,SKU007,CUS01,CH03,VN,North,4000,23000,92000000.0,5980000.0,552000.0,0,0,85468000.0,50600000.0,1.431134,72415360.76,10601881.36,2208725.28,1025616.0,-783583.4,NET_REVENUE_SHARE,row_net_revenue / month_channel_net_revenue,COMMERCIAL_COSTS,DERIVED,false,false
VN000000152,ORD00000152,2023-03-01,2023-03-01,SKU008,CUS02,CH03,VN,South,3000,25000,75000000.0,4875000.0,450000.0,0,0,69675000.0,39000000.0,1.431134,55814210.86,8642838.06,1800591.26,836100.0,2581259.82,NET_REVENUE_SHARE,row_net_revenue / month_channel_net_revenue,COMMERCIAL_COSTS,DERIVED,false,false
VN000000153,ORD00000153,2023-03-01,2023-03-01,SKU009,CUS03,CH03,VN,Central,3000,21000,63000000.0,4095000.0,378000.0,0,0,58527000.0,36540000.0,1.431134,52293622.18,7259983.97,1512496.66,702324.0,-3241426.81,NET_REVENUE_SHARE,row_net_revenue / month_channel_net_revenue,COMMERCIAL_COSTS,DERIVED,false,false
VN000000154,ORD00000154,2023-03-01,2023-03-01,SKU010,CUS04,CH03,VN,North,3000,24000,72000000.0,4680000.0,432000.0,0,0,66888000.0,36000000.0,1.431134,51520810.02,8297124.54,1728567.61,802656.0,4538841.83,NET_REVENUE_SHARE,row_net_revenue / month_channel_net_revenue,COMMERCIAL_COSTS,DERIVED,false,false
VN000000155,ORD00000155,2023-03-01,2023-03-01,SKU011,CUS05,CH03,VN,South,2000,35000,70000000.0,4550000.0,420000.0,0,0,65030000.0,21000000.0,1.431134,30053805.85,8066648.86,1680551.85,780360.0,24448633.44,NET_REVENUE_SHARE,row_net_revenue / month_channel_net_revenue,COMMERCIAL_COSTS,DERIVED,false,false
VN000000156,ORD00000156,2023-03-01,2023-03-01,SKU012,CUS06,CH03,VN,Central,2000,29000,58000000.0,3770000.0,348000.0,0,0,53882000.0,22620000.0,1.431134,32372242.28,6683794.77,1392457.24,646584.0,12786921.71,NET_REVENUE_SHARE,row_net_revenue / month_channel_net_revenue,COMMERCIAL_COSTS,DERIVED,false,false
VN000000157,ORD00000157,2023-03-01,2023-03-01,SKU001,CUS06,CH04,VN,Central,2000,31000,62000000.0,2480000.0,1116000.0,0,0,58404000.0,24800000.0,1.486904,36875215.26,5302127.9,1656914.97,700848.0,13868893.87,NET_REVENUE_SHARE,row_net_revenue / month_channel_net_revenue,COMMERCIAL_COSTS,DERIVED,false,false
VN000000158,ORD00000158,2023-03-01,2023-03-01,SKU002,CUS07,CH04,VN,North,1000,36000,36000000.0,1440000.0,648000.0,0,0,33912000.0,12960000.0,1.486904,19270273.78,3078654.91,962079.66,406944.0,10194047.65,NET_REVENUE_SHARE,row_net_revenue / month_channel_net_revenue,COMMERCIAL_COSTS,DERIVED,false,false
VN000000159,ORD00000159,2023-03-01,2023-03-01,SKU003,CUS08,CH04,VN,South,1000,32000,32000000.0,1280000.0,576000.0,0,0,30144000.0,12160000.0,1.486904,18080750.71,2736582.14,855181.92,361728.0,8109757.23,NET_REVENUE_SHARE,row_net_revenue / month_channel_net_revenue,COMMERCIAL_COSTS,DERIVED,false,false
VN000000160,ORD00000160,2023-03-01,2023-03-01,SKU004,CUS09,CH04,VN,Central,2000,28000,56000000.0,2240000.0,1008000.0,0,0,52752000.0,24640000.0,1.486904,36637310.65,4789018.75,1496568.36,633024.0,9196078.24,NET_REVENUE_SHARE,row_net_revenue / month_channel_net_revenue,COMMERCIAL_COSTS,DERIVED,false,false
VN000000161,ORD00000161,2023-03-01,2023-03-01,SKU005,CUS10,CH04,VN,North,1000,27000,27000000.0,1080000.0,486000.0,0,0,25434000.0,12420000.0,1.486904,18467345.71,2308991.18,721559.74,305208.0,3630895.37,NET_REVENUE_SHARE,row_net_revenue / month_channel_net_revenue,COMMERCIAL_COSTS,DERIVED,false,false
VN000000162,ORD00000162,2023-03-01,2023-03-01,SKU006,CUS01,CH04,VN,North,1000,30000,30000000.0,1200000.0,540000.0,0,0,28260000.0,12600000.0,1.486904,18734988.4,2565545.76,801733.05,339120.0,5818612.79,NET_REVENUE_SHARE,row_net_revenue / month_channel_net_revenue,COMMERCIAL_COSTS,DERIVED,false,false
VN000000163,ORD00000163,2023-03-01,2023-03-01,SKU007,CUS02,CH04,VN,South,2000,23000,46000000.0,1840000.0,828000.0,0,0,43332000.0,25300000.0,1.486904,37618667.18,3933836.83,1229324.01,519984.0,30187.98,NET_REVENUE_SHARE,row_net_revenue / month_channel_net_revenue,COMMERCIAL_COSTS,DERIVED,false,false
VN000000164,ORD00000164,2023-03-01,2023-03-01,SKU008,CUS03,CH04,VN,Central,2000,25000,50000000.0,2000000.0,900000.0,0,0,47100000.0,26000000.0,1.486904,38659499.87,4275909.59,1336221.75,565200.0,2263168.79,NET_REVENUE_SHARE,row_net_revenue / month_channel_net_revenue,COMMERCIAL_COSTS,DERIVED,false,false
VN000000165,ORD00000165,2023-03-01,2023-03-01,SKU009,CUS04,CH04,VN,North,2000,21000,42000000.0,1680000.0,756000.0,0,0,39564000.0,24360000.0,1.486904,36220977.57,3591764.06,1122426.27,474768.0,-1845935.9,NET_REVENUE_SHARE,row_net_revenue / month_channel_net_revenue,COMMERCIAL_COSTS,DERIVED,false,false
VN000000166,ORD00000166,2023-03-01,2023-03-01,SKU010,CUS05,CH04,VN,South,1000,24000,24000000.0,960000.0,432000.0,0,0,22608000.0,12000000.0,1.486904,17842846.09,2052436.61,641386.44,271296.0,1800034.86,NET_REVENUE_SHARE,row_net_revenue / month_channel_net_revenue,COMMERCIAL_COSTS,DERIVED,false,false
VN000000167,ORD00000167,2023-03-01,2023-03-01,SKU011,CUS06,CH04,VN,Central,1000,35000,35000000.0,1400000.0,630000.0,0,0,32970000.0,10500000.0,1.486904,15612490.33,2993136.72,935355.22,395640.0,13033377.73,NET_REVENUE_SHARE,row_net_revenue / month_channel_net_revenue,COMMERCIAL_COSTS,DERIVED,false,false
VN000000168,ORD00000168,2023-03-01,2023-03-01,SKU012,CUS07,CH04,VN,North,1000,29000,29000000.0,1160000.0,522000.0,0,0,27318000.0,11310000.0,1.486904,16816882.45,2480027.57,775008.61,327816.0,6918265.37,NET_REVENUE_SHARE,row_net_revenue / month_channel_net_revenue,COMMERCIAL_COSTS,DERIVED,false,false
VN000000169,ORD00000169,2023-03-01,2023-03-01,SKU001,CUS07,CH05,VN,North,2000,31000,62000000.0,2480000.0,372000.0,0,0,59148000.0,24800000.0,1.442456,35772908.85,1268723.46,1585904.33,709776.0,19810687.36,NET_REVENUE_SHARE,row_net_revenue / month_channel_net_revenue,COMMERCIAL_COSTS,DERIVED,false,false
VN000000170,ORD00000170,2023-03-01,2023-03-01,SKU002,CUS08,CH05,VN,South,2000,36000,72000000.0,2880000.0,432000.0,0,0,68688000.0,25920000.0,1.442456,37388459.58,1473356.28,1841695.35,824256.0,27160232.79,NET_REVENUE_SHARE,row_net_revenue / month_channel_net_revenue,COMMERCIAL_COSTS,DERIVED,false,false
VN000000171,ORD00000171,2023-03-01,2023-03-01,SKU003,CUS09,CH05,VN,Central,2000,32000,64000000.0,2560000.0,384000.0,0,0,61056000.0,24320000.0,1.442456,35080529.97,1309650.02,1637062.53,732672.0,22296085.48,NET_REVENUE_SHARE,row_net_revenue / month_channel_net_revenue,COMMERCIAL_COSTS,DERIVED,false,false
VN000000172,ORD00000172,2023-03-01,2023-03-01,SKU004,CUS10,CH05,VN,North,2000,28000,56000000.0,2240000.0,336000.0,0,0,53424000.0,24640000.0,1.442456,35542115.89,1145943.77,1432429.71,641088.0,14662422.63,NET_REVENUE_SHARE,row_net_revenue / month_channel_net_revenue,COMMERCIAL_COSTS,DERIVED,false,false
VN000000173,ORD00000173,2023-03-01,2023-03-01,SKU005,CUS01,CH05,VN,North,2000,27000,54000000.0,2160000.0,324000.0,0,0,51516000.0,24840000.0,1.442456,35830607.09,1105017.21,1381271.51,618192.0,12580912.19,NET_REVENUE_SHARE,row_net_revenue / month_channel_net_revenue,COMMERCIAL_COSTS,DERIVED,false,false
VN000000174,ORD00000174,2023-03-01,2023-03-01,SKU006,CUS02,CH05,VN,South,1000,30000,30000000.0,1200000.0,180000.0,0,0,28620000.0,12600000.0,1.442456,18174945.63,613898.45,767373.06,343440.0,8720342.86,NET_REVENUE_SHARE,row_net_revenue / month_channel_net_revenue,COMMERCIAL_COSTS,DERIVED,false,false
VN000000175,ORD00000175,2023-03-01,2023-03-01,SKU007,CUS03,CH05,VN,Central,2000,23000,46000000.0,1840000.0,276000.0,0,0,43884000.0,25300000.0,1.442456,36494136.85,941310.96,1176638.69,526608.0,4745305.5,NET_REVENUE_SHARE,row_net_revenue / month_channel_net_revenue,COMMERCIAL_COSTS,DERIVED,false,false
VN000000176,ORD00000176,2023-03-01,2023-03-01,SKU008,CUS04,CH05,VN,North,2000,25000,50000000.0,2000000.0,300000.0,0,0,47700000.0,26000000.0,1.442456,37503856.06,1023164.08,1278955.1,572400.0,7321624.76,NET_REVENUE_SHARE,row_net_revenue / month_channel_net_revenue,COMMERCIAL_COSTS,DERIVED,false,false
VN000000177,ORD00000177,2023-03-01,2023-03-01,SKU009,CUS05,CH05,VN,South,2000,21000,42000000.0,1680000.0,252000.0,0,0,40068000.0,24360000.0,1.442456,35138228.21,859457.83,1074322.29,480816.0,2515175.67,NET_REVENUE_SHARE,row_net_revenue / month_channel_net_revenue,COMMERCIAL_COSTS,DERIVED,false,false
VN000000178,ORD00000178,2023-03-01,2023-03-01,SKU010,CUS06,CH05,VN,Central,2000,24000,48000000.0,1920000.0,288000.0,0,0,45792000.0,24000000.0,1.442456,34618944.05,982237.52,1227796.9,549504.0,8413517.53,NET_REVENUE_SHARE,row_net_revenue / month_channel_net_revenue,COMMERCIAL_COSTS,DERIVED,false,false
VN000000179,ORD00000179,2023-03-01,2023-03-01,SKU011,CUS07,CH05,VN,North,1000,35000,35000000.0,1400000.0,210000.0,0,0,33390000.0,10500000.0,1.442456,15145788.02,716214.86,895268.57,400680.0,16232048.55,NET_REVENUE_SHARE,row_net_revenue / month_channel_net_revenue,COMMERCIAL_COSTS,DERIVED,false,false
VN000000180,ORD00000180,2023-03-01,2023-03-01,SKU012,CUS08,CH05,VN,South,1000,29000,29000000.0,1160000.0,174000.0,0,0,27666000.0,11310000.0,1.442456,16314177.4,593435.17,741793.96,331992.0,9684601.47,NET_REVENUE_SHARE,row_net_revenue / month_channel_net_revenue,COMMERCIAL_COSTS,DERIVED,false,false
VN000000181,ORD00000181,2023-04-01,2023-04-01,SKU001,CUS04,CH01,VN,North,7000,31000,217000000.0,8680000.0,1302000.0,0,0,207018000.0,86800000.0,1.392802,120895234.74,7570978.41,5407841.72,2484216.0,70659729.13,NET_REVENUE_SHARE,row_net_revenue / month_channel_net_revenue,COMMERCIAL_COSTS,DERIVED,false,false
VN000000182,ORD00000182,2023-04-01,2023-04-01,SKU002,CUS05,CH01,VN,South,5000,36000,180000000.0,7200000.0,1080000.0,0,0,171720000.0,64800000.0,1.392802,90253585.38,6280074.26,4485767.33,2060640.0,68639933.03,NET_REVENUE_SHARE,row_net_revenue / month_channel_net_revenue,COMMERCIAL_COSTS,DERIVED,false,false
VN000000183,ORD00000183,2023-04-01,2023-04-01,SKU003,CUS06,CH01,VN,Central,4000,32000,128000000.0,5120000.0,768000.0,0,0,122112000.0,48640000.0,1.392802,67745901.12,4465830.58,3189878.99,1465344.0,45245045.31,NET_REVENUE_SHARE,row_net_revenue / month_channel_net_revenue,COMMERCIAL_COSTS,DERIVED,false,false
VN000000184,ORD00000184,2023-04-01,2023-04-01,SKU004,CUS07,CH01,VN,North,6000,28000,168000000.0,6720000.0,1008000.0,0,0,160272000.0,73920000.0,1.392802,102955941.84,5861402.64,4186716.17,1923264.0,45344675.35,NET_REVENUE_SHARE,row_net_revenue / month_channel_net_revenue,COMMERCIAL_COSTS,DERIVED,false,false
VN000000185,ORD00000185,2023-04-01,2023-04-01,SKU005,CUS08,CH01,VN,South,5000,27000,135000000.0,5400000.0,810000.0,0,0,128790000.0,62100000.0,1.392802,86493019.32,4710055.69,3364325.5,1545480.0,32677119.49,NET_REVENUE_SHARE,row_net_revenue / month_channel_net_revenue,COMMERCIAL_COSTS,DERIVED,false,false
VN000000186,ORD00000186,2023-04-01,2023-04-01,SKU006,CUS09,CH01,VN,Central,4000,30000,120000000.0,4800000.0,720000.0,0,0,114480000.0,50400000.0,1.392802,70197233.07,4186716.17,2990511.55,1373760.0,35731779.21,NET_REVENUE_SHARE,row_net_revenue / month_channel_net_revenue,COMMERCIAL_COSTS,DERIVED,false,false
VN000000187,ORD00000187,2023-04-01,2023-04-01,SKU007,CUS10,CH01,VN,North,7000,23000,161000000.0,6440000.0,966000.0,0,0,153594000.0,88550000.0,1.392802,123332638.66,5617177.53,4012269.66,1843128.0,18788786.15,NET_REVENUE_SHARE,row_net_revenue / month_channel_net_revenue,COMMERCIAL_COSTS,DERIVED,false,false
VN000000188,ORD00000188,2023-04-01,2023-04-01,SKU008,CUS01,CH01,VN,North,6000,25000,150000000.0,6000000.0,900000.0,0,0,143100000.0,78000000.0,1.392802,108638574.99,5233395.21,3738139.44,1717200.0,23772690.36,NET_REVENUE_SHARE,row_net_revenue / month_channel_net_revenue,COMMERCIAL_COSTS,DERIVED,false,false
VN000000189,ORD00000189,2023-04-01,2023-04-01,SKU009,CUS02,CH01,VN,South,7000,21000,147000000.0,5880000.0,882000.0,0,0,140238000.0,85260000.0,1.392802,118750319.28,5128727.31,3663376.65,1682856.0,11012720.76,NET_REVENUE_SHARE,row_net_revenue / month_channel_net_revenue,COMMERCIAL_COSTS,DERIVED,false,false
VN000000190,ORD00000190,2023-04-01,2023-04-01,SKU010,CUS03,CH01,VN,Central,5000,24000,120000000.0,4800000.0,720000.0,0,0,114480000.0,60000000.0,1.392802,83568134.61,4186716.17,2990511.55,1373760.0,22360877.67,NET_REVENUE_SHARE,row_net_revenue / month_channel_net_revenue,COMMERCIAL_COSTS,DERIVED,false,false
VN000000191,ORD00000191,2023-04-01,2023-04-01,SKU011,CUS04,CH01,VN,North,3000,35000,105000000.0,4200000.0,630000.0,0,0,100170000.0,31500000.0,1.392802,43873270.67,3663376.65,2616697.61,1202040.0,48814615.07,NET_REVENUE_SHARE,row_net_revenue / month_channel_net_revenue,COMMERCIAL_COSTS,DERIVED,false,false
VN000000192,ORD00000192,2023-04-01,2023-04-01,SKU012,CUS05,CH01,VN,South,4000,29000,116000000.0,4640000.0,696000.0,0,0,110664000.0,45240000.0,1.392802,63010373.52,4047158.97,2890827.83,1327968.0,39387671.68,NET_REVENUE_SHARE,row_net_revenue / month_channel_net_revenue,COMMERCIAL_COSTS,DERIVED,false,false
VN000000193,ORD00000193,2023-04-01,2023-04-01,SKU001,CUS05,CH02,VN,South,5000,31000,155000000.0,6200000.0,930000.0,0,0,147870000.0,62000000.0,1.427299,88492526.78,7112341.49,5847925.22,1774440.0,44642766.51,NET_REVENUE_SHARE,row_net_revenue / month_channel_net_revenue,COMMERCIAL_COSTS,DERIVED,false,false
VN000000194,ORD00000194,2023-04-01,2023-04-01,SKU002,CUS06,CH02,VN,Central,4000,36000,144000000.0,5760000.0,864000.0,0,0,137376000.0,51840000.0,1.427299,73991170.78,6607594.67,5432911.18,1648512.0,49695811.37,NET_REVENUE_SHARE,row_net_revenue / month_channel_net_revenue,COMMERCIAL_COSTS,DERIVED,false,false
VN000000195,ORD00000195,2023-04-01,2023-04-01,SKU003,CUS07,CH02,VN,North,3000,32000,96000000.0,3840000.0,576000.0,0,0,91584000.0,36480000.0,1.427299,52067860.92,4405063.12,3621940.78,1099008.0,30390127.18,NET_REVENUE_SHARE,row_net_revenue / month_channel_net_revenue,COMMERCIAL_COSTS,DERIVED,false,false
VN000000196,ORD00000196,2023-04-01,2023-04-01,SKU004,CUS08,CH02,VN,South,5000,28000,140000000.0,5600000.0,840000.0,0,0,133560000.0,61600000.0,1.427299,87921607.25,6424050.38,5281996.98,1602720.0,32329625.39,NET_REVENUE_SHARE,row_net_revenue / month_channel_net_revenue,COMMERCIAL_COSTS,DERIVED,false,false
VN000000197,ORD00000197,2023-04-01,2023-04-01,SKU005,CUS09,CH02,VN,Central,4000,27000,108000000.0,4320000.0,648000.0,0,0,103032000.0,49680000.0,1.427299,70908205.33,4955696.0,4074683.38,1236384.0,21857031.29,NET_REVENUE_SHARE,row_net_revenue / month_channel_net_revenue,COMMERCIAL_COSTS,DERIVED,false,false
VN000000198,ORD00000198,2023-04-01,2023-04-01,SKU006,CUS10,CH02,VN,North,3000,30000,90000000.0,3600000.0,540000.0,0,0,85860000.0,37800000.0,1.427299,53951895.36,4129746.67,3395569.48,1030320.0,23352468.49,NET_REVENUE_SHARE,row_net_revenue / month_channel_net_revenue,COMMERCIAL_COSTS,DERIVED,false,false
VN000000199,ORD00000199,2023-04-01,2023-04-01,SKU007,CUS01,CH02,VN,North,5000,23000,115000000.0,4600000.0,690000.0,0,0,109710000.0,63250000.0,1.427299,90276650.3,5276898.52,4338783.23,1316520.0,8501147.95,NET_REVENUE_SHARE,row_net_revenue / month_channel_net_revenue,COMMERCIAL_COSTS,DERIVED,false,false
VN000000200,ORD00000200,2023-04-01,2023-04-01,SKU008,CUS02,CH02,VN,South,4000,25000,100000000.0,4000000.0,600000.0,0,0,95400000.0,52000000.0,1.427299,74219538.59,4588607.41,3772854.98,1144800.0,11674199.02,NET_REVENUE_SHARE,row_net_revenue / month_channel_net_revenue,COMMERCIAL_COSTS,DERIVED,false,false
VN000000201,ORD00000201,2023-04-01,2023-04-01,SKU009,CUS03,CH02,VN,Central,5000,21000,105000000.0,4200000.0,630000.0,0,0,100170000.0,60900000.0,1.427299,86922498.08,4818037.78,3961497.73,1202040.0,3265926.41,NET_REVENUE_SHARE,row_net_revenue / month_channel_net_revenue,COMMERCIAL_COSTS,DERIVED,false,false
VN000000202,ORD00000202,2023-04-01,2023-04-01,SKU010,CUS04,CH02,VN,North,4000,24000,96000000.0,3840000.0,576000.0,0,0,91584000.0,48000000.0,1.427299,68510343.31,4405063.12,3621940.78,1099008.0,13947644.79,NET_REVENUE_SHARE,row_net_revenue / month_channel_net_revenue,COMMERCIAL_COSTS,DERIVED,false,false
VN000000203,ORD00000203,2023-04-01,2023-04-01,SKU011,CUS05,CH02,VN,South,2000,35000,70000000.0,2800000.0,420000.0,0,0,66780000.0,21000000.0,1.427299,29973275.2,3212025.19,2640998.49,801360.0,30152341.12,NET_REVENUE_SHARE,row_net_revenue / month_channel_net_revenue,COMMERCIAL_COSTS,DERIVED,false,false
VN000000204,ORD00000204,2023-04-01,2023-04-01,SKU012,CUS06,CH02,VN,Central,3000,29000,87000000.0,3480000.0,522000.0,0,0,82998000.0,33930000.0,1.427299,48428248.9,3992088.45,3282383.84,995976.0,26299302.81,NET_REVENUE_SHARE,row_net_revenue / month_channel_net_revenue,COMMERCIAL_COSTS,DERIVED,false,false
VN000000205,ORD00000205,2023-04-01,2023-04-01,SKU001,CUS06,CH03,VN,Central,4000,31000,124000000.0,8060000.0,744000.0,0,0,115196000.0,49600000.0,1.429124,70884528.28,14367961.87,2993325.39,1382352.0,25567832.46,NET_REVENUE_SHARE,row_net_revenue / month_channel_net_revenue,COMMERCIAL_COSTS,DERIVED,false,false
VN000000206,ORD00000206,2023-04-01,2023-04-01,SKU002,CUS07,CH03,VN,North,3000,36000,108000000.0,7020000.0,648000.0,0,0,100332000.0,38880000.0,1.429124,55564323.78,12514031.31,2607089.86,1203984.0,28442571.05,NET_REVENUE_SHARE,row_net_revenue / month_channel_net_revenue,COMMERCIAL_COSTS,DERIVED,false,false
VN000000207,ORD00000207,2023-04-01,2023-04-01,SKU003,CUS08,CH03,VN,South,2000,32000,64000000.0,4160000.0,384000.0,0,0,59456000.0,24320000.0,1.429124,34756284.84,7415722.26,1544942.14,713472.0,15025578.76,NET_REVENUE_SHARE,row_net_revenue / month_channel_net_revenue,COMMERCIAL_COSTS,DERIVED,false,false
VN000000208,ORD00000208,2023-04-01,2023-04-01,SKU004,CUS09,CH03,VN,Central,3000,28000,84000000.0,5460000.0,504000.0,0,0,78036000.0,36960000.0,1.429124,52820406.56,9733135.46,2027736.55,936432.0,12518289.43,NET_REVENUE_SHARE,row_net_revenue / month_channel_net_revenue,COMMERCIAL_COSTS,DERIVED,false,false
VN000000209,ORD00000209,2023-04-01,2023-04-01,SKU005,CUS10,CH03,VN,North,3000,27000,81000000.0,5265000.0,486000.0,0,0,75249000.0,37260000.0,1.429124,53249143.63,9385523.48,1955317.39,902988.0,9756027.5,NET_REVENUE_SHARE,row_net_revenue / month_channel_net_revenue,COMMERCIAL_COSTS,DERIVED,false,false
VN000000210,ORD00000210,2023-04-01,2023-04-01,SKU006,CUS01,CH03,VN,North,2000,30000,60000000.0,3900000.0,360000.0,0,0,55740000.0,25200000.0,1.429124,36013913.56,6952239.62,1448383.25,668880.0,10656583.57,NET_REVENUE_SHARE,row_net_revenue / month_channel_net_revenue,COMMERCIAL_COSTS,DERIVED,false,false
VN000000211,ORD00000211,2023-04-01,2023-04-01,SKU007,CUS02,CH03,VN,South,4000,23000,92000000.0,5980000.0,552000.0,0,0,85468000.0,50600000.0,1.429124,72313651.84,10660100.74,2220854.32,1025616.0,-752222.9,NET_REVENUE_SHARE,row_net_revenue / month_channel_net_revenue,COMMERCIAL_COSTS,DERIVED,false,false
VN000000212,ORD00000212,2023-04-01,2023-04-01,SKU008,CUS03,CH03,VN,Central,3000,25000,75000000.0,4875000.0,450000.0,0,0,69675000.0,39000000.0,1.429124,55735818.61,8690299.52,1810479.07,836100.0,2602302.8,NET_REVENUE_SHARE,row_net_revenue / month_channel_net_revenue,COMMERCIAL_COSTS,DERIVED,false,false
VN000000213,ORD00000213,2023-04-01,2023-04-01,SKU009,CUS04,CH03,VN,North,4000,21000,84000000.0,5460000.0,504000.0,0,0,78036000.0,48720000.0,1.429124,69626899.56,9733135.46,2027736.55,936432.0,-4288203.57,NET_REVENUE_SHARE,row_net_revenue / month_channel_net_revenue,COMMERCIAL_COSTS,DERIVED,false,false
VN000000214,ORD00000214,2023-04-01,2023-04-01,SKU010,CUS05,CH03,VN,South,3000,24000,72000000.0,4680000.0,432000.0,0,0,66888000.0,36000000.0,1.429124,51448447.95,8342687.54,1738059.9,802656.0,4556148.61,NET_REVENUE_SHARE,row_net_revenue / month_channel_net_revenue,COMMERCIAL_COSTS,DERIVED,false,false
VN000000215,ORD00000215,2023-04-01,2023-04-01,SKU011,CUS06,CH03,VN,Central,2000,35000,70000000.0,4550000.0,420000.0,0,0,65030000.0,21000000.0,1.429124,30011594.64,8110946.22,1689780.46,780360.0,24437318.68,NET_REVENUE_SHARE,row_net_revenue / month_channel_net_revenue,COMMERCIAL_COSTS,DERIVED,false,false
VN000000216,ORD00000216,2023-04-01,2023-04-01,SKU012,CUS07,CH03,VN,North,2000,29000,58000000.0,3770000.0,348000.0,0,0,53882000.0,22620000.0,1.429124,32326774.79,6720498.3,1400103.81,646584.0,12788039.1,NET_REVENUE_SHARE,row_net_revenue / month_channel_net_revenue,COMMERCIAL_COSTS,DERIVED,false,false
VN000000217,ORD00000217,2023-04-01,2023-04-01,SKU001,CUS07,CH04,VN,North,2000,31000,62000000.0,2480000.0,1116000.0,0,0,58404000.0,24800000.0,1.433887,35560403.66,5121984.0,1600620.0,700848.0,15420144.34,NET_REVENUE_SHARE,row_net_revenue / month_channel_net_revenue,COMMERCIAL_COSTS,DERIVED,false,false
VN000000218,ORD00000218,2023-04-01,2023-04-01,SKU002,CUS08,CH04,VN,South,1000,36000,36000000.0,1440000.0,648000.0,0,0,33912000.0,12960000.0,1.433887,18583178.69,2974055.23,929392.26,406944.0,11018429.82,NET_REVENUE_SHARE,row_net_revenue / month_channel_net_revenue,COMMERCIAL_COSTS,DERIVED,false,false
VN000000219,ORD00000219,2023-04-01,2023-04-01,SKU003,CUS09,CH04,VN,Central,1000,32000,32000000.0,1280000.0,576000.0,0,0,30144000.0,12160000.0,1.433887,17436068.89,2643604.65,826126.45,361728.0,8876472.01,NET_REVENUE_SHARE,row_net_revenue / month_channel_net_revenue,COMMERCIAL_COSTS,DERIVED,false,false
VN000000220,ORD00000220,2023-04-01,2023-04-01,SKU004,CUS10,CH04,VN,North,2000,28000,56000000.0,2240000.0,1008000.0,0,0,52752000.0,24640000.0,1.433887,35330981.7,4626308.13,1445721.29,633024.0,10715964.88,NET_REVENUE_SHARE,row_net_revenue / month_channel_net_revenue,COMMERCIAL_COSTS,DERIVED,false,false
VN000000221,ORD00000221,2023-04-01,2023-04-01,SKU005,CUS01,CH04,VN,North,2000,27000,54000000.0,2160000.0,972000.0,0,0,50868000.0,24840000.0,1.433887,35617759.15,4461082.84,1394088.39,610416.0,8784653.62,NET_REVENUE_SHARE,row_net_revenue / month_channel_net_revenue,COMMERCIAL_COSTS,DERIVED,false,false
VN000000222,ORD00000222,2023-04-01,2023-04-01,SKU006,CUS02,CH04,VN,South,1000,30000,30000000.0,1200000.0,540000.0,0,0,28260000.0,12600000.0,1.433887,18066979.28,2478379.35,774493.55,339120.0,6601027.82,NET_REVENUE_SHARE,row_net_revenue / month_channel_net_revenue,COMMERCIAL_COSTS,DERIVED,false,false
VN000000223,ORD00000223,2023-04-01,2023-04-01,SKU007,CUS03,CH04,VN,Central,2000,23000,46000000.0,1840000.0,828000.0,0,0,43332000.0,25300000.0,1.433887,36277347.28,3800181.68,1187556.77,519984.0,1546930.27,NET_REVENUE_SHARE,row_net_revenue / month_channel_net_revenue,COMMERCIAL_COSTS,DERIVED,false,false
VN000000224,ORD00000224,2023-04-01,2023-04-01,SKU008,CUS04,CH04,VN,North,2000,25000,50000000.0,2000000.0,900000.0,0,0,47100000.0,26000000.0,1.433887,37281068.35,4130632.26,1290822.58,565200.0,3832276.81,NET_REVENUE_SHARE,row_net_revenue / month_channel_net_revenue,COMMERCIAL_COSTS,DERIVED,false,false
VN000000225,ORD00000225,2023-04-01,2023-04-01,SKU009,CUS05,CH04,VN,South,2000,21000,42000000.0,1680000.0,756000.0,0,0,39564000.0,24360000.0,1.433887,34929493.27,3469731.1,1084290.97,474768.0,-394283.34,NET_REVENUE_SHARE,row_net_revenue / month_channel_net_revenue,COMMERCIAL_COSTS,DERIVED,false,false
VN000000226,ORD00000226,2023-04-01,2023-04-01,SKU010,CUS06,CH04,VN,Central,1000,24000,24000000.0,960000.0,432000.0,0,0,22608000.0,12000000.0,1.433887,17206646.93,1982703.48,619594.84,271296.0,2527758.75,NET_REVENUE_SHARE,row_net_revenue / month_channel_net_revenue,COMMERCIAL_COSTS,DERIVED,false,false
VN000000227,ORD00000227,2023-04-01,2023-04-01,SKU011,CUS07,CH04,VN,North,1000,35000,35000000.0,1400000.0,630000.0,0,0,32970000.0,10500000.0,1.433887,15055816.07,2891442.58,903575.81,395640.0,13723525.54,NET_REVENUE_SHARE,row_net_revenue / month_channel_net_revenue,COMMERCIAL_COSTS,DERIVED,false,false
VN000000228,ORD00000228,2023-04-01,2023-04-01,SKU012,CUS08,CH04,VN,South,1000,29000,29000000.0,1160000.0,522000.0,0,0,27318000.0,11310000.0,1.433887,16217264.73,2395766.71,748677.1,327816.0,7628475.46,NET_REVENUE_SHARE,row_net_revenue / month_channel_net_revenue,COMMERCIAL_COSTS,DERIVED,false,false
VN000000229,ORD00000229,2023-04-01,2023-04-01,SKU001,CUS08,CH05,VN,South,2000,31000,62000000.0,2480000.0,372000.0,0,0,59148000.0,24800000.0,1.473667,36546947.36,1296175.54,1620219.43,709776.0,18974881.67,NET_REVENUE_SHARE,row_net_revenue / month_channel_net_revenue,COMMERCIAL_COSTS,DERIVED,false,false
VN000000230,ORD00000230,2023-04-01,2023-04-01,SKU002,CUS09,CH05,VN,Central,2000,36000,72000000.0,2880000.0,432000.0,0,0,68688000.0,25920000.0,1.473667,38197454.66,1505236.11,1881545.14,824256.0,26279508.09,NET_REVENUE_SHARE,row_net_revenue / month_channel_net_revenue,COMMERCIAL_COSTS,DERIVED,false,false
VN000000231,ORD00000231,2023-04-01,2023-04-01,SKU003,CUS10,CH05,VN,North,2000,32000,64000000.0,2560000.0,384000.0,0,0,61056000.0,24320000.0,1.473667,35839587.09,1337987.66,1672484.57,732672.0,21473268.68,NET_REVENUE_SHARE,row_net_revenue / month_channel_net_revenue,COMMERCIAL_COSTS,DERIVED,false,false
VN000000232,ORD00000232,2023-04-01,2023-04-01,SKU004,CUS01,CH05,VN,North,2000,28000,56000000.0,2240000.0,336000.0,0,0,53424000.0,24640000.0,1.473667,36311160.6,1170739.2,1463424.0,641088.0,13837588.2,NET_REVENUE_SHARE,row_net_revenue / month_channel_net_revenue,COMMERCIAL_COSTS,DERIVED,false,false
VN000000233,ORD00000233,2023-04-01,2023-04-01,SKU005,CUS02,CH05,VN,South,2000,27000,54000000.0,2160000.0,324000.0,0,0,51516000.0,24840000.0,1.473667,36605894.05,1128927.09,1411158.86,618192.0,11751828.0,NET_REVENUE_SHARE,row_net_revenue / month_channel_net_revenue,COMMERCIAL_COSTS,DERIVED,false,false
VN000000234,ORD00000234,2023-04-01,2023-04-01,SKU006,CUS03,CH05,VN,Central,1000,30000,30000000.0,1200000.0,180000.0,0,0,28620000.0,12600000.0,1.473667,18568207.13,627181.71,783977.14,343440.0,8297194.02,NET_REVENUE_SHARE,row_net_revenue / month_channel_net_revenue,COMMERCIAL_COSTS,DERIVED,false,false
VN000000235,ORD00000235,2023-04-01,2023-04-01,SKU007,CUS04,CH05,VN,North,2000,23000,46000000.0,1840000.0,276000.0,0,0,43884000.0,25300000.0,1.473667,37283780.98,961678.63,1202098.29,526608.0,3909834.1,NET_REVENUE_SHARE,row_net_revenue / month_channel_net_revenue,COMMERCIAL_COSTS,DERIVED,false,false
VN000000236,ORD00000236,2023-04-01,2023-04-01,SKU008,CUS05,CH05,VN,South,2000,25000,50000000.0,2000000.0,300000.0,0,0,47700000.0,26000000.0,1.473667,38315348.04,1045302.86,1306628.57,572400.0,6460320.53,NET_REVENUE_SHARE,row_net_revenue / month_channel_net_revenue,COMMERCIAL_COSTS,DERIVED,false,false
VN000000237,ORD00000237,2023-04-01,2023-04-01,SKU009,CUS06,CH05,VN,Central,2000,21000,42000000.0,1680000.0,252000.0,0,0,40068000.0,24360000.0,1.473667,35898533.78,878054.4,1097568.0,480816.0,1713027.82,NET_REVENUE_SHARE,row_net_revenue / month_channel_net_revenue,COMMERCIAL_COSTS,DERIVED,false,false
VN000000238,ORD00000238,2023-04-01,2023-04-01,SKU010,CUS07,CH05,VN,North,2000,24000,48000000.0,1920000.0,288000.0,0,0,45792000.0,24000000.0,1.473667,35368013.58,1003490.74,1254363.43,549504.0,7616628.25,NET_REVENUE_SHARE,row_net_revenue / month_channel_net_revenue,COMMERCIAL_COSTS,DERIVED,false,false
VN000000239,ORD00000239,2023-04-01,2023-04-01,SKU011,CUS08,CH05,VN,South,1000,35000,35000000.0,1400000.0,210000.0,0,0,33390000.0,10500000.0,1.473667,15473505.94,731712.0,914640.0,400680.0,15869462.06,NET_REVENUE_SHARE,row_net_revenue / month_channel_net_revenue,COMMERCIAL_COSTS,DERIVED,false,false
VN000000240,ORD00000240,2023-04-01,2023-04-01,SKU012,CUS09,CH05,VN,Central,1000,29000,29000000.0,1160000.0,174000.0,0,0,27666000.0,11310000.0,1.473667,16667176.39,606275.66,757844.57,331992.0,9302711.38,NET_REVENUE_SHARE,row_net_revenue / month_channel_net_revenue,COMMERCIAL_COSTS,DERIVED,false,false
VN000000241,ORD00000241,2023-05-01,2023-05-01,SKU001,CUS05,CH01,VN,South,7000,31000,217000000.0,8680000.0,1302000.0,0,0,207018000.0,86800000.0,1.381577,119920894.46,7509961.04,5364257.89,2484216.0,71738670.61,NET_REVENUE_SHARE,row_net_revenue / month_channel_net_revenue,COMMERCIAL_COSTS,DERIVED,false,false
VN000000242,ORD00000242,2023-05-01,2023-05-01,SKU002,CUS06,CH01,VN,Central,5000,36000,180000000.0,7200000.0,1080000.0,0,0,171720000.0,64800000.0,1.381577,89526197.71,6229460.77,4449614.84,2060640.0,69454086.68,NET_REVENUE_SHARE,row_net_revenue / month_channel_net_revenue,COMMERCIAL_COSTS,DERIVED,false,false
VN000000243,ORD00000243,2023-05-01,2023-05-01,SKU003,CUS07,CH01,VN,North,4000,32000,128000000.0,5120000.0,768000.0,0,0,122112000.0,48640000.0,1.381577,67199911.37,4429838.77,3164170.55,1465344.0,45852735.31,NET_REVENUE_SHARE,row_net_revenue / month_channel_net_revenue,COMMERCIAL_COSTS,DERIVED,false,false
VN000000244,ORD00000244,2023-05-01,2023-05-01,SKU004,CUS08,CH01,VN,South,6000,28000,168000000.0,6720000.0,1008000.0,0,0,160272000.0,73920000.0,1.381577,102126181.09,5814163.39,4152973.85,1923264.0,46255417.67,NET_REVENUE_SHARE,row_net_revenue / month_channel_net_revenue,COMMERCIAL_COSTS,DERIVED,false,false
VN000000245,ORD00000245,2023-05-01,2023-05-01,SKU005,CUS09,CH01,VN,Central,5000,27000,135000000.0,5400000.0,810000.0,0,0,128790000.0,62100000.0,1.381577,85795939.47,4672095.58,3337211.13,1545480.0,33439273.82,NET_REVENUE_SHARE,row_net_revenue / month_channel_net_revenue,COMMERCIAL_COSTS,DERIVED,false,false
VN000000246,ORD00000246,2023-05-01,2023-05-01,SKU006,CUS10,CH01,VN,North,4000,30000,120000000.0,4800000.0,720000.0,0,0,114480000.0,50400000.0,1.381577,69631487.11,4152973.85,2966409.89,1373760.0,36355369.15,NET_REVENUE_SHARE,row_net_revenue / month_channel_net_revenue,COMMERCIAL_COSTS,DERIVED,false,false
VN000000247,ORD00000247,2023-05-01,2023-05-01,SKU007,CUS01,CH01,VN,North,7000,23000,161000000.0,6440000.0,966000.0,0,0,153594000.0,88550000.0,1.381577,122338654.43,5571906.58,3979933.27,1843128.0,19860377.72,NET_REVENUE_SHARE,row_net_revenue / month_channel_net_revenue,COMMERCIAL_COSTS,DERIVED,false,false
VN000000248,ORD00000248,2023-05-01,2023-05-01,SKU008,CUS02,CH01,VN,South,6000,25000,150000000.0,6000000.0,900000.0,0,0,143100000.0,78000000.0,1.381577,107763015.76,5191217.31,3708012.36,1717200.0,24720554.57,NET_REVENUE_SHARE,row_net_revenue / month_channel_net_revenue,COMMERCIAL_COSTS,DERIVED,false,false
VN000000249,ORD00000249,2023-05-01,2023-05-01,SKU009,CUS03,CH01,VN,Central,7000,21000,147000000.0,5880000.0,882000.0,0,0,140238000.0,85260000.0,1.381577,117793265.69,5087392.96,3633852.12,1682856.0,12040633.23,NET_REVENUE_SHARE,row_net_revenue / month_channel_net_revenue,COMMERCIAL_COSTS,DERIVED,false,false
VN000000250,ORD00000250,2023-05-01,2023-05-01,SKU010,CUS04,CH01,VN,North,5000,24000,120000000.0,4800000.0,720000.0,0,0,114480000.0,60000000.0,1.381577,82894627.51,4152973.85,2966409.89,1373760.0,23092228.75,NET_REVENUE_SHARE,row_net_revenue / month_channel_net_revenue,COMMERCIAL_COSTS,DERIVED,false,false
VN000000251,ORD00000251,2023-05-01,2023-05-01,SKU011,CUS05,CH01,VN,South,3000,35000,105000000.0,4200000.0,630000.0,0,0,100170000.0,31500000.0,1.381577,43519679.44,3633852.12,2595608.65,1202040.0,49218819.79,NET_REVENUE_SHARE,row_net_revenue / month_channel_net_revenue,COMMERCIAL_COSTS,DERIVED,false,false
VN000000252,ORD00000252,2023-05-01,2023-05-01,SKU012,CUS06,CH01,VN,Central,4000,29000,116000000.0,4640000.0,696000.0,0,0,110664000.0,45240000.0,1.381577,62502549.16,4014541.39,2867529.56,1327968.0,39951411.89,NET_REVENUE_SHARE,row_net_revenue / month_channel_net_revenue,COMMERCIAL_COSTS,DERIVED,false,false
VN000000253,ORD00000253,2023-05-01,2023-05-01,SKU001,CUS06,CH02,VN,Central,5000,31000,155000000.0,6200000.0,930000.0,0,0,147870000.0,62000000.0,1.415796,87779332.14,7055020.45,5800794.59,1774440.0,45460412.82,NET_REVENUE_SHARE,row_net_revenue / month_channel_net_revenue,COMMERCIAL_COSTS,DERIVED,false,false
VN000000254,ORD00000254,2023-05-01,2023-05-01,SKU002,CUS07,CH02,VN,North,4000,36000,144000000.0,5760000.0,864000.0,0,0,137376000.0,51840000.0,1.415796,73394848.04,6554341.58,5389125.3,1648512.0,50389173.08,NET_REVENUE_SHARE,row_net_revenue / month_channel_net_revenue,COMMERCIAL_COSTS,DERIVED,false,false
VN000000255,ORD00000255,2023-05-01,2023-05-01,SKU003,CUS08,CH02,VN,South,3000,32000,96000000.0,3840000.0,576000.0,0,0,91584000.0,36480000.0,1.415796,51648226.4,4369561.05,3592750.2,1099008.0,30874454.35,NET_REVENUE_SHARE,row_net_revenue / month_channel_net_revenue,COMMERCIAL_COSTS,DERIVED,false,false
VN000000256,ORD00000256,2023-05-01,2023-05-01,SKU004,CUS09,CH02,VN,Central,5000,28000,140000000.0,5600000.0,840000.0,0,0,133560000.0,61600000.0,1.415796,87213013.87,6372276.53,5239427.37,1602720.0,33132562.23,NET_REVENUE_SHARE,row_net_revenue / month_channel_net_revenue,COMMERCIAL_COSTS,DERIVED,false,false
VN000000257,ORD00000257,2023-05-01,2023-05-01,SKU005,CUS10,CH02,VN,North,4000,27000,108000000.0,4320000.0,648000.0,0,0,103032000.0,49680000.0,1.415796,70336729.37,4915756.18,4041843.97,1236384.0,22501286.48,NET_REVENUE_SHARE,row_net_revenue / month_channel_net_revenue,COMMERCIAL_COSTS,DERIVED,false,false
VN000000258,ORD00000258,2023-05-01,2023-05-01,SKU006,CUS01,CH02,VN,North,3000,30000,90000000.0,3600000.0,540000.0,0,0,85860000.0,37800000.0,1.415796,53517076.69,4096463.49,3368203.31,1030320.0,23847936.51,NET_REVENUE_SHARE,row_net_revenue / month_channel_net_revenue,COMMERCIAL_COSTS,DERIVED,false,false
VN000000259,ORD00000259,2023-05-01,2023-05-01,SKU007,CUS02,CH02,VN,South,5000,23000,115000000.0,4600000.0,690000.0,0,0,109710000.0,63250000.0,1.415796,89549076.74,5234370.01,4303815.34,1316520.0,9306217.91,NET_REVENUE_SHARE,row_net_revenue / month_channel_net_revenue,COMMERCIAL_COSTS,DERIVED,false,false
VN000000260,ORD00000260,2023-05-01,2023-05-01,SKU008,CUS03,CH02,VN,Central,4000,25000,100000000.0,4000000.0,600000.0,0,0,95400000.0,52000000.0,1.415796,73621375.35,4551626.09,3742448.12,1144800.0,12339750.44,NET_REVENUE_SHARE,row_net_revenue / month_channel_net_revenue,COMMERCIAL_COSTS,DERIVED,false,false
VN000000261,ORD00000261,2023-05-01,2023-05-01,SKU009,CUS04,CH02,VN,North,5000,21000,105000000.0,4200000.0,630000.0,0,0,100170000.0,60900000.0,1.415796,86221956.89,4779207.4,3929570.53,1202040.0,4037225.18,NET_REVENUE_SHARE,row_net_revenue / month_channel_net_revenue,COMMERCIAL_COSTS,DERIVED,false,false
VN000000262,ORD00000262,2023-05-01,2023-05-01,SKU010,CUS05,CH02,VN,South,4000,24000,96000000.0,3840000.0,576000.0,0,0,91584000.0,48000000.0,1.415796,67958192.63,4369561.05,3592750.2,1099008.0,14564488.12,NET_REVENUE_SHARE,row_net_revenue / month_channel_net_revenue,COMMERCIAL_COSTS,DERIVED,false,false
VN000000263,ORD00000263,2023-05-01,2023-05-01,SKU011,CUS06,CH02,VN,Central,2000,35000,70000000.0,2800000.0,420000.0,0,0,66780000.0,21000000.0,1.415796,29731709.27,3186138.27,2619713.69,801360.0,30441078.77,NET_REVENUE_SHARE,row_net_revenue / month_channel_net_revenue,COMMERCIAL_COSTS,DERIVED,false,false
VN000000264,ORD00000264,2023-05-01,2023-05-01,SKU012,CUS07,CH02,VN,North,3000,29000,87000000.0,3480000.0,522000.0,0,0,82998000.0,33930000.0,1.415796,48037947.41,3959914.7,3255929.87,995976.0,26748232.02,NET_REVENUE_SHARE,row_net_revenue / month_channel_net_revenue,COMMERCIAL_COSTS,DERIVED,false,false
VN000000265,ORD00000265,2023-05-01,2023-05-01,SKU001,CUS07,CH03,VN,North,4000,31000,124000000.0,8060000.0,744000.0,0,0,115196000.0,49600000.0,1.425961,70727663.05,14336166.02,2986701.26,1382352.0,25763117.67,NET_REVENUE_SHARE,row_net_revenue / month_channel_net_revenue,COMMERCIAL_COSTS,DERIVED,false,false
VN000000266,ORD00000266,2023-05-01,2023-05-01,SKU002,CUS08,CH03,VN,South,3000,36000,108000000.0,7020000.0,648000.0,0,0,100332000.0,38880000.0,1.425961,55441361.68,12486338.15,2601320.45,1203984.0,28598995.72,NET_REVENUE_SHARE,row_net_revenue / month_channel_net_revenue,COMMERCIAL_COSTS,DERIVED,false,false
VN000000267,ORD00000267,2023-05-01,2023-05-01,SKU003,CUS09,CH03,VN,Central,2000,32000,64000000.0,4160000.0,384000.0,0,0,59456000.0,24320000.0,1.425961,34679370.27,7399311.5,1541523.23,713472.0,15122323.0,NET_REVENUE_SHARE,row_net_revenue / month_channel_net_revenue,COMMERCIAL_COSTS,DERIVED,false,false
VN000000268,ORD00000268,2023-05-01,2023-05-01,SKU004,CUS10,CH03,VN,North,3000,28000,84000000.0,5460000.0,504000.0,0,0,78036000.0,36960000.0,1.425961,52703516.66,9711596.34,2023249.24,936432.0,12661205.76,NET_REVENUE_SHARE,row_net_revenue / month_channel_net_revenue,COMMERCIAL_COSTS,DERIVED,false,false
VN000000269,ORD00000269,2023-05-01,2023-05-01,SKU005,CUS01,CH03,VN,North,3000,27000,81000000.0,5265000.0,486000.0,0,0,75249000.0,37260000.0,1.425961,53131304.94,9364753.61,1950990.34,902988.0,9898963.11,NET_REVENUE_SHARE,row_net_revenue / month_channel_net_revenue,COMMERCIAL_COSTS,DERIVED,false,false
VN000000270,ORD00000270,2023-05-01,2023-05-01,SKU006,CUS02,CH03,VN,South,2000,30000,60000000.0,3900000.0,360000.0,0,0,55740000.0,25200000.0,1.425961,35934215.9,6936854.53,1445178.03,668880.0,10754871.54,NET_REVENUE_SHARE,row_net_revenue / month_channel_net_revenue,COMMERCIAL_COSTS,DERIVED,false,false
VN000000271,ORD00000271,2023-05-01,2023-05-01,SKU007,CUS03,CH03,VN,Central,4000,23000,92000000.0,5980000.0,552000.0,0,0,85468000.0,50600000.0,1.425961,72153624.0,10636510.28,2215939.64,1025616.0,-563689.92,NET_REVENUE_SHARE,row_net_revenue / month_channel_net_revenue,COMMERCIAL_COSTS,DERIVED,false,false
VN000000272,ORD00000272,2023-05-01,2023-05-01,SKU008,CUS04,CH03,VN,North,3000,25000,75000000.0,4875000.0,450000.0,0,0,69675000.0,39000000.0,1.425961,55612476.99,8671068.16,1806472.53,836100.0,2748882.32,NET_REVENUE_SHARE,row_net_revenue / month_channel_net_revenue,COMMERCIAL_COSTS,DERIVED,false,false
VN000000273,ORD00000273,2023-05-01,2023-05-01,SKU009,CUS05,CH03,VN,South,4000,21000,84000000.0,5460000.0,504000.0,0,0,78036000.0,48720000.0,1.425961,69472817.41,9711596.34,2023249.24,936432.0,-4108094.99,NET_REVENUE_SHARE,row_net_revenue / month_channel_net_revenue,COMMERCIAL_COSTS,DERIVED,false,false
VN000000274,ORD00000274,2023-05-01,2023-05-01,SKU010,CUS06,CH03,VN,Central,3000,24000,72000000.0,4680000.0,432000.0,0,0,66888000.0,36000000.0,1.425961,51334594.15,8324225.43,1734213.63,802656.0,4692310.79,NET_REVENUE_SHARE,row_net_revenue / month_channel_net_revenue,COMMERCIAL_COSTS,DERIVED,false,false
VN000000275,ORD00000275,2023-05-01,2023-05-01,SKU011,CUS07,CH03,VN,North,2000,35000,70000000.0,4550000.0,420000.0,0,0,65030000.0,21000000.0,1.425961,29945179.92,8092996.95,1686041.03,780360.0,24525422.1,NET_REVENUE_SHARE,row_net_revenue / month_channel_net_revenue,COMMERCIAL_COSTS,DERIVED,false,false
VN000000276,ORD00000276,2023-05-01,2023-05-01,SKU012,CUS08,CH03,VN,South,2000,29000,58000000.0,3770000.0,348000.0,0,0,53882000.0,22620000.0,1.425961,32255236.67,6705626.04,1397005.43,646584.0,12877547.86,NET_REVENUE_SHARE,row_net_revenue / month_channel_net_revenue,COMMERCIAL_COSTS,DERIVED,false,false
VN000000277,ORD00000277,2023-05-01,2023-05-01,SKU001,CUS08,CH04,VN,South,2000,31000,62000000.0,2480000.0,1116000.0,0,0,58404000.0,24800000.0,1.422331,35273808.96,5080704.0,1587720.0,700848.0,15760919.04,NET_REVENUE_SHARE,row_net_revenue / month_channel_net_revenue,COMMERCIAL_COSTS,DERIVED,false,false
VN000000278,ORD00000278,2023-05-01,2023-05-01,SKU002,CUS09,CH04,VN,Central,1000,36000,36000000.0,1440000.0,648000.0,0,0,33912000.0,12960000.0,1.422331,18433409.84,2950086.19,921901.94,406944.0,11199658.03,NET_REVENUE_SHARE,row_net_revenue / month_channel_net_revenue,COMMERCIAL_COSTS,DERIVED,false,false
VN000000279,ORD00000279,2023-05-01,2023-05-01,SKU003,CUS10,CH04,VN,North,1000,32000,32000000.0,1280000.0,576000.0,0,0,30144000.0,12160000.0,1.422331,17295545.04,2622298.84,819468.39,361728.0,9044959.73,NET_REVENUE_SHARE,row_net_revenue / month_channel_net_revenue,COMMERCIAL_COSTS,DERIVED,false,false
VN000000280,ORD00000280,2023-05-01,2023-05-01,SKU004,CUS01,CH04,VN,North,2000,28000,56000000.0,2240000.0,1008000.0,0,0,52752000.0,24640000.0,1.422331,35046236.0,4589022.97,1434069.68,633024.0,11049647.35,NET_REVENUE_SHARE,row_net_revenue / month_channel_net_revenue,COMMERCIAL_COSTS,DERIVED,false,false
VN000000281,ORD00000281,2023-05-01,2023-05-01,SKU005,CUS02,CH04,VN,South,2000,27000,54000000.0,2160000.0,972000.0,0,0,50868000.0,24840000.0,1.422331,35330702.2,4425129.29,1382852.9,610416.0,9118899.61,NET_REVENUE_SHARE,row_net_revenue / month_channel_net_revenue,COMMERCIAL_COSTS,DERIVED,false,false
VN000000282,ORD00000282,2023-05-01,2023-05-01,SKU006,CUS03,CH04,VN,Central,1000,30000,30000000.0,1200000.0,540000.0,0,0,28260000.0,12600000.0,1.422331,17921370.68,2458405.16,768251.61,339120.0,6772852.55,NET_REVENUE_SHARE,row_net_revenue / month_channel_net_revenue,COMMERCIAL_COSTS,DERIVED,false,false
VN000000283,ORD00000283,2023-05-01,2023-05-01,SKU007,CUS04,CH04,VN,North,2000,23000,46000000.0,1840000.0,828000.0,0,0,43332000.0,25300000.0,1.422331,35984974.46,3769554.58,1177985.81,519984.0,1879501.15,NET_REVENUE_SHARE,row_net_revenue / month_channel_net_revenue,COMMERCIAL_COSTS,DERIVED,false,false
VN000000284,ORD00000284,2023-05-01,2023-05-01,SKU008,CUS05,CH04,VN,South,2000,25000,50000000.0,2000000.0,900000.0,0,0,47100000.0,26000000.0,1.422331,36980606.17,4097341.94,1280419.35,565200.0,4176432.54,NET_REVENUE_SHARE,row_net_revenue / month_channel_net_revenue,COMMERCIAL_COSTS,DERIVED,false,false
VN000000285,ORD00000285,2023-05-01,2023-05-01,SKU009,CUS06,CH04,VN,Central,2000,21000,42000000.0,1680000.0,756000.0,0,0,39564000.0,24360000.0,1.422331,34647983.32,3441767.23,1075552.26,474768.0,-76070.81,NET_REVENUE_SHARE,row_net_revenue / month_channel_net_revenue,COMMERCIAL_COSTS,DERIVED,false,false
VN000000286,ORD00000286,2023-05-01,2023-05-01,SKU010,CUS07,CH04,VN,North,1000,24000,24000000.0,960000.0,432000.0,0,0,22608000.0,12000000.0,1.422331,17067972.08,1966724.13,614601.29,271296.0,2687406.5,NET_REVENUE_SHARE,row_net_revenue / month_channel_net_revenue,COMMERCIAL_COSTS,DERIVED,false,false
VN000000287,ORD00000287,2023-05-01,2023-05-01,SKU011,CUS08,CH04,VN,South,1000,35000,35000000.0,1400000.0,630000.0,0,0,32970000.0,10500000.0,1.422331,14934475.57,2868139.35,896293.55,395640.0,13875451.53,NET_REVENUE_SHARE,row_net_revenue / month_channel_net_revenue,COMMERCIAL_COSTS,DERIVED,false,false
VN000000288,ORD00000288,2023-05-01,2023-05-01,SKU012,CUS09,CH04,VN,Central,1000,29000,29000000.0,1160000.0,522000.0,0,0,27318000.0,11310000.0,1.422331,16086563.68,2376458.32,742643.23,327816.0,7784518.77,NET_REVENUE_SHARE,row_net_revenue / month_channel_net_revenue,COMMERCIAL_COSTS,DERIVED,false,false
VN000000289,ORD00000289,2023-05-01,2023-05-01,SKU001,CUS09,CH05,VN,Central,2000,31000,62000000.0,2480000.0,372000.0,0,0,59148000.0,24800000.0,1.46179,36252401.73,1285729.18,1607161.47,709776.0,19292931.62,NET_REVENUE_SHARE,row_net_revenue / month_channel_net_revenue,COMMERCIAL_COSTS,DERIVED,false,false
VN000000290,ORD00000290,2023-05-01,2023-05-01,SKU002,CUS10,CH05,VN,North,2000,36000,72000000.0,2880000.0,432000.0,0,0,68688000.0,25920000.0,1.46179,37889606.97,1493104.85,1866381.06,824256.0,26614651.12,NET_REVENUE_SHARE,row_net_revenue / month_channel_net_revenue,COMMERCIAL_COSTS,DERIVED,false,false
VN000000291,ORD00000291,2023-05-01,2023-05-01,SKU003,CUS01,CH05,VN,North,2000,32000,64000000.0,2560000.0,384000.0,0,0,61056000.0,24320000.0,1.46179,35550742.35,1327204.31,1659005.39,732672.0,21786375.95,NET_REVENUE_SHARE,row_net_revenue / month_channel_net_revenue,COMMERCIAL_COSTS,DERIVED,false,false
VN000000292,ORD00000292,2023-05-01,2023-05-01,SKU004,CUS02,CH05,VN,South,2000,28000,56000000.0,2240000.0,336000.0,0,0,53424000.0,24640000.0,1.46179,36018515.27,1161303.77,1451629.71,641088.0,14151463.25,NET_REVENUE_SHARE,row_net_revenue / month_channel_net_revenue,COMMERCIAL_COSTS,DERIVED,false,false
VN000000293,ORD00000293,2023-05-01,2023-05-01,SKU005,CUS03,CH05,VN,Central,2000,27000,54000000.0,2160000.0,324000.0,0,0,51516000.0,24840000.0,1.46179,36310873.35,1119828.64,1399785.8,618192.0,12067320.21,NET_REVENUE_SHARE,row_net_revenue / month_channel_net_revenue,COMMERCIAL_COSTS,DERIVED,false,false
VN000000294,ORD00000294,2023-05-01,2023-05-01,SKU006,CUS04,CH05,VN,North,1000,30000,30000000.0,1200000.0,180000.0,0,0,28620000.0,12600000.0,1.46179,18418558.95,622127.02,777658.78,343440.0,8458215.25,NET_REVENUE_SHARE,row_net_revenue / month_channel_net_revenue,COMMERCIAL_COSTS,DERIVED,false,false
VN000000295,ORD00000295,2023-05-01,2023-05-01,SKU007,CUS05,CH05,VN,South,2000,23000,46000000.0,1840000.0,276000.0,0,0,43884000.0,25300000.0,1.46179,36983296.93,953928.1,1192410.12,526608.0,4227756.85,NET_REVENUE_SHARE,row_net_revenue / month_channel_net_revenue,COMMERCIAL_COSTS,DERIVED,false,false
VN000000296,ORD00000296,2023-05-01,2023-05-01,SKU008,CUS06,CH05,VN,Central,2000,25000,50000000.0,2000000.0,300000.0,0,0,47700000.0,26000000.0,1.46179,38006550.21,1036878.37,1296097.96,572400.0,6788073.46,NET_REVENUE_SHARE,row_net_revenue / month_channel_net_revenue,COMMERCIAL_COSTS,DERIVED,false,false
VN000000297,ORD00000297,2023-05-01,2023-05-01,SKU009,CUS07,CH05,VN,North,2000,21000,42000000.0,1680000.0,252000.0,0,0,40068000.0,24360000.0,1.46179,35609213.96,870977.83,1088722.29,480816.0,2018269.92,NET_REVENUE_SHARE,row_net_revenue / month_channel_net_revenue,COMMERCIAL_COSTS,DERIVED,false,false
VN000000298,ORD00000298,2023-05-01,2023-05-01,SKU010,CUS08,CH05,VN,South,2000,24000,48000000.0,1920000.0,288000.0,0,0,45792000.0,24000000.0,1.46179,35082969.42,995403.23,1244254.04,549504.0,7919869.31,NET_REVENUE_SHARE,row_net_revenue / month_channel_net_revenue,COMMERCIAL_COSTS,DERIVED,false,false
VN000000299,ORD00000299,2023-05-01,2023-05-01,SKU011,CUS09,CH05,VN,Central,1000,35000,35000000.0,1400000.0,210000.0,0,0,33390000.0,10500000.0,1.46179,15348799.12,725814.86,907268.57,400680.0,16007437.45,NET_REVENUE_SHARE,row_net_revenue / month_channel_net_revenue,COMMERCIAL_COSTS,DERIVED,false,false
VN000000300,ORD00000300,2023-05-01,2023-05-01,SKU012,CUS10,CH05,VN,North,1000,29000,29000000.0,1160000.0,174000.0,0,0,27666000.0,11310000.0,1.46179,16532849.34,601389.45,751736.82,331992.0,9448032.39,NET_REVENUE_SHARE,row_net_revenue / month_channel_net_revenue,COMMERCIAL_COSTS,DERIVED,false,false
VN000000301,ORD00000301,2023-06-01,2023-06-01,SKU001,CUS06,CH01,VN,Central,7000,31000,217000000.0,8680000.0,1302000.0,0,0,207018000.0,86800000.0,1.383561,120093103.44,7520745.51,5371961.08,2484216.0,71547973.97,NET_REVENUE_SHARE,row_net_revenue / month_channel_net_revenue,COMMERCIAL_COSTS,DERIVED,false,false
VN000000302,ORD00000302,2023-06-01,2023-06-01,SKU002,CUS07,CH01,VN,North,5000,36000,180000000.0,7200000.0,1080000.0,0,0,171720000.0,64800000.0,1.383561,89654759.25,6238406.41,4456004.58,2060640.0,69310189.76,NET_REVENUE_SHARE,row_net_revenue / month_channel_net_revenue,COMMERCIAL_COSTS,DERIVED,false,false
VN000000303,ORD00000303,2023-06-01,2023-06-01,SKU003,CUS08,CH01,VN,South,4000,32000,128000000.0,5120000.0,768000.0,0,0,122112000.0,48640000.0,1.383561,67296411.88,4436200.11,3168714.37,1465344.0,45745329.64,NET_REVENUE_SHARE,row_net_revenue / month_channel_net_revenue,COMMERCIAL_COSTS,DERIVED,false,false
VN000000304,ORD00000304,2023-06-01,2023-06-01,SKU004,CUS09,CH01,VN,Central,6000,28000,168000000.0,6720000.0,1008000.0,0,0,160272000.0,73920000.0,1.383561,102272836.48,5822512.65,4158937.61,1923264.0,46094449.26,NET_REVENUE_SHARE,row_net_revenue / month_channel_net_revenue,COMMERCIAL_COSTS,DERIVED,false,false
VN000000305,ORD00000305,2023-06-01,2023-06-01,SKU005,CUS10,CH01,VN,North,5000,27000,135000000.0,5400000.0,810000.0,0,0,128790000.0,62100000.0,1.383561,85919144.28,4678804.81,3342003.43,1545480.0,33304567.48,NET_REVENUE_SHARE,row_net_revenue / month_channel_net_revenue,COMMERCIAL_COSTS,DERIVED,false,false
VN000000306,ORD00000306,2023-06-01,2023-06-01,SKU006,CUS01,CH01,VN,North,4000,30000,120000000.0,4800000.0,720000.0,0,0,114480000.0,50400000.0,1.383561,69731479.42,4158937.61,2970669.72,1373760.0,36245153.25,NET_REVENUE_SHARE,row_net_revenue / month_channel_net_revenue,COMMERCIAL_COSTS,DERIVED,false,false
VN000000307,ORD00000307,2023-06-01,2023-06-01,SKU007,CUS02,CH01,VN,South,7000,23000,161000000.0,6440000.0,966000.0,0,0,153594000.0,88550000.0,1.383561,122514335.37,5579907.96,3985648.54,1843128.0,19670980.13,NET_REVENUE_SHARE,row_net_revenue / month_channel_net_revenue,COMMERCIAL_COSTS,DERIVED,false,false
VN000000308,ORD00000308,2023-06-01,2023-06-01,SKU008,CUS03,CH01,VN,Central,6000,25000,150000000.0,6000000.0,900000.0,0,0,143100000.0,78000000.0,1.383561,107917765.77,5198672.01,3713337.15,1717200.0,24553025.07,NET_REVENUE_SHARE,row_net_revenue / month_channel_net_revenue,COMMERCIAL_COSTS,DERIVED,false,false
VN000000309,ORD00000309,2023-06-01,2023-06-01,SKU009,CUS04,CH01,VN,North,7000,21000,147000000.0,5880000.0,882000.0,0,0,140238000.0,85260000.0,1.383561,117962419.35,5094698.57,3639070.41,1682856.0,11858955.67,NET_REVENUE_SHARE,row_net_revenue / month_channel_net_revenue,COMMERCIAL_COSTS,DERIVED,false,false
VN000000310,ORD00000310,2023-06-01,2023-06-01,SKU010,CUS05,CH01,VN,South,5000,24000,120000000.0,4800000.0,720000.0,0,0,114480000.0,60000000.0,1.383561,83013665.97,4158937.61,2970669.72,1373760.0,22962966.7,NET_REVENUE_SHARE,row_net_revenue / month_channel_net_revenue,COMMERCIAL_COSTS,DERIVED,false,false
VN000000311,ORD00000311,2023-06-01,2023-06-01,SKU011,CUS06,CH01,VN,Central,3000,35000,105000000.0,4200000.0,630000.0,0,0,100170000.0,31500000.0,1.383561,43582174.64,3639070.41,2599336.0,1202040.0,49147378.95,NET_REVENUE_SHARE,row_net_revenue / month_channel_net_revenue,COMMERCIAL_COSTS,DERIVED,false,false
VN000000312,ORD00000312,2023-06-01,2023-06-01,SKU012,CUS07,CH01,VN,North,4000,29000,116000000.0,4640000.0,696000.0,0,0,110664000.0,45240000.0,1.383561,62592304.15,4020306.35,2871647.4,1327968.0,39851774.1,NET_REVENUE_SHARE,row_net_revenue / month_channel_net_revenue,COMMERCIAL_COSTS,DERIVED,false,false
VN000000313,ORD00000313,2023-06-01,2023-06-01,SKU001,CUS07,CH02,VN,North,5000,31000,155000000.0,6200000.0,930000.0,0,0,147870000.0,62000000.0,1.417829,87905385.15,7065151.61,5809124.66,1774440.0,45315898.58,NET_REVENUE_SHARE,row_net_revenue / month_channel_net_revenue,COMMERCIAL_COSTS,DERIVED,false,false
VN000000314,ORD00000314,2023-06-01,2023-06-01,SKU002,CUS08,CH02,VN,South,4000,36000,144000000.0,5760000.0,864000.0,0,0,137376000.0,51840000.0,1.417829,73500244.61,6563753.75,5396864.2,1648512.0,50266625.44,NET_REVENUE_SHARE,row_net_revenue / month_channel_net_revenue,COMMERCIAL_COSTS,DERIVED,false,false
VN000000315,ORD00000315,2023-06-01,2023-06-01,SKU003,CUS09,CH02,VN,Central,3000,32000,96000000.0,3840000.0,576000.0,0,0,91584000.0,36480000.0,1.417829,51722394.36,4375835.83,3597909.46,1099008.0,30788852.35,NET_REVENUE_SHARE,row_net_revenue / month_channel_net_revenue,COMMERCIAL_COSTS,DERIVED,false,false
VN000000316,ORD00000316,2023-06-01,2023-06-01,SKU004,CUS10,CH02,VN,North,5000,28000,140000000.0,5600000.0,840000.0,0,0,133560000.0,61600000.0,1.417829,87338253.63,6381427.26,5246951.3,1602720.0,32990647.81,NET_REVENUE_SHARE,row_net_revenue / month_channel_net_revenue,COMMERCIAL_COSTS,DERIVED,false,false
VN000000317,ORD00000317,2023-06-01,2023-06-01,SKU005,CUS01,CH02,VN,North,4000,27000,108000000.0,4320000.0,648000.0,0,0,103032000.0,49680000.0,1.417829,70437734.42,4922815.31,4047648.15,1236384.0,22387418.12,NET_REVENUE_SHARE,row_net_revenue / month_channel_net_revenue,COMMERCIAL_COSTS,DERIVED,false,false
VN000000318,ORD00000318,2023-06-01,2023-06-01,SKU006,CUS02,CH02,VN,South,3000,30000,90000000.0,3600000.0,540000.0,0,0,85860000.0,37800000.0,1.417829,53593928.36,4102346.09,3373040.12,1030320.0,23760365.43,NET_REVENUE_SHARE,row_net_revenue / month_channel_net_revenue,COMMERCIAL_COSTS,DERIVED,false,false
VN000000319,ORD00000319,2023-06-01,2023-06-01,SKU007,CUS03,CH02,VN,Central,5000,23000,115000000.0,4600000.0,690000.0,0,0,109710000.0,63250000.0,1.417829,89677671.14,5241886.68,4309995.71,1316520.0,9163926.47,NET_REVENUE_SHARE,row_net_revenue / month_channel_net_revenue,COMMERCIAL_COSTS,DERIVED,false,false
VN000000320,ORD00000320,2023-06-01,2023-06-01,SKU008,CUS04,CH02,VN,North,4000,25000,100000000.0,4000000.0,600000.0,0,0,95400000.0,52000000.0,1.417829,73727097.22,4558162.33,3747822.36,1144800.0,12222118.09,NET_REVENUE_SHARE,row_net_revenue / month_channel_net_revenue,COMMERCIAL_COSTS,DERIVED,false,false
VN000000321,ORD00000321,2023-06-01,2023-06-01,SKU009,CUS05,CH02,VN,South,5000,21000,105000000.0,4200000.0,630000.0,0,0,100170000.0,60900000.0,1.417829,86345773.48,4786070.44,3935213.48,1202040.0,3900902.6,NET_REVENUE_SHARE,row_net_revenue / month_channel_net_revenue,COMMERCIAL_COSTS,DERIVED,false,false
VN000000322,ORD00000322,2023-06-01,2023-06-01,SKU010,CUS06,CH02,VN,Central,4000,24000,96000000.0,3840000.0,576000.0,0,0,91584000.0,48000000.0,1.417829,68055782.05,4375835.83,3597909.46,1099008.0,14455464.66,NET_REVENUE_SHARE,row_net_revenue / month_channel_net_revenue,COMMERCIAL_COSTS,DERIVED,false,false
VN000000323,ORD00000323,2023-06-01,2023-06-01,SKU011,CUS07,CH02,VN,North,2000,35000,70000000.0,2800000.0,420000.0,0,0,66780000.0,21000000.0,1.417829,29774404.65,3190713.63,2623475.65,801360.0,30390046.07,NET_REVENUE_SHARE,row_net_revenue / month_channel_net_revenue,COMMERCIAL_COSTS,DERIVED,false,false
VN000000324,ORD00000324,2023-06-01,2023-06-01,SKU012,CUS08,CH02,VN,South,3000,29000,87000000.0,3480000.0,522000.0,0,0,82998000.0,33930000.0,1.417829,48106930.93,3965601.23,3260605.45,995976.0,26668886.39,NET_REVENUE_SHARE,row_net_revenue / month_channel_net_revenue,COMMERCIAL_COSTS,DERIVED,false,false
VN000000325,ORD00000325,2023-06-01,2023-06-01,SKU001,CUS08,CH03,VN,South,4000,31000,124000000.0,8060000.0,744000.0,0,0,115196000.0,49600000.0,1.436376,71244244.51,14440874.67,3008515.56,1382352.0,25120013.26,NET_REVENUE_SHARE,row_net_revenue / month_channel_net_revenue,COMMERCIAL_COSTS,DERIVED,false,false
VN000000326,ORD00000326,2023-06-01,2023-06-01,SKU002,CUS09,CH03,VN,Central,3000,36000,108000000.0,7020000.0,648000.0,0,0,100332000.0,38880000.0,1.436376,55846294.89,12577536.0,2620320.0,1203984.0,28083865.11,NET_REVENUE_SHARE,row_net_revenue / month_channel_net_revenue,COMMERCIAL_COSTS,DERIVED,false,false
VN000000327,ORD00000327,2023-06-01,2023-06-01,SKU003,CUS10,CH03,VN,North,2000,32000,64000000.0,4160000.0,384000.0,0,0,59456000.0,24320000.0,1.436376,34932661.82,7453354.67,1552782.22,713472.0,14803729.29,NET_REVENUE_SHARE,row_net_revenue / month_channel_net_revenue,COMMERCIAL_COSTS,DERIVED,false,false
VN000000328,ORD00000328,2023-06-01,2023-06-01,SKU004,CUS01,CH03,VN,North,3000,28000,84000000.0,5460000.0,504000.0,0,0,78036000.0,36960000.0,1.436376,53088453.17,9782528.0,2038026.67,936432.0,12190560.16,NET_REVENUE_SHARE,row_net_revenue / month_channel_net_revenue,COMMERCIAL_COSTS,DERIVED,false,false
VN000000329,ORD00000329,2023-06-01,2023-06-01,SKU005,CUS02,CH03,VN,South,3000,27000,81000000.0,5265000.0,486000.0,0,0,75249000.0,37260000.0,1.436376,53519365.93,9433152.0,1965240.0,902988.0,9428254.07,NET_REVENUE_SHARE,row_net_revenue / month_channel_net_revenue,COMMERCIAL_COSTS,DERIVED,false,false
VN000000330,ORD00000330,2023-06-01,2023-06-01,SKU006,CUS03,CH03,VN,Central,2000,30000,60000000.0,3900000.0,360000.0,0,0,55740000.0,25200000.0,1.436376,36196672.61,6987520.0,1455733.33,668880.0,10431194.06,NET_REVENUE_SHARE,row_net_revenue / month_channel_net_revenue,COMMERCIAL_COSTS,DERIVED,false,false
VN000000331,ORD00000331,2023-06-01,2023-06-01,SKU007,CUS04,CH03,VN,North,4000,23000,92000000.0,5980000.0,552000.0,0,0,85468000.0,50600000.0,1.436376,72680620.41,10714197.33,2232124.44,1025616.0,-1184558.18,NET_REVENUE_SHARE,row_net_revenue / month_channel_net_revenue,COMMERCIAL_COSTS,DERIVED,false,false
VN000000332,ORD00000332,2023-06-01,2023-06-01,SKU008,CUS05,CH03,VN,South,3000,25000,75000000.0,4875000.0,450000.0,0,0,69675000.0,39000000.0,1.436376,56018660.0,8734400.0,1819666.67,836100.0,2266173.33,NET_REVENUE_SHARE,row_net_revenue / month_channel_net_revenue,COMMERCIAL_COSTS,DERIVED,false,false
VN000000333,ORD00000333,2023-06-01,2023-06-01,SKU009,CUS06,CH03,VN,Central,4000,21000,84000000.0,5460000.0,504000.0,0,0,78036000.0,48720000.0,1.436376,69980233.72,9782528.0,2038026.67,936432.0,-4701220.39,NET_REVENUE_SHARE,row_net_revenue / month_channel_net_revenue,COMMERCIAL_COSTS,DERIVED,false,false
VN000000334,ORD00000334,2023-06-01,2023-06-01,SKU010,CUS07,CH03,VN,North,3000,24000,72000000.0,4680000.0,432000.0,0,0,66888000.0,36000000.0,1.436376,51709532.3,8385024.0,1746880.0,802656.0,4243907.7,NET_REVENUE_SHARE,row_net_revenue / month_channel_net_revenue,COMMERCIAL_COSTS,DERIVED,false,false
VN000000335,ORD00000335,2023-06-01,2023-06-01,SKU011,CUS08,CH03,VN,South,2000,35000,70000000.0,4550000.0,420000.0,0,0,65030000.0,21000000.0,1.436376,30163893.84,8152106.67,1698355.56,780360.0,24235283.93,NET_REVENUE_SHARE,row_net_revenue / month_channel_net_revenue,COMMERCIAL_COSTS,DERIVED,false,false
VN000000336,ORD00000336,2023-06-01,2023-06-01,SKU012,CUS09,CH03,VN,Central,2000,29000,58000000.0,3770000.0,348000.0,0,0,53882000.0,22620000.0,1.436376,32490822.8,6754602.67,1407208.89,646584.0,12582781.64,NET_REVENUE_SHARE,row_net_revenue / month_channel_net_revenue,COMMERCIAL_COSTS,DERIVED,false,false
VN000000337,ORD00000337,2023-06-01,2023-06-01,SKU001,CUS09,CH04,VN,Central,2000,31000,62000000.0,2480000.0,1116000.0,0,0,58404000.0,24800000.0,1.424374,35324462.91,5088000.0,1590000.0,700848.0,15700689.09,NET_REVENUE_SHARE,row_net_revenue / month_channel_net_revenue,COMMERCIAL_COSTS,DERIVED,false,false
VN000000338,ORD00000338,2023-06-01,2023-06-01,SKU002,CUS10,CH04,VN,North,1000,36000,36000000.0,1440000.0,648000.0,0,0,33912000.0,12960000.0,1.424374,18459880.62,2954322.58,923225.81,406944.0,11167626.99,NET_REVENUE_SHARE,row_net_revenue / month_channel_net_revenue,COMMERCIAL_COSTS,DERIVED,false,false
VN000000339,ORD00000339,2023-06-01,2023-06-01,SKU003,CUS01,CH04,VN,North,1000,32000,32000000.0,1280000.0,576000.0,0,0,30144000.0,12160000.0,1.424374,17320381.81,2626064.52,820645.16,361728.0,9015180.51,NET_REVENUE_SHARE,row_net_revenue / month_channel_net_revenue,COMMERCIAL_COSTS,DERIVED,false,false
VN000000340,ORD00000340,2023-06-01,2023-06-01,SKU004,CUS02,CH04,VN,South,2000,28000,56000000.0,2240000.0,1008000.0,0,0,52752000.0,24640000.0,1.424374,35096563.15,4595612.9,1436129.03,633024.0,10990670.92,NET_REVENUE_SHARE,row_net_revenue / month_channel_net_revenue,COMMERCIAL_COSTS,DERIVED,false,false
VN000000341,ORD00000341,2023-06-01,2023-06-01,SKU005,CUS03,CH04,VN,Central,2000,27000,54000000.0,2160000.0,972000.0,0,0,50868000.0,24840000.0,1.424374,35381437.85,4431483.87,1384838.71,610416.0,9059823.57,NET_REVENUE_SHARE,row_net_revenue / month_channel_net_revenue,COMMERCIAL_COSTS,DERIVED,false,false
VN000000342,ORD00000342,2023-06-01,2023-06-01,SKU006,CUS04,CH04,VN,North,1000,30000,30000000.0,1200000.0,540000.0,0,0,28260000.0,12600000.0,1.424374,17947106.15,2461935.48,769354.84,339120.0,6742483.53,NET_REVENUE_SHARE,row_net_revenue / month_channel_net_revenue,COMMERCIAL_COSTS,DERIVED,false,false
VN000000343,ORD00000343,2023-06-01,2023-06-01,SKU007,CUS05,CH04,VN,South,2000,23000,46000000.0,1840000.0,828000.0,0,0,43332000.0,25300000.0,1.424374,36036649.66,3774967.74,1179677.42,519984.0,1820721.18,NET_REVENUE_SHARE,row_net_revenue / month_channel_net_revenue,COMMERCIAL_COSTS,DERIVED,false,false
VN000000344,ORD00000344,2023-06-01,2023-06-01,SKU008,CUS06,CH04,VN,Central,2000,25000,50000000.0,2000000.0,900000.0,0,0,47100000.0,26000000.0,1.424374,37033711.11,4103225.81,1282258.06,565200.0,4115605.02,NET_REVENUE_SHARE,row_net_revenue / month_channel_net_revenue,COMMERCIAL_COSTS,DERIVED,false,false
VN000000345,ORD00000345,2023-06-01,2023-06-01,SKU009,CUS07,CH04,VN,North,2000,21000,42000000.0,1680000.0,756000.0,0,0,39564000.0,24360000.0,1.424374,34697738.57,3446709.68,1077096.77,474768.0,-132313.02,NET_REVENUE_SHARE,row_net_revenue / month_channel_net_revenue,COMMERCIAL_COSTS,DERIVED,false,false
VN000000346,ORD00000346,2023-06-01,2023-06-01,SKU010,CUS08,CH04,VN,South,1000,24000,24000000.0,960000.0,432000.0,0,0,22608000.0,12000000.0,1.424374,17092482.05,1969548.39,615483.87,271296.0,2659189.69,NET_REVENUE_SHARE,row_net_revenue / month_channel_net_revenue,COMMERCIAL_COSTS,DERIVED,false,false
VN000000347,ORD00000347,2023-06-01,2023-06-01,SKU011,CUS09,CH04,VN,Central,1000,35000,35000000.0,1400000.0,630000.0,0,0,32970000.0,10500000.0,1.424374,14955921.8,2872258.06,897580.65,395640.0,13848599.49,NET_REVENUE_SHARE,row_net_revenue / month_channel_net_revenue,COMMERCIAL_COSTS,DERIVED,false,false
VN000000348,ORD00000348,2023-06-01,2023-06-01,SKU012,CUS10,CH04,VN,North,1000,29000,29000000.0,1160000.0,522000.0,0,0,27318000.0,11310000.0,1.424374,16109664.32,2379870.97,743709.68,327816.0,7756939.03,NET_REVENUE_SHARE,row_net_revenue / month_channel_net_revenue,COMMERCIAL_COSTS,DERIVED,false,false
VN000000349,ORD00000349,2023-06-01,2023-06-01,SKU001,CUS10,CH05,VN,North,2000,31000,62000000.0,2480000.0,372000.0,0,0,59148000.0,24800000.0,1.46389,36304460.96,1287575.51,1609469.39,709776.0,19236718.14,NET_REVENUE_SHARE,row_net_revenue / month_channel_net_revenue,COMMERCIAL_COSTS,DERIVED,false,false
VN000000350,ORD00000350,2023-06-01,2023-06-01,SKU002,CUS01,CH05,VN,North,2000,36000,72000000.0,2880000.0,432000.0,0,0,68688000.0,25920000.0,1.46389,37944017.26,1495248.98,1869061.22,824256.0,26555416.54,NET_REVENUE_SHARE,row_net_revenue / month_channel_net_revenue,COMMERCIAL_COSTS,DERIVED,false,false
VN000000351,ORD00000351,2023-06-01,2023-06-01,SKU003,CUS02,CH05,VN,South,2000,32000,64000000.0,2560000.0,384000.0,0,0,61056000.0,24320000.0,1.46389,35601793.98,1329110.2,1661387.76,732672.0,21731036.06,NET_REVENUE_SHARE,row_net_revenue / month_channel_net_revenue,COMMERCIAL_COSTS,DERIVED,false,false
VN000000352,ORD00000352,2023-06-01,2023-06-01,SKU004,CUS03,CH05,VN,Central,2000,28000,56000000.0,2240000.0,336000.0,0,0,53424000.0,24640000.0,1.46389,36070238.63,1162971.43,1453714.29,641088.0,14095987.65,NET_REVENUE_SHARE,row_net_revenue / month_channel_net_revenue,COMMERCIAL_COSTS,DERIVED,false,false
VN000000353,ORD00000353,2023-06-01,2023-06-01,SKU005,CUS04,CH05,VN,North,2000,27000,54000000.0,2160000.0,324000.0,0,0,51516000.0,24840000.0,1.46389,36363016.54,1121436.73,1401795.92,618192.0,12011558.81,NET_REVENUE_SHARE,row_net_revenue / month_channel_net_revenue,COMMERCIAL_COSTS,DERIVED,false,false
VN000000354,ORD00000354,2023-06-01,2023-06-01,SKU006,CUS05,CH05,VN,South,1000,30000,30000000.0,1200000.0,180000.0,0,0,28620000.0,12600000.0,1.46389,18445008.39,623020.41,778775.51,343440.0,8429755.69,NET_REVENUE_SHARE,row_net_revenue / month_channel_net_revenue,COMMERCIAL_COSTS,DERIVED,false,false
VN000000355,ORD00000355,2023-06-01,2023-06-01,SKU007,CUS06,CH05,VN,Central,2000,23000,46000000.0,1840000.0,276000.0,0,0,43884000.0,25300000.0,1.46389,37036405.74,955297.96,1194122.45,526608.0,4171565.85,NET_REVENUE_SHARE,row_net_revenue / month_channel_net_revenue,COMMERCIAL_COSTS,DERIVED,false,false
VN000000356,ORD00000356,2023-06-01,2023-06-01,SKU008,CUS07,CH05,VN,North,2000,25000,50000000.0,2000000.0,300000.0,0,0,47700000.0,26000000.0,1.46389,38061128.43,1038367.35,1297959.18,572400.0,6730145.04,NET_REVENUE_SHARE,row_net_revenue / month_channel_net_revenue,COMMERCIAL_COSTS,DERIVED,false,false
VN000000357,ORD00000357,2023-06-01,2023-06-01,SKU009,CUS08,CH05,VN,South,2000,21000,42000000.0,1680000.0,252000.0,0,0,40068000.0,24360000.0,1.46389,35660349.56,872228.57,1090285.71,480816.0,1964320.16,NET_REVENUE_SHARE,row_net_revenue / month_channel_net_revenue,COMMERCIAL_COSTS,DERIVED,false,false
VN000000358,ORD00000358,2023-06-01,2023-06-01,SKU010,CUS09,CH05,VN,Central,2000,24000,48000000.0,1920000.0,288000.0,0,0,45792000.0,24000000.0,1.46389,35133349.32,996832.65,1246040.82,549504.0,7866273.21,NET_REVENUE_SHARE,row_net_revenue / month_channel_net_revenue,COMMERCIAL_COSTS,DERIVED,false,false
VN000000359,ORD00000359,2023-06-01,2023-06-01,SKU011,CUS10,CH05,VN,North,1000,35000,35000000.0,1400000.0,210000.0,0,0,33390000.0,10500000.0,1.46389,15370840.33,726857.14,908571.43,400680.0,15983051.1,NET_REVENUE_SHARE,row_net_revenue / month_channel_net_revenue,COMMERCIAL_COSTS,DERIVED,false,false
VN000000360,ORD00000360,2023-06-01,2023-06-01,SKU012,CUS01,CH05,VN,North,1000,29000,29000000.0,1160000.0,174000.0,0,0,27666000.0,11310000.0,1.46389,16556590.86,602253.06,752816.33,331992.0,9422347.75,NET_REVENUE_SHARE,row_net_revenue / month_channel_net_revenue,COMMERCIAL_COSTS,DERIVED,false,false
VN000000361,ORD00000361,2023-07-01,2023-07-01,SKU001,CUS07,CH01,VN,North,7000,31000,217000000.0,8680000.0,1302000.0,0,0,207018000.0,86800000.0,1.385232,120238121.53,7529827.16,5378447.97,2484216.0,71387387.34,NET_REVENUE_SHARE,row_net_revenue / month_channel_net_revenue,COMMERCIAL_COSTS,DERIVED,false,false
VN000000362,ORD00000362,2023-07-01,2023-07-01,SKU002,CUS08,CH01,VN,South,5000,36000,180000000.0,7200000.0,1080000.0,0,0,171720000.0,64800000.0,1.385232,89763021.6,6245939.58,4461385.41,2060640.0,69189013.41,NET_REVENUE_SHARE,row_net_revenue / month_channel_net_revenue,COMMERCIAL_COSTS,DERIVED,false,false
VN000000363,ORD00000363,2023-07-01,2023-07-01,SKU003,CUS09,CH01,VN,Central,4000,32000,128000000.0,5120000.0,768000.0,0,0,122112000.0,48640000.0,1.385232,67377675.47,4441557.04,3172540.74,1465344.0,45654882.75,NET_REVENUE_SHARE,row_net_revenue / month_channel_net_revenue,COMMERCIAL_COSTS,DERIVED,false,false
VN000000364,ORD00000364,2023-07-01,2023-07-01,SKU004,CUS10,CH01,VN,North,6000,28000,168000000.0,6720000.0,1008000.0,0,0,160272000.0,73920000.0,1.385232,102396335.75,5829543.61,4163959.72,1923264.0,45958896.92,NET_REVENUE_SHARE,row_net_revenue / month_channel_net_revenue,COMMERCIAL_COSTS,DERIVED,false,false
VN000000365,ORD00000365,2023-07-01,2023-07-01,SKU005,CUS01,CH01,VN,North,5000,27000,135000000.0,5400000.0,810000.0,0,0,128790000.0,62100000.0,1.385232,86022895.7,4684454.69,3346039.06,1545480.0,33191130.55,NET_REVENUE_SHARE,row_net_revenue / month_channel_net_revenue,COMMERCIAL_COSTS,DERIVED,false,false
VN000000366,ORD00000366,2023-07-01,2023-07-01,SKU006,CUS02,CH01,VN,South,4000,30000,120000000.0,4800000.0,720000.0,0,0,114480000.0,50400000.0,1.385232,69815683.47,4163959.72,2974256.94,1373760.0,36152339.87,NET_REVENUE_SHARE,row_net_revenue / month_channel_net_revenue,COMMERCIAL_COSTS,DERIVED,false,false
VN000000367,ORD00000367,2023-07-01,2023-07-01,SKU007,CUS03,CH01,VN,Central,7000,23000,161000000.0,6440000.0,966000.0,0,0,153594000.0,88550000.0,1.385232,122662277.21,5586645.96,3990461.4,1843128.0,19511487.43,NET_REVENUE_SHARE,row_net_revenue / month_channel_net_revenue,COMMERCIAL_COSTS,DERIVED,false,false
VN000000368,ORD00000368,2023-07-01,2023-07-01,SKU008,CUS04,CH01,VN,North,6000,25000,150000000.0,6000000.0,900000.0,0,0,143100000.0,78000000.0,1.385232,108048081.56,5204949.65,3717821.18,1717200.0,24411947.61,NET_REVENUE_SHARE,row_net_revenue / month_channel_net_revenue,COMMERCIAL_COSTS,DERIVED,false,false
VN000000369,ORD00000369,2023-07-01,2023-07-01,SKU009,CUS05,CH01,VN,South,7000,21000,147000000.0,5880000.0,882000.0,0,0,140238000.0,85260000.0,1.385232,118104864.54,5100850.66,3643464.76,1682856.0,11705964.04,NET_REVENUE_SHARE,row_net_revenue / month_channel_net_revenue,COMMERCIAL_COSTS,DERIVED,false,false
VN000000370,ORD00000370,2023-07-01,2023-07-01,SKU010,CUS06,CH01,VN,Central,5000,24000,120000000.0,4800000.0,720000.0,0,0,114480000.0,60000000.0,1.385232,83113908.89,4163959.72,2974256.94,1373760.0,22854114.45,NET_REVENUE_SHARE,row_net_revenue / month_channel_net_revenue,COMMERCIAL_COSTS,DERIVED,false,false
VN000000371,ORD00000371,2023-07-01,2023-07-01,SKU011,CUS07,CH01,VN,North,3000,35000,105000000.0,4200000.0,630000.0,0,0,100170000.0,31500000.0,1.385232,43634802.17,3643464.76,2602474.83,1202040.0,49087218.24,NET_REVENUE_SHARE,row_net_revenue / month_channel_net_revenue,COMMERCIAL_COSTS,DERIVED,false,false
VN000000372,ORD00000372,2023-07-01,2023-07-01,SKU012,CUS08,CH01,VN,South,4000,29000,116000000.0,4640000.0,696000.0,0,0,110664000.0,45240000.0,1.385232,62667887.31,4025161.06,2875115.05,1327968.0,39767868.58,NET_REVENUE_SHARE,row_net_revenue / month_channel_net_revenue,COMMERCIAL_COSTS,DERIVED,false,false
VN000000373,ORD00000373,2023-07-01,2023-07-01,SKU001,CUS08,CH02,VN,South,5000,31000,155000000.0,6200000.0,930000.0,0,0,147870000.0,62000000.0,1.419541,88011535.05,7073683.11,5816139.45,1774440.0,45194202.39,NET_REVENUE_SHARE,row_net_revenue / month_channel_net_revenue,COMMERCIAL_COSTS,DERIVED,false,false
VN000000374,ORD00000374,2023-07-01,2023-07-01,SKU002,CUS09,CH02,VN,Central,4000,36000,144000000.0,5760000.0,864000.0,0,0,137376000.0,51840000.0,1.419541,73588999.63,6571679.79,5403381.16,1648512.0,50163427.42,NET_REVENUE_SHARE,row_net_revenue / month_channel_net_revenue,COMMERCIAL_COSTS,DERIVED,false,false
VN000000375,ORD00000375,2023-07-01,2023-07-01,SKU003,CUS10,CH02,VN,North,3000,32000,96000000.0,3840000.0,576000.0,0,0,91584000.0,36480000.0,1.419541,51784851.59,4381119.86,3602254.11,1099008.0,30716766.44,NET_REVENUE_SHARE,row_net_revenue / month_channel_net_revenue,COMMERCIAL_COSTS,DERIVED,false,false
VN000000376,ORD00000376,2023-07-01,2023-07-01,SKU004,CUS01,CH02,VN,North,5000,28000,140000000.0,5600000.0,840000.0,0,0,133560000.0,61600000.0,1.419541,87443718.69,6389133.13,5253287.24,1602720.0,32871140.94,NET_REVENUE_SHARE,row_net_revenue / month_channel_net_revenue,COMMERCIAL_COSTS,DERIVED,false,false
VN000000377,ORD00000377,2023-07-01,2023-07-01,SKU005,CUS02,CH02,VN,South,4000,27000,108000000.0,4320000.0,648000.0,0,0,103032000.0,49680000.0,1.419541,70522791.31,4928759.85,4052535.87,1236384.0,22291528.97,NET_REVENUE_SHARE,row_net_revenue / month_channel_net_revenue,COMMERCIAL_COSTS,DERIVED,false,false
VN000000378,ORD00000378,2023-07-01,2023-07-01,SKU006,CUS03,CH02,VN,Central,3000,30000,90000000.0,3600000.0,540000.0,0,0,85860000.0,37800000.0,1.419541,53658645.56,4107299.87,3377113.23,1030320.0,23686621.34,NET_REVENUE_SHARE,row_net_revenue / month_channel_net_revenue,COMMERCIAL_COSTS,DERIVED,false,false
VN000000379,ORD00000379,2023-07-01,2023-07-01,SKU007,CUS04,CH02,VN,North,5000,23000,115000000.0,4600000.0,690000.0,0,0,109710000.0,63250000.0,1.419541,89785961.16,5248216.5,4315200.24,1316520.0,9044102.1,NET_REVENUE_SHARE,row_net_revenue / month_channel_net_revenue,COMMERCIAL_COSTS,DERIVED,false,false
VN000000380,ORD00000380,2023-07-01,2023-07-01,SKU008,CUS05,CH02,VN,South,4000,25000,100000000.0,4000000.0,600000.0,0,0,95400000.0,52000000.0,1.419541,73816126.17,4563666.52,3752348.03,1144800.0,12123059.28,NET_REVENUE_SHARE,row_net_revenue / month_channel_net_revenue,COMMERCIAL_COSTS,DERIVED,false,false
VN000000381,ORD00000381,2023-07-01,2023-07-01,SKU009,CUS06,CH02,VN,Central,5000,21000,105000000.0,4200000.0,630000.0,0,0,100170000.0,60900000.0,1.419541,86450040.07,4791849.85,3939965.43,1202040.0,3786104.65,NET_REVENUE_SHARE,row_net_revenue / month_channel_net_revenue,COMMERCIAL_COSTS,DERIVED,false,false
VN000000382,ORD00000382,2023-07-01,2023-07-01,SKU010,CUS07,CH02,VN,North,4000,24000,96000000.0,3840000.0,576000.0,0,0,91584000.0,48000000.0,1.419541,68137962.62,4381119.86,3602254.11,1099008.0,14363655.41,NET_REVENUE_SHARE,row_net_revenue / month_channel_net_revenue,COMMERCIAL_COSTS,DERIVED,false,false
VN000000383,ORD00000383,2023-07-01,2023-07-01,SKU011,CUS08,CH02,VN,South,2000,35000,70000000.0,2800000.0,420000.0,0,0,66780000.0,21000000.0,1.419541,29810358.64,3194566.57,2626643.62,801360.0,30347071.17,NET_REVENUE_SHARE,row_net_revenue / month_channel_net_revenue,COMMERCIAL_COSTS,DERIVED,false,false
VN000000384,ORD00000384,2023-07-01,2023-07-01,SKU012,CUS09,CH02,VN,Central,3000,29000,87000000.0,3480000.0,522000.0,0,0,82998000.0,33930000.0,1.419541,48165022.31,3970389.88,3264542.79,995976.0,26602069.02,NET_REVENUE_SHARE,row_net_revenue / month_channel_net_revenue,COMMERCIAL_COSTS,DERIVED,false,false
VN000000385,ORD00000385,2023-07-01,2023-07-01,SKU001,CUS09,CH03,VN,Central,4000,31000,124000000.0,8060000.0,744000.0,0,0,115196000.0,49600000.0,1.446488,71745791.46,14542535.88,3029694.98,1382352.0,24495625.68,NET_REVENUE_SHARE,row_net_revenue / month_channel_net_revenue,COMMERCIAL_COSTS,DERIVED,false,false
VN000000386,ORD00000386,2023-07-01,2023-07-01,SKU002,CUS10,CH03,VN,North,3000,36000,108000000.0,7020000.0,648000.0,0,0,100332000.0,38880000.0,1.446488,56239442.98,12666079.64,2638766.59,1203984.0,27583726.79,NET_REVENUE_SHARE,row_net_revenue / month_channel_net_revenue,COMMERCIAL_COSTS,DERIVED,false,false
VN000000387,ORD00000387,2023-07-01,2023-07-01,SKU003,CUS01,CH03,VN,North,2000,32000,64000000.0,4160000.0,384000.0,0,0,59456000.0,24320000.0,1.446488,35178581.62,7505824.97,1563713.54,713472.0,14494407.87,NET_REVENUE_SHARE,row_net_revenue / month_channel_net_revenue,COMMERCIAL_COSTS,DERIVED,false,false
VN000000388,ORD00000388,2023-07-01,2023-07-01,SKU004,CUS02,CH03,VN,South,3000,28000,84000000.0,5460000.0,504000.0,0,0,78036000.0,36960000.0,1.446488,53462186.54,9851395.28,2052374.02,936432.0,11733612.16,NET_REVENUE_SHARE,row_net_revenue / month_channel_net_revenue,COMMERCIAL_COSTS,DERIVED,false,false
VN000000389,ORD00000389,2023-07-01,2023-07-01,SKU005,CUS03,CH03,VN,Central,3000,27000,81000000.0,5265000.0,486000.0,0,0,75249000.0,37260000.0,1.446488,53896132.86,9499559.73,1979074.94,902988.0,8971244.47,NET_REVENUE_SHARE,row_net_revenue / month_channel_net_revenue,COMMERCIAL_COSTS,DERIVED,false,false
VN000000390,ORD00000390,2023-07-01,2023-07-01,SKU006,CUS04,CH03,VN,North,2000,30000,60000000.0,3900000.0,360000.0,0,0,55740000.0,25200000.0,1.446488,36451490.82,7036710.91,1465981.44,668880.0,10116936.83,NET_REVENUE_SHARE,row_net_revenue / month_channel_net_revenue,COMMERCIAL_COSTS,DERIVED,false,false
VN000000391,ORD00000391,2023-07-01,2023-07-01,SKU007,CUS05,CH03,VN,South,4000,23000,92000000.0,5980000.0,552000.0,0,0,85468000.0,50600000.0,1.446488,73192279.19,10789623.4,2247838.21,1025616.0,-1787356.8,NET_REVENUE_SHARE,row_net_revenue / month_channel_net_revenue,COMMERCIAL_COSTS,DERIVED,false,false
VN000000392,ORD00000392,2023-07-01,2023-07-01,SKU008,CUS06,CH03,VN,Central,3000,25000,75000000.0,4875000.0,450000.0,0,0,69675000.0,39000000.0,1.446488,56413021.51,8795888.64,1832476.8,836100.0,1797513.05,NET_REVENUE_SHARE,row_net_revenue / month_channel_net_revenue,COMMERCIAL_COSTS,DERIVED,false,false
VN000000393,ORD00000393,2023-07-01,2023-07-01,SKU009,CUS07,CH03,VN,North,4000,21000,84000000.0,5460000.0,504000.0,0,0,78036000.0,48720000.0,1.446488,70472882.26,9851395.28,2052374.02,936432.0,-5277083.56,NET_REVENUE_SHARE,row_net_revenue / month_channel_net_revenue,COMMERCIAL_COSTS,DERIVED,false,false
VN000000394,ORD00000394,2023-07-01,2023-07-01,SKU010,CUS08,CH03,VN,South,3000,24000,72000000.0,4680000.0,432000.0,0,0,66888000.0,36000000.0,1.446488,52073558.32,8444053.09,1759177.73,802656.0,3808554.86,NET_REVENUE_SHARE,row_net_revenue / month_channel_net_revenue,COMMERCIAL_COSTS,DERIVED,false,false
VN000000395,ORD00000395,2023-07-01,2023-07-01,SKU011,CUS09,CH03,VN,Central,2000,35000,70000000.0,4550000.0,420000.0,0,0,65030000.0,21000000.0,1.446488,30376242.35,8209496.06,1710311.68,780360.0,23953589.91,NET_REVENUE_SHARE,row_net_revenue / month_channel_net_revenue,COMMERCIAL_COSTS,DERIVED,false,false
VN000000396,ORD00000396,2023-07-01,2023-07-01,SKU012,CUS10,CH03,VN,North,2000,29000,58000000.0,3770000.0,348000.0,0,0,53882000.0,22620000.0,1.446488,32719552.48,6802153.88,1417115.39,646584.0,12296594.25,NET_REVENUE_SHARE,row_net_revenue / month_channel_net_revenue,COMMERCIAL_COSTS,DERIVED,false,false
VN000000397,ORD00000397,2023-07-01,2023-07-01,SKU001,CUS10,CH04,VN,North,2000,31000,62000000.0,2480000.0,1116000.0,0,0,58404000.0,24800000.0,1.426094,35367118.86,5094144.0,1591920.0,700848.0,15649969.14,NET_REVENUE_SHARE,row_net_revenue / month_channel_net_revenue,COMMERCIAL_COSTS,DERIVED,false,false
VN000000398,ORD00000398,2023-07-01,2023-07-01,SKU002,CUS01,CH04,VN,North,1000,36000,36000000.0,1440000.0,648000.0,0,0,33912000.0,12960000.0,1.426094,18482171.79,2957890.06,924340.65,406944.0,11140653.5,NET_REVENUE_SHARE,row_net_revenue / month_channel_net_revenue,COMMERCIAL_COSTS,DERIVED,false,false
VN000000399,ORD00000399,2023-07-01,2023-07-01,SKU003,CUS02,CH04,VN,South,1000,32000,32000000.0,1280000.0,576000.0,0,0,30144000.0,12160000.0,1.426094,17341296.99,2629235.61,821636.13,361728.0,8990103.27,NET_REVENUE_SHARE,row_net_revenue / month_channel_net_revenue,COMMERCIAL_COSTS,DERIVED,false,false
VN000000400,ORD00000400,2023-07-01,2023-07-01,SKU004,CUS03,CH04,VN,Central,2000,28000,56000000.0,2240000.0,1008000.0,0,0,52752000.0,24640000.0,1.426094,35138943.9,4601162.32,1437863.23,633024.0,10941006.55,NET_REVENUE_SHARE,row_net_revenue / month_channel_net_revenue,COMMERCIAL_COSTS,DERIVED,false,false
VN000000401,ORD00000401,2023-07-01,2023-07-01,SKU005,CUS04,CH04,VN,North,2000,27000,54000000.0,2160000.0,972000.0,0,0,50868000.0,24840000.0,1.426094,35424162.6,4436835.1,1386510.97,610416.0,9010075.33,NET_REVENUE_SHARE,row_net_revenue / month_channel_net_revenue,COMMERCIAL_COSTS,DERIVED,false,false
VN000000402,ORD00000402,2023-07-01,2023-07-01,SKU006,CUS05,CH04,VN,South,1000,30000,30000000.0,1200000.0,540000.0,0,0,28260000.0,12600000.0,1.426094,17968778.13,2464908.39,770283.87,339120.0,6716909.61,NET_REVENUE_SHARE,row_net_revenue / month_channel_net_revenue,COMMERCIAL_COSTS,DERIVED,false,false
VN000000403,ORD00000403,2023-07-01,2023-07-01,SKU007,CUS06,CH04,VN,Central,2000,23000,46000000.0,1840000.0,828000.0,0,0,43332000.0,25300000.0,1.426094,36080165.61,3779526.19,1181101.94,519984.0,1771222.26,NET_REVENUE_SHARE,row_net_revenue / month_channel_net_revenue,COMMERCIAL_COSTS,DERIVED,false,false
VN000000404,ORD00000404,2023-07-01,2023-07-01,SKU008,CUS07,CH04,VN,North,2000,25000,50000000.0,2000000.0,900000.0,0,0,47100000.0,26000000.0,1.426094,37078431.07,4108180.65,1283806.45,565200.0,4064381.83,NET_REVENUE_SHARE,row_net_revenue / month_channel_net_revenue,COMMERCIAL_COSTS,DERIVED,false,false
VN000000405,ORD00000405,2023-07-01,2023-07-01,SKU009,CUS08,CH04,VN,South,2000,21000,42000000.0,1680000.0,756000.0,0,0,39564000.0,24360000.0,1.426094,34739637.72,3450871.74,1078397.42,474768.0,-179674.88,NET_REVENUE_SHARE,row_net_revenue / month_channel_net_revenue,COMMERCIAL_COSTS,DERIVED,false,false
VN000000406,ORD00000406,2023-07-01,2023-07-01,SKU010,CUS09,CH04,VN,Central,1000,24000,24000000.0,960000.0,432000.0,0,0,22608000.0,12000000.0,1.426094,17113122.03,1971926.71,616227.1,271296.0,2635428.16,NET_REVENUE_SHARE,row_net_revenue / month_channel_net_revenue,COMMERCIAL_COSTS,DERIVED,false,false
VN000000407,ORD00000407,2023-07-01,2023-07-01,SKU011,CUS10,CH04,VN,North,1000,35000,35000000.0,1400000.0,630000.0,0,0,32970000.0,10500000.0,1.426094,14973981.78,2875726.45,898664.52,395640.0,13825987.25,NET_REVENUE_SHARE,row_net_revenue / month_channel_net_revenue,COMMERCIAL_COSTS,DERIVED,false,false
VN000000408,ORD00000408,2023-07-01,2023-07-01,SKU012,CUS01,CH04,VN,North,1000,29000,29000000.0,1160000.0,522000.0,0,0,27318000.0,11310000.0,1.426094,16129117.52,2382744.77,744607.74,327816.0,7733713.97,NET_REVENUE_SHARE,row_net_revenue / month_channel_net_revenue,COMMERCIAL_COSTS,DERIVED,false,false
VN000000409,ORD00000409,2023-07-01,2023-07-01,SKU001,CUS01,CH05,VN,North,2000,31000,62000000.0,2480000.0,372000.0,0,0,59148000.0,24800000.0,1.465657,36348300.31,1289130.32,1611412.9,709776.0,19189380.47,NET_REVENUE_SHARE,row_net_revenue / month_channel_net_revenue,COMMERCIAL_COSTS,DERIVED,false,false
VN000000410,ORD00000410,2023-07-01,2023-07-01,SKU002,CUS02,CH05,VN,South,2000,36000,72000000.0,2880000.0,432000.0,0,0,68688000.0,25920000.0,1.465657,37989836.45,1497054.56,1871318.2,824256.0,26505534.79,NET_REVENUE_SHARE,row_net_revenue / month_channel_net_revenue,COMMERCIAL_COSTS,DERIVED,false,false
VN000000411,ORD00000411,2023-07-01,2023-07-01,SKU003,CUS03,CH05,VN,Central,2000,32000,64000000.0,2560000.0,384000.0,0,0,61056000.0,24320000.0,1.465657,35644784.82,1330715.17,1663393.96,732672.0,21684434.05,NET_REVENUE_SHARE,row_net_revenue / month_channel_net_revenue,COMMERCIAL_COSTS,DERIVED,false,false
VN000000412,ORD00000412,2023-07-01,2023-07-01,SKU004,CUS04,CH05,VN,North,2000,28000,56000000.0,2240000.0,336000.0,0,0,53424000.0,24640000.0,1.465657,36113795.15,1164375.77,1455469.71,641088.0,14049271.37,NET_REVENUE_SHARE,row_net_revenue / month_channel_net_revenue,COMMERCIAL_COSTS,DERIVED,false,false
VN000000413,ORD00000413,2023-07-01,2023-07-01,SKU005,CUS05,CH05,VN,South,2000,27000,54000000.0,2160000.0,324000.0,0,0,51516000.0,24840000.0,1.465657,36406926.6,1122790.92,1403488.65,618192.0,11964601.83,NET_REVENUE_SHARE,row_net_revenue / month_channel_net_revenue,COMMERCIAL_COSTS,DERIVED,false,false
VN000000414,ORD00000414,2023-07-01,2023-07-01,SKU006,CUS06,CH05,VN,Central,1000,30000,30000000.0,1200000.0,180000.0,0,0,28620000.0,12600000.0,1.465657,18467281.61,623772.73,779715.92,343440.0,8405789.74,NET_REVENUE_SHARE,row_net_revenue / month_channel_net_revenue,COMMERCIAL_COSTS,DERIVED,false,false
VN000000415,ORD00000415,2023-07-01,2023-07-01,SKU007,CUS07,CH05,VN,North,2000,23000,46000000.0,1840000.0,276000.0,0,0,43884000.0,25300000.0,1.465657,37081128.95,956451.53,1195564.41,526608.0,4124247.11,NET_REVENUE_SHARE,row_net_revenue / month_channel_net_revenue,COMMERCIAL_COSTS,DERIVED,false,false
VN000000416,ORD00000416,2023-07-01,2023-07-01,SKU008,CUS08,CH05,VN,South,2000,25000,50000000.0,2000000.0,300000.0,0,0,47700000.0,26000000.0,1.465657,38107089.04,1039621.22,1299526.53,572400.0,6681363.21,NET_REVENUE_SHARE,row_net_revenue / month_channel_net_revenue,COMMERCIAL_COSTS,DERIVED,false,false
VN000000417,ORD00000417,2023-07-01,2023-07-01,SKU009,CUS09,CH05,VN,Central,2000,21000,42000000.0,1680000.0,252000.0,0,0,40068000.0,24360000.0,1.465657,35703411.11,873281.83,1091602.29,480816.0,1918888.77,NET_REVENUE_SHARE,row_net_revenue / month_channel_net_revenue,COMMERCIAL_COSTS,DERIVED,false,false
VN000000418,ORD00000418,2023-07-01,2023-07-01,SKU010,CUS10,CH05,VN,North,2000,24000,48000000.0,1920000.0,288000.0,0,0,45792000.0,24000000.0,1.465657,35175774.49,998036.38,1247545.47,549504.0,7821139.66,NET_REVENUE_SHARE,row_net_revenue / month_channel_net_revenue,COMMERCIAL_COSTS,DERIVED,false,false
VN000000419,ORD00000419,2023-07-01,2023-07-01,SKU011,CUS01,CH05,VN,North,1000,35000,35000000.0,1400000.0,210000.0,0,0,33390000.0,10500000.0,1.465657,15389401.34,727734.86,909668.57,400680.0,15962515.23,NET_REVENUE_SHARE,row_net_revenue / month_channel_net_revenue,COMMERCIAL_COSTS,DERIVED,false,false
VN000000420,ORD00000420,2023-07-01,2023-07-01,SKU012,CUS02,CH05,VN,South,1000,29000,29000000.0,1160000.0,174000.0,0,0,27666000.0,11310000.0,1.465657,16576583.73,602980.31,753725.39,331992.0,9400718.57,NET_REVENUE_SHARE,row_net_revenue / month_channel_net_revenue,COMMERCIAL_COSTS,DERIVED,false,false
VN000000421,ORD00000421,2023-08-01,2023-08-01,SKU001,CUS08,CH01,VN,South,7000,31000,217000000.0,8680000.0,1302000.0,0,0,207018000.0,86800000.0,1.429036,124040314.5,7767936.8,5548526.29,2484216.0,67177006.41,NET_REVENUE_SHARE,row_net_revenue / month_channel_net_revenue,COMMERCIAL_COSTS,DERIVED,false,false
VN000000422,ORD00000422,2023-08-01,2023-08-01,SKU002,CUS09,CH01,VN,Central,5000,36000,180000000.0,7200000.0,1080000.0,0,0,171720000.0,64800000.0,1.429036,92601525.11,6443449.88,4602464.2,2060640.0,66011920.81,NET_REVENUE_SHARE,row_net_revenue / month_channel_net_revenue,COMMERCIAL_COSTS,DERIVED,false,false
VN000000423,ORD00000423,2023-08-01,2023-08-01,SKU003,CUS10,CH01,VN,North,4000,32000,128000000.0,5120000.0,768000.0,0,0,122112000.0,48640000.0,1.429036,69508305.27,4582008.81,3272863.43,1465344.0,43283478.49,NET_REVENUE_SHARE,row_net_revenue / month_channel_net_revenue,COMMERCIAL_COSTS,DERIVED,false,false
VN000000424,ORD00000424,2023-08-01,2023-08-01,SKU004,CUS01,CH01,VN,North,6000,28000,168000000.0,6720000.0,1008000.0,0,0,160272000.0,73920000.0,1.429036,105634332.35,6013886.56,4295633.25,1923264.0,42404883.84,NET_REVENUE_SHARE,row_net_revenue / month_channel_net_revenue,COMMERCIAL_COSTS,DERIVED,false,false
VN000000425,ORD00000425,2023-08-01,2023-08-01,SKU005,CUS02,CH01,VN,South,5000,27000,135000000.0,5400000.0,810000.0,0,0,128790000.0,62100000.0,1.429036,88743128.23,4832587.41,3451848.15,1545480.0,30216956.21,NET_REVENUE_SHARE,row_net_revenue / month_channel_net_revenue,COMMERCIAL_COSTS,DERIVED,false,false
VN000000426,ORD00000426,2023-08-01,2023-08-01,SKU006,CUS03,CH01,VN,Central,4000,30000,120000000.0,4800000.0,720000.0,0,0,114480000.0,50400000.0,1.429036,72023408.42,4295633.25,3068309.47,1373760.0,33718888.86,NET_REVENUE_SHARE,row_net_revenue / month_channel_net_revenue,COMMERCIAL_COSTS,DERIVED,false,false
VN000000427,ORD00000427,2023-08-01,2023-08-01,SKU007,CUS04,CH01,VN,North,7000,23000,161000000.0,6440000.0,966000.0,0,0,153594000.0,88550000.0,1.429036,126541127.3,5763307.95,4116648.54,1843128.0,15329788.21,NET_REVENUE_SHARE,row_net_revenue / month_channel_net_revenue,COMMERCIAL_COSTS,DERIVED,false,false
VN000000428,ORD00000428,2023-08-01,2023-08-01,SKU008,CUS05,CH01,VN,South,6000,25000,150000000.0,6000000.0,900000.0,0,0,143100000.0,78000000.0,1.429036,111464798.75,5369541.57,3835386.83,1717200.0,20713072.85,NET_REVENUE_SHARE,row_net_revenue / month_channel_net_revenue,COMMERCIAL_COSTS,DERIVED,false,false
VN000000429,ORD00000429,2023-08-01,2023-08-01,SKU009,CUS06,CH01,VN,Central,7000,21000,147000000.0,5880000.0,882000.0,0,0,140238000.0,85260000.0,1.429036,121839599.25,5262150.74,3758679.1,1682856.0,7694714.91,NET_REVENUE_SHARE,row_net_revenue / month_channel_net_revenue,COMMERCIAL_COSTS,DERIVED,false,false
VN000000430,ORD00000430,2023-08-01,2023-08-01,SKU010,CUS07,CH01,VN,North,5000,24000,120000000.0,4800000.0,720000.0,0,0,114480000.0,60000000.0,1.429036,85742152.88,4295633.25,3068309.47,1373760.0,20000144.4,NET_REVENUE_SHARE,row_net_revenue / month_channel_net_revenue,COMMERCIAL_COSTS,DERIVED,false,false
VN000000431,ORD00000431,2023-08-01,2023-08-01,SKU011,CUS08,CH01,VN,South,3000,35000,105000000.0,4200000.0,630000.0,0,0,100170000.0,31500000.0,1.429036,45014630.26,3758679.1,2684770.78,1202040.0,47509879.86,NET_REVENUE_SHARE,row_net_revenue / month_channel_net_revenue,COMMERCIAL_COSTS,DERIVED,false,false
VN000000432,ORD00000432,2023-08-01,2023-08-01,SKU012,CUS09,CH01,VN,Central,4000,29000,116000000.0,4640000.0,696000.0,0,0,110664000.0,45240000.0,1.429036,64649583.28,4152445.48,2966032.49,1327968.0,37567970.75,NET_REVENUE_SHARE,row_net_revenue / month_channel_net_revenue,COMMERCIAL_COSTS,DERIVED,false,false
VN000000433,ORD00000433,2023-08-01,2023-08-01,SKU001,CUS09,CH02,VN,Central,5000,31000,155000000.0,6200000.0,930000.0,0,0,147870000.0,62000000.0,1.46443,90794652.71,7297368.48,6000058.53,1774440.0,42003480.28,NET_REVENUE_SHARE,row_net_revenue / month_channel_net_revenue,COMMERCIAL_COSTS,DERIVED,false,false
VN000000434,ORD00000434,2023-08-01,2023-08-01,SKU002,CUS10,CH02,VN,North,4000,36000,144000000.0,5760000.0,864000.0,0,0,137376000.0,51840000.0,1.46443,75916045.11,6779490.71,5574247.92,1648512.0,47457704.26,NET_REVENUE_SHARE,row_net_revenue / month_channel_net_revenue,COMMERCIAL_COSTS,DERIVED,false,false
VN000000435,ORD00000435,2023-08-01,2023-08-01,SKU003,CUS01,CH02,VN,North,3000,32000,96000000.0,3840000.0,576000.0,0,0,91584000.0,36480000.0,1.46443,53422402.11,4519660.48,3716165.28,1099008.0,28826764.13,NET_REVENUE_SHARE,row_net_revenue / month_channel_net_revenue,COMMERCIAL_COSTS,DERIVED,false,false
VN000000436,ORD00000436,2023-08-01,2023-08-01,SKU004,CUS02,CH02,VN,South,5000,28000,140000000.0,5600000.0,840000.0,0,0,133560000.0,61600000.0,1.46443,90208880.76,6591171.53,5419407.7,1602720.0,29737820.01,NET_REVENUE_SHARE,row_net_revenue / month_channel_net_revenue,COMMERCIAL_COSTS,DERIVED,false,false
VN000000437,ORD00000437,2023-08-01,2023-08-01,SKU005,CUS03,CH02,VN,Central,4000,27000,108000000.0,4320000.0,648000.0,0,0,103032000.0,49680000.0,1.46443,72752876.56,5084618.04,4180685.94,1236384.0,19777435.46,NET_REVENUE_SHARE,row_net_revenue / month_channel_net_revenue,COMMERCIAL_COSTS,DERIVED,false,false
VN000000438,ORD00000438,2023-08-01,2023-08-01,SKU006,CUS04,CH02,VN,North,3000,30000,90000000.0,3600000.0,540000.0,0,0,85860000.0,37800000.0,1.46443,55355449.56,4237181.7,3483904.95,1030320.0,21753143.79,NET_REVENUE_SHARE,row_net_revenue / month_channel_net_revenue,COMMERCIAL_COSTS,DERIVED,false,false
VN000000439,ORD00000439,2023-08-01,2023-08-01,SKU007,CUS05,CH02,VN,South,5000,23000,115000000.0,4600000.0,690000.0,0,0,109710000.0,63250000.0,1.46443,92625190.06,5414176.61,4451656.33,1316520.0,5902457.0,NET_REVENUE_SHARE,row_net_revenue / month_channel_net_revenue,COMMERCIAL_COSTS,DERIVED,false,false
VN000000440,ORD00000440,2023-08-01,2023-08-01,SKU008,CUS06,CH02,VN,Central,4000,25000,100000000.0,4000000.0,600000.0,0,0,95400000.0,52000000.0,1.46443,76150353.89,4707979.66,3871005.5,1144800.0,9525860.95,NET_REVENUE_SHARE,row_net_revenue / month_channel_net_revenue,COMMERCIAL_COSTS,DERIVED,false,false
VN000000441,ORD00000441,2023-08-01,2023-08-01,SKU009,CUS07,CH02,VN,North,5000,21000,105000000.0,4200000.0,630000.0,0,0,100170000.0,60900000.0,1.46443,89183779.84,4943378.65,4064555.78,1202040.0,776245.73,NET_REVENUE_SHARE,row_net_revenue / month_channel_net_revenue,COMMERCIAL_COSTS,DERIVED,false,false
VN000000442,ORD00000442,2023-08-01,2023-08-01,SKU010,CUS08,CH02,VN,South,4000,24000,96000000.0,3840000.0,576000.0,0,0,91584000.0,48000000.0,1.46443,70292634.36,4519660.48,3716165.28,1099008.0,11956531.88,NET_REVENUE_SHARE,row_net_revenue / month_channel_net_revenue,COMMERCIAL_COSTS,DERIVED,false,false
VN000000443,ORD00000443,2023-08-01,2023-08-01,SKU011,CUS09,CH02,VN,Central,2000,35000,70000000.0,2800000.0,420000.0,0,0,66780000.0,21000000.0,1.46443,30753027.53,3295585.76,2709703.85,801360.0,29220322.86,NET_REVENUE_SHARE,row_net_revenue / month_channel_net_revenue,COMMERCIAL_COSTS,DERIVED,false,false
VN000000444,ORD00000444,2023-08-01,2023-08-01,SKU012,CUS10,CH02,VN,North,3000,29000,87000000.0,3480000.0,522000.0,0,0,82998000.0,33930000.0,1.46443,49688105.91,4095942.31,3367774.79,995976.0,24850200.99,NET_REVENUE_SHARE,row_net_revenue / month_channel_net_revenue,COMMERCIAL_COSTS,DERIVED,false,false
VN000000445,ORD00000445,2023-08-01,2023-08-01,SKU001,CUS10,CH03,VN,North,4000,31000,124000000.0,8060000.0,744000.0,0,0,115196000.0,49600000.0,1.459082,72370479.22,14666789.15,3055581.07,1382352.0,23720798.56,NET_REVENUE_SHARE,row_net_revenue / month_channel_net_revenue,COMMERCIAL_COSTS,DERIVED,false,false
VN000000446,ORD00000446,2023-08-01,2023-08-01,SKU002,CUS01,CH03,VN,North,3000,36000,108000000.0,7020000.0,648000.0,0,0,100332000.0,38880000.0,1.459082,56729117.58,12774300.23,2661312.55,1203984.0,26963285.64,NET_REVENUE_SHARE,row_net_revenue / month_channel_net_revenue,COMMERCIAL_COSTS,DERIVED,false,false
VN000000447,ORD00000447,2023-08-01,2023-08-01,SKU003,CUS02,CH03,VN,South,2000,32000,64000000.0,4160000.0,384000.0,0,0,59456000.0,24320000.0,1.459082,35484880.14,7569955.69,1577074.1,713472.0,14110618.07,NET_REVENUE_SHARE,row_net_revenue / month_channel_net_revenue,COMMERCIAL_COSTS,DERIVED,false,false
VN000000448,ORD00000448,2023-08-01,2023-08-01,SKU004,CUS03,CH03,VN,Central,4000,28000,112000000.0,7280000.0,672000.0,0,0,104048000.0,49280000.0,1.459082,71903572.91,13247422.46,2759879.68,1248576.0,14888548.95,NET_REVENUE_SHARE,row_net_revenue / month_channel_net_revenue,COMMERCIAL_COSTS,DERIVED,false,false
VN000000449,ORD00000449,2023-08-01,2023-08-01,SKU005,CUS04,CH03,VN,North,3000,27000,81000000.0,5265000.0,486000.0,0,0,75249000.0,37260000.0,1.459082,54365404.35,9580725.17,1995984.41,902988.0,8403898.07,NET_REVENUE_SHARE,row_net_revenue / month_channel_net_revenue,COMMERCIAL_COSTS,DERIVED,false,false
VN000000450,ORD00000450,2023-08-01,2023-08-01,SKU006,CUS05,CH03,VN,South,2000,30000,60000000.0,3900000.0,360000.0,0,0,55740000.0,25200000.0,1.459082,36768872.51,7096833.46,1478506.97,668880.0,9726907.06,NET_REVENUE_SHARE,row_net_revenue / month_channel_net_revenue,COMMERCIAL_COSTS,DERIVED,false,false
VN000000451,ORD00000451,2023-08-01,2023-08-01,SKU007,CUS06,CH03,VN,Central,4000,23000,92000000.0,5980000.0,552000.0,0,0,85468000.0,50600000.0,1.459082,73829561.47,10881811.31,2267044.02,1025616.0,-2536032.8,NET_REVENUE_SHARE,row_net_revenue / month_channel_net_revenue,COMMERCIAL_COSTS,DERIVED,false,false
VN000000452,ORD00000452,2023-08-01,2023-08-01,SKU008,CUS07,CH03,VN,North,3000,25000,75000000.0,4875000.0,450000.0,0,0,69675000.0,39000000.0,1.459082,56904207.45,8871041.83,1848133.71,836100.0,1215517.01,NET_REVENUE_SHARE,row_net_revenue / month_channel_net_revenue,COMMERCIAL_COSTS,DERIVED,false,false
VN000000453,ORD00000453,2023-08-01,2023-08-01,SKU009,CUS08,CH03,VN,South,4000,21000,84000000.0,5460000.0,504000.0,0,0,78036000.0,48720000.0,1.459082,71086486.85,9935566.84,2069909.76,936432.0,-5992395.45,NET_REVENUE_SHARE,row_net_revenue / month_channel_net_revenue,COMMERCIAL_COSTS,DERIVED,false,false
VN000000454,ORD00000454,2023-08-01,2023-08-01,SKU010,CUS09,CH03,VN,Central,3000,24000,72000000.0,4680000.0,432000.0,0,0,66888000.0,36000000.0,1.459082,52526960.73,8516200.15,1774208.37,802656.0,3267974.75,NET_REVENUE_SHARE,row_net_revenue / month_channel_net_revenue,COMMERCIAL_COSTS,DERIVED,false,false
VN000000455,ORD00000455,2023-08-01,2023-08-01,SKU011,CUS10,CH03,VN,North,2000,35000,70000000.0,4550000.0,420000.0,0,0,65030000.0,21000000.0,1.459082,30640727.09,8279639.04,1724924.8,780360.0,23604349.07,NET_REVENUE_SHARE,row_net_revenue / month_channel_net_revenue,COMMERCIAL_COSTS,DERIVED,false,false
VN000000456,ORD00000456,2023-08-01,2023-08-01,SKU012,CUS01,CH03,VN,North,2000,29000,58000000.0,3770000.0,348000.0,0,0,53882000.0,22620000.0,1.459082,33004440.32,6860272.34,1429223.41,646584.0,11941479.93,NET_REVENUE_SHARE,row_net_revenue / month_channel_net_revenue,COMMERCIAL_COSTS,DERIVED,false,false
VN000000457,ORD00000457,2023-08-01,2023-08-01,SKU001,CUS01,CH04,VN,North,2000,31000,62000000.0,2480000.0,1116000.0,0,0,58404000.0,24800000.0,1.395573,34610205.69,5012682.83,1566463.38,700848.0,16513800.1,NET_REVENUE_SHARE,row_net_revenue / month_channel_net_revenue,COMMERCIAL_COSTS,DERIVED,false,false
VN000000458,ORD00000458,2023-08-01,2023-08-01,SKU002,CUS02,CH04,VN,South,1000,36000,36000000.0,1440000.0,648000.0,0,0,33912000.0,12960000.0,1.395573,18086623.62,2910590.03,909559.38,406944.0,11598282.97,NET_REVENUE_SHARE,row_net_revenue / month_channel_net_revenue,COMMERCIAL_COSTS,DERIVED,false,false
VN000000459,ORD00000459,2023-08-01,2023-08-01,SKU003,CUS03,CH04,VN,Central,1000,32000,32000000.0,1280000.0,576000.0,0,0,30144000.0,12160000.0,1.395573,16970165.37,2587191.14,808497.23,361728.0,9416418.26,NET_REVENUE_SHARE,row_net_revenue / month_channel_net_revenue,COMMERCIAL_COSTS,DERIVED,false,false
VN000000460,ORD00000460,2023-08-01,2023-08-01,SKU004,CUS04,CH04,VN,North,2000,28000,56000000.0,2240000.0,1008000.0,0,0,52752000.0,24640000.0,1.395573,34386914.04,4527584.49,1414870.15,633024.0,11789607.32,NET_REVENUE_SHARE,row_net_revenue / month_channel_net_revenue,COMMERCIAL_COSTS,DERIVED,false,false
VN000000461,ORD00000461,2023-08-01,2023-08-01,SKU005,CUS05,CH04,VN,South,2000,27000,54000000.0,2160000.0,972000.0,0,0,50868000.0,24840000.0,1.395573,34666028.61,4365885.05,1364339.08,610416.0,9861331.26,NET_REVENUE_SHARE,row_net_revenue / month_channel_net_revenue,COMMERCIAL_COSTS,DERIVED,false,false
VN000000462,ORD00000462,2023-08-01,2023-08-01,SKU006,CUS06,CH04,VN,Central,1000,30000,30000000.0,1200000.0,540000.0,0,0,28260000.0,12600000.0,1.395573,17584217.41,2425491.69,757966.15,339120.0,7153204.75,NET_REVENUE_SHARE,row_net_revenue / month_channel_net_revenue,COMMERCIAL_COSTS,DERIVED,false,false
VN000000463,ORD00000463,2023-08-01,2023-08-01,SKU007,CUS07,CH04,VN,North,2000,23000,46000000.0,1840000.0,828000.0,0,0,43332000.0,25300000.0,1.395573,35307992.1,3719087.26,1162214.77,519984.0,2622721.87,NET_REVENUE_SHARE,row_net_revenue / month_channel_net_revenue,COMMERCIAL_COSTS,DERIVED,false,false
VN000000464,ORD00000464,2023-08-01,2023-08-01,SKU008,CUS08,CH04,VN,South,2000,25000,50000000.0,2000000.0,900000.0,0,0,47100000.0,26000000.0,1.395573,36284893.07,4042486.15,1263276.92,565200.0,4944143.86,NET_REVENUE_SHARE,row_net_revenue / month_channel_net_revenue,COMMERCIAL_COSTS,DERIVED,false,false
VN000000465,ORD00000465,2023-08-01,2023-08-01,SKU009,CUS09,CH04,VN,Central,2000,21000,42000000.0,1680000.0,756000.0,0,0,39564000.0,24360000.0,1.395573,33996153.66,3395688.37,1061152.62,474768.0,636237.35,NET_REVENUE_SHARE,row_net_revenue / month_channel_net_revenue,COMMERCIAL_COSTS,DERIVED,false,false
VN000000466,ORD00000466,2023-08-01,2023-08-01,SKU010,CUS10,CH04,VN,North,2000,24000,48000000.0,1920000.0,864000.0,0,0,45216000.0,24000000.0,1.395573,33493747.45,3880786.71,1212745.85,542592.0,6086127.99,NET_REVENUE_SHARE,row_net_revenue / month_channel_net_revenue,COMMERCIAL_COSTS,DERIVED,false,false
VN000000467,ORD00000467,2023-08-01,2023-08-01,SKU011,CUS01,CH04,VN,North,1000,35000,35000000.0,1400000.0,630000.0,0,0,32970000.0,10500000.0,1.395573,14653514.51,2829740.31,884293.85,395640.0,14206811.33,NET_REVENUE_SHARE,row_net_revenue / month_channel_net_revenue,COMMERCIAL_COSTS,DERIVED,false,false
VN000000468,ORD00000468,2023-08-01,2023-08-01,SKU012,CUS02,CH04,VN,South,1000,29000,29000000.0,1160000.0,522000.0,0,0,27318000.0,11310000.0,1.395573,15783928.47,2344641.97,732700.62,327816.0,8128912.94,NET_REVENUE_SHARE,row_net_revenue / month_channel_net_revenue,COMMERCIAL_COSTS,DERIVED,false,false
VN000000469,ORD00000469,2023-08-01,2023-08-01,SKU001,CUS02,CH05,VN,South,2000,31000,62000000.0,2480000.0,372000.0,0,0,59148000.0,24800000.0,1.448645,35926393.73,1267388.2,1584235.25,709776.0,19660206.82,NET_REVENUE_SHARE,row_net_revenue / month_channel_net_revenue,COMMERCIAL_COSTS,DERIVED,false,false
VN000000470,ORD00000470,2023-08-01,2023-08-01,SKU002,CUS03,CH05,VN,Central,2000,36000,72000000.0,2880000.0,432000.0,0,0,68688000.0,25920000.0,1.448645,37548876.03,1471805.66,1839757.07,824256.0,27003305.24,NET_REVENUE_SHARE,row_net_revenue / month_channel_net_revenue,COMMERCIAL_COSTS,DERIVED,false,false
VN000000471,ORD00000471,2023-08-01,2023-08-01,SKU003,CUS04,CH05,VN,North,2000,32000,64000000.0,2560000.0,384000.0,0,0,61056000.0,24320000.0,1.448645,35231044.17,1308271.69,1635339.62,732672.0,22148672.52,NET_REVENUE_SHARE,row_net_revenue / month_channel_net_revenue,COMMERCIAL_COSTS,DERIVED,false,false
VN000000472,ORD00000472,2023-08-01,2023-08-01,SKU004,CUS05,CH05,VN,South,2000,28000,56000000.0,2240000.0,336000.0,0,0,53424000.0,24640000.0,1.448645,35694610.55,1144737.73,1430922.17,641088.0,14512641.55,NET_REVENUE_SHARE,row_net_revenue / month_channel_net_revenue,COMMERCIAL_COSTS,DERIVED,false,false
VN000000473,ORD00000473,2023-08-01,2023-08-01,SKU005,CUS06,CH05,VN,Central,2000,27000,54000000.0,2160000.0,324000.0,0,0,51516000.0,24840000.0,1.448645,35984339.53,1103854.24,1379817.8,618192.0,12429796.43,NET_REVENUE_SHARE,row_net_revenue / month_channel_net_revenue,COMMERCIAL_COSTS,DERIVED,false,false
VN000000474,ORD00000474,2023-08-01,2023-08-01,SKU006,CUS07,CH05,VN,North,1000,30000,30000000.0,1200000.0,180000.0,0,0,28620000.0,12600000.0,1.448645,18252925.85,613252.36,766565.45,343440.0,8643816.34,NET_REVENUE_SHARE,row_net_revenue / month_channel_net_revenue,COMMERCIAL_COSTS,DERIVED,false,false
VN000000475,ORD00000475,2023-08-01,2023-08-01,SKU007,CUS08,CH05,VN,South,2000,23000,46000000.0,1840000.0,276000.0,0,0,43884000.0,25300000.0,1.448645,36650716.18,940320.28,1175400.35,526608.0,4590955.19,NET_REVENUE_SHARE,row_net_revenue / month_channel_net_revenue,COMMERCIAL_COSTS,DERIVED,false,false
VN000000476,ORD00000476,2023-08-01,2023-08-01,SKU008,CUS09,CH05,VN,Central,2000,25000,50000000.0,2000000.0,300000.0,0,0,47700000.0,26000000.0,1.448645,37664767.62,1022087.26,1277609.08,572400.0,7163136.04,NET_REVENUE_SHARE,row_net_revenue / month_channel_net_revenue,COMMERCIAL_COSTS,DERIVED,false,false
VN000000477,ORD00000477,2023-08-01,2023-08-01,SKU009,CUS10,CH05,VN,North,2000,21000,42000000.0,1680000.0,252000.0,0,0,40068000.0,24360000.0,1.448645,35288989.97,858553.3,1073191.62,480816.0,2366449.11,NET_REVENUE_SHARE,row_net_revenue / month_channel_net_revenue,COMMERCIAL_COSTS,DERIVED,false,false
VN000000478,ORD00000478,2023-08-01,2023-08-01,SKU010,CUS01,CH05,VN,North,2000,24000,48000000.0,1920000.0,288000.0,0,0,45792000.0,24000000.0,1.448645,34767477.8,981203.77,1226504.71,549504.0,8267309.72,NET_REVENUE_SHARE,row_net_revenue / month_channel_net_revenue,COMMERCIAL_COSTS,DERIVED,false,false
VN000000479,ORD00000479,2023-08-01,2023-08-01,SKU011,CUS02,CH05,VN,South,1000,35000,35000000.0,1400000.0,210000.0,0,0,33390000.0,10500000.0,1.448645,15210771.54,715461.08,894326.35,400680.0,16168761.03,NET_REVENUE_SHARE,row_net_revenue / month_channel_net_revenue,COMMERCIAL_COSTS,DERIVED,false,false
VN000000480,ORD00000480,2023-08-01,2023-08-01,SKU012,CUS03,CH05,VN,Central,2000,29000,58000000.0,2320000.0,348000.0,0,0,55332000.0,22620000.0,1.448645,32768347.83,1185621.22,1482026.53,663984.0,19232020.42,NET_REVENUE_SHARE,row_net_revenue / month_channel_net_revenue,COMMERCIAL_COSTS,DERIVED,false,false
VN000000481,ORD00000481,2023-09-01,2023-09-01,SKU001,CUS09,CH01,VN,Central,7000,31000,217000000.0,8680000.0,1302000.0,0,0,207018000.0,86800000.0,1.420172,123270910.65,7703578.19,5502555.85,2484216.0,68056739.31,NET_REVENUE_SHARE,row_net_revenue / month_channel_net_revenue,COMMERCIAL_COSTS,DERIVED,false,false
VN000000482,ORD00000482,2023-09-01,2023-09-01,SKU002,CUS10,CH01,VN,North,5000,36000,180000000.0,7200000.0,1080000.0,0,0,171720000.0,64800000.0,1.420172,92027131.45,6390064.85,4564332.04,2060640.0,66677831.66,NET_REVENUE_SHARE,row_net_revenue / month_channel_net_revenue,COMMERCIAL_COSTS,DERIVED,false,false
VN000000483,ORD00000483,2023-09-01,2023-09-01,SKU003,CUS01,CH01,VN,North,5000,32000,160000000.0,6400000.0,960000.0,0,0,152640000.0,60800000.0,1.420172,86346444.32,5680057.65,4057184.03,1831680.0,54724634.0,NET_REVENUE_SHARE,row_net_revenue / month_channel_net_revenue,COMMERCIAL_COSTS,DERIVED,false,false
VN000000484,ORD00000484,2023-09-01,2023-09-01,SKU004,CUS02,CH01,VN,South,7000,28000,196000000.0,7840000.0,1176000.0,0,0,186984000.0,86240000.0,1.420172,122475614.45,6958070.62,4970050.44,2243808.0,50336456.49,NET_REVENUE_SHARE,row_net_revenue / month_channel_net_revenue,COMMERCIAL_COSTS,DERIVED,false,false
VN000000485,ORD00000485,2023-09-01,2023-09-01,SKU005,CUS03,CH01,VN,Central,6000,27000,162000000.0,6480000.0,972000.0,0,0,154548000.0,74520000.0,1.420172,105831201.17,5751058.37,4107898.84,1854576.0,37003265.62,NET_REVENUE_SHARE,row_net_revenue / month_channel_net_revenue,COMMERCIAL_COSTS,DERIVED,false,false
VN000000486,ORD00000486,2023-09-01,2023-09-01,SKU006,CUS04,CH01,VN,North,4000,30000,120000000.0,4800000.0,720000.0,0,0,114480000.0,50400000.0,1.420172,71576657.8,4260043.24,3042888.03,1373760.0,34226650.93,NET_REVENUE_SHARE,row_net_revenue / month_channel_net_revenue,COMMERCIAL_COSTS,DERIVED,false,false
VN000000487,ORD00000487,2023-09-01,2023-09-01,SKU007,CUS05,CH01,VN,South,7000,23000,161000000.0,6440000.0,966000.0,0,0,153594000.0,88550000.0,1.420172,125756211.27,5715558.01,4082541.44,1843128.0,16196561.28,NET_REVENUE_SHARE,row_net_revenue / month_channel_net_revenue,COMMERCIAL_COSTS,DERIVED,false,false
VN000000488,ORD00000488,2023-09-01,2023-09-01,SKU008,CUS06,CH01,VN,Central,6000,25000,150000000.0,6000000.0,900000.0,0,0,143100000.0,78000000.0,1.420172,110773398.97,5325054.05,3803610.03,1717200.0,21480736.95,NET_REVENUE_SHARE,row_net_revenue / month_channel_net_revenue,COMMERCIAL_COSTS,DERIVED,false,false
VN000000489,ORD00000489,2023-09-01,2023-09-01,SKU009,CUS07,CH01,VN,North,7000,21000,147000000.0,5880000.0,882000.0,0,0,140238000.0,85260000.0,1.420172,121083846.1,5218552.96,3727537.83,1682856.0,8525207.11,NET_REVENUE_SHARE,row_net_revenue / month_channel_net_revenue,COMMERCIAL_COSTS,DERIVED,false,false
VN000000490,ORD00000490,2023-09-01,2023-09-01,SKU010,CUS08,CH01,VN,South,5000,24000,120000000.0,4800000.0,720000.0,0,0,114480000.0,60000000.0,1.420172,85210306.9,4260043.24,3042888.03,1373760.0,20593001.83,NET_REVENUE_SHARE,row_net_revenue / month_channel_net_revenue,COMMERCIAL_COSTS,DERIVED,false,false
VN000000491,ORD00000491,2023-09-01,2023-09-01,SKU011,CUS09,CH01,VN,Central,3000,35000,105000000.0,4200000.0,630000.0,0,0,100170000.0,31500000.0,1.420172,44735411.12,3727537.83,2662527.02,1202040.0,47842484.03,NET_REVENUE_SHARE,row_net_revenue / month_channel_net_revenue,COMMERCIAL_COSTS,DERIVED,false,false
VN000000492,ORD00000492,2023-09-01,2023-09-01,SKU012,CUS10,CH01,VN,North,4000,29000,116000000.0,4640000.0,696000.0,0,0,110664000.0,45240000.0,1.420172,64248571.4,4118041.8,2941458.43,1327968.0,38027960.37,NET_REVENUE_SHARE,row_net_revenue / month_channel_net_revenue,COMMERCIAL_COSTS,DERIVED,false,false
VN000000493,ORD00000493,2023-09-01,2023-09-01,SKU001,CUS10,CH02,VN,North,6000,31000,186000000.0,7440000.0,1116000.0,0,0,177444000.0,74400000.0,1.402858,104372611.81,8402607.68,6908810.76,2129328.0,55630641.75,NET_REVENUE_SHARE,row_net_revenue / month_channel_net_revenue,COMMERCIAL_COSTS,DERIVED,false,false
VN000000494,ORD00000494,2023-09-01,2023-09-01,SKU002,CUS01,CH02,VN,North,4000,36000,144000000.0,5760000.0,864000.0,0,0,137376000.0,51840000.0,1.402858,72724142.42,6505244.65,5348756.71,1648512.0,51149344.22,NET_REVENUE_SHARE,row_net_revenue / month_channel_net_revenue,COMMERCIAL_COSTS,DERIVED,false,false
VN000000495,ORD00000495,2023-09-01,2023-09-01,SKU003,CUS02,CH02,VN,South,4000,32000,128000000.0,5120000.0,768000.0,0,0,122112000.0,48640000.0,1.402858,68234997.83,5782439.69,4754450.41,1465344.0,41874768.07,NET_REVENUE_SHARE,row_net_revenue / month_channel_net_revenue,COMMERCIAL_COSTS,DERIVED,false,false
VN000000496,ORD00000496,2023-09-01,2023-09-01,SKU004,CUS03,CH02,VN,Central,5000,28000,140000000.0,5600000.0,840000.0,0,0,133560000.0,61600000.0,1.402858,86416033.44,6324543.41,5200180.14,1602720.0,34016523.01,NET_REVENUE_SHARE,row_net_revenue / month_channel_net_revenue,COMMERCIAL_COSTS,DERIVED,false,false
VN000000497,ORD00000497,2023-09-01,2023-09-01,SKU005,CUS04,CH02,VN,North,4000,27000,108000000.0,4320000.0,648000.0,0,0,103032000.0,49680000.0,1.402858,69693969.82,4878933.49,4011567.54,1236384.0,23211145.15,NET_REVENUE_SHARE,row_net_revenue / month_channel_net_revenue,COMMERCIAL_COSTS,DERIVED,false,false
VN000000498,ORD00000498,2023-09-01,2023-09-01,SKU006,CUS05,CH02,VN,South,3000,30000,90000000.0,3600000.0,540000.0,0,0,85860000.0,37800000.0,1.402858,53028020.52,4065777.91,3342972.95,1030320.0,24392908.62,NET_REVENUE_SHARE,row_net_revenue / month_channel_net_revenue,COMMERCIAL_COSTS,DERIVED,false,false
VN000000499,ORD00000499,2023-09-01,2023-09-01,SKU007,CUS06,CH02,VN,Central,6000,23000,138000000.0,5520000.0,828000.0,0,0,131652000.0,75900000.0,1.402858,106476898.34,6234192.79,5125891.85,1579824.0,12235193.02,NET_REVENUE_SHARE,row_net_revenue / month_channel_net_revenue,COMMERCIAL_COSTS,DERIVED,false,false
VN000000500,ORD00000500,2023-09-01,2023-09-01,SKU008,CUS07,CH02,VN,North,5000,25000,125000000.0,5000000.0,750000.0,0,0,119250000.0,65000000.0,1.402858,91185749.57,5646913.76,4643017.98,1431000.0,16343318.69,NET_REVENUE_SHARE,row_net_revenue / month_channel_net_revenue,COMMERCIAL_COSTS,DERIVED,false,false
VN000000501,ORD00000501,2023-09-01,2023-09-01,SKU009,CUS08,CH02,VN,South,5000,21000,105000000.0,4200000.0,630000.0,0,0,100170000.0,60900000.0,1.402858,85434033.06,4743407.56,3900135.1,1202040.0,4890384.28,NET_REVENUE_SHARE,row_net_revenue / month_channel_net_revenue,COMMERCIAL_COSTS,DERIVED,false,false
VN000000502,ORD00000502,2023-09-01,2023-09-01,SKU010,CUS09,CH02,VN,Central,4000,24000,96000000.0,3840000.0,576000.0,0,0,91584000.0,48000000.0,1.402858,67337168.91,4336829.77,3565837.81,1099008.0,15245155.51,NET_REVENUE_SHARE,row_net_revenue / month_channel_net_revenue,COMMERCIAL_COSTS,DERIVED,false,false
VN000000503,ORD00000503,2023-09-01,2023-09-01,SKU011,CUS10,CH02,VN,North,2000,35000,70000000.0,2800000.0,420000.0,0,0,66780000.0,21000000.0,1.402858,29460011.4,3162271.71,2600090.07,801360.0,30756266.82,NET_REVENUE_SHARE,row_net_revenue / month_channel_net_revenue,COMMERCIAL_COSTS,DERIVED,false,false
VN000000504,ORD00000504,2023-09-01,2023-09-01,SKU012,CUS01,CH02,VN,North,3000,29000,87000000.0,3480000.0,522000.0,0,0,82998000.0,33930000.0,1.402858,47598961.28,3930251.98,3231540.52,995976.0,27241270.22,NET_REVENUE_SHARE,row_net_revenue / month_channel_net_revenue,COMMERCIAL_COSTS,DERIVED,false,false
VN000000505,ORD00000505,2023-09-01,2023-09-01,SKU001,CUS01,CH03,VN,North,4000,31000,124000000.0,8060000.0,744000.0,0,0,115196000.0,49600000.0,1.486937,73752076.43,14881343.88,3100279.97,1382352.0,22079947.72,NET_REVENUE_SHARE,row_net_revenue / month_channel_net_revenue,COMMERCIAL_COSTS,DERIVED,false,false
VN000000506,ORD00000506,2023-09-01,2023-09-01,SKU002,CUS02,CH03,VN,South,3000,36000,108000000.0,7020000.0,648000.0,0,0,100332000.0,38880000.0,1.486937,57812111.52,12961170.47,2700243.85,1203984.0,25654490.16,NET_REVENUE_SHARE,row_net_revenue / month_channel_net_revenue,COMMERCIAL_COSTS,DERIVED,false,false
VN000000507,ORD00000507,2023-09-01,2023-09-01,SKU003,CUS03,CH03,VN,Central,3000,32000,96000000.0,6240000.0,576000.0,0,0,89184000.0,36480000.0,1.486937,54243462.66,11521040.42,2400216.75,1070208.0,19949072.17,NET_REVENUE_SHARE,row_net_revenue / month_channel_net_revenue,COMMERCIAL_COSTS,DERIVED,false,false
VN000000508,ORD00000508,2023-09-01,2023-09-01,SKU004,CUS04,CH03,VN,North,4000,28000,112000000.0,7280000.0,672000.0,0,0,104048000.0,49280000.0,1.486937,73276256.58,13441213.83,2800252.88,1248576.0,13281700.71,NET_REVENUE_SHARE,row_net_revenue / month_channel_net_revenue,COMMERCIAL_COSTS,DERIVED,false,false
VN000000509,ORD00000509,2023-09-01,2023-09-01,SKU005,CUS05,CH03,VN,South,3000,27000,81000000.0,5265000.0,486000.0,0,0,75249000.0,37260000.0,1.486937,55403273.54,9720877.86,2025182.89,902988.0,7196677.71,NET_REVENUE_SHARE,row_net_revenue / month_channel_net_revenue,COMMERCIAL_COSTS,DERIVED,false,false
VN000000510,ORD00000510,2023-09-01,2023-09-01,SKU006,CUS06,CH03,VN,Central,2000,30000,60000000.0,3900000.0,360000.0,0,0,55740000.0,25200000.0,1.486937,37470813.02,7200650.26,1500135.47,668880.0,8899521.25,NET_REVENUE_SHARE,row_net_revenue / month_channel_net_revenue,COMMERCIAL_COSTS,DERIVED,false,false
VN000000511,ORD00000511,2023-09-01,2023-09-01,SKU007,CUS07,CH03,VN,North,4000,23000,92000000.0,5980000.0,552000.0,0,0,85468000.0,50600000.0,1.486937,75239013.45,11040997.07,2300207.72,1025616.0,-4137834.24,NET_REVENUE_SHARE,row_net_revenue / month_channel_net_revenue,COMMERCIAL_COSTS,DERIVED,false,false
VN000000512,ORD00000512,2023-09-01,2023-09-01,SKU008,CUS08,CH03,VN,South,3000,25000,75000000.0,4875000.0,450000.0,0,0,69675000.0,39000000.0,1.486937,57990543.97,9000812.83,1875169.34,836100.0,-27626.14,NET_REVENUE_SHARE,row_net_revenue / month_channel_net_revenue,COMMERCIAL_COSTS,DERIVED,false,false
VN000000513,ORD00000513,2023-09-01,2023-09-01,SKU009,CUS09,CH03,VN,Central,4000,21000,84000000.0,5460000.0,504000.0,0,0,78036000.0,48720000.0,1.486937,72443571.85,10080910.37,2100189.66,936432.0,-7525103.88,NET_REVENUE_SHARE,row_net_revenue / month_channel_net_revenue,COMMERCIAL_COSTS,DERIVED,false,false
VN000000514,ORD00000514,2023-09-01,2023-09-01,SKU010,CUS10,CH03,VN,North,3000,24000,72000000.0,4680000.0,432000.0,0,0,66888000.0,36000000.0,1.486937,53529732.89,8640780.32,1800162.57,802656.0,2114668.22,NET_REVENUE_SHARE,row_net_revenue / month_channel_net_revenue,COMMERCIAL_COSTS,DERIVED,false,false
VN000000515,ORD00000515,2023-09-01,2023-09-01,SKU011,CUS01,CH03,VN,North,2000,35000,70000000.0,4550000.0,420000.0,0,0,65030000.0,21000000.0,1.486937,31225677.52,8400758.64,1750158.05,780360.0,22873045.79,NET_REVENUE_SHARE,row_net_revenue / month_channel_net_revenue,COMMERCIAL_COSTS,DERIVED,false,false
VN000000516,ORD00000516,2023-09-01,2023-09-01,SKU012,CUS02,CH03,VN,South,2000,29000,58000000.0,3770000.0,348000.0,0,0,53882000.0,22620000.0,1.486937,33634515.5,6960628.59,1450130.96,646584.0,11190140.95,NET_REVENUE_SHARE,row_net_revenue / month_channel_net_revenue,COMMERCIAL_COSTS,DERIVED,false,false
VN000000517,ORD00000517,2023-09-01,2023-09-01,SKU001,CUS02,CH04,VN,South,2000,31000,62000000.0,2480000.0,1116000.0,0,0,58404000.0,24800000.0,1.376522,34137752.4,4880811.28,1525253.53,700848.0,17159334.79,NET_REVENUE_SHARE,row_net_revenue / month_channel_net_revenue,COMMERCIAL_COSTS,DERIVED,false,false
VN000000518,ORD00000518,2023-09-01,2023-09-01,SKU002,CUS03,CH04,VN,Central,2000,36000,72000000.0,2880000.0,1296000.0,0,0,67824000.0,25920000.0,1.376522,35679457.34,5668038.91,1771262.16,813888.0,23891353.59,NET_REVENUE_SHARE,row_net_revenue / month_channel_net_revenue,COMMERCIAL_COSTS,DERIVED,false,false
VN000000519,ORD00000519,2023-09-01,2023-09-01,SKU003,CUS04,CH04,VN,North,1000,32000,32000000.0,1280000.0,576000.0,0,0,30144000.0,12160000.0,1.376522,16738510.85,2519128.4,787227.63,361728.0,9737405.12,NET_REVENUE_SHARE,row_net_revenue / month_channel_net_revenue,COMMERCIAL_COSTS,DERIVED,false,false
VN000000520,ORD00000520,2023-09-01,2023-09-01,SKU004,CUS05,CH04,VN,South,2000,28000,56000000.0,2240000.0,1008000.0,0,0,52752000.0,24640000.0,1.376522,33917508.83,4408474.71,1377648.35,633024.0,12415344.11,NET_REVENUE_SHARE,row_net_revenue / month_channel_net_revenue,COMMERCIAL_COSTS,DERIVED,false,false
VN000000521,ORD00000521,2023-09-01,2023-09-01,SKU005,CUS06,CH04,VN,Central,2000,27000,54000000.0,2160000.0,972000.0,0,0,50868000.0,24840000.0,1.376522,34192813.29,4251029.18,1328446.62,610416.0,10485294.91,NET_REVENUE_SHARE,row_net_revenue / month_channel_net_revenue,COMMERCIAL_COSTS,DERIVED,false,false
VN000000522,ORD00000522,2023-09-01,2023-09-01,SKU006,CUS07,CH04,VN,North,1000,30000,30000000.0,1200000.0,540000.0,0,0,28260000.0,12600000.0,1.376522,17344180.65,2361682.88,738025.9,339120.0,7476990.57,NET_REVENUE_SHARE,row_net_revenue / month_channel_net_revenue,COMMERCIAL_COSTS,DERIVED,false,false
VN000000523,ORD00000523,2023-09-01,2023-09-01,SKU007,CUS08,CH04,VN,South,2000,23000,46000000.0,1840000.0,828000.0,0,0,43332000.0,25300000.0,1.376522,34826013.53,3621247.08,1131639.71,519984.0,3233115.68,NET_REVENUE_SHARE,row_net_revenue / month_channel_net_revenue,COMMERCIAL_COSTS,DERIVED,false,false
VN000000524,ORD00000524,2023-09-01,2023-09-01,SKU008,CUS09,CH04,VN,Central,2000,25000,50000000.0,2000000.0,900000.0,0,0,47100000.0,26000000.0,1.376522,35789579.13,3936138.13,1230043.17,565200.0,5579039.57,NET_REVENUE_SHARE,row_net_revenue / month_channel_net_revenue,COMMERCIAL_COSTS,DERIVED,false,false
VN000000525,ORD00000525,2023-09-01,2023-09-01,SKU009,CUS10,CH04,VN,North,2000,21000,42000000.0,1680000.0,756000.0,0,0,39564000.0,24360000.0,1.376522,33532082.6,3306356.03,1033236.26,474768.0,1217557.11,NET_REVENUE_SHARE,row_net_revenue / month_channel_net_revenue,COMMERCIAL_COSTS,DERIVED,false,false
VN000000526,ORD00000526,2023-09-01,2023-09-01,SKU010,CUS01,CH04,VN,North,2000,24000,48000000.0,1920000.0,864000.0,0,0,45216000.0,24000000.0,1.376522,33036534.58,3778692.6,1180841.44,542592.0,6677339.38,NET_REVENUE_SHARE,row_net_revenue / month_channel_net_revenue,COMMERCIAL_COSTS,DERIVED,false,false
VN000000527,ORD00000527,2023-09-01,2023-09-01,SKU011,CUS02,CH04,VN,South,1000,35000,35000000.0,1400000.0,630000.0,0,0,32970000.0,10500000.0,1.376522,14453483.88,2755296.69,861030.22,395640.0,14504549.21,NET_REVENUE_SHARE,row_net_revenue / month_channel_net_revenue,COMMERCIAL_COSTS,DERIVED,false,false
VN000000528,ORD00000528,2023-09-01,2023-09-01,SKU012,CUS03,CH04,VN,Central,1000,29000,29000000.0,1160000.0,522000.0,0,0,27318000.0,11310000.0,1.376522,15568466.92,2282960.12,713425.04,327816.0,8425331.92,NET_REVENUE_SHARE,row_net_revenue / month_channel_net_revenue,COMMERCIAL_COSTS,DERIVED,false,false
VN000000529,ORD00000529,2023-09-01,2023-09-01,SKU001,CUS03,CH05,VN,Central,3000,31000,93000000.0,3720000.0,558000.0,0,0,88722000.0,37200000.0,1.273136,47360646.11,1691383.63,2114229.54,1064664.0,36491076.72,NET_REVENUE_SHARE,row_net_revenue / month_channel_net_revenue,COMMERCIAL_COSTS,DERIVED,false,false
VN000000530,ORD00000530,2023-09-01,2023-09-01,SKU002,CUS04,CH05,VN,North,2000,36000,72000000.0,2880000.0,432000.0,0,0,68688000.0,25920000.0,1.273136,32999676.0,1309458.3,1636822.87,824256.0,31917786.83,NET_REVENUE_SHARE,row_net_revenue / month_channel_net_revenue,COMMERCIAL_COSTS,DERIVED,false,false
VN000000531,ORD00000531,2023-09-01,2023-09-01,SKU003,CUS05,CH05,VN,South,2000,32000,64000000.0,2560000.0,384000.0,0,0,61056000.0,24320000.0,1.273136,30962658.96,1163962.93,1454953.66,732672.0,26741752.45,NET_REVENUE_SHARE,row_net_revenue / month_channel_net_revenue,COMMERCIAL_COSTS,DERIVED,false,false
VN000000532,ORD00000532,2023-09-01,2023-09-01,SKU004,CUS06,CH05,VN,Central,2000,28000,56000000.0,2240000.0,336000.0,0,0,53424000.0,24640000.0,1.273136,31370062.37,1018467.56,1273084.45,641088.0,19121297.62,NET_REVENUE_SHARE,row_net_revenue / month_channel_net_revenue,COMMERCIAL_COSTS,DERIVED,false,false
VN000000533,ORD00000533,2023-09-01,2023-09-01,SKU005,CUS07,CH05,VN,North,2000,27000,54000000.0,2160000.0,324000.0,0,0,51516000.0,24840000.0,1.273136,31624689.5,982093.72,1227617.15,618192.0,17063407.63,NET_REVENUE_SHARE,row_net_revenue / month_channel_net_revenue,COMMERCIAL_COSTS,DERIVED,false,false
VN000000534,ORD00000534,2023-09-01,2023-09-01,SKU006,CUS08,CH05,VN,South,2000,30000,60000000.0,2400000.0,360000.0,0,0,57240000.0,25200000.0,1.273136,32083018.33,1091215.25,1364019.06,686880.0,22014867.36,NET_REVENUE_SHARE,row_net_revenue / month_channel_net_revenue,COMMERCIAL_COSTS,DERIVED,false,false
VN000000535,ORD00000535,2023-09-01,2023-09-01,SKU007,CUS09,CH05,VN,Central,3000,23000,69000000.0,2760000.0,414000.0,0,0,65826000.0,37950000.0,1.273136,48315497.85,1254897.53,1568621.92,789912.0,13897070.7,NET_REVENUE_SHARE,row_net_revenue / month_channel_net_revenue,COMMERCIAL_COSTS,DERIVED,false,false
VN000000536,ORD00000536,2023-09-01,2023-09-01,SKU008,CUS10,CH05,VN,North,2000,25000,50000000.0,2000000.0,300000.0,0,0,47700000.0,26000000.0,1.273136,33101526.85,909346.04,1136682.55,572400.0,11980044.56,NET_REVENUE_SHARE,row_net_revenue / month_channel_net_revenue,COMMERCIAL_COSTS,DERIVED,false,false
VN000000537,ORD00000537,2023-09-01,2023-09-01,SKU009,CUS01,CH05,VN,North,3000,21000,63000000.0,2520000.0,378000.0,0,0,60102000.0,36540000.0,1.273136,46520376.59,1145776.01,1432220.01,721224.0,10282403.39,NET_REVENUE_SHARE,row_net_revenue / month_channel_net_revenue,COMMERCIAL_COSTS,DERIVED,false,false
VN000000538,ORD00000538,2023-09-01,2023-09-01,SKU010,CUS02,CH05,VN,South,2000,24000,48000000.0,1920000.0,288000.0,0,0,45792000.0,24000000.0,1.273136,30555255.56,872972.2,1091215.25,549504.0,12723052.99,NET_REVENUE_SHARE,row_net_revenue / month_channel_net_revenue,COMMERCIAL_COSTS,DERIVED,false,false
VN000000539,ORD00000539,2023-09-01,2023-09-01,SKU011,CUS03,CH05,VN,Central,1000,35000,35000000.0,1400000.0,210000.0,0,0,33390000.0,10500000.0,1.273136,13367924.31,636542.23,795677.78,400680.0,18189175.68,NET_REVENUE_SHARE,row_net_revenue / month_channel_net_revenue,COMMERCIAL_COSTS,DERIVED,false,false
VN000000540,ORD00000540,2023-09-01,2023-09-01,SKU012,CUS04,CH05,VN,North,2000,29000,58000000.0,2320000.0,348000.0,0,0,55332000.0,22620000.0,1.273136,28798328.37,1054841.4,1318551.76,663984.0,23496294.47,NET_REVENUE_SHARE,row_net_revenue / month_channel_net_revenue,COMMERCIAL_COSTS,DERIVED,false,false
VN000000541,ORD00000541,2023-10-01,2023-10-01,SKU001,CUS10,CH01,VN,North,8000,31000,248000000.0,9920000.0,1488000.0,0,0,236592000.0,99200000.0,1.38684,137574507.41,8600362.78,6143116.27,2839104.0,81434909.54,NET_REVENUE_SHARE,row_net_revenue / month_channel_net_revenue,COMMERCIAL_COSTS,DERIVED,false,false
VN000000542,ORD00000542,2023-10-01,2023-10-01,SKU002,CUS01,CH01,VN,North,5000,36000,180000000.0,7200000.0,1080000.0,0,0,171720000.0,64800000.0,1.38684,89867218.55,6242198.79,4458713.42,2060640.0,69091229.24,NET_REVENUE_SHARE,row_net_revenue / month_channel_net_revenue,COMMERCIAL_COSTS,DERIVED,false,false
VN000000543,ORD00000543,2023-10-01,2023-10-01,SKU003,CUS02,CH01,VN,South,5000,32000,160000000.0,6400000.0,960000.0,0,0,152640000.0,60800000.0,1.38684,84319859.38,5548621.15,3963300.82,1831680.0,56976538.65,NET_REVENUE_SHARE,row_net_revenue / month_channel_net_revenue,COMMERCIAL_COSTS,DERIVED,false,false
VN000000544,ORD00000544,2023-10-01,2023-10-01,SKU004,CUS03,CH01,VN,Central,7000,28000,196000000.0,7840000.0,1176000.0,0,0,186984000.0,86240000.0,1.38684,119601063.7,6797060.91,4855043.51,2243808.0,53487023.88,NET_REVENUE_SHARE,row_net_revenue / month_channel_net_revenue,COMMERCIAL_COSTS,DERIVED,false,false
VN000000545,ORD00000545,2023-10-01,2023-10-01,SKU005,CUS04,CH01,VN,North,6000,27000,162000000.0,6480000.0,972000.0,0,0,154548000.0,74520000.0,1.38684,103347301.33,5617978.92,4012842.08,1854576.0,39715301.67,NET_REVENUE_SHARE,row_net_revenue / month_channel_net_revenue,COMMERCIAL_COSTS,DERIVED,false,false
VN000000546,ORD00000546,2023-10-01,2023-10-01,SKU006,CUS05,CH01,VN,South,5000,30000,150000000.0,6000000.0,900000.0,0,0,143100000.0,63000000.0,1.38684,87370906.92,5201832.33,3715594.52,1717200.0,45094466.23,NET_REVENUE_SHARE,row_net_revenue / month_channel_net_revenue,COMMERCIAL_COSTS,DERIVED,false,false
VN000000547,ORD00000547,2023-10-01,2023-10-01,SKU007,CUS06,CH01,VN,Central,8000,23000,184000000.0,7360000.0,1104000.0,0,0,175536000.0,101200000.0,1.38684,140348187.0,6380914.32,4557795.95,2106432.0,22142670.73,NET_REVENUE_SHARE,row_net_revenue / month_channel_net_revenue,COMMERCIAL_COSTS,DERIVED,false,false
VN000000548,ORD00000548,2023-10-01,2023-10-01,SKU008,CUS07,CH01,VN,North,6000,25000,150000000.0,6000000.0,900000.0,0,0,143100000.0,78000000.0,1.38684,108173503.81,5201832.33,3715594.52,1717200.0,24291869.34,NET_REVENUE_SHARE,row_net_revenue / month_channel_net_revenue,COMMERCIAL_COSTS,DERIVED,false,false
VN000000549,ORD00000549,2023-10-01,2023-10-01,SKU009,CUS08,CH01,VN,South,7000,21000,147000000.0,5880000.0,882000.0,0,0,140238000.0,85260000.0,1.38684,118241960.7,5097795.68,3641282.63,1682856.0,11574104.99,NET_REVENUE_SHARE,row_net_revenue / month_channel_net_revenue,COMMERCIAL_COSTS,DERIVED,false,false
VN000000550,ORD00000550,2023-10-01,2023-10-01,SKU010,CUS09,CH01,VN,Central,6000,24000,144000000.0,5760000.0,864000.0,0,0,137376000.0,72000000.0,1.38684,99852465.06,4993759.04,3566970.74,1648512.0,27314293.16,NET_REVENUE_SHARE,row_net_revenue / month_channel_net_revenue,COMMERCIAL_COSTS,DERIVED,false,false
VN000000551,ORD00000551,2023-10-01,2023-10-01,SKU011,CUS10,CH01,VN,North,3000,35000,105000000.0,4200000.0,630000.0,0,0,100170000.0,31500000.0,1.38684,43685453.46,3641282.63,2600916.16,1202040.0,49040307.75,NET_REVENUE_SHARE,row_net_revenue / month_channel_net_revenue,COMMERCIAL_COSTS,DERIVED,false,false
VN000000552,ORD00000552,2023-10-01,2023-10-01,SKU012,CUS01,CH01,VN,North,5000,29000,145000000.0,5800000.0,870000.0,0,0,138330000.0,56550000.0,1.38684,78425790.28,5028437.92,3591741.37,1659960.0,49624070.43,NET_REVENUE_SHARE,row_net_revenue / month_channel_net_revenue,COMMERCIAL_COSTS,DERIVED,false,false
VN000000553,ORD00000553,2023-10-01,2023-10-01,SKU001,CUS01,CH02,VN,North,6000,31000,186000000.0,7440000.0,1116000.0,0,0,177444000.0,74400000.0,1.397224,103953439.34,8322113.35,6842626.53,2129328.0,56196492.78,NET_REVENUE_SHARE,row_net_revenue / month_channel_net_revenue,COMMERCIAL_COSTS,DERIVED,false,false
VN000000554,ORD00000554,2023-10-01,2023-10-01,SKU002,CUS02,CH02,VN,South,4000,36000,144000000.0,5760000.0,864000.0,0,0,137376000.0,51840000.0,1.397224,72432073.86,6442926.46,5297517.31,1648512.0,51554970.37,NET_REVENUE_SHARE,row_net_revenue / month_channel_net_revenue,COMMERCIAL_COSTS,DERIVED,false,false
VN000000555,ORD00000555,2023-10-01,2023-10-01,SKU003,CUS03,CH02,VN,Central,4000,32000,128000000.0,5120000.0,768000.0,0,0,122112000.0,48640000.0,1.397224,67960958.19,5727045.74,4708904.28,1465344.0,42249747.79,NET_REVENUE_SHARE,row_net_revenue / month_channel_net_revenue,COMMERCIAL_COSTS,DERIVED,false,false
VN000000556,ORD00000556,2023-10-01,2023-10-01,SKU004,CUS04,CH02,VN,North,5000,28000,140000000.0,5600000.0,840000.0,0,0,133560000.0,61600000.0,1.397224,86068976.66,6263956.28,5150364.05,1602720.0,34473983.01,NET_REVENUE_SHARE,row_net_revenue / month_channel_net_revenue,COMMERCIAL_COSTS,DERIVED,false,false
VN000000557,ORD00000557,2023-10-01,2023-10-01,SKU005,CUS05,CH02,VN,South,4000,27000,108000000.0,4320000.0,648000.0,0,0,103032000.0,49680000.0,1.397224,69414070.78,4832194.85,3973137.98,1236384.0,23576212.39,NET_REVENUE_SHARE,row_net_revenue / month_channel_net_revenue,COMMERCIAL_COSTS,DERIVED,false,false
VN000000558,ORD00000558,2023-10-01,2023-10-01,SKU006,CUS06,CH02,VN,Central,3000,30000,90000000.0,3600000.0,540000.0,0,0,85860000.0,37800000.0,1.397224,52815053.86,4026829.04,3310948.32,1030320.0,24676848.78,NET_REVENUE_SHARE,row_net_revenue / month_channel_net_revenue,COMMERCIAL_COSTS,DERIVED,false,false
VN000000559,ORD00000559,2023-10-01,2023-10-01,SKU007,CUS07,CH02,VN,North,6000,23000,138000000.0,5520000.0,828000.0,0,0,131652000.0,75900000.0,1.397224,106049274.81,6174471.19,5076787.42,1579824.0,12771642.58,NET_REVENUE_SHARE,row_net_revenue / month_channel_net_revenue,COMMERCIAL_COSTS,DERIVED,false,false
VN000000560,ORD00000560,2023-10-01,2023-10-01,SKU008,CUS08,CH02,VN,South,5000,25000,125000000.0,5000000.0,750000.0,0,0,119250000.0,65000000.0,1.397224,90819537.06,5592818.11,4598539.33,1431000.0,16808105.5,NET_REVENUE_SHARE,row_net_revenue / month_channel_net_revenue,COMMERCIAL_COSTS,DERIVED,false,false
VN000000561,ORD00000561,2023-10-01,2023-10-01,SKU009,CUS09,CH02,VN,Central,6000,21000,126000000.0,5040000.0,756000.0,0,0,120204000.0,73080000.0,1.397224,102109104.12,5637560.65,4635327.65,1442448.0,6379559.58,NET_REVENUE_SHARE,row_net_revenue / month_channel_net_revenue,COMMERCIAL_COSTS,DERIVED,false,false
VN000000562,ORD00000562,2023-10-01,2023-10-01,SKU010,CUS10,CH02,VN,North,4000,24000,96000000.0,3840000.0,576000.0,0,0,91584000.0,48000000.0,1.397224,67066735.06,4295284.31,3531678.21,1099008.0,15591294.42,NET_REVENUE_SHARE,row_net_revenue / month_channel_net_revenue,COMMERCIAL_COSTS,DERIVED,false,false
VN000000563,ORD00000563,2023-10-01,2023-10-01,SKU011,CUS01,CH02,VN,North,3000,35000,105000000.0,4200000.0,630000.0,0,0,100170000.0,31500000.0,1.397224,44012544.88,4697967.21,3862773.04,1202040.0,46394674.87,NET_REVENUE_SHARE,row_net_revenue / month_channel_net_revenue,COMMERCIAL_COSTS,DERIVED,false,false
VN000000564,ORD00000564,2023-10-01,2023-10-01,SKU012,CUS02,CH02,VN,South,4000,29000,116000000.0,4640000.0,696000.0,0,0,110664000.0,45240000.0,1.397224,63210397.78,5190135.21,4267444.5,1327968.0,36668054.51,NET_REVENUE_SHARE,row_net_revenue / month_channel_net_revenue,COMMERCIAL_COSTS,DERIVED,false,false
VN000000565,ORD00000565,2023-10-01,2023-10-01,SKU001,CUS02,CH03,VN,South,4000,31000,124000000.0,8060000.0,744000.0,0,0,115196000.0,49600000.0,1.49153,73979863.41,14862643.13,3096383.98,1382352.0,21874757.48,NET_REVENUE_SHARE,row_net_revenue / month_channel_net_revenue,COMMERCIAL_COSTS,DERIVED,false,false
VN000000566,ORD00000566,2023-10-01,2023-10-01,SKU002,CUS03,CH03,VN,Central,3000,36000,108000000.0,7020000.0,648000.0,0,0,100332000.0,38880000.0,1.49153,57990667.13,12944882.72,2696850.57,1203984.0,25495615.58,NET_REVENUE_SHARE,row_net_revenue / month_channel_net_revenue,COMMERCIAL_COSTS,DERIVED,false,false
VN000000567,ORD00000567,2023-10-01,2023-10-01,SKU003,CUS04,CH03,VN,North,3000,32000,96000000.0,6240000.0,576000.0,0,0,89184000.0,36480000.0,1.49153,54410996.32,11506562.42,2397200.5,1070208.0,19799032.76,NET_REVENUE_SHARE,row_net_revenue / month_channel_net_revenue,COMMERCIAL_COSTS,DERIVED,false,false
VN000000568,ORD00000568,2023-10-01,2023-10-01,SKU004,CUS05,CH03,VN,South,4000,28000,112000000.0,7280000.0,672000.0,0,0,104048000.0,49280000.0,1.49153,73502573.97,13424322.82,2796733.92,1248576.0,13075793.29,NET_REVENUE_SHARE,row_net_revenue / month_channel_net_revenue,COMMERCIAL_COSTS,DERIVED,false,false
VN000000569,ORD00000569,2023-10-01,2023-10-01,SKU005,CUS06,CH03,VN,Central,3000,27000,81000000.0,5265000.0,486000.0,0,0,75249000.0,37260000.0,1.49153,55574389.33,9708662.04,2022637.93,902988.0,7040322.7,NET_REVENUE_SHARE,row_net_revenue / month_channel_net_revenue,COMMERCIAL_COSTS,DERIVED,false,false
VN000000570,ORD00000570,2023-10-01,2023-10-01,SKU006,CUS07,CH03,VN,North,3000,30000,90000000.0,5850000.0,540000.0,0,0,83610000.0,37800000.0,1.49153,56379815.26,10787402.27,2247375.47,1003320.0,13192087.0,NET_REVENUE_SHARE,row_net_revenue / month_channel_net_revenue,COMMERCIAL_COSTS,DERIVED,false,false
VN000000571,ORD00000571,2023-10-01,2023-10-01,SKU007,CUS08,CH03,VN,South,4000,23000,92000000.0,5980000.0,552000.0,0,0,85468000.0,50600000.0,1.49153,75471392.92,11027122.32,2297317.15,1025616.0,-4353448.39,NET_REVENUE_SHARE,row_net_revenue / month_channel_net_revenue,COMMERCIAL_COSTS,DERIVED,false,false
VN000000572,ORD00000572,2023-10-01,2023-10-01,SKU008,CUS09,CH03,VN,Central,3000,25000,75000000.0,4875000.0,450000.0,0,0,69675000.0,39000000.0,1.49153,58169650.67,8989501.89,1872812.89,836100.0,-193065.45,NET_REVENUE_SHARE,row_net_revenue / month_channel_net_revenue,COMMERCIAL_COSTS,DERIVED,false,false
VN000000573,ORD00000573,2023-10-01,2023-10-01,SKU009,CUS10,CH03,VN,North,4000,21000,84000000.0,5460000.0,504000.0,0,0,78036000.0,48720000.0,1.49153,72667317.45,10068242.12,2097550.44,936432.0,-7733542.01,NET_REVENUE_SHARE,row_net_revenue / month_channel_net_revenue,COMMERCIAL_COSTS,DERIVED,false,false
VN000000574,ORD00000574,2023-10-01,2023-10-01,SKU010,CUS01,CH03,VN,North,3000,24000,72000000.0,4680000.0,432000.0,0,0,66888000.0,36000000.0,1.49153,53695062.15,8629921.81,1797900.38,802656.0,1962459.66,NET_REVENUE_SHARE,row_net_revenue / month_channel_net_revenue,COMMERCIAL_COSTS,DERIVED,false,false
VN000000575,ORD00000575,2023-10-01,2023-10-01,SKU011,CUS02,CH03,VN,South,2000,35000,70000000.0,4550000.0,420000.0,0,0,65030000.0,21000000.0,1.49153,31322119.59,8390201.76,1747958.7,780360.0,22789359.95,NET_REVENUE_SHARE,row_net_revenue / month_channel_net_revenue,COMMERCIAL_COSTS,DERIVED,false,false
VN000000576,ORD00000576,2023-10-01,2023-10-01,SKU012,CUS03,CH03,VN,Central,3000,29000,87000000.0,5655000.0,522000.0,0,0,80823000.0,33930000.0,1.49153,50607596.08,10427822.19,2172462.96,969876.0,16645242.77,NET_REVENUE_SHARE,row_net_revenue / month_channel_net_revenue,COMMERCIAL_COSTS,DERIVED,false,false
VN000000577,ORD00000577,2023-10-01,2023-10-01,SKU001,CUS03,CH04,VN,Central,2000,31000,62000000.0,2480000.0,1116000.0,0,0,58404000.0,24800000.0,1.445117,35838889.69,5124029.7,1601259.28,700848.0,15138973.33,NET_REVENUE_SHARE,row_net_revenue / month_channel_net_revenue,COMMERCIAL_COSTS,DERIVED,false,false
VN000000578,ORD00000578,2023-10-01,2023-10-01,SKU002,CUS04,CH04,VN,North,2000,36000,72000000.0,2880000.0,1296000.0,0,0,67824000.0,25920000.0,1.445117,37457420.2,5950486.1,1859526.91,813888.0,21742678.79,NET_REVENUE_SHARE,row_net_revenue / month_channel_net_revenue,COMMERCIAL_COSTS,DERIVED,false,false
VN000000579,ORD00000579,2023-10-01,2023-10-01,SKU003,CUS05,CH04,VN,South,1000,32000,32000000.0,1280000.0,576000.0,0,0,30144000.0,12160000.0,1.445117,17572616.88,2644660.49,826456.4,361728.0,8738538.23,NET_REVENUE_SHARE,row_net_revenue / month_channel_net_revenue,COMMERCIAL_COSTS,DERIVED,false,false
VN000000580,ORD00000580,2023-10-01,2023-10-01,SKU004,CUS06,CH04,VN,Central,2000,28000,56000000.0,2240000.0,1008000.0,0,0,52752000.0,24640000.0,1.445117,35607671.05,4628155.86,1446298.71,633024.0,10436850.38,NET_REVENUE_SHARE,row_net_revenue / month_channel_net_revenue,COMMERCIAL_COSTS,DERIVED,false,false
VN000000581,ORD00000581,2023-10-01,2023-10-01,SKU005,CUS07,CH04,VN,North,2000,27000,54000000.0,2160000.0,972000.0,0,0,50868000.0,24840000.0,1.445117,35896694.35,4462864.58,1394645.18,610416.0,8503379.89,NET_REVENUE_SHARE,row_net_revenue / month_channel_net_revenue,COMMERCIAL_COSTS,DERIVED,false,false
VN000000582,ORD00000582,2023-10-01,2023-10-01,SKU006,CUS08,CH04,VN,South,1000,30000,30000000.0,1200000.0,540000.0,0,0,28260000.0,12600000.0,1.445117,18208468.15,2479369.21,774802.88,339120.0,6458239.76,NET_REVENUE_SHARE,row_net_revenue / month_channel_net_revenue,COMMERCIAL_COSTS,DERIVED,false,false
VN000000583,ORD00000583,2023-10-01,2023-10-01,SKU007,CUS09,CH04,VN,Central,2000,23000,46000000.0,1840000.0,828000.0,0,0,43332000.0,25300000.0,1.445117,36561447.95,3801699.45,1188031.08,519984.0,1260837.52,NET_REVENUE_SHARE,row_net_revenue / month_channel_net_revenue,COMMERCIAL_COSTS,DERIVED,false,false
VN000000584,ORD00000584,2023-10-01,2023-10-01,SKU008,CUS10,CH04,VN,North,2000,25000,50000000.0,2000000.0,900000.0,0,0,47100000.0,26000000.0,1.445117,37573029.52,4132282.01,1291338.13,565200.0,3538150.34,NET_REVENUE_SHARE,row_net_revenue / month_channel_net_revenue,COMMERCIAL_COSTS,DERIVED,false,false
VN000000585,ORD00000585,2023-10-01,2023-10-01,SKU009,CUS01,CH04,VN,North,2000,21000,42000000.0,1680000.0,756000.0,0,0,39564000.0,24360000.0,1.445117,35203038.42,3471116.89,1084724.03,474768.0,-669647.34,NET_REVENUE_SHARE,row_net_revenue / month_channel_net_revenue,COMMERCIAL_COSTS,DERIVED,false,false
VN000000586,ORD00000586,2023-10-01,2023-10-01,SKU010,CUS02,CH04,VN,South,2000,24000,48000000.0,1920000.0,864000.0,0,0,45216000.0,24000000.0,1.445117,34682796.48,3966990.73,1239684.6,542592.0,4783936.19,NET_REVENUE_SHARE,row_net_revenue / month_channel_net_revenue,COMMERCIAL_COSTS,DERIVED,false,false
VN000000587,ORD00000587,2023-10-01,2023-10-01,SKU011,CUS03,CH04,VN,Central,1000,35000,35000000.0,1400000.0,630000.0,0,0,32970000.0,10500000.0,1.445117,15173723.46,2892597.41,903936.69,395640.0,13604102.44,NET_REVENUE_SHARE,row_net_revenue / month_channel_net_revenue,COMMERCIAL_COSTS,DERIVED,false,false
VN000000588,ORD00000588,2023-10-01,2023-10-01,SKU012,CUS04,CH04,VN,North,1000,29000,29000000.0,1160000.0,522000.0,0,0,27318000.0,11310000.0,1.445117,16344267.85,2396723.57,748976.12,327816.0,7500216.46,NET_REVENUE_SHARE,row_net_revenue / month_channel_net_revenue,COMMERCIAL_COSTS,DERIVED,false,false
VN000000589,ORD00000589,2023-10-01,2023-10-01,SKU001,CUS04,CH05,VN,North,3000,31000,93000000.0,3720000.0,558000.0,0,0,88722000.0,37200000.0,1.336578,49720700.77,1775667.91,2219584.89,1064664.0,33941382.43,NET_REVENUE_SHARE,row_net_revenue / month_channel_net_revenue,COMMERCIAL_COSTS,DERIVED,false,false
VN000000590,ORD00000590,2023-10-01,2023-10-01,SKU002,CUS05,CH05,VN,South,2000,36000,72000000.0,2880000.0,432000.0,0,0,68688000.0,25920000.0,1.336578,34644101.18,1374710.64,1718388.3,824256.0,30126543.88,NET_REVENUE_SHARE,row_net_revenue / month_channel_net_revenue,COMMERCIAL_COSTS,DERIVED,false,false
VN000000591,ORD00000591,2023-10-01,2023-10-01,SKU003,CUS06,CH05,VN,Central,2000,32000,64000000.0,2560000.0,384000.0,0,0,61056000.0,24320000.0,1.336578,32505576.42,1221965.01,1527456.27,732672.0,25068330.3,NET_REVENUE_SHARE,row_net_revenue / month_channel_net_revenue,COMMERCIAL_COSTS,DERIVED,false,false
VN000000592,ORD00000592,2023-10-01,2023-10-01,SKU004,CUS07,CH05,VN,North,2000,28000,56000000.0,2240000.0,336000.0,0,0,53424000.0,24640000.0,1.336578,32933281.37,1069219.39,1336524.23,641088.0,17443887.01,NET_REVENUE_SHARE,row_net_revenue / month_channel_net_revenue,COMMERCIAL_COSTS,DERIVED,false,false
VN000000593,ORD00000593,2023-10-01,2023-10-01,SKU005,CUS08,CH05,VN,South,2000,27000,54000000.0,2160000.0,324000.0,0,0,51516000.0,24840000.0,1.336578,33200596.97,1031032.98,1288791.22,618192.0,15377386.83,NET_REVENUE_SHARE,row_net_revenue / month_channel_net_revenue,COMMERCIAL_COSTS,DERIVED,false,false
VN000000594,ORD00000594,2023-10-01,2023-10-01,SKU006,CUS09,CH05,VN,Central,2000,30000,60000000.0,2400000.0,360000.0,0,0,57240000.0,25200000.0,1.336578,33681765.04,1145592.2,1431990.25,686880.0,20293772.51,NET_REVENUE_SHARE,row_net_revenue / month_channel_net_revenue,COMMERCIAL_COSTS,DERIVED,false,false
VN000000595,ORD00000595,2023-10-01,2023-10-01,SKU007,CUS10,CH05,VN,North,3000,23000,69000000.0,2760000.0,414000.0,0,0,65826000.0,37950000.0,1.336578,50723134.25,1317431.03,1646788.79,789912.0,11348733.93,NET_REVENUE_SHARE,row_net_revenue / month_channel_net_revenue,COMMERCIAL_COSTS,DERIVED,false,false
VN000000596,ORD00000596,2023-10-01,2023-10-01,SKU008,CUS01,CH05,VN,North,2000,25000,50000000.0,2000000.0,300000.0,0,0,47700000.0,26000000.0,1.336578,34751027.42,954660.17,1193325.21,572400.0,10228587.2,NET_REVENUE_SHARE,row_net_revenue / month_channel_net_revenue,COMMERCIAL_COSTS,DERIVED,false,false
VN000000597,ORD00000597,2023-10-01,2023-10-01,SKU009,CUS02,CH05,VN,South,3000,21000,63000000.0,2520000.0,378000.0,0,0,60102000.0,36540000.0,1.336578,48838559.3,1202871.81,1503589.76,721224.0,7835755.13,NET_REVENUE_SHARE,row_net_revenue / month_channel_net_revenue,COMMERCIAL_COSTS,DERIVED,false,false
VN000000598,ORD00000598,2023-10-01,2023-10-01,SKU010,CUS03,CH05,VN,Central,2000,24000,48000000.0,1920000.0,288000.0,0,0,45792000.0,24000000.0,1.336578,32077871.46,916473.76,1145592.2,549504.0,11102558.58,NET_REVENUE_SHARE,row_net_revenue / month_channel_net_revenue,COMMERCIAL_COSTS,DERIVED,false,false
VN000000599,ORD00000599,2023-10-01,2023-10-01,SKU011,CUS04,CH05,VN,North,1000,35000,35000000.0,1400000.0,210000.0,0,0,33390000.0,10500000.0,1.336578,14034068.77,668262.12,835327.65,400680.0,17451661.46,NET_REVENUE_SHARE,row_net_revenue / month_channel_net_revenue,COMMERCIAL_COSTS,DERIVED,false,false
VN000000600,ORD00000600,2023-10-01,2023-10-01,SKU012,CUS05,CH05,VN,South,2000,29000,58000000.0,2320000.0,348000.0,0,0,55332000.0,22620000.0,1.336578,30233393.85,1107405.79,1384257.24,663984.0,21942959.12,NET_REVENUE_SHARE,row_net_revenue / month_channel_net_revenue,COMMERCIAL_COSTS,DERIVED,false,false
VN000000601,ORD00000601,2023-11-01,2023-11-01,SKU001,CUS01,CH01,VN,North,8000,31000,248000000.0,17360000.0,1488000.0,0,0,229152000.0,99200000.0,1.431697,142024320.64,8847574.87,16431210.47,2749824.0,59099070.02,NET_REVENUE_SHARE,row_net_revenue / month_channel_net_revenue,COMMERCIAL_COSTS,DERIVED,false,false
VN000000602,ORD00000602,2023-11-01,2023-11-01,SKU002,CUS02,CH01,VN,South,6000,36000,216000000.0,15120000.0,1296000.0,0,0,199584000.0,77760000.0,1.431697,111328741.66,7705952.3,14311054.28,2395008.0,63843243.76,NET_REVENUE_SHARE,row_net_revenue / month_channel_net_revenue,COMMERCIAL_COSTS,DERIVED,false,false
VN000000603,ORD00000603,2023-11-01,2023-11-01,SKU003,CUS03,CH01,VN,Central,5000,32000,160000000.0,11200000.0,960000.0,0,0,147840000.0,60800000.0,1.431697,87047164.26,5708112.82,10600780.95,1774080.0,42709861.97,NET_REVENUE_SHARE,row_net_revenue / month_channel_net_revenue,COMMERCIAL_COSTS,DERIVED,false,false
VN000000604,ORD00000604,2023-11-01,2023-11-01,SKU004,CUS04,CH01,VN,North,8000,28000,224000000.0,15680000.0,1344000.0,0,0,206976000.0,98560000.0,1.431697,141108034.7,7991357.94,14841093.32,2483712.0,40551802.04,NET_REVENUE_SHARE,row_net_revenue / month_channel_net_revenue,COMMERCIAL_COSTS,DERIVED,false,false
VN000000605,ORD00000605,2023-11-01,2023-11-01,SKU005,CUS05,CH01,VN,South,6000,27000,162000000.0,11340000.0,972000.0,0,0,149688000.0,74520000.0,1.431697,106690044.09,5779464.23,10733290.71,1796256.0,24688944.97,NET_REVENUE_SHARE,row_net_revenue / month_channel_net_revenue,COMMERCIAL_COSTS,DERIVED,false,false
VN000000606,ORD00000606,2023-11-01,2023-11-01,SKU006,CUS06,CH01,VN,Central,5000,30000,150000000.0,10500000.0,900000.0,0,0,138600000.0,63000000.0,1.431697,90196897.18,5351355.77,9938232.14,1663200.0,31450314.91,NET_REVENUE_SHARE,row_net_revenue / month_channel_net_revenue,COMMERCIAL_COSTS,DERIVED,false,false
VN000000607,ORD00000607,2023-11-01,2023-11-01,SKU007,CUS07,CH01,VN,North,8000,23000,184000000.0,12880000.0,1104000.0,0,0,170016000.0,101200000.0,1.431697,144887714.2,6564329.74,12190898.09,2040192.0,4332865.97,NET_REVENUE_SHARE,row_net_revenue / month_channel_net_revenue,COMMERCIAL_COSTS,DERIVED,false,false
VN000000608,ORD00000608,2023-11-01,2023-11-01,SKU008,CUS08,CH01,VN,South,7000,25000,175000000.0,12250000.0,1050000.0,0,0,161700000.0,91000000.0,1.431697,130284407.04,6243248.39,11594604.16,1940400.0,11637340.41,NET_REVENUE_SHARE,row_net_revenue / month_channel_net_revenue,COMMERCIAL_COSTS,DERIVED,false,false
VN000000609,ORD00000609,2023-11-01,2023-11-01,SKU009,CUS09,CH01,VN,Central,8000,21000,168000000.0,11760000.0,1008000.0,0,0,155232000.0,97440000.0,1.431697,139504534.3,5993518.46,11130819.99,1862784.0,-3259656.75,NET_REVENUE_SHARE,row_net_revenue / month_channel_net_revenue,COMMERCIAL_COSTS,DERIVED,false,false
VN000000610,ORD00000610,2023-11-01,2023-11-01,SKU010,CUS10,CH01,VN,North,6000,24000,144000000.0,10080000.0,864000.0,0,0,133056000.0,72000000.0,1.431697,103082168.2,5137301.53,9540702.85,1596672.0,13699155.42,NET_REVENUE_SHARE,row_net_revenue / month_channel_net_revenue,COMMERCIAL_COSTS,DERIVED,false,false
VN000000611,ORD00000611,2023-11-01,2023-11-01,SKU011,CUS01,CH01,VN,North,4000,35000,140000000.0,9800000.0,840000.0,0,0,129360000.0,42000000.0,1.431697,60131264.79,4994598.71,9275683.33,1552320.0,53406133.17,NET_REVENUE_SHARE,row_net_revenue / month_channel_net_revenue,COMMERCIAL_COSTS,DERIVED,false,false
VN000000612,ORD00000612,2023-11-01,2023-11-01,SKU012,CUS02,CH01,VN,South,5000,29000,145000000.0,10150000.0,870000.0,0,0,133980000.0,56550000.0,1.431697,80962452.94,5172977.24,9606957.73,1607760.0,36629852.09,NET_REVENUE_SHARE,row_net_revenue / month_channel_net_revenue,COMMERCIAL_COSTS,DERIVED,false,false
VN000000613,ORD00000613,2023-11-01,2023-11-01,SKU001,CUS02,CH02,VN,South,6000,31000,186000000.0,13020000.0,1116000.0,0,0,171864000.0,74400000.0,1.410523,104942937.01,8381977.18,14342494.29,2062368.0,42134223.52,NET_REVENUE_SHARE,row_net_revenue / month_channel_net_revenue,COMMERCIAL_COSTS,DERIVED,false,false
VN000000614,ORD00000614,2023-11-01,2023-11-01,SKU002,CUS03,CH02,VN,Central,5000,36000,180000000.0,12600000.0,1080000.0,0,0,166320000.0,64800000.0,1.410523,91401912.88,8111590.82,13879833.18,1995840.0,50930823.12,NET_REVENUE_SHARE,row_net_revenue / month_channel_net_revenue,COMMERCIAL_COSTS,DERIVED,false,false
VN000000615,ORD00000615,2023-11-01,2023-11-01,SKU003,CUS04,CH02,VN,North,4000,32000,128000000.0,8960000.0,768000.0,0,0,118272000.0,48640000.0,1.410523,68607855.59,5768242.36,9870103.59,1419264.0,32606534.46,NET_REVENUE_SHARE,row_net_revenue / month_channel_net_revenue,COMMERCIAL_COSTS,DERIVED,false,false
VN000000616,ORD00000616,2023-11-01,2023-11-01,SKU004,CUS05,CH02,VN,South,6000,28000,168000000.0,11760000.0,1008000.0,0,0,155232000.0,73920000.0,1.410523,104265885.8,7570818.1,12954510.97,1862784.0,28578001.13,NET_REVENUE_SHARE,row_net_revenue / month_channel_net_revenue,COMMERCIAL_COSTS,DERIVED,false,false
VN000000617,ORD00000617,2023-11-01,2023-11-01,SKU005,CUS06,CH02,VN,Central,5000,27000,135000000.0,9450000.0,810000.0,0,0,124740000.0,62100000.0,1.410523,87593499.84,6083693.11,10409874.89,1496880.0,19156052.16,NET_REVENUE_SHARE,row_net_revenue / month_channel_net_revenue,COMMERCIAL_COSTS,DERIVED,false,false
VN000000618,ORD00000618,2023-11-01,2023-11-01,SKU006,CUS07,CH02,VN,North,4000,30000,120000000.0,8400000.0,720000.0,0,0,110880000.0,50400000.0,1.410523,71090376.68,5407727.21,9253222.12,1330560.0,23798113.99,NET_REVENUE_SHARE,row_net_revenue / month_channel_net_revenue,COMMERCIAL_COSTS,DERIVED,false,false
VN000000619,ORD00000619,2023-11-01,2023-11-01,SKU007,CUS08,CH02,VN,South,6000,23000,138000000.0,9660000.0,828000.0,0,0,127512000.0,75900000.0,1.410523,107058722.03,6218886.3,10641205.44,1530144.0,2063042.23,NET_REVENUE_SHARE,row_net_revenue / month_channel_net_revenue,COMMERCIAL_COSTS,DERIVED,false,false
VN000000620,ORD00000620,2023-11-01,2023-11-01,SKU008,CUS09,CH02,VN,Central,5000,25000,125000000.0,8750000.0,750000.0,0,0,115500000.0,65000000.0,1.410523,91684017.55,5633049.18,9638773.04,1386000.0,7158160.23,NET_REVENUE_SHARE,row_net_revenue / month_channel_net_revenue,COMMERCIAL_COSTS,DERIVED,false,false
VN000000621,ORD00000621,2023-11-01,2023-11-01,SKU009,CUS10,CH02,VN,North,6000,21000,126000000.0,8820000.0,756000.0,0,0,116424000.0,73080000.0,1.410523,103081046.19,5678113.57,9715883.23,1397088.0,-3448130.99,NET_REVENUE_SHARE,row_net_revenue / month_channel_net_revenue,COMMERCIAL_COSTS,DERIVED,false,false
VN000000622,ORD00000622,2023-11-01,2023-11-01,SKU010,CUS01,CH02,VN,North,5000,24000,120000000.0,8400000.0,720000.0,0,0,110880000.0,60000000.0,1.410523,84631400.81,5407727.21,9253222.12,1330560.0,10257089.86,NET_REVENUE_SHARE,row_net_revenue / month_channel_net_revenue,COMMERCIAL_COSTS,DERIVED,false,false
VN000000623,ORD00000623,2023-11-01,2023-11-01,SKU011,CUS02,CH02,VN,South,3000,35000,105000000.0,7350000.0,630000.0,0,0,97020000.0,31500000.0,1.410523,44431485.43,4731761.31,8096569.36,1164240.0,38595943.9,NET_REVENUE_SHARE,row_net_revenue / month_channel_net_revenue,COMMERCIAL_COSTS,DERIVED,false,false
VN000000624,ORD00000624,2023-11-01,2023-11-01,SKU012,CUS03,CH02,VN,Central,4000,29000,116000000.0,8120000.0,696000.0,0,0,107184000.0,45240000.0,1.410523,63812076.19,5227469.64,8944781.38,1286208.0,27913464.79,NET_REVENUE_SHARE,row_net_revenue / month_channel_net_revenue,COMMERCIAL_COSTS,DERIVED,false,false
VN000000625,ORD00000625,2023-11-01,2023-11-01,SKU001,CUS03,CH03,VN,Central,5000,31000,155000000.0,14725000.0,930000.0,0,0,139345000.0,62000000.0,1.433107,88852664.48,18126376.07,9818453.7,1672140.0,20875365.75,NET_REVENUE_SHARE,row_net_revenue / month_channel_net_revenue,COMMERCIAL_COSTS,DERIVED,false,false
VN000000626,ORD00000626,2023-11-01,2023-11-01,SKU002,CUS04,CH03,VN,North,3000,36000,108000000.0,10260000.0,648000.0,0,0,97092000.0,38880000.0,1.433107,55719219.27,12629991.07,6841245.16,1165104.0,20736440.5,NET_REVENUE_SHARE,row_net_revenue / month_channel_net_revenue,COMMERCIAL_COSTS,DERIVED,false,false
VN000000627,ORD00000627,2023-11-01,2023-11-01,SKU003,CUS05,CH03,VN,South,3000,32000,96000000.0,9120000.0,576000.0,0,0,86304000.0,36480000.0,1.433107,52279761.29,11226658.73,6081106.81,1035648.0,15680825.17,NET_REVENUE_SHARE,row_net_revenue / month_channel_net_revenue,COMMERCIAL_COSTS,DERIVED,false,false
VN000000628,ORD00000628,2023-11-01,2023-11-01,SKU004,CUS06,CH03,VN,Central,4000,28000,112000000.0,10640000.0,672000.0,0,0,100688000.0,49280000.0,1.433107,70623537.18,13097768.51,7094624.61,1208256.0,8663813.7,NET_REVENUE_SHARE,row_net_revenue / month_channel_net_revenue,COMMERCIAL_COSTS,DERIVED,false,false
VN000000629,ORD00000629,2023-11-01,2023-11-01,SKU005,CUS07,CH03,VN,North,4000,27000,108000000.0,10260000.0,648000.0,0,0,97092000.0,49680000.0,1.433107,71196780.18,12629991.07,6841245.16,1165104.0,5258879.59,NET_REVENUE_SHARE,row_net_revenue / month_channel_net_revenue,COMMERCIAL_COSTS,DERIVED,false,false
VN000000630,ORD00000630,2023-11-01,2023-11-01,SKU006,CUS08,CH03,VN,South,3000,30000,90000000.0,8550000.0,540000.0,0,0,80910000.0,37800000.0,1.433107,54171463.18,10524992.56,5701037.63,970920.0,9541586.63,NET_REVENUE_SHARE,row_net_revenue / month_channel_net_revenue,COMMERCIAL_COSTS,DERIVED,false,false
VN000000631,ORD00000631,2023-11-01,2023-11-01,SKU007,CUS09,CH03,VN,Central,5000,23000,115000000.0,10925000.0,690000.0,0,0,103385000.0,63250000.0,1.433107,90644048.84,13448601.6,7284659.2,1240620.0,-9232929.64,NET_REVENUE_SHARE,row_net_revenue / month_channel_net_revenue,COMMERCIAL_COSTS,DERIVED,false,false
VN000000632,ORD00000632,2023-11-01,2023-11-01,SKU008,CUS10,CH03,VN,North,4000,25000,100000000.0,9500000.0,600000.0,0,0,89900000.0,52000000.0,1.433107,74521589.56,11694436.17,6334486.26,1078800.0,-3729311.99,NET_REVENUE_SHARE,row_net_revenue / month_channel_net_revenue,COMMERCIAL_COSTS,DERIVED,false,false
VN000000633,ORD00000633,2023-11-01,2023-11-01,SKU009,CUS01,CH03,VN,North,5000,21000,105000000.0,9975000.0,630000.0,0,0,94395000.0,60900000.0,1.433107,87276246.23,12279157.98,6651210.57,1132740.0,-12944354.78,NET_REVENUE_SHARE,row_net_revenue / month_channel_net_revenue,COMMERCIAL_COSTS,DERIVED,false,false
VN000000634,ORD00000634,2023-11-01,2023-11-01,SKU010,CUS02,CH03,VN,South,4000,24000,96000000.0,9120000.0,576000.0,0,0,86304000.0,48000000.0,1.433107,68789159.59,11226658.73,6081106.81,1035648.0,-828573.13,NET_REVENUE_SHARE,row_net_revenue / month_channel_net_revenue,COMMERCIAL_COSTS,DERIVED,false,false
VN000000635,ORD00000635,2023-11-01,2023-11-01,SKU011,CUS03,CH03,VN,Central,2000,35000,70000000.0,6650000.0,420000.0,0,0,62930000.0,21000000.0,1.433107,30095257.32,8186105.32,4434140.38,755160.0,19459336.98,NET_REVENUE_SHARE,row_net_revenue / month_channel_net_revenue,COMMERCIAL_COSTS,DERIVED,false,false
VN000000636,ORD00000636,2023-11-01,2023-11-01,SKU012,CUS04,CH03,VN,North,3000,29000,87000000.0,8265000.0,522000.0,0,0,78213000.0,33930000.0,1.433107,48625337.2,10174159.47,5511003.05,938556.0,12963944.28,NET_REVENUE_SHARE,row_net_revenue / month_channel_net_revenue,COMMERCIAL_COSTS,DERIVED,false,false
VN000000637,ORD00000637,2023-11-01,2023-11-01,SKU001,CUS04,CH04,VN,North,2000,31000,62000000.0,4340000.0,1116000.0,0,0,56544000.0,24800000.0,1.457237,36139467.83,5099619.58,4143440.91,678528.0,10482943.68,NET_REVENUE_SHARE,row_net_revenue / month_channel_net_revenue,COMMERCIAL_COSTS,DERIVED,false,false
VN000000638,ORD00000638,2023-11-01,2023-11-01,SKU002,CUS05,CH04,VN,South,2000,36000,72000000.0,5040000.0,1296000.0,0,0,65664000.0,25920000.0,1.457237,37771572.83,5922138.87,4811737.83,787968.0,16370582.47,NET_REVENUE_SHARE,row_net_revenue / month_channel_net_revenue,COMMERCIAL_COSTS,DERIVED,false,false
VN000000639,ORD00000639,2023-11-01,2023-11-01,SKU003,CUS06,CH04,VN,Central,2000,32000,64000000.0,4480000.0,1152000.0,0,0,58368000.0,24320000.0,1.457237,35439994.26,5264123.44,4277100.29,700416.0,12686366.01,NET_REVENUE_SHARE,row_net_revenue / month_channel_net_revenue,COMMERCIAL_COSTS,DERIVED,false,false
VN000000640,ORD00000640,2023-11-01,2023-11-01,SKU004,CUS07,CH04,VN,North,2000,28000,56000000.0,3920000.0,1008000.0,0,0,51072000.0,24640000.0,1.457237,35906309.98,4606108.01,3742462.76,612864.0,6204255.25,NET_REVENUE_SHARE,row_net_revenue / month_channel_net_revenue,COMMERCIAL_COSTS,DERIVED,false,false
VN000000641,ORD00000641,2023-11-01,2023-11-01,SKU005,CUS08,CH04,VN,South,2000,27000,54000000.0,3780000.0,972000.0,0,0,49248000.0,24840000.0,1.457237,36197757.3,4441604.15,3608803.37,590976.0,4408859.18,NET_REVENUE_SHARE,row_net_revenue / month_channel_net_revenue,COMMERCIAL_COSTS,DERIVED,false,false
VN000000642,ORD00000642,2023-11-01,2023-11-01,SKU006,CUS09,CH04,VN,Central,1000,30000,30000000.0,2100000.0,540000.0,0,0,27360000.0,12600000.0,1.457237,18361181.24,2467557.86,2004890.76,328320.0,4198050.14,NET_REVENUE_SHARE,row_net_revenue / month_channel_net_revenue,COMMERCIAL_COSTS,DERIVED,false,false
VN000000643,ORD00000643,2023-11-01,2023-11-01,SKU007,CUS10,CH04,VN,North,2000,23000,46000000.0,3220000.0,828000.0,0,0,41952000.0,25300000.0,1.457237,36868086.14,3783588.72,3074165.83,503424.0,-2277264.69,NET_REVENUE_SHARE,row_net_revenue / month_channel_net_revenue,COMMERCIAL_COSTS,DERIVED,false,false
VN000000644,ORD00000644,2023-11-01,2023-11-01,SKU008,CUS01,CH04,VN,North,2000,25000,50000000.0,3500000.0,900000.0,0,0,45600000.0,26000000.0,1.457237,37888151.76,4112596.43,3341484.6,547200.0,-289432.79,NET_REVENUE_SHARE,row_net_revenue / month_channel_net_revenue,COMMERCIAL_COSTS,DERIVED,false,false
VN000000645,ORD00000645,2023-11-01,2023-11-01,SKU009,CUS02,CH04,VN,South,2000,21000,42000000.0,2940000.0,756000.0,0,0,38304000.0,24360000.0,1.457237,35498283.73,3454581.0,2806847.07,459648.0,-3915359.8,NET_REVENUE_SHARE,row_net_revenue / month_channel_net_revenue,COMMERCIAL_COSTS,DERIVED,false,false
VN000000646,ORD00000646,2023-11-01,2023-11-01,SKU010,CUS03,CH04,VN,Central,2000,24000,48000000.0,3360000.0,864000.0,0,0,43776000.0,24000000.0,1.457237,34973678.55,3948092.58,3207825.22,525312.0,1121091.65,NET_REVENUE_SHARE,row_net_revenue / month_channel_net_revenue,COMMERCIAL_COSTS,DERIVED,false,false
VN000000647,ORD00000647,2023-11-01,2023-11-01,SKU011,CUS04,CH04,VN,North,1000,35000,35000000.0,2450000.0,630000.0,0,0,31920000.0,10500000.0,1.457237,15300984.36,2878817.5,2339039.22,383040.0,11018118.92,NET_REVENUE_SHARE,row_net_revenue / month_channel_net_revenue,COMMERCIAL_COSTS,DERIVED,false,false
VN000000648,ORD00000648,2023-11-01,2023-11-01,SKU012,CUS05,CH04,VN,South,2000,29000,58000000.0,4060000.0,1044000.0,0,0,52896000.0,22620000.0,1.457237,32962692.02,4770611.86,3876122.14,634752.0,10651821.98,NET_REVENUE_SHARE,row_net_revenue / month_channel_net_revenue,COMMERCIAL_COSTS,DERIVED,false,false
VN000000649,ORD00000649,2023-11-01,2023-11-01,SKU001,CUS05,CH05,VN,South,3000,31000,93000000.0,6510000.0,558000.0,0,0,85932000.0,37200000.0,1.421382,52875399.07,1887879.17,6135607.3,1031184.0,24001930.46,NET_REVENUE_SHARE,row_net_revenue / month_channel_net_revenue,COMMERCIAL_COSTS,DERIVED,false,false
VN000000650,ORD00000650,2023-11-01,2023-11-01,SKU002,CUS06,CH05,VN,Central,2000,36000,72000000.0,5040000.0,432000.0,0,0,66528000.0,25920000.0,1.421382,36842213.55,1461583.87,4750147.58,798336.0,22675719.0,NET_REVENUE_SHARE,row_net_revenue / month_channel_net_revenue,COMMERCIAL_COSTS,DERIVED,false,false
VN000000651,ORD00000651,2023-11-01,2023-11-01,SKU003,CUS07,CH05,VN,North,2000,32000,64000000.0,4480000.0,384000.0,0,0,59136000.0,24320000.0,1.421382,34568002.84,1299185.66,4222353.41,709632.0,18336826.09,NET_REVENUE_SHARE,row_net_revenue / month_channel_net_revenue,COMMERCIAL_COSTS,DERIVED,false,false
VN000000652,ORD00000652,2023-11-01,2023-11-01,SKU004,CUS08,CH05,VN,South,3000,28000,84000000.0,5880000.0,504000.0,0,0,77616000.0,36960000.0,1.421382,52534267.47,1705181.18,5541838.85,931392.0,16903320.5,NET_REVENUE_SHARE,row_net_revenue / month_channel_net_revenue,COMMERCIAL_COSTS,DERIVED,false,false
VN000000653,ORD00000653,2023-11-01,2023-11-01,SKU005,CUS09,CH05,VN,Central,2000,27000,54000000.0,3780000.0,324000.0,0,0,49896000.0,24840000.0,1.421382,35307121.32,1096187.9,3562610.69,598752.0,9331328.09,NET_REVENUE_SHARE,row_net_revenue / month_channel_net_revenue,COMMERCIAL_COSTS,DERIVED,false,false
VN000000654,ORD00000654,2023-11-01,2023-11-01,SKU006,CUS10,CH05,VN,North,2000,30000,60000000.0,4200000.0,360000.0,0,0,55440000.0,25200000.0,1.421382,35818818.73,1217986.56,3958456.32,665280.0,13779458.39,NET_REVENUE_SHARE,row_net_revenue / month_channel_net_revenue,COMMERCIAL_COSTS,DERIVED,false,false
VN000000655,ORD00000655,2023-11-01,2023-11-01,SKU007,CUS01,CH05,VN,North,3000,23000,69000000.0,4830000.0,414000.0,0,0,63756000.0,37950000.0,1.421382,53941435.35,1400684.54,4552224.77,765072.0,3096583.34,NET_REVENUE_SHARE,row_net_revenue / month_channel_net_revenue,COMMERCIAL_COSTS,DERIVED,false,false
VN000000656,ORD00000656,2023-11-01,2023-11-01,SKU008,CUS02,CH05,VN,South,2000,25000,50000000.0,3500000.0,300000.0,0,0,46200000.0,26000000.0,1.421382,36955924.08,1014988.8,3298713.6,554400.0,4375973.52,NET_REVENUE_SHARE,row_net_revenue / month_channel_net_revenue,COMMERCIAL_COSTS,DERIVED,false,false
VN000000657,ORD00000657,2023-11-01,2023-11-01,SKU009,CUS03,CH05,VN,Central,3000,21000,63000000.0,4410000.0,378000.0,0,0,58212000.0,36540000.0,1.421382,51937287.15,1278885.89,4156379.14,698544.0,140903.82,NET_REVENUE_SHARE,row_net_revenue / month_channel_net_revenue,COMMERCIAL_COSTS,DERIVED,false,false
VN000000658,ORD00000658,2023-11-01,2023-11-01,SKU010,CUS04,CH05,VN,North,2000,24000,48000000.0,3360000.0,288000.0,0,0,44352000.0,24000000.0,1.421382,34113160.69,974389.25,3166765.06,532224.0,5565461.0,NET_REVENUE_SHARE,row_net_revenue / month_channel_net_revenue,COMMERCIAL_COSTS,DERIVED,false,false
VN000000659,ORD00000659,2023-11-01,2023-11-01,SKU011,CUS05,CH05,VN,South,1000,35000,35000000.0,2450000.0,210000.0,0,0,32340000.0,10500000.0,1.421382,14924507.8,710492.16,2309099.52,388080.0,14007820.52,NET_REVENUE_SHARE,row_net_revenue / month_channel_net_revenue,COMMERCIAL_COSTS,DERIVED,false,false
VN000000660,ORD00000660,2023-11-01,2023-11-01,SKU012,CUS06,CH05,VN,Central,2000,29000,58000000.0,4060000.0,348000.0,0,0,53592000.0,22620000.0,1.421382,32151653.95,1177387.01,3826507.78,643104.0,15793347.26,NET_REVENUE_SHARE,row_net_revenue / month_channel_net_revenue,COMMERCIAL_COSTS,DERIVED,false,false
VN000000661,ORD00000661,2023-12-01,2023-12-01,SKU001,CUS02,CH01,VN,South,9000,31000,279000000.0,11160000.0,1674000.0,0,0,266166000.0,111600000.0,1.386123,154691277.01,9645497.94,6889641.38,3193992.0,91745591.67,NET_REVENUE_SHARE,row_net_revenue / month_channel_net_revenue,COMMERCIAL_COSTS,DERIVED,false,false
VN000000662,ORD00000662,2023-12-01,2023-12-01,SKU002,CUS03,CH01,VN,Central,7000,36000,252000000.0,10080000.0,1512000.0,0,0,240408000.0,90720000.0,1.386123,125749038.08,8712062.65,6222901.89,2884896.0,96839101.38,NET_REVENUE_SHARE,row_net_revenue / month_channel_net_revenue,COMMERCIAL_COSTS,DERIVED,false,false
VN000000663,ORD00000663,2023-12-01,2023-12-01,SKU003,CUS04,CH01,VN,North,6000,32000,192000000.0,7680000.0,1152000.0,0,0,183168000.0,72960000.0,1.386123,101131501.53,6637762.02,4741258.59,2198016.0,68459461.86,NET_REVENUE_SHARE,row_net_revenue / month_channel_net_revenue,COMMERCIAL_COSTS,DERIVED,false,false
VN000000664,ORD00000664,2023-12-01,2023-12-01,SKU004,CUS05,CH01,VN,South,8000,28000,224000000.0,8960000.0,1344000.0,0,0,213696000.0,98560000.0,1.386123,136616238.9,7744055.69,5531468.35,2564352.0,61239885.06,NET_REVENUE_SHARE,row_net_revenue / month_channel_net_revenue,COMMERCIAL_COSTS,DERIVED,false,false
VN000000665,ORD00000665,2023-12-01,2023-12-01,SKU005,CUS06,CH01,VN,Central,7000,27000,189000000.0,7560000.0,1134000.0,0,0,180306000.0,86940000.0,1.386123,120509494.83,6534046.99,4667176.42,2163672.0,46431609.76,NET_REVENUE_SHARE,row_net_revenue / month_channel_net_revenue,COMMERCIAL_COSTS,DERIVED,false,false
VN000000666,ORD00000666,2023-12-01,2023-12-01,SKU006,CUS07,CH01,VN,North,6000,30000,180000000.0,7200000.0,1080000.0,0,0,171720000.0,75600000.0,1.386123,104790865.07,6222901.89,4444929.92,2060640.0,54200663.12,NET_REVENUE_SHARE,row_net_revenue / month_channel_net_revenue,COMMERCIAL_COSTS,DERIVED,false,false
VN000000667,ORD00000667,2023-12-01,2023-12-01,SKU007,CUS08,CH01,VN,South,9000,23000,207000000.0,8280000.0,1242000.0,0,0,197478000.0,113850000.0,1.386123,157810052.75,7156337.18,5111669.41,2369736.0,25030204.66,NET_REVENUE_SHARE,row_net_revenue / month_channel_net_revenue,COMMERCIAL_COSTS,DERIVED,false,false
VN000000668,ORD00000668,2023-12-01,2023-12-01,SKU008,CUS09,CH01,VN,Central,8000,25000,200000000.0,8000000.0,1200000.0,0,0,190800000.0,104000000.0,1.386123,144156745.6,6914335.44,4938811.03,2289600.0,32500507.93,NET_REVENUE_SHARE,row_net_revenue / month_channel_net_revenue,COMMERCIAL_COSTS,DERIVED,false,false
VN000000669,ORD00000669,2023-12-01,2023-12-01,SKU009,CUS10,CH01,VN,North,9000,21000,189000000.0,7560000.0,1134000.0,0,0,180306000.0,109620000.0,1.386123,151946754.35,6534046.99,4667176.42,2163672.0,14994350.24,NET_REVENUE_SHARE,row_net_revenue / month_channel_net_revenue,COMMERCIAL_COSTS,DERIVED,false,false
VN000000670,ORD00000670,2023-12-01,2023-12-01,SKU010,CUS01,CH01,VN,North,7000,24000,168000000.0,6720000.0,1008000.0,0,0,160272000.0,84000000.0,1.386123,116434294.52,5808041.77,4148601.26,1923264.0,31957798.45,NET_REVENUE_SHARE,row_net_revenue / month_channel_net_revenue,COMMERCIAL_COSTS,DERIVED,false,false
VN000000671,ORD00000671,2023-12-01,2023-12-01,SKU011,CUS02,CH01,VN,South,4000,35000,140000000.0,5600000.0,840000.0,0,0,133560000.0,42000000.0,1.386123,58217147.26,4840034.81,3457167.72,1602720.0,65442930.21,NET_REVENUE_SHARE,row_net_revenue / month_channel_net_revenue,COMMERCIAL_COSTS,DERIVED,false,false
VN000000672,ORD00000672,2023-12-01,2023-12-01,SKU012,CUS03,CH01,VN,Central,6000,29000,174000000.0,6960000.0,1044000.0,0,0,165996000.0,67860000.0,1.386123,94062276.5,6015471.83,4296765.59,1991952.0,59629534.08,NET_REVENUE_SHARE,row_net_revenue / month_channel_net_revenue,COMMERCIAL_COSTS,DERIVED,false,false
VN000000673,ORD00000673,2023-12-01,2023-12-01,SKU001,CUS03,CH02,VN,Central,7000,31000,217000000.0,8680000.0,1302000.0,0,0,207018000.0,86800000.0,1.423914,123595748.81,9925840.25,8161246.43,2484216.0,62850948.51,NET_REVENUE_SHARE,row_net_revenue / month_channel_net_revenue,COMMERCIAL_COSTS,DERIVED,false,false
VN000000674,ORD00000674,2023-12-01,2023-12-01,SKU002,CUS04,CH02,VN,North,5000,36000,180000000.0,7200000.0,1080000.0,0,0,171720000.0,64800000.0,1.423914,92269637.36,8233415.88,6769697.5,2060640.0,62386609.26,NET_REVENUE_SHARE,row_net_revenue / month_channel_net_revenue,COMMERCIAL_COSTS,DERIVED,false,false
VN000000675,ORD00000675,2023-12-01,2023-12-01,SKU003,CUS05,CH02,VN,South,5000,32000,160000000.0,6400000.0,960000.0,0,0,152640000.0,60800000.0,1.423914,86573980.73,7318591.89,6017508.89,1831680.0,50898238.49,NET_REVENUE_SHARE,row_net_revenue / month_channel_net_revenue,COMMERCIAL_COSTS,DERIVED,false,false
VN000000676,ORD00000676,2023-12-01,2023-12-01,SKU004,CUS06,CH02,VN,Central,6000,28000,168000000.0,6720000.0,1008000.0,0,0,160272000.0,73920000.0,1.423914,105255734.47,7684521.49,6318384.33,1923264.0,39090095.71,NET_REVENUE_SHARE,row_net_revenue / month_channel_net_revenue,COMMERCIAL_COSTS,DERIVED,false,false
VN000000677,ORD00000677,2023-12-01,2023-12-01,SKU005,CUS07,CH02,VN,North,5000,27000,135000000.0,5400000.0,810000.0,0,0,128790000.0,62100000.0,1.423914,88425069.13,6175061.91,5077273.13,1545480.0,27567115.83,NET_REVENUE_SHARE,row_net_revenue / month_channel_net_revenue,COMMERCIAL_COSTS,DERIVED,false,false
VN000000678,ORD00000678,2023-12-01,2023-12-01,SKU006,CUS08,CH02,VN,South,4000,30000,120000000.0,4800000.0,720000.0,0,0,114480000.0,50400000.0,1.423914,71765273.5,5488943.92,4513131.67,1373760.0,31338890.91,NET_REVENUE_SHARE,row_net_revenue / month_channel_net_revenue,COMMERCIAL_COSTS,DERIVED,false,false
VN000000679,ORD00000679,2023-12-01,2023-12-01,SKU007,CUS09,CH02,VN,Central,7000,23000,161000000.0,6440000.0,966000.0,0,0,153594000.0,88550000.0,1.423914,126087598.58,7364333.09,6055118.32,1843128.0,12243822.01,NET_REVENUE_SHARE,row_net_revenue / month_channel_net_revenue,COMMERCIAL_COSTS,DERIVED,false,false
VN000000680,ORD00000680,2023-12-01,2023-12-01,SKU008,CUS10,CH02,VN,North,6000,25000,150000000.0,6000000.0,900000.0,0,0,143100000.0,78000000.0,1.423914,111065304.23,6861179.9,5641414.58,1717200.0,17814901.29,NET_REVENUE_SHARE,row_net_revenue / month_channel_net_revenue,COMMERCIAL_COSTS,DERIVED,false,false
VN000000681,ORD00000681,2023-12-01,2023-12-01,SKU009,CUS01,CH02,VN,North,7000,21000,147000000.0,5880000.0,882000.0,0,0,140238000.0,85260000.0,1.423914,121402921.0,6723956.3,5528586.29,1682856.0,4899680.41,NET_REVENUE_SHARE,row_net_revenue / month_channel_net_revenue,COMMERCIAL_COSTS,DERIVED,false,false
VN000000682,ORD00000682,2023-12-01,2023-12-01,SKU010,CUS02,CH02,VN,South,5000,24000,120000000.0,4800000.0,720000.0,0,0,114480000.0,60000000.0,1.423914,85434849.4,5488943.92,4513131.67,1373760.0,17669315.01,NET_REVENUE_SHARE,row_net_revenue / month_channel_net_revenue,COMMERCIAL_COSTS,DERIVED,false,false
VN000000683,ORD00000683,2023-12-01,2023-12-01,SKU011,CUS03,CH02,VN,Central,3000,35000,105000000.0,4200000.0,630000.0,0,0,100170000.0,31500000.0,1.423914,44853295.94,4802825.93,3948990.21,1202040.0,45362847.92,NET_REVENUE_SHARE,row_net_revenue / month_channel_net_revenue,COMMERCIAL_COSTS,DERIVED,false,false
VN000000684,ORD00000684,2023-12-01,2023-12-01,SKU012,CUS04,CH02,VN,North,4000,29000,116000000.0,4640000.0,696000.0,0,0,110664000.0,45240000.0,1.423914,64417876.45,5305979.12,4362693.94,1327968.0,35249482.49,NET_REVENUE_SHARE,row_net_revenue / month_channel_net_revenue,COMMERCIAL_COSTS,DERIVED,false,false
VN000000685,ORD00000685,2023-12-01,2023-12-01,SKU001,CUS04,CH03,VN,North,5000,31000,155000000.0,10075000.0,930000.0,0,0,143995000.0,62000000.0,1.511055,93685414.94,19006279.47,3959641.56,1727940.0,25615724.03,NET_REVENUE_SHARE,row_net_revenue / month_channel_net_revenue,COMMERCIAL_COSTS,DERIVED,false,false
VN000000686,ORD00000686,2023-12-01,2023-12-01,SKU002,CUS05,CH03,VN,South,4000,36000,144000000.0,9360000.0,864000.0,0,0,133776000.0,51840000.0,1.511055,78333095.33,17657446.74,3678634.74,1605312.0,32501511.19,NET_REVENUE_SHARE,row_net_revenue / month_channel_net_revenue,COMMERCIAL_COSTS,DERIVED,false,false
VN000000687,ORD00000687,2023-12-01,2023-12-01,SKU003,CUS06,CH03,VN,Central,3000,32000,96000000.0,6240000.0,576000.0,0,0,89184000.0,36480000.0,1.511055,55123289.3,11771631.16,2452423.16,1070208.0,18766448.38,NET_REVENUE_SHARE,row_net_revenue / month_channel_net_revenue,COMMERCIAL_COSTS,DERIVED,false,false
VN000000688,ORD00000688,2023-12-01,2023-12-01,SKU004,CUS07,CH03,VN,North,5000,28000,140000000.0,9100000.0,840000.0,0,0,130060000.0,61600000.0,1.511055,93080992.9,17166962.1,3576450.44,1560720.0,14674874.56,NET_REVENUE_SHARE,row_net_revenue / month_channel_net_revenue,COMMERCIAL_COSTS,DERIVED,false,false
VN000000689,ORD00000689,2023-12-01,2023-12-01,SKU005,CUS08,CH03,VN,South,4000,27000,108000000.0,7020000.0,648000.0,0,0,100332000.0,49680000.0,1.511055,75069216.35,13243085.05,2758976.05,1203984.0,8056738.55,NET_REVENUE_SHARE,row_net_revenue / month_channel_net_revenue,COMMERCIAL_COSTS,DERIVED,false,false
VN000000690,ORD00000690,2023-12-01,2023-12-01,SKU006,CUS09,CH03,VN,Central,3000,30000,90000000.0,5850000.0,540000.0,0,0,83610000.0,37800000.0,1.511055,57117882.01,11035904.21,2299146.71,1003320.0,12153747.07,NET_REVENUE_SHARE,row_net_revenue / month_channel_net_revenue,COMMERCIAL_COSTS,DERIVED,false,false
VN000000691,ORD00000691,2023-12-01,2023-12-01,SKU007,CUS10,CH03,VN,North,5000,23000,115000000.0,7475000.0,690000.0,0,0,106835000.0,63250000.0,1.511055,95574233.79,14101433.16,2937798.57,1282020.0,-7060485.52,NET_REVENUE_SHARE,row_net_revenue / month_channel_net_revenue,COMMERCIAL_COSTS,DERIVED,false,false
VN000000692,ORD00000692,2023-12-01,2023-12-01,SKU008,CUS01,CH03,VN,North,4000,25000,100000000.0,6500000.0,600000.0,0,0,92900000.0,52000000.0,1.511055,78574864.14,12262115.79,2554607.46,1114800.0,-1606387.39,NET_REVENUE_SHARE,row_net_revenue / month_channel_net_revenue,COMMERCIAL_COSTS,DERIVED,false,false
VN000000693,ORD00000693,2023-12-01,2023-12-01,SKU009,CUS02,CH03,VN,South,5000,21000,105000000.0,6825000.0,630000.0,0,0,97545000.0,60900000.0,1.511055,92023254.35,12875221.58,2682337.83,1170540.0,-11206353.76,NET_REVENUE_SHARE,row_net_revenue / month_channel_net_revenue,COMMERCIAL_COSTS,DERIVED,false,false
VN000000694,ORD00000694,2023-12-01,2023-12-01,SKU010,CUS03,CH03,VN,Central,4000,24000,96000000.0,6240000.0,576000.0,0,0,89184000.0,48000000.0,1.511055,72530643.82,11771631.16,2452423.16,1070208.0,1359093.86,NET_REVENUE_SHARE,row_net_revenue / month_channel_net_revenue,COMMERCIAL_COSTS,DERIVED,false,false
VN000000695,ORD00000695,2023-12-01,2023-12-01,SKU011,CUS04,CH03,VN,North,2000,35000,70000000.0,4550000.0,420000.0,0,0,65030000.0,21000000.0,1.511055,31732156.67,8583481.05,1788225.22,780360.0,22145777.06,NET_REVENUE_SHARE,row_net_revenue / month_channel_net_revenue,COMMERCIAL_COSTS,DERIVED,false,false
VN000000696,ORD00000696,2023-12-01,2023-12-01,SKU012,CUS05,CH03,VN,South,3000,29000,87000000.0,5655000.0,522000.0,0,0,80823000.0,33930000.0,1.511055,51270098.85,10668040.74,2222508.49,969876.0,15692475.92,NET_REVENUE_SHARE,row_net_revenue / month_channel_net_revenue,COMMERCIAL_COSTS,DERIVED,false,false
VN000000697,ORD00000697,2023-12-01,2023-12-01,SKU001,CUS05,CH04,VN,South,3000,31000,93000000.0,3720000.0,1674000.0,0,0,87606000.0,37200000.0,1.348671,50170551.56,7166933.45,2239666.7,1051272.0,26977576.29,NET_REVENUE_SHARE,row_net_revenue / month_channel_net_revenue,COMMERCIAL_COSTS,DERIVED,false,false
VN000000698,ORD00000698,2023-12-01,2023-12-01,SKU002,CUS06,CH04,VN,Central,2000,36000,72000000.0,2880000.0,1296000.0,0,0,67824000.0,25920000.0,1.348671,34957545.61,5548593.64,1733935.51,813888.0,24770037.24,NET_REVENUE_SHARE,row_net_revenue / month_channel_net_revenue,COMMERCIAL_COSTS,DERIVED,false,false
VN000000699,ORD00000699,2023-12-01,2023-12-01,SKU003,CUS07,CH04,VN,North,2000,32000,64000000.0,2560000.0,1152000.0,0,0,60288000.0,24320000.0,1.348671,32799672.42,4932083.24,1541276.01,723456.0,20291512.33,NET_REVENUE_SHARE,row_net_revenue / month_channel_net_revenue,COMMERCIAL_COSTS,DERIVED,false,false
VN000000700,ORD00000700,2023-12-01,2023-12-01,SKU004,CUS08,CH04,VN,South,2000,28000,56000000.0,2240000.0,1008000.0,0,0,52752000.0,24640000.0,1.348671,33231247.06,4315572.83,1348616.51,633024.0,13223539.6,NET_REVENUE_SHARE,row_net_revenue / month_channel_net_revenue,COMMERCIAL_COSTS,DERIVED,false,false
VN000000701,ORD00000701,2023-12-01,2023-12-01,SKU005,CUS09,CH04,VN,Central,2000,27000,54000000.0,2160000.0,972000.0,0,0,50868000.0,24840000.0,1.348671,33500981.2,4161445.23,1300451.63,610416.0,11294705.94,NET_REVENUE_SHARE,row_net_revenue / month_channel_net_revenue,COMMERCIAL_COSTS,DERIVED,false,false
VN000000702,ORD00000702,2023-12-01,2023-12-01,SKU006,CUS10,CH04,VN,North,2000,30000,60000000.0,2400000.0,1080000.0,0,0,56520000.0,25200000.0,1.348671,33986502.67,4623828.03,1444946.26,678240.0,15786483.04,NET_REVENUE_SHARE,row_net_revenue / month_channel_net_revenue,COMMERCIAL_COSTS,DERIVED,false,false
VN000000703,ORD00000703,2023-12-01,2023-12-01,SKU007,CUS01,CH04,VN,North,3000,23000,69000000.0,2760000.0,1242000.0,0,0,64998000.0,37950000.0,1.348671,51182054.62,5317402.24,1661688.2,779976.0,6056878.94,NET_REVENUE_SHARE,row_net_revenue / month_channel_net_revenue,COMMERCIAL_COSTS,DERIVED,false,false
VN000000704,ORD00000704,2023-12-01,2023-12-01,SKU008,CUS02,CH04,VN,South,2000,25000,50000000.0,2000000.0,900000.0,0,0,47100000.0,26000000.0,1.348671,35065439.26,3853190.03,1204121.88,565200.0,6412048.83,NET_REVENUE_SHARE,row_net_revenue / month_channel_net_revenue,COMMERCIAL_COSTS,DERIVED,false,false
VN000000705,ORD00000705,2023-12-01,2023-12-01,SKU009,CUS03,CH04,VN,Central,3000,21000,63000000.0,2520000.0,1134000.0,0,0,59346000.0,36540000.0,1.348671,49280428.87,4855019.43,1517193.57,712152.0,2981206.13,NET_REVENUE_SHARE,row_net_revenue / month_channel_net_revenue,COMMERCIAL_COSTS,DERIVED,false,false
VN000000706,ORD00000706,2023-12-01,2023-12-01,SKU010,CUS04,CH04,VN,North,2000,24000,48000000.0,1920000.0,864000.0,0,0,45216000.0,24000000.0,1.348671,32368097.78,3699062.43,1155957.01,542592.0,7450290.78,NET_REVENUE_SHARE,row_net_revenue / month_channel_net_revenue,COMMERCIAL_COSTS,DERIVED,false,false
VN000000707,ORD00000707,2023-12-01,2023-12-01,SKU011,CUS05,CH04,VN,South,1000,35000,35000000.0,1400000.0,630000.0,0,0,32970000.0,10500000.0,1.348671,14161042.78,2697233.02,842885.32,395640.0,14873198.88,NET_REVENUE_SHARE,row_net_revenue / month_channel_net_revenue,COMMERCIAL_COSTS,DERIVED,false,false
VN000000708,ORD00000708,2023-12-01,2023-12-01,SKU012,CUS06,CH04,VN,Central,2000,29000,58000000.0,2320000.0,1044000.0,0,0,54636000.0,22620000.0,1.348671,30506932.17,4469700.43,1396781.39,655632.0,17606954.01,NET_REVENUE_SHARE,row_net_revenue / month_channel_net_revenue,COMMERCIAL_COSTS,DERIVED,false,false
VN000000709,ORD00000709,2023-12-01,2023-12-01,SKU001,CUS06,CH05,VN,Central,3000,31000,93000000.0,3720000.0,558000.0,0,0,88722000.0,37200000.0,1.499645,55786803.48,2003042.3,2503802.88,1064664.0,27363687.34,NET_REVENUE_SHARE,row_net_revenue / month_channel_net_revenue,COMMERCIAL_COSTS,DERIVED,false,false
VN000000710,ORD00000710,2023-12-01,2023-12-01,SKU002,CUS07,CH05,VN,North,2000,36000,72000000.0,2880000.0,432000.0,0,0,68688000.0,25920000.0,1.499645,38870805.01,1550742.43,1938428.04,824256.0,25503768.52,NET_REVENUE_SHARE,row_net_revenue / month_channel_net_revenue,COMMERCIAL_COSTS,DERIVED,false,false
VN000000711,ORD00000711,2023-12-01,2023-12-01,SKU003,CUS08,CH05,VN,South,2000,32000,64000000.0,2560000.0,384000.0,0,0,61056000.0,24320000.0,1.499645,36471372.6,1378437.71,1723047.14,732672.0,20750470.55,NET_REVENUE_SHARE,row_net_revenue / month_channel_net_revenue,COMMERCIAL_COSTS,DERIVED,false,false
VN000000712,ORD00000712,2023-12-01,2023-12-01,SKU004,CUS09,CH05,VN,Central,3000,28000,84000000.0,3360000.0,504000.0,0,0,80136000.0,36960000.0,1.499645,55426888.62,1809199.5,2261499.38,961632.0,19676780.5,NET_REVENUE_SHARE,row_net_revenue / month_channel_net_revenue,COMMERCIAL_COSTS,DERIVED,false,false
VN000000713,ORD00000713,2023-12-01,2023-12-01,SKU005,CUS10,CH05,VN,North,2000,27000,54000000.0,2160000.0,324000.0,0,0,51516000.0,24840000.0,1.499645,37251188.13,1163056.82,1453821.03,618192.0,11029742.02,NET_REVENUE_SHARE,row_net_revenue / month_channel_net_revenue,COMMERCIAL_COSTS,DERIVED,false,false
VN000000714,ORD00000714,2023-12-01,2023-12-01,SKU006,CUS01,CH05,VN,North,2000,30000,60000000.0,2400000.0,360000.0,0,0,57240000.0,25200000.0,1.499645,37791060.42,1292285.36,1615356.7,686880.0,15854417.52,NET_REVENUE_SHARE,row_net_revenue / month_channel_net_revenue,COMMERCIAL_COSTS,DERIVED,false,false
VN000000715,ORD00000715,2023-12-01,2023-12-01,SKU007,CUS02,CH05,VN,South,3000,23000,69000000.0,2760000.0,414000.0,0,0,65826000.0,37950000.0,1.499645,56911537.42,1486128.16,1857660.2,789912.0,4780762.22,NET_REVENUE_SHARE,row_net_revenue / month_channel_net_revenue,COMMERCIAL_COSTS,DERIVED,false,false
VN000000716,ORD00000716,2023-12-01,2023-12-01,SKU008,CUS03,CH05,VN,Central,3000,25000,75000000.0,3000000.0,450000.0,0,0,71550000.0,39000000.0,1.499645,58486164.94,1615356.7,2019195.87,858600.0,8570682.49,NET_REVENUE_SHARE,row_net_revenue / month_channel_net_revenue,COMMERCIAL_COSTS,DERIVED,false,false
VN000000717,ORD00000717,2023-12-01,2023-12-01,SKU009,CUS04,CH05,VN,North,3000,21000,63000000.0,2520000.0,378000.0,0,0,60102000.0,36540000.0,1.499645,54797037.61,1356899.63,1696124.53,721224.0,1530714.23,NET_REVENUE_SHARE,row_net_revenue / month_channel_net_revenue,COMMERCIAL_COSTS,DERIVED,false,false
VN000000718,ORD00000718,2023-12-01,2023-12-01,SKU010,CUS05,CH05,VN,South,2000,24000,48000000.0,1920000.0,288000.0,0,0,45792000.0,24000000.0,1.499645,35991486.12,1033828.29,1292285.36,549504.0,6924896.23,NET_REVENUE_SHARE,row_net_revenue / month_channel_net_revenue,COMMERCIAL_COSTS,DERIVED,false,false
VN000000719,ORD00000719,2023-12-01,2023-12-01,SKU011,CUS06,CH05,VN,Central,1000,35000,35000000.0,1400000.0,210000.0,0,0,33390000.0,10500000.0,1.499645,15746275.18,753833.13,942291.41,400680.0,15546920.28,NET_REVENUE_SHARE,row_net_revenue / month_channel_net_revenue,COMMERCIAL_COSTS,DERIVED,false,false
VN000000720,ORD00000720,2023-12-01,2023-12-01,SKU012,CUS07,CH05,VN,North,2000,29000,58000000.0,2320000.0,348000.0,0,0,55332000.0,22620000.0,1.499645,33921975.67,1249209.18,1561511.47,663984.0,17935319.68,NET_REVENUE_SHARE,row_net_revenue / month_channel_net_revenue,COMMERCIAL_COSTS,DERIVED,false,false
VN000000721,ORD00000721,2024-01-01,2024-01-01,SKU001,CUS03,CH01,VN,Central,7000,31000,217000000.0,8680000.0,1302000.0,0,0,207018000.0,86800000.0,1.405777,122021450.21,7611339.65,5436671.18,2484216.0,69464322.96,NET_REVENUE_SHARE,row_net_revenue / month_channel_net_revenue,COMMERCIAL_COSTS,DERIVED,false,false
VN000000722,ORD00000722,2024-01-01,2024-01-01,SKU002,CUS04,CH01,VN,North,5000,36000,180000000.0,7200000.0,1080000.0,0,0,171720000.0,64800000.0,1.405777,91094354.53,6313553.62,4509681.16,2060640.0,67741770.69,NET_REVENUE_SHARE,row_net_revenue / month_channel_net_revenue,COMMERCIAL_COSTS,DERIVED,false,false
VN000000723,ORD00000723,2024-01-01,2024-01-01,SKU003,CUS05,CH01,VN,South,5000,32000,160000000.0,6400000.0,960000.0,0,0,152640000.0,60800000.0,1.405777,85471246.23,5612047.67,4008605.48,1831680.0,55716420.62,NET_REVENUE_SHARE,row_net_revenue / month_channel_net_revenue,COMMERCIAL_COSTS,DERIVED,false,false
VN000000724,ORD00000724,2024-01-01,2024-01-01,SKU004,CUS06,CH01,VN,Central,7000,28000,196000000.0,7840000.0,1176000.0,0,0,186984000.0,86240000.0,1.405777,121234215.04,6874758.39,4910541.71,2243808.0,51720676.86,NET_REVENUE_SHARE,row_net_revenue / month_channel_net_revenue,COMMERCIAL_COSTS,DERIVED,false,false
VN000000725,ORD00000725,2024-01-01,2024-01-01,SKU005,CUS07,CH01,VN,North,6000,27000,162000000.0,6480000.0,972000.0,0,0,154548000.0,74520000.0,1.405777,104758507.71,5682198.26,4058713.04,1854576.0,38194004.99,NET_REVENUE_SHARE,row_net_revenue / month_channel_net_revenue,COMMERCIAL_COSTS,DERIVED,false,false
VN000000726,ORD00000726,2024-01-01,2024-01-01,SKU006,CUS08,CH01,VN,South,4000,30000,120000000.0,4800000.0,720000.0,0,0,114480000.0,50400000.0,1.405777,70851164.64,4209035.75,3006454.11,1373760.0,35039585.5,NET_REVENUE_SHARE,row_net_revenue / month_channel_net_revenue,COMMERCIAL_COSTS,DERIVED,false,false
VN000000727,ORD00000727,2024-01-01,2024-01-01,SKU007,CUS09,CH01,VN,Central,7000,23000,161000000.0,6440000.0,966000.0,0,0,153594000.0,88550000.0,1.405777,124481560.09,5647122.96,4033659.26,1843128.0,17588529.69,NET_REVENUE_SHARE,row_net_revenue / month_channel_net_revenue,COMMERCIAL_COSTS,DERIVED,false,false
VN000000728,ORD00000728,2024-01-01,2024-01-01,SKU008,CUS10,CH01,VN,North,6000,25000,150000000.0,6000000.0,900000.0,0,0,143100000.0,78000000.0,1.405777,109650611.94,5261294.69,3758067.63,1717200.0,22712825.74,NET_REVENUE_SHARE,row_net_revenue / month_channel_net_revenue,COMMERCIAL_COSTS,DERIVED,false,false
VN000000729,ORD00000729,2024-01-01,2024-01-01,SKU009,CUS01,CH01,VN,North,7000,21000,147000000.0,5880000.0,882000.0,0,0,140238000.0,85260000.0,1.405777,119856553.51,5156068.79,3682906.28,1682856.0,9859615.42,NET_REVENUE_SHARE,row_net_revenue / month_channel_net_revenue,COMMERCIAL_COSTS,DERIVED,false,false
VN000000730,ORD00000730,2024-01-01,2024-01-01,SKU010,CUS02,CH01,VN,South,5000,24000,120000000.0,4800000.0,720000.0,0,0,114480000.0,60000000.0,1.405777,84346624.57,4209035.75,3006454.11,1373760.0,21544125.57,NET_REVENUE_SHARE,row_net_revenue / month_channel_net_revenue,COMMERCIAL_COSTS,DERIVED,false,false
VN000000731,ORD00000731,2024-01-01,2024-01-01,SKU011,CUS03,CH01,VN,Central,3000,35000,105000000.0,4200000.0,630000.0,0,0,100170000.0,31500000.0,1.405777,44281977.9,3682906.28,2630647.34,1202040.0,48372428.48,NET_REVENUE_SHARE,row_net_revenue / month_channel_net_revenue,COMMERCIAL_COSTS,DERIVED,false,false
VN000000732,ORD00000732,2024-01-01,2024-01-01,SKU012,CUS04,CH01,VN,North,5000,29000,145000000.0,5800000.0,870000.0,0,0,138330000.0,56550000.0,1.405777,79496693.63,5085918.2,3632798.71,1659960.0,48454629.46,NET_REVENUE_SHARE,row_net_revenue / month_channel_net_revenue,COMMERCIAL_COSTS,DERIVED,false,false
VN000000733,ORD00000733,2024-01-01,2024-01-01,SKU001,CUS04,CH02,VN,North,6000,31000,186000000.0,7440000.0,1116000.0,0,0,177444000.0,74400000.0,1.407978,104753533.75,8433274.13,6934025.39,2129328.0,55193838.73,NET_REVENUE_SHARE,row_net_revenue / month_channel_net_revenue,COMMERCIAL_COSTS,DERIVED,false,false
VN000000734,ORD00000734,2024-01-01,2024-01-01,SKU002,CUS05,CH02,VN,South,4000,36000,144000000.0,5760000.0,864000.0,0,0,137376000.0,51840000.0,1.407978,72989559.0,6528986.42,5368277.72,1648512.0,50840664.86,NET_REVENUE_SHARE,row_net_revenue / month_channel_net_revenue,COMMERCIAL_COSTS,DERIVED,false,false
VN000000735,ORD00000735,2024-01-01,2024-01-01,SKU003,CUS06,CH02,VN,Central,4000,32000,128000000.0,5120000.0,768000.0,0,0,122112000.0,48640000.0,1.407978,68484030.67,5803543.49,4771802.42,1465344.0,41587279.42,NET_REVENUE_SHARE,row_net_revenue / month_channel_net_revenue,COMMERCIAL_COSTS,DERIVED,false,false
VN000000736,ORD00000736,2024-01-01,2024-01-01,SKU004,CUS07,CH02,VN,North,5000,28000,140000000.0,5600000.0,840000.0,0,0,133560000.0,61600000.0,1.407978,86731420.42,6347625.69,5219158.9,1602720.0,33659074.99,NET_REVENUE_SHARE,row_net_revenue / month_channel_net_revenue,COMMERCIAL_COSTS,DERIVED,false,false
VN000000737,ORD00000737,2024-01-01,2024-01-01,SKU005,CUS08,CH02,VN,South,4000,27000,108000000.0,4320000.0,648000.0,0,0,103032000.0,49680000.0,1.407978,69948327.38,4896739.82,4026208.29,1236384.0,22924340.51,NET_REVENUE_SHARE,row_net_revenue / month_channel_net_revenue,COMMERCIAL_COSTS,DERIVED,false,false
VN000000738,ORD00000738,2024-01-01,2024-01-01,SKU006,CUS09,CH02,VN,Central,3000,30000,90000000.0,3600000.0,540000.0,0,0,85860000.0,37800000.0,1.407978,53221553.44,4080616.51,3355173.58,1030320.0,24172336.47,NET_REVENUE_SHARE,row_net_revenue / month_channel_net_revenue,COMMERCIAL_COSTS,DERIVED,false,false
VN000000739,ORD00000739,2024-01-01,2024-01-01,SKU007,CUS10,CH02,VN,North,6000,23000,138000000.0,5520000.0,828000.0,0,0,131652000.0,75900000.0,1.407978,106865500.16,6256945.32,5144599.49,1579824.0,11805131.03,NET_REVENUE_SHARE,row_net_revenue / month_channel_net_revenue,COMMERCIAL_COSTS,DERIVED,false,false
VN000000740,ORD00000740,2024-01-01,2024-01-01,SKU008,CUS01,CH02,VN,North,5000,25000,125000000.0,5000000.0,750000.0,0,0,119250000.0,65000000.0,1.407978,91518544.27,5667522.94,4659963.3,1431000.0,15972969.49,NET_REVENUE_SHARE,row_net_revenue / month_channel_net_revenue,COMMERCIAL_COSTS,DERIVED,false,false
VN000000741,ORD00000741,2024-01-01,2024-01-01,SKU009,CUS02,CH02,VN,South,5000,21000,105000000.0,4200000.0,630000.0,0,0,100170000.0,60900000.0,1.407978,85745836.1,4760719.27,3914369.17,1202040.0,4547035.46,NET_REVENUE_SHARE,row_net_revenue / month_channel_net_revenue,COMMERCIAL_COSTS,DERIVED,false,false
VN000000742,ORD00000742,2024-01-01,2024-01-01,SKU010,CUS03,CH02,VN,Central,4000,24000,96000000.0,3840000.0,576000.0,0,0,91584000.0,48000000.0,1.407978,67582925.0,4352657.61,3578851.82,1099008.0,14970557.57,NET_REVENUE_SHARE,row_net_revenue / month_channel_net_revenue,COMMERCIAL_COSTS,DERIVED,false,false
VN000000743,ORD00000743,2024-01-01,2024-01-01,SKU011,CUS04,CH02,VN,North,2000,35000,70000000.0,2800000.0,420000.0,0,0,66780000.0,21000000.0,1.407978,29567529.69,3173812.84,2609579.45,801360.0,30627718.02,NET_REVENUE_SHARE,row_net_revenue / month_channel_net_revenue,COMMERCIAL_COSTS,DERIVED,false,false
VN000000744,ORD00000744,2024-01-01,2024-01-01,SKU012,CUS05,CH02,VN,South,3000,29000,87000000.0,3480000.0,522000.0,0,0,82998000.0,33930000.0,1.407978,47772680.12,3944595.96,3243334.46,995976.0,27041413.46,NET_REVENUE_SHARE,row_net_revenue / month_channel_net_revenue,COMMERCIAL_COSTS,DERIVED,false,false
VN000000745,ORD00000745,2024-01-01,2024-01-01,SKU001,CUS05,CH03,VN,South,4000,31000,124000000.0,8060000.0,744000.0,0,0,115196000.0,49600000.0,1.489486,73878524.43,14860112.58,3095856.79,1382352.0,21979154.2,NET_REVENUE_SHARE,row_net_revenue / month_channel_net_revenue,COMMERCIAL_COSTS,DERIVED,false,false
VN000000746,ORD00000746,2024-01-01,2024-01-01,SKU002,CUS06,CH03,VN,Central,3000,36000,108000000.0,7020000.0,648000.0,0,0,100332000.0,38880000.0,1.489486,57911230.44,12942678.7,2696391.4,1203984.0,25577715.46,NET_REVENUE_SHARE,row_net_revenue / month_channel_net_revenue,COMMERCIAL_COSTS,DERIVED,false,false
VN000000747,ORD00000747,2024-01-01,2024-01-01,SKU003,CUS07,CH03,VN,North,3000,32000,96000000.0,6240000.0,576000.0,0,0,89184000.0,36480000.0,1.489486,54336463.13,11504603.29,2396792.35,1070208.0,19875933.23,NET_REVENUE_SHARE,row_net_revenue / month_channel_net_revenue,COMMERCIAL_COSTS,DERIVED,false,false
VN000000748,ORD00000748,2024-01-01,2024-01-01,SKU004,CUS08,CH03,VN,South,4000,28000,112000000.0,7280000.0,672000.0,0,0,104048000.0,49280000.0,1.489486,73401888.79,13422037.17,2796257.74,1248576.0,13179240.3,NET_REVENUE_SHARE,row_net_revenue / month_channel_net_revenue,COMMERCIAL_COSTS,DERIVED,false,false
VN000000749,ORD00000749,2024-01-01,2024-01-01,SKU005,CUS09,CH03,VN,Central,3000,27000,81000000.0,5265000.0,486000.0,0,0,75249000.0,37260000.0,1.489486,55498262.5,9707009.02,2022293.55,902988.0,7118446.93,NET_REVENUE_SHARE,row_net_revenue / month_channel_net_revenue,COMMERCIAL_COSTS,DERIVED,false,false
VN000000750,ORD00000750,2024-01-01,2024-01-01,SKU006,CUS10,CH03,VN,North,2000,30000,60000000.0,3900000.0,360000.0,0,0,55740000.0,25200000.0,1.489486,37535056.77,7190377.05,1497995.22,668880.0,8847690.96,NET_REVENUE_SHARE,row_net_revenue / month_channel_net_revenue,COMMERCIAL_COSTS,DERIVED,false,false
VN000000751,ORD00000751,2024-01-01,2024-01-01,SKU007,CUS01,CH03,VN,North,4000,23000,92000000.0,5980000.0,552000.0,0,0,85468000.0,50600000.0,1.489486,75368010.81,11025244.82,2296926.0,1025616.0,-4247797.63,NET_REVENUE_SHARE,row_net_revenue / month_channel_net_revenue,COMMERCIAL_COSTS,DERIVED,false,false
VN000000752,ORD00000752,2024-01-01,2024-01-01,SKU008,CUS02,CH03,VN,South,3000,25000,75000000.0,4875000.0,450000.0,0,0,69675000.0,39000000.0,1.489486,58089968.8,8987971.32,1872494.02,836100.0,-111534.14,NET_REVENUE_SHARE,row_net_revenue / month_channel_net_revenue,COMMERCIAL_COSTS,DERIVED,false,false
VN000000753,ORD00000753,2024-01-01,2024-01-01,SKU009,CUS03,CH03,VN,Central,4000,21000,84000000.0,5460000.0,504000.0,0,0,78036000.0,48720000.0,1.489486,72567776.41,10066527.88,2097193.31,936432.0,-7631929.6,NET_REVENUE_SHARE,row_net_revenue / month_channel_net_revenue,COMMERCIAL_COSTS,DERIVED,false,false
VN000000754,ORD00000754,2024-01-01,2024-01-01,SKU010,CUS04,CH03,VN,North,3000,24000,72000000.0,4680000.0,432000.0,0,0,66888000.0,36000000.0,1.489486,53621509.66,8628452.46,1797594.26,802656.0,2037787.62,NET_REVENUE_SHARE,row_net_revenue / month_channel_net_revenue,COMMERCIAL_COSTS,DERIVED,false,false
VN000000755,ORD00000755,2024-01-01,2024-01-01,SKU011,CUS05,CH03,VN,South,2000,35000,70000000.0,4550000.0,420000.0,0,0,65030000.0,21000000.0,1.489486,31279213.97,8388773.23,1747661.09,780360.0,22833991.71,NET_REVENUE_SHARE,row_net_revenue / month_channel_net_revenue,COMMERCIAL_COSTS,DERIVED,false,false
VN000000756,ORD00000756,2024-01-01,2024-01-01,SKU012,CUS06,CH03,VN,Central,3000,29000,87000000.0,5655000.0,522000.0,0,0,80823000.0,33930000.0,1.489486,50538272.85,10426046.73,2172093.07,969876.0,16716711.35,NET_REVENUE_SHARE,row_net_revenue / month_channel_net_revenue,COMMERCIAL_COSTS,DERIVED,false,false
VN000000757,ORD00000757,2024-01-01,2024-01-01,SKU001,CUS06,CH04,VN,Central,2000,31000,62000000.0,2480000.0,1116000.0,0,0,58404000.0,24800000.0,1.381546,34262342.73,4898624.46,1530820.14,700848.0,17011364.67,NET_REVENUE_SHARE,row_net_revenue / month_channel_net_revenue,COMMERCIAL_COSTS,DERIVED,false,false
VN000000758,ORD00000758,2024-01-01,2024-01-01,SKU002,CUS07,CH04,VN,North,2000,36000,72000000.0,2880000.0,1296000.0,0,0,67824000.0,25920000.0,1.381546,35809674.34,5688725.18,1777726.62,813888.0,23733985.86,NET_REVENUE_SHARE,row_net_revenue / month_channel_net_revenue,COMMERCIAL_COSTS,DERIVED,false,false
VN000000759,ORD00000759,2024-01-01,2024-01-01,SKU003,CUS08,CH04,VN,South,1000,32000,32000000.0,1280000.0,576000.0,0,0,30144000.0,12160000.0,1.381546,16799600.31,2528322.3,790100.72,361728.0,9664248.67,NET_REVENUE_SHARE,row_net_revenue / month_channel_net_revenue,COMMERCIAL_COSTS,DERIVED,false,false
VN000000760,ORD00000760,2024-01-01,2024-01-01,SKU004,CUS09,CH04,VN,Central,2000,28000,56000000.0,2240000.0,1008000.0,0,0,52752000.0,24640000.0,1.381546,34041295.36,4424564.03,1382676.26,633024.0,12270440.35,NET_REVENUE_SHARE,row_net_revenue / month_channel_net_revenue,COMMERCIAL_COSTS,DERIVED,false,false
VN000000761,ORD00000761,2024-01-01,2024-01-01,SKU005,CUS10,CH04,VN,North,2000,27000,54000000.0,2160000.0,972000.0,0,0,50868000.0,24840000.0,1.381546,34317604.58,4266543.88,1333294.96,610416.0,10340140.58,NET_REVENUE_SHARE,row_net_revenue / month_channel_net_revenue,COMMERCIAL_COSTS,DERIVED,false,false
VN000000762,ORD00000762,2024-01-01,2024-01-01,SKU006,CUS01,CH04,VN,North,1000,30000,30000000.0,1200000.0,540000.0,0,0,28260000.0,12600000.0,1.381546,17407480.58,2370302.16,740719.42,339120.0,7402377.84,NET_REVENUE_SHARE,row_net_revenue / month_channel_net_revenue,COMMERCIAL_COSTS,DERIVED,false,false
VN000000763,ORD00000763,2024-01-01,2024-01-01,SKU007,CUS02,CH04,VN,South,2000,23000,46000000.0,1840000.0,828000.0,0,0,43332000.0,25300000.0,1.381546,34953115.77,3634463.31,1135769.78,519984.0,3088667.14,NET_REVENUE_SHARE,row_net_revenue / month_channel_net_revenue,COMMERCIAL_COSTS,DERIVED,false,false
VN000000764,ORD00000764,2024-01-01,2024-01-01,SKU008,CUS03,CH04,VN,Central,2000,25000,50000000.0,2000000.0,900000.0,0,0,47100000.0,26000000.0,1.381546,35920198.03,3950503.6,1234532.37,565200.0,5429566.0,NET_REVENUE_SHARE,row_net_revenue / month_channel_net_revenue,COMMERCIAL_COSTS,DERIVED,false,false
VN000000765,ORD00000765,2024-01-01,2024-01-01,SKU009,CUS04,CH04,VN,North,2000,21000,42000000.0,1680000.0,756000.0,0,0,39564000.0,24360000.0,1.381546,33654462.46,3318423.02,1037007.19,474768.0,1079339.33,NET_REVENUE_SHARE,row_net_revenue / month_channel_net_revenue,COMMERCIAL_COSTS,DERIVED,false,false
VN000000766,ORD00000766,2024-01-01,2024-01-01,SKU010,CUS05,CH04,VN,South,2000,24000,48000000.0,1920000.0,864000.0,0,0,45216000.0,24000000.0,1.381546,33157105.87,3792483.45,1185151.08,542592.0,6538667.6,NET_REVENUE_SHARE,row_net_revenue / month_channel_net_revenue,COMMERCIAL_COSTS,DERIVED,false,false
VN000000767,ORD00000767,2024-01-01,2024-01-01,SKU011,CUS06,CH04,VN,Central,1000,35000,35000000.0,1400000.0,630000.0,0,0,32970000.0,10500000.0,1.381546,14506233.82,2765352.52,864172.66,395640.0,14438601.0,NET_REVENUE_SHARE,row_net_revenue / month_channel_net_revenue,COMMERCIAL_COSTS,DERIVED,false,false
VN000000768,ORD00000768,2024-01-01,2024-01-01,SKU012,CUS07,CH04,VN,North,1000,29000,29000000.0,1160000.0,522000.0,0,0,27318000.0,11310000.0,1.381546,15625286.15,2291292.09,716028.78,327816.0,8357576.98,NET_REVENUE_SHARE,row_net_revenue / month_channel_net_revenue,COMMERCIAL_COSTS,DERIVED,false,false
VN000000769,ORD00000769,2024-01-01,2024-01-01,SKU001,CUS07,CH05,VN,North,3000,31000,93000000.0,3720000.0,558000.0,0,0,88722000.0,37200000.0,1.277782,47533495.19,1697556.57,2121945.71,1064664.0,36304338.53,NET_REVENUE_SHARE,row_net_revenue / month_channel_net_revenue,COMMERCIAL_COSTS,DERIVED,false,false
VN000000770,ORD00000770,2024-01-01,2024-01-01,SKU002,CUS08,CH05,VN,South,2000,36000,72000000.0,2880000.0,432000.0,0,0,68688000.0,25920000.0,1.277782,33120112.78,1314237.34,1642796.68,824256.0,31786597.2,NET_REVENUE_SHARE,row_net_revenue / month_channel_net_revenue,COMMERCIAL_COSTS,DERIVED,false,false
VN000000771,ORD00000771,2024-01-01,2024-01-01,SKU003,CUS09,CH05,VN,Central,2000,32000,64000000.0,2560000.0,384000.0,0,0,61056000.0,24320000.0,1.277782,31075661.37,1168210.97,1460263.71,732672.0,26619191.95,NET_REVENUE_SHARE,row_net_revenue / month_channel_net_revenue,COMMERCIAL_COSTS,DERIVED,false,false
VN000000772,ORD00000772,2024-01-01,2024-01-01,SKU004,CUS10,CH05,VN,North,2000,28000,56000000.0,2240000.0,336000.0,0,0,53424000.0,24640000.0,1.277782,31484551.65,1022184.6,1277730.75,641088.0,18998445.0,NET_REVENUE_SHARE,row_net_revenue / month_channel_net_revenue,COMMERCIAL_COSTS,DERIVED,false,false
VN000000773,ORD00000773,2024-01-01,2024-01-01,SKU005,CUS01,CH05,VN,North,2000,27000,54000000.0,2160000.0,324000.0,0,0,51516000.0,24840000.0,1.277782,31740108.08,985678.01,1232097.51,618192.0,16939924.4,NET_REVENUE_SHARE,row_net_revenue / month_channel_net_revenue,COMMERCIAL_COSTS,DERIVED,false,false
VN000000774,ORD00000774,2024-01-01,2024-01-01,SKU006,CUS02,CH05,VN,South,2000,30000,60000000.0,2400000.0,360000.0,0,0,57240000.0,25200000.0,1.277782,32200109.64,1095197.78,1368997.23,686880.0,21888815.35,NET_REVENUE_SHARE,row_net_revenue / month_channel_net_revenue,COMMERCIAL_COSTS,DERIVED,false,false
VN000000775,ORD00000775,2024-01-01,2024-01-01,SKU007,CUS03,CH05,VN,Central,3000,23000,69000000.0,2760000.0,414000.0,0,0,65826000.0,37950000.0,1.277782,48491831.78,1259477.45,1574346.81,789912.0,13710431.96,NET_REVENUE_SHARE,row_net_revenue / month_channel_net_revenue,COMMERCIAL_COSTS,DERIVED,false,false
VN000000776,ORD00000776,2024-01-01,2024-01-01,SKU008,CUS04,CH05,VN,North,2000,25000,50000000.0,2000000.0,300000.0,0,0,47700000.0,26000000.0,1.277782,33222335.35,912664.82,1140831.02,572400.0,11851768.81,NET_REVENUE_SHARE,row_net_revenue / month_channel_net_revenue,COMMERCIAL_COSTS,DERIVED,false,false
VN000000777,ORD00000777,2024-01-01,2024-01-01,SKU009,CUS05,CH05,VN,South,3000,21000,63000000.0,2520000.0,378000.0,0,0,60102000.0,36540000.0,1.277782,46690158.98,1149957.67,1437447.09,721224.0,10103212.26,NET_REVENUE_SHARE,row_net_revenue / month_channel_net_revenue,COMMERCIAL_COSTS,DERIVED,false,false
VN000000778,ORD00000778,2024-01-01,2024-01-01,SKU010,CUS06,CH05,VN,Central,2000,24000,48000000.0,1920000.0,288000.0,0,0,45792000.0,24000000.0,1.277782,30666771.09,876158.23,1095197.78,549504.0,12604368.9,NET_REVENUE_SHARE,row_net_revenue / month_channel_net_revenue,COMMERCIAL_COSTS,DERIVED,false,false
VN000000779,ORD00000779,2024-01-01,2024-01-01,SKU011,CUS07,CH05,VN,North,1000,35000,35000000.0,1400000.0,210000.0,0,0,33390000.0,10500000.0,1.277782,13416712.35,638865.37,798581.72,400680.0,18135160.56,NET_REVENUE_SHARE,row_net_revenue / month_channel_net_revenue,COMMERCIAL_COSTS,DERIVED,false,false
VN000000780,ORD00000780,2024-01-01,2024-01-01,SKU012,CUS08,CH05,VN,South,2000,29000,58000000.0,2320000.0,348000.0,0,0,55332000.0,22620000.0,1.277782,28903431.74,1058691.19,1323363.99,663984.0,23382529.08,NET_REVENUE_SHARE,row_net_revenue / month_channel_net_revenue,COMMERCIAL_COSTS,DERIVED,false,false
VN000000781,ORD00000781,2024-02-01,2024-02-01,SKU001,CUS04,CH01,VN,North,7000,31000,217000000.0,8680000.0,1302000.0,0,0,207018000.0,86800000.0,1.433422,124421036.11,7770942.4,5550673.14,2484216.0,66791132.35,NET_REVENUE_SHARE,row_net_revenue / month_channel_net_revenue,COMMERCIAL_COSTS,DERIVED,false,false
VN000000782,ORD00000782,2024-02-01,2024-02-01,SKU002,CUS05,CH01,VN,South,5000,36000,180000000.0,7200000.0,1080000.0,0,0,171720000.0,64800000.0,1.433422,92885750.46,6445943.0,4604245.0,2060640.0,65723421.54,NET_REVENUE_SHARE,row_net_revenue / month_channel_net_revenue,COMMERCIAL_COSTS,DERIVED,false,false
VN000000783,ORD00000783,2024-02-01,2024-02-01,SKU003,CUS06,CH01,VN,Central,5000,32000,160000000.0,6400000.0,960000.0,0,0,152640000.0,60800000.0,1.433422,87152062.16,5729727.11,4092662.22,1831680.0,53833868.51,NET_REVENUE_SHARE,row_net_revenue / month_channel_net_revenue,COMMERCIAL_COSTS,DERIVED,false,false
VN000000784,ORD00000784,2024-02-01,2024-02-01,SKU004,CUS07,CH01,VN,North,7000,28000,196000000.0,7840000.0,1176000.0,0,0,186984000.0,86240000.0,1.433422,123618319.75,7018915.72,5013511.23,2243808.0,49089445.3,NET_REVENUE_SHARE,row_net_revenue / month_channel_net_revenue,COMMERCIAL_COSTS,DERIVED,false,false
VN000000785,ORD00000785,2024-02-01,2024-02-01,SKU005,CUS08,CH01,VN,South,5000,27000,135000000.0,5400000.0,810000.0,0,0,128790000.0,62100000.0,1.433422,89015510.86,4834457.25,3453183.75,1545480.0,29941368.14,NET_REVENUE_SHARE,row_net_revenue / month_channel_net_revenue,COMMERCIAL_COSTS,DERIVED,false,false
VN000000786,ORD00000786,2024-02-01,2024-02-01,SKU006,CUS09,CH01,VN,Central,4000,30000,120000000.0,4800000.0,720000.0,0,0,114480000.0,50400000.0,1.433422,72244472.58,4297295.34,3069496.67,1373760.0,33494975.41,NET_REVENUE_SHARE,row_net_revenue / month_channel_net_revenue,COMMERCIAL_COSTS,DERIVED,false,false
VN000000787,ORD00000787,2024-02-01,2024-02-01,SKU007,CUS10,CH01,VN,North,7000,23000,161000000.0,6440000.0,966000.0,0,0,153594000.0,88550000.0,1.433422,126929524.75,5765537.91,4118241.36,1843128.0,14937567.98,NET_REVENUE_SHARE,row_net_revenue / month_channel_net_revenue,COMMERCIAL_COSTS,DERIVED,false,false
VN000000788,ORD00000788,2024-02-01,2024-02-01,SKU008,CUS01,CH01,VN,North,6000,25000,150000000.0,6000000.0,900000.0,0,0,143100000.0,78000000.0,1.433422,111806921.85,5371619.17,3836870.84,1717200.0,20367388.14,NET_REVENUE_SHARE,row_net_revenue / month_channel_net_revenue,COMMERCIAL_COSTS,DERIVED,false,false
VN000000789,ORD00000789,2024-02-01,2024-02-01,SKU009,CUS02,CH01,VN,South,7000,21000,147000000.0,5880000.0,882000.0,0,0,140238000.0,85260000.0,1.433422,122213566.12,5264186.79,3760133.42,1682856.0,7317257.67,NET_REVENUE_SHARE,row_net_revenue / month_channel_net_revenue,COMMERCIAL_COSTS,DERIVED,false,false
VN000000790,ORD00000790,2024-02-01,2024-02-01,SKU010,CUS03,CH01,VN,Central,5000,24000,120000000.0,4800000.0,720000.0,0,0,114480000.0,60000000.0,1.433422,86005324.5,4297295.34,3069496.67,1373760.0,19734123.49,NET_REVENUE_SHARE,row_net_revenue / month_channel_net_revenue,COMMERCIAL_COSTS,DERIVED,false,false
VN000000791,ORD00000791,2024-02-01,2024-02-01,SKU011,CUS04,CH01,VN,North,3000,35000,105000000.0,4200000.0,630000.0,0,0,100170000.0,31500000.0,1.433422,45152795.36,3760133.42,2685809.58,1202040.0,47369221.64,NET_REVENUE_SHARE,row_net_revenue / month_channel_net_revenue,COMMERCIAL_COSTS,DERIVED,false,false
VN000000792,ORD00000792,2024-02-01,2024-02-01,SKU012,CUS05,CH01,VN,South,4000,29000,116000000.0,4640000.0,696000.0,0,0,110664000.0,45240000.0,1.433422,64848014.7,4154052.16,2967180.11,1327968.0,37366785.03,NET_REVENUE_SHARE,row_net_revenue / month_channel_net_revenue,COMMERCIAL_COSTS,DERIVED,false,false
VN000000793,ORD00000793,2024-02-01,2024-02-01,SKU001,CUS05,CH02,VN,South,5000,31000,155000000.0,6200000.0,930000.0,0,0,147870000.0,62000000.0,1.422345,88185413.01,7115074.91,5850172.7,1774440.0,44944899.38,NET_REVENUE_SHARE,row_net_revenue / month_channel_net_revenue,COMMERCIAL_COSTS,DERIVED,false,false
VN000000794,ORD00000794,2024-02-01,2024-02-01,SKU002,CUS06,CH02,VN,Central,4000,36000,144000000.0,5760000.0,864000.0,0,0,137376000.0,51840000.0,1.422345,73734384.04,6610134.11,5434999.16,1648512.0,49947970.69,NET_REVENUE_SHARE,row_net_revenue / month_channel_net_revenue,COMMERCIAL_COSTS,DERIVED,false,false
VN000000795,ORD00000795,2024-02-01,2024-02-01,SKU003,CUS07,CH02,VN,North,4000,32000,128000000.0,5120000.0,768000.0,0,0,122112000.0,48640000.0,1.422345,69182878.85,5875674.76,4831110.36,1465344.0,40756992.03,NET_REVENUE_SHARE,row_net_revenue / month_channel_net_revenue,COMMERCIAL_COSTS,DERIVED,false,false
VN000000796,ORD00000796,2024-02-01,2024-02-01,SKU004,CUS08,CH02,VN,South,5000,28000,140000000.0,5600000.0,840000.0,0,0,133560000.0,61600000.0,1.422345,87616474.86,6426519.27,5284026.96,1602720.0,32630258.91,NET_REVENUE_SHARE,row_net_revenue / month_channel_net_revenue,COMMERCIAL_COSTS,DERIVED,false,false
VN000000797,ORD00000797,2024-02-01,2024-02-01,SKU005,CUS09,CH02,VN,Central,4000,27000,108000000.0,4320000.0,648000.0,0,0,103032000.0,49680000.0,1.422345,70662118.04,4957600.58,4076249.37,1236384.0,22099648.01,NET_REVENUE_SHARE,row_net_revenue / month_channel_net_revenue,COMMERCIAL_COSTS,DERIVED,false,false
VN000000798,ORD00000798,2024-02-01,2024-02-01,SKU006,CUS10,CH02,VN,North,3000,30000,90000000.0,3600000.0,540000.0,0,0,85860000.0,37800000.0,1.422345,53764655.03,4131333.82,3396874.47,1030320.0,23536816.68,NET_REVENUE_SHARE,row_net_revenue / month_channel_net_revenue,COMMERCIAL_COSTS,DERIVED,false,false
VN000000799,ORD00000799,2024-02-01,2024-02-01,SKU007,CUS01,CH02,VN,North,6000,23000,138000000.0,5520000.0,828000.0,0,0,131652000.0,75900000.0,1.422345,107956013.67,6334711.85,5208540.86,1579824.0,10572909.62,NET_REVENUE_SHARE,row_net_revenue / month_channel_net_revenue,COMMERCIAL_COSTS,DERIVED,false,false
VN000000800,ORD00000800,2024-02-01,2024-02-01,SKU008,CUS02,CH02,VN,South,5000,25000,125000000.0,5000000.0,750000.0,0,0,119250000.0,65000000.0,1.422345,92452449.13,5737963.64,4717881.21,1431000.0,14910706.02,NET_REVENUE_SHARE,row_net_revenue / month_channel_net_revenue,COMMERCIAL_COSTS,DERIVED,false,false
VN000000801,ORD00000801,2024-02-01,2024-02-01,SKU009,CUS03,CH02,VN,Central,5000,21000,105000000.0,4200000.0,630000.0,0,0,100170000.0,60900000.0,1.422345,86620833.1,4819889.45,3963020.22,1202040.0,3564217.23,NET_REVENUE_SHARE,row_net_revenue / month_channel_net_revenue,COMMERCIAL_COSTS,DERIVED,false,false
VN000000802,ORD00000802,2024-02-01,2024-02-01,SKU010,CUS04,CH02,VN,North,4000,24000,96000000.0,3840000.0,576000.0,0,0,91584000.0,48000000.0,1.422345,68272577.82,4406756.07,3623332.77,1099008.0,14182325.34,NET_REVENUE_SHARE,row_net_revenue / month_channel_net_revenue,COMMERCIAL_COSTS,DERIVED,false,false
VN000000803,ORD00000803,2024-02-01,2024-02-01,SKU011,CUS05,CH02,VN,South,2000,35000,70000000.0,2800000.0,420000.0,0,0,66780000.0,21000000.0,1.422345,29869252.79,3213259.64,2642013.48,801360.0,30254114.09,NET_REVENUE_SHARE,row_net_revenue / month_channel_net_revenue,COMMERCIAL_COSTS,DERIVED,false,false
VN000000804,ORD00000804,2024-02-01,2024-02-01,SKU012,CUS06,CH02,VN,Central,3000,29000,87000000.0,3480000.0,522000.0,0,0,82998000.0,33930000.0,1.422345,48260178.46,3993622.69,3283645.32,995976.0,26464577.53,NET_REVENUE_SHARE,row_net_revenue / month_channel_net_revenue,COMMERCIAL_COSTS,DERIVED,false,false
VN000000805,ORD00000805,2024-02-01,2024-02-01,SKU001,CUS06,CH03,VN,Central,4000,31000,124000000.0,8060000.0,744000.0,0,0,115196000.0,49600000.0,1.483264,73569884.38,14798031.94,3082923.32,1382352.0,22362808.36,NET_REVENUE_SHARE,row_net_revenue / month_channel_net_revenue,COMMERCIAL_COSTS,DERIVED,false,false
VN000000806,ORD00000806,2024-02-01,2024-02-01,SKU002,CUS07,CH03,VN,North,3000,36000,108000000.0,7020000.0,648000.0,0,0,100332000.0,38880000.0,1.483264,57669296.47,12888608.47,2685126.76,1203984.0,25884984.3,NET_REVENUE_SHARE,row_net_revenue / month_channel_net_revenue,COMMERCIAL_COSTS,DERIVED,false,false
VN000000807,ORD00000807,2024-02-01,2024-02-01,SKU003,CUS08,CH03,VN,South,3000,32000,96000000.0,6240000.0,576000.0,0,0,89184000.0,36480000.0,1.483264,54109463.35,11456540.86,2386779.35,1070208.0,20161008.44,NET_REVENUE_SHARE,row_net_revenue / month_channel_net_revenue,COMMERCIAL_COSTS,DERIVED,false,false
VN000000808,ORD00000808,2024-02-01,2024-02-01,SKU004,CUS09,CH03,VN,Central,4000,28000,112000000.0,7280000.0,672000.0,0,0,104048000.0,49280000.0,1.483264,73095239.96,13365964.33,2784575.9,1248576.0,13553643.81,NET_REVENUE_SHARE,row_net_revenue / month_channel_net_revenue,COMMERCIAL_COSTS,DERIVED,false,false
VN000000809,ORD00000809,2024-02-01,2024-02-01,SKU005,CUS10,CH03,VN,North,3000,27000,81000000.0,5265000.0,486000.0,0,0,75249000.0,37260000.0,1.483264,55266409.11,9666456.35,2013845.07,902988.0,7399301.47,NET_REVENUE_SHARE,row_net_revenue / month_channel_net_revenue,COMMERCIAL_COSTS,DERIVED,false,false
VN000000810,ORD00000810,2024-02-01,2024-02-01,SKU006,CUS01,CH03,VN,North,2000,30000,60000000.0,3900000.0,360000.0,0,0,55740000.0,25200000.0,1.483264,37378247.71,7160338.04,1491737.09,668880.0,9040797.16,NET_REVENUE_SHARE,row_net_revenue / month_channel_net_revenue,COMMERCIAL_COSTS,DERIVED,false,false
VN000000811,ORD00000811,2024-02-01,2024-02-01,SKU007,CUS02,CH03,VN,South,4000,23000,92000000.0,5980000.0,552000.0,0,0,85468000.0,50600000.0,1.483264,75053148.18,10979184.99,2287330.21,1025616.0,-3877279.38,NET_REVENUE_SHARE,row_net_revenue / month_channel_net_revenue,COMMERCIAL_COSTS,DERIVED,false,false
VN000000812,ORD00000812,2024-02-01,2024-02-01,SKU008,CUS03,CH03,VN,Central,3000,25000,75000000.0,4875000.0,450000.0,0,0,69675000.0,39000000.0,1.483264,57847288.12,8950422.55,1864671.36,836100.0,176517.97,NET_REVENUE_SHARE,row_net_revenue / month_channel_net_revenue,COMMERCIAL_COSTS,DERIVED,false,false
VN000000813,ORD00000813,2024-02-01,2024-02-01,SKU009,CUS04,CH03,VN,North,4000,21000,84000000.0,5460000.0,504000.0,0,0,78036000.0,48720000.0,1.483264,72264612.24,10024473.25,2088431.93,936432.0,-7277949.42,NET_REVENUE_SHARE,row_net_revenue / month_channel_net_revenue,COMMERCIAL_COSTS,DERIVED,false,false
VN000000814,ORD00000814,2024-02-01,2024-02-01,SKU010,CUS05,CH03,VN,South,3000,24000,72000000.0,4680000.0,432000.0,0,0,66888000.0,36000000.0,1.483264,53397496.73,8592405.64,1790084.51,802656.0,2305357.12,NET_REVENUE_SHARE,row_net_revenue / month_channel_net_revenue,COMMERCIAL_COSTS,DERIVED,false,false
VN000000815,ORD00000815,2024-02-01,2024-02-01,SKU011,CUS06,CH03,VN,Central,2000,35000,70000000.0,4550000.0,420000.0,0,0,65030000.0,21000000.0,1.483264,31148539.76,8353727.71,1740359.94,780360.0,23007012.59,NET_REVENUE_SHARE,row_net_revenue / month_channel_net_revenue,COMMERCIAL_COSTS,DERIVED,false,false
VN000000816,ORD00000816,2024-02-01,2024-02-01,SKU012,CUS07,CH03,VN,North,3000,29000,87000000.0,5655000.0,522000.0,0,0,80823000.0,33930000.0,1.483264,50327140.66,10382490.15,2163018.78,969876.0,16980474.41,NET_REVENUE_SHARE,row_net_revenue / month_channel_net_revenue,COMMERCIAL_COSTS,DERIVED,false,false
VN000000817,ORD00000817,2024-02-01,2024-02-01,SKU001,CUS07,CH04,VN,North,2000,31000,62000000.0,2480000.0,1116000.0,0,0,58404000.0,24800000.0,1.368117,33929303.18,4851008.46,1515940.14,700848.0,17406900.22,NET_REVENUE_SHARE,row_net_revenue / month_channel_net_revenue,COMMERCIAL_COSTS,DERIVED,false,false
VN000000818,ORD00000818,2024-02-01,2024-02-01,SKU002,CUS08,CH04,VN,South,2000,36000,72000000.0,2880000.0,1296000.0,0,0,67824000.0,25920000.0,1.368117,35461594.29,5633429.18,1760446.62,813888.0,24154641.91,NET_REVENUE_SHARE,row_net_revenue / month_channel_net_revenue,COMMERCIAL_COSTS,DERIVED,false,false
VN000000819,ORD00000819,2024-02-01,2024-02-01,SKU003,CUS09,CH04,VN,Central,1000,32000,32000000.0,1280000.0,576000.0,0,0,30144000.0,12160000.0,1.368117,16636303.49,2503746.3,782420.72,361728.0,9859801.49,NET_REVENUE_SHARE,row_net_revenue / month_channel_net_revenue,COMMERCIAL_COSTS,DERIVED,false,false
VN000000820,ORD00000820,2024-02-01,2024-02-01,SKU004,CUS10,CH04,VN,North,2000,28000,56000000.0,2240000.0,1008000.0,0,0,52752000.0,24640000.0,1.368117,33710404.45,4381556.03,1369236.26,633024.0,12657779.26,NET_REVENUE_SHARE,row_net_revenue / month_channel_net_revenue,COMMERCIAL_COSTS,DERIVED,false,false
VN000000821,ORD00000821,2024-02-01,2024-02-01,SKU005,CUS01,CH04,VN,North,2000,27000,54000000.0,2160000.0,972000.0,0,0,50868000.0,24840000.0,1.368117,33984027.86,4225071.88,1320334.96,610416.0,10728149.3,NET_REVENUE_SHARE,row_net_revenue / month_channel_net_revenue,COMMERCIAL_COSTS,DERIVED,false,false
VN000000822,ORD00000822,2024-02-01,2024-02-01,SKU006,CUS02,CH04,VN,South,1000,30000,30000000.0,1200000.0,540000.0,0,0,28260000.0,12600000.0,1.368117,17238275.0,2347262.16,733519.42,339120.0,7601823.42,NET_REVENUE_SHARE,row_net_revenue / month_channel_net_revenue,COMMERCIAL_COSTS,DERIVED,false,false
VN000000823,ORD00000823,2024-02-01,2024-02-01,SKU007,CUS03,CH04,VN,Central,2000,23000,46000000.0,1840000.0,828000.0,0,0,43332000.0,25300000.0,1.368117,34613361.71,3599135.31,1124729.78,519984.0,3474789.2,NET_REVENUE_SHARE,row_net_revenue / month_channel_net_revenue,COMMERCIAL_COSTS,DERIVED,false,false
VN000000824,ORD00000824,2024-02-01,2024-02-01,SKU008,CUS04,CH04,VN,North,2000,25000,50000000.0,2000000.0,900000.0,0,0,47100000.0,26000000.0,1.368117,35571043.66,3912103.6,1222532.37,565200.0,5829120.37,NET_REVENUE_SHARE,row_net_revenue / month_channel_net_revenue,COMMERCIAL_COSTS,DERIVED,false,false
VN000000825,ORD00000825,2024-02-01,2024-02-01,SKU009,CUS05,CH04,VN,South,2000,21000,42000000.0,1680000.0,756000.0,0,0,39564000.0,24360000.0,1.368117,33327331.67,3286167.02,1026927.19,474768.0,1448806.12,NET_REVENUE_SHARE,row_net_revenue / month_channel_net_revenue,COMMERCIAL_COSTS,DERIVED,false,false
VN000000826,ORD00000826,2024-02-01,2024-02-01,SKU010,CUS06,CH04,VN,Central,2000,24000,48000000.0,1920000.0,864000.0,0,0,45216000.0,24000000.0,1.368117,32834809.53,3755619.45,1173631.08,542592.0,6909347.94,NET_REVENUE_SHARE,row_net_revenue / month_channel_net_revenue,COMMERCIAL_COSTS,DERIVED,false,false
VN000000827,ORD00000827,2024-02-01,2024-02-01,SKU011,CUS07,CH04,VN,North,1000,35000,35000000.0,1400000.0,630000.0,0,0,32970000.0,10500000.0,1.368117,14365229.17,2738472.52,855772.66,395640.0,14614885.65,NET_REVENUE_SHARE,row_net_revenue / month_channel_net_revenue,COMMERCIAL_COSTS,DERIVED,false,false
VN000000828,ORD00000828,2024-02-01,2024-02-01,SKU012,CUS08,CH04,VN,South,1000,29000,29000000.0,1160000.0,522000.0,0,0,27318000.0,11310000.0,1.368117,15473403.99,2269020.09,709068.78,327816.0,8538691.14,NET_REVENUE_SHARE,row_net_revenue / month_channel_net_revenue,COMMERCIAL_COSTS,DERIVED,false,false
VN000000829,ORD00000829,2024-02-01,2024-02-01,SKU001,CUS08,CH05,VN,South,3000,31000,93000000.0,3720000.0,558000.0,0,0,88722000.0,37200000.0,1.315474,48935642.1,1731415.57,2164269.47,1064664.0,34826008.86,NET_REVENUE_SHARE,row_net_revenue / month_channel_net_revenue,COMMERCIAL_COSTS,DERIVED,false,false
VN000000830,ORD00000830,2024-02-01,2024-02-01,SKU002,CUS09,CH05,VN,Central,2000,36000,72000000.0,2880000.0,432000.0,0,0,68688000.0,25920000.0,1.315474,34097092.56,1340450.77,1675563.46,824256.0,30750637.21,NET_REVENUE_SHARE,row_net_revenue / month_channel_net_revenue,COMMERCIAL_COSTS,DERIVED,false,false
VN000000831,ORD00000831,2024-02-01,2024-02-01,SKU003,CUS10,CH05,VN,North,2000,32000,64000000.0,2560000.0,384000.0,0,0,61056000.0,24320000.0,1.315474,31992333.76,1191511.79,1489389.74,732672.0,25650092.71,NET_REVENUE_SHARE,row_net_revenue / month_channel_net_revenue,COMMERCIAL_COSTS,DERIVED,false,false
VN000000832,ORD00000832,2024-02-01,2024-02-01,SKU004,CUS01,CH05,VN,North,2000,28000,56000000.0,2240000.0,336000.0,0,0,53424000.0,24640000.0,1.315474,32413285.52,1042572.82,1303216.02,641088.0,18023837.64,NET_REVENUE_SHARE,row_net_revenue / month_channel_net_revenue,COMMERCIAL_COSTS,DERIVED,false,false
VN000000833,ORD00000833,2024-02-01,2024-02-01,SKU005,CUS02,CH05,VN,South,2000,27000,54000000.0,2160000.0,324000.0,0,0,51516000.0,24840000.0,1.315474,32676380.37,1005338.07,1256672.59,618192.0,15959416.97,NET_REVENUE_SHARE,row_net_revenue / month_channel_net_revenue,COMMERCIAL_COSTS,DERIVED,false,false
VN000000834,ORD00000834,2024-02-01,2024-02-01,SKU006,CUS03,CH05,VN,Central,2000,30000,60000000.0,2400000.0,360000.0,0,0,57240000.0,25200000.0,1.315474,33149951.1,1117042.31,1396302.88,686880.0,20889823.71,NET_REVENUE_SHARE,row_net_revenue / month_channel_net_revenue,COMMERCIAL_COSTS,DERIVED,false,false
VN000000835,ORD00000835,2024-02-01,2024-02-01,SKU007,CUS04,CH05,VN,North,3000,23000,69000000.0,2760000.0,414000.0,0,0,65826000.0,37950000.0,1.315474,49922247.79,1284598.65,1605748.31,789912.0,12223493.25,NET_REVENUE_SHARE,row_net_revenue / month_channel_net_revenue,COMMERCIAL_COSTS,DERIVED,false,false
VN000000836,ORD00000836,2024-02-01,2024-02-01,SKU008,CUS05,CH05,VN,South,2000,25000,50000000.0,2000000.0,300000.0,0,0,47700000.0,26000000.0,1.315474,34202330.5,930868.59,1163585.73,572400.0,10830815.18,NET_REVENUE_SHARE,row_net_revenue / month_channel_net_revenue,COMMERCIAL_COSTS,DERIVED,false,false
VN000000837,ORD00000837,2024-02-01,2024-02-01,SKU009,CUS06,CH05,VN,Central,2000,21000,42000000.0,1680000.0,252000.0,0,0,40068000.0,24360000.0,1.315474,32044952.73,781929.61,977412.02,480816.0,5782889.64,NET_REVENUE_SHARE,row_net_revenue / month_channel_net_revenue,COMMERCIAL_COSTS,DERIVED,false,false
VN000000838,ORD00000838,2024-02-01,2024-02-01,SKU010,CUS07,CH05,VN,North,2000,24000,48000000.0,1920000.0,288000.0,0,0,45792000.0,24000000.0,1.315474,31571382.0,893633.84,1117042.31,549504.0,11660437.85,NET_REVENUE_SHARE,row_net_revenue / month_channel_net_revenue,COMMERCIAL_COSTS,DERIVED,false,false
VN000000839,ORD00000839,2024-02-01,2024-02-01,SKU011,CUS08,CH05,VN,South,1000,35000,35000000.0,1400000.0,210000.0,0,0,33390000.0,10500000.0,1.315474,13812479.63,651608.01,814510.01,400680.0,17710722.35,NET_REVENUE_SHARE,row_net_revenue / month_channel_net_revenue,COMMERCIAL_COSTS,DERIVED,false,false
VN000000840,ORD00000840,2024-02-01,2024-02-01,SKU012,CUS09,CH05,VN,Central,2000,29000,58000000.0,2320000.0,348000.0,0,0,55332000.0,22620000.0,1.315474,29756027.54,1079807.56,1349759.45,663984.0,22482421.45,NET_REVENUE_SHARE,row_net_revenue / month_channel_net_revenue,COMMERCIAL_COSTS,DERIVED,false,false
VN000000841,ORD00000841,2024-03-01,2024-03-01,SKU001,CUS05,CH01,VN,South,8000,31000,248000000.0,9920000.0,1488000.0,0,0,236592000.0,99200000.0,1.380721,136967479.9,8562414.93,6116010.67,2839104.0,82106990.5,NET_REVENUE_SHARE,row_net_revenue / month_channel_net_revenue,COMMERCIAL_COSTS,DERIVED,false,false
VN000000842,ORD00000842,2024-03-01,2024-03-01,SKU002,CUS06,CH01,VN,Central,5000,36000,180000000.0,7200000.0,1080000.0,0,0,171720000.0,64800000.0,1.380721,89470692.52,6214656.0,4439040.0,2060640.0,69534971.48,NET_REVENUE_SHARE,row_net_revenue / month_channel_net_revenue,COMMERCIAL_COSTS,DERIVED,false,false
VN000000843,ORD00000843,2024-03-01,2024-03-01,SKU003,CUS07,CH01,VN,North,5000,32000,160000000.0,6400000.0,960000.0,0,0,152640000.0,60800000.0,1.380721,83947810.26,5524138.67,3945813.33,1831680.0,57390557.74,NET_REVENUE_SHARE,row_net_revenue / month_channel_net_revenue,COMMERCIAL_COSTS,DERIVED,false,false
VN000000844,ORD00000844,2024-03-01,2024-03-01,SKU004,CUS08,CH01,VN,South,7000,28000,196000000.0,7840000.0,1176000.0,0,0,186984000.0,86240000.0,1.380721,119073341.4,6767069.87,4833621.33,2243808.0,54066159.4,NET_REVENUE_SHARE,row_net_revenue / month_channel_net_revenue,COMMERCIAL_COSTS,DERIVED,false,false
VN000000845,ORD00000845,2024-03-01,2024-03-01,SKU005,CUS09,CH01,VN,Central,6000,27000,162000000.0,6480000.0,972000.0,0,0,154548000.0,74520000.0,1.380721,102891296.39,5593190.4,3995136.0,1854576.0,40213801.21,NET_REVENUE_SHARE,row_net_revenue / month_channel_net_revenue,COMMERCIAL_COSTS,DERIVED,false,false
VN000000846,ORD00000846,2024-03-01,2024-03-01,SKU006,CUS10,CH01,VN,North,5000,30000,150000000.0,6000000.0,900000.0,0,0,143100000.0,63000000.0,1.380721,86985395.5,5178880.0,3699200.0,1717200.0,45519324.5,NET_REVENUE_SHARE,row_net_revenue / month_channel_net_revenue,COMMERCIAL_COSTS,DERIVED,false,false
VN000000847,ORD00000847,2024-03-01,2024-03-01,SKU007,CUS01,CH01,VN,North,8000,23000,184000000.0,7360000.0,1104000.0,0,0,175536000.0,101200000.0,1.380721,139728921.03,6352759.47,4537685.33,2106432.0,22810202.17,NET_REVENUE_SHARE,row_net_revenue / month_channel_net_revenue,COMMERCIAL_COSTS,DERIVED,false,false
VN000000848,ORD00000848,2024-03-01,2024-03-01,SKU008,CUS02,CH01,VN,South,6000,25000,150000000.0,6000000.0,900000.0,0,0,143100000.0,78000000.0,1.380721,107696203.96,5178880.0,3699200.0,1717200.0,24808516.04,NET_REVENUE_SHARE,row_net_revenue / month_channel_net_revenue,COMMERCIAL_COSTS,DERIVED,false,false
VN000000849,ORD00000849,2024-03-01,2024-03-01,SKU009,CUS03,CH01,VN,Central,7000,21000,147000000.0,5880000.0,882000.0,0,0,140238000.0,85260000.0,1.380721,117720235.25,5075302.4,3625216.0,1682856.0,12134390.35,NET_REVENUE_SHARE,row_net_revenue / month_channel_net_revenue,COMMERCIAL_COSTS,DERIVED,false,false
VN000000850,ORD00000850,2024-03-01,2024-03-01,SKU010,CUS04,CH01,VN,North,6000,24000,144000000.0,5760000.0,864000.0,0,0,137376000.0,72000000.0,1.380721,99411880.57,4971724.8,3551232.0,1648512.0,27792650.63,NET_REVENUE_SHARE,row_net_revenue / month_channel_net_revenue,COMMERCIAL_COSTS,DERIVED,false,false
VN000000851,ORD00000851,2024-03-01,2024-03-01,SKU011,CUS05,CH01,VN,South,3000,35000,105000000.0,4200000.0,630000.0,0,0,100170000.0,31500000.0,1.380721,43492697.75,3625216.0,2589440.0,1202040.0,49260606.25,NET_REVENUE_SHARE,row_net_revenue / month_channel_net_revenue,COMMERCIAL_COSTS,DERIVED,false,false
VN000000852,ORD00000852,2024-03-01,2024-03-01,SKU012,CUS06,CH01,VN,Central,5000,29000,145000000.0,5800000.0,870000.0,0,0,138330000.0,56550000.0,1.380721,78079747.87,5006250.67,3575893.33,1659960.0,50008148.13,NET_REVENUE_SHARE,row_net_revenue / month_channel_net_revenue,COMMERCIAL_COSTS,DERIVED,false,false
VN000000853,ORD00000853,2024-03-01,2024-03-01,SKU001,CUS06,CH02,VN,Central,6000,31000,186000000.0,7440000.0,1116000.0,0,0,177444000.0,74400000.0,1.391059,103494759.9,8285393.23,6812434.43,2129328.0,56722084.44,NET_REVENUE_SHARE,row_net_revenue / month_channel_net_revenue,COMMERCIAL_COSTS,DERIVED,false,false
VN000000854,ORD00000854,2024-03-01,2024-03-01,SKU002,CUS07,CH02,VN,North,4000,36000,144000000.0,5760000.0,864000.0,0,0,137376000.0,51840000.0,1.391059,72112477.87,6414497.99,5274142.79,1648512.0,51926369.35,NET_REVENUE_SHARE,row_net_revenue / month_channel_net_revenue,COMMERCIAL_COSTS,DERIVED,false,false
VN000000855,ORD00000855,2024-03-01,2024-03-01,SKU003,CUS08,CH02,VN,South,4000,32000,128000000.0,5120000.0,768000.0,0,0,122112000.0,48640000.0,1.391059,67661090.34,5701775.99,4688126.92,1465344.0,42595662.75,NET_REVENUE_SHARE,row_net_revenue / month_channel_net_revenue,COMMERCIAL_COSTS,DERIVED,false,false
VN000000856,ORD00000856,2024-03-01,2024-03-01,SKU004,CUS09,CH02,VN,Central,5000,28000,140000000.0,5600000.0,840000.0,0,0,133560000.0,61600000.0,1.391059,85689209.81,6236317.49,5127638.82,1602720.0,34904113.88,NET_REVENUE_SHARE,row_net_revenue / month_channel_net_revenue,COMMERCIAL_COSTS,DERIVED,false,false
VN000000857,ORD00000857,2024-03-01,2024-03-01,SKU005,CUS10,CH02,VN,North,4000,27000,108000000.0,4320000.0,648000.0,0,0,103032000.0,49680000.0,1.391059,69107791.29,4810873.49,3955607.09,1236384.0,23921344.13,NET_REVENUE_SHARE,row_net_revenue / month_channel_net_revenue,COMMERCIAL_COSTS,DERIVED,false,false
VN000000858,ORD00000858,2024-03-01,2024-03-01,SKU006,CUS01,CH02,VN,North,3000,30000,90000000.0,3600000.0,540000.0,0,0,85860000.0,37800000.0,1.391059,52582015.11,4009061.24,3296339.24,1030320.0,24942264.41,NET_REVENUE_SHARE,row_net_revenue / month_channel_net_revenue,COMMERCIAL_COSTS,DERIVED,false,false
VN000000859,ORD00000859,2024-03-01,2024-03-01,SKU007,CUS02,CH02,VN,South,6000,23000,138000000.0,5520000.0,828000.0,0,0,131652000.0,75900000.0,1.391059,105581347.8,6147227.24,5054386.84,1579824.0,13289214.12,NET_REVENUE_SHARE,row_net_revenue / month_channel_net_revenue,COMMERCIAL_COSTS,DERIVED,false,false
VN000000860,ORD00000860,2024-03-01,2024-03-01,SKU008,CUS03,CH02,VN,Central,5000,25000,125000000.0,5000000.0,750000.0,0,0,119250000.0,65000000.0,1.391059,90418809.05,5568140.61,4578248.95,1431000.0,17253801.39,NET_REVENUE_SHARE,row_net_revenue / month_channel_net_revenue,COMMERCIAL_COSTS,DERIVED,false,false
VN000000861,ORD00000861,2024-03-01,2024-03-01,SKU009,CUS04,CH02,VN,North,6000,21000,126000000.0,5040000.0,756000.0,0,0,120204000.0,73080000.0,1.391059,101658562.55,5612685.74,4614874.94,1442448.0,6875428.77,NET_REVENUE_SHARE,row_net_revenue / month_channel_net_revenue,COMMERCIAL_COSTS,DERIVED,false,false
VN000000862,ORD00000862,2024-03-01,2024-03-01,SKU010,CUS05,CH02,VN,South,4000,24000,96000000.0,3840000.0,576000.0,0,0,91584000.0,48000000.0,1.391059,66770812.84,4276331.99,3516095.19,1099008.0,15921751.98,NET_REVENUE_SHARE,row_net_revenue / month_channel_net_revenue,COMMERCIAL_COSTS,DERIVED,false,false
VN000000863,ORD00000863,2024-03-01,2024-03-01,SKU011,CUS06,CH02,VN,Central,3000,35000,105000000.0,4200000.0,630000.0,0,0,100170000.0,31500000.0,1.391059,43818345.93,4677238.11,3845729.12,1202040.0,46626646.84,NET_REVENUE_SHARE,row_net_revenue / month_channel_net_revenue,COMMERCIAL_COSTS,DERIVED,false,false
VN000000864,ORD00000864,2024-03-01,2024-03-01,SKU012,CUS07,CH02,VN,North,4000,29000,116000000.0,4640000.0,696000.0,0,0,110664000.0,45240000.0,1.391059,62931491.11,5167234.49,4248615.02,1327968.0,36988691.38,NET_REVENUE_SHARE,row_net_revenue / month_channel_net_revenue,COMMERCIAL_COSTS,DERIVED,false,false
VN000000865,ORD00000865,2024-03-01,2024-03-01,SKU001,CUS07,CH03,VN,North,4000,31000,124000000.0,8060000.0,744000.0,0,0,115196000.0,49600000.0,1.486824,73746483.31,14877322.44,3099442.18,1382352.0,22090400.07,NET_REVENUE_SHARE,row_net_revenue / month_channel_net_revenue,COMMERCIAL_COSTS,DERIVED,false,false
VN000000866,ORD00000866,2024-03-01,2024-03-01,SKU002,CUS08,CH03,VN,South,3000,36000,108000000.0,7020000.0,648000.0,0,0,100332000.0,38880000.0,1.486824,57807727.24,12957667.94,2699514.15,1203984.0,25663106.67,NET_REVENUE_SHARE,row_net_revenue / month_channel_net_revenue,COMMERCIAL_COSTS,DERIVED,false,false
VN000000867,ORD00000867,2024-03-01,2024-03-01,SKU003,CUS09,CH03,VN,Central,3000,32000,96000000.0,6240000.0,576000.0,0,0,89184000.0,36480000.0,1.486824,54239349.01,11517927.05,2399568.14,1070208.0,19956947.8,NET_REVENUE_SHARE,row_net_revenue / month_channel_net_revenue,COMMERCIAL_COSTS,DERIVED,false,false
VN000000868,ORD00000868,2024-03-01,2024-03-01,SKU004,CUS10,CH03,VN,North,4000,28000,112000000.0,7280000.0,672000.0,0,0,104048000.0,49280000.0,1.486824,73270699.54,13437581.56,2799496.16,1248576.0,13291646.74,NET_REVENUE_SHARE,row_net_revenue / month_channel_net_revenue,COMMERCIAL_COSTS,DERIVED,false,false
VN000000869,ORD00000869,2024-03-01,2024-03-01,SKU005,CUS01,CH03,VN,North,3000,27000,81000000.0,5265000.0,486000.0,0,0,75249000.0,37260000.0,1.486824,55399071.94,9718250.95,2024635.61,902988.0,7204053.5,NET_REVENUE_SHARE,row_net_revenue / month_channel_net_revenue,COMMERCIAL_COSTS,DERIVED,false,false
VN000000870,ORD00000870,2024-03-01,2024-03-01,SKU006,CUS02,CH03,VN,South,3000,30000,90000000.0,5850000.0,540000.0,0,0,83610000.0,37800000.0,1.486824,56201957.04,10798056.61,2249595.13,1003320.0,13357071.22,NET_REVENUE_SHARE,row_net_revenue / month_channel_net_revenue,COMMERCIAL_COSTS,DERIVED,false,false
VN000000871,ORD00000871,2024-03-01,2024-03-01,SKU007,CUS03,CH03,VN,Central,4000,23000,92000000.0,5980000.0,552000.0,0,0,85468000.0,50600000.0,1.486824,75233307.57,11038013.43,2299586.13,1025616.0,-4128523.13,NET_REVENUE_SHARE,row_net_revenue / month_channel_net_revenue,COMMERCIAL_COSTS,DERIVED,false,false
VN000000872,ORD00000872,2024-03-01,2024-03-01,SKU008,CUS04,CH03,VN,North,4000,25000,100000000.0,6500000.0,600000.0,0,0,92900000.0,52000000.0,1.486824,77314861.53,11997840.68,2499550.14,1114800.0,-27052.35,NET_REVENUE_SHARE,row_net_revenue / month_channel_net_revenue,COMMERCIAL_COSTS,DERIVED,false,false
VN000000873,ORD00000873,2024-03-01,2024-03-01,SKU009,CUS05,CH03,VN,South,4000,21000,84000000.0,5460000.0,504000.0,0,0,78036000.0,48720000.0,1.486824,72438077.96,10078186.17,2099622.12,936432.0,-7516318.25,NET_REVENUE_SHARE,row_net_revenue / month_channel_net_revenue,COMMERCIAL_COSTS,DERIVED,false,false
VN000000874,ORD00000874,2024-03-01,2024-03-01,SKU010,CUS06,CH03,VN,Central,3000,24000,72000000.0,4680000.0,432000.0,0,0,66888000.0,36000000.0,1.486824,53525673.37,8638445.29,1799676.1,802656.0,2121549.24,NET_REVENUE_SHARE,row_net_revenue / month_channel_net_revenue,COMMERCIAL_COSTS,DERIVED,false,false
VN000000875,ORD00000875,2024-03-01,2024-03-01,SKU011,CUS07,CH03,VN,North,2000,35000,70000000.0,4550000.0,420000.0,0,0,65030000.0,21000000.0,1.486824,31223309.46,8398488.48,1749685.1,780360.0,22878156.96,NET_REVENUE_SHARE,row_net_revenue / month_channel_net_revenue,COMMERCIAL_COSTS,DERIVED,false,false
VN000000876,ORD00000876,2024-03-01,2024-03-01,SKU012,CUS08,CH03,VN,South,3000,29000,87000000.0,5655000.0,522000.0,0,0,80823000.0,33930000.0,1.486824,50447947.13,10438121.39,2174608.62,969876.0,16792446.86,NET_REVENUE_SHARE,row_net_revenue / month_channel_net_revenue,COMMERCIAL_COSTS,DERIVED,false,false
VN000000877,ORD00000877,2024-03-01,2024-03-01,SKU001,CUS08,CH04,VN,South,2000,31000,62000000.0,2480000.0,1116000.0,0,0,58404000.0,24800000.0,1.43874,35680755.8,5101420.66,1594193.96,700848.0,15326781.58,NET_REVENUE_SHARE,row_net_revenue / month_channel_net_revenue,COMMERCIAL_COSTS,DERIVED,false,false
VN000000878,ORD00000878,2024-03-01,2024-03-01,SKU002,CUS09,CH04,VN,Central,2000,36000,72000000.0,2880000.0,1296000.0,0,0,67824000.0,25920000.0,1.43874,37292144.78,5924230.45,1851322.01,813888.0,21942414.76,NET_REVENUE_SHARE,row_net_revenue / month_channel_net_revenue,COMMERCIAL_COSTS,DERIVED,false,false
VN000000879,ORD00000879,2024-03-01,2024-03-01,SKU003,CUS10,CH04,VN,North,1000,32000,32000000.0,1280000.0,576000.0,0,0,30144000.0,12160000.0,1.43874,17495080.27,2632991.31,822809.78,361728.0,8831390.64,NET_REVENUE_SHARE,row_net_revenue / month_channel_net_revenue,COMMERCIAL_COSTS,DERIVED,false,false
VN000000880,ORD00000880,2024-03-01,2024-03-01,SKU004,CUS01,CH04,VN,North,2000,28000,56000000.0,2240000.0,1008000.0,0,0,52752000.0,24640000.0,1.43874,35450557.38,4607734.79,1439917.12,633024.0,10620766.71,NET_REVENUE_SHARE,row_net_revenue / month_channel_net_revenue,COMMERCIAL_COSTS,DERIVED,false,false
VN000000881,ORD00000881,2024-03-01,2024-03-01,SKU005,CUS02,CH04,VN,South,2000,27000,54000000.0,2160000.0,972000.0,0,0,50868000.0,24840000.0,1.43874,35738305.41,4443172.83,1388491.51,610416.0,8687614.25,NET_REVENUE_SHARE,row_net_revenue / month_channel_net_revenue,COMMERCIAL_COSTS,DERIVED,false,false
VN000000882,ORD00000882,2024-03-01,2024-03-01,SKU006,CUS03,CH04,VN,Central,1000,30000,30000000.0,1200000.0,540000.0,0,0,28260000.0,12600000.0,1.43874,18128125.93,2468429.35,771384.17,339120.0,6552940.55,NET_REVENUE_SHARE,row_net_revenue / month_channel_net_revenue,COMMERCIAL_COSTS,DERIVED,false,false
VN000000883,ORD00000883,2024-03-01,2024-03-01,SKU007,CUS04,CH04,VN,North,2000,23000,46000000.0,1840000.0,828000.0,0,0,43332000.0,25300000.0,1.43874,36400125.88,3784925.01,1182789.06,519984.0,1444176.05,NET_REVENUE_SHARE,row_net_revenue / month_channel_net_revenue,COMMERCIAL_COSTS,DERIVED,false,false
VN000000884,ORD00000884,2024-03-01,2024-03-01,SKU008,CUS05,CH04,VN,South,2000,25000,50000000.0,2000000.0,900000.0,0,0,47100000.0,26000000.0,1.43874,37407243.99,4114048.92,1285640.29,565200.0,3727866.8,NET_REVENUE_SHARE,row_net_revenue / month_channel_net_revenue,COMMERCIAL_COSTS,DERIVED,false,false
VN000000885,ORD00000885,2024-03-01,2024-03-01,SKU009,CUS06,CH04,VN,Central,2000,21000,42000000.0,1680000.0,756000.0,0,0,39564000.0,24360000.0,1.43874,35047710.14,3455801.09,1079937.84,474768.0,-494217.07,NET_REVENUE_SHARE,row_net_revenue / month_channel_net_revenue,COMMERCIAL_COSTS,DERIVED,false,false
VN000000886,ORD00000886,2024-03-01,2024-03-01,SKU010,CUS07,CH04,VN,North,2000,24000,48000000.0,1920000.0,864000.0,0,0,45216000.0,24000000.0,1.43874,34529763.68,3949486.96,1234214.68,542592.0,4959942.68,NET_REVENUE_SHARE,row_net_revenue / month_channel_net_revenue,COMMERCIAL_COSTS,DERIVED,false,false
VN000000887,ORD00000887,2024-03-01,2024-03-01,SKU011,CUS08,CH04,VN,South,1000,35000,35000000.0,1400000.0,630000.0,0,0,32970000.0,10500000.0,1.43874,15106771.61,2879834.24,899948.2,395640.0,13687805.95,NET_REVENUE_SHARE,row_net_revenue / month_channel_net_revenue,COMMERCIAL_COSTS,DERIVED,false,false
VN000000888,ORD00000888,2024-03-01,2024-03-01,SKU012,CUS09,CH04,VN,Central,1000,29000,29000000.0,1160000.0,522000.0,0,0,27318000.0,11310000.0,1.43874,16272151.13,2386148.37,745671.37,327816.0,7586213.13,NET_REVENUE_SHARE,row_net_revenue / month_channel_net_revenue,COMMERCIAL_COSTS,DERIVED,false,false
VN000000889,ORD00000889,2024-03-01,2024-03-01,SKU001,CUS09,CH05,VN,Central,3000,31000,93000000.0,3720000.0,558000.0,0,0,88722000.0,37200000.0,1.330681,49501315.41,1767833.03,2209791.29,1064664.0,34178396.27,NET_REVENUE_SHARE,row_net_revenue / month_channel_net_revenue,COMMERCIAL_COSTS,DERIVED,false,false
VN000000890,ORD00000890,2024-03-01,2024-03-01,SKU002,CUS10,CH05,VN,North,2000,36000,72000000.0,2880000.0,432000.0,0,0,68688000.0,25920000.0,1.330681,34491239.12,1368644.93,1710806.16,824256.0,30293053.79,NET_REVENUE_SHARE,row_net_revenue / month_channel_net_revenue,COMMERCIAL_COSTS,DERIVED,false,false
VN000000891,ORD00000891,2024-03-01,2024-03-01,SKU003,CUS01,CH05,VN,North,2000,32000,64000000.0,2560000.0,384000.0,0,0,61056000.0,24320000.0,1.330681,32362150.29,1216573.27,1520716.59,732672.0,25223887.85,NET_REVENUE_SHARE,row_net_revenue / month_channel_net_revenue,COMMERCIAL_COSTS,DERIVED,false,false
VN000000892,ORD00000892,2024-03-01,2024-03-01,SKU004,CUS02,CH05,VN,South,2000,28000,56000000.0,2240000.0,336000.0,0,0,53424000.0,24640000.0,1.330681,32787968.05,1064501.61,1330627.01,641088.0,17599815.33,NET_REVENUE_SHARE,row_net_revenue / month_channel_net_revenue,COMMERCIAL_COSTS,DERIVED,false,false
VN000000893,ORD00000893,2024-03-01,2024-03-01,SKU005,CUS03,CH05,VN,Central,2000,27000,54000000.0,2160000.0,324000.0,0,0,51516000.0,24840000.0,1.330681,33054104.16,1026483.7,1283104.62,618192.0,15534115.52,NET_REVENUE_SHARE,row_net_revenue / month_channel_net_revenue,COMMERCIAL_COSTS,DERIVED,false,false
VN000000894,ORD00000894,2024-03-01,2024-03-01,SKU006,CUS04,CH05,VN,North,2000,30000,60000000.0,2400000.0,360000.0,0,0,57240000.0,25200000.0,1.330681,33533149.15,1140537.44,1425671.8,686880.0,20453761.61,NET_REVENUE_SHARE,row_net_revenue / month_channel_net_revenue,COMMERCIAL_COSTS,DERIVED,false,false
VN000000895,ORD00000895,2024-03-01,2024-03-01,SKU007,CUS05,CH05,VN,South,3000,23000,69000000.0,2760000.0,414000.0,0,0,65826000.0,37950000.0,1.330681,50499325.8,1311618.06,1639522.57,789912.0,11585621.57,NET_REVENUE_SHARE,row_net_revenue / month_channel_net_revenue,COMMERCIAL_COSTS,DERIVED,false,false
VN000000896,ORD00000896,2024-03-01,2024-03-01,SKU008,CUS06,CH05,VN,Central,2000,25000,50000000.0,2000000.0,300000.0,0,0,47700000.0,26000000.0,1.330681,34597693.56,950447.87,1188059.83,572400.0,10391398.74,NET_REVENUE_SHARE,row_net_revenue / month_channel_net_revenue,COMMERCIAL_COSTS,DERIVED,false,false
VN000000897,ORD00000897,2024-03-01,2024-03-01,SKU009,CUS07,CH05,VN,North,3000,21000,63000000.0,2520000.0,378000.0,0,0,60102000.0,36540000.0,1.330681,48623066.26,1197564.31,1496955.39,721224.0,8063190.04,NET_REVENUE_SHARE,row_net_revenue / month_channel_net_revenue,COMMERCIAL_COSTS,DERIVED,false,false
VN000000898,ORD00000898,2024-03-01,2024-03-01,SKU010,CUS08,CH05,VN,South,2000,24000,48000000.0,1920000.0,288000.0,0,0,45792000.0,24000000.0,1.330681,31936332.52,912429.95,1140537.44,549504.0,11253196.09,NET_REVENUE_SHARE,row_net_revenue / month_channel_net_revenue,COMMERCIAL_COSTS,DERIVED,false,false
VN000000899,ORD00000899,2024-03-01,2024-03-01,SKU011,CUS09,CH05,VN,Central,1000,35000,35000000.0,1400000.0,210000.0,0,0,33390000.0,10500000.0,1.330681,13972145.48,665313.51,831641.88,400680.0,17520219.13,NET_REVENUE_SHARE,row_net_revenue / month_channel_net_revenue,COMMERCIAL_COSTS,DERIVED,false,false
VN000000900,ORD00000900,2024-03-01,2024-03-01,SKU012,CUS10,CH05,VN,North,2000,29000,58000000.0,2320000.0,348000.0,0,0,55332000.0,22620000.0,1.330681,30099993.4,1102519.53,1378149.41,663984.0,22087353.66,NET_REVENUE_SHARE,row_net_revenue / month_channel_net_revenue,COMMERCIAL_COSTS,DERIVED,false,false
VN000000901,ORD00000901,2024-04-01,2024-04-01,SKU001,CUS06,CH01,VN,Central,8000,31000,248000000.0,9920000.0,1488000.0,0,0,236592000.0,99200000.0,1.369157,135820355.3,8489676.88,6064054.91,2839104.0,83378808.91,NET_REVENUE_SHARE,row_net_revenue / month_channel_net_revenue,COMMERCIAL_COSTS,DERIVED,false,false
VN000000902,ORD00000902,2024-04-01,2024-04-01,SKU002,CUS07,CH01,VN,North,6000,36000,216000000.0,8640000.0,1296000.0,0,0,206064000.0,77760000.0,1.369157,106465633.35,7394234.7,5281596.21,2472768.0,84449767.74,NET_REVENUE_SHARE,row_net_revenue / month_channel_net_revenue,COMMERCIAL_COSTS,DERIVED,false,false
VN000000903,ORD00000903,2024-04-01,2024-04-01,SKU003,CUS08,CH01,VN,South,5000,32000,160000000.0,6400000.0,960000.0,0,0,152640000.0,60800000.0,1.369157,83244733.89,5477210.89,3912293.49,1831680.0,58174081.73,NET_REVENUE_SHARE,row_net_revenue / month_channel_net_revenue,COMMERCIAL_COSTS,DERIVED,false,false
VN000000904,ORD00000904,2024-04-01,2024-04-01,SKU004,CUS09,CH01,VN,Central,7000,28000,196000000.0,7840000.0,1176000.0,0,0,186984000.0,86240000.0,1.369157,118076083.07,6709583.34,4792559.53,2243808.0,55161966.06,NET_REVENUE_SHARE,row_net_revenue / month_channel_net_revenue,COMMERCIAL_COSTS,DERIVED,false,false
VN000000905,ORD00000905,2024-04-01,2024-04-01,SKU005,CUS10,CH01,VN,North,6000,27000,162000000.0,6480000.0,972000.0,0,0,154548000.0,74520000.0,1.369157,102029565.29,5545676.02,3961197.16,1854576.0,41156985.53,NET_REVENUE_SHARE,row_net_revenue / month_channel_net_revenue,COMMERCIAL_COSTS,DERIVED,false,false
VN000000906,ORD00000906,2024-04-01,2024-04-01,SKU006,CUS01,CH01,VN,North,5000,30000,150000000.0,6000000.0,900000.0,0,0,143100000.0,63000000.0,1.369157,86256878.87,5134885.21,3667775.15,1717200.0,46323260.77,NET_REVENUE_SHARE,row_net_revenue / month_channel_net_revenue,COMMERCIAL_COSTS,DERIVED,false,false
VN000000907,ORD00000907,2024-04-01,2024-04-01,SKU007,CUS02,CH01,VN,South,8000,23000,184000000.0,7360000.0,1104000.0,0,0,175536000.0,101200000.0,1.369157,138558668.91,6298792.52,4499137.51,2106432.0,24072969.06,NET_REVENUE_SHARE,row_net_revenue / month_channel_net_revenue,COMMERCIAL_COSTS,DERIVED,false,false
VN000000908,ORD00000908,2024-04-01,2024-04-01,SKU008,CUS03,CH01,VN,Central,6000,25000,150000000.0,6000000.0,900000.0,0,0,143100000.0,78000000.0,1.369157,106794230.98,5134885.21,3667775.15,1717200.0,25785908.66,NET_REVENUE_SHARE,row_net_revenue / month_channel_net_revenue,COMMERCIAL_COSTS,DERIVED,false,false
VN000000909,ORD00000909,2024-04-01,2024-04-01,SKU009,CUS04,CH01,VN,North,8000,21000,168000000.0,6720000.0,1008000.0,0,0,160272000.0,97440000.0,1.369157,133410639.32,5751071.43,4107908.17,1923264.0,15079117.08,NET_REVENUE_SHARE,row_net_revenue / month_channel_net_revenue,COMMERCIAL_COSTS,DERIVED,false,false
VN000000910,ORD00000910,2024-04-01,2024-04-01,SKU010,CUS05,CH01,VN,South,6000,24000,144000000.0,5760000.0,864000.0,0,0,137376000.0,72000000.0,1.369157,98579290.13,4929489.8,3521064.14,1648512.0,28697643.93,NET_REVENUE_SHARE,row_net_revenue / month_channel_net_revenue,COMMERCIAL_COSTS,DERIVED,false,false
VN000000911,ORD00000911,2024-04-01,2024-04-01,SKU011,CUS06,CH01,VN,Central,3000,35000,105000000.0,4200000.0,630000.0,0,0,100170000.0,31500000.0,1.369157,43128439.43,3594419.64,2567442.6,1202040.0,49677658.33,NET_REVENUE_SHARE,row_net_revenue / month_channel_net_revenue,COMMERCIAL_COSTS,DERIVED,false,false
VN000000912,ORD00000912,2024-04-01,2024-04-01,SKU012,CUS07,CH01,VN,North,5000,29000,145000000.0,5800000.0,870000.0,0,0,138330000.0,56550000.0,1.369157,77425817.46,4963722.37,3545515.98,1659960.0,50734984.19,NET_REVENUE_SHARE,row_net_revenue / month_channel_net_revenue,COMMERCIAL_COSTS,DERIVED,false,false
VN000000913,ORD00000913,2024-04-01,2024-04-01,SKU001,CUS07,CH02,VN,North,6000,31000,186000000.0,7440000.0,1116000.0,0,0,177444000.0,74400000.0,1.392649,103613073.18,8287060.51,6813805.31,2129328.0,56600733.0,NET_REVENUE_SHARE,row_net_revenue / month_channel_net_revenue,COMMERCIAL_COSTS,DERIVED,false,false
VN000000914,ORD00000914,2024-04-01,2024-04-01,SKU002,CUS08,CH02,VN,South,4000,36000,144000000.0,5760000.0,864000.0,0,0,137376000.0,51840000.0,1.392649,72194915.51,6415788.78,5275204.11,1648512.0,51841579.6,NET_REVENUE_SHARE,row_net_revenue / month_channel_net_revenue,COMMERCIAL_COSTS,DERIVED,false,false
VN000000915,ORD00000915,2024-04-01,2024-04-01,SKU003,CUS09,CH02,VN,Central,4000,32000,128000000.0,5120000.0,768000.0,0,0,122112000.0,48640000.0,1.392649,67738439.24,5702923.36,4689070.32,1465344.0,42516223.08,NET_REVENUE_SHARE,row_net_revenue / month_channel_net_revenue,COMMERCIAL_COSTS,DERIVED,false,false
VN000000916,ORD00000916,2024-04-01,2024-04-01,SKU004,CUS10,CH02,VN,North,5000,28000,140000000.0,5600000.0,840000.0,0,0,133560000.0,61600000.0,1.392649,85787168.12,6237572.43,5128670.66,1602720.0,34803868.79,NET_REVENUE_SHARE,row_net_revenue / month_channel_net_revenue,COMMERCIAL_COSTS,DERIVED,false,false
VN000000917,ORD00000917,2024-04-01,2024-04-01,SKU005,CUS01,CH02,VN,North,4000,27000,108000000.0,4320000.0,648000.0,0,0,103032000.0,49680000.0,1.392649,69186794.03,4811841.59,3956403.08,1236384.0,23840577.3,NET_REVENUE_SHARE,row_net_revenue / month_channel_net_revenue,COMMERCIAL_COSTS,DERIVED,false,false
VN000000918,ORD00000918,2024-04-01,2024-04-01,SKU006,CUS02,CH02,VN,South,4000,30000,120000000.0,4800000.0,720000.0,0,0,114480000.0,50400000.0,1.392649,70189501.19,5346490.65,4396003.43,1373760.0,33174244.73,NET_REVENUE_SHARE,row_net_revenue / month_channel_net_revenue,COMMERCIAL_COSTS,DERIVED,false,false
VN000000919,ORD00000919,2024-04-01,2024-04-01,SKU007,CUS03,CH02,VN,Central,6000,23000,138000000.0,5520000.0,828000.0,0,0,131652000.0,75900000.0,1.392649,105702046.43,6148464.25,5055403.94,1579824.0,13166261.38,NET_REVENUE_SHARE,row_net_revenue / month_channel_net_revenue,COMMERCIAL_COSTS,DERIVED,false,false
VN000000920,ORD00000920,2024-04-01,2024-04-01,SKU008,CUS04,CH02,VN,North,5000,25000,125000000.0,5000000.0,750000.0,0,0,119250000.0,65000000.0,1.392649,90522174.15,5569261.1,4579170.23,1431000.0,17148394.52,NET_REVENUE_SHARE,row_net_revenue / month_channel_net_revenue,COMMERCIAL_COSTS,DERIVED,false,false
VN000000921,ORD00000921,2024-04-01,2024-04-01,SKU009,CUS05,CH02,VN,South,6000,21000,126000000.0,5040000.0,756000.0,0,0,120204000.0,73080000.0,1.392649,101774776.72,5613815.19,4615803.6,1442448.0,6757156.49,NET_REVENUE_SHARE,row_net_revenue / month_channel_net_revenue,COMMERCIAL_COSTS,DERIVED,false,false
VN000000922,ORD00000922,2024-04-01,2024-04-01,SKU010,CUS06,CH02,VN,Central,4000,24000,96000000.0,3840000.0,576000.0,0,0,91584000.0,48000000.0,1.392649,66847143.99,4277192.52,3516802.74,1099008.0,15843852.75,NET_REVENUE_SHARE,row_net_revenue / month_channel_net_revenue,COMMERCIAL_COSTS,DERIVED,false,false
VN000000923,ORD00000923,2024-04-01,2024-04-01,SKU011,CUS07,CH02,VN,North,3000,35000,105000000.0,4200000.0,630000.0,0,0,100170000.0,31500000.0,1.392649,43868438.24,4678179.32,3846503.0,1202040.0,46574839.44,NET_REVENUE_SHARE,row_net_revenue / month_channel_net_revenue,COMMERCIAL_COSTS,DERIVED,false,false
VN000000924,ORD00000924,2024-04-01,2024-04-01,SKU012,CUS08,CH02,VN,South,4000,29000,116000000.0,4640000.0,696000.0,0,0,110664000.0,45240000.0,1.392649,63003433.2,5168274.3,4249469.98,1327968.0,36914854.52,NET_REVENUE_SHARE,row_net_revenue / month_channel_net_revenue,COMMERCIAL_COSTS,DERIVED,false,false
VN000000925,ORD00000925,2024-04-01,2024-04-01,SKU001,CUS08,CH03,VN,South,4000,31000,124000000.0,8060000.0,744000.0,0,0,115196000.0,49600000.0,1.525222,75651013.12,15261534.72,3179486.4,1382352.0,19721613.76,NET_REVENUE_SHARE,row_net_revenue / month_channel_net_revenue,COMMERCIAL_COSTS,DERIVED,false,false
VN000000926,ORD00000926,2024-04-01,2024-04-01,SKU002,CUS09,CH03,VN,Central,3000,36000,108000000.0,7020000.0,648000.0,0,0,100332000.0,38880000.0,1.525222,59300632.86,13292304.43,2769230.09,1203984.0,23765848.62,NET_REVENUE_SHARE,row_net_revenue / month_channel_net_revenue,COMMERCIAL_COSTS,DERIVED,false,false
VN000000927,ORD00000927,2024-04-01,2024-04-01,SKU003,CUS10,CH03,VN,North,3000,32000,96000000.0,6240000.0,576000.0,0,0,89184000.0,36480000.0,1.525222,55640099.97,11815381.72,2461537.86,1070208.0,18196772.45,NET_REVENUE_SHARE,row_net_revenue / month_channel_net_revenue,COMMERCIAL_COSTS,DERIVED,false,false
VN000000928,ORD00000928,2024-04-01,2024-04-01,SKU004,CUS01,CH03,VN,North,4000,28000,112000000.0,7280000.0,672000.0,0,0,104048000.0,49280000.0,1.525222,75162942.07,13784612.01,2871794.17,1248576.0,10980075.75,NET_REVENUE_SHARE,row_net_revenue / month_channel_net_revenue,COMMERCIAL_COSTS,DERIVED,false,false
VN000000929,ORD00000929,2024-04-01,2024-04-01,SKU005,CUS02,CH03,VN,South,3000,27000,81000000.0,5265000.0,486000.0,0,0,75249000.0,37260000.0,1.525222,56829773.16,9969228.33,2076922.57,902988.0,5470087.94,NET_REVENUE_SHARE,row_net_revenue / month_channel_net_revenue,COMMERCIAL_COSTS,DERIVED,false,false
VN000000930,ORD00000930,2024-04-01,2024-04-01,SKU006,CUS03,CH03,VN,Central,3000,30000,90000000.0,5850000.0,540000.0,0,0,83610000.0,37800000.0,1.525222,57653393.06,11076920.36,2307691.74,1003320.0,11568674.84,NET_REVENUE_SHARE,row_net_revenue / month_channel_net_revenue,COMMERCIAL_COSTS,DERIVED,false,false
VN000000931,ORD00000931,2024-04-01,2024-04-01,SKU007,CUS04,CH03,VN,North,4000,23000,92000000.0,5980000.0,552000.0,0,0,85468000.0,50600000.0,1.525222,77176235.16,11323074.15,2358973.78,1025616.0,-6415899.09,NET_REVENUE_SHARE,row_net_revenue / month_channel_net_revenue,COMMERCIAL_COSTS,DERIVED,false,false
VN000000932,ORD00000932,2024-04-01,2024-04-01,SKU008,CUS05,CH03,VN,South,4000,25000,100000000.0,6500000.0,600000.0,0,0,92900000.0,52000000.0,1.525222,79311546.01,12307689.29,2564101.94,1114800.0,-2398137.24,NET_REVENUE_SHARE,row_net_revenue / month_channel_net_revenue,COMMERCIAL_COSTS,DERIVED,false,false
VN000000933,ORD00000933,2024-04-01,2024-04-01,SKU009,CUS06,CH03,VN,Central,4000,21000,84000000.0,5460000.0,504000.0,0,0,78036000.0,48720000.0,1.525222,74308817.73,10338459.0,2153845.63,936432.0,-9701554.36,NET_REVENUE_SHARE,row_net_revenue / month_channel_net_revenue,COMMERCIAL_COSTS,DERIVED,false,false
VN000000934,ORD00000934,2024-04-01,2024-04-01,SKU010,CUS07,CH03,VN,North,3000,24000,72000000.0,4680000.0,432000.0,0,0,66888000.0,36000000.0,1.525222,54907993.39,8861536.29,1846153.39,802656.0,469660.93,NET_REVENUE_SHARE,row_net_revenue / month_channel_net_revenue,COMMERCIAL_COSTS,DERIVED,false,false
VN000000935,ORD00000935,2024-04-01,2024-04-01,SKU011,CUS08,CH03,VN,South,2000,35000,70000000.0,4550000.0,420000.0,0,0,65030000.0,21000000.0,1.525222,32029662.81,8615382.5,1794871.35,780360.0,21809723.34,NET_REVENUE_SHARE,row_net_revenue / month_channel_net_revenue,COMMERCIAL_COSTS,DERIVED,false,false
VN000000936,ORD00000936,2024-04-01,2024-04-01,SKU012,CUS09,CH03,VN,Central,3000,29000,87000000.0,5655000.0,522000.0,0,0,80823000.0,33930000.0,1.525222,51750783.78,10707689.68,2230768.68,969876.0,15163881.86,NET_REVENUE_SHARE,row_net_revenue / month_channel_net_revenue,COMMERCIAL_COSTS,DERIVED,false,false
VN000000937,ORD00000937,2024-04-01,2024-04-01,SKU001,CUS09,CH04,VN,Central,2000,31000,62000000.0,2480000.0,1116000.0,0,0,58404000.0,24800000.0,1.467772,36400744.2,5204360.29,1626362.59,700848.0,14471684.92,NET_REVENUE_SHARE,row_net_revenue / month_channel_net_revenue,COMMERCIAL_COSTS,DERIVED,false,false
VN000000938,ORD00000938,2024-04-01,2024-04-01,SKU002,CUS10,CH04,VN,North,2000,36000,72000000.0,2880000.0,1296000.0,0,0,67824000.0,25920000.0,1.467772,38044648.77,6043773.24,1888679.14,813888.0,21033010.85,NET_REVENUE_SHARE,row_net_revenue / month_channel_net_revenue,COMMERCIAL_COSTS,DERIVED,false,false
VN000000939,ORD00000939,2024-04-01,2024-04-01,SKU003,CUS01,CH04,VN,North,1000,32000,32000000.0,1280000.0,576000.0,0,0,30144000.0,12160000.0,1.467772,17848106.83,2686121.44,839412.95,361728.0,8408630.78,NET_REVENUE_SHARE,row_net_revenue / month_channel_net_revenue,COMMERCIAL_COSTS,DERIVED,false,false
VN000000940,ORD00000940,2024-04-01,2024-04-01,SKU004,CUS02,CH04,VN,South,2000,28000,56000000.0,2240000.0,1008000.0,0,0,52752000.0,24640000.0,1.467772,36165900.68,4700712.52,1468972.66,633024.0,9783390.14,NET_REVENUE_SHARE,row_net_revenue / month_channel_net_revenue,COMMERCIAL_COSTS,DERIVED,false,false
VN000000941,ORD00000941,2024-04-01,2024-04-01,SKU005,CUS03,CH04,VN,Central,2000,27000,54000000.0,2160000.0,972000.0,0,0,50868000.0,24840000.0,1.467772,36459455.07,4532829.93,1416509.35,610416.0,7848789.65,NET_REVENUE_SHARE,row_net_revenue / month_channel_net_revenue,COMMERCIAL_COSTS,DERIVED,false,false
VN000000942,ORD00000942,2024-04-01,2024-04-01,SKU006,CUS04,CH04,VN,North,1000,30000,30000000.0,1200000.0,540000.0,0,0,28260000.0,12600000.0,1.467772,18493926.49,2518238.85,786949.64,339120.0,6121765.02,NET_REVENUE_SHARE,row_net_revenue / month_channel_net_revenue,COMMERCIAL_COSTS,DERIVED,false,false
VN000000943,ORD00000943,2024-04-01,2024-04-01,SKU007,CUS05,CH04,VN,South,2000,23000,46000000.0,1840000.0,828000.0,0,0,43332000.0,25300000.0,1.467772,37134630.17,3861299.57,1206656.12,519984.0,609430.14,NET_REVENUE_SHARE,row_net_revenue / month_channel_net_revenue,COMMERCIAL_COSTS,DERIVED,false,false
VN000000944,ORD00000944,2024-04-01,2024-04-01,SKU008,CUS06,CH04,VN,Central,2000,25000,50000000.0,2000000.0,900000.0,0,0,47100000.0,26000000.0,1.467772,38162070.53,4197064.75,1311582.73,565200.0,2864081.99,NET_REVENUE_SHARE,row_net_revenue / month_channel_net_revenue,COMMERCIAL_COSTS,DERIVED,false,false
VN000000945,ORD00000945,2024-04-01,2024-04-01,SKU009,CUS07,CH04,VN,North,2000,21000,42000000.0,1680000.0,756000.0,0,0,39564000.0,24360000.0,1.467772,35754924.54,3525534.39,1101729.5,474768.0,-1292956.43,NET_REVENUE_SHARE,row_net_revenue / month_channel_net_revenue,COMMERCIAL_COSTS,DERIVED,false,false
VN000000946,ORD00000946,2024-04-01,2024-04-01,SKU010,CUS08,CH04,VN,South,2000,24000,48000000.0,1920000.0,864000.0,0,0,45216000.0,24000000.0,1.467772,35226526.64,4029182.16,1259119.42,542592.0,4158579.78,NET_REVENUE_SHARE,row_net_revenue / month_channel_net_revenue,COMMERCIAL_COSTS,DERIVED,false,false
VN000000947,ORD00000947,2024-04-01,2024-04-01,SKU011,CUS09,CH04,VN,Central,1000,35000,35000000.0,1400000.0,630000.0,0,0,32970000.0,10500000.0,1.467772,15411605.41,2937945.32,918107.91,395640.0,13306701.36,NET_REVENUE_SHARE,row_net_revenue / month_channel_net_revenue,COMMERCIAL_COSTS,DERIVED,false,false
VN000000948,ORD00000948,2024-04-01,2024-04-01,SKU012,CUS10,CH04,VN,North,1000,29000,29000000.0,1160000.0,522000.0,0,0,27318000.0,11310000.0,1.467772,16600500.67,2434297.55,760717.99,327816.0,7194667.79,NET_REVENUE_SHARE,row_net_revenue / month_channel_net_revenue,COMMERCIAL_COSTS,DERIVED,false,false
VN000000949,ORD00000949,2024-04-01,2024-04-01,SKU001,CUS10,CH05,VN,North,3000,31000,93000000.0,3720000.0,558000.0,0,0,88722000.0,37200000.0,1.307164,48626483.08,1736174.59,2170218.24,1064664.0,35124460.09,NET_REVENUE_SHARE,row_net_revenue / month_channel_net_revenue,COMMERCIAL_COSTS,DERIVED,false,false
VN000000950,ORD00000950,2024-04-01,2024-04-01,SKU002,CUS01,CH05,VN,North,2000,36000,72000000.0,2880000.0,432000.0,0,0,68688000.0,25920000.0,1.307164,33881678.53,1344135.17,1680168.96,824256.0,30957761.34,NET_REVENUE_SHARE,row_net_revenue / month_channel_net_revenue,COMMERCIAL_COSTS,DERIVED,false,false
VN000000951,ORD00000951,2024-04-01,2024-04-01,SKU003,CUS02,CH05,VN,South,2000,32000,64000000.0,2560000.0,384000.0,0,0,61056000.0,24320000.0,1.307164,31790216.89,1194786.82,1493483.52,732672.0,25844840.77,NET_REVENUE_SHARE,row_net_revenue / month_channel_net_revenue,COMMERCIAL_COSTS,DERIVED,false,false
VN000000952,ORD00000952,2024-04-01,2024-04-01,SKU004,CUS03,CH05,VN,Central,3000,28000,84000000.0,3360000.0,504000.0,0,0,80136000.0,36960000.0,1.307164,48312763.83,1568157.7,1960197.12,961632.0,27333249.35,NET_REVENUE_SHARE,row_net_revenue / month_channel_net_revenue,COMMERCIAL_COSTS,DERIVED,false,false
VN000000953,ORD00000953,2024-04-01,2024-04-01,SKU005,CUS04,CH05,VN,North,2000,27000,54000000.0,2160000.0,324000.0,0,0,51516000.0,24840000.0,1.307164,32469941.93,1008101.38,1260126.72,618192.0,16159637.97,NET_REVENUE_SHARE,row_net_revenue / month_channel_net_revenue,COMMERCIAL_COSTS,DERIVED,false,false
VN000000954,ORD00000954,2024-04-01,2024-04-01,SKU006,CUS05,CH05,VN,South,2000,30000,60000000.0,2400000.0,360000.0,0,0,57240000.0,25200000.0,1.307164,32940520.79,1120112.64,1400140.8,686880.0,21092345.77,NET_REVENUE_SHARE,row_net_revenue / month_channel_net_revenue,COMMERCIAL_COSTS,DERIVED,false,false
VN000000955,ORD00000955,2024-04-01,2024-04-01,SKU007,CUS06,CH05,VN,Central,3000,23000,69000000.0,2760000.0,414000.0,0,0,65826000.0,37950000.0,1.307164,49606855.72,1288129.54,1610161.92,789912.0,12530940.82,NET_REVENUE_SHARE,row_net_revenue / month_channel_net_revenue,COMMERCIAL_COSTS,DERIVED,false,false
VN000000956,ORD00000956,2024-04-01,2024-04-01,SKU008,CUS07,CH05,VN,North,2000,25000,50000000.0,2000000.0,300000.0,0,0,47700000.0,26000000.0,1.307164,33986251.61,933427.2,1166784.0,572400.0,11041137.19,NET_REVENUE_SHARE,row_net_revenue / month_channel_net_revenue,COMMERCIAL_COSTS,DERIVED,false,false
VN000000957,ORD00000957,2024-04-01,2024-04-01,SKU009,CUS08,CH05,VN,South,3000,21000,63000000.0,2520000.0,378000.0,0,0,60102000.0,36540000.0,1.307164,47763755.15,1176118.27,1470147.84,721224.0,8970754.74,NET_REVENUE_SHARE,row_net_revenue / month_channel_net_revenue,COMMERCIAL_COSTS,DERIVED,false,false
VN000000958,ORD00000958,2024-04-01,2024-04-01,SKU010,CUS09,CH05,VN,Central,2000,24000,48000000.0,1920000.0,288000.0,0,0,45792000.0,24000000.0,1.307164,31371924.57,896090.11,1120112.64,549504.0,11854368.68,NET_REVENUE_SHARE,row_net_revenue / month_channel_net_revenue,COMMERCIAL_COSTS,DERIVED,false,false
VN000000959,ORD00000959,2024-04-01,2024-04-01,SKU011,CUS10,CH05,VN,North,1000,35000,35000000.0,1400000.0,210000.0,0,0,33390000.0,10500000.0,1.307164,13725217.0,653399.04,816748.8,400680.0,17793955.16,NET_REVENUE_SHARE,row_net_revenue / month_channel_net_revenue,COMMERCIAL_COSTS,DERIVED,false,false
VN000000960,ORD00000960,2024-04-01,2024-04-01,SKU012,CUS01,CH05,VN,North,2000,29000,58000000.0,2320000.0,348000.0,0,0,55332000.0,22620000.0,1.307164,29568038.9,1082775.55,1353469.44,663984.0,22663732.11,NET_REVENUE_SHARE,row_net_revenue / month_channel_net_revenue,COMMERCIAL_COSTS,DERIVED,false,false
VN000000961,ORD00000961,2024-05-01,2024-05-01,SKU001,CUS07,CH01,VN,North,8000,31000,248000000.0,9920000.0,1488000.0,0,0,236592000.0,99200000.0,1.395277,138411469.58,8652684.82,6180489.16,2839104.0,80508252.44,NET_REVENUE_SHARE,row_net_revenue / month_channel_net_revenue,COMMERCIAL_COSTS,DERIVED,false,false
VN000000962,ORD00000962,2024-05-01,2024-05-01,SKU002,CUS08,CH01,VN,South,5000,36000,180000000.0,7200000.0,1080000.0,0,0,171720000.0,64800000.0,1.395277,90413943.84,6280174.47,4485838.9,2060640.0,68479402.79,NET_REVENUE_SHARE,row_net_revenue / month_channel_net_revenue,COMMERCIAL_COSTS,DERIVED,false,false
VN000000963,ORD00000963,2024-05-01,2024-05-01,SKU003,CUS09,CH01,VN,Central,5000,32000,160000000.0,6400000.0,960000.0,0,0,152640000.0,60800000.0,1.395277,84832836.2,5582377.3,3987412.36,1831680.0,56405694.14,NET_REVENUE_SHARE,row_net_revenue / month_channel_net_revenue,COMMERCIAL_COSTS,DERIVED,false,false
VN000000964,ORD00000964,2024-05-01,2024-05-01,SKU004,CUS10,CH01,VN,North,7000,28000,196000000.0,7840000.0,1176000.0,0,0,186984000.0,86240000.0,1.395277,120328680.82,6838412.2,4884580.14,2243808.0,52688518.84,NET_REVENUE_SHARE,row_net_revenue / month_channel_net_revenue,COMMERCIAL_COSTS,DERIVED,false,false
VN000000965,ORD00000965,2024-05-01,2024-05-01,SKU005,CUS01,CH01,VN,North,6000,27000,162000000.0,6480000.0,972000.0,0,0,154548000.0,74520000.0,1.395277,103976035.42,5652157.02,4037255.01,1854576.0,39027976.55,NET_REVENUE_SHARE,row_net_revenue / month_channel_net_revenue,COMMERCIAL_COSTS,DERIVED,false,false
VN000000966,ORD00000966,2024-05-01,2024-05-01,SKU006,CUS02,CH01,VN,South,5000,30000,150000000.0,6000000.0,900000.0,0,0,143100000.0,63000000.0,1.395277,87902445.4,5233478.72,3738199.09,1717200.0,44508676.79,NET_REVENUE_SHARE,row_net_revenue / month_channel_net_revenue,COMMERCIAL_COSTS,DERIVED,false,false
VN000000967,ORD00000967,2024-05-01,2024-05-01,SKU007,CUS03,CH01,VN,Central,8000,23000,184000000.0,7360000.0,1104000.0,0,0,175536000.0,101200000.0,1.395277,141202023.41,6419733.9,4585524.21,2106432.0,21222286.48,NET_REVENUE_SHARE,row_net_revenue / month_channel_net_revenue,COMMERCIAL_COSTS,DERIVED,false,false
VN000000968,ORD00000968,2024-05-01,2024-05-01,SKU008,CUS04,CH01,VN,North,6000,25000,150000000.0,6000000.0,900000.0,0,0,143100000.0,78000000.0,1.395277,108831599.07,5233478.72,3738199.09,1717200.0,23579523.12,NET_REVENUE_SHARE,row_net_revenue / month_channel_net_revenue,COMMERCIAL_COSTS,DERIVED,false,false
VN000000969,ORD00000969,2024-05-01,2024-05-01,SKU009,CUS05,CH01,VN,South,7000,21000,147000000.0,5880000.0,882000.0,0,0,140238000.0,85260000.0,1.395277,118961309.44,5128809.15,3663435.11,1682856.0,10801590.3,NET_REVENUE_SHARE,row_net_revenue / month_channel_net_revenue,COMMERCIAL_COSTS,DERIVED,false,false
VN000000970,ORD00000970,2024-05-01,2024-05-01,SKU010,CUS06,CH01,VN,Central,6000,24000,144000000.0,5760000.0,864000.0,0,0,137376000.0,72000000.0,1.395277,100459937.6,5024139.57,3588671.12,1648512.0,26654739.71,NET_REVENUE_SHARE,row_net_revenue / month_channel_net_revenue,COMMERCIAL_COSTS,DERIVED,false,false
VN000000971,ORD00000971,2024-05-01,2024-05-01,SKU011,CUS07,CH01,VN,North,3000,35000,105000000.0,4200000.0,630000.0,0,0,100170000.0,31500000.0,1.395277,43951222.7,3663435.11,2616739.36,1202040.0,48736562.83,NET_REVENUE_SHARE,row_net_revenue / month_channel_net_revenue,COMMERCIAL_COSTS,DERIVED,false,false
VN000000972,ORD00000972,2024-05-01,2024-05-01,SKU012,CUS08,CH01,VN,South,5000,29000,145000000.0,5800000.0,870000.0,0,0,138330000.0,56550000.0,1.395277,78902909.32,5059029.43,3613592.45,1659960.0,49094508.8,NET_REVENUE_SHARE,row_net_revenue / month_channel_net_revenue,COMMERCIAL_COSTS,DERIVED,false,false
VN000000973,ORD00000973,2024-05-01,2024-05-01,SKU001,CUS08,CH02,VN,South,6000,31000,186000000.0,7440000.0,1116000.0,0,0,177444000.0,74400000.0,1.379495,102634401.07,8208785.5,6749445.85,2129328.0,57722039.58,NET_REVENUE_SHARE,row_net_revenue / month_channel_net_revenue,COMMERCIAL_COSTS,DERIVED,false,false
VN000000974,ORD00000974,2024-05-01,2024-05-01,SKU002,CUS09,CH02,VN,Central,4000,36000,144000000.0,5760000.0,864000.0,0,0,137376000.0,51840000.0,1.379495,71513002.04,6355188.77,5225377.43,1648512.0,52633919.76,NET_REVENUE_SHARE,row_net_revenue / month_channel_net_revenue,COMMERCIAL_COSTS,DERIVED,false,false
VN000000975,ORD00000975,2024-05-01,2024-05-01,SKU003,CUS10,CH02,VN,North,4000,32000,128000000.0,5120000.0,768000.0,0,0,122112000.0,48640000.0,1.379495,67098619.2,5649056.69,4644779.94,1465344.0,43254200.17,NET_REVENUE_SHARE,row_net_revenue / month_channel_net_revenue,COMMERCIAL_COSTS,DERIVED,false,false
VN000000976,ORD00000976,2024-05-01,2024-05-01,SKU004,CUS01,CH02,VN,North,5000,28000,140000000.0,5600000.0,840000.0,0,0,133560000.0,61600000.0,1.379495,84976869.71,6178655.75,5080228.06,1602720.0,35721526.48,NET_REVENUE_SHARE,row_net_revenue / month_channel_net_revenue,COMMERCIAL_COSTS,DERIVED,false,false
VN000000977,ORD00000977,2024-05-01,2024-05-01,SKU005,CUS02,CH02,VN,South,4000,27000,108000000.0,4320000.0,648000.0,0,0,103032000.0,49680000.0,1.379495,68533293.62,4766391.58,3919033.08,1236384.0,24576897.72,NET_REVENUE_SHARE,row_net_revenue / month_channel_net_revenue,COMMERCIAL_COSTS,DERIVED,false,false
VN000000978,ORD00000978,2024-05-01,2024-05-01,SKU006,CUS03,CH02,VN,Central,4000,30000,120000000.0,4800000.0,720000.0,0,0,114480000.0,50400000.0,1.379495,69526529.76,5295990.64,4354481.19,1373760.0,33929238.41,NET_REVENUE_SHARE,row_net_revenue / month_channel_net_revenue,COMMERCIAL_COSTS,DERIVED,false,false
VN000000979,ORD00000979,2024-05-01,2024-05-01,SKU007,CUS04,CH02,VN,North,6000,23000,138000000.0,5520000.0,828000.0,0,0,131652000.0,75900000.0,1.379495,104703643.03,6090389.24,5007653.37,1579824.0,14270490.36,NET_REVENUE_SHARE,row_net_revenue / month_channel_net_revenue,COMMERCIAL_COSTS,DERIVED,false,false
VN000000980,ORD00000980,2024-05-01,2024-05-01,SKU008,CUS05,CH02,VN,South,5000,25000,125000000.0,5000000.0,750000.0,0,0,119250000.0,65000000.0,1.379495,89667151.47,5516656.92,4535917.91,1431000.0,18099273.7,NET_REVENUE_SHARE,row_net_revenue / month_channel_net_revenue,COMMERCIAL_COSTS,DERIVED,false,false
VN000000981,ORD00000981,2024-05-01,2024-05-01,SKU009,CUS06,CH02,VN,Central,6000,21000,126000000.0,5040000.0,756000.0,0,0,120204000.0,73080000.0,1.379495,100813468.15,5560790.17,4572205.25,1442448.0,7815088.43,NET_REVENUE_SHARE,row_net_revenue / month_channel_net_revenue,COMMERCIAL_COSTS,DERIVED,false,false
VN000000982,ORD00000982,2024-05-01,2024-05-01,SKU010,CUS07,CH02,VN,North,4000,24000,96000000.0,3840000.0,576000.0,0,0,91584000.0,48000000.0,1.379495,66215742.63,4236792.51,3483584.96,1099008.0,16548871.9,NET_REVENUE_SHARE,row_net_revenue / month_channel_net_revenue,COMMERCIAL_COSTS,DERIVED,false,false
VN000000983,ORD00000983,2024-05-01,2024-05-01,SKU011,CUS08,CH02,VN,South,3000,35000,105000000.0,4200000.0,630000.0,0,0,100170000.0,31500000.0,1.379495,43454081.1,4633991.81,3810171.05,1202040.0,47069716.04,NET_REVENUE_SHARE,row_net_revenue / month_channel_net_revenue,COMMERCIAL_COSTS,DERIVED,false,false
VN000000984,ORD00000984,2024-05-01,2024-05-01,SKU012,CUS09,CH02,VN,Central,4000,29000,116000000.0,4640000.0,696000.0,0,0,110664000.0,45240000.0,1.379495,62408337.42,5119457.62,4209331.82,1327968.0,37598905.14,NET_REVENUE_SHARE,row_net_revenue / month_channel_net_revenue,COMMERCIAL_COSTS,DERIVED,false,false
VN000000985,ORD00000985,2024-05-01,2024-05-01,SKU001,CUS09,CH03,VN,Central,4000,31000,124000000.0,8060000.0,744000.0,0,0,115196000.0,49600000.0,1.519132,75348949.5,15200597.61,3166791.17,1382352.0,20097309.72,NET_REVENUE_SHARE,row_net_revenue / month_channel_net_revenue,COMMERCIAL_COSTS,DERIVED,false,false
VN000000986,ORD00000986,2024-05-01,2024-05-01,SKU002,CUS10,CH03,VN,North,3000,36000,108000000.0,7020000.0,648000.0,0,0,100332000.0,38880000.0,1.519132,59063853.96,13239230.17,2758172.95,1203984.0,24066758.92,NET_REVENUE_SHARE,row_net_revenue / month_channel_net_revenue,COMMERCIAL_COSTS,DERIVED,false,false
VN000000987,ORD00000987,2024-05-01,2024-05-01,SKU003,CUS01,CH03,VN,North,3000,32000,96000000.0,6240000.0,576000.0,0,0,89184000.0,36480000.0,1.519132,55417937.05,11768204.6,2451709.29,1070208.0,18475941.06,NET_REVENUE_SHARE,row_net_revenue / month_channel_net_revenue,COMMERCIAL_COSTS,DERIVED,false,false
VN000000988,ORD00000988,2024-05-01,2024-05-01,SKU004,CUS02,CH03,VN,South,4000,28000,112000000.0,7280000.0,672000.0,0,0,104048000.0,49280000.0,1.519132,74862827.25,13729572.03,2860327.51,1248576.0,11346697.21,NET_REVENUE_SHARE,row_net_revenue / month_channel_net_revenue,COMMERCIAL_COSTS,DERIVED,false,false
VN000000989,ORD00000989,2024-05-01,2024-05-01,SKU005,CUS03,CH03,VN,Central,3000,27000,81000000.0,5265000.0,486000.0,0,0,75249000.0,37260000.0,1.519132,56602860.05,9929422.63,2068629.71,902988.0,5745099.61,NET_REVENUE_SHARE,row_net_revenue / month_channel_net_revenue,COMMERCIAL_COSTS,DERIVED,false,false
VN000000990,ORD00000990,2024-05-01,2024-05-01,SKU006,CUS04,CH03,VN,North,3000,30000,90000000.0,5850000.0,540000.0,0,0,83610000.0,37800000.0,1.519132,57423191.35,11032691.81,2298477.46,1003320.0,11852319.38,NET_REVENUE_SHARE,row_net_revenue / month_channel_net_revenue,COMMERCIAL_COSTS,DERIVED,false,false
VN000000991,ORD00000991,2024-05-01,2024-05-01,SKU007,CUS05,CH03,VN,South,4000,23000,92000000.0,5980000.0,552000.0,0,0,85468000.0,50600000.0,1.519132,76868081.55,11277862.74,2349554.74,1025616.0,-6053115.03,NET_REVENUE_SHARE,row_net_revenue / month_channel_net_revenue,COMMERCIAL_COSTS,DERIVED,false,false
VN000000992,ORD00000992,2024-05-01,2024-05-01,SKU008,CUS06,CH03,VN,Central,4000,25000,100000000.0,6500000.0,600000.0,0,0,92900000.0,52000000.0,1.519132,78994866.41,12258546.46,2553863.85,1114800.0,-2022076.72,NET_REVENUE_SHARE,row_net_revenue / month_channel_net_revenue,COMMERCIAL_COSTS,DERIVED,false,false
VN000000993,ORD00000993,2024-05-01,2024-05-01,SKU009,CUS07,CH03,VN,North,4000,21000,84000000.0,5460000.0,504000.0,0,0,78036000.0,48720000.0,1.519132,74012113.3,10297179.02,2145245.63,936432.0,-9354969.95,NET_REVENUE_SHARE,row_net_revenue / month_channel_net_revenue,COMMERCIAL_COSTS,DERIVED,false,false
VN000000994,ORD00000994,2024-05-01,2024-05-01,SKU010,CUS08,CH03,VN,South,3000,24000,72000000.0,4680000.0,432000.0,0,0,66888000.0,36000000.0,1.519132,54688753.67,8826153.45,1838781.97,802656.0,731654.91,NET_REVENUE_SHARE,row_net_revenue / month_channel_net_revenue,COMMERCIAL_COSTS,DERIVED,false,false
VN000000995,ORD00000995,2024-05-01,2024-05-01,SKU011,CUS09,CH03,VN,Central,2000,35000,70000000.0,4550000.0,420000.0,0,0,65030000.0,21000000.0,1.519132,31901772.97,8580982.52,1787704.69,780360.0,21979179.82,NET_REVENUE_SHARE,row_net_revenue / month_channel_net_revenue,COMMERCIAL_COSTS,DERIVED,false,false
VN000000996,ORD00000996,2024-05-01,2024-05-01,SKU012,CUS10,CH03,VN,North,3000,29000,87000000.0,5655000.0,522000.0,0,0,80823000.0,33930000.0,1.519132,51544150.35,10664935.42,2221861.55,969876.0,15422176.68,NET_REVENUE_SHARE,row_net_revenue / month_channel_net_revenue,COMMERCIAL_COSTS,DERIVED,false,false
VN000000997,ORD00000997,2024-05-01,2024-05-01,SKU001,CUS10,CH04,VN,North,2000,31000,62000000.0,2480000.0,1116000.0,0,0,58404000.0,24800000.0,1.453908,36056922.78,5155202.76,1611000.86,700848.0,14880025.6,NET_REVENUE_SHARE,row_net_revenue / month_channel_net_revenue,COMMERCIAL_COSTS,DERIVED,false,false
VN000000998,ORD00000998,2024-05-01,2024-05-01,SKU002,CUS01,CH04,VN,North,2000,36000,72000000.0,2880000.0,1296000.0,0,0,67824000.0,25920000.0,1.453908,37685299.94,5986687.08,1870839.71,813888.0,21467285.27,NET_REVENUE_SHARE,row_net_revenue / month_channel_net_revenue,COMMERCIAL_COSTS,DERIVED,false,false
VN000000999,ORD00000999,2024-05-01,2024-05-01,SKU003,CUS02,CH04,VN,South,1000,32000,32000000.0,1280000.0,576000.0,0,0,30144000.0,12160000.0,1.453908,17679523.43,2660749.81,831484.32,361728.0,8610514.44,NET_REVENUE_SHARE,row_net_revenue / month_channel_net_revenue,COMMERCIAL_COSTS,DERIVED,false,false
VN000001000,ORD00001000,2024-05-01,2024-05-01,SKU004,CUS03,CH04,VN,Central,2000,28000,56000000.0,2240000.0,1008000.0,0,0,52752000.0,24640000.0,1.453908,35824297.48,4656312.17,1455097.55,633024.0,10183268.8,NET_REVENUE_SHARE,row_net_revenue / month_channel_net_revenue,COMMERCIAL_COSTS,DERIVED,false,false
VN000001001,ORD00001001,2024-05-01,2024-05-01,SKU005,CUS04,CH04,VN,North,2000,27000,54000000.0,2160000.0,972000.0,0,0,50868000.0,24840000.0,1.453908,36115079.11,4490015.31,1403129.78,610416.0,8249359.8,NET_REVENUE_SHARE,row_net_revenue / month_channel_net_revenue,COMMERCIAL_COSTS,DERIVED,false,false
VN000001002,ORD00001002,2024-05-01,2024-05-01,SKU006,CUS05,CH04,VN,South,1000,30000,30000000.0,1200000.0,540000.0,0,0,28260000.0,12600000.0,1.453908,18319243.03,2494452.95,779516.55,339120.0,6327667.47,NET_REVENUE_SHARE,row_net_revenue / month_channel_net_revenue,COMMERCIAL_COSTS,DERIVED,false,false
VN000001003,ORD00001003,2024-05-01,2024-05-01,SKU007,CUS06,CH04,VN,Central,2000,23000,46000000.0,1840000.0,828000.0,0,0,43332000.0,25300000.0,1.453908,36783876.87,3824827.86,1195258.71,519984.0,1008052.56,NET_REVENUE_SHARE,row_net_revenue / month_channel_net_revenue,COMMERCIAL_COSTS,DERIVED,false,false
VN000001004,ORD00001004,2024-05-01,2024-05-01,SKU008,CUS07,CH04,VN,North,2000,25000,50000000.0,2000000.0,900000.0,0,0,47100000.0,26000000.0,1.453908,37801612.6,4157421.58,1299194.24,565200.0,3276571.58,NET_REVENUE_SHARE,row_net_revenue / month_channel_net_revenue,COMMERCIAL_COSTS,DERIVED,false,false
VN000001005,ORD00001005,2024-05-01,2024-05-01,SKU009,CUS08,CH04,VN,South,2000,21000,42000000.0,1680000.0,756000.0,0,0,39564000.0,24360000.0,1.453908,35417203.19,3492234.13,1091323.17,474768.0,-911528.49,NET_REVENUE_SHARE,row_net_revenue / month_channel_net_revenue,COMMERCIAL_COSTS,DERIVED,false,false
VN000001006,ORD00001006,2024-05-01,2024-05-01,SKU010,CUS09,CH04,VN,Central,2000,24000,48000000.0,1920000.0,864000.0,0,0,45216000.0,24000000.0,1.453908,34893796.24,3991124.72,1247226.47,542592.0,4541260.57,NET_REVENUE_SHARE,row_net_revenue / month_channel_net_revenue,COMMERCIAL_COSTS,DERIVED,false,false
VN000001007,ORD00001007,2024-05-01,2024-05-01,SKU011,CUS10,CH04,VN,North,1000,35000,35000000.0,1400000.0,630000.0,0,0,32970000.0,10500000.0,1.453908,15266035.86,2910195.11,909435.97,395640.0,13488693.06,NET_REVENUE_SHARE,row_net_revenue / month_channel_net_revenue,COMMERCIAL_COSTS,DERIVED,false,false
VN000001008,ORD00001008,2024-05-01,2024-05-01,SKU012,CUS01,CH04,VN,North,1000,29000,29000000.0,1160000.0,522000.0,0,0,27318000.0,11310000.0,1.453908,16443701.47,2411304.52,753532.66,327816.0,7381645.35,NET_REVENUE_SHARE,row_net_revenue / month_channel_net_revenue,COMMERCIAL_COSTS,DERIVED,false,false
VN000001009,ORD00001009,2024-05-01,2024-05-01,SKU001,CUS01,CH05,VN,North,3000,31000,93000000.0,3720000.0,558000.0,0,0,88722000.0,37200000.0,1.344709,50023186.65,1786470.54,2233088.18,1064664.0,33614590.63,NET_REVENUE_SHARE,row_net_revenue / month_channel_net_revenue,COMMERCIAL_COSTS,DERIVED,false,false
VN000001010,ORD00001010,2024-05-01,2024-05-01,SKU002,CUS02,CH05,VN,South,2000,36000,72000000.0,2880000.0,432000.0,0,0,68688000.0,25920000.0,1.344709,34854865.54,1383073.97,1728842.46,824256.0,29896962.03,NET_REVENUE_SHARE,row_net_revenue / month_channel_net_revenue,COMMERCIAL_COSTS,DERIVED,false,false
VN000001011,ORD00001011,2024-05-01,2024-05-01,SKU003,CUS03,CH05,VN,Central,2000,32000,64000000.0,2560000.0,384000.0,0,0,61056000.0,24320000.0,1.344709,32703330.63,1229399.08,1536748.85,732672.0,24853849.44,NET_REVENUE_SHARE,row_net_revenue / month_channel_net_revenue,COMMERCIAL_COSTS,DERIVED,false,false
VN000001012,ORD00001012,2024-05-01,2024-05-01,SKU004,CUS04,CH05,VN,North,2000,28000,56000000.0,2240000.0,336000.0,0,0,53424000.0,24640000.0,1.344709,33133637.61,1075724.2,1344655.25,641088.0,17228894.94,NET_REVENUE_SHARE,row_net_revenue / month_channel_net_revenue,COMMERCIAL_COSTS,DERIVED,false,false
VN000001013,ORD00001013,2024-05-01,2024-05-01,SKU005,CUS05,CH05,VN,South,2000,27000,54000000.0,2160000.0,324000.0,0,0,51516000.0,24840000.0,1.344709,33402579.47,1037305.48,1296631.84,618192.0,15161291.21,NET_REVENUE_SHARE,row_net_revenue / month_channel_net_revenue,COMMERCIAL_COSTS,DERIVED,false,false
VN000001014,ORD00001014,2024-05-01,2024-05-01,SKU006,CUS06,CH05,VN,Central,2000,30000,60000000.0,2400000.0,360000.0,0,0,57240000.0,25200000.0,1.344709,33886674.83,1152561.64,1440702.05,686880.0,20073181.48,NET_REVENUE_SHARE,row_net_revenue / month_channel_net_revenue,COMMERCIAL_COSTS,DERIVED,false,false
VN000001015,ORD00001015,2024-05-01,2024-05-01,SKU007,CUS07,CH05,VN,North,3000,23000,69000000.0,2760000.0,414000.0,0,0,65826000.0,37950000.0,1.344709,51031718.64,1325445.89,1656807.36,789912.0,11022116.11,NET_REVENUE_SHARE,row_net_revenue / month_channel_net_revenue,COMMERCIAL_COSTS,DERIVED,false,false
VN000001016,ORD00001016,2024-05-01,2024-05-01,SKU008,CUS08,CH05,VN,South,2000,25000,50000000.0,2000000.0,300000.0,0,0,47700000.0,26000000.0,1.344709,34962442.28,960468.03,1200585.04,572400.0,10004104.65,NET_REVENUE_SHARE,row_net_revenue / month_channel_net_revenue,COMMERCIAL_COSTS,DERIVED,false,false
VN000001017,ORD00001017,2024-05-01,2024-05-01,SKU009,CUS09,CH05,VN,Central,3000,21000,63000000.0,2520000.0,378000.0,0,0,60102000.0,36540000.0,1.344709,49135678.5,1210189.72,1512737.15,721224.0,7522170.63,NET_REVENUE_SHARE,row_net_revenue / month_channel_net_revenue,COMMERCIAL_COSTS,DERIVED,false,false
VN000001018,ORD00001018,2024-05-01,2024-05-01,SKU010,CUS10,CH05,VN,North,2000,24000,48000000.0,1920000.0,288000.0,0,0,45792000.0,24000000.0,1.344709,32273023.64,922049.31,1152561.64,549504.0,10894861.41,NET_REVENUE_SHARE,row_net_revenue / month_channel_net_revenue,COMMERCIAL_COSTS,DERIVED,false,false
VN000001019,ORD00001019,2024-05-01,2024-05-01,SKU011,CUS01,CH05,VN,North,1000,35000,35000000.0,1400000.0,210000.0,0,0,33390000.0,10500000.0,1.344709,14119447.84,672327.62,840409.53,400680.0,17357135.01,NET_REVENUE_SHARE,row_net_revenue / month_channel_net_revenue,COMMERCIAL_COSTS,DERIVED,false,false
VN000001020,ORD00001020,2024-05-01,2024-05-01,SKU012,CUS02,CH05,VN,South,2000,29000,58000000.0,2320000.0,348000.0,0,0,55332000.0,22620000.0,1.344709,30417324.77,1114142.92,1392678.65,663984.0,21743869.66,NET_REVENUE_SHARE,row_net_revenue / month_channel_net_revenue,COMMERCIAL_COSTS,DERIVED,false,false
VN000001021,ORD00001021,2024-06-01,2024-06-01,SKU001,CUS08,CH01,VN,South,8000,31000,248000000.0,9920000.0,1488000.0,0,0,236592000.0,99200000.0,1.39537,138420666.97,8653259.79,6180899.85,2839104.0,80498069.39,NET_REVENUE_SHARE,row_net_revenue / month_channel_net_revenue,COMMERCIAL_COSTS,DERIVED,false,false
VN000001022,ORD00001022,2024-06-01,2024-06-01,SKU002,CUS09,CH01,VN,Central,5000,36000,180000000.0,7200000.0,1080000.0,0,0,171720000.0,64800000.0,1.39537,90419951.81,6280591.78,4486136.99,2060640.0,68472679.42,NET_REVENUE_SHARE,row_net_revenue / month_channel_net_revenue,COMMERCIAL_COSTS,DERIVED,false,false
VN000001023,ORD00001023,2024-06-01,2024-06-01,SKU003,CUS10,CH01,VN,North,5000,32000,160000000.0,6400000.0,960000.0,0,0,152640000.0,60800000.0,1.39537,84838473.3,5582748.25,3987677.32,1831680.0,56399421.13,NET_REVENUE_SHARE,row_net_revenue / month_channel_net_revenue,COMMERCIAL_COSTS,DERIVED,false,false
VN000001024,ORD00001024,2024-06-01,2024-06-01,SKU004,CUS01,CH01,VN,North,7000,28000,196000000.0,7840000.0,1176000.0,0,0,186984000.0,86240000.0,1.39537,120336676.61,6838866.61,4884904.72,2243808.0,52679744.06,NET_REVENUE_SHARE,row_net_revenue / month_channel_net_revenue,COMMERCIAL_COSTS,DERIVED,false,false
VN000001025,ORD00001025,2024-06-01,2024-06-01,SKU005,CUS02,CH01,VN,South,6000,27000,162000000.0,6480000.0,972000.0,0,0,154548000.0,74520000.0,1.39537,103982944.58,5652532.6,4037523.29,1854576.0,39020423.53,NET_REVENUE_SHARE,row_net_revenue / month_channel_net_revenue,COMMERCIAL_COSTS,DERIVED,false,false
VN000001026,ORD00001026,2024-06-01,2024-06-01,SKU006,CUS03,CH01,VN,Central,5000,30000,150000000.0,6000000.0,900000.0,0,0,143100000.0,63000000.0,1.39537,87908286.48,5233826.48,3738447.49,1717200.0,44502239.55,NET_REVENUE_SHARE,row_net_revenue / month_channel_net_revenue,COMMERCIAL_COSTS,DERIVED,false,false
VN000001027,ORD00001027,2024-06-01,2024-06-01,SKU007,CUS04,CH01,VN,North,8000,23000,184000000.0,7360000.0,1104000.0,0,0,175536000.0,101200000.0,1.39537,141211406.22,6420160.49,4585828.92,2106432.0,21212172.37,NET_REVENUE_SHARE,row_net_revenue / month_channel_net_revenue,COMMERCIAL_COSTS,DERIVED,false,false
VN000001028,ORD00001028,2024-06-01,2024-06-01,SKU008,CUS05,CH01,VN,South,6000,25000,150000000.0,6000000.0,900000.0,0,0,143100000.0,78000000.0,1.39537,108838830.88,5233826.48,3738447.49,1717200.0,23571695.15,NET_REVENUE_SHARE,row_net_revenue / month_channel_net_revenue,COMMERCIAL_COSTS,DERIVED,false,false
VN000001029,ORD00001029,2024-06-01,2024-06-01,SKU009,CUS06,CH01,VN,Central,7000,21000,147000000.0,5880000.0,882000.0,0,0,140238000.0,85260000.0,1.39537,118969214.37,5129149.95,3663678.54,1682856.0,10793101.14,NET_REVENUE_SHARE,row_net_revenue / month_channel_net_revenue,COMMERCIAL_COSTS,DERIVED,false,false
VN000001030,ORD00001030,2024-06-01,2024-06-01,SKU010,CUS07,CH01,VN,North,6000,24000,144000000.0,5760000.0,864000.0,0,0,137376000.0,72000000.0,1.39537,100466613.12,5024473.42,3588909.59,1648512.0,26647491.87,NET_REVENUE_SHARE,row_net_revenue / month_channel_net_revenue,COMMERCIAL_COSTS,DERIVED,false,false
VN000001031,ORD00001031,2024-06-01,2024-06-01,SKU011,CUS08,CH01,VN,South,3000,35000,105000000.0,4200000.0,630000.0,0,0,100170000.0,31500000.0,1.39537,43954143.24,3663678.54,2616913.24,1202040.0,48733224.98,NET_REVENUE_SHARE,row_net_revenue / month_channel_net_revenue,COMMERCIAL_COSTS,DERIVED,false,false
VN000001032,ORD00001032,2024-06-01,2024-06-01,SKU012,CUS09,CH01,VN,Central,5000,29000,145000000.0,5800000.0,870000.0,0,0,138330000.0,56550000.0,1.39537,78908152.42,5059365.6,3613832.57,1659960.0,49088689.41,NET_REVENUE_SHARE,row_net_revenue / month_channel_net_revenue,COMMERCIAL_COSTS,DERIVED,false,false
VN000001033,ORD00001033,2024-06-01,2024-06-01,SKU001,CUS09,CH02,VN,Central,6000,31000,186000000.0,7440000.0,1116000.0,0,0,177444000.0,74400000.0,1.379586,102641221.09,8209330.97,6749894.35,2129328.0,57714225.59,NET_REVENUE_SHARE,row_net_revenue / month_channel_net_revenue,COMMERCIAL_COSTS,DERIVED,false,false
VN000001034,ORD00001034,2024-06-01,2024-06-01,SKU002,CUS10,CH02,VN,North,4000,36000,144000000.0,5760000.0,864000.0,0,0,137376000.0,51840000.0,1.379586,71517754.05,6355611.07,5225724.66,1648512.0,52628398.22,NET_REVENUE_SHARE,row_net_revenue / month_channel_net_revenue,COMMERCIAL_COSTS,DERIVED,false,false
VN000001035,ORD00001035,2024-06-01,2024-06-01,SKU003,CUS01,CH02,VN,North,4000,32000,128000000.0,5120000.0,768000.0,0,0,122112000.0,48640000.0,1.379586,67103077.87,5649432.06,4645088.58,1465344.0,43249057.49,NET_REVENUE_SHARE,row_net_revenue / month_channel_net_revenue,COMMERCIAL_COSTS,DERIVED,false,false
VN000001036,ORD00001036,2024-06-01,2024-06-01,SKU004,CUS02,CH02,VN,South,5000,28000,140000000.0,5600000.0,840000.0,0,0,133560000.0,61600000.0,1.379586,84982516.38,6179066.32,5080565.64,1602720.0,35715131.66,NET_REVENUE_SHARE,row_net_revenue / month_channel_net_revenue,COMMERCIAL_COSTS,DERIVED,false,false
VN000001037,ORD00001037,2024-06-01,2024-06-01,SKU005,CUS03,CH02,VN,Central,4000,27000,108000000.0,4320000.0,648000.0,0,0,103032000.0,49680000.0,1.379586,68537847.63,4766708.3,3919293.49,1236384.0,24571766.58,NET_REVENUE_SHARE,row_net_revenue / month_channel_net_revenue,COMMERCIAL_COSTS,DERIVED,false,false
VN000001038,ORD00001038,2024-06-01,2024-06-01,SKU006,CUS04,CH02,VN,North,4000,30000,120000000.0,4800000.0,720000.0,0,0,114480000.0,50400000.0,1.379586,69531149.77,5296342.56,4354770.55,1373760.0,33923977.12,NET_REVENUE_SHARE,row_net_revenue / month_channel_net_revenue,COMMERCIAL_COSTS,DERIVED,false,false
VN000001039,ORD00001039,2024-06-01,2024-06-01,SKU007,CUS05,CH02,VN,South,6000,23000,138000000.0,5520000.0,828000.0,0,0,131652000.0,75900000.0,1.379586,104710600.54,6090793.94,5007986.13,1579824.0,14262795.39,NET_REVENUE_SHARE,row_net_revenue / month_channel_net_revenue,COMMERCIAL_COSTS,DERIVED,false,false
VN000001040,ORD00001040,2024-06-01,2024-06-01,SKU008,CUS06,CH02,VN,Central,5000,25000,125000000.0,5000000.0,750000.0,0,0,119250000.0,65000000.0,1.379586,89673109.82,5517023.5,4536219.32,1431000.0,18092647.36,NET_REVENUE_SHARE,row_net_revenue / month_channel_net_revenue,COMMERCIAL_COSTS,DERIVED,false,false
VN000001041,ORD00001041,2024-06-01,2024-06-01,SKU009,CUS07,CH02,VN,North,6000,21000,126000000.0,5040000.0,756000.0,0,0,120204000.0,73080000.0,1.379586,100820167.17,5561159.69,4572509.08,1442448.0,7807716.06,NET_REVENUE_SHARE,row_net_revenue / month_channel_net_revenue,COMMERCIAL_COSTS,DERIVED,false,false
VN000001042,ORD00001042,2024-06-01,2024-06-01,SKU010,CUS08,CH02,VN,South,4000,24000,96000000.0,3840000.0,576000.0,0,0,91584000.0,48000000.0,1.379586,66220142.64,4237074.05,3483816.44,1099008.0,16543958.87,NET_REVENUE_SHARE,row_net_revenue / month_channel_net_revenue,COMMERCIAL_COSTS,DERIVED,false,false
VN000001043,ORD00001043,2024-06-01,2024-06-01,SKU011,CUS09,CH02,VN,Central,3000,35000,105000000.0,4200000.0,630000.0,0,0,100170000.0,31500000.0,1.379586,43456968.61,4634299.74,3810424.23,1202040.0,47066267.42,NET_REVENUE_SHARE,row_net_revenue / month_channel_net_revenue,COMMERCIAL_COSTS,DERIVED,false,false
VN000001044,ORD00001044,2024-06-01,2024-06-01,SKU012,CUS10,CH02,VN,North,4000,29000,116000000.0,4640000.0,696000.0,0,0,110664000.0,45240000.0,1.379586,62412484.43,5119797.81,4209611.53,1327968.0,37594138.23,NET_REVENUE_SHARE,row_net_revenue / month_channel_net_revenue,COMMERCIAL_COSTS,DERIVED,false,false
VN000001045,ORD00001045,2024-06-01,2024-06-01,SKU001,CUS10,CH03,VN,North,4000,31000,124000000.0,8060000.0,744000.0,0,0,115196000.0,49600000.0,1.52755,75766478.07,15284828.16,3184339.2,1382352.0,19578002.57,NET_REVENUE_SHARE,row_net_revenue / month_channel_net_revenue,COMMERCIAL_COSTS,DERIVED,false,false
VN000001046,ORD00001046,2024-06-01,2024-06-01,SKU002,CUS01,CH03,VN,North,3000,36000,108000000.0,7020000.0,648000.0,0,0,100332000.0,38880000.0,1.52755,59391142.49,13312592.27,2773456.72,1203984.0,23650824.52,NET_REVENUE_SHARE,row_net_revenue / month_channel_net_revenue,COMMERCIAL_COSTS,DERIVED,false,false
VN000001047,ORD00001047,2024-06-01,2024-06-01,SKU003,CUS02,CH03,VN,South,3000,32000,96000000.0,6240000.0,576000.0,0,0,89184000.0,36480000.0,1.52755,55725022.58,11833415.35,2465294.86,1070208.0,18090059.21,NET_REVENUE_SHARE,row_net_revenue / month_channel_net_revenue,COMMERCIAL_COSTS,DERIVED,false,false
VN000001048,ORD00001048,2024-06-01,2024-06-01,SKU004,CUS03,CH03,VN,Central,4000,28000,112000000.0,7280000.0,672000.0,0,0,104048000.0,49280000.0,1.52755,75277662.08,13805651.24,2876177.34,1248576.0,10839933.34,NET_REVENUE_SHARE,row_net_revenue / month_channel_net_revenue,COMMERCIAL_COSTS,DERIVED,false,false
VN000001049,ORD00001049,2024-06-01,2024-06-01,SKU005,CUS04,CH03,VN,North,3000,27000,81000000.0,5265000.0,486000.0,0,0,75249000.0,37260000.0,1.52755,56916511.55,9984444.2,2080092.54,902988.0,5364963.71,NET_REVENUE_SHARE,row_net_revenue / month_channel_net_revenue,COMMERCIAL_COSTS,DERIVED,false,false
VN000001050,ORD00001050,2024-06-01,2024-06-01,SKU006,CUS05,CH03,VN,South,3000,30000,90000000.0,5850000.0,540000.0,0,0,83610000.0,37800000.0,1.52755,57741388.53,11093826.89,2311213.94,1003320.0,11460250.64,NET_REVENUE_SHARE,row_net_revenue / month_channel_net_revenue,COMMERCIAL_COSTS,DERIVED,false,false
VN000001051,ORD00001051,2024-06-01,2024-06-01,SKU007,CUS06,CH03,VN,Central,4000,23000,92000000.0,5980000.0,552000.0,0,0,85468000.0,50600000.0,1.52755,77294028.03,11340356.38,2362574.25,1025616.0,-6554574.66,NET_REVENUE_SHARE,row_net_revenue / month_channel_net_revenue,COMMERCIAL_COSTS,DERIVED,false,false
VN000001052,ORD00001052,2024-06-01,2024-06-01,SKU008,CUS07,CH03,VN,North,4000,25000,100000000.0,6500000.0,600000.0,0,0,92900000.0,52000000.0,1.52755,79432597.98,12326474.32,2568015.48,1114800.0,-2541887.78,NET_REVENUE_SHARE,row_net_revenue / month_channel_net_revenue,COMMERCIAL_COSTS,DERIVED,false,false
VN000001053,ORD00001053,2024-06-01,2024-06-01,SKU009,CUS08,CH03,VN,South,4000,21000,84000000.0,5460000.0,504000.0,0,0,78036000.0,48720000.0,1.52755,74422234.1,10354238.43,2157133.01,936432.0,-9834037.54,NET_REVENUE_SHARE,row_net_revenue / month_channel_net_revenue,COMMERCIAL_COSTS,DERIVED,false,false
VN000001054,ORD00001054,2024-06-01,2024-06-01,SKU010,CUS09,CH03,VN,Central,3000,24000,72000000.0,4680000.0,432000.0,0,0,66888000.0,36000000.0,1.52755,54991798.6,8875061.51,1848971.15,802656.0,369512.74,NET_REVENUE_SHARE,row_net_revenue / month_channel_net_revenue,COMMERCIAL_COSTS,DERIVED,false,false
VN000001055,ORD00001055,2024-06-01,2024-06-01,SKU011,CUS10,CH03,VN,North,2000,35000,70000000.0,4550000.0,420000.0,0,0,65030000.0,21000000.0,1.52755,32078549.18,8628532.03,1797610.84,780360.0,21744947.95,NET_REVENUE_SHARE,row_net_revenue / month_channel_net_revenue,COMMERCIAL_COSTS,DERIVED,false,false
VN000001056,ORD00001056,2024-06-01,2024-06-01,SKU012,CUS01,CH03,VN,North,3000,29000,87000000.0,5655000.0,522000.0,0,0,80823000.0,33930000.0,1.52755,51829770.17,10724032.66,2234173.47,969876.0,15065147.7,NET_REVENUE_SHARE,row_net_revenue / month_channel_net_revenue,COMMERCIAL_COSTS,DERIVED,false,false
VN000001057,ORD00001057,2024-06-01,2024-06-01,SKU001,CUS01,CH04,VN,North,2000,31000,62000000.0,2480000.0,1116000.0,0,0,58404000.0,24800000.0,1.454005,36059318.75,5155545.32,1611107.91,700848.0,14877180.02,NET_REVENUE_SHARE,row_net_revenue / month_channel_net_revenue,COMMERCIAL_COSTS,DERIVED,false,false
VN000001058,ORD00001058,2024-06-01,2024-06-01,SKU002,CUS02,CH04,VN,South,2000,36000,72000000.0,2880000.0,1296000.0,0,0,67824000.0,25920000.0,1.454005,37687804.11,5987084.89,1870964.03,813888.0,21464258.97,NET_REVENUE_SHARE,row_net_revenue / month_channel_net_revenue,COMMERCIAL_COSTS,DERIVED,false,false
VN000001059,ORD00001059,2024-06-01,2024-06-01,SKU003,CUS03,CH04,VN,Central,1000,32000,32000000.0,1280000.0,576000.0,0,0,30144000.0,12160000.0,1.454005,17680698.23,2660926.62,831539.57,361728.0,8609107.58,NET_REVENUE_SHARE,row_net_revenue / month_channel_net_revenue,COMMERCIAL_COSTS,DERIVED,false,false
VN000001060,ORD00001060,2024-06-01,2024-06-01,SKU004,CUS04,CH04,VN,North,2000,28000,56000000.0,2240000.0,1008000.0,0,0,52752000.0,24640000.0,1.454005,35826677.99,4656621.58,1455194.24,633024.0,10180482.19,NET_REVENUE_SHARE,row_net_revenue / month_channel_net_revenue,COMMERCIAL_COSTS,DERIVED,false,false
VN000001061,ORD00001061,2024-06-01,2024-06-01,SKU005,CUS05,CH04,VN,South,2000,27000,54000000.0,2160000.0,972000.0,0,0,50868000.0,24840000.0,1.454005,36117478.94,4490313.67,1403223.02,610416.0,8246568.37,NET_REVENUE_SHARE,row_net_revenue / month_channel_net_revenue,COMMERCIAL_COSTS,DERIVED,false,false
VN000001062,ORD00001062,2024-06-01,2024-06-01,SKU006,CUS06,CH04,VN,Central,1000,30000,30000000.0,1200000.0,540000.0,0,0,28260000.0,12600000.0,1.454005,18320460.33,2494618.71,779568.35,339120.0,6326232.61,NET_REVENUE_SHARE,row_net_revenue / month_channel_net_revenue,COMMERCIAL_COSTS,DERIVED,false,false
VN000001063,ORD00001063,2024-06-01,2024-06-01,SKU007,CUS07,CH04,VN,North,2000,23000,46000000.0,1840000.0,828000.0,0,0,43332000.0,25300000.0,1.454005,36786321.15,3825082.01,1195338.13,519984.0,1005274.71,NET_REVENUE_SHARE,row_net_revenue / month_channel_net_revenue,COMMERCIAL_COSTS,DERIVED,false,false
VN000001064,ORD00001064,2024-06-01,2024-06-01,SKU008,CUS08,CH04,VN,South,2000,25000,50000000.0,2000000.0,900000.0,0,0,47100000.0,26000000.0,1.454005,37804124.5,4157697.84,1299280.58,565200.0,3273697.08,NET_REVENUE_SHARE,row_net_revenue / month_channel_net_revenue,COMMERCIAL_COSTS,DERIVED,false,false
VN000001065,ORD00001065,2024-06-01,2024-06-01,SKU009,CUS09,CH04,VN,Central,2000,21000,42000000.0,1680000.0,756000.0,0,0,39564000.0,24360000.0,1.454005,35419556.64,3492466.19,1091395.68,474768.0,-914186.51,NET_REVENUE_SHARE,row_net_revenue / month_channel_net_revenue,COMMERCIAL_COSTS,DERIVED,false,false
VN000001066,ORD00001066,2024-06-01,2024-06-01,SKU010,CUS10,CH04,VN,North,2000,24000,48000000.0,1920000.0,864000.0,0,0,45216000.0,24000000.0,1.454005,34896114.92,3991389.93,1247309.35,542592.0,4538593.8,NET_REVENUE_SHARE,row_net_revenue / month_channel_net_revenue,COMMERCIAL_COSTS,DERIVED,false,false
VN000001067,ORD00001067,2024-06-01,2024-06-01,SKU011,CUS01,CH04,VN,North,1000,35000,35000000.0,1400000.0,630000.0,0,0,32970000.0,10500000.0,1.454005,15267050.28,2910388.49,909496.4,395640.0,13487424.83,NET_REVENUE_SHARE,row_net_revenue / month_channel_net_revenue,COMMERCIAL_COSTS,DERIVED,false,false
VN000001068,ORD00001068,2024-06-01,2024-06-01,SKU012,CUS02,CH04,VN,South,1000,29000,29000000.0,1160000.0,522000.0,0,0,27318000.0,11310000.0,1.454005,16444794.16,2411464.75,753582.73,327816.0,7380342.36,NET_REVENUE_SHARE,row_net_revenue / month_channel_net_revenue,COMMERCIAL_COSTS,DERIVED,false,false
VN000001069,ORD00001069,2024-06-01,2024-06-01,SKU001,CUS02,CH05,VN,South,3000,31000,93000000.0,3720000.0,558000.0,0,0,88722000.0,37200000.0,1.344799,50026510.67,1786589.25,2233236.57,1064664.0,33610999.51,NET_REVENUE_SHARE,row_net_revenue / month_channel_net_revenue,COMMERCIAL_COSTS,DERIVED,false,false
VN000001070,ORD00001070,2024-06-01,2024-06-01,SKU002,CUS03,CH05,VN,Central,2000,36000,72000000.0,2880000.0,432000.0,0,0,68688000.0,25920000.0,1.344799,34857181.63,1383165.87,1728957.34,824256.0,29894439.16,NET_REVENUE_SHARE,row_net_revenue / month_channel_net_revenue,COMMERCIAL_COSTS,DERIVED,false,false
VN000001071,ORD00001071,2024-06-01,2024-06-01,SKU003,CUS04,CH05,VN,North,2000,32000,64000000.0,2560000.0,384000.0,0,0,61056000.0,24320000.0,1.344799,32705503.75,1229480.78,1536850.97,732672.0,24851492.5,NET_REVENUE_SHARE,row_net_revenue / month_channel_net_revenue,COMMERCIAL_COSTS,DERIVED,false,false
VN000001072,ORD00001072,2024-06-01,2024-06-01,SKU004,CUS05,CH05,VN,South,2000,28000,56000000.0,2240000.0,336000.0,0,0,53424000.0,24640000.0,1.344799,33135839.32,1075795.68,1344744.6,641088.0,17226532.4,NET_REVENUE_SHARE,row_net_revenue / month_channel_net_revenue,COMMERCIAL_COSTS,DERIVED,false,false
VN000001073,ORD00001073,2024-06-01,2024-06-01,SKU005,CUS06,CH05,VN,Central,2000,27000,54000000.0,2160000.0,324000.0,0,0,51516000.0,24840000.0,1.344799,33404799.06,1037374.4,1296718.01,618192.0,15158916.53,NET_REVENUE_SHARE,row_net_revenue / month_channel_net_revenue,COMMERCIAL_COSTS,DERIVED,false,false
VN000001074,ORD00001074,2024-06-01,2024-06-01,SKU006,CUS07,CH05,VN,North,2000,30000,60000000.0,2400000.0,360000.0,0,0,57240000.0,25200000.0,1.344799,33888926.58,1152638.23,1440797.78,686880.0,20070757.41,NET_REVENUE_SHARE,row_net_revenue / month_channel_net_revenue,COMMERCIAL_COSTS,DERIVED,false,false
VN000001075,ORD00001075,2024-06-01,2024-06-01,SKU007,CUS08,CH05,VN,South,3000,23000,69000000.0,2760000.0,414000.0,0,0,65826000.0,37950000.0,1.344799,51035109.67,1325533.96,1656917.45,789912.0,11018526.92,NET_REVENUE_SHARE,row_net_revenue / month_channel_net_revenue,COMMERCIAL_COSTS,DERIVED,false,false
VN000001076,ORD00001076,2024-06-01,2024-06-01,SKU008,CUS09,CH05,VN,Central,2000,25000,50000000.0,2000000.0,300000.0,0,0,47700000.0,26000000.0,1.344799,34964765.52,960531.86,1200664.82,572400.0,10001637.8,NET_REVENUE_SHARE,row_net_revenue / month_channel_net_revenue,COMMERCIAL_COSTS,DERIVED,false,false
VN000001077,ORD00001077,2024-06-01,2024-06-01,SKU009,CUS10,CH05,VN,North,3000,21000,63000000.0,2520000.0,378000.0,0,0,60102000.0,36540000.0,1.344799,49138943.54,1210270.14,1512837.67,721224.0,7518724.65,NET_REVENUE_SHARE,row_net_revenue / month_channel_net_revenue,COMMERCIAL_COSTS,DERIVED,false,false
VN000001078,ORD00001078,2024-06-01,2024-06-01,SKU010,CUS01,CH05,VN,North,2000,24000,48000000.0,1920000.0,288000.0,0,0,45792000.0,24000000.0,1.344799,32275168.17,922110.58,1152638.23,549504.0,10892579.02,NET_REVENUE_SHARE,row_net_revenue / month_channel_net_revenue,COMMERCIAL_COSTS,DERIVED,false,false
VN000001079,ORD00001079,2024-06-01,2024-06-01,SKU011,CUS02,CH05,VN,South,1000,35000,35000000.0,1400000.0,210000.0,0,0,33390000.0,10500000.0,1.344799,14120386.08,672372.3,840465.37,400680.0,17356096.25,NET_REVENUE_SHARE,row_net_revenue / month_channel_net_revenue,COMMERCIAL_COSTS,DERIVED,false,false
VN000001080,ORD00001080,2024-06-01,2024-06-01,SKU012,CUS03,CH05,VN,Central,2000,29000,58000000.0,2320000.0,348000.0,0,0,55332000.0,22620000.0,1.344799,30419346.01,1114216.95,1392771.19,663984.0,21741681.85,NET_REVENUE_SHARE,row_net_revenue / month_channel_net_revenue,COMMERCIAL_COSTS,DERIVED,false,false
VN000001081,ORD00001081,2024-07-01,2024-07-01,SKU001,CUS09,CH01,VN,Central,8000,31000,248000000.0,9920000.0,1488000.0,0,0,236592000.0,99200000.0,1.395184,138402272.2,8652109.85,6180078.47,2839104.0,80518435.48,NET_REVENUE_SHARE,row_net_revenue / month_channel_net_revenue,COMMERCIAL_COSTS,DERIVED,false,false
VN000001082,ORD00001082,2024-07-01,2024-07-01,SKU002,CUS10,CH01,VN,North,5000,36000,180000000.0,7200000.0,1080000.0,0,0,171720000.0,64800000.0,1.395184,90407935.87,6279757.15,4485540.82,2060640.0,68486126.16,NET_REVENUE_SHARE,row_net_revenue / month_channel_net_revenue,COMMERCIAL_COSTS,DERIVED,false,false
VN000001083,ORD00001083,2024-07-01,2024-07-01,SKU003,CUS01,CH01,VN,North,5000,32000,160000000.0,6400000.0,960000.0,0,0,152640000.0,60800000.0,1.395184,84827199.09,5582006.36,3987147.4,1831680.0,56411967.15,NET_REVENUE_SHARE,row_net_revenue / month_channel_net_revenue,COMMERCIAL_COSTS,DERIVED,false,false
VN000001084,ORD00001084,2024-07-01,2024-07-01,SKU004,CUS02,CH01,VN,South,7000,28000,196000000.0,7840000.0,1176000.0,0,0,186984000.0,86240000.0,1.395184,120320685.02,6837957.79,4884255.56,2243808.0,52697293.63,NET_REVENUE_SHARE,row_net_revenue / month_channel_net_revenue,COMMERCIAL_COSTS,DERIVED,false,false
VN000001085,ORD00001085,2024-07-01,2024-07-01,SKU005,CUS03,CH01,VN,Central,6000,27000,162000000.0,6480000.0,972000.0,0,0,154548000.0,74520000.0,1.395184,103969126.25,5651781.44,4036986.74,1854576.0,39035529.57,NET_REVENUE_SHARE,row_net_revenue / month_channel_net_revenue,COMMERCIAL_COSTS,DERIVED,false,false
VN000001086,ORD00001086,2024-07-01,2024-07-01,SKU006,CUS04,CH01,VN,North,5000,30000,150000000.0,6000000.0,900000.0,0,0,143100000.0,63000000.0,1.395184,87896604.32,5233130.96,3737950.68,1717200.0,44515114.04,NET_REVENUE_SHARE,row_net_revenue / month_channel_net_revenue,COMMERCIAL_COSTS,DERIVED,false,false
VN000001087,ORD00001087,2024-07-01,2024-07-01,SKU007,CUS05,CH01,VN,South,8000,23000,184000000.0,7360000.0,1104000.0,0,0,175536000.0,101200000.0,1.395184,141192640.59,6419307.31,4585219.51,2106432.0,21232400.59,NET_REVENUE_SHARE,row_net_revenue / month_channel_net_revenue,COMMERCIAL_COSTS,DERIVED,false,false
VN000001088,ORD00001088,2024-07-01,2024-07-01,SKU008,CUS06,CH01,VN,Central,6000,25000,150000000.0,6000000.0,900000.0,0,0,143100000.0,78000000.0,1.395184,108824367.25,5233130.96,3737950.68,1717200.0,23587351.11,NET_REVENUE_SHARE,row_net_revenue / month_channel_net_revenue,COMMERCIAL_COSTS,DERIVED,false,false
VN000001089,ORD00001089,2024-07-01,2024-07-01,SKU009,CUS07,CH01,VN,North,7000,21000,147000000.0,5880000.0,882000.0,0,0,140238000.0,85260000.0,1.395184,118953404.51,5128468.34,3663191.67,1682856.0,10810079.48,NET_REVENUE_SHARE,row_net_revenue / month_channel_net_revenue,COMMERCIAL_COSTS,DERIVED,false,false
VN000001090,ORD00001090,2024-07-01,2024-07-01,SKU010,CUS08,CH01,VN,South,6000,24000,144000000.0,5760000.0,864000.0,0,0,137376000.0,72000000.0,1.395184,100453262.08,5023805.72,3588432.66,1648512.0,26661987.54,NET_REVENUE_SHARE,row_net_revenue / month_channel_net_revenue,COMMERCIAL_COSTS,DERIVED,false,false
VN000001091,ORD00001091,2024-07-01,2024-07-01,SKU011,CUS09,CH01,VN,Central,3000,35000,105000000.0,4200000.0,630000.0,0,0,100170000.0,31500000.0,1.395184,43948302.16,3663191.67,2616565.48,1202040.0,48739900.69,NET_REVENUE_SHARE,row_net_revenue / month_channel_net_revenue,COMMERCIAL_COSTS,DERIVED,false,false
VN000001092,ORD00001092,2024-07-01,2024-07-01,SKU012,CUS10,CH01,VN,North,5000,29000,145000000.0,5800000.0,870000.0,0,0,138330000.0,56550000.0,1.395184,78897666.26,5058693.26,3613352.33,1659960.0,49100328.15,NET_REVENUE_SHARE,row_net_revenue / month_channel_net_revenue,COMMERCIAL_COSTS,DERIVED,false,false
VN000001093,ORD00001093,2024-07-01,2024-07-01,SKU001,CUS10,CH02,VN,North,6000,31000,186000000.0,7440000.0,1116000.0,0,0,177444000.0,74400000.0,1.379403,102627581.06,8208240.03,6748997.35,2129328.0,57729853.56,NET_REVENUE_SHARE,row_net_revenue / month_channel_net_revenue,COMMERCIAL_COSTS,DERIVED,false,false
VN000001094,ORD00001094,2024-07-01,2024-07-01,SKU002,CUS01,CH02,VN,North,4000,36000,144000000.0,5760000.0,864000.0,0,0,137376000.0,51840000.0,1.379403,71508250.03,6354766.47,5225030.21,1648512.0,52639441.29,NET_REVENUE_SHARE,row_net_revenue / month_channel_net_revenue,COMMERCIAL_COSTS,DERIVED,false,false
VN000001095,ORD00001095,2024-07-01,2024-07-01,SKU003,CUS02,CH02,VN,South,4000,32000,128000000.0,5120000.0,768000.0,0,0,122112000.0,48640000.0,1.379403,67094160.52,5648681.31,4644471.3,1465344.0,43259342.87,NET_REVENUE_SHARE,row_net_revenue / month_channel_net_revenue,COMMERCIAL_COSTS,DERIVED,false,false
VN000001096,ORD00001096,2024-07-01,2024-07-01,SKU004,CUS03,CH02,VN,Central,5000,28000,140000000.0,5600000.0,840000.0,0,0,133560000.0,61600000.0,1.379403,84971223.03,6178245.18,5079890.48,1602720.0,35727921.31,NET_REVENUE_SHARE,row_net_revenue / month_channel_net_revenue,COMMERCIAL_COSTS,DERIVED,false,false
VN000001097,ORD00001097,2024-07-01,2024-07-01,SKU005,CUS04,CH02,VN,North,4000,27000,108000000.0,4320000.0,648000.0,0,0,103032000.0,49680000.0,1.379403,68528739.61,4766074.85,3918772.66,1236384.0,24582028.88,NET_REVENUE_SHARE,row_net_revenue / month_channel_net_revenue,COMMERCIAL_COSTS,DERIVED,false,false
VN000001098,ORD00001098,2024-07-01,2024-07-01,SKU006,CUS05,CH02,VN,South,4000,30000,120000000.0,4800000.0,720000.0,0,0,114480000.0,50400000.0,1.379403,69521909.75,5295638.73,4354191.84,1373760.0,33934499.68,NET_REVENUE_SHARE,row_net_revenue / month_channel_net_revenue,COMMERCIAL_COSTS,DERIVED,false,false
VN000001099,ORD00001099,2024-07-01,2024-07-01,SKU007,CUS06,CH02,VN,Central,6000,23000,138000000.0,5520000.0,828000.0,0,0,131652000.0,75900000.0,1.379403,104696685.51,6089984.53,5007320.62,1579824.0,14278185.34,NET_REVENUE_SHARE,row_net_revenue / month_channel_net_revenue,COMMERCIAL_COSTS,DERIVED,false,false
VN000001100,ORD00001100,2024-07-01,2024-07-01,SKU008,CUS07,CH02,VN,North,5000,25000,125000000.0,5000000.0,750000.0,0,0,119250000.0,65000000.0,1.379403,89661193.13,5516290.34,4535616.5,1431000.0,18105900.03,NET_REVENUE_SHARE,row_net_revenue / month_channel_net_revenue,COMMERCIAL_COSTS,DERIVED,false,false
VN000001101,ORD00001101,2024-07-01,2024-07-01,SKU009,CUS08,CH02,VN,South,6000,21000,126000000.0,5040000.0,756000.0,0,0,120204000.0,73080000.0,1.379403,100806769.14,5560420.66,4571901.43,1442448.0,7822460.77,NET_REVENUE_SHARE,row_net_revenue / month_channel_net_revenue,COMMERCIAL_COSTS,DERIVED,false,false
VN000001102,ORD00001102,2024-07-01,2024-07-01,SKU010,CUS09,CH02,VN,Central,4000,24000,96000000.0,3840000.0,576000.0,0,0,91584000.0,48000000.0,1.379403,66211342.62,4236510.98,3483353.47,1099008.0,16553784.93,NET_REVENUE_SHARE,row_net_revenue / month_channel_net_revenue,COMMERCIAL_COSTS,DERIVED,false,false
VN000001103,ORD00001103,2024-07-01,2024-07-01,SKU011,CUS10,CH02,VN,North,3000,35000,105000000.0,4200000.0,630000.0,0,0,100170000.0,31500000.0,1.379403,43451193.59,4633683.89,3809917.86,1202040.0,47073164.66,NET_REVENUE_SHARE,row_net_revenue / month_channel_net_revenue,COMMERCIAL_COSTS,DERIVED,false,false
VN000001104,ORD00001104,2024-07-01,2024-07-01,SKU012,CUS01,CH02,VN,North,4000,29000,116000000.0,4640000.0,696000.0,0,0,110664000.0,45240000.0,1.379403,62404190.41,5119117.43,4209052.11,1327968.0,37603672.05,NET_REVENUE_SHARE,row_net_revenue / month_channel_net_revenue,COMMERCIAL_COSTS,DERIVED,false,false
VN000001105,ORD00001105,2024-07-01,2024-07-01,SKU001,CUS01,CH03,VN,North,4000,31000,124000000.0,8060000.0,744000.0,0,0,115196000.0,49600000.0,1.53142,75958417.87,15055718.27,3136607.97,1382352.0,19662903.89,NET_REVENUE_SHARE,row_net_revenue / month_channel_net_revenue,COMMERCIAL_COSTS,DERIVED,false,false
VN000001106,ORD00001106,2024-07-01,2024-07-01,SKU002,CUS02,CH03,VN,South,3000,36000,108000000.0,7020000.0,648000.0,0,0,100332000.0,38880000.0,1.53142,59541598.52,13113044.95,2731884.36,1203984.0,23741488.17,NET_REVENUE_SHARE,row_net_revenue / month_channel_net_revenue,COMMERCIAL_COSTS,DERIVED,false,false
VN000001107,ORD00001107,2024-07-01,2024-07-01,SKU003,CUS03,CH03,VN,Central,3000,32000,96000000.0,6240000.0,576000.0,0,0,89184000.0,36480000.0,1.53142,55866191.2,11656039.95,2428341.66,1070208.0,18163219.19,NET_REVENUE_SHARE,row_net_revenue / month_channel_net_revenue,COMMERCIAL_COSTS,DERIVED,false,false
VN000001108,ORD00001108,2024-07-01,2024-07-01,SKU004,CUS04,CH03,VN,North,4000,28000,112000000.0,7280000.0,672000.0,0,0,104048000.0,49280000.0,1.53142,75468363.56,13598713.28,2833065.27,1248576.0,10899281.89,NET_REVENUE_SHARE,row_net_revenue / month_channel_net_revenue,COMMERCIAL_COSTS,DERIVED,false,false
VN000001109,ORD00001109,2024-07-01,2024-07-01,SKU005,CUS05,CH03,VN,South,3000,27000,81000000.0,5265000.0,486000.0,0,0,75249000.0,37260000.0,1.53142,57060698.58,9834783.71,2048913.27,902988.0,5401616.44,NET_REVENUE_SHARE,row_net_revenue / month_channel_net_revenue,COMMERCIAL_COSTS,DERIVED,false,false
VN000001110,ORD00001110,2024-07-01,2024-07-01,SKU006,CUS06,CH03,VN,Central,3000,30000,90000000.0,5850000.0,540000.0,0,0,83610000.0,37800000.0,1.53142,57887665.23,10927537.46,2276570.3,1003320.0,11514907.01,NET_REVENUE_SHARE,row_net_revenue / month_channel_net_revenue,COMMERCIAL_COSTS,DERIVED,false,false
VN000001111,ORD00001111,2024-07-01,2024-07-01,SKU007,CUS07,CH03,VN,North,5000,23000,115000000.0,7475000.0,690000.0,0,0,106835000.0,63250000.0,1.53142,96862296.98,13962964.53,2908950.94,1282020.0,-8181232.45,NET_REVENUE_SHARE,row_net_revenue / month_channel_net_revenue,COMMERCIAL_COSTS,DERIVED,false,false
VN000001112,ORD00001112,2024-07-01,2024-07-01,SKU008,CUS08,CH03,VN,South,4000,25000,100000000.0,6500000.0,600000.0,0,0,92900000.0,52000000.0,1.53142,79633825.18,12141708.29,2529522.56,1114800.0,-2519856.03,NET_REVENUE_SHARE,row_net_revenue / month_channel_net_revenue,COMMERCIAL_COSTS,DERIVED,false,false
VN000001113,ORD00001113,2024-07-01,2024-07-01,SKU009,CUS09,CH03,VN,Central,4000,21000,84000000.0,5460000.0,504000.0,0,0,78036000.0,48720000.0,1.53142,74610768.52,10199034.96,2124798.95,936432.0,-9835034.43,NET_REVENUE_SHARE,row_net_revenue / month_channel_net_revenue,COMMERCIAL_COSTS,DERIVED,false,false
VN000001114,ORD00001114,2024-07-01,2024-07-01,SKU010,CUS10,CH03,VN,North,3000,24000,72000000.0,4680000.0,432000.0,0,0,66888000.0,36000000.0,1.53142,55131109.74,8742029.97,1821256.24,802656.0,390948.05,NET_REVENUE_SHARE,row_net_revenue / month_channel_net_revenue,COMMERCIAL_COSTS,DERIVED,false,false
VN000001115,ORD00001115,2024-07-01,2024-07-01,SKU011,CUS01,CH03,VN,North,2000,35000,70000000.0,4550000.0,420000.0,0,0,65030000.0,21000000.0,1.53142,32159814.02,8499195.8,1770665.79,780360.0,21819964.39,NET_REVENUE_SHARE,row_net_revenue / month_channel_net_revenue,COMMERCIAL_COSTS,DERIVED,false,false
VN000001116,ORD00001116,2024-07-01,2024-07-01,SKU012,CUS02,CH03,VN,South,3000,29000,87000000.0,5655000.0,522000.0,0,0,80823000.0,33930000.0,1.53142,51961070.91,10563286.21,2200684.63,969876.0,15128082.25,NET_REVENUE_SHARE,row_net_revenue / month_channel_net_revenue,COMMERCIAL_COSTS,DERIVED,false,false
VN000001117,ORD00001117,2024-07-01,2024-07-01,SKU001,CUS02,CH04,VN,South,2000,31000,62000000.0,2480000.0,1116000.0,0,0,58404000.0,24800000.0,1.453812,36054526.82,5154860.2,1610893.81,700848.0,14882871.17,NET_REVENUE_SHARE,row_net_revenue / month_channel_net_revenue,COMMERCIAL_COSTS,DERIVED,false,false
VN000001118,ORD00001118,2024-07-01,2024-07-01,SKU002,CUS03,CH04,VN,Central,2000,36000,72000000.0,2880000.0,1296000.0,0,0,67824000.0,25920000.0,1.453812,37682795.77,5986289.27,1870715.4,813888.0,21470311.56,NET_REVENUE_SHARE,row_net_revenue / month_channel_net_revenue,COMMERCIAL_COSTS,DERIVED,false,false
VN000001119,ORD00001119,2024-07-01,2024-07-01,SKU003,CUS04,CH04,VN,North,1000,32000,32000000.0,1280000.0,576000.0,0,0,30144000.0,12160000.0,1.453812,17678348.63,2660573.01,831429.06,361728.0,8611921.3,NET_REVENUE_SHARE,row_net_revenue / month_channel_net_revenue,COMMERCIAL_COSTS,DERIVED,false,false
VN000001120,ORD00001120,2024-07-01,2024-07-01,SKU004,CUS05,CH04,VN,South,2000,28000,56000000.0,2240000.0,1008000.0,0,0,52752000.0,24640000.0,1.453812,35821916.97,4656002.76,1455000.86,633024.0,10186055.41,NET_REVENUE_SHARE,row_net_revenue / month_channel_net_revenue,COMMERCIAL_COSTS,DERIVED,false,false
VN000001121,ORD00001121,2024-07-01,2024-07-01,SKU005,CUS06,CH04,VN,Central,2000,27000,54000000.0,2160000.0,972000.0,0,0,50868000.0,24840000.0,1.453812,36112679.28,4489716.95,1403036.55,610416.0,8252151.22,NET_REVENUE_SHARE,row_net_revenue / month_channel_net_revenue,COMMERCIAL_COSTS,DERIVED,false,false
VN000001122,ORD00001122,2024-07-01,2024-07-01,SKU006,CUS07,CH04,VN,North,1000,30000,30000000.0,1200000.0,540000.0,0,0,28260000.0,12600000.0,1.453812,18318025.72,2494287.19,779464.75,339120.0,6329102.34,NET_REVENUE_SHARE,row_net_revenue / month_channel_net_revenue,COMMERCIAL_COSTS,DERIVED,false,false
VN000001123,ORD00001123,2024-07-01,2024-07-01,SKU007,CUS08,CH04,VN,South,2000,23000,46000000.0,1840000.0,828000.0,0,0,43332000.0,25300000.0,1.453812,36781432.6,3824573.7,1195179.28,519984.0,1010830.42,NET_REVENUE_SHARE,row_net_revenue / month_channel_net_revenue,COMMERCIAL_COSTS,DERIVED,false,false
VN000001124,ORD00001124,2024-07-01,2024-07-01,SKU008,CUS09,CH04,VN,Central,2000,25000,50000000.0,2000000.0,900000.0,0,0,47100000.0,26000000.0,1.453812,37799100.69,4157145.32,1299107.91,565200.0,3279446.08,NET_REVENUE_SHARE,row_net_revenue / month_channel_net_revenue,COMMERCIAL_COSTS,DERIVED,false,false
VN000001125,ORD00001125,2024-07-01,2024-07-01,SKU009,CUS10,CH04,VN,North,2000,21000,42000000.0,1680000.0,756000.0,0,0,39564000.0,24360000.0,1.453812,35414849.73,3492002.07,1091250.65,474768.0,-908870.45,NET_REVENUE_SHARE,row_net_revenue / month_channel_net_revenue,COMMERCIAL_COSTS,DERIVED,false,false
VN000001126,ORD00001126,2024-07-01,2024-07-01,SKU010,CUS01,CH04,VN,North,2000,24000,48000000.0,1920000.0,864000.0,0,0,45216000.0,24000000.0,1.453812,34891477.56,3990859.51,1247143.6,542592.0,4543927.33,NET_REVENUE_SHARE,row_net_revenue / month_channel_net_revenue,COMMERCIAL_COSTS,DERIVED,false,false
VN000001127,ORD00001127,2024-07-01,2024-07-01,SKU011,CUS02,CH04,VN,South,1000,35000,35000000.0,1400000.0,630000.0,0,0,32970000.0,10500000.0,1.453812,15265021.43,2910001.73,909375.54,395640.0,13489961.3,NET_REVENUE_SHARE,row_net_revenue / month_channel_net_revenue,COMMERCIAL_COSTS,DERIVED,false,false
VN000001128,ORD00001128,2024-07-01,2024-07-01,SKU012,CUS03,CH04,VN,Central,1000,29000,29000000.0,1160000.0,522000.0,0,0,27318000.0,11310000.0,1.453812,16442608.8,2411144.29,753482.59,327816.0,7382948.32,NET_REVENUE_SHARE,row_net_revenue / month_channel_net_revenue,COMMERCIAL_COSTS,DERIVED,false,false
VN000001129,ORD00001129,2024-07-01,2024-07-01,SKU001,CUS03,CH05,VN,Central,3000,31000,93000000.0,3720000.0,558000.0,0,0,88722000.0,37200000.0,1.34462,50019862.63,1786351.83,2232939.79,1064664.0,33618181.75,NET_REVENUE_SHARE,row_net_revenue / month_channel_net_revenue,COMMERCIAL_COSTS,DERIVED,false,false
VN000001130,ORD00001130,2024-07-01,2024-07-01,SKU002,CUS04,CH05,VN,North,2000,36000,72000000.0,2880000.0,432000.0,0,0,68688000.0,25920000.0,1.34462,34852549.44,1382982.06,1728727.58,824256.0,29899484.92,NET_REVENUE_SHARE,row_net_revenue / month_channel_net_revenue,COMMERCIAL_COSTS,DERIVED,false,false
VN000001131,ORD00001131,2024-07-01,2024-07-01,SKU003,CUS05,CH05,VN,South,2000,32000,64000000.0,2560000.0,384000.0,0,0,61056000.0,24320000.0,1.34462,32701157.5,1229317.39,1536646.74,732672.0,24856206.37,NET_REVENUE_SHARE,row_net_revenue / month_channel_net_revenue,COMMERCIAL_COSTS,DERIVED,false,false
VN000001132,ORD00001132,2024-07-01,2024-07-01,SKU004,CUS06,CH05,VN,Central,2000,28000,56000000.0,2240000.0,336000.0,0,0,53424000.0,24640000.0,1.34462,33131435.89,1075652.72,1344565.89,641088.0,17231257.5,NET_REVENUE_SHARE,row_net_revenue / month_channel_net_revenue,COMMERCIAL_COSTS,DERIVED,false,false
VN000001133,ORD00001133,2024-07-01,2024-07-01,SKU005,CUS07,CH05,VN,North,2000,27000,54000000.0,2160000.0,324000.0,0,0,51516000.0,24840000.0,1.34462,33400359.88,1037236.55,1296545.68,618192.0,15163665.89,NET_REVENUE_SHARE,row_net_revenue / month_channel_net_revenue,COMMERCIAL_COSTS,DERIVED,false,false
VN000001134,ORD00001134,2024-07-01,2024-07-01,SKU006,CUS08,CH05,VN,South,2000,30000,60000000.0,2400000.0,360000.0,0,0,57240000.0,25200000.0,1.34462,33884423.07,1152485.05,1440606.32,686880.0,20075605.56,NET_REVENUE_SHARE,row_net_revenue / month_channel_net_revenue,COMMERCIAL_COSTS,DERIVED,false,false
VN000001135,ORD00001135,2024-07-01,2024-07-01,SKU007,CUS09,CH05,VN,Central,3000,23000,69000000.0,2760000.0,414000.0,0,0,65826000.0,37950000.0,1.34462,51028327.6,1325357.81,1656697.26,789912.0,11025705.33,NET_REVENUE_SHARE,row_net_revenue / month_channel_net_revenue,COMMERCIAL_COSTS,DERIVED,false,false
VN000001136,ORD00001136,2024-07-01,2024-07-01,SKU008,CUS10,CH05,VN,North,2000,25000,50000000.0,2000000.0,300000.0,0,0,47700000.0,26000000.0,1.34462,34960119.04,960404.21,1200505.26,572400.0,10006571.49,NET_REVENUE_SHARE,row_net_revenue / month_channel_net_revenue,COMMERCIAL_COSTS,DERIVED,false,false
VN000001137,ORD00001137,2024-07-01,2024-07-01,SKU009,CUS01,CH05,VN,North,3000,21000,63000000.0,2520000.0,378000.0,0,0,60102000.0,36540000.0,1.34462,49132413.45,1210109.31,1512636.63,721224.0,7525616.61,NET_REVENUE_SHARE,row_net_revenue / month_channel_net_revenue,COMMERCIAL_COSTS,DERIVED,false,false
VN000001138,ORD00001138,2024-07-01,2024-07-01,SKU010,CUS02,CH05,VN,South,2000,24000,48000000.0,1920000.0,288000.0,0,0,45792000.0,24000000.0,1.34462,32270879.11,921988.04,1152485.05,549504.0,10897143.8,NET_REVENUE_SHARE,row_net_revenue / month_channel_net_revenue,COMMERCIAL_COSTS,DERIVED,false,false
VN000001139,ORD00001139,2024-07-01,2024-07-01,SKU011,CUS03,CH05,VN,Central,1000,35000,35000000.0,1400000.0,210000.0,0,0,33390000.0,10500000.0,1.34462,14118509.61,672282.95,840353.68,400680.0,17358173.76,NET_REVENUE_SHARE,row_net_revenue / month_channel_net_revenue,COMMERCIAL_COSTS,DERIVED,false,false
VN000001140,ORD00001140,2024-07-01,2024-07-01,SKU012,CUS04,CH05,VN,North,2000,29000,58000000.0,2320000.0,348000.0,0,0,55332000.0,22620000.0,1.34462,30415303.58,1114068.88,1392586.11,663984.0,21746057.43,NET_REVENUE_SHARE,row_net_revenue / month_channel_net_revenue,COMMERCIAL_COSTS,DERIVED,false,false
VN000001141,ORD00001141,2024-08-01,2024-08-01,SKU001,CUS10,CH01,VN,North,8000,31000,248000000.0,9920000.0,1488000.0,0,0,236592000.0,99200000.0,1.397184,138600683.12,8663465.88,6188189.92,2839104.0,80300557.08,NET_REVENUE_SHARE,row_net_revenue / month_channel_net_revenue,COMMERCIAL_COSTS,DERIVED,false,false
VN000001142,ORD00001142,2024-08-01,2024-08-01,SKU002,CUS01,CH01,VN,North,6000,36000,216000000.0,8640000.0,1296000.0,0,0,206064000.0,77760000.0,1.397184,108645051.61,7545599.32,5389713.8,2472768.0,82010867.27,NET_REVENUE_SHARE,row_net_revenue / month_channel_net_revenue,COMMERCIAL_COSTS,DERIVED,false,false
VN000001143,ORD00001143,2024-08-01,2024-08-01,SKU003,CUS02,CH01,VN,South,5000,32000,160000000.0,6400000.0,960000.0,0,0,152640000.0,60800000.0,1.397184,84948805.79,5589332.83,3992380.59,1831680.0,56277800.79,NET_REVENUE_SHARE,row_net_revenue / month_channel_net_revenue,COMMERCIAL_COSTS,DERIVED,false,false
VN000001144,ORD00001144,2024-08-01,2024-08-01,SKU004,CUS03,CH01,VN,Central,7000,28000,196000000.0,7840000.0,1176000.0,0,0,186984000.0,86240000.0,1.397184,120493174.52,6846932.71,4890666.22,2243808.0,52509418.55,NET_REVENUE_SHARE,row_net_revenue / month_channel_net_revenue,COMMERCIAL_COSTS,DERIVED,false,false
VN000001145,ORD00001145,2024-08-01,2024-08-01,SKU005,CUS04,CH01,VN,North,6000,27000,162000000.0,6480000.0,972000.0,0,0,154548000.0,74520000.0,1.397184,104118174.46,5659199.49,4042285.35,1854576.0,38873764.7,NET_REVENUE_SHARE,row_net_revenue / month_channel_net_revenue,COMMERCIAL_COSTS,DERIVED,false,false
VN000001146,ORD00001146,2024-08-01,2024-08-01,SKU006,CUS05,CH01,VN,South,5000,30000,150000000.0,6000000.0,900000.0,0,0,143100000.0,63000000.0,1.397184,88022611.26,5239999.53,3742856.8,1717200.0,44377332.41,NET_REVENUE_SHARE,row_net_revenue / month_channel_net_revenue,COMMERCIAL_COSTS,DERIVED,false,false
VN000001147,ORD00001147,2024-08-01,2024-08-01,SKU007,CUS06,CH01,VN,Central,8000,23000,184000000.0,7360000.0,1104000.0,0,0,175536000.0,101200000.0,1.397184,141395051.73,6427732.75,4591237.68,2106432.0,21015545.84,NET_REVENUE_SHARE,row_net_revenue / month_channel_net_revenue,COMMERCIAL_COSTS,DERIVED,false,false
VN000001148,ORD00001148,2024-08-01,2024-08-01,SKU008,CUS07,CH01,VN,North,6000,25000,150000000.0,6000000.0,900000.0,0,0,143100000.0,78000000.0,1.397184,108980375.84,5239999.53,3742856.8,1717200.0,23419567.83,NET_REVENUE_SHARE,row_net_revenue / month_channel_net_revenue,COMMERCIAL_COSTS,DERIVED,false,false
VN000001149,ORD00001149,2024-08-01,2024-08-01,SKU009,CUS08,CH01,VN,South,8000,21000,168000000.0,6720000.0,1008000.0,0,0,160272000.0,97440000.0,1.397184,136141638.74,5868799.47,4191999.62,1923264.0,12146298.17,NET_REVENUE_SHARE,row_net_revenue / month_channel_net_revenue,COMMERCIAL_COSTS,DERIVED,false,false
VN000001150,ORD00001150,2024-08-01,2024-08-01,SKU010,CUS09,CH01,VN,Central,6000,24000,144000000.0,5760000.0,864000.0,0,0,137376000.0,72000000.0,1.397184,100597270.01,5030399.55,3593142.53,1648512.0,26506675.91,NET_REVENUE_SHARE,row_net_revenue / month_channel_net_revenue,COMMERCIAL_COSTS,DERIVED,false,false
VN000001151,ORD00001151,2024-08-01,2024-08-01,SKU011,CUS10,CH01,VN,North,3000,35000,105000000.0,4200000.0,630000.0,0,0,100170000.0,31500000.0,1.397184,44011305.63,3667999.67,2619999.76,1202040.0,48668654.94,NET_REVENUE_SHARE,row_net_revenue / month_channel_net_revenue,COMMERCIAL_COSTS,DERIVED,false,false
VN000001152,ORD00001152,2024-08-01,2024-08-01,SKU012,CUS01,CH01,VN,North,5000,29000,145000000.0,5800000.0,870000.0,0,0,138330000.0,56550000.0,1.397184,79010772.49,5065332.88,3618094.91,1659960.0,48975839.72,NET_REVENUE_SHARE,row_net_revenue / month_channel_net_revenue,COMMERCIAL_COSTS,DERIVED,false,false
VN000001153,ORD00001153,2024-08-01,2024-08-01,SKU001,CUS01,CH02,VN,North,6000,31000,186000000.0,7440000.0,1116000.0,0,0,177444000.0,74400000.0,1.347826,100278252.76,8042003.24,6612313.77,2129328.0,60382102.23,NET_REVENUE_SHARE,row_net_revenue / month_channel_net_revenue,COMMERCIAL_COSTS,DERIVED,false,false
VN000001154,ORD00001154,2024-08-01,2024-08-01,SKU002,CUS02,CH02,VN,South,4000,36000,144000000.0,5760000.0,864000.0,0,0,137376000.0,51840000.0,1.347826,69871298.7,6226067.02,5119210.66,1648512.0,54510911.62,NET_REVENUE_SHARE,row_net_revenue / month_channel_net_revenue,COMMERCIAL_COSTS,DERIVED,false,false
VN000001155,ORD00001155,2024-08-01,2024-08-01,SKU003,CUS03,CH02,VN,Central,4000,32000,128000000.0,5120000.0,768000.0,0,0,122112000.0,48640000.0,1.347826,65558255.57,5534281.8,4550409.48,1465344.0,45003709.15,NET_REVENUE_SHARE,row_net_revenue / month_channel_net_revenue,COMMERCIAL_COSTS,DERIVED,false,false
VN000001156,ORD00001156,2024-08-01,2024-08-01,SKU004,CUS04,CH02,VN,North,6000,28000,168000000.0,6720000.0,1008000.0,0,0,160272000.0,73920000.0,1.347826,99631296.29,7263744.86,5972412.44,1923264.0,45481282.41,NET_REVENUE_SHARE,row_net_revenue / month_channel_net_revenue,COMMERCIAL_COSTS,DERIVED,false,false
VN000001157,ORD00001157,2024-08-01,2024-08-01,SKU005,CUS05,CH02,VN,South,5000,27000,135000000.0,5400000.0,810000.0,0,0,128790000.0,62100000.0,1.347826,83699993.23,5836937.83,4799260.0,1545480.0,32908328.94,NET_REVENUE_SHARE,row_net_revenue / month_channel_net_revenue,COMMERCIAL_COSTS,DERIVED,false,false
VN000001158,ORD00001158,2024-08-01,2024-08-01,SKU006,CUS06,CH02,VN,Central,4000,30000,120000000.0,4800000.0,720000.0,0,0,114480000.0,50400000.0,1.347826,67930429.29,5188389.18,4266008.88,1373760.0,35721412.65,NET_REVENUE_SHARE,row_net_revenue / month_channel_net_revenue,COMMERCIAL_COSTS,DERIVED,false,false
VN000001159,ORD00001159,2024-08-01,2024-08-01,SKU007,CUS07,CH02,VN,North,6000,23000,138000000.0,5520000.0,828000.0,0,0,131652000.0,75900000.0,1.347826,102299991.72,5966647.56,4905910.22,1579824.0,16899626.5,NET_REVENUE_SHARE,row_net_revenue / month_channel_net_revenue,COMMERCIAL_COSTS,DERIVED,false,false
VN000001160,ORD00001160,2024-08-01,2024-08-01,SKU008,CUS08,CH02,VN,South,5000,25000,125000000.0,5000000.0,750000.0,0,0,119250000.0,65000000.0,1.347826,87608688.56,5404572.07,4443759.26,1431000.0,20361980.11,NET_REVENUE_SHARE,row_net_revenue / month_channel_net_revenue,COMMERCIAL_COSTS,DERIVED,false,false
VN000001161,ORD00001161,2024-08-01,2024-08-01,SKU009,CUS09,CH02,VN,Central,6000,21000,126000000.0,5040000.0,756000.0,0,0,120204000.0,73080000.0,1.347826,98499122.47,5447808.64,4479309.33,1442448.0,10335311.56,NET_REVENUE_SHARE,row_net_revenue / month_channel_net_revenue,COMMERCIAL_COSTS,DERIVED,false,false
VN000001162,ORD00001162,2024-08-01,2024-08-01,SKU010,CUS10,CH02,VN,North,5000,24000,120000000.0,4800000.0,720000.0,0,0,114480000.0,60000000.0,1.347826,80869558.68,5188389.18,4266008.88,1373760.0,22782283.26,NET_REVENUE_SHARE,row_net_revenue / month_channel_net_revenue,COMMERCIAL_COSTS,DERIVED,false,false
VN000001163,ORD00001163,2024-08-01,2024-08-01,SKU011,CUS01,CH02,VN,North,3000,35000,105000000.0,4200000.0,630000.0,0,0,100170000.0,31500000.0,1.347826,42456518.3,4539840.54,3732757.77,1202040.0,48238843.39,NET_REVENUE_SHARE,row_net_revenue / month_channel_net_revenue,COMMERCIAL_COSTS,DERIVED,false,false
VN000001164,ORD00001164,2024-08-01,2024-08-01,SKU012,CUS02,CH02,VN,South,4000,29000,116000000.0,4640000.0,696000.0,0,0,110664000.0,45240000.0,1.347826,60975647.23,5015442.88,4123808.59,1327968.0,39221133.3,NET_REVENUE_SHARE,row_net_revenue / month_channel_net_revenue,COMMERCIAL_COSTS,DERIVED,false,false
VN000001165,ORD00001165,2024-08-01,2024-08-01,SKU001,CUS02,CH03,VN,South,5000,31000,155000000.0,10075000.0,930000.0,0,0,143995000.0,62000000.0,1.477868,91627825.1,18229901.83,3797896.21,1727940.0,28611436.86,NET_REVENUE_SHARE,row_net_revenue / month_channel_net_revenue,COMMERCIAL_COSTS,DERIVED,false,false
VN000001166,ORD00001166,2024-08-01,2024-08-01,SKU002,CUS03,CH03,VN,Central,3000,36000,108000000.0,7020000.0,648000.0,0,0,100332000.0,38880000.0,1.477868,57459513.55,12702125.14,2646276.07,1203984.0,26320101.24,NET_REVENUE_SHARE,row_net_revenue / month_channel_net_revenue,COMMERCIAL_COSTS,DERIVED,false,false
VN000001167,ORD00001167,2024-08-01,2024-08-01,SKU003,CUS04,CH03,VN,North,3000,32000,96000000.0,6240000.0,576000.0,0,0,89184000.0,36480000.0,1.477868,53912630.0,11290777.9,2352245.4,1070208.0,20558138.7,NET_REVENUE_SHARE,row_net_revenue / month_channel_net_revenue,COMMERCIAL_COSTS,DERIVED,false,false
VN000001168,ORD00001168,2024-08-01,2024-08-01,SKU004,CUS05,CH03,VN,South,4000,28000,112000000.0,7280000.0,672000.0,0,0,104048000.0,49280000.0,1.477868,72829342.27,13172574.22,2744286.3,1248576.0,14053221.21,NET_REVENUE_SHARE,row_net_revenue / month_channel_net_revenue,COMMERCIAL_COSTS,DERIVED,false,false
VN000001169,ORD00001169,2024-08-01,2024-08-01,SKU005,CUS06,CH03,VN,Central,4000,27000,108000000.0,7020000.0,648000.0,0,0,100332000.0,49680000.0,1.477868,73420489.53,12702125.14,2646276.07,1203984.0,10359125.26,NET_REVENUE_SHARE,row_net_revenue / month_channel_net_revenue,COMMERCIAL_COSTS,DERIVED,false,false
VN000001170,ORD00001170,2024-08-01,2024-08-01,SKU006,CUS07,CH03,VN,North,3000,30000,90000000.0,5850000.0,540000.0,0,0,83610000.0,37800000.0,1.477868,55863415.95,10585104.29,2205230.06,1003320.0,13952929.7,NET_REVENUE_SHARE,row_net_revenue / month_channel_net_revenue,COMMERCIAL_COSTS,DERIVED,false,false
VN000001171,ORD00001171,2024-08-01,2024-08-01,SKU007,CUS08,CH03,VN,South,5000,23000,115000000.0,7475000.0,690000.0,0,0,106835000.0,63250000.0,1.477868,93475160.29,13525411.03,2817793.96,1282020.0,-4265385.28,NET_REVENUE_SHARE,row_net_revenue / month_channel_net_revenue,COMMERCIAL_COSTS,DERIVED,false,false
VN000001172,ORD00001172,2024-08-01,2024-08-01,SKU008,CUS09,CH03,VN,Central,4000,25000,100000000.0,6500000.0,600000.0,0,0,92900000.0,52000000.0,1.477868,76849143.63,11761226.98,2450255.62,1114800.0,724573.77,NET_REVENUE_SHARE,row_net_revenue / month_channel_net_revenue,COMMERCIAL_COSTS,DERIVED,false,false
VN000001173,ORD00001173,2024-08-01,2024-08-01,SKU009,CUS10,CH03,VN,North,5000,21000,105000000.0,6825000.0,630000.0,0,0,97545000.0,60900000.0,1.477868,90002170.14,12349288.33,2572768.4,1170540.0,-8549766.87,NET_REVENUE_SHARE,row_net_revenue / month_channel_net_revenue,COMMERCIAL_COSTS,DERIVED,false,false
VN000001174,ORD00001174,2024-08-01,2024-08-01,SKU010,CUS01,CH03,VN,North,3000,24000,72000000.0,4680000.0,432000.0,0,0,66888000.0,36000000.0,1.477868,53203253.28,8468083.43,1764184.05,802656.0,2649823.24,NET_REVENUE_SHARE,row_net_revenue / month_channel_net_revenue,COMMERCIAL_COSTS,DERIVED,false,false
VN000001175,ORD00001175,2024-08-01,2024-08-01,SKU011,CUS02,CH03,VN,South,2000,35000,70000000.0,4550000.0,420000.0,0,0,65030000.0,21000000.0,1.477868,31035231.08,8232858.89,1715178.94,780360.0,23266371.09,NET_REVENUE_SHARE,row_net_revenue / month_channel_net_revenue,COMMERCIAL_COSTS,DERIVED,false,false
VN000001176,ORD00001176,2024-08-01,2024-08-01,SKU012,CUS03,CH03,VN,Central,3000,29000,87000000.0,5655000.0,522000.0,0,0,80823000.0,33930000.0,1.477868,50144066.23,10232267.48,2131722.39,969876.0,17345067.9,NET_REVENUE_SHARE,row_net_revenue / month_channel_net_revenue,COMMERCIAL_COSTS,DERIVED,false,false
VN000001177,ORD00001177,2024-08-01,2024-08-01,SKU001,CUS03,CH04,VN,Central,2000,31000,62000000.0,2480000.0,1116000.0,0,0,58404000.0,24800000.0,1.497818,37145890.25,5310896.81,1659655.25,700848.0,13586709.69,NET_REVENUE_SHARE,row_net_revenue / month_channel_net_revenue,COMMERCIAL_COSTS,DERIVED,false,false
VN000001178,ORD00001178,2024-08-01,2024-08-01,SKU002,CUS04,CH04,VN,North,2000,36000,72000000.0,2880000.0,1296000.0,0,0,67824000.0,25920000.0,1.497818,38823446.58,6167493.06,1927341.58,813888.0,20091830.78,NET_REVENUE_SHARE,row_net_revenue / month_channel_net_revenue,COMMERCIAL_COSTS,DERIVED,false,false
VN000001179,ORD00001179,2024-08-01,2024-08-01,SKU003,CUS05,CH04,VN,South,1000,32000,32000000.0,1280000.0,576000.0,0,0,30144000.0,12160000.0,1.497818,18213468.77,2741108.03,856596.26,361728.0,7971098.94,NET_REVENUE_SHARE,row_net_revenue / month_channel_net_revenue,COMMERCIAL_COSTS,DERIVED,false,false
VN000001180,ORD00001180,2024-08-01,2024-08-01,SKU004,CUS06,CH04,VN,Central,2000,28000,56000000.0,2240000.0,1008000.0,0,0,52752000.0,24640000.0,1.497818,36906239.35,4796939.05,1499043.45,633024.0,8916754.15,NET_REVENUE_SHARE,row_net_revenue / month_channel_net_revenue,COMMERCIAL_COSTS,DERIVED,false,false
VN000001181,ORD00001181,2024-08-01,2024-08-01,SKU005,CUS07,CH04,VN,North,2000,27000,54000000.0,2160000.0,972000.0,0,0,50868000.0,24840000.0,1.497818,37205802.98,4625619.8,1445506.19,610416.0,6980655.03,NET_REVENUE_SHARE,row_net_revenue / month_channel_net_revenue,COMMERCIAL_COSTS,DERIVED,false,false
VN000001182,ORD00001182,2024-08-01,2024-08-01,SKU006,CUS08,CH04,VN,South,1000,30000,30000000.0,1200000.0,540000.0,0,0,28260000.0,12600000.0,1.497818,18872508.76,2569788.78,803058.99,339120.0,5675523.47,NET_REVENUE_SHARE,row_net_revenue / month_channel_net_revenue,COMMERCIAL_COSTS,DERIVED,false,false
VN000001183,ORD00001183,2024-08-01,2024-08-01,SKU007,CUS09,CH04,VN,Central,2000,23000,46000000.0,1840000.0,828000.0,0,0,43332000.0,25300000.0,1.497818,37894799.33,3940342.79,1231357.12,519984.0,-254483.24,NET_REVENUE_SHARE,row_net_revenue / month_channel_net_revenue,COMMERCIAL_COSTS,DERIVED,false,false
VN000001184,ORD00001184,2024-08-01,2024-08-01,SKU008,CUS10,CH04,VN,North,2000,25000,50000000.0,2000000.0,900000.0,0,0,47100000.0,26000000.0,1.497818,38943272.04,4282981.29,1338431.65,565200.0,1970115.02,NET_REVENUE_SHARE,row_net_revenue / month_channel_net_revenue,COMMERCIAL_COSTS,DERIVED,false,false
VN000001185,ORD00001185,2024-08-01,2024-08-01,SKU009,CUS01,CH04,VN,North,2000,21000,42000000.0,1680000.0,756000.0,0,0,39564000.0,24360000.0,1.497818,36486850.26,3597704.29,1124282.59,474768.0,-2119605.14,NET_REVENUE_SHARE,row_net_revenue / month_channel_net_revenue,COMMERCIAL_COSTS,DERIVED,false,false
VN000001186,ORD00001186,2024-08-01,2024-08-01,SKU010,CUS02,CH04,VN,South,2000,24000,48000000.0,1920000.0,864000.0,0,0,45216000.0,24000000.0,1.497818,35947635.73,4111662.04,1284894.39,542592.0,3329215.84,NET_REVENUE_SHARE,row_net_revenue / month_channel_net_revenue,COMMERCIAL_COSTS,DERIVED,false,false
VN000001187,ORD00001187,2024-08-01,2024-08-01,SKU011,CUS03,CH04,VN,Central,1000,35000,35000000.0,1400000.0,630000.0,0,0,32970000.0,10500000.0,1.497818,15727090.63,2998086.91,936902.16,395640.0,12912280.3,NET_REVENUE_SHARE,row_net_revenue / month_channel_net_revenue,COMMERCIAL_COSTS,DERIVED,false,false
VN000001188,ORD00001188,2024-08-01,2024-08-01,SKU012,CUS04,CH04,VN,North,1000,29000,29000000.0,1160000.0,522000.0,0,0,27318000.0,11310000.0,1.497818,16940323.32,2484129.15,776290.36,327816.0,6789441.17,NET_REVENUE_SHARE,row_net_revenue / month_channel_net_revenue,COMMERCIAL_COSTS,DERIVED,false,false
VN000001189,ORD00001189,2024-08-01,2024-08-01,SKU001,CUS04,CH05,VN,North,3000,31000,93000000.0,3720000.0,558000.0,0,0,88722000.0,37200000.0,1.333922,49621897.67,1771715.17,2214643.97,1064664.0,34049079.19,NET_REVENUE_SHARE,row_net_revenue / month_channel_net_revenue,COMMERCIAL_COSTS,DERIVED,false,false
VN000001190,ORD00001190,2024-08-01,2024-08-01,SKU002,CUS05,CH05,VN,South,2000,36000,72000000.0,2880000.0,432000.0,0,0,68688000.0,25920000.0,1.333922,34575257.73,1371650.46,1714563.07,824256.0,30202272.74,NET_REVENUE_SHARE,row_net_revenue / month_channel_net_revenue,COMMERCIAL_COSTS,DERIVED,false,false
VN000001191,ORD00001191,2024-08-01,2024-08-01,SKU003,CUS06,CH05,VN,Central,2000,32000,64000000.0,2560000.0,384000.0,0,0,61056000.0,24320000.0,1.333922,32440982.56,1219244.85,1524056.06,732672.0,25139044.53,NET_REVENUE_SHARE,row_net_revenue / month_channel_net_revenue,COMMERCIAL_COSTS,DERIVED,false,false
VN000001192,ORD00001192,2024-08-01,2024-08-01,SKU004,CUS07,CH05,VN,North,3000,28000,84000000.0,3360000.0,504000.0,0,0,80136000.0,36960000.0,1.333922,49301756.4,1600258.87,2000323.58,961632.0,26272029.15,NET_REVENUE_SHARE,row_net_revenue / month_channel_net_revenue,COMMERCIAL_COSTS,DERIVED,false,false
VN000001193,ORD00001193,2024-08-01,2024-08-01,SKU005,CUS08,CH05,VN,South,2000,27000,54000000.0,2160000.0,324000.0,0,0,51516000.0,24840000.0,1.333922,33134621.99,1028737.84,1285922.3,618192.0,15448525.87,NET_REVENUE_SHARE,row_net_revenue / month_channel_net_revenue,COMMERCIAL_COSTS,DERIVED,false,false
VN000001194,ORD00001194,2024-08-01,2024-08-01,SKU006,CUS09,CH05,VN,Central,2000,30000,60000000.0,2400000.0,360000.0,0,0,57240000.0,25200000.0,1.333922,33614833.91,1143042.05,1428802.56,686880.0,20366441.48,NET_REVENUE_SHARE,row_net_revenue / month_channel_net_revenue,COMMERCIAL_COSTS,DERIVED,false,false
VN000001195,ORD00001195,2024-08-01,2024-08-01,SKU007,CUS10,CH05,VN,North,3000,23000,69000000.0,2760000.0,414000.0,0,0,65826000.0,37950000.0,1.333922,50622339.16,1314498.36,1643122.94,789912.0,11456127.54,NET_REVENUE_SHARE,row_net_revenue / month_channel_net_revenue,COMMERCIAL_COSTS,DERIVED,false,false
VN000001196,ORD00001196,2024-08-01,2024-08-01,SKU008,CUS01,CH05,VN,North,2000,25000,50000000.0,2000000.0,300000.0,0,0,47700000.0,26000000.0,1.333922,34681971.49,952535.04,1190668.8,572400.0,10302424.67,NET_REVENUE_SHARE,row_net_revenue / month_channel_net_revenue,COMMERCIAL_COSTS,DERIVED,false,false
VN000001197,ORD00001197,2024-08-01,2024-08-01,SKU009,CUS02,CH05,VN,South,3000,21000,63000000.0,2520000.0,378000.0,0,0,60102000.0,36540000.0,1.333922,48741509.16,1200194.15,1500242.69,721224.0,7938830.0,NET_REVENUE_SHARE,row_net_revenue / month_channel_net_revenue,COMMERCIAL_COSTS,DERIVED,false,false
VN000001198,ORD00001198,2024-08-01,2024-08-01,SKU010,CUS03,CH05,VN,Central,2000,24000,48000000.0,1920000.0,288000.0,0,0,45792000.0,24000000.0,1.333922,32014127.53,914433.64,1143042.05,549504.0,11170892.78,NET_REVENUE_SHARE,row_net_revenue / month_channel_net_revenue,COMMERCIAL_COSTS,DERIVED,false,false
VN000001199,ORD00001199,2024-08-01,2024-08-01,SKU011,CUS04,CH05,VN,North,1000,35000,35000000.0,1400000.0,210000.0,0,0,33390000.0,10500000.0,1.333922,14006180.79,666774.53,833468.16,400680.0,17482896.52,NET_REVENUE_SHARE,row_net_revenue / month_channel_net_revenue,COMMERCIAL_COSTS,DERIVED,false,false
VN000001200,ORD00001200,2024-08-01,2024-08-01,SKU012,CUS05,CH05,VN,South,2000,29000,58000000.0,2320000.0,348000.0,0,0,55332000.0,22620000.0,1.333922,30173315.21,1104940.65,1381175.81,663984.0,22008584.33,NET_REVENUE_SHARE,row_net_revenue / month_channel_net_revenue,COMMERCIAL_COSTS,DERIVED,false,false
VN000001201,ORD00001201,2024-09-01,2024-09-01,SKU001,CUS01,CH01,VN,North,8000,31000,248000000.0,9920000.0,1488000.0,0,0,236592000.0,99200000.0,1.397031,138585475.1,8633347.87,6166677.05,2839104.0,80367395.98,NET_REVENUE_SHARE,row_net_revenue / month_channel_net_revenue,COMMERCIAL_COSTS,DERIVED,false,false
VN000001202,ORD00001202,2024-09-01,2024-09-01,SKU002,CUS02,CH01,VN,South,6000,36000,216000000.0,8640000.0,1296000.0,0,0,206064000.0,77760000.0,1.397031,108633130.48,7519367.5,5370976.79,2472768.0,82067757.23,NET_REVENUE_SHARE,row_net_revenue / month_channel_net_revenue,COMMERCIAL_COSTS,DERIVED,false,false
VN000001203,ORD00001203,2024-09-01,2024-09-01,SKU003,CUS03,CH01,VN,Central,5000,32000,160000000.0,6400000.0,960000.0,0,0,152640000.0,60800000.0,1.397031,84939484.74,5569901.85,3978501.32,1831680.0,56320432.09,NET_REVENUE_SHARE,row_net_revenue / month_channel_net_revenue,COMMERCIAL_COSTS,DERIVED,false,false
VN000001204,ORD00001204,2024-09-01,2024-09-01,SKU004,CUS04,CH01,VN,North,8000,28000,224000000.0,8960000.0,1344000.0,0,0,213696000.0,98560000.0,1.397031,137691375.26,7797862.59,5569901.85,2564352.0,60072508.3,NET_REVENUE_SHARE,row_net_revenue / month_channel_net_revenue,COMMERCIAL_COSTS,DERIVED,false,false
VN000001205,ORD00001205,2024-09-01,2024-09-01,SKU005,CUS05,CH01,VN,South,6000,27000,162000000.0,6480000.0,972000.0,0,0,154548000.0,74520000.0,1.397031,104106750.05,5639525.63,4028232.59,1854576.0,38918915.73,NET_REVENUE_SHARE,row_net_revenue / month_channel_net_revenue,COMMERCIAL_COSTS,DERIVED,false,false
VN000001206,ORD00001206,2024-09-01,2024-09-01,SKU006,CUS06,CH01,VN,Central,5000,30000,150000000.0,6000000.0,900000.0,0,0,143100000.0,63000000.0,1.397031,88012952.94,5221782.99,3729844.99,1717200.0,44418219.08,NET_REVENUE_SHARE,row_net_revenue / month_channel_net_revenue,COMMERCIAL_COSTS,DERIVED,false,false
VN000001207,ORD00001207,2024-09-01,2024-09-01,SKU007,CUS07,CH01,VN,North,8000,23000,184000000.0,7360000.0,1104000.0,0,0,175536000.0,101200000.0,1.397031,141379537.1,6405387.13,4575276.52,2106432.0,21069367.25,NET_REVENUE_SHARE,row_net_revenue / month_channel_net_revenue,COMMERCIAL_COSTS,DERIVED,false,false
VN000001208,ORD00001208,2024-09-01,2024-09-01,SKU008,CUS08,CH01,VN,South,7000,25000,175000000.0,7000000.0,1050000.0,0,0,166950000.0,91000000.0,1.397031,127129820.91,6092080.15,4351485.82,2003400.0,27373213.12,NET_REVENUE_SHARE,row_net_revenue / month_channel_net_revenue,COMMERCIAL_COSTS,DERIVED,false,false
VN000001209,ORD00001209,2024-09-01,2024-09-01,SKU009,CUS09,CH01,VN,Central,8000,21000,168000000.0,6720000.0,1008000.0,0,0,160272000.0,97440000.0,1.397031,136126700.54,5848396.95,4177426.39,1923264.0,12196212.12,NET_REVENUE_SHARE,row_net_revenue / month_channel_net_revenue,COMMERCIAL_COSTS,DERIVED,false,false
VN000001210,ORD00001210,2024-09-01,2024-09-01,SKU010,CUS10,CH01,VN,North,6000,24000,144000000.0,5760000.0,864000.0,0,0,137376000.0,72000000.0,1.397031,100586231.93,5012911.67,3580651.19,1648512.0,26547693.21,NET_REVENUE_SHARE,row_net_revenue / month_channel_net_revenue,COMMERCIAL_COSTS,DERIVED,false,false
VN000001211,ORD00001211,2024-09-01,2024-09-01,SKU011,CUS01,CH01,VN,North,4000,35000,140000000.0,5600000.0,840000.0,0,0,133560000.0,42000000.0,1.397031,58675301.96,4873664.12,3481188.66,1602720.0,64927125.26,NET_REVENUE_SHARE,row_net_revenue / month_channel_net_revenue,COMMERCIAL_COSTS,DERIVED,false,false
VN000001212,ORD00001212,2024-09-01,2024-09-01,SKU012,CUS02,CH01,VN,South,5000,29000,145000000.0,5800000.0,870000.0,0,0,138330000.0,56550000.0,1.397031,79002102.99,5047723.55,3605516.82,1659960.0,49014696.64,NET_REVENUE_SHARE,row_net_revenue / month_channel_net_revenue,COMMERCIAL_COSTS,DERIVED,false,false
VN000001213,ORD00001213,2024-09-01,2024-09-01,SKU001,CUS02,CH02,VN,South,6000,31000,186000000.0,7440000.0,1116000.0,0,0,177444000.0,74400000.0,1.401423,104265838.97,8361795.22,6875253.85,2129328.0,55811783.96,NET_REVENUE_SHARE,row_net_revenue / month_channel_net_revenue,COMMERCIAL_COSTS,DERIVED,false,false
VN000001214,ORD00001214,2024-09-01,2024-09-01,SKU002,CUS03,CH02,VN,Central,4000,36000,144000000.0,5760000.0,864000.0,0,0,137376000.0,51840000.0,1.401423,72649745.86,6473647.91,5322777.17,1648512.0,51281317.06,NET_REVENUE_SHARE,row_net_revenue / month_channel_net_revenue,COMMERCIAL_COSTS,DERIVED,false,false
VN000001215,ORD00001215,2024-09-01,2024-09-01,SKU003,CUS04,CH02,VN,North,4000,32000,128000000.0,5120000.0,768000.0,0,0,122112000.0,48640000.0,1.401423,68165193.65,5754353.7,4731357.49,1465344.0,41995751.16,NET_REVENUE_SHARE,row_net_revenue / month_channel_net_revenue,COMMERCIAL_COSTS,DERIVED,false,false
VN000001216,ORD00001216,2024-09-01,2024-09-01,SKU004,CUS05,CH02,VN,South,6000,28000,168000000.0,6720000.0,1008000.0,0,0,160272000.0,73920000.0,1.401423,103593156.14,7552589.23,6209906.7,1923264.0,40993083.93,NET_REVENUE_SHARE,row_net_revenue / month_channel_net_revenue,COMMERCIAL_COSTS,DERIVED,false,false
VN000001217,ORD00001217,2024-09-01,2024-09-01,SKU005,CUS06,CH02,VN,Central,5000,27000,135000000.0,5400000.0,810000.0,0,0,128790000.0,62100000.0,1.401423,87028341.4,6069044.92,4990103.6,1545480.0,29157030.08,NET_REVENUE_SHARE,row_net_revenue / month_channel_net_revenue,COMMERCIAL_COSTS,DERIVED,false,false
VN000001218,ORD00001218,2024-09-01,2024-09-01,SKU006,CUS07,CH02,VN,North,4000,30000,120000000.0,4800000.0,720000.0,0,0,114480000.0,50400000.0,1.401423,70631697.37,5394706.59,4435647.64,1373760.0,32644188.4,NET_REVENUE_SHARE,row_net_revenue / month_channel_net_revenue,COMMERCIAL_COSTS,DERIVED,false,false
VN000001219,ORD00001219,2024-09-01,2024-09-01,SKU007,CUS08,CH02,VN,South,6000,23000,138000000.0,5520000.0,828000.0,0,0,131652000.0,75900000.0,1.401423,106367972.82,6203912.58,5100994.79,1579824.0,12399295.81,NET_REVENUE_SHARE,row_net_revenue / month_channel_net_revenue,COMMERCIAL_COSTS,DERIVED,false,false
VN000001220,ORD00001220,2024-09-01,2024-09-01,SKU008,CUS09,CH02,VN,Central,5000,25000,125000000.0,5000000.0,750000.0,0,0,119250000.0,65000000.0,1.401423,91092466.84,5619486.03,4620466.29,1431000.0,16486580.84,NET_REVENUE_SHARE,row_net_revenue / month_channel_net_revenue,COMMERCIAL_COSTS,DERIVED,false,false
VN000001221,ORD00001221,2024-09-01,2024-09-01,SKU009,CUS10,CH02,VN,North,6000,21000,126000000.0,5040000.0,756000.0,0,0,120204000.0,73080000.0,1.401423,102415961.18,5664441.92,4657430.02,1442448.0,6023718.88,NET_REVENUE_SHARE,row_net_revenue / month_channel_net_revenue,COMMERCIAL_COSTS,DERIVED,false,false
VN000001222,ORD00001222,2024-09-01,2024-09-01,SKU010,CUS01,CH02,VN,North,5000,24000,120000000.0,4800000.0,720000.0,0,0,114480000.0,60000000.0,1.401423,84085354.01,5394706.59,4435647.64,1373760.0,19190531.76,NET_REVENUE_SHARE,row_net_revenue / month_channel_net_revenue,COMMERCIAL_COSTS,DERIVED,false,false
VN000001223,ORD00001223,2024-09-01,2024-09-01,SKU011,CUS02,CH02,VN,South,3000,35000,105000000.0,4200000.0,630000.0,0,0,100170000.0,31500000.0,1.401423,44144810.85,4720368.27,3881191.69,1202040.0,46221589.19,NET_REVENUE_SHARE,row_net_revenue / month_channel_net_revenue,COMMERCIAL_COSTS,DERIVED,false,false
VN000001224,ORD00001224,2024-09-01,2024-09-01,SKU012,CUS03,CH02,VN,Central,4000,29000,116000000.0,4640000.0,696000.0,0,0,110664000.0,45240000.0,1.401423,63400356.91,5214883.04,4287792.72,1327968.0,36432999.33,NET_REVENUE_SHARE,row_net_revenue / month_channel_net_revenue,COMMERCIAL_COSTS,DERIVED,false,false
VN000001225,ORD00001225,2024-09-01,2024-09-01,SKU001,CUS03,CH03,VN,Central,5000,31000,155000000.0,10075000.0,930000.0,0,0,143995000.0,62000000.0,1.5114,93706800.65,18688658.92,3893470.61,1727940.0,25978129.82,NET_REVENUE_SHARE,row_net_revenue / month_channel_net_revenue,COMMERCIAL_COSTS,DERIVED,false,false
VN000001226,ORD00001226,2024-09-01,2024-09-01,SKU002,CUS04,CH03,VN,North,3000,36000,108000000.0,7020000.0,648000.0,0,0,100332000.0,38880000.0,1.5114,58763232.4,13021775.25,2712869.84,1203984.0,24630138.51,NET_REVENUE_SHARE,row_net_revenue / month_channel_net_revenue,COMMERCIAL_COSTS,DERIVED,false,false
VN000001227,ORD00001227,2024-09-01,2024-09-01,SKU003,CUS05,CH03,VN,South,3000,32000,96000000.0,6240000.0,576000.0,0,0,89184000.0,36480000.0,1.5114,55135872.38,11574911.33,2411439.86,1070208.0,18991568.43,NET_REVENUE_SHARE,row_net_revenue / month_channel_net_revenue,COMMERCIAL_COSTS,DERIVED,false,false
VN000001228,ORD00001228,2024-09-01,2024-09-01,SKU004,CUS06,CH03,VN,Central,4000,28000,112000000.0,7280000.0,672000.0,0,0,104048000.0,49280000.0,1.5114,74481792.51,13504063.22,2813346.5,1248576.0,12000221.77,NET_REVENUE_SHARE,row_net_revenue / month_channel_net_revenue,COMMERCIAL_COSTS,DERIVED,false,false
VN000001229,ORD00001229,2024-09-01,2024-09-01,SKU005,CUS07,CH03,VN,North,4000,27000,108000000.0,7020000.0,648000.0,0,0,100332000.0,49680000.0,1.5114,75086352.52,13021775.25,2712869.84,1203984.0,8307018.39,NET_REVENUE_SHARE,row_net_revenue / month_channel_net_revenue,COMMERCIAL_COSTS,DERIVED,false,false
VN000001230,ORD00001230,2024-09-01,2024-09-01,SKU006,CUS08,CH03,VN,South,3000,30000,90000000.0,5850000.0,540000.0,0,0,83610000.0,37800000.0,1.5114,57130920.39,10851479.37,2260724.87,1003320.0,12363555.37,NET_REVENUE_SHARE,row_net_revenue / month_channel_net_revenue,COMMERCIAL_COSTS,DERIVED,false,false
VN000001231,ORD00001231,2024-09-01,2024-09-01,SKU007,CUS09,CH03,VN,Central,5000,23000,115000000.0,7475000.0,690000.0,0,0,106835000.0,63250000.0,1.5114,95596050.66,13865779.2,2888704.0,1282020.0,-6797553.86,NET_REVENUE_SHARE,row_net_revenue / month_channel_net_revenue,COMMERCIAL_COSTS,DERIVED,false,false
VN000001232,ORD00001232,2024-09-01,2024-09-01,SKU008,CUS10,CH03,VN,North,4000,25000,100000000.0,6500000.0,600000.0,0,0,92900000.0,52000000.0,1.5114,78592800.54,12057199.3,2511916.52,1114800.0,-1376716.36,NET_REVENUE_SHARE,row_net_revenue / month_channel_net_revenue,COMMERCIAL_COSTS,DERIVED,false,false
VN000001233,ORD00001233,2024-09-01,2024-09-01,SKU009,CUS01,CH03,VN,North,5000,21000,105000000.0,6825000.0,630000.0,0,0,97545000.0,60900000.0,1.5114,92044260.63,12660059.27,2637512.35,1170540.0,-10967372.25,NET_REVENUE_SHARE,row_net_revenue / month_channel_net_revenue,COMMERCIAL_COSTS,DERIVED,false,false
VN000001234,ORD00001234,2024-09-01,2024-09-01,SKU010,CUS02,CH03,VN,South,4000,24000,96000000.0,6240000.0,576000.0,0,0,89184000.0,48000000.0,1.5114,72547200.5,11574911.33,2411439.86,1070208.0,1580240.31,NET_REVENUE_SHARE,row_net_revenue / month_channel_net_revenue,COMMERCIAL_COSTS,DERIVED,false,false
VN000001235,ORD00001235,2024-09-01,2024-09-01,SKU011,CUS03,CH03,VN,Central,2000,35000,70000000.0,4550000.0,420000.0,0,0,65030000.0,21000000.0,1.5114,31739400.22,8440039.51,1758341.57,780360.0,22311858.7,NET_REVENUE_SHARE,row_net_revenue / month_channel_net_revenue,COMMERCIAL_COSTS,DERIVED,false,false
VN000001236,ORD00001236,2024-09-01,2024-09-01,SKU012,CUS04,CH03,VN,North,3000,29000,87000000.0,5655000.0,522000.0,0,0,80823000.0,33930000.0,1.5114,51281802.36,10489763.39,2185367.37,969876.0,15896190.88,NET_REVENUE_SHARE,row_net_revenue / month_channel_net_revenue,COMMERCIAL_COSTS,DERIVED,false,false
VN000001237,ORD00001237,2024-09-01,2024-09-01,SKU001,CUS04,CH04,VN,North,2000,31000,62000000.0,2480000.0,1116000.0,0,0,58404000.0,24800000.0,1.484145,36806786.84,5221564.08,1631738.78,700848.0,14043062.3,NET_REVENUE_SHARE,row_net_revenue / month_channel_net_revenue,COMMERCIAL_COSTS,DERIVED,false,false
VN000001238,ORD00001238,2024-09-01,2024-09-01,SKU002,CUS05,CH04,VN,South,2000,36000,72000000.0,2880000.0,1296000.0,0,0,67824000.0,25920000.0,1.484145,38469028.82,6063751.84,1894922.45,813888.0,20582408.89,NET_REVENUE_SHARE,row_net_revenue / month_channel_net_revenue,COMMERCIAL_COSTS,DERIVED,false,false
VN000001239,ORD00001239,2024-09-01,2024-09-01,SKU003,CUS06,CH04,VN,Central,2000,32000,64000000.0,2560000.0,1152000.0,0,0,60288000.0,24320000.0,1.484145,36094397.41,5390001.63,1684375.51,723456.0,16395769.45,NET_REVENUE_SHARE,row_net_revenue / month_channel_net_revenue,COMMERCIAL_COSTS,DERIVED,false,false
VN000001240,ORD00001240,2024-09-01,2024-09-01,SKU004,CUS07,CH04,VN,North,2000,28000,56000000.0,2240000.0,1008000.0,0,0,52752000.0,24640000.0,1.484145,36569323.7,4716251.43,1473828.57,633024.0,9359572.3,NET_REVENUE_SHARE,row_net_revenue / month_channel_net_revenue,COMMERCIAL_COSTS,DERIVED,false,false
VN000001241,ORD00001241,2024-09-01,2024-09-01,SKU005,CUS08,CH04,VN,South,2000,27000,54000000.0,2160000.0,972000.0,0,0,50868000.0,24840000.0,1.484145,36866152.62,4547813.88,1421191.84,610416.0,7422425.66,NET_REVENUE_SHARE,row_net_revenue / month_channel_net_revenue,COMMERCIAL_COSTS,DERIVED,false,false
VN000001242,ORD00001242,2024-09-01,2024-09-01,SKU006,CUS09,CH04,VN,Central,1000,30000,30000000.0,1200000.0,540000.0,0,0,28260000.0,12600000.0,1.484145,18700222.34,2526563.27,789551.02,339120.0,5904543.37,NET_REVENUE_SHARE,row_net_revenue / month_channel_net_revenue,COMMERCIAL_COSTS,DERIVED,false,false
VN000001243,ORD00001243,2024-09-01,2024-09-01,SKU007,CUS10,CH04,VN,North,2000,23000,46000000.0,1840000.0,828000.0,0,0,43332000.0,25300000.0,1.484145,37548859.15,3874063.67,1210644.9,519984.0,178448.28,NET_REVENUE_SHARE,row_net_revenue / month_channel_net_revenue,COMMERCIAL_COSTS,DERIVED,false,false
VN000001244,ORD00001244,2024-09-01,2024-09-01,SKU008,CUS01,CH04,VN,North,2000,25000,50000000.0,2000000.0,900000.0,0,0,47100000.0,26000000.0,1.484145,38587760.39,4210938.78,1315918.37,565200.0,2420182.46,NET_REVENUE_SHARE,row_net_revenue / month_channel_net_revenue,COMMERCIAL_COSTS,DERIVED,false,false
VN000001245,ORD00001245,2024-09-01,2024-09-01,SKU009,CUS02,CH04,VN,South,2000,21000,42000000.0,1680000.0,756000.0,0,0,39564000.0,24360000.0,1.484145,36153763.2,3537188.57,1105371.43,474768.0,-1707091.2,NET_REVENUE_SHARE,row_net_revenue / month_channel_net_revenue,COMMERCIAL_COSTS,DERIVED,false,false
VN000001246,ORD00001246,2024-09-01,2024-09-01,SKU010,CUS03,CH04,VN,Central,2000,24000,48000000.0,1920000.0,864000.0,0,0,45216000.0,24000000.0,1.484145,35619471.13,4042501.22,1263281.63,542592.0,3748154.02,NET_REVENUE_SHARE,row_net_revenue / month_channel_net_revenue,COMMERCIAL_COSTS,DERIVED,false,false
VN000001247,ORD00001247,2024-09-01,2024-09-01,SKU011,CUS04,CH04,VN,North,1000,35000,35000000.0,1400000.0,630000.0,0,0,32970000.0,10500000.0,1.484145,15583518.62,2947657.14,921142.86,395640.0,13122041.38,NET_REVENUE_SHARE,row_net_revenue / month_channel_net_revenue,COMMERCIAL_COSTS,DERIVED,false,false
VN000001248,ORD00001248,2024-09-01,2024-09-01,SKU012,CUS05,CH04,VN,South,1000,29000,29000000.0,1160000.0,522000.0,0,0,27318000.0,11310000.0,1.484145,16785675.78,2442344.49,763232.65,327816.0,6998931.08,NET_REVENUE_SHARE,row_net_revenue / month_channel_net_revenue,COMMERCIAL_COSTS,DERIVED,false,false
VN000001249,ORD00001249,2024-09-01,2024-09-01,SKU001,CUS05,CH05,VN,South,3000,31000,93000000.0,3720000.0,558000.0,0,0,88722000.0,37200000.0,1.386966,51595123.07,1842167.81,2302709.76,1064664.0,31917335.36,NET_REVENUE_SHARE,row_net_revenue / month_channel_net_revenue,COMMERCIAL_COSTS,DERIVED,false,false
VN000001250,ORD00001250,2024-09-01,2024-09-01,SKU002,CUS06,CH05,VN,Central,2000,36000,72000000.0,2880000.0,432000.0,0,0,68688000.0,25920000.0,1.386966,35950150.27,1426194.43,1782743.04,824256.0,28704656.26,NET_REVENUE_SHARE,row_net_revenue / month_channel_net_revenue,COMMERCIAL_COSTS,DERIVED,false,false
VN000001251,ORD00001251,2024-09-01,2024-09-01,SKU003,CUS07,CH05,VN,North,2000,32000,64000000.0,2560000.0,384000.0,0,0,61056000.0,24320000.0,1.386966,33731005.19,1267728.38,1584660.48,732672.0,23739933.95,NET_REVENUE_SHARE,row_net_revenue / month_channel_net_revenue,COMMERCIAL_COSTS,DERIVED,false,false
VN000001252,ORD00001252,2024-09-01,2024-09-01,SKU004,CUS08,CH05,VN,South,3000,28000,84000000.0,3360000.0,504000.0,0,0,80136000.0,36960000.0,1.386966,51262251.31,1663893.5,2079866.88,961632.0,24168356.31,NET_REVENUE_SHARE,row_net_revenue / month_channel_net_revenue,COMMERCIAL_COSTS,DERIVED,false,false
VN000001253,ORD00001253,2024-09-01,2024-09-01,SKU005,CUS09,CH05,VN,Central,2000,27000,54000000.0,2160000.0,324000.0,0,0,51516000.0,24840000.0,1.386966,34452227.34,1069645.82,1337057.28,618192.0,14038877.56,NET_REVENUE_SHARE,row_net_revenue / month_channel_net_revenue,COMMERCIAL_COSTS,DERIVED,false,false
VN000001254,ORD00001254,2024-09-01,2024-09-01,SKU006,CUS10,CH05,VN,North,2000,30000,60000000.0,2400000.0,360000.0,0,0,57240000.0,25200000.0,1.386966,34951534.98,1188495.36,1485619.2,686880.0,18927470.46,NET_REVENUE_SHARE,row_net_revenue / month_channel_net_revenue,COMMERCIAL_COSTS,DERIVED,false,false
VN000001255,ORD00001255,2024-09-01,2024-09-01,SKU007,CUS01,CH05,VN,North,3000,23000,69000000.0,2760000.0,414000.0,0,0,65826000.0,37950000.0,1.386966,52635347.32,1366769.66,1708462.08,789912.0,9325508.94,NET_REVENUE_SHARE,row_net_revenue / month_channel_net_revenue,COMMERCIAL_COSTS,DERIVED,false,false
VN000001256,ORD00001256,2024-09-01,2024-09-01,SKU008,CUS02,CH05,VN,South,2000,25000,50000000.0,2000000.0,300000.0,0,0,47700000.0,26000000.0,1.386966,36061107.52,990412.8,1238016.0,572400.0,8838063.68,NET_REVENUE_SHARE,row_net_revenue / month_channel_net_revenue,COMMERCIAL_COSTS,DERIVED,false,false
VN000001257,ORD00001257,2024-09-01,2024-09-01,SKU009,CUS03,CH05,VN,Central,3000,21000,63000000.0,2520000.0,378000.0,0,0,60102000.0,36540000.0,1.386966,50679725.72,1247920.13,1559900.16,721224.0,5893229.99,NET_REVENUE_SHARE,row_net_revenue / month_channel_net_revenue,COMMERCIAL_COSTS,DERIVED,false,false
VN000001258,ORD00001258,2024-09-01,2024-09-01,SKU010,CUS04,CH05,VN,North,2000,24000,48000000.0,1920000.0,288000.0,0,0,45792000.0,24000000.0,1.386966,33287176.17,950796.29,1188495.36,549504.0,9816028.18,NET_REVENUE_SHARE,row_net_revenue / month_channel_net_revenue,COMMERCIAL_COSTS,DERIVED,false,false
VN000001259,ORD00001259,2024-09-01,2024-09-01,SKU011,CUS05,CH05,VN,South,1000,35000,35000000.0,1400000.0,210000.0,0,0,33390000.0,10500000.0,1.386966,14563139.58,693288.96,866611.2,400680.0,16866280.26,NET_REVENUE_SHARE,row_net_revenue / month_channel_net_revenue,COMMERCIAL_COSTS,DERIVED,false,false
VN000001260,ORD00001260,2024-09-01,2024-09-01,SKU012,CUS06,CH05,VN,Central,2000,29000,58000000.0,2320000.0,348000.0,0,0,55332000.0,22620000.0,1.386966,31373163.53,1148878.85,1436098.56,663984.0,20709875.06,NET_REVENUE_SHARE,row_net_revenue / month_channel_net_revenue,COMMERCIAL_COSTS,DERIVED,false,false
VN000001261,ORD00001261,2024-10-01,2024-10-01,SKU001,CUS02,CH01,VN,South,9000,31000,279000000.0,11160000.0,1674000.0,0,0,266166000.0,111600000.0,1.390897,155224086.07,9667416.24,6905297.31,3193992.0,91175208.38,NET_REVENUE_SHARE,row_net_revenue / month_channel_net_revenue,COMMERCIAL_COSTS,DERIVED,false,false
VN000001262,ORD00001262,2024-10-01,2024-10-01,SKU002,CUS03,CH01,VN,Central,6000,36000,216000000.0,8640000.0,1296000.0,0,0,206064000.0,77760000.0,1.390897,108156137.39,7484451.28,5346036.63,2472768.0,82604606.7,NET_REVENUE_SHARE,row_net_revenue / month_channel_net_revenue,COMMERCIAL_COSTS,DERIVED,false,false
VN000001263,ORD00001263,2024-10-01,2024-10-01,SKU003,CUS04,CH01,VN,North,6000,32000,192000000.0,7680000.0,1152000.0,0,0,183168000.0,72960000.0,1.390897,101479832.61,6652845.58,4752032.56,2198016.0,68085273.25,NET_REVENUE_SHARE,row_net_revenue / month_channel_net_revenue,COMMERCIAL_COSTS,DERIVED,false,false
VN000001264,ORD00001264,2024-10-01,2024-10-01,SKU004,CUS05,CH01,VN,South,8000,28000,224000000.0,8960000.0,1344000.0,0,0,213696000.0,98560000.0,1.390897,137086791.42,7761653.18,5544037.99,2564352.0,60739165.41,NET_REVENUE_SHARE,row_net_revenue / month_channel_net_revenue,COMMERCIAL_COSTS,DERIVED,false,false
VN000001265,ORD00001265,2024-10-01,2024-10-01,SKU005,CUS06,CH01,VN,Central,7000,27000,189000000.0,7560000.0,1134000.0,0,0,180306000.0,86940000.0,1.390897,120924570.28,6548894.87,4677782.05,2163672.0,45991080.8,NET_REVENUE_SHARE,row_net_revenue / month_channel_net_revenue,COMMERCIAL_COSTS,DERIVED,false,false
VN000001266,ORD00001266,2024-10-01,2024-10-01,SKU006,CUS07,CH01,VN,North,5000,30000,150000000.0,6000000.0,900000.0,0,0,143100000.0,63000000.0,1.390897,87626500.2,5197535.61,3712525.44,1717200.0,44846238.75,NET_REVENUE_SHARE,row_net_revenue / month_channel_net_revenue,COMMERCIAL_COSTS,DERIVED,false,false
VN000001267,ORD00001267,2024-10-01,2024-10-01,SKU007,CUS08,CH01,VN,South,9000,23000,207000000.0,8280000.0,1242000.0,0,0,197478000.0,113850000.0,1.390897,158353603.93,7172599.15,5123285.1,2369736.0,24458775.82,NET_REVENUE_SHARE,row_net_revenue / month_channel_net_revenue,COMMERCIAL_COSTS,DERIVED,false,false
VN000001268,ORD00001268,2024-10-01,2024-10-01,SKU008,CUS09,CH01,VN,Central,7000,25000,175000000.0,7000000.0,1050000.0,0,0,166950000.0,91000000.0,1.390897,126571611.4,6063791.55,4331279.68,2003400.0,27979917.37,NET_REVENUE_SHARE,row_net_revenue / month_channel_net_revenue,COMMERCIAL_COSTS,DERIVED,false,false
VN000001269,ORD00001269,2024-10-01,2024-10-01,SKU009,CUS10,CH01,VN,North,8000,21000,168000000.0,6720000.0,1008000.0,0,0,160272000.0,97440000.0,1.390897,135528986.98,5821239.89,4158028.49,1923264.0,12840480.64,NET_REVENUE_SHARE,row_net_revenue / month_channel_net_revenue,COMMERCIAL_COSTS,DERIVED,false,false
VN000001270,ORD00001270,2024-10-01,2024-10-01,SKU010,CUS01,CH01,VN,North,6000,24000,144000000.0,5760000.0,864000.0,0,0,137376000.0,72000000.0,1.390897,100144571.66,4989634.19,3564024.42,1648512.0,27029257.73,NET_REVENUE_SHARE,row_net_revenue / month_channel_net_revenue,COMMERCIAL_COSTS,DERIVED,false,false
VN000001271,ORD00001271,2024-10-01,2024-10-01,SKU011,CUS02,CH01,VN,South,4000,35000,140000000.0,5600000.0,840000.0,0,0,133560000.0,42000000.0,1.390897,58417666.8,4851033.24,3465023.74,1602720.0,65223556.22,NET_REVENUE_SHARE,row_net_revenue / month_channel_net_revenue,COMMERCIAL_COSTS,DERIVED,false,false
VN000001272,ORD00001272,2024-10-01,2024-10-01,SKU012,CUS03,CH01,VN,Central,5000,29000,145000000.0,5800000.0,870000.0,0,0,138330000.0,56550000.0,1.390897,78655215.66,5024284.43,3588774.59,1659960.0,49401765.32,NET_REVENUE_SHARE,row_net_revenue / month_channel_net_revenue,COMMERCIAL_COSTS,DERIVED,false,false
VN000001273,ORD00001273,2024-10-01,2024-10-01,SKU001,CUS03,CH02,VN,Central,7000,31000,217000000.0,8680000.0,1302000.0,0,0,207018000.0,86800000.0,1.394941,121080846.79,9687475.2,7965257.39,2484216.0,65800204.62,NET_REVENUE_SHARE,row_net_revenue / month_channel_net_revenue,COMMERCIAL_COSTS,DERIVED,false,false
VN000001274,ORD00001274,2024-10-01,2024-10-01,SKU002,CUS04,CH02,VN,North,5000,36000,180000000.0,7200000.0,1080000.0,0,0,171720000.0,64800000.0,1.394941,90392152.9,8035693.71,6607125.94,2060640.0,64624387.45,NET_REVENUE_SHARE,row_net_revenue / month_channel_net_revenue,COMMERCIAL_COSTS,DERIVED,false,false
VN000001275,ORD00001275,2024-10-01,2024-10-01,SKU003,CUS05,CH02,VN,South,4000,32000,128000000.0,5120000.0,768000.0,0,0,122112000.0,48640000.0,1.394941,67849912.3,5714271.09,4698400.67,1465344.0,42384071.94,NET_REVENUE_SHARE,row_net_revenue / month_channel_net_revenue,COMMERCIAL_COSTS,DERIVED,false,false
VN000001276,ORD00001276,2024-10-01,2024-10-01,SKU004,CUS06,CH02,VN,Central,6000,28000,168000000.0,6720000.0,1008000.0,0,0,160272000.0,73920000.0,1.394941,103114011.46,7499980.8,6166650.88,1923264.0,41568092.86,NET_REVENUE_SHARE,row_net_revenue / month_channel_net_revenue,COMMERCIAL_COSTS,DERIVED,false,false
VN000001277,ORD00001277,2024-10-01,2024-10-01,SKU005,CUS07,CH02,VN,North,5000,27000,135000000.0,5400000.0,810000.0,0,0,128790000.0,62100000.0,1.394941,86625813.2,6026770.29,4955344.46,1545480.0,29636592.05,NET_REVENUE_SHARE,row_net_revenue / month_channel_net_revenue,COMMERCIAL_COSTS,DERIVED,false,false
VN000001278,ORD00001278,2024-10-01,2024-10-01,SKU006,CUS08,CH02,VN,South,4000,30000,120000000.0,4800000.0,720000.0,0,0,114480000.0,50400000.0,1.394941,70305007.81,5357129.14,4404750.63,1373760.0,33039352.42,NET_REVENUE_SHARE,row_net_revenue / month_channel_net_revenue,COMMERCIAL_COSTS,DERIVED,false,false
VN000001279,ORD00001279,2024-10-01,2024-10-01,SKU007,CUS09,CH02,VN,Central,7000,23000,161000000.0,6440000.0,966000.0,0,0,153594000.0,88550000.0,1.394941,123521992.89,7187481.6,5909707.09,1843128.0,15131690.42,NET_REVENUE_SHARE,row_net_revenue / month_channel_net_revenue,COMMERCIAL_COSTS,DERIVED,false,false
VN000001280,ORD00001280,2024-10-01,2024-10-01,SKU008,CUS10,CH02,VN,North,5000,25000,125000000.0,5000000.0,750000.0,0,0,119250000.0,65000000.0,1.394941,90671141.03,5580342.86,4588281.9,1431000.0,16979234.21,NET_REVENUE_SHARE,row_net_revenue / month_channel_net_revenue,COMMERCIAL_COSTS,DERIVED,false,false
VN000001281,ORD00001281,2024-10-01,2024-10-01,SKU009,CUS01,CH02,VN,North,6000,21000,126000000.0,5040000.0,756000.0,0,0,120204000.0,73080000.0,1.394941,101942261.33,5624985.6,4624988.16,1442448.0,6569316.91,NET_REVENUE_SHARE,row_net_revenue / month_channel_net_revenue,COMMERCIAL_COSTS,DERIVED,false,false
VN000001282,ORD00001282,2024-10-01,2024-10-01,SKU010,CUS02,CH02,VN,South,5000,24000,120000000.0,4800000.0,720000.0,0,0,114480000.0,60000000.0,1.394941,83696437.87,5357129.14,4404750.63,1373760.0,19647922.36,NET_REVENUE_SHARE,row_net_revenue / month_channel_net_revenue,COMMERCIAL_COSTS,DERIVED,false,false
VN000001283,ORD00001283,2024-10-01,2024-10-01,SKU011,CUS03,CH02,VN,Central,3000,35000,105000000.0,4200000.0,630000.0,0,0,100170000.0,31500000.0,1.394941,43940629.88,4687488.0,3854156.8,1202040.0,46485685.32,NET_REVENUE_SHARE,row_net_revenue / month_channel_net_revenue,COMMERCIAL_COSTS,DERIVED,false,false
VN000001284,ORD00001284,2024-10-01,2024-10-01,SKU012,CUS04,CH02,VN,North,4000,29000,116000000.0,4640000.0,696000.0,0,0,110664000.0,45240000.0,1.394941,63107114.14,5178558.17,4257925.61,1327968.0,36792434.08,NET_REVENUE_SHARE,row_net_revenue / month_channel_net_revenue,COMMERCIAL_COSTS,DERIVED,false,false
VN000001285,ORD00001285,2024-10-01,2024-10-01,SKU001,CUS04,CH03,VN,North,5000,31000,155000000.0,10075000.0,930000.0,0,0,143995000.0,62000000.0,1.523585,94462266.35,18734839.83,3903091.63,1727940.0,25166862.19,NET_REVENUE_SHARE,row_net_revenue / month_channel_net_revenue,COMMERCIAL_COSTS,DERIVED,false,false
VN000001286,ORD00001286,2024-10-01,2024-10-01,SKU002,CUS05,CH03,VN,South,4000,36000,144000000.0,9360000.0,864000.0,0,0,133776000.0,51840000.0,1.523585,78982643.35,17405270.56,3626098.03,1605312.0,32156676.06,NET_REVENUE_SHARE,row_net_revenue / month_channel_net_revenue,COMMERCIAL_COSTS,DERIVED,false,false
VN000001287,ORD00001287,2024-10-01,2024-10-01,SKU003,CUS06,CH03,VN,Central,3000,32000,96000000.0,6240000.0,576000.0,0,0,89184000.0,36480000.0,1.523585,55580378.65,11603513.7,2417398.69,1070208.0,18512500.96,NET_REVENUE_SHARE,row_net_revenue / month_channel_net_revenue,COMMERCIAL_COSTS,DERIVED,false,false
VN000001288,ORD00001288,2024-10-01,2024-10-01,SKU004,CUS07,CH03,VN,North,5000,28000,140000000.0,9100000.0,840000.0,0,0,130060000.0,61600000.0,1.523585,93852832.38,16921790.82,3525373.09,1560720.0,14199283.71,NET_REVENUE_SHARE,row_net_revenue / month_channel_net_revenue,COMMERCIAL_COSTS,DERIVED,false,false
VN000001289,ORD00001289,2024-10-01,2024-10-01,SKU005,CUS08,CH03,VN,South,4000,27000,108000000.0,7020000.0,648000.0,0,0,100332000.0,49680000.0,1.523585,75691699.88,13053952.92,2719573.52,1203984.0,7662789.68,NET_REVENUE_SHARE,row_net_revenue / month_channel_net_revenue,COMMERCIAL_COSTS,DERIVED,false,false
VN000001290,ORD00001290,2024-10-01,2024-10-01,SKU006,CUS09,CH03,VN,Central,3000,30000,90000000.0,5850000.0,540000.0,0,0,83610000.0,37800000.0,1.523585,57591510.78,10878294.1,2266311.27,1003320.0,11870563.85,NET_REVENUE_SHARE,row_net_revenue / month_channel_net_revenue,COMMERCIAL_COSTS,DERIVED,false,false
VN000001291,ORD00001291,2024-10-01,2024-10-01,SKU007,CUS10,CH03,VN,North,5000,23000,115000000.0,7475000.0,690000.0,0,0,106835000.0,63250000.0,1.523585,96366747.53,13900042.46,2895842.18,1282020.0,-7609652.17,NET_REVENUE_SHARE,row_net_revenue / month_channel_net_revenue,COMMERCIAL_COSTS,DERIVED,false,false
VN000001292,ORD00001292,2024-10-01,2024-10-01,SKU008,CUS01,CH03,VN,North,4000,25000,100000000.0,6500000.0,600000.0,0,0,92900000.0,52000000.0,1.523585,79226416.94,12086993.44,2518123.63,1114800.0,-2046334.01,NET_REVENUE_SHARE,row_net_revenue / month_channel_net_revenue,COMMERCIAL_COSTS,DERIVED,false,false
VN000001293,ORD00001293,2024-10-01,2024-10-01,SKU009,CUS02,CH03,VN,South,5000,21000,105000000.0,6825000.0,630000.0,0,0,97545000.0,60900000.0,1.523585,92786322.92,12691343.11,2644029.82,1170540.0,-11747235.85,NET_REVENUE_SHARE,row_net_revenue / month_channel_net_revenue,COMMERCIAL_COSTS,DERIVED,false,false
VN000001294,ORD00001294,2024-10-01,2024-10-01,SKU010,CUS03,CH03,VN,Central,4000,24000,96000000.0,6240000.0,576000.0,0,0,89184000.0,48000000.0,1.523585,73132077.18,11603513.7,2417398.69,1070208.0,960802.43,NET_REVENUE_SHARE,row_net_revenue / month_channel_net_revenue,COMMERCIAL_COSTS,DERIVED,false,false
VN000001295,ORD00001295,2024-10-01,2024-10-01,SKU011,CUS04,CH03,VN,North,2000,35000,70000000.0,4550000.0,420000.0,0,0,65030000.0,21000000.0,1.523585,31995283.77,8460895.41,1762686.54,780360.0,22030774.28,NET_REVENUE_SHARE,row_net_revenue / month_channel_net_revenue,COMMERCIAL_COSTS,DERIVED,false,false
VN000001296,ORD00001296,2024-10-01,2024-10-01,SKU012,CUS05,CH03,VN,South,3000,29000,87000000.0,5655000.0,522000.0,0,0,80823000.0,33930000.0,1.523585,51695237.05,10515684.29,2190767.56,969876.0,15451435.1,NET_REVENUE_SHARE,row_net_revenue / month_channel_net_revenue,COMMERCIAL_COSTS,DERIVED,false,false
VN000001297,ORD00001297,2024-10-01,2024-10-01,SKU001,CUS05,CH04,VN,South,3000,31000,93000000.0,3720000.0,1674000.0,0,0,87606000.0,37200000.0,1.308414,48673011.72,6888493.28,2152654.15,1051272.0,28840568.85,NET_REVENUE_SHARE,row_net_revenue / month_channel_net_revenue,COMMERCIAL_COSTS,DERIVED,false,false
VN000001298,ORD00001298,2024-10-01,2024-10-01,SKU002,CUS06,CH04,VN,Central,2000,36000,72000000.0,2880000.0,1296000.0,0,0,67824000.0,25920000.0,1.308414,33914098.49,5333027.06,1666570.96,813888.0,26096415.49,NET_REVENUE_SHARE,row_net_revenue / month_channel_net_revenue,COMMERCIAL_COSTS,DERIVED,false,false
VN000001299,ORD00001299,2024-10-01,2024-10-01,SKU003,CUS07,CH04,VN,North,2000,32000,64000000.0,2560000.0,1152000.0,0,0,60288000.0,24320000.0,1.308414,31820635.62,4740468.5,1481396.41,723456.0,21522043.47,NET_REVENUE_SHARE,row_net_revenue / month_channel_net_revenue,COMMERCIAL_COSTS,DERIVED,false,false
VN000001300,ORD00001300,2024-10-01,2024-10-01,SKU004,CUS08,CH04,VN,South,2000,28000,56000000.0,2240000.0,1008000.0,0,0,52752000.0,24640000.0,1.308414,32239328.19,4147909.93,1296221.85,633024.0,14435516.03,NET_REVENUE_SHARE,row_net_revenue / month_channel_net_revenue,COMMERCIAL_COSTS,DERIVED,false,false
VN000001301,ORD00001301,2024-10-01,2024-10-01,SKU005,CUS09,CH04,VN,Central,2000,27000,54000000.0,2160000.0,972000.0,0,0,50868000.0,24840000.0,1.308414,32501011.05,3999770.29,1249928.22,610416.0,12506874.44,NET_REVENUE_SHARE,row_net_revenue / month_channel_net_revenue,COMMERCIAL_COSTS,DERIVED,false,false
VN000001302,ORD00001302,2024-10-01,2024-10-01,SKU006,CUS10,CH04,VN,North,2000,30000,60000000.0,2400000.0,1080000.0,0,0,56520000.0,25200000.0,1.308414,32972040.2,4444189.22,1388809.13,678240.0,17036721.45,NET_REVENUE_SHARE,row_net_revenue / month_channel_net_revenue,COMMERCIAL_COSTS,DERIVED,false,false
VN000001303,ORD00001303,2024-10-01,2024-10-01,SKU007,CUS01,CH04,VN,North,3000,23000,69000000.0,2760000.0,1242000.0,0,0,64998000.0,37950000.0,1.308414,49654322.44,5110817.6,1597130.5,779976.0,7855753.46,NET_REVENUE_SHARE,row_net_revenue / month_channel_net_revenue,COMMERCIAL_COSTS,DERIVED,false,false
VN000001304,ORD00001304,2024-10-01,2024-10-01,SKU008,CUS02,CH04,VN,South,2000,25000,50000000.0,2000000.0,900000.0,0,0,47100000.0,26000000.0,1.308414,34018771.63,3703491.01,1157340.94,565200.0,7655196.42,NET_REVENUE_SHARE,row_net_revenue / month_channel_net_revenue,COMMERCIAL_COSTS,DERIVED,false,false
VN000001305,ORD00001305,2024-10-01,2024-10-01,SKU009,CUS03,CH04,VN,Central,2000,21000,42000000.0,1680000.0,756000.0,0,0,39564000.0,24360000.0,1.308414,31872972.19,3110932.45,972166.39,474768.0,3133160.97,NET_REVENUE_SHARE,row_net_revenue / month_channel_net_revenue,COMMERCIAL_COSTS,DERIVED,false,false
VN000001306,ORD00001306,2024-10-01,2024-10-01,SKU010,CUS04,CH04,VN,North,2000,24000,48000000.0,1920000.0,864000.0,0,0,45216000.0,24000000.0,1.308414,31401943.05,3555351.37,1111047.3,542592.0,8605066.28,NET_REVENUE_SHARE,row_net_revenue / month_channel_net_revenue,COMMERCIAL_COSTS,DERIVED,false,false
VN000001307,ORD00001307,2024-10-01,2024-10-01,SKU011,CUS05,CH04,VN,South,1000,35000,35000000.0,1400000.0,630000.0,0,0,32970000.0,10500000.0,1.308414,13738350.08,2592443.71,810138.66,395640.0,15433427.55,NET_REVENUE_SHARE,row_net_revenue / month_channel_net_revenue,COMMERCIAL_COSTS,DERIVED,false,false
VN000001308,ORD00001308,2024-10-01,2024-10-01,SKU012,CUS06,CH04,VN,Central,2000,29000,58000000.0,2320000.0,1044000.0,0,0,54636000.0,22620000.0,1.308414,29596331.34,4296049.57,1342515.49,655632.0,18745471.6,NET_REVENUE_SHARE,row_net_revenue / month_channel_net_revenue,COMMERCIAL_COSTS,DERIVED,false,false
VN000001309,ORD00001309,2024-10-01,2024-10-01,SKU001,CUS06,CH05,VN,Central,3000,31000,93000000.0,3720000.0,558000.0,0,0,88722000.0,37200000.0,1.454249,54098062.66,1931533.52,2414416.9,1064664.0,29213322.92,NET_REVENUE_SHARE,row_net_revenue / month_channel_net_revenue,COMMERCIAL_COSTS,DERIVED,false,false
VN000001310,ORD00001310,2024-10-01,2024-10-01,SKU002,CUS07,CH05,VN,North,2000,36000,72000000.0,2880000.0,432000.0,0,0,68688000.0,25920000.0,1.454249,37694133.98,1495380.79,1869225.98,824256.0,26805003.25,NET_REVENUE_SHARE,row_net_revenue / month_channel_net_revenue,COMMERCIAL_COSTS,DERIVED,false,false
VN000001311,ORD00001311,2024-10-01,2024-10-01,SKU003,CUS08,CH05,VN,South,2000,32000,64000000.0,2560000.0,384000.0,0,0,61056000.0,24320000.0,1.454249,35367335.59,1329227.37,1661534.21,732672.0,21965230.83,NET_REVENUE_SHARE,row_net_revenue / month_channel_net_revenue,COMMERCIAL_COSTS,DERIVED,false,false
VN000001312,ORD00001312,2024-10-01,2024-10-01,SKU004,CUS09,CH05,VN,Central,3000,28000,84000000.0,3360000.0,504000.0,0,0,80136000.0,36960000.0,1.454249,53749042.9,1744610.92,2180763.65,961632.0,21499950.53,NET_REVENUE_SHARE,row_net_revenue / month_channel_net_revenue,COMMERCIAL_COSTS,DERIVED,false,false
VN000001313,ORD00001313,2024-10-01,2024-10-01,SKU005,CUS10,CH05,VN,North,2000,27000,54000000.0,2160000.0,324000.0,0,0,51516000.0,24840000.0,1.454249,36123545.07,1121535.59,1401919.49,618192.0,12250807.85,NET_REVENUE_SHARE,row_net_revenue / month_channel_net_revenue,COMMERCIAL_COSTS,DERIVED,false,false
VN000001314,ORD00001314,2024-10-01,2024-10-01,SKU006,CUS01,CH05,VN,North,2000,30000,60000000.0,2400000.0,360000.0,0,0,57240000.0,25200000.0,1.454249,36647074.71,1246150.66,1557688.32,686880.0,17102206.31,NET_REVENUE_SHARE,row_net_revenue / month_channel_net_revenue,COMMERCIAL_COSTS,DERIVED,false,false
VN000001315,ORD00001315,2024-10-01,2024-10-01,SKU007,CUS02,CH05,VN,South,3000,23000,69000000.0,2760000.0,414000.0,0,0,65826000.0,37950000.0,1.454249,55188749.41,1433073.25,1791341.57,789912.0,6622923.77,NET_REVENUE_SHARE,row_net_revenue / month_channel_net_revenue,COMMERCIAL_COSTS,DERIVED,false,false
VN000001316,ORD00001316,2024-10-01,2024-10-01,SKU008,CUS03,CH05,VN,Central,2000,25000,50000000.0,2000000.0,300000.0,0,0,47700000.0,26000000.0,1.454249,37810473.9,1038458.88,1298073.6,572400.0,6980593.62,NET_REVENUE_SHARE,row_net_revenue / month_channel_net_revenue,COMMERCIAL_COSTS,DERIVED,false,false
VN000001317,ORD00001317,2024-10-01,2024-10-01,SKU009,CUS04,CH05,VN,North,3000,21000,63000000.0,2520000.0,378000.0,0,0,60102000.0,36540000.0,1.454249,53138258.32,1308458.19,1635572.74,721224.0,3298486.75,NET_REVENUE_SHARE,row_net_revenue / month_channel_net_revenue,COMMERCIAL_COSTS,DERIVED,false,false
VN000001318,ORD00001318,2024-10-01,2024-10-01,SKU010,CUS05,CH05,VN,South,2000,24000,48000000.0,1920000.0,288000.0,0,0,45792000.0,24000000.0,1.454249,34901975.91,996920.52,1246150.66,549504.0,8097448.91,NET_REVENUE_SHARE,row_net_revenue / month_channel_net_revenue,COMMERCIAL_COSTS,DERIVED,false,false
VN000001319,ORD00001319,2024-10-01,2024-10-01,SKU011,CUS06,CH05,VN,Central,1000,35000,35000000.0,1400000.0,210000.0,0,0,33390000.0,10500000.0,1.454249,15269614.46,726921.22,908651.52,400680.0,16084132.8,NET_REVENUE_SHARE,row_net_revenue / month_channel_net_revenue,COMMERCIAL_COSTS,DERIVED,false,false
VN000001320,ORD00001320,2024-10-01,2024-10-01,SKU012,CUS07,CH05,VN,North,2000,29000,58000000.0,2320000.0,348000.0,0,0,55332000.0,22620000.0,1.454249,32895112.29,1204612.3,1505765.38,663984.0,19062526.03,NET_REVENUE_SHARE,row_net_revenue / month_channel_net_revenue,COMMERCIAL_COSTS,DERIVED,false,false
VN000001321,ORD00001321,2024-11-01,2024-11-01,SKU001,CUS03,CH01,VN,Central,9000,31000,279000000.0,19530000.0,1674000.0,0,0,257796000.0,111600000.0,1.39393,155562532.79,9721709.06,18054602.54,3093552.0,71363603.61,NET_REVENUE_SHARE,row_net_revenue / month_channel_net_revenue,COMMERCIAL_COSTS,DERIVED,false,false
VN000001322,ORD00001322,2024-11-01,2024-11-01,SKU002,CUS04,CH01,VN,North,7000,36000,252000000.0,17640000.0,1512000.0,0,0,232848000.0,90720000.0,1.39393,126457284.72,8780898.51,16307382.94,2794176.0,78508257.83,NET_REVENUE_SHARE,row_net_revenue / month_channel_net_revenue,COMMERCIAL_COSTS,DERIVED,false,false
VN000001323,ORD00001323,2024-11-01,2024-11-01,SKU003,CUS05,CH01,VN,South,6000,32000,192000000.0,13440000.0,1152000.0,0,0,177408000.0,72960000.0,1.39393,101701096.71,6690208.38,12424672.71,2128896.0,54463126.2,NET_REVENUE_SHARE,row_net_revenue / month_channel_net_revenue,COMMERCIAL_COSTS,DERIVED,false,false
VN000001324,ORD00001324,2024-11-01,2024-11-01,SKU004,CUS06,CH01,VN,Central,9000,28000,252000000.0,17640000.0,1512000.0,0,0,232848000.0,110880000.0,1.39393,154558903.55,8780898.51,16307382.94,2794176.0,50406639.0,NET_REVENUE_SHARE,row_net_revenue / month_channel_net_revenue,COMMERCIAL_COSTS,DERIVED,false,false
VN000001325,ORD00001325,2024-11-01,2024-11-01,SKU005,CUS07,CH01,VN,North,7000,27000,189000000.0,13230000.0,1134000.0,0,0,174636000.0,86940000.0,1.39393,121188231.19,6585673.88,12230537.2,2095632.0,32535925.73,NET_REVENUE_SHARE,row_net_revenue / month_channel_net_revenue,COMMERCIAL_COSTS,DERIVED,false,false
VN000001326,ORD00001326,2024-11-01,2024-11-01,SKU006,CUS08,CH01,VN,South,6000,30000,180000000.0,12600000.0,1080000.0,0,0,166320000.0,75600000.0,1.39393,105381070.6,6272070.36,11648130.67,1995840.0,41022888.37,NET_REVENUE_SHARE,row_net_revenue / month_channel_net_revenue,COMMERCIAL_COSTS,DERIVED,false,false
VN000001327,ORD00001327,2024-11-01,2024-11-01,SKU007,CUS09,CH01,VN,Central,10000,23000,230000000.0,16100000.0,1380000.0,0,0,212520000.0,126500000.0,1.39393,176332082.42,8014312.13,14883722.52,2550240.0,10739642.93,NET_REVENUE_SHARE,row_net_revenue / month_channel_net_revenue,COMMERCIAL_COSTS,DERIVED,false,false
VN000001328,ORD00001328,2024-11-01,2024-11-01,SKU008,CUS10,CH01,VN,North,8000,25000,200000000.0,14000000.0,1200000.0,0,0,184800000.0,104000000.0,1.39393,144968668.55,6968967.07,12942367.41,2217600.0,17702396.97,NET_REVENUE_SHARE,row_net_revenue / month_channel_net_revenue,COMMERCIAL_COSTS,DERIVED,false,false
VN000001329,ORD00001329,2024-11-01,2024-11-01,SKU009,CUS01,CH01,VN,North,9000,21000,189000000.0,13230000.0,1134000.0,0,0,174636000.0,109620000.0,1.39393,152802552.37,6585673.88,12230537.2,2095632.0,921604.55,NET_REVENUE_SHARE,row_net_revenue / month_channel_net_revenue,COMMERCIAL_COSTS,DERIVED,false,false
VN000001330,ORD00001330,2024-11-01,2024-11-01,SKU010,CUS02,CH01,VN,South,7000,24000,168000000.0,11760000.0,1008000.0,0,0,155232000.0,84000000.0,1.39393,117090078.45,5853932.34,10871588.63,1862784.0,19553616.58,NET_REVENUE_SHARE,row_net_revenue / month_channel_net_revenue,COMMERCIAL_COSTS,DERIVED,false,false
VN000001331,ORD00001331,2024-11-01,2024-11-01,SKU011,CUS03,CH01,VN,Central,4000,35000,140000000.0,9800000.0,840000.0,0,0,129360000.0,42000000.0,1.39393,58545039.22,4878276.95,9059657.19,1552320.0,55324706.64,NET_REVENUE_SHARE,row_net_revenue / month_channel_net_revenue,COMMERCIAL_COSTS,DERIVED,false,false
VN000001332,ORD00001332,2024-11-01,2024-11-01,SKU012,CUS04,CH01,VN,North,6000,29000,174000000.0,12180000.0,1044000.0,0,0,160776000.0,67860000.0,1.39393,94592056.23,6063001.35,11259859.65,1929312.0,46931770.77,NET_REVENUE_SHARE,row_net_revenue / month_channel_net_revenue,COMMERCIAL_COSTS,DERIVED,false,false
VN000001333,ORD00001333,2024-11-01,2024-11-01,SKU001,CUS04,CH02,VN,North,7000,31000,217000000.0,15190000.0,1302000.0,0,0,200508000.0,86800000.0,1.421086,123350303.68,9910979.62,16958787.34,2406096.0,47881833.36,NET_REVENUE_SHARE,row_net_revenue / month_channel_net_revenue,COMMERCIAL_COSTS,DERIVED,false,false
VN000001334,ORD00001334,2024-11-01,2024-11-01,SKU002,CUS05,CH02,VN,South,5000,36000,180000000.0,12600000.0,1080000.0,0,0,166320000.0,64800000.0,1.421086,92086401.82,8221089.08,14067196.87,1995840.0,49949472.23,NET_REVENUE_SHARE,row_net_revenue / month_channel_net_revenue,COMMERCIAL_COSTS,DERIVED,false,false
VN000001335,ORD00001335,2024-11-01,2024-11-01,SKU003,CUS06,CH02,VN,Central,5000,32000,160000000.0,11200000.0,960000.0,0,0,147840000.0,60800000.0,1.421086,86402056.03,7307634.74,12504175.0,1774080.0,39852054.23,NET_REVENUE_SHARE,row_net_revenue / month_channel_net_revenue,COMMERCIAL_COSTS,DERIVED,false,false
VN000001336,ORD00001336,2024-11-01,2024-11-01,SKU004,CUS07,CH02,VN,North,7000,28000,196000000.0,13720000.0,1176000.0,0,0,181104000.0,86240000.0,1.421086,122554495.27,8951852.56,15317614.37,2173248.0,32106789.8,NET_REVENUE_SHARE,row_net_revenue / month_channel_net_revenue,COMMERCIAL_COSTS,DERIVED,false,false
VN000001337,ORD00001337,2024-11-01,2024-11-01,SKU005,CUS08,CH02,VN,South,6000,27000,162000000.0,11340000.0,972000.0,0,0,149688000.0,74520000.0,1.421086,105899362.1,7398980.17,12660477.19,1796256.0,21932924.54,NET_REVENUE_SHARE,row_net_revenue / month_channel_net_revenue,COMMERCIAL_COSTS,DERIVED,false,false
VN000001338,ORD00001338,2024-11-01,2024-11-01,SKU006,CUS09,CH02,VN,Central,4000,30000,120000000.0,8400000.0,720000.0,0,0,110880000.0,50400000.0,1.421086,71622756.97,5480726.05,9378131.25,1330560.0,23067825.73,NET_REVENUE_SHARE,row_net_revenue / month_channel_net_revenue,COMMERCIAL_COSTS,DERIVED,false,false
VN000001339,ORD00001339,2024-11-01,2024-11-01,SKU007,CUS10,CH02,VN,North,7000,23000,161000000.0,11270000.0,966000.0,0,0,148764000.0,88550000.0,1.421086,125837204.96,7353307.46,12582326.09,1785168.0,1205993.49,NET_REVENUE_SHARE,row_net_revenue / month_channel_net_revenue,COMMERCIAL_COSTS,DERIVED,false,false
VN000001340,ORD00001340,2024-11-01,2024-11-01,SKU008,CUS01,CH02,VN,North,6000,25000,150000000.0,10500000.0,900000.0,0,0,138600000.0,78000000.0,1.421086,110844742.94,6850907.57,11722664.06,1663200.0,7518485.43,NET_REVENUE_SHARE,row_net_revenue / month_channel_net_revenue,COMMERCIAL_COSTS,DERIVED,false,false
VN000001341,ORD00001341,2024-11-01,2024-11-01,SKU009,CUS02,CH02,VN,South,7000,21000,147000000.0,10290000.0,882000.0,0,0,135828000.0,85260000.0,1.421086,121161830.55,6713889.42,11488210.78,1629936.0,-5165866.75,NET_REVENUE_SHARE,row_net_revenue / month_channel_net_revenue,COMMERCIAL_COSTS,DERIVED,false,false
VN000001342,ORD00001342,2024-11-01,2024-11-01,SKU010,CUS03,CH02,VN,Central,5000,24000,120000000.0,8400000.0,720000.0,0,0,110880000.0,60000000.0,1.421086,85265186.87,5480726.05,9378131.25,1330560.0,9425395.83,NET_REVENUE_SHARE,row_net_revenue / month_channel_net_revenue,COMMERCIAL_COSTS,DERIVED,false,false
VN000001343,ORD00001343,2024-11-01,2024-11-01,SKU011,CUS04,CH02,VN,North,3000,35000,105000000.0,7350000.0,630000.0,0,0,97020000.0,31500000.0,1.421086,44764223.11,4795635.3,8205864.84,1164240.0,38090036.75,NET_REVENUE_SHARE,row_net_revenue / month_channel_net_revenue,COMMERCIAL_COSTS,DERIVED,false,false
VN000001344,ORD00001344,2024-11-01,2024-11-01,SKU012,CUS05,CH02,VN,South,4000,29000,116000000.0,8120000.0,696000.0,0,0,107184000.0,45240000.0,1.421086,64289950.9,5298035.19,9065526.87,1286208.0,27244279.04,NET_REVENUE_SHARE,row_net_revenue / month_channel_net_revenue,COMMERCIAL_COSTS,DERIVED,false,false
VN000001345,ORD00001345,2024-11-01,2024-11-01,SKU001,CUS05,CH03,VN,South,6000,31000,186000000.0,17670000.0,1116000.0,0,0,167214000.0,74400000.0,1.474892,109731957.16,21677715.3,11742095.79,2006568.0,22055663.75,NET_REVENUE_SHARE,row_net_revenue / month_channel_net_revenue,COMMERCIAL_COSTS,DERIVED,false,false
VN000001346,ORD00001346,2024-11-01,2024-11-01,SKU002,CUS06,CH03,VN,Central,4000,36000,144000000.0,13680000.0,864000.0,0,0,129456000.0,51840000.0,1.474892,76458395.95,16782747.33,9090654.8,1553472.0,25570729.92,NET_REVENUE_SHARE,row_net_revenue / month_channel_net_revenue,COMMERCIAL_COSTS,DERIVED,false,false
VN000001347,ORD00001347,2024-11-01,2024-11-01,SKU003,CUS07,CH03,VN,North,4000,32000,128000000.0,12160000.0,768000.0,0,0,115072000.0,48640000.0,1.474892,71738741.88,14917997.62,8080582.05,1380864.0,18953814.45,NET_REVENUE_SHARE,row_net_revenue / month_channel_net_revenue,COMMERCIAL_COSTS,DERIVED,false,false
VN000001348,ORD00001348,2024-11-01,2024-11-01,SKU004,CUS08,CH03,VN,South,5000,28000,140000000.0,13300000.0,840000.0,0,0,125860000.0,61600000.0,1.474892,90853340.87,16316559.9,8838136.61,1510320.0,8341642.62,NET_REVENUE_SHARE,row_net_revenue / month_channel_net_revenue,COMMERCIAL_COSTS,DERIVED,false,false
VN000001349,ORD00001349,2024-11-01,2024-11-01,SKU005,CUS09,CH03,VN,Central,4000,27000,108000000.0,10260000.0,648000.0,0,0,97092000.0,49680000.0,1.474892,73272629.46,12587060.49,6817991.1,1165104.0,3249214.95,NET_REVENUE_SHARE,row_net_revenue / month_channel_net_revenue,COMMERCIAL_COSTS,DERIVED,false,false
VN000001350,ORD00001350,2024-11-01,2024-11-01,SKU006,CUS10,CH03,VN,North,3000,30000,90000000.0,8550000.0,540000.0,0,0,80910000.0,37800000.0,1.474892,55750913.72,10489217.08,5681659.25,970920.0,8017289.95,NET_REVENUE_SHARE,row_net_revenue / month_channel_net_revenue,COMMERCIAL_COSTS,DERIVED,false,false
VN000001351,ORD00001351,2024-11-01,2024-11-01,SKU007,CUS01,CH03,VN,North,6000,23000,138000000.0,13110000.0,828000.0,0,0,124062000.0,75900000.0,1.474892,111944295.0,16083466.19,8711877.52,1488744.0,-14166382.71,NET_REVENUE_SHARE,row_net_revenue / month_channel_net_revenue,COMMERCIAL_COSTS,DERIVED,false,false
VN000001352,ORD00001352,2024-11-01,2024-11-01,SKU008,CUS02,CH03,VN,South,5000,25000,125000000.0,11875000.0,750000.0,0,0,112375000.0,65000000.0,1.474892,95867973.32,14568357.05,7891193.4,1348500.0,-7301023.77,NET_REVENUE_SHARE,row_net_revenue / month_channel_net_revenue,COMMERCIAL_COSTS,DERIVED,false,false
VN000001353,ORD00001353,2024-11-01,2024-11-01,SKU009,CUS03,CH03,VN,Central,6000,21000,126000000.0,11970000.0,756000.0,0,0,113274000.0,73080000.0,1.474892,107785099.85,14684903.91,7954322.95,1359288.0,-18509614.71,NET_REVENUE_SHARE,row_net_revenue / month_channel_net_revenue,COMMERCIAL_COSTS,DERIVED,false,false
VN000001354,ORD00001354,2024-11-01,2024-11-01,SKU010,CUS04,CH03,VN,North,4000,24000,96000000.0,9120000.0,576000.0,0,0,86304000.0,48000000.0,1.474892,70794811.07,11188498.22,6060436.53,1035648.0,-2775393.82,NET_REVENUE_SHARE,row_net_revenue / month_channel_net_revenue,COMMERCIAL_COSTS,DERIVED,false,false
VN000001355,ORD00001355,2024-11-01,2024-11-01,SKU011,CUS05,CH03,VN,South,3000,35000,105000000.0,9975000.0,630000.0,0,0,94395000.0,31500000.0,1.474892,46459094.76,12237419.92,6628602.46,1132740.0,27937142.86,NET_REVENUE_SHARE,row_net_revenue / month_channel_net_revenue,COMMERCIAL_COSTS,DERIVED,false,false
VN000001356,ORD00001356,2024-11-01,2024-11-01,SKU012,CUS06,CH03,VN,Central,4000,29000,116000000.0,11020000.0,696000.0,0,0,104284000.0,45240000.0,1.474892,66724109.44,13519435.35,7323027.48,1251408.0,15466019.73,NET_REVENUE_SHARE,row_net_revenue / month_channel_net_revenue,COMMERCIAL_COSTS,DERIVED,false,false
VN000001357,ORD00001357,2024-11-01,2024-11-01,SKU001,CUS06,CH04,VN,Central,3000,31000,93000000.0,6510000.0,1674000.0,0,0,84816000.0,37200000.0,1.336776,49728053.89,7102021.63,5770392.58,1017792.0,21197739.9,NET_REVENUE_SHARE,row_net_revenue / month_channel_net_revenue,COMMERCIAL_COSTS,DERIVED,false,false
VN000001358,ORD00001358,2024-11-01,2024-11-01,SKU002,CUS07,CH04,VN,North,2000,36000,72000000.0,5040000.0,1296000.0,0,0,65664000.0,25920000.0,1.336776,34649224.65,5498339.33,4467400.7,787968.0,20261067.32,NET_REVENUE_SHARE,row_net_revenue / month_channel_net_revenue,COMMERCIAL_COSTS,DERIVED,false,false
VN000001359,ORD00001359,2024-11-01,2024-11-01,SKU003,CUS08,CH04,VN,South,2000,32000,64000000.0,4480000.0,1152000.0,0,0,58368000.0,24320000.0,1.336776,32510383.62,4887412.74,3971022.85,700416.0,16298764.79,NET_REVENUE_SHARE,row_net_revenue / month_channel_net_revenue,COMMERCIAL_COSTS,DERIVED,false,false
VN000001360,ORD00001360,2024-11-01,2024-11-01,SKU004,CUS09,CH04,VN,Central,3000,28000,84000000.0,5880000.0,1512000.0,0,0,76608000.0,36960000.0,1.336776,49407227.74,6414729.22,5211967.49,919296.0,14654779.55,NET_REVENUE_SHARE,row_net_revenue / month_channel_net_revenue,COMMERCIAL_COSTS,DERIVED,false,false
VN000001361,ORD00001361,2024-11-01,2024-11-01,SKU005,CUS10,CH04,VN,North,2000,27000,54000000.0,3780000.0,972000.0,0,0,49248000.0,24840000.0,1.336776,33205506.95,4123754.5,3350550.53,590976.0,7977212.02,NET_REVENUE_SHARE,row_net_revenue / month_channel_net_revenue,COMMERCIAL_COSTS,DERIVED,false,false
VN000001362,ORD00001362,2024-11-01,2024-11-01,SKU006,CUS01,CH04,VN,North,2000,30000,60000000.0,4200000.0,1080000.0,0,0,54720000.0,25200000.0,1.336776,33686746.18,4581949.44,3722833.92,656640.0,12071830.46,NET_REVENUE_SHARE,row_net_revenue / month_channel_net_revenue,COMMERCIAL_COSTS,DERIVED,false,false
VN000001363,ORD00001363,2024-11-01,2024-11-01,SKU007,CUS02,CH04,VN,South,3000,23000,69000000.0,4830000.0,1242000.0,0,0,62928000.0,37950000.0,1.336776,50730635.62,5269241.86,4281259.01,755136.0,1891727.51,NET_REVENUE_SHARE,row_net_revenue / month_channel_net_revenue,COMMERCIAL_COSTS,DERIVED,false,false
VN000001364,ORD00001364,2024-11-01,2024-11-01,SKU008,CUS03,CH04,VN,Central,2000,25000,50000000.0,3500000.0,900000.0,0,0,45600000.0,26000000.0,1.336776,34756166.7,3818291.2,3102361.6,547200.0,3375980.5,NET_REVENUE_SHARE,row_net_revenue / month_channel_net_revenue,COMMERCIAL_COSTS,DERIVED,false,false
VN000001365,ORD00001365,2024-11-01,2024-11-01,SKU009,CUS04,CH04,VN,North,3000,21000,63000000.0,4410000.0,1134000.0,0,0,57456000.0,36540000.0,1.336776,48845781.97,4811046.91,3908975.62,689472.0,-799276.5,NET_REVENUE_SHARE,row_net_revenue / month_channel_net_revenue,COMMERCIAL_COSTS,DERIVED,false,false
VN000001366,ORD00001366,2024-11-01,2024-11-01,SKU010,CUS05,CH04,VN,South,2000,24000,48000000.0,3360000.0,864000.0,0,0,43776000.0,24000000.0,1.336776,32082615.41,3665559.55,2978267.14,525312.0,4524245.9,NET_REVENUE_SHARE,row_net_revenue / month_channel_net_revenue,COMMERCIAL_COSTS,DERIVED,false,false
VN000001367,ORD00001367,2024-11-01,2024-11-01,SKU011,CUS06,CH04,VN,Central,1000,35000,35000000.0,2450000.0,630000.0,0,0,31920000.0,10500000.0,1.336776,14036144.24,2672803.84,2171653.12,383040.0,12656358.8,NET_REVENUE_SHARE,row_net_revenue / month_channel_net_revenue,COMMERCIAL_COSTS,DERIVED,false,false
VN000001368,ORD00001368,2024-11-01,2024-11-01,SKU012,CUS07,CH04,VN,North,2000,29000,58000000.0,4060000.0,1044000.0,0,0,52896000.0,22620000.0,1.336776,30237865.03,4429217.79,3598739.46,634752.0,13995425.72,NET_REVENUE_SHARE,row_net_revenue / month_channel_net_revenue,COMMERCIAL_COSTS,DERIVED,false,false
VN000001369,ORD00001369,2024-11-01,2024-11-01,SKU001,CUS07,CH05,VN,North,3000,31000,93000000.0,6510000.0,558000.0,0,0,85932000.0,37200000.0,1.441664,53629903.25,1934570.06,6287352.69,1031184.0,23048990.0,NET_REVENUE_SHARE,row_net_revenue / month_channel_net_revenue,COMMERCIAL_COSTS,DERIVED,false,false
VN000001370,ORD00001370,2024-11-01,2024-11-01,SKU002,CUS08,CH05,VN,South,2000,36000,72000000.0,5040000.0,432000.0,0,0,66528000.0,25920000.0,1.441664,37367932.59,1497731.66,4867627.89,798336.0,21996371.86,NET_REVENUE_SHARE,row_net_revenue / month_channel_net_revenue,COMMERCIAL_COSTS,DERIVED,false,false
VN000001371,ORD00001371,2024-11-01,2024-11-01,SKU003,CUS09,CH05,VN,Central,2000,32000,64000000.0,4480000.0,384000.0,0,0,59136000.0,24320000.0,1.441664,35061270.08,1331317.03,4326780.34,709632.0,17707000.55,NET_REVENUE_SHARE,row_net_revenue / month_channel_net_revenue,COMMERCIAL_COSTS,DERIVED,false,false
VN000001372,ORD00001372,2024-11-01,2024-11-01,SKU004,CUS10,CH05,VN,North,3000,28000,84000000.0,5880000.0,504000.0,0,0,77616000.0,36960000.0,1.441664,53283903.87,1747353.6,5678899.2,931392.0,15974451.33,NET_REVENUE_SHARE,row_net_revenue / month_channel_net_revenue,COMMERCIAL_COSTS,DERIVED,false,false
VN000001373,ORD00001373,2024-11-01,2024-11-01,SKU005,CUS01,CH05,VN,North,3000,27000,81000000.0,5670000.0,486000.0,0,0,74844000.0,37260000.0,1.441664,53716403.09,1684948.11,5476081.37,898128.0,13068439.43,NET_REVENUE_SHARE,row_net_revenue / month_channel_net_revenue,COMMERCIAL_COSTS,DERIVED,false,false
VN000001374,ORD00001374,2024-11-01,2024-11-01,SKU006,CUS02,CH05,VN,South,2000,30000,60000000.0,4200000.0,360000.0,0,0,55440000.0,25200000.0,1.441664,36329934.46,1248109.71,4056356.57,665280.0,13140319.26,NET_REVENUE_SHARE,row_net_revenue / month_channel_net_revenue,COMMERCIAL_COSTS,DERIVED,false,false
VN000001375,ORD00001375,2024-11-01,2024-11-01,SKU007,CUS03,CH05,VN,Central,3000,23000,69000000.0,4830000.0,414000.0,0,0,63756000.0,37950000.0,1.441664,54711151.3,1435326.17,4664810.06,765072.0,2179640.47,NET_REVENUE_SHARE,row_net_revenue / month_channel_net_revenue,COMMERCIAL_COSTS,DERIVED,false,false
VN000001376,ORD00001376,2024-11-01,2024-11-01,SKU008,CUS04,CH05,VN,North,3000,25000,75000000.0,5250000.0,450000.0,0,0,69300000.0,39000000.0,1.441664,56224898.57,1560137.14,5070445.71,831600.0,5612918.58,NET_REVENUE_SHARE,row_net_revenue / month_channel_net_revenue,COMMERCIAL_COSTS,DERIVED,false,false
VN000001377,ORD00001377,2024-11-01,2024-11-01,SKU009,CUS05,CH05,VN,South,3000,21000,63000000.0,4410000.0,378000.0,0,0,58212000.0,36540000.0,1.441664,52678404.97,1310515.2,4259174.4,698544.0,-734638.57,NET_REVENUE_SHARE,row_net_revenue / month_channel_net_revenue,COMMERCIAL_COSTS,DERIVED,false,false
VN000001378,ORD00001378,2024-11-01,2024-11-01,SKU010,CUS06,CH05,VN,Central,3000,24000,72000000.0,5040000.0,432000.0,0,0,66528000.0,36000000.0,1.441664,51899906.37,1497731.66,4867627.89,798336.0,7464398.08,NET_REVENUE_SHARE,row_net_revenue / month_channel_net_revenue,COMMERCIAL_COSTS,DERIVED,false,false
VN000001379,ORD00001379,2024-11-01,2024-11-01,SKU011,CUS07,CH05,VN,North,1000,35000,35000000.0,2450000.0,210000.0,0,0,32340000.0,10500000.0,1.441664,15137472.69,728064.0,2366208.0,388080.0,13720175.31,NET_REVENUE_SHARE,row_net_revenue / month_channel_net_revenue,COMMERCIAL_COSTS,DERIVED,false,false
VN000001380,ORD00001380,2024-11-01,2024-11-01,SKU012,CUS08,CH05,VN,South,2000,29000,58000000.0,4060000.0,348000.0,0,0,53592000.0,22620000.0,1.441664,32610441.16,1206506.06,3921144.69,643104.0,15210804.09,NET_REVENUE_SHARE,row_net_revenue / month_channel_net_revenue,COMMERCIAL_COSTS,DERIVED,false,false
VN000001381,ORD00001381,2024-12-01,2024-12-01,SKU001,CUS04,CH01,VN,North,10000,31000,310000000.0,12400000.0,1860000.0,0,0,295740000.0,124000000.0,1.400927,173714999.55,10839885.91,7742775.65,3548880.0,99893458.89,NET_REVENUE_SHARE,row_net_revenue / month_channel_net_revenue,COMMERCIAL_COSTS,DERIVED,false,false
VN000001382,ORD00001382,2024-12-01,2024-12-01,SKU002,CUS05,CH01,VN,South,7000,36000,252000000.0,10080000.0,1512000.0,0,0,240408000.0,90720000.0,1.400927,127092135.15,8811778.23,6294127.3,2884896.0,95325063.32,NET_REVENUE_SHARE,row_net_revenue / month_channel_net_revenue,COMMERCIAL_COSTS,DERIVED,false,false
VN000001383,ORD00001383,2024-12-01,2024-12-01,SKU003,CUS06,CH01,VN,Central,7000,32000,224000000.0,8960000.0,1344000.0,0,0,213696000.0,85120000.0,1.400927,119246941.62,7832691.76,5594779.83,2564352.0,78457234.79,NET_REVENUE_SHARE,row_net_revenue / month_channel_net_revenue,COMMERCIAL_COSTS,DERIVED,false,false
VN000001384,ORD00001384,2024-12-01,2024-12-01,SKU004,CUS07,CH01,VN,North,10000,28000,280000000.0,11200000.0,1680000.0,0,0,267120000.0,123200000.0,1.400927,172594257.61,9790864.7,6993474.78,3205440.0,74535962.91,NET_REVENUE_SHARE,row_net_revenue / month_channel_net_revenue,COMMERCIAL_COSTS,DERIVED,false,false
VN000001385,ORD00001385,2024-12-01,2024-12-01,SKU005,CUS08,CH01,VN,South,8000,27000,216000000.0,8640000.0,1296000.0,0,0,206064000.0,99360000.0,1.400927,139196148.02,7552952.77,5394966.26,2472768.0,51447164.95,NET_REVENUE_SHARE,row_net_revenue / month_channel_net_revenue,COMMERCIAL_COSTS,DERIVED,false,false
VN000001386,ORD00001386,2024-12-01,2024-12-01,SKU006,CUS09,CH01,VN,Central,6000,30000,180000000.0,7200000.0,1080000.0,0,0,171720000.0,75600000.0,1.400927,105910112.63,6294127.3,4495805.22,2060640.0,52959314.85,NET_REVENUE_SHARE,row_net_revenue / month_channel_net_revenue,COMMERCIAL_COSTS,DERIVED,false,false
VN000001387,ORD00001387,2024-12-01,2024-12-01,SKU007,CUS10,CH01,VN,North,10000,23000,230000000.0,9200000.0,1380000.0,0,0,219420000.0,126500000.0,1.400927,177217318.09,8042496.0,5744640.0,2633040.0,25782505.91,NET_REVENUE_SHARE,row_net_revenue / month_channel_net_revenue,COMMERCIAL_COSTS,DERIVED,false,false
VN000001388,ORD00001388,2024-12-01,2024-12-01,SKU008,CUS01,CH01,VN,North,9000,25000,225000000.0,9000000.0,1350000.0,0,0,214650000.0,117000000.0,1.400927,163908507.64,7867659.13,5619756.52,2575800.0,34678276.71,NET_REVENUE_SHARE,row_net_revenue / month_channel_net_revenue,COMMERCIAL_COSTS,DERIVED,false,false
VN000001389,ORD00001389,2024-12-01,2024-12-01,SKU009,CUS02,CH01,VN,South,10000,21000,210000000.0,8400000.0,1260000.0,0,0,200340000.0,121800000.0,1.400927,170632959.23,7343148.52,5245106.09,2404080.0,14714706.16,NET_REVENUE_SHARE,row_net_revenue / month_channel_net_revenue,COMMERCIAL_COSTS,DERIVED,false,false
VN000001390,ORD00001390,2024-12-01,2024-12-01,SKU010,CUS03,CH01,VN,Central,8000,24000,192000000.0,7680000.0,1152000.0,0,0,183168000.0,96000000.0,1.400927,134489031.91,6713735.79,4795525.57,2198016.0,34971690.73,NET_REVENUE_SHARE,row_net_revenue / month_channel_net_revenue,COMMERCIAL_COSTS,DERIVED,false,false
VN000001391,ORD00001391,2024-12-01,2024-12-01,SKU011,CUS04,CH01,VN,North,5000,35000,175000000.0,7000000.0,1050000.0,0,0,166950000.0,52500000.0,1.400927,73548689.32,6119290.43,4370921.74,2003400.0,80907698.51,NET_REVENUE_SHARE,row_net_revenue / month_channel_net_revenue,COMMERCIAL_COSTS,DERIVED,false,false
VN000001392,ORD00001392,2024-12-01,2024-12-01,SKU012,CUS05,CH01,VN,South,6000,29000,174000000.0,6960000.0,1044000.0,0,0,165996000.0,67860000.0,1.400927,95066934.43,6084323.06,4345945.04,1991952.0,58506845.47,NET_REVENUE_SHARE,row_net_revenue / month_channel_net_revenue,COMMERCIAL_COSTS,DERIVED,false,false
VN000001393,ORD00001393,2024-12-01,2024-12-01,SKU001,CUS05,CH02,VN,South,8000,31000,248000000.0,9920000.0,1488000.0,0,0,236592000.0,99200000.0,1.386911,137581523.35,11080273.35,9110446.98,2839104.0,75980652.32,NET_REVENUE_SHARE,row_net_revenue / month_channel_net_revenue,COMMERCIAL_COSTS,DERIVED,false,false
VN000001394,ORD00001394,2024-12-01,2024-12-01,SKU002,CUS06,CH02,VN,Central,6000,36000,216000000.0,8640000.0,1296000.0,0,0,206064000.0,77760000.0,1.386911,107846161.85,9650560.66,7934905.43,2472768.0,78159604.06,NET_REVENUE_SHARE,row_net_revenue / month_channel_net_revenue,COMMERCIAL_COSTS,DERIVED,false,false
VN000001395,ORD00001395,2024-12-01,2024-12-01,SKU003,CUS07,CH02,VN,North,5000,32000,160000000.0,6400000.0,960000.0,0,0,152640000.0,60800000.0,1.386911,84324159.47,7148563.45,5877707.73,1831680.0,53457889.35,NET_REVENUE_SHARE,row_net_revenue / month_channel_net_revenue,COMMERCIAL_COSTS,DERIVED,false,false
VN000001396,ORD00001396,2024-12-01,2024-12-01,SKU004,CUS08,CH02,VN,South,7000,28000,196000000.0,7840000.0,1176000.0,0,0,186984000.0,86240000.0,1.386911,119607163.04,8756990.23,7200191.97,2243808.0,49175846.76,NET_REVENUE_SHARE,row_net_revenue / month_channel_net_revenue,COMMERCIAL_COSTS,DERIVED,false,false
VN000001397,ORD00001397,2024-12-01,2024-12-01,SKU005,CUS09,CH02,VN,Central,6000,27000,162000000.0,6480000.0,972000.0,0,0,154548000.0,74520000.0,1.386911,103352571.78,7237920.5,5951179.07,1854576.0,36151752.65,NET_REVENUE_SHARE,row_net_revenue / month_channel_net_revenue,COMMERCIAL_COSTS,DERIVED,false,false
VN000001398,ORD00001398,2024-12-01,2024-12-01,SKU006,CUS10,CH02,VN,North,5000,30000,150000000.0,6000000.0,900000.0,0,0,143100000.0,63000000.0,1.386911,87375362.61,6701778.24,5510350.99,1717200.0,41795308.16,NET_REVENUE_SHARE,row_net_revenue / month_channel_net_revenue,COMMERCIAL_COSTS,DERIVED,false,false
VN000001399,ORD00001399,2024-12-01,2024-12-01,SKU007,CUS01,CH02,VN,North,8000,23000,184000000.0,7360000.0,1104000.0,0,0,175536000.0,101200000.0,1.386911,140355344.39,8220847.97,6759363.89,2106432.0,18094011.75,NET_REVENUE_SHARE,row_net_revenue / month_channel_net_revenue,COMMERCIAL_COSTS,DERIVED,false,false
VN000001400,ORD00001400,2024-12-01,2024-12-01,SKU008,CUS02,CH02,VN,South,7000,25000,175000000.0,7000000.0,1050000.0,0,0,166950000.0,91000000.0,1.386911,126208857.11,7818741.28,6428742.83,2003400.0,24490258.78,NET_REVENUE_SHARE,row_net_revenue / month_channel_net_revenue,COMMERCIAL_COSTS,DERIVED,false,false
VN000001401,ORD00001401,2024-12-01,2024-12-01,SKU009,CUS03,CH02,VN,Central,8000,21000,168000000.0,6720000.0,1008000.0,0,0,160272000.0,97440000.0,1.386911,135140560.84,7505991.63,6171593.11,1923264.0,9530590.42,NET_REVENUE_SHARE,row_net_revenue / month_channel_net_revenue,COMMERCIAL_COSTS,DERIVED,false,false
VN000001402,ORD00001402,2024-12-01,2024-12-01,SKU010,CUS04,CH02,VN,North,6000,24000,144000000.0,5760000.0,864000.0,0,0,137376000.0,72000000.0,1.386911,99857557.27,6433707.11,5289936.95,1648512.0,24146286.67,NET_REVENUE_SHARE,row_net_revenue / month_channel_net_revenue,COMMERCIAL_COSTS,DERIVED,false,false
VN000001403,ORD00001403,2024-12-01,2024-12-01,SKU011,CUS05,CH02,VN,South,3000,35000,105000000.0,4200000.0,630000.0,0,0,100170000.0,31500000.0,1.386911,43687681.31,4691244.77,3857245.7,1202040.0,46731788.22,NET_REVENUE_SHARE,row_net_revenue / month_channel_net_revenue,COMMERCIAL_COSTS,DERIVED,false,false
VN000001404,ORD00001404,2024-12-01,2024-12-01,SKU012,CUS06,CH02,VN,Central,5000,29000,145000000.0,5800000.0,870000.0,0,0,138330000.0,56550000.0,1.386911,78429789.78,6478385.63,5326672.63,1659960.0,46435191.96,NET_REVENUE_SHARE,row_net_revenue / month_channel_net_revenue,COMMERCIAL_COSTS,DERIVED,false,false
VN000001405,ORD00001405,2024-12-01,2024-12-01,SKU001,CUS06,CH03,VN,Central,6000,31000,186000000.0,12090000.0,1116000.0,0,0,172794000.0,74400000.0,1.511121,112427406.94,22249246.03,4635259.59,2073528.0,31408559.44,NET_REVENUE_SHARE,row_net_revenue / month_channel_net_revenue,COMMERCIAL_COSTS,DERIVED,false,false
VN000001406,ORD00001406,2024-12-01,2024-12-01,SKU002,CUS07,CH03,VN,North,4000,36000,144000000.0,9360000.0,864000.0,0,0,133776000.0,51840000.0,1.511121,78336515.8,17225222.73,3588588.07,1605312.0,33020361.4,NET_REVENUE_SHARE,row_net_revenue / month_channel_net_revenue,COMMERCIAL_COSTS,DERIVED,false,false
VN000001407,ORD00001407,2024-12-01,2024-12-01,SKU003,CUS08,CH03,VN,South,4000,32000,128000000.0,8320000.0,768000.0,0,0,118912000.0,48640000.0,1.511121,73500928.41,15311309.1,3189856.06,1426944.0,25482962.43,NET_REVENUE_SHARE,row_net_revenue / month_channel_net_revenue,COMMERCIAL_COSTS,DERIVED,false,false
VN000001408,ORD00001408,2024-12-01,2024-12-01,SKU004,CUS09,CH03,VN,Central,6000,28000,168000000.0,10920000.0,1008000.0,0,0,156072000.0,73920000.0,1.511121,111702068.83,20096093.19,4186686.08,1872864.0,18214287.9,NET_REVENUE_SHARE,row_net_revenue / month_channel_net_revenue,COMMERCIAL_COSTS,DERIVED,false,false
VN000001409,ORD00001409,2024-12-01,2024-12-01,SKU005,CUS10,CH03,VN,North,5000,27000,135000000.0,8775000.0,810000.0,0,0,125415000.0,62100000.0,1.511121,93840617.89,16148646.31,3364301.31,1504980.0,10556454.49,NET_REVENUE_SHARE,row_net_revenue / month_channel_net_revenue,COMMERCIAL_COSTS,DERIVED,false,false
VN000001410,ORD00001410,2024-12-01,2024-12-01,SKU006,CUS01,CH03,VN,North,4000,30000,120000000.0,7800000.0,720000.0,0,0,111480000.0,50400000.0,1.511121,76160501.47,14354352.28,2990490.06,1337760.0,16636896.19,NET_REVENUE_SHARE,row_net_revenue / month_channel_net_revenue,COMMERCIAL_COSTS,DERIVED,false,false
VN000001411,ORD00001411,2024-12-01,2024-12-01,SKU007,CUS02,CH03,VN,South,6000,23000,138000000.0,8970000.0,828000.0,0,0,128202000.0,75900000.0,1.511121,114694088.53,16507505.12,3439063.57,1538424.0,-7977081.22,NET_REVENUE_SHARE,row_net_revenue / month_channel_net_revenue,COMMERCIAL_COSTS,DERIVED,false,false
VN000001412,ORD00001412,2024-12-01,2024-12-01,SKU008,CUS03,CH03,VN,Central,5000,25000,125000000.0,8125000.0,750000.0,0,0,116125000.0,65000000.0,1.511121,98222868.96,14952450.29,3115093.81,1393500.0,-1558913.06,NET_REVENUE_SHARE,row_net_revenue / month_channel_net_revenue,COMMERCIAL_COSTS,DERIVED,false,false
VN000001413,ORD00001413,2024-12-01,2024-12-01,SKU009,CUS04,CH03,VN,North,6000,21000,126000000.0,8190000.0,756000.0,0,0,117054000.0,73080000.0,1.511121,110432727.14,15072069.89,3140014.56,1404648.0,-12995459.59,NET_REVENUE_SHARE,row_net_revenue / month_channel_net_revenue,COMMERCIAL_COSTS,DERIVED,false,false
VN000001414,ORD00001414,2024-12-01,2024-12-01,SKU010,CUS05,CH03,VN,South,5000,24000,120000000.0,7800000.0,720000.0,0,0,111480000.0,60000000.0,1.511121,90667263.66,14354352.28,2990490.06,1337760.0,2130134.0,NET_REVENUE_SHARE,row_net_revenue / month_channel_net_revenue,COMMERCIAL_COSTS,DERIVED,false,false
VN000001415,ORD00001415,2024-12-01,2024-12-01,SKU011,CUS06,CH03,VN,Central,3000,35000,105000000.0,6825000.0,630000.0,0,0,97545000.0,31500000.0,1.511121,47600313.42,12560058.24,2616678.8,1170540.0,33597409.54,NET_REVENUE_SHARE,row_net_revenue / month_channel_net_revenue,COMMERCIAL_COSTS,DERIVED,false,false
VN000001416,ORD00001416,2024-12-01,2024-12-01,SKU012,CUS07,CH03,VN,North,4000,29000,116000000.0,7540000.0,696000.0,0,0,107764000.0,45240000.0,1.511121,68363116.79,13875873.87,2890807.06,1293168.0,21341034.28,NET_REVENUE_SHARE,row_net_revenue / month_channel_net_revenue,COMMERCIAL_COSTS,DERIVED,false,false
VN000001417,ORD00001417,2024-12-01,2024-12-01,SKU001,CUS07,CH04,VN,North,3000,31000,93000000.0,3720000.0,1674000.0,0,0,87606000.0,37200000.0,1.408677,52402798.32,7526154.24,2351923.2,1051272.0,24273852.24,NET_REVENUE_SHARE,row_net_revenue / month_channel_net_revenue,COMMERCIAL_COSTS,DERIVED,false,false
VN000001418,ORD00001418,2024-12-01,2024-12-01,SKU002,CUS08,CH04,VN,South,2000,36000,72000000.0,2880000.0,1296000.0,0,0,67824000.0,25920000.0,1.408677,36512917.54,5826700.06,1820843.77,813888.0,22849650.63,NET_REVENUE_SHARE,row_net_revenue / month_channel_net_revenue,COMMERCIAL_COSTS,DERIVED,false,false
VN000001419,ORD00001419,2024-12-01,2024-12-01,SKU003,CUS09,CH04,VN,Central,2000,32000,64000000.0,2560000.0,1152000.0,0,0,60288000.0,24320000.0,1.408677,34259033.74,5179288.94,1618527.79,723456.0,18507693.53,NET_REVENUE_SHARE,row_net_revenue / month_channel_net_revenue,COMMERCIAL_COSTS,DERIVED,false,false
VN000001420,ORD00001420,2024-12-01,2024-12-01,SKU004,CUS10,CH04,VN,North,3000,28000,84000000.0,3360000.0,1512000.0,0,0,79128000.0,36960000.0,1.408677,52064715.75,6797816.73,2124317.73,949536.0,17191613.79,NET_REVENUE_SHARE,row_net_revenue / month_channel_net_revenue,COMMERCIAL_COSTS,DERIVED,false,false
VN000001421,ORD00001421,2024-12-01,2024-12-01,SKU005,CUS01,CH04,VN,North,2000,27000,54000000.0,2160000.0,972000.0,0,0,50868000.0,24840000.0,1.408677,34991545.98,4370025.04,1365632.83,610416.0,9530380.15,NET_REVENUE_SHARE,row_net_revenue / month_channel_net_revenue,COMMERCIAL_COSTS,DERIVED,false,false
VN000001422,ORD00001422,2024-12-01,2024-12-01,SKU006,CUS02,CH04,VN,South,2000,30000,60000000.0,2400000.0,1080000.0,0,0,56520000.0,25200000.0,1.408677,35498669.83,4855583.38,1517369.81,678240.0,13970136.98,NET_REVENUE_SHARE,row_net_revenue / month_channel_net_revenue,COMMERCIAL_COSTS,DERIVED,false,false
VN000001423,ORD00001423,2024-12-01,2024-12-01,SKU007,CUS03,CH04,VN,Central,3000,23000,69000000.0,2760000.0,1242000.0,0,0,64998000.0,37950000.0,1.408677,53459306.35,5583920.89,1744975.28,779976.0,3429821.48,NET_REVENUE_SHARE,row_net_revenue / month_channel_net_revenue,COMMERCIAL_COSTS,DERIVED,false,false
VN000001424,ORD00001424,2024-12-01,2024-12-01,SKU008,CUS04,CH04,VN,North,3000,25000,75000000.0,3000000.0,1350000.0,0,0,70650000.0,39000000.0,1.408677,54938417.6,6069479.23,1896712.26,847800.0,6897590.91,NET_REVENUE_SHARE,row_net_revenue / month_channel_net_revenue,COMMERCIAL_COSTS,DERIVED,false,false
VN000001425,ORD00001425,2024-12-01,2024-12-01,SKU009,CUS05,CH04,VN,South,3000,21000,63000000.0,2520000.0,1134000.0,0,0,59346000.0,36540000.0,1.408677,51473071.26,5098362.55,1593238.3,712152.0,469175.89,NET_REVENUE_SHARE,row_net_revenue / month_channel_net_revenue,COMMERCIAL_COSTS,DERIVED,false,false
VN000001426,ORD00001426,2024-12-01,2024-12-01,SKU010,CUS06,CH04,VN,Central,2000,24000,48000000.0,1920000.0,864000.0,0,0,45216000.0,24000000.0,1.408677,33808256.98,3884466.7,1213895.85,542592.0,5766788.47,NET_REVENUE_SHARE,row_net_revenue / month_channel_net_revenue,COMMERCIAL_COSTS,DERIVED,false,false
VN000001427,ORD00001427,2024-12-01,2024-12-01,SKU011,CUS07,CH04,VN,North,1000,35000,35000000.0,1400000.0,630000.0,0,0,32970000.0,10500000.0,1.408677,14791112.43,2832423.64,885132.39,395640.0,14065691.54,NET_REVENUE_SHARE,row_net_revenue / month_channel_net_revenue,COMMERCIAL_COSTS,DERIVED,false,false
VN000001428,ORD00001428,2024-12-01,2024-12-01,SKU012,CUS08,CH04,VN,South,2000,29000,58000000.0,2320000.0,1044000.0,0,0,54636000.0,22620000.0,1.408677,31864282.22,4693730.6,1466790.81,655632.0,15955564.37,NET_REVENUE_SHARE,row_net_revenue / month_channel_net_revenue,COMMERCIAL_COSTS,DERIVED,false,false
VN000001429,ORD00001429,2024-12-01,2024-12-01,SKU001,CUS08,CH05,VN,South,4000,31000,124000000.0,4960000.0,744000.0,0,0,118296000.0,49600000.0,1.355953,67255293.14,2400316.68,3000395.85,1419552.0,44220442.33,NET_REVENUE_SHARE,row_net_revenue / month_channel_net_revenue,COMMERCIAL_COSTS,DERIVED,false,false
VN000001430,ORD00001430,2024-12-01,2024-12-01,SKU002,CUS09,CH05,VN,Central,3000,36000,108000000.0,4320000.0,648000.0,0,0,103032000.0,38880000.0,1.355953,52719471.72,2090598.4,2613248.0,1236384.0,44372297.88,NET_REVENUE_SHARE,row_net_revenue / month_channel_net_revenue,COMMERCIAL_COSTS,DERIVED,false,false
VN000001431,ORD00001431,2024-12-01,2024-12-01,SKU003,CUS10,CH05,VN,North,2000,32000,64000000.0,2560000.0,384000.0,0,0,61056000.0,24320000.0,1.355953,32976788.9,1238873.13,1548591.41,732672.0,24559074.56,NET_REVENUE_SHARE,row_net_revenue / month_channel_net_revenue,COMMERCIAL_COSTS,DERIVED,false,false
VN000001432,ORD00001432,2024-12-01,2024-12-01,SKU004,CUS01,CH05,VN,North,3000,28000,84000000.0,3360000.0,504000.0,0,0,80136000.0,36960000.0,1.355953,50116041.02,1626020.98,2032526.22,961632.0,25399779.78,NET_REVENUE_SHARE,row_net_revenue / month_channel_net_revenue,COMMERCIAL_COSTS,DERIVED,false,false
VN000001433,ORD00001433,2024-12-01,2024-12-01,SKU005,CUS02,CH05,VN,South,3000,27000,81000000.0,3240000.0,486000.0,0,0,77274000.0,37260000.0,1.355953,50522827.07,1567948.8,1959936.0,927288.0,22296000.13,NET_REVENUE_SHARE,row_net_revenue / month_channel_net_revenue,COMMERCIAL_COSTS,DERIVED,false,false
VN000001434,ORD00001434,2024-12-01,2024-12-01,SKU006,CUS03,CH05,VN,Central,2000,30000,60000000.0,2400000.0,360000.0,0,0,57240000.0,25200000.0,1.355953,34170027.97,1161443.56,1451804.44,686880.0,19769844.03,NET_REVENUE_SHARE,row_net_revenue / month_channel_net_revenue,COMMERCIAL_COSTS,DERIVED,false,false
VN000001435,ORD00001435,2024-12-01,2024-12-01,SKU007,CUS04,CH05,VN,North,4000,23000,92000000.0,3680000.0,552000.0,0,0,87768000.0,50600000.0,1.355953,68611246.63,1780880.12,2226100.15,1053216.0,14096557.1,NET_REVENUE_SHARE,row_net_revenue / month_channel_net_revenue,COMMERCIAL_COSTS,DERIVED,false,false
VN000001436,ORD00001436,2024-12-01,2024-12-01,SKU008,CUS05,CH05,VN,South,3000,25000,75000000.0,3000000.0,450000.0,0,0,71550000.0,39000000.0,1.355953,52882186.14,1451804.44,1814755.56,858600.0,14542653.86,NET_REVENUE_SHARE,row_net_revenue / month_channel_net_revenue,COMMERCIAL_COSTS,DERIVED,false,false
VN000001437,ORD00001437,2024-12-01,2024-12-01,SKU009,CUS06,CH05,VN,Central,4000,21000,84000000.0,3360000.0,504000.0,0,0,80136000.0,48720000.0,1.355953,66062054.07,1626020.98,2032526.22,961632.0,9453766.73,NET_REVENUE_SHARE,row_net_revenue / month_channel_net_revenue,COMMERCIAL_COSTS,DERIVED,false,false
VN000001438,ORD00001438,2024-12-01,2024-12-01,SKU010,CUS07,CH05,VN,North,3000,24000,72000000.0,2880000.0,432000.0,0,0,68688000.0,36000000.0,1.355953,48814325.67,1393732.27,1742165.33,824256.0,15913520.73,NET_REVENUE_SHARE,row_net_revenue / month_channel_net_revenue,COMMERCIAL_COSTS,DERIVED,false,false
VN000001439,ORD00001439,2024-12-01,2024-12-01,SKU011,CUS08,CH05,VN,South,2000,35000,70000000.0,2800000.0,420000.0,0,0,66780000.0,21000000.0,1.355953,28475023.31,1355017.48,1693771.85,801360.0,34454827.36,NET_REVENUE_SHARE,row_net_revenue / month_channel_net_revenue,COMMERCIAL_COSTS,DERIVED,false,false
VN000001440,ORD00001440,2024-12-01,2024-12-01,SKU012,CUS09,CH05,VN,Central,2000,29000,58000000.0,2320000.0,348000.0,0,0,55332000.0,22620000.0,1.355953,30671667.96,1122728.77,1403410.96,663984.0,21470208.31,NET_REVENUE_SHARE,row_net_revenue / month_channel_net_revenue,COMMERCIAL_COSTS,DERIVED,false,false
VN000001441,ORD00001441,2025-01-01,2025-01-01,SKU001,CUS05,CH01,VN,South,8000,31000,248000000.0,9920000.0,1488000.0,0,0,236592000.0,99200000.0,1.395298,138413532.82,8622636.52,6159026.09,2839104.0,80557700.57,NET_REVENUE_SHARE,row_net_revenue / month_channel_net_revenue,COMMERCIAL_COSTS,DERIVED,false,false
VN000001442,ORD00001442,2025-01-01,2025-01-01,SKU002,CUS06,CH01,VN,Central,6000,36000,216000000.0,8640000.0,1296000.0,0,0,206064000.0,77760000.0,1.395298,108498349.92,7510038.26,5364313.04,2472768.0,82218530.78,NET_REVENUE_SHARE,row_net_revenue / month_channel_net_revenue,COMMERCIAL_COSTS,DERIVED,false,false
VN000001443,ORD00001443,2025-01-01,2025-01-01,SKU003,CUS07,CH01,VN,North,5000,32000,160000000.0,6400000.0,960000.0,0,0,152640000.0,60800000.0,1.395298,84834100.76,5562991.3,3973565.22,1831680.0,56437662.72,NET_REVENUE_SHARE,row_net_revenue / month_channel_net_revenue,COMMERCIAL_COSTS,DERIVED,false,false
VN000001444,ORD00001444,2025-01-01,2025-01-01,SKU004,CUS08,CH01,VN,South,8000,28000,224000000.0,8960000.0,1344000.0,0,0,213696000.0,98560000.0,1.395298,137520542.29,7788187.83,5562991.3,2564352.0,60259926.58,NET_REVENUE_SHARE,row_net_revenue / month_channel_net_revenue,COMMERCIAL_COSTS,DERIVED,false,false
VN000001445,ORD00001445,2025-01-01,2025-01-01,SKU005,CUS09,CH01,VN,Central,6000,27000,162000000.0,6480000.0,972000.0,0,0,154548000.0,74520000.0,1.395298,103977585.34,5632528.7,4023234.78,1854576.0,39060075.18,NET_REVENUE_SHARE,row_net_revenue / month_channel_net_revenue,COMMERCIAL_COSTS,DERIVED,false,false
VN000001446,ORD00001446,2025-01-01,2025-01-01,SKU006,CUS10,CH01,VN,North,5000,30000,150000000.0,6000000.0,900000.0,0,0,143100000.0,63000000.0,1.395298,87903755.73,5215304.35,3725217.39,1717200.0,44538522.53,NET_REVENUE_SHARE,row_net_revenue / month_channel_net_revenue,COMMERCIAL_COSTS,DERIVED,false,false
VN000001447,ORD00001447,2025-01-01,2025-01-01,SKU007,CUS01,CH01,VN,North,8000,23000,184000000.0,7360000.0,1104000.0,0,0,175536000.0,101200000.0,1.395298,141204128.24,6397440.0,4569600.0,2106432.0,21258399.76,NET_REVENUE_SHARE,row_net_revenue / month_channel_net_revenue,COMMERCIAL_COSTS,DERIVED,false,false
VN000001448,ORD00001448,2025-01-01,2025-01-01,SKU008,CUS02,CH01,VN,South,7000,25000,175000000.0,7000000.0,1050000.0,0,0,166950000.0,91000000.0,1.395298,126972091.6,6084521.74,4346086.96,2003400.0,27543899.7,NET_REVENUE_SHARE,row_net_revenue / month_channel_net_revenue,COMMERCIAL_COSTS,DERIVED,false,false
VN000001449,ORD00001449,2025-01-01,2025-01-01,SKU009,CUS03,CH01,VN,Central,8000,21000,168000000.0,6720000.0,1008000.0,0,0,160272000.0,97440000.0,1.395298,135957808.85,5841140.87,4172243.48,1923264.0,12377542.8,NET_REVENUE_SHARE,row_net_revenue / month_channel_net_revenue,COMMERCIAL_COSTS,DERIVED,false,false
VN000001450,ORD00001450,2025-01-01,2025-01-01,SKU010,CUS04,CH01,VN,North,6000,24000,144000000.0,5760000.0,864000.0,0,0,137376000.0,72000000.0,1.395298,100461435.11,5006692.17,3576208.7,1648512.0,26683152.02,NET_REVENUE_SHARE,row_net_revenue / month_channel_net_revenue,COMMERCIAL_COSTS,DERIVED,false,false
VN000001451,ORD00001451,2025-01-01,2025-01-01,SKU011,CUS05,CH01,VN,South,4000,35000,140000000.0,5600000.0,840000.0,0,0,133560000.0,42000000.0,1.395298,58602503.82,4867617.39,3476869.57,1602720.0,65010289.22,NET_REVENUE_SHARE,row_net_revenue / month_channel_net_revenue,COMMERCIAL_COSTS,DERIVED,false,false
VN000001452,ORD00001452,2025-01-01,2025-01-01,SKU012,CUS06,CH01,VN,Central,5000,29000,145000000.0,5800000.0,870000.0,0,0,138330000.0,56550000.0,1.395298,78904085.52,5041460.87,3601043.48,1659960.0,49123450.13,NET_REVENUE_SHARE,row_net_revenue / month_channel_net_revenue,COMMERCIAL_COSTS,DERIVED,false,false
VN000001453,ORD00001453,2025-01-01,2025-01-01,SKU001,CUS06,CH02,VN,Central,6000,31000,186000000.0,7440000.0,1116000.0,0,0,177444000.0,74400000.0,1.399684,104136476.89,8351420.78,6866723.75,2129328.0,55960050.58,NET_REVENUE_SHARE,row_net_revenue / month_channel_net_revenue,COMMERCIAL_COSTS,DERIVED,false,false
VN000001454,ORD00001454,2025-01-01,2025-01-01,SKU002,CUS07,CH02,VN,North,4000,36000,144000000.0,5760000.0,864000.0,0,0,137376000.0,51840000.0,1.399684,72559609.7,6465616.09,5316173.23,1648512.0,51386088.98,NET_REVENUE_SHARE,row_net_revenue / month_channel_net_revenue,COMMERCIAL_COSTS,DERIVED,false,false
VN000001455,ORD00001455,2025-01-01,2025-01-01,SKU003,CUS08,CH02,VN,South,4000,32000,128000000.0,5120000.0,768000.0,0,0,122112000.0,48640000.0,1.399684,68080621.45,5747214.3,4725487.31,1465344.0,42093332.94,NET_REVENUE_SHARE,row_net_revenue / month_channel_net_revenue,COMMERCIAL_COSTS,DERIVED,false,false
VN000001456,ORD00001456,2025-01-01,2025-01-01,SKU004,CUS09,CH02,VN,Central,6000,28000,168000000.0,6720000.0,1008000.0,0,0,160272000.0,73920000.0,1.399684,103464628.65,7543218.77,6202202.1,1923264.0,41138686.48,NET_REVENUE_SHARE,row_net_revenue / month_channel_net_revenue,COMMERCIAL_COSTS,DERIVED,false,false
VN000001457,ORD00001457,2025-01-01,2025-01-01,SKU005,CUS10,CH02,VN,North,5000,27000,135000000.0,5400000.0,810000.0,0,0,128790000.0,62100000.0,1.399684,86920365.79,6061515.08,4983912.4,1545480.0,29278726.73,NET_REVENUE_SHARE,row_net_revenue / month_channel_net_revenue,COMMERCIAL_COSTS,DERIVED,false,false
VN000001458,ORD00001458,2025-01-01,2025-01-01,SKU006,CUS01,CH02,VN,North,4000,30000,120000000.0,4800000.0,720000.0,0,0,114480000.0,50400000.0,1.399684,70544064.99,5388013.41,4430144.36,1373760.0,32744017.24,NET_REVENUE_SHARE,row_net_revenue / month_channel_net_revenue,COMMERCIAL_COSTS,DERIVED,false,false
VN000001459,ORD00001459,2025-01-01,2025-01-01,SKU007,CUS02,CH02,VN,South,6000,23000,138000000.0,5520000.0,828000.0,0,0,131652000.0,75900000.0,1.399684,106236002.63,6196215.42,5094666.01,1579824.0,12545291.94,NET_REVENUE_SHARE,row_net_revenue / month_channel_net_revenue,COMMERCIAL_COSTS,DERIVED,false,false
VN000001460,ORD00001460,2025-01-01,2025-01-01,SKU008,CUS03,CH02,VN,Central,5000,25000,125000000.0,5000000.0,750000.0,0,0,119250000.0,65000000.0,1.399684,90979448.89,5612513.97,4614733.71,1431000.0,16612303.43,NET_REVENUE_SHARE,row_net_revenue / month_channel_net_revenue,COMMERCIAL_COSTS,DERIVED,false,false
VN000001461,ORD00001461,2025-01-01,2025-01-01,SKU009,CUS04,CH02,VN,North,6000,21000,126000000.0,5040000.0,756000.0,0,0,120204000.0,73080000.0,1.399684,102288894.23,5657414.08,4651651.58,1442448.0,6163592.11,NET_REVENUE_SHARE,row_net_revenue / month_channel_net_revenue,COMMERCIAL_COSTS,DERIVED,false,false
VN000001462,ORD00001462,2025-01-01,2025-01-01,SKU010,CUS05,CH02,VN,South,5000,24000,120000000.0,4800000.0,720000.0,0,0,114480000.0,60000000.0,1.399684,83981029.75,5388013.41,4430144.36,1373760.0,19307052.48,NET_REVENUE_SHARE,row_net_revenue / month_channel_net_revenue,COMMERCIAL_COSTS,DERIVED,false,false
VN000001463,ORD00001463,2025-01-01,2025-01-01,SKU011,CUS06,CH02,VN,Central,3000,35000,105000000.0,4200000.0,630000.0,0,0,100170000.0,31500000.0,1.399684,44090040.62,4714511.73,3876376.31,1202040.0,46287031.34,NET_REVENUE_SHARE,row_net_revenue / month_channel_net_revenue,COMMERCIAL_COSTS,DERIVED,false,false
VN000001464,ORD00001464,2025-01-01,2025-01-01,SKU012,CUS07,CH02,VN,North,4000,29000,116000000.0,4640000.0,696000.0,0,0,110664000.0,45240000.0,1.399684,63321696.41,5208412.96,4282472.88,1327968.0,36523449.75,NET_REVENUE_SHARE,row_net_revenue / month_channel_net_revenue,COMMERCIAL_COSTS,DERIVED,false,false
VN000001465,ORD00001465,2025-01-01,2025-01-01,SKU001,CUS07,CH03,VN,North,5000,31000,155000000.0,10075000.0,930000.0,0,0,143995000.0,62000000.0,1.474491,91418433.18,18131151.94,3777323.32,1727940.0,28940151.56,NET_REVENUE_SHARE,row_net_revenue / month_channel_net_revenue,COMMERCIAL_COSTS,DERIVED,false,false
VN000001466,ORD00001466,2025-01-01,2025-01-01,SKU002,CUS08,CH03,VN,South,4000,36000,144000000.0,9360000.0,864000.0,0,0,133776000.0,51840000.0,1.474491,76437606.06,16844425.02,3509255.21,1605312.0,35379401.71,NET_REVENUE_SHARE,row_net_revenue / month_channel_net_revenue,COMMERCIAL_COSTS,DERIVED,false,false
VN000001467,ORD00001467,2025-01-01,2025-01-01,SKU003,CUS09,CH03,VN,Central,3000,32000,96000000.0,6240000.0,576000.0,0,0,89184000.0,36480000.0,1.474491,53789426.49,11229616.68,2339503.48,1070208.0,20755245.35,NET_REVENUE_SHARE,row_net_revenue / month_channel_net_revenue,COMMERCIAL_COSTS,DERIVED,false,false
VN000001468,ORD00001468,2025-01-01,2025-01-01,SKU004,CUS10,CH03,VN,North,5000,28000,140000000.0,9100000.0,840000.0,0,0,130060000.0,61600000.0,1.474491,90828636.83,16376524.33,3411775.9,1560720.0,17882342.94,NET_REVENUE_SHARE,row_net_revenue / month_channel_net_revenue,COMMERCIAL_COSTS,DERIVED,false,false
VN000001469,ORD00001469,2025-01-01,2025-01-01,SKU005,CUS01,CH03,VN,North,4000,27000,108000000.0,7020000.0,648000.0,0,0,100332000.0,49680000.0,1.474491,73252705.81,12633318.77,2631941.41,1203984.0,10610050.01,NET_REVENUE_SHARE,row_net_revenue / month_channel_net_revenue,COMMERCIAL_COSTS,DERIVED,false,false
VN000001470,ORD00001470,2025-01-01,2025-01-01,SKU006,CUS02,CH03,VN,South,3000,30000,90000000.0,5850000.0,540000.0,0,0,83610000.0,37800000.0,1.474491,55735754.42,10527765.64,2193284.51,1003320.0,14149875.43,NET_REVENUE_SHARE,row_net_revenue / month_channel_net_revenue,COMMERCIAL_COSTS,DERIVED,false,false
VN000001471,ORD00001471,2025-01-01,2025-01-01,SKU007,CUS03,CH03,VN,Central,5000,23000,115000000.0,7475000.0,690000.0,0,0,106835000.0,63250000.0,1.474491,93261546.75,13452144.98,2802530.21,1282020.0,-3963241.94,NET_REVENUE_SHARE,row_net_revenue / month_channel_net_revenue,COMMERCIAL_COSTS,DERIVED,false,false
VN000001472,ORD00001472,2025-01-01,2025-01-01,SKU008,CUS04,CH03,VN,North,4000,25000,100000000.0,6500000.0,600000.0,0,0,92900000.0,52000000.0,1.474491,76673524.6,11697517.38,2436982.79,1114800.0,977175.23,NET_REVENUE_SHARE,row_net_revenue / month_channel_net_revenue,COMMERCIAL_COSTS,DERIVED,false,false
VN000001473,ORD00001473,2025-01-01,2025-01-01,SKU009,CUS05,CH03,VN,South,5000,21000,105000000.0,6825000.0,630000.0,0,0,97545000.0,60900000.0,1.474491,89796493.23,12282393.25,2558831.93,1170540.0,-8263258.41,NET_REVENUE_SHARE,row_net_revenue / month_channel_net_revenue,COMMERCIAL_COSTS,DERIVED,false,false
VN000001474,ORD00001474,2025-01-01,2025-01-01,SKU010,CUS06,CH03,VN,Central,4000,24000,96000000.0,6240000.0,576000.0,0,0,89184000.0,48000000.0,1.474491,70775561.17,11229616.68,2339503.48,1070208.0,3769110.67,NET_REVENUE_SHARE,row_net_revenue / month_channel_net_revenue,COMMERCIAL_COSTS,DERIVED,false,false
VN000001475,ORD00001475,2025-01-01,2025-01-01,SKU011,CUS07,CH03,VN,North,2000,35000,70000000.0,4550000.0,420000.0,0,0,65030000.0,21000000.0,1.474491,30964308.01,8188262.16,1705887.95,780360.0,23391181.88,NET_REVENUE_SHARE,row_net_revenue / month_channel_net_revenue,COMMERCIAL_COSTS,DERIVED,false,false
VN000001476,ORD00001476,2025-01-01,2025-01-01,SKU012,CUS08,CH03,VN,South,3000,29000,87000000.0,5655000.0,522000.0,0,0,80823000.0,33930000.0,1.474491,50029474.81,10176840.12,2120175.02,969876.0,17526634.05,NET_REVENUE_SHARE,row_net_revenue / month_channel_net_revenue,COMMERCIAL_COSTS,DERIVED,false,false
VN000001477,ORD00001477,2025-01-01,2025-01-01,SKU001,CUS08,CH04,VN,South,2000,31000,62000000.0,2480000.0,1116000.0,0,0,58404000.0,24800000.0,1.482303,36761120.85,5215085.71,1629714.29,700848.0,14097231.15,NET_REVENUE_SHARE,row_net_revenue / month_channel_net_revenue,COMMERCIAL_COSTS,DERIVED,false,false
VN000001478,ORD00001478,2025-01-01,2025-01-01,SKU002,CUS09,CH04,VN,Central,2000,36000,72000000.0,2880000.0,1296000.0,0,0,67824000.0,25920000.0,1.482303,38421300.5,6056228.57,1892571.43,813888.0,20640011.5,NET_REVENUE_SHARE,row_net_revenue / month_channel_net_revenue,COMMERCIAL_COSTS,DERIVED,false,false
VN000001479,ORD00001479,2025-01-01,2025-01-01,SKU003,CUS10,CH04,VN,North,2000,32000,64000000.0,2560000.0,1152000.0,0,0,60288000.0,24320000.0,1.482303,36049615.28,5383314.29,1682285.71,723456.0,16449328.72,NET_REVENUE_SHARE,row_net_revenue / month_channel_net_revenue,COMMERCIAL_COSTS,DERIVED,false,false
VN000001480,ORD00001480,2025-01-01,2025-01-01,SKU004,CUS01,CH04,VN,North,2000,28000,56000000.0,2240000.0,1008000.0,0,0,52752000.0,24640000.0,1.482303,36523952.33,4710400.0,1472000.0,633024.0,9412623.67,NET_REVENUE_SHARE,row_net_revenue / month_channel_net_revenue,COMMERCIAL_COSTS,DERIVED,false,false
VN000001481,ORD00001481,2025-01-01,2025-01-01,SKU005,CUS02,CH04,VN,South,2000,27000,54000000.0,2160000.0,972000.0,0,0,50868000.0,24840000.0,1.482303,36820412.98,4542171.43,1419428.57,610416.0,7475571.02,NET_REVENUE_SHARE,row_net_revenue / month_channel_net_revenue,COMMERCIAL_COSTS,DERIVED,false,false
VN000001482,ORD00001482,2025-01-01,2025-01-01,SKU006,CUS03,CH04,VN,Central,1000,30000,30000000.0,1200000.0,540000.0,0,0,28260000.0,12600000.0,1.482303,18677021.08,2523428.57,788571.43,339120.0,5931858.92,NET_REVENUE_SHARE,row_net_revenue / month_channel_net_revenue,COMMERCIAL_COSTS,DERIVED,false,false
VN000001483,ORD00001483,2025-01-01,2025-01-01,SKU007,CUS04,CH04,VN,North,2000,23000,46000000.0,1840000.0,828000.0,0,0,43332000.0,25300000.0,1.482303,37502272.48,3869257.14,1209142.86,519984.0,231343.52,NET_REVENUE_SHARE,row_net_revenue / month_channel_net_revenue,COMMERCIAL_COSTS,DERIVED,false,false
VN000001484,ORD00001484,2025-01-01,2025-01-01,SKU008,CUS05,CH04,VN,South,2000,25000,50000000.0,2000000.0,900000.0,0,0,47100000.0,26000000.0,1.482303,38539884.76,4205714.29,1314285.71,565200.0,2474915.24,NET_REVENUE_SHARE,row_net_revenue / month_channel_net_revenue,COMMERCIAL_COSTS,DERIVED,false,false
VN000001485,ORD00001485,2025-01-01,2025-01-01,SKU009,CUS06,CH04,VN,Central,2000,21000,42000000.0,1680000.0,756000.0,0,0,39564000.0,24360000.0,1.482303,36108907.41,3532800.0,1104000.0,474768.0,-1656475.41,NET_REVENUE_SHARE,row_net_revenue / month_channel_net_revenue,COMMERCIAL_COSTS,DERIVED,false,false
VN000001486,ORD00001486,2025-01-01,2025-01-01,SKU010,CUS07,CH04,VN,North,2000,24000,48000000.0,1920000.0,864000.0,0,0,45216000.0,24000000.0,1.482303,35575278.24,4037485.71,1261714.29,542592.0,3798929.76,NET_REVENUE_SHARE,row_net_revenue / month_channel_net_revenue,COMMERCIAL_COSTS,DERIVED,false,false
VN000001487,ORD00001487,2025-01-01,2025-01-01,SKU011,CUS08,CH04,VN,South,1000,35000,35000000.0,1400000.0,630000.0,0,0,32970000.0,10500000.0,1.482303,15564184.23,2944000.0,920000.0,395640.0,13146175.77,NET_REVENUE_SHARE,row_net_revenue / month_channel_net_revenue,COMMERCIAL_COSTS,DERIVED,false,false
VN000001488,ORD00001488,2025-01-01,2025-01-01,SKU012,CUS09,CH04,VN,Central,1000,29000,29000000.0,1160000.0,522000.0,0,0,27318000.0,11310000.0,1.482303,16764849.86,2439314.29,762285.71,327816.0,7023734.14,NET_REVENUE_SHARE,row_net_revenue / month_channel_net_revenue,COMMERCIAL_COSTS,DERIVED,false,false
VN000001489,ORD00001489,2025-01-01,2025-01-01,SKU001,CUS09,CH05,VN,Central,3000,31000,93000000.0,3720000.0,558000.0,0,0,88722000.0,37200000.0,1.385245,51531109.27,1839882.24,2299852.8,1064664.0,31986491.69,NET_REVENUE_SHARE,row_net_revenue / month_channel_net_revenue,COMMERCIAL_COSTS,DERIVED,false,false
VN000001490,ORD00001490,2025-01-01,2025-01-01,SKU002,CUS10,CH05,VN,North,2000,36000,72000000.0,2880000.0,432000.0,0,0,68688000.0,25920000.0,1.385245,35905547.1,1424424.96,1780531.2,824256.0,28753240.74,NET_REVENUE_SHARE,row_net_revenue / month_channel_net_revenue,COMMERCIAL_COSTS,DERIVED,false,false
VN000001491,ORD00001491,2025-01-01,2025-01-01,SKU003,CUS01,CH05,VN,North,2000,32000,64000000.0,2560000.0,384000.0,0,0,61056000.0,24320000.0,1.385245,33689155.31,1266155.52,1582694.4,732672.0,23785322.77,NET_REVENUE_SHARE,row_net_revenue / month_channel_net_revenue,COMMERCIAL_COSTS,DERIVED,false,false
VN000001492,ORD00001492,2025-01-01,2025-01-01,SKU004,CUS02,CH05,VN,South,3000,28000,84000000.0,3360000.0,504000.0,0,0,80136000.0,36960000.0,1.385245,51198650.5,1661829.12,2077286.4,961632.0,24236601.98,NET_REVENUE_SHARE,row_net_revenue / month_channel_net_revenue,COMMERCIAL_COSTS,DERIVED,false,false
VN000001493,ORD00001493,2025-01-01,2025-01-01,SKU005,CUS03,CH05,VN,Central,2000,27000,54000000.0,2160000.0,324000.0,0,0,51516000.0,24840000.0,1.385245,34409482.64,1068318.72,1335398.4,618192.0,14084608.24,NET_REVENUE_SHARE,row_net_revenue / month_channel_net_revenue,COMMERCIAL_COSTS,DERIVED,false,false
VN000001494,ORD00001494,2025-01-01,2025-01-01,SKU006,CUS04,CH05,VN,North,2000,30000,60000000.0,2400000.0,360000.0,0,0,57240000.0,25200000.0,1.385245,34908170.79,1187020.8,1483776.0,686880.0,18974152.41,NET_REVENUE_SHARE,row_net_revenue / month_channel_net_revenue,COMMERCIAL_COSTS,DERIVED,false,false
VN000001495,ORD00001495,2025-01-01,2025-01-01,SKU007,CUS05,CH05,VN,South,3000,23000,69000000.0,2760000.0,414000.0,0,0,65826000.0,37950000.0,1.385245,52570042.92,1365073.92,1706342.4,789912.0,9394628.76,NET_REVENUE_SHARE,row_net_revenue / month_channel_net_revenue,COMMERCIAL_COSTS,DERIVED,false,false
VN000001496,ORD00001496,2025-01-01,2025-01-01,SKU008,CUS06,CH05,VN,Central,2000,25000,50000000.0,2000000.0,300000.0,0,0,47700000.0,26000000.0,1.385245,36016366.69,989184.0,1236480.0,572400.0,8885569.31,NET_REVENUE_SHARE,row_net_revenue / month_channel_net_revenue,COMMERCIAL_COSTS,DERIVED,false,false
VN000001497,ORD00001497,2025-01-01,2025-01-01,SKU009,CUS07,CH05,VN,North,3000,21000,63000000.0,2520000.0,378000.0,0,0,60102000.0,36540000.0,1.385245,50616847.65,1246371.84,1557964.8,721224.0,5959591.71,NET_REVENUE_SHARE,row_net_revenue / month_channel_net_revenue,COMMERCIAL_COSTS,DERIVED,false,false
VN000001498,ORD00001498,2025-01-01,2025-01-01,SKU010,CUS08,CH05,VN,South,2000,24000,48000000.0,1920000.0,288000.0,0,0,45792000.0,24000000.0,1.385245,33245876.95,949616.64,1187020.8,549504.0,9859981.61,NET_REVENUE_SHARE,row_net_revenue / month_channel_net_revenue,COMMERCIAL_COSTS,DERIVED,false,false
VN000001499,ORD00001499,2025-01-01,2025-01-01,SKU011,CUS09,CH05,VN,Central,1000,35000,35000000.0,1400000.0,210000.0,0,0,33390000.0,10500000.0,1.385245,14545071.16,692428.8,865536.0,400680.0,16886284.04,NET_REVENUE_SHARE,row_net_revenue / month_channel_net_revenue,COMMERCIAL_COSTS,DERIVED,false,false
VN000001500,ORD00001500,2025-01-01,2025-01-01,SKU012,CUS10,CH05,VN,North,2000,29000,58000000.0,2320000.0,348000.0,0,0,55332000.0,22620000.0,1.385245,31334239.02,1147453.44,1434316.8,663984.0,20752006.74,NET_REVENUE_SHARE,row_net_revenue / month_channel_net_revenue,COMMERCIAL_COSTS,DERIVED,false,false
VN000001501,ORD00001501,2025-02-01,2025-02-01,SKU001,CUS06,CH01,VN,Central,8000,31000,248000000.0,9920000.0,1488000.0,0,0,236592000.0,99200000.0,1.398579,138739027.1,8643284.6,6173774.71,2839104.0,80196809.59,NET_REVENUE_SHARE,row_net_revenue / month_channel_net_revenue,COMMERCIAL_COSTS,DERIVED,false,false
VN000001502,ORD00001502,2025-02-01,2025-02-01,SKU002,CUS07,CH01,VN,North,6000,36000,216000000.0,8640000.0,1296000.0,0,0,206064000.0,77760000.0,1.398579,108753495.44,7528022.07,5377158.62,2472768.0,81932555.87,NET_REVENUE_SHARE,row_net_revenue / month_channel_net_revenue,COMMERCIAL_COSTS,DERIVED,false,false
VN000001503,ORD00001503,2025-02-01,2025-02-01,SKU003,CUS08,CH01,VN,South,5000,32000,160000000.0,6400000.0,960000.0,0,0,152640000.0,60800000.0,1.398579,85033597.26,5576312.64,3983080.46,1831680.0,56215329.64,NET_REVENUE_SHARE,row_net_revenue / month_channel_net_revenue,COMMERCIAL_COSTS,DERIVED,false,false
VN000001504,ORD00001504,2025-02-01,2025-02-01,SKU004,CUS09,CH01,VN,Central,7000,28000,196000000.0,7840000.0,1176000.0,0,0,186984000.0,86240000.0,1.398579,120613444.53,6830982.99,4879273.56,2243808.0,52416490.92,NET_REVENUE_SHARE,row_net_revenue / month_channel_net_revenue,COMMERCIAL_COSTS,DERIVED,false,false
VN000001505,ORD00001505,2025-02-01,2025-02-01,SKU005,CUS10,CH01,VN,North,6000,27000,162000000.0,6480000.0,972000.0,0,0,154548000.0,74520000.0,1.398579,104222099.8,5646016.55,4032868.97,1854576.0,38792438.68,NET_REVENUE_SHARE,row_net_revenue / month_channel_net_revenue,COMMERCIAL_COSTS,DERIVED,false,false
VN000001506,ORD00001506,2025-02-01,2025-02-01,SKU006,CUS01,CH01,VN,North,5000,30000,150000000.0,6000000.0,900000.0,0,0,143100000.0,63000000.0,1.398579,88110470.84,5227793.1,3734137.93,1717200.0,44310398.13,NET_REVENUE_SHARE,row_net_revenue / month_channel_net_revenue,COMMERCIAL_COSTS,DERIVED,false,false
VN000001507,ORD00001507,2025-02-01,2025-02-01,SKU007,CUS02,CH01,VN,South,8000,23000,184000000.0,7360000.0,1104000.0,0,0,175536000.0,101200000.0,1.398579,141536184.91,6412759.54,4580542.53,2106432.0,20900081.02,NET_REVENUE_SHARE,row_net_revenue / month_channel_net_revenue,COMMERCIAL_COSTS,DERIVED,false,false
VN000001508,ORD00001508,2025-02-01,2025-02-01,SKU008,CUS03,CH01,VN,Central,7000,25000,175000000.0,7000000.0,1050000.0,0,0,166950000.0,91000000.0,1.398579,127270680.11,6099091.95,4356494.25,2003400.0,27220333.69,NET_REVENUE_SHARE,row_net_revenue / month_channel_net_revenue,COMMERCIAL_COSTS,DERIVED,false,false
VN000001509,ORD00001509,2025-02-01,2025-02-01,SKU009,CUS04,CH01,VN,North,8000,21000,168000000.0,6720000.0,1008000.0,0,0,160272000.0,97440000.0,1.398579,136277528.24,5855128.28,4182234.48,1923264.0,12033845.0,NET_REVENUE_SHARE,row_net_revenue / month_channel_net_revenue,COMMERCIAL_COSTS,DERIVED,false,false
VN000001510,ORD00001510,2025-02-01,2025-02-01,SKU010,CUS05,CH01,VN,South,6000,24000,144000000.0,5760000.0,864000.0,0,0,137376000.0,72000000.0,1.398579,100697680.96,5018681.38,3584772.41,1648512.0,26426353.25,NET_REVENUE_SHARE,row_net_revenue / month_channel_net_revenue,COMMERCIAL_COSTS,DERIVED,false,false
VN000001511,ORD00001511,2025-02-01,2025-02-01,SKU011,CUS06,CH01,VN,Central,4000,35000,140000000.0,5600000.0,840000.0,0,0,133560000.0,42000000.0,1.398579,58740313.89,4879273.56,3485195.4,1602720.0,64852497.15,NET_REVENUE_SHARE,row_net_revenue / month_channel_net_revenue,COMMERCIAL_COSTS,DERIVED,false,false
VN000001512,ORD00001512,2025-02-01,2025-02-01,SKU012,CUS07,CH01,VN,North,5000,29000,145000000.0,5800000.0,870000.0,0,0,138330000.0,56550000.0,1.398579,79089636.92,5053533.33,3609666.67,1659960.0,48917203.08,NET_REVENUE_SHARE,row_net_revenue / month_channel_net_revenue,COMMERCIAL_COSTS,DERIVED,false,false
VN000001513,ORD00001513,2025-02-01,2025-02-01,SKU001,CUS07,CH02,VN,North,6000,31000,186000000.0,7440000.0,1116000.0,0,0,177444000.0,74400000.0,1.38447,103004558.66,8260644.47,6792085.45,2129328.0,57257383.42,NET_REVENUE_SHARE,row_net_revenue / month_channel_net_revenue,COMMERCIAL_COSTS,DERIVED,false,false
VN000001514,ORD00001514,2025-02-01,2025-02-01,SKU002,CUS08,CH02,VN,South,4000,36000,144000000.0,5760000.0,864000.0,0,0,137376000.0,51840000.0,1.38447,71770918.29,6395337.65,5258388.74,1648512.0,52302843.32,NET_REVENUE_SHARE,row_net_revenue / month_channel_net_revenue,COMMERCIAL_COSTS,DERIVED,false,false
VN000001515,ORD00001515,2025-02-01,2025-02-01,SKU003,CUS09,CH02,VN,Central,4000,32000,128000000.0,5120000.0,768000.0,0,0,122112000.0,48640000.0,1.38447,67340614.69,5684744.58,4674123.32,1465344.0,42947173.41,NET_REVENUE_SHARE,row_net_revenue / month_channel_net_revenue,COMMERCIAL_COSTS,DERIVED,false,false
VN000001516,ORD00001516,2025-02-01,2025-02-01,SKU004,CUS10,CH02,VN,North,6000,28000,168000000.0,6720000.0,1008000.0,0,0,160272000.0,73920000.0,1.38447,102340013.12,7461227.26,6134786.86,1923264.0,42412708.76,NET_REVENUE_SHARE,row_net_revenue / month_channel_net_revenue,COMMERCIAL_COSTS,DERIVED,false,false
VN000001517,ORD00001517,2025-02-01,2025-02-01,SKU005,CUS01,CH02,VN,North,5000,27000,135000000.0,5400000.0,810000.0,0,0,128790000.0,62100000.0,1.38447,85975579.2,5995629.05,4929739.44,1545480.0,30343572.31,NET_REVENUE_SHARE,row_net_revenue / month_channel_net_revenue,COMMERCIAL_COSTS,DERIVED,false,false
VN000001518,ORD00001518,2025-02-01,2025-02-01,SKU006,CUS02,CH02,VN,South,4000,30000,120000000.0,4800000.0,720000.0,0,0,114480000.0,50400000.0,1.38447,69777281.67,5329448.04,4381990.61,1373760.0,33617519.68,NET_REVENUE_SHARE,row_net_revenue / month_channel_net_revenue,COMMERCIAL_COSTS,DERIVED,false,false
VN000001519,ORD00001519,2025-02-01,2025-02-01,SKU007,CUS03,CH02,VN,Central,6000,23000,138000000.0,5520000.0,828000.0,0,0,131652000.0,75900000.0,1.38447,105081263.47,6128865.25,5039289.21,1579824.0,13822758.07,NET_REVENUE_SHARE,row_net_revenue / month_channel_net_revenue,COMMERCIAL_COSTS,DERIVED,false,false
VN000001520,ORD00001520,2025-02-01,2025-02-01,SKU008,CUS04,CH02,VN,North,5000,25000,125000000.0,5000000.0,750000.0,0,0,119250000.0,65000000.0,1.38447,89990541.84,5551508.38,4564573.56,1431000.0,17712376.22,NET_REVENUE_SHARE,row_net_revenue / month_channel_net_revenue,COMMERCIAL_COSTS,DERIVED,false,false
VN000001521,ORD00001521,2025-02-01,2025-02-01,SKU009,CUS05,CH02,VN,South,6000,21000,126000000.0,5040000.0,756000.0,0,0,120204000.0,73080000.0,1.38447,101177058.42,5595920.45,4601090.15,1442448.0,7387482.98,NET_REVENUE_SHARE,row_net_revenue / month_channel_net_revenue,COMMERCIAL_COSTS,DERIVED,false,false
VN000001522,ORD00001522,2025-02-01,2025-02-01,SKU010,CUS06,CH02,VN,Central,5000,24000,120000000.0,4800000.0,720000.0,0,0,114480000.0,60000000.0,1.38447,83068192.47,5329448.04,4381990.61,1373760.0,20326608.88,NET_REVENUE_SHARE,row_net_revenue / month_channel_net_revenue,COMMERCIAL_COSTS,DERIVED,false,false
VN000001523,ORD00001523,2025-02-01,2025-02-01,SKU011,CUS07,CH02,VN,North,3000,35000,105000000.0,4200000.0,630000.0,0,0,100170000.0,31500000.0,1.38447,43610801.04,4663267.04,3834241.79,1202040.0,46859650.13,NET_REVENUE_SHARE,row_net_revenue / month_channel_net_revenue,COMMERCIAL_COSTS,DERIVED,false,false
VN000001524,ORD00001524,2025-02-01,2025-02-01,SKU012,CUS08,CH02,VN,South,4000,29000,116000000.0,4640000.0,696000.0,0,0,110664000.0,45240000.0,1.38447,62633417.13,5151799.78,4235924.26,1327968.0,37314890.83,NET_REVENUE_SHARE,row_net_revenue / month_channel_net_revenue,COMMERCIAL_COSTS,DERIVED,false,false
VN000001525,ORD00001525,2025-02-01,2025-02-01,SKU001,CUS08,CH03,VN,South,5000,31000,155000000.0,10075000.0,930000.0,0,0,143995000.0,62000000.0,1.466113,90899010.26,18028134.03,3755861.26,1727940.0,29584054.45,NET_REVENUE_SHARE,row_net_revenue / month_channel_net_revenue,COMMERCIAL_COSTS,DERIVED,false,false
VN000001526,ORD00001526,2025-02-01,2025-02-01,SKU002,CUS09,CH03,VN,Central,4000,36000,144000000.0,9360000.0,864000.0,0,0,133776000.0,51840000.0,1.466113,76003301.48,16748718.06,3489316.26,1605312.0,35929352.2,NET_REVENUE_SHARE,row_net_revenue / month_channel_net_revenue,COMMERCIAL_COSTS,DERIVED,false,false
VN000001527,ORD00001527,2025-02-01,2025-02-01,SKU003,CUS10,CH03,VN,North,3000,32000,96000000.0,6240000.0,576000.0,0,0,89184000.0,36480000.0,1.466113,53483804.75,11165812.04,2326210.84,1070208.0,21137964.37,NET_REVENUE_SHARE,row_net_revenue / month_channel_net_revenue,COMMERCIAL_COSTS,DERIVED,false,false
VN000001528,ORD00001528,2025-02-01,2025-02-01,SKU004,CUS01,CH03,VN,North,5000,28000,140000000.0,9100000.0,840000.0,0,0,130060000.0,61600000.0,1.466113,90312565.03,16283475.9,3392390.81,1560720.0,18510848.26,NET_REVENUE_SHARE,row_net_revenue / month_channel_net_revenue,COMMERCIAL_COSTS,DERIVED,false,false
VN000001529,ORD00001529,2025-02-01,2025-02-01,SKU005,CUS02,CH03,VN,South,4000,27000,108000000.0,7020000.0,648000.0,0,0,100332000.0,49680000.0,1.466113,72836497.25,12561538.55,2616987.2,1203984.0,11112993.0,NET_REVENUE_SHARE,row_net_revenue / month_channel_net_revenue,COMMERCIAL_COSTS,DERIVED,false,false
VN000001530,ORD00001530,2025-02-01,2025-02-01,SKU006,CUS03,CH03,VN,Central,3000,30000,90000000.0,5850000.0,540000.0,0,0,83610000.0,37800000.0,1.466113,55419074.0,10467948.79,2180822.66,1003320.0,14538834.55,NET_REVENUE_SHARE,row_net_revenue / month_channel_net_revenue,COMMERCIAL_COSTS,DERIVED,false,false
VN000001531,ORD00001531,2025-02-01,2025-02-01,SKU007,CUS04,CH03,VN,North,5000,23000,115000000.0,7475000.0,690000.0,0,0,106835000.0,63250000.0,1.466113,92731651.6,13375712.34,2786606.74,1282020.0,-3340990.68,NET_REVENUE_SHARE,row_net_revenue / month_channel_net_revenue,COMMERCIAL_COSTS,DERIVED,false,false
VN000001532,ORD00001532,2025-02-01,2025-02-01,SKU008,CUS05,CH03,VN,South,4000,25000,100000000.0,6500000.0,600000.0,0,0,92900000.0,52000000.0,1.466113,76237879.57,11631054.21,2423136.29,1114800.0,1493129.93,NET_REVENUE_SHARE,row_net_revenue / month_channel_net_revenue,COMMERCIAL_COSTS,DERIVED,false,false
VN000001533,ORD00001533,2025-02-01,2025-02-01,SKU009,CUS06,CH03,VN,Central,5000,21000,105000000.0,6825000.0,630000.0,0,0,97545000.0,60900000.0,1.466113,89286285.89,12212606.92,2544293.11,1170540.0,-7668725.92,NET_REVENUE_SHARE,row_net_revenue / month_channel_net_revenue,COMMERCIAL_COSTS,DERIVED,false,false
VN000001534,ORD00001534,2025-02-01,2025-02-01,SKU010,CUS07,CH03,VN,North,4000,24000,96000000.0,6240000.0,576000.0,0,0,89184000.0,48000000.0,1.466113,70373427.3,11165812.04,2326210.84,1070208.0,4248341.82,NET_REVENUE_SHARE,row_net_revenue / month_channel_net_revenue,COMMERCIAL_COSTS,DERIVED,false,false
VN000001535,ORD00001535,2025-02-01,2025-02-01,SKU011,CUS08,CH03,VN,South,2000,35000,70000000.0,4550000.0,420000.0,0,0,65030000.0,21000000.0,1.466113,30788374.44,8141737.95,1696195.41,780360.0,23623332.2,NET_REVENUE_SHARE,row_net_revenue / month_channel_net_revenue,COMMERCIAL_COSTS,DERIVED,false,false
VN000001536,ORD00001536,2025-02-01,2025-02-01,SKU012,CUS09,CH03,VN,Central,3000,29000,87000000.0,5655000.0,522000.0,0,0,80823000.0,33930000.0,1.466113,49745216.43,10119017.16,2108128.58,969876.0,17880761.83,NET_REVENUE_SHARE,row_net_revenue / month_channel_net_revenue,COMMERCIAL_COSTS,DERIVED,false,false
VN000001537,ORD00001537,2025-02-01,2025-02-01,SKU001,CUS09,CH04,VN,Central,2000,31000,62000000.0,2480000.0,1116000.0,0,0,58404000.0,24800000.0,1.466191,36361543.45,5158400.0,1612000.0,700848.0,14571208.55,NET_REVENUE_SHARE,row_net_revenue / month_channel_net_revenue,COMMERCIAL_COSTS,DERIVED,false,false
VN000001538,ORD00001538,2025-02-01,2025-02-01,SKU002,CUS10,CH04,VN,North,2000,36000,72000000.0,2880000.0,1296000.0,0,0,67824000.0,25920000.0,1.466191,38003677.67,5990400.0,1872000.0,813888.0,21144034.33,NET_REVENUE_SHARE,row_net_revenue / month_channel_net_revenue,COMMERCIAL_COSTS,DERIVED,false,false
VN000001539,ORD00001539,2025-02-01,2025-02-01,SKU003,CUS01,CH04,VN,North,2000,32000,64000000.0,2560000.0,1152000.0,0,0,60288000.0,24320000.0,1.466191,35657771.64,5324800.0,1664000.0,723456.0,16917972.36,NET_REVENUE_SHARE,row_net_revenue / month_channel_net_revenue,COMMERCIAL_COSTS,DERIVED,false,false
VN000001540,ORD00001540,2025-02-01,2025-02-01,SKU004,CUS02,CH04,VN,South,2000,28000,56000000.0,2240000.0,1008000.0,0,0,52752000.0,24640000.0,1.466191,36126952.84,4659200.0,1456000.0,633024.0,9876823.16,NET_REVENUE_SHARE,row_net_revenue / month_channel_net_revenue,COMMERCIAL_COSTS,DERIVED,false,false
VN000001541,ORD00001541,2025-02-01,2025-02-01,SKU005,CUS03,CH04,VN,Central,2000,27000,54000000.0,2160000.0,972000.0,0,0,50868000.0,24840000.0,1.466191,36420191.1,4492800.0,1404000.0,610416.0,7940592.9,NET_REVENUE_SHARE,row_net_revenue / month_channel_net_revenue,COMMERCIAL_COSTS,DERIVED,false,false
VN000001542,ORD00001542,2025-02-01,2025-02-01,SKU006,CUS04,CH04,VN,North,1000,30000,30000000.0,1200000.0,540000.0,0,0,28260000.0,12600000.0,1.466191,18474009.98,2496000.0,780000.0,339120.0,6170870.02,NET_REVENUE_SHARE,row_net_revenue / month_channel_net_revenue,COMMERCIAL_COSTS,DERIVED,false,false
VN000001543,ORD00001543,2025-02-01,2025-02-01,SKU007,CUS05,CH04,VN,South,2000,23000,46000000.0,1840000.0,828000.0,0,0,43332000.0,25300000.0,1.466191,37094639.08,3827200.0,1196000.0,519984.0,694176.92,NET_REVENUE_SHARE,row_net_revenue / month_channel_net_revenue,COMMERCIAL_COSTS,DERIVED,false,false
VN000001544,ORD00001544,2025-02-01,2025-02-01,SKU008,CUS06,CH04,VN,Central,2000,25000,50000000.0,2000000.0,900000.0,0,0,47100000.0,26000000.0,1.466191,38120972.97,4160000.0,1300000.0,565200.0,2953827.03,NET_REVENUE_SHARE,row_net_revenue / month_channel_net_revenue,COMMERCIAL_COSTS,DERIVED,false,false
VN000001545,ORD00001545,2025-02-01,2025-02-01,SKU009,CUS07,CH04,VN,North,2000,21000,42000000.0,1680000.0,756000.0,0,0,39564000.0,24360000.0,1.466191,35716419.29,3494400.0,1092000.0,474768.0,-1213587.29,NET_REVENUE_SHARE,row_net_revenue / month_channel_net_revenue,COMMERCIAL_COSTS,DERIVED,false,false
VN000001546,ORD00001546,2025-02-01,2025-02-01,SKU010,CUS08,CH04,VN,South,2000,24000,48000000.0,1920000.0,864000.0,0,0,45216000.0,24000000.0,1.466191,35188590.43,3993600.0,1248000.0,542592.0,4243217.57,NET_REVENUE_SHARE,row_net_revenue / month_channel_net_revenue,COMMERCIAL_COSTS,DERIVED,false,false
VN000001547,ORD00001547,2025-02-01,2025-02-01,SKU011,CUS09,CH04,VN,Central,1000,35000,35000000.0,1400000.0,630000.0,0,0,32970000.0,10500000.0,1.466191,15395008.31,2912000.0,910000.0,395640.0,13357351.69,NET_REVENUE_SHARE,row_net_revenue / month_channel_net_revenue,COMMERCIAL_COSTS,DERIVED,false,false
VN000001548,ORD00001548,2025-02-01,2025-02-01,SKU012,CUS10,CH04,VN,North,1000,29000,29000000.0,1160000.0,522000.0,0,0,27318000.0,11310000.0,1.466191,16582623.24,2412800.0,754000.0,327816.0,7240760.76,NET_REVENUE_SHARE,row_net_revenue / month_channel_net_revenue,COMMERCIAL_COSTS,DERIVED,false,false
VN000001549,ORD00001549,2025-02-01,2025-02-01,SKU001,CUS10,CH05,VN,North,3000,31000,93000000.0,3720000.0,558000.0,0,0,88722000.0,37200000.0,1.370188,50970988.51,1819883.52,2274854.4,1064664.0,32591609.57,NET_REVENUE_SHARE,row_net_revenue / month_channel_net_revenue,COMMERCIAL_COSTS,DERIVED,false,false
VN000001550,ORD00001550,2025-02-01,2025-02-01,SKU002,CUS01,CH05,VN,North,2000,36000,72000000.0,2880000.0,432000.0,0,0,68688000.0,25920000.0,1.370188,35515269.42,1408942.08,1761177.6,824256.0,29178354.9,NET_REVENUE_SHARE,row_net_revenue / month_channel_net_revenue,COMMERCIAL_COSTS,DERIVED,false,false
VN000001551,ORD00001551,2025-02-01,2025-02-01,SKU003,CUS02,CH05,VN,South,2000,32000,64000000.0,2560000.0,384000.0,0,0,61056000.0,24320000.0,1.370188,33322968.83,1252392.96,1565491.2,732672.0,24182475.01,NET_REVENUE_SHARE,row_net_revenue / month_channel_net_revenue,COMMERCIAL_COSTS,DERIVED,false,false
VN000001552,ORD00001552,2025-02-01,2025-02-01,SKU004,CUS03,CH05,VN,Central,3000,28000,84000000.0,3360000.0,504000.0,0,0,80136000.0,36960000.0,1.370188,50642143.43,1643765.76,2054707.2,961632.0,24833751.61,NET_REVENUE_SHARE,row_net_revenue / month_channel_net_revenue,COMMERCIAL_COSTS,DERIVED,false,false
VN000001553,ORD00001553,2025-02-01,2025-02-01,SKU005,CUS04,CH05,VN,North,2000,27000,54000000.0,2160000.0,324000.0,0,0,51516000.0,24840000.0,1.370188,34035466.52,1056706.56,1320883.2,618192.0,14484751.72,NET_REVENUE_SHARE,row_net_revenue / month_channel_net_revenue,COMMERCIAL_COSTS,DERIVED,false,false
VN000001554,ORD00001554,2025-02-01,2025-02-01,SKU006,CUS05,CH05,VN,South,2000,30000,60000000.0,2400000.0,360000.0,0,0,57240000.0,25200000.0,1.370188,34528734.15,1174118.4,1467648.0,686880.0,19382619.45,NET_REVENUE_SHARE,row_net_revenue / month_channel_net_revenue,COMMERCIAL_COSTS,DERIVED,false,false
VN000001555,ORD00001555,2025-02-01,2025-02-01,SKU007,CUS06,CH05,VN,Central,3000,23000,69000000.0,2760000.0,414000.0,0,0,65826000.0,37950000.0,1.370188,51998629.41,1350236.16,1687795.2,789912.0,9999427.23,NET_REVENUE_SHARE,row_net_revenue / month_channel_net_revenue,COMMERCIAL_COSTS,DERIVED,false,false
VN000001556,ORD00001556,2025-02-01,2025-02-01,SKU008,CUS07,CH05,VN,North,2000,25000,50000000.0,2000000.0,300000.0,0,0,47700000.0,26000000.0,1.370188,35624884.45,978432.0,1223040.0,572400.0,9301243.55,NET_REVENUE_SHARE,row_net_revenue / month_channel_net_revenue,COMMERCIAL_COSTS,DERIVED,false,false
VN000001557,ORD00001557,2025-02-01,2025-02-01,SKU009,CUS08,CH05,VN,South,3000,21000,63000000.0,2520000.0,378000.0,0,0,60102000.0,36540000.0,1.370188,50066664.52,1232824.32,1541030.4,721224.0,6540256.76,NET_REVENUE_SHARE,row_net_revenue / month_channel_net_revenue,COMMERCIAL_COSTS,DERIVED,false,false
VN000001558,ORD00001558,2025-02-01,2025-02-01,SKU010,CUS09,CH05,VN,Central,2000,24000,48000000.0,1920000.0,288000.0,0,0,45792000.0,24000000.0,1.370188,32884508.72,939294.72,1174118.4,549504.0,10244574.16,NET_REVENUE_SHARE,row_net_revenue / month_channel_net_revenue,COMMERCIAL_COSTS,DERIVED,false,false
VN000001559,ORD00001559,2025-02-01,2025-02-01,SKU011,CUS10,CH05,VN,North,1000,35000,35000000.0,1400000.0,210000.0,0,0,33390000.0,10500000.0,1.370188,14386972.56,684902.4,856128.0,400680.0,17061317.04,NET_REVENUE_SHARE,row_net_revenue / month_channel_net_revenue,COMMERCIAL_COSTS,DERIVED,false,false
VN000001560,ORD00001560,2025-02-01,2025-02-01,SKU012,CUS01,CH05,VN,North,2000,29000,58000000.0,2320000.0,348000.0,0,0,55332000.0,22620000.0,1.370188,30993649.48,1134981.12,1418726.4,663984.0,21120659.0,NET_REVENUE_SHARE,row_net_revenue / month_channel_net_revenue,COMMERCIAL_COSTS,DERIVED,false,false
VN000001561,ORD00001561,2025-03-01,2025-03-01,SKU001,CUS07,CH01,VN,North,8000,31000,248000000.0,9920000.0,1488000.0,0,0,236592000.0,99200000.0,1.430351,141890827.26,8862639.86,6330457.04,2839104.0,76668971.84,NET_REVENUE_SHARE,row_net_revenue / month_channel_net_revenue,COMMERCIAL_COSTS,DERIVED,false,false
VN000001562,ORD00001562,2025-03-01,2025-03-01,SKU002,CUS08,CH01,VN,South,6000,36000,216000000.0,8640000.0,1296000.0,0,0,206064000.0,77760000.0,1.430351,111224100.08,7719073.43,5513623.88,2472768.0,79134434.61,NET_REVENUE_SHARE,row_net_revenue / month_channel_net_revenue,COMMERCIAL_COSTS,DERIVED,false,false
VN000001563,ORD00001563,2025-03-01,2025-03-01,SKU003,CUS09,CH01,VN,Central,5000,32000,160000000.0,6400000.0,960000.0,0,0,152640000.0,60800000.0,1.430351,86965345.74,5717832.17,4084165.83,1831680.0,54040976.26,NET_REVENUE_SHARE,row_net_revenue / month_channel_net_revenue,COMMERCIAL_COSTS,DERIVED,false,false
VN000001564,ORD00001564,2025-03-01,2025-03-01,SKU004,CUS10,CH01,VN,North,8000,28000,224000000.0,8960000.0,1344000.0,0,0,213696000.0,98560000.0,1.430351,140975402.57,8004965.04,5717832.17,2564352.0,56433448.22,NET_REVENUE_SHARE,row_net_revenue / month_channel_net_revenue,COMMERCIAL_COSTS,DERIVED,false,false
VN000001565,ORD00001565,2025-03-01,2025-03-01,SKU005,CUS01,CH01,VN,North,6000,27000,162000000.0,6480000.0,972000.0,0,0,154548000.0,74520000.0,1.430351,106589762.57,5789305.07,4135217.91,1854576.0,36179138.45,NET_REVENUE_SHARE,row_net_revenue / month_channel_net_revenue,COMMERCIAL_COSTS,DERIVED,false,false
VN000001566,ORD00001566,2025-03-01,2025-03-01,SKU006,CUS02,CH01,VN,South,5000,30000,150000000.0,6000000.0,900000.0,0,0,143100000.0,63000000.0,1.430351,90112118.12,5360467.66,3828905.47,1717200.0,42081308.75,NET_REVENUE_SHARE,row_net_revenue / month_channel_net_revenue,COMMERCIAL_COSTS,DERIVED,false,false
VN000001567,ORD00001567,2025-03-01,2025-03-01,SKU007,CUS03,CH01,VN,Central,9000,23000,207000000.0,8280000.0,1242000.0,0,0,197478000.0,113850000.0,1.430351,162845470.6,7397445.37,5283889.55,2369736.0,19581458.48,NET_REVENUE_SHARE,row_net_revenue / month_channel_net_revenue,COMMERCIAL_COSTS,DERIVED,false,false
VN000001568,ORD00001568,2025-03-01,2025-03-01,SKU008,CUS04,CH01,VN,North,7000,25000,175000000.0,7000000.0,1050000.0,0,0,166950000.0,91000000.0,1.430351,130161948.39,6253878.93,4467056.38,2003400.0,24063716.3,NET_REVENUE_SHARE,row_net_revenue / month_channel_net_revenue,COMMERCIAL_COSTS,DERIVED,false,false
VN000001569,ORD00001569,2025-03-01,2025-03-01,SKU009,CUS05,CH01,VN,South,8000,21000,168000000.0,6720000.0,1008000.0,0,0,160272000.0,97440000.0,1.430351,139373409.36,6003723.78,4288374.13,1923264.0,8683228.73,NET_REVENUE_SHARE,row_net_revenue / month_channel_net_revenue,COMMERCIAL_COSTS,DERIVED,false,false
VN000001570,ORD00001570,2025-03-01,2025-03-01,SKU010,CUS06,CH01,VN,Central,6000,24000,144000000.0,5760000.0,864000.0,0,0,137376000.0,72000000.0,1.430351,102985277.85,5146048.95,3675749.25,1648512.0,23920411.95,NET_REVENUE_SHARE,row_net_revenue / month_channel_net_revenue,COMMERCIAL_COSTS,DERIVED,false,false
VN000001571,ORD00001571,2025-03-01,2025-03-01,SKU011,CUS07,CH01,VN,North,4000,35000,140000000.0,5600000.0,840000.0,0,0,133560000.0,42000000.0,1.430351,60074745.41,5003103.15,3573645.11,1602720.0,63305786.33,NET_REVENUE_SHARE,row_net_revenue / month_channel_net_revenue,COMMERCIAL_COSTS,DERIVED,false,false
VN000001572,ORD00001572,2025-03-01,2025-03-01,SKU012,CUS08,CH01,VN,South,5000,29000,145000000.0,5800000.0,870000.0,0,0,138330000.0,56550000.0,1.430351,80886353.65,5181785.4,3701275.29,1659960.0,46900625.66,NET_REVENUE_SHARE,row_net_revenue / month_channel_net_revenue,COMMERCIAL_COSTS,DERIVED,false,false
VN000001573,ORD00001573,2025-03-01,2025-03-01,SKU001,CUS08,CH02,VN,South,6000,31000,186000000.0,7440000.0,1116000.0,0,0,177444000.0,74400000.0,1.403789,104441871.58,8370619.08,6882509.02,2129328.0,55619672.32,NET_REVENUE_SHARE,row_net_revenue / month_channel_net_revenue,COMMERCIAL_COSTS,DERIVED,false,false
VN000001574,ORD00001574,2025-03-01,2025-03-01,SKU002,CUS09,CH02,VN,Central,5000,36000,180000000.0,7200000.0,1080000.0,0,0,171720000.0,64800000.0,1.403789,90965501.05,8100599.11,6660492.6,2060640.0,63932767.24,NET_REVENUE_SHARE,row_net_revenue / month_channel_net_revenue,COMMERCIAL_COSTS,DERIVED,false,false
VN000001575,ORD00001575,2025-03-01,2025-03-01,SKU003,CUS10,CH02,VN,North,4000,32000,128000000.0,5120000.0,768000.0,0,0,122112000.0,48640000.0,1.403789,68280277.33,5760426.03,4736350.29,1465344.0,41869602.35,NET_REVENUE_SHARE,row_net_revenue / month_channel_net_revenue,COMMERCIAL_COSTS,DERIVED,false,false
VN000001576,ORD00001576,2025-03-01,2025-03-01,SKU004,CUS01,CH02,VN,North,6000,28000,168000000.0,6720000.0,1008000.0,0,0,160272000.0,73920000.0,1.403789,103768053.05,7560559.17,6216459.76,1923264.0,40803664.02,NET_REVENUE_SHARE,row_net_revenue / month_channel_net_revenue,COMMERCIAL_COSTS,DERIVED,false,false
VN000001577,ORD00001577,2025-03-01,2025-03-01,SKU005,CUS02,CH02,VN,South,5000,27000,135000000.0,5400000.0,810000.0,0,0,128790000.0,62100000.0,1.403789,87175271.84,6075449.33,4995369.45,1545480.0,28998429.38,NET_REVENUE_SHARE,row_net_revenue / month_channel_net_revenue,COMMERCIAL_COSTS,DERIVED,false,false
VN000001578,ORD00001578,2025-03-01,2025-03-01,SKU006,CUS03,CH02,VN,Central,4000,30000,120000000.0,4800000.0,720000.0,0,0,114480000.0,50400000.0,1.403789,70750945.26,5400399.41,4440328.4,1373760.0,32514566.93,NET_REVENUE_SHARE,row_net_revenue / month_channel_net_revenue,COMMERCIAL_COSTS,DERIVED,false,false
VN000001579,ORD00001579,2025-03-01,2025-03-01,SKU007,CUS04,CH02,VN,North,7000,23000,161000000.0,6440000.0,966000.0,0,0,153594000.0,88550000.0,1.403789,124305480.22,7245535.87,5957440.6,1843128.0,14242415.31,NET_REVENUE_SHARE,row_net_revenue / month_channel_net_revenue,COMMERCIAL_COSTS,DERIVED,false,false
VN000001580,ORD00001580,2025-03-01,2025-03-01,SKU008,CUS05,CH02,VN,South,5000,25000,125000000.0,5000000.0,750000.0,0,0,119250000.0,65000000.0,1.403789,91246258.77,5625416.05,4625342.08,1431000.0,16321983.1,NET_REVENUE_SHARE,row_net_revenue / month_channel_net_revenue,COMMERCIAL_COSTS,DERIVED,false,false
VN000001581,ORD00001581,2025-03-01,2025-03-01,SKU009,CUS06,CH02,VN,Central,6000,21000,126000000.0,5040000.0,756000.0,0,0,120204000.0,73080000.0,1.403789,102588870.63,5670419.38,4662344.82,1442448.0,5839917.17,NET_REVENUE_SHARE,row_net_revenue / month_channel_net_revenue,COMMERCIAL_COSTS,DERIVED,false,false
VN000001582,ORD00001582,2025-03-01,2025-03-01,SKU010,CUS07,CH02,VN,North,5000,24000,120000000.0,4800000.0,720000.0,0,0,114480000.0,60000000.0,1.403789,84227315.79,5400399.41,4440328.4,1373760.0,19038196.4,NET_REVENUE_SHARE,row_net_revenue / month_channel_net_revenue,COMMERCIAL_COSTS,DERIVED,false,false
VN000001583,ORD00001583,2025-03-01,2025-03-01,SKU011,CUS08,CH02,VN,South,3000,35000,105000000.0,4200000.0,630000.0,0,0,100170000.0,31500000.0,1.403789,44219340.79,4725349.48,3885287.35,1202040.0,46137982.38,NET_REVENUE_SHARE,row_net_revenue / month_channel_net_revenue,COMMERCIAL_COSTS,DERIVED,false,false
VN000001584,ORD00001584,2025-03-01,2025-03-01,SKU012,CUS09,CH02,VN,Central,4000,29000,116000000.0,4640000.0,696000.0,0,0,110664000.0,45240000.0,1.403789,63507396.09,5220386.09,4292317.45,1327968.0,36315932.37,NET_REVENUE_SHARE,row_net_revenue / month_channel_net_revenue,COMMERCIAL_COSTS,DERIVED,false,false
VN000001585,ORD00001585,2025-03-01,2025-03-01,SKU001,CUS09,CH03,VN,Central,5000,31000,155000000.0,10075000.0,930000.0,0,0,143995000.0,62000000.0,1.548075,95980658.91,19035984.86,3965830.18,1727940.0,23284586.05,NET_REVENUE_SHARE,row_net_revenue / month_channel_net_revenue,COMMERCIAL_COSTS,DERIVED,false,false
VN000001586,ORD00001586,2025-03-01,2025-03-01,SKU002,CUS10,CH03,VN,North,4000,36000,144000000.0,9360000.0,864000.0,0,0,133776000.0,51840000.0,1.548075,80252215.45,17685044.0,3684384.17,1605312.0,30549044.38,NET_REVENUE_SHARE,row_net_revenue / month_channel_net_revenue,COMMERCIAL_COSTS,DERIVED,false,false
VN000001587,ORD00001587,2025-03-01,2025-03-01,SKU003,CUS01,CH03,VN,North,3000,32000,96000000.0,6240000.0,576000.0,0,0,89184000.0,36480000.0,1.548075,56473781.24,11790029.33,2456256.11,1070208.0,17393725.32,NET_REVENUE_SHARE,row_net_revenue / month_channel_net_revenue,COMMERCIAL_COSTS,DERIVED,false,false
VN000001588,ORD00001588,2025-03-01,2025-03-01,SKU004,CUS02,CH03,VN,South,5000,28000,140000000.0,9100000.0,840000.0,0,0,130060000.0,61600000.0,1.548075,95361428.85,17193792.77,3582040.16,1560720.0,12362018.22,NET_REVENUE_SHARE,row_net_revenue / month_channel_net_revenue,COMMERCIAL_COSTS,DERIVED,false,false
VN000001589,ORD00001589,2025-03-01,2025-03-01,SKU005,CUS03,CH03,VN,Central,4000,27000,108000000.0,7020000.0,648000.0,0,0,100332000.0,49680000.0,1.548075,76908373.14,13263783.0,2763288.12,1203984.0,6192571.74,NET_REVENUE_SHARE,row_net_revenue / month_channel_net_revenue,COMMERCIAL_COSTS,DERIVED,false,false
VN000001590,ORD00001590,2025-03-01,2025-03-01,SKU006,CUS04,CH03,VN,North,3000,30000,90000000.0,5850000.0,540000.0,0,0,83610000.0,37800000.0,1.548075,58517240.43,11053152.5,2302740.1,1003320.0,10733546.97,NET_REVENUE_SHARE,row_net_revenue / month_channel_net_revenue,COMMERCIAL_COSTS,DERIVED,false,false
VN000001591,ORD00001591,2025-03-01,2025-03-01,SKU007,CUS05,CH03,VN,South,5000,23000,115000000.0,7475000.0,690000.0,0,0,106835000.0,63250000.0,1.548075,97915752.84,14123472.64,2942390.13,1282020.0,-9428635.61,NET_REVENUE_SHARE,row_net_revenue / month_channel_net_revenue,COMMERCIAL_COSTS,DERIVED,false,false
VN000001592,ORD00001592,2025-03-01,2025-03-01,SKU008,CUS06,CH03,VN,Central,4000,25000,100000000.0,6500000.0,600000.0,0,0,92900000.0,52000000.0,1.548075,80499907.47,12281280.55,2558600.12,1114800.0,-3554588.14,NET_REVENUE_SHARE,row_net_revenue / month_channel_net_revenue,COMMERCIAL_COSTS,DERIVED,false,false
VN000001593,ORD00001593,2025-03-01,2025-03-01,SKU009,CUS07,CH03,VN,North,5000,21000,105000000.0,6825000.0,630000.0,0,0,97545000.0,60900000.0,1.548075,94277776.25,12895344.58,2686530.12,1170540.0,-13485190.95,NET_REVENUE_SHARE,row_net_revenue / month_channel_net_revenue,COMMERCIAL_COSTS,DERIVED,false,false
VN000001594,ORD00001594,2025-03-01,2025-03-01,SKU010,CUS08,CH03,VN,South,4000,24000,96000000.0,6240000.0,576000.0,0,0,89184000.0,48000000.0,1.548075,74307606.9,11790029.33,2456256.11,1070208.0,-440100.34,NET_REVENUE_SHARE,row_net_revenue / month_channel_net_revenue,COMMERCIAL_COSTS,DERIVED,false,false
VN000001595,ORD00001595,2025-03-01,2025-03-01,SKU011,CUS09,CH03,VN,Central,2000,35000,70000000.0,4550000.0,420000.0,0,0,65030000.0,21000000.0,1.548075,32509578.02,8596896.39,1791020.08,780360.0,21352145.51,NET_REVENUE_SHARE,row_net_revenue / month_channel_net_revenue,COMMERCIAL_COSTS,DERIVED,false,false
VN000001596,ORD00001596,2025-03-01,2025-03-01,SKU012,CUS10,CH03,VN,North,3000,29000,87000000.0,5655000.0,522000.0,0,0,80823000.0,33930000.0,1.548075,52526189.61,10684714.08,2225982.1,969876.0,14416238.21,NET_REVENUE_SHARE,row_net_revenue / month_channel_net_revenue,COMMERCIAL_COSTS,DERIVED,false,false
VN000001597,ORD00001597,2025-03-01,2025-03-01,SKU001,CUS10,CH04,VN,North,2000,31000,62000000.0,2480000.0,1116000.0,0,0,58404000.0,24800000.0,1.409521,34956126.54,4978252.8,1555704.0,700848.0,16213068.66,NET_REVENUE_SHARE,row_net_revenue / month_channel_net_revenue,COMMERCIAL_COSTS,DERIVED,false,false
VN000001598,ORD00001598,2025-03-01,2025-03-01,SKU002,CUS01,CH04,VN,North,2000,36000,72000000.0,2880000.0,1296000.0,0,0,67824000.0,25920000.0,1.409521,36534790.32,5781196.8,1806624.0,813888.0,22887500.88,NET_REVENUE_SHARE,row_net_revenue / month_channel_net_revenue,COMMERCIAL_COSTS,DERIVED,false,false
VN000001599,ORD00001599,2025-03-01,2025-03-01,SKU003,CUS02,CH04,VN,South,2000,32000,64000000.0,2560000.0,1152000.0,0,0,60288000.0,24320000.0,1.409521,34279556.35,5138841.6,1605888.0,723456.0,18540258.05,NET_REVENUE_SHARE,row_net_revenue / month_channel_net_revenue,COMMERCIAL_COSTS,DERIVED,false,false
VN000001600,ORD00001600,2025-03-01,2025-03-01,SKU004,CUS03,CH04,VN,Central,2000,28000,56000000.0,2240000.0,1008000.0,0,0,52752000.0,24640000.0,1.409521,34730603.15,4496486.4,1405152.0,633024.0,11486734.45,NET_REVENUE_SHARE,row_net_revenue / month_channel_net_revenue,COMMERCIAL_COSTS,DERIVED,false,false
VN000001601,ORD00001601,2025-03-01,2025-03-01,SKU005,CUS04,CH04,VN,North,2000,27000,54000000.0,2160000.0,972000.0,0,0,50868000.0,24840000.0,1.409521,35012507.39,4335897.6,1354968.0,610416.0,9554211.01,NET_REVENUE_SHARE,row_net_revenue / month_channel_net_revenue,COMMERCIAL_COSTS,DERIVED,false,false
VN000001602,ORD00001602,2025-03-01,2025-03-01,SKU006,CUS05,CH04,VN,South,1000,30000,30000000.0,1200000.0,540000.0,0,0,28260000.0,12600000.0,1.409521,17759967.52,2408832.0,752760.0,339120.0,6999320.48,NET_REVENUE_SHARE,row_net_revenue / month_channel_net_revenue,COMMERCIAL_COSTS,DERIVED,false,false
VN000001603,ORD00001603,2025-03-01,2025-03-01,SKU007,CUS06,CH04,VN,Central,3000,23000,69000000.0,2760000.0,1242000.0,0,0,64998000.0,37950000.0,1.409521,53491330.74,5540313.6,1731348.0,779976.0,3455031.66,NET_REVENUE_SHARE,row_net_revenue / month_channel_net_revenue,COMMERCIAL_COSTS,DERIVED,false,false
VN000001604,ORD00001604,2025-03-01,2025-03-01,SKU008,CUS07,CH04,VN,North,2000,25000,50000000.0,2000000.0,900000.0,0,0,47100000.0,26000000.0,1.409521,36647552.02,4014720.0,1254600.0,565200.0,4617927.98,NET_REVENUE_SHARE,row_net_revenue / month_channel_net_revenue,COMMERCIAL_COSTS,DERIVED,false,false
VN000001605,ORD00001605,2025-03-01,2025-03-01,SKU009,CUS08,CH04,VN,South,2000,21000,42000000.0,1680000.0,756000.0,0,0,39564000.0,24360000.0,1.409521,34335937.2,3372364.8,1053864.0,474768.0,327066.0,NET_REVENUE_SHARE,row_net_revenue / month_channel_net_revenue,COMMERCIAL_COSTS,DERIVED,false,false
VN000001606,ORD00001606,2025-03-01,2025-03-01,SKU010,CUS09,CH04,VN,Central,2000,24000,48000000.0,1920000.0,864000.0,0,0,45216000.0,24000000.0,1.409521,33828509.56,3854131.2,1204416.0,542592.0,5786351.24,NET_REVENUE_SHARE,row_net_revenue / month_channel_net_revenue,COMMERCIAL_COSTS,DERIVED,false,false
VN000001607,ORD00001607,2025-03-01,2025-03-01,SKU011,CUS10,CH04,VN,North,1000,35000,35000000.0,1400000.0,630000.0,0,0,32970000.0,10500000.0,1.409521,14799972.93,2810304.0,878220.0,395640.0,14085863.07,NET_REVENUE_SHARE,row_net_revenue / month_channel_net_revenue,COMMERCIAL_COSTS,DERIVED,false,false
VN000001608,ORD00001608,2025-03-01,2025-03-01,SKU012,CUS01,CH04,VN,North,2000,29000,58000000.0,2320000.0,1044000.0,0,0,54636000.0,22620000.0,1.409521,31883370.28,4657075.2,1455336.0,655632.0,15984586.52,NET_REVENUE_SHARE,row_net_revenue / month_channel_net_revenue,COMMERCIAL_COSTS,DERIVED,false,false
VN000001609,ORD00001609,2025-03-01,2025-03-01,SKU001,CUS01,CH05,VN,North,3000,31000,93000000.0,3720000.0,558000.0,0,0,88722000.0,37200000.0,1.439278,53541142.6,1911649.08,2389561.34,1064664.0,29814982.98,NET_REVENUE_SHARE,row_net_revenue / month_channel_net_revenue,COMMERCIAL_COSTS,DERIVED,false,false
VN000001610,ORD00001610,2025-03-01,2025-03-01,SKU002,CUS02,CH05,VN,South,2000,36000,72000000.0,2880000.0,432000.0,0,0,68688000.0,25920000.0,1.439278,37306086.45,1479986.38,1849982.98,824256.0,27227688.19,NET_REVENUE_SHARE,row_net_revenue / month_channel_net_revenue,COMMERCIAL_COSTS,DERIVED,false,false
VN000001611,ORD00001611,2025-03-01,2025-03-01,SKU003,CUS03,CH05,VN,Central,2000,32000,64000000.0,2560000.0,384000.0,0,0,61056000.0,24320000.0,1.439278,35003241.61,1315543.45,1644429.31,732672.0,22360113.63,NET_REVENUE_SHARE,row_net_revenue / month_channel_net_revenue,COMMERCIAL_COSTS,DERIVED,false,false
VN000001612,ORD00001612,2025-03-01,2025-03-01,SKU004,CUS04,CH05,VN,North,3000,28000,84000000.0,3360000.0,504000.0,0,0,80136000.0,36960000.0,1.439278,53195715.87,1726650.78,2158313.47,961632.0,22093687.88,NET_REVENUE_SHARE,row_net_revenue / month_channel_net_revenue,COMMERCIAL_COSTS,DERIVED,false,false
VN000001613,ORD00001613,2025-03-01,2025-03-01,SKU005,CUS05,CH05,VN,South,2000,27000,54000000.0,2160000.0,324000.0,0,0,51516000.0,24840000.0,1.439278,35751666.19,1109989.79,1387487.23,618192.0,12648664.79,NET_REVENUE_SHARE,row_net_revenue / month_channel_net_revenue,COMMERCIAL_COSTS,DERIVED,false,false
VN000001614,ORD00001614,2025-03-01,2025-03-01,SKU006,CUS06,CH05,VN,Central,2000,30000,60000000.0,2400000.0,360000.0,0,0,57240000.0,25200000.0,1.439278,36269806.28,1233321.98,1541652.48,686880.0,17508339.26,NET_REVENUE_SHARE,row_net_revenue / month_channel_net_revenue,COMMERCIAL_COSTS,DERIVED,false,false
VN000001615,ORD00001615,2025-03-01,2025-03-01,SKU007,CUS07,CH05,VN,North,3000,23000,69000000.0,2760000.0,414000.0,0,0,65826000.0,37950000.0,1.439278,54620601.12,1418320.28,1772900.35,789912.0,7224266.25,NET_REVENUE_SHARE,row_net_revenue / month_channel_net_revenue,COMMERCIAL_COSTS,DERIVED,false,false
VN000001616,ORD00001616,2025-03-01,2025-03-01,SKU008,CUS08,CH05,VN,South,2000,25000,50000000.0,2000000.0,300000.0,0,0,47700000.0,26000000.0,1.439278,37421228.7,1027768.32,1284710.4,572400.0,7393892.58,NET_REVENUE_SHARE,row_net_revenue / month_channel_net_revenue,COMMERCIAL_COSTS,DERIVED,false,false
VN000001617,ORD00001617,2025-03-01,2025-03-01,SKU009,CUS09,CH05,VN,Central,3000,21000,63000000.0,2520000.0,378000.0,0,0,60102000.0,36540000.0,1.439278,52591219.1,1294988.08,1618735.1,721224.0,3875833.72,NET_REVENUE_SHARE,row_net_revenue / month_channel_net_revenue,COMMERCIAL_COSTS,DERIVED,false,false
VN000001618,ORD00001618,2025-03-01,2025-03-01,SKU010,CUS10,CH05,VN,North,2000,24000,48000000.0,1920000.0,288000.0,0,0,45792000.0,24000000.0,1.439278,34542672.64,986657.59,1233321.98,549504.0,8479843.79,NET_REVENUE_SHARE,row_net_revenue / month_channel_net_revenue,COMMERCIAL_COSTS,DERIVED,false,false
VN000001619,ORD00001619,2025-03-01,2025-03-01,SKU011,CUS01,CH05,VN,North,1000,35000,35000000.0,1400000.0,210000.0,0,0,33390000.0,10500000.0,1.439278,15112419.28,719437.82,899297.28,400680.0,16258165.62,NET_REVENUE_SHARE,row_net_revenue / month_channel_net_revenue,COMMERCIAL_COSTS,DERIVED,false,false
VN000001620,ORD00001620,2025-03-01,2025-03-01,SKU012,CUS02,CH05,VN,South,2000,29000,58000000.0,2320000.0,348000.0,0,0,55332000.0,22620000.0,1.439278,32556468.96,1192211.25,1490264.06,663984.0,19429071.73,NET_REVENUE_SHARE,row_net_revenue / month_channel_net_revenue,COMMERCIAL_COSTS,DERIVED,false,false
VN000001621,ORD00001621,2025-04-01,2025-04-01,SKU001,CUS08,CH01,VN,South,9000,31000,279000000.0,11160000.0,1674000.0,0,0,266166000.0,111600000.0,1.402788,156551140.88,9750065.73,6964332.66,4790988.0,88109472.73,NET_REVENUE_SHARE,row_net_revenue / month_channel_net_revenue,COMMERCIAL_COSTS,DERIVED,false,false
VN000001622,ORD00001622,2025-04-01,2025-04-01,SKU002,CUS09,CH01,VN,Central,6000,36000,216000000.0,8640000.0,1296000.0,0,0,206064000.0,77760000.0,1.402788,109080794.94,7548437.98,5391741.42,3709152.0,80333873.66,NET_REVENUE_SHARE,row_net_revenue / month_channel_net_revenue,COMMERCIAL_COSTS,DERIVED,false,false
VN000001623,ORD00001623,2025-04-01,2025-04-01,SKU003,CUS10,CH01,VN,North,6000,32000,192000000.0,7680000.0,1152000.0,0,0,183168000.0,72960000.0,1.402788,102347412.53,6709722.65,4792659.04,3297024.0,66021181.78,NET_REVENUE_SHARE,row_net_revenue / month_channel_net_revenue,COMMERCIAL_COSTS,DERIVED,false,false
VN000001624,ORD00001624,2025-04-01,2025-04-01,SKU004,CUS01,CH01,VN,North,8000,28000,224000000.0,8960000.0,1344000.0,0,0,213696000.0,98560000.0,1.402788,138258785.35,7828009.76,5591435.54,3846528.0,58171241.35,NET_REVENUE_SHARE,row_net_revenue / month_channel_net_revenue,COMMERCIAL_COSTS,DERIVED,false,false
VN000001625,ORD00001625,2025-04-01,2025-04-01,SKU005,CUS02,CH01,VN,South,7000,27000,189000000.0,7560000.0,1134000.0,0,0,180306000.0,86940000.0,1.402788,121958388.78,6604883.23,4717773.74,3245508.0,43779446.25,NET_REVENUE_SHARE,row_net_revenue / month_channel_net_revenue,COMMERCIAL_COSTS,DERIVED,false,false
VN000001626,ORD00001626,2025-04-01,2025-04-01,SKU006,CUS03,CH01,VN,Central,5000,30000,150000000.0,6000000.0,900000.0,0,0,143100000.0,63000000.0,1.402788,88375644.05,5241970.82,3744264.87,2575800.0,43162320.26,NET_REVENUE_SHARE,row_net_revenue / month_channel_net_revenue,COMMERCIAL_COSTS,DERIVED,false,false
VN000001627,ORD00001627,2025-04-01,2025-04-01,SKU007,CUS04,CH01,VN,North,9000,23000,207000000.0,8280000.0,1242000.0,0,0,197478000.0,113850000.0,1.402788,159707413.88,7233919.73,5167085.52,3554604.0,21814976.87,NET_REVENUE_SHARE,row_net_revenue / month_channel_net_revenue,COMMERCIAL_COSTS,DERIVED,false,false
VN000001628,ORD00001628,2025-04-01,2025-04-01,SKU008,CUS05,CH01,VN,South,7000,25000,175000000.0,7000000.0,1050000.0,0,0,166950000.0,91000000.0,1.402788,127653708.07,6115632.62,4368309.02,3005100.0,25807250.29,NET_REVENUE_SHARE,row_net_revenue / month_channel_net_revenue,COMMERCIAL_COSTS,DERIVED,false,false
VN000001629,ORD00001629,2025-04-01,2025-04-01,SKU009,CUS06,CH01,VN,Central,8000,21000,168000000.0,6720000.0,1008000.0,0,0,160272000.0,97440000.0,1.402788,136687662.79,5871007.32,4193576.66,2884896.0,10634857.23,NET_REVENUE_SHARE,row_net_revenue / month_channel_net_revenue,COMMERCIAL_COSTS,DERIVED,false,false
VN000001630,ORD00001630,2025-04-01,2025-04-01,SKU010,CUS07,CH01,VN,North,6000,24000,144000000.0,5760000.0,864000.0,0,0,137376000.0,72000000.0,1.402788,101000736.05,5032291.99,3594494.28,2472768.0,25275709.68,NET_REVENUE_SHARE,row_net_revenue / month_channel_net_revenue,COMMERCIAL_COSTS,DERIVED,false,false
VN000001631,ORD00001631,2025-04-01,2025-04-01,SKU011,CUS08,CH01,VN,South,4000,35000,140000000.0,5600000.0,840000.0,0,0,133560000.0,42000000.0,1.402788,58917096.03,4892506.1,3494647.21,2404080.0,63851670.66,NET_REVENUE_SHARE,row_net_revenue / month_channel_net_revenue,COMMERCIAL_COSTS,DERIVED,false,false
VN000001632,ORD00001632,2025-04-01,2025-04-01,SKU012,CUS09,CH01,VN,Central,5000,29000,145000000.0,5800000.0,870000.0,0,0,138330000.0,56550000.0,1.402788,79327661.45,5067238.46,3619456.04,2489940.0,47825704.05,NET_REVENUE_SHARE,row_net_revenue / month_channel_net_revenue,COMMERCIAL_COSTS,DERIVED,false,false
VN000001633,ORD00001633,2025-04-01,2025-04-01,SKU001,CUS09,CH02,VN,Central,7000,31000,217000000.0,8680000.0,1302000.0,0,0,207018000.0,86800000.0,1.406866,122116001.35,9770296.18,8033354.64,3726324.0,63372023.83,NET_REVENUE_SHARE,row_net_revenue / month_channel_net_revenue,COMMERCIAL_COSTS,DERIVED,false,true
VN000001634,ORD00001634,2025-04-01,2025-04-01,SKU002,CUS10,CH02,VN,North,5000,36000,180000000.0,7200000.0,1080000.0,0,0,171720000.0,64800000.0,1.406866,91164941.1,8104393.14,6663612.14,3090960.0,62696093.62,NET_REVENUE_SHARE,row_net_revenue / month_channel_net_revenue,COMMERCIAL_COSTS,DERIVED,false,true
VN000001635,ORD00001635,2025-04-01,2025-04-01,SKU003,CUS01,CH02,VN,North,4000,32000,128000000.0,5120000.0,768000.0,0,0,122112000.0,48640000.0,1.406866,68429980.48,5763124.01,4738568.63,2198016.0,40982310.88,NET_REVENUE_SHARE,row_net_revenue / month_channel_net_revenue,COMMERCIAL_COSTS,DERIVED,false,true
VN000001636,ORD00001636,2025-04-01,2025-04-01,SKU004,CUS02,CH02,VN,South,6000,28000,168000000.0,6720000.0,1008000.0,0,0,160272000.0,73920000.0,1.406866,103995562.44,7564100.27,6219371.33,2884896.0,39608069.96,NET_REVENUE_SHARE,row_net_revenue / month_channel_net_revenue,COMMERCIAL_COSTS,DERIVED,false,true
VN000001637,ORD00001637,2025-04-01,2025-04-01,SKU005,CUS03,CH02,VN,Central,5000,27000,135000000.0,5400000.0,810000.0,0,0,128790000.0,62100000.0,1.406866,87366401.88,6078294.86,4997709.1,2318220.0,28029374.16,NET_REVENUE_SHARE,row_net_revenue / month_channel_net_revenue,COMMERCIAL_COSTS,DERIVED,false,true
VN000001638,ORD00001638,2025-04-01,2025-04-01,SKU006,CUS04,CH02,VN,North,4000,30000,120000000.0,4800000.0,720000.0,0,0,114480000.0,50400000.0,1.406866,70906065.3,5402928.76,4442408.09,2060640.0,31667957.85,NET_REVENUE_SHARE,row_net_revenue / month_channel_net_revenue,COMMERCIAL_COSTS,DERIVED,false,true
VN000001639,ORD00001639,2025-04-01,2025-04-01,SKU007,CUS05,CH02,VN,South,7000,23000,161000000.0,6440000.0,966000.0,0,0,153594000.0,88550000.0,1.406866,124578017.5,7248929.42,5960230.86,2764692.0,13042130.22,NET_REVENUE_SHARE,row_net_revenue / month_channel_net_revenue,COMMERCIAL_COSTS,DERIVED,false,true
VN000001640,ORD00001640,2025-04-01,2025-04-01,SKU008,CUS06,CH02,VN,Central,5000,25000,125000000.0,5000000.0,750000.0,0,0,119250000.0,65000000.0,1.406866,91446314.37,5628050.79,4627508.43,2146500.0,15401626.41,NET_REVENUE_SHARE,row_net_revenue / month_channel_net_revenue,COMMERCIAL_COSTS,DERIVED,false,true
VN000001641,ORD00001641,2025-04-01,2025-04-01,SKU009,CUS07,CH02,VN,North,6000,21000,126000000.0,5040000.0,756000.0,0,0,120204000.0,73080000.0,1.406866,102813794.68,5673075.2,4664528.5,2163672.0,4888929.62,NET_REVENUE_SHARE,row_net_revenue / month_channel_net_revenue,COMMERCIAL_COSTS,DERIVED,false,true
VN000001642,ORD00001642,2025-04-01,2025-04-01,SKU010,CUS08,CH02,VN,South,5000,24000,120000000.0,4800000.0,720000.0,0,0,114480000.0,60000000.0,1.406866,84411982.5,5402928.76,4442408.09,2060640.0,18162040.65,NET_REVENUE_SHARE,row_net_revenue / month_channel_net_revenue,COMMERCIAL_COSTS,DERIVED,false,true
VN000001643,ORD00001643,2025-04-01,2025-04-01,SKU011,CUS09,CH02,VN,Central,3000,35000,105000000.0,4200000.0,630000.0,0,0,100170000.0,31500000.0,1.406866,44316290.81,4727562.67,3887107.08,1803060.0,45435979.44,NET_REVENUE_SHARE,row_net_revenue / month_channel_net_revenue,COMMERCIAL_COSTS,DERIVED,false,true
VN000001644,ORD00001644,2025-04-01,2025-04-01,SKU012,CUS10,CH02,VN,North,4000,29000,116000000.0,4640000.0,696000.0,0,0,110664000.0,45240000.0,1.406866,63646634.79,5222831.14,4294327.82,1991952.0,35508254.25,NET_REVENUE_SHARE,row_net_revenue / month_channel_net_revenue,COMMERCIAL_COSTS,DERIVED,false,true
VN000001645,ORD00001645,2025-04-01,2025-04-01,SKU001,CUS10,CH03,VN,North,5000,31000,155000000.0,10075000.0,930000.0,0,0,143995000.0,62000000.0,1.585738,98315778.85,19499112.62,4062315.13,2591910.0,19525883.4,NET_REVENUE_SHARE,row_net_revenue / month_channel_net_revenue,COMMERCIAL_COSTS,DERIVED,false,false
VN000001646,ORD00001646,2025-04-01,2025-04-01,SKU002,CUS01,CH03,VN,North,4000,36000,144000000.0,9360000.0,864000.0,0,0,133776000.0,51840000.0,1.585738,82204677.03,18115304.63,3774021.8,2407968.0,27274028.54,NET_REVENUE_SHARE,row_net_revenue / month_channel_net_revenue,COMMERCIAL_COSTS,DERIVED,false,false
VN000001647,ORD00001647,2025-04-01,2025-04-01,SKU003,CUS02,CH03,VN,South,3000,32000,96000000.0,6240000.0,576000.0,0,0,89184000.0,36480000.0,1.585738,57847735.68,12076869.75,2516014.53,1605312.0,15138068.04,NET_REVENUE_SHARE,row_net_revenue / month_channel_net_revenue,COMMERCIAL_COSTS,DERIVED,false,false
VN000001648,ORD00001648,2025-04-01,2025-04-01,SKU004,CUS03,CH03,VN,Central,5000,28000,140000000.0,9100000.0,840000.0,0,0,130060000.0,61600000.0,1.585738,97681483.5,17612101.72,3669187.86,2341080.0,8756146.92,NET_REVENUE_SHARE,row_net_revenue / month_channel_net_revenue,COMMERCIAL_COSTS,DERIVED,false,false
VN000001649,ORD00001649,2025-04-01,2025-04-01,SKU005,CUS04,CH03,VN,North,4000,27000,108000000.0,7020000.0,648000.0,0,0,100332000.0,49680000.0,1.585738,78779482.15,13586478.47,2830516.35,1805976.0,3329547.03,NET_REVENUE_SHARE,row_net_revenue / month_channel_net_revenue,COMMERCIAL_COSTS,DERIVED,false,false
VN000001650,ORD00001650,2025-04-01,2025-04-01,SKU006,CUS05,CH03,VN,South,3000,30000,90000000.0,5850000.0,540000.0,0,0,83610000.0,37800000.0,1.585738,59940910.33,11322065.39,2358763.62,1504980.0,8483280.66,NET_REVENUE_SHARE,row_net_revenue / month_channel_net_revenue,COMMERCIAL_COSTS,DERIVED,false,false
VN000001651,ORD00001651,2025-04-01,2025-04-01,SKU007,CUS06,CH03,VN,Central,5000,23000,115000000.0,7475000.0,690000.0,0,0,106835000.0,63250000.0,1.585738,100297951.81,14467083.56,3013975.74,1923030.0,-12867041.11,NET_REVENUE_SHARE,row_net_revenue / month_channel_net_revenue,COMMERCIAL_COSTS,DERIVED,false,false
VN000001652,ORD00001652,2025-04-01,2025-04-01,SKU008,CUS07,CH03,VN,North,4000,25000,100000000.0,6500000.0,600000.0,0,0,92900000.0,52000000.0,1.585738,82458395.16,12580072.66,2620848.47,1672200.0,-6431516.29,NET_REVENUE_SHARE,row_net_revenue / month_channel_net_revenue,COMMERCIAL_COSTS,DERIVED,false,false
VN000001653,ORD00001653,2025-04-01,2025-04-01,SKU009,CUS08,CH03,VN,South,5000,21000,105000000.0,6825000.0,630000.0,0,0,97545000.0,60900000.0,1.585738,96571466.65,13209076.29,2751890.89,1755810.0,-16743243.83,NET_REVENUE_SHARE,row_net_revenue / month_channel_net_revenue,COMMERCIAL_COSTS,DERIVED,false,false
VN000001654,ORD00001654,2025-04-01,2025-04-01,SKU010,CUS09,CH03,VN,Central,4000,24000,96000000.0,6240000.0,576000.0,0,0,89184000.0,48000000.0,1.585738,76115441.69,12076869.75,2516014.53,1605312.0,-3129637.97,NET_REVENUE_SHARE,row_net_revenue / month_channel_net_revenue,COMMERCIAL_COSTS,DERIVED,false,false
VN000001655,ORD00001655,2025-04-01,2025-04-01,SKU011,CUS10,CH03,VN,North,2000,35000,70000000.0,4550000.0,420000.0,0,0,65030000.0,21000000.0,1.585738,33300505.74,8806050.86,1834593.93,1170540.0,19918309.47,NET_REVENUE_SHARE,row_net_revenue / month_channel_net_revenue,COMMERCIAL_COSTS,DERIVED,false,false
VN000001656,ORD00001656,2025-04-01,2025-04-01,SKU012,CUS01,CH03,VN,North,3000,29000,87000000.0,5655000.0,522000.0,0,0,80823000.0,33930000.0,1.585738,53804102.85,10944663.21,2280138.17,1454814.0,12339281.77,NET_REVENUE_SHARE,row_net_revenue / month_channel_net_revenue,COMMERCIAL_COSTS,DERIVED,false,false
VN000001657,ORD00001657,2025-04-01,2025-04-01,SKU001,CUS01,CH04,VN,North,3000,31000,93000000.0,3720000.0,1674000.0,0,0,87606000.0,37200000.0,1.3196,49089131.13,6947384.97,2171057.8,1576908.0,27821518.1,NET_REVENUE_SHARE,row_net_revenue / month_channel_net_revenue,COMMERCIAL_COSTS,DERIVED,false,false
VN000001658,ORD00001658,2025-04-01,2025-04-01,SKU002,CUS02,CH04,VN,South,2000,36000,72000000.0,2880000.0,1296000.0,0,0,67824000.0,25920000.0,1.3196,34204039.75,5378620.62,1680818.94,1220832.0,25339688.69,NET_REVENUE_SHARE,row_net_revenue / month_channel_net_revenue,COMMERCIAL_COSTS,DERIVED,false,false
VN000001659,ORD00001659,2025-04-01,2025-04-01,SKU003,CUS03,CH04,VN,Central,2000,32000,64000000.0,2560000.0,1152000.0,0,0,60288000.0,24320000.0,1.3196,32092679.28,4780996.11,1494061.28,1085184.0,20835079.33,NET_REVENUE_SHARE,row_net_revenue / month_channel_net_revenue,COMMERCIAL_COSTS,DERIVED,false,false
VN000001660,ORD00001660,2025-04-01,2025-04-01,SKU004,CUS04,CH04,VN,North,2000,28000,56000000.0,2240000.0,1008000.0,0,0,52752000.0,24640000.0,1.3196,32514951.37,4183371.59,1307303.62,949536.0,13796837.42,NET_REVENUE_SHARE,row_net_revenue / month_channel_net_revenue,COMMERCIAL_COSTS,DERIVED,false,false
VN000001661,ORD00001661,2025-04-01,2025-04-01,SKU005,CUS05,CH04,VN,South,2000,27000,54000000.0,2160000.0,972000.0,0,0,50868000.0,24840000.0,1.3196,32778871.43,4033965.47,1260614.21,915624.0,11878924.89,NET_REVENUE_SHARE,row_net_revenue / month_channel_net_revenue,COMMERCIAL_COSTS,DERIVED,false,false
VN000001662,ORD00001662,2025-04-01,2025-04-01,SKU006,CUS06,CH04,VN,Central,2000,30000,60000000.0,2400000.0,1080000.0,0,0,56520000.0,25200000.0,1.3196,33253927.54,4482183.85,1400682.45,1017360.0,16365846.16,NET_REVENUE_SHARE,row_net_revenue / month_channel_net_revenue,COMMERCIAL_COSTS,DERIVED,false,false
VN000001663,ORD00001663,2025-04-01,2025-04-01,SKU007,CUS07,CH04,VN,North,3000,23000,69000000.0,2760000.0,1242000.0,0,0,64998000.0,37950000.0,1.3196,50078831.35,5154511.43,1610784.82,1169964.0,6983908.4,NET_REVENUE_SHARE,row_net_revenue / month_channel_net_revenue,COMMERCIAL_COSTS,DERIVED,false,false
VN000001664,ORD00001664,2025-04-01,2025-04-01,SKU008,CUS08,CH04,VN,South,2000,25000,50000000.0,2000000.0,900000.0,0,0,47100000.0,26000000.0,1.3196,34309607.78,3735153.21,1167235.38,847800.0,7040203.63,NET_REVENUE_SHARE,row_net_revenue / month_channel_net_revenue,COMMERCIAL_COSTS,DERIVED,false,false
VN000001665,ORD00001665,2025-04-01,2025-04-01,SKU009,CUS09,CH04,VN,Central,2000,21000,42000000.0,1680000.0,756000.0,0,0,39564000.0,24360000.0,1.3196,32145463.29,3137528.7,980477.72,712152.0,2588378.29,NET_REVENUE_SHARE,row_net_revenue / month_channel_net_revenue,COMMERCIAL_COSTS,DERIVED,false,false
VN000001666,ORD00001666,2025-04-01,2025-04-01,SKU010,CUS10,CH04,VN,North,2000,24000,48000000.0,1920000.0,864000.0,0,0,45216000.0,24000000.0,1.3196,31670407.18,3585747.08,1120545.96,813888.0,8025411.78,NET_REVENUE_SHARE,row_net_revenue / month_channel_net_revenue,COMMERCIAL_COSTS,DERIVED,false,false
VN000001667,ORD00001667,2025-04-01,2025-04-01,SKU011,CUS01,CH04,VN,North,1000,35000,35000000.0,1400000.0,630000.0,0,0,32970000.0,10500000.0,1.3196,13855803.14,2614607.25,817064.76,593460.0,15089064.85,NET_REVENUE_SHARE,row_net_revenue / month_channel_net_revenue,COMMERCIAL_COSTS,DERIVED,false,false
VN000001668,ORD00001668,2025-04-01,2025-04-01,SKU012,CUS02,CH04,VN,South,2000,29000,58000000.0,2320000.0,1044000.0,0,0,54636000.0,22620000.0,1.3196,29849358.76,4332777.72,1353993.04,983448.0,18116422.48,NET_REVENUE_SHARE,row_net_revenue / month_channel_net_revenue,COMMERCIAL_COSTS,DERIVED,false,false
VN000001669,ORD00001669,2025-04-01,2025-04-01,SKU001,CUS02,CH05,VN,South,3000,31000,93000000.0,3720000.0,558000.0,0,0,88722000.0,37200000.0,1.411424,52504955.03,1885206.53,2356508.16,1596996.0,30378334.28,NET_REVENUE_SHARE,row_net_revenue / month_channel_net_revenue,COMMERCIAL_COSTS,DERIVED,false,false
VN000001670,ORD00001670,2025-04-01,2025-04-01,SKU002,CUS03,CH05,VN,Central,2000,36000,72000000.0,2880000.0,432000.0,0,0,68688000.0,25920000.0,1.411424,36584097.7,1459514.73,1824393.41,1236384.0,27583610.16,NET_REVENUE_SHARE,row_net_revenue / month_channel_net_revenue,COMMERCIAL_COSTS,DERIVED,false,false
VN000001671,ORD00001671,2025-04-01,2025-04-01,SKU003,CUS04,CH05,VN,North,2000,32000,64000000.0,2560000.0,384000.0,0,0,61056000.0,24320000.0,1.411424,34325820.06,1297346.43,1621683.03,1099008.0,22712142.48,NET_REVENUE_SHARE,row_net_revenue / month_channel_net_revenue,COMMERCIAL_COSTS,DERIVED,false,false
VN000001672,ORD00001672,2025-04-01,2025-04-01,SKU004,CUS05,CH05,VN,South,3000,28000,84000000.0,3360000.0,504000.0,0,0,80136000.0,36960000.0,1.411424,52166213.39,1702767.19,2128458.98,1442448.0,22696112.44,NET_REVENUE_SHARE,row_net_revenue / month_channel_net_revenue,COMMERCIAL_COSTS,DERIVED,false,false
VN000001673,ORD00001673,2025-04-01,2025-04-01,SKU005,CUS06,CH05,VN,Central,2000,27000,54000000.0,2160000.0,324000.0,0,0,51516000.0,24840000.0,1.411424,35059760.3,1094636.05,1368295.06,927288.0,13066020.59,NET_REVENUE_SHARE,row_net_revenue / month_channel_net_revenue,COMMERCIAL_COSTS,DERIVED,false,false
VN000001674,ORD00001674,2025-04-01,2025-04-01,SKU006,CUS07,CH05,VN,North,2000,30000,60000000.0,2400000.0,360000.0,0,0,57240000.0,25200000.0,1.411424,35567872.76,1216262.28,1520327.85,1030320.0,17905217.11,NET_REVENUE_SHARE,row_net_revenue / month_channel_net_revenue,COMMERCIAL_COSTS,DERIVED,false,false
VN000001675,ORD00001675,2025-04-01,2025-04-01,SKU007,CUS08,CH05,VN,South,3000,23000,69000000.0,2760000.0,414000.0,0,0,65826000.0,37950000.0,1.411424,53563522.67,1398701.62,1748377.02,1184868.0,7930530.69,NET_REVENUE_SHARE,row_net_revenue / month_channel_net_revenue,COMMERCIAL_COSTS,DERIVED,false,false
VN000001676,ORD00001676,2025-04-01,2025-04-01,SKU008,CUS09,CH05,VN,Central,3000,25000,75000000.0,3000000.0,450000.0,0,0,71550000.0,39000000.0,1.411424,55045517.37,1520327.85,1900409.81,1287900.0,11795844.97,NET_REVENUE_SHARE,row_net_revenue / month_channel_net_revenue,COMMERCIAL_COSTS,DERIVED,false,false
VN000001677,ORD00001677,2025-04-01,2025-04-01,SKU009,CUS10,CH05,VN,North,3000,21000,63000000.0,2520000.0,378000.0,0,0,60102000.0,36540000.0,1.411424,51573415.51,1277075.39,1596344.24,1081836.0,4573328.86,NET_REVENUE_SHARE,row_net_revenue / month_channel_net_revenue,COMMERCIAL_COSTS,DERIVED,false,false
VN000001678,ORD00001678,2025-04-01,2025-04-01,SKU010,CUS01,CH05,VN,North,2000,24000,48000000.0,1920000.0,288000.0,0,0,45792000.0,24000000.0,1.411424,33874164.54,973009.82,1216262.28,824256.0,8904307.36,NET_REVENUE_SHARE,row_net_revenue / month_channel_net_revenue,COMMERCIAL_COSTS,DERIVED,false,false
VN000001679,ORD00001679,2025-04-01,2025-04-01,SKU011,CUS02,CH05,VN,South,1000,35000,35000000.0,1400000.0,210000.0,0,0,33390000.0,10500000.0,1.411424,14819946.99,709486.33,886857.91,601020.0,16372688.77,NET_REVENUE_SHARE,row_net_revenue / month_channel_net_revenue,COMMERCIAL_COSTS,DERIVED,false,false
VN000001680,ORD00001680,2025-04-01,2025-04-01,SKU012,CUS03,CH05,VN,Central,2000,29000,58000000.0,2320000.0,348000.0,0,0,55332000.0,22620000.0,1.411424,31926400.08,1175720.2,1469650.25,995976.0,19764253.47,NET_REVENUE_SHARE,row_net_revenue / month_channel_net_revenue,COMMERCIAL_COSTS,DERIVED,false,false
VN000001681,ORD00001681,2025-05-01,2025-05-01,SKU001,CUS09,CH01,VN,Central,9000,31000,279000000.0,11160000.0,1674000.0,0,0,266166000.0,111600000.0,1.388017,154902654.11,9647397.33,6890998.09,3193992.0,91530958.47,NET_REVENUE_SHARE,row_net_revenue / month_channel_net_revenue,COMMERCIAL_COSTS,DERIVED,false,false
VN000001682,ORD00001682,2025-05-01,2025-05-01,SKU002,CUS10,CH01,VN,North,6000,36000,216000000.0,8640000.0,1296000.0,0,0,206064000.0,77760000.0,1.388017,107932171.89,7468952.77,5334966.27,2472768.0,82855141.07,NET_REVENUE_SHARE,row_net_revenue / month_channel_net_revenue,COMMERCIAL_COSTS,DERIVED,false,false
VN000001683,ORD00001683,2025-05-01,2025-05-01,SKU003,CUS01,CH01,VN,North,6000,32000,192000000.0,7680000.0,1152000.0,0,0,183168000.0,72960000.0,1.388017,101269692.15,6639069.13,4742192.24,2198016.0,68319030.48,NET_REVENUE_SHARE,row_net_revenue / month_channel_net_revenue,COMMERCIAL_COSTS,DERIVED,false,false
VN000001684,ORD00001684,2025-05-01,2025-05-01,SKU004,CUS02,CH01,VN,South,8000,28000,224000000.0,8960000.0,1344000.0,0,0,213696000.0,98560000.0,1.388017,136802917.46,7745580.65,5532557.61,2564352.0,61050592.28,NET_REVENUE_SHARE,row_net_revenue / month_channel_net_revenue,COMMERCIAL_COSTS,DERIVED,false,false
VN000001685,ORD00001685,2025-05-01,2025-05-01,SKU005,CUS03,CH01,VN,Central,7000,27000,189000000.0,7560000.0,1134000.0,0,0,180306000.0,86940000.0,1.388017,120674164.41,6535333.68,4668095.48,2163672.0,46264734.43,NET_REVENUE_SHARE,row_net_revenue / month_channel_net_revenue,COMMERCIAL_COSTS,DERIVED,false,false
VN000001686,ORD00001686,2025-05-01,2025-05-01,SKU006,CUS04,CH01,VN,North,5000,30000,150000000.0,6000000.0,900000.0,0,0,143100000.0,63000000.0,1.388017,87445046.67,5186772.76,3704837.69,1717200.0,45046142.88,NET_REVENUE_SHARE,row_net_revenue / month_channel_net_revenue,COMMERCIAL_COSTS,DERIVED,false,false
VN000001687,ORD00001687,2025-05-01,2025-05-01,SKU007,CUS05,CH01,VN,South,9000,23000,207000000.0,8280000.0,1242000.0,0,0,197478000.0,113850000.0,1.388017,158025691.49,7157746.41,5112676.01,2369736.0,24812150.09,NET_REVENUE_SHARE,row_net_revenue / month_channel_net_revenue,COMMERCIAL_COSTS,DERIVED,false,false
VN000001688,ORD00001688,2025-05-01,2025-05-01,SKU008,CUS06,CH01,VN,Central,7000,25000,175000000.0,7000000.0,1050000.0,0,0,166950000.0,91000000.0,1.388017,126309511.86,6051234.89,4322310.63,2003400.0,28263542.62,NET_REVENUE_SHARE,row_net_revenue / month_channel_net_revenue,COMMERCIAL_COSTS,DERIVED,false,false
VN000001689,ORD00001689,2025-05-01,2025-05-01,SKU009,CUS07,CH01,VN,North,8000,21000,168000000.0,6720000.0,1008000.0,0,0,160272000.0,97440000.0,1.388017,135248338.86,5809185.49,4149418.21,1923264.0,13141793.44,NET_REVENUE_SHARE,row_net_revenue / month_channel_net_revenue,COMMERCIAL_COSTS,DERIVED,false,false
VN000001690,ORD00001690,2025-05-01,2025-05-01,SKU010,CUS08,CH01,VN,South,6000,24000,144000000.0,5760000.0,864000.0,0,0,137376000.0,72000000.0,1.388017,99937196.2,4979301.85,3556644.18,1648512.0,27254345.77,NET_REVENUE_SHARE,row_net_revenue / month_channel_net_revenue,COMMERCIAL_COSTS,DERIVED,false,false
VN000001691,ORD00001691,2025-05-01,2025-05-01,SKU011,CUS09,CH01,VN,Central,4000,35000,140000000.0,5600000.0,840000.0,0,0,133560000.0,42000000.0,1.388017,58296697.78,4840987.91,3457848.51,1602720.0,65361745.8,NET_REVENUE_SHARE,row_net_revenue / month_channel_net_revenue,COMMERCIAL_COSTS,DERIVED,false,false
VN000001692,ORD00001692,2025-05-01,2025-05-01,SKU012,CUS10,CH01,VN,North,5000,29000,145000000.0,5800000.0,870000.0,0,0,138330000.0,56550000.0,1.388017,78492339.52,5013880.33,3581343.1,1659960.0,49582477.05,NET_REVENUE_SHARE,row_net_revenue / month_channel_net_revenue,COMMERCIAL_COSTS,DERIVED,false,false
VN000001693,ORD00001693,2025-05-01,2025-05-01,SKU001,CUS10,CH02,VN,North,7000,31000,217000000.0,8680000.0,1302000.0,0,0,207018000.0,86800000.0,1.392052,120830117.31,9667414.76,7948763.24,2484216.0,66087488.69,NET_REVENUE_SHARE,row_net_revenue / month_channel_net_revenue,COMMERCIAL_COSTS,DERIVED,false,false
VN000001694,ORD00001694,2025-05-01,2025-05-01,SKU002,CUS01,CH02,VN,North,5000,36000,180000000.0,7200000.0,1080000.0,0,0,171720000.0,64800000.0,1.392052,90204972.37,8019053.71,6593444.17,2060640.0,64841889.75,NET_REVENUE_SHARE,row_net_revenue / month_channel_net_revenue,COMMERCIAL_COSTS,DERIVED,false,false
VN000001695,ORD00001695,2025-05-01,2025-05-01,SKU003,CUS02,CH02,VN,South,4000,32000,128000000.0,5120000.0,768000.0,0,0,122112000.0,48640000.0,1.392052,67709411.36,5702438.2,4688671.41,1465344.0,42546135.03,NET_REVENUE_SHARE,row_net_revenue / month_channel_net_revenue,COMMERCIAL_COSTS,DERIVED,false,false
VN000001696,ORD00001696,2025-05-01,2025-05-01,SKU004,CUS03,CH02,VN,Central,6000,28000,168000000.0,6720000.0,1008000.0,0,0,160272000.0,73920000.0,1.392052,102900487.0,7484450.13,6153881.22,1923264.0,41809917.65,NET_REVENUE_SHARE,row_net_revenue / month_channel_net_revenue,COMMERCIAL_COSTS,DERIVED,false,false
VN000001697,ORD00001697,2025-05-01,2025-05-01,SKU005,CUS04,CH02,VN,North,5000,27000,135000000.0,5400000.0,810000.0,0,0,128790000.0,62100000.0,1.392052,86446431.85,6014290.29,4945083.12,1545480.0,29838714.74,NET_REVENUE_SHARE,row_net_revenue / month_channel_net_revenue,COMMERCIAL_COSTS,DERIVED,false,false
VN000001698,ORD00001698,2025-05-01,2025-05-01,SKU006,CUS05,CH02,VN,South,4000,30000,120000000.0,4800000.0,720000.0,0,0,114480000.0,50400000.0,1.392052,70159422.95,5346035.81,4395629.44,1373760.0,33205151.8,NET_REVENUE_SHARE,row_net_revenue / month_channel_net_revenue,COMMERCIAL_COSTS,DERIVED,false,false
VN000001699,ORD00001699,2025-05-01,2025-05-01,SKU007,CUS06,CH02,VN,Central,7000,23000,161000000.0,6440000.0,966000.0,0,0,153594000.0,88550000.0,1.392052,123266208.38,7172598.04,5897469.5,1843128.0,15414596.08,NET_REVENUE_SHARE,row_net_revenue / month_channel_net_revenue,COMMERCIAL_COSTS,DERIVED,false,false
VN000001700,ORD00001700,2025-05-01,2025-05-01,SKU008,CUS07,CH02,VN,North,5000,25000,125000000.0,5000000.0,750000.0,0,0,119250000.0,65000000.0,1.392052,90483382.78,5568787.3,4578780.67,1431000.0,17188049.25,NET_REVENUE_SHARE,row_net_revenue / month_channel_net_revenue,COMMERCIAL_COSTS,DERIVED,false,false
VN000001701,ORD00001701,2025-05-01,2025-05-01,SKU009,CUS08,CH02,VN,South,6000,21000,126000000.0,5040000.0,756000.0,0,0,120204000.0,73080000.0,1.392052,101731163.28,5613337.6,4615410.92,1442448.0,6801640.2,NET_REVENUE_SHARE,row_net_revenue / month_channel_net_revenue,COMMERCIAL_COSTS,DERIVED,false,false
VN000001702,ORD00001702,2025-05-01,2025-05-01,SKU010,CUS09,CH02,VN,Central,5000,24000,120000000.0,4800000.0,720000.0,0,0,114480000.0,60000000.0,1.392052,83523122.56,5346035.81,4395629.44,1373760.0,19841452.19,NET_REVENUE_SHARE,row_net_revenue / month_channel_net_revenue,COMMERCIAL_COSTS,DERIVED,false,false
VN000001703,ORD00001703,2025-05-01,2025-05-01,SKU011,CUS10,CH02,VN,North,3000,35000,105000000.0,4200000.0,630000.0,0,0,100170000.0,31500000.0,1.392052,43849639.35,4677781.33,3846175.76,1202040.0,46594363.56,NET_REVENUE_SHARE,row_net_revenue / month_channel_net_revenue,COMMERCIAL_COSTS,DERIVED,false,false
VN000001704,ORD00001704,2025-05-01,2025-05-01,SKU012,CUS01,CH02,VN,North,4000,29000,116000000.0,4640000.0,696000.0,0,0,110664000.0,45240000.0,1.392052,62976434.41,5167834.62,4249108.46,1327968.0,36942654.51,NET_REVENUE_SHARE,row_net_revenue / month_channel_net_revenue,COMMERCIAL_COSTS,DERIVED,false,false
VN000001705,ORD00001705,2025-05-01,2025-05-01,SKU001,CUS01,CH03,VN,North,5000,31000,155000000.0,10075000.0,930000.0,0,0,143995000.0,62000000.0,1.577142,97782820.66,19393410.24,4040293.8,1727940.0,21050535.3,NET_REVENUE_SHARE,row_net_revenue / month_channel_net_revenue,COMMERCIAL_COSTS,DERIVED,false,false
VN000001706,ORD00001706,2025-05-01,2025-05-01,SKU002,CUS02,CH03,VN,South,4000,36000,144000000.0,9360000.0,864000.0,0,0,133776000.0,51840000.0,1.577142,81759055.21,18017103.71,3753563.27,1605312.0,28640965.81,NET_REVENUE_SHARE,row_net_revenue / month_channel_net_revenue,COMMERCIAL_COSTS,DERIVED,false,false
VN000001707,ORD00001707,2025-05-01,2025-05-01,SKU003,CUS03,CH03,VN,Central,3000,32000,96000000.0,6240000.0,576000.0,0,0,89184000.0,36480000.0,1.577142,57534149.96,12011402.47,2502375.51,1070208.0,16065864.06,NET_REVENUE_SHARE,row_net_revenue / month_channel_net_revenue,COMMERCIAL_COSTS,DERIVED,false,false
VN000001708,ORD00001708,2025-05-01,2025-05-01,SKU004,CUS04,CH03,VN,North,5000,28000,140000000.0,9100000.0,840000.0,0,0,130060000.0,61600000.0,1.577142,97151963.75,17516628.6,3649297.63,1560720.0,10181390.02,NET_REVENUE_SHARE,row_net_revenue / month_channel_net_revenue,COMMERCIAL_COSTS,DERIVED,false,false
VN000001709,ORD00001709,2025-05-01,2025-05-01,SKU005,CUS05,CH03,VN,South,4000,27000,108000000.0,7020000.0,648000.0,0,0,100332000.0,49680000.0,1.577142,78352427.91,13512827.78,2815172.45,1203984.0,4447587.86,NET_REVENUE_SHARE,row_net_revenue / month_channel_net_revenue,COMMERCIAL_COSTS,DERIVED,false,false
VN000001710,ORD00001710,2025-05-01,2025-05-01,SKU006,CUS06,CH03,VN,Central,3000,30000,90000000.0,5850000.0,540000.0,0,0,83610000.0,37800000.0,1.577142,59615977.76,11260689.82,2345977.05,1003320.0,9384035.37,NET_REVENUE_SHARE,row_net_revenue / month_channel_net_revenue,COMMERCIAL_COSTS,DERIVED,false,false
VN000001711,ORD00001711,2025-05-01,2025-05-01,SKU007,CUS07,CH03,VN,North,5000,23000,115000000.0,7475000.0,690000.0,0,0,106835000.0,63250000.0,1.577142,99754248.5,14388659.21,2997637.34,1282020.0,-11587565.05,NET_REVENUE_SHARE,row_net_revenue / month_channel_net_revenue,COMMERCIAL_COSTS,DERIVED,false,false
VN000001712,ORD00001712,2025-05-01,2025-05-01,SKU008,CUS08,CH03,VN,South,4000,25000,100000000.0,6500000.0,600000.0,0,0,92900000.0,52000000.0,1.577142,82011397.97,12511877.57,2606641.16,1114800.0,-5344716.7,NET_REVENUE_SHARE,row_net_revenue / month_channel_net_revenue,COMMERCIAL_COSTS,DERIVED,false,false
VN000001713,ORD00001713,2025-05-01,2025-05-01,SKU009,CUS09,CH03,VN,Central,5000,21000,105000000.0,6825000.0,630000.0,0,0,97545000.0,60900000.0,1.577142,96047964.17,13137471.45,2736973.22,1170540.0,-15547948.84,NET_REVENUE_SHARE,row_net_revenue / month_channel_net_revenue,COMMERCIAL_COSTS,DERIVED,false,false
VN000001714,ORD00001714,2025-05-01,2025-05-01,SKU010,CUS10,CH03,VN,North,4000,24000,96000000.0,6240000.0,576000.0,0,0,89184000.0,48000000.0,1.577142,75702828.9,12011402.47,2502375.51,1070208.0,-2102814.88,NET_REVENUE_SHARE,row_net_revenue / month_channel_net_revenue,COMMERCIAL_COSTS,DERIVED,false,false
VN000001715,ORD00001715,2025-05-01,2025-05-01,SKU011,CUS01,CH03,VN,North,2000,35000,70000000.0,4550000.0,420000.0,0,0,65030000.0,21000000.0,1.577142,33119987.64,8758314.3,1824648.81,780360.0,20546689.25,NET_REVENUE_SHARE,row_net_revenue / month_channel_net_revenue,COMMERCIAL_COSTS,DERIVED,false,false
VN000001716,ORD00001716,2025-05-01,2025-05-01,SKU012,CUS02,CH03,VN,South,3000,29000,87000000.0,5655000.0,522000.0,0,0,80823000.0,33930000.0,1.577142,53512437.19,10885333.49,2267777.81,969876.0,13187575.51,NET_REVENUE_SHARE,row_net_revenue / month_channel_net_revenue,COMMERCIAL_COSTS,DERIVED,false,false
VN000001717,ORD00001717,2025-05-01,2025-05-01,SKU001,CUS02,CH04,VN,South,3000,31000,93000000.0,3720000.0,1674000.0,0,0,87606000.0,37200000.0,1.305705,48572221.55,6874228.86,2148196.52,1051272.0,28960081.07,NET_REVENUE_SHARE,row_net_revenue / month_channel_net_revenue,COMMERCIAL_COSTS,DERIVED,false,false
VN000001718,ORD00001718,2025-05-01,2025-05-01,SKU002,CUS03,CH04,VN,Central,2000,36000,72000000.0,2880000.0,1296000.0,0,0,67824000.0,25920000.0,1.305705,33843870.5,5321983.63,1663119.89,813888.0,26181137.98,NET_REVENUE_SHARE,row_net_revenue / month_channel_net_revenue,COMMERCIAL_COSTS,DERIVED,false,false
VN000001719,ORD00001719,2025-05-01,2025-05-01,SKU003,CUS04,CH04,VN,North,2000,32000,64000000.0,2560000.0,1152000.0,0,0,60288000.0,24320000.0,1.305705,31754742.69,4730652.12,1478328.79,723456.0,21600820.4,NET_REVENUE_SHARE,row_net_revenue / month_channel_net_revenue,COMMERCIAL_COSTS,DERIVED,false,false
VN000001720,ORD00001720,2025-05-01,2025-05-01,SKU004,CUS05,CH04,VN,South,2000,28000,56000000.0,2240000.0,1008000.0,0,0,52752000.0,24640000.0,1.305705,32172568.26,4139320.6,1293537.69,633024.0,14513549.45,NET_REVENUE_SHARE,row_net_revenue / month_channel_net_revenue,COMMERCIAL_COSTS,DERIVED,false,false
VN000001721,ORD00001721,2025-05-01,2025-05-01,SKU005,CUS06,CH04,VN,Central,2000,27000,54000000.0,2160000.0,972000.0,0,0,50868000.0,24840000.0,1.305705,32433709.23,3991487.73,1247339.91,610416.0,12585047.13,NET_REVENUE_SHARE,row_net_revenue / month_channel_net_revenue,COMMERCIAL_COSTS,DERIVED,false,false
VN000001722,ORD00001722,2025-05-01,2025-05-01,SKU006,CUS07,CH04,VN,North,2000,30000,60000000.0,2400000.0,1080000.0,0,0,56520000.0,25200000.0,1.305705,32903762.99,4434986.36,1385933.24,678240.0,17117077.41,NET_REVENUE_SHARE,row_net_revenue / month_channel_net_revenue,COMMERCIAL_COSTS,DERIVED,false,false
VN000001723,ORD00001723,2025-05-01,2025-05-01,SKU007,CUS08,CH04,VN,South,3000,23000,69000000.0,2760000.0,1242000.0,0,0,64998000.0,37950000.0,1.305705,49551500.22,5100234.32,1593823.22,779976.0,7972466.24,NET_REVENUE_SHARE,row_net_revenue / month_channel_net_revenue,COMMERCIAL_COSTS,DERIVED,false,false
VN000001724,ORD00001724,2025-05-01,2025-05-01,SKU008,CUS09,CH04,VN,Central,2000,25000,50000000.0,2000000.0,900000.0,0,0,47100000.0,26000000.0,1.305705,33948326.89,3695821.97,1154944.37,565200.0,7735706.77,NET_REVENUE_SHARE,row_net_revenue / month_channel_net_revenue,COMMERCIAL_COSTS,DERIVED,false,false
VN000001725,ORD00001725,2025-05-01,2025-05-01,SKU009,CUS10,CH04,VN,North,2000,21000,42000000.0,1680000.0,756000.0,0,0,39564000.0,24360000.0,1.305705,31806970.89,3104490.45,970153.27,474768.0,3207617.39,NET_REVENUE_SHARE,row_net_revenue / month_channel_net_revenue,COMMERCIAL_COSTS,DERIVED,false,false
VN000001726,ORD00001726,2025-05-01,2025-05-01,SKU010,CUS01,CH04,VN,North,2000,24000,48000000.0,1920000.0,864000.0,0,0,45216000.0,24000000.0,1.305705,31336917.13,3547989.09,1108746.59,542592.0,8679755.19,NET_REVENUE_SHARE,row_net_revenue / month_channel_net_revenue,COMMERCIAL_COSTS,DERIVED,false,false
VN000001727,ORD00001727,2025-05-01,2025-05-01,SKU011,CUS02,CH04,VN,South,1000,35000,35000000.0,1400000.0,630000.0,0,0,32970000.0,10500000.0,1.305705,13709901.25,2587075.38,808461.06,395640.0,15468922.31,NET_REVENUE_SHARE,row_net_revenue / month_channel_net_revenue,COMMERCIAL_COSTS,DERIVED,false,false
VN000001728,ORD00001728,2025-05-01,2025-05-01,SKU012,CUS03,CH04,VN,Central,2000,29000,58000000.0,2320000.0,1044000.0,0,0,54636000.0,22620000.0,1.305705,29535044.4,4287153.48,1339735.46,655632.0,18818434.66,NET_REVENUE_SHARE,row_net_revenue / month_channel_net_revenue,COMMERCIAL_COSTS,DERIVED,false,false
VN000001729,ORD00001729,2025-05-01,2025-05-01,SKU001,CUS03,CH05,VN,Central,3000,31000,93000000.0,3720000.0,558000.0,0,0,88722000.0,37200000.0,1.451238,53986038.51,1927533.77,2409417.22,1064664.0,29334346.5,NET_REVENUE_SHARE,row_net_revenue / month_channel_net_revenue,COMMERCIAL_COSTS,DERIVED,false,false
VN000001730,ORD00001730,2025-05-01,2025-05-01,SKU002,CUS04,CH05,VN,North,2000,36000,72000000.0,2880000.0,432000.0,0,0,68688000.0,25920000.0,1.451238,37616078.45,1492284.21,1865355.26,824256.0,26890026.08,NET_REVENUE_SHARE,row_net_revenue / month_channel_net_revenue,COMMERCIAL_COSTS,DERIVED,false,false
VN000001731,ORD00001731,2025-05-01,2025-05-01,SKU003,CUS05,CH05,VN,South,2000,32000,64000000.0,2560000.0,384000.0,0,0,61056000.0,24320000.0,1.451238,35294098.29,1326474.85,1658093.57,732672.0,22044661.29,NET_REVENUE_SHARE,row_net_revenue / month_channel_net_revenue,COMMERCIAL_COSTS,DERIVED,false,false
VN000001732,ORD00001732,2025-05-01,2025-05-01,SKU004,CUS06,CH05,VN,Central,3000,28000,84000000.0,3360000.0,504000.0,0,0,80136000.0,36960000.0,1.451238,53637741.49,1740998.25,2176247.81,961632.0,21619380.45,NET_REVENUE_SHARE,row_net_revenue / month_channel_net_revenue,COMMERCIAL_COSTS,DERIVED,false,false
VN000001733,ORD00001733,2025-05-01,2025-05-01,SKU005,CUS07,CH05,VN,North,2000,27000,54000000.0,2160000.0,324000.0,0,0,51516000.0,24840000.0,1.451238,36048741.84,1119213.16,1399016.45,618192.0,12330836.55,NET_REVENUE_SHARE,row_net_revenue / month_channel_net_revenue,COMMERCIAL_COSTS,DERIVED,false,false
VN000001734,ORD00001734,2025-05-01,2025-05-01,SKU006,CUS08,CH05,VN,South,2000,30000,60000000.0,2400000.0,360000.0,0,0,57240000.0,25200000.0,1.451238,36571187.38,1243570.18,1554462.72,686880.0,17183899.72,NET_REVENUE_SHARE,row_net_revenue / month_channel_net_revenue,COMMERCIAL_COSTS,DERIVED,false,false
VN000001735,ORD00001735,2025-05-01,2025-05-01,SKU007,CUS09,CH05,VN,Central,3000,23000,69000000.0,2760000.0,414000.0,0,0,65826000.0,37950000.0,1.451238,55074466.71,1430105.7,1787632.13,789912.0,6743883.46,NET_REVENUE_SHARE,row_net_revenue / month_channel_net_revenue,COMMERCIAL_COSTS,DERIVED,false,false
VN000001736,ORD00001736,2025-05-01,2025-05-01,SKU008,CUS10,CH05,VN,North,2000,25000,50000000.0,2000000.0,300000.0,0,0,47700000.0,26000000.0,1.451238,37732177.45,1036308.48,1295385.6,572400.0,7063728.47,NET_REVENUE_SHARE,row_net_revenue / month_channel_net_revenue,COMMERCIAL_COSTS,DERIVED,false,false
VN000001737,ORD00001737,2025-05-01,2025-05-01,SKU009,CUS01,CH05,VN,North,3000,21000,63000000.0,2520000.0,378000.0,0,0,60102000.0,36540000.0,1.451238,53028221.7,1305748.68,1632185.86,721224.0,3414619.76,NET_REVENUE_SHARE,row_net_revenue / month_channel_net_revenue,COMMERCIAL_COSTS,DERIVED,false,false
VN000001738,ORD00001738,2025-05-01,2025-05-01,SKU010,CUS02,CH05,VN,South,2000,24000,48000000.0,1920000.0,288000.0,0,0,45792000.0,24000000.0,1.451238,34829702.26,994856.14,1243570.18,549504.0,8174367.42,NET_REVENUE_SHARE,row_net_revenue / month_channel_net_revenue,COMMERCIAL_COSTS,DERIVED,false,false
VN000001739,ORD00001739,2025-05-01,2025-05-01,SKU011,CUS03,CH05,VN,Central,1000,35000,35000000.0,1400000.0,210000.0,0,0,33390000.0,10500000.0,1.451238,15237994.74,725415.94,906769.92,400680.0,16119139.4,NET_REVENUE_SHARE,row_net_revenue / month_channel_net_revenue,COMMERCIAL_COSTS,DERIVED,false,false
VN000001740,ORD00001740,2025-05-01,2025-05-01,SKU012,CUS04,CH05,VN,North,2000,29000,58000000.0,2320000.0,348000.0,0,0,55332000.0,22620000.0,1.451238,32826994.38,1202117.84,1502647.3,663984.0,19136256.48,NET_REVENUE_SHARE,row_net_revenue / month_channel_net_revenue,COMMERCIAL_COSTS,DERIVED,false,false
VN000001741,ORD00001741,2025-06-01,2025-06-01,SKU001,CUS10,CH01,VN,North,9000,31000,279000000.0,11160000.0,1674000.0,0,0,266166000.0,111600000.0,1.403974,156683450.04,9778049.63,6984321.17,3193992.0,89526187.16,NET_REVENUE_SHARE,row_net_revenue / month_channel_net_revenue,COMMERCIAL_COSTS,DERIVED,false,false
VN000001742,ORD00001742,2025-06-01,2025-06-01,SKU002,CUS01,CH01,VN,North,6000,36000,216000000.0,8640000.0,1296000.0,0,0,206064000.0,77760000.0,1.403974,109172984.54,7570102.94,5407216.39,2472768.0,81440928.13,NET_REVENUE_SHARE,row_net_revenue / month_channel_net_revenue,COMMERCIAL_COSTS,DERIVED,false,false
VN000001743,ORD00001743,2025-06-01,2025-06-01,SKU003,CUS02,CH01,VN,South,5000,32000,160000000.0,6400000.0,960000.0,0,0,152640000.0,60800000.0,1.403974,85361592.85,5607483.66,4005345.47,1831680.0,55833898.02,NET_REVENUE_SHARE,row_net_revenue / month_channel_net_revenue,COMMERCIAL_COSTS,DERIVED,false,false
VN000001744,ORD00001744,2025-06-01,2025-06-01,SKU004,CUS03,CH01,VN,Central,8000,28000,224000000.0,8960000.0,1344000.0,0,0,213696000.0,98560000.0,1.403974,138375634.73,7850477.12,5607483.66,2564352.0,59298052.49,NET_REVENUE_SHARE,row_net_revenue / month_channel_net_revenue,COMMERCIAL_COSTS,DERIVED,false,false
VN000001745,ORD00001745,2025-06-01,2025-06-01,SKU005,CUS04,CH01,VN,North,7000,27000,189000000.0,7560000.0,1134000.0,0,0,180306000.0,86940000.0,1.403974,122061461.88,6623840.07,4731314.34,2163672.0,44725711.71,NET_REVENUE_SHARE,row_net_revenue / month_channel_net_revenue,COMMERCIAL_COSTS,DERIVED,false,false
VN000001746,ORD00001746,2025-06-01,2025-06-01,SKU006,CUS05,CH01,VN,South,5000,30000,150000000.0,6000000.0,900000.0,0,0,143100000.0,63000000.0,1.403974,88450334.7,5257015.93,3755011.38,1717200.0,43920437.99,NET_REVENUE_SHARE,row_net_revenue / month_channel_net_revenue,COMMERCIAL_COSTS,DERIVED,false,false
VN000001747,ORD00001747,2025-06-01,2025-06-01,SKU007,CUS06,CH01,VN,Central,9000,23000,207000000.0,8280000.0,1242000.0,0,0,197478000.0,113850000.0,1.403974,159842390.56,7254681.98,5181915.7,2369736.0,22829275.76,NET_REVENUE_SHARE,row_net_revenue / month_channel_net_revenue,COMMERCIAL_COSTS,DERIVED,false,false
VN000001748,ORD00001748,2025-06-01,2025-06-01,SKU008,CUS07,CH01,VN,North,7000,25000,175000000.0,7000000.0,1050000.0,0,0,166950000.0,91000000.0,1.403974,127761594.57,6133185.25,4380846.61,2003400.0,26670973.57,NET_REVENUE_SHARE,row_net_revenue / month_channel_net_revenue,COMMERCIAL_COSTS,DERIVED,false,false
VN000001749,ORD00001749,2025-06-01,2025-06-01,SKU009,CUS08,CH01,VN,South,8000,21000,168000000.0,6720000.0,1008000.0,0,0,160272000.0,97440000.0,1.403974,136803184.33,5887857.84,4205612.74,1923264.0,11452081.09,NET_REVENUE_SHARE,row_net_revenue / month_channel_net_revenue,COMMERCIAL_COSTS,DERIVED,false,false
VN000001750,ORD00001750,2025-06-01,2025-06-01,SKU010,CUS09,CH01,VN,Central,6000,24000,144000000.0,5760000.0,864000.0,0,0,137376000.0,72000000.0,1.403974,101086096.8,5046735.29,3604810.92,1648512.0,25989844.99,NET_REVENUE_SHARE,row_net_revenue / month_channel_net_revenue,COMMERCIAL_COSTS,DERIVED,false,false
VN000001751,ORD00001751,2025-06-01,2025-06-01,SKU011,CUS10,CH01,VN,North,4000,35000,140000000.0,5600000.0,840000.0,0,0,133560000.0,42000000.0,1.403974,58966889.8,4906548.2,3504677.29,1602720.0,64579164.71,NET_REVENUE_SHARE,row_net_revenue / month_channel_net_revenue,COMMERCIAL_COSTS,DERIVED,false,false
VN000001752,ORD00001752,2025-06-01,2025-06-01,SKU012,CUS01,CH01,VN,North,5000,29000,145000000.0,5800000.0,870000.0,0,0,138330000.0,56550000.0,1.403974,79394705.2,5081782.07,3629844.33,1659960.0,48563708.4,NET_REVENUE_SHARE,row_net_revenue / month_channel_net_revenue,COMMERCIAL_COSTS,DERIVED,false,false
VN000001753,ORD00001753,2025-06-01,2025-06-01,SKU001,CUS01,CH02,VN,North,7000,31000,217000000.0,8680000.0,1302000.0,0,0,207018000.0,86800000.0,1.390649,120708334.42,9657671.11,7940751.8,2484216.0,66227026.67,NET_REVENUE_SHARE,row_net_revenue / month_channel_net_revenue,COMMERCIAL_COSTS,DERIVED,false,false
VN000001754,ORD00001754,2025-06-01,2025-06-01,SKU002,CUS02,CH02,VN,South,5000,36000,180000000.0,7200000.0,1080000.0,0,0,171720000.0,64800000.0,1.390649,90114056.11,8010971.43,6586798.73,2060640.0,64947533.73,NET_REVENUE_SHARE,row_net_revenue / month_channel_net_revenue,COMMERCIAL_COSTS,DERIVED,false,false
VN000001755,ORD00001755,2025-06-01,2025-06-01,SKU003,CUS03,CH02,VN,Central,4000,32000,128000000.0,5120000.0,768000.0,0,0,122112000.0,48640000.0,1.390649,67641168.04,5696690.79,4683945.76,1465344.0,42624851.41,NET_REVENUE_SHARE,row_net_revenue / month_channel_net_revenue,COMMERCIAL_COSTS,DERIVED,false,false
VN000001756,ORD00001756,2025-06-01,2025-06-01,SKU004,CUS04,CH02,VN,North,6000,28000,168000000.0,6720000.0,1008000.0,0,0,160272000.0,73920000.0,1.390649,102796775.12,7476906.67,6147678.81,1923264.0,41927375.4,NET_REVENUE_SHARE,row_net_revenue / month_channel_net_revenue,COMMERCIAL_COSTS,DERIVED,false,false
VN000001757,ORD00001757,2025-06-01,2025-06-01,SKU005,CUS05,CH02,VN,South,5000,27000,135000000.0,5400000.0,810000.0,0,0,128790000.0,62100000.0,1.390649,86359303.77,6008228.57,4940099.05,1545480.0,29936888.61,NET_REVENUE_SHARE,row_net_revenue / month_channel_net_revenue,COMMERCIAL_COSTS,DERIVED,false,false
VN000001758,ORD00001758,2025-06-01,2025-06-01,SKU006,CUS06,CH02,VN,Central,4000,30000,120000000.0,4800000.0,720000.0,0,0,114480000.0,50400000.0,1.390649,70088710.31,5340647.62,4391199.15,1373760.0,33285682.92,NET_REVENUE_SHARE,row_net_revenue / month_channel_net_revenue,COMMERCIAL_COSTS,DERIVED,false,false
VN000001759,ORD00001759,2025-06-01,2025-06-01,SKU007,CUS07,CH02,VN,North,7000,23000,161000000.0,6440000.0,966000.0,0,0,153594000.0,88550000.0,1.390649,123141970.19,7165368.89,5891525.53,1843128.0,15552007.39,NET_REVENUE_SHARE,row_net_revenue / month_channel_net_revenue,COMMERCIAL_COSTS,DERIVED,false,false
VN000001760,ORD00001760,2025-06-01,2025-06-01,SKU008,CUS08,CH02,VN,South,5000,25000,125000000.0,5000000.0,750000.0,0,0,119250000.0,65000000.0,1.390649,90392185.91,5563174.6,4574165.78,1431000.0,17289473.71,NET_REVENUE_SHARE,row_net_revenue / month_channel_net_revenue,COMMERCIAL_COSTS,DERIVED,false,false
VN000001761,ORD00001761,2025-06-01,2025-06-01,SKU009,CUS09,CH02,VN,Central,6000,21000,126000000.0,5040000.0,756000.0,0,0,120204000.0,73080000.0,1.390649,101628629.95,5607680.0,4610759.11,1442448.0,6914482.94,NET_REVENUE_SHARE,row_net_revenue / month_channel_net_revenue,COMMERCIAL_COSTS,DERIVED,false,false
VN000001762,ORD00001762,2025-06-01,2025-06-01,SKU010,CUS10,CH02,VN,North,5000,24000,120000000.0,4800000.0,720000.0,0,0,114480000.0,60000000.0,1.390649,83438940.84,5340647.62,4391199.15,1373760.0,19935452.39,NET_REVENUE_SHARE,row_net_revenue / month_channel_net_revenue,COMMERCIAL_COSTS,DERIVED,false,false
VN000001763,ORD00001763,2025-06-01,2025-06-01,SKU011,CUS01,CH02,VN,North,3000,35000,105000000.0,4200000.0,630000.0,0,0,100170000.0,31500000.0,1.390649,43805443.94,4673066.67,3842299.26,1202040.0,46647150.13,NET_REVENUE_SHARE,row_net_revenue / month_channel_net_revenue,COMMERCIAL_COSTS,DERIVED,false,false
VN000001764,ORD00001764,2025-06-01,2025-06-01,SKU012,CUS02,CH02,VN,South,4000,29000,116000000.0,4640000.0,696000.0,0,0,110664000.0,45240000.0,1.390649,62912961.4,5162626.03,4244825.85,1327968.0,37015618.72,NET_REVENUE_SHARE,row_net_revenue / month_channel_net_revenue,COMMERCIAL_COSTS,DERIVED,false,false
VN000001765,ORD00001765,2025-06-01,2025-06-01,SKU001,CUS02,CH03,VN,South,5000,31000,155000000.0,10075000.0,930000.0,0,0,143995000.0,62000000.0,1.583646,98186069.54,19473387.18,4056955.66,1727940.0,20550647.62,NET_REVENUE_SHARE,row_net_revenue / month_channel_net_revenue,COMMERCIAL_COSTS,DERIVED,false,false
VN000001766,ORD00001766,2025-06-01,2025-06-01,SKU002,CUS03,CH03,VN,Central,4000,36000,144000000.0,9360000.0,864000.0,0,0,133776000.0,51840000.0,1.583646,82096223.31,18091404.87,3769042.68,1605312.0,28214017.14,NET_REVENUE_SHARE,row_net_revenue / month_channel_net_revenue,COMMERCIAL_COSTS,DERIVED,false,false
VN000001767,ORD00001767,2025-06-01,2025-06-01,SKU003,CUS04,CH03,VN,North,3000,32000,96000000.0,6240000.0,576000.0,0,0,89184000.0,36480000.0,1.583646,57771416.4,12060936.58,2512695.12,1070208.0,15768743.9,NET_REVENUE_SHARE,row_net_revenue / month_channel_net_revenue,COMMERCIAL_COSTS,DERIVED,false,false
VN000001768,ORD00001768,2025-06-01,2025-06-01,SKU004,CUS05,CH03,VN,South,5000,28000,140000000.0,9100000.0,840000.0,0,0,130060000.0,61600000.0,1.583646,97552611.03,17588865.84,3664347.05,1560720.0,9693456.08,NET_REVENUE_SHARE,row_net_revenue / month_channel_net_revenue,COMMERCIAL_COSTS,DERIVED,false,false
VN000001769,ORD00001769,2025-06-01,2025-06-01,SKU005,CUS06,CH03,VN,Central,4000,27000,108000000.0,7020000.0,648000.0,0,0,100332000.0,49680000.0,1.583646,78675547.34,13568553.65,2826782.01,1203984.0,4057133.0,NET_REVENUE_SHARE,row_net_revenue / month_channel_net_revenue,COMMERCIAL_COSTS,DERIVED,false,false
VN000001770,ORD00001770,2025-06-01,2025-06-01,SKU006,CUS07,CH03,VN,North,3000,30000,90000000.0,5850000.0,540000.0,0,0,83610000.0,37800000.0,1.583646,59861829.5,11307128.04,2355651.68,1003320.0,9082070.78,NET_REVENUE_SHARE,row_net_revenue / month_channel_net_revenue,COMMERCIAL_COSTS,DERIVED,false,false
VN000001771,ORD00001771,2025-06-01,2025-06-01,SKU007,CUS08,CH03,VN,South,5000,23000,115000000.0,7475000.0,690000.0,0,0,106835000.0,63250000.0,1.583646,100165627.4,14447996.94,3009999.36,1282020.0,-12070643.7,NET_REVENUE_SHARE,row_net_revenue / month_channel_net_revenue,COMMERCIAL_COSTS,DERIVED,false,false
VN000001772,ORD00001772,2025-06-01,2025-06-01,SKU008,CUS09,CH03,VN,Central,4000,25000,100000000.0,6500000.0,600000.0,0,0,92900000.0,52000000.0,1.583646,82349606.71,12563475.6,2617390.75,1114800.0,-5745273.06,NET_REVENUE_SHARE,row_net_revenue / month_channel_net_revenue,COMMERCIAL_COSTS,DERIVED,false,false
VN000001773,ORD00001773,2025-06-01,2025-06-01,SKU009,CUS10,CH03,VN,North,5000,21000,105000000.0,6825000.0,630000.0,0,0,97545000.0,60900000.0,1.583646,96444058.63,13191649.38,2748260.29,1170540.0,-16009508.3,NET_REVENUE_SHARE,row_net_revenue / month_channel_net_revenue,COMMERCIAL_COSTS,DERIVED,false,false
VN000001774,ORD00001774,2025-06-01,2025-06-01,SKU010,CUS01,CH03,VN,North,4000,24000,96000000.0,6240000.0,576000.0,0,0,89184000.0,48000000.0,1.583646,76015021.58,12060936.58,2512695.12,1070208.0,-2474861.28,NET_REVENUE_SHARE,row_net_revenue / month_channel_net_revenue,COMMERCIAL_COSTS,DERIVED,false,false
VN000001775,ORD00001775,2025-06-01,2025-06-01,SKU011,CUS02,CH03,VN,South,2000,35000,70000000.0,4550000.0,420000.0,0,0,65030000.0,21000000.0,1.583646,33256571.94,8794432.92,1832173.53,780360.0,20366461.61,NET_REVENUE_SHARE,row_net_revenue / month_channel_net_revenue,COMMERCIAL_COSTS,DERIVED,false,false
VN000001776,ORD00001776,2025-06-01,2025-06-01,SKU012,CUS03,CH03,VN,Central,3000,29000,87000000.0,5655000.0,522000.0,0,0,80823000.0,33930000.0,1.583646,53733118.38,10930223.77,2277129.95,969876.0,12912651.9,NET_REVENUE_SHARE,row_net_revenue / month_channel_net_revenue,COMMERCIAL_COSTS,DERIVED,false,false
VN000001777,ORD00001777,2025-06-01,2025-06-01,SKU001,CUS03,CH04,VN,Central,3000,31000,93000000.0,3720000.0,1674000.0,0,0,87606000.0,37200000.0,1.304389,48523266.33,6867300.43,2146031.38,1051272.0,29018129.86,NET_REVENUE_SHARE,row_net_revenue / month_channel_net_revenue,COMMERCIAL_COSTS,DERIVED,false,false
VN000001778,ORD00001778,2025-06-01,2025-06-01,SKU002,CUS04,CH04,VN,North,2000,36000,72000000.0,2880000.0,1296000.0,0,0,67824000.0,25920000.0,1.304389,33809759.77,5316619.69,1661443.65,813888.0,26222288.89,NET_REVENUE_SHARE,row_net_revenue / month_channel_net_revenue,COMMERCIAL_COSTS,DERIVED,false,false
VN000001779,ORD00001779,2025-06-01,2025-06-01,SKU003,CUS05,CH04,VN,South,2000,32000,64000000.0,2560000.0,1152000.0,0,0,60288000.0,24320000.0,1.304389,31722737.56,4725884.17,1476838.8,723456.0,21639083.47,NET_REVENUE_SHARE,row_net_revenue / month_channel_net_revenue,COMMERCIAL_COSTS,DERIVED,false,false
VN000001780,ORD00001780,2025-06-01,2025-06-01,SKU004,CUS06,CH04,VN,Central,2000,28000,56000000.0,2240000.0,1008000.0,0,0,52752000.0,24640000.0,1.304389,32140142.0,4135148.64,1292233.95,633024.0,14551451.41,NET_REVENUE_SHARE,row_net_revenue / month_channel_net_revenue,COMMERCIAL_COSTS,DERIVED,false,false
VN000001781,ORD00001781,2025-06-01,2025-06-01,SKU005,CUS07,CH04,VN,North,2000,27000,54000000.0,2160000.0,972000.0,0,0,50868000.0,24840000.0,1.304389,32401019.78,3987464.76,1246082.74,610416.0,12623016.72,NET_REVENUE_SHARE,row_net_revenue / month_channel_net_revenue,COMMERCIAL_COSTS,DERIVED,false,false
VN000001782,ORD00001782,2025-06-01,2025-06-01,SKU006,CUS08,CH04,VN,South,2000,30000,60000000.0,2400000.0,1080000.0,0,0,56520000.0,25200000.0,1.304389,32870599.77,4430516.41,1384536.38,678240.0,17156107.44,NET_REVENUE_SHARE,row_net_revenue / month_channel_net_revenue,COMMERCIAL_COSTS,DERIVED,false,false
VN000001783,ORD00001783,2025-06-01,2025-06-01,SKU007,CUS09,CH04,VN,Central,3000,23000,69000000.0,2760000.0,1242000.0,0,0,64998000.0,37950000.0,1.304389,49501557.99,5095093.87,1592216.83,779976.0,8029155.31,NET_REVENUE_SHARE,row_net_revenue / month_channel_net_revenue,COMMERCIAL_COSTS,DERIVED,false,false
VN000001784,ORD00001784,2025-06-01,2025-06-01,SKU008,CUS10,CH04,VN,North,2000,25000,50000000.0,2000000.0,900000.0,0,0,47100000.0,26000000.0,1.304389,33914110.88,3692097.0,1153780.31,565200.0,7774811.81,NET_REVENUE_SHARE,row_net_revenue / month_channel_net_revenue,COMMERCIAL_COSTS,DERIVED,false,false
VN000001785,ORD00001785,2025-06-01,2025-06-01,SKU009,CUS01,CH04,VN,North,2000,21000,42000000.0,1680000.0,756000.0,0,0,39564000.0,24360000.0,1.304389,31774913.11,3101361.48,969175.46,474768.0,3243781.95,NET_REVENUE_SHARE,row_net_revenue / month_channel_net_revenue,COMMERCIAL_COSTS,DERIVED,false,false
VN000001786,ORD00001786,2025-06-01,2025-06-01,SKU010,CUS02,CH04,VN,South,2000,24000,48000000.0,1920000.0,864000.0,0,0,45216000.0,24000000.0,1.304389,31305333.12,3544413.12,1107629.1,542592.0,8716032.66,NET_REVENUE_SHARE,row_net_revenue / month_channel_net_revenue,COMMERCIAL_COSTS,DERIVED,false,false
VN000001787,ORD00001787,2025-06-01,2025-06-01,SKU011,CUS03,CH04,VN,Central,1000,35000,35000000.0,1400000.0,630000.0,0,0,32970000.0,10500000.0,1.304389,13696083.24,2584467.9,807646.22,395640.0,15486162.64,NET_REVENUE_SHARE,row_net_revenue / month_channel_net_revenue,COMMERCIAL_COSTS,DERIVED,false,false
VN000001788,ORD00001788,2025-06-01,2025-06-01,SKU012,CUS04,CH04,VN,North,2000,29000,58000000.0,2320000.0,1044000.0,0,0,54636000.0,22620000.0,1.304389,29505276.45,4282832.52,1338385.16,655632.0,18853873.87,NET_REVENUE_SHARE,row_net_revenue / month_channel_net_revenue,COMMERCIAL_COSTS,DERIVED,false,false
VN000001789,ORD00001789,2025-06-01,2025-06-01,SKU001,CUS04,CH05,VN,North,3000,31000,93000000.0,3720000.0,558000.0,0,0,88722000.0,37200000.0,1.449775,53931626.78,1925591.04,2406988.8,1064664.0,29393129.38,NET_REVENUE_SHARE,row_net_revenue / month_channel_net_revenue,COMMERCIAL_COSTS,DERIVED,false,false
VN000001790,ORD00001790,2025-06-01,2025-06-01,SKU002,CUS05,CH05,VN,South,2000,36000,72000000.0,2880000.0,432000.0,0,0,68688000.0,25920000.0,1.449775,37578165.76,1490780.16,1863475.2,824256.0,26931322.88,NET_REVENUE_SHARE,row_net_revenue / month_channel_net_revenue,COMMERCIAL_COSTS,DERIVED,false,false
VN000001791,ORD00001791,2025-06-01,2025-06-01,SKU003,CUS06,CH05,VN,Central,2000,32000,64000000.0,2560000.0,384000.0,0,0,61056000.0,24320000.0,1.449775,35258525.89,1325137.92,1656422.4,732672.0,22083241.79,NET_REVENUE_SHARE,row_net_revenue / month_channel_net_revenue,COMMERCIAL_COSTS,DERIVED,false,false
VN000001792,ORD00001792,2025-06-01,2025-06-01,SKU004,CUS07,CH05,VN,North,3000,28000,84000000.0,3360000.0,504000.0,0,0,80136000.0,36960000.0,1.449775,53583680.8,1739243.52,2174054.4,961632.0,21677389.28,NET_REVENUE_SHARE,row_net_revenue / month_channel_net_revenue,COMMERCIAL_COSTS,DERIVED,false,false
VN000001793,ORD00001793,2025-06-01,2025-06-01,SKU005,CUS08,CH05,VN,South,2000,27000,54000000.0,2160000.0,324000.0,0,0,51516000.0,24840000.0,1.449775,36012408.85,1118085.12,1397606.4,618192.0,12369707.63,NET_REVENUE_SHARE,row_net_revenue / month_channel_net_revenue,COMMERCIAL_COSTS,DERIVED,false,false
VN000001794,ORD00001794,2025-06-01,2025-06-01,SKU006,CUS09,CH05,VN,Central,2000,30000,60000000.0,2400000.0,360000.0,0,0,57240000.0,25200000.0,1.449775,36534327.82,1242316.8,1552896.0,686880.0,17223579.38,NET_REVENUE_SHARE,row_net_revenue / month_channel_net_revenue,COMMERCIAL_COSTS,DERIVED,false,false
VN000001795,ORD00001795,2025-06-01,2025-06-01,SKU007,CUS10,CH05,VN,North,3000,23000,69000000.0,2760000.0,414000.0,0,0,65826000.0,37950000.0,1.449775,55018957.96,1428664.32,1785830.4,789912.0,6802635.32,NET_REVENUE_SHARE,row_net_revenue / month_channel_net_revenue,COMMERCIAL_COSTS,DERIVED,false,false
VN000001796,ORD00001796,2025-06-01,2025-06-01,SKU008,CUS01,CH05,VN,North,2000,25000,50000000.0,2000000.0,300000.0,0,0,47700000.0,26000000.0,1.449775,37694147.75,1035264.0,1294080.0,572400.0,7104108.25,NET_REVENUE_SHARE,row_net_revenue / month_channel_net_revenue,COMMERCIAL_COSTS,DERIVED,false,false
VN000001797,ORD00001797,2025-06-01,2025-06-01,SKU009,CUS02,CH05,VN,South,3000,21000,63000000.0,2520000.0,378000.0,0,0,60102000.0,36540000.0,1.449775,52974775.34,1304432.64,1630540.8,721224.0,3471027.22,NET_REVENUE_SHARE,row_net_revenue / month_channel_net_revenue,COMMERCIAL_COSTS,DERIVED,false,false
VN000001798,ORD00001798,2025-06-01,2025-06-01,SKU010,CUS03,CH05,VN,Central,2000,24000,48000000.0,1920000.0,288000.0,0,0,45792000.0,24000000.0,1.449775,34794597.92,993853.44,1242316.8,549504.0,8211727.84,NET_REVENUE_SHARE,row_net_revenue / month_channel_net_revenue,COMMERCIAL_COSTS,DERIVED,false,false
VN000001799,ORD00001799,2025-06-01,2025-06-01,SKU011,CUS04,CH05,VN,North,1000,35000,35000000.0,1400000.0,210000.0,0,0,33390000.0,10500000.0,1.449775,15222636.59,724684.8,905856.0,400680.0,16136142.61,NET_REVENUE_SHARE,row_net_revenue / month_channel_net_revenue,COMMERCIAL_COSTS,DERIVED,false,false
VN000001800,ORD00001800,2025-06-01,2025-06-01,SKU012,CUS05,CH05,VN,South,2000,29000,58000000.0,2320000.0,348000.0,0,0,55332000.0,22620000.0,1.449775,32793908.54,1200906.24,1501132.8,663984.0,19172068.42,NET_REVENUE_SHARE,row_net_revenue / month_channel_net_revenue,COMMERCIAL_COSTS,DERIVED,false,false
VN000001801,ORD00001801,2025-07-01,2025-07-01,SKU001,CUS01,CH01,VN,North,9000,31000,279000000.0,11160000.0,1674000.0,0,0,266166000.0,111600000.0,1.402307,156497475.62,9766443.64,6976031.17,3193992.0,89732057.57,NET_REVENUE_SHARE,row_net_revenue / month_channel_net_revenue,COMMERCIAL_COSTS,DERIVED,false,false
VN000001802,ORD00001802,2025-07-01,2025-07-01,SKU002,CUS02,CH01,VN,South,6000,36000,216000000.0,8640000.0,1296000.0,0,0,206064000.0,77760000.0,1.402307,109043402.37,7561117.65,5400798.32,2472768.0,81585913.66,NET_REVENUE_SHARE,row_net_revenue / month_channel_net_revenue,COMMERCIAL_COSTS,DERIVED,false,false
VN000001803,ORD00001803,2025-07-01,2025-07-01,SKU003,CUS03,CH01,VN,Central,5000,32000,160000000.0,6400000.0,960000.0,0,0,152640000.0,60800000.0,1.402307,85260273.45,5600827.89,4000591.35,1831680.0,55946627.31,NET_REVENUE_SHARE,row_net_revenue / month_channel_net_revenue,COMMERCIAL_COSTS,DERIVED,false,false
VN000001804,ORD00001804,2025-07-01,2025-07-01,SKU004,CUS04,CH01,VN,North,8000,28000,224000000.0,8960000.0,1344000.0,0,0,213696000.0,98560000.0,1.402307,138211390.65,7841159.05,5600827.89,2564352.0,59478270.41,NET_REVENUE_SHARE,row_net_revenue / month_channel_net_revenue,COMMERCIAL_COSTS,DERIVED,false,false
VN000001805,ORD00001805,2025-07-01,2025-07-01,SKU005,CUS05,CH01,VN,South,7000,27000,189000000.0,7560000.0,1134000.0,0,0,180306000.0,86940000.0,1.402307,121916581.81,6615977.95,4725698.53,2163672.0,44884069.71,NET_REVENUE_SHARE,row_net_revenue / month_channel_net_revenue,COMMERCIAL_COSTS,DERIVED,false,false
VN000001806,ORD00001806,2025-07-01,2025-07-01,SKU006,CUS06,CH01,VN,Central,5000,30000,150000000.0,6000000.0,900000.0,0,0,143100000.0,63000000.0,1.402307,88345349.14,5250776.15,3750554.39,1717200.0,44036120.32,NET_REVENUE_SHARE,row_net_revenue / month_channel_net_revenue,COMMERCIAL_COSTS,DERIVED,false,false
VN000001807,ORD00001807,2025-07-01,2025-07-01,SKU007,CUS07,CH01,VN,North,9000,23000,207000000.0,8280000.0,1242000.0,0,0,197478000.0,113850000.0,1.402307,159652666.66,7246071.09,5175765.06,2369736.0,23033761.19,NET_REVENUE_SHARE,row_net_revenue / month_channel_net_revenue,COMMERCIAL_COSTS,DERIVED,false,false
VN000001808,ORD00001808,2025-07-01,2025-07-01,SKU008,CUS08,CH01,VN,South,7000,25000,175000000.0,7000000.0,1050000.0,0,0,166950000.0,91000000.0,1.402307,127609948.76,6125905.51,4375646.79,2003400.0,26835098.94,NET_REVENUE_SHARE,row_net_revenue / month_channel_net_revenue,COMMERCIAL_COSTS,DERIVED,false,false
VN000001809,ORD00001809,2025-07-01,2025-07-01,SKU009,CUS09,CH01,VN,Central,8000,21000,168000000.0,6720000.0,1008000.0,0,0,160272000.0,97440000.0,1.402307,136640806.67,5880869.29,4200620.92,1923264.0,11626439.12,NET_REVENUE_SHARE,row_net_revenue / month_channel_net_revenue,COMMERCIAL_COSTS,DERIVED,false,false
VN000001810,ORD00001810,2025-07-01,2025-07-01,SKU010,CUS10,CH01,VN,North,6000,24000,144000000.0,5760000.0,864000.0,0,0,137376000.0,72000000.0,1.402307,100966113.3,5040745.1,3600532.22,1648512.0,26120097.38,NET_REVENUE_SHARE,row_net_revenue / month_channel_net_revenue,COMMERCIAL_COSTS,DERIVED,false,false
VN000001811,ORD00001811,2025-07-01,2025-07-01,SKU011,CUS01,CH01,VN,North,4000,35000,140000000.0,5600000.0,840000.0,0,0,133560000.0,42000000.0,1.402307,58896899.43,4900724.41,3500517.43,1602720.0,64659138.73,NET_REVENUE_SHARE,row_net_revenue / month_channel_net_revenue,COMMERCIAL_COSTS,DERIVED,false,false
VN000001812,ORD00001812,2025-07-01,2025-07-01,SKU012,CUS02,CH01,VN,South,5000,29000,145000000.0,5800000.0,870000.0,0,0,138330000.0,56550000.0,1.402307,79300468.14,5075750.28,3625535.91,1659960.0,48668285.67,NET_REVENUE_SHARE,row_net_revenue / month_channel_net_revenue,COMMERCIAL_COSTS,DERIVED,false,false
VN000001813,ORD00001813,2025-07-01,2025-07-01,SKU001,CUS02,CH02,VN,South,7000,31000,217000000.0,8680000.0,1302000.0,0,0,207018000.0,86800000.0,1.388998,120565060.43,9646208.0,7931326.58,2484216.0,66391188.99,NET_REVENUE_SHARE,row_net_revenue / month_channel_net_revenue,COMMERCIAL_COSTS,DERIVED,false,false
VN000001814,ORD00001814,2025-07-01,2025-07-01,SKU002,CUS03,CH02,VN,Central,5000,36000,180000000.0,7200000.0,1080000.0,0,0,171720000.0,64800000.0,1.388998,90007095.81,8001462.86,6578980.57,2060640.0,65071820.76,NET_REVENUE_SHARE,row_net_revenue / month_channel_net_revenue,COMMERCIAL_COSTS,DERIVED,false,false
VN000001815,ORD00001815,2025-07-01,2025-07-01,SKU003,CUS04,CH02,VN,North,4000,32000,128000000.0,5120000.0,768000.0,0,0,122112000.0,48640000.0,1.388998,67560881.79,5689929.14,4678386.18,1465344.0,42717458.89,NET_REVENUE_SHARE,row_net_revenue / month_channel_net_revenue,COMMERCIAL_COSTS,DERIVED,false,false
VN000001816,ORD00001816,2025-07-01,2025-07-01,SKU004,CUS05,CH02,VN,South,6000,28000,168000000.0,6720000.0,1008000.0,0,0,160272000.0,73920000.0,1.388998,102674761.14,7468032.0,6140381.87,1923264.0,42065560.99,NET_REVENUE_SHARE,row_net_revenue / month_channel_net_revenue,COMMERCIAL_COSTS,DERIVED,false,false
VN000001817,ORD00001817,2025-07-01,2025-07-01,SKU005,CUS06,CH02,VN,Central,5000,27000,135000000.0,5400000.0,810000.0,0,0,128790000.0,62100000.0,1.388998,86256800.15,6001097.14,4934235.43,1545480.0,30052387.28,NET_REVENUE_SHARE,row_net_revenue / month_channel_net_revenue,COMMERCIAL_COSTS,DERIVED,false,false
VN000001818,ORD00001818,2025-07-01,2025-07-01,SKU006,CUS07,CH02,VN,North,4000,30000,120000000.0,4800000.0,720000.0,0,0,114480000.0,50400000.0,1.388998,70005518.96,5334308.57,4385987.05,1373760.0,33380425.42,NET_REVENUE_SHARE,row_net_revenue / month_channel_net_revenue,COMMERCIAL_COSTS,DERIVED,false,false
VN000001819,ORD00001819,2025-07-01,2025-07-01,SKU007,CUS08,CH02,VN,South,7000,23000,161000000.0,6440000.0,966000.0,0,0,153594000.0,88550000.0,1.388998,122995807.62,7156864.0,5884532.62,1843128.0,15713667.76,NET_REVENUE_SHARE,row_net_revenue / month_channel_net_revenue,COMMERCIAL_COSTS,DERIVED,false,false
VN000001820,ORD00001820,2025-07-01,2025-07-01,SKU008,CUS09,CH02,VN,Central,5000,25000,125000000.0,5000000.0,750000.0,0,0,119250000.0,65000000.0,1.388998,90284895.48,5556571.43,4568736.51,1431000.0,17408796.58,NET_REVENUE_SHARE,row_net_revenue / month_channel_net_revenue,COMMERCIAL_COSTS,DERIVED,false,false
VN000001821,ORD00001821,2025-07-01,2025-07-01,SKU009,CUS10,CH02,VN,North,6000,21000,126000000.0,5040000.0,756000.0,0,0,120204000.0,73080000.0,1.388998,101508002.49,5601024.0,4605286.4,1442448.0,7047239.11,NET_REVENUE_SHARE,row_net_revenue / month_channel_net_revenue,COMMERCIAL_COSTS,DERIVED,false,false
VN000001822,ORD00001822,2025-07-01,2025-07-01,SKU010,CUS01,CH02,VN,North,5000,24000,120000000.0,4800000.0,720000.0,0,0,114480000.0,60000000.0,1.388998,83339903.52,5334308.57,4385987.05,1373760.0,20046040.86,NET_REVENUE_SHARE,row_net_revenue / month_channel_net_revenue,COMMERCIAL_COSTS,DERIVED,false,false
VN000001823,ORD00001823,2025-07-01,2025-07-01,SKU011,CUS02,CH02,VN,South,3000,35000,105000000.0,4200000.0,630000.0,0,0,100170000.0,31500000.0,1.388998,43753449.35,4667520.0,3837738.67,1202040.0,46709251.98,NET_REVENUE_SHARE,row_net_revenue / month_channel_net_revenue,COMMERCIAL_COSTS,DERIVED,false,false
VN000001824,ORD00001824,2025-07-01,2025-07-01,SKU012,CUS03,CH02,VN,Central,4000,29000,116000000.0,4640000.0,696000.0,0,0,110664000.0,45240000.0,1.388998,62838287.26,5156498.29,4239787.48,1327968.0,37101458.97,NET_REVENUE_SHARE,row_net_revenue / month_channel_net_revenue,COMMERCIAL_COSTS,DERIVED,false,false
VN000001825,ORD00001825,2025-07-01,2025-07-01,SKU001,CUS03,CH03,VN,Central,5000,31000,155000000.0,10075000.0,930000.0,0,0,143995000.0,62000000.0,1.589851,98570735.34,19549678.52,4072849.69,1727940.0,20073796.45,NET_REVENUE_SHARE,row_net_revenue / month_channel_net_revenue,COMMERCIAL_COSTS,DERIVED,false,false
VN000001826,ORD00001826,2025-07-01,2025-07-01,SKU002,CUS04,CH03,VN,North,4000,36000,144000000.0,9360000.0,864000.0,0,0,133776000.0,51840000.0,1.589851,82417853.55,18162281.98,3783808.74,1605312.0,27806743.73,NET_REVENUE_SHARE,row_net_revenue / month_channel_net_revenue,COMMERCIAL_COSTS,DERIVED,false,false
VN000001827,ORD00001827,2025-07-01,2025-07-01,SKU003,CUS05,CH03,VN,South,3000,32000,96000000.0,6240000.0,576000.0,0,0,89184000.0,36480000.0,1.589851,57997748.8,12108187.98,2522539.16,1070208.0,15485316.06,NET_REVENUE_SHARE,row_net_revenue / month_channel_net_revenue,COMMERCIAL_COSTS,DERIVED,false,false
VN000001828,ORD00001828,2025-07-01,2025-07-01,SKU004,CUS06,CH03,VN,Central,5000,28000,140000000.0,9100000.0,840000.0,0,0,130060000.0,61600000.0,1.589851,97934795.11,17657774.14,3678702.95,1560720.0,9228007.8,NET_REVENUE_SHARE,row_net_revenue / month_channel_net_revenue,COMMERCIAL_COSTS,DERIVED,false,false
VN000001829,ORD00001829,2025-07-01,2025-07-01,SKU005,CUS07,CH03,VN,North,4000,27000,108000000.0,7020000.0,648000.0,0,0,100332000.0,49680000.0,1.589851,78983776.32,13621711.48,2837856.56,1203984.0,3684671.64,NET_REVENUE_SHARE,row_net_revenue / month_channel_net_revenue,COMMERCIAL_COSTS,DERIVED,false,false
VN000001830,ORD00001830,2025-07-01,2025-07-01,SKU006,CUS08,CH03,VN,South,3000,30000,90000000.0,5850000.0,540000.0,0,0,83610000.0,37800000.0,1.589851,60096351.55,11351426.23,2364880.47,1003320.0,8794021.75,NET_REVENUE_SHARE,row_net_revenue / month_channel_net_revenue,COMMERCIAL_COSTS,DERIVED,false,false
VN000001831,ORD00001831,2025-07-01,2025-07-01,SKU007,CUS09,CH03,VN,Central,5000,23000,115000000.0,7475000.0,690000.0,0,0,106835000.0,63250000.0,1.589851,100558048.56,14504600.19,3021791.71,1282020.0,-12531460.46,NET_REVENUE_SHARE,row_net_revenue / month_channel_net_revenue,COMMERCIAL_COSTS,DERIVED,false,false
VN000001832,ORD00001832,2025-07-01,2025-07-01,SKU008,CUS10,CH03,VN,North,4000,25000,100000000.0,6500000.0,600000.0,0,0,92900000.0,52000000.0,1.589851,82672229.64,12612695.82,2627644.96,1114800.0,-6127370.42,NET_REVENUE_SHARE,row_net_revenue / month_channel_net_revenue,COMMERCIAL_COSTS,DERIVED,false,false
VN000001833,ORD00001833,2025-07-01,2025-07-01,SKU009,CUS01,CH03,VN,North,5000,21000,105000000.0,6825000.0,630000.0,0,0,97545000.0,60900000.0,1.589851,96821899.72,13243330.61,2759027.21,1170540.0,-16449797.54,NET_REVENUE_SHARE,row_net_revenue / month_channel_net_revenue,COMMERCIAL_COSTS,DERIVED,false,false
VN000001834,ORD00001834,2025-07-01,2025-07-01,SKU010,CUS02,CH03,VN,South,4000,24000,96000000.0,6240000.0,576000.0,0,0,89184000.0,48000000.0,1.589851,76312827.36,12108187.98,2522539.16,1070208.0,-2829762.5,NET_REVENUE_SHARE,row_net_revenue / month_channel_net_revenue,COMMERCIAL_COSTS,DERIVED,false,false
VN000001835,ORD00001835,2025-07-01,2025-07-01,SKU011,CUS03,CH03,VN,Central,2000,35000,70000000.0,4550000.0,420000.0,0,0,65030000.0,21000000.0,1.589851,33386861.97,8828887.07,1839351.47,780360.0,20194539.49,NET_REVENUE_SHARE,row_net_revenue / month_channel_net_revenue,COMMERCIAL_COSTS,DERIVED,false,false
VN000001836,ORD00001836,2025-07-01,2025-07-01,SKU012,CUS04,CH03,VN,North,3000,29000,87000000.0,5655000.0,522000.0,0,0,80823000.0,33930000.0,1.589851,53943629.84,10973045.36,2286051.12,969876.0,12650397.68,NET_REVENUE_SHARE,row_net_revenue / month_channel_net_revenue,COMMERCIAL_COSTS,DERIVED,false,false
VN000001837,ORD00001837,2025-07-01,2025-07-01,SKU001,CUS04,CH04,VN,North,3000,31000,93000000.0,3720000.0,1674000.0,0,0,87606000.0,37200000.0,1.302841,48465671.95,6859149.33,2143484.17,1051272.0,29086422.55,NET_REVENUE_SHARE,row_net_revenue / month_channel_net_revenue,COMMERCIAL_COSTS,DERIVED,false,false
VN000001838,ORD00001838,2025-07-01,2025-07-01,SKU002,CUS05,CH04,VN,South,2000,36000,72000000.0,2880000.0,1296000.0,0,0,67824000.0,25920000.0,1.302841,33769629.49,5310309.16,1659471.61,813888.0,26270701.74,NET_REVENUE_SHARE,row_net_revenue / month_channel_net_revenue,COMMERCIAL_COSTS,DERIVED,false,false
VN000001839,ORD00001839,2025-07-01,2025-07-01,SKU003,CUS06,CH04,VN,Central,2000,32000,64000000.0,2560000.0,1152000.0,0,0,60288000.0,24320000.0,1.302841,31685084.46,4720274.81,1475085.88,723456.0,21684098.85,NET_REVENUE_SHARE,row_net_revenue / month_channel_net_revenue,COMMERCIAL_COSTS,DERIVED,false,false
VN000001840,ORD00001840,2025-07-01,2025-07-01,SKU004,CUS07,CH04,VN,North,2000,28000,56000000.0,2240000.0,1008000.0,0,0,52752000.0,24640000.0,1.302841,32101993.46,4130240.46,1290700.14,633024.0,14596041.94,NET_REVENUE_SHARE,row_net_revenue / month_channel_net_revenue,COMMERCIAL_COSTS,DERIVED,false,false
VN000001841,ORD00001841,2025-07-01,2025-07-01,SKU005,CUS08,CH04,VN,South,2000,27000,54000000.0,2160000.0,972000.0,0,0,50868000.0,24840000.0,1.302841,32362561.59,3982731.87,1244603.71,610416.0,12667686.83,NET_REVENUE_SHARE,row_net_revenue / month_channel_net_revenue,COMMERCIAL_COSTS,DERIVED,false,false
VN000001842,ORD00001842,2025-07-01,2025-07-01,SKU006,CUS09,CH04,VN,Central,2000,30000,60000000.0,2400000.0,1080000.0,0,0,56520000.0,25200000.0,1.302841,32831584.22,4425257.63,1382893.01,678240.0,17202025.14,NET_REVENUE_SHARE,row_net_revenue / month_channel_net_revenue,COMMERCIAL_COSTS,DERIVED,false,false
VN000001843,ORD00001843,2025-07-01,2025-07-01,SKU007,CUS10,CH04,VN,North,3000,23000,69000000.0,2760000.0,1242000.0,0,0,64998000.0,37950000.0,1.302841,49442802.43,5089046.28,1590326.96,779976.0,8095848.33,NET_REVENUE_SHARE,row_net_revenue / month_channel_net_revenue,COMMERCIAL_COSTS,DERIVED,false,false
VN000001844,ORD00001844,2025-07-01,2025-07-01,SKU008,CUS01,CH04,VN,North,2000,25000,50000000.0,2000000.0,900000.0,0,0,47100000.0,26000000.0,1.302841,33873856.74,3687714.69,1152410.84,565200.0,7820817.73,NET_REVENUE_SHARE,row_net_revenue / month_channel_net_revenue,COMMERCIAL_COSTS,DERIVED,false,false
VN000001845,ORD00001845,2025-07-01,2025-07-01,SKU009,CUS02,CH04,VN,South,2000,21000,42000000.0,1680000.0,756000.0,0,0,39564000.0,24360000.0,1.302841,31737198.08,3097680.34,968025.11,474768.0,3286328.47,NET_REVENUE_SHARE,row_net_revenue / month_channel_net_revenue,COMMERCIAL_COSTS,DERIVED,false,false
VN000001846,ORD00001846,2025-07-01,2025-07-01,SKU010,CUS03,CH04,VN,Central,2000,24000,48000000.0,1920000.0,864000.0,0,0,45216000.0,24000000.0,1.302841,31268175.45,3540206.11,1106314.41,542592.0,8758712.03,NET_REVENUE_SHARE,row_net_revenue / month_channel_net_revenue,COMMERCIAL_COSTS,DERIVED,false,false
VN000001847,ORD00001847,2025-07-01,2025-07-01,SKU011,CUS04,CH04,VN,North,1000,35000,35000000.0,1400000.0,630000.0,0,0,32970000.0,10500000.0,1.302841,13679826.76,2581400.29,806687.59,395640.0,15506445.36,NET_REVENUE_SHARE,row_net_revenue / month_channel_net_revenue,COMMERCIAL_COSTS,DERIVED,false,false
VN000001848,ORD00001848,2025-07-01,2025-07-01,SKU012,CUS05,CH04,VN,South,2000,29000,58000000.0,2320000.0,1044000.0,0,0,54636000.0,22620000.0,1.302841,29470255.37,4277749.04,1336796.58,655632.0,18895567.01,NET_REVENUE_SHARE,row_net_revenue / month_channel_net_revenue,COMMERCIAL_COSTS,DERIVED,false,false
VN000001849,ORD00001849,2025-07-01,2025-07-01,SKU001,CUS05,CH05,VN,South,3000,31000,93000000.0,3720000.0,558000.0,0,0,88722000.0,37200000.0,1.448054,53867612.98,1923305.47,2404131.84,1064664.0,29462285.71,NET_REVENUE_SHARE,row_net_revenue / month_channel_net_revenue,COMMERCIAL_COSTS,DERIVED,false,false
VN000001850,ORD00001850,2025-07-01,2025-07-01,SKU002,CUS06,CH05,VN,Central,2000,36000,72000000.0,2880000.0,432000.0,0,0,68688000.0,25920000.0,1.448054,37533562.59,1489010.69,1861263.36,824256.0,26979907.36,NET_REVENUE_SHARE,row_net_revenue / month_channel_net_revenue,COMMERCIAL_COSTS,DERIVED,false,false
VN000001851,ORD00001851,2025-07-01,2025-07-01,SKU003,CUS07,CH05,VN,North,2000,32000,64000000.0,2560000.0,384000.0,0,0,61056000.0,24320000.0,1.448054,35216676.01,1323565.06,1654456.32,732672.0,22128630.61,NET_REVENUE_SHARE,row_net_revenue / month_channel_net_revenue,COMMERCIAL_COSTS,DERIVED,false,false
VN000001852,ORD00001852,2025-07-01,2025-07-01,SKU004,CUS08,CH05,VN,South,3000,28000,84000000.0,3360000.0,504000.0,0,0,80136000.0,36960000.0,1.448054,53520079.99,1737179.14,2171473.92,961632.0,21745634.95,NET_REVENUE_SHARE,row_net_revenue / month_channel_net_revenue,COMMERCIAL_COSTS,DERIVED,false,false
VN000001853,ORD00001853,2025-07-01,2025-07-01,SKU005,CUS09,CH05,VN,Central,2000,27000,54000000.0,2160000.0,324000.0,0,0,51516000.0,24840000.0,1.448054,35969664.15,1116758.02,1395947.52,618192.0,12415438.31,NET_REVENUE_SHARE,row_net_revenue / month_channel_net_revenue,COMMERCIAL_COSTS,DERIVED,false,false
VN000001854,ORD00001854,2025-07-01,2025-07-01,SKU006,CUS10,CH05,VN,North,2000,30000,60000000.0,2400000.0,360000.0,0,0,57240000.0,25200000.0,1.448054,36490963.63,1240842.24,1551052.8,686880.0,17270261.33,NET_REVENUE_SHARE,row_net_revenue / month_channel_net_revenue,COMMERCIAL_COSTS,DERIVED,false,false
VN000001855,ORD00001855,2025-07-01,2025-07-01,SKU007,CUS01,CH05,VN,North,3000,23000,69000000.0,2760000.0,414000.0,0,0,65826000.0,37950000.0,1.448054,54953653.56,1426968.58,1783710.72,789912.0,6871755.14,NET_REVENUE_SHARE,row_net_revenue / month_channel_net_revenue,COMMERCIAL_COSTS,DERIVED,false,false
VN000001856,ORD00001856,2025-07-01,2025-07-01,SKU008,CUS02,CH05,VN,South,2000,25000,50000000.0,2000000.0,300000.0,0,0,47700000.0,26000000.0,1.448054,37649406.92,1034035.2,1292544.0,572400.0,7151613.88,NET_REVENUE_SHARE,row_net_revenue / month_channel_net_revenue,COMMERCIAL_COSTS,DERIVED,false,false
VN000001857,ORD00001857,2025-07-01,2025-07-01,SKU009,CUS03,CH05,VN,Central,3000,21000,63000000.0,2520000.0,378000.0,0,0,60102000.0,36540000.0,1.448054,52911897.26,1302884.35,1628605.44,721224.0,3537388.95,NET_REVENUE_SHARE,row_net_revenue / month_channel_net_revenue,COMMERCIAL_COSTS,DERIVED,false,false
VN000001858,ORD00001858,2025-07-01,2025-07-01,SKU010,CUS04,CH05,VN,North,2000,24000,48000000.0,1920000.0,288000.0,0,0,45792000.0,24000000.0,1.448054,34753298.7,992673.79,1240842.24,549504.0,8255681.27,NET_REVENUE_SHARE,row_net_revenue / month_channel_net_revenue,COMMERCIAL_COSTS,DERIVED,false,false
VN000001859,ORD00001859,2025-07-01,2025-07-01,SKU011,CUS05,CH05,VN,South,1000,35000,35000000.0,1400000.0,210000.0,0,0,33390000.0,10500000.0,1.448054,15204568.18,723824.64,904780.8,400680.0,16156146.38,NET_REVENUE_SHARE,row_net_revenue / month_channel_net_revenue,COMMERCIAL_COSTS,DERIVED,false,false
VN000001860,ORD00001860,2025-07-01,2025-07-01,SKU012,CUS06,CH05,VN,Central,2000,29000,58000000.0,2320000.0,348000.0,0,0,55332000.0,22620000.0,1.448054,32754984.03,1199480.83,1499351.04,663984.0,19214200.1,NET_REVENUE_SHARE,row_net_revenue / month_channel_net_revenue,COMMERCIAL_COSTS,DERIVED,false,false
VN000001861,ORD00001861,2025-08-01,2025-08-01,SKU001,CUS02,CH01,VN,South,9000,31000,279000000.0,11160000.0,1674000.0,0,0,266166000.0,111600000.0,1.39122,155260125.42,9711301.26,6936643.76,3193992.0,91063937.56,NET_REVENUE_SHARE,row_net_revenue / month_channel_net_revenue,COMMERCIAL_COSTS,DERIVED,false,false
VN000001862,ORD00001862,2025-08-01,2025-08-01,SKU002,CUS03,CH01,VN,Central,6000,36000,216000000.0,8640000.0,1296000.0,0,0,206064000.0,77760000.0,1.39122,108181248.68,7518426.78,5370304.84,2472768.0,82521251.7,NET_REVENUE_SHARE,row_net_revenue / month_channel_net_revenue,COMMERCIAL_COSTS,DERIVED,false,false
VN000001863,ORD00001863,2025-08-01,2025-08-01,SKU003,CUS04,CH01,VN,North,6000,32000,192000000.0,7680000.0,1152000.0,0,0,183168000.0,72960000.0,1.39122,101503393.83,6683046.03,4773604.31,2198016.0,68009939.83,NET_REVENUE_SHARE,row_net_revenue / month_channel_net_revenue,COMMERCIAL_COSTS,DERIVED,false,false
VN000001864,ORD00001864,2025-08-01,2025-08-01,SKU004,CUS05,CH01,VN,South,8000,28000,224000000.0,8960000.0,1344000.0,0,0,213696000.0,98560000.0,1.39122,137118619.73,7796887.03,5569205.02,2564352.0,60646936.22,NET_REVENUE_SHARE,row_net_revenue / month_channel_net_revenue,COMMERCIAL_COSTS,DERIVED,false,false
VN000001865,ORD00001865,2025-08-01,2025-08-01,SKU005,CUS06,CH01,VN,Central,7000,27000,189000000.0,7560000.0,1134000.0,0,0,180306000.0,86940000.0,1.39122,120952646.1,6578623.43,4699016.74,2163672.0,45912041.73,NET_REVENUE_SHARE,row_net_revenue / month_channel_net_revenue,COMMERCIAL_COSTS,DERIVED,false,false
VN000001866,ORD00001866,2025-08-01,2025-08-01,SKU006,CUS07,CH01,VN,North,5000,30000,150000000.0,6000000.0,900000.0,0,0,143100000.0,63000000.0,1.39122,87646845.0,5221129.71,3729378.36,1717200.0,44785446.93,NET_REVENUE_SHARE,row_net_revenue / month_channel_net_revenue,COMMERCIAL_COSTS,DERIVED,false,false
VN000001867,ORD00001867,2025-08-01,2025-08-01,SKU007,CUS08,CH01,VN,South,9000,23000,207000000.0,8280000.0,1242000.0,0,0,197478000.0,113850000.0,1.39122,158390369.89,7205159.0,5146542.14,2369736.0,24366192.97,NET_REVENUE_SHARE,row_net_revenue / month_channel_net_revenue,COMMERCIAL_COSTS,DERIVED,false,false
VN000001868,ORD00001868,2025-08-01,2025-08-01,SKU008,CUS09,CH01,VN,Central,7000,25000,175000000.0,7000000.0,1050000.0,0,0,166950000.0,91000000.0,1.39122,126600998.33,6091317.99,4350941.42,2003400.0,27903342.26,NET_REVENUE_SHARE,row_net_revenue / month_channel_net_revenue,COMMERCIAL_COSTS,DERIVED,false,false
VN000001869,ORD00001869,2025-08-01,2025-08-01,SKU009,CUS10,CH01,VN,North,9000,21000,189000000.0,7560000.0,1134000.0,0,0,180306000.0,109620000.0,1.39122,152505510.3,6578623.43,4699016.74,2163672.0,14359177.53,NET_REVENUE_SHARE,row_net_revenue / month_channel_net_revenue,COMMERCIAL_COSTS,DERIVED,false,false
VN000001870,ORD00001870,2025-08-01,2025-08-01,SKU010,CUS01,CH01,VN,North,7000,24000,168000000.0,6720000.0,1008000.0,0,0,160272000.0,84000000.0,1.39122,116862460.0,5847665.27,4176903.77,1923264.0,31461706.96,NET_REVENUE_SHARE,row_net_revenue / month_channel_net_revenue,COMMERCIAL_COSTS,DERIVED,false,false
VN000001871,ORD00001871,2025-08-01,2025-08-01,SKU011,CUS02,CH01,VN,South,4000,35000,140000000.0,5600000.0,840000.0,0,0,133560000.0,42000000.0,1.39122,58431230.0,4873054.4,3480753.14,1602720.0,65172242.46,NET_REVENUE_SHARE,row_net_revenue / month_channel_net_revenue,COMMERCIAL_COSTS,DERIVED,false,false
VN000001872,ORD00001872,2025-08-01,2025-08-01,SKU012,CUS03,CH01,VN,Central,5000,29000,145000000.0,5800000.0,870000.0,0,0,138330000.0,56550000.0,1.39122,78673477.52,5047092.05,3605065.75,1659960.0,49344404.68,NET_REVENUE_SHARE,row_net_revenue / month_channel_net_revenue,COMMERCIAL_COSTS,DERIVED,false,false
VN000001873,ORD00001873,2025-08-01,2025-08-01,SKU001,CUS03,CH02,VN,Central,7000,31000,217000000.0,8680000.0,1302000.0,0,0,207018000.0,86800000.0,1.383128,120055516.03,9666503.51,7948014.0,2484216.0,66863750.46,NET_REVENUE_SHARE,row_net_revenue / month_channel_net_revenue,COMMERCIAL_COSTS,DERIVED,false,false
VN000001874,ORD00001874,2025-08-01,2025-08-01,SKU002,CUS04,CH02,VN,North,5000,36000,180000000.0,7200000.0,1080000.0,0,0,171720000.0,64800000.0,1.383128,89626698.61,8018297.85,6592822.67,2060640.0,65421540.87,NET_REVENUE_SHARE,row_net_revenue / month_channel_net_revenue,COMMERCIAL_COSTS,DERIVED,false,false
VN000001875,ORD00001875,2025-08-01,2025-08-01,SKU003,CUS05,CH02,VN,South,4000,32000,128000000.0,5120000.0,768000.0,0,0,122112000.0,48640000.0,1.383128,67275349.08,5701900.69,4688229.46,1465344.0,42981176.77,NET_REVENUE_SHARE,row_net_revenue / month_channel_net_revenue,COMMERCIAL_COSTS,DERIVED,false,false
VN000001876,ORD00001876,2025-08-01,2025-08-01,SKU004,CUS06,CH02,VN,Central,6000,28000,168000000.0,6720000.0,1008000.0,0,0,160272000.0,73920000.0,1.383128,102240826.56,7483744.66,6153301.16,1923264.0,42470863.62,NET_REVENUE_SHARE,row_net_revenue / month_channel_net_revenue,COMMERCIAL_COSTS,DERIVED,false,false
VN000001877,ORD00001877,2025-08-01,2025-08-01,SKU005,CUS07,CH02,VN,North,5000,27000,135000000.0,5400000.0,810000.0,0,0,128790000.0,62100000.0,1.383128,85892252.83,6013723.38,4944617.0,1545480.0,30393926.79,NET_REVENUE_SHARE,row_net_revenue / month_channel_net_revenue,COMMERCIAL_COSTS,DERIVED,false,false
VN000001878,ORD00001878,2025-08-01,2025-08-01,SKU006,CUS08,CH02,VN,South,4000,30000,120000000.0,4800000.0,720000.0,0,0,114480000.0,50400000.0,1.383128,69709654.47,5345531.9,4395215.12,1373760.0,33655838.51,NET_REVENUE_SHARE,row_net_revenue / month_channel_net_revenue,COMMERCIAL_COSTS,DERIVED,false,false
VN000001879,ORD00001879,2025-08-01,2025-08-01,SKU007,CUS09,CH02,VN,Central,7000,23000,161000000.0,6440000.0,966000.0,0,0,153594000.0,88550000.0,1.383128,122475990.15,7171921.96,5896913.61,1843128.0,16206046.28,NET_REVENUE_SHARE,row_net_revenue / month_channel_net_revenue,COMMERCIAL_COSTS,DERIVED,false,false
VN000001880,ORD00001880,2025-08-01,2025-08-01,SKU008,CUS10,CH02,VN,North,6000,25000,150000000.0,6000000.0,900000.0,0,0,143100000.0,78000000.0,1.383128,107883989.06,6681914.87,5494018.89,1717200.0,21322877.18,NET_REVENUE_SHARE,row_net_revenue / month_channel_net_revenue,COMMERCIAL_COSTS,DERIVED,false,false
VN000001881,ORD00001881,2025-08-01,2025-08-01,SKU009,CUS01,CH02,VN,North,7000,21000,147000000.0,5880000.0,882000.0,0,0,140238000.0,85260000.0,1.383128,117925498.81,6548276.57,5384138.52,1682856.0,8697230.1,NET_REVENUE_SHARE,row_net_revenue / month_channel_net_revenue,COMMERCIAL_COSTS,DERIVED,false,false
VN000001882,ORD00001882,2025-08-01,2025-08-01,SKU010,CUS02,CH02,VN,South,5000,24000,120000000.0,4800000.0,720000.0,0,0,114480000.0,60000000.0,1.383128,82987683.89,5345531.9,4395215.12,1373760.0,20377809.09,NET_REVENUE_SHARE,row_net_revenue / month_channel_net_revenue,COMMERCIAL_COSTS,DERIVED,false,false
VN000001883,ORD00001883,2025-08-01,2025-08-01,SKU011,CUS03,CH02,VN,Central,3000,35000,105000000.0,4200000.0,630000.0,0,0,100170000.0,31500000.0,1.383128,43568534.04,4677340.41,3845813.23,1202040.0,46876272.32,NET_REVENUE_SHARE,row_net_revenue / month_channel_net_revenue,COMMERCIAL_COSTS,DERIVED,false,false
VN000001884,ORD00001884,2025-08-01,2025-08-01,SKU012,CUS04,CH02,VN,North,4000,29000,116000000.0,4640000.0,696000.0,0,0,110664000.0,45240000.0,1.383128,62572713.67,5167347.5,4248707.94,1327968.0,37347262.89,NET_REVENUE_SHARE,row_net_revenue / month_channel_net_revenue,COMMERCIAL_COSTS,DERIVED,false,false
VN000001885,ORD00001885,2025-08-01,2025-08-01,SKU001,CUS04,CH03,VN,North,5000,31000,155000000.0,10075000.0,930000.0,0,0,143995000.0,62000000.0,1.543702,95709553.02,19055644.0,3969925.83,1727940.0,23531937.15,NET_REVENUE_SHARE,row_net_revenue / month_channel_net_revenue,COMMERCIAL_COSTS,DERIVED,false,false
VN000001886,ORD00001886,2025-08-01,2025-08-01,SKU002,CUS05,CH03,VN,South,4000,36000,144000000.0,9360000.0,864000.0,0,0,133776000.0,51840000.0,1.543702,80025535.94,17703307.97,3688189.16,1605312.0,30753654.93,NET_REVENUE_SHARE,row_net_revenue / month_channel_net_revenue,COMMERCIAL_COSTS,DERIVED,false,false
VN000001887,ORD00001887,2025-08-01,2025-08-01,SKU003,CUS06,CH03,VN,Central,4000,32000,128000000.0,8320000.0,768000.0,0,0,118912000.0,48640000.0,1.543702,75085688.04,15736273.75,3278390.37,1426944.0,23384703.84,NET_REVENUE_SHARE,row_net_revenue / month_channel_net_revenue,COMMERCIAL_COSTS,DERIVED,false,false
VN000001888,ORD00001888,2025-08-01,2025-08-01,SKU004,CUS07,CH03,VN,North,5000,28000,140000000.0,9100000.0,840000.0,0,0,130060000.0,61600000.0,1.543702,95092072.03,17211549.42,3585739.46,1560720.0,12609919.09,NET_REVENUE_SHARE,row_net_revenue / month_channel_net_revenue,COMMERCIAL_COSTS,DERIVED,false,false
VN000001889,ORD00001889,2025-08-01,2025-08-01,SKU005,CUS08,CH03,VN,South,4000,27000,108000000.0,7020000.0,648000.0,0,0,100332000.0,49680000.0,1.543702,76691138.61,13277480.98,2766141.87,1203984.0,6393254.54,NET_REVENUE_SHARE,row_net_revenue / month_channel_net_revenue,COMMERCIAL_COSTS,DERIVED,false,false
VN000001890,ORD00001890,2025-08-01,2025-08-01,SKU006,CUS09,CH03,VN,Central,3000,30000,90000000.0,5850000.0,540000.0,0,0,83610000.0,37800000.0,1.543702,58351953.29,11064567.48,2305118.23,1003320.0,10885041.0,NET_REVENUE_SHARE,row_net_revenue / month_channel_net_revenue,COMMERCIAL_COSTS,DERIVED,false,false
VN000001891,ORD00001891,2025-08-01,2025-08-01,SKU007,CUS10,CH03,VN,North,6000,23000,138000000.0,8970000.0,828000.0,0,0,128202000.0,75900000.0,1.543702,117167017.32,16965670.14,3534514.61,1538424.0,-11003626.07,NET_REVENUE_SHARE,row_net_revenue / month_channel_net_revenue,COMMERCIAL_COSTS,DERIVED,false,false
VN000001892,ORD00001892,2025-08-01,2025-08-01,SKU008,CUS01,CH03,VN,North,5000,25000,125000000.0,8125000.0,750000.0,0,0,116125000.0,65000000.0,1.543702,100340660.42,15367454.84,3201553.09,1393500.0,-4178168.35,NET_REVENUE_SHARE,row_net_revenue / month_channel_net_revenue,COMMERCIAL_COSTS,DERIVED,false,false
VN000001893,ORD00001893,2025-08-01,2025-08-01,SKU009,CUS02,CH03,VN,South,5000,21000,105000000.0,6825000.0,630000.0,0,0,97545000.0,60900000.0,1.543702,94011480.3,12908662.06,2689304.6,1170540.0,-13234986.96,NET_REVENUE_SHARE,row_net_revenue / month_channel_net_revenue,COMMERCIAL_COSTS,DERIVED,false,false
VN000001894,ORD00001894,2025-08-01,2025-08-01,SKU010,CUS03,CH03,VN,Central,4000,24000,96000000.0,6240000.0,576000.0,0,0,89184000.0,48000000.0,1.543702,74097718.46,11802205.31,2458792.77,1070208.0,-244924.54,NET_REVENUE_SHARE,row_net_revenue / month_channel_net_revenue,COMMERCIAL_COSTS,DERIVED,false,false
VN000001895,ORD00001895,2025-08-01,2025-08-01,SKU011,CUS04,CH03,VN,North,2000,35000,70000000.0,4550000.0,420000.0,0,0,65030000.0,21000000.0,1.543702,32417751.83,8605774.71,1792869.73,780360.0,21433243.73,NET_REVENUE_SHARE,row_net_revenue / month_channel_net_revenue,COMMERCIAL_COSTS,DERIVED,false,false
VN000001896,ORD00001896,2025-08-01,2025-08-01,SKU012,CUS05,CH03,VN,South,3000,29000,87000000.0,5655000.0,522000.0,0,0,80823000.0,33930000.0,1.543702,52377824.75,10695748.57,2228280.95,969876.0,14551269.73,NET_REVENUE_SHARE,row_net_revenue / month_channel_net_revenue,COMMERCIAL_COSTS,DERIVED,false,false
VN000001897,ORD00001897,2025-08-01,2025-08-01,SKU001,CUS05,CH04,VN,South,3000,31000,93000000.0,3720000.0,1674000.0,0,0,87606000.0,37200000.0,1.289808,47980852.96,6854131.94,2141916.23,1051272.0,29577826.87,NET_REVENUE_SHARE,row_net_revenue / month_channel_net_revenue,COMMERCIAL_COSTS,DERIVED,false,false
VN000001898,ORD00001898,2025-08-01,2025-08-01,SKU002,CUS06,CH04,VN,Central,2000,36000,72000000.0,2880000.0,1296000.0,0,0,67824000.0,25920000.0,1.289808,33431820.13,5306424.73,1658257.73,813888.0,26613609.41,NET_REVENUE_SHARE,row_net_revenue / month_channel_net_revenue,COMMERCIAL_COSTS,DERIVED,false,false
VN000001899,ORD00001899,2025-08-01,2025-08-01,SKU003,CUS07,CH04,VN,North,2000,32000,64000000.0,2560000.0,1152000.0,0,0,60288000.0,24320000.0,1.289808,31368127.53,4716821.98,1474006.87,723456.0,22005587.62,NET_REVENUE_SHARE,row_net_revenue / month_channel_net_revenue,COMMERCIAL_COSTS,DERIVED,false,false
VN000001900,ORD00001900,2025-08-01,2025-08-01,SKU004,CUS08,CH04,VN,South,2000,28000,56000000.0,2240000.0,1008000.0,0,0,52752000.0,24640000.0,1.289808,31780866.05,4127219.24,1289756.01,633024.0,14921134.7,NET_REVENUE_SHARE,row_net_revenue / month_channel_net_revenue,COMMERCIAL_COSTS,DERIVED,false,false
VN000001901,ORD00001901,2025-08-01,2025-08-01,SKU005,CUS09,CH04,VN,Central,2000,27000,54000000.0,2160000.0,972000.0,0,0,50868000.0,24840000.0,1.289808,32038827.62,3979818.55,1243693.3,610416.0,12995244.53,NET_REVENUE_SHARE,row_net_revenue / month_channel_net_revenue,COMMERCIAL_COSTS,DERIVED,false,false
VN000001902,ORD00001902,2025-08-01,2025-08-01,SKU006,CUS10,CH04,VN,North,2000,30000,60000000.0,2400000.0,1080000.0,0,0,56520000.0,25200000.0,1.289808,32503158.46,4422020.61,1381881.44,678240.0,17534699.49,NET_REVENUE_SHARE,row_net_revenue / month_channel_net_revenue,COMMERCIAL_COSTS,DERIVED,false,false
VN000001903,ORD00001903,2025-08-01,2025-08-01,SKU007,CUS01,CH04,VN,North,3000,23000,69000000.0,2760000.0,1242000.0,0,0,64998000.0,37950000.0,1.289808,48948208.87,5085323.7,1589163.66,779976.0,8595327.77,NET_REVENUE_SHARE,row_net_revenue / month_channel_net_revenue,COMMERCIAL_COSTS,DERIVED,false,false
VN000001904,ORD00001904,2025-08-01,2025-08-01,SKU008,CUS02,CH04,VN,South,2000,25000,50000000.0,2000000.0,900000.0,0,0,47100000.0,26000000.0,1.289808,33535004.76,3685017.17,1151567.87,565200.0,8163210.2,NET_REVENUE_SHARE,row_net_revenue / month_channel_net_revenue,COMMERCIAL_COSTS,DERIVED,false,false
VN000001905,ORD00001905,2025-08-01,2025-08-01,SKU009,CUS03,CH04,VN,Central,3000,21000,63000000.0,2520000.0,1134000.0,0,0,59346000.0,36540000.0,1.289808,47129579.77,4643121.64,1450975.51,712152.0,5410171.08,NET_REVENUE_SHARE,row_net_revenue / month_channel_net_revenue,COMMERCIAL_COSTS,DERIVED,false,false
VN000001906,ORD00001906,2025-08-01,2025-08-01,SKU010,CUS04,CH04,VN,North,2000,24000,48000000.0,1920000.0,864000.0,0,0,45216000.0,24000000.0,1.289808,30955389.01,3537616.49,1105505.15,542592.0,9074897.35,NET_REVENUE_SHARE,row_net_revenue / month_channel_net_revenue,COMMERCIAL_COSTS,DERIVED,false,false
VN000001907,ORD00001907,2025-08-01,2025-08-01,SKU011,CUS05,CH04,VN,South,1000,35000,35000000.0,1400000.0,630000.0,0,0,32970000.0,10500000.0,1.289808,13542982.69,2579512.02,806097.51,395640.0,15645767.78,NET_REVENUE_SHARE,row_net_revenue / month_channel_net_revenue,COMMERCIAL_COSTS,DERIVED,false,false
VN000001908,ORD00001908,2025-08-01,2025-08-01,SKU012,CUS06,CH04,VN,Central,2000,29000,58000000.0,2320000.0,1044000.0,0,0,54636000.0,22620000.0,1.289808,29175454.15,4274619.92,1335818.73,655632.0,19194475.2,NET_REVENUE_SHARE,row_net_revenue / month_channel_net_revenue,COMMERCIAL_COSTS,DERIVED,false,false
VN000001909,ORD00001909,2025-08-01,2025-08-01,SKU001,CUS06,CH05,VN,Central,3000,31000,93000000.0,3720000.0,558000.0,0,0,88722000.0,37200000.0,1.434193,53351983.02,1915619.33,2394524.16,1064664.0,29995209.49,NET_REVENUE_SHARE,row_net_revenue / month_channel_net_revenue,COMMERCIAL_COSTS,DERIVED,false,false
VN000001910,ORD00001910,2025-08-01,2025-08-01,SKU002,CUS07,CH05,VN,North,2000,36000,72000000.0,2880000.0,432000.0,0,0,68688000.0,25920000.0,1.434193,37174284.95,1483060.12,1853825.16,824256.0,27352573.77,NET_REVENUE_SHARE,row_net_revenue / month_channel_net_revenue,COMMERCIAL_COSTS,DERIVED,false,false
VN000001911,ORD00001911,2025-08-01,2025-08-01,SKU003,CUS08,CH05,VN,South,2000,32000,64000000.0,2560000.0,384000.0,0,0,61056000.0,24320000.0,1.434193,34879576.0,1318275.67,1647844.58,732672.0,22477631.75,NET_REVENUE_SHARE,row_net_revenue / month_channel_net_revenue,COMMERCIAL_COSTS,DERIVED,false,false
VN000001912,ORD00001912,2025-08-01,2025-08-01,SKU004,CUS09,CH05,VN,Central,3000,28000,84000000.0,3360000.0,504000.0,0,0,80136000.0,36960000.0,1.434193,53007776.68,1730236.81,2162796.02,961632.0,22273558.49,NET_REVENUE_SHARE,row_net_revenue / month_channel_net_revenue,COMMERCIAL_COSTS,DERIVED,false,false
VN000001913,ORD00001913,2025-08-01,2025-08-01,SKU005,CUS10,CH05,VN,North,2000,27000,54000000.0,2160000.0,324000.0,0,0,51516000.0,24840000.0,1.434193,35625356.41,1112295.09,1390368.87,618192.0,12769787.63,NET_REVENUE_SHARE,row_net_revenue / month_channel_net_revenue,COMMERCIAL_COSTS,DERIVED,false,false
VN000001914,ORD00001914,2025-08-01,2025-08-01,SKU006,CUS01,CH05,VN,North,2000,30000,60000000.0,2400000.0,360000.0,0,0,57240000.0,25200000.0,1.434193,36141665.92,1235883.44,1544854.3,686880.0,17630716.34,NET_REVENUE_SHARE,row_net_revenue / month_channel_net_revenue,COMMERCIAL_COSTS,DERIVED,false,false
VN000001915,ORD00001915,2025-08-01,2025-08-01,SKU007,CUS02,CH05,VN,South,3000,23000,69000000.0,2760000.0,414000.0,0,0,65826000.0,37950000.0,1.434193,54427627.84,1421265.95,1776582.44,789912.0,7410611.77,NET_REVENUE_SHARE,row_net_revenue / month_channel_net_revenue,COMMERCIAL_COSTS,DERIVED,false,false
VN000001916,ORD00001916,2025-08-01,2025-08-01,SKU008,CUS03,CH05,VN,Central,3000,25000,75000000.0,3000000.0,450000.0,0,0,71550000.0,39000000.0,1.434193,55933530.59,1544854.3,1931067.87,858600.0,11281947.24,NET_REVENUE_SHARE,row_net_revenue / month_channel_net_revenue,COMMERCIAL_COSTS,DERIVED,false,false
VN000001917,ORD00001917,2025-08-01,2025-08-01,SKU009,CUS04,CH05,VN,North,3000,21000,63000000.0,2520000.0,378000.0,0,0,60102000.0,36540000.0,1.434193,52405415.58,1297677.61,1622097.01,721224.0,4055585.8,NET_REVENUE_SHARE,row_net_revenue / month_channel_net_revenue,COMMERCIAL_COSTS,DERIVED,false,false
VN000001918,ORD00001918,2025-08-01,2025-08-01,SKU010,CUS05,CH05,VN,South,2000,24000,48000000.0,1920000.0,288000.0,0,0,45792000.0,24000000.0,1.434193,34420634.21,988706.75,1235883.44,549504.0,8597271.6,NET_REVENUE_SHARE,row_net_revenue / month_channel_net_revenue,COMMERCIAL_COSTS,DERIVED,false,false
VN000001919,ORD00001919,2025-08-01,2025-08-01,SKU011,CUS06,CH05,VN,Central,1000,35000,35000000.0,1400000.0,210000.0,0,0,33390000.0,10500000.0,1.434193,15059027.47,720932.01,901165.01,400680.0,16308195.51,NET_REVENUE_SHARE,row_net_revenue / month_channel_net_revenue,COMMERCIAL_COSTS,DERIVED,false,false
VN000001920,ORD00001920,2025-08-01,2025-08-01,SKU012,CUS07,CH05,VN,North,2000,29000,58000000.0,2320000.0,348000.0,0,0,55332000.0,22620000.0,1.434193,32441447.73,1194687.32,1493359.15,663984.0,19538521.8,NET_REVENUE_SHARE,row_net_revenue / month_channel_net_revenue,COMMERCIAL_COSTS,DERIVED,false,false
VN000001921,ORD00001921,2025-09-01,2025-09-01,SKU001,CUS03,CH01,VN,Central,9000,31000,279000000.0,11160000.0,1674000.0,0,0,266166000.0,111600000.0,1.393539,155519003.45,9703186.06,6930847.19,3193992.0,90818971.3,NET_REVENUE_SHARE,row_net_revenue / month_channel_net_revenue,COMMERCIAL_COSTS,DERIVED,false,false
VN000001922,ORD00001922,2025-09-01,2025-09-01,SKU002,CUS04,CH01,VN,North,7000,36000,252000000.0,10080000.0,1512000.0,0,0,240408000.0,90720000.0,1.393539,126421899.58,8764168.06,6260120.04,2884896.0,96076916.32,NET_REVENUE_SHARE,row_net_revenue / month_channel_net_revenue,COMMERCIAL_COSTS,DERIVED,false,false
VN000001923,ORD00001923,2025-09-01,2025-09-01,SKU003,CUS05,CH01,VN,South,6000,32000,192000000.0,7680000.0,1152000.0,0,0,183168000.0,72960000.0,1.393539,101672638.82,6677461.38,4769615.27,2198016.0,67850268.53,NET_REVENUE_SHARE,row_net_revenue / month_channel_net_revenue,COMMERCIAL_COSTS,DERIVED,false,false
VN000001924,ORD00001924,2025-09-01,2025-09-01,SKU004,CUS06,CH01,VN,Central,8000,28000,224000000.0,8960000.0,1344000.0,0,0,213696000.0,98560000.0,1.393539,137347248.93,7790371.61,5564551.15,2564352.0,60429476.31,NET_REVENUE_SHARE,row_net_revenue / month_channel_net_revenue,COMMERCIAL_COSTS,DERIVED,false,false
VN000001925,ORD00001925,2025-09-01,2025-09-01,SKU005,CUS07,CH01,VN,North,7000,27000,189000000.0,7560000.0,1134000.0,0,0,180306000.0,86940000.0,1.393539,121154320.43,6573126.04,4695090.03,2163672.0,45719791.5,NET_REVENUE_SHARE,row_net_revenue / month_channel_net_revenue,COMMERCIAL_COSTS,DERIVED,false,false
VN000001926,ORD00001926,2025-09-01,2025-09-01,SKU006,CUS08,CH01,VN,South,5000,30000,150000000.0,6000000.0,900000.0,0,0,143100000.0,63000000.0,1.393539,87792985.82,5216766.7,3726261.93,1717200.0,44646785.55,NET_REVENUE_SHARE,row_net_revenue / month_channel_net_revenue,COMMERCIAL_COSTS,DERIVED,false,false
VN000001927,ORD00001927,2025-09-01,2025-09-01,SKU007,CUS09,CH01,VN,Central,9000,23000,207000000.0,8280000.0,1242000.0,0,0,197478000.0,113850000.0,1.393539,158654467.23,7199138.05,5142241.46,2369736.0,24112417.26,NET_REVENUE_SHARE,row_net_revenue / month_channel_net_revenue,COMMERCIAL_COSTS,DERIVED,false,false
VN000001928,ORD00001928,2025-09-01,2025-09-01,SKU008,CUS10,CH01,VN,North,8000,25000,200000000.0,8000000.0,1200000.0,0,0,190800000.0,104000000.0,1.393539,144928103.58,6955688.93,4968349.24,2289600.0,31658258.25,NET_REVENUE_SHARE,row_net_revenue / month_channel_net_revenue,COMMERCIAL_COSTS,DERIVED,false,false
VN000001929,ORD00001929,2025-09-01,2025-09-01,SKU009,CUS01,CH01,VN,North,9000,21000,189000000.0,7560000.0,1134000.0,0,0,180306000.0,109620000.0,1.393539,152759795.33,6573126.04,4695090.03,2163672.0,14114316.6,NET_REVENUE_SHARE,row_net_revenue / month_channel_net_revenue,COMMERCIAL_COSTS,DERIVED,false,false
VN000001930,ORD00001930,2025-09-01,2025-09-01,SKU010,CUS02,CH01,VN,South,7000,24000,168000000.0,6720000.0,1008000.0,0,0,160272000.0,84000000.0,1.393539,117057314.43,5842778.7,4173413.36,1923264.0,31275229.51,NET_REVENUE_SHARE,row_net_revenue / month_channel_net_revenue,COMMERCIAL_COSTS,DERIVED,false,false
VN000001931,ORD00001931,2025-09-01,2025-09-01,SKU011,CUS03,CH01,VN,Central,4000,35000,140000000.0,5600000.0,840000.0,0,0,133560000.0,42000000.0,1.393539,58528657.21,4868982.25,3477844.47,1602720.0,65081796.07,NET_REVENUE_SHARE,row_net_revenue / month_channel_net_revenue,COMMERCIAL_COSTS,DERIVED,false,false
VN000001932,ORD00001932,2025-09-01,2025-09-01,SKU012,CUS04,CH01,VN,North,6000,29000,174000000.0,6960000.0,1044000.0,0,0,165996000.0,67860000.0,1.393539,94565587.59,6051449.37,4322463.84,1991952.0,59064547.2,NET_REVENUE_SHARE,row_net_revenue / month_channel_net_revenue,COMMERCIAL_COSTS,DERIVED,false,false
VN000001933,ORD00001933,2025-09-01,2025-09-01,SKU001,CUS04,CH02,VN,North,7000,31000,217000000.0,8680000.0,1302000.0,0,0,207018000.0,86800000.0,1.436668,124702759.26,10040685.35,8255674.62,2484216.0,61534664.77,NET_REVENUE_SHARE,row_net_revenue / month_channel_net_revenue,COMMERCIAL_COSTS,DERIVED,false,false
VN000001934,ORD00001934,2025-09-01,2025-09-01,SKU002,CUS05,CH02,VN,South,5000,36000,180000000.0,7200000.0,1080000.0,0,0,171720000.0,64800000.0,1.436668,93096069.12,8328679.09,6848025.03,2060640.0,61386586.76,NET_REVENUE_SHARE,row_net_revenue / month_channel_net_revenue,COMMERCIAL_COSTS,DERIVED,false,false
VN000001935,ORD00001935,2025-09-01,2025-09-01,SKU003,CUS06,CH02,VN,Central,4000,32000,128000000.0,5120000.0,768000.0,0,0,122112000.0,48640000.0,1.436668,69879518.55,5922616.24,4869706.69,1465344.0,39974814.52,NET_REVENUE_SHARE,row_net_revenue / month_channel_net_revenue,COMMERCIAL_COSTS,DERIVED,false,false
VN000001936,ORD00001936,2025-09-01,2025-09-01,SKU004,CUS07,CH02,VN,North,6000,28000,168000000.0,6720000.0,1008000.0,0,0,160272000.0,73920000.0,1.436668,106198478.85,7773433.82,6391490.03,1923264.0,37985333.3,NET_REVENUE_SHARE,row_net_revenue / month_channel_net_revenue,COMMERCIAL_COSTS,DERIVED,false,false
VN000001937,ORD00001937,2025-09-01,2025-09-01,SKU005,CUS08,CH02,VN,South,5000,27000,135000000.0,5400000.0,810000.0,0,0,128790000.0,62100000.0,1.436668,89217066.24,6246509.32,5136018.77,1545480.0,26644925.67,NET_REVENUE_SHARE,row_net_revenue / month_channel_net_revenue,COMMERCIAL_COSTS,DERIVED,false,false
VN000001938,ORD00001938,2025-09-01,2025-09-01,SKU006,CUS09,CH02,VN,Central,4000,30000,120000000.0,4800000.0,720000.0,0,0,114480000.0,50400000.0,1.436668,72408053.76,5552452.73,4565350.02,1373760.0,30580383.49,NET_REVENUE_SHARE,row_net_revenue / month_channel_net_revenue,COMMERCIAL_COSTS,DERIVED,false,false
VN000001939,ORD00001939,2025-09-01,2025-09-01,SKU007,CUS10,CH02,VN,North,7000,23000,161000000.0,6440000.0,966000.0,0,0,153594000.0,88550000.0,1.436668,127216927.79,7449540.74,6125177.94,1843128.0,10959225.53,NET_REVENUE_SHARE,row_net_revenue / month_channel_net_revenue,COMMERCIAL_COSTS,DERIVED,false,false
VN000001940,ORD00001940,2025-09-01,2025-09-01,SKU008,CUS01,CH02,VN,North,6000,25000,150000000.0,6000000.0,900000.0,0,0,143100000.0,78000000.0,1.436668,112060083.2,6940565.91,5706687.52,1717200.0,16675463.37,NET_REVENUE_SHARE,row_net_revenue / month_channel_net_revenue,COMMERCIAL_COSTS,DERIVED,false,false
VN000001941,ORD00001941,2025-09-01,2025-09-01,SKU009,CUS02,CH02,VN,South,7000,21000,147000000.0,5880000.0,882000.0,0,0,140238000.0,85260000.0,1.436668,122490290.95,6801754.59,5592553.77,1682856.0,3670544.69,NET_REVENUE_SHARE,row_net_revenue / month_channel_net_revenue,COMMERCIAL_COSTS,DERIVED,false,false
VN000001942,ORD00001942,2025-09-01,2025-09-01,SKU010,CUS03,CH02,VN,Central,5000,24000,120000000.0,4800000.0,720000.0,0,0,114480000.0,60000000.0,1.436668,86200064.0,5552452.73,4565350.02,1373760.0,16788373.25,NET_REVENUE_SHARE,row_net_revenue / month_channel_net_revenue,COMMERCIAL_COSTS,DERIVED,false,false
VN000001943,ORD00001943,2025-09-01,2025-09-01,SKU011,CUS04,CH02,VN,North,3000,35000,105000000.0,4200000.0,630000.0,0,0,100170000.0,31500000.0,1.436668,45255033.6,4858396.14,3994681.27,1202040.0,44859848.99,NET_REVENUE_SHARE,row_net_revenue / month_channel_net_revenue,COMMERCIAL_COSTS,DERIVED,false,false
VN000001944,ORD00001944,2025-09-01,2025-09-01,SKU012,CUS05,CH02,VN,South,4000,29000,116000000.0,4640000.0,696000.0,0,0,110664000.0,45240000.0,1.436668,64994848.28,5367370.97,4413171.69,1327968.0,34560641.06,NET_REVENUE_SHARE,row_net_revenue / month_channel_net_revenue,COMMERCIAL_COSTS,DERIVED,false,false
VN000001945,ORD00001945,2025-09-01,2025-09-01,SKU001,CUS05,CH03,VN,South,6000,31000,186000000.0,12090000.0,1116000.0,0,0,172794000.0,74400000.0,1.498754,111507300.49,22028437.07,4589257.72,2073528.0,32595476.72,NET_REVENUE_SHARE,row_net_revenue / month_channel_net_revenue,COMMERCIAL_COSTS,DERIVED,false,false
VN000001946,ORD00001946,2025-09-01,2025-09-01,SKU002,CUS06,CH03,VN,Central,4000,36000,144000000.0,9360000.0,864000.0,0,0,133776000.0,51840000.0,1.498754,77695409.37,17054273.86,3552973.72,1605312.0,33868031.05,NET_REVENUE_SHARE,row_net_revenue / month_channel_net_revenue,COMMERCIAL_COSTS,DERIVED,false,false
VN000001947,ORD00001947,2025-09-01,2025-09-01,SKU003,CUS07,CH03,VN,North,4000,32000,128000000.0,8320000.0,768000.0,0,0,118912000.0,48640000.0,1.498754,72899396.45,15159354.55,3158198.86,1426944.0,26268106.14,NET_REVENUE_SHARE,row_net_revenue / month_channel_net_revenue,COMMERCIAL_COSTS,DERIVED,false,false
VN000001948,ORD00001948,2025-09-01,2025-09-01,SKU004,CUS08,CH03,VN,South,5000,28000,140000000.0,9100000.0,840000.0,0,0,130060000.0,61600000.0,1.498754,92323248.79,16580544.03,3454280.01,1560720.0,16141207.17,NET_REVENUE_SHARE,row_net_revenue / month_channel_net_revenue,COMMERCIAL_COSTS,DERIVED,false,false
VN000001949,ORD00001949,2025-09-01,2025-09-01,SKU005,CUS09,CH03,VN,Central,4000,27000,108000000.0,7020000.0,648000.0,0,0,100332000.0,49680000.0,1.498754,74458100.65,12790705.4,2664730.29,1203984.0,9214479.66,NET_REVENUE_SHARE,row_net_revenue / month_channel_net_revenue,COMMERCIAL_COSTS,DERIVED,false,false
VN000001950,ORD00001950,2025-09-01,2025-09-01,SKU006,CUS10,CH03,VN,North,3000,30000,90000000.0,5850000.0,540000.0,0,0,83610000.0,37800000.0,1.498754,56652902.67,10658921.17,2220608.58,1003320.0,13074247.58,NET_REVENUE_SHARE,row_net_revenue / month_channel_net_revenue,COMMERCIAL_COSTS,DERIVED,false,false
VN000001951,ORD00001951,2025-09-01,2025-09-01,SKU007,CUS01,CH03,VN,North,6000,23000,138000000.0,8970000.0,828000.0,0,0,128202000.0,75900000.0,1.498754,113755431.54,16343679.12,3404933.15,1538424.0,-6840467.81,NET_REVENUE_SHARE,row_net_revenue / month_channel_net_revenue,COMMERCIAL_COSTS,DERIVED,false,false
VN000001952,ORD00001952,2025-09-01,2025-09-01,SKU008,CUS02,CH03,VN,South,5000,25000,125000000.0,8125000.0,750000.0,0,0,116125000.0,65000000.0,1.498754,97419012.52,14804057.17,3084178.58,1393500.0,-575748.27,NET_REVENUE_SHARE,row_net_revenue / month_channel_net_revenue,COMMERCIAL_COSTS,DERIVED,false,false
VN000001953,ORD00001953,2025-09-01,2025-09-01,SKU009,CUS03,CH03,VN,Central,6000,21000,126000000.0,8190000.0,756000.0,0,0,117054000.0,73080000.0,1.498754,109528945.15,14922489.63,3108852.01,1404648.0,-11910934.79,NET_REVENUE_SHARE,row_net_revenue / month_channel_net_revenue,COMMERCIAL_COSTS,DERIVED,false,false
VN000001954,ORD00001954,2025-09-01,2025-09-01,SKU010,CUS04,CH03,VN,North,4000,24000,96000000.0,6240000.0,576000.0,0,0,89184000.0,48000000.0,1.498754,71940193.86,11369515.91,2368649.15,1070208.0,2435433.08,NET_REVENUE_SHARE,row_net_revenue / month_channel_net_revenue,COMMERCIAL_COSTS,DERIVED,false,false
VN000001955,ORD00001955,2025-09-01,2025-09-01,SKU011,CUS05,CH03,VN,South,3000,35000,105000000.0,6825000.0,630000.0,0,0,97545000.0,31500000.0,1.498754,47210752.22,12435408.03,2590710.01,1170540.0,34137589.74,NET_REVENUE_SHARE,row_net_revenue / month_channel_net_revenue,COMMERCIAL_COSTS,DERIVED,false,false
VN000001956,ORD00001956,2025-09-01,2025-09-01,SKU012,CUS06,CH03,VN,Central,4000,29000,116000000.0,7540000.0,696000.0,0,0,107764000.0,45240000.0,1.498754,67803632.72,13738165.06,2862117.72,1293168.0,22066916.5,NET_REVENUE_SHARE,row_net_revenue / month_channel_net_revenue,COMMERCIAL_COSTS,DERIVED,false,false
VN000001957,ORD00001957,2025-09-01,2025-09-01,SKU001,CUS06,CH04,VN,Central,3000,31000,93000000.0,3720000.0,1674000.0,0,0,87606000.0,37200000.0,1.339735,49838149.5,7119449.35,2224827.92,1051272.0,27372301.23,NET_REVENUE_SHARE,row_net_revenue / month_channel_net_revenue,COMMERCIAL_COSTS,DERIVED,false,false
VN000001958,ORD00001958,2025-09-01,2025-09-01,SKU002,CUS07,CH04,VN,North,2000,36000,72000000.0,2880000.0,1296000.0,0,0,67824000.0,25920000.0,1.339735,34725936.42,5511831.76,1722447.42,813888.0,25049896.4,NET_REVENUE_SHARE,row_net_revenue / month_channel_net_revenue,COMMERCIAL_COSTS,DERIVED,false,false
VN000001959,ORD00001959,2025-09-01,2025-09-01,SKU003,CUS08,CH04,VN,South,2000,32000,64000000.0,2560000.0,1152000.0,0,0,60288000.0,24320000.0,1.339735,32582360.1,4899406.01,1531064.38,723456.0,20551713.51,NET_REVENUE_SHARE,row_net_revenue / month_channel_net_revenue,COMMERCIAL_COSTS,DERIVED,false,false
VN000001960,ORD00001960,2025-09-01,2025-09-01,SKU004,CUS09,CH04,VN,Central,2000,28000,56000000.0,2240000.0,1008000.0,0,0,52752000.0,24640000.0,1.339735,33011075.37,4286980.25,1339681.33,633024.0,13481239.05,NET_REVENUE_SHARE,row_net_revenue / month_channel_net_revenue,COMMERCIAL_COSTS,DERIVED,false,false
VN000001961,ORD00001961,2025-09-01,2025-09-01,SKU005,CUS10,CH04,VN,North,2000,27000,54000000.0,2160000.0,972000.0,0,0,50868000.0,24840000.0,1.339735,33279022.41,4133873.82,1291835.57,610416.0,11552852.2,NET_REVENUE_SHARE,row_net_revenue / month_channel_net_revenue,COMMERCIAL_COSTS,DERIVED,false,false
VN000001962,ORD00001962,2025-09-01,2025-09-01,SKU006,CUS01,CH04,VN,North,2000,30000,60000000.0,2400000.0,1080000.0,0,0,56520000.0,25200000.0,1.339735,33761327.08,4593193.13,1435372.85,678240.0,16051866.94,NET_REVENUE_SHARE,row_net_revenue / month_channel_net_revenue,COMMERCIAL_COSTS,DERIVED,false,false
VN000001963,ORD00001963,2025-09-01,2025-09-01,SKU007,CUS02,CH04,VN,South,3000,23000,69000000.0,2760000.0,1242000.0,0,0,64998000.0,37950000.0,1.339735,50842950.9,5282172.1,1650678.78,779976.0,6442222.22,NET_REVENUE_SHARE,row_net_revenue / month_channel_net_revenue,COMMERCIAL_COSTS,DERIVED,false,false
VN000001964,ORD00001964,2025-09-01,2025-09-01,SKU008,CUS03,CH04,VN,Central,2000,25000,50000000.0,2000000.0,900000.0,0,0,47100000.0,26000000.0,1.339735,34833115.24,3827660.94,1196144.04,565200.0,6677879.78,NET_REVENUE_SHARE,row_net_revenue / month_channel_net_revenue,COMMERCIAL_COSTS,DERIVED,false,false
VN000001965,ORD00001965,2025-09-01,2025-09-01,SKU009,CUS04,CH04,VN,North,3000,21000,63000000.0,2520000.0,1134000.0,0,0,59346000.0,36540000.0,1.339735,48953924.27,4822852.79,1507141.5,712152.0,3349929.44,NET_REVENUE_SHARE,row_net_revenue / month_channel_net_revenue,COMMERCIAL_COSTS,DERIVED,false,false
VN000001966,ORD00001966,2025-09-01,2025-09-01,SKU010,CUS05,CH04,VN,South,2000,24000,48000000.0,1920000.0,864000.0,0,0,45216000.0,24000000.0,1.339735,32153644.84,3674554.5,1148298.28,542592.0,7696910.38,NET_REVENUE_SHARE,row_net_revenue / month_channel_net_revenue,COMMERCIAL_COSTS,DERIVED,false,false
VN000001967,ORD00001967,2025-09-01,2025-09-01,SKU011,CUS06,CH04,VN,Central,1000,35000,35000000.0,1400000.0,630000.0,0,0,32970000.0,10500000.0,1.339735,14067219.62,2679362.66,837300.83,395640.0,14990476.89,NET_REVENUE_SHARE,row_net_revenue / month_channel_net_revenue,COMMERCIAL_COSTS,DERIVED,false,false
VN000001968,ORD00001968,2025-09-01,2025-09-01,SKU012,CUS07,CH04,VN,North,2000,29000,58000000.0,2320000.0,1044000.0,0,0,54636000.0,22620000.0,1.339735,30304810.25,4440086.69,1387527.09,655632.0,17847943.97,NET_REVENUE_SHARE,row_net_revenue / month_channel_net_revenue,COMMERCIAL_COSTS,DERIVED,false,false
VN000001969,ORD00001969,2025-09-01,2025-09-01,SKU001,CUS07,CH05,VN,North,3000,31000,93000000.0,3720000.0,558000.0,0,0,88722000.0,37200000.0,1.489709,55417191.27,1989771.26,2487214.08,1064664.0,27763159.39,NET_REVENUE_SHARE,row_net_revenue / month_channel_net_revenue,COMMERCIAL_COSTS,DERIVED,false,false
VN000001970,ORD00001970,2025-09-01,2025-09-01,SKU002,CUS08,CH05,VN,South,2000,36000,72000000.0,2880000.0,432000.0,0,0,68688000.0,25920000.0,1.489709,38613268.75,1540468.08,1925585.09,824256.0,25784422.08,NET_REVENUE_SHARE,row_net_revenue / month_channel_net_revenue,COMMERCIAL_COSTS,DERIVED,false,false
VN000001971,ORD00001971,2025-09-01,2025-09-01,SKU003,CUS09,CH05,VN,Central,2000,32000,64000000.0,2560000.0,384000.0,0,0,61056000.0,24320000.0,1.489709,36229733.65,1369304.96,1711631.19,732672.0,21012658.2,NET_REVENUE_SHARE,row_net_revenue / month_channel_net_revenue,COMMERCIAL_COSTS,DERIVED,false,false
VN000001972,ORD00001972,2025-09-01,2025-09-01,SKU004,CUS10,CH05,VN,North,3000,28000,84000000.0,3360000.0,504000.0,0,0,80136000.0,36960000.0,1.489709,55059661.0,1797212.75,2246515.94,961632.0,20070978.31,NET_REVENUE_SHARE,row_net_revenue / month_channel_net_revenue,COMMERCIAL_COSTS,DERIVED,false,false
VN000001973,ORD00001973,2025-09-01,2025-09-01,SKU005,CUS01,CH05,VN,North,2000,27000,54000000.0,2160000.0,324000.0,0,0,51516000.0,24840000.0,1.489709,37004382.56,1155351.06,1444188.82,618192.0,11293885.56,NET_REVENUE_SHARE,row_net_revenue / month_channel_net_revenue,COMMERCIAL_COSTS,DERIVED,false,false
VN000001974,ORD00001974,2025-09-01,2025-09-01,SKU006,CUS02,CH05,VN,South,2000,30000,60000000.0,2400000.0,360000.0,0,0,57240000.0,25200000.0,1.489709,37540677.96,1283723.4,1604654.25,686880.0,16124064.39,NET_REVENUE_SHARE,row_net_revenue / month_channel_net_revenue,COMMERCIAL_COSTS,DERIVED,false,false
VN000001975,ORD00001975,2025-09-01,2025-09-01,SKU007,CUS03,CH05,VN,Central,3000,23000,69000000.0,2760000.0,414000.0,0,0,65826000.0,37950000.0,1.489709,56534473.35,1476281.91,1845352.38,789912.0,5179980.36,NET_REVENUE_SHARE,row_net_revenue / month_channel_net_revenue,COMMERCIAL_COSTS,DERIVED,false,false
VN000001976,ORD00001976,2025-09-01,2025-09-01,SKU008,CUS04,CH05,VN,North,3000,25000,75000000.0,3000000.0,450000.0,0,0,71550000.0,39000000.0,1.489709,58098668.26,1604654.25,2005817.81,858600.0,8982259.68,NET_REVENUE_SHARE,row_net_revenue / month_channel_net_revenue,COMMERCIAL_COSTS,DERIVED,false,false
VN000001977,ORD00001977,2025-09-01,2025-09-01,SKU009,CUS05,CH05,VN,South,3000,21000,63000000.0,2520000.0,378000.0,0,0,60102000.0,36540000.0,1.489709,54433983.04,1347909.57,1684886.96,721224.0,1913996.43,NET_REVENUE_SHARE,row_net_revenue / month_channel_net_revenue,COMMERCIAL_COSTS,DERIVED,false,false
VN000001978,ORD00001978,2025-09-01,2025-09-01,SKU010,CUS06,CH05,VN,Central,2000,24000,48000000.0,1920000.0,288000.0,0,0,45792000.0,24000000.0,1.489709,35753026.62,1026978.72,1283723.4,549504.0,7178767.26,NET_REVENUE_SHARE,row_net_revenue / month_channel_net_revenue,COMMERCIAL_COSTS,DERIVED,false,false
VN000001979,ORD00001979,2025-09-01,2025-09-01,SKU011,CUS07,CH05,VN,North,1000,35000,35000000.0,1400000.0,210000.0,0,0,33390000.0,10500000.0,1.489709,15641949.15,748838.65,936048.31,400680.0,15662483.89,NET_REVENUE_SHARE,row_net_revenue / month_channel_net_revenue,COMMERCIAL_COSTS,DERIVED,false,false
VN000001980,ORD00001980,2025-09-01,2025-09-01,SKU012,CUS08,CH05,VN,South,2000,29000,58000000.0,2320000.0,348000.0,0,0,55332000.0,22620000.0,1.489709,33697227.59,1240932.62,1551165.77,663984.0,18178690.02,NET_REVENUE_SHARE,row_net_revenue / month_channel_net_revenue,COMMERCIAL_COSTS,DERIVED,false,false
VN000001981,ORD00001981,2025-10-01,2025-10-01,SKU001,CUS04,CH01,VN,North,10000,31000,310000000.0,12400000.0,1860000.0,0,0,295740000.0,124000000.0,1.393077,172741567.25,10782225.89,7701589.92,3548880.0,100965736.94,NET_REVENUE_SHARE,row_net_revenue / month_channel_net_revenue,COMMERCIAL_COSTS,DERIVED,false,false
VN000001982,ORD00001982,2025-10-01,2025-10-01,SKU002,CUS05,CH01,VN,South,7000,36000,252000000.0,10080000.0,1512000.0,0,0,240408000.0,90720000.0,1.393077,126379959.53,8764906.2,6260647.29,2884896.0,96117590.98,NET_REVENUE_SHARE,row_net_revenue / month_channel_net_revenue,COMMERCIAL_COSTS,DERIVED,false,false
VN000001983,ORD00001983,2025-10-01,2025-10-01,SKU003,CUS06,CH01,VN,Central,6000,32000,192000000.0,7680000.0,1152000.0,0,0,183168000.0,72960000.0,1.393077,101638909.25,6678023.78,4770016.98,2198016.0,67883033.99,NET_REVENUE_SHARE,row_net_revenue / month_channel_net_revenue,COMMERCIAL_COSTS,DERIVED,false,false
VN000001984,ORD00001984,2025-10-01,2025-10-01,SKU004,CUS07,CH01,VN,North,9000,28000,252000000.0,10080000.0,1512000.0,0,0,240408000.0,110880000.0,1.393077,154464394.98,8764906.2,6260647.29,2884896.0,68033155.53,NET_REVENUE_SHARE,row_net_revenue / month_channel_net_revenue,COMMERCIAL_COSTS,DERIVED,false,false
VN000001985,ORD00001985,2025-10-01,2025-10-01,SKU005,CUS08,CH01,VN,South,7000,27000,189000000.0,7560000.0,1134000.0,0,0,180306000.0,86940000.0,1.393077,121114127.88,6573679.65,4695485.47,2163672.0,45759035.0,NET_REVENUE_SHARE,row_net_revenue / month_channel_net_revenue,COMMERCIAL_COSTS,DERIVED,false,false
VN000001986,ORD00001986,2025-10-01,2025-10-01,SKU006,CUS09,CH01,VN,Central,6000,30000,180000000.0,7200000.0,1080000.0,0,0,171720000.0,75600000.0,1.393077,105316632.94,6260647.29,4471890.92,2060640.0,53610188.85,NET_REVENUE_SHARE,row_net_revenue / month_channel_net_revenue,COMMERCIAL_COSTS,DERIVED,false,false
VN000001987,ORD00001987,2025-10-01,2025-10-01,SKU007,CUS10,CH01,VN,North,10000,23000,230000000.0,9200000.0,1380000.0,0,0,219420000.0,126500000.0,1.393077,176224260.14,7999715.98,5714082.84,2633040.0,26848901.04,NET_REVENUE_SHARE,row_net_revenue / month_channel_net_revenue,COMMERCIAL_COSTS,DERIVED,false,false
VN000001988,ORD00001988,2025-10-01,2025-10-01,SKU008,CUS01,CH01,VN,North,8000,25000,200000000.0,8000000.0,1200000.0,0,0,190800000.0,104000000.0,1.393077,144880024.15,6956274.77,4968767.69,2289600.0,31705333.39,NET_REVENUE_SHARE,row_net_revenue / month_channel_net_revenue,COMMERCIAL_COSTS,DERIVED,false,false
VN000001989,ORD00001989,2025-10-01,2025-10-01,SKU009,CUS02,CH01,VN,South,9000,21000,189000000.0,7560000.0,1134000.0,0,0,180306000.0,109620000.0,1.393077,152709117.76,6573679.65,4695485.47,2163672.0,14164045.12,NET_REVENUE_SHARE,row_net_revenue / month_channel_net_revenue,COMMERCIAL_COSTS,DERIVED,false,false
VN000001990,ORD00001990,2025-10-01,2025-10-01,SKU010,CUS03,CH01,VN,Central,7000,24000,168000000.0,6720000.0,1008000.0,0,0,160272000.0,84000000.0,1.393077,117018481.04,5843270.8,4173764.86,1923264.0,31313219.3,NET_REVENUE_SHARE,row_net_revenue / month_channel_net_revenue,COMMERCIAL_COSTS,DERIVED,false,false
VN000001991,ORD00001991,2025-10-01,2025-10-01,SKU011,CUS04,CH01,VN,North,4000,35000,140000000.0,5600000.0,840000.0,0,0,133560000.0,42000000.0,1.393077,58509240.52,4869392.34,3478137.38,1602720.0,65100509.76,NET_REVENUE_SHARE,row_net_revenue / month_channel_net_revenue,COMMERCIAL_COSTS,DERIVED,false,false
VN000001992,ORD00001992,2025-10-01,2025-10-01,SKU012,CUS05,CH01,VN,South,6000,29000,174000000.0,6960000.0,1044000.0,0,0,165996000.0,67860000.0,1.393077,94534215.76,6051959.05,4322827.89,1991952.0,59095045.3,NET_REVENUE_SHARE,row_net_revenue / month_channel_net_revenue,COMMERCIAL_COSTS,DERIVED,false,false
VN000001993,ORD00001993,2025-10-01,2025-10-01,SKU001,CUS05,CH02,VN,South,7000,31000,217000000.0,8680000.0,1302000.0,0,0,207018000.0,86800000.0,1.416753,122974131.05,9862412.24,8109094.51,2484216.0,63588146.2,NET_REVENUE_SHARE,row_net_revenue / month_channel_net_revenue,COMMERCIAL_COSTS,DERIVED,false,false
VN000001994,ORD00001994,2025-10-01,2025-10-01,SKU002,CUS06,CH02,VN,Central,5000,36000,180000000.0,7200000.0,1080000.0,0,0,171720000.0,64800000.0,1.416753,91805572.49,8180802.78,6726437.84,2060640.0,62946546.89,NET_REVENUE_SHARE,row_net_revenue / month_channel_net_revenue,COMMERCIAL_COSTS,DERIVED,false,false
VN000001995,ORD00001995,2025-10-01,2025-10-01,SKU003,CUS07,CH02,VN,North,5000,32000,160000000.0,6400000.0,960000.0,0,0,152640000.0,60800000.0,1.416753,86138561.84,7271824.7,5979055.86,1831680.0,51418877.6,NET_REVENUE_SHARE,row_net_revenue / month_channel_net_revenue,COMMERCIAL_COSTS,DERIVED,false,false
VN000001996,ORD00001996,2025-10-01,2025-10-01,SKU004,CUS08,CH02,VN,South,7000,28000,196000000.0,7840000.0,1176000.0,0,0,186984000.0,86240000.0,1.416753,122180749.56,8907985.25,7324343.43,2243808.0,46327113.76,NET_REVENUE_SHARE,row_net_revenue / month_channel_net_revenue,COMMERCIAL_COSTS,DERIVED,false,false
VN000001997,ORD00001997,2025-10-01,2025-10-01,SKU005,CUS09,CH02,VN,Central,6000,27000,162000000.0,6480000.0,972000.0,0,0,154548000.0,74520000.0,1.416753,105576408.36,7362722.5,6053794.06,1854576.0,33700499.08,NET_REVENUE_SHARE,row_net_revenue / month_channel_net_revenue,COMMERCIAL_COSTS,DERIVED,false,false
VN000001998,ORD00001998,2025-10-01,2025-10-01,SKU006,CUS10,CH02,VN,North,4000,30000,120000000.0,4800000.0,720000.0,0,0,114480000.0,50400000.0,1.416753,71404334.16,5453868.52,4484291.9,1373760.0,31763745.42,NET_REVENUE_SHARE,row_net_revenue / month_channel_net_revenue,COMMERCIAL_COSTS,DERIVED,false,false
VN000001999,ORD00001999,2025-10-01,2025-10-01,SKU007,CUS01,CH02,VN,North,7000,23000,161000000.0,6440000.0,966000.0,0,0,153594000.0,88550000.0,1.416753,125453448.2,7317273.6,6016424.96,1843128.0,12963725.24,NET_REVENUE_SHARE,row_net_revenue / month_channel_net_revenue,COMMERCIAL_COSTS,DERIVED,false,false
VN000002000,ORD00002000,2025-10-01,2025-10-01,SKU008,CUS02,CH02,VN,South,6000,25000,150000000.0,6000000.0,900000.0,0,0,143100000.0,78000000.0,1.416753,110506707.62,6817335.65,5605364.87,1717200.0,18453391.86,NET_REVENUE_SHARE,row_net_revenue / month_channel_net_revenue,COMMERCIAL_COSTS,DERIVED,false,false
VN000002001,ORD00002001,2025-10-01,2025-10-01,SKU009,CUS03,CH02,VN,Central,7000,21000,147000000.0,5880000.0,882000.0,0,0,140238000.0,85260000.0,1.416753,120792331.95,6680988.94,5493257.57,1682856.0,5588565.54,NET_REVENUE_SHARE,row_net_revenue / month_channel_net_revenue,COMMERCIAL_COSTS,DERIVED,false,false
VN000002002,ORD00002002,2025-10-01,2025-10-01,SKU010,CUS04,CH02,VN,North,5000,24000,120000000.0,4800000.0,720000.0,0,0,114480000.0,60000000.0,1.416753,85005159.71,5453868.52,4484291.9,1373760.0,18162919.87,NET_REVENUE_SHARE,row_net_revenue / month_channel_net_revenue,COMMERCIAL_COSTS,DERIVED,false,false
VN000002003,ORD00002003,2025-10-01,2025-10-01,SKU011,CUS05,CH02,VN,South,3000,35000,105000000.0,4200000.0,630000.0,0,0,100170000.0,31500000.0,1.416753,44627708.85,4772134.96,3923755.41,1202040.0,45644360.78,NET_REVENUE_SHARE,row_net_revenue / month_channel_net_revenue,COMMERCIAL_COSTS,DERIVED,false,false
VN000002004,ORD00002004,2025-10-01,2025-10-01,SKU012,CUS06,CH02,VN,Central,5000,29000,145000000.0,5800000.0,870000.0,0,0,138330000.0,56550000.0,1.416753,80117363.01,6590091.13,5418519.37,1659960.0,44544066.49,NET_REVENUE_SHARE,row_net_revenue / month_channel_net_revenue,COMMERCIAL_COSTS,DERIVED,false,false
VN000002005,ORD00002005,2025-10-01,2025-10-01,SKU001,CUS06,CH03,VN,Central,6000,31000,186000000.0,12090000.0,1116000.0,0,0,172794000.0,74400000.0,1.468461,109253480.14,21621129.81,4504402.04,2073528.0,35341460.01,NET_REVENUE_SHARE,row_net_revenue / month_channel_net_revenue,COMMERCIAL_COSTS,DERIVED,false,false
VN000002006,ORD00002006,2025-10-01,2025-10-01,SKU002,CUS07,CH03,VN,North,4000,36000,144000000.0,9360000.0,864000.0,0,0,133776000.0,51840000.0,1.468461,76125005.52,16738939.2,3487279.0,1605312.0,35819464.28,NET_REVENUE_SHARE,row_net_revenue / month_channel_net_revenue,COMMERCIAL_COSTS,DERIVED,false,false
VN000002007,ORD00002007,2025-10-01,2025-10-01,SKU003,CUS08,CH03,VN,South,4000,32000,128000000.0,8320000.0,768000.0,0,0,118912000.0,48640000.0,1.468461,71425931.1,14879057.07,3099803.56,1426944.0,28080264.27,NET_REVENUE_SHARE,row_net_revenue / month_channel_net_revenue,COMMERCIAL_COSTS,DERIVED,false,false
VN000002008,ORD00002008,2025-10-01,2025-10-01,SKU004,CUS09,CH03,VN,Central,6000,28000,168000000.0,10920000.0,1008000.0,0,0,156072000.0,73920000.0,1.468461,108548618.98,19528762.41,4068492.17,1872864.0,22053262.44,NET_REVENUE_SHARE,row_net_revenue / month_channel_net_revenue,COMMERCIAL_COSTS,DERIVED,false,false
VN000002009,ORD00002009,2025-10-01,2025-10-01,SKU005,CUS10,CH03,VN,North,5000,27000,135000000.0,8775000.0,810000.0,0,0,125415000.0,62100000.0,1.468461,91191412.86,15692755.5,3269324.06,1504980.0,13756527.58,NET_REVENUE_SHARE,row_net_revenue / month_channel_net_revenue,COMMERCIAL_COSTS,DERIVED,false,false
VN000002010,ORD00002010,2025-10-01,2025-10-01,SKU006,CUS01,CH03,VN,North,4000,30000,120000000.0,7800000.0,720000.0,0,0,111480000.0,50400000.0,1.468461,74010422.03,13949116.0,2906065.83,1337760.0,19276636.14,NET_REVENUE_SHARE,row_net_revenue / month_channel_net_revenue,COMMERCIAL_COSTS,DERIVED,false,false
VN000002011,ORD00002011,2025-10-01,2025-10-01,SKU007,CUS02,CH03,VN,South,6000,23000,138000000.0,8970000.0,828000.0,0,0,128202000.0,75900000.0,1.468461,111456171.27,16041483.4,3341975.71,1538424.0,-4176054.38,NET_REVENUE_SHARE,row_net_revenue / month_channel_net_revenue,COMMERCIAL_COSTS,DERIVED,false,false
VN000002012,ORD00002012,2025-10-01,2025-10-01,SKU008,CUS03,CH03,VN,Central,5000,25000,125000000.0,8125000.0,750000.0,0,0,116125000.0,65000000.0,1.468461,95449949.05,14530329.17,3027151.91,1393500.0,1724069.87,NET_REVENUE_SHARE,row_net_revenue / month_channel_net_revenue,COMMERCIAL_COSTS,DERIVED,false,false
VN000002013,ORD00002013,2025-10-01,2025-10-01,SKU009,CUS04,CH03,VN,North,6000,21000,126000000.0,8190000.0,756000.0,0,0,117054000.0,73080000.0,1.468461,107315111.95,14646571.8,3051369.13,1404648.0,-9363700.88,NET_REVENUE_SHARE,row_net_revenue / month_channel_net_revenue,COMMERCIAL_COSTS,DERIVED,false,false
VN000002014,ORD00002014,2025-10-01,2025-10-01,SKU010,CUS05,CH03,VN,South,5000,24000,120000000.0,7800000.0,720000.0,0,0,111480000.0,60000000.0,1.468461,88107645.28,13949116.0,2906065.83,1337760.0,5179412.89,NET_REVENUE_SHARE,row_net_revenue / month_channel_net_revenue,COMMERCIAL_COSTS,DERIVED,false,false
VN000002015,ORD00002015,2025-10-01,2025-10-01,SKU011,CUS06,CH03,VN,Central,3000,35000,105000000.0,6825000.0,630000.0,0,0,97545000.0,31500000.0,1.468461,46256513.77,12205476.5,2542807.6,1170540.0,35369662.13,NET_REVENUE_SHARE,row_net_revenue / month_channel_net_revenue,COMMERCIAL_COSTS,DERIVED,false,false
VN000002016,ORD00002016,2025-10-01,2025-10-01,SKU012,CUS07,CH03,VN,North,4000,29000,116000000.0,7540000.0,696000.0,0,0,107764000.0,45240000.0,1.468461,66433164.53,13484145.47,2809196.97,1293168.0,23744325.03,NET_REVENUE_SHARE,row_net_revenue / month_channel_net_revenue,COMMERCIAL_COSTS,DERIVED,false,false
VN000002017,ORD00002017,2025-10-01,2025-10-01,SKU001,CUS07,CH04,VN,North,3000,31000,93000000.0,3720000.0,1674000.0,0,0,87606000.0,37200000.0,1.351259,50266836.71,7178969.09,2243427.84,1051272.0,26865494.36,NET_REVENUE_SHARE,row_net_revenue / month_channel_net_revenue,COMMERCIAL_COSTS,DERIVED,false,false
VN000002018,ORD00002018,2025-10-01,2025-10-01,SKU002,CUS08,CH04,VN,South,2000,36000,72000000.0,2880000.0,1296000.0,0,0,67824000.0,25920000.0,1.351259,35024634.61,5557911.55,1736847.36,813888.0,24690718.48,NET_REVENUE_SHARE,row_net_revenue / month_channel_net_revenue,COMMERCIAL_COSTS,DERIVED,false,false
VN000002019,ORD00002019,2025-10-01,2025-10-01,SKU003,CUS09,CH04,VN,Central,2000,32000,64000000.0,2560000.0,1152000.0,0,0,60288000.0,24320000.0,1.351259,32862620.13,4940365.82,1543864.32,723456.0,20217693.73,NET_REVENUE_SHARE,row_net_revenue / month_channel_net_revenue,COMMERCIAL_COSTS,DERIVED,false,false
VN000002020,ORD00002020,2025-10-01,2025-10-01,SKU004,CUS10,CH04,VN,North,3000,28000,84000000.0,3360000.0,1512000.0,0,0,79128000.0,36960000.0,1.351259,49942534.54,6484230.14,2026321.92,949536.0,19725377.4,NET_REVENUE_SHARE,row_net_revenue / month_channel_net_revenue,COMMERCIAL_COSTS,DERIVED,false,false
VN000002021,ORD00002021,2025-10-01,2025-10-01,SKU005,CUS01,CH04,VN,North,2000,27000,54000000.0,2160000.0,972000.0,0,0,50868000.0,24840000.0,1.351259,33565274.84,4168433.66,1302635.52,610416.0,11221239.98,NET_REVENUE_SHARE,row_net_revenue / month_channel_net_revenue,COMMERCIAL_COSTS,DERIVED,false,false
VN000002022,ORD00002022,2025-10-01,2025-10-01,SKU006,CUS02,CH04,VN,South,2000,30000,60000000.0,2400000.0,1080000.0,0,0,56520000.0,25200000.0,1.351259,34051728.09,4631592.96,1447372.8,678240.0,15711066.15,NET_REVENUE_SHARE,row_net_revenue / month_channel_net_revenue,COMMERCIAL_COSTS,DERIVED,false,false
VN000002023,ORD00002023,2025-10-01,2025-10-01,SKU007,CUS03,CH04,VN,Central,3000,23000,69000000.0,2760000.0,1242000.0,0,0,64998000.0,37950000.0,1.351259,51280281.0,5326331.9,1664478.72,779976.0,5946932.38,NET_REVENUE_SHARE,row_net_revenue / month_channel_net_revenue,COMMERCIAL_COSTS,DERIVED,false,false
VN000002024,ORD00002024,2025-10-01,2025-10-01,SKU008,CUS04,CH04,VN,North,2000,25000,50000000.0,2000000.0,900000.0,0,0,47100000.0,26000000.0,1.351259,35132735.34,3859660.8,1206144.0,565200.0,6336259.86,NET_REVENUE_SHARE,row_net_revenue / month_channel_net_revenue,COMMERCIAL_COSTS,DERIVED,false,false
VN000002025,ORD00002025,2025-10-01,2025-10-01,SKU009,CUS05,CH04,VN,South,3000,21000,63000000.0,2520000.0,1134000.0,0,0,59346000.0,36540000.0,1.351259,49375005.74,4863172.61,1519741.44,712152.0,2875928.21,NET_REVENUE_SHARE,row_net_revenue / month_channel_net_revenue,COMMERCIAL_COSTS,DERIVED,false,false
VN000002026,ORD00002026,2025-10-01,2025-10-01,SKU010,CUS06,CH04,VN,Central,2000,24000,48000000.0,1920000.0,864000.0,0,0,45216000.0,24000000.0,1.351259,32430217.23,3705274.37,1157898.24,542592.0,7380018.16,NET_REVENUE_SHARE,row_net_revenue / month_channel_net_revenue,COMMERCIAL_COSTS,DERIVED,false,false
VN000002027,ORD00002027,2025-10-01,2025-10-01,SKU011,CUS07,CH04,VN,North,1000,35000,35000000.0,1400000.0,630000.0,0,0,32970000.0,10500000.0,1.351259,14188220.04,2701762.56,844300.8,395640.0,14840076.6,NET_REVENUE_SHARE,row_net_revenue / month_channel_net_revenue,COMMERCIAL_COSTS,DERIVED,false,false
VN000002028,ORD00002028,2025-10-01,2025-10-01,SKU012,CUS08,CH04,VN,South,2000,29000,58000000.0,2320000.0,1044000.0,0,0,54636000.0,22620000.0,1.351259,30565479.73,4477206.53,1399127.04,655632.0,17538554.7,NET_REVENUE_SHARE,row_net_revenue / month_channel_net_revenue,COMMERCIAL_COSTS,DERIVED,false,false
VN000002029,ORD00002029,2025-10-01,2025-10-01,SKU001,CUS08,CH05,VN,South,3000,31000,93000000.0,3720000.0,558000.0,0,0,88722000.0,37200000.0,1.457284,54210960.99,1955530.32,2444412.9,1064664.0,29046431.79,NET_REVENUE_SHARE,row_net_revenue / month_channel_net_revenue,COMMERCIAL_COSTS,DERIVED,false,false
VN000002030,ORD00002030,2025-10-01,2025-10-01,SKU002,CUS09,CH05,VN,Central,2000,36000,72000000.0,2880000.0,432000.0,0,0,68688000.0,25920000.0,1.457284,37772798.62,1513958.96,1892448.7,824256.0,26684537.72,NET_REVENUE_SHARE,row_net_revenue / month_channel_net_revenue,COMMERCIAL_COSTS,DERIVED,false,false
VN000002031,ORD00002031,2025-10-01,2025-10-01,SKU003,CUS10,CH05,VN,North,2000,32000,64000000.0,2560000.0,384000.0,0,0,61056000.0,24320000.0,1.457284,35441144.39,1345741.3,1682176.62,732672.0,21854265.69,NET_REVENUE_SHARE,row_net_revenue / month_channel_net_revenue,COMMERCIAL_COSTS,DERIVED,false,false
VN000002032,ORD00002032,2025-10-01,2025-10-01,SKU004,CUS01,CH05,VN,North,3000,28000,84000000.0,3360000.0,504000.0,0,0,80136000.0,36960000.0,1.457284,53861212.85,1766285.45,2207856.81,961632.0,21339012.89,NET_REVENUE_SHARE,row_net_revenue / month_channel_net_revenue,COMMERCIAL_COSTS,DERIVED,false,false
VN000002033,ORD00002033,2025-10-01,2025-10-01,SKU005,CUS02,CH05,VN,South,3000,27000,81000000.0,3240000.0,486000.0,0,0,77274000.0,37260000.0,1.457284,54298398.02,1703203.83,2129004.78,927288.0,18216105.37,NET_REVENUE_SHARE,row_net_revenue / month_channel_net_revenue,COMMERCIAL_COSTS,DERIVED,false,false
VN000002034,ORD00002034,2025-10-01,2025-10-01,SKU006,CUS03,CH05,VN,Central,2000,30000,60000000.0,2400000.0,360000.0,0,0,57240000.0,25200000.0,1.457284,36723554.22,1261632.46,1577040.58,686880.0,16990892.74,NET_REVENUE_SHARE,row_net_revenue / month_channel_net_revenue,COMMERCIAL_COSTS,DERIVED,false,false
VN000002035,ORD00002035,2025-10-01,2025-10-01,SKU007,CUS04,CH05,VN,North,3000,23000,69000000.0,2760000.0,414000.0,0,0,65826000.0,37950000.0,1.457284,55303923.91,1450877.33,1813596.67,789912.0,6467690.09,NET_REVENUE_SHARE,row_net_revenue / month_channel_net_revenue,COMMERCIAL_COSTS,DERIVED,false,false
VN000002036,ORD00002036,2025-10-01,2025-10-01,SKU008,CUS05,CH05,VN,South,3000,25000,75000000.0,3000000.0,450000.0,0,0,71550000.0,39000000.0,1.457284,56834072.0,1577040.58,1971300.73,858600.0,10308986.69,NET_REVENUE_SHARE,row_net_revenue / month_channel_net_revenue,COMMERCIAL_COSTS,DERIVED,false,false
VN000002037,ORD00002037,2025-10-01,2025-10-01,SKU009,CUS06,CH05,VN,Central,3000,21000,63000000.0,2520000.0,378000.0,0,0,60102000.0,36540000.0,1.457284,53249153.61,1324714.09,1655892.61,721224.0,3151015.69,NET_REVENUE_SHARE,row_net_revenue / month_channel_net_revenue,COMMERCIAL_COSTS,DERIVED,false,false
VN000002038,ORD00002038,2025-10-01,2025-10-01,SKU010,CUS07,CH05,VN,North,3000,24000,72000000.0,2880000.0,432000.0,0,0,68688000.0,36000000.0,1.457284,52462220.31,1513958.96,1892448.7,824256.0,11995116.03,NET_REVENUE_SHARE,row_net_revenue / month_channel_net_revenue,COMMERCIAL_COSTS,DERIVED,false,false
VN000002039,ORD00002039,2025-10-01,2025-10-01,SKU011,CUS08,CH05,VN,South,1000,35000,35000000.0,1400000.0,210000.0,0,0,33390000.0,10500000.0,1.457284,15301480.92,735952.27,919940.34,400680.0,16031946.47,NET_REVENUE_SHARE,row_net_revenue / month_channel_net_revenue,COMMERCIAL_COSTS,DERIVED,false,false
VN000002040,ORD00002040,2025-10-01,2025-10-01,SKU012,CUS09,CH05,VN,Central,2000,29000,58000000.0,2320000.0,348000.0,0,0,55332000.0,22620000.0,1.457284,32963761.76,1219578.05,1524472.56,663984.0,18960203.63,NET_REVENUE_SHARE,row_net_revenue / month_channel_net_revenue,COMMERCIAL_COSTS,DERIVED,false,false
VN000002041,ORD00002041,2025-11-01,2025-11-01,SKU001,CUS05,CH01,VN,South,10000,31000,310000000.0,21700000.0,1860000.0,0,0,286440000.0,124000000.0,1.381834,171347399.88,10674691.72,19824427.47,3437280.0,81156200.93,NET_REVENUE_SHARE,row_net_revenue / month_channel_net_revenue,COMMERCIAL_COSTS,DERIVED,false,false
VN000002042,ORD00002042,2025-11-01,2025-11-01,SKU002,CUS06,CH01,VN,Central,8000,36000,288000000.0,20160000.0,1728000.0,0,0,266112000.0,103680000.0,1.381834,143268535.64,9917132.95,18417532.62,3193344.0,91315454.79,NET_REVENUE_SHARE,row_net_revenue / month_channel_net_revenue,COMMERCIAL_COSTS,DERIVED,false,false
VN000002043,ORD00002043,2025-11-01,2025-11-01,SKU003,CUS07,CH01,VN,North,7000,32000,224000000.0,15680000.0,1344000.0,0,0,206976000.0,85120000.0,1.381834,117621699.02,7713325.63,14324747.59,2483712.0,64832515.76,NET_REVENUE_SHARE,row_net_revenue / month_channel_net_revenue,COMMERCIAL_COSTS,DERIVED,false,false
VN000002044,ORD00002044,2025-11-01,2025-11-01,SKU004,CUS08,CH01,VN,South,10000,28000,280000000.0,19600000.0,1680000.0,0,0,258720000.0,123200000.0,1.381834,170241932.79,9641657.03,17905934.49,3104640.0,57825835.69,NET_REVENUE_SHARE,row_net_revenue / month_channel_net_revenue,COMMERCIAL_COSTS,DERIVED,false,false
VN000002045,ORD00002045,2025-11-01,2025-11-01,SKU005,CUS09,CH01,VN,Central,8000,27000,216000000.0,15120000.0,1296000.0,0,0,199584000.0,99360000.0,1.381834,137299013.33,7437849.71,13813149.46,2395008.0,38638979.5,NET_REVENUE_SHARE,row_net_revenue / month_channel_net_revenue,COMMERCIAL_COSTS,DERIVED,false,false
VN000002046,ORD00002046,2025-11-01,2025-11-01,SKU006,CUS10,CH01,VN,North,6000,30000,180000000.0,12600000.0,1080000.0,0,0,166320000.0,75600000.0,1.381834,104466640.57,6198208.09,11510957.89,1995840.0,42148353.45,NET_REVENUE_SHARE,row_net_revenue / month_channel_net_revenue,COMMERCIAL_COSTS,DERIVED,false,false
VN000002047,ORD00002047,2025-11-01,2025-11-01,SKU007,CUS01,CH01,VN,North,11000,23000,253000000.0,17710000.0,1518000.0,0,0,233772000.0,139150000.0,1.381834,192282183.01,8711925.82,16179290.81,2805264.0,13793336.36,NET_REVENUE_SHARE,row_net_revenue / month_channel_net_revenue,COMMERCIAL_COSTS,DERIVED,false,false
VN000002048,ORD00002048,2025-11-01,2025-11-01,SKU008,CUS02,CH01,VN,South,9000,25000,225000000.0,15750000.0,1350000.0,0,0,207900000.0,117000000.0,1.381834,161674562.79,7747760.12,14388697.36,2494800.0,21594179.73,NET_REVENUE_SHARE,row_net_revenue / month_channel_net_revenue,COMMERCIAL_COSTS,DERIVED,false,false
VN000002049,ORD00002049,2025-11-01,2025-11-01,SKU009,CUS03,CH01,VN,Central,10000,21000,210000000.0,14700000.0,1260000.0,0,0,194040000.0,121800000.0,1.381834,168307365.37,7231242.78,13429450.87,2328480.0,2743460.98,NET_REVENUE_SHARE,row_net_revenue / month_channel_net_revenue,COMMERCIAL_COSTS,DERIVED,false,false
VN000002050,ORD00002050,2025-11-01,2025-11-01,SKU010,CUS04,CH01,VN,North,8000,24000,192000000.0,13440000.0,1152000.0,0,0,177408000.0,96000000.0,1.381834,132656051.52,6611421.97,12278355.08,2128896.0,23733275.43,NET_REVENUE_SHARE,row_net_revenue / month_channel_net_revenue,COMMERCIAL_COSTS,DERIVED,false,false
VN000002051,ORD00002051,2025-11-01,2025-11-01,SKU011,CUS05,CH01,VN,South,5000,35000,175000000.0,12250000.0,1050000.0,0,0,161700000.0,52500000.0,1.381834,72546278.18,6026035.65,11191209.06,1940400.0,69996077.11,NET_REVENUE_SHARE,row_net_revenue / month_channel_net_revenue,COMMERCIAL_COSTS,DERIVED,false,false
VN000002052,ORD00002052,2025-11-01,2025-11-01,SKU012,CUS06,CH01,VN,Central,7000,29000,203000000.0,14210000.0,1218000.0,0,0,187572000.0,79170000.0,1.381834,109399787.5,6990201.35,12981802.51,2250864.0,55949344.64,NET_REVENUE_SHARE,row_net_revenue / month_channel_net_revenue,COMMERCIAL_COSTS,DERIVED,false,false
VN000002053,ORD00002053,2025-11-01,2025-11-01,SKU001,CUS06,CH02,VN,Central,8000,31000,248000000.0,17360000.0,1488000.0,0,0,229152000.0,99200000.0,1.394751,138359285.23,11082377.71,18963179.64,2749824.0,57997333.42,NET_REVENUE_SHARE,row_net_revenue / month_channel_net_revenue,COMMERCIAL_COSTS,DERIVED,false,false
VN000002054,ORD00002054,2025-11-01,2025-11-01,SKU002,CUS07,CH02,VN,North,6000,36000,216000000.0,15120000.0,1296000.0,0,0,199584000.0,77760000.0,1.394751,108455826.81,9652393.49,16516317.75,2395008.0,62564453.95,NET_REVENUE_SHARE,row_net_revenue / month_channel_net_revenue,COMMERCIAL_COSTS,DERIVED,false,false
VN000002055,ORD00002055,2025-11-01,2025-11-01,SKU003,CUS08,CH02,VN,South,5000,32000,160000000.0,11200000.0,960000.0,0,0,147840000.0,60800000.0,1.394751,84800852.24,7149921.1,12234309.44,1774080.0,41880837.22,NET_REVENUE_SHARE,row_net_revenue / month_channel_net_revenue,COMMERCIAL_COSTS,DERIVED,false,false
VN000002056,ORD00002056,2025-11-01,2025-11-01,SKU004,CUS09,CH02,VN,Central,7000,28000,196000000.0,13720000.0,1176000.0,0,0,181104000.0,86240000.0,1.394751,120283314.09,8758653.35,14987029.07,2173248.0,34901755.49,NET_REVENUE_SHARE,row_net_revenue / month_channel_net_revenue,COMMERCIAL_COSTS,DERIVED,false,false
VN000002057,ORD00002057,2025-11-01,2025-11-01,SKU005,CUS10,CH02,VN,North,6000,27000,162000000.0,11340000.0,972000.0,0,0,149688000.0,74520000.0,1.394751,103936834.02,7239295.12,12387238.31,1796256.0,24328376.55,NET_REVENUE_SHARE,row_net_revenue / month_channel_net_revenue,COMMERCIAL_COSTS,DERIVED,false,false
VN000002058,ORD00002058,2025-11-01,2025-11-01,SKU006,CUS01,CH02,VN,North,5000,30000,150000000.0,10500000.0,900000.0,0,0,138600000.0,63000000.0,1.394751,87869304.13,6703051.03,11469665.1,1663200.0,30894779.74,NET_REVENUE_SHARE,row_net_revenue / month_channel_net_revenue,COMMERCIAL_COSTS,DERIVED,false,false
VN000002059,ORD00002059,2025-11-01,2025-11-01,SKU007,CUS02,CH02,VN,South,8000,23000,184000000.0,12880000.0,1104000.0,0,0,170016000.0,101200000.0,1.394751,141148786.95,8222409.27,14069455.86,2040192.0,4535155.92,NET_REVENUE_SHARE,row_net_revenue / month_channel_net_revenue,COMMERCIAL_COSTS,DERIVED,false,false
VN000002060,ORD00002060,2025-11-01,2025-11-01,SKU008,CUS03,CH02,VN,Central,7000,25000,175000000.0,12250000.0,1050000.0,0,0,161700000.0,91000000.0,1.394751,126922328.18,7820226.21,13381275.95,1940400.0,11635769.66,NET_REVENUE_SHARE,row_net_revenue / month_channel_net_revenue,COMMERCIAL_COSTS,DERIVED,false,false
VN000002061,ORD00002061,2025-11-01,2025-11-01,SKU009,CUS04,CH02,VN,North,8000,21000,168000000.0,11760000.0,1008000.0,0,0,155232000.0,97440000.0,1.394751,135904523.72,7507417.16,12846024.92,1862784.0,-2888749.8,NET_REVENUE_SHARE,row_net_revenue / month_channel_net_revenue,COMMERCIAL_COSTS,DERIVED,false,false
VN000002062,ORD00002062,2025-11-01,2025-11-01,SKU010,CUS05,CH02,VN,South,6000,24000,144000000.0,10080000.0,864000.0,0,0,133056000.0,72000000.0,1.394751,100422061.86,6434928.99,11010878.5,1596672.0,13591458.65,NET_REVENUE_SHARE,row_net_revenue / month_channel_net_revenue,COMMERCIAL_COSTS,DERIVED,false,false
VN000002063,ORD00002063,2025-11-01,2025-11-01,SKU011,CUS06,CH02,VN,Central,4000,35000,140000000.0,9800000.0,840000.0,0,0,129360000.0,42000000.0,1.394751,58579536.08,6256180.97,10705020.76,1552320.0,52266942.19,NET_REVENUE_SHARE,row_net_revenue / month_channel_net_revenue,COMMERCIAL_COSTS,DERIVED,false,false
VN000002064,ORD00002064,2025-11-01,2025-11-01,SKU012,CUS07,CH02,VN,North,5000,29000,145000000.0,10150000.0,870000.0,0,0,133980000.0,56550000.0,1.394751,78873161.09,6479616.0,11087342.93,1607760.0,35932119.98,NET_REVENUE_SHARE,row_net_revenue / month_channel_net_revenue,COMMERCIAL_COSTS,DERIVED,false,false
VN000002065,ORD00002065,2025-11-01,2025-11-01,SKU001,CUS07,CH03,VN,North,7000,31000,217000000.0,20615000.0,1302000.0,0,0,195083000.0,86800000.0,1.493758,129658219.37,25761607.93,13954204.3,2340996.0,23367972.4,NET_REVENUE_SHARE,row_net_revenue / month_channel_net_revenue,COMMERCIAL_COSTS,DERIVED,false,false
VN000002066,ORD00002066,2025-11-01,2025-11-01,SKU002,CUS08,CH03,VN,South,5000,36000,180000000.0,17100000.0,1080000.0,0,0,161820000.0,64800000.0,1.493758,96795537.04,21369075.71,11574916.01,1941840.0,30138631.24,NET_REVENUE_SHARE,row_net_revenue / month_channel_net_revenue,COMMERCIAL_COSTS,DERIVED,false,false
VN000002067,ORD00002067,2025-11-01,2025-11-01,SKU003,CUS09,CH03,VN,Central,4000,32000,128000000.0,12160000.0,768000.0,0,0,115072000.0,48640000.0,1.493758,72656403.11,15195787.17,8231051.38,1380864.0,17607894.34,NET_REVENUE_SHARE,row_net_revenue / month_channel_net_revenue,COMMERCIAL_COSTS,DERIVED,false,false
VN000002068,ORD00002068,2025-11-01,2025-11-01,SKU004,CUS10,CH03,VN,North,6000,28000,168000000.0,15960000.0,1008000.0,0,0,151032000.0,73920000.0,1.493758,110418612.62,19944470.66,10803254.94,1812384.0,8053277.78,NET_REVENUE_SHARE,row_net_revenue / month_channel_net_revenue,COMMERCIAL_COSTS,DERIVED,false,false
VN000002069,ORD00002069,2025-11-01,2025-11-01,SKU005,CUS01,CH03,VN,North,5000,27000,135000000.0,12825000.0,810000.0,0,0,121365000.0,62100000.0,1.493758,92762389.66,16026806.78,8681187.01,1456380.0,2438236.55,NET_REVENUE_SHARE,row_net_revenue / month_channel_net_revenue,COMMERCIAL_COSTS,DERIVED,false,false
VN000002070,ORD00002070,2025-11-01,2025-11-01,SKU006,CUS02,CH03,VN,South,4000,30000,120000000.0,11400000.0,720000.0,0,0,107880000.0,50400000.0,1.493758,75285417.7,14246050.47,7716610.67,1294560.0,9337361.16,NET_REVENUE_SHARE,row_net_revenue / month_channel_net_revenue,COMMERCIAL_COSTS,DERIVED,false,false
VN000002071,ORD00002071,2025-11-01,2025-11-01,SKU007,CUS03,CH03,VN,Central,7000,23000,161000000.0,15295000.0,966000.0,0,0,144739000.0,88550000.0,1.493758,132272296.37,19113451.05,10353119.32,1736868.0,-18736734.74,NET_REVENUE_SHARE,row_net_revenue / month_channel_net_revenue,COMMERCIAL_COSTS,DERIVED,false,false
VN000002072,ORD00002072,2025-11-01,2025-11-01,SKU008,CUS04,CH03,VN,North,6000,25000,150000000.0,14250000.0,900000.0,0,0,134850000.0,78000000.0,1.493758,116513146.44,17807563.09,9645763.34,1618200.0,-10734672.87,NET_REVENUE_SHARE,row_net_revenue / month_channel_net_revenue,COMMERCIAL_COSTS,DERIVED,false,false
VN000002073,ORD00002073,2025-11-01,2025-11-01,SKU009,CUS05,CH03,VN,South,7000,21000,147000000.0,13965000.0,882000.0,0,0,132153000.0,85260000.0,1.493758,127357831.61,17451411.83,9452848.07,1585836.0,-23694927.51,NET_REVENUE_SHARE,row_net_revenue / month_channel_net_revenue,COMMERCIAL_COSTS,DERIVED,false,false
VN000002074,ORD00002074,2025-11-01,2025-11-01,SKU010,CUS06,CH03,VN,Central,5000,24000,120000000.0,11400000.0,720000.0,0,0,107880000.0,60000000.0,1.493758,89625497.26,14246050.47,7716610.67,1294560.0,-5002718.4,NET_REVENUE_SHARE,row_net_revenue / month_channel_net_revenue,COMMERCIAL_COSTS,DERIVED,false,false
VN000002075,ORD00002075,2025-11-01,2025-11-01,SKU011,CUS07,CH03,VN,North,3000,35000,105000000.0,9975000.0,630000.0,0,0,94395000.0,31500000.0,1.493758,47053386.06,12465294.16,6752034.34,1132740.0,26991545.44,NET_REVENUE_SHARE,row_net_revenue / month_channel_net_revenue,COMMERCIAL_COSTS,DERIVED,false,false
VN000002076,ORD00002076,2025-11-01,2025-11-01,SKU012,CUS08,CH03,VN,South,4000,29000,116000000.0,11020000.0,696000.0,0,0,104284000.0,45240000.0,1.493758,67577624.95,13771182.12,7459390.32,1251408.0,14224394.61,NET_REVENUE_SHARE,row_net_revenue / month_channel_net_revenue,COMMERCIAL_COSTS,DERIVED,false,false
VN000002077,ORD00002077,2025-11-01,2025-11-01,SKU001,CUS08,CH04,VN,South,3000,31000,93000000.0,6510000.0,1674000.0,0,0,84816000.0,37200000.0,1.432965,53306294.85,7655915.52,6220431.36,1017792.0,16615566.27,NET_REVENUE_SHARE,row_net_revenue / month_channel_net_revenue,COMMERCIAL_COSTS,DERIVED,false,false
VN000002078,ORD00002078,2025-11-01,2025-11-01,SKU002,CUS09,CH04,VN,Central,2000,36000,72000000.0,5040000.0,1296000.0,0,0,65664000.0,25920000.0,1.432965,37142450.6,5927160.4,4815817.83,787968.0,16990603.17,NET_REVENUE_SHARE,row_net_revenue / month_channel_net_revenue,COMMERCIAL_COSTS,DERIVED,false,false
VN000002079,ORD00002079,2025-11-01,2025-11-01,SKU003,CUS10,CH04,VN,North,2000,32000,64000000.0,4480000.0,1152000.0,0,0,58368000.0,24320000.0,1.432965,34849706.74,5268587.02,4280726.96,700416.0,13268563.28,NET_REVENUE_SHARE,row_net_revenue / month_channel_net_revenue,COMMERCIAL_COSTS,DERIVED,false,false
VN000002080,ORD00002080,2025-11-01,2025-11-01,SKU004,CUS01,CH04,VN,North,3000,28000,84000000.0,5880000.0,1512000.0,0,0,76608000.0,36960000.0,1.432965,52962383.27,6915020.47,5618454.13,919296.0,10192846.13,NET_REVENUE_SHARE,row_net_revenue / month_channel_net_revenue,COMMERCIAL_COSTS,DERIVED,false,false
VN000002081,ORD00002081,2025-11-01,2025-11-01,SKU005,CUS02,CH04,VN,South,2000,27000,54000000.0,3780000.0,972000.0,0,0,49248000.0,24840000.0,1.432965,35594848.49,4445370.3,3611863.37,590976.0,5004941.84,NET_REVENUE_SHARE,row_net_revenue / month_channel_net_revenue,COMMERCIAL_COSTS,DERIVED,false,false
VN000002082,ORD00002082,2025-11-01,2025-11-01,SKU006,CUS03,CH04,VN,Central,2000,30000,60000000.0,4200000.0,1080000.0,0,0,54720000.0,25200000.0,1.432965,36110715.86,4939300.34,4013181.52,656640.0,9000162.28,NET_REVENUE_SHARE,row_net_revenue / month_channel_net_revenue,COMMERCIAL_COSTS,DERIVED,false,false
VN000002083,ORD00002083,2025-11-01,2025-11-01,SKU007,CUS04,CH04,VN,North,3000,23000,69000000.0,4830000.0,1242000.0,0,0,62928000.0,37950000.0,1.432965,54381018.53,5680195.39,4615158.75,755136.0,-2503508.67,NET_REVENUE_SHARE,row_net_revenue / month_channel_net_revenue,COMMERCIAL_COSTS,DERIVED,false,false
VN000002084,ORD00002084,2025-11-01,2025-11-01,SKU008,CUS05,CH04,VN,South,3000,25000,75000000.0,5250000.0,1350000.0,0,0,68400000.0,39000000.0,1.432965,55885631.69,6174125.42,5016476.9,820800.0,502965.99,NET_REVENUE_SHARE,row_net_revenue / month_channel_net_revenue,COMMERCIAL_COSTS,DERIVED,false,false
VN000002085,ORD00002085,2025-11-01,2025-11-01,SKU009,CUS06,CH04,VN,Central,3000,21000,63000000.0,4410000.0,1134000.0,0,0,57456000.0,36540000.0,1.432965,52360538.0,5186265.35,4213840.6,689472.0,-4994115.95,NET_REVENUE_SHARE,row_net_revenue / month_channel_net_revenue,COMMERCIAL_COSTS,DERIVED,false,false
VN000002086,ORD00002086,2025-11-01,2025-11-01,SKU010,CUS07,CH04,VN,North,2000,24000,48000000.0,3360000.0,864000.0,0,0,43776000.0,24000000.0,1.432965,34391157.97,3951440.27,3210545.22,525312.0,1697544.54,NET_REVENUE_SHARE,row_net_revenue / month_channel_net_revenue,COMMERCIAL_COSTS,DERIVED,false,false
VN000002087,ORD00002087,2025-11-01,2025-11-01,SKU011,CUS08,CH04,VN,South,1000,35000,35000000.0,2450000.0,630000.0,0,0,31920000.0,10500000.0,1.432965,15046131.61,2881258.53,2341022.55,383040.0,11268547.31,NET_REVENUE_SHARE,row_net_revenue / month_channel_net_revenue,COMMERCIAL_COSTS,DERIVED,false,false
VN000002088,ORD00002088,2025-11-01,2025-11-01,SKU012,CUS09,CH04,VN,Central,2000,29000,58000000.0,4060000.0,1044000.0,0,0,52896000.0,22620000.0,1.432965,32413666.39,4774656.99,3879408.81,634752.0,11193515.81,NET_REVENUE_SHARE,row_net_revenue / month_channel_net_revenue,COMMERCIAL_COSTS,DERIVED,false,false
VN000002089,ORD00002089,2025-11-01,2025-11-01,SKU001,CUS09,CH05,VN,Central,4000,31000,124000000.0,8680000.0,744000.0,0,0,114576000.0,49600000.0,1.379332,68414867.16,2441701.45,7935529.72,1374912.0,34408989.67,NET_REVENUE_SHARE,row_net_revenue / month_channel_net_revenue,COMMERCIAL_COSTS,DERIVED,false,false
VN000002090,ORD00002090,2025-11-01,2025-11-01,SKU002,CUS10,CH05,VN,North,3000,36000,108000000.0,7560000.0,648000.0,0,0,99792000.0,38880000.0,1.379332,53628428.13,2126643.2,6911590.4,1197504.0,35927834.27,NET_REVENUE_SHARE,row_net_revenue / month_channel_net_revenue,COMMERCIAL_COSTS,DERIVED,false,false
VN000002091,ORD00002091,2025-11-01,2025-11-01,SKU003,CUS01,CH05,VN,North,2000,32000,64000000.0,4480000.0,384000.0,0,0,59136000.0,24320000.0,1.379332,33545354.22,1260233.01,4095757.27,709632.0,19525023.5,NET_REVENUE_SHARE,row_net_revenue / month_channel_net_revenue,COMMERCIAL_COSTS,DERIVED,false,false
VN000002092,ORD00002092,2025-11-01,2025-11-01,SKU004,CUS02,CH05,VN,South,3000,28000,84000000.0,5880000.0,504000.0,0,0,77616000.0,36960000.0,1.379332,50980110.69,1654055.82,5375681.42,931392.0,18674760.07,NET_REVENUE_SHARE,row_net_revenue / month_channel_net_revenue,COMMERCIAL_COSTS,DERIVED,false,false
VN000002093,ORD00002093,2025-11-01,2025-11-01,SKU005,CUS03,CH05,VN,Central,3000,27000,81000000.0,5670000.0,486000.0,0,0,74844000.0,37260000.0,1.379332,51393910.29,1594982.4,5183692.8,898128.0,15773286.51,NET_REVENUE_SHARE,row_net_revenue / month_channel_net_revenue,COMMERCIAL_COSTS,DERIVED,false,false
VN000002094,ORD00002094,2025-11-01,2025-11-01,SKU006,CUS04,CH05,VN,North,2000,30000,60000000.0,4200000.0,360000.0,0,0,55440000.0,25200000.0,1.379332,34759166.38,1181468.44,3839772.44,665280.0,14994312.74,NET_REVENUE_SHARE,row_net_revenue / month_channel_net_revenue,COMMERCIAL_COSTS,DERIVED,false,false
VN000002095,ORD00002095,2025-11-01,2025-11-01,SKU007,CUS05,CH05,VN,South,4000,23000,92000000.0,6440000.0,552000.0,0,0,85008000.0,50600000.0,1.379332,69794199.16,1811584.95,5887651.08,1020096.0,6494468.81,NET_REVENUE_SHARE,row_net_revenue / month_channel_net_revenue,COMMERCIAL_COSTS,DERIVED,false,false
VN000002096,ORD00002096,2025-11-01,2025-11-01,SKU008,CUS06,CH05,VN,Central,3000,25000,75000000.0,5250000.0,450000.0,0,0,69300000.0,39000000.0,1.379332,53793947.97,1476835.56,4799715.56,831600.0,8397900.91,NET_REVENUE_SHARE,row_net_revenue / month_channel_net_revenue,COMMERCIAL_COSTS,DERIVED,false,false
VN000002097,ORD00002097,2025-11-01,2025-11-01,SKU009,CUS07,CH05,VN,North,4000,21000,84000000.0,5880000.0,504000.0,0,0,77616000.0,48720000.0,1.379332,67201055.0,1654055.82,5375681.42,931392.0,2453815.76,NET_REVENUE_SHARE,row_net_revenue / month_channel_net_revenue,COMMERCIAL_COSTS,DERIVED,false,false
VN000002098,ORD00002098,2025-11-01,2025-11-01,SKU010,CUS08,CH05,VN,South,3000,24000,72000000.0,5040000.0,432000.0,0,0,66528000.0,36000000.0,1.379332,49655951.97,1417762.13,4607726.93,798336.0,10048222.97,NET_REVENUE_SHARE,row_net_revenue / month_channel_net_revenue,COMMERCIAL_COSTS,DERIVED,false,false
VN000002099,ORD00002099,2025-11-01,2025-11-01,SKU011,CUS09,CH05,VN,Central,2000,35000,70000000.0,4900000.0,420000.0,0,0,64680000.0,21000000.0,1.379332,28965971.98,1378379.85,4479734.52,776160.0,29079753.65,NET_REVENUE_SHARE,row_net_revenue / month_channel_net_revenue,COMMERCIAL_COSTS,DERIVED,false,false
VN000002100,ORD00002100,2025-11-01,2025-11-01,SKU012,CUS10,CH05,VN,North,2000,29000,58000000.0,4060000.0,348000.0,0,0,53592000.0,22620000.0,1.379332,31200489.85,1142086.16,3711780.03,643104.0,16894539.96,NET_REVENUE_SHARE,row_net_revenue / month_channel_net_revenue,COMMERCIAL_COSTS,DERIVED,false,false
VN000002101,ORD00002101,2025-12-01,2025-12-01,SKU001,CUS06,CH01,VN,Central,11000,31000,341000000.0,13640000.0,2046000.0,0,0,325314000.0,136400000.0,1.411288,192499727.87,12041859.66,8601328.33,3903768.0,108267316.14,NET_REVENUE_SHARE,row_net_revenue / month_channel_net_revenue,COMMERCIAL_COSTS,DERIVED,false,false
VN000002102,ORD00002102,2025-12-01,2025-12-01,SKU002,CUS07,CH01,VN,North,8000,36000,288000000.0,11520000.0,1728000.0,0,0,274752000.0,103680000.0,1.411288,146322373.8,10170250.97,7264464.98,3297024.0,107697886.25,NET_REVENUE_SHARE,row_net_revenue / month_channel_net_revenue,COMMERCIAL_COSTS,DERIVED,false,false
VN000002103,ORD00002103,2025-12-01,2025-12-01,SKU003,CUS08,CH01,VN,South,7000,32000,224000000.0,8960000.0,1344000.0,0,0,213696000.0,85120000.0,1.411288,120128862.44,7910195.2,5650139.43,2564352.0,77442450.93,NET_REVENUE_SHARE,row_net_revenue / month_channel_net_revenue,COMMERCIAL_COSTS,DERIVED,false,false
VN000002104,ORD00002104,2025-12-01,2025-12-01,SKU004,CUS09,CH01,VN,Central,11000,28000,308000000.0,12320000.0,1848000.0,0,0,293832000.0,135520000.0,1.411288,191257794.14,10876518.4,7768941.71,3525984.0,80402761.75,NET_REVENUE_SHARE,row_net_revenue / month_channel_net_revenue,COMMERCIAL_COSTS,DERIVED,false,false
VN000002105,ORD00002105,2025-12-01,2025-12-01,SKU005,CUS10,CH01,VN,North,9000,27000,243000000.0,9720000.0,1458000.0,0,0,231822000.0,111780000.0,1.411288,157753809.25,8581149.26,6129392.33,2781864.0,56575785.16,NET_REVENUE_SHARE,row_net_revenue / month_channel_net_revenue,COMMERCIAL_COSTS,DERIVED,false,false
VN000002106,ORD00002106,2025-12-01,2025-12-01,SKU006,CUS01,CH01,VN,North,7000,30000,210000000.0,8400000.0,1260000.0,0,0,200340000.0,88200000.0,1.411288,124475630.49,7415808.0,5297005.71,2404080.0,60747475.8,NET_REVENUE_SHARE,row_net_revenue / month_channel_net_revenue,COMMERCIAL_COSTS,DERIVED,false,false
VN000002107,ORD00002107,2025-12-01,2025-12-01,SKU007,CUS02,CH01,VN,South,12000,23000,276000000.0,11040000.0,1656000.0,0,0,263304000.0,151800000.0,1.411288,214233568.12,9746490.51,6961778.94,3159648.0,29202514.43,NET_REVENUE_SHARE,row_net_revenue / month_channel_net_revenue,COMMERCIAL_COSTS,DERIVED,false,false
VN000002108,ORD00002108,2025-12-01,2025-12-01,SKU008,CUS03,CH01,VN,Central,9000,25000,225000000.0,9000000.0,1350000.0,0,0,214650000.0,117000000.0,1.411288,165120734.32,7945508.57,5675363.27,2575800.0,33332593.84,NET_REVENUE_SHARE,row_net_revenue / month_channel_net_revenue,COMMERCIAL_COSTS,DERIVED,false,false
VN000002109,ORD00002109,2025-12-01,2025-12-01,SKU009,CUS04,CH01,VN,North,11000,21000,231000000.0,9240000.0,1386000.0,0,0,220374000.0,133980000.0,1.411288,189084410.12,8157388.8,5826706.29,2644488.0,14661006.79,NET_REVENUE_SHARE,row_net_revenue / month_channel_net_revenue,COMMERCIAL_COSTS,DERIVED,false,false
VN000002110,ORD00002110,2025-12-01,2025-12-01,SKU010,CUS05,CH01,VN,South,9000,24000,216000000.0,8640000.0,1296000.0,0,0,206064000.0,108000000.0,1.411288,152419139.37,7627688.23,5448348.73,2472768.0,38096055.67,NET_REVENUE_SHARE,row_net_revenue / month_channel_net_revenue,COMMERCIAL_COSTS,DERIVED,false,false
VN000002111,ORD00002111,2025-12-01,2025-12-01,SKU011,CUS06,CH01,VN,Central,5000,35000,175000000.0,7000000.0,1050000.0,0,0,166950000.0,52500000.0,1.411288,74092637.19,6179840.0,4414171.43,2003400.0,80259951.38,NET_REVENUE_SHARE,row_net_revenue / month_channel_net_revenue,COMMERCIAL_COSTS,DERIVED,false,false
VN000002112,ORD00002112,2025-12-01,2025-12-01,SKU012,CUS07,CH01,VN,North,7000,29000,203000000.0,8120000.0,1218000.0,0,0,193662000.0,79170000.0,1.411288,111731696.89,7168614.4,5120438.86,2323944.0,67317305.85,NET_REVENUE_SHARE,row_net_revenue / month_channel_net_revenue,COMMERCIAL_COSTS,DERIVED,false,false
VN000002113,ORD00002113,2025-12-01,2025-12-01,SKU001,CUS07,CH02,VN,North,9000,31000,279000000.0,11160000.0,1674000.0,0,0,266166000.0,111600000.0,1.395446,155731760.24,12523887.45,10297418.57,3193992.0,84418941.74,NET_REVENUE_SHARE,row_net_revenue / month_channel_net_revenue,COMMERCIAL_COSTS,DERIVED,false,false
VN000002114,ORD00002114,2025-12-01,2025-12-01,SKU002,CUS08,CH02,VN,South,6000,36000,216000000.0,8640000.0,1296000.0,0,0,206064000.0,77760000.0,1.395446,108509871.65,9695912.87,7972195.02,2472768.0,77413252.46,NET_REVENUE_SHARE,row_net_revenue / month_channel_net_revenue,COMMERCIAL_COSTS,DERIVED,false,false
VN000002115,ORD00002115,2025-12-01,2025-12-01,SKU003,CUS09,CH02,VN,Central,6000,32000,192000000.0,7680000.0,1152000.0,0,0,183168000.0,72960000.0,1.395446,101811731.43,8618589.21,7086395.58,2198016.0,63453267.78,NET_REVENUE_SHARE,row_net_revenue / month_channel_net_revenue,COMMERCIAL_COSTS,DERIVED,false,false
VN000002116,ORD00002116,2025-12-01,2025-12-01,SKU004,CUS10,CH02,VN,North,8000,28000,224000000.0,8960000.0,1344000.0,0,0,213696000.0,98560000.0,1.395446,137535145.96,10055020.75,8267461.51,2564352.0,55274019.78,NET_REVENUE_SHARE,row_net_revenue / month_channel_net_revenue,COMMERCIAL_COSTS,DERIVED,false,false
VN000002117,ORD00002117,2025-12-01,2025-12-01,SKU005,CUS01,CH02,VN,North,7000,27000,189000000.0,7560000.0,1134000.0,0,0,180306000.0,86940000.0,1.395446,121320064.83,8483923.76,6975670.64,2163672.0,41362668.77,NET_REVENUE_SHARE,row_net_revenue / month_channel_net_revenue,COMMERCIAL_COSTS,DERIVED,false,false
VN000002118,ORD00002118,2025-12-01,2025-12-01,SKU006,CUS02,CH02,VN,South,5000,30000,150000000.0,6000000.0,900000.0,0,0,143100000.0,63000000.0,1.395446,87913090.46,6733272.82,5536246.54,1717200.0,41200190.18,NET_REVENUE_SHARE,row_net_revenue / month_channel_net_revenue,COMMERCIAL_COSTS,DERIVED,false,false
VN000002119,ORD00002119,2025-12-01,2025-12-01,SKU007,CUS03,CH02,VN,Central,9000,23000,207000000.0,8280000.0,1242000.0,0,0,197478000.0,113850000.0,1.395446,158871513.47,9291916.5,7640020.23,2369736.0,19304813.8,NET_REVENUE_SHARE,row_net_revenue / month_channel_net_revenue,COMMERCIAL_COSTS,DERIVED,false,false
VN000002120,ORD00002120,2025-12-01,2025-12-01,SKU008,CUS04,CH02,VN,North,7000,25000,175000000.0,7000000.0,1050000.0,0,0,166950000.0,91000000.0,1.395446,126985575.11,7855484.96,6458954.3,2003400.0,23646585.63,NET_REVENUE_SHARE,row_net_revenue / month_channel_net_revenue,COMMERCIAL_COSTS,DERIVED,false,false
VN000002121,ORD00002121,2025-12-01,2025-12-01,SKU009,CUS05,CH02,VN,South,9000,21000,189000000.0,7560000.0,1134000.0,0,0,180306000.0,109620000.0,1.395446,152968777.4,8483923.76,6975670.64,2163672.0,9713956.2,NET_REVENUE_SHARE,row_net_revenue / month_channel_net_revenue,COMMERCIAL_COSTS,DERIVED,false,false
VN000002122,ORD00002122,2025-12-01,2025-12-01,SKU010,CUS06,CH02,VN,Central,7000,24000,168000000.0,6720000.0,1008000.0,0,0,160272000.0,84000000.0,1.395446,117217453.95,7541265.56,6200596.13,1923264.0,27389420.36,NET_REVENUE_SHARE,row_net_revenue / month_channel_net_revenue,COMMERCIAL_COSTS,DERIVED,false,false
VN000002123,ORD00002123,2025-12-01,2025-12-01,SKU011,CUS07,CH02,VN,North,4000,35000,140000000.0,5600000.0,840000.0,0,0,133560000.0,42000000.0,1.395446,58608726.97,6284387.97,5167163.44,1602720.0,61897001.62,NET_REVENUE_SHARE,row_net_revenue / month_channel_net_revenue,COMMERCIAL_COSTS,DERIVED,false,false
VN000002124,ORD00002124,2025-12-01,2025-12-01,SKU012,CUS08,CH02,VN,South,5000,29000,145000000.0,5800000.0,870000.0,0,0,138330000.0,56550000.0,1.395446,78912464.53,6508830.4,5351704.99,1659960.0,45897040.08,NET_REVENUE_SHARE,row_net_revenue / month_channel_net_revenue,COMMERCIAL_COSTS,DERIVED,false,false
VN000002125,ORD00002125,2025-12-01,2025-12-01,SKU001,CUS08,CH03,VN,South,7000,31000,217000000.0,14105000.0,1302000.0,0,0,201593000.0,86800000.0,1.523938,132277837.57,26222041.87,5462925.39,2419116.0,35211079.17,NET_REVENUE_SHARE,row_net_revenue / month_channel_net_revenue,COMMERCIAL_COSTS,DERIVED,false,false
VN000002126,ORD00002126,2025-12-01,2025-12-01,SKU002,CUS09,CH03,VN,Central,5000,36000,180000000.0,11700000.0,1080000.0,0,0,167220000.0,64800000.0,1.523938,98751196.71,21751002.48,4531458.85,2006640.0,40179701.96,NET_REVENUE_SHARE,row_net_revenue / month_channel_net_revenue,COMMERCIAL_COSTS,DERIVED,false,false
VN000002127,ORD00002127,2025-12-01,2025-12-01,SKU003,CUS10,CH03,VN,North,5000,32000,160000000.0,10400000.0,960000.0,0,0,148640000.0,60800000.0,1.523938,92655443.83,19334224.42,4027963.42,1783680.0,30838688.33,NET_REVENUE_SHARE,row_net_revenue / month_channel_net_revenue,COMMERCIAL_COSTS,DERIVED,false,false
VN000002128,ORD00002128,2025-12-01,2025-12-01,SKU004,CUS01,CH03,VN,North,7000,28000,196000000.0,12740000.0,1176000.0,0,0,182084000.0,86240000.0,1.523938,131424432.17,23684424.92,4934255.19,2185008.0,19855879.72,NET_REVENUE_SHARE,row_net_revenue / month_channel_net_revenue,COMMERCIAL_COSTS,DERIVED,false,false
VN000002129,ORD00002129,2025-12-01,2025-12-01,SKU005,CUS02,CH03,VN,South,6000,27000,162000000.0,10530000.0,972000.0,0,0,150498000.0,74520000.0,1.523938,113563876.22,19575902.23,4078312.96,1805976.0,11473932.59,NET_REVENUE_SHARE,row_net_revenue / month_channel_net_revenue,COMMERCIAL_COSTS,DERIVED,false,false
VN000002130,ORD00002130,2025-12-01,2025-12-01,SKU006,CUS03,CH03,VN,Central,4000,30000,120000000.0,7800000.0,720000.0,0,0,111480000.0,50400000.0,1.523938,76806486.33,14500668.32,3020972.57,1337760.0,15814112.78,NET_REVENUE_SHARE,row_net_revenue / month_channel_net_revenue,COMMERCIAL_COSTS,DERIVED,false,false
VN000002131,ORD00002131,2025-12-01,2025-12-01,SKU007,CUS04,CH03,VN,North,7000,23000,161000000.0,10465000.0,966000.0,0,0,149569000.0,88550000.0,1.523938,134944729.46,19455063.32,4053138.19,1794828.0,-10678758.97,NET_REVENUE_SHARE,row_net_revenue / month_channel_net_revenue,COMMERCIAL_COSTS,DERIVED,false,false
VN000002132,ORD00002132,2025-12-01,2025-12-01,SKU008,CUS05,CH03,VN,South,6000,25000,150000000.0,9750000.0,900000.0,0,0,139350000.0,78000000.0,1.523938,118867181.23,18125835.4,3776215.71,1672200.0,-3091432.34,NET_REVENUE_SHARE,row_net_revenue / month_channel_net_revenue,COMMERCIAL_COSTS,DERIVED,false,false
VN000002133,ORD00002133,2025-12-01,2025-12-01,SKU009,CUS06,CH03,VN,Central,7000,21000,147000000.0,9555000.0,882000.0,0,0,136563000.0,85260000.0,1.523938,129930972.71,17763318.69,3700691.39,1638756.0,-16470738.79,NET_REVENUE_SHARE,row_net_revenue / month_channel_net_revenue,COMMERCIAL_COSTS,DERIVED,false,false
VN000002134,ORD00002134,2025-12-01,2025-12-01,SKU010,CUS07,CH03,VN,North,6000,24000,144000000.0,9360000.0,864000.0,0,0,133776000.0,72000000.0,1.523938,109723551.9,17400801.98,3625167.08,1605312.0,1421167.04,NET_REVENUE_SHARE,row_net_revenue / month_channel_net_revenue,COMMERCIAL_COSTS,DERIVED,false,false
VN000002135,ORD00002135,2025-12-01,2025-12-01,SKU011,CUS08,CH03,VN,South,3000,35000,105000000.0,6825000.0,630000.0,0,0,97545000.0,31500000.0,1.523938,48004053.96,12688084.78,2643351.0,1170540.0,33038970.26,NET_REVENUE_SHARE,row_net_revenue / month_channel_net_revenue,COMMERCIAL_COSTS,DERIVED,false,false
VN000002136,ORD00002136,2025-12-01,2025-12-01,SKU012,CUS09,CH03,VN,Central,5000,29000,145000000.0,9425000.0,870000.0,0,0,134705000.0,56550000.0,1.523938,86178706.39,17521640.88,3650341.85,1616460.0,25737850.88,NET_REVENUE_SHARE,row_net_revenue / month_channel_net_revenue,COMMERCIAL_COSTS,DERIVED,false,false
VN000002137,ORD00002137,2025-12-01,2025-12-01,SKU001,CUS09,CH04,VN,Central,3000,31000,93000000.0,3720000.0,1674000.0,0,0,87606000.0,37200000.0,1.464037,54462177.37,7858369.39,2455740.44,1051272.0,21778440.8,NET_REVENUE_SHARE,row_net_revenue / month_channel_net_revenue,COMMERCIAL_COSTS,DERIVED,false,false
VN000002138,ORD00002138,2025-12-01,2025-12-01,SKU002,CUS10,CH04,VN,North,2000,36000,72000000.0,2880000.0,1296000.0,0,0,67824000.0,25920000.0,1.464037,37947839.71,6083898.89,1901218.4,813888.0,21077155.0,NET_REVENUE_SHARE,row_net_revenue / month_channel_net_revenue,COMMERCIAL_COSTS,DERIVED,false,false
VN000002139,ORD00002139,2025-12-01,2025-12-01,SKU003,CUS01,CH04,VN,North,2000,32000,64000000.0,2560000.0,1152000.0,0,0,60288000.0,24320000.0,1.464037,35605380.47,5407910.12,1689971.91,723456.0,16861281.5,NET_REVENUE_SHARE,row_net_revenue / month_channel_net_revenue,COMMERCIAL_COSTS,DERIVED,false,false
VN000002140,ORD00002140,2025-12-01,2025-12-01,SKU004,CUS02,CH04,VN,South,3000,28000,84000000.0,3360000.0,1512000.0,0,0,79128000.0,36960000.0,1.464037,54110808.48,7097882.03,2218088.14,949536.0,14751685.35,NET_REVENUE_SHARE,row_net_revenue / month_channel_net_revenue,COMMERCIAL_COSTS,DERIVED,false,false
VN000002141,ORD00002141,2025-12-01,2025-12-01,SKU005,CUS03,CH04,VN,Central,3000,27000,81000000.0,3240000.0,1458000.0,0,0,76302000.0,37260000.0,1.464037,54550019.59,6844386.25,2138870.7,915624.0,11853099.46,NET_REVENUE_SHARE,row_net_revenue / month_channel_net_revenue,COMMERCIAL_COSTS,DERIVED,false,false
VN000002142,ORD00002142,2025-12-01,2025-12-01,SKU006,CUS04,CH04,VN,North,2000,30000,60000000.0,2400000.0,1080000.0,0,0,56520000.0,25200000.0,1.464037,36893733.06,5069915.74,1584348.67,678240.0,12293762.53,NET_REVENUE_SHARE,row_net_revenue / month_channel_net_revenue,COMMERCIAL_COSTS,DERIVED,false,false
VN000002143,ORD00002143,2025-12-01,2025-12-01,SKU007,CUS05,CH04,VN,South,3000,23000,69000000.0,2760000.0,1242000.0,0,0,64998000.0,37950000.0,1.464037,55560205.14,5830403.1,1822000.97,779976.0,1005414.79,NET_REVENUE_SHARE,row_net_revenue / month_channel_net_revenue,COMMERCIAL_COSTS,DERIVED,false,false
VN000002144,ORD00002144,2025-12-01,2025-12-01,SKU008,CUS06,CH04,VN,Central,3000,25000,75000000.0,3000000.0,1350000.0,0,0,70650000.0,39000000.0,1.464037,57097444.01,6337394.67,1980435.84,847800.0,4386925.48,NET_REVENUE_SHARE,row_net_revenue / month_channel_net_revenue,COMMERCIAL_COSTS,DERIVED,false,false
VN000002145,ORD00002145,2025-12-01,2025-12-01,SKU009,CUS07,CH04,VN,North,3000,21000,63000000.0,2520000.0,1134000.0,0,0,59346000.0,36540000.0,1.464037,53495912.93,5323411.53,1663566.1,712152.0,-1849042.56,NET_REVENUE_SHARE,row_net_revenue / month_channel_net_revenue,COMMERCIAL_COSTS,DERIVED,false,false
VN000002146,ORD00002146,2025-12-01,2025-12-01,SKU010,CUS08,CH04,VN,South,3000,24000,72000000.0,2880000.0,1296000.0,0,0,67824000.0,36000000.0,1.464037,52705332.94,6083898.89,1901218.4,813888.0,6319661.77,NET_REVENUE_SHARE,row_net_revenue / month_channel_net_revenue,COMMERCIAL_COSTS,DERIVED,false,false
VN000002147,ORD00002147,2025-12-01,2025-12-01,SKU011,CUS09,CH04,VN,Central,1000,35000,35000000.0,1400000.0,630000.0,0,0,32970000.0,10500000.0,1.464037,15372388.77,2957450.85,924203.39,395640.0,13320316.99,NET_REVENUE_SHARE,row_net_revenue / month_channel_net_revenue,COMMERCIAL_COSTS,DERIVED,false,false
VN000002148,ORD00002148,2025-12-01,2025-12-01,SKU012,CUS10,CH04,VN,North,2000,29000,58000000.0,2320000.0,1044000.0,0,0,54636000.0,22620000.0,1.464037,33116517.53,4900918.55,1531537.05,655632.0,14431394.87,NET_REVENUE_SHARE,row_net_revenue / month_channel_net_revenue,COMMERCIAL_COSTS,DERIVED,false,false
VN000002149,ORD00002149,2025-12-01,2025-12-01,SKU001,CUS10,CH05,VN,North,4000,31000,124000000.0,4960000.0,744000.0,0,0,118296000.0,49600000.0,1.393071,69096308.78,2447130.3,3058912.87,1419552.0,42274096.05,NET_REVENUE_SHARE,row_net_revenue / month_channel_net_revenue,COMMERCIAL_COSTS,DERIVED,false,false
VN000002150,ORD00002150,2025-12-01,2025-12-01,SKU002,CUS01,CH05,VN,North,3000,36000,108000000.0,4320000.0,648000.0,0,0,103032000.0,38880000.0,1.393071,54162590.43,2131371.55,2664214.44,1236384.0,42837439.58,NET_REVENUE_SHARE,row_net_revenue / month_channel_net_revenue,COMMERCIAL_COSTS,DERIVED,false,false
VN000002151,ORD00002151,2025-12-01,2025-12-01,SKU003,CUS02,CH05,VN,South,3000,32000,96000000.0,3840000.0,576000.0,0,0,91584000.0,36480000.0,1.393071,50819220.65,1894552.49,2368190.61,1099008.0,35403028.25,NET_REVENUE_SHARE,row_net_revenue / month_channel_net_revenue,COMMERCIAL_COSTS,DERIVED,false,false
VN000002152,ORD00002152,2025-12-01,2025-12-01,SKU004,CUS03,CH05,VN,Central,4000,28000,112000000.0,4480000.0,672000.0,0,0,106848000.0,49280000.0,1.393071,68650526.14,2210311.24,2762889.05,1282176.0,31942097.57,NET_REVENUE_SHARE,row_net_revenue / month_channel_net_revenue,COMMERCIAL_COSTS,DERIVED,false,false
VN000002153,ORD00002153,2025-12-01,2025-12-01,SKU005,CUS04,CH05,VN,North,3000,27000,81000000.0,3240000.0,486000.0,0,0,77274000.0,37260000.0,1.393071,51905815.83,1598528.66,1998160.83,927288.0,20844206.68,NET_REVENUE_SHARE,row_net_revenue / month_channel_net_revenue,COMMERCIAL_COSTS,DERIVED,false,false
VN000002154,ORD00002154,2025-12-01,2025-12-01,SKU006,CUS05,CH05,VN,South,2000,30000,60000000.0,2400000.0,360000.0,0,0,57240000.0,25200000.0,1.393071,35105382.69,1184095.31,1480119.13,686880.0,18783522.87,NET_REVENUE_SHARE,row_net_revenue / month_channel_net_revenue,COMMERCIAL_COSTS,DERIVED,false,false
VN000002155,ORD00002155,2025-12-01,2025-12-01,SKU007,CUS06,CH05,VN,Central,4000,23000,92000000.0,3680000.0,552000.0,0,0,87768000.0,50600000.0,1.393071,70489379.52,1815612.8,2269516.0,1053216.0,12140275.68,NET_REVENUE_SHARE,row_net_revenue / month_channel_net_revenue,COMMERCIAL_COSTS,DERIVED,false,false
VN000002156,ORD00002156,2025-12-01,2025-12-01,SKU008,CUS07,CH05,VN,North,3000,25000,75000000.0,3000000.0,450000.0,0,0,71550000.0,39000000.0,1.393071,54329758.92,1480119.13,1850148.92,858600.0,13031373.03,NET_REVENUE_SHARE,row_net_revenue / month_channel_net_revenue,COMMERCIAL_COSTS,DERIVED,false,false
VN000002157,ORD00002157,2025-12-01,2025-12-01,SKU009,CUS08,CH05,VN,South,4000,21000,84000000.0,3360000.0,504000.0,0,0,80136000.0,48720000.0,1.393071,67870406.53,1657733.43,2072166.79,961632.0,7574061.25,NET_REVENUE_SHARE,row_net_revenue / month_channel_net_revenue,COMMERCIAL_COSTS,DERIVED,false,false
VN000002158,ORD00002158,2025-12-01,2025-12-01,SKU010,CUS09,CH05,VN,Central,3000,24000,72000000.0,2880000.0,432000.0,0,0,68688000.0,36000000.0,1.393071,50150546.69,1420914.37,1776142.96,824256.0,14516139.98,NET_REVENUE_SHARE,row_net_revenue / month_channel_net_revenue,COMMERCIAL_COSTS,DERIVED,false,false
VN000002159,ORD00002159,2025-12-01,2025-12-01,SKU011,CUS10,CH05,VN,North,2000,35000,70000000.0,2800000.0,420000.0,0,0,66780000.0,21000000.0,1.393071,29254485.57,1381444.52,1726805.66,801360.0,33615904.25,NET_REVENUE_SHARE,row_net_revenue / month_channel_net_revenue,COMMERCIAL_COSTS,DERIVED,false,false
VN000002160,ORD00002160,2025-12-01,2025-12-01,SKU012,CUS01,CH05,VN,North,3000,29000,87000000.0,3480000.0,522000.0,0,0,82998000.0,33930000.0,1.393071,47266890.25,1716938.19,2146172.74,995976.0,30872022.82,NET_REVENUE_SHARE,row_net_revenue / month_channel_net_revenue,COMMERCIAL_COSTS,DERIVED,false,false
