budget_cogs,budget_net_sales,budget_opex,budget_trade_spend,budget_units,channel_id,month,sku_id,version
939116,2183990,0,54600,127,MT,2023-01-01,SKU001,FY_BASE
982554,2285010,0,57125,130,GT,2023-01-01,SKU001,FY_BASE
1103874,2567149,0,64179,162,EC,2023-01-01,SKU001,FY_BASE
952322,2214702,0,55368,130,CV,2023-01-01,SKU001,FY_BASE
1325392,3082306,0,77058,177,FS,2023-01-01,SKU001,FY_BASE
1559615,3427901,0,85698,167,MT,2023-01-01,SKU002,FY_BASE
1582263,3477679,0,86942,166,GT,2023-01-01,SKU002,FY_BASE
1467576,3225606,0,80640,170,EC,2023-01-01,SKU002,FY_BASE
1776233,3904008,0,97600,192,CV,2023-01-01,SKU002,FY_BASE
1486742,3267731,0,81693,158,FS,2023-01-01,SKU002,FY_BASE
1684620,3509625,0,87741,147,MT,2023-01-01,SKU003,FY_BASE
1744470,3634312,0,90858,149,GT,2023-01-01,SKU003,FY_BASE
1411377,2940368,0,73509,133,EC,2023-01-01,SKU003,FY_BASE
1869399,3894581,0,97365,165,CV,2023-01-01,SKU003,FY_BASE
1933281,4027669,0,100692,167,FS,2023-01-01,SKU003,FY_BASE
2251326,4458226,0,111456,164,MT,2023-01-01,SKU004,FY_BASE
1782791,3530402,0,88260,127,GT,2023-01-01,SKU004,FY_BASE
1879309,3721533,0,93038,148,EC,2023-01-01,SKU004,FY_BASE
2599044,5146801,0,128670,191,CV,2023-01-01,SKU004,FY_BASE
2056160,4071746,0,101794,148,FS,2023-01-01,SKU004,FY_BASE
2789089,5262432,0,131561,172,MT,2023-01-01,SKU005,FY_BASE
2795411,5274360,0,131859,169,GT,2023-01-01,SKU005,FY_BASE
2591598,4889808,0,122245,173,EC,2023-01-01,SKU005,FY_BASE
2507455,4731048,0,118276,156,CV,2023-01-01,SKU005,FY_BASE
2680816,5058144,0,126454,164,FS,2023-01-01,SKU005,FY_BASE
2938940,6834744,0,170869,202,MT,2023-01-01,SKU006,FY_BASE
3016116,7014223,0,175356,203,GT,2023-01-01,SKU006,FY_BASE
2318454,5391754,0,134794,172,EC,2023-01-01,SKU006,FY_BASE
2817286,6551827,0,163796,195,CV,2023-01-01,SKU006,FY_BASE
2443827,5683319,0,142083,166,FS,2023-01-01,SKU006,FY_BASE
2847008,6257160,0,156429,168,MT,2023-01-01,SKU007,FY_BASE
2997463,6587831,0,164696,173,GT,2023-01-01,SKU007,FY_BASE
2727985,5995571,0,149889,174,EC,2023-01-01,SKU007,FY_BASE
3785607,8320016,0,208000,226,CV,2023-01-01,SKU007,FY_BASE
2697018,5927512,0,148188,158,FS,2023-01-01,SKU007,FY_BASE
3109327,6477765,0,161944,160,MT,2023-01-01,SKU008,FY_BASE
4114247,8571347,0,214284,207,GT,2023-01-01,SKU008,FY_BASE
3570671,7438898,0,185972,198,EC,2023-01-01,SKU008,FY_BASE
4007896,8349784,0,208745,208,CV,2023-01-01,SKU008,FY_BASE
3824006,7966679,0,199167,194,FS,2023-01-01,SKU008,FY_BASE
4402544,8717908,0,217948,198,MT,2023-01-01,SKU009,FY_BASE
4827688,9559778,0,238994,213,GT,2023-01-01,SKU009,FY_BASE
4066014,8051513,0,201288,198,EC,2023-01-01,SKU009,FY_BASE
4540844,8991770,0,224794,207,CV,2023-01-01,SKU009,FY_BASE
4024963,7970224,0,199256,180,FS,2023-01-01,SKU009,FY_BASE
1865416,3519652,0,87991,205,MT,2023-01-01,SKU010,FY_BASE
1738450,3280095,0,82002,187,GT,2023-01-01,SKU010,FY_BASE
1669814,3150592,0,78765,198,EC,2023-01-01,SKU010,FY_BASE
2016272,3804286,0,95107,224,CV,2023-01-01,SKU010,FY_BASE
1991279,3757131,0,93928,216,FS,2023-01-01,SKU010,FY_BASE
1881896,4376503,0,109413,213,MT,2023-01-01,SKU011,FY_BASE
2015953,4688263,0,117207,224,GT,2023-01-01,SKU011,FY_BASE
1875033,4360542,0,109014,230,EC,2023-01-01,SKU011,FY_BASE
1586989,3690673,0,92267,182,CV,2023-01-01,SKU011,FY_BASE
1892234,4400545,0,110014,212,FS,2023-01-01,SKU011,FY_BASE
2828758,6217050,0,155426,260,MT,2023-01-01,SKU012,FY_BASE
2457128,5400281,0,135007,222,GT,2023-01-01,SKU012,FY_BASE
2728407,5996498,0,149912,272,EC,2023-01-01,SKU012,FY_BASE
2404098,5283731,0,132093,224,CV,2023-01-01,SKU012,FY_BASE
2524133,5547544,0,138689,230,FS,2023-01-01,SKU012,FY_BASE
3429405,7144594,0,178615,262,MT,2023-01-01,SKU013,FY_BASE
2927024,6097967,0,152449,219,GT,2023-01-01,SKU013,FY_BASE
3471319,7231915,0,180798,288,EC,2023-01-01,SKU013,FY_BASE
2701222,5627545,0,140689,209,CV,2023-01-01,SKU013,FY_BASE
3201951,6670731,0,166768,243,FS,2023-01-01,SKU013,FY_BASE
4164541,8246616,0,206165,270,MT,2023-01-01,SKU014,FY_BASE
3821618,7567560,0,189189,243,GT,2023-01-01,SKU014,FY_BASE
4100623,8120045,0,203001,288,EC,2023-01-01,SKU014,FY_BASE
4409559,8731800,0,218295,289,CV,2023-01-01,SKU014,FY_BASE
3978911,7879032,0,196976,255,FS,2023-01-01,SKU014,FY_BASE
4886486,9219785,0,230495,272,MT,2023-01-01,SKU015,FY_BASE
5104392,9630928,0,240773,278,GT,2023-01-01,SKU015,FY_BASE
4251595,8021878,0,200547,256,EC,2023-01-01,SKU015,FY_BASE
4760642,8982344,0,224559,268,CV,2023-01-01,SKU015,FY_BASE
3336252,6294816,0,157370,184,FS,2023-01-01,SKU015,FY_BASE
4002236,9307526,0,232688,250,MT,2023-01-01,SKU016,FY_BASE
4618269,10740161,0,268504,282,GT,2023-01-01,SKU016,FY_BASE
3649714,8487706,0,212193,247,EC,2023-01-01,SKU016,FY_BASE
4642569,10796672,0,269917,293,CV,2023-01-01,SKU016,FY_BASE
3959183,9207403,0,230185,245,FS,2023-01-01,SKU016,FY_BASE
2462680,5412343,0,135309,133,MT,2023-01-01,SKU017,FY_BASE
2633038,5786747,0,144669,140,GT,2023-01-01,SKU017,FY_BASE
1969982,4329518,0,108238,116,EC,2023-01-01,SKU017,FY_BASE
2494457,5482181,0,137055,136,CV,2023-01-01,SKU017,FY_BASE
2272930,4995322,0,124883,122,FS,2023-01-01,SKU017,FY_BASE
3276827,6826722,0,170668,155,MT,2023-01-01,SKU018,FY_BASE
2893363,6027840,0,150696,134,GT,2023-01-01,SKU018,FY_BASE
2065277,4302661,0,107567,106,EC,2023-01-01,SKU018,FY_BASE
3636874,7576821,0,189421,174,CV,2023-01-01,SKU018,FY_BASE
3065041,6385502,0,159638,144,FS,2023-01-01,SKU018,FY_BASE
1294330,2563029,0,64076,149,MT,2023-01-01,SKU019,FY_BASE
1209765,2395575,0,59889,136,GT,2023-01-01,SKU019,FY_BASE
1102791,2183744,0,54594,138,EC,2023-01-01,SKU019,FY_BASE
1379991,2732656,0,68316,161,CV,2023-01-01,SKU019,FY_BASE
1298672,2571628,0,64291,148,FS,2023-01-01,SKU019,FY_BASE
1519702,2867363,0,71684,140,MT,2023-01-01,SKU020,FY_BASE
1761511,3323605,0,83090,159,GT,2023-01-01,SKU020,FY_BASE
1793995,3384896,0,84622,178,EC,2023-01-01,SKU020,FY_BASE
1616857,3050673,0,76267,150,CV,2023-01-01,SKU020,FY_BASE
1593346,3006313,0,75158,145,FS,2023-01-01,SKU020,FY_BASE
1692391,3935794,0,98395,165,MT,2023-01-01,SKU021,FY_BASE
2223073,5169938,0,129248,212,GT,2023-01-01,SKU021,FY_BASE
1672537,3889620,0,97240,176,EC,2023-01-01,SKU021,FY_BASE
1642670,3820162,0,95504,162,CV,2023-01-01,SKU021,FY_BASE
1644758,3825019,0,95625,159,FS,2023-01-01,SKU021,FY_BASE
2574725,5658518,0,141463,208,MT,2023-01-01,SKU022,FY_BASE
2588818,5689490,0,142237,205,GT,2023-01-01,SKU022,FY_BASE
2005614,4407773,0,110194,175,EC,2023-01-01,SKU022,FY_BASE
2277548,5005406,0,125135,186,CV,2023-01-01,SKU022,FY_BASE
1852716,4071746,0,101794,148,FS,2023-01-01,SKU022,FY_BASE
2217923,4620672,0,115517,151,MT,2023-01-01,SKU023,FY_BASE
3050611,6355440,0,158886,204,GT,2023-01-01,SKU023,FY_BASE
2091060,4356374,0,108909,154,EC,2023-01-01,SKU023,FY_BASE
2347108,4889808,0,122245,162,CV,2023-01-01,SKU023,FY_BASE
2692489,5609352,0,140234,182,FS,2023-01-01,SKU023,FY_BASE
2984232,5909206,0,147730,174,MT,2023-01-01,SKU024,FY_BASE
3652404,7232282,0,180807,209,GT,2023-01-01,SKU024,FY_BASE
3088180,6115038,0,152876,195,EC,2023-01-01,SKU024,FY_BASE
3024140,5988229,0,149706,178,CV,2023-01-01,SKU024,FY_BASE
3614944,7158105,0,178953,209,FS,2023-01-01,SKU024,FY_BASE
4083188,7704128,0,192603,207,MT,2023-01-01,SKU025,FY_BASE
4211022,7945324,0,198633,209,GT,2023-01-01,SKU025,FY_BASE
3254223,6140043,0,153501,178,EC,2023-01-01,SKU025,FY_BASE
3691765,6965595,0,174140,189,CV,2023-01-01,SKU025,FY_BASE
3916505,7389632,0,184741,196,FS,2023-01-01,SKU025,FY_BASE
3041992,7074401,0,176860,174,MT,2023-01-01,SKU026,FY_BASE
3910188,9093460,0,227336,219,GT,2023-01-01,SKU026,FY_BASE
3097179,7202743,0,180069,192,EC,2023-01-01,SKU026,FY_BASE
3354673,7801566,0,195039,194,CV,2023-01-01,SKU026,FY_BASE
3481223,8095868,0,202397,197,FS,2023-01-01,SKU026,FY_BASE
3714797,8164390,0,204110,186,MT,2023-01-01,SKU027,FY_BASE
4435407,9748148,0,243704,217,GT,2023-01-01,SKU027,FY_BASE
3159474,6943898,0,173597,171,EC,2023-01-01,SKU027,FY_BASE
5191948,11410875,0,285272,262,CV,2023-01-01,SKU027,FY_BASE
4814062,10580356,0,264509,238,FS,2023-01-01,SKU027,FY_BASE
1316892,2743524,0,68588,160,MT,2023-01-01,SKU028,FY_BASE
2114003,4404172,0,110104,251,GT,2023-01-01,SKU028,FY_BASE
1496281,3117253,0,77931,196,EC,2023-01-01,SKU028,FY_BASE
1826057,3804286,0,95107,224,CV,2023-01-01,SKU028,FY_BASE
2109829,4395478,0,109887,253,FS,2023-01-01,SKU028,FY_BASE
2515096,4980158,0,124504,243,MT,2023-01-01,SKU029,FY_BASE
2712274,5370592,0,134265,256,GT,2023-01-01,SKU029,FY_BASE
2232342,4420275,0,110507,233,EC,2023-01-01,SKU029,FY_BASE
1917746,3797341,0,94934,187,CV,2023-01-01,SKU029,FY_BASE
1859315,3681643,0,92041,177,FS,2023-01-01,SKU029,FY_BASE
2923016,5515125,0,137878,231,MT,2023-01-01,SKU030,FY_BASE
2916408,5502656,0,137566,226,GT,2023-01-01,SKU030,FY_BASE
3349935,6320632,0,158016,287,EC,2023-01-01,SKU030,FY_BASE
3457743,6524044,0,163101,276,CV,2023-01-01,SKU030,FY_BASE
3061028,5775525,0,144388,239,FS,2023-01-01,SKU030,FY_BASE
3231928,7516112,0,187903,276,MT,2023-01-01,SKU031,FY_BASE
2998507,6973273,0,174332,251,GT,2023-01-01,SKU031,FY_BASE
2803291,6519281,0,162982,259,EC,2023-01-01,SKU031,FY_BASE
2845445,6617315,0,165433,246,CV,2023-01-01,SKU031,FY_BASE
2731824,6353078,0,158827,231,FS,2023-01-01,SKU031,FY_BASE
3182809,6995184,0,174880,229,MT,2023-01-01,SKU032,FY_BASE
3622109,7960680,0,199017,255,GT,2023-01-01,SKU032,FY_BASE
3236164,7112448,0,177811,252,EC,2023-01-01,SKU032,FY_BASE
3207270,7048944,0,176224,233,CV,2023-01-01,SKU032,FY_BASE
3260395,7165704,0,179143,232,FS,2023-01-01,SKU032,FY_BASE
4938102,10287713,0,257193,303,MT,2023-01-01,SKU033,FY_BASE
3105156,6469076,0,161727,187,GT,2023-01-01,SKU033,FY_BASE
4418608,9205434,0,230136,294,EC,2023-01-01,SKU033,FY_BASE
4666592,9722066,0,243052,290,CV,2023-01-01,SKU033,FY_BASE
4817153,10035735,0,250893,293,FS,2023-01-01,SKU033,FY_BASE
1955167,3871618,0,96790,104,MT,2023-01-01,SKU034,FY_BASE
2419531,4791150,0,119779,126,GT,2023-01-01,SKU034,FY_BASE
1896912,3756262,0,93907,109,EC,2023-01-01,SKU034,FY_BASE
2657761,5262894,0,131572,143,CV,2023-01-01,SKU034,FY_BASE
2135287,4228292,0,105707,112,FS,2023-01-01,SKU034,FY_BASE
2823368,5327110,0,133178,131,MT,2023-01-01,SKU035,FY_BASE
2444357,4611994,0,115300,111,GT,2023-01-01,SKU035,FY_BASE
2398946,4526314,0,113158,121,EC,2023-01-01,SKU035,FY_BASE
3821923,7211176,0,180279,180,CV,2023-01-01,SKU035,FY_BASE
3309402,6244154,0,156104,152,FS,2023-01-01,SKU035,FY_BASE
2538803,5904192,0,147605,134,MT,2023-01-01,SKU036,FY_BASE
2936217,6828412,0,170710,152,GT,2023-01-01,SKU036,FY_BASE
2179873,5069471,0,126737,125,EC,2023-01-01,SKU036,FY_BASE
2963632,6892168,0,172304,159,CV,2023-01-01,SKU036,FY_BASE
2845976,6618549,0,165464,149,FS,2023-01-01,SKU036,FY_BASE
1071057,2490831,0,62271,145,MT,2023-02-01,SKU001,FY_BASE
1069716,2487712,0,62193,142,GT,2023-02-01,SKU001,FY_BASE
1189890,2767187,0,69180,174,EC,2023-02-01,SKU001,FY_BASE
1175042,2732656,0,68316,161,CV,2023-02-01,SKU001,FY_BASE
1137170,2644582,0,66115,152,FS,2023-02-01,SKU001,FY_BASE
1687131,3708170,0,92704,181,MT,2023-02-01,SKU002,FY_BASE
1782549,3917891,0,97947,187,GT,2023-02-01,SKU002,FY_BASE
1250157,2747739,0,68693,145,EC,2023-02-01,SKU002,FY_BASE
1630640,3584007,0,89600,176,CV,2023-02-01,SKU002,FY_BASE
1258775,2766680,0,69167,133,FS,2023-02-01,SKU002,FY_BASE
1877148,3910725,0,97768,164,MT,2023-02-01,SKU003,FY_BASE
1658475,3455156,0,86379,142,GT,2023-02-01,SKU003,FY_BASE
1611414,3357112,0,83928,152,EC,2023-02-01,SKU003,FY_BASE
2107539,4390706,0,109768,186,CV,2023-02-01,SKU003,FY_BASE
1945440,4053000,0,101325,168,FS,2023-02-01,SKU003,FY_BASE
2092579,4143865,0,103597,152,MT,2023-02-01,SKU004,FY_BASE
2548949,5047600,0,126190,182,GT,2023-02-01,SKU004,FY_BASE
2212520,4381379,0,109534,174,EC,2023-02-01,SKU004,FY_BASE
1856460,3676286,0,91907,136,CV,2023-02-01,SKU004,FY_BASE
2537389,5024707,0,125618,183,FS,2023-02-01,SKU004,FY_BASE
2636029,4973640,0,124341,163,MT,2023-02-01,SKU005,FY_BASE
2725960,5143320,0,128583,165,GT,2023-02-01,SKU005,FY_BASE
3094211,5838134,0,145953,207,EC,2023-02-01,SKU005,FY_BASE
2574770,4858056,0,121451,161,CV,2023-02-01,SKU005,FY_BASE
2869848,5414808,0,135370,175,FS,2023-02-01,SKU005,FY_BASE
2801177,6514366,0,162859,192,MT,2023-02-01,SKU006,FY_BASE
2437897,5669528,0,141738,164,GT,2023-02-01,SKU006,FY_BASE
2276044,5293125,0,132328,169,EC,2023-02-01,SKU006,FY_BASE
2332591,5424631,0,135616,162,CV,2023-02-01,SKU006,FY_BASE
2768640,6438698,0,160967,188,FS,2023-02-01,SKU006,FY_BASE
3416409,7508592,0,187715,202,MT,2023-02-01,SKU007,FY_BASE
3851286,8464365,0,211609,223,GT,2023-02-01,SKU007,FY_BASE
2317144,5092624,0,127316,148,EC,2023-02-01,SKU007,FY_BASE
3398243,7468666,0,186717,203,CV,2023-02-01,SKU007,FY_BASE
4099468,9009819,0,225245,239,FS,2023-02-01,SKU007,FY_BASE
4459430,9290479,0,232262,229,MT,2023-02-01,SKU008,FY_BASE
4636359,9659081,0,241477,233,GT,2023-02-01,SKU008,FY_BASE
3646241,7596335,0,189908,203,EC,2023-02-01,SKU008,FY_BASE
4109105,8560636,0,214016,213,CV,2023-02-01,SKU008,FY_BASE
4030708,8397309,0,209933,205,FS,2023-02-01,SKU008,FY_BASE
4821834,9548186,0,238705,217,MT,2023-02-01,SKU009,FY_BASE
4233145,8382465,0,209562,187,GT,2023-02-01,SKU009,FY_BASE
4991086,9883339,0,247083,244,EC,2023-02-01,SKU009,FY_BASE
4586943,9083056,0,227076,209,CV,2023-02-01,SKU009,FY_BASE
4566333,9042243,0,226056,204,FS,2023-02-01,SKU009,FY_BASE
1855850,3501603,0,87540,204,MT,2023-02-01,SKU010,FY_BASE
2109580,3980340,0,99508,227,GT,2023-02-01,SKU010,FY_BASE
1493114,2817196,0,70430,177,EC,2023-02-01,SKU010,FY_BASE
2290788,4322241,0,108056,254,CV,2023-02-01,SKU010,FY_BASE
2493932,4705533,0,117638,271,FS,2023-02-01,SKU010,FY_BASE
2067305,4807685,0,120192,234,MT,2023-02-01,SKU011,FY_BASE
2224174,5172497,0,129312,247,GT,2023-02-01,SKU011,FY_BASE
1994898,4639298,0,115982,245,EC,2023-02-01,SKU011,FY_BASE
2201604,5120010,0,128000,252,CV,2023-02-01,SKU011,FY_BASE
1873499,4356975,0,108924,210,FS,2023-02-01,SKU011,FY_BASE
3034071,6668288,0,166707,279,MT,2023-02-01,SKU012,FY_BASE
2992805,6577594,0,164440,270,GT,2023-02-01,SKU012,FY_BASE
2633597,5788125,0,144703,262,EC,2023-02-01,SKU012,FY_BASE
2313803,5085281,0,127132,215,CV,2023-02-01,SKU012,FY_BASE
2512606,5522212,0,138055,229,FS,2023-02-01,SKU012,FY_BASE
3031594,6315821,0,157896,232,MT,2023-02-01,SKU013,FY_BASE
3781323,7877756,0,196944,284,GT,2023-02-01,SKU013,FY_BASE
3141924,6545675,0,163642,260,EC,2023-02-01,SKU013,FY_BASE
3352773,6984943,0,174624,259,CV,2023-02-01,SKU013,FY_BASE
4130655,8605532,0,215138,313,FS,2023-02-01,SKU013,FY_BASE
4148337,8214528,0,205363,269,MT,2023-02-01,SKU014,FY_BASE
4268300,8452080,0,211302,271,GT,2023-02-01,SKU014,FY_BASE
3172744,6282662,0,157067,223,EC,2023-02-01,SKU014,FY_BASE
4056794,8033256,0,200831,266,CV,2023-02-01,SKU014,FY_BASE
3536810,7003584,0,175090,227,FS,2023-02-01,SKU014,FY_BASE
3999749,7546696,0,188667,223,MT,2023-02-01,SKU015,FY_BASE
5894128,11120996,0,278025,321,GT,2023-02-01,SKU015,FY_BASE
4756908,8975298,0,224382,287,EC,2023-02-01,SKU015,FY_BASE
4200566,7925596,0,198140,236,CV,2023-02-01,SKU015,FY_BASE
4098824,7733631,0,193341,226,FS,2023-02-01,SKU015,FY_BASE
5280261,12279676,0,306992,330,MT,2023-02-01,SKU016,FY_BASE
4223399,9821858,0,245546,258,GT,2023-02-01,SKU016,FY_BASE
4690271,10907606,0,272690,317,EC,2023-02-01,SKU016,FY_BASE
4625929,10757974,0,268949,292,CV,2023-02-01,SKU016,FY_BASE
3908206,9088852,0,227221,242,FS,2023-02-01,SKU016,FY_BASE
2637200,5795895,0,144897,143,MT,2023-02-01,SKU017,FY_BASE
2989389,6569915,0,164248,159,GT,2023-02-01,SKU017,FY_BASE
2614702,5746450,0,143661,153,EC,2023-02-01,SKU017,FY_BASE
2475269,5440011,0,136000,135,CV,2023-02-01,SKU017,FY_BASE
2645220,5813521,0,145338,142,FS,2023-02-01,SKU017,FY_BASE
2988997,6227078,0,155677,142,MT,2023-02-01,SKU018,FY_BASE
3006385,6263302,0,156583,140,GT,2023-02-01,SKU018,FY_BASE
2883209,6006685,0,150167,148,EC,2023-02-01,SKU018,FY_BASE
3352059,6983456,0,174586,161,CV,2023-02-01,SKU018,FY_BASE
3288766,6851596,0,171290,154,FS,2023-02-01,SKU018,FY_BASE
1467515,2905970,0,72649,169,MT,2023-02-01,SKU019,FY_BASE
1200460,2377148,0,59429,135,GT,2023-02-01,SKU019,FY_BASE
1296410,2567149,0,64179,162,EC,2023-02-01,SKU019,FY_BASE
1226659,2429028,0,60726,143,CV,2023-02-01,SKU019,FY_BASE
1381566,2735775,0,68394,158,FS,2023-02-01,SKU019,FY_BASE
1839640,3471019,0,86775,169,MT,2023-02-01,SKU020,FY_BASE
1983157,3741806,0,93545,178,GT,2023-02-01,SKU020,FY_BASE
1477407,2787561,0,69689,147,EC,2023-02-01,SKU020,FY_BASE
1842991,3477341,0,86934,171,CV,2023-02-01,SKU020,FY_BASE
1939725,3659859,0,91496,176,FS,2023-02-01,SKU020,FY_BASE
1746289,4061138,0,101528,170,MT,2023-02-01,SKU021,FY_BASE
1925930,4478906,0,111973,184,GT,2023-02-01,SKU021,FY_BASE
1772092,4121145,0,103029,187,EC,2023-02-01,SKU021,FY_BASE
1525336,3547294,0,88682,150,CV,2023-02-01,SKU021,FY_BASE
1644758,3825019,0,95625,159,FS,2023-02-01,SKU021,FY_BASE
2665751,5858567,0,146464,215,MT,2023-02-01,SKU022,FY_BASE
2163986,4755830,0,118896,171,GT,2023-02-01,SKU022,FY_BASE
2065662,4539742,0,113494,181,EC,2023-02-01,SKU022,FY_BASE
1659908,3648008,0,91200,135,CV,2023-02-01,SKU022,FY_BASE
1655618,3638581,0,90965,132,FS,2023-02-01,SKU022,FY_BASE
3219068,6706392,0,167660,219,MT,2023-02-01,SKU023,FY_BASE
2688941,5601960,0,140049,180,GT,2023-02-01,SKU023,FY_BASE
2588931,5393606,0,134840,191,EC,2023-02-01,SKU023,FY_BASE
2956746,6159888,0,153997,204,CV,2023-02-01,SKU023,FY_BASE
2443473,5090568,0,127264,165,FS,2023-02-01,SKU023,FY_BASE
2966255,5873608,0,146840,173,MT,2023-02-01,SKU024,FY_BASE
3927711,7777429,0,194436,225,GT,2023-02-01,SKU024,FY_BASE
3320624,6575310,0,164383,210,EC,2023-02-01,SKU024,FY_BASE
3397711,6727952,0,168199,201,CV,2023-02-01,SKU024,FY_BASE
3415122,6762430,0,169061,197,FS,2023-02-01,SKU024,FY_BASE
4601359,8681810,0,217045,233,MT,2023-02-01,SKU025,FY_BASE
4337987,8184881,0,204622,215,GT,2023-02-01,SKU025,FY_BASE
3828497,7223580,0,180590,210,EC,2023-02-01,SKU025,FY_BASE
3568706,6733408,0,168335,183,CV,2023-02-01,SKU025,FY_BASE
4461046,8417068,0,210427,224,FS,2023-02-01,SKU025,FY_BASE
3243570,7543187,0,188580,186,MT,2023-02-01,SKU026,FY_BASE
4022441,9354515,0,233863,226,GT,2023-02-01,SKU026,FY_BASE
3469518,8068646,0,201716,215,EC,2023-02-01,SKU026,FY_BASE
3971207,9235366,0,230884,230,CV,2023-02-01,SKU026,FY_BASE
4295977,9990645,0,249766,244,FS,2023-02-01,SKU026,FY_BASE
4344425,9548186,0,238705,217,MT,2023-02-01,SKU027,FY_BASE
5228209,11490570,0,287264,256,GT,2023-02-01,SKU027,FY_BASE
4555069,10011141,0,250279,247,EC,2023-02-01,SKU027,FY_BASE
3426686,7531178,0,188279,173,CV,2023-02-01,SKU027,FY_BASE
4835270,10626966,0,265674,239,FS,2023-02-01,SKU027,FY_BASE
1776071,3700148,0,92504,215,MT,2023-02-01,SKU028,FY_BASE
1786730,3722355,0,93059,212,GT,2023-02-01,SKU028,FY_BASE
1464275,3050573,0,76264,192,EC,2023-02-01,SKU028,FY_BASE
2134687,4447264,0,111182,261,CV,2023-02-01,SKU028,FY_BASE
2442500,5088542,0,127214,293,FS,2023-02-01,SKU028,FY_BASE
2656637,5260426,0,131511,256,MT,2023-02-01,SKU029,FY_BASE
2412145,4776305,0,119408,228,GT,2023-02-01,SKU029,FY_BASE
2262509,4480009,0,112000,236,EC,2023-02-01,SKU029,FY_BASE
2995130,5930678,0,148267,292,CV,2023-02-01,SKU029,FY_BASE
2222378,4400545,0,110014,212,FS,2023-02-01,SKU029,FY_BASE
3241891,6116775,0,152919,256,MT,2023-02-01,SKU030,FY_BASE
3377607,6372844,0,159321,261,GT,2023-02-01,SKU030,FY_BASE
2711852,5116702,0,127918,232,EC,2023-02-01,SKU030,FY_BASE
2668905,5035669,0,125892,213,CV,2023-02-01,SKU030,FY_BASE
2497154,4711612,0,117790,195,FS,2023-02-01,SKU030,FY_BASE
3391682,7887632,0,197191,290,MT,2023-02-01,SKU031,FY_BASE
2948323,6856565,0,171414,247,GT,2023-02-01,SKU031,FY_BASE
2928134,6809613,0,170240,271,EC,2023-02-01,SKU031,FY_BASE
3441287,8002992,0,200075,297,CV,2023-02-01,SKU031,FY_BASE
3178849,7392672,0,184817,269,FS,2023-02-01,SKU031,FY_BASE
3241209,7123536,0,178088,233,MT,2023-02-01,SKU032,FY_BASE
3860602,8484840,0,212121,272,GT,2023-02-01,SKU032,FY_BASE
3586748,7882963,0,197074,279,EC,2023-02-01,SKU032,FY_BASE
3467318,7620480,0,190512,252,CV,2023-02-01,SKU032,FY_BASE
3998041,8786904,0,219673,285,FS,2023-02-01,SKU032,FY_BASE
5519056,11498033,0,287451,339,MT,2023-02-01,SKU033,FY_BASE
4901961,10212418,0,255310,295,GT,2023-02-01,SKU033,FY_BASE
4592196,9567076,0,239177,306,EC,2023-02-01,SKU033,FY_BASE
4294617,8947118,0,223678,267,CV,2023-02-01,SKU033,FY_BASE
4644494,9676030,0,241901,282,FS,2023-02-01,SKU033,FY_BASE
2764883,5475015,0,136875,147,MT,2023-02-01,SKU034,FY_BASE
2439693,4831076,0,120777,127,GT,2023-02-01,SKU034,FY_BASE
2553536,5056506,0,126413,147,EC,2023-02-01,SKU034,FY_BASE
2579592,5108103,0,127703,139,CV,2023-02-01,SKU034,FY_BASE
2714010,5374278,0,134357,143,FS,2023-02-01,SKU034,FY_BASE
2484564,4687856,0,117196,116,MT,2023-02-01,SKU035,FY_BASE
2698016,5090597,0,127265,123,GT,2023-02-01,SKU035,FY_BASE
2670132,5037984,0,125950,134,EC,2023-02-01,SKU035,FY_BASE
3509018,6620789,0,165520,165,CV,2023-02-01,SKU035,FY_BASE
3081166,5813521,0,145338,142,FS,2023-02-01,SKU035,FY_BASE
2598306,6042572,0,151064,138,MT,2023-02-01,SKU036,FY_BASE
3219714,7487708,0,187193,167,GT,2023-02-01,SKU036,FY_BASE
2875966,6688294,0,167207,165,EC,2023-02-01,SKU036,FY_BASE
2865499,6663951,0,166599,153,CV,2023-02-01,SKU036,FY_BASE
3286902,7643958,0,191099,172,FS,2023-02-01,SKU036,FY_BASE
1195238,2779623,0,69491,162,MT,2023-03-01,SKU001,FY_BASE
1101411,2561422,0,64036,146,GT,2023-03-01,SKU001,FY_BASE
1068034,2483800,0,62095,156,EC,2023-03-01,SKU001,FY_BASE
1205762,2804098,0,70102,165,CV,2023-03-01,SKU001,FY_BASE
1372447,3191738,0,79793,184,FS,2023-03-01,SKU001,FY_BASE
1324202,2910482,0,72762,142,MT,2023-03-01,SKU002,FY_BASE
1732478,3807838,0,95196,182,GT,2023-03-01,SKU002,FY_BASE
1358866,2986672,0,74667,158,EC,2023-03-01,SKU002,FY_BASE
1485047,3264006,0,81600,161,CV,2023-03-01,SKU002,FY_BASE
1417361,3115238,0,77881,150,FS,2023-03-01,SKU002,FY_BASE
2226105,4637719,0,115943,194,MT,2023-03-01,SKU003,FY_BASE
1719900,3583125,0,89578,147,GT,2023-03-01,SKU003,FY_BASE
1800338,3750705,0,93768,170,EC,2023-03-01,SKU003,FY_BASE
1786050,3720938,0,93023,158,CV,2023-03-01,SKU003,FY_BASE
1848168,3850350,0,96259,160,FS,2023-03-01,SKU003,FY_BASE
2323484,4601119,0,115028,169,MT,2023-03-01,SKU004,FY_BASE
2136403,4230647,0,105766,152,GT,2023-03-01,SKU004,FY_BASE
2185863,4328591,0,108215,172,EC,2023-03-01,SKU004,FY_BASE
2499080,4948846,0,123721,184,CV,2023-03-01,SKU004,FY_BASE
2610302,5169094,0,129227,188,FS,2023-03-01,SKU004,FY_BASE
3027182,5711664,0,142792,187,MT,2023-03-01,SKU005,FY_BASE
2691234,5077800,0,126945,163,GT,2023-03-01,SKU005,FY_BASE
2544478,4800902,0,120023,170,EC,2023-03-01,SKU005,FY_BASE
2978655,5620104,0,140503,186,CV,2023-03-01,SKU005,FY_BASE
2904218,5479656,0,136991,177,FS,2023-03-01,SKU005,FY_BASE
3321614,7724684,0,193117,228,MT,2023-03-01,SKU006,FY_BASE
2750448,6396390,0,159910,185,GT,2023-03-01,SKU006,FY_BASE
2346728,5457507,0,136438,174,EC,2023-03-01,SKU006,FY_BASE
3377714,7855148,0,196379,234,CV,2023-03-01,SKU006,FY_BASE
2459295,5719290,0,142982,167,FS,2023-03-01,SKU006,FY_BASE
3576553,7860557,0,196514,211,MT,2023-03-01,SKU007,FY_BASE
3233627,7106872,0,177672,187,GT,2023-03-01,SKU007,FY_BASE
3615402,7945938,0,198648,231,EC,2023-03-01,SKU007,FY_BASE
3028486,6656013,0,166400,181,CV,2023-03-01,SKU007,FY_BASE
3272382,7192048,0,179801,191,FS,2023-03-01,SKU007,FY_BASE
4213956,8779076,0,219477,216,MT,2023-03-01,SKU008,FY_BASE
3905401,8136253,0,203406,196,GT,2023-03-01,SKU008,FY_BASE
4288584,8934550,0,223364,238,EC,2023-03-01,SKU008,FY_BASE
3117252,6494276,0,162357,162,CV,2023-03-01,SKU008,FY_BASE
3824006,7966679,0,199167,194,FS,2023-03-01,SKU008,FY_BASE
5078066,10055577,0,251389,229,MT,2023-03-01,SKU009,FY_BASE
4756342,9418500,0,235462,210,GT,2023-03-01,SKU009,FY_BASE
3936935,7795910,0,194898,192,EC,2023-03-01,SKU009,FY_BASE
5693342,11273944,0,281849,259,CV,2023-03-01,SKU009,FY_BASE
5884449,11652375,0,291309,262,FS,2023-03-01,SKU009,FY_BASE
2238499,4223583,0,105590,246,MT,2023-03-01,SKU010,FY_BASE
1738450,3280095,0,82002,187,GT,2023-03-01,SKU010,FY_BASE
2288263,4317478,0,107937,272,EC,2023-03-01,SKU010,FY_BASE
2328652,4393683,0,109842,258,CV,2023-03-01,SKU010,FY_BASE
2165275,4085424,0,102136,235,FS,2023-03-01,SKU010,FY_BASE
2002412,4656771,0,116419,227,MT,2023-03-01,SKU011,FY_BASE
2299890,5348582,0,133715,255,GT,2023-03-01,SKU011,FY_BASE
2234628,5196810,0,129920,274,EC,2023-03-01,SKU011,FY_BASE
2128217,4949343,0,123734,244,CV,2023-03-01,SKU011,FY_BASE
2032746,4727317,0,118183,228,FS,2023-03-01,SKU011,FY_BASE
1927662,4236619,0,105915,177,MT,2023-03-01,SKU012,FY_BASE
2783192,6116906,0,152923,251,GT,2023-03-01,SKU012,FY_BASE
2127946,4676805,0,116920,212,EC,2023-03-01,SKU012,FY_BASE
2562114,5631019,0,140775,238,CV,2023-03-01,SKU012,FY_BASE
1878692,4128994,0,103225,171,FS,2023-03-01,SKU012,FY_BASE
3251076,6773075,0,169327,249,MT,2023-03-01,SKU013,FY_BASE
3235132,6739858,0,168496,243,GT,2023-03-01,SKU013,FY_BASE
2673169,5569102,0,139228,222,EC,2023-03-01,SKU013,FY_BASE
2972701,6193128,0,154828,230,CV,2023-03-01,SKU013,FY_BASE
3576205,7450427,0,186261,271,FS,2023-03-01,SKU013,FY_BASE
3808043,7540680,0,188517,247,MT,2023-03-01,SKU014,FY_BASE
4863877,9631440,0,240786,309,GT,2023-03-01,SKU014,FY_BASE
4145520,8208950,0,205224,291,EC,2023-03-01,SKU014,FY_BASE
4457663,8827056,0,220676,292,CV,2023-03-01,SKU014,FY_BASE
3815170,7554792,0,188870,245,FS,2023-03-01,SKU014,FY_BASE
6490159,12245583,0,306140,361,MT,2023-03-01,SKU015,FY_BASE
4199085,7922801,0,198070,229,GT,2023-03-01,SKU015,FY_BASE
3868255,7298594,0,182465,233,EC,2023-03-01,SKU015,FY_BASE
4312582,8136947,0,203424,243,CV,2023-03-01,SKU015,FY_BASE
5433325,10251556,0,256289,299,FS,2023-03-01,SKU015,FY_BASE
4658064,10832708,0,270818,291,MT,2023-03-01,SKU016,FY_BASE
5287833,12297285,0,307432,323,GT,2023-03-01,SKU016,FY_BASE
3603122,8379353,0,209484,244,EC,2023-03-01,SKU016,FY_BASE
4160008,9674438,0,241861,262,CV,2023-03-01,SKU016,FY_BASE
4434965,10313872,0,257847,274,FS,2023-03-01,SKU016,FY_BASE
2695374,5923745,0,148094,146,MT,2023-03-01,SKU017,FY_BASE
2534052,5569200,0,139230,134,GT,2023-03-01,SKU017,FY_BASE
2578885,5667732,0,141693,151,EC,2023-03-01,SKU017,FY_BASE
2590397,5693034,0,142326,142,CV,2023-03-01,SKU017,FY_BASE
2625627,5770459,0,144261,141,FS,2023-03-01,SKU017,FY_BASE
3188264,6642216,0,166055,151,MT,2023-03-01,SKU018,FY_BASE
3277638,6828412,0,170710,152,GT,2023-03-01,SKU018,FY_BASE
3169485,6603093,0,165077,163,EC,2023-03-01,SKU018,FY_BASE
3373968,7029099,0,175727,162,CV,2023-03-01,SKU018,FY_BASE
3534864,7364301,0,184108,166,FS,2023-03-01,SKU018,FY_BASE
1257870,2490831,0,62271,145,MT,2023-03-01,SKU019,FY_BASE
1461025,2893118,0,72328,165,GT,2023-03-01,SKU019,FY_BASE
1439521,2850536,0,71263,180,EC,2023-03-01,SKU019,FY_BASE
1425089,2821959,0,70549,166,CV,2023-03-01,SKU019,FY_BASE
1519723,3009352,0,75234,173,FS,2023-03-01,SKU019,FY_BASE
1919624,3621933,0,90548,176,MT,2023-03-01,SKU020,FY_BASE
1959826,3697785,0,92445,176,GT,2023-03-01,SKU020,FY_BASE
1572383,2966761,0,74169,156,EC,2023-03-01,SKU020,FY_BASE
1876910,3541340,0,88534,174,CV,2023-03-01,SKU020,FY_BASE
2170645,4095556,0,102389,197,FS,2023-03-01,SKU020,FY_BASE
1832526,4261688,0,106542,178,MT,2023-03-01,SKU021,FY_BASE
1353653,3148031,0,78701,129,GT,2023-03-01,SKU021,FY_BASE
1682492,3912772,0,97819,177,EC,2023-03-01,SKU021,FY_BASE
1834670,4266675,0,106667,181,CV,2023-03-01,SKU021,FY_BASE
1557619,3622369,0,90559,150,FS,2023-03-01,SKU021,FY_BASE
2236630,4915480,0,122887,181,MT,2023-03-01,SKU022,FY_BASE
2031227,4464062,0,111602,161,GT,2023-03-01,SKU022,FY_BASE
2281837,5014832,0,125371,200,EC,2023-03-01,SKU022,FY_BASE
1788582,3930798,0,98270,146,CV,2023-03-01,SKU022,FY_BASE
2089232,4591542,0,114789,167,FS,2023-03-01,SKU022,FY_BASE
2094705,4363968,0,109099,143,MT,2023-03-01,SKU023,FY_BASE
2814739,5864040,0,146601,188,GT,2023-03-01,SKU023,FY_BASE
3115252,6490109,0,162253,230,EC,2023-03-01,SKU023,FY_BASE
2819578,5874120,0,146853,194,CV,2023-03-01,SKU023,FY_BASE
2972632,6192984,0,154825,201,FS,2023-03-01,SKU023,FY_BASE
3271869,6478768,0,161969,191,MT,2023-03-01,SKU024,FY_BASE
2808130,5560498,0,139012,161,GT,2023-03-01,SKU024,FY_BASE
3021768,5983532,0,149588,191,EC,2023-03-01,SKU024,FY_BASE
2970773,5882555,0,147064,175,CV,2023-03-01,SKU024,FY_BASE
4141745,8201246,0,205031,239,FS,2023-03-01,SKU024,FY_BASE
3378475,6374482,0,159362,171,MT,2023-03-01,SKU025,FY_BASE
3978252,7506135,0,187653,197,GT,2023-03-01,SKU025,FY_BASE
4096492,7729231,0,193231,225,EC,2023-03-01,SKU025,FY_BASE
3302079,6230338,0,155758,169,CV,2023-03-01,SKU025,FY_BASE
4167831,7863833,0,196596,209,FS,2023-03-01,SKU025,FY_BASE
3939930,9162628,0,229066,226,MT,2023-03-01,SKU026,FY_BASE
4527586,10529269,0,263232,254,GT,2023-03-01,SKU026,FY_BASE
3401820,7911209,0,197780,211,EC,2023-03-01,SKU026,FY_BASE
3064539,7126836,0,178171,177,CV,2023-03-01,SKU026,FY_BASE
3721946,8655689,0,216392,211,FS,2023-03-01,SKU026,FY_BASE
5624665,12361902,0,309048,281,MT,2023-03-01,SKU027,FY_BASE
3814022,8382465,0,209562,187,GT,2023-03-01,SKU027,FY_BASE
4322470,9499934,0,237498,234,EC,2023-03-01,SKU027,FY_BASE
4340469,9539492,0,238487,219,CV,2023-03-01,SKU027,FY_BASE
6128916,13470146,0,336754,303,FS,2023-03-01,SKU027,FY_BASE
1637451,3411356,0,85284,198,MT,2023-03-01,SKU028,FY_BASE
1707124,3556508,0,88913,203,GT,2023-03-01,SKU028,FY_BASE
1768332,3684026,0,92101,232,EC,2023-03-01,SKU028,FY_BASE
1988945,4143636,0,103591,244,CV,2023-03-01,SKU028,FY_BASE
1855950,3866562,0,96664,223,FS,2023-03-01,SKU028,FY_BASE
2613086,5174190,0,129355,252,MT,2023-03-01,SKU029,FY_BASE
2189828,4336093,0,108402,207,GT,2023-03-01,SKU029,FY_BASE
2745177,5435744,0,135894,287,EC,2023-03-01,SKU029,FY_BASE
1928520,3818675,0,95467,188,CV,2023-03-01,SKU029,FY_BASE
2651450,5250154,0,131254,253,FS,2023-03-01,SKU029,FY_BASE
2763579,5214300,0,130358,218,MT,2023-03-01,SKU030,FY_BASE
3106314,5860969,0,146524,240,GT,2023-03-01,SKU030,FY_BASE
2711852,5116702,0,127918,232,EC,2023-03-01,SKU030,FY_BASE
2944998,5556600,0,138915,235,CV,2023-03-01,SKU030,FY_BASE
3369816,6358144,0,158954,264,FS,2023-03-01,SKU030,FY_BASE
3231928,7516112,0,187903,276,MT,2023-03-01,SKU031,FY_BASE
3387435,7877756,0,196944,284,GT,2023-03-01,SKU031,FY_BASE
2599003,6044192,0,151105,240,EC,2023-03-01,SKU031,FY_BASE
3392646,7889875,0,197247,293,CV,2023-03-01,SKU031,FY_BASE
2719406,6324199,0,158105,230,FS,2023-03-01,SKU031,FY_BASE
3869011,8503320,0,212583,278,MT,2023-03-01,SKU032,FY_BASE
3800979,8353800,0,208845,268,GT,2023-03-01,SKU032,FY_BASE
3155260,6934637,0,173366,246,EC,2023-03-01,SKU032,FY_BASE
3467318,7620480,0,190512,252,CV,2023-03-01,SKU032,FY_BASE
3732489,8203272,0,205082,266,FS,2023-03-01,SKU032,FY_BASE
4271715,8899406,0,222485,262,MT,2023-03-01,SKU033,FY_BASE
4779848,9958016,0,248950,288,GT,2023-03-01,SKU033,FY_BASE
4513293,9402693,0,235067,300,EC,2023-03-01,SKU033,FY_BASE
4226985,8806219,0,220155,262,CV,2023-03-01,SKU033,FY_BASE
4989810,10395438,0,259886,303,FS,2023-03-01,SKU033,FY_BASE
2508144,4966621,0,124166,133,MT,2023-03-01,SKU034,FY_BASE
2681646,5310191,0,132755,140,GT,2023-03-01,SKU034,FY_BASE
2134026,4225794,0,105645,123,EC,2023-03-01,SKU034,FY_BASE
2540508,5030708,0,125768,136,CV,2023-03-01,SKU034,FY_BASE
2853702,5650895,0,141272,150,FS,2023-03-01,SKU034,FY_BASE
3026650,5710661,0,142767,141,MT,2023-03-01,SKU035,FY_BASE
3136156,5917275,0,147932,143,GT,2023-03-01,SKU035,FY_BASE
3358525,6336839,0,158421,169,EC,2023-03-01,SKU035,FY_BASE
2883206,5440011,0,136000,135,CV,2023-03-01,SKU035,FY_BASE
3537636,6674784,0,166870,163,FS,2023-03-01,SKU035,FY_BASE
2717312,6319330,0,157983,144,MT,2023-03-01,SKU036,FY_BASE
3199464,7440615,0,186015,166,GT,2023-03-01,SKU036,FY_BASE
2747739,6390090,0,159752,158,EC,2023-03-01,SKU036,FY_BASE
2904752,6755238,0,168881,155,CV,2023-03-01,SKU036,FY_BASE
3447239,8016834,0,200421,181,FS,2023-03-01,SKU036,FY_BASE
1327180,3086464,0,77162,180,MT,2023-04-01,SKU001,FY_BASE
1394593,3243240,0,81081,185,GT,2023-04-01,SKU001,FY_BASE
1068034,2483800,0,62095,156,EC,2023-04-01,SKU001,FY_BASE
1006082,2339726,0,58493,138,CV,2023-04-01,SKU001,FY_BASE
1239124,2881683,0,72042,166,FS,2023-04-01,SKU001,FY_BASE
1922544,4225588,0,105640,206,MT,2023-04-01,SKU002,FY_BASE
1351934,2971435,0,74286,142,GT,2023-04-01,SKU002,FY_BASE
1440399,3165873,0,79147,167,EC,2023-04-01,SKU002,FY_BASE
1290923,2837338,0,70933,140,CV,2023-04-01,SKU002,FY_BASE
1556123,3420225,0,85506,165,FS,2023-04-01,SKU002,FY_BASE
1756818,3660038,0,91501,153,MT,2023-04-01,SKU003,FY_BASE
2199015,4581281,0,114532,188,GT,2023-04-01,SKU003,FY_BASE
1589188,3310808,0,82770,150,EC,2023-04-01,SKU003,FY_BASE
1952748,4068225,0,101706,172,CV,2023-04-01,SKU003,FY_BASE
2054871,4280981,0,107025,177,FS,2023-04-01,SKU003,FY_BASE
2640978,5229842,0,130746,192,MT,2023-04-01,SKU004,FY_BASE
2327942,4609946,0,115249,166,GT,2023-04-01,SKU004,FY_BASE
2159206,4275804,0,106895,170,EC,2023-04-01,SKU004,FY_BASE
1885021,3732844,0,93321,139,CV,2023-04-01,SKU004,FY_BASE
1793671,3551947,0,88799,129,FS,2023-04-01,SKU004,FY_BASE
2091817,3946824,0,98671,129,MT,2023-04-01,SKU005,FY_BASE
3090578,5831280,0,145782,187,GT,2023-04-01,SKU005,FY_BASE
2104692,3971117,0,99278,141,EC,2023-04-01,SKU005,FY_BASE
3382541,6382152,0,159554,211,CV,2023-04-01,SKU005,FY_BASE
3436944,6484800,0,162120,210,FS,2023-04-01,SKU005,FY_BASE
2709335,6300779,0,157519,186,MT,2023-04-01,SKU006,FY_BASE
2406642,5596841,0,139921,162,GT,2023-04-01,SKU006,FY_BASE
2488097,5786273,0,144657,185,EC,2023-04-01,SKU006,FY_BASE
2468912,5741655,0,143541,171,CV,2023-04-01,SKU006,FY_BASE
2876911,6690490,0,167262,195,FS,2023-04-01,SKU006,FY_BASE
3914636,8603595,0,215090,231,MT,2023-04-01,SKU007,FY_BASE
3469791,7625914,0,190648,201,GT,2023-04-01,SKU007,FY_BASE
3188127,7006873,0,175172,204,EC,2023-04-01,SKU007,FY_BASE
3750393,8242621,0,206066,224,CV,2023-04-01,SKU007,FY_BASE
3326323,7310599,0,182765,194,FS,2023-04-01,SKU007,FY_BASE
4398061,9162628,0,229066,226,MT,2023-04-01,SKU008,FY_BASE
5262894,10964362,0,274109,265,GT,2023-04-01,SKU008,FY_BASE
3287285,6848510,0,171213,183,EC,2023-04-01,SKU008,FY_BASE
4777089,9952268,0,248807,248,CV,2023-04-01,SKU008,FY_BASE
3596632,7492984,0,187325,183,FS,2023-04-01,SKU008,FY_BASE
6429112,12730914,0,318273,290,MT,2023-04-01,SKU009,FY_BASE
5255758,10407442,0,260186,232,GT,2023-04-01,SKU009,FY_BASE
4281147,8477519,0,211938,209,EC,2023-04-01,SKU009,FY_BASE
5163193,10224144,0,255604,235,CV,2023-04-01,SKU009,FY_BASE
4401568,8715976,0,217899,196,FS,2023-04-01,SKU009,FY_BASE
1731489,3266960,0,81674,190,MT,2023-04-01,SKU010,FY_BASE
2275612,4293608,0,107340,245,GT,2023-04-01,SKU010,FY_BASE
1873019,3533998,0,88350,223,EC,2023-04-01,SKU010,FY_BASE
2650498,5000940,0,125024,294,CV,2023-04-01,SKU010,FY_BASE
2116943,3994232,0,99856,230,FS,2023-04-01,SKU010,FY_BASE
1956060,4548976,0,113724,222,MT,2023-04-01,SKU011,FY_BASE
1788803,4160008,0,104000,198,GT,2023-04-01,SKU011,FY_BASE
1849347,4300808,0,107520,227,EC,2023-04-01,SKU011,FY_BASE
2064004,4800009,0,120000,236,CV,2023-04-01,SKU011,FY_BASE
1826662,4248051,0,106201,205,FS,2023-04-01,SKU011,FY_BASE
2794539,6141844,0,153546,257,MT,2023-04-01,SKU012,FY_BASE
2713322,5963344,0,149084,245,GT,2023-04-01,SKU012,FY_BASE
2538787,5579752,0,139494,253,EC,2023-04-01,SKU012,FY_BASE
2370237,5209312,0,130233,220,CV,2023-04-01,SKU012,FY_BASE
2685492,5902181,0,147555,245,FS,2023-04-01,SKU012,FY_BASE
3456840,7201750,0,180044,265,MT,2023-04-01,SKU013,FY_BASE
2828990,5893729,0,147343,212,GT,2023-04-01,SKU013,FY_BASE
2673169,5569102,0,139228,222,EC,2023-04-01,SKU013,FY_BASE
2714796,5655825,0,141396,210,CV,2023-04-01,SKU013,FY_BASE
3742540,7796959,0,194924,284,FS,2023-04-01,SKU013,FY_BASE
3759430,7444416,0,186110,244,MT,2023-04-01,SKU014,FY_BASE
3590005,7108920,0,177723,228,GT,2023-04-01,SKU014,FY_BASE
3816273,7556976,0,188924,268,EC,2023-04-01,SKU014,FY_BASE
3575751,7080696,0,177017,234,CV,2023-04-01,SKU014,FY_BASE
3716925,7360248,0,184006,238,FS,2023-04-01,SKU014,FY_BASE
4943086,9326578,0,233164,275,MT,2023-04-01,SKU015,FY_BASE
4969559,9376526,0,234413,271,GT,2023-04-01,SKU015,FY_BASE
4251595,8021878,0,200547,256,EC,2023-04-01,SKU015,FY_BASE
5731440,10814037,0,270351,322,CV,2023-04-01,SKU015,FY_BASE
5261747,9927824,0,248196,290,FS,2023-04-01,SKU015,FY_BASE
4590800,10676279,0,266907,287,MT,2023-04-01,SKU016,FY_BASE
4892962,11378981,0,284475,299,GT,2023-04-01,SKU016,FY_BASE
4255411,9896305,0,247408,288,EC,2023-04-01,SKU016,FY_BASE
4975370,11570627,0,289266,314,CV,2023-04-01,SKU016,FY_BASE
3449417,8021900,0,200548,213,FS,2023-04-01,SKU016,FY_BASE
3063806,6733466,0,168337,166,MT,2023-04-01,SKU017,FY_BASE
2474660,5438672,0,135967,131,GT,2023-04-01,SKU017,FY_BASE
2220706,4880547,0,122014,130,EC,2023-04-01,SKU017,FY_BASE
2820655,6199081,0,154977,154,CV,2023-04-01,SKU017,FY_BASE
3193859,7019289,0,175482,171,FS,2023-04-01,SKU017,FY_BASE
3121841,6503836,0,162596,148,MT,2023-04-01,SKU018,FY_BASE
3774935,7864448,0,196611,175,GT,2023-04-01,SKU018,FY_BASE
2842312,5921483,0,148037,146,EC,2023-04-01,SKU018,FY_BASE
3242514,6755238,0,168881,155,CV,2023-04-01,SKU018,FY_BASE
3042668,6338892,0,158472,143,FS,2023-04-01,SKU018,FY_BASE
1376364,2725474,0,68137,159,MT,2023-04-01,SKU019,FY_BASE
1386577,2745698,0,68642,156,GT,2023-04-01,SKU019,FY_BASE
1346920,2667168,0,66679,168,EC,2023-04-01,SKU019,FY_BASE
1226659,2429028,0,60726,143,CV,2023-04-01,SKU019,FY_BASE
1280252,2535152,0,63379,146,FS,2023-04-01,SKU019,FY_BASE
2056740,3880642,0,97016,189,MT,2023-04-01,SKU020,FY_BASE
2263132,4270061,0,106752,204,GT,2023-04-01,SKU020,FY_BASE
2047264,3862763,0,96569,204,EC,2023-04-01,SKU020,FY_BASE
1910830,3605340,0,90134,177,CV,2023-04-01,SKU020,FY_BASE
1616437,3049882,0,76247,147,FS,2023-04-01,SKU020,FY_BASE
2317606,5389781,0,134745,226,MT,2023-04-01,SKU021,FY_BASE
2245084,5221125,0,130528,214,GT,2023-04-01,SKU021,FY_BASE
1772092,4121145,0,103029,187,EC,2023-04-01,SKU021,FY_BASE
1877337,4365900,0,109148,185,CV,2023-04-01,SKU021,FY_BASE
1786360,4154325,0,103858,172,FS,2023-04-01,SKU021,FY_BASE
2470696,5429891,0,135747,200,MT,2023-04-01,SKU022,FY_BASE
2323298,5105953,0,127649,184,GT,2023-04-01,SKU022,FY_BASE
1945566,4275804,0,106895,170,EC,2023-04-01,SKU022,FY_BASE
2779380,6108291,0,152707,227,CV,2023-04-01,SKU022,FY_BASE
2575406,5660014,0,141500,206,FS,2023-04-01,SKU022,FY_BASE
2803208,5840016,0,146000,191,MT,2023-04-01,SKU023,FY_BASE
2940538,6126120,0,153153,196,GT,2023-04-01,SKU023,FY_BASE
2119510,4415645,0,110391,156,EC,2023-04-01,SKU023,FY_BASE
3002469,6255144,0,156379,207,CV,2023-04-01,SKU023,FY_BASE
2894815,6030864,0,150772,195,FS,2023-04-01,SKU023,FY_BASE
3541528,7012732,0,175318,207,MT,2023-04-01,SKU024,FY_BASE
3175205,6287360,0,157184,182,GT,2023-04-01,SKU024,FY_BASE
3353830,6641063,0,166027,212,EC,2023-04-01,SKU024,FY_BASE
2952984,5847329,0,146183,174,CV,2023-04-01,SKU024,FY_BASE
3524116,6978253,0,174456,204,FS,2023-04-01,SKU024,FY_BASE
3875920,7313056,0,182826,196,MT,2023-04-01,SKU025,FY_BASE
4380309,8264734,0,206618,217,GT,2023-04-01,SKU025,FY_BASE
4613339,8704414,0,217610,253,EC,2023-04-01,SKU025,FY_BASE
3794315,7159084,0,178977,194,CV,2023-04-01,SKU025,FY_BASE
4586709,8654168,0,216354,230,FS,2023-04-01,SKU025,FY_BASE
3555100,8267674,0,206692,204,MT,2023-04-01,SKU026,FY_BASE
3947606,9180478,0,229512,222,GT,2023-04-01,SKU026,FY_BASE
3638763,8462239,0,211556,226,EC,2023-04-01,SKU026,FY_BASE
2720005,6325594,0,158140,158,CV,2023-04-01,SKU026,FY_BASE
3444189,8009741,0,200244,195,FS,2023-04-01,SKU026,FY_BASE
4302449,9455932,0,236398,215,MT,2023-04-01,SKU027,FY_BASE
4328272,9512685,0,237817,212,GT,2023-04-01,SKU027,FY_BASE
4341853,9542534,0,238563,235,EC,2023-04-01,SKU027,FY_BASE
4859663,10680579,0,267014,246,CV,2023-04-01,SKU027,FY_BASE
4411123,9694776,0,242369,218,FS,2023-04-01,SKU027,FY_BASE
1637451,3411356,0,85284,198,MT,2023-04-01,SKU028,FY_BASE
2087467,4348890,0,108722,248,GT,2023-04-01,SKU028,FY_BASE
1912359,3984082,0,99602,251,EC,2023-04-01,SKU028,FY_BASE
1654596,3447076,0,86177,203,CV,2023-04-01,SKU028,FY_BASE
1943495,4048947,0,101224,233,FS,2023-04-01,SKU028,FY_BASE
3048601,6036555,0,150914,294,MT,2023-04-01,SKU029,FY_BASE
2456609,4864348,0,121609,232,GT,2023-04-01,SKU029,FY_BASE
2322842,4599476,0,114987,243,EC,2023-04-01,SKU029,FY_BASE
3275251,6485346,0,162134,319,CV,2023-04-01,SKU029,FY_BASE
2332396,4618394,0,115460,223,FS,2023-04-01,SKU029,FY_BASE
3042594,5740744,0,143519,240,MT,2023-04-01,SKU030,FY_BASE
3336913,6296062,0,157402,258,GT,2023-04-01,SKU030,FY_BASE
2944998,5556600,0,138915,252,EC,2023-04-01,SKU030,FY_BASE
3234239,6102338,0,152558,258,CV,2023-04-01,SKU030,FY_BASE
3329540,6282150,0,157054,260,FS,2023-04-01,SKU030,FY_BASE
3121330,7258907,0,181473,267,MT,2023-04-01,SKU031,FY_BASE
2935777,6827389,0,170685,246,GT,2023-04-01,SKU031,FY_BASE
3075675,7152733,0,178818,285,EC,2023-04-01,SKU031,FY_BASE
2784646,6475920,0,161898,240,CV,2023-04-01,SKU031,FY_BASE
2495893,5804403,0,145110,211,FS,2023-04-01,SKU031,FY_BASE
4263212,9369696,0,234242,307,MT,2023-04-01,SKU032,FY_BASE
3458146,7600320,0,190008,244,GT,2023-04-01,SKU032,FY_BASE
3694620,8120045,0,203001,288,EC,2023-04-01,SKU032,FY_BASE
3582896,7874496,0,196862,260,CV,2023-04-01,SKU032,FY_BASE
3304654,7262976,0,181574,235,FS,2023-04-01,SKU032,FY_BASE
4579279,9540164,0,238504,281,MT,2023-04-01,SKU033,FY_BASE
4675180,9739958,0,243499,281,GT,2023-04-01,SKU033,FY_BASE
4134555,8613656,0,215341,275,EC,2023-04-01,SKU033,FY_BASE
5850147,12187807,0,304695,363,CV,2023-04-01,SKU033,FY_BASE
4523634,9424238,0,235606,275,FS,2023-04-01,SKU033,FY_BASE
2745134,5435908,0,135898,146,MT,2023-04-01,SKU034,FY_BASE
2459856,4871002,0,121775,128,GT,2023-04-01,SKU034,FY_BASE
2590015,5128742,0,128219,149,EC,2023-04-01,SKU034,FY_BASE
2384169,4721126,0,118028,128,CV,2023-04-01,SKU034,FY_BASE
2933526,5808962,0,145224,154,FS,2023-04-01,SKU034,FY_BASE
2574912,4858324,0,121458,120,MT,2023-04-01,SKU035,FY_BASE
4266095,8049235,0,201231,194,GT,2023-04-01,SKU035,FY_BASE
2795294,5274140,0,131854,141,EC,2023-04-01,SKU035,FY_BASE
3263163,6156911,0,153923,153,CV,2023-04-01,SKU035,FY_BASE
3560459,6717848,0,167946,164,FS,2023-04-01,SKU035,FY_BASE
3054497,7103481,0,177587,162,MT,2023-04-01,SKU036,FY_BASE
3746208,8712112,0,217803,194,GT,2023-04-01,SKU036,FY_BASE
2601193,6049285,0,151232,149,EC,2023-04-01,SKU036,FY_BASE
3022513,7029099,0,175727,162,CV,2023-04-01,SKU036,FY_BASE
3607575,8389710,0,209743,189,FS,2023-04-01,SKU036,FY_BASE
915832,2129841,0,53246,124,MT,2023-05-01,SKU001,FY_BASE
1014250,2358720,0,58968,134,GT,2023-05-01,SKU001,FY_BASE
1125378,2617159,0,65429,165,EC,2023-05-01,SKU001,FY_BASE
898562,2089678,0,52242,123,CV,2023-05-01,SKU001,FY_BASE
980319,2279812,0,56995,131,FS,2023-05-01,SKU001,FY_BASE
1255539,2759568,0,68989,134,MT,2023-05-01,SKU002,FY_BASE
1071533,2355137,0,58878,112,GT,2023-05-01,SKU002,FY_BASE
1123330,2468983,0,61725,130,EC,2023-05-01,SKU002,FY_BASE
1213273,2666671,0,66667,131,CV,2023-05-01,SKU002,FY_BASE
1486742,3267731,0,81693,158,FS,2023-05-01,SKU002,FY_BASE
1263465,2632219,0,65805,110,MT,2023-05-01,SKU003,FY_BASE
2199015,4581281,0,114532,188,GT,2023-05-01,SKU003,FY_BASE
1578074,3287655,0,82191,149,EC,2023-05-01,SKU003,FY_BASE
1357398,2827912,0,70698,120,CV,2023-05-01,SKU003,FY_BASE
1945440,4053000,0,101325,168,FS,2023-05-01,SKU003,FY_BASE
2424505,4801167,0,120029,176,MT,2023-05-01,SKU004,FY_BASE
2269007,4493239,0,112331,162,GT,2023-05-01,SKU004,FY_BASE
2079235,4117441,0,102936,164,EC,2023-05-01,SKU004,FY_BASE
2170630,4298427,0,107461,160,CV,2023-05-01,SKU004,FY_BASE
2245735,4447154,0,111179,162,FS,2023-05-01,SKU004,FY_BASE
2704056,5101992,0,127550,167,MT,2023-05-01,SKU005,FY_BASE
2552332,4815720,0,120393,154,GT,2023-05-01,SKU005,FY_BASE
1884799,3556224,0,88906,126,EC,2023-05-01,SKU005,FY_BASE
2658912,5016816,0,125420,166,CV,2023-05-01,SKU005,FY_BASE
2698001,5090568,0,127264,165,FS,2023-05-01,SKU005,FY_BASE
2785870,6478768,0,161969,191,MT,2023-05-01,SKU006,FY_BASE
2453524,5705870,0,142647,165,GT,2023-05-01,SKU006,FY_BASE
2516371,5852026,0,146301,187,EC,2023-05-01,SKU006,FY_BASE
2499205,5812104,0,145303,173,CV,2023-05-01,SKU006,FY_BASE
2753173,6402727,0,160068,187,FS,2023-05-01,SKU006,FY_BASE
2740245,6022516,0,150563,162,MT,2023-05-01,SKU007,FY_BASE
3088295,6787462,0,169687,178,GT,2023-05-01,SKU007,FY_BASE
2481480,5453803,0,136345,159,EC,2023-05-01,SKU007,FY_BASE
4032112,8861785,0,221545,240,CV,2023-05-01,SKU007,FY_BASE
2840859,6243646,0,156091,166,FS,2023-05-01,SKU007,FY_BASE
3763922,7841505,0,196038,193,MT,2023-05-01,SKU008,FY_BASE
4385745,9136969,0,228424,220,GT,2023-05-01,SKU008,FY_BASE
3816273,7950568,0,198764,212,EC,2023-05-01,SKU008,FY_BASE
3562574,7422030,0,185551,185,CV,2023-05-01,SKU008,FY_BASE
3761995,7837489,0,195937,191,FS,2023-05-01,SKU008,FY_BASE
4705364,9317553,0,232939,212,MT,2023-05-01,SKU009,FY_BASE
4922815,9748148,0,243704,217,GT,2023-05-01,SKU009,FY_BASE
4603847,9116528,0,227913,225,EC,2023-05-01,SKU009,FY_BASE
4148994,8215830,0,205396,189,CV,2023-05-01,SKU009,FY_BASE
5248929,10393918,0,259848,234,FS,2023-05-01,SKU009,FY_BASE
1980210,3736246,0,93406,217,MT,2023-05-01,SKU010,FY_BASE
1767750,3335378,0,83384,190,GT,2023-05-01,SKU010,FY_BASE
2164574,4084101,0,102103,257,EC,2023-05-01,SKU010,FY_BASE
1533503,2893401,0,72335,170,CV,2023-05-01,SKU010,FY_BASE
1884949,3556508,0,88913,205,FS,2023-05-01,SKU010,FY_BASE
2076575,4829244,0,120731,235,MT,2023-05-01,SKU011,FY_BASE
2053811,4776305,0,119408,228,GT,2023-05-01,SKU011,FY_BASE
1857910,4320720,0,108018,228,EC,2023-05-01,SKU011,FY_BASE
1797977,4181342,0,104534,206,CV,2023-05-01,SKU011,FY_BASE
2473019,5751207,0,143780,277,FS,2023-05-01,SKU011,FY_BASE
2600632,5715675,0,142892,239,MT,2023-05-01,SKU012,FY_BASE
2061193,4530094,0,113252,186,GT,2023-05-01,SKU012,FY_BASE
2486115,5463990,0,136600,248,EC,2023-05-01,SKU012,FY_BASE
2347664,5159700,0,128992,218,CV,2023-05-01,SKU012,FY_BASE
2097681,4610288,0,115257,191,FS,2023-05-01,SKU012,FY_BASE
3031594,6315821,0,157896,232,MT,2023-05-01,SKU013,FY_BASE
3417196,7119158,0,177979,256,GT,2023-05-01,SKU013,FY_BASE
3141924,6545675,0,163642,260,EC,2023-05-01,SKU013,FY_BASE
3203460,6673874,0,166847,248,CV,2023-05-01,SKU013,FY_BASE
3160367,6584098,0,164602,239,FS,2023-05-01,SKU013,FY_BASE
3419137,6770568,0,169264,222,MT,2023-05-01,SKU014,FY_BASE
3540373,7010640,0,175266,225,GT,2023-05-01,SKU014,FY_BASE
3891102,7705152,0,192629,273,EC,2023-05-01,SKU014,FY_BASE
3415404,6763176,0,169079,224,CV,2023-05-01,SKU014,FY_BASE
4208149,8332968,0,208324,270,FS,2023-05-01,SKU014,FY_BASE
5018553,9468968,0,236724,279,MT,2023-05-01,SKU015,FY_BASE
3659753,6905194,0,172630,200,GT,2023-05-01,SKU015,FY_BASE
3275819,6180791,0,154520,197,EC,2023-05-01,SKU015,FY_BASE
4125889,7784697,0,194617,232,CV,2023-05-01,SKU015,FY_BASE
4384789,8273186,0,206830,242,FS,2023-05-01,SKU015,FY_BASE
4170397,9698598,0,242465,260,MT,2023-05-01,SKU016,FY_BASE
4412250,10261046,0,256526,270,GT,2023-05-01,SKU016,FY_BASE
3944797,9173947,0,229349,267,EC,2023-05-01,SKU016,FY_BASE
3727367,8668296,0,216707,235,CV,2023-05-01,SKU016,FY_BASE
4672856,10867106,0,271678,289,FS,2023-05-01,SKU016,FY_BASE
2210595,4858324,0,121458,120,MT,2023-05-01,SKU017,FY_BASE
2395471,5264635,0,131616,127,GT,2023-05-01,SKU017,FY_BASE
1862528,4093362,0,102334,109,EC,2023-05-01,SKU017,FY_BASE
2110694,4638769,0,115969,116,CV,2023-05-01,SKU017,FY_BASE
3095888,6803974,0,170099,166,FS,2023-05-01,SKU017,FY_BASE
2988997,6227078,0,155677,142,MT,2023-05-01,SKU018,FY_BASE
2780341,5792378,0,144809,129,GT,2023-05-01,SKU018,FY_BASE
2412898,5026871,0,125672,124,EC,2023-05-01,SKU018,FY_BASE
2913881,6070586,0,151765,140,CV,2023-05-01,SKU018,FY_BASE
2863688,5966016,0,149150,134,FS,2023-05-01,SKU018,FY_BASE
1303444,2581078,0,64527,150,MT,2023-05-01,SKU019,FY_BASE
986424,1953315,0,48833,111,GT,2023-05-01,SKU019,FY_BASE
1212228,2400451,0,60011,151,EC,2023-05-01,SKU019,FY_BASE
956073,1893213,0,47330,111,CV,2023-05-01,SKU019,FY_BASE
1188147,2352766,0,58819,135,FS,2023-05-01,SKU019,FY_BASE
1748229,3298546,0,82464,161,MT,2023-05-01,SKU020,FY_BASE
1761511,3323605,0,83090,159,GT,2023-05-01,SKU020,FY_BASE
1540725,2907028,0,72676,153,EC,2023-05-01,SKU020,FY_BASE
1379416,2602672,0,65067,128,CV,2023-05-01,SKU020,FY_BASE
1627984,3071667,0,76792,148,FS,2023-05-01,SKU020,FY_BASE
1573816,3660038,0,91501,153,MT,2023-05-01,SKU021,FY_BASE
1826882,4248562,0,106214,174,GT,2023-05-01,SKU021,FY_BASE
1712359,3982230,0,99556,181,EC,2023-05-01,SKU021,FY_BASE
1824004,4241869,0,106047,180,CV,2023-05-01,SKU021,FY_BASE
1339770,3115744,0,77894,129,FS,2023-05-01,SKU021,FY_BASE
2483699,5458469,0,136462,201,MT,2023-05-01,SKU022,FY_BASE
2124158,4668300,0,116708,168,GT,2023-05-01,SKU022,FY_BASE
2341885,5146801,0,128670,205,EC,2023-05-01,SKU022,FY_BASE
1827185,4015636,0,100391,149,CV,2023-05-01,SKU022,FY_BASE
2312609,5082462,0,127062,185,FS,2023-05-01,SKU022,FY_BASE
3049644,6353424,0,158836,208,MT,2023-05-01,SKU023,FY_BASE
2799014,5831280,0,145782,187,GT,2023-05-01,SKU023,FY_BASE
2318658,4830538,0,120763,171,EC,2023-05-01,SKU023,FY_BASE
2255662,4699296,0,117482,155,CV,2023-05-01,SKU023,FY_BASE
2972632,6192984,0,154825,201,FS,2023-05-01,SKU023,FY_BASE
3757256,7439903,0,185998,219,MT,2023-05-01,SKU024,FY_BASE
3248621,6432733,0,160818,186,GT,2023-05-01,SKU024,FY_BASE
2473865,4898606,0,122465,156,EC,2023-05-01,SKU024,FY_BASE
3540023,7009751,0,175244,209,CV,2023-05-01,SKU024,FY_BASE
4069082,8057364,0,201434,235,FS,2023-05-01,SKU024,FY_BASE
2881031,5435908,0,135898,146,MT,2023-05-01,SKU025,FY_BASE
4740044,8943480,0,223587,235,GT,2023-05-01,SKU025,FY_BASE
2584235,4875916,0,121898,142,EC,2023-05-01,SKU025,FY_BASE
4081452,7700852,0,192521,209,CV,2023-05-01,SKU025,FY_BASE
3916505,7389632,0,184741,196,FS,2023-05-01,SKU025,FY_BASE
4013231,9333095,0,233327,230,MT,2023-05-01,SKU026,FY_BASE
3648261,8484328,0,212108,205,GT,2023-05-01,SKU026,FY_BASE
3266424,7596335,0,189908,203,EC,2023-05-01,SKU026,FY_BASE
3463473,8054589,0,201365,201,CV,2023-05-01,SKU026,FY_BASE
3796015,8827941,0,220699,215,FS,2023-05-01,SKU026,FY_BASE
4239487,9317553,0,232939,212,MT,2023-05-01,SKU027,FY_BASE
5142501,11302200,0,282555,252,GT,2023-05-01,SKU027,FY_BASE
2907491,6390090,0,159752,158,EC,2023-05-01,SKU027,FY_BASE
4091255,8991770,0,224794,207,CV,2023-05-01,SKU027,FY_BASE
4898891,10766794,0,269170,243,FS,2023-05-01,SKU027,FY_BASE
1949346,4061138,0,101528,236,MT,2023-05-01,SKU028,FY_BASE
1689433,3519652,0,87991,201,GT,2023-05-01,SKU028,FY_BASE
1912359,3984082,0,99602,251,EC,2023-05-01,SKU028,FY_BASE
1680316,3500658,0,87516,206,CV,2023-05-01,SKU028,FY_BASE
1610824,3355884,0,83897,193,FS,2023-05-01,SKU028,FY_BASE
2330002,4613653,0,115341,225,MT,2023-05-01,SKU029,FY_BASE
2834549,5612710,0,140318,268,GT,2023-05-01,SKU029,FY_BASE
2634565,5216721,0,130418,275,EC,2023-05-01,SKU029,FY_BASE
2273283,4501343,0,112534,222,CV,2023-05-01,SKU029,FY_BASE
2409409,4770888,0,119272,230,FS,2023-05-01,SKU029,FY_BASE
3042594,5740744,0,143519,240,MT,2023-05-01,SKU030,FY_BASE
2482338,4683656,0,117091,192,GT,2023-05-01,SKU030,FY_BASE
2908185,5487142,0,137179,249,EC,2023-05-01,SKU030,FY_BASE
2695199,5085281,0,127132,215,CV,2023-05-01,SKU030,FY_BASE
2859645,5395556,0,134889,224,FS,2023-05-01,SKU030,FY_BASE
3207351,7458956,0,186474,274,MT,2023-05-01,SKU031,FY_BASE
3186698,7410926,0,185273,267,GT,2023-05-01,SKU031,FY_BASE
2145028,4988438,0,124711,198,EC,2023-05-01,SKU031,FY_BASE
3307526,7691922,0,192298,286,CV,2023-05-01,SKU031,FY_BASE
2297215,5342361,0,133559,194,FS,2023-05-01,SKU031,FY_BASE
3124409,6866832,0,171671,225,MT,2023-05-01,SKU032,FY_BASE
3756262,8255520,0,206388,265,GT,2023-05-01,SKU032,FY_BASE
3802492,8357126,0,208928,296,EC,2023-05-01,SKU032,FY_BASE
2181521,4794552,0,119864,159,CV,2023-05-01,SKU032,FY_BASE
3835759,8430240,0,210756,273,FS,2023-05-01,SKU032,FY_BASE
5023537,10465702,0,261643,309,MT,2023-05-01,SKU033,FY_BASE
4082060,8504291,0,212607,246,GT,2023-05-01,SKU033,FY_BASE
3613790,7528730,0,188218,240,EC,2023-05-01,SKU033,FY_BASE
4277709,8911893,0,222797,266,CV,2023-05-01,SKU033,FY_BASE
3694877,7697660,0,192442,225,FS,2023-05-01,SKU033,FY_BASE
2685886,5318586,0,132965,143,MT,2023-05-01,SKU034,FY_BASE
2197740,4351961,0,108799,114,GT,2023-05-01,SKU034,FY_BASE
1951631,3864615,0,96615,112,EC,2023-05-01,SKU034,FY_BASE
2560050,5069405,0,126735,138,CV,2023-05-01,SKU034,FY_BASE
2434627,4821044,0,120526,128,FS,2023-05-01,SKU034,FY_BASE
2687846,5071408,0,126785,125,MT,2023-05-01,SKU035,FY_BASE
2859436,5395162,0,134879,130,GT,2023-05-01,SKU035,FY_BASE
3108200,5864528,0,146613,156,EC,2023-05-01,SKU035,FY_BASE
2771454,5229158,0,130729,130,CV,2023-05-01,SKU035,FY_BASE
3195284,6028838,0,150721,147,FS,2023-05-01,SKU035,FY_BASE
2657809,6180951,0,154524,141,MT,2023-05-01,SKU036,FY_BASE
3158965,7346430,0,183661,164,GT,2023-05-01,SKU036,FY_BASE
2509601,5836282,0,145907,144,EC,2023-05-01,SKU036,FY_BASE
2767366,6435734,0,160893,148,CV,2023-05-01,SKU036,FY_BASE
2725724,6338892,0,158472,143,FS,2023-05-01,SKU036,FY_BASE
915832,2129841,0,53246,124,MT,2023-06-01,SKU001,FY_BASE
1093488,2542995,0,63575,145,GT,2023-06-01,SKU001,FY_BASE
1046530,2433791,0,60845,153,EC,2023-06-01,SKU001,FY_BASE
898562,2089678,0,52242,123,CV,2023-06-01,SKU001,FY_BASE
1129328,2626344,0,65659,151,FS,2023-06-01,SKU001,FY_BASE
1432099,3147632,0,78691,153,MT,2023-06-01,SKU002,FY_BASE
1522177,3345615,0,83640,160,GT,2023-06-01,SKU002,FY_BASE
1386044,3046406,0,76160,161,EC,2023-06-01,SKU002,FY_BASE
1543284,3392007,0,84800,167,CV,2023-06-01,SKU002,FY_BASE
1506565,3311301,0,82783,160,FS,2023-06-01,SKU002,FY_BASE
1516158,3158662,0,78967,132,MT,2023-06-01,SKU003,FY_BASE
2125305,4427719,0,110693,182,GT,2023-06-01,SKU003,FY_BASE
1978150,4121145,0,103029,187,EC,2023-06-01,SKU003,FY_BASE
2214702,4613962,0,115349,195,CV,2023-06-01,SKU003,FY_BASE
1471239,3065081,0,76627,127,FS,2023-06-01,SKU003,FY_BASE
2208032,4372492,0,109312,161,MT,2023-06-01,SKU004,FY_BASE
2475280,4901715,0,122543,176,GT,2023-06-01,SKU004,FY_BASE
2359132,4671711,0,116793,186,EC,2023-06-01,SKU004,FY_BASE
2527642,5005406,0,125135,186,CV,2023-06-01,SKU004,FY_BASE
2158238,4273888,0,106847,155,FS,2023-06-01,SKU004,FY_BASE
2840109,5358696,0,133967,175,MT,2023-06-01,SKU005,FY_BASE
2934313,5536440,0,138411,177,GT,2023-06-01,SKU005,FY_BASE
2465945,4652726,0,116318,165,EC,2023-06-01,SKU005,FY_BASE
3096455,5842368,0,146059,193,CV,2023-06-01,SKU005,FY_BASE
3161988,5966016,0,149150,193,FS,2023-06-01,SKU005,FY_BASE
2739949,6371975,0,159299,188,MT,2023-06-01,SKU006,FY_BASE
2797331,6505420,0,162636,188,GT,2023-06-01,SKU006,FY_BASE
2162948,5030112,0,125753,161,EC,2023-06-01,SKU006,FY_BASE
2423471,5635980,0,140900,168,CV,2023-06-01,SKU006,FY_BASE
2644902,6150935,0,153773,180,FS,2023-06-01,SKU006,FY_BASE
3256265,7156627,0,178916,192,MT,2023-06-01,SKU007,FY_BASE
3397125,7466209,0,186655,196,GT,2023-06-01,SKU007,FY_BASE
2103506,4623091,0,115577,134,EC,2023-06-01,SKU007,FY_BASE
3081308,6772106,0,169303,184,CV,2023-06-01,SKU007,FY_BASE
3254402,7152532,0,178813,190,FS,2023-06-01,SKU007,FY_BASE
4786728,9972349,0,249309,246,MT,2023-06-01,SKU008,FY_BASE
4072477,8484328,0,212108,205,GT,2023-06-01,SKU008,FY_BASE
2890543,6021965,0,150549,161,EC,2023-06-01,SKU008,FY_BASE
3724510,7759395,0,193985,193,CV,2023-06-01,SKU008,FY_BASE
3803335,7923615,0,198090,193,FS,2023-06-01,SKU008,FY_BASE
4635483,9179174,0,229479,209,MT,2023-06-01,SKU009,FY_BASE
4328272,8570835,0,214271,191,GT,2023-06-01,SKU009,FY_BASE
4259634,8434919,0,210873,208,EC,2023-06-01,SKU009,FY_BASE
4725244,9356918,0,233923,215,CV,2023-06-01,SKU009,FY_BASE
5790298,11465937,0,286648,258,FS,2023-06-01,SKU009,FY_BASE
1894115,3573801,0,89345,208,MT,2023-06-01,SKU010,FY_BASE
2314679,4367318,0,109183,249,GT,2023-06-01,SKU010,FY_BASE
1731659,3267281,0,81682,206,EC,2023-06-01,SKU010,FY_BASE
1429376,2696936,0,67423,159,CV,2023-06-01,SKU010,FY_BASE
1681954,3173499,0,79337,183,FS,2023-06-01,SKU010,FY_BASE
2122927,4937039,0,123426,240,MT,2023-06-01,SKU011,FY_BASE
1949701,4534189,0,113355,216,GT,2023-06-01,SKU011,FY_BASE
1849347,4300808,0,107520,227,EC,2023-06-01,SKU011,FY_BASE
1623683,3776007,0,94400,186,CV,2023-06-01,SKU011,FY_BASE
1948439,4531254,0,113281,218,FS,2023-06-01,SKU011,FY_BASE
2281256,5013750,0,125344,210,MT,2023-06-01,SKU012,FY_BASE
3633289,7985250,0,199631,328,GT,2023-06-01,SKU012,FY_BASE
1843518,4051688,0,101292,184,EC,2023-06-01,SKU012,FY_BASE
2516966,5531794,0,138295,234,CV,2023-06-01,SKU012,FY_BASE
2385824,5243569,0,131089,217,FS,2023-06-01,SKU012,FY_BASE
3772345,7859053,0,196476,289,MT,2023-06-01,SKU013,FY_BASE
2983044,6214675,0,155367,224,GT,2023-06-01,SKU013,FY_BASE
3534664,7363884,0,184097,293,EC,2023-06-01,SKU013,FY_BASE
2986276,6221408,0,155535,231,CV,2023-06-01,SKU013,FY_BASE
3257396,6786241,0,169656,247,FS,2023-06-01,SKU013,FY_BASE
4164541,8246616,0,206165,270,MT,2023-06-01,SKU014,FY_BASE
4499914,8910720,0,222768,286,GT,2023-06-01,SKU014,FY_BASE
3786342,7497706,0,187443,266,EC,2023-06-01,SKU014,FY_BASE
3800238,7525224,0,188131,249,CV,2023-06-01,SKU014,FY_BASE
3471313,6873888,0,171847,223,FS,2023-06-01,SKU014,FY_BASE
3924282,7404306,0,185108,218,MT,2023-06-01,SKU015,FY_BASE
4372442,8249890,0,206247,238,GT,2023-06-01,SKU015,FY_BASE
3397791,6410927,0,160273,205,EC,2023-06-01,SKU015,FY_BASE
4704634,8876668,0,221917,265,CV,2023-06-01,SKU015,FY_BASE
5128296,9676030,0,241901,282,FS,2023-06-01,SKU015,FY_BASE
4977571,11575746,0,289394,311,MT,2023-06-01,SKU016,FY_BASE
3983043,9262890,0,231572,244,GT,2023-06-01,SKU016,FY_BASE
3447815,8018174,0,200454,233,EC,2023-06-01,SKU016,FY_BASE
3677447,8552203,0,213805,232,CV,2023-06-01,SKU016,FY_BASE
3993167,9286436,0,232161,247,FS,2023-06-01,SKU016,FY_BASE
1958509,4304305,0,107608,106,MT,2023-06-01,SKU017,FY_BASE
2514254,5525690,0,138142,133,GT,2023-06-01,SKU017,FY_BASE
2328160,5116702,0,127918,136,EC,2023-06-01,SKU017,FY_BASE
1688555,3711015,0,92775,92,CV,2023-06-01,SKU017,FY_BASE
2116177,4650818,0,116270,113,FS,2023-06-01,SKU017,FY_BASE
2900435,6042572,0,151064,138,MT,2023-06-01,SKU018,FY_BASE
2848154,5933655,0,148341,132,GT,2023-06-01,SKU018,FY_BASE
2617381,5452877,0,136322,134,EC,2023-06-01,SKU018,FY_BASE
3220605,6709594,0,167740,154,CV,2023-06-01,SKU018,FY_BASE
3109786,6478720,0,161968,146,FS,2023-06-01,SKU018,FY_BASE
1421940,2815722,0,70393,164,MT,2023-06-01,SKU019,FY_BASE
1209765,2395575,0,59889,136,GT,2023-06-01,SKU019,FY_BASE
984935,1950367,0,48759,123,EC,2023-06-01,SKU019,FY_BASE
1118425,2214702,0,55368,130,CV,2023-06-01,SKU019,FY_BASE
1234199,2443959,0,61099,141,FS,2023-06-01,SKU019,FY_BASE
1782509,3363224,0,84081,164,MT,2023-06-01,SKU020,FY_BASE
2018154,3807838,0,95196,182,GT,2023-06-01,SKU020,FY_BASE
1867865,3524274,0,88107,186,EC,2023-06-01,SKU020,FY_BASE
1458563,2752005,0,68800,135,CV,2023-06-01,SKU020,FY_BASE
1766535,3333085,0,83327,161,FS,2023-06-01,SKU020,FY_BASE
1724730,4011000,0,100275,168,MT,2023-06-01,SKU021,FY_BASE
2024978,4709250,0,117731,193,GT,2023-06-01,SKU021,FY_BASE
1752181,4074840,0,101871,185,EC,2023-06-01,SKU021,FY_BASE
1952004,4539544,0,113489,192,CV,2023-06-01,SKU021,FY_BASE
1797252,4179656,0,104491,173,FS,2023-06-01,SKU021,FY_BASE
1846520,4058129,0,101453,149,MT,2023-06-01,SKU022,FY_BASE
1725879,3792994,0,94825,136,GT,2023-06-01,SKU022,FY_BASE
1873508,4117441,0,102936,164,EC,2023-06-01,SKU022,FY_BASE
1904389,4185310,0,104633,155,CV,2023-06-01,SKU022,FY_BASE
1878995,4129500,0,103238,150,FS,2023-06-01,SKU022,FY_BASE
2834012,5904192,0,147605,193,MT,2023-06-01,SKU023,FY_BASE
2893363,6027840,0,150696,193,GT,2023-06-01,SKU023,FY_BASE
2432457,5067619,0,126690,180,EC,2023-06-01,SKU023,FY_BASE
2956746,6159888,0,153997,204,CV,2023-06-01,SKU023,FY_BASE
2178893,4539360,0,113484,147,FS,2023-06-01,SKU023,FY_BASE
3146028,6229585,0,155740,184,MT,2023-06-01,SKU024,FY_BASE
3854296,7632056,0,190801,220,GT,2023-06-01,SKU024,FY_BASE
2971958,5884902,0,147123,188,EC,2023-06-01,SKU024,FY_BASE
3041929,6023454,0,150586,180,CV,2023-06-01,SKU024,FY_BASE
3269799,6474668,0,161867,189,FS,2023-06-01,SKU024,FY_BASE
3875920,7313056,0,182826,196,MT,2023-06-01,SKU025,FY_BASE
2496988,4711298,0,117782,124,GT,2023-06-01,SKU025,FY_BASE
3235080,6103925,0,152598,177,EC,2023-06-01,SKU025,FY_BASE
3773805,7120386,0,178010,193,CV,2023-06-01,SKU025,FY_BASE
4084056,7705766,0,192644,205,FS,2023-06-01,SKU025,FY_BASE
3573425,8310290,0,207757,205,MT,2023-06-01,SKU026,FY_BASE
4284368,9963647,0,249091,240,GT,2023-06-01,SKU026,FY_BASE
3520291,8186724,0,204668,218,EC,2023-06-01,SKU026,FY_BASE
4188808,9741414,0,243535,243,CV,2023-06-01,SKU026,FY_BASE
3925634,9129382,0,228235,223,FS,2023-06-01,SKU026,FY_BASE
3609860,7933758,0,198344,181,MT,2023-06-01,SKU027,FY_BASE
3642605,8005725,0,200143,178,GT,2023-06-01,SKU027,FY_BASE
3857271,8477519,0,211938,209,EC,2023-06-01,SKU027,FY_BASE
4651986,10224144,0,255604,235,CV,2023-06-01,SKU027,FY_BASE
4623196,10160871,0,254022,229,FS,2023-06-01,SKU027,FY_BASE
2009992,4187484,0,104687,244,MT,2023-06-01,SKU028,FY_BASE
2052086,4275180,0,106880,244,GT,2023-06-01,SKU028,FY_BASE
1992374,4150780,0,103770,261,EC,2023-06-01,SKU028,FY_BASE
1637451,3411356,0,85284,201,CV,2023-06-01,SKU028,FY_BASE
1497016,3118784,0,77970,180,FS,2023-06-01,SKU028,FY_BASE
2569535,5087954,0,127199,248,MT,2023-06-01,SKU029,FY_BASE
2634463,5216518,0,130413,249,GT,2023-06-01,SKU029,FY_BASE
1789896,3544185,0,88605,187,EC,2023-06-01,SKU029,FY_BASE
2521081,4992010,0,124800,246,CV,2023-06-01,SKU029,FY_BASE
2420411,4792672,0,119817,231,FS,2023-06-01,SKU029,FY_BASE
3321610,6267188,0,156680,262,MT,2023-06-01,SKU030,FY_BASE
2740067,5169938,0,129248,212,GT,2023-06-01,SKU030,FY_BASE
3006352,5672362,0,141809,257,EC,2023-06-01,SKU030,FY_BASE
2655757,5010862,0,125272,212,CV,2023-06-01,SKU030,FY_BASE
2913347,5496881,0,137422,228,FS,2023-06-01,SKU030,FY_BASE
3195063,7430378,0,185759,273,MT,2023-06-01,SKU031,FY_BASE
3236883,7527634,0,188191,271,GT,2023-06-01,SKU031,FY_BASE
2769243,6440099,0,161002,256,EC,2023-06-01,SKU031,FY_BASE
2419844,5627545,0,140689,209,CV,2023-06-01,SKU031,FY_BASE
3402362,7912469,0,197812,288,FS,2023-06-01,SKU031,FY_BASE
2993008,6578040,0,164451,215,MT,2023-06-01,SKU032,FY_BASE
3085501,6781320,0,169533,217,GT,2023-06-01,SKU032,FY_BASE
2143959,4711997,0,117800,167,EC,2023-06-01,SKU032,FY_BASE
4117441,9049320,0,226233,299,CV,2023-06-01,SKU032,FY_BASE
4366864,9597504,0,239938,311,FS,2023-06-01,SKU032,FY_BASE
4374236,9112992,0,227825,269,MT,2023-06-01,SKU033,FY_BASE
4082060,8504291,0,212607,246,GT,2023-06-01,SKU033,FY_BASE
4607977,9599953,0,239999,307,EC,2023-06-01,SKU033,FY_BASE
4007182,8348295,0,208707,249,CV,2023-06-01,SKU033,FY_BASE
4143787,8632890,0,215822,252,FS,2023-06-01,SKU033,FY_BASE
2053913,4067154,0,101679,109,MT,2023-06-01,SKU034,FY_BASE
2419531,4791150,0,119779,126,GT,2023-06-01,SKU034,FY_BASE
2097547,4153558,0,103839,121,EC,2023-06-01,SKU034,FY_BASE
2677304,5301592,0,132540,144,CV,2023-06-01,SKU034,FY_BASE
2474539,4900077,0,122502,130,FS,2023-06-01,SKU034,FY_BASE
3275107,6179447,0,154486,152,MT,2023-06-01,SKU035,FY_BASE
2836376,5351653,0,133791,129,GT,2023-06-01,SKU035,FY_BASE
2816154,5313499,0,132837,142,EC,2023-06-01,SKU035,FY_BASE
2950257,5566522,0,139163,139,CV,2023-06-01,SKU035,FY_BASE
3332224,6287216,0,157180,153,FS,2023-06-01,SKU035,FY_BASE
2737147,6365457,0,159136,145,MT,2023-06-01,SKU036,FY_BASE
3077966,7158060,0,178952,160,GT,2023-06-01,SKU036,FY_BASE
2527920,5878883,0,146972,145,EC,2023-06-01,SKU036,FY_BASE
3140273,7302960,0,182574,168,CV,2023-06-01,SKU036,FY_BASE
3166649,7364301,0,184108,166,FS,2023-06-01,SKU036,FY_BASE
1397031,3248910,0,81223,189,MT,2023-07-01,SKU001,FY_BASE
1188574,2764125,0,69103,158,GT,2023-07-01,SKU001,FY_BASE
1103874,2567149,0,64179,162,EC,2023-07-01,SKU001,FY_BASE
944642,2196842,0,54921,129,CV,2023-07-01,SKU001,FY_BASE
854838,1987996,0,49700,114,FS,2023-07-01,SKU001,FY_BASE
1481144,3255428,0,81386,159,MT,2023-07-01,SKU002,FY_BASE
1582263,3477679,0,86942,166,GT,2023-07-01,SKU002,FY_BASE
1177685,2588450,0,64711,136,EC,2023-07-01,SKU002,FY_BASE
1465635,3221340,0,80534,159,CV,2023-07-01,SKU002,FY_BASE
1645327,3616289,0,90407,174,FS,2023-07-01,SKU002,FY_BASE
1672587,3484556,0,87114,146,MT,2023-07-01,SKU003,FY_BASE
1732185,3608719,0,90218,148,GT,2023-07-01,SKU003,FY_BASE
1611414,3357112,0,83928,152,EC,2023-07-01,SKU003,FY_BASE
1607445,3348844,0,83721,142,CV,2023-07-01,SKU003,FY_BASE
1933281,4027669,0,100692,167,FS,2023-07-01,SKU003,FY_BASE
1876105,3715189,0,92880,136,MT,2023-07-01,SKU004,FY_BASE
2018532,3997232,0,99931,144,GT,2023-07-01,SKU004,FY_BASE
2105892,4170228,0,104256,166,EC,2023-07-01,SKU004,FY_BASE
1885021,3732844,0,93321,139,CV,2023-07-01,SKU004,FY_BASE
1749923,3465315,0,86633,126,FS,2023-07-01,SKU004,FY_BASE
2840109,5358696,0,133967,175,MT,2023-07-01,SKU005,FY_BASE
2969039,5601960,0,140049,180,GT,2023-07-01,SKU005,FY_BASE
2685838,5067619,0,126690,180,EC,2023-07-01,SKU005,FY_BASE
2541113,4794552,0,119864,159,CV,2023-07-01,SKU005,FY_BASE
2629262,4960872,0,124022,161,FS,2023-07-01,SKU005,FY_BASE
3107317,7226318,0,180658,213,MT,2023-07-01,SKU006,FY_BASE
3531825,8213546,0,205339,237,GT,2023-07-01,SKU006,FY_BASE
3095985,7199964,0,179999,230,EC,2023-07-01,SKU006,FY_BASE
2559791,5953003,0,148825,177,CV,2023-07-01,SKU006,FY_BASE
3077985,7158105,0,178953,209,FS,2023-07-01,SKU006,FY_BASE
2900389,6374482,0,159362,171,MT,2023-07-01,SKU007,FY_BASE
2779466,6108716,0,152718,161,GT,2023-07-01,SKU007,FY_BASE
2875888,6320632,0,158016,184,EC,2023-07-01,SKU007,FY_BASE
3063701,6733408,0,168335,183,CV,2023-07-01,SKU007,FY_BASE
3002680,6599297,0,164982,175,FS,2023-07-01,SKU007,FY_BASE
3763922,7841505,0,196038,193,MT,2023-07-01,SKU008,FY_BASE
4490167,9354515,0,233863,226,GT,2023-07-01,SKU008,FY_BASE
3192822,6651713,0,166293,177,EC,2023-07-01,SKU008,FY_BASE
3845961,8012419,0,200310,200,CV,2023-07-01,SKU008,FY_BASE
3617302,7536046,0,188401,184,FS,2023-07-01,SKU008,FY_BASE
4402544,8717908,0,217948,198,MT,2023-07-01,SKU009,FY_BASE
4566089,9041760,0,226044,202,GT,2023-07-01,SKU009,FY_BASE
4388714,8690522,0,217263,214,EC,2023-07-01,SKU009,FY_BASE
3964594,7850682,0,196267,181,CV,2023-07-01,SKU009,FY_BASE
3483594,6898206,0,172455,155,FS,2023-07-01,SKU009,FY_BASE
2276764,4295781,0,107395,250,MT,2023-07-01,SKU010,FY_BASE
1728684,3261668,0,81542,186,GT,2023-07-01,SKU010,FY_BASE
1625639,3067243,0,76681,193,EC,2023-07-01,SKU010,FY_BASE
1959476,3697124,0,92428,217,CV,2023-07-01,SKU010,FY_BASE
1797951,3392361,0,84809,195,FS,2023-07-01,SKU010,FY_BASE
1854085,4311825,0,107796,210,MT,2023-07-01,SKU011,FY_BASE
2224174,5172497,0,129312,247,GT,2023-07-01,SKU011,FY_BASE
2157572,5017610,0,125440,265,EC,2023-07-01,SKU011,FY_BASE
1963097,4565342,0,114134,225,CV,2023-07-01,SKU011,FY_BASE
2285669,5315510,0,132888,256,FS,2023-07-01,SKU011,FY_BASE
3102508,6818700,0,170468,286,MT,2023-07-01,SKU012,FY_BASE
2899644,6372844,0,159321,261,GT,2023-07-01,SKU012,FY_BASE
2064740,4537890,0,113447,206,EC,2023-07-01,SKU012,FY_BASE
3013587,6623269,0,165582,280,CV,2023-07-01,SKU012,FY_BASE
2524133,5547544,0,138689,230,FS,2023-07-01,SKU012,FY_BASE
3950675,8230572,0,205764,302,MT,2023-07-01,SKU013,FY_BASE
4047416,8432117,0,210803,303,GT,2023-07-01,SKU013,FY_BASE
3167262,6598462,0,164962,262,EC,2023-07-01,SKU013,FY_BASE
2986276,6221408,0,155535,231,CV,2023-07-01,SKU013,FY_BASE
3188090,6641854,0,166046,242,FS,2023-07-01,SKU013,FY_BASE
3564977,7059360,0,176484,231,MT,2023-07-01,SKU014,FY_BASE
3242585,6420960,0,160524,206,GT,2023-07-01,SKU014,FY_BASE
4549596,9009101,0,225228,319,EC,2023-07-01,SKU014,FY_BASE
3206952,6350400,0,158760,210,CV,2023-07-01,SKU014,FY_BASE
3012838,5966016,0,149150,193,FS,2023-07-01,SKU014,FY_BASE
6301492,11889607,0,297240,351,MT,2023-07-01,SKU015,FY_BASE
3582705,6759821,0,168996,195,GT,2023-07-01,SKU015,FY_BASE
3641735,6871199,0,171780,219,EC,2023-07-01,SKU015,FY_BASE
4853988,9158468,0,228962,273,CV,2023-07-01,SKU015,FY_BASE
5090168,9604091,0,240102,280,FS,2023-07-01,SKU015,FY_BASE
5347526,12436106,0,310903,334,MT,2023-07-01,SKU016,FY_BASE
5236328,12177506,0,304438,320,GT,2023-07-01,SKU016,FY_BASE
4131165,9607361,0,240184,279,EC,2023-07-01,SKU016,FY_BASE
4226568,9829228,0,245731,267,CV,2023-07-01,SKU016,FY_BASE
4587894,10669522,0,266738,284,FS,2023-07-01,SKU016,FY_BASE
2579027,5668045,0,141701,140,MT,2023-07-01,SKU017,FY_BASE
2256890,4960069,0,124002,120,GT,2023-07-01,SKU017,FY_BASE
2381886,5234780,0,130870,140,EC,2023-07-01,SKU017,FY_BASE
2206635,4849621,0,121241,121,CV,2023-07-01,SKU017,FY_BASE
2076988,4564691,0,114117,111,FS,2023-07-01,SKU017,FY_BASE
2900435,6042572,0,151064,138,MT,2023-07-01,SKU018,FY_BASE
3322847,6922598,0,173065,154,GT,2023-07-01,SKU018,FY_BASE
3496657,7284703,0,182118,180,EC,2023-07-01,SKU018,FY_BASE
2848154,5933655,0,148341,136,CV,2023-07-01,SKU018,FY_BASE
2930805,6105844,0,152646,138,FS,2023-07-01,SKU018,FY_BASE
1248755,2472782,0,61820,144,MT,2023-07-01,SKU019,FY_BASE
1191154,2358720,0,58968,134,GT,2023-07-01,SKU019,FY_BASE
1540539,3050573,0,76264,192,EC,2023-07-01,SKU019,FY_BASE
1434109,2839820,0,70996,167,CV,2023-07-01,SKU019,FY_BASE
1160516,2298051,0,57451,132,FS,2023-07-01,SKU019,FY_BASE
1691098,3190750,0,79769,155,MT,2023-07-01,SKU020,FY_BASE
2053151,3873870,0,96847,185,GT,2023-07-01,SKU020,FY_BASE
1203032,2269871,0,56747,120,EC,2023-07-01,SKU020,FY_BASE
2035204,3840008,0,96000,189,CV,2023-07-01,SKU020,FY_BASE
1674167,3158806,0,78970,152,FS,2023-07-01,SKU020,FY_BASE
1638494,3810450,0,95261,160,MT,2023-07-01,SKU021,FY_BASE
2311116,5374688,0,134367,220,GT,2023-07-01,SKU021,FY_BASE
1383825,3218198,0,80455,146,EC,2023-07-01,SKU021,FY_BASE
1877337,4365900,0,109148,185,CV,2023-07-01,SKU021,FY_BASE
1819037,4230319,0,105758,175,FS,2023-07-01,SKU021,FY_BASE
2249634,4944059,0,123601,182,MT,2023-07-01,SKU022,FY_BASE
2482610,5456075,0,136402,196,GT,2023-07-01,SKU022,FY_BASE
1981595,4354985,0,108875,173,EC,2023-07-01,SKU022,FY_BASE
1492630,3280378,0,82009,122,CV,2023-07-01,SKU022,FY_BASE
2312609,5082462,0,127062,185,FS,2023-07-01,SKU022,FY_BASE
2433554,5069904,0,126748,166,MT,2023-07-01,SKU023,FY_BASE
2657491,5536440,0,138411,177,GT,2023-07-01,SKU023,FY_BASE
2105285,4386010,0,109650,155,EC,2023-07-01,SKU023,FY_BASE
2331867,4858056,0,121451,161,CV,2023-07-01,SKU023,FY_BASE
2925942,6095712,0,152393,197,FS,2023-07-01,SKU023,FY_BASE
3559506,7048330,0,176208,208,MT,2023-07-01,SKU024,FY_BASE
3615696,7159595,0,178990,207,GT,2023-07-01,SKU024,FY_BASE
2756118,5457507,0,136438,174,EC,2023-07-01,SKU024,FY_BASE
2526046,5001932,0,125048,149,CV,2023-07-01,SKU024,FY_BASE
3287963,6510637,0,162766,190,FS,2023-07-01,SKU024,FY_BASE
3772286,7117520,0,177938,191,MT,2023-07-01,SKU025,FY_BASE
4591918,8663996,0,216600,228,GT,2023-07-01,SKU025,FY_BASE
3541360,6681812,0,167045,194,EC,2023-07-01,SKU025,FY_BASE
4142981,7816946,0,195424,212,CV,2023-07-01,SKU025,FY_BASE
4377271,8259001,0,206475,219,FS,2023-07-01,SKU025,FY_BASE
2968692,6903934,0,172598,170,MT,2023-07-01,SKU026,FY_BASE
3236662,7527122,0,188178,182,GT,2023-07-01,SKU026,FY_BASE
3029482,7045306,0,176133,188,EC,2023-07-01,SKU026,FY_BASE
3536007,8223271,0,205582,205,CV,2023-07-01,SKU026,FY_BASE
3962669,9215509,0,230388,225,FS,2023-07-01,SKU026,FY_BASE
4554300,10009450,0,250236,228,MT,2023-07-01,SKU027,FY_BASE
4649678,10219072,0,255477,228,GT,2023-07-01,SKU027,FY_BASE
4303087,9457333,0,236433,233,EC,2023-07-01,SKU027,FY_BASE
5233484,11502162,0,287554,265,CV,2023-07-01,SKU027,FY_BASE
3202305,7038034,0,175951,159,FS,2023-07-01,SKU027,FY_BASE
2027320,4223583,0,105590,246,MT,2023-07-01,SKU028,FY_BASE
2317442,4828005,0,120700,275,GT,2023-07-01,SKU028,FY_BASE
1760331,3667356,0,91684,231,EC,2023-07-01,SKU028,FY_BASE
2134687,4447264,0,111182,261,CV,2023-07-01,SKU028,FY_BASE
1820932,3793608,0,94840,218,FS,2023-07-01,SKU028,FY_BASE
2689301,5325104,0,133128,259,MT,2023-07-01,SKU029,FY_BASE
2234291,4424135,0,110603,211,GT,2023-07-01,SKU029,FY_BASE
2523954,4997699,0,124942,264,EC,2023-07-01,SKU029,FY_BASE
1896198,3754674,0,93867,185,CV,2023-07-01,SKU029,FY_BASE
2178370,4313405,0,107835,208,FS,2023-07-01,SKU029,FY_BASE
3281750,6191981,0,154800,259,MT,2023-07-01,SKU030,FY_BASE
3065620,5784188,0,144605,237,GT,2023-07-01,SKU030,FY_BASE
3129061,5903888,0,147597,268,EC,2023-07-01,SKU030,FY_BASE
2800377,5283731,0,132093,224,CV,2023-07-01,SKU030,FY_BASE
2993901,5648869,0,141222,234,FS,2023-07-01,SKU030,FY_BASE
2998443,6973124,0,174328,256,MT,2023-07-01,SKU031,FY_BASE
3563080,8286232,0,207156,298,GT,2023-07-01,SKU031,FY_BASE
3087025,7179127,0,179478,286,EC,2023-07-01,SKU031,FY_BASE
2906245,6758710,0,168968,251,CV,2023-07-01,SKU031,FY_BASE
2905667,6757364,0,168934,246,FS,2023-07-01,SKU031,FY_BASE
3912811,8599584,0,214990,281,MT,2023-07-01,SKU032,FY_BASE
3756262,8255520,0,206388,265,GT,2023-07-01,SKU032,FY_BASE
3168744,6964272,0,174107,247,EC,2023-07-01,SKU032,FY_BASE
2759408,6064632,0,151616,201,CV,2023-07-01,SKU032,FY_BASE
3437430,7554792,0,188870,245,FS,2023-07-01,SKU032,FY_BASE
4750147,9896140,0,247404,292,MT,2023-07-01,SKU033,FY_BASE
5268300,10975624,0,274391,317,GT,2023-07-01,SKU033,FY_BASE
5081400,10586249,0,264656,338,EC,2023-07-01,SKU033,FY_BASE
4142445,8630094,0,215752,257,CV,2023-07-01,SKU033,FY_BASE
4765356,9927824,0,248196,290,FS,2023-07-01,SKU033,FY_BASE
2764883,5475015,0,136875,147,MT,2023-07-01,SKU034,FY_BASE
2661484,5270265,0,131757,139,GT,2023-07-01,SKU034,FY_BASE
3283117,6501222,0,162531,189,EC,2023-07-01,SKU034,FY_BASE
3244032,6423826,0,160596,174,CV,2023-07-01,SKU034,FY_BASE
2314891,4583943,0,114599,122,FS,2023-07-01,SKU034,FY_BASE
2868542,5412343,0,135309,133,MT,2023-07-01,SKU035,FY_BASE
2997796,5656219,0,141405,136,GT,2023-07-01,SKU035,FY_BASE
3024758,5707091,0,142677,152,EC,2023-07-01,SKU035,FY_BASE
2145641,4048380,0,101210,101,CV,2023-07-01,SKU035,FY_BASE
3491989,6588659,0,164716,161,FS,2023-07-01,SKU035,FY_BASE
3550357,8256644,0,206416,188,MT,2023-07-01,SKU036,FY_BASE
2328724,5415638,0,135391,121,GT,2023-07-01,SKU036,FY_BASE
2436328,5665880,0,141647,140,EC,2023-07-01,SKU036,FY_BASE
2571098,5979298,0,149482,138,CV,2023-07-01,SKU036,FY_BASE
3106523,7224472,0,180612,163,FS,2023-07-01,SKU036,FY_BASE
1296134,3014266,0,75357,175,MT,2023-08-01,SKU001,FY_BASE
792382,1842750,0,46069,105,GT,2023-08-01,SKU001,FY_BASE
982018,2283763,0,57094,144,EC,2023-08-01,SKU001,FY_BASE
1059842,2464749,0,61619,145,CV,2023-08-01,SKU001,FY_BASE
1317549,3064068,0,76602,176,FS,2023-08-01,SKU001,FY_BASE
1402673,3082955,0,77074,150,MT,2023-08-01,SKU002,FY_BASE
1672392,3675775,0,91894,175,GT,2023-08-01,SKU002,FY_BASE
1358866,2986672,0,74667,158,EC,2023-08-01,SKU002,FY_BASE
1688877,3712007,0,92800,183,CV,2023-08-01,SKU002,FY_BASE
1278597,2810248,0,70256,135,FS,2023-08-01,SKU002,FY_BASE
1636488,3409350,0,85234,143,MT,2023-08-01,SKU003,FY_BASE
1855035,3864656,0,96616,159,GT,2023-08-01,SKU003,FY_BASE
1822565,3797010,0,94925,172,EC,2023-08-01,SKU003,FY_BASE
1559817,3249619,0,81240,138,CV,2023-08-01,SKU003,FY_BASE
1750896,3647700,0,91192,151,FS,2023-08-01,SKU003,FY_BASE
2597684,5144108,0,128603,189,MT,2023-08-01,SKU004,FY_BASE
2224805,4405708,0,110143,159,GT,2023-08-01,SKU004,FY_BASE
2305819,4566136,0,114153,182,EC,2023-08-01,SKU004,FY_BASE
1970704,3902519,0,97563,145,CV,2023-08-01,SKU004,FY_BASE
2362396,4678175,0,116954,170,FS,2023-08-01,SKU004,FY_BASE
3316295,6257160,0,156429,205,MT,2023-08-01,SKU005,FY_BASE
3177392,5995080,0,149877,192,GT,2023-08-01,SKU005,FY_BASE
2638718,4978714,0,124468,176,EC,2023-08-01,SKU005,FY_BASE
3079626,5810616,0,145265,192,CV,2023-08-01,SKU005,FY_BASE
3591606,6776616,0,169415,219,FS,2023-08-01,SKU005,FY_BASE
2847098,6621158,0,165529,195,MT,2023-08-01,SKU006,FY_BASE
2766075,6432733,0,160818,186,GT,2023-08-01,SKU006,FY_BASE
2700151,6279421,0,156986,201,EC,2023-08-01,SKU006,FY_BASE
2983899,6939300,0,173482,207,CV,2023-08-01,SKU006,FY_BASE
3371863,7841542,0,196039,229,FS,2023-08-01,SKU006,FY_BASE
3451997,7586806,0,189670,204,MT,2023-08-01,SKU007,FY_BASE
3487957,7665840,0,191646,202,GT,2023-08-01,SKU007,FY_BASE
2826587,6212279,0,155307,181,EC,2023-08-01,SKU007,FY_BASE
3539103,7778248,0,194456,211,CV,2023-08-01,SKU007,FY_BASE
3416223,7508182,0,187705,200,FS,2023-08-01,SKU007,FY_BASE
3682098,7671038,0,191776,189,MT,2023-08-01,SKU008,FY_BASE
4907857,10224703,0,255618,247,GT,2023-08-01,SKU008,FY_BASE
2985006,6218762,0,155469,166,EC,2023-08-01,SKU008,FY_BASE
3805477,7928078,0,198202,197,CV,2023-08-01,SKU008,FY_BASE
3720654,7751362,0,193784,189,FS,2023-08-01,SKU008,FY_BASE
5893352,11670004,0,291750,266,MT,2023-08-01,SKU009,FY_BASE
5731392,11349292,0,283732,253,GT,2023-08-01,SKU009,FY_BASE
4066014,8051513,0,201288,198,EC,2023-08-01,SKU009,FY_BASE
4863543,9630778,0,240769,222,CV,2023-08-01,SKU009,FY_BASE
4801711,9508338,0,237708,214,FS,2023-08-01,SKU009,FY_BASE
1941945,3664048,0,91601,213,MT,2023-08-01,SKU010,FY_BASE
2129113,4017195,0,100430,229,GT,2023-08-01,SKU010,FY_BASE
1899524,3584007,0,89600,226,EC,2023-08-01,SKU010,FY_BASE
1987874,3750705,0,93768,220,CV,2023-08-01,SKU010,FY_BASE
2010612,3793608,0,94840,218,FS,2023-08-01,SKU010,FY_BASE
1928248,4484298,0,112107,218,MT,2023-08-01,SKU011,FY_BASE
1959166,4556200,0,113905,217,GT,2023-08-01,SKU011,FY_BASE
1875033,4360542,0,109014,230,EC,2023-08-01,SKU011,FY_BASE
2155738,5013344,0,125334,247,CV,2023-08-01,SKU011,FY_BASE
2454284,5707637,0,142691,275,FS,2023-08-01,SKU011,FY_BASE
2737508,6016500,0,150412,252,MT,2023-08-01,SKU012,FY_BASE
2538644,5579438,0,139486,229,GT,2023-08-01,SKU012,FY_BASE
2823216,6204870,0,155122,281,EC,2023-08-01,SKU012,FY_BASE
2234795,4911638,0,122791,208,CV,2023-08-01,SKU012,FY_BASE
2086155,4584956,0,114624,190,FS,2023-08-01,SKU012,FY_BASE
2976724,6201508,0,155038,228,MT,2023-08-01,SKU013,FY_BASE
2618916,5456075,0,136402,196,GT,2023-08-01,SKU013,FY_BASE
2635162,5489921,0,137248,218,EC,2023-08-01,SKU013,FY_BASE
3298477,6871827,0,171796,255,CV,2023-08-01,SKU013,FY_BASE
3077200,6410833,0,160271,233,FS,2023-08-01,SKU013,FY_BASE
4602061,9112992,0,227825,298,MT,2023-08-01,SKU014,FY_BASE
4367563,8648640,0,216216,277,GT,2023-08-01,SKU014,FY_BASE
3232608,6401203,0,160030,227,EC,2023-08-01,SKU014,FY_BASE
3287126,6509160,0,162729,215,CV,2023-08-01,SKU014,FY_BASE
3864292,7652064,0,191302,248,FS,2023-08-01,SKU014,FY_BASE
3999749,7546696,0,188667,223,MT,2023-08-01,SKU015,FY_BASE
4333918,8177203,0,204430,236,GT,2023-08-01,SKU015,FY_BASE
4704634,8876668,0,221917,284,EC,2023-08-01,SKU015,FY_BASE
4200566,7925596,0,198140,236,CV,2023-08-01,SKU015,FY_BASE
5643032,10647231,0,266181,311,FS,2023-08-01,SKU015,FY_BASE
4742145,11028244,0,275706,296,MT,2023-08-01,SKU016,FY_BASE
5116149,11898022,0,297451,313,GT,2023-08-01,SKU016,FY_BASE
3867144,8993357,0,224834,261,EC,2023-08-01,SKU016,FY_BASE
4509449,10487090,0,262177,285,CV,2023-08-01,SKU016,FY_BASE
3891214,9049336,0,226233,240,FS,2023-08-01,SKU016,FY_BASE
2675983,5881129,0,147028,145,MT,2023-08-01,SKU017,FY_BASE
2672632,5873765,0,146844,142,GT,2023-08-01,SKU017,FY_BASE
1862528,4093362,0,102334,109,EC,2023-08-01,SKU017,FY_BASE
2168259,4765281,0,119132,119,CV,2023-08-01,SKU017,FY_BASE
2782381,6114964,0,152874,149,FS,2023-08-01,SKU017,FY_BASE
2988997,6227078,0,155677,142,MT,2023-08-01,SKU018,FY_BASE
2848154,5933655,0,148341,132,GT,2023-08-01,SKU018,FY_BASE
2576484,5367676,0,134192,132,EC,2023-08-01,SKU018,FY_BASE
2870063,5979298,0,149482,138,CV,2023-08-01,SKU018,FY_BASE
3713845,7737177,0,193429,174,FS,2023-08-01,SKU018,FY_BASE
1184950,2346435,0,58661,136,MT,2023-08-01,SKU019,FY_BASE
1088789,2156018,0,53900,123,GT,2023-08-01,SKU019,FY_BASE
1405848,2783857,0,69596,175,EC,2023-08-01,SKU019,FY_BASE
1370972,2714796,0,67870,160,CV,2023-08-01,SKU019,FY_BASE
1224989,2425720,0,60643,140,FS,2023-08-01,SKU019,FY_BASE
1793934,3384782,0,84620,165,MT,2023-08-01,SKU020,FY_BASE
2053151,3873870,0,96847,185,GT,2023-08-01,SKU020,FY_BASE
1730677,3265429,0,81636,172,EC,2023-08-01,SKU020,FY_BASE
1696003,3200006,0,80000,158,CV,2023-08-01,SKU020,FY_BASE
1801173,3398440,0,84961,164,FS,2023-08-01,SKU020,FY_BASE
1886423,4387031,0,109676,184,MT,2023-08-01,SKU021,FY_BASE
1397675,3250406,0,81260,133,GT,2023-08-01,SKU021,FY_BASE
1612803,3750705,0,93768,170,EC,2023-08-01,SKU021,FY_BASE
1621336,3770550,0,94264,160,CV,2023-08-01,SKU021,FY_BASE
1612081,3749025,0,93726,155,FS,2023-08-01,SKU021,FY_BASE
2795787,6144350,0,153609,226,MT,2023-08-01,SKU022,FY_BASE
2575542,5660314,0,141508,204,GT,2023-08-01,SKU022,FY_BASE
1825469,4011865,0,100297,160,EC,2023-08-01,SKU022,FY_BASE
2354752,5175079,0,129377,192,CV,2023-08-01,SKU022,FY_BASE
2365168,5197972,0,129949,189,FS,2023-08-01,SKU022,FY_BASE
2587576,5390784,0,134770,176,MT,2023-08-01,SKU023,FY_BASE
2531693,5274360,0,131859,169,GT,2023-08-01,SKU023,FY_BASE
2916104,6075216,0,151880,215,EC,2023-08-01,SKU023,FY_BASE
2423313,5048568,0,126214,167,CV,2023-08-01,SKU023,FY_BASE
2941505,6128136,0,153203,198,FS,2023-08-01,SKU023,FY_BASE
4008939,7938271,0,198457,234,MT,2023-08-01,SKU024,FY_BASE
3707465,7341311,0,183533,212,GT,2023-08-01,SKU024,FY_BASE
3503258,6936952,0,173424,222,EC,2023-08-01,SKU024,FY_BASE
2846249,5635980,0,140900,168,CV,2023-08-01,SKU024,FY_BASE
2779328,5503467,0,137587,161,FS,2023-08-01,SKU024,FY_BASE
3730832,7039305,0,175983,189,MT,2023-08-01,SKU025,FY_BASE
4211022,7945324,0,198633,209,GT,2023-08-01,SKU025,FY_BASE
4249632,8018174,0,200454,233,EC,2023-08-01,SKU025,FY_BASE
4184001,7894341,0,197359,214,CV,2023-08-01,SKU025,FY_BASE
4251607,8021900,0,200548,213,FS,2023-08-01,SKU025,FY_BASE
3426823,7969355,0,199234,196,MT,2023-08-01,SKU026,FY_BASE
3648261,8484328,0,212108,205,GT,2023-08-01,SKU026,FY_BASE
3537216,8226083,0,205652,219,EC,2023-08-01,SKU026,FY_BASE
3862408,8982344,0,224559,224,CV,2023-08-01,SKU026,FY_BASE
4166358,9689204,0,242230,236,FS,2023-08-01,SKU026,FY_BASE
4596275,10101704,0,252543,230,MT,2023-08-01,SKU027,FY_BASE
3878303,8523742,0,213094,190,GT,2023-08-01,SKU027,FY_BASE
3934805,8647922,0,216198,213,EC,2023-08-01,SKU027,FY_BASE
4631218,10178500,0,254462,234,CV,2023-08-01,SKU027,FY_BASE
4453538,9787995,0,244700,220,FS,2023-08-01,SKU027,FY_BASE
2018656,4205534,0,105138,245,MT,2023-08-01,SKU028,FY_BASE
1574446,3280095,0,82002,187,GT,2023-08-01,SKU028,FY_BASE
1656312,3450649,0,86266,217,EC,2023-08-01,SKU028,FY_BASE
1671743,3482798,0,87070,205,CV,2023-08-01,SKU028,FY_BASE
2276165,4742010,0,118550,273,FS,2023-08-01,SKU028,FY_BASE
2645750,5238868,0,130972,255,MT,2023-08-01,SKU029,FY_BASE
2601115,5150486,0,128762,246,GT,2023-08-01,SKU029,FY_BASE
2121730,4201253,0,105031,222,EC,2023-08-01,SKU029,FY_BASE
2068579,4096008,0,102400,202,CV,2023-08-01,SKU029,FY_BASE
2035345,4030201,0,100755,194,FS,2023-08-01,SKU029,FY_BASE
3162172,5966362,0,149159,250,MT,2023-08-01,SKU030,FY_BASE
3255525,6142500,0,153562,252,GT,2023-08-01,SKU030,FY_BASE
2895915,5463990,0,136600,248,EC,2023-08-01,SKU030,FY_BASE
3931047,7417069,0,185427,314,CV,2023-08-01,SKU030,FY_BASE
3289263,6206156,0,155154,257,FS,2023-08-01,SKU030,FY_BASE
3207351,7458956,0,186474,274,MT,2023-08-01,SKU031,FY_BASE
3161606,7352572,0,183814,265,GT,2023-08-01,SKU031,FY_BASE
2916784,6783219,0,169580,270,EC,2023-08-01,SKU031,FY_BASE
3453447,8031272,0,200782,298,CV,2023-08-01,SKU031,FY_BASE
2706988,6295322,0,157383,229,FS,2023-08-01,SKU031,FY_BASE
3153609,6931008,0,173275,227,MT,2023-08-01,SKU032,FY_BASE
3398522,7469280,0,186732,239,GT,2023-08-01,SKU032,FY_BASE
2723771,5986310,0,149658,212,EC,2023-08-01,SKU032,FY_BASE
4767563,10478160,0,261954,346,CV,2023-08-01,SKU032,FY_BASE
3334160,7327824,0,183196,237,FS,2023-08-01,SKU032,FY_BASE
4886842,10180921,0,254523,300,MT,2023-08-01,SKU033,FY_BASE
3907613,8140860,0,203522,235,GT,2023-08-01,SKU033,FY_BASE
4292363,8942422,0,223561,286,EC,2023-08-01,SKU033,FY_BASE
4784947,9968640,0,249216,297,CV,2023-08-01,SKU033,FY_BASE
4558166,9496179,0,237404,277,FS,2023-08-01,SKU033,FY_BASE
2330401,4614656,0,115366,124,MT,2023-08-01,SKU034,FY_BASE
2197740,4351961,0,108799,114,GT,2023-08-01,SKU034,FY_BASE
2371140,4695327,0,117383,136,EC,2023-08-01,SKU034,FY_BASE
2794558,5533778,0,138344,150,CV,2023-08-01,SKU034,FY_BASE
2753923,5453312,0,136333,145,FS,2023-08-01,SKU034,FY_BASE
3320280,6264680,0,156617,154,MT,2023-08-01,SKU035,FY_BASE
3251456,6134822,0,153371,148,GT,2023-08-01,SKU035,FY_BASE
3003898,5667732,0,141693,151,EC,2023-08-01,SKU035,FY_BASE
3732522,7042494,0,176062,175,CV,2023-08-01,SKU035,FY_BASE
3058343,5770459,0,144261,141,FS,2023-08-01,SKU035,FY_BASE
3074331,7149608,0,178740,163,MT,2023-08-01,SKU036,FY_BASE
2774219,6451672,0,161292,144,GT,2023-08-01,SKU036,FY_BASE
3114104,7242102,0,181053,178,EC,2023-08-01,SKU036,FY_BASE
2963632,6892168,0,172304,159,CV,2023-08-01,SKU036,FY_BASE
2545345,5919406,0,147985,133,FS,2023-08-01,SKU036,FY_BASE
1055535,2454732,0,61368,143,MT,2023-09-01,SKU001,FY_BASE
1434213,3335378,0,83384,190,GT,2023-09-01,SKU001,FY_BASE
896002,2083725,0,52093,131,EC,2023-09-01,SKU001,FY_BASE
1221123,2839820,0,70996,167,CV,2023-09-01,SKU001,FY_BASE
1278337,2972876,0,74322,171,FS,2023-09-01,SKU001,FY_BASE
1638086,3600374,0,90009,175,MT,2023-09-01,SKU002,FY_BASE
1191705,2619265,0,65482,125,GT,2023-09-01,SKU002,FY_BASE
1449458,3185784,0,79645,168,EC,2023-09-01,SKU002,FY_BASE
1417104,3114673,0,77867,153,CV,2023-09-01,SKU002,FY_BASE
1585858,3485580,0,87140,168,FS,2023-09-01,SKU002,FY_BASE
1829016,3810450,0,95261,160,MT,2023-09-01,SKU003,FY_BASE
2186730,4555688,0,113892,187,GT,2023-09-01,SKU003,FY_BASE
1444716,3009825,0,75246,136,EC,2023-09-01,SKU003,FY_BASE
1821771,3795356,0,94884,161,CV,2023-09-01,SKU003,FY_BASE
1945440,4053000,0,101325,168,FS,2023-09-01,SKU003,FY_BASE
2511094,4972637,0,124316,183,MT,2023-09-01,SKU004,FY_BASE
2490014,4930892,0,123272,177,GT,2023-09-01,SKU004,FY_BASE
2359132,4671711,0,116793,186,EC,2023-09-01,SKU004,FY_BASE
2584764,5118522,0,127963,190,CV,2023-09-01,SKU004,FY_BASE
2318648,4591542,0,114789,167,FS,2023-09-01,SKU004,FY_BASE
3316295,6257160,0,156429,205,MT,2023-09-01,SKU005,FY_BASE
3038490,5733000,0,143325,184,GT,2023-09-01,SKU005,FY_BASE
2355998,4445280,0,111132,158,EC,2023-09-01,SKU005,FY_BASE
1901627,3587976,0,89699,119,CV,2023-09-01,SKU005,FY_BASE
3282282,6192984,0,154825,201,FS,2023-09-01,SKU005,FY_BASE
3030782,7048330,0,176208,208,MT,2023-09-01,SKU006,FY_BASE
3375549,7850115,0,196253,227,GT,2023-09-01,SKU006,FY_BASE
3067711,7134211,0,178355,228,EC,2023-09-01,SKU006,FY_BASE
2468912,5741655,0,143541,171,CV,2023-09-01,SKU006,FY_BASE
2753173,6402727,0,160068,187,FS,2023-09-01,SKU006,FY_BASE
3078327,6765554,0,169139,182,MT,2023-09-01,SKU007,FY_BASE
4087450,8983406,0,224585,236,GT,2023-09-01,SKU007,FY_BASE
3434632,7548641,0,188716,219,EC,2023-09-01,SKU007,FY_BASE
2940448,6462524,0,161563,175,CV,2023-09-01,SKU007,FY_BASE
3667945,8061417,0,201535,214,FS,2023-09-01,SKU007,FY_BASE
4377605,9120011,0,228000,225,MT,2023-09-01,SKU008,FY_BASE
3926286,8179762,0,204494,197,GT,2023-09-01,SKU008,FY_BASE
3948520,8226083,0,205652,219,EC,2023-09-01,SKU008,FY_BASE
4210315,8771490,0,219287,218,CV,2023-09-01,SKU008,FY_BASE
4568136,9516951,0,237924,232,FS,2023-09-01,SKU008,FY_BASE
4402544,8717908,0,217948,198,MT,2023-09-01,SKU009,FY_BASE
5065505,10030702,0,250768,224,GT,2023-09-01,SKU009,FY_BASE
5034113,9968540,0,249214,246,EC,2023-09-01,SKU009,FY_BASE
5140142,10178500,0,254462,234,CV,2023-09-01,SKU009,FY_BASE
4825249,9554948,0,238874,215,FS,2023-09-01,SKU009,FY_BASE
1645392,3104514,0,77613,181,MT,2023-09-01,SKU010,FY_BASE
2343978,4422600,0,110565,252,GT,2023-09-01,SKU010,FY_BASE
1926028,3634016,0,90850,229,EC,2023-09-01,SKU010,FY_BASE
1760688,3322053,0,83051,195,CV,2023-09-01,SKU010,FY_BASE
2020278,3811846,0,95296,219,FS,2023-09-01,SKU010,FY_BASE
2438122,5670050,0,141751,276,MT,2023-09-01,SKU011,FY_BASE
1883449,4380115,0,109503,209,GT,2023-09-01,SKU011,FY_BASE
1952089,4539742,0,113494,239,EC,2023-09-01,SKU011,FY_BASE
2192431,5098677,0,127467,251,CV,2023-09-01,SKU011,FY_BASE
2819616,6557247,0,163931,316,FS,2023-09-01,SKU011,FY_BASE
3159540,6944044,0,173601,291,MT,2023-09-01,SKU012,FY_BASE
2853063,6270469,0,156762,257,GT,2023-09-01,SKU012,FY_BASE
2644131,5811278,0,145282,264,EC,2023-09-01,SKU012,FY_BASE
2799137,6151950,0,153799,260,CV,2023-09-01,SKU012,FY_BASE
3192624,7016756,0,175419,291,FS,2023-09-01,SKU012,FY_BASE
3690040,7687583,0,192190,282,MT,2023-09-01,SKU013,FY_BASE
3823338,7965287,0,199132,287,GT,2023-09-01,SKU013,FY_BASE
2103062,4381379,0,109534,174,EC,2023-09-01,SKU013,FY_BASE
3284903,6843548,0,171089,254,CV,2023-09-01,SKU013,FY_BASE
3382147,7046140,0,176154,256,FS,2023-09-01,SKU013,FY_BASE
4180746,8278704,0,206968,271,MT,2023-09-01,SKU014,FY_BASE
4582633,9074520,0,226863,291,GT,2023-09-01,SKU014,FY_BASE
3801307,7527341,0,188184,267,EC,2023-09-01,SKU014,FY_BASE
3976620,7874496,0,196862,260,CV,2023-09-01,SKU014,FY_BASE
4519257,8949024,0,223726,290,FS,2023-09-01,SKU014,FY_BASE
5678889,10714885,0,267872,316,MT,2023-09-01,SKU015,FY_BASE
4410965,8322575,0,208064,240,GT,2023-09-01,SKU015,FY_BASE
4547813,8580780,0,214520,274,EC,2023-09-01,SKU015,FY_BASE
4629958,8735769,0,218394,260,CV,2023-09-01,SKU015,FY_BASE
4899525,9244386,0,231110,270,FS,2023-09-01,SKU015,FY_BASE
5212997,12123248,0,303081,326,MT,2023-09-01,SKU016,FY_BASE
3948706,9183038,0,229576,242,GT,2023-09-01,SKU016,FY_BASE
4519433,10510309,0,262758,306,EC,2023-09-01,SKU016,FY_BASE
4293129,9984020,0,249600,271,CV,2023-09-01,SKU016,FY_BASE
4927739,11459858,0,286496,304,FS,2023-09-01,SKU016,FY_BASE
2637200,5795895,0,144897,143,MT,2023-09-01,SKU017,FY_BASE
3365537,7396594,0,184915,178,GT,2023-09-01,SKU017,FY_BASE
2811701,6179402,0,154485,165,EC,2023-09-01,SKU017,FY_BASE
1938002,4259234,0,106481,106,CV,2023-09-01,SKU017,FY_BASE
3252642,7148479,0,178712,174,FS,2023-09-01,SKU017,FY_BASE
3476093,7241860,0,181046,165,MT,2023-09-01,SKU018,FY_BASE
3458473,7205152,0,180129,161,GT,2023-09-01,SKU018,FY_BASE
2780967,5793682,0,144842,143,EC,2023-09-01,SKU018,FY_BASE
3176788,6618308,0,165458,152,CV,2023-09-01,SKU018,FY_BASE
3154531,6571940,0,164298,148,FS,2023-09-01,SKU018,FY_BASE
1175835,2328386,0,58210,135,MT,2023-09-01,SKU019,FY_BASE
1665754,3298522,0,82463,188,GT,2023-09-01,SKU019,FY_BASE
1262737,2500470,0,62512,158,EC,2023-09-01,SKU019,FY_BASE
1334894,2643354,0,66084,155,CV,2023-09-01,SKU019,FY_BASE
1271041,2516913,0,62923,145,FS,2023-09-01,SKU019,FY_BASE
1542555,2910482,0,72762,142,MT,2023-09-01,SKU020,FY_BASE
1691516,3191540,0,79788,152,GT,2023-09-01,SKU020,FY_BASE
1772889,3345073,0,83627,176,EC,2023-09-01,SKU020,FY_BASE
2317871,4373341,0,109334,215,CV,2023-09-01,SKU020,FY_BASE
1824265,3442010,0,86050,166,FS,2023-09-01,SKU020,FY_BASE
1843305,4286756,0,107169,180,MT,2023-09-01,SKU021,FY_BASE
2013972,4683656,0,117091,192,GT,2023-09-01,SKU021,FY_BASE
1712359,3982230,0,99556,181,EC,2023-09-01,SKU021,FY_BASE
1973337,4589156,0,114729,194,CV,2023-09-01,SKU021,FY_BASE
1960639,4559625,0,113991,189,FS,2023-09-01,SKU021,FY_BASE
1924542,4229600,0,105740,155,MT,2023-09-01,SKU022,FY_BASE
2323298,5105953,0,127649,184,GT,2023-09-01,SKU022,FY_BASE
1813459,3985471,0,99637,159,EC,2023-09-01,SKU022,FY_BASE
2792247,6136571,0,153414,228,CV,2023-09-01,SKU022,FY_BASE
3009021,6612977,0,165324,240,FS,2023-09-01,SKU022,FY_BASE
2957230,6160896,0,154022,202,MT,2023-09-01,SKU023,FY_BASE
3270758,6814080,0,170352,218,GT,2023-09-01,SKU023,FY_BASE
2759630,5749229,0,143731,204,EC,2023-09-01,SKU023,FY_BASE
2926264,6096384,0,152410,202,CV,2023-09-01,SKU023,FY_BASE
2474600,5155416,0,128885,167,FS,2023-09-01,SKU023,FY_BASE
3595460,7119525,0,177988,210,MT,2023-09-01,SKU024,FY_BASE
4184664,8286232,0,207156,239,GT,2023-09-01,SKU024,FY_BASE
3569671,7068458,0,176711,226,EC,2023-09-01,SKU024,FY_BASE
3646757,7221099,0,180527,215,CV,2023-09-01,SKU024,FY_BASE
3687606,7301987,0,182550,213,FS,2023-09-01,SKU024,FY_BASE
4953715,9346633,0,233666,251,MT,2023-09-01,SKU025,FY_BASE
4591918,8663996,0,216600,228,GT,2023-09-01,SKU025,FY_BASE
4249632,8018174,0,200454,233,EC,2023-09-01,SKU025,FY_BASE
4184001,7894341,0,197359,214,CV,2023-09-01,SKU025,FY_BASE
4021224,7587216,0,189680,202,FS,2023-09-01,SKU025,FY_BASE
3243570,7543187,0,188580,186,MT,2023-09-01,SKU026,FY_BASE
4097278,9528553,0,238214,230,GT,2023-09-01,SKU026,FY_BASE
3384896,7871850,0,196796,210,EC,2023-09-01,SKU026,FY_BASE
3173339,7379859,0,184496,184,CV,2023-09-01,SKU026,FY_BASE
3592326,8354246,0,208856,204,FS,2023-09-01,SKU026,FY_BASE
4344425,9548186,0,238705,217,MT,2023-09-01,SKU027,FY_BASE
3942584,8665020,0,216626,193,GT,2023-09-01,SKU027,FY_BASE
3896038,8562721,0,214068,211,EC,2023-09-01,SKU027,FY_BASE
4402772,9676422,0,241911,223,CV,2023-09-01,SKU027,FY_BASE
4305086,9461728,0,236543,213,FS,2023-09-01,SKU027,FY_BASE
2226587,4638722,0,115968,270,MT,2023-09-01,SKU028,FY_BASE
2131693,4441028,0,111026,253,GT,2023-09-01,SKU028,FY_BASE
1720323,3584007,0,89600,226,EC,2023-09-01,SKU028,FY_BASE
1860349,3875728,0,96893,228,CV,2023-09-01,SKU028,FY_BASE
2249901,4687294,0,117182,270,FS,2023-09-01,SKU028,FY_BASE
2515096,4980158,0,124504,243,MT,2023-09-01,SKU029,FY_BASE
2156480,4270061,0,106752,204,GT,2023-09-01,SKU029,FY_BASE
2473676,4898143,0,122454,258,EC,2023-09-01,SKU029,FY_BASE
2833523,5610678,0,140267,276,CV,2023-09-01,SKU029,FY_BASE
2530430,5010521,0,125263,242,FS,2023-09-01,SKU029,FY_BASE
3481046,6568012,0,164200,275,MT,2023-09-01,SKU030,FY_BASE
4015148,7575750,0,189394,311,GT,2023-09-01,SKU030,FY_BASE
2957269,5579752,0,139494,253,EC,2023-09-01,SKU030,FY_BASE
3326270,6275981,0,156900,266,CV,2023-09-01,SKU030,FY_BASE
2564283,4838269,0,120957,201,FS,2023-09-01,SKU030,FY_BASE
3121330,7258907,0,181473,267,MT,2023-09-01,SKU031,FY_BASE
3625810,8432117,0,210803,303,GT,2023-09-01,SKU031,FY_BASE
2984881,6941583,0,173540,276,EC,2023-09-01,SKU031,FY_BASE
3514247,8172668,0,204317,303,CV,2023-09-01,SKU031,FY_BASE
3638292,8461145,0,211529,308,FS,2023-09-01,SKU031,FY_BASE
3401809,7476504,0,186913,245,MT,2023-09-01,SKU032,FY_BASE
2683044,5896800,0,147420,189,GT,2023-09-01,SKU032,FY_BASE
3573264,7853328,0,196333,278,EC,2023-09-01,SKU032,FY_BASE
4074099,8954064,0,223852,296,CV,2023-09-01,SKU032,FY_BASE
3230889,7100856,0,177521,230,FS,2023-09-01,SKU032,FY_BASE
4784321,9967335,0,249183,294,MT,2023-09-01,SKU033,FY_BASE
4710069,9812644,0,245316,284,GT,2023-09-01,SKU033,FY_BASE
4150336,8646533,0,216163,276,EC,2023-09-01,SKU033,FY_BASE
4751131,9898189,0,247455,295,CV,2023-09-01,SKU033,FY_BASE
4178319,8704831,0,217621,254,FS,2023-09-01,SKU033,FY_BASE
2646388,5240372,0,131009,141,MT,2023-09-01,SKU034,FY_BASE
2903437,5749380,0,143734,151,GT,2023-09-01,SKU034,FY_BASE
2371140,4695327,0,117383,136,EC,2023-09-01,SKU034,FY_BASE
2462338,4875916,0,121898,132,CV,2023-09-01,SKU034,FY_BASE
3492293,6915431,0,172886,184,FS,2023-09-01,SKU034,FY_BASE
3071824,5795895,0,144897,143,MT,2023-09-01,SKU035,FY_BASE
3528176,6656935,0,166423,161,GT,2023-09-01,SKU035,FY_BASE
3441966,6494276,0,162357,173,EC,2023-09-01,SKU035,FY_BASE
3151411,5946059,0,148651,148,CV,2023-09-01,SKU035,FY_BASE
3674577,6933164,0,173329,169,FS,2023-09-01,SKU035,FY_BASE
3451185,8026011,0,200650,183,MT,2023-09-01,SKU036,FY_BASE
3685459,8570835,0,214271,191,GT,2023-09-01,SKU036,FY_BASE
2930921,6816096,0,170402,168,EC,2023-09-01,SKU036,FY_BASE
2983259,6937812,0,173445,160,CV,2023-09-01,SKU036,FY_BASE
3848080,8949024,0,223726,202,FS,2023-09-01,SKU036,FY_BASE
1280612,2978168,0,74454,173,MT,2023-10-01,SKU001,FY_BASE
1101411,2561422,0,64036,146,GT,2023-10-01,SKU001,FY_BASE
824322,1917027,0,47926,121,EC,2023-10-01,SKU001,FY_BASE
883202,2053958,0,51349,121,CV,2023-10-01,SKU001,FY_BASE
1019532,2371005,0,59275,136,FS,2023-10-01,SKU001,FY_BASE
1539997,3384782,0,84620,165,MT,2023-10-01,SKU002,FY_BASE
1432048,3147520,0,78688,150,GT,2023-10-01,SKU002,FY_BASE
1177685,2588450,0,64711,136,EC,2023-10-01,SKU002,FY_BASE
1465635,3221340,0,80534,159,CV,2023-10-01,SKU002,FY_BASE
1120012,2461690,0,61542,119,FS,2023-10-01,SKU002,FY_BASE
1768851,3685106,0,92128,154,MT,2023-10-01,SKU003,FY_BASE
1928745,4018219,0,100455,165,GT,2023-10-01,SKU003,FY_BASE
1800338,3750705,0,93768,170,EC,2023-10-01,SKU003,FY_BASE
1631259,3398456,0,84961,144,CV,2023-10-01,SKU003,FY_BASE
1994076,4154325,0,103858,172,FS,2023-10-01,SKU003,FY_BASE
1645200,3257935,0,81448,120,MT,2023-10-01,SKU004,FY_BASE
2151136,4259824,0,106496,153,GT,2023-10-01,SKU004,FY_BASE
2025921,4011865,0,100297,160,EC,2023-10-01,SKU004,FY_BASE
1999265,3959078,0,98977,147,CV,2023-10-01,SKU004,FY_BASE
2216569,4389399,0,109735,160,FS,2023-10-01,SKU004,FY_BASE
2738069,5166168,0,129154,169,MT,2023-10-01,SKU005,FY_BASE
2066173,3898440,0,97461,125,GT,2023-10-01,SKU005,FY_BASE
2874318,5423242,0,135581,192,EC,2023-10-01,SKU005,FY_BASE
2557941,4826304,0,120658,160,CV,2023-10-01,SKU005,FY_BASE
2423046,4571784,0,114295,148,FS,2023-10-01,SKU005,FY_BASE
1591926,3702153,0,92554,109,MT,2023-10-01,SKU006,FY_BASE
2500407,5814900,0,145372,168,GT,2023-10-01,SKU006,FY_BASE
2389139,5556137,0,138903,177,EC,2023-10-01,SKU006,FY_BASE
2544645,5917779,0,147944,176,CV,2023-10-01,SKU006,FY_BASE
2505696,5827201,0,145680,170,FS,2023-10-01,SKU006,FY_BASE
2864801,6296267,0,157407,169,MT,2023-10-01,SKU007,FY_BASE
3651455,8025176,0,200629,211,GT,2023-10-01,SKU007,FY_BASE
3204560,7042990,0,176075,205,EC,2023-10-01,SKU007,FY_BASE
2641121,5804662,0,145117,158,CV,2023-10-01,SKU007,FY_BASE
3721885,8179967,0,204499,217,FS,2023-10-01,SKU007,FY_BASE
3129783,6520382,0,163010,161,MT,2023-10-01,SKU008,FY_BASE
3821863,7962215,0,199055,192,GT,2023-10-01,SKU008,FY_BASE
2607156,5431576,0,135789,145,EC,2023-10-01,SKU008,FY_BASE
3400639,7084665,0,177117,176,CV,2023-10-01,SKU008,FY_BASE
4258082,8871004,0,221775,216,FS,2023-10-01,SKU008,FY_BASE
4449132,8810162,0,220254,201,MT,2023-10-01,SKU009,FY_BASE
4447180,8806298,0,220157,196,GT,2023-10-01,SKU009,FY_BASE
4345687,8605321,0,215133,212,EC,2023-10-01,SKU009,FY_BASE
3595795,7120386,0,178010,164,CV,2023-10-01,SKU009,FY_BASE
4801711,9508338,0,237708,214,FS,2023-10-01,SKU009,FY_BASE
1836717,3465504,0,86638,202,MT,2023-10-01,SKU010,FY_BASE
1884949,3556508,0,88913,203,GT,2023-10-01,SKU010,FY_BASE
1519619,2867206,0,71680,181,EC,2023-10-01,SKU010,FY_BASE
1987874,3750705,0,93768,220,CV,2023-10-01,SKU010,FY_BASE
1923615,3629462,0,90737,209,FS,2023-10-01,SKU010,FY_BASE
1872625,4354943,0,108874,212,MT,2023-10-01,SKU011,FY_BASE
1987559,4622231,0,115556,220,GT,2023-10-01,SKU011,FY_BASE
1806539,4201253,0,105031,222,EC,2023-10-01,SKU011,FY_BASE
1550296,3605340,0,90134,177,CV,2023-10-01,SKU011,FY_BASE
1901602,4422330,0,110558,213,FS,2023-10-01,SKU011,FY_BASE
2760320,6066638,0,151666,254,MT,2023-10-01,SKU012,FY_BASE
2492063,5477062,0,136927,225,GT,2023-10-01,SKU012,FY_BASE
2475581,5440838,0,136021,247,EC,2023-10-01,SKU012,FY_BASE
2246082,4936444,0,123411,209,CV,2023-10-01,SKU012,FY_BASE
3342458,7346062,0,183652,304,FS,2023-10-01,SKU012,FY_BASE
2688654,5601362,0,140034,206,MT,2023-10-01,SKU013,FY_BASE
4005401,8344586,0,208615,300,GT,2023-10-01,SKU013,FY_BASE
2685838,5595496,0,139887,223,EC,2023-10-01,SKU013,FY_BASE
3325625,6928386,0,173210,257,CV,2023-10-01,SKU013,FY_BASE
3243535,6757364,0,168934,246,FS,2023-10-01,SKU013,FY_BASE
3937679,7797384,0,194935,255,MT,2023-10-01,SKU014,FY_BASE
3275672,6486480,0,162162,208,GT,2023-10-01,SKU014,FY_BASE
3082950,6104851,0,152621,216,EC,2023-10-01,SKU014,FY_BASE
3383334,6699672,0,167492,222,CV,2023-10-01,SKU014,FY_BASE
2816349,5576928,0,139423,181,FS,2023-10-01,SKU014,FY_BASE
5603422,10572494,0,264312,312,MT,2023-10-01,SKU015,FY_BASE
4430227,8358919,0,208973,242,GT,2023-10-01,SKU015,FY_BASE
3589462,6772569,0,169314,216,EC,2023-10-01,SKU015,FY_BASE
4200566,7925596,0,198140,236,CV,2023-10-01,SKU015,FY_BASE
5776483,10899024,0,272476,318,FS,2023-10-01,SKU015,FY_BASE
4775777,11106459,0,277661,298,MT,2023-10-01,SKU016,FY_BASE
3983043,9262890,0,231572,244,GT,2023-10-01,SKU016,FY_BASE
4084573,9499008,0,237475,276,EC,2023-10-01,SKU016,FY_BASE
4076808,9480949,0,237024,257,CV,2023-10-01,SKU016,FY_BASE
4299027,9997738,0,249943,266,FS,2023-10-01,SKU016,FY_BASE
2133030,4687856,0,117196,116,MT,2023-10-01,SKU017,FY_BASE
2613241,5743238,0,143581,139,GT,2023-10-01,SKU017,FY_BASE
2202797,4841188,0,121030,129,EC,2023-10-01,SKU017,FY_BASE
2609586,5735205,0,143380,143,CV,2023-10-01,SKU017,FY_BASE
2292525,5038386,0,125960,123,FS,2023-10-01,SKU017,FY_BASE
2612605,5442927,0,136073,124,MT,2023-10-01,SKU018,FY_BASE
3164616,6592950,0,164824,147,GT,2023-10-01,SKU018,FY_BASE
2596932,5410276,0,135257,133,EC,2023-10-01,SKU018,FY_BASE
1971799,4107915,0,102698,94,CV,2023-10-01,SKU018,FY_BASE
2371491,4940607,0,123515,111,FS,2023-10-01,SKU018,FY_BASE
1239640,2454732,0,61368,143,MT,2023-10-01,SKU019,FY_BASE
1274907,2524568,0,63114,144,GT,2023-10-01,SKU019,FY_BASE
1195392,2367112,0,59178,149,EC,2023-10-01,SKU019,FY_BASE
1190581,2357586,0,58940,139,CV,2023-10-01,SKU019,FY_BASE
1363145,2699298,0,67482,155,FS,2023-10-01,SKU019,FY_BASE
1599687,3018278,0,75457,147,MT,2023-10-01,SKU020,FY_BASE
1936495,3653764,0,91344,174,GT,2023-10-01,SKU020,FY_BASE
1772889,3345073,0,83627,176,EC,2023-10-01,SKU020,FY_BASE
2057817,3882674,0,97067,191,CV,2023-10-01,SKU020,FY_BASE
1627984,3071667,0,76792,148,FS,2023-10-01,SKU020,FY_BASE
1767848,4111275,0,102782,172,MT,2023-10-01,SKU021,FY_BASE
1617781,3762281,0,94057,154,GT,2023-10-01,SKU021,FY_BASE
1682492,3912772,0,97819,177,EC,2023-10-01,SKU021,FY_BASE
1461336,3398456,0,84961,144,CV,2023-10-01,SKU021,FY_BASE
1405124,3267731,0,81693,135,FS,2023-10-01,SKU021,FY_BASE
1755494,3858080,0,96452,142,MT,2023-10-01,SKU022,FY_BASE
2588818,5689490,0,142237,205,GT,2023-10-01,SKU022,FY_BASE
1885517,4143834,0,103596,165,EC,2023-10-01,SKU022,FY_BASE
1762848,3874241,0,96856,144,CV,2023-10-01,SKU022,FY_BASE
1905275,4187256,0,104681,152,FS,2023-10-01,SKU022,FY_BASE
2818610,5872104,0,146803,192,MT,2023-10-01,SKU023,FY_BASE
2421619,5045040,0,126126,162,GT,2023-10-01,SKU023,FY_BASE
2631606,5482512,0,137063,194,EC,2023-10-01,SKU023,FY_BASE
2514758,5239080,0,130977,173,CV,2023-10-01,SKU023,FY_BASE
2770307,5771472,0,144287,187,FS,2023-10-01,SKU023,FY_BASE
3181982,6300779,0,157519,186,MT,2023-10-01,SKU024,FY_BASE
4037834,7995488,0,199887,231,GT,2023-10-01,SKU024,FY_BASE
2789324,5523260,0,138082,176,EC,2023-10-01,SKU024,FY_BASE
3184242,6305253,0,157631,188,CV,2023-10-01,SKU024,FY_BASE
3251633,6438698,0,160967,188,FS,2023-10-01,SKU024,FY_BASE
4041734,7625914,0,190648,205,MT,2023-10-01,SKU025,FY_BASE
3703160,6987094,0,174677,184,GT,2023-10-01,SKU025,FY_BASE
3158511,5959454,0,148986,173,EC,2023-10-01,SKU025,FY_BASE
4060942,7662154,0,191554,208,CV,2023-10-01,SKU025,FY_BASE
3392908,6401714,0,160043,170,FS,2023-10-01,SKU025,FY_BASE
4251459,9887115,0,247178,244,MT,2023-10-01,SKU026,FY_BASE
3330208,7744669,0,193617,187,GT,2023-10-01,SKU026,FY_BASE
3655687,8501598,0,212540,227,EC,2023-10-01,SKU026,FY_BASE
3481607,8096760,0,202419,202,CV,2023-10-01,SKU026,FY_BASE
3536774,8225056,0,205626,201,FS,2023-10-01,SKU026,FY_BASE
5016026,11024234,0,275606,251,MT,2023-10-01,SKU027,FY_BASE
3706886,8147002,0,203675,182,GT,2023-10-01,SKU027,FY_BASE
4710135,10351946,0,258799,255,EC,2023-10-01,SKU027,FY_BASE
3945881,8672265,0,216807,200,CV,2023-10-01,SKU027,FY_BASE
4538367,9974433,0,249361,225,FS,2023-10-01,SKU027,FY_BASE
1680769,3501603,0,87540,204,MT,2023-10-01,SKU028,FY_BASE
1786730,3722355,0,93059,212,GT,2023-10-01,SKU028,FY_BASE
1656312,3450649,0,86266,217,EC,2023-10-01,SKU028,FY_BASE
1817484,3786426,0,94661,223,CV,2023-10-01,SKU028,FY_BASE
1890968,3939516,0,98488,227,FS,2023-10-01,SKU028,FY_BASE
2264675,4484298,0,112107,218,MT,2023-10-01,SKU029,FY_BASE
1823004,3609742,0,90244,172,GT,2023-10-01,SKU029,FY_BASE
2131786,4221164,0,105529,223,EC,2023-10-01,SKU029,FY_BASE
2477985,4906676,0,122667,242,CV,2023-10-01,SKU029,FY_BASE
2431413,4814457,0,120361,232,FS,2023-10-01,SKU029,FY_BASE
3029308,5715675,0,142892,239,MT,2023-10-01,SKU030,FY_BASE
3431866,6475219,0,161880,266,GT,2023-10-01,SKU030,FY_BASE
3251768,6135412,0,153385,278,EC,2023-10-01,SKU030,FY_BASE
3115913,5879081,0,146977,249,CV,2023-10-01,SKU030,FY_BASE
2926772,5522212,0,138055,229,FS,2023-10-01,SKU030,FY_BASE
2089079,4858324,0,121458,178,MT,2023-10-01,SKU031,FY_BASE
2697402,6273028,0,156826,226,GT,2023-10-01,SKU031,FY_BASE
3177820,7390278,0,184757,294,EC,2023-10-01,SKU031,FY_BASE
2979206,6928386,0,173210,257,CV,2023-10-01,SKU031,FY_BASE
2284798,5313483,0,132837,193,FS,2023-10-01,SKU031,FY_BASE
2817808,6192984,0,154825,203,MT,2023-10-01,SKU032,FY_BASE
3413428,7502040,0,187551,240,GT,2023-10-01,SKU032,FY_BASE
3006936,6608650,0,165216,234,EC,2023-10-01,SKU032,FY_BASE
3929628,8636544,0,215914,286,CV,2023-10-01,SKU032,FY_BASE
4293100,9435384,0,235885,306,FS,2023-10-01,SKU032,FY_BASE
4408410,9184187,0,229605,271,MT,2023-10-01,SKU033,FY_BASE
3768055,7850115,0,196253,227,GT,2023-10-01,SKU033,FY_BASE
4102993,8547903,0,213698,273,EC,2023-10-01,SKU033,FY_BASE
4142445,8630094,0,215752,257,CV,2023-10-01,SKU033,FY_BASE
4489103,9352298,0,233807,273,FS,2023-10-01,SKU033,FY_BASE
2626638,5201264,0,130032,140,MT,2023-10-01,SKU034,FY_BASE
1854974,3673215,0,91830,97,GT,2023-10-01,SKU034,FY_BASE
2662973,5273213,0,131830,153,EC,2023-10-01,SKU034,FY_BASE
3107236,6152942,0,153824,167,CV,2023-10-01,SKU034,FY_BASE
2993394,5927512,0,148188,158,FS,2023-10-01,SKU034,FY_BASE
2394216,4517389,0,112935,111,MT,2023-10-01,SKU035,FY_BASE
3205336,6047803,0,151195,146,GT,2023-10-01,SKU035,FY_BASE
2649271,4998625,0,124966,133,EC,2023-10-01,SKU035,FY_BASE
2838505,5355669,0,133892,133,CV,2023-10-01,SKU035,FY_BASE
2875756,5425954,0,135649,132,FS,2023-10-01,SKU035,FY_BASE
2756981,6411584,0,160290,146,MT,2023-10-01,SKU036,FY_BASE
2308474,5368545,0,134214,120,GT,2023-10-01,SKU036,FY_BASE
2344737,5452877,0,136322,134,EC,2023-10-01,SKU036,FY_BASE
2845872,6618308,0,165458,152,CV,2023-10-01,SKU036,FY_BASE
2545345,5919406,0,147985,133,FS,2023-10-01,SKU036,FY_BASE
1317201,3063258,0,76581,173,MT,2023-11-01,SKU001,FY_BASE
1271434,2956824,0,73921,164,GT,2023-11-01,SKU001,FY_BASE
1150159,2674788,0,66870,164,EC,2023-11-01,SKU001,FY_BASE
1279710,2976070,0,74402,170,CV,2023-11-01,SKU001,FY_BASE
1056728,2457508,0,61438,138,FS,2023-11-01,SKU001,FY_BASE
1483106,3259740,0,81494,154,MT,2023-11-01,SKU002,FY_BASE
1586269,3486483,0,87162,162,GT,2023-11-01,SKU002,FY_BASE
1612004,3543047,0,88576,182,EC,2023-11-01,SKU002,FY_BASE
1217988,2677034,0,66926,128,CV,2023-11-01,SKU002,FY_BASE
1366103,3002578,0,75064,141,FS,2023-11-01,SKU002,FY_BASE
1967911,4099815,0,102495,167,MT,2023-11-01,SKU003,FY_BASE
2059668,4290975,0,107274,171,GT,2023-11-01,SKU003,FY_BASE
1874638,3905496,0,97637,172,EC,2023-11-01,SKU003,FY_BASE
2020788,4209975,0,105249,173,CV,2023-11-01,SKU003,FY_BASE
2101075,4377240,0,109431,176,FS,2023-11-01,SKU003,FY_BASE
2805499,5555637,0,138891,198,MT,2023-11-01,SKU004,FY_BASE
2333836,4621617,0,115540,162,GT,2023-11-01,SKU004,FY_BASE
2782976,5511036,0,137776,213,EC,2023-11-01,SKU004,FY_BASE
2790810,5526549,0,138164,200,CV,2023-11-01,SKU004,FY_BASE
1919916,3801946,0,95049,134,FS,2023-11-01,SKU004,FY_BASE
3166151,5973869,0,149347,190,MT,2023-11-01,SKU005,FY_BASE
3625353,6840288,0,171007,213,GT,2023-11-01,SKU005,FY_BASE
2746421,5181926,0,129548,178,EC,2023-11-01,SKU005,FY_BASE
2925285,5519405,0,137985,177,CV,2023-11-01,SKU005,FY_BASE
3570494,6736781,0,168420,212,FS,2023-11-01,SKU005,FY_BASE
3196098,7432785,0,185820,213,MT,2023-11-01,SKU006,FY_BASE
3793475,8822034,0,220551,248,GT,2023-11-01,SKU006,FY_BASE
3155360,7338046,0,183451,228,EC,2023-11-01,SKU006,FY_BASE
2804303,6521634,0,163041,189,CV,2023-11-01,SKU006,FY_BASE
3754567,8731552,0,218289,248,FS,2023-11-01,SKU006,FY_BASE
4136296,9090760,0,227269,237,MT,2023-11-01,SKU007,FY_BASE
2970992,6529653,0,163241,167,GT,2023-11-01,SKU007,FY_BASE
3583474,7875766,0,196894,223,EC,2023-11-01,SKU007,FY_BASE
3839436,8438321,0,210958,223,CV,2023-11-01,SKU007,FY_BASE
4198102,9226597,0,230665,238,FS,2023-11-01,SKU007,FY_BASE
4965572,10344942,0,258624,248,MT,2023-11-01,SKU008,FY_BASE
3780691,7876440,0,196911,185,GT,2023-11-01,SKU008,FY_BASE
3983606,8299179,0,207479,215,EC,2023-11-01,SKU008,FY_BASE
4122408,8588349,0,214709,208,CV,2023-11-01,SKU008,FY_BASE
5442785,11339136,0,283478,269,FS,2023-11-01,SKU008,FY_BASE
5295032,10485212,0,262130,232,MT,2023-11-01,SKU009,FY_BASE
5797302,11479806,0,286995,249,GT,2023-11-01,SKU009,FY_BASE
4314954,8544463,0,213612,205,EC,2023-11-01,SKU009,FY_BASE
5334421,10563210,0,264080,236,CV,2023-11-01,SKU009,FY_BASE
5786263,11457947,0,286449,251,FS,2023-11-01,SKU009,FY_BASE
2430370,4585604,0,114640,259,MT,2023-11-01,SKU010,FY_BASE
2400903,4530006,0,113250,251,GT,2023-11-01,SKU010,FY_BASE
2062845,3892160,0,97304,238,EC,2023-11-01,SKU010,FY_BASE
2327029,4390621,0,109766,251,CV,2023-11-01,SKU010,FY_BASE
2117771,3995795,0,99895,224,FS,2023-11-01,SKU010,FY_BASE
2555459,5942927,0,148573,281,MT,2023-11-01,SKU011,FY_BASE
2424011,5637235,0,140931,261,GT,2023-11-01,SKU011,FY_BASE
2016669,4689929,0,117248,240,EC,2023-11-01,SKU011,FY_BASE
2226765,5178524,0,129463,248,CV,2023-11-01,SKU011,FY_BASE
2158271,5019235,0,125481,235,FS,2023-11-01,SKU011,FY_BASE
2757061,6059475,0,151487,247,MT,2023-11-01,SKU012,FY_BASE
2707000,5949450,0,148736,237,GT,2023-11-01,SKU012,FY_BASE
2253757,4953312,0,123833,218,EC,2023-11-01,SKU012,FY_BASE
2252209,4949910,0,123748,204,CV,2023-11-01,SKU012,FY_BASE
2205035,4846230,0,121156,195,FS,2023-11-01,SKU012,FY_BASE
3710812,7730858,0,193271,276,MT,2023-11-01,SKU013,FY_BASE
3932576,8192867,0,204822,287,GT,2023-11-01,SKU013,FY_BASE
2905918,6053995,0,151350,234,EC,2023-11-01,SKU013,FY_BASE
2931980,6108291,0,152707,220,CV,2023-11-01,SKU013,FY_BASE
3935014,8197945,0,204949,290,FS,2023-11-01,SKU013,FY_BASE
4533540,8977306,0,224433,286,MT,2023-11-01,SKU014,FY_BASE
4322186,8558784,0,213970,267,GT,2023-11-01,SKU014,FY_BASE
3848342,7620480,0,190512,262,EC,2023-11-01,SKU014,FY_BASE
3743887,7413638,0,185341,238,CV,2023-11-01,SKU014,FY_BASE
4917850,9738317,0,243458,307,FS,2023-11-01,SKU014,FY_BASE
5142534,9702895,0,242572,278,MT,2023-11-01,SKU015,FY_BASE
5309668,10018242,0,250456,281,GT,2023-11-01,SKU015,FY_BASE
4211768,7946732,0,198668,247,EC,2023-11-01,SKU015,FY_BASE
4743040,8949132,0,223728,259,CV,2023-11-01,SKU015,FY_BASE
5412082,10211476,0,255287,290,FS,2023-11-01,SKU015,FY_BASE
5033304,11705359,0,292634,306,MT,2023-11-01,SKU016,FY_BASE
4238114,9856080,0,246402,252,GT,2023-11-01,SKU016,FY_BASE
4137378,9621809,0,240545,272,EC,2023-11-01,SKU016,FY_BASE
5254447,12219644,0,305491,322,CV,2023-11-01,SKU016,FY_BASE
4666544,10852429,0,271311,280,FS,2023-11-01,SKU016,FY_BASE
2712549,5961492,0,149037,143,MT,2023-11-01,SKU017,FY_BASE
3095163,6802380,0,170060,160,GT,2023-11-01,SKU017,FY_BASE
2486782,5465313,0,136633,142,EC,2023-11-01,SKU017,FY_BASE
2802564,6159321,0,153983,149,CV,2023-11-01,SKU017,FY_BASE
3305266,7264134,0,181603,172,FS,2023-11-01,SKU017,FY_BASE
3188264,6642216,0,166055,147,MT,2023-11-01,SKU018,FY_BASE
3603787,7507890,0,187697,163,GT,2023-11-01,SKU018,FY_BASE
2755261,5740127,0,143503,138,EC,2023-11-01,SKU018,FY_BASE
4078808,8497516,0,212438,190,CV,2023-11-01,SKU018,FY_BASE
3382731,7047356,0,176184,154,FS,2023-11-01,SKU018,FY_BASE
1743829,3453127,0,86328,195,MT,2023-11-01,SKU019,FY_BASE
1703775,3373812,0,84345,187,GT,2023-11-01,SKU019,FY_BASE
1246863,2469036,0,61726,151,EC,2023-11-01,SKU019,FY_BASE
1298816,2571912,0,64298,147,CV,2023-11-01,SKU019,FY_BASE
1364198,2701382,0,67535,151,FS,2023-11-01,SKU019,FY_BASE
1739415,3281915,0,82048,155,MT,2023-11-01,SKU020,FY_BASE
2039819,3848715,0,96218,178,GT,2023-11-01,SKU020,FY_BASE
1313385,2478085,0,61952,127,EC,2023-11-01,SKU020,FY_BASE
1953796,3686407,0,92160,176,CV,2023-11-01,SKU020,FY_BASE
1805132,3405910,0,85148,160,FS,2023-11-01,SKU020,FY_BASE
2272948,5285925,0,132148,215,MT,2023-11-01,SKU021,FY_BASE
1946997,4527900,0,113198,181,GT,2023-11-01,SKU021,FY_BASE
1802244,4191264,0,104782,185,EC,2023-11-01,SKU021,FY_BASE
2095547,4873365,0,121834,201,CV,2023-11-01,SKU021,FY_BASE
2274341,5289165,0,132229,213,FS,2023-11-01,SKU021,FY_BASE
2675039,5878980,0,146974,210,MT,2023-11-01,SKU022,FY_BASE
2580853,5671985,0,141800,198,GT,2023-11-01,SKU022,FY_BASE
1642922,3610679,0,90267,140,EC,2023-11-01,SKU022,FY_BASE
2673498,5875594,0,146890,212,CV,2023-11-01,SKU022,FY_BASE
2040802,4485107,0,112128,159,FS,2023-11-01,SKU022,FY_BASE
2740718,5709830,0,142746,182,MT,2023-11-01,SKU023,FY_BASE
2684897,5593536,0,139838,174,GT,2023-11-01,SKU023,FY_BASE
3321310,6919396,0,172985,238,EC,2023-11-01,SKU023,FY_BASE
3103931,6466522,0,161663,208,CV,2023-11-01,SKU023,FY_BASE
3057564,6369926,0,159248,201,FS,2023-11-01,SKU023,FY_BASE
2625713,5199287,0,129982,149,MT,2023-11-01,SKU024,FY_BASE
4209835,8336075,0,208402,234,GT,2023-11-01,SKU024,FY_BASE
3893669,7710021,0,192751,239,EC,2023-11-01,SKU024,FY_BASE
3567977,7065104,0,176628,205,CV,2023-11-01,SKU024,FY_BASE
3923758,7769601,0,194240,220,FS,2023-11-01,SKU024,FY_BASE
4391722,8286268,0,207157,216,MT,2023-11-01,SKU025,FY_BASE
4070150,7679529,0,191988,196,GT,2023-11-01,SKU025,FY_BASE
4351361,8210115,0,205253,232,EC,2023-11-01,SKU025,FY_BASE
4134777,7801466,0,195037,206,CV,2023-11-01,SKU025,FY_BASE
4071490,7682056,0,192051,198,FS,2023-11-01,SKU025,FY_BASE
3807465,8854569,0,221364,212,MT,2023-11-01,SKU026,FY_BASE
3694766,8592480,0,214812,202,GT,2023-11-01,SKU026,FY_BASE
3812359,8865952,0,221649,230,EC,2023-11-01,SKU026,FY_BASE
4569609,10626998,0,265675,257,CV,2023-11-01,SKU026,FY_BASE
4418720,10276092,0,256902,244,FS,2023-11-01,SKU026,FY_BASE
5958068,13094654,0,327366,290,MT,2023-11-01,SKU027,FY_BASE
4650290,10220418,0,255510,222,GT,2023-11-01,SKU027,FY_BASE
5702005,12531879,0,313297,300,EC,2023-11-01,SKU027,FY_BASE
5404373,11877743,0,296944,266,CV,2023-11-01,SKU027,FY_BASE
5693257,12512653,0,312816,274,FS,2023-11-01,SKU027,FY_BASE
2005042,4177170,0,104429,236,MT,2023-11-01,SKU028,FY_BASE
1692213,3525444,0,88136,195,GT,2023-11-01,SKU028,FY_BASE
1695404,3532092,0,88302,216,EC,2023-11-01,SKU028,FY_BASE
1922320,4004834,0,100121,229,CV,2023-11-01,SKU028,FY_BASE
2143097,4464785,0,111620,250,FS,2023-11-01,SKU028,FY_BASE
2463767,4878522,0,121963,231,MT,2023-11-01,SKU029,FY_BASE
2858368,5659875,0,141497,262,GT,2023-11-01,SKU029,FY_BASE
2089265,4136968,0,103424,212,EC,2023-11-01,SKU029,FY_BASE
2648521,5244354,0,131109,251,CV,2023-11-01,SKU029,FY_BASE
3157222,6251637,0,156291,293,FS,2023-11-01,SKU029,FY_BASE
3061195,5775840,0,144396,235,MT,2023-11-01,SKU030,FY_BASE
3278779,6186375,0,154659,247,GT,2023-11-01,SKU030,FY_BASE
3622348,6834618,0,170865,301,EC,2023-11-01,SKU030,FY_BASE
3150847,5944995,0,148625,245,CV,2023-11-01,SKU030,FY_BASE
3093250,5836320,0,145908,235,FS,2023-11-01,SKU030,FY_BASE
4209056,9788502,0,244713,350,MT,2023-11-01,SKU031,FY_BASE
3355174,7802730,0,195068,273,GT,2023-11-01,SKU031,FY_BASE
2789996,6488362,0,162209,251,EC,2023-11-01,SKU031,FY_BASE
4064922,9453308,0,236333,341,CV,2023-11-01,SKU031,FY_BASE
3882737,9029621,0,225741,319,FS,2023-11-01,SKU031,FY_BASE
3964536,8713267,0,217832,277,MT,2023-11-01,SKU032,FY_BASE
3924910,8626176,0,215654,269,GT,2023-11-01,SKU032,FY_BASE
3883397,8534938,0,213373,294,EC,2023-11-01,SKU032,FY_BASE
3254326,7152365,0,178809,230,CV,2023-11-01,SKU032,FY_BASE
4567504,10038470,0,250962,316,FS,2023-11-01,SKU032,FY_BASE
4762840,9922584,0,248065,285,MT,2023-11-01,SKU033,FY_BASE
5221448,10878017,0,271950,306,GT,2023-11-01,SKU033,FY_BASE
4820792,10043316,0,251083,312,EC,2023-11-01,SKU033,FY_BASE
5478173,11412860,0,285322,331,CV,2023-11-01,SKU033,FY_BASE
5132376,10692450,0,267311,303,FS,2023-11-01,SKU033,FY_BASE
3168894,6275038,0,156876,164,MT,2023-11-01,SKU034,FY_BASE
2986392,5913648,0,147841,151,GT,2023-11-01,SKU034,FY_BASE
2851622,5646776,0,141169,160,EC,2023-11-01,SKU034,FY_BASE
2773899,5492869,0,137322,145,CV,2023-11-01,SKU034,FY_BASE
3776808,7478827,0,186971,193,FS,2023-11-01,SKU034,FY_BASE
3856559,7276527,0,181913,174,MT,2023-11-01,SKU035,FY_BASE
4174513,7876440,0,196911,185,GT,2023-11-01,SKU035,FY_BASE
3368657,6355957,0,158899,165,EC,2023-11-01,SKU035,FY_BASE
3425364,6462950,0,161574,156,CV,2023-11-01,SKU035,FY_BASE
3333529,6289677,0,157242,149,FS,2023-11-01,SKU035,FY_BASE
3549790,8255326,0,206383,183,MT,2023-11-01,SKU036,FY_BASE
3499161,8137584,0,203440,176,GT,2023-11-01,SKU036,FY_BASE
2732037,6353575,0,158839,152,EC,2023-11-01,SKU036,FY_BASE
3310745,7699406,0,192485,172,CV,2023-11-01,SKU036,FY_BASE
3483887,8102063,0,202552,177,FS,2023-11-01,SKU036,FY_BASE
1189472,2766215,0,69155,156,MT,2023-12-01,SKU001,FY_BASE
1426288,3316950,0,82924,184,GT,2023-12-01,SKU001,FY_BASE
1069058,2486182,0,62155,152,EC,2023-12-01,SKU001,FY_BASE
1256012,2920957,0,73024,167,CV,2023-12-01,SKU001,FY_BASE
1298727,3020296,0,75507,169,FS,2023-12-01,SKU001,FY_BASE
1513373,3326265,0,83157,158,MT,2023-12-01,SKU002,FY_BASE
1627470,3577041,0,89426,166,GT,2023-12-01,SKU002,FY_BASE
1537461,3379207,0,84480,173,EC,2023-12-01,SKU002,FY_BASE
1687213,3708350,0,92709,177,CV,2023-12-01,SKU002,FY_BASE
1753506,3854056,0,96351,181,FS,2023-12-01,SKU002,FY_BASE
2116433,4409235,0,110231,180,MT,2023-12-01,SKU003,FY_BASE
2438748,5080725,0,127018,203,GT,2023-12-01,SKU003,FY_BASE
2057530,4286520,0,107163,189,EC,2023-12-01,SKU003,FY_BASE
2535170,5281605,0,132040,217,CV,2023-12-01,SKU003,FY_BASE
1738390,3621645,0,90541,146,FS,2023-12-01,SKU003,FY_BASE
2627372,5202898,0,130072,186,MT,2023-12-01,SKU004,FY_BASE
2561157,5071775,0,126794,177,GT,2023-12-01,SKU004,FY_BASE
2769267,5483888,0,137097,212,EC,2023-12-01,SKU004,FY_BASE
2746745,5439287,0,135982,196,CV,2023-12-01,SKU004,FY_BASE
2894874,5732622,0,143316,203,FS,2023-12-01,SKU004,FY_BASE
3568479,6732979,0,168324,214,MT,2023-12-01,SKU005,FY_BASE
2821703,5323968,0,133099,166,GT,2023-12-01,SKU005,FY_BASE
3231084,6096384,0,152410,210,EC,2023-12-01,SKU005,FY_BASE
3652278,6891091,0,172277,222,CV,2023-12-01,SKU005,FY_BASE
4189144,7904045,0,197601,249,FS,2023-12-01,SKU005,FY_BASE
3353540,7798931,0,194973,224,MT,2023-12-01,SKU006,FY_BASE
3343401,7775352,0,194384,218,GT,2023-12-01,SKU006,FY_BASE
3111737,7236598,0,180915,225,EC,2023-12-01,SKU006,FY_BASE
3630014,8441892,0,211047,245,CV,2023-12-01,SKU006,FY_BASE
3325019,7732602,0,193315,219,FS,2023-12-01,SKU006,FY_BASE
4667059,10257273,0,256432,268,MT,2023-12-01,SKU007,FY_BASE
4634000,10184616,0,254615,260,GT,2023-12-01,SKU007,FY_BASE
2789024,6129724,0,153243,173,EC,2023-12-01,SKU007,FY_BASE
3984320,8756748,0,218919,231,CV,2023-12-01,SKU007,FY_BASE
3902200,8576264,0,214407,222,FS,2023-12-01,SKU007,FY_BASE
4229153,8810735,0,220268,211,MT,2023-12-01,SKU008,FY_BASE
4274759,8905747,0,222644,209,GT,2023-12-01,SKU008,FY_BASE
4313954,8987404,0,224685,233,EC,2023-12-01,SKU008,FY_BASE
4288969,8935353,0,223384,216,CV,2023-12-01,SKU008,FY_BASE
4911263,10231798,0,255795,243,FS,2023-12-01,SKU008,FY_BASE
4887722,9678658,0,241966,214,MT,2023-12-01,SKU009,FY_BASE
5454845,10801674,0,270042,234,GT,2023-12-01,SKU009,FY_BASE
4823897,9552272,0,238807,229,EC,2023-12-01,SKU009,FY_BASE
5476672,10844896,0,271122,243,CV,2023-12-01,SKU009,FY_BASE
5931525,11745594,0,293640,257,FS,2023-12-01,SKU009,FY_BASE
2479568,4678430,0,116961,265,MT,2023-12-01,SKU010,FY_BASE
2230128,4207788,0,105195,233,GT,2023-12-01,SKU010,FY_BASE
1908359,3600677,0,90017,220,EC,2023-12-01,SKU010,FY_BASE
2122562,4004834,0,100121,229,CV,2023-12-01,SKU010,FY_BASE
2008403,3789439,0,94736,212,FS,2023-12-01,SKU010,FY_BASE
2307541,5366374,0,134159,254,MT,2023-12-01,SKU011,FY_BASE
2394806,5569317,0,139233,258,GT,2023-12-01,SKU011,FY_BASE
2043089,4751369,0,118784,244,EC,2023-12-01,SKU011,FY_BASE
2415474,5617382,0,140435,269,CV,2023-12-01,SKU011,FY_BASE
2206447,5131271,0,128282,240,FS,2023-12-01,SKU011,FY_BASE
3179419,6987735,0,174693,285,MT,2023-12-01,SKU012,FY_BASE
2934579,6449625,0,161241,257,GT,2023-12-01,SKU012,FY_BASE
2589653,5691546,0,142289,251,EC,2023-12-01,SKU012,FY_BASE
3134518,6889050,0,172226,284,CV,2023-12-01,SKU012,FY_BASE
2797786,6148980,0,153724,248,FS,2023-12-01,SKU012,FY_BASE
3555607,7407515,0,185188,265,MT,2023-12-01,SKU013,FY_BASE
3817336,7952783,0,198820,278,GT,2023-12-01,SKU013,FY_BASE
3166538,6596954,0,164924,255,EC,2023-12-01,SKU013,FY_BASE
4230428,8813391,0,220335,318,CV,2023-12-01,SKU013,FY_BASE
3592838,7485080,0,187127,265,FS,2023-12-01,SKU013,FY_BASE
5000227,9901440,0,247536,315,MT,2023-12-01,SKU014,FY_BASE
4815664,9535968,0,238399,297,GT,2023-12-01,SKU014,FY_BASE
4402504,8717829,0,217946,300,EC,2023-12-01,SKU014,FY_BASE
4057252,8034163,0,200854,258,CV,2023-12-01,SKU014,FY_BASE
3941017,7803994,0,195100,246,FS,2023-12-01,SKU014,FY_BASE
5782926,10911181,0,272780,313,MT,2023-12-01,SKU015,FY_BASE
4536992,8560363,0,214009,240,GT,2023-12-01,SKU015,FY_BASE
4821130,9096472,0,227412,282,EC,2023-12-01,SKU015,FY_BASE
5722371,10796927,0,269923,313,CV,2023-12-01,SKU015,FY_BASE
5059120,9545510,0,238638,271,FS,2023-12-01,SKU015,FY_BASE
4808449,11182439,0,279561,292,MT,2023-12-01,SKU016,FY_BASE
5050420,11745162,0,293629,300,GT,2023-12-01,SKU016,FY_BASE
4872201,11330701,0,283268,320,EC,2023-12-01,SKU016,FY_BASE
5066177,11781806,0,294545,311,CV,2023-12-01,SKU016,FY_BASE
5173398,12031157,0,300779,311,FS,2023-12-01,SKU016,FY_BASE
2453261,5391643,0,134791,129,MT,2023-12-01,SKU017,FY_BASE
3298792,7249905,0,181248,170,GT,2023-12-01,SKU017,FY_BASE
3076241,6760795,0,169020,175,EC,2023-12-01,SKU017,FY_BASE
2782827,6115946,0,152899,148,CV,2023-12-01,SKU017,FY_BASE
2942493,6466851,0,161671,153,FS,2023-12-01,SKU017,FY_BASE
2368425,4934218,0,123355,109,MT,2023-12-01,SKU018,FY_BASE
4185043,8718840,0,217971,189,GT,2023-12-01,SKU018,FY_BASE
3575529,7449019,0,186225,178,EC,2023-12-01,SKU018,FY_BASE
2929530,6103188,0,152580,136,CV,2023-12-01,SKU018,FY_BASE
3451766,7191180,0,179780,158,FS,2023-12-01,SKU018,FY_BASE
1396939,2766215,0,69155,156,MT,2023-12-01,SKU019,FY_BASE
1397478,2767284,0,69182,153,GT,2023-12-01,SKU019,FY_BASE
1471991,2914834,0,72871,178,EC,2023-12-01,SKU019,FY_BASE
1521470,3012811,0,75320,172,CV,2023-12-01,SKU019,FY_BASE
1231568,2438748,0,60969,136,FS,2023-12-01,SKU019,FY_BASE
2385819,4501546,0,112539,213,MT,2023-12-01,SKU020,FY_BASE
1703849,3214809,0,80370,149,GT,2023-12-01,SKU020,FY_BASE
2138321,4034568,0,100864,207,EC,2023-12-01,SKU020,FY_BASE
1604904,3028120,0,75703,145,CV,2023-12-01,SKU020,FY_BASE
2030774,3831649,0,95791,180,FS,2023-12-01,SKU020,FY_BASE
2095547,4873365,0,121834,198,MT,2023-12-01,SKU021,FY_BASE
2252630,5238675,0,130967,209,GT,2023-12-01,SKU021,FY_BASE
1638403,3810240,0,95256,168,EC,2023-12-01,SKU021,FY_BASE
1810289,4209975,0,105249,173,CV,2023-12-01,SKU021,FY_BASE
2207119,5132835,0,128321,207,FS,2023-12-01,SKU021,FY_BASE
2568038,5643821,0,141096,202,MT,2023-12-01,SKU022,FY_BASE
2867614,6302205,0,157555,220,GT,2023-12-01,SKU022,FY_BASE
2470560,5429592,0,135740,210,EC,2023-12-01,SKU022,FY_BASE
2223504,4886633,0,122166,176,CV,2023-12-01,SKU022,FY_BASE
2581412,5673215,0,141830,201,FS,2023-12-01,SKU022,FY_BASE
3168461,6600960,0,165024,210,MT,2023-12-01,SKU023,FY_BASE
3250990,6772896,0,169322,211,GT,2023-12-01,SKU023,FY_BASE
2779951,5791565,0,144789,200,EC,2023-12-01,SKU023,FY_BASE
3574223,7446298,0,186157,239,CV,2023-12-01,SKU023,FY_BASE
3601843,7503840,0,187596,236,FS,2023-12-01,SKU023,FY_BASE
3938570,7798931,0,194973,224,MT,2023-12-01,SKU024,FY_BASE
3511342,6952959,0,173824,195,GT,2023-12-01,SKU024,FY_BASE
4081521,8081995,0,202050,251,EC,2023-12-01,SKU024,FY_BASE
3494788,6920179,0,173004,201,CV,2023-12-01,SKU024,FY_BASE
4035866,7991590,0,199790,227,FS,2023-12-01,SKU024,FY_BASE
5628226,10619294,0,265482,277,MT,2023-12-01,SKU025,FY_BASE
4222509,7966998,0,199175,204,GT,2023-12-01,SKU025,FY_BASE
4390739,8284414,0,207110,234,EC,2023-12-01,SKU025,FY_BASE
4472310,8438321,0,210958,223,CV,2023-12-01,SKU025,FY_BASE
4933181,9307888,0,232697,240,FS,2023-12-01,SKU025,FY_BASE
4448325,10344942,0,258624,248,MT,2023-12-01,SKU026,FY_BASE
4406779,10248323,0,256208,240,GT,2023-12-01,SKU026,FY_BASE
3777544,8784985,0,219625,228,EC,2023-12-01,SKU026,FY_BASE
4121974,9585986,0,239650,232,CV,2023-12-01,SKU026,FY_BASE
4513951,10497560,0,262439,249,FS,2023-12-01,SKU026,FY_BASE
5137754,11291767,0,282294,250,MT,2023-12-01,SKU027,FY_BASE
5046997,11092302,0,277308,240,GT,2023-12-01,SKU027,FY_BASE
5004207,10998258,0,274956,264,EC,2023-12-01,SKU027,FY_BASE
4635371,10187629,0,254691,228,CV,2023-12-01,SKU027,FY_BASE
5191553,11410006,0,285250,250,FS,2023-12-01,SKU027,FY_BASE
2281292,4752691,0,118817,269,MT,2023-12-01,SKU028,FY_BASE
2128913,4435236,0,110881,246,GT,2023-12-01,SKU028,FY_BASE
1909388,3977891,0,99447,244,EC,2023-12-01,SKU028,FY_BASE
2301494,4794779,0,119869,274,CV,2023-12-01,SKU028,FY_BASE
2431244,5065092,0,126627,284,FS,2023-12-01,SKU028,FY_BASE
3001316,5942927,0,148573,281,MT,2023-12-01,SKU029,FY_BASE
2904102,5750433,0,143761,267,GT,2023-12-01,SKU029,FY_BASE
1965151,3891208,0,97280,200,EC,2023-12-01,SKU029,FY_BASE
2881235,5705154,0,142629,273,CV,2023-12-01,SKU029,FY_BASE
2863000,5669046,0,141726,266,FS,2023-12-01,SKU029,FY_BASE
3457511,6523605,0,163090,266,MT,2023-12-01,SKU030,FY_BASE
3222970,6081075,0,152027,243,GT,2023-12-01,SKU030,FY_BASE
3130112,5905872,0,147647,260,EC,2023-12-01,SKU030,FY_BASE
3691765,6965595,0,174140,287,CV,2023-12-01,SKU030,FY_BASE
3024204,5706045,0,142651,230,FS,2023-12-01,SKU030,FY_BASE
3096753,7201751,0,180044,257,MT,2023-12-01,SKU031,FY_BASE
3445505,8012803,0,200320,280,GT,2023-12-01,SKU031,FY_BASE
3233594,7519985,0,188000,291,EC,2023-12-01,SKU031,FY_BASE
3702206,8609782,0,215245,311,CV,2023-12-01,SKU031,FY_BASE
3256901,7574188,0,189355,268,FS,2023-12-01,SKU031,FY_BASE
4129726,9076320,0,226908,289,MT,2023-12-01,SKU032,FY_BASE
3587613,7884864,0,197122,246,GT,2023-12-01,SKU032,FY_BASE
4424298,9723732,0,243093,335,EC,2023-12-01,SKU032,FY_BASE
3343486,7348320,0,183708,236,CV,2023-12-01,SKU032,FY_BASE
3641864,8004096,0,200102,252,FS,2023-12-01,SKU032,FY_BASE
5079191,10581648,0,264541,303,MT,2023-12-01,SKU033,FY_BASE
4862586,10130387,0,253260,285,GT,2023-12-01,SKU033,FY_BASE
4837023,10077132,0,251928,313,EC,2023-12-01,SKU033,FY_BASE
5252089,10941853,0,273546,317,CV,2023-12-01,SKU033,FY_BASE
5469799,11395415,0,284885,323,FS,2023-12-01,SKU033,FY_BASE
2803252,5550995,0,138775,145,MT,2023-12-01,SKU034,FY_BASE
2716787,5379777,0,134494,138,GT,2023-12-01,SKU034,FY_BASE
2739058,5423877,0,135597,153,EC,2023-12-01,SKU034,FY_BASE
2995007,5930707,0,148268,156,CV,2023-12-01,SKU034,FY_BASE
3058393,6056224,0,151406,156,FS,2023-12-01,SKU034,FY_BASE
3229287,6092995,0,152325,146,MT,2023-12-01,SKU035,FY_BASE
3984763,7518420,0,187960,176,GT,2023-12-01,SKU035,FY_BASE
3669047,6922730,0,173068,180,EC,2023-12-01,SKU035,FY_BASE
2919605,5508688,0,137717,133,CV,2023-12-01,SKU035,FY_BASE
3403956,6422558,0,160564,152,FS,2023-12-01,SKU035,FY_BASE
3182570,7401326,0,185033,164,MT,2023-12-01,SKU036,FY_BASE
3332534,7750080,0,193752,168,GT,2023-12-01,SKU036,FY_BASE
3014662,7010842,0,175271,168,EC,2023-12-01,SKU036,FY_BASE
3088683,7182983,0,179575,161,CV,2023-12-01,SKU036,FY_BASE
3195281,7430886,0,185772,163,FS,2023-12-01,SKU036,FY_BASE
915832,2129841,0,53246,124,MT,2024-01-01,SKU001,FY_BASE
1006326,2340292,0,58507,133,GT,2024-01-01,SKU001,FY_BASE
824322,1917027,0,47926,121,EC,2024-01-01,SKU001,FY_BASE
990722,2304004,0,57600,135,CV,2024-01-01,SKU001,FY_BASE
1231281,2863444,0,71586,165,FS,2024-01-01,SKU001,FY_BASE
1638086,3600374,0,90009,175,MT,2024-01-01,SKU002,FY_BASE
1331905,2927413,0,73185,140,GT,2024-01-01,SKU002,FY_BASE
1195803,2628272,0,65707,139,EC,2024-01-01,SKU002,FY_BASE
1329748,2922672,0,73067,144,CV,2024-01-01,SKU002,FY_BASE
1635416,3594504,0,89863,173,FS,2024-01-01,SKU002,FY_BASE
2069676,4311825,0,107796,181,MT,2024-01-01,SKU003,FY_BASE
1339065,2789719,0,69743,114,GT,2024-01-01,SKU003,FY_BASE
1744772,3634942,0,90874,165,EC,2024-01-01,SKU003,FY_BASE
1893213,3944194,0,98605,167,CV,2024-01-01,SKU003,FY_BASE
1677942,3495712,0,87393,145,FS,2024-01-01,SKU003,FY_BASE
1991558,3943816,0,98595,145,MT,2024-01-01,SKU004,FY_BASE
1885928,3734640,0,93366,134,GT,2024-01-01,SKU004,FY_BASE
2012593,3985471,0,99637,159,EC,2024-01-01,SKU004,FY_BASE
2199191,4354985,0,108875,162,CV,2024-01-01,SKU004,FY_BASE
2362396,4678175,0,116954,170,FS,2024-01-01,SKU004,FY_BASE
2568003,4845288,0,121132,159,MT,2024-01-01,SKU005,FY_BASE
3038490,5733000,0,143325,184,GT,2024-01-01,SKU005,FY_BASE
2277465,4297104,0,107428,152,EC,2024-01-01,SKU005,FY_BASE
2944998,5556600,0,138915,184,CV,2024-01-01,SKU005,FY_BASE
2629262,4960872,0,124022,161,FS,2024-01-01,SKU005,FY_BASE
3199158,7439903,0,185998,219,MT,2024-01-01,SKU006,FY_BASE
3047371,7086910,0,177173,205,GT,2024-01-01,SKU006,FY_BASE
2516371,5852026,0,146301,187,EC,2024-01-01,SKU006,FY_BASE
2302298,5354181,0,133855,160,CV,2024-01-01,SKU006,FY_BASE
2351024,5467497,0,136687,160,FS,2024-01-01,SKU006,FY_BASE
2811420,6178946,0,154474,166,MT,2024-01-01,SKU007,FY_BASE
3596956,7905398,0,197635,208,GT,2024-01-01,SKU007,FY_BASE
2777286,6103925,0,152598,177,EC,2024-01-01,SKU007,FY_BASE
3750393,8242621,0,206066,224,CV,2024-01-01,SKU007,FY_BASE
3074601,6757364,0,168934,180,FS,2024-01-01,SKU007,FY_BASE
4029852,8395525,0,209888,207,MT,2024-01-01,SKU008,FY_BASE
4156015,8658365,0,216459,209,GT,2024-01-01,SKU008,FY_BASE
3740703,7793132,0,194828,208,EC,2024-01-01,SKU008,FY_BASE
4149590,8644979,0,216124,215,CV,2024-01-01,SKU008,FY_BASE
3658644,7622174,0,190554,186,FS,2024-01-01,SKU008,FY_BASE
5241123,10378462,0,259462,236,MT,2024-01-01,SKU009,FY_BASE
3638602,7205152,0,180129,161,GT,2024-01-01,SKU009,FY_BASE
4238121,8392318,0,209808,207,EC,2024-01-01,SKU009,FY_BASE
3964594,7850682,0,196267,181,CV,2024-01-01,SKU009,FY_BASE
5225391,10347309,0,258683,233,FS,2024-01-01,SKU009,FY_BASE
1913247,3609900,0,90248,210,MT,2024-01-01,SKU010,FY_BASE
1875182,3538080,0,88452,202,GT,2024-01-01,SKU010,FY_BASE
1943699,3667356,0,91684,231,EC,2024-01-01,SKU010,FY_BASE
1931077,3643542,0,91089,214,CV,2024-01-01,SKU010,FY_BASE
1933281,3647700,0,91192,210,FS,2024-01-01,SKU010,FY_BASE
1993141,4635212,0,115880,226,MT,2024-01-01,SKU011,FY_BASE
1741481,4049955,0,101249,193,GT,2024-01-01,SKU011,FY_BASE
1703797,3962319,0,99058,209,EC,2024-01-01,SKU011,FY_BASE
1275096,2965340,0,74134,146,CV,2024-01-01,SKU011,FY_BASE
1629944,3790568,0,94764,183,FS,2024-01-01,SKU011,FY_BASE
2965633,6517875,0,162947,273,MT,2024-01-01,SKU012,FY_BASE
2235870,4914000,0,122850,202,GT,2024-01-01,SKU012,FY_BASE
2127946,4676805,0,116920,212,EC,2024-01-01,SKU012,FY_BASE
2336377,5134894,0,128372,217,CV,2024-01-01,SKU012,FY_BASE
2512606,5522212,0,138055,229,FS,2024-01-01,SKU012,FY_BASE
2565195,5344156,0,133604,196,MT,2024-01-01,SKU013,FY_BASE
2632921,5485252,0,137131,197,GT,2024-01-01,SKU013,FY_BASE
2407119,5014832,0,125371,200,EC,2024-01-01,SKU013,FY_BASE
2294003,4779173,0,119479,177,CV,2024-01-01,SKU013,FY_BASE
3437592,7161651,0,179041,260,FS,2024-01-01,SKU013,FY_BASE
2997821,5936280,0,148407,194,MT,2024-01-01,SKU014,FY_BASE
3771986,7469280,0,186732,239,GT,2024-01-01,SKU014,FY_BASE
4190417,8297856,0,207446,294,EC,2024-01-01,SKU014,FY_BASE
4169038,8255520,0,206388,273,CV,2024-01-01,SKU014,FY_BASE
3438565,6809040,0,170226,220,FS,2024-01-01,SKU014,FY_BASE
4433684,8365442,0,209136,247,MT,2024-01-01,SKU015,FY_BASE
4834726,9122125,0,228053,264,GT,2024-01-01,SKU015,FY_BASE
4704634,8876668,0,221917,284,EC,2024-01-01,SKU015,FY_BASE
5526078,10426563,0,260664,311,CV,2024-01-01,SKU015,FY_BASE
5128296,9676030,0,241901,282,FS,2024-01-01,SKU015,FY_BASE
5095284,11849497,0,296237,318,MT,2024-01-01,SKU016,FY_BASE
4858625,11299129,0,282478,297,GT,2024-01-01,SKU016,FY_BASE
3354630,7801466,0,195037,227,EC,2024-01-01,SKU016,FY_BASE
4359688,10138810,0,253470,275,CV,2024-01-01,SKU016,FY_BASE
3942191,9167886,0,229197,244,FS,2024-01-01,SKU016,FY_BASE
2133030,4687856,0,117196,116,MT,2024-01-01,SKU017,FY_BASE
2593443,5699728,0,142493,138,GT,2024-01-01,SKU017,FY_BASE
2184888,4801828,0,120046,128,EC,2024-01-01,SKU017,FY_BASE
2340952,5144816,0,128620,128,CV,2024-01-01,SKU017,FY_BASE
1822263,4004871,0,100122,98,FS,2024-01-01,SKU017,FY_BASE
3210404,6688342,0,167209,152,MT,2024-01-01,SKU018,FY_BASE
2531693,5274360,0,131859,118,GT,2024-01-01,SKU018,FY_BASE
3067243,6390090,0,159752,158,EC,2024-01-01,SKU018,FY_BASE
2870063,5979298,0,149482,138,CV,2024-01-01,SKU018,FY_BASE
3087413,6432111,0,160803,145,FS,2024-01-01,SKU018,FY_BASE
1558664,3086464,0,77162,180,MT,2024-01-01,SKU019,FY_BASE
1274907,2524568,0,63114,144,GT,2024-01-01,SKU019,FY_BASE
1389011,2750517,0,68763,173,EC,2024-01-01,SKU019,FY_BASE
1298816,2571912,0,64298,151,CV,2024-01-01,SKU019,FY_BASE
1206568,2389244,0,59731,138,FS,2024-01-01,SKU019,FY_BASE
1931051,3643492,0,91087,177,MT,2024-01-01,SKU020,FY_BASE
1889832,3565721,0,89143,170,GT,2024-01-01,SKU020,FY_BASE
1456302,2747739,0,68693,145,EC,2024-01-01,SKU020,FY_BASE
1141975,2154670,0,53867,106,CV,2024-01-01,SKU020,FY_BASE
1858903,3507364,0,87684,169,FS,2024-01-01,SKU020,FY_BASE
1961880,4562512,0,114063,191,MT,2024-01-01,SKU021,FY_BASE
1683813,3915844,0,97896,161,GT,2024-01-01,SKU021,FY_BASE
1792004,4167450,0,104186,189,EC,2024-01-01,SKU021,FY_BASE
1728003,4018612,0,100465,170,CV,2024-01-01,SKU021,FY_BASE
1470479,3419719,0,85493,142,FS,2024-01-01,SKU021,FY_BASE
2418681,5315578,0,132889,195,MT,2024-01-01,SKU022,FY_BASE
2402954,5281015,0,132025,190,GT,2024-01-01,SKU022,FY_BASE
2065662,4539742,0,113494,181,EC,2024-01-01,SKU022,FY_BASE
2097402,4609497,0,115237,171,CV,2024-01-01,SKU022,FY_BASE
1839576,4042868,0,101072,147,FS,2024-01-01,SKU022,FY_BASE
2217923,4620672,0,115517,151,MT,2024-01-01,SKU023,FY_BASE
2437344,5077800,0,126945,163,GT,2024-01-01,SKU023,FY_BASE
2745405,5719594,0,142990,203,EC,2024-01-01,SKU023,FY_BASE
1828915,3810240,0,95256,126,CV,2024-01-01,SKU023,FY_BASE
2459036,5122992,0,128075,166,FS,2024-01-01,SKU023,FY_BASE
3110073,6158389,0,153960,182,MT,2024-01-01,SKU024,FY_BASE
3065083,6069302,0,151733,175,GT,2024-01-01,SKU024,FY_BASE
3104784,6147915,0,153698,196,EC,2024-01-01,SKU024,FY_BASE
3219819,6375702,0,159393,190,CV,2024-01-01,SKU024,FY_BASE
3578612,7086163,0,177154,207,FS,2024-01-01,SKU024,FY_BASE
3710105,7000198,0,175005,188,MT,2024-01-01,SKU025,FY_BASE
3703160,6987094,0,174677,184,GT,2024-01-01,SKU025,FY_BASE
4000780,7548641,0,188716,219,EC,2024-01-01,SKU025,FY_BASE
3876354,7313875,0,182847,198,CV,2024-01-01,SKU025,FY_BASE
4398215,8298518,0,207463,220,FS,2024-01-01,SKU025,FY_BASE
2455584,5710661,0,142767,141,MT,2024-01-01,SKU026,FY_BASE
2825063,6569915,0,164248,159,GT,2024-01-01,SKU026,FY_BASE
2860237,6651713,0,166293,177,EC,2024-01-01,SKU026,FY_BASE
3536007,8223271,0,205582,205,CV,2024-01-01,SKU026,FY_BASE
3944152,9172446,0,229311,224,FS,2024-01-01,SKU026,FY_BASE
4155536,9133047,0,228326,208,MT,2024-01-01,SKU027,FY_BASE
5056793,11113830,0,277846,248,GT,2024-01-01,SKU027,FY_BASE
3896038,8562721,0,214068,211,EC,2024-01-01,SKU027,FY_BASE
4465075,9813352,0,245334,226,CV,2024-01-01,SKU027,FY_BASE
4389916,9648166,0,241204,217,FS,2024-01-01,SKU027,FY_BASE
2087966,4349930,0,108748,253,MT,2024-01-01,SKU028,FY_BASE
1804421,3759210,0,93980,214,GT,2024-01-01,SKU028,FY_BASE
1128212,2350442,0,58761,148,EC,2024-01-01,SKU028,FY_BASE
1697462,3536379,0,88409,208,CV,2024-01-01,SKU028,FY_BASE
1759650,3665938,0,91648,211,FS,2024-01-01,SKU028,FY_BASE
1850936,3665051,0,91626,178,MT,2024-01-01,SKU029,FY_BASE
2189828,4336093,0,108402,207,GT,2024-01-01,SKU029,FY_BASE
2101619,4161430,0,104036,219,EC,2024-01-01,SKU029,FY_BASE
2542628,5034676,0,125867,248,CV,2024-01-01,SKU029,FY_BASE
2926497,5794777,0,144869,279,FS,2024-01-01,SKU029,FY_BASE
2776866,5239369,0,130984,219,MT,2024-01-01,SKU030,FY_BASE
3282655,6193688,0,154842,254,GT,2024-01-01,SKU030,FY_BASE
2564602,4838872,0,120972,219,EC,2024-01-01,SKU030,FY_BASE
2826672,5333344,0,133334,226,CV,2024-01-01,SKU030,FY_BASE
2899922,5471550,0,136789,227,FS,2024-01-01,SKU030,FY_BASE
2850979,6630183,0,165755,244,MT,2024-01-01,SKU031,FY_BASE
3274521,7615165,0,190379,274,GT,2024-01-01,SKU031,FY_BASE
2860038,6651250,0,166281,265,EC,2024-01-01,SKU031,FY_BASE
3040006,7069781,0,176745,262,CV,2024-01-01,SKU031,FY_BASE
2471058,5746647,0,143666,209,FS,2024-01-01,SKU031,FY_BASE
2993008,6578040,0,164451,215,MT,2024-01-01,SKU032,FY_BASE
4441928,9762480,0,244062,313,GT,2024-01-01,SKU032,FY_BASE
2885580,6341933,0,158548,225,EC,2024-01-01,SKU032,FY_BASE
3496213,7683984,0,192100,254,CV,2024-01-01,SKU032,FY_BASE
3939030,8657208,0,216430,280,FS,2024-01-01,SKU032,FY_BASE
4391323,9148589,0,228715,270,MT,2024-01-01,SKU033,FY_BASE
4640290,9667271,0,241682,279,GT,2024-01-01,SKU033,FY_BASE
3692694,7693113,0,192328,246,EC,2024-01-01,SKU033,FY_BASE
5207646,10849262,0,271232,323,CV,2024-01-01,SKU033,FY_BASE
4402774,9172446,0,229311,268,FS,2024-01-01,SKU033,FY_BASE
2508144,4966621,0,124166,133,MT,2024-01-01,SKU034,FY_BASE
2721972,5390044,0,134751,142,GT,2024-01-01,SKU034,FY_BASE
2243464,4442502,0,111063,129,EC,2024-01-01,SKU034,FY_BASE
2657761,5262894,0,131572,143,CV,2024-01-01,SKU034,FY_BASE
2394715,4742010,0,118550,126,FS,2024-01-01,SKU034,FY_BASE
3139585,5923745,0,148094,146,MT,2024-01-01,SKU035,FY_BASE
3020856,5699728,0,142493,138,GT,2024-01-01,SKU035,FY_BASE
2419807,4565673,0,114142,122,EC,2024-01-01,SKU035,FY_BASE
3263163,6156911,0,153923,153,CV,2024-01-01,SKU035,FY_BASE
3834341,7234605,0,180865,176,FS,2024-01-01,SKU035,FY_BASE
3114000,7241860,0,181046,165,MT,2024-01-01,SKU036,FY_BASE
3037466,7063875,0,176597,158,GT,2024-01-01,SKU036,FY_BASE
2143236,4984270,0,124607,123,EC,2024-01-01,SKU036,FY_BASE
2963632,6892168,0,172304,159,CV,2024-01-01,SKU036,FY_BASE
3828038,8902414,0,222560,201,FS,2024-01-01,SKU036,FY_BASE
1288373,2996217,0,74905,174,MT,2024-02-01,SKU001,FY_BASE
1141031,2653560,0,66339,151,GT,2024-02-01,SKU001,FY_BASE
1060866,2467130,0,61678,155,EC,2024-02-01,SKU001,FY_BASE
1075202,2500470,0,62512,147,CV,2024-02-01,SKU001,FY_BASE
1152856,2681060,0,67026,154,FS,2024-02-01,SKU001,FY_BASE
1461526,3212309,0,80308,156,MT,2024-02-01,SKU002,FY_BASE
1381976,3037466,0,75937,145,GT,2024-02-01,SKU002,FY_BASE
978384,2150404,0,53760,113,EC,2024-02-01,SKU002,FY_BASE
1650052,3626674,0,90667,178,CV,2024-02-01,SKU002,FY_BASE
1238951,2723109,0,68078,131,FS,2024-02-01,SKU002,FY_BASE
1756818,3660038,0,91501,153,MT,2024-02-01,SKU003,FY_BASE
1855035,3864656,0,96616,159,GT,2024-02-01,SKU003,FY_BASE
1778112,3704400,0,92610,168,EC,2024-02-01,SKU003,FY_BASE
1786050,3720938,0,93023,158,CV,2024-02-01,SKU003,FY_BASE
1665783,3470381,0,86760,144,FS,2024-02-01,SKU003,FY_BASE
2525526,5001215,0,125030,184,MT,2024-02-01,SKU004,FY_BASE
2828892,5601960,0,140049,202,GT,2024-02-01,SKU004,FY_BASE
2599044,5146801,0,128670,205,EC,2024-02-01,SKU004,FY_BASE
1942143,3845961,0,96149,143,CV,2024-02-01,SKU004,FY_BASE
2551971,5053584,0,126340,184,FS,2024-02-01,SKU004,FY_BASE
3044189,5743752,0,143594,188,MT,2024-02-01,SKU005,FY_BASE
2343978,4422600,0,110565,142,GT,2024-02-01,SKU005,FY_BASE
2874318,5423242,0,135581,192,EC,2024-02-01,SKU005,FY_BASE
3382541,6382152,0,159554,211,CV,2024-02-01,SKU005,FY_BASE
3144804,5933592,0,148340,192,FS,2024-02-01,SKU005,FY_BASE
2479730,5766815,0,144170,170,MT,2024-02-01,SKU006,FY_BASE
2891096,6723478,0,168087,194,GT,2024-02-01,SKU006,FY_BASE
2799110,6509557,0,162739,208,EC,2024-02-01,SKU006,FY_BASE
2484058,5776880,0,144422,172,CV,2024-02-01,SKU006,FY_BASE
2026212,4712120,0,117803,138,FS,2024-02-01,SKU006,FY_BASE
3683316,8095201,0,202380,217,MT,2024-02-01,SKU007,FY_BASE
3160961,6947168,0,173679,183,GT,2024-02-01,SKU007,FY_BASE
3122392,6862401,0,171560,200,EC,2024-02-01,SKU007,FY_BASE
3398243,7468666,0,186717,203,CV,2024-02-01,SKU007,FY_BASE
3110561,6836398,0,170910,182,FS,2024-02-01,SKU007,FY_BASE
4091220,8523375,0,213084,210,MT,2024-02-01,SKU008,FY_BASE
3821863,7962215,0,199055,192,GT,2024-02-01,SKU008,FY_BASE
3589564,7478258,0,186956,200,EC,2024-02-01,SKU008,FY_BASE
3724510,7759395,0,193985,193,CV,2024-02-01,SKU008,FY_BASE
3513951,7320731,0,183018,178,FS,2024-02-01,SKU008,FY_BASE
4635483,9179174,0,229479,209,MT,2024-02-01,SKU009,FY_BASE
5660048,11208015,0,280200,250,GT,2024-02-01,SKU009,FY_BASE
5184706,10266745,0,256669,253,EC,2024-02-01,SKU009,FY_BASE
4356444,8626622,0,215666,198,CV,2024-02-01,SKU009,FY_BASE
4260342,8436320,0,210908,190,FS,2024-02-01,SKU009,FY_BASE
2085439,3934791,0,98370,229,MT,2024-02-01,SKU010,FY_BASE
2275612,4293608,0,107340,245,GT,2024-02-01,SKU010,FY_BASE
1864184,3517328,0,87933,222,EC,2024-02-01,SKU010,FY_BASE
1912145,3607821,0,90196,212,CV,2024-02-01,SKU010,FY_BASE
2203940,4158378,0,103959,239,FS,2024-02-01,SKU010,FY_BASE
2113656,4915480,0,122887,239,MT,2024-02-01,SKU011,FY_BASE
1779339,4137998,0,103450,197,GT,2024-02-01,SKU011,FY_BASE
1866471,4340631,0,108516,229,EC,2024-02-01,SKU011,FY_BASE
1742937,4053341,0,101334,200,CV,2024-02-01,SKU011,FY_BASE
1676782,3899493,0,97487,188,FS,2024-02-01,SKU011,FY_BASE
2110162,4637719,0,115943,194,MT,2024-02-01,SKU012,FY_BASE
2294096,5041969,0,126049,207,GT,2024-02-01,SKU012,FY_BASE
2285962,5024092,0,125602,228,EC,2024-02-01,SKU012,FY_BASE
2437958,5358150,0,133954,227,CV,2024-02-01,SKU012,FY_BASE
2593287,5699531,0,142488,236,FS,2024-02-01,SKU012,FY_BASE
3840934,8001945,0,200049,294,MT,2024-02-01,SKU013,FY_BASE
3207122,6681505,0,167038,240,GT,2024-02-01,SKU013,FY_BASE
3255945,6783219,0,169580,270,EC,2024-02-01,SKU013,FY_BASE
3339199,6956665,0,173917,258,CV,2024-02-01,SKU013,FY_BASE
3298980,6872875,0,171822,250,FS,2024-02-01,SKU013,FY_BASE
3305706,6545952,0,163649,214,MT,2024-02-01,SKU014,FY_BASE
3077147,6093360,0,152334,195,GT,2024-02-01,SKU014,FY_BASE
3636684,7201354,0,180034,255,EC,2024-02-01,SKU014,FY_BASE
3495578,6921936,0,173048,229,CV,2024-02-01,SKU014,FY_BASE
4421012,8754480,0,218862,284,FS,2024-02-01,SKU014,FY_BASE
4735552,8935004,0,223375,264,MT,2024-02-01,SKU015,FY_BASE
5181439,9776300,0,244408,282,GT,2024-02-01,SKU015,FY_BASE
3903104,7364347,0,184109,235,EC,2024-02-01,SKU015,FY_BASE
3976536,7502898,0,187572,224,CV,2024-02-01,SKU015,FY_BASE
4175082,7877513,0,196938,230,FS,2024-02-01,SKU015,FY_BASE
4473087,10402528,0,260063,279,MT,2024-02-01,SKU016,FY_BASE
3467994,8065102,0,201628,212,GT,2024-02-01,SKU016,FY_BASE
4006920,9318418,0,232960,271,EC,2024-02-01,SKU016,FY_BASE
4592649,10680579,0,267014,290,CV,2024-02-01,SKU016,FY_BASE
4859770,11301790,0,282545,300,FS,2024-02-01,SKU016,FY_BASE
2908677,6392531,0,159813,158,MT,2024-02-01,SKU017,FY_BASE
2633038,5786747,0,144669,140,GT,2024-02-01,SKU017,FY_BASE
2865427,6297480,0,157437,168,EC,2024-02-01,SKU017,FY_BASE
2340952,5144816,0,128620,128,CV,2024-02-01,SKU017,FY_BASE
2155365,4736944,0,118424,116,FS,2024-02-01,SKU017,FY_BASE
2546183,5304548,0,132614,121,MT,2024-02-01,SKU018,FY_BASE
2961177,6169118,0,154228,138,GT,2024-02-01,SKU018,FY_BASE
3046795,6347489,0,158687,156,EC,2024-02-01,SKU018,FY_BASE
3636874,7576821,0,189421,174,CV,2024-02-01,SKU018,FY_BASE
3557237,7410910,0,185273,167,FS,2024-02-01,SKU018,FY_BASE
1449284,2869870,0,71747,167,MT,2024-02-01,SKU019,FY_BASE
1442412,2856262,0,71407,163,GT,2024-02-01,SKU019,FY_BASE
1052281,2083725,0,52093,131,EC,2024-02-01,SKU019,FY_BASE
1037249,2053958,0,51349,121,CV,2024-02-01,SKU019,FY_BASE
1390777,2754014,0,68850,159,FS,2024-02-01,SKU019,FY_BASE
2399530,4527416,0,113185,220,MT,2024-02-01,SKU020,FY_BASE
1959826,3697785,0,92445,176,GT,2024-02-01,SKU020,FY_BASE
1108056,2090671,0,52267,110,EC,2024-02-01,SKU020,FY_BASE
1718617,3242673,0,81067,160,CV,2024-02-01,SKU020,FY_BASE
1835812,3463796,0,86595,167,FS,2024-02-01,SKU020,FY_BASE
1681612,3910725,0,97768,164,MT,2024-02-01,SKU021,FY_BASE
1947940,4530094,0,113252,186,GT,2024-02-01,SKU021,FY_BASE
1164802,2708842,0,67721,123,EC,2024-02-01,SKU021,FY_BASE
1792004,4167450,0,104186,176,CV,2024-02-01,SKU021,FY_BASE
1655650,3850350,0,96259,160,FS,2024-02-01,SKU021,FY_BASE
2067582,4543961,0,113599,167,MT,2024-02-01,SKU022,FY_BASE
2389678,5251838,0,131296,189,GT,2024-02-01,SKU022,FY_BASE
2449971,5384345,0,134609,214,EC,2024-02-01,SKU022,FY_BASE
2444825,5373034,0,134326,200,CV,2024-02-01,SKU022,FY_BASE
2312609,5082462,0,127062,185,FS,2024-02-01,SKU022,FY_BASE
3357688,6995184,0,174880,229,MT,2024-02-01,SKU023,FY_BASE
2893363,6027840,0,150696,193,GT,2024-02-01,SKU023,FY_BASE
2361333,4919443,0,122986,174,EC,2024-02-01,SKU023,FY_BASE
2971987,6191640,0,154791,205,CV,2024-02-01,SKU023,FY_BASE
2459036,5122992,0,128075,166,FS,2024-02-01,SKU023,FY_BASE
2373004,4698886,0,117472,139,MT,2024-02-01,SKU024,FY_BASE
3468866,6868850,0,171721,198,GT,2024-02-01,SKU024,FY_BASE
3270815,6476680,0,161917,207,EC,2024-02-01,SKU024,FY_BASE
2935194,5812104,0,145303,173,CV,2024-02-01,SKU024,FY_BASE
2870156,5683319,0,142083,166,FS,2024-02-01,SKU024,FY_BASE
4041734,7625914,0,190648,205,MT,2024-02-01,SKU025,FY_BASE
4422631,8344586,0,208615,219,GT,2024-02-01,SKU025,FY_BASE
3809355,7187462,0,179687,209,EC,2024-02-01,SKU025,FY_BASE
4101962,7739550,0,193489,210,CV,2024-02-01,SKU025,FY_BASE
3183469,6006546,0,150164,160,FS,2024-02-01,SKU025,FY_BASE
4343086,10100200,0,252505,249,MT,2024-02-01,SKU026,FY_BASE
4041151,9398025,0,234951,227,GT,2024-02-01,SKU026,FY_BASE
4163422,9682376,0,242059,258,EC,2024-02-01,SKU026,FY_BASE
3155206,7337689,0,183442,183,CV,2024-02-01,SKU026,FY_BASE
3833048,8914066,0,222852,217,FS,2024-02-01,SKU026,FY_BASE
3253072,7149608,0,178740,163,MT,2024-02-01,SKU027,FY_BASE
4456834,9795240,0,244881,218,GT,2024-02-01,SKU027,FY_BASE
4070487,8946126,0,223653,220,EC,2024-02-01,SKU027,FY_BASE
5254252,11547806,0,288695,266,CV,2024-02-01,SKU027,FY_BASE
5132172,11279499,0,281987,254,FS,2024-02-01,SKU027,FY_BASE
2001328,4169434,0,104236,243,MT,2024-02-01,SKU028,FY_BASE
1866337,3888202,0,97205,222,GT,2024-02-01,SKU028,FY_BASE
1616304,3367300,0,84182,212,EC,2024-02-01,SKU028,FY_BASE
1894642,3947170,0,98679,232,CV,2024-02-01,SKU028,FY_BASE
2013530,4194855,0,104871,242,FS,2024-02-01,SKU028,FY_BASE
2645750,5238868,0,130972,255,MT,2024-02-01,SKU029,FY_BASE
2578884,5106465,0,127662,244,GT,2024-02-01,SKU029,FY_BASE
2252453,4460098,0,111502,235,EC,2024-02-01,SKU029,FY_BASE
2736558,5418677,0,135467,267,CV,2024-02-01,SKU029,FY_BASE
2453417,4858028,0,121451,234,FS,2024-02-01,SKU029,FY_BASE
2737006,5164162,0,129104,216,MT,2024-02-01,SKU030,FY_BASE
3336913,6296062,0,157402,258,GT,2024-02-01,SKU030,FY_BASE
3043165,5741820,0,143546,260,EC,2024-02-01,SKU030,FY_BASE
2905556,5482181,0,137055,232,CV,2024-02-01,SKU030,FY_BASE
3168433,5978175,0,149454,248,FS,2024-02-01,SKU030,FY_BASE
3403970,7916210,0,197905,291,MT,2024-02-01,SKU031,FY_BASE
3111422,7235865,0,180897,260,GT,2024-02-01,SKU031,FY_BASE
2723845,6334524,0,158363,252,EC,2024-02-01,SKU031,FY_BASE
3866888,8992762,0,224819,334,CV,2024-02-01,SKU031,FY_BASE
2806327,6526343,0,163159,237,FS,2024-02-01,SKU031,FY_BASE
3737610,8214528,0,205363,269,MT,2024-02-01,SKU032,FY_BASE
3666827,8058960,0,201474,258,GT,2024-02-01,SKU032,FY_BASE
3209196,7053178,0,176329,250,EC,2024-02-01,SKU032,FY_BASE
3727367,8192016,0,204800,271,CV,2024-02-01,SKU032,FY_BASE
3747242,8235696,0,205892,267,FS,2024-02-01,SKU032,FY_BASE
4647626,9682554,0,242064,286,MT,2024-02-01,SKU033,FY_BASE
4500732,9376526,0,234413,271,GT,2024-02-01,SKU033,FY_BASE
3408641,7101335,0,177533,227,EC,2024-02-01,SKU033,FY_BASE
3669023,7643797,0,191095,228,CV,2024-02-01,SKU033,FY_BASE
4333711,9028565,0,225714,264,FS,2024-02-01,SKU033,FY_BASE
2745134,5435908,0,135898,146,MT,2024-02-01,SKU034,FY_BASE
2076764,4112404,0,102810,108,GT,2024-02-01,SKU034,FY_BASE
2298182,4550855,0,113771,132,EC,2024-02-01,SKU034,FY_BASE
2833643,5611174,0,140279,152,CV,2024-02-01,SKU034,FY_BASE
2354803,4662976,0,116574,124,FS,2024-02-01,SKU034,FY_BASE
2845955,5369726,0,134243,132,MT,2024-02-01,SKU035,FY_BASE
3090036,5830256,0,145756,141,GT,2024-02-01,SKU035,FY_BASE
2190342,4132721,0,103318,110,EC,2024-02-01,SKU035,FY_BASE
3933676,7422030,0,185551,185,CV,2024-02-01,SKU035,FY_BASE
3400695,6416406,0,160410,156,FS,2024-02-01,SKU035,FY_BASE
2300790,5350674,0,133767,122,MT,2024-02-01,SKU036,FY_BASE
3179214,7393522,0,184838,165,GT,2024-02-01,SKU036,FY_BASE
2601193,6049285,0,151232,149,EC,2024-02-01,SKU036,FY_BASE
2963632,6892168,0,172304,159,CV,2024-02-01,SKU036,FY_BASE
2966229,6898206,0,172455,155,FS,2024-02-01,SKU036,FY_BASE
1195238,2779623,0,69491,162,MT,2024-03-01,SKU001,FY_BASE
958783,2229728,0,55743,127,GT,2024-03-01,SKU001,FY_BASE
867330,2017046,0,50426,127,EC,2024-03-01,SKU001,FY_BASE
975362,2268284,0,56707,133,CV,2024-03-01,SKU001,FY_BASE
1152856,2681060,0,67026,154,FS,2024-03-01,SKU001,FY_BASE
1687131,3708170,0,92704,181,MT,2024-03-01,SKU002,FY_BASE
1321890,2905402,0,72635,139,GT,2024-03-01,SKU002,FY_BASE
1431340,3145962,0,78649,166,EC,2024-03-01,SKU002,FY_BASE
1543284,3392007,0,84800,167,CV,2024-03-01,SKU002,FY_BASE
1139835,2505261,0,62632,121,FS,2024-03-01,SKU002,FY_BASE
1732752,3609900,0,90248,151,MT,2024-03-01,SKU003,FY_BASE
2002455,4171781,0,104295,171,GT,2024-03-01,SKU003,FY_BASE
1578074,3287655,0,82191,149,EC,2024-03-01,SKU003,FY_BASE
2143260,4465125,0,111628,189,CV,2024-03-01,SKU003,FY_BASE
1738737,3622369,0,90559,150,FS,2024-03-01,SKU003,FY_BASE
2280189,4515383,0,112885,166,MT,2024-03-01,SKU004,FY_BASE
2210071,4376531,0,109413,158,GT,2024-03-01,SKU004,FY_BASE
2305819,4566136,0,114153,182,EC,2024-03-01,SKU004,FY_BASE
2627605,5203359,0,130084,193,CV,2024-03-01,SKU004,FY_BASE
2201987,4360521,0,109013,159,FS,2024-03-01,SKU004,FY_BASE
2755076,5198256,0,129956,170,MT,2024-03-01,SKU005,FY_BASE
2899588,5470920,0,136773,175,GT,2024-03-01,SKU005,FY_BASE
2701545,5097254,0,127431,181,EC,2024-03-01,SKU005,FY_BASE
2995484,5651856,0,141296,187,CV,2024-03-01,SKU005,FY_BASE
2285568,4312392,0,107810,140,FS,2024-03-01,SKU005,FY_BASE
3183852,7404306,0,185108,218,MT,2024-03-01,SKU006,FY_BASE
2437897,5669528,0,141738,164,GT,2024-03-01,SKU006,FY_BASE
2997026,6969829,0,174246,223,EC,2024-03-01,SKU006,FY_BASE
2832432,6587052,0,164676,196,CV,2024-03-01,SKU006,FY_BASE
2660369,6186904,0,154673,181,FS,2024-03-01,SKU006,FY_BASE
3825667,8408059,0,210201,226,MT,2024-03-01,SKU007,FY_BASE
3960285,8703922,0,217598,229,GT,2024-03-01,SKU007,FY_BASE
3664703,8054292,0,201357,234,EC,2024-03-01,SKU007,FY_BASE
3169346,6965595,0,174140,189,CV,2024-03-01,SKU007,FY_BASE
4566951,10037254,0,250931,267,FS,2024-03-01,SKU007,FY_BASE
3641186,7585804,0,189645,187,MT,2024-03-01,SKU008,FY_BASE
4719897,9833119,0,245828,237,GT,2024-03-01,SKU008,FY_BASE
2814973,5864528,0,146613,156,EC,2024-03-01,SKU008,FY_BASE
4068622,8476296,0,211907,211,CV,2024-03-01,SKU008,FY_BASE
4816180,10033709,0,250843,245,FS,2024-03-01,SKU008,FY_BASE
4612189,9133047,0,228326,208,MT,2024-03-01,SKU009,FY_BASE
4708779,9324315,0,233108,208,GT,2024-03-01,SKU009,FY_BASE
5550432,10990955,0,274774,271,EC,2024-03-01,SKU009,FY_BASE
5416742,10726222,0,268156,247,CV,2024-03-01,SKU009,FY_BASE
4378030,8669367,0,216734,195,FS,2024-03-01,SKU009,FY_BASE
2439390,4602622,0,115066,268,MT,2024-03-01,SKU010,FY_BASE
2412344,4551592,0,113790,259,GT,2024-03-01,SKU010,FY_BASE
1643309,3100583,0,77515,195,EC,2024-03-01,SKU010,FY_BASE
2129864,4018612,0,100465,236,CV,2024-03-01,SKU010,FY_BASE
2484266,4687294,0,117182,270,FS,2024-03-01,SKU010,FY_BASE
2493744,5799404,0,144985,282,MT,2024-03-01,SKU011,FY_BASE
2063276,4798316,0,119958,229,GT,2024-03-01,SKU011,FY_BASE
2354493,5475566,0,136889,289,EC,2024-03-01,SKU011,FY_BASE
1779630,4138675,0,103467,204,CV,2024-03-01,SKU011,FY_BASE
1967174,4574824,0,114371,220,FS,2024-03-01,SKU011,FY_BASE
2942821,6467738,0,161693,271,MT,2024-03-01,SKU012,FY_BASE
2794838,6142500,0,153562,252,GT,2024-03-01,SKU012,FY_BASE
2475581,5440838,0,136021,247,EC,2024-03-01,SKU012,FY_BASE
2641121,5804662,0,145117,246,CV,2024-03-01,SKU012,FY_BASE
2005475,4407638,0,110191,183,FS,2024-03-01,SKU012,FY_BASE
3401970,7087437,0,177186,260,MT,2024-03-01,SKU013,FY_BASE
3221127,6710681,0,167767,242,GT,2024-03-01,SKU013,FY_BASE
3255945,6783219,0,169580,270,EC,2024-03-01,SKU013,FY_BASE
3040572,6334524,0,158363,235,CV,2024-03-01,SKU013,FY_BASE
3603927,7508182,0,187705,273,FS,2024-03-01,SKU013,FY_BASE
3824248,7572768,0,189319,248,MT,2024-03-01,SKU014,FY_BASE
3788530,7502040,0,187551,240,GT,2024-03-01,SKU014,FY_BASE
3741444,7408800,0,185220,262,EC,2024-03-01,SKU014,FY_BASE
3287126,6509160,0,162729,215,CV,2024-03-01,SKU014,FY_BASE
3438565,6809040,0,170226,220,FS,2024-03-01,SKU014,FY_BASE
5112887,9646957,0,241174,285,MT,2024-03-01,SKU015,FY_BASE
4314656,8140860,0,203522,235,GT,2024-03-01,SKU015,FY_BASE
4181897,7890372,0,197259,252,EC,2024-03-01,SKU015,FY_BASE
4853988,9158468,0,228962,273,CV,2024-03-01,SKU015,FY_BASE
4289467,8093334,0,202333,236,FS,2024-03-01,SKU015,FY_BASE
4355375,10128778,0,253219,272,MT,2024-03-01,SKU016,FY_BASE
4755616,11059571,0,276489,291,GT,2024-03-01,SKU016,FY_BASE
4519433,10510309,0,262758,306,EC,2024-03-01,SKU016,FY_BASE
3960328,9210064,0,230252,250,CV,2024-03-01,SKU016,FY_BASE
5539458,12882460,0,322062,342,FS,2024-03-01,SKU016,FY_BASE
2501462,5497577,0,137439,135,MT,2024-03-01,SKU017,FY_BASE
2870606,6308860,0,157722,152,GT,2024-03-01,SKU017,FY_BASE
2614702,5746450,0,143661,153,EC,2024-03-01,SKU017,FY_BASE
2513645,5524351,0,138109,138,CV,2024-03-01,SKU017,FY_BASE
3252642,7148479,0,178712,174,FS,2024-03-01,SKU017,FY_BASE
2435479,5073915,0,126848,116,MT,2024-03-01,SKU018,FY_BASE
3028990,6310395,0,157760,141,GT,2024-03-01,SKU018,FY_BASE
2924105,6091886,0,152297,150,EC,2024-03-01,SKU018,FY_BASE
3111061,6481377,0,162034,149,CV,2024-03-01,SKU018,FY_BASE
3758590,7830396,0,195760,176,FS,2024-03-01,SKU018,FY_BASE
1276100,2526930,0,63173,147,MT,2024-03-01,SKU019,FY_BASE
1591307,3151102,0,78778,180,GT,2024-03-01,SKU019,FY_BASE
1203809,2383781,0,59595,150,EC,2024-03-01,SKU019,FY_BASE
1127444,2232562,0,55814,131,CV,2024-03-01,SKU019,FY_BASE
1142095,2261574,0,56539,130,FS,2024-03-01,SKU019,FY_BASE
1462571,2759568,0,68989,134,MT,2024-03-01,SKU020,FY_BASE
1703182,3213551,0,80339,153,GT,2024-03-01,SKU020,FY_BASE
1815101,3424718,0,85618,181,EC,2024-03-01,SKU020,FY_BASE
1526403,2880006,0,72000,142,CV,2024-03-01,SKU020,FY_BASE
2020548,3812354,0,95309,184,FS,2024-03-01,SKU020,FY_BASE
1703171,3960862,0,99022,166,MT,2024-03-01,SKU021,FY_BASE
1969951,4581281,0,114532,188,GT,2024-03-01,SKU021,FY_BASE
1702404,3959078,0,98977,180,EC,2024-03-01,SKU021,FY_BASE
1674670,3894581,0,97365,165,CV,2024-03-01,SKU021,FY_BASE
1786360,4154325,0,103858,172,FS,2024-03-01,SKU021,FY_BASE
2717766,5972881,0,149322,219,MT,2024-03-01,SKU022,FY_BASE
2495886,5485252,0,137131,197,GT,2024-03-01,SKU022,FY_BASE
2125710,4671711,0,116793,186,EC,2024-03-01,SKU022,FY_BASE
1801450,3959078,0,98977,147,CV,2024-03-01,SKU022,FY_BASE
2273190,4995830,0,124896,182,FS,2024-03-01,SKU022,FY_BASE
2602979,5422872,0,135572,177,MT,2024-03-01,SKU023,FY_BASE
3019162,6289920,0,157248,202,GT,2024-03-01,SKU023,FY_BASE
2290208,4771267,0,119282,169,EC,2024-03-01,SKU023,FY_BASE
2682409,5588352,0,139709,185,CV,2024-03-01,SKU023,FY_BASE
2816997,5868744,0,146719,190,FS,2024-03-01,SKU023,FY_BASE
4080848,8080661,0,202017,238,MT,2024-03-01,SKU024,FY_BASE
3377097,6687135,0,167178,193,GT,2024-03-01,SKU024,FY_BASE
2556881,5062989,0,126575,162,EC,2024-03-01,SKU024,FY_BASE
3664546,7256324,0,181408,216,CV,2024-03-01,SKU024,FY_BASE
2924653,5791230,0,144781,169,FS,2024-03-01,SKU024,FY_BASE
4000280,7547699,0,188692,203,MT,2024-03-01,SKU025,FY_BASE
4655401,8783775,0,219594,231,GT,2024-03-01,SKU025,FY_BASE
3503075,6609576,0,165239,192,EC,2024-03-01,SKU025,FY_BASE
4327569,8165225,0,204131,222,CV,2024-03-01,SKU025,FY_BASE
4125944,7784800,0,194620,207,FS,2024-03-01,SKU025,FY_BASE
3976581,9247862,0,231197,228,MT,2024-03-01,SKU026,FY_BASE
4097278,9528553,0,238214,230,GT,2024-03-01,SKU026,FY_BASE
3063330,7124024,0,178101,190,EC,2024-03-01,SKU026,FY_BASE
3245873,7548541,0,188714,188,CV,2024-03-01,SKU026,FY_BASE
3166431,7363794,0,184095,180,FS,2024-03-01,SKU026,FY_BASE
4176524,9179174,0,229479,209,MT,2024-03-01,SKU027,FY_BASE
4671105,10266165,0,256654,229,GT,2024-03-01,SKU027,FY_BASE
4070487,8946126,0,223653,220,EC,2024-03-01,SKU027,FY_BASE
4444308,9767709,0,244193,225,CV,2024-03-01,SKU027,FY_BASE
4686818,10300700,0,257518,232,FS,2024-03-01,SKU027,FY_BASE
2148612,4476276,0,111907,260,MT,2024-03-01,SKU028,FY_BASE
2131693,4441028,0,111026,253,GT,2024-03-01,SKU028,FY_BASE
1912359,3984082,0,99602,251,EC,2024-03-01,SKU028,FY_BASE
1946080,4054334,0,101358,238,CV,2024-03-01,SKU028,FY_BASE
1890968,3939516,0,98488,227,FS,2024-03-01,SKU028,FY_BASE
2340890,4635212,0,115880,226,MT,2024-03-01,SKU029,FY_BASE
2623347,5194508,0,129863,248,GT,2024-03-01,SKU029,FY_BASE
2373120,4699031,0,117476,248,EC,2024-03-01,SKU029,FY_BASE
2219413,4394675,0,109867,216,CV,2024-03-01,SKU029,FY_BASE
2728463,5402649,0,135066,260,FS,2024-03-01,SKU029,FY_BASE
3334896,6292256,0,157306,264,MT,2024-03-01,SKU030,FY_BASE
3092749,5835375,0,145884,239,GT,2024-03-01,SKU030,FY_BASE
2883644,5440838,0,136021,247,EC,2024-03-01,SKU030,FY_BASE
3142208,5928694,0,148217,251,CV,2024-03-01,SKU030,FY_BASE
2805942,5294231,0,132356,219,FS,2024-03-01,SKU030,FY_BASE
2961577,6887389,0,172185,253,MT,2024-03-01,SKU031,FY_BASE
3701087,8607178,0,215179,310,GT,2024-03-01,SKU031,FY_BASE
3098374,7205521,0,180138,287,EC,2024-03-01,SKU031,FY_BASE
3222407,7493969,0,187349,278,CV,2024-03-01,SKU031,FY_BASE
2508310,5833280,0,145832,212,FS,2024-03-01,SKU031,FY_BASE
3869011,8503320,0,212583,278,MT,2024-03-01,SKU032,FY_BASE
3338899,7338240,0,183456,235,GT,2024-03-01,SKU032,FY_BASE
4018237,8831290,0,220782,313,EC,2024-03-01,SKU032,FY_BASE
3366188,7398216,0,184955,245,CV,2024-03-01,SKU032,FY_BASE
3348913,7360248,0,184006,238,FS,2024-03-01,SKU032,FY_BASE
4869755,10145323,0,253633,299,MT,2024-03-01,SKU033,FY_BASE
4605401,9594585,0,239865,277,GT,2024-03-01,SKU033,FY_BASE
4876250,10158854,0,253971,324,EC,2024-03-01,SKU033,FY_BASE
4649684,9686841,0,242171,289,CV,2024-03-01,SKU033,FY_BASE
4661760,9712001,0,242800,284,FS,2024-03-01,SKU033,FY_BASE
2508144,4966621,0,124166,133,MT,2024-03-01,SKU034,FY_BASE
2721972,5390044,0,134751,142,GT,2024-03-01,SKU034,FY_BASE
1714517,3395083,0,84877,99,EC,2024-03-01,SKU034,FY_BASE
2462338,4875916,0,121898,132,CV,2024-03-01,SKU034,FY_BASE
2714010,5374278,0,134357,143,FS,2024-03-01,SKU034,FY_BASE
3704259,6989168,0,174729,172,MT,2024-03-01,SKU035,FY_BASE
3274515,6178331,0,154458,149,GT,2024-03-01,SKU035,FY_BASE
2336365,4408236,0,110206,118,EC,2024-03-01,SKU035,FY_BASE
3486668,6578618,0,164465,164,CV,2024-03-01,SKU035,FY_BASE
3583283,6760911,0,169023,165,FS,2024-03-01,SKU035,FY_BASE
2538803,5904192,0,147605,134,MT,2024-03-01,SKU036,FY_BASE
3401962,7911540,0,197788,176,GT,2024-03-01,SKU036,FY_BASE
2985876,6943898,0,173597,171,EC,2024-03-01,SKU036,FY_BASE
3199153,7439890,0,185997,171,CV,2024-03-01,SKU036,FY_BASE
3166649,7364301,0,184108,166,FS,2024-03-01,SKU036,FY_BASE
1156432,2689376,0,67234,156,MT,2024-04-01,SKU001,FY_BASE
1299507,3022110,0,75553,172,GT,2024-04-01,SKU001,FY_BASE
1060866,2467130,0,61678,155,EC,2024-04-01,SKU001,FY_BASE
1136642,2643354,0,66084,155,CV,2024-04-01,SKU001,FY_BASE
1152856,2681060,0,67026,154,FS,2024-04-01,SKU001,FY_BASE
1520380,3341665,0,83542,163,MT,2024-04-01,SKU002,FY_BASE
1822607,4005934,0,100148,191,GT,2024-04-01,SKU002,FY_BASE
1277334,2807472,0,70187,148,EC,2024-04-01,SKU002,FY_BASE
1785939,3925341,0,98134,193,CV,2024-04-01,SKU002,FY_BASE
1129924,2483476,0,62087,120,FS,2024-04-01,SKU002,FY_BASE
2177973,4537444,0,113436,190,MT,2024-04-01,SKU003,FY_BASE
2039310,4248562,0,106214,174,GT,2024-04-01,SKU003,FY_BASE
1800338,3750705,0,93768,170,EC,2024-04-01,SKU003,FY_BASE
1488375,3100781,0,77520,131,CV,2024-04-01,SKU003,FY_BASE
2006235,4179656,0,104491,173,FS,2024-04-01,SKU003,FY_BASE
2640978,5229842,0,130746,192,MT,2024-04-01,SKU004,FY_BASE
2563683,5076776,0,126919,183,GT,2024-04-01,SKU004,FY_BASE
1799338,3563170,0,89079,142,EC,2024-04-01,SKU004,FY_BASE
2570483,5090242,0,127256,189,CV,2024-04-01,SKU004,FY_BASE
2216569,4389399,0,109735,160,FS,2024-04-01,SKU004,FY_BASE
2772082,5230344,0,130759,171,MT,2024-04-01,SKU005,FY_BASE
3489923,6584760,0,164619,211,GT,2024-04-01,SKU005,FY_BASE
2670132,5037984,0,125950,178,EC,2024-04-01,SKU005,FY_BASE
3197426,6032880,0,150822,200,CV,2024-04-01,SKU005,FY_BASE
3557237,6711768,0,167794,217,FS,2024-04-01,SKU005,FY_BASE
2724642,6336377,0,158409,187,MT,2024-04-01,SKU006,FY_BASE
2734820,6360047,0,159001,184,GT,2024-04-01,SKU006,FY_BASE
2657740,6180791,0,154520,197,EC,2024-04-01,SKU006,FY_BASE
2953606,6868851,0,171721,205,CV,2024-04-01,SKU006,FY_BASE
3340928,7769601,0,194240,227,FS,2024-04-01,SKU006,FY_BASE
2722451,5983409,0,149585,161,MT,2024-04-01,SKU007,FY_BASE
2852132,6268421,0,156711,165,GT,2024-04-01,SKU007,FY_BASE
3270295,7187462,0,179687,209,EC,2024-04-01,SKU007,FY_BASE
3134131,6888200,0,172205,187,CV,2024-04-01,SKU007,FY_BASE
3506124,7705766,0,192644,205,FS,2024-04-01,SKU007,FY_BASE
4336693,9034778,0,225869,223,MT,2024-04-01,SKU008,FY_BASE
4845204,10094175,0,252354,244,GT,2024-04-01,SKU008,FY_BASE
3759596,7832491,0,195812,209,EC,2024-04-01,SKU008,FY_BASE
4817572,10036609,0,250915,250,CV,2024-04-01,SKU008,FY_BASE
3348588,6976226,0,174406,170,FS,2024-04-01,SKU008,FY_BASE
4612189,9133047,0,228326,208,MT,2024-04-01,SKU009,FY_BASE
4280708,8476650,0,211916,189,GT,2024-04-01,SKU009,FY_BASE
4926546,9755537,0,243888,240,EC,2024-04-01,SKU009,FY_BASE
5946892,11776023,0,294401,271,CV,2024-04-01,SKU009,FY_BASE
4825249,9554948,0,238874,215,FS,2024-04-01,SKU009,FY_BASE
2037608,3844544,0,96114,224,MT,2024-04-01,SKU010,FY_BASE
2363511,4459455,0,111486,254,GT,2024-04-01,SKU010,FY_BASE
1943699,3667356,0,91684,231,EC,2024-04-01,SKU010,FY_BASE
2404381,4536567,0,113414,267,CV,2024-04-01,SKU010,FY_BASE
2319937,4377240,0,109431,252,FS,2024-04-01,SKU010,FY_BASE
2345417,5454458,0,136361,266,MT,2024-04-01,SKU011,FY_BASE
2044347,4754295,0,118857,227,GT,2024-04-01,SKU011,FY_BASE
1943527,4519831,0,112996,238,EC,2024-04-01,SKU011,FY_BASE
1788804,4160009,0,104000,205,CV,2024-04-01,SKU011,FY_BASE
2145156,4988736,0,124718,240,FS,2024-04-01,SKU011,FY_BASE
2942821,6467738,0,161693,271,MT,2024-04-01,SKU012,FY_BASE
1979677,4350938,0,108773,178,GT,2024-04-01,SKU012,FY_BASE
2844285,6251175,0,156279,284,EC,2024-04-01,SKU012,FY_BASE
2923293,6424819,0,160620,272,CV,2024-04-01,SKU012,FY_BASE
2996687,6586125,0,164653,273,FS,2024-04-01,SKU012,FY_BASE
3415688,7116016,0,177900,261,MT,2024-04-01,SKU013,FY_BASE
3081078,6418912,0,160473,231,GT,2024-04-01,SKU013,FY_BASE
3560003,7416672,0,185417,295,EC,2024-04-01,SKU013,FY_BASE
3352773,6984943,0,174624,259,CV,2024-04-01,SKU013,FY_BASE
2994032,6237567,0,155939,227,FS,2024-04-01,SKU013,FY_BASE
3354319,6642216,0,166055,217,MT,2024-04-01,SKU014,FY_BASE
4069775,8058960,0,201474,258,GT,2024-04-01,SKU014,FY_BASE
3457094,6845731,0,171143,243,EC,2024-04-01,SKU014,FY_BASE
4169038,8255520,0,206388,273,CV,2024-04-01,SKU014,FY_BASE
4486509,8884176,0,222104,288,FS,2024-04-01,SKU014,FY_BASE
5490222,10358909,0,258973,306,MT,2024-04-01,SKU015,FY_BASE
4545798,8576978,0,214424,248,GT,2024-04-01,SKU015,FY_BASE
4356143,8219138,0,205478,262,EC,2024-04-01,SKU015,FY_BASE
5264710,9933415,0,248335,296,CV,2024-04-01,SKU015,FY_BASE
4880460,9208416,0,230210,269,FS,2024-04-01,SKU015,FY_BASE
4775777,11106459,0,277661,298,MT,2024-04-01,SKU016,FY_BASE
4721279,10979719,0,274493,289,GT,2024-04-01,SKU016,FY_BASE
3401223,7909820,0,197746,230,EC,2024-04-01,SKU016,FY_BASE
3461127,8049132,0,201228,218,CV,2024-04-01,SKU016,FY_BASE
5029692,11696958,0,292424,311,FS,2024-04-01,SKU016,FY_BASE
2326942,5114025,0,127851,126,MT,2024-04-01,SKU017,FY_BASE
2929997,6439388,0,160985,155,GT,2024-04-01,SKU017,FY_BASE
2793792,6140043,0,153501,164,EC,2024-04-01,SKU017,FY_BASE
2667150,5861716,0,146543,146,CV,2024-04-01,SKU017,FY_BASE
2821569,6201090,0,155027,151,FS,2024-04-01,SKU017,FY_BASE
3387530,7057354,0,176434,161,MT,2024-04-01,SKU018,FY_BASE
3232429,6734228,0,168356,150,GT,2024-04-01,SKU018,FY_BASE
2944553,6134486,0,153362,151,EC,2024-04-01,SKU018,FY_BASE
3176788,6618308,0,165458,152,CV,2024-04-01,SKU018,FY_BASE
3445374,7177863,0,179447,162,FS,2024-04-01,SKU018,FY_BASE
1695390,3357207,0,83930,195,MT,2024-04-01,SKU019,FY_BASE
1554083,3077392,0,76935,175,GT,2024-04-01,SKU019,FY_BASE
1389011,2750517,0,68763,173,EC,2024-04-01,SKU019,FY_BASE
1542344,3054146,0,76354,180,CV,2024-04-01,SKU019,FY_BASE
1473671,2918160,0,72954,168,FS,2024-04-01,SKU019,FY_BASE
1862493,3514138,0,87853,171,MT,2024-04-01,SKU020,FY_BASE
1866501,3521700,0,88042,168,GT,2024-04-01,SKU020,FY_BASE
1867865,3524274,0,88107,186,EC,2024-04-01,SKU020,FY_BASE
1537710,2901339,0,72533,143,CV,2024-04-01,SKU020,FY_BASE
1812719,3420225,0,85506,165,FS,2024-04-01,SKU020,FY_BASE
1638494,3810450,0,95261,160,MT,2024-04-01,SKU021,FY_BASE
1881908,4376531,0,109413,180,GT,2024-04-01,SKU021,FY_BASE
1841781,4283212,0,107080,194,EC,2024-04-01,SKU021,FY_BASE
1973337,4589156,0,114729,194,CV,2024-04-01,SKU021,FY_BASE
1503156,3495712,0,87393,145,FS,2024-04-01,SKU021,FY_BASE
2496703,5487048,0,137176,202,MT,2024-04-01,SKU022,FY_BASE
2031227,4464062,0,111602,161,GT,2024-04-01,SKU022,FY_BASE
1981595,4354985,0,108875,173,EC,2024-04-01,SKU022,FY_BASE
2431957,5344755,0,133619,198,CV,2024-04-01,SKU022,FY_BASE
2391448,5255728,0,131393,191,FS,2024-04-01,SKU022,FY_BASE
2649185,5519136,0,137978,181,MT,2024-04-01,SKU023,FY_BASE
2358720,4914000,0,122850,158,GT,2024-04-01,SKU023,FY_BASE
2973003,6193757,0,154844,219,EC,2024-04-01,SKU023,FY_BASE
2560481,5334336,0,133358,176,CV,2024-04-01,SKU023,FY_BASE
3174958,6614496,0,165362,214,FS,2024-04-01,SKU023,FY_BASE
4098825,8116258,0,202906,239,MT,2024-04-01,SKU024,FY_BASE
3891003,7704742,0,192619,223,GT,2024-04-01,SKU024,FY_BASE
3187799,6312298,0,157807,202,EC,2024-04-01,SKU024,FY_BASE
3611179,7150650,0,178766,213,CV,2024-04-01,SKU024,FY_BASE
2924653,5791230,0,144781,169,FS,2024-04-01,SKU024,FY_BASE
3958827,7469485,0,186737,201,MT,2024-04-01,SKU025,FY_BASE
4464953,8424439,0,210611,222,GT,2024-04-01,SKU025,FY_BASE
3675358,6934637,0,173366,202,EC,2024-04-01,SKU025,FY_BASE
3650746,6888200,0,172205,187,CV,2024-04-01,SKU025,FY_BASE
4712373,8891269,0,222282,236,FS,2024-04-01,SKU025,FY_BASE
3848304,8949544,0,223739,220,MT,2024-04-01,SKU026,FY_BASE
4078569,9485044,0,237126,229,GT,2024-04-01,SKU026,FY_BASE
3435669,7989928,0,199748,213,EC,2024-04-01,SKU026,FY_BASE
2828806,6578618,0,164465,164,CV,2024-04-01,SKU026,FY_BASE
3721946,8655689,0,216392,211,FS,2024-04-01,SKU026,FY_BASE
4617263,10147830,0,253696,231,MT,2024-04-01,SKU027,FY_BASE
4928230,10831275,0,270782,242,GT,2024-04-01,SKU027,FY_BASE
4458153,9798138,0,244953,242,EC,2024-04-01,SKU027,FY_BASE
4298933,9448204,0,236205,217,CV,2024-04-01,SKU027,FY_BASE
4601989,10114262,0,252857,228,FS,2024-04-01,SKU027,FY_BASE
1975337,4115286,0,102882,239,MT,2024-04-01,SKU028,FY_BASE
1972479,4109332,0,102733,234,GT,2024-04-01,SKU028,FY_BASE
1464275,3050573,0,76264,192,EC,2024-04-01,SKU028,FY_BASE
1963226,4090054,0,102251,240,CV,2024-04-01,SKU028,FY_BASE
2162357,4504910,0,112623,259,FS,2024-04-01,SKU028,FY_BASE
2504208,4958599,0,123965,242,MT,2024-04-01,SKU029,FY_BASE
2812317,5568688,0,139217,266,GT,2024-04-01,SKU029,FY_BASE
2242397,4440186,0,111005,234,EC,2024-04-01,SKU029,FY_BASE
2219413,4394675,0,109867,216,CV,2024-04-01,SKU029,FY_BASE
2464419,4879812,0,121995,235,FS,2024-04-01,SKU029,FY_BASE
3334896,6292256,0,157306,264,MT,2024-04-01,SKU030,FY_BASE
3364042,6347250,0,158681,260,GT,2024-04-01,SKU030,FY_BASE
3399018,6413242,0,160331,291,EC,2024-04-01,SKU030,FY_BASE
3576069,6747300,0,168682,286,CV,2024-04-01,SKU030,FY_BASE
3651753,6890100,0,172252,286,FS,2024-04-01,SKU030,FY_BASE
3219640,7487534,0,187188,275,MT,2024-04-01,SKU031,FY_BASE
3362343,7819402,0,195485,281,GT,2024-04-01,SKU031,FY_BASE
3007579,6994370,0,174859,278,EC,2024-04-01,SKU031,FY_BASE
2833286,6589037,0,164726,245,CV,2024-04-01,SKU031,FY_BASE
3166431,7363794,0,184095,268,FS,2024-04-01,SKU031,FY_BASE
3489410,7669032,0,191726,251,MT,2024-04-01,SKU032,FY_BASE
3622109,7960680,0,199017,255,GT,2024-04-01,SKU032,FY_BASE
3694620,8120045,0,203001,288,EC,2024-04-01,SKU032,FY_BASE
3972969,8731800,0,218295,289,CV,2024-04-01,SKU032,FY_BASE
4278347,9402960,0,235074,304,FS,2024-04-01,SKU032,FY_BASE
4220455,8792614,0,219815,259,MT,2024-04-01,SKU033,FY_BASE
5076408,10575850,0,264396,306,GT,2024-04-01,SKU033,FY_BASE
3818940,7956125,0,198903,254,EC,2024-04-01,SKU033,FY_BASE
4869487,10144764,0,253619,302,CV,2024-04-01,SKU033,FY_BASE
5266063,10970964,0,274274,320,FS,2024-04-01,SKU033,FY_BASE
2863628,5670551,0,141764,152,MT,2024-04-01,SKU034,FY_BASE
3145390,6228495,0,155712,164,GT,2024-04-01,SKU034,FY_BASE
2735931,5417685,0,135442,158,EC,2024-04-01,SKU034,FY_BASE
2462338,4875916,0,121898,132,CV,2024-04-01,SKU034,FY_BASE
3033306,6006546,0,150164,160,FS,2024-04-01,SKU034,FY_BASE
3681672,6946550,0,173664,171,MT,2024-04-01,SKU035,FY_BASE
3827955,7222556,0,180564,174,GT,2024-04-01,SKU035,FY_BASE
2294645,4329518,0,108238,116,EC,2024-04-01,SKU035,FY_BASE
3263163,6156911,0,153923,153,CV,2024-04-01,SKU035,FY_BASE
3651753,6890100,0,172252,168,FS,2024-04-01,SKU035,FY_BASE
3034662,7057354,0,176434,161,MT,2024-04-01,SKU036,FY_BASE
2956467,6875505,0,171888,153,GT,2024-04-01,SKU036,FY_BASE
1886781,4387862,0,109697,108,EC,2024-04-01,SKU036,FY_BASE
3689821,8580978,0,214524,197,CV,2024-04-01,SKU036,FY_BASE
2946186,6851596,0,171290,154,FS,2024-04-01,SKU036,FY_BASE
924554,2150125,0,53753,111,MT,2024-05-01,SKU001,FY_BASE
1202157,2795715,0,69893,142,GT,2024-05-01,SKU001,FY_BASE
934436,2173107,0,54328,122,EC,2024-05-01,SKU001,FY_BASE
1061597,2468831,0,61721,129,CV,2024-05-01,SKU001,FY_BASE
1181014,2746544,0,68664,141,FS,2024-05-01,SKU001,FY_BASE
2215690,4869898,0,121747,211,MT,2024-05-01,SKU002,FY_BASE
1271723,2795139,0,69878,119,GT,2024-05-01,SKU002,FY_BASE
1384577,3043182,0,76080,143,EC,2024-05-01,SKU002,FY_BASE
1287133,2829009,0,70725,124,CV,2024-05-01,SKU002,FY_BASE
1102738,2423724,0,60593,104,FS,2024-05-01,SKU002,FY_BASE
1649782,3437045,0,85926,128,MT,2024-05-01,SKU003,FY_BASE
1891422,3940462,0,98512,144,GT,2024-05-01,SKU003,FY_BASE
1923324,4006926,0,100173,162,EC,2024-05-01,SKU003,FY_BASE
1913511,3986482,0,99662,150,CV,2024-05-01,SKU003,FY_BASE
1995002,4156255,0,103906,153,FS,2024-05-01,SKU003,FY_BASE
2513843,4978080,0,124452,163,MT,2024-05-01,SKU004,FY_BASE
2814859,5574172,0,139354,178,GT,2024-05-01,SKU004,FY_BASE
2052070,4063647,0,101591,144,EC,2024-05-01,SKU004,FY_BASE
2599860,5148417,0,128710,170,CV,2024-05-01,SKU004,FY_BASE
2261567,4478507,0,111963,145,FS,2024-05-01,SKU004,FY_BASE
2408140,4543661,0,113592,132,MT,2024-05-01,SKU005,FY_BASE
3082972,5816928,0,145423,166,GT,2024-05-01,SKU005,FY_BASE
2224062,4196344,0,104909,132,EC,2024-05-01,SKU005,FY_BASE
3555474,6708442,0,167711,197,CV,2024-05-01,SKU005,FY_BASE
2916165,5502198,0,137555,159,FS,2024-05-01,SKU005,FY_BASE
3354415,7800966,0,195024,205,MT,2024-05-01,SKU006,FY_BASE
3284166,7637595,0,190940,196,GT,2024-05-01,SKU006,FY_BASE
2827922,6576562,0,164414,187,EC,2024-05-01,SKU006,FY_BASE
3200136,7442177,0,186054,197,CV,2024-05-01,SKU006,FY_BASE
2746396,6386968,0,159674,166,FS,2024-05-01,SKU006,FY_BASE
3999368,8789820,0,219746,210,MT,2024-05-01,SKU007,FY_BASE
3348162,7358598,0,183965,172,GT,2024-05-01,SKU007,FY_BASE
3527443,7752621,0,193816,201,EC,2024-05-01,SKU007,FY_BASE
3799190,8349869,0,208747,202,CV,2024-05-01,SKU007,FY_BASE
2929903,6439348,0,160984,152,FS,2024-05-01,SKU007,FY_BASE
3908089,8141852,0,203546,178,MT,2024-05-01,SKU008,FY_BASE
4999153,10414902,0,260373,224,GT,2024-05-01,SKU008,FY_BASE
4012754,8359905,0,208998,198,EC,2024-05-01,SKU008,FY_BASE
3480450,7250938,0,181273,161,CV,2024-05-01,SKU008,FY_BASE
4460060,9291792,0,232295,202,FS,2024-05-01,SKU008,FY_BASE
4581130,9071545,0,226789,184,MT,2024-05-01,SKU009,FY_BASE
4222726,8361834,0,209046,166,GT,2024-05-01,SKU009,FY_BASE
5101317,10101617,0,252540,222,EC,2024-05-01,SKU009,FY_BASE
4196411,8309725,0,207743,170,CV,2024-05-01,SKU009,FY_BASE
5845892,11576024,0,289401,232,FS,2024-05-01,SKU009,FY_BASE
1838357,3468598,0,86715,180,MT,2024-05-01,SKU010,FY_BASE
1975639,3727620,0,93190,189,GT,2024-05-01,SKU010,FY_BASE
2045343,3859138,0,96478,216,EC,2024-05-01,SKU010,FY_BASE
1797831,3392134,0,84803,177,CV,2024-05-01,SKU010,FY_BASE
1933649,3648395,0,91210,187,FS,2024-05-01,SKU010,FY_BASE
2114893,4918356,0,122959,213,MT,2024-05-01,SKU011,FY_BASE
2286820,5318187,0,132955,226,GT,2024-05-01,SKU011,FY_BASE
2068693,4810913,0,120273,226,EC,2024-05-01,SKU011,FY_BASE
2309238,5370322,0,134258,235,CV,2024-05-01,SKU011,FY_BASE
2316002,5386051,0,134651,231,FS,2024-05-01,SKU011,FY_BASE
2755975,6057088,0,151427,226,MT,2024-05-01,SKU012,FY_BASE
3062343,6730425,0,168261,246,GT,2024-05-01,SKU012,FY_BASE
2426922,5333895,0,133347,215,EC,2024-05-01,SKU012,FY_BASE
2904696,6383948,0,159599,240,CV,2024-05-01,SKU012,FY_BASE
3121604,6860668,0,171517,253,FS,2024-05-01,SKU012,FY_BASE
3684422,7675879,0,191897,251,MT,2024-05-01,SKU013,FY_BASE
3950448,8230101,0,205753,264,GT,2024-05-01,SKU013,FY_BASE
3118034,6495904,0,162398,230,EC,2024-05-01,SKU013,FY_BASE
4118733,8580694,0,214517,284,CV,2024-05-01,SKU013,FY_BASE
4018973,8372861,0,209322,271,FS,2024-05-01,SKU013,FY_BASE
4570887,9051261,0,226282,264,MT,2024-05-01,SKU014,FY_BASE
3737008,7400016,0,185000,211,GT,2024-05-01,SKU014,FY_BASE
3632835,7193733,0,179843,227,EC,2024-05-01,SKU014,FY_BASE
4216684,8349869,0,208747,246,CV,2024-05-01,SKU014,FY_BASE
4655552,9218915,0,230473,266,FS,2024-05-01,SKU014,FY_BASE
5173440,9761208,0,244030,256,MT,2024-05-01,SKU015,FY_BASE
6342470,11966925,0,299173,308,GT,2024-05-01,SKU015,FY_BASE
5463350,10308207,0,257705,293,EC,2024-05-01,SKU015,FY_BASE
3755529,7085904,0,177148,188,CV,2024-05-01,SKU015,FY_BASE
4991941,9418756,0,235469,245,FS,2024-05-01,SKU015,FY_BASE
3855215,8965616,0,224140,214,MT,2024-05-01,SKU016,FY_BASE
4071010,9467464,0,236687,222,GT,2024-05-01,SKU016,FY_BASE
3944501,9173259,0,229331,237,EC,2024-05-01,SKU016,FY_BASE
4787258,11133158,0,278329,269,CV,2024-05-01,SKU016,FY_BASE
4697616,10924688,0,273117,258,FS,2024-05-01,SKU016,FY_BASE
3486719,7662920,0,191573,168,MT,2024-05-01,SKU017,FY_BASE
2491817,5476380,0,136910,118,GT,2024-05-01,SKU017,FY_BASE
2294389,5042482,0,126062,120,EC,2024-05-01,SKU017,FY_BASE
2932677,6445278,0,161132,143,CV,2024-05-01,SKU017,FY_BASE
2157978,4742686,0,118567,103,FS,2024-05-01,SKU017,FY_BASE
2836543,5909464,0,147737,120,MT,2024-05-01,SKU018,FY_BASE
2819737,5874453,0,146861,117,GT,2024-05-01,SKU018,FY_BASE
3102298,6463120,0,161578,142,EC,2024-05-01,SKU018,FY_BASE
3496240,7283833,0,182096,149,CV,2024-05-01,SKU018,FY_BASE
3519949,7333228,0,183331,147,FS,2024-05-01,SKU018,FY_BASE
1587746,3144051,0,78601,163,MT,2024-05-01,SKU019,FY_BASE
1474584,2919969,0,72999,148,GT,2024-05-01,SKU019,FY_BASE
1343392,2660183,0,66505,149,EC,2024-05-01,SKU019,FY_BASE
1743437,3452350,0,86309,181,CV,2024-05-01,SKU019,FY_BASE
1407707,2787538,0,69688,143,FS,2024-05-01,SKU019,FY_BASE
1592287,3004315,0,75108,130,MT,2024-05-01,SKU020,FY_BASE
1835393,3463005,0,86575,147,GT,2024-05-01,SKU020,FY_BASE
1755200,3311698,0,82792,155,EC,2024-05-01,SKU020,FY_BASE
1791625,3380425,0,84511,148,CV,2024-05-01,SKU020,FY_BASE
1855495,3500934,0,87523,150,FS,2024-05-01,SKU020,FY_BASE
1635414,3803288,0,95082,142,MT,2024-05-01,SKU021,FY_BASE
1385202,3221400,0,80535,118,GT,2024-05-01,SKU021,FY_BASE
2036247,4735458,0,118386,191,EC,2024-05-01,SKU021,FY_BASE
1654251,3847095,0,96177,145,CV,2024-05-01,SKU021,FY_BASE
1640297,3814645,0,95366,141,FS,2024-05-01,SKU021,FY_BASE
2352796,5170781,0,129270,169,MT,2024-05-01,SKU022,FY_BASE
2088756,4590495,0,114762,147,GT,2024-05-01,SKU022,FY_BASE
2159452,4745866,0,118647,168,EC,2024-05-01,SKU022,FY_BASE
2357080,5180196,0,129505,171,CV,2024-05-01,SKU022,FY_BASE
2702299,5938889,0,148472,192,FS,2024-05-01,SKU022,FY_BASE
3063726,6382762,0,159569,186,MT,2024-05-01,SKU023,FY_BASE
3233917,6737328,0,168433,192,GT,2024-05-01,SKU023,FY_BASE
2685660,5595126,0,139878,176,EC,2024-05-01,SKU023,FY_BASE
3031644,6315926,0,157898,186,CV,2024-05-01,SKU023,FY_BASE
3270711,6813981,0,170350,196,FS,2024-05-01,SKU023,FY_BASE
3313302,6560812,0,164020,172,MT,2024-05-01,SKU024,FY_BASE
3052672,6044727,0,151118,155,GT,2024-05-01,SKU024,FY_BASE
3004058,5948464,0,148712,169,EC,2024-05-01,SKU024,FY_BASE
3238625,6412940,0,160324,170,CV,2024-05-01,SKU024,FY_BASE
3511313,6952902,0,173823,181,FS,2024-05-01,SKU024,FY_BASE
4705191,8877718,0,221943,212,MT,2024-05-01,SKU025,FY_BASE
4827509,9108508,0,227713,213,GT,2024-05-01,SKU025,FY_BASE
4453089,8402055,0,210051,217,EC,2024-05-01,SKU025,FY_BASE
4402381,8306380,0,207660,201,CV,2024-05-01,SKU025,FY_BASE
4260184,8038083,0,200952,190,FS,2024-05-01,SKU025,FY_BASE
4098225,9530756,0,238269,209,MT,2024-05-01,SKU026,FY_BASE
3637392,8459052,0,211476,182,GT,2024-05-01,SKU026,FY_BASE
3575739,8315672,0,207892,197,EC,2024-05-01,SKU026,FY_BASE
3770014,8767474,0,219187,194,CV,2024-05-01,SKU026,FY_BASE
3787373,8807844,0,220196,191,FS,2024-05-01,SKU026,FY_BASE
4787961,10522992,0,263075,213,MT,2024-05-01,SKU027,FY_BASE
4286234,9420294,0,235507,187,GT,2024-05-01,SKU027,FY_BASE
3920959,8617493,0,215437,189,EC,2024-05-01,SKU027,FY_BASE
4060993,8925260,0,223132,183,CV,2024-05-01,SKU027,FY_BASE
3956276,8695113,0,217378,174,FS,2024-05-01,SKU027,FY_BASE
1158634,2413820,0,60346,125,MT,2024-05-01,SKU028,FY_BASE
1759437,3665493,0,91637,186,GT,2024-05-01,SKU028,FY_BASE
2095175,4364947,0,109124,245,EC,2024-05-01,SKU028,FY_BASE
1869086,3893929,0,97348,204,CV,2024-05-01,SKU028,FY_BASE
2056219,4283789,0,107095,219,FS,2024-05-01,SKU028,FY_BASE
2838724,5620977,0,140524,244,MT,2024-05-01,SKU029,FY_BASE
2161138,4279284,0,106982,182,GT,2024-05-01,SKU029,FY_BASE
2949449,5840225,0,146006,274,EC,2024-05-01,SKU029,FY_BASE
2082534,4123640,0,103091,181,CV,2024-05-01,SKU029,FY_BASE
2448073,4847446,0,121186,208,FS,2024-05-01,SKU029,FY_BASE
2493548,4704808,0,117620,175,MT,2024-05-01,SKU030,FY_BASE
3811031,7190625,0,179766,262,GT,2024-05-01,SKU030,FY_BASE
3006235,5672142,0,141804,229,EC,2024-05-01,SKU030,FY_BASE
3191416,6021540,0,150538,227,CV,2024-05-01,SKU030,FY_BASE
3319310,6262850,0,156571,231,FS,2024-05-01,SKU030,FY_BASE
2720602,6326981,0,158175,207,MT,2024-05-01,SKU031,FY_BASE
4131118,9607251,0,240181,308,GT,2024-05-01,SKU031,FY_BASE
2640185,6139964,0,153499,217,EC,2024-05-01,SKU031,FY_BASE
3088414,7182359,0,179559,237,CV,2024-05-01,SKU031,FY_BASE
2916547,6782667,0,169567,219,FS,2024-05-01,SKU031,FY_BASE
4003470,8798835,0,219971,256,MT,2024-05-01,SKU032,FY_BASE
3383759,7436832,0,185921,212,GT,2024-05-01,SKU032,FY_BASE
3727753,8192863,0,204822,258,EC,2024-05-01,SKU032,FY_BASE
4107672,9027850,0,225696,266,CV,2024-05-01,SKU032,FY_BASE
3829858,8417270,0,210432,243,FS,2024-05-01,SKU032,FY_BASE
4685380,9761208,0,244030,256,MT,2024-05-01,SKU033,FY_BASE
4685481,9761418,0,244035,251,GT,2024-05-01,SKU033,FY_BASE
4149885,8645593,0,216140,246,EC,2024-05-01,SKU033,FY_BASE
4332297,9025619,0,225640,239,CV,2024-05-01,SKU033,FY_BASE
3919497,8165618,0,204140,212,FS,2024-05-01,SKU033,FY_BASE
2818676,5581536,0,139538,133,MT,2024-05-01,SKU034,FY_BASE
3149614,6236860,0,155922,146,GT,2024-05-01,SKU034,FY_BASE
2439234,4830167,0,120754,125,EC,2024-05-01,SKU034,FY_BASE
2569542,5088201,0,127205,123,CV,2024-05-01,SKU034,FY_BASE
2758484,5462344,0,136559,129,FS,2024-05-01,SKU034,FY_BASE
3375996,6369803,0,159245,140,MT,2024-05-01,SKU035,FY_BASE
3135717,5916447,0,147911,127,GT,2024-05-01,SKU035,FY_BASE
2836617,5352108,0,133803,127,EC,2024-05-01,SKU035,FY_BASE
3692291,6966587,0,174165,154,CV,2024-05-01,SKU035,FY_BASE
3385697,6388107,0,159703,139,FS,2024-05-01,SKU035,FY_BASE
2719390,6324163,0,158104,128,MT,2024-05-01,SKU036,FY_BASE
3094937,7197528,0,179938,143,GT,2024-05-01,SKU036,FY_BASE
2326244,5409870,0,135247,119,EC,2024-05-01,SKU036,FY_BASE
2338008,5437228,0,135931,111,CV,2024-05-01,SKU036,FY_BASE
3130765,7280848,0,182021,146,FS,2024-05-01,SKU036,FY_BASE
1094341,2544980,0,63624,148,MT,2024-06-01,SKU001,FY_BASE
1172726,2727270,0,68182,155,GT,2024-06-01,SKU001,FY_BASE
1039362,2417121,0,60428,152,EC,2024-06-01,SKU001,FY_BASE
1029122,2393307,0,59833,141,CV,2024-06-01,SKU001,FY_BASE
839154,1951520,0,48788,112,FS,2024-06-01,SKU001,FY_BASE
1432099,3147632,0,78691,153,MT,2024-06-01,SKU002,FY_BASE
1452076,3191540,0,79788,152,GT,2024-06-01,SKU002,FY_BASE
878734,1931382,0,48285,102,EC,2024-06-01,SKU002,FY_BASE
1494753,3285340,0,82134,162,CV,2024-06-01,SKU002,FY_BASE
1377714,3028098,0,75702,146,FS,2024-06-01,SKU002,FY_BASE
2021544,4211550,0,105289,176,MT,2024-06-01,SKU003,FY_BASE
1695330,3531938,0,88298,145,GT,2024-06-01,SKU003,FY_BASE
1600301,3333960,0,83349,151,EC,2024-06-01,SKU003,FY_BASE
1762236,3671325,0,91783,155,CV,2024-06-01,SKU003,FY_BASE
2188620,4559625,0,113991,189,FS,2024-06-01,SKU003,FY_BASE
2294621,4543961,0,113599,167,MT,2024-06-01,SKU004,FY_BASE
2092201,4143116,0,103578,149,GT,2024-06-01,SKU004,FY_BASE
2159206,4275804,0,106895,170,EC,2024-06-01,SKU004,FY_BASE
2042106,4043914,0,101098,150,CV,2024-06-01,SKU004,FY_BASE
2129073,4216133,0,105403,153,FS,2024-06-01,SKU004,FY_BASE
2874122,5422872,0,135572,177,MT,2024-06-01,SKU005,FY_BASE
2396066,4520880,0,113022,145,GT,2024-06-01,SKU005,FY_BASE
2434532,4593456,0,114836,163,EC,2024-06-01,SKU005,FY_BASE
3012312,5683608,0,142090,188,CV,2024-06-01,SKU005,FY_BASE
3265097,6160560,0,154014,200,FS,2024-06-01,SKU005,FY_BASE
2540959,5909206,0,147730,174,MT,2024-06-01,SKU006,FY_BASE
2406642,5596841,0,139921,162,GT,2024-06-01,SKU006,FY_BASE
2502234,5819149,0,145479,186,EC,2024-06-01,SKU006,FY_BASE
2287152,5318957,0,132974,159,CV,2024-06-01,SKU006,FY_BASE
2691303,6258845,0,156471,183,FS,2024-06-01,SKU006,FY_BASE
3540966,7782343,0,194559,209,MT,2024-06-01,SKU007,FY_BASE
3524290,7745692,0,193642,204,GT,2024-06-01,SKU007,FY_BASE
2465047,5417685,0,135442,158,EC,2024-06-01,SKU007,FY_BASE
2975664,6539920,0,163498,177,CV,2024-06-01,SKU007,FY_BASE
3488144,7666250,0,191656,204,FS,2024-06-01,SKU007,FY_BASE
3457081,7202252,0,180056,177,MT,2024-06-01,SKU008,FY_BASE
3988939,8310290,0,207757,201,GT,2024-06-01,SKU008,FY_BASE
3306177,6887869,0,172197,184,EC,2024-06-01,SKU008,FY_BASE
4068622,8476296,0,211907,211,CV,2024-06-01,SKU008,FY_BASE
3245237,6760911,0,169023,165,FS,2024-06-01,SKU008,FY_BASE
4845128,9594312,0,239858,218,MT,2024-06-01,SKU009,FY_BASE
5469794,10831275,0,270782,242,GT,2024-06-01,SKU009,FY_BASE
4496280,8903525,0,222588,219,EC,2024-06-01,SKU009,FY_BASE
4679143,9265630,0,231641,213,CV,2024-06-01,SKU009,FY_BASE
4495719,8902414,0,222560,201,FS,2024-06-01,SKU009,FY_BASE
2200234,4151385,0,103785,242,MT,2024-06-01,SKU010,FY_BASE
1963082,3703928,0,92598,211,GT,2024-06-01,SKU010,FY_BASE
1899524,3584007,0,89600,226,EC,2024-06-01,SKU010,FY_BASE
1978407,3732844,0,93321,219,CV,2024-06-01,SKU010,FY_BASE
1942947,3665938,0,91648,211,FS,2024-06-01,SKU010,FY_BASE
1909707,4441180,0,111030,216,MT,2024-06-01,SKU011,FY_BASE
1864520,4336093,0,108402,207,GT,2024-06-01,SKU011,FY_BASE
1789415,4161430,0,104036,219,EC,2024-06-01,SKU011,FY_BASE
2100697,4885342,0,122134,240,CV,2024-06-01,SKU011,FY_BASE
1817294,4226266,0,105657,204,FS,2024-06-01,SKU011,FY_BASE
2817351,6191981,0,154800,259,MT,2024-06-01,SKU012,FY_BASE
2422192,5323500,0,133088,218,GT,2024-06-01,SKU012,FY_BASE
2486115,5463990,0,136600,248,EC,2024-06-01,SKU012,FY_BASE
2550826,5606212,0,140155,237,CV,2024-06-01,SKU012,FY_BASE
2293618,5040919,0,126023,209,FS,2024-06-01,SKU012,FY_BASE
4019263,8373464,0,209337,308,MT,2024-06-01,SKU013,FY_BASE
3487220,7265042,0,181626,261,GT,2024-06-01,SKU013,FY_BASE
2951888,6149767,0,153744,245,EC,2024-06-01,SKU013,FY_BASE
3434217,7154619,0,178865,266,CV,2024-06-01,SKU013,FY_BASE
3617789,7537061,0,188427,274,FS,2024-06-01,SKU013,FY_BASE
3743226,7412328,0,185308,243,MT,2024-06-01,SKU014,FY_BASE
3639636,7207200,0,180180,231,GT,2024-06-01,SKU014,FY_BASE
3576821,7082813,0,177070,251,EC,2024-06-01,SKU014,FY_BASE
3816273,7556976,0,188924,250,CV,2024-06-01,SKU014,FY_BASE
3356695,6646920,0,166173,215,FS,2024-06-01,SKU014,FY_BASE
4848752,9148589,0,228715,270,MT,2024-06-01,SKU015,FY_BASE
4237609,7995488,0,199887,231,GT,2024-06-01,SKU015,FY_BASE
4094774,7725989,0,193150,247,EC,2024-06-01,SKU015,FY_BASE
4984672,9405042,0,235126,280,CV,2024-06-01,SKU015,FY_BASE
4346660,8201246,0,205031,239,FS,2024-06-01,SKU015,FY_BASE
4220846,9815920,0,245398,264,MT,2024-06-01,SKU016,FY_BASE
4120389,9582300,0,239558,252,GT,2024-06-01,SKU016,FY_BASE
4006920,9318418,0,232960,271,EC,2024-06-01,SKU016,FY_BASE
4642569,10796672,0,269917,293,CV,2024-06-01,SKU016,FY_BASE
4485941,10432422,0,260811,277,FS,2024-06-01,SKU016,FY_BASE
2462680,5412343,0,135309,133,MT,2024-06-01,SKU017,FY_BASE
2375673,5221125,0,130528,126,GT,2024-06-01,SKU017,FY_BASE
1826710,4014644,0,100366,107,EC,2024-06-01,SKU017,FY_BASE
2859032,6283424,0,157086,156,CV,2024-06-01,SKU017,FY_BASE
2704003,5942711,0,148568,145,FS,2024-06-01,SKU017,FY_BASE
3298967,6872848,0,171821,156,MT,2024-06-01,SKU018,FY_BASE
3142012,6545858,0,163646,146,GT,2024-06-01,SKU018,FY_BASE
2903657,6049285,0,151232,149,EC,2024-06-01,SKU018,FY_BASE
3242514,6755238,0,168881,155,CV,2024-06-01,SKU018,FY_BASE
2550472,5313483,0,132837,120,FS,2024-06-01,SKU018,FY_BASE
1139375,2256188,0,56405,131,MT,2024-06-01,SKU019,FY_BASE
1135318,2248155,0,56204,128,GT,2024-06-01,SKU019,FY_BASE
917589,1817008,0,45425,114,EC,2024-06-01,SKU019,FY_BASE
1307835,2589772,0,64744,152,CV,2024-06-01,SKU019,FY_BASE
1556565,3082306,0,77058,177,FS,2024-06-01,SKU019,FY_BASE
1611113,3039836,0,75996,148,MT,2024-06-01,SKU020,FY_BASE
1621523,3059477,0,76487,146,GT,2024-06-01,SKU020,FY_BASE
1540725,2907028,0,72676,153,EC,2024-06-01,SKU020,FY_BASE
1560323,2944006,0,73600,145,CV,2024-06-01,SKU020,FY_BASE
1778082,3354871,0,83872,162,FS,2024-06-01,SKU020,FY_BASE
1670832,3885656,0,97141,163,MT,2024-06-01,SKU021,FY_BASE
1716829,3992625,0,99816,164,GT,2024-06-01,SKU021,FY_BASE
1373869,3195045,0,79876,145,EC,2024-06-01,SKU021,FY_BASE
1834670,4266675,0,106667,181,CV,2024-06-01,SKU021,FY_BASE
1764575,4103662,0,102592,170,FS,2024-06-01,SKU021,FY_BASE
1989561,4372492,0,109312,161,MT,2024-06-01,SKU022,FY_BASE
1991398,4376531,0,109413,158,GT,2024-06-01,SKU022,FY_BASE
2425952,5331558,0,133289,212,EC,2024-06-01,SKU022,FY_BASE
2702174,5938616,0,148465,220,CV,2024-06-01,SKU022,FY_BASE
2154931,4735930,0,118398,172,FS,2024-06-01,SKU022,FY_BASE
3203666,6674304,0,166858,218,MT,2024-06-01,SKU023,FY_BASE
3144960,6552000,0,163800,210,GT,2024-06-01,SKU023,FY_BASE
1863461,3882211,0,97055,138,EC,2024-06-01,SKU023,FY_BASE
2697650,5620104,0,140503,186,CV,2024-06-01,SKU023,FY_BASE
2848124,5933592,0,148340,192,FS,2024-06-01,SKU023,FY_BASE
2930300,5802413,0,145060,171,MT,2024-06-01,SKU024,FY_BASE
3230267,6396390,0,159910,185,GT,2024-06-01,SKU024,FY_BASE
3237608,6410927,0,160273,205,EC,2024-06-01,SKU024,FY_BASE
3237608,6410927,0,160273,191,CV,2024-06-01,SKU024,FY_BASE
2906487,5755260,0,143882,168,FS,2024-06-01,SKU024,FY_BASE
4891535,9229311,0,230733,248,MT,2024-06-01,SKU025,FY_BASE
4147539,7825545,0,195639,206,GT,2024-06-01,SKU025,FY_BASE
3637073,6862401,0,171560,200,EC,2024-06-01,SKU025,FY_BASE
3650746,6888200,0,172205,187,CV,2024-06-01,SKU025,FY_BASE
3707066,6994465,0,174862,186,FS,2024-06-01,SKU025,FY_BASE
3591750,8352908,0,208823,206,MT,2024-06-01,SKU026,FY_BASE
3255371,7570631,0,189266,183,GT,2024-06-01,SKU026,FY_BASE
3571065,8304802,0,207620,222,EC,2024-06-01,SKU026,FY_BASE
3499740,8138931,0,203473,203,CV,2024-06-01,SKU026,FY_BASE
3314569,7708299,0,192707,188,FS,2024-06-01,SKU026,FY_BASE
4134549,9086920,0,227173,207,MT,2024-06-01,SKU027,FY_BASE
4735386,10407442,0,260186,232,GT,2024-06-01,SKU027,FY_BASE
3682822,8094114,0,202353,200,EC,2024-06-01,SKU027,FY_BASE
3530525,7759395,0,193985,178,CV,2024-06-01,SKU027,FY_BASE
3584038,7877006,0,196925,177,FS,2024-06-01,SKU027,FY_BASE
2174604,4530424,0,113261,264,MT,2024-06-01,SKU028,FY_BASE
1769040,3685500,0,92138,210,GT,2024-06-01,SKU028,FY_BASE
1856349,3867394,0,96685,244,EC,2024-06-01,SKU028,FY_BASE
1963226,4090054,0,102251,240,CV,2024-06-01,SKU028,FY_BASE
1593315,3319407,0,82985,191,FS,2024-06-01,SKU028,FY_BASE
2504208,4958599,0,123965,242,MT,2024-06-01,SKU029,FY_BASE
2445493,4842338,0,121058,231,GT,2024-06-01,SKU029,FY_BASE
1991008,3942408,0,98560,208,EC,2024-06-01,SKU029,FY_BASE
2316378,4586676,0,114667,226,CV,2024-06-01,SKU029,FY_BASE
2420411,4792672,0,119817,231,FS,2024-06-01,SKU029,FY_BASE
3029308,5715675,0,142892,239,MT,2024-06-01,SKU030,FY_BASE
3798112,7166250,0,179156,294,GT,2024-06-01,SKU030,FY_BASE
3276311,6181718,0,154543,280,EC,2024-06-01,SKU030,FY_BASE
3247386,6127144,0,153179,259,CV,2024-06-01,SKU030,FY_BASE
2913347,5496881,0,137422,228,FS,2024-06-01,SKU030,FY_BASE
3256506,7573270,0,189332,278,MT,2024-06-01,SKU031,FY_BASE
3048691,7089980,0,177250,255,GT,2024-06-01,SKU031,FY_BASE
2701146,6281736,0,157043,250,EC,2024-06-01,SKU031,FY_BASE
3027846,7041503,0,176038,261,CV,2024-06-01,SKU031,FY_BASE
2918084,6786241,0,169656,247,FS,2024-06-01,SKU031,FY_BASE
3489410,7669032,0,191726,251,MT,2024-06-01,SKU032,FY_BASE
3726450,8190000,0,204750,262,GT,2024-06-01,SKU032,FY_BASE
2966484,6519744,0,162994,231,EC,2024-06-01,SKU032,FY_BASE
4074099,8954064,0,223852,296,CV,2024-06-01,SKU032,FY_BASE
3511195,7716912,0,192923,250,FS,2024-06-01,SKU032,FY_BASE
4664712,9718151,0,242954,287,MT,2024-06-01,SKU033,FY_BASE
4587956,9558242,0,238956,276,GT,2024-06-01,SKU033,FY_BASE
4055651,8449273,0,211232,270,EC,2024-06-01,SKU033,FY_BASE
4734223,9862965,0,246574,294,CV,2024-06-01,SKU033,FY_BASE
4955279,10323498,0,258087,301,FS,2024-06-01,SKU033,FY_BASE
2290903,4536441,0,113411,122,MT,2024-06-01,SKU034,FY_BASE
2419531,4791150,0,119779,126,GT,2024-06-01,SKU034,FY_BASE
1896912,3756262,0,93907,109,EC,2024-06-01,SKU034,FY_BASE
2325541,4605032,0,115126,125,CV,2024-06-01,SKU034,FY_BASE
2115332,4188776,0,104719,111,FS,2024-06-01,SKU034,FY_BASE
2936303,5540194,0,138505,136,MT,2024-06-01,SKU035,FY_BASE
2444357,4611994,0,115300,111,GT,2024-06-01,SKU035,FY_BASE
2774433,5234780,0,130870,140,EC,2024-06-01,SKU035,FY_BASE
2682052,5060475,0,126512,126,CV,2024-06-01,SKU035,FY_BASE
3081166,5813521,0,145338,142,FS,2024-06-01,SKU035,FY_BASE
2836319,6596090,0,164902,150,MT,2024-06-01,SKU036,FY_BASE
2490723,5792378,0,144809,129,GT,2024-06-01,SKU036,FY_BASE
2527920,5878883,0,146972,145,EC,2024-06-01,SKU036,FY_BASE
3042139,7074742,0,176869,163,CV,2024-06-01,SKU036,FY_BASE
2966229,6898206,0,172455,155,FS,2024-06-01,SKU036,FY_BASE
946877,2202039,0,55051,128,MT,2024-07-01,SKU001,FY_BASE
1267812,2948400,0,73710,168,GT,2024-07-01,SKU001,FY_BASE
709633,1650310,0,41258,104,EC,2024-07-01,SKU001,FY_BASE
1044482,2429028,0,60726,143,CV,2024-07-01,SKU001,FY_BASE
886208,2060950,0,51524,119,FS,2024-07-01,SKU001,FY_BASE
1451717,3190750,0,79769,155,MT,2024-07-01,SKU002,FY_BASE
1141633,2509211,0,62730,120,GT,2024-07-01,SKU002,FY_BASE
1204862,2648183,0,66205,140,EC,2024-07-01,SKU002,FY_BASE
1300629,2858672,0,71467,141,CV,2024-07-01,SKU002,FY_BASE
1347979,2962743,0,74069,143,FS,2024-07-01,SKU002,FY_BASE
2177973,4537444,0,113436,190,MT,2024-07-01,SKU003,FY_BASE
2211300,4606875,0,115172,189,GT,2024-07-01,SKU003,FY_BASE
1578074,3287655,0,82191,149,EC,2024-07-01,SKU003,FY_BASE
1821771,3795356,0,94884,161,CV,2024-07-01,SKU003,FY_BASE
1872486,3901012,0,97525,162,FS,2024-07-01,SKU003,FY_BASE
2208032,4372492,0,109312,161,MT,2024-07-01,SKU004,FY_BASE
2563683,5076776,0,126919,183,GT,2024-07-01,SKU004,FY_BASE
1892637,3747927,0,93698,149,EC,2024-07-01,SKU004,FY_BASE
2656166,5259917,0,131498,195,CV,2024-07-01,SKU004,FY_BASE
1881168,3725214,0,93130,135,FS,2024-07-01,SKU004,FY_BASE
3129222,5904192,0,147605,193,MT,2024-07-01,SKU005,FY_BASE
2847499,5372640,0,134316,172,GT,2024-07-01,SKU005,FY_BASE
2795785,5275066,0,131877,187,EC,2024-07-01,SKU005,FY_BASE
2339170,4413528,0,110338,146,CV,2024-07-01,SKU005,FY_BASE
3024511,5706624,0,142666,185,FS,2024-07-01,SKU005,FY_BASE
2969554,6905939,0,172648,204,MT,2024-07-01,SKU006,FY_BASE
2609800,6069302,0,151733,175,GT,2024-07-01,SKU006,FY_BASE
2488097,5786273,0,144657,185,EC,2024-07-01,SKU006,FY_BASE
2590085,6023454,0,150586,180,CV,2024-07-01,SKU006,FY_BASE
2722238,6330786,0,158270,185,FS,2024-07-01,SKU006,FY_BASE
2847008,6257160,0,156429,168,MT,2024-07-01,SKU007,FY_BASE
3560623,7825545,0,195639,206,GT,2024-07-01,SKU007,FY_BASE
3253862,7151344,0,178784,208,EC,2024-07-01,SKU007,FY_BASE
2870019,6307733,0,157693,171,CV,2024-07-01,SKU007,FY_BASE
3326323,7310599,0,182765,194,FS,2024-07-01,SKU007,FY_BASE
3988939,8310290,0,207757,205,MT,2024-07-01,SKU008,FY_BASE
3592134,7483612,0,187090,181,GT,2024-07-01,SKU008,FY_BASE
4383046,9131346,0,228284,244,EC,2024-07-01,SKU008,FY_BASE
4149590,8644979,0,216124,215,CV,2024-07-01,SKU008,FY_BASE
4175400,8698751,0,217469,212,FS,2024-07-01,SKU008,FY_BASE
4123017,8164390,0,204110,186,MT,2024-07-01,SKU009,FY_BASE
5017942,9936518,0,248413,222,GT,2024-07-01,SKU009,FY_BASE
3936935,7795910,0,194898,192,EC,2024-07-01,SKU009,FY_BASE
4540844,8991770,0,224794,207,CV,2024-07-01,SKU009,FY_BASE
4895862,9694776,0,242369,218,FS,2024-07-01,SKU009,FY_BASE
1788886,3375256,0,84381,196,MT,2024-07-01,SKU010,FY_BASE
2275612,4293608,0,107340,245,GT,2024-07-01,SKU010,FY_BASE
1678649,3167262,0,79182,200,EC,2024-07-01,SKU010,FY_BASE
1940543,3661402,0,91535,215,CV,2024-07-01,SKU010,FY_BASE
2532598,4778487,0,119462,275,FS,2024-07-01,SKU010,FY_BASE
1863355,4333384,0,108335,211,MT,2024-07-01,SKU011,FY_BASE
1949701,4534189,0,113355,216,GT,2024-07-01,SKU011,FY_BASE
1729482,4022052,0,100551,212,EC,2024-07-01,SKU011,FY_BASE
1898884,4416009,0,110400,217,CV,2024-07-01,SKU011,FY_BASE
2173259,5054091,0,126352,244,FS,2024-07-01,SKU011,FY_BASE
2532194,5565262,0,139132,233,MT,2024-07-01,SKU012,FY_BASE
2690031,5912156,0,147804,243,GT,2024-07-01,SKU012,FY_BASE
2580925,5672362,0,141809,257,EC,2024-07-01,SKU012,FY_BASE
2821711,6201562,0,155039,262,CV,2024-07-01,SKU012,FY_BASE
2869904,6307481,0,157687,261,FS,2024-07-01,SKU012,FY_BASE
3196206,6658762,0,166469,245,MT,2024-07-01,SKU013,FY_BASE
2885009,6010436,0,150261,216,GT,2024-07-01,SKU013,FY_BASE
2837867,5912222,0,147806,235,EC,2024-07-01,SKU013,FY_BASE
2836962,5910338,0,147758,219,CV,2024-07-01,SKU013,FY_BASE
2910864,6064301,0,151608,220,FS,2024-07-01,SKU013,FY_BASE
4310381,8535408,0,213385,279,MT,2024-07-01,SKU014,FY_BASE
3556917,7043400,0,176085,226,GT,2024-07-01,SKU014,FY_BASE
3232608,6401203,0,160030,227,EC,2024-07-01,SKU014,FY_BASE
4185072,8287272,0,207182,274,CV,2024-07-01,SKU014,FY_BASE
3880666,7684488,0,192112,249,FS,2024-07-01,SKU014,FY_BASE
5301554,10002932,0,250073,295,MT,2024-07-01,SKU015,FY_BASE
4642107,8758693,0,218967,253,GT,2024-07-01,SKU015,FY_BASE
3885680,7331471,0,183287,234,EC,2024-07-01,SKU015,FY_BASE
4853988,9158468,0,228962,273,CV,2024-07-01,SKU015,FY_BASE
4518238,8524978,0,213124,249,FS,2024-07-01,SKU015,FY_BASE
4069500,9463954,0,236599,254,MT,2024-07-01,SKU016,FY_BASE
5030308,11698391,0,292460,308,GT,2024-07-01,SKU016,FY_BASE
3836082,8921121,0,223028,259,EC,2024-07-01,SKU016,FY_BASE
4326408,10061415,0,251535,273,CV,2024-07-01,SKU016,FY_BASE
4859770,11301790,0,282545,300,FS,2024-07-01,SKU016,FY_BASE
2346333,5156642,0,128916,127,MT,2024-07-01,SKU017,FY_BASE
2553849,5612710,0,140318,135,GT,2024-07-01,SKU017,FY_BASE
2292342,5037984,0,125950,134,EC,2024-07-01,SKU017,FY_BASE
2609586,5735205,0,143380,143,CV,2024-07-01,SKU017,FY_BASE
2704003,5942711,0,148568,145,FS,2024-07-01,SKU017,FY_BASE
2656886,5535180,0,138380,126,MT,2024-07-01,SKU018,FY_BASE
3028990,6310395,0,157760,141,GT,2024-07-01,SKU018,FY_BASE
3026347,6304889,0,157622,155,EC,2024-07-01,SKU018,FY_BASE
3461603,7211673,0,180292,166,CV,2024-07-01,SKU018,FY_BASE
2639962,5499921,0,137498,124,FS,2024-07-01,SKU018,FY_BASE
1294330,2563029,0,64076,149,MT,2024-07-01,SKU019,FY_BASE
1274907,2524568,0,63114,144,GT,2024-07-01,SKU019,FY_BASE
934426,1850348,0,46259,117,EC,2024-07-01,SKU019,FY_BASE
1443128,2857680,0,71442,168,CV,2024-07-01,SKU019,FY_BASE
1298672,2571628,0,64291,148,FS,2024-07-01,SKU019,FY_BASE
1062649,2004998,0,50125,98,MT,2024-07-01,SKU020,FY_BASE
1948161,3675775,0,91894,175,GT,2024-07-01,SKU020,FY_BASE
1804548,3404807,0,85120,180,EC,2024-07-01,SKU020,FY_BASE
1628163,3072006,0,76800,151,CV,2024-07-01,SKU020,FY_BASE
1512524,2853819,0,71345,138,FS,2024-07-01,SKU020,FY_BASE
2091235,4863338,0,121583,204,MT,2024-07-01,SKU021,FY_BASE
1672808,3890250,0,97256,160,GT,2024-07-01,SKU021,FY_BASE
1334047,3102435,0,77561,141,EC,2024-07-01,SKU021,FY_BASE
1589336,3696131,0,92403,156,CV,2024-07-01,SKU021,FY_BASE
1688328,3926344,0,98159,163,FS,2024-07-01,SKU021,FY_BASE
2119597,4658275,0,116457,171,MT,2024-07-01,SKU022,FY_BASE
1832087,4026409,0,100660,145,GT,2024-07-01,SKU022,FY_BASE
2257817,4962044,0,124051,197,EC,2024-07-01,SKU022,FY_BASE
2444825,5373034,0,134326,200,CV,2024-07-01,SKU022,FY_BASE
2601686,5717770,0,142944,208,FS,2024-07-01,SKU022,FY_BASE
2941828,6128808,0,153220,201,MT,2024-07-01,SKU023,FY_BASE
2877638,5995080,0,149877,192,GT,2024-07-01,SKU023,FY_BASE
2702730,5630688,0,140767,200,EC,2024-07-01,SKU023,FY_BASE
2987228,6223392,0,155585,206,CV,2024-07-01,SKU023,FY_BASE
2614671,5447232,0,136181,176,FS,2024-07-01,SKU023,FY_BASE
3469619,6870341,0,171759,203,MT,2024-07-01,SKU024,FY_BASE
3285329,6505420,0,162636,188,GT,2024-07-01,SKU024,FY_BASE
3221006,6378051,0,159451,204,EC,2024-07-01,SKU024,FY_BASE
2952984,5847329,0,146183,174,CV,2024-07-01,SKU024,FY_BASE
3487785,6906312,0,172658,202,FS,2024-07-01,SKU024,FY_BASE
4290457,8095201,0,202380,217,MT,2024-07-01,SKU025,FY_BASE
3787803,7146799,0,178670,188,GT,2024-07-01,SKU025,FY_BASE
3522218,6645694,0,166142,193,EC,2024-07-01,SKU025,FY_BASE
4635217,8745692,0,218642,237,CV,2024-07-01,SKU025,FY_BASE
3246301,6125096,0,153127,163,FS,2024-07-01,SKU025,FY_BASE
3646726,8480758,0,212019,209,MT,2024-07-01,SKU026,FY_BASE
3143117,7309575,0,182739,176,GT,2024-07-01,SKU026,FY_BASE
3875705,9013268,0,225332,240,EC,2024-07-01,SKU026,FY_BASE
3934941,9151026,0,228776,228,CV,2024-07-01,SKU026,FY_BASE
3870083,9000194,0,225005,219,FS,2024-07-01,SKU026,FY_BASE
4407387,9686565,0,242164,220,MT,2024-07-01,SKU027,FY_BASE
4885376,10737090,0,268427,239,GT,2024-07-01,SKU027,FY_BASE
3644055,8008913,0,200223,197,EC,2024-07-01,SKU027,FY_BASE
4755825,10452362,0,261309,240,CV,2024-07-01,SKU027,FY_BASE
4029391,8855805,0,221395,200,FS,2024-07-01,SKU027,FY_BASE
1914691,3988940,0,99724,232,MT,2024-07-01,SKU028,FY_BASE
1910563,3980340,0,99508,227,GT,2024-07-01,SKU028,FY_BASE
1888355,3934073,0,98352,248,EC,2024-07-01,SKU028,FY_BASE
1723181,3589960,0,89749,211,CV,2024-07-01,SKU028,FY_BASE
1461998,3045830,0,76146,175,FS,2024-07-01,SKU028,FY_BASE
2188460,4333384,0,108335,211,MT,2024-07-01,SKU029,FY_BASE
2767853,5480645,0,137016,261,GT,2024-07-01,SKU029,FY_BASE
2554121,5057432,0,126436,267,EC,2024-07-01,SKU029,FY_BASE
2219413,4394675,0,109867,216,CV,2024-07-01,SKU029,FY_BASE
2398407,4749103,0,118728,229,FS,2024-07-01,SKU029,FY_BASE
2869870,5414850,0,135371,227,MT,2024-07-01,SKU030,FY_BASE
2265303,4274156,0,106854,175,GT,2024-07-01,SKU030,FY_BASE
2675040,5047245,0,126181,229,EC,2024-07-01,SKU030,FY_BASE
3392006,6400012,0,160000,271,CV,2024-07-01,SKU030,FY_BASE
2980475,5623538,0,140588,233,FS,2024-07-01,SKU030,FY_BASE
2359431,5487048,0,137176,202,MT,2024-07-01,SKU031,FY_BASE
2898139,6739858,0,168496,243,GT,2024-07-01,SKU031,FY_BASE
2655749,6176161,0,154404,246,EC,2024-07-01,SKU031,FY_BASE
3319687,7720202,0,193005,287,CV,2024-07-01,SKU031,FY_BASE
2793910,6497466,0,162437,236,FS,2024-07-01,SKU031,FY_BASE
4336212,9530136,0,238253,312,MT,2024-07-01,SKU032,FY_BASE
3920225,8615880,0,215397,276,GT,2024-07-01,SKU032,FY_BASE
3815977,8386762,0,209669,297,EC,2024-07-01,SKU032,FY_BASE
3900733,8573040,0,214326,284,CV,2024-07-01,SKU032,FY_BASE
3053854,6711768,0,167794,217,FS,2024-07-01,SKU032,FY_BASE
4015412,8365442,0,209136,247,MT,2024-07-01,SKU033,FY_BASE
4343730,9049438,0,226236,261,GT,2024-07-01,SKU033,FY_BASE
4055651,8449273,0,211232,270,EC,2024-07-01,SKU033,FY_BASE
4582052,9545942,0,238649,285,CV,2024-07-01,SKU033,FY_BASE
5266063,10970964,0,274274,320,FS,2024-07-01,SKU033,FY_BASE
3041371,6022516,0,150563,162,MT,2024-07-01,SKU034,FY_BASE
2399368,4751224,0,118781,125,GT,2024-07-01,SKU034,FY_BASE
2042829,4045205,0,101130,118,EC,2024-07-01,SKU034,FY_BASE
2696846,5340290,0,133507,145,CV,2024-07-01,SKU034,FY_BASE
2594275,5137178,0,128429,136,FS,2024-07-01,SKU034,FY_BASE
3094411,5838512,0,145963,144,MT,2024-07-01,SKU035,FY_BASE
2974736,5612710,0,140318,135,GT,2024-07-01,SKU035,FY_BASE
3671431,6927228,0,173181,185,EC,2024-07-01,SKU035,FY_BASE
2592650,4891792,0,122295,122,CV,2024-07-01,SKU035,FY_BASE
3012696,5684332,0,142108,139,FS,2024-07-01,SKU035,FY_BASE
2499134,5811939,0,145298,132,MT,2024-07-01,SKU036,FY_BASE
2571722,5980748,0,149519,133,GT,2024-07-01,SKU036,FY_BASE
2674466,6219688,0,155492,153,EC,2024-07-01,SKU036,FY_BASE
2806619,6527020,0,163176,150,CV,2024-07-01,SKU036,FY_BASE
2966229,6898206,0,172455,155,FS,2024-07-01,SKU036,FY_BASE
1428076,3321108,0,83028,193,MT,2024-08-01,SKU001,FY_BASE
1069716,2487712,0,62193,142,GT,2024-08-01,SKU001,FY_BASE
1060866,2467130,0,61678,155,EC,2024-08-01,SKU001,FY_BASE
952322,2214702,0,55368,130,CV,2024-08-01,SKU001,FY_BASE
1113643,2589867,0,64747,149,FS,2024-08-01,SKU001,FY_BASE
1765602,3880642,0,97016,189,MT,2024-08-01,SKU002,FY_BASE
1251790,2751328,0,68783,131,GT,2024-08-01,SKU002,FY_BASE
1503812,3305251,0,82631,174,EC,2024-08-01,SKU002,FY_BASE
1591815,3498674,0,87467,172,CV,2024-08-01,SKU002,FY_BASE
1684974,3703429,0,92586,178,FS,2024-08-01,SKU002,FY_BASE
2466765,5139094,0,128477,215,MT,2024-08-01,SKU003,FY_BASE
2174445,4530094,0,113252,186,GT,2024-08-01,SKU003,FY_BASE
1989263,4144298,0,103607,188,EC,2024-08-01,SKU003,FY_BASE
2095632,4365900,0,109148,185,CV,2024-08-01,SKU003,FY_BASE
2139984,4458300,0,111458,185,FS,2024-08-01,SKU003,FY_BASE
2337916,4629697,0,115742,170,MT,2024-08-01,SKU004,FY_BASE
2151136,4259824,0,106496,153,GT,2024-08-01,SKU004,FY_BASE
2065907,4091047,0,102276,163,EC,2024-08-01,SKU004,FY_BASE
2541922,5033684,0,125842,187,CV,2024-08-01,SKU004,FY_BASE
2376979,4707052,0,117676,171,FS,2024-08-01,SKU004,FY_BASE
3673434,6931008,0,173275,227,MT,2024-08-01,SKU005,FY_BASE
3455197,6519240,0,162981,209,GT,2024-08-01,SKU005,FY_BASE
2937144,5541782,0,138545,196,EC,2024-08-01,SKU005,FY_BASE
2238198,4223016,0,105575,140,CV,2024-08-01,SKU005,FY_BASE
2680816,5058144,0,126454,164,FS,2024-08-01,SKU005,FY_BASE
2785870,6478768,0,161969,191,MT,2024-08-01,SKU006,FY_BASE
2953606,6868850,0,171721,198,GT,2024-08-01,SKU006,FY_BASE
2205359,5128742,0,128219,164,EC,2024-08-01,SKU006,FY_BASE
2590085,6023454,0,150586,180,CV,2024-08-01,SKU006,FY_BASE
2660369,6186904,0,154673,181,FS,2024-08-01,SKU006,FY_BASE
3558760,7821450,0,195536,210,MT,2024-08-01,SKU007,FY_BASE
3742288,8224808,0,205620,216,GT,2024-08-01,SKU007,FY_BASE
2925189,6428986,0,160725,187,EC,2024-08-01,SKU007,FY_BASE
3186953,7004293,0,175107,190,CV,2024-08-01,SKU007,FY_BASE
4477050,9839671,0,245992,261,FS,2024-08-01,SKU007,FY_BASE
4254869,8864310,0,221608,218,MT,2024-08-01,SKU008,FY_BASE
4197785,8745385,0,218635,211,GT,2024-08-01,SKU008,FY_BASE
3627348,7556976,0,188924,202,EC,2024-08-01,SKU008,FY_BASE
4797331,9994439,0,249861,249,CV,2024-08-01,SKU008,FY_BASE
4072049,8483436,0,212086,207,FS,2024-08-01,SKU008,FY_BASE
4472425,8856288,0,221407,202,MT,2024-08-01,SKU009,FY_BASE
4708779,9324315,0,233108,208,GT,2024-08-01,SKU009,FY_BASE
3936935,7795910,0,194898,192,EC,2024-08-01,SKU009,FY_BASE
4379494,8672265,0,216807,200,CV,2024-08-01,SKU009,FY_BASE
4848786,9601557,0,240039,216,FS,2024-08-01,SKU009,FY_BASE
1702790,3212811,0,80320,187,MT,2024-08-01,SKU010,FY_BASE
1757984,3316950,0,82924,189,GT,2024-08-01,SKU010,FY_BASE
1643309,3100583,0,77515,195,EC,2024-08-01,SKU010,FY_BASE
2073068,3911450,0,97786,230,CV,2024-08-01,SKU010,FY_BASE
1846284,3483554,0,87089,201,FS,2024-08-01,SKU010,FY_BASE
2401040,5583814,0,139595,272,MT,2024-08-01,SKU011,FY_BASE
1788803,4160008,0,104000,198,GT,2024-08-01,SKU011,FY_BASE
2097640,4878232,0,121956,257,EC,2024-08-01,SKU011,FY_BASE
2073177,4821343,0,120534,237,CV,2024-08-01,SKU011,FY_BASE
2220096,5163015,0,129075,249,FS,2024-08-01,SKU011,FY_BASE
2908602,6392531,0,159813,268,MT,2024-08-01,SKU012,FY_BASE
2853063,6270469,0,156762,257,GT,2024-08-01,SKU012,FY_BASE
3170850,6968902,0,174223,316,EC,2024-08-01,SKU012,FY_BASE
2663695,5854275,0,146357,248,CV,2024-08-01,SKU012,FY_BASE
2316669,5091581,0,127290,211,FS,2024-08-01,SKU012,FY_BASE
3004159,6258664,0,156467,230,MT,2024-08-01,SKU013,FY_BASE
3543240,7381750,0,184544,266,GT,2024-08-01,SKU013,FY_BASE
2647831,5516315,0,137908,219,EC,2024-08-01,SKU013,FY_BASE
3312051,6900106,0,172503,256,CV,2024-08-01,SKU013,FY_BASE
3035616,6324199,0,158105,230,FS,2024-08-01,SKU013,FY_BASE
4553448,9016728,0,225418,295,MT,2024-08-01,SKU014,FY_BASE
4648808,9205560,0,230139,295,GT,2024-08-01,SKU014,FY_BASE
3516957,6964272,0,174107,247,EC,2024-08-01,SKU014,FY_BASE
4521802,8954064,0,223852,296,CV,2024-08-01,SKU014,FY_BASE
4437387,8786904,0,219673,285,FS,2024-08-01,SKU014,FY_BASE
5490222,10358909,0,258973,306,MT,2024-08-01,SKU015,FY_BASE
5085130,9594585,0,239865,277,GT,2024-08-01,SKU015,FY_BASE
4059925,7660236,0,191506,245,EC,2024-08-01,SKU015,FY_BASE
5824785,10990161,0,274754,328,CV,2024-08-01,SKU015,FY_BASE
5471454,10323498,0,258087,301,FS,2024-08-01,SKU015,FY_BASE
4691697,10910923,0,272773,293,MT,2024-08-01,SKU016,FY_BASE
4395082,10221120,0,255528,269,GT,2024-08-01,SKU016,FY_BASE
3991389,9282300,0,232058,270,EC,2024-08-01,SKU016,FY_BASE
4093448,9519646,0,237991,258,CV,2024-08-01,SKU016,FY_BASE
4248051,9879188,0,246980,262,FS,2024-08-01,SKU016,FY_BASE
2675983,5881129,0,147028,145,MT,2024-08-01,SKU017,FY_BASE
1781755,3915844,0,97896,94,GT,2024-08-01,SKU017,FY_BASE
2184888,4801828,0,120046,128,EC,2024-08-01,SKU017,FY_BASE
2609586,5735205,0,143380,143,CV,2024-08-01,SKU017,FY_BASE
2468873,5425954,0,135649,132,FS,2024-08-01,SKU017,FY_BASE
3564656,7426366,0,185659,169,MT,2024-08-01,SKU018,FY_BASE
3797539,7911540,0,197788,176,GT,2024-08-01,SKU018,FY_BASE
2637829,5495477,0,137387,135,EC,2024-08-01,SKU018,FY_BASE
2563339,5340290,0,133507,123,CV,2024-08-01,SKU018,FY_BASE
3042668,6338892,0,158472,143,FS,2024-08-01,SKU018,FY_BASE
1440170,2851821,0,71296,166,MT,2024-08-01,SKU019,FY_BASE
1367965,2708842,0,67721,154,GT,2024-08-01,SKU019,FY_BASE
1380593,2733847,0,68346,172,EC,2024-08-01,SKU019,FY_BASE
1343913,2661214,0,66530,156,CV,2024-08-01,SKU019,FY_BASE
1713142,3392361,0,84809,195,FS,2024-08-01,SKU019,FY_BASE
1713951,3233869,0,80847,158,MT,2024-08-01,SKU020,FY_BASE
2018154,3807838,0,95196,182,GT,2024-08-01,SKU020,FY_BASE
1973394,3723385,0,93085,196,EC,2024-08-01,SKU020,FY_BASE
1481177,2794673,0,69867,138,CV,2024-08-01,SKU020,FY_BASE
1697260,3202377,0,80059,154,FS,2024-08-01,SKU020,FY_BASE
1724730,4011000,0,100275,168,MT,2024-08-01,SKU021,FY_BASE
1870903,4350938,0,108773,178,GT,2024-08-01,SKU021,FY_BASE
1821870,4236908,0,105923,192,EC,2024-08-01,SKU021,FY_BASE
1557336,3621712,0,90543,153,CV,2024-08-01,SKU021,FY_BASE
1677435,3901012,0,97525,162,FS,2024-08-01,SKU021,FY_BASE
1924542,4229600,0,105740,155,MT,2024-08-01,SKU022,FY_BASE
1739154,3822170,0,95554,138,GT,2024-08-01,SKU022,FY_BASE
1705373,3747927,0,93698,149,EC,2024-08-01,SKU022,FY_BASE
2097402,4609497,0,115237,171,CV,2024-08-01,SKU022,FY_BASE
2391448,5255728,0,131393,191,FS,2024-08-01,SKU022,FY_BASE
2433554,5069904,0,126748,166,MT,2024-08-01,SKU023,FY_BASE
2924813,6093360,0,152334,195,GT,2024-08-01,SKU023,FY_BASE
2318658,4830538,0,120763,171,EC,2024-08-01,SKU023,FY_BASE
2651927,5524848,0,138121,183,CV,2024-08-01,SKU023,FY_BASE
3330593,6938736,0,173468,225,FS,2024-08-01,SKU023,FY_BASE
3110073,6158389,0,153960,182,MT,2024-08-01,SKU024,FY_BASE
3101790,6141988,0,153550,177,GT,2024-08-01,SKU024,FY_BASE
3420243,6772569,0,169314,216,EC,2024-08-01,SKU024,FY_BASE
3308765,6551827,0,163796,195,CV,2024-08-01,SKU024,FY_BASE
3287963,6510637,0,162766,190,FS,2024-08-01,SKU024,FY_BASE
5762062,10871816,0,271795,292,MT,2024-08-01,SKU025,FY_BASE
4443791,8384512,0,209613,220,GT,2024-08-01,SKU025,FY_BASE
4153920,7837584,0,195940,228,EC,2024-08-01,SKU025,FY_BASE
4245530,8010434,0,200261,217,CV,2024-08-01,SKU025,FY_BASE
4272551,8061417,0,201535,214,FS,2024-08-01,SKU025,FY_BASE
3463474,8054590,0,201365,198,MT,2024-08-01,SKU026,FY_BASE
4583713,10659797,0,266495,257,GT,2024-08-01,SKU026,FY_BASE
4044950,9406861,0,235172,251,EC,2024-08-01,SKU026,FY_BASE
4043741,9404049,0,235101,234,CV,2024-08-01,SKU026,FY_BASE
4592252,10679655,0,266991,260,FS,2024-08-01,SKU026,FY_BASE
4869113,10701348,0,267534,244,MT,2024-08-01,SKU027,FY_BASE
4435407,9748148,0,243704,217,GT,2024-08-01,SKU027,FY_BASE
4244937,9329531,0,233238,230,EC,2024-08-01,SKU027,FY_BASE
3613596,7941969,0,198549,183,CV,2024-08-01,SKU027,FY_BASE
4559574,10021042,0,250526,226,FS,2024-08-01,SKU027,FY_BASE
1706761,3555752,0,88894,207,MT,2024-08-01,SKU028,FY_BASE
2167074,4514738,0,112868,257,GT,2024-08-01,SKU028,FY_BASE
1928363,4017422,0,100436,253,EC,2024-08-01,SKU028,FY_BASE
1791765,3732844,0,93321,219,CV,2024-08-01,SKU028,FY_BASE
2031039,4231332,0,105783,244,FS,2024-08-01,SKU028,FY_BASE
2819956,5583814,0,139595,272,MT,2024-08-01,SKU029,FY_BASE
2356566,4666252,0,116656,223,GT,2024-08-01,SKU029,FY_BASE
2232342,4420275,0,110507,233,EC,2024-08-01,SKU029,FY_BASE
2090127,4138675,0,103467,204,CV,2024-08-01,SKU029,FY_BASE
2761469,5468004,0,136700,264,FS,2024-08-01,SKU029,FY_BASE
2697147,5088956,0,127224,213,MT,2024-08-01,SKU030,FY_BASE
3716725,7012688,0,175317,288,GT,2024-08-01,SKU030,FY_BASE
2846831,5371380,0,134284,244,EC,2024-08-01,SKU030,FY_BASE
3484038,6573656,0,164341,278,CV,2024-08-01,SKU030,FY_BASE
3155007,5952844,0,148821,247,FS,2024-08-01,SKU030,FY_BASE
3096752,7201750,0,180044,265,MT,2024-08-01,SKU031,FY_BASE
3299613,7673518,0,191838,276,GT,2024-08-01,SKU031,FY_BASE
2973531,6915189,0,172880,275,EC,2024-08-01,SKU031,FY_BASE
3040006,7069781,0,176745,262,CV,2024-08-01,SKU031,FY_BASE
2843580,6612977,0,165324,240,FS,2024-08-01,SKU031,FY_BASE
4161011,9145080,0,228627,299,MT,2024-08-01,SKU032,FY_BASE
3964943,8714160,0,217854,279,GT,2024-08-01,SKU032,FY_BASE
2979967,6549379,0,163734,232,EC,2024-08-01,SKU032,FY_BASE
3467318,7620480,0,190512,252,CV,2024-08-01,SKU032,FY_BASE
3142372,6906312,0,172658,224,FS,2024-08-01,SKU032,FY_BASE
4613452,9611359,0,240284,284,MT,2024-08-01,SKU033,FY_BASE
5006629,10430477,0,260762,301,GT,2024-08-01,SKU033,FY_BASE
3566448,7430100,0,185752,237,EC,2024-08-01,SKU033,FY_BASE
5309093,11060611,0,276515,330,CV,2024-08-01,SKU033,FY_BASE
4195585,8740802,0,218520,255,FS,2024-08-01,SKU033,FY_BASE
2468645,4888406,0,122210,131,MT,2024-08-01,SKU034,FY_BASE
2258229,4471740,0,111794,118,GT,2024-08-01,SKU034,FY_BASE
2407619,4767563,0,119189,139,EC,2024-08-01,SKU034,FY_BASE
1739270,3444100,0,86102,93,CV,2024-08-01,SKU034,FY_BASE
3392513,6717848,0,167946,178,FS,2024-08-01,SKU034,FY_BASE
3613911,6818700,0,170468,168,MT,2024-08-01,SKU035,FY_BASE
3274515,6178331,0,154458,149,GT,2024-08-01,SKU035,FY_BASE
3024758,5707091,0,142677,152,EC,2024-08-01,SKU035,FY_BASE
4090129,7717224,0,192931,192,CV,2024-08-01,SKU035,FY_BASE
3355048,6330279,0,158257,154,FS,2024-08-01,SKU035,FY_BASE
3193337,7426366,0,185659,169,MT,2024-08-01,SKU036,FY_BASE
3057716,7110968,0,177774,159,GT,2024-08-01,SKU036,FY_BASE
2875966,6688294,0,167207,165,EC,2024-08-01,SKU036,FY_BASE
2590725,6024942,0,150624,139,CV,2024-08-01,SKU036,FY_BASE
3607575,8389710,0,209743,189,FS,2024-08-01,SKU036,FY_BASE
1280612,2978168,0,74454,173,MT,2024-09-01,SKU001,FY_BASE
1275736,2966828,0,74171,169,GT,2024-09-01,SKU001,FY_BASE
1086775,2527384,0,63185,212,EC,2024-09-01,SKU001,FY_BASE
990722,2304004,0,57600,135,CV,2024-09-01,SKU001,FY_BASE
1137170,2644582,0,66115,152,FS,2024-09-01,SKU001,FY_BASE
1598851,3514138,0,87853,171,MT,2024-09-01,SKU002,FY_BASE
1281833,2817360,0,70434,134,GT,2024-09-01,SKU002,FY_BASE
1530989,3364984,0,84125,177,EC,2024-09-01,SKU002,FY_BASE
1213273,2666671,0,66667,131,CV,2024-09-01,SKU002,FY_BASE
1476830,3245946,0,81149,156,FS,2024-09-01,SKU002,FY_BASE
2129841,4437169,0,110929,186,MT,2024-09-01,SKU003,FY_BASE
2149875,4478906,0,111973,184,GT,2024-09-01,SKU003,FY_BASE
1867018,3889620,0,97240,176,EC,2024-09-01,SKU003,FY_BASE
1619352,3373650,0,84341,143,CV,2024-09-01,SKU003,FY_BASE
2067030,4306312,0,107658,178,FS,2024-09-01,SKU003,FY_BASE
2309052,4572540,0,114314,168,MT,2024-09-01,SKU004,FY_BASE
3226704,6389735,0,159743,230,GT,2024-09-01,SKU004,FY_BASE
2345804,4645318,0,116133,185,EC,2024-09-01,SKU004,FY_BASE
2327715,4609497,0,115237,171,CV,2024-09-01,SKU004,FY_BASE
2464475,4880319,0,122008,177,FS,2024-09-01,SKU004,FY_BASE
2278890,4299792,0,107495,141,MT,2024-09-01,SKU005,FY_BASE
2413429,4553640,0,113841,146,GT,2024-09-01,SKU005,FY_BASE
2640713,4982477,0,124562,235,EC,2024-09-01,SKU005,FY_BASE
2776712,5239080,0,130977,173,CV,2024-09-01,SKU005,FY_BASE
3402575,6419952,0,160499,208,FS,2024-09-01,SKU005,FY_BASE
2770563,6443170,0,161079,190,MT,2024-09-01,SKU006,FY_BASE
2437897,5669528,0,141738,164,GT,2024-09-01,SKU006,FY_BASE
2756699,6410927,0,160273,205,EC,2024-09-01,SKU006,FY_BASE
3044486,7080199,0,177005,211,CV,2024-09-01,SKU006,FY_BASE
3016116,7014224,0,175356,205,FS,2024-09-01,SKU006,FY_BASE
3238472,7117520,0,177938,191,MT,2024-09-01,SKU007,FY_BASE
3996618,8783775,0,219594,231,GT,2024-09-01,SKU007,FY_BASE
3582534,7873702,0,196843,229,EC,2024-09-01,SKU007,FY_BASE
3697570,8126528,0,203163,220,CV,2024-09-01,SKU007,FY_BASE
3883706,8535618,0,213390,227,FS,2024-09-01,SKU007,FY_BASE
3825290,7969355,0,199234,196,MT,2024-09-01,SKU008,FY_BASE
4406629,9180478,0,229512,222,GT,2024-09-01,SKU008,FY_BASE
3136145,6533636,0,163341,174,EC,2024-09-01,SKU008,FY_BASE
3299429,6873811,0,171845,171,CV,2024-09-01,SKU008,FY_BASE
4092720,8526499,0,213162,208,FS,2024-09-01,SKU008,FY_BASE
5357593,10609095,0,265227,242,MT,2024-09-01,SKU009,FY_BASE
4970378,9842332,0,246058,219,GT,2024-09-01,SKU009,FY_BASE
3826880,7577980,0,189450,249,EC,2024-09-01,SKU009,FY_BASE
4033744,7987612,0,199690,184,CV,2024-09-01,SKU009,FY_BASE
2942225,5826188,0,145655,131,FS,2024-09-01,SKU009,FY_BASE
2353294,4440177,0,111004,258,MT,2024-09-01,SKU010,FY_BASE
2080281,3925058,0,98126,224,GT,2024-09-01,SKU010,FY_BASE
1546124,2917215,0,72930,184,EC,2024-09-01,SKU010,FY_BASE
2101466,3965031,0,99126,233,CV,2024-09-01,SKU010,FY_BASE
2281272,4304286,0,107607,248,FS,2024-09-01,SKU010,FY_BASE
2169279,5044835,0,126121,246,MT,2024-09-01,SKU011,FY_BASE
2072741,4820327,0,120508,230,GT,2024-09-01,SKU011,FY_BASE
1900718,4420275,0,110507,233,EC,2024-09-01,SKU011,FY_BASE
1651203,3840008,0,96000,189,CV,2024-09-01,SKU011,FY_BASE
2163892,5032307,0,125808,243,FS,2024-09-01,SKU011,FY_BASE
2783133,6116775,0,152919,256,MT,2024-09-01,SKU012,FY_BASE
2445483,5374688,0,134367,220,GT,2024-09-01,SKU012,FY_BASE
2823216,6204870,0,155122,281,EC,2024-09-01,SKU012,FY_BASE
2528253,5556600,0,138915,235,CV,2024-09-01,SKU012,FY_BASE
2939058,6459469,0,161487,268,FS,2024-09-01,SKU012,FY_BASE
3484275,7258907,0,181473,267,MT,2024-09-01,SKU013,FY_BASE
3277147,6827389,0,170685,246,GT,2024-09-01,SKU013,FY_BASE
3099924,6458174,0,161454,342,EC,2024-09-01,SKU013,FY_BASE
3855011,8031272,0,200782,298,CV,2024-09-01,SKU013,FY_BASE
3562344,7421550,0,185539,270,FS,2024-09-01,SKU013,FY_BASE
4132132,8182440,0,204561,268,MT,2024-09-01,SKU014,FY_BASE
3689267,7305480,0,182637,234,GT,2024-09-01,SKU014,FY_BASE
4010828,7942234,0,198556,281,EC,2024-09-01,SKU014,FY_BASE
4201107,8319024,0,207976,275,CV,2024-09-01,SKU014,FY_BASE
4224523,8365392,0,209135,271,FS,2024-09-01,SKU014,FY_BASE
5094020,9611359,0,240284,284,MT,2024-09-01,SKU015,FY_BASE
4699893,8867722,0,221693,256,GT,2024-09-01,SKU015,FY_BASE
4512964,8515026,0,212876,272,EC,2024-09-01,SKU015,FY_BASE
4480604,8453970,0,211349,252,CV,2024-09-01,SKU015,FY_BASE
4918589,9280357,0,232009,271,FS,2024-09-01,SKU015,FY_BASE
3918155,9111989,0,227800,245,MT,2024-09-01,SKU016,FY_BASE
4566764,10620382,0,265510,279,GT,2024-09-01,SKU016,FY_BASE
4317534,10040776,0,251019,292,EC,2024-09-01,SKU016,FY_BASE
3544327,8242621,0,206066,224,CV,2024-09-01,SKU016,FY_BASE
4570903,10630006,0,265750,282,FS,2024-09-01,SKU016,FY_BASE
3005633,6605615,0,165140,163,MT,2024-09-01,SKU017,FY_BASE
3147767,6917990,0,172950,167,GT,2024-09-01,SKU017,FY_BASE
2836229,6233309,0,155833,222,EC,2024-09-01,SKU017,FY_BASE
2379328,5229158,0,130729,130,CV,2024-09-01,SKU017,FY_BASE
2410090,5296764,0,132419,129,FS,2024-09-01,SKU017,FY_BASE
2944716,6134824,0,153371,140,MT,2024-09-01,SKU018,FY_BASE
3300242,6875505,0,171888,153,GT,2024-09-01,SKU018,FY_BASE
3373968,7029099,0,175727,173,EC,2024-09-01,SKU018,FY_BASE
3308241,6892168,0,172304,159,CV,2024-09-01,SKU018,FY_BASE
2841315,5919406,0,147985,133,FS,2024-09-01,SKU018,FY_BASE
1613355,3194762,0,79869,186,MT,2024-09-01,SKU019,FY_BASE
1423801,2819408,0,70485,161,GT,2024-09-01,SKU019,FY_BASE
1161718,2300432,0,57511,145,EC,2024-09-01,SKU019,FY_BASE
1416069,2804098,0,70102,165,CV,2024-09-01,SKU019,FY_BASE
1676301,3319407,0,82985,191,FS,2024-09-01,SKU019,FY_BASE
2205283,4160911,0,104023,203,MT,2024-09-01,SKU020,FY_BASE
1808173,3411647,0,85291,163,GT,2024-09-01,SKU020,FY_BASE
1931182,3643740,0,91094,192,EC,2024-09-01,SKU020,FY_BASE
2069124,3904008,0,97600,192,CV,2024-09-01,SKU020,FY_BASE
1835812,3463796,0,86595,167,FS,2024-09-01,SKU020,FY_BASE
1509139,3509625,0,87741,147,MT,2024-09-01,SKU021,FY_BASE
1540744,3583125,0,89578,147,GT,2024-09-01,SKU021,FY_BASE
1815775,4222732,0,105568,255,EC,2024-09-01,SKU021,FY_BASE
1834670,4266675,0,106667,181,CV,2024-09-01,SKU021,FY_BASE
1797252,4179656,0,104491,173,FS,2024-09-01,SKU021,FY_BASE
2262637,4972637,0,124316,183,MT,2024-09-01,SKU022,FY_BASE
1938295,4259824,0,106496,153,GT,2024-09-01,SKU022,FY_BASE
1969585,4328591,0,108215,172,EC,2024-09-01,SKU022,FY_BASE
2316149,5090242,0,127256,189,CV,2024-09-01,SKU022,FY_BASE
2496567,5486749,0,137169,200,FS,2024-09-01,SKU022,FY_BASE
3388493,7059360,0,176484,231,MT,2024-09-01,SKU023,FY_BASE
2626042,5470920,0,136773,175,GT,2024-09-01,SKU023,FY_BASE
2944553,6134486,0,153362,217,EC,2024-09-01,SKU023,FY_BASE
2453795,5112072,0,127802,169,CV,2024-09-01,SKU023,FY_BASE
2785870,5803896,0,145097,188,FS,2024-09-01,SKU023,FY_BASE
3972984,7867075,0,196677,232,MT,2024-09-01,SKU024,FY_BASE
3707465,7341311,0,183533,212,GT,2024-09-01,SKU024,FY_BASE
3204402,6345174,0,158629,203,EC,2024-09-01,SKU024,FY_BASE
3308765,6551827,0,163796,195,CV,2024-09-01,SKU024,FY_BASE
3015481,5971082,0,149277,174,FS,2024-09-01,SKU024,FY_BASE
4373364,8251630,0,206291,222,MT,2024-09-01,SKU025,FY_BASE
5501837,10380825,0,259521,273,GT,2024-09-01,SKU025,FY_BASE
4123535,7780254,0,194506,301,EC,2024-09-01,SKU025,FY_BASE
3322589,6269036,0,156726,170,CV,2024-09-01,SKU025,FY_BASE
4838036,9128369,0,228209,243,FS,2024-09-01,SKU025,FY_BASE
3316872,7713655,0,192841,190,MT,2024-09-01,SKU026,FY_BASE
4583713,10659797,0,266495,257,GT,2024-09-01,SKU026,FY_BASE
3587989,8344161,0,208604,223,EC,2024-09-01,SKU026,FY_BASE
3699207,8602808,0,215070,214,CV,2024-09-01,SKU026,FY_BASE
4388563,10205961,0,255149,249,FS,2024-09-01,SKU026,FY_BASE
4596275,10101704,0,252543,230,MT,2024-09-01,SKU027,FY_BASE
4028292,8853390,0,221335,197,GT,2024-09-01,SKU027,FY_BASE
3682822,8094114,0,202353,200,EC,2024-09-01,SKU027,FY_BASE
4008184,8809196,0,220230,203,CV,2024-09-01,SKU027,FY_BASE
4729233,10393918,0,259848,234,FS,2024-09-01,SKU027,FY_BASE
2200595,4584573,0,114614,267,MT,2024-09-01,SKU028,FY_BASE
2052086,4275180,0,106880,244,GT,2024-09-01,SKU028,FY_BASE
1408265,2933885,0,73347,185,EC,2024-09-01,SKU028,FY_BASE
2194698,4572288,0,114307,269,CV,2024-09-01,SKU028,FY_BASE
1759650,3665938,0,91648,211,FS,2024-09-01,SKU028,FY_BASE
2580422,5109512,0,127738,249,MT,2024-09-01,SKU029,FY_BASE
2545536,5040433,0,126011,240,GT,2024-09-01,SKU029,FY_BASE
2400072,4752399,0,118810,334,EC,2024-09-01,SKU029,FY_BASE
2758106,5461344,0,136534,269,CV,2024-09-01,SKU029,FY_BASE
2354400,4661963,0,116549,225,FS,2024-09-01,SKU029,FY_BASE
4158655,7846519,0,196163,329,MT,2024-09-01,SKU030,FY_BASE
3079184,5809781,0,145245,238,GT,2024-09-01,SKU030,FY_BASE
2699582,5093550,0,127339,231,EC,2024-09-01,SKU030,FY_BASE
2944998,5556600,0,138915,235,CV,2024-09-01,SKU030,FY_BASE
3759158,7092750,0,177319,294,FS,2024-09-01,SKU030,FY_BASE
3109041,7230329,0,180758,266,MT,2024-09-01,SKU031,FY_BASE
3462712,8052818,0,201320,290,GT,2024-09-01,SKU031,FY_BASE
3121073,7258309,0,181458,289,EC,2024-09-01,SKU031,FY_BASE
2954886,6871827,0,171796,255,CV,2024-09-01,SKU031,FY_BASE
3625874,8432266,0,210807,307,FS,2024-09-01,SKU031,FY_BASE
4248612,9337608,0,233440,306,MT,2024-09-01,SKU032,FY_BASE
4382305,9631440,0,240786,309,GT,2024-09-01,SKU032,FY_BASE
3546296,7794058,0,194851,276,EC,2024-09-01,SKU032,FY_BASE
4623091,10160640,0,254016,336,CV,2024-09-01,SKU032,FY_BASE
4175076,9175992,0,229400,297,FS,2024-09-01,SKU032,FY_BASE
4938102,10287713,0,257193,303,MT,2024-09-01,SKU033,FY_BASE
5547415,11557114,0,288928,334,GT,2024-09-01,SKU033,FY_BASE
3967909,8266477,0,206662,352,EC,2024-09-01,SKU033,FY_BASE
4903303,10215214,0,255380,304,CV,2024-09-01,SKU033,FY_BASE
5162469,10755143,0,268879,314,FS,2024-09-01,SKU033,FY_BASE
2290903,4536441,0,113411,122,MT,2024-09-01,SKU034,FY_BASE
3266366,6468052,0,161701,170,GT,2024-09-01,SKU034,FY_BASE
2954806,5851100,0,146278,170,EC,2024-09-01,SKU034,FY_BASE
2305999,4566334,0,114158,124,CV,2024-09-01,SKU034,FY_BASE
2654143,5255728,0,131393,140,FS,2024-09-01,SKU034,FY_BASE
3478389,6562999,0,164075,162,MT,2024-09-01,SKU035,FY_BASE
3389815,6395878,0,159897,154,GT,2024-09-01,SKU035,FY_BASE
3045618,5746450,0,143661,153,EC,2024-09-01,SKU035,FY_BASE
3151411,5946059,0,148651,148,CV,2024-09-01,SKU035,FY_BASE
3651753,6890100,0,172252,168,FS,2024-09-01,SKU035,FY_BASE
2836319,6596090,0,164902,150,MT,2024-09-01,SKU036,FY_BASE
2733720,6357488,0,158937,142,GT,2024-09-01,SKU036,FY_BASE
3205695,7455105,0,186378,184,EC,2024-09-01,SKU036,FY_BASE
2629978,6116229,0,152906,141,CV,2024-09-01,SKU036,FY_BASE
2745766,6385502,0,159638,144,FS,2024-09-01,SKU036,FY_BASE
776128,1804950,0,45124,105,MT,2024-10-01,SKU001,FY_BASE
942935,2192872,0,54822,125,GT,2024-10-01,SKU001,FY_BASE
974850,2267093,0,56677,143,EC,2024-10-01,SKU001,FY_BASE
952322,2214702,0,55368,130,CV,2024-10-01,SKU001,FY_BASE
1129328,2626344,0,65659,151,FS,2024-10-01,SKU001,FY_BASE
1265348,2781127,0,69528,135,MT,2024-10-01,SKU002,FY_BASE
1592278,3499690,0,87492,167,GT,2024-10-01,SKU002,FY_BASE
1376985,3026495,0,75662,160,EC,2024-10-01,SKU002,FY_BASE
990031,2176004,0,54400,107,CV,2024-10-01,SKU002,FY_BASE
1338068,2940959,0,73524,142,FS,2024-10-01,SKU002,FY_BASE
1816983,3785381,0,94635,159,MT,2024-10-01,SKU003,FY_BASE
2113020,4402125,0,110053,181,GT,2024-10-01,SKU003,FY_BASE
1444716,3009825,0,75246,136,EC,2024-10-01,SKU003,FY_BASE
1214514,2530238,0,63256,107,CV,2024-10-01,SKU003,FY_BASE
1775214,3698362,0,92459,153,FS,2024-10-01,SKU003,FY_BASE
1948263,3858080,0,96452,142,MT,2024-10-01,SKU004,FY_BASE
2077468,4113940,0,102848,148,GT,2024-10-01,SKU004,FY_BASE
2225848,4407773,0,110194,175,EC,2024-10-01,SKU004,FY_BASE
2627605,5203359,0,130084,193,CV,2024-10-01,SKU004,FY_BASE
2260317,4476031,0,111901,163,FS,2024-10-01,SKU004,FY_BASE
2499976,4716936,0,117923,154,MT,2024-10-01,SKU005,FY_BASE
2274527,4291560,0,107289,138,GT,2024-10-01,SKU005,FY_BASE
2324585,4386010,0,109650,155,EC,2024-10-01,SKU005,FY_BASE
2389656,4508784,0,112720,149,CV,2024-10-01,SKU005,FY_BASE
2749555,5187840,0,129696,168,FS,2024-10-01,SKU005,FY_BASE
2602186,6051596,0,151290,178,MT,2024-10-01,SKU006,FY_BASE
2969233,6905194,0,172630,200,GT,2024-10-01,SKU006,FY_BASE
1908484,4438334,0,110958,142,EC,2024-10-01,SKU006,FY_BASE
2514351,5847329,0,146183,174,CV,2024-10-01,SKU006,FY_BASE
2165416,5035852,0,125896,147,FS,2024-10-01,SKU006,FY_BASE
2864801,6296267,0,157407,169,MT,2024-10-01,SKU007,FY_BASE
2615968,5749380,0,143734,151,GT,2024-10-01,SKU007,FY_BASE
3188127,7006873,0,175172,204,EC,2024-10-01,SKU007,FY_BASE
3116523,6849502,0,171238,186,CV,2024-10-01,SKU007,FY_BASE
3254402,7152532,0,178813,190,FS,2024-10-01,SKU007,FY_BASE
3047959,6349915,0,158748,156,MT,2024-10-01,SKU008,FY_BASE
3425058,7135538,0,178388,172,GT,2024-10-01,SKU008,FY_BASE
3343962,6966587,0,174165,186,EC,2024-10-01,SKU008,FY_BASE
3704268,7717224,0,192931,192,CV,2024-10-01,SKU008,FY_BASE
3369259,7019289,0,175482,171,FS,2024-10-01,SKU008,FY_BASE
5217830,10332336,0,258308,235,MT,2024-10-01,SKU009,FY_BASE
4328272,8570835,0,214271,191,GT,2024-10-01,SKU009,FY_BASE
5077140,10053742,0,251344,248,EC,2024-10-01,SKU009,FY_BASE
4125944,8170186,0,204255,188,CV,2024-10-01,SKU009,FY_BASE
4095577,8110053,0,202751,183,FS,2024-10-01,SKU009,FY_BASE
2075873,3916742,0,97919,228,MT,2024-10-01,SKU010,FY_BASE
1757984,3316950,0,82924,189,GT,2024-10-01,SKU010,FY_BASE
1828844,3450649,0,86266,217,EC,2024-10-01,SKU010,FY_BASE
2110933,3982892,0,99572,234,CV,2024-10-01,SKU010,FY_BASE
2281272,4304286,0,107607,248,FS,2024-10-01,SKU010,FY_BASE
2020952,4699889,0,117497,229,MT,2024-10-01,SKU011,FY_BASE
1741481,4049955,0,101249,193,GT,2024-10-01,SKU011,FY_BASE
1746606,4061875,0,101547,214,EC,2024-10-01,SKU011,FY_BASE
1632857,3797341,0,94934,187,CV,2024-10-01,SKU011,FY_BASE
1929704,4487684,0,112192,216,FS,2024-10-01,SKU011,FY_BASE
2349694,5164162,0,129104,216,MT,2024-10-01,SKU012,FY_BASE
2294096,5041969,0,126049,207,GT,2024-10-01,SKU012,FY_BASE
1780311,3912772,0,97819,177,EC,2024-10-01,SKU012,FY_BASE
2415385,5308538,0,132713,225,CV,2024-10-01,SKU012,FY_BASE
2547184,5598206,0,139955,232,FS,2024-10-01,SKU012,FY_BASE
2688654,5601362,0,140034,206,MT,2024-10-01,SKU013,FY_BASE
2772970,5777021,0,144426,208,GT,2024-10-01,SKU013,FY_BASE
3255945,6783219,0,169580,270,EC,2024-10-01,SKU013,FY_BASE
2728370,5684105,0,142103,211,CV,2024-10-01,SKU013,FY_BASE
2980171,6208689,0,155217,226,FS,2024-10-01,SKU013,FY_BASE
4051110,8022000,0,200550,262,MT,2024-10-01,SKU014,FY_BASE
3474198,6879600,0,171990,220,GT,2024-10-01,SKU014,FY_BASE
3457094,6845731,0,171143,243,EC,2024-10-01,SKU014,FY_BASE
3158848,6255144,0,156379,207,CV,2024-10-01,SKU014,FY_BASE
3487688,6906312,0,172658,224,FS,2024-10-01,SKU014,FY_BASE
4546884,8579027,0,214476,253,MT,2024-10-01,SKU015,FY_BASE
4025728,7595713,0,189893,219,GT,2024-10-01,SKU015,FY_BASE
3676585,6936952,0,173424,222,EC,2024-10-01,SKU015,FY_BASE
4517943,8524420,0,213110,254,CV,2024-10-01,SKU015,FY_BASE
5338004,10071705,0,251793,294,FS,2024-10-01,SKU015,FY_BASE
4557168,10598065,0,264952,285,MT,2024-10-01,SKU016,FY_BASE
4292072,9981562,0,249539,262,GT,2024-10-01,SKU016,FY_BASE
2671280,6212279,0,155307,181,EC,2024-10-01,SKU016,FY_BASE
4892169,11377138,0,284428,309,CV,2024-10-01,SKU016,FY_BASE
4570903,10630006,0,265750,282,FS,2024-10-01,SKU016,FY_BASE
2928068,6435148,0,160879,159,MT,2024-10-01,SKU017,FY_BASE
2316282,5090597,0,127265,123,GT,2024-10-01,SKU017,FY_BASE
2453522,5392217,0,134805,144,EC,2024-10-01,SKU017,FY_BASE
2552022,5608694,0,140217,140,CV,2024-10-01,SKU017,FY_BASE
2253336,4952259,0,123806,121,FS,2024-10-01,SKU017,FY_BASE
3033278,6319330,0,157983,144,MT,2024-10-01,SKU018,FY_BASE
3255034,6781320,0,169533,151,GT,2024-10-01,SKU018,FY_BASE
2637829,5495477,0,137387,135,EC,2024-10-01,SKU018,FY_BASE
3198696,6663951,0,166599,153,CV,2024-10-01,SKU018,FY_BASE
3266394,6804987,0,170125,153,FS,2024-10-01,SKU018,FY_BASE
1276100,2526930,0,63173,147,MT,2024-10-01,SKU019,FY_BASE
1349354,2671988,0,66800,152,GT,2024-10-01,SKU019,FY_BASE
1102791,2183744,0,54594,138,EC,2024-10-01,SKU019,FY_BASE
1416069,2804098,0,70102,165,CV,2024-10-01,SKU019,FY_BASE
1206568,2389244,0,59731,138,FS,2024-10-01,SKU019,FY_BASE
1862493,3514138,0,87853,171,MT,2024-10-01,SKU020,FY_BASE
1866501,3521700,0,88042,168,GT,2024-10-01,SKU020,FY_BASE
1730677,3265429,0,81636,172,EC,2024-10-01,SKU020,FY_BASE
1447256,2730672,0,68267,134,CV,2024-10-01,SKU020,FY_BASE
1801173,3398440,0,84961,164,FS,2024-10-01,SKU020,FY_BASE
1713950,3985931,0,99648,167,MT,2024-10-01,SKU021,FY_BASE
1452701,3378375,0,84459,139,GT,2024-10-01,SKU021,FY_BASE
1413692,3287655,0,82191,149,EC,2024-10-01,SKU021,FY_BASE
1642670,3820162,0,95504,162,CV,2024-10-01,SKU021,FY_BASE
1797252,4179656,0,104491,173,FS,2024-10-01,SKU021,FY_BASE
2171611,4772588,0,119315,175,MT,2024-10-01,SKU022,FY_BASE
1739154,3822170,0,95554,138,GT,2024-10-01,SKU022,FY_BASE
1837479,4038259,0,100956,161,EC,2024-10-01,SKU022,FY_BASE
1582702,3478332,0,86958,129,CV,2024-10-01,SKU022,FY_BASE
1708177,3754091,0,93852,136,FS,2024-10-01,SKU022,FY_BASE
2325738,4845288,0,121132,159,MT,2024-10-01,SKU023,FY_BASE
2736115,5700240,0,142506,183,GT,2024-10-01,SKU023,FY_BASE
2475132,5156525,0,128913,183,EC,2024-10-01,SKU023,FY_BASE
2911023,6064632,0,151616,201,CV,2024-10-01,SKU023,FY_BASE
2521290,5252688,0,131317,170,FS,2024-10-01,SKU023,FY_BASE
3541528,7012732,0,175318,207,MT,2024-10-01,SKU024,FY_BASE
3487220,6905194,0,172630,200,GT,2024-10-01,SKU024,FY_BASE
3436846,6805446,0,170136,217,EC,2024-10-01,SKU024,FY_BASE
3308765,6551827,0,163796,195,CV,2024-10-01,SKU024,FY_BASE
3215301,6366756,0,159169,186,FS,2024-10-01,SKU024,FY_BASE
3875920,7313056,0,182826,196,MT,2024-10-01,SKU025,FY_BASE
3279942,6188569,0,154714,163,GT,2024-10-01,SKU025,FY_BASE
3349935,6320632,0,158016,184,EC,2024-10-01,SKU025,FY_BASE
3568706,6733408,0,168335,183,CV,2024-10-01,SKU025,FY_BASE
4419158,8338034,0,208451,222,FS,2024-10-01,SKU025,FY_BASE
3646726,8480758,0,212019,209,MT,2024-10-01,SKU026,FY_BASE
3105699,7222556,0,180564,174,GT,2024-10-01,SKU026,FY_BASE
3672612,8540957,0,213524,228,EC,2024-10-01,SKU026,FY_BASE
3499740,8138931,0,203473,203,CV,2024-10-01,SKU026,FY_BASE
3740463,8698751,0,217469,212,FS,2024-10-01,SKU026,FY_BASE
4218499,9271426,0,231786,211,MT,2024-10-01,SKU027,FY_BASE
4071147,8947575,0,223689,200,GT,2024-10-01,SKU027,FY_BASE
3973571,8733123,0,218328,215,EC,2024-10-01,SKU027,FY_BASE
3634363,7987612,0,199690,184,CV,2024-10-01,SKU027,FY_BASE
4708026,10347309,0,258683,233,FS,2024-10-01,SKU027,FY_BASE
2183268,4548474,0,113712,265,MT,2024-10-01,SKU028,FY_BASE
1751350,3648645,0,91216,208,GT,2024-10-01,SKU028,FY_BASE
1304245,2717177,0,67929,171,EC,2024-10-01,SKU028,FY_BASE
1534574,3197030,0,79926,188,CV,2024-10-01,SKU028,FY_BASE
1925986,4012470,0,100312,231,FS,2024-10-01,SKU028,FY_BASE
2319114,4592093,0,114802,224,MT,2024-10-01,SKU029,FY_BASE
2589999,5128475,0,128212,245,GT,2024-10-01,SKU029,FY_BASE
2121730,4201253,0,105031,222,EC,2024-10-01,SKU029,FY_BASE
2197865,4352008,0,108800,214,CV,2024-10-01,SKU029,FY_BASE
2552433,5054091,0,126352,244,FS,2024-10-01,SKU029,FY_BASE
2949589,5565262,0,139132,233,MT,2024-10-01,SKU030,FY_BASE
3133443,5912156,0,147804,243,GT,2024-10-01,SKU030,FY_BASE
2208748,4167450,0,104186,189,EC,2024-10-01,SKU030,FY_BASE
2984440,5631019,0,140775,238,CV,2024-10-01,SKU030,FY_BASE
2993901,5648869,0,141222,234,FS,2024-10-01,SKU030,FY_BASE
3096752,7201750,0,180044,265,MT,2024-10-01,SKU031,FY_BASE
3876732,9015655,0,225391,324,GT,2024-10-01,SKU031,FY_BASE
2916784,6783219,0,169580,270,EC,2024-10-01,SKU031,FY_BASE
3161606,7352572,0,183814,273,CV,2024-10-01,SKU031,FY_BASE
2769075,6439710,0,160993,234,FS,2024-10-01,SKU031,FY_BASE
3518610,7733208,0,193330,253,MT,2024-10-01,SKU032,FY_BASE
3189841,7010640,0,175266,225,GT,2024-10-01,SKU032,FY_BASE
3182228,6993907,0,174848,248,EC,2024-10-01,SKU032,FY_BASE
3178375,6985440,0,174636,231,CV,2024-10-01,SKU032,FY_BASE
3584960,7879032,0,196976,255,FS,2024-10-01,SKU032,FY_BASE
3724935,7760282,0,194007,229,MT,2024-10-01,SKU033,FY_BASE
4221617,8795036,0,219876,254,GT,2024-10-01,SKU033,FY_BASE
3992528,8317767,0,207944,266,EC,2024-10-01,SKU033,FY_BASE
5072382,10567462,0,264187,315,CV,2024-10-01,SKU033,FY_BASE
3608548,7517808,0,187945,219,FS,2024-10-01,SKU033,FY_BASE
2172408,4301798,0,107545,116,MT,2024-10-01,SKU034,FY_BASE
2540508,5030708,0,125768,132,GT,2024-10-01,SKU034,FY_BASE
1842194,3647908,0,91198,106,EC,2024-10-01,SKU034,FY_BASE
2325541,4605032,0,115126,125,CV,2024-10-01,SKU034,FY_BASE
2574319,5097661,0,127442,135,FS,2024-10-01,SKU034,FY_BASE
2936303,5540194,0,138505,136,MT,2024-10-01,SKU035,FY_BASE
2490476,4699012,0,117475,113,GT,2024-10-01,SKU035,FY_BASE
2482388,4683751,0,117094,125,EC,2024-10-01,SKU035,FY_BASE
3106709,5861716,0,146543,146,CV,2024-10-01,SKU035,FY_BASE
2807285,5296764,0,132419,129,FS,2024-10-01,SKU035,FY_BASE
3133834,7287987,0,182200,166,MT,2024-10-01,SKU036,FY_BASE
2875468,6687135,0,167178,149,GT,2024-10-01,SKU036,FY_BASE
3114104,7242102,0,181053,178,EC,2024-10-01,SKU036,FY_BASE
2512218,5842368,0,146059,134,CV,2024-10-01,SKU036,FY_BASE
2445134,5686359,0,142159,128,FS,2024-10-01,SKU036,FY_BASE
1269303,2951867,0,73797,167,MT,2024-11-01,SKU001,FY_BASE
1035078,2407158,0,60179,133,GT,2024-11-01,SKU001,FY_BASE
1076431,2503328,0,62583,153,EC,2024-11-01,SKU001,FY_BASE
987430,2296350,0,57409,131,CV,2024-11-01,SKU001,FY_BASE
1443926,3357968,0,83949,188,FS,2024-11-01,SKU001,FY_BASE
1866493,4102393,0,102560,194,MT,2024-11-01,SKU002,FY_BASE
1442062,3169530,0,79238,147,GT,2024-11-01,SKU002,FY_BASE
1397691,3072006,0,76800,158,EC,2024-11-01,SKU002,FY_BASE
1607345,3532806,0,88320,169,CV,2024-11-01,SKU002,FY_BASE
1580194,3473132,0,86828,163,FS,2024-11-01,SKU002,FY_BASE
2339215,4873365,0,121834,198,MT,2024-11-01,SKU003,FY_BASE
2097576,4369950,0,109249,174,GT,2024-11-01,SKU003,FY_BASE
1897500,3953124,0,98828,174,EC,2024-11-01,SKU003,FY_BASE
1996294,4158945,0,103974,171,CV,2024-11-01,SKU003,FY_BASE
1900973,3960360,0,99009,160,FS,2024-11-01,SKU003,FY_BASE
2939094,5820190,0,145505,208,MT,2024-11-01,SKU004,FY_BASE
2864253,5671985,0,141800,198,GT,2024-11-01,SKU004,FY_BASE
2536210,5022373,0,125559,194,EC,2024-11-01,SKU004,FY_BASE
2776122,5497462,0,137437,198,CV,2024-11-01,SKU004,FY_BASE
2474892,4900946,0,122524,173,FS,2024-11-01,SKU004,FY_BASE
3271106,6171898,0,154297,196,MT,2024-11-01,SKU005,FY_BASE
3286034,6200064,0,155002,193,GT,2024-11-01,SKU005,FY_BASE
2504090,4724698,0,118117,163,EC,2024-11-01,SKU005,FY_BASE
3236853,6107270,0,152682,196,CV,2024-11-01,SKU005,FY_BASE
3110925,5869670,0,146742,185,FS,2024-11-01,SKU005,FY_BASE
3070143,7139867,0,178497,205,MT,2024-11-01,SKU006,FY_BASE
3214809,7476300,0,186908,210,GT,2024-11-01,SKU006,FY_BASE
3068115,7135151,0,178379,222,EC,2024-11-01,SKU006,FY_BASE
3458640,8043349,0,201084,233,CV,2024-11-01,SKU006,FY_BASE
2990926,6955643,0,173891,197,FS,2024-11-01,SKU006,FY_BASE
3678741,8085145,0,202129,211,MT,2024-11-01,SKU007,FY_BASE
3475500,7638462,0,190962,195,GT,2024-11-01,SKU007,FY_BASE
3465151,7615717,0,190393,215,EC,2024-11-01,SKU007,FY_BASE
3205567,7045202,0,176130,186,CV,2024-11-01,SKU007,FY_BASE
4327558,9511117,0,237778,246,FS,2024-11-01,SKU007,FY_BASE
4923491,10257273,0,256432,246,MT,2024-11-01,SKU008,FY_BASE
4403646,9174263,0,229357,215,GT,2024-11-01,SKU008,FY_BASE
4080767,8501598,0,212540,220,EC,2024-11-01,SKU008,FY_BASE
4372250,9108855,0,227721,220,CV,2024-11-01,SKU008,FY_BASE
4549828,9478809,0,236970,225,FS,2024-11-01,SKU008,FY_BASE
4935641,9773546,0,244339,216,MT,2024-11-01,SKU009,FY_BASE
4867777,9639162,0,240979,209,GT,2024-11-01,SKU009,FY_BASE
4491978,8895005,0,222375,213,EC,2024-11-01,SKU009,FY_BASE
5215878,10328472,0,258212,231,CV,2024-11-01,SKU009,FY_BASE
4043121,8006180,0,200154,175,FS,2024-11-01,SKU009,FY_BASE
2420531,4567039,0,114176,258,MT,2024-11-01,SKU010,FY_BASE
2250219,4245696,0,106142,235,GT,2024-11-01,SKU010,FY_BASE
2253681,4252228,0,106306,260,EC,2024-11-01,SKU010,FY_BASE
2434131,4592700,0,114818,262,CV,2024-11-01,SKU010,FY_BASE
2386221,4502304,0,112558,252,FS,2024-11-01,SKU010,FY_BASE
2164512,5033748,0,125844,238,MT,2024-11-01,SKU011,FY_BASE
1898322,4414703,0,110368,205,GT,2024-11-01,SKU011,FY_BASE
1858154,4321288,0,108032,222,EC,2024-11-01,SKU011,FY_BASE
2198459,5112695,0,127817,245,CV,2024-11-01,SKU011,FY_BASE
2447325,5691454,0,142286,267,FS,2024-11-01,SKU011,FY_BASE
2956508,6497820,0,162446,265,MT,2024-11-01,SKU012,FY_BASE
2527332,5554575,0,138864,222,GT,2024-11-01,SKU012,FY_BASE
3023068,6644106,0,166103,293,EC,2024-11-01,SKU012,FY_BASE
3204174,7042140,0,176054,290,CV,2024-11-01,SKU012,FY_BASE
3200857,7034850,0,175871,284,FS,2024-11-01,SKU012,FY_BASE
4303414,8965445,0,224136,320,MT,2024-11-01,SKU013,FY_BASE
4551993,9483318,0,237083,332,GT,2024-11-01,SKU013,FY_BASE
3492313,7275653,0,181891,281,EC,2024-11-01,SKU013,FY_BASE
4286275,8929739,0,223243,322,CV,2024-11-01,SKU013,FY_BASE
3592838,7485080,0,187127,265,FS,2024-11-01,SKU013,FY_BASE
4500204,8911296,0,222782,284,MT,2024-11-01,SKU014,FY_BASE
4662516,9232704,0,230818,288,GT,2024-11-01,SKU014,FY_BASE
4310144,8534938,0,213373,294,EC,2024-11-01,SKU014,FY_BASE
4090238,8099482,0,202487,260,CV,2024-11-01,SKU014,FY_BASE
4092594,8104147,0,202604,255,FS,2024-11-01,SKU014,FY_BASE
5511245,10398575,0,259964,298,MT,2024-11-01,SKU015,FY_BASE
5904034,11139687,0,278492,313,GT,2024-11-01,SKU015,FY_BASE
4695673,8859761,0,221494,275,EC,2024-11-01,SKU015,FY_BASE
6183234,11666479,0,291662,338,CV,2024-11-01,SKU015,FY_BASE
5235601,9878493,0,246962,280,FS,2024-11-01,SKU015,FY_BASE
5517608,12831647,0,320791,335,MT,2024-11-01,SKU016,FY_BASE
5032761,11704095,0,292602,299,GT,2024-11-01,SKU016,FY_BASE
5479230,12742395,0,318560,360,EC,2024-11-01,SKU016,FY_BASE
3902325,9075175,0,226879,239,CV,2024-11-01,SKU016,FY_BASE
5662773,13169239,0,329231,340,FS,2024-11-01,SKU016,FY_BASE
2792330,6136830,0,153421,147,MT,2024-11-01,SKU017,FY_BASE
2158469,4743765,0,118594,111,GT,2024-11-01,SKU017,FY_BASE
2505202,5505797,0,137645,143,EC,2024-11-01,SKU017,FY_BASE
2842036,6246072,0,156152,151,CV,2024-11-01,SKU017,FY_BASE
2761107,6068210,0,151705,144,FS,2024-11-01,SKU017,FY_BASE
3985330,8302770,0,207569,184,MT,2024-11-01,SKU018,FY_BASE
3557287,7411014,0,185275,161,GT,2024-11-01,SKU018,FY_BASE
3596562,7492837,0,187321,180,EC,2024-11-01,SKU018,FY_BASE
3470366,7229930,0,180748,162,CV,2024-11-01,SKU018,FY_BASE
4004049,8341769,0,208544,183,FS,2024-11-01,SKU018,FY_BASE
1275058,2524867,0,63122,143,MT,2024-11-01,SKU019,FY_BASE
1416622,2805192,0,70130,155,GT,2024-11-01,SKU019,FY_BASE
1463332,2897688,0,72442,177,EC,2024-11-01,SKU019,FY_BASE
1419420,2810732,0,70268,161,CV,2024-11-01,SKU019,FY_BASE
1762089,3489286,0,87232,195,FS,2024-11-01,SKU019,FY_BASE
2291797,4324145,0,108104,205,MT,2024-11-01,SKU020,FY_BASE
1835837,3463843,0,86596,161,GT,2024-11-01,SKU020,FY_BASE
1834397,3461127,0,86528,177,EC,2024-11-01,SKU020,FY_BASE
2453875,4629952,0,115749,222,CV,2024-11-01,SKU020,FY_BASE
2327670,4391831,0,109796,206,FS,2024-11-01,SKU020,FY_BASE
1973584,4589730,0,114743,187,MT,2024-11-01,SKU021,FY_BASE
1969636,4580550,0,114514,183,GT,2024-11-01,SKU021,FY_BASE
1689603,3929310,0,98233,173,EC,2024-11-01,SKU021,FY_BASE
1667660,3878280,0,96957,160,CV,2024-11-01,SKU021,FY_BASE
1646937,3830085,0,95752,154,FS,2024-11-01,SKU021,FY_BASE
2126656,4673789,0,116845,167,MT,2024-11-01,SKU022,FY_BASE
2526231,5551943,0,138799,194,GT,2024-11-01,SKU022,FY_BASE
2161740,4750893,0,118772,184,EC,2024-11-01,SKU022,FY_BASE
2766144,6079204,0,151980,219,CV,2024-11-01,SKU022,FY_BASE
2175955,4782135,0,119553,169,FS,2024-11-01,SKU022,FY_BASE
3532834,7360070,0,184002,234,MT,2024-11-01,SKU023,FY_BASE
3315686,6907680,0,172692,215,GT,2024-11-01,SKU023,FY_BASE
3306679,6888914,0,172223,237,EC,2024-11-01,SKU023,FY_BASE
3276371,6825773,0,170644,219,CV,2024-11-01,SKU023,FY_BASE
2945508,6136474,0,153412,193,FS,2024-11-01,SKU023,FY_BASE
3587242,7103252,0,177581,204,MT,2024-11-01,SKU024,FY_BASE
4153200,8223930,0,205598,231,GT,2024-11-01,SKU024,FY_BASE
3022717,5985411,0,149635,186,EC,2024-11-01,SKU024,FY_BASE
3311814,6557865,0,163947,190,CV,2024-11-01,SKU024,FY_BASE
4035866,7991590,0,199790,227,FS,2024-11-01,SKU024,FY_BASE
3986660,7522000,0,188050,196,MT,2024-11-01,SKU025,FY_BASE
5049598,9527544,0,238189,244,GT,2024-11-01,SKU025,FY_BASE
3327511,6278323,0,156958,177,EC,2024-11-01,SKU025,FY_BASE
4345735,8199500,0,204988,216,CV,2024-11-01,SKU025,FY_BASE
3812983,7194307,0,179858,186,FS,2024-11-01,SKU025,FY_BASE
4825302,11221632,0,280541,269,MT,2024-11-01,SKU026,FY_BASE
3906446,9084757,0,227119,213,GT,2024-11-01,SKU026,FY_BASE
4613129,10728207,0,268205,278,EC,2024-11-01,SKU026,FY_BASE
4644215,10800500,0,270012,261,CV,2024-11-01,SKU026,FY_BASE
4075888,9478809,0,236970,225,FS,2024-11-01,SKU026,FY_BASE
4598074,10105657,0,252641,224,MT,2024-11-01,SKU027,FY_BASE
4760487,10462608,0,261565,227,GT,2024-11-01,SKU027,FY_BASE
5422886,11918431,0,297961,286,EC,2024-11-01,SKU027,FY_BASE
5041233,11079634,0,276991,248,CV,2024-11-01,SKU027,FY_BASE
4864354,10690888,0,267272,234,FS,2024-11-01,SKU027,FY_BASE
2147622,4474213,0,111855,253,MT,2024-11-01,SKU028,FY_BASE
2110717,4397328,0,109933,244,GT,2024-11-01,SKU028,FY_BASE
2090450,4355104,0,108878,267,EC,2024-11-01,SKU028,FY_BASE
2116316,4408992,0,110225,252,CV,2024-11-01,SKU028,FY_BASE
1963005,4089593,0,102240,229,FS,2024-11-01,SKU028,FY_BASE
2038207,4035868,0,100897,191,MT,2024-11-01,SKU029,FY_BASE
2744034,5433480,0,135837,252,GT,2024-11-01,SKU029,FY_BASE
2337495,4628489,0,115712,237,EC,2024-11-01,SKU029,FY_BASE
2138763,4234979,0,105874,203,CV,2024-11-01,SKU029,FY_BASE
2817735,5579417,0,139485,261,FS,2024-11-01,SKU029,FY_BASE
3307184,6239970,0,155999,254,MT,2024-11-01,SKU030,FY_BASE
3236922,6107400,0,152685,244,GT,2024-11-01,SKU030,FY_BASE
3003898,5667732,0,141693,250,EC,2024-11-01,SKU030,FY_BASE
4192114,7909650,0,197741,326,CV,2024-11-01,SKU030,FY_BASE
3079440,5810265,0,145257,234,FS,2024-11-01,SKU030,FY_BASE
3501227,8142388,0,203560,291,MT,2024-11-01,SKU031,FY_BASE
3187415,7412593,0,185315,259,GT,2024-11-01,SKU031,FY_BASE
2918406,6786990,0,169675,262,EC,2024-11-01,SKU031,FY_BASE
4002385,9307872,0,232697,336,CV,2024-11-01,SKU031,FY_BASE
3537889,8227648,0,205691,291,FS,2024-11-01,SKU031,FY_BASE
3709245,8152186,0,203805,259,MT,2024-11-01,SKU032,FY_BASE
4047564,8895744,0,222394,277,GT,2024-11-01,SKU032,FY_BASE
3300887,7254697,0,181367,250,EC,2024-11-01,SKU032,FY_BASE
3848724,8458733,0,211468,272,CV,2024-11-01,SKU032,FY_BASE
3581166,7870694,0,196767,248,FS,2024-11-01,SKU032,FY_BASE
5044041,10508419,0,262710,301,MT,2024-11-01,SKU033,FY_BASE
4701097,9793953,0,244849,275,GT,2024-11-01,SKU033,FY_BASE
4626012,9637526,0,240938,299,EC,2024-11-01,SKU033,FY_BASE
5321653,11086778,0,277169,321,CV,2024-11-01,SKU033,FY_BASE
5540835,11543407,0,288585,328,FS,2024-11-01,SKU033,FY_BASE
2986073,5913016,0,147825,154,MT,2024-11-01,SKU034,FY_BASE
3069348,6077916,0,151948,155,GT,2024-11-01,SKU034,FY_BASE
2213759,4383681,0,109592,124,EC,2024-11-01,SKU034,FY_BASE
2613093,5174442,0,129361,136,CV,2024-11-01,SKU034,FY_BASE
2647871,5243308,0,131083,135,FS,2024-11-01,SKU034,FY_BASE
3066662,5786154,0,144654,139,MT,2024-11-01,SKU035,FY_BASE
3889887,7339410,0,183485,172,GT,2024-11-01,SKU035,FY_BASE
2918072,5505797,0,137645,143,EC,2024-11-01,SKU035,FY_BASE
3816176,7200333,0,180008,174,CV,2024-11-01,SKU035,FY_BASE
3450906,6511144,0,162779,154,FS,2024-11-01,SKU035,FY_BASE
3284576,7638548,0,190964,169,MT,2024-11-01,SKU036,FY_BASE
4019870,9348534,0,233713,203,GT,2024-11-01,SKU036,FY_BASE
2618988,6090669,0,152267,146,EC,2024-11-01,SKU036,FY_BASE
3270370,7605511,0,190138,170,CV,2024-11-01,SKU036,FY_BASE
3545731,8245886,0,206147,181,FS,2024-11-01,SKU036,FY_BASE
1564675,3638779,0,90969,206,MT,2024-12-01,SKU001,FY_BASE
1173632,2729376,0,68234,151,GT,2024-12-01,SKU001,FY_BASE
943720,2194698,0,54867,134,EC,2024-12-01,SKU001,FY_BASE
1129620,2627024,0,65676,150,CV,2024-12-01,SKU001,FY_BASE
1193861,2776421,0,69411,155,FS,2024-12-01,SKU001,FY_BASE
1906850,4191093,0,104777,198,MT,2024-12-01,SKU002,FY_BASE
1874681,4120389,0,103010,191,GT,2024-12-01,SKU002,FY_BASE
1276558,2805765,0,70144,144,EC,2024-12-01,SKU002,FY_BASE
1647279,3620578,0,90514,173,CV,2024-12-01,SKU002,FY_BASE
1417077,3114615,0,77865,146,FS,2024-12-01,SKU002,FY_BASE
2772403,5775840,0,144396,235,MT,2024-12-01,SKU003,FY_BASE
2287116,4764825,0,119121,190,GT,2024-12-01,SKU003,FY_BASE
1920361,4000752,0,100019,176,EC,2024-12-01,SKU003,FY_BASE
2314721,4822335,0,120558,198,CV,2024-12-01,SKU003,FY_BASE
1663351,3465315,0,86633,140,FS,2024-12-01,SKU003,FY_BASE
2671904,5291082,0,132277,189,MT,2024-12-01,SKU004,FY_BASE
2636931,5221827,0,130546,183,GT,2024-12-01,SKU004,FY_BASE
2618465,5185260,0,129632,201,EC,2024-12-01,SKU004,FY_BASE
2967072,5875594,0,146890,212,CV,2024-12-01,SKU004,FY_BASE
2669883,5287081,0,132177,187,FS,2024-12-01,SKU004,FY_BASE
3288598,6204902,0,155123,197,MT,2024-12-01,SKU005,FY_BASE
3053868,5762016,0,144050,180,GT,2024-12-01,SKU005,FY_BASE
3538036,6675540,0,166888,230,EC,2024-12-01,SKU005,FY_BASE
2786809,5258131,0,131453,169,CV,2024-12-01,SKU005,FY_BASE
3128601,5903021,0,147576,186,FS,2024-12-01,SKU005,FY_BASE
3117376,7249711,0,181243,208,MT,2024-12-01,SKU006,FY_BASE
2812958,6541763,0,163544,184,GT,2024-12-01,SKU006,FY_BASE
2762757,6425017,0,160625,200,EC,2024-12-01,SKU006,FY_BASE
3006835,6992640,0,174816,203,CV,2024-12-01,SKU006,FY_BASE
3261382,7584610,0,189615,215,FS,2024-12-01,SKU006,FY_BASE
3751950,8246043,0,206151,215,MT,2024-12-01,SKU007,FY_BASE
3961323,8706204,0,217655,223,GT,2024-12-01,SKU007,FY_BASE
4208891,9250310,0,231258,261,EC,2024-12-01,SKU007,FY_BASE
3984320,8756748,0,218919,231,CV,2024-12-01,SKU007,FY_BASE
3273410,7194307,0,179858,186,FS,2024-12-01,SKU007,FY_BASE
3724179,7758707,0,193968,186,MT,2024-12-01,SKU008,FY_BASE
4532533,9442777,0,236069,222,GT,2024-12-01,SKU008,FY_BASE
4935785,10282885,0,257072,267,EC,2024-12-01,SKU008,FY_BASE
3955846,8241345,0,206034,200,CV,2024-12-01,SKU008,FY_BASE
5166394,10763320,0,269083,255,FS,2024-12-01,SKU008,FY_BASE
5342951,10580101,0,264503,234,MT,2024-12-01,SKU009,FY_BASE
5650535,11189178,0,279729,243,GT,2024-12-01,SKU009,FY_BASE
5155817,10209538,0,255238,245,EC,2024-12-01,SKU009,FY_BASE
5666340,11220476,0,280512,251,CV,2024-12-01,SKU009,FY_BASE
5132585,10163534,0,254088,223,FS,2024-12-01,SKU009,FY_BASE
2577963,4864082,0,121602,275,MT,2024-12-01,SKU010,FY_BASE
2511405,4738500,0,118462,262,GT,2024-12-01,SKU010,FY_BASE
2353643,4440835,0,111021,272,EC,2024-12-01,SKU010,FY_BASE
2288083,4317138,0,107928,247,CV,2024-12-01,SKU010,FY_BASE
2366336,4464785,0,111620,250,FS,2024-12-01,SKU010,FY_BASE
2240794,5211149,0,130279,247,MT,2024-12-01,SKU011,FY_BASE
1946997,4527900,0,113198,210,GT,2024-12-01,SKU011,FY_BASE
1726058,4014088,0,100352,206,EC,2024-12-01,SKU011,FY_BASE
2302249,5354068,0,133852,256,CV,2024-12-01,SKU011,FY_BASE
2485866,5781083,0,144527,271,FS,2024-12-01,SKU011,FY_BASE
2979972,6549390,0,163735,267,MT,2024-12-01,SKU012,FY_BASE
2766889,6081075,0,152027,243,GT,2024-12-01,SKU012,FY_BASE
2795525,6144012,0,153600,271,EC,2024-12-01,SKU012,FY_BASE
2983597,6557355,0,163934,270,CV,2024-12-01,SKU012,FY_BASE
2785931,6122925,0,153073,247,FS,2024-12-01,SKU012,FY_BASE
3583826,7466305,0,186658,267,MT,2024-12-01,SKU013,FY_BASE
4307107,8973139,0,224328,314,GT,2024-12-01,SKU013,FY_BASE
4156896,8660199,0,216505,335,EC,2024-12-01,SKU013,FY_BASE
4132695,8609782,0,215245,311,CV,2024-12-01,SKU013,FY_BASE
4291446,8940513,0,223513,316,FS,2024-12-01,SKU013,FY_BASE
4950225,9802426,0,245061,312,MT,2024-12-01,SKU014,FY_BASE
4424285,8760960,0,219024,273,GT,2024-12-01,SKU014,FY_BASE
4017669,7955781,0,198895,274,EC,2024-12-01,SKU014,FY_BASE
4848912,9601805,0,240045,309,CV,2024-12-01,SKU014,FY_BASE
3486284,6903533,0,172588,217,FS,2024-12-01,SKU014,FY_BASE
6656187,12558843,0,313971,360,MT,2024-12-01,SKU015,FY_BASE
6359714,11999461,0,299987,337,GT,2024-12-01,SKU015,FY_BASE
5502182,10381475,0,259537,322,EC,2024-12-01,SKU015,FY_BASE
5223104,9854914,0,246373,286,CV,2024-12-01,SKU015,FY_BASE
5941525,11210425,0,280261,318,FS,2024-12-01,SKU015,FY_BASE
5396532,12550075,0,313752,328,MT,2024-12-01,SKU016,FY_BASE
5438913,12648636,0,316216,323,GT,2024-12-01,SKU016,FY_BASE
5527153,12853845,0,321346,363,EC,2024-12-01,SKU016,FY_BASE
4792329,11144952,0,278624,294,CV,2024-12-01,SKU016,FY_BASE
5453041,12681490,0,317037,328,FS,2024-12-01,SKU016,FY_BASE
2792330,6136830,0,153421,147,MT,2024-12-01,SKU017,FY_BASE
3258066,7160400,0,179010,168,GT,2024-12-01,SKU017,FY_BASE
2781511,6113054,0,152826,159,EC,2024-12-01,SKU017,FY_BASE
2328891,5118309,0,127958,124,CV,2024-12-01,SKU017,FY_BASE
2821569,6201090,0,155027,147,FS,2024-12-01,SKU017,FY_BASE
3028850,6310105,0,157753,140,MT,2024-12-01,SKU018,FY_BASE
3417785,7120386,0,178010,154,GT,2024-12-01,SKU018,FY_BASE
3196944,6660300,0,166508,160,EC,2024-12-01,SKU018,FY_BASE
2906995,6056240,0,151406,135,CV,2024-12-01,SKU018,FY_BASE
3221649,6711768,0,167794,147,FS,2024-12-01,SKU018,FY_BASE
1368812,2710519,0,67763,153,MT,2024-12-01,SKU019,FY_BASE
1454909,2881008,0,72025,160,GT,2024-12-01,SKU019,FY_BASE
1437356,2846249,0,71156,174,EC,2024-12-01,SKU019,FY_BASE
1475083,2920957,0,73024,167,CV,2024-12-01,SKU019,FY_BASE
1487355,2945257,0,73631,165,FS,2024-12-01,SKU019,FY_BASE
1727662,3259740,0,81494,154,MT,2024-12-01,SKU020,FY_BASE
2327793,4392063,0,109802,204,GT,2024-12-01,SKU020,FY_BASE
2073195,3911688,0,97792,201,EC,2024-12-01,SKU020,FY_BASE
1918906,3620578,0,90514,173,CV,2024-12-01,SKU020,FY_BASE
1615118,3047393,0,76185,143,FS,2024-12-01,SKU020,FY_BASE
2284035,5311710,0,132793,216,MT,2024-12-01,SKU021,FY_BASE
2252630,5238675,0,130967,209,GT,2024-12-01,SKU021,FY_BASE
1976324,4596102,0,114903,203,EC,2024-12-01,SKU021,FY_BASE
2139433,4975425,0,124386,205,CV,2024-12-01,SKU021,FY_BASE
2363970,5497605,0,137440,222,FS,2024-12-01,SKU021,FY_BASE
2661664,5849585,0,146240,209,MT,2024-12-01,SKU022,FY_BASE
2512576,5521932,0,138048,193,GT,2024-12-01,SKU022,FY_BASE
2445854,5375296,0,134382,208,EC,2024-12-01,SKU022,FY_BASE
2342620,5148417,0,128710,186,CV,2024-12-01,SKU022,FY_BASE
2297592,5049459,0,126236,178,FS,2024-12-01,SKU022,FY_BASE
2851615,5940864,0,148522,189,MT,2024-12-01,SKU023,FY_BASE
3380383,7042464,0,176062,219,GT,2024-12-01,SKU023,FY_BASE
2736057,5700119,0,142503,196,EC,2024-12-01,SKU023,FY_BASE
3260695,6793114,0,169828,218,CV,2024-12-01,SKU023,FY_BASE
2961516,6169824,0,154246,194,FS,2024-12-01,SKU023,FY_BASE
3642715,7213095,0,180327,207,MT,2024-12-01,SKU024,FY_BASE
3624611,7177248,0,179431,202,GT,2024-12-01,SKU024,FY_BASE
3552119,7033703,0,175843,218,EC,2024-12-01,SKU024,FY_BASE
3220328,6376709,0,159418,185,CV,2024-12-01,SKU024,FY_BASE
4297449,8509563,0,212739,242,FS,2024-12-01,SKU024,FY_BASE
4306446,8125369,0,203134,212,MT,2024-12-01,SKU025,FY_BASE
5397846,10184616,0,254615,260,GT,2024-12-01,SKU025,FY_BASE
3721300,7021320,0,175533,198,EC,2024-12-01,SKU025,FY_BASE
5062992,9552816,0,238820,252,CV,2024-12-01,SKU025,FY_BASE
3231341,6096870,0,152422,158,FS,2024-12-01,SKU025,FY_BASE
4391779,10213439,0,255336,245,MT,2024-12-01,SKU026,FY_BASE
3810228,8860995,0,221525,208,GT,2024-12-01,SKU026,FY_BASE
4473865,10404337,0,260108,270,EC,2024-12-01,SKU026,FY_BASE
4084671,9499234,0,237481,230,CV,2024-12-01,SKU026,FY_BASE
3980657,9257342,0,231434,219,FS,2024-12-01,SKU026,FY_BASE
4835533,10627546,0,265689,235,MT,2024-12-01,SKU027,FY_BASE
5201272,11431368,0,285784,248,GT,2024-12-01,SKU027,FY_BASE
4525718,9946632,0,248666,238,EC,2024-12-01,SKU027,FY_BASE
5105317,11220476,0,280512,251,CV,2024-12-01,SKU027,FY_BASE
6325841,13902948,0,347574,304,FS,2024-12-01,SKU027,FY_BASE
2129800,4437083,0,110927,251,MT,2024-12-01,SKU028,FY_BASE
2156207,4492098,0,112302,249,GT,2024-12-01,SKU028,FY_BASE
2156291,4492273,0,112307,275,EC,2024-12-01,SKU028,FY_BASE
1887048,3931351,0,98284,225,CV,2024-12-01,SKU028,FY_BASE
1935991,4033314,0,100833,226,FS,2024-12-01,SKU028,FY_BASE
2362977,4678947,0,116974,222,MT,2024-12-01,SKU029,FY_BASE
3075604,6090025,0,152251,282,GT,2024-12-01,SKU029,FY_BASE
2265094,4485129,0,112128,230,EC,2024-12-01,SKU029,FY_BASE
2825827,5595440,0,139886,268,CV,2024-12-01,SKU029,FY_BASE
2376404,4705533,0,117638,220,FS,2024-12-01,SKU029,FY_BASE
4277474,8070705,0,201768,329,MT,2024-12-01,SKU030,FY_BASE
3320636,6265350,0,156634,250,GT,2024-12-01,SKU030,FY_BASE
3268948,6167826,0,154196,272,EC,2024-12-01,SKU030,FY_BASE
3461875,6531840,0,163296,269,CV,2024-12-01,SKU030,FY_BASE
3369433,6357420,0,158936,256,FS,2024-12-01,SKU030,FY_BASE
3033554,7054776,0,176369,252,MT,2024-12-01,SKU031,FY_BASE
3845545,8943129,0,223578,313,GT,2024-12-01,SKU031,FY_BASE
3011795,7004174,0,175104,271,EC,2024-12-01,SKU031,FY_BASE
3351997,7795343,0,194884,281,CV,2024-12-01,SKU031,FY_BASE
3103635,7217756,0,180444,255,FS,2024-12-01,SKU031,FY_BASE
4219829,9274349,0,231859,295,MT,2024-12-01,SKU032,FY_BASE
4231544,9300096,0,232502,290,GT,2024-12-01,SKU032,FY_BASE
3938874,8656865,0,216422,298,EC,2024-12-01,SKU032,FY_BASE
5379297,11822630,0,295566,380,CV,2024-12-01,SKU032,FY_BASE
4112271,9037958,0,225949,285,FS,2024-12-01,SKU032,FY_BASE
5219791,10874565,0,271864,312,MT,2024-12-01,SKU033,FY_BASE
5490595,11438739,0,285968,321,GT,2024-12-01,SKU033,FY_BASE
4999340,10415291,0,260382,323,EC,2024-12-01,SKU033,FY_BASE
5617301,11702710,0,292568,339,CV,2024-12-01,SKU033,FY_BASE
5700667,11876390,0,296910,337,FS,2024-12-01,SKU033,FY_BASE
2376670,4706278,0,117657,123,MT,2024-12-01,SKU034,FY_BASE
3048609,6036849,0,150921,154,GT,2024-12-01,SKU034,FY_BASE
2645254,5238127,0,130953,148,EC,2024-12-01,SKU034,FY_BASE
2713597,5373459,0,134336,142,CV,2024-12-01,SKU034,FY_BASE
2360505,4674267,0,116857,121,FS,2024-12-01,SKU034,FY_BASE
3903024,7364196,0,184105,176,MT,2024-12-01,SKU035,FY_BASE
3415511,6444360,0,161109,151,GT,2024-12-01,SKU035,FY_BASE
3175549,5991602,0,149790,155,EC,2024-12-01,SKU035,FY_BASE
3126506,5899068,0,147477,143,CV,2024-12-01,SKU035,FY_BASE
3967369,7485602,0,187140,177,FS,2024-12-01,SKU035,FY_BASE
3345779,7780882,0,194522,172,MT,2024-12-01,SKU036,FY_BASE
4040698,9396972,0,234924,204,GT,2024-12-01,SKU036,FY_BASE
3221920,7492837,0,187321,180,EC,2024-12-01,SKU036,FY_BASE
3633744,8450568,0,211264,189,CV,2024-12-01,SKU036,FY_BASE
3545731,8245886,0,206147,181,FS,2024-12-01,SKU036,FY_BASE
1164193,2707425,0,67686,153,MT,2025-01-01,SKU001,FY_BASE
1061793,2469285,0,61732,137,GT,2025-01-01,SKU001,FY_BASE
888834,2067055,0,51676,126,EC,2025-01-01,SKU001,FY_BASE
990722,2304004,0,57600,132,CV,2025-01-01,SKU001,FY_BASE
1043060,2425720,0,60643,136,FS,2025-01-01,SKU001,FY_BASE
1579233,3471019,0,86775,164,MT,2025-01-01,SKU002,FY_BASE
1632335,3587732,0,89693,166,GT,2025-01-01,SKU002,FY_BASE
1078034,2369427,0,59236,121,EC,2025-01-01,SKU002,FY_BASE
1310336,2880006,0,72000,138,CV,2025-01-01,SKU002,FY_BASE
1357890,2984527,0,74613,140,FS,2025-01-01,SKU002,FY_BASE
2105775,4387031,0,109676,178,MT,2025-01-01,SKU003,FY_BASE
2272725,4734844,0,118371,189,GT,2025-01-01,SKU003,FY_BASE
1544735,3218198,0,80455,142,EC,2025-01-01,SKU003,FY_BASE
1821771,3795356,0,94884,156,CV,2025-01-01,SKU003,FY_BASE
1726578,3597038,0,89926,145,FS,2025-01-01,SKU003,FY_BASE
1746221,3457984,0,86450,123,MT,2025-01-01,SKU004,FY_BASE
2269007,4493239,0,112331,157,GT,2025-01-01,SKU004,FY_BASE
2092563,4143834,0,103596,160,EC,2025-01-01,SKU004,FY_BASE
2184911,4326707,0,108168,156,CV,2025-01-01,SKU004,FY_BASE
2493640,4938073,0,123452,174,FS,2025-01-01,SKU004,FY_BASE
2499976,4716936,0,117923,150,MT,2025-01-01,SKU005,FY_BASE
2743322,5176080,0,129402,161,GT,2025-01-01,SKU005,FY_BASE
2544478,4800902,0,120023,165,EC,2025-01-01,SKU005,FY_BASE
3651798,6890184,0,172255,221,CV,2025-01-01,SKU005,FY_BASE
2990141,5641776,0,141044,177,FS,2025-01-01,SKU005,FY_BASE
2770563,6443170,0,161079,185,MT,2025-01-01,SKU006,FY_BASE
2672310,6214675,0,155367,174,GT,2025-01-01,SKU006,FY_BASE
2431550,5654767,0,141369,175,EC,2025-01-01,SKU006,FY_BASE
2438618,5671204,0,141780,164,CV,2025-01-01,SKU006,FY_BASE
2613967,6078993,0,151975,172,FS,2025-01-01,SKU006,FY_BASE
3647729,8016986,0,200425,209,MT,2025-01-01,SKU007,FY_BASE
2506969,5509822,0,137746,141,GT,2025-01-01,SKU007,FY_BASE
2810153,6176161,0,154404,174,EC,2025-01-01,SKU007,FY_BASE
3345420,7352572,0,183814,194,CV,2025-01-01,SKU007,FY_BASE
2553177,5611378,0,140284,145,FS,2025-01-01,SKU007,FY_BASE
3620730,7543187,0,188580,181,MT,2025-01-01,SKU008,FY_BASE
3320635,6917990,0,172950,162,GT,2025-01-01,SKU008,FY_BASE
4231907,8816472,0,220412,228,EC,2025-01-01,SKU008,FY_BASE
4129348,8602808,0,215070,208,CV,2025-01-01,SKU008,FY_BASE
4320093,9000194,0,225005,213,FS,2025-01-01,SKU008,FY_BASE
4146311,8210517,0,205263,182,MT,2025-01-01,SKU009,FY_BASE
4637434,9183038,0,229576,199,GT,2025-01-01,SKU009,FY_BASE
4238121,8392318,0,209808,201,EC,2025-01-01,SKU009,FY_BASE
5140142,10178500,0,254462,227,CV,2025-01-01,SKU009,FY_BASE
4189728,8296491,0,207412,182,FS,2025-01-01,SKU009,FY_BASE
2468089,4656771,0,116419,263,MT,2025-01-01,SKU010,FY_BASE
1816583,3427515,0,85688,190,GT,2025-01-01,SKU010,FY_BASE
2014378,3800714,0,95018,233,EC,2025-01-01,SKU010,FY_BASE
1978407,3732844,0,93321,213,CV,2025-01-01,SKU010,FY_BASE
2155609,4067186,0,101680,227,FS,2025-01-01,SKU010,FY_BASE
2484474,5777846,0,144446,273,MT,2025-01-01,SKU011,FY_BASE
1741481,4049955,0,101249,188,GT,2025-01-01,SKU011,FY_BASE
1789415,4161430,0,104036,213,EC,2025-01-01,SKU011,FY_BASE
2073177,4821343,0,120534,231,CV,2025-01-01,SKU011,FY_BASE
1864132,4335191,0,108380,203,FS,2025-01-01,SKU011,FY_BASE
2760320,6066638,0,151666,247,MT,2025-01-01,SKU012,FY_BASE
2922934,6424031,0,160601,256,GT,2025-01-01,SKU012,FY_BASE
2538787,5579752,0,139494,246,EC,2025-01-01,SKU012,FY_BASE
2370237,5209312,0,130233,214,CV,2025-01-01,SKU012,FY_BASE
2454978,5395556,0,134889,217,FS,2025-01-01,SKU012,FY_BASE
3305947,6887389,0,172185,246,MT,2025-01-01,SKU013,FY_BASE
3725304,7761049,0,194026,271,GT,2025-01-01,SKU013,FY_BASE
3458650,7205521,0,180138,278,EC,2025-01-01,SKU013,FY_BASE
2986276,6221408,0,155535,224,CV,2025-01-01,SKU013,FY_BASE
3243535,6757364,0,168934,239,FS,2025-01-01,SKU013,FY_BASE
3678408,7283976,0,182099,232,MT,2025-01-01,SKU014,FY_BASE
4549545,9009000,0,225225,280,GT,2025-01-01,SKU014,FY_BASE
4100623,8120045,0,203001,279,EC,2025-01-01,SKU014,FY_BASE
3704030,7334712,0,183368,236,CV,2025-01-01,SKU014,FY_BASE
4371890,8657208,0,216430,272,FS,2025-01-01,SKU014,FY_BASE
5056287,9540164,0,238504,273,MT,2025-01-01,SKU015,FY_BASE
4757679,8976752,0,224419,252,GT,2025-01-01,SKU015,FY_BASE
4199322,7923249,0,198081,246,EC,2025-01-01,SKU015,FY_BASE
4107220,7749472,0,193737,224,CV,2025-01-01,SKU015,FY_BASE
4575432,8632890,0,215822,245,FS,2025-01-01,SKU015,FY_BASE
4338558,10089670,0,252242,263,MT,2025-01-01,SKU016,FY_BASE
4480923,10420751,0,260519,266,GT,2025-01-01,SKU016,FY_BASE
4084573,9499008,0,237475,268,EC,2025-01-01,SKU016,FY_BASE
2995206,6965595,0,174140,184,CV,2025-01-01,SKU016,FY_BASE
3806253,8851752,0,221294,228,FS,2025-01-01,SKU016,FY_BASE
2889286,6349915,0,158748,152,MT,2025-01-01,SKU017,FY_BASE
2514254,5525690,0,138142,130,GT,2025-01-01,SKU017,FY_BASE
2274433,4998625,0,124966,130,EC,2025-01-01,SKU017,FY_BASE
2360140,5186986,0,129675,125,CV,2025-01-01,SKU017,FY_BASE
1979017,4349376,0,108734,103,FS,2025-01-01,SKU017,FY_BASE
2546183,5304548,0,132614,117,MT,2025-01-01,SKU018,FY_BASE
3028990,6310395,0,157760,137,GT,2025-01-01,SKU018,FY_BASE
2535588,5282474,0,132062,126,EC,2025-01-01,SKU018,FY_BASE
2782428,5796724,0,144918,130,CV,2025-01-01,SKU018,FY_BASE
3467747,7224472,0,180612,158,FS,2025-01-01,SKU018,FY_BASE
1558664,3086464,0,77162,174,MT,2025-01-01,SKU019,FY_BASE
1191154,2358720,0,58968,131,GT,2025-01-01,SKU019,FY_BASE
1229064,2433791,0,60845,149,EC,2025-01-01,SKU019,FY_BASE
1244698,2464749,0,61619,141,CV,2025-01-01,SKU019,FY_BASE
1280252,2535152,0,63379,142,FS,2025-01-01,SKU019,FY_BASE
1462571,2759568,0,68989,131,MT,2025-01-01,SKU020,FY_BASE
1854836,3499690,0,87492,162,GT,2025-01-01,SKU020,FY_BASE
1667360,3145962,0,78649,161,EC,2025-01-01,SKU020,FY_BASE
1334189,2517338,0,62933,120,CV,2025-01-01,SKU020,FY_BASE
1685714,3180592,0,79515,149,FS,2025-01-01,SKU020,FY_BASE
1821746,4236619,0,105915,172,MT,2025-01-01,SKU021,FY_BASE
1727834,4018219,0,100455,160,GT,2025-01-01,SKU021,FY_BASE
1184714,2755148,0,68879,121,EC,2025-01-01,SKU021,FY_BASE
1877337,4365900,0,109148,180,CV,2025-01-01,SKU021,FY_BASE
1917069,4458300,0,111458,180,FS,2025-01-01,SKU021,FY_BASE
2327655,5115529,0,127888,183,MT,2025-01-01,SKU022,FY_BASE
2124158,4668300,0,116708,163,GT,2025-01-01,SKU022,FY_BASE
1885517,4143834,0,103596,160,EC,2025-01-01,SKU022,FY_BASE
1917257,4213590,0,105340,152,CV,2025-01-01,SKU022,FY_BASE
2154931,4735930,0,118398,167,FS,2025-01-01,SKU022,FY_BASE
2510565,5230344,0,130759,166,MT,2025-01-01,SKU023,FY_BASE
2484518,5176080,0,129402,161,GT,2025-01-01,SKU023,FY_BASE
2631606,5482512,0,137063,189,EC,2025-01-01,SKU023,FY_BASE
3215843,6699672,0,167492,215,CV,2025-01-01,SKU023,FY_BASE
3081577,6419952,0,160499,202,FS,2025-01-01,SKU023,FY_BASE
3379733,6692354,0,167309,192,MT,2025-01-01,SKU024,FY_BASE
3432159,6796165,0,169904,191,GT,2025-01-01,SKU024,FY_BASE
2888943,5720520,0,143013,177,EC,2025-01-01,SKU024,FY_BASE
3113086,6164354,0,154109,178,CV,2025-01-01,SKU024,FY_BASE
3360626,6654519,0,166363,189,FS,2025-01-01,SKU024,FY_BASE
4269730,8056094,0,201402,210,MT,2025-01-01,SKU025,FY_BASE
3830125,7226651,0,180666,185,GT,2025-01-01,SKU025,FY_BASE
3771070,7115226,0,177881,201,EC,2025-01-01,SKU025,FY_BASE
3384118,6385129,0,159628,168,CV,2025-01-01,SKU025,FY_BASE
3539515,6678331,0,166958,172,FS,2025-01-01,SKU025,FY_BASE
3994906,9290479,0,232262,222,MT,2025-01-01,SKU026,FY_BASE
3255371,7570631,0,189266,177,GT,2025-01-01,SKU026,FY_BASE
3029482,7045306,0,176133,183,EC,2025-01-01,SKU026,FY_BASE
3409074,7928078,0,198202,192,CV,2025-01-01,SKU026,FY_BASE
3796015,8827941,0,220699,209,FS,2025-01-01,SKU026,FY_BASE
4008624,8810162,0,220254,195,MT,2025-01-01,SKU027,FY_BASE
3385480,7440615,0,186015,161,GT,2025-01-01,SKU027,FY_BASE
3585906,7881111,0,197028,189,EC,2025-01-01,SKU027,FY_BASE
4693521,10315431,0,257886,231,CV,2025-01-01,SKU027,FY_BASE
4305086,9461728,0,236543,207,FS,2025-01-01,SKU027,FY_BASE
1594132,3321108,0,83028,188,MT,2025-01-01,SKU028,FY_BASE
1963634,4090905,0,102273,226,GT,2025-01-01,SKU028,FY_BASE
1888355,3934073,0,98352,241,EC,2025-01-01,SKU028,FY_BASE
1723181,3589960,0,89749,205,CV,2025-01-01,SKU028,FY_BASE
2284919,4760248,0,119006,266,FS,2025-01-01,SKU028,FY_BASE
2830843,5605372,0,140134,265,MT,2025-01-01,SKU029,FY_BASE
2200944,4358104,0,108953,202,GT,2025-01-01,SKU029,FY_BASE
2423398,4798587,0,119965,246,EC,2025-01-01,SKU029,FY_BASE
2467211,4885342,0,122134,234,CV,2025-01-01,SKU029,FY_BASE
2112359,4182696,0,104567,196,FS,2025-01-01,SKU029,FY_BASE
2896444,5464988,0,136625,222,MT,2025-01-01,SKU030,FY_BASE
3038490,5733000,0,143325,228,GT,2025-01-01,SKU030,FY_BASE
3349935,6320632,0,158016,278,EC,2025-01-01,SKU030,FY_BASE
2826672,5333344,0,133334,219,CV,2025-01-01,SKU030,FY_BASE
3490646,6586125,0,164653,265,FS,2025-01-01,SKU030,FY_BASE
2470029,5744254,0,143606,205,MT,2025-01-01,SKU031,FY_BASE
3061238,7119158,0,177979,249,GT,2025-01-01,SKU031,FY_BASE
3382108,7865367,0,196634,304,EC,2025-01-01,SKU031,FY_BASE
2614405,6080011,0,152000,219,CV,2025-01-01,SKU031,FY_BASE
2508310,5833280,0,145832,206,FS,2025-01-01,SKU031,FY_BASE
3737610,8214528,0,205363,261,MT,2025-01-01,SKU032,FY_BASE
3771167,8288280,0,207207,258,GT,2025-01-01,SKU032,FY_BASE
2211379,4860173,0,121504,167,EC,2025-01-01,SKU032,FY_BASE
2817196,6191640,0,154791,199,CV,2025-01-01,SKU032,FY_BASE
3481689,7652064,0,191302,241,FS,2025-01-01,SKU032,FY_BASE
4271715,8899406,0,222485,255,MT,2025-01-01,SKU033,FY_BASE
4291396,8940409,0,223510,251,GT,2025-01-01,SKU033,FY_BASE
4465951,9304064,0,232602,289,EC,2025-01-01,SKU033,FY_BASE
3855011,8031272,0,200782,233,CV,2025-01-01,SKU033,FY_BASE
4299179,8956623,0,223916,254,FS,2025-01-01,SKU033,FY_BASE
2192157,4340905,0,108523,113,MT,2025-01-01,SKU034,FY_BASE
1814648,3593362,0,89834,92,GT,2025-01-01,SKU034,FY_BASE
2261703,4478620,0,111966,126,EC,2025-01-01,SKU034,FY_BASE
2989982,5920756,0,148019,156,CV,2025-01-01,SKU034,FY_BASE
2474539,4900077,0,122502,126,FS,2025-01-01,SKU034,FY_BASE
2597498,4900940,0,122524,117,MT,2025-01-01,SKU035,FY_BASE
2836376,5351653,0,133791,125,GT,2025-01-01,SKU035,FY_BASE
2002599,3778488,0,94462,98,EC,2025-01-01,SKU035,FY_BASE
2033889,3837526,0,95938,93,CV,2025-01-01,SKU035,FY_BASE
2213876,4177124,0,104428,99,FS,2025-01-01,SKU035,FY_BASE
2955325,6872848,0,171821,152,MT,2025-01-01,SKU036,FY_BASE
2753969,6404580,0,160114,139,GT,2025-01-01,SKU036,FY_BASE
2839330,6603093,0,165077,158,EC,2025-01-01,SKU036,FY_BASE
2217818,5157716,0,128943,115,CV,2025-01-01,SKU036,FY_BASE
3226776,7504130,0,187603,164,FS,2025-01-01,SKU036,FY_BASE
1040012,2418633,0,60466,137,MT,2025-02-01,SKU001,FY_BASE
1156878,2690415,0,67260,149,GT,2025-02-01,SKU001,FY_BASE
960514,2233753,0,55844,137,EC,2025-02-01,SKU001,FY_BASE
967682,2250423,0,56261,129,CV,2025-02-01,SKU001,FY_BASE
941107,2188620,0,54716,122,FS,2025-02-01,SKU001,FY_BASE
1961780,4311825,0,107796,204,MT,2025-02-01,SKU002,FY_BASE
1121604,2465190,0,61630,114,GT,2025-02-01,SKU002,FY_BASE
1458517,3205695,0,80142,164,EC,2025-02-01,SKU002,FY_BASE
1242392,2730672,0,68267,131,CV,2025-02-01,SKU002,FY_BASE
1506565,3311301,0,82783,155,FS,2025-02-01,SKU002,FY_BASE
1901214,3960862,0,99022,161,MT,2025-02-01,SKU003,FY_BASE
2186730,4555688,0,113892,182,GT,2025-02-01,SKU003,FY_BASE
1655867,3449722,0,86243,152,EC,2025-02-01,SKU003,FY_BASE
2119446,4415512,0,110388,182,CV,2025-02-01,SKU003,FY_BASE
2054871,4280981,0,107025,172,FS,2025-02-01,SKU003,FY_BASE
2236895,4429648,0,110741,158,MT,2025-02-01,SKU004,FY_BASE
2003798,3968055,0,99201,139,GT,2025-02-01,SKU004,FY_BASE
2279162,4513348,0,112834,174,EC,2025-02-01,SKU004,FY_BASE
2541922,5033684,0,125842,182,CV,2025-02-01,SKU004,FY_BASE
1852002,3667458,0,91686,130,FS,2025-02-01,SKU004,FY_BASE
2585009,4877376,0,121934,155,MT,2025-02-01,SKU005,FY_BASE
2673871,5045040,0,126126,157,GT,2025-02-01,SKU005,FY_BASE
2324585,4386010,0,109650,151,EC,2025-02-01,SKU005,FY_BASE
2692570,5080320,0,127008,163,CV,2025-02-01,SKU005,FY_BASE
2801109,5285112,0,132128,166,FS,2025-02-01,SKU005,FY_BASE
2357275,5482034,0,137051,157,MT,2025-02-01,SKU006,FY_BASE
2750448,6396390,0,159910,180,GT,2025-02-01,SKU006,FY_BASE
2375002,5523260,0,138082,171,EC,2025-02-01,SKU006,FY_BASE
2983899,6939300,0,173482,201,CV,2025-02-01,SKU006,FY_BASE
2180883,5071822,0,126796,144,FS,2025-02-01,SKU006,FY_BASE
3078327,6765554,0,169139,176,MT,2025-02-01,SKU007,FY_BASE
3669621,8065102,0,201628,206,GT,2025-02-01,SKU007,FY_BASE
2711552,5959454,0,148986,168,EC,2025-02-01,SKU007,FY_BASE
3363028,7391270,0,184782,195,CV,2025-02-01,SKU007,FY_BASE
3146521,6915431,0,172886,178,FS,2025-02-01,SKU007,FY_BASE
4152588,8651225,0,216281,207,MT,2025-02-01,SKU008,FY_BASE
3947171,8223272,0,205582,193,GT,2025-02-01,SKU008,FY_BASE
4137444,8619676,0,215492,223,EC,2025-02-01,SKU008,FY_BASE
4048380,8434125,0,210853,204,CV,2025-02-01,SKU008,FY_BASE
3245237,6760911,0,169023,160,FS,2025-02-01,SKU008,FY_BASE
5427474,10747474,0,268687,238,MT,2025-02-01,SKU009,FY_BASE
4780124,9465592,0,236640,205,GT,2025-02-01,SKU009,FY_BASE
3657262,7242102,0,181053,173,EC,2025-02-01,SKU009,FY_BASE
3250046,6435734,0,160893,144,CV,2025-02-01,SKU009,FY_BASE
5601996,11093061,0,277327,243,FS,2025-02-01,SKU009,FY_BASE
2075873,3916742,0,97919,221,MT,2025-02-01,SKU010,FY_BASE
2256079,4256752,0,106419,236,GT,2025-02-01,SKU010,FY_BASE
2120399,4000752,0,100019,245,EC,2025-02-01,SKU010,FY_BASE
1997340,3768566,0,94214,215,CV,2025-02-01,SKU010,FY_BASE
1865616,3520030,0,88001,197,FS,2025-02-01,SKU010,FY_BASE
2020952,4699889,0,117497,222,MT,2025-02-01,SKU011,FY_BASE
1968630,4578210,0,114455,212,GT,2025-02-01,SKU011,FY_BASE
1489752,3464540,0,86614,177,EC,2025-02-01,SKU011,FY_BASE
1825497,4245342,0,106134,203,CV,2025-02-01,SKU011,FY_BASE
2360609,5489788,0,137245,257,FS,2025-02-01,SKU011,FY_BASE
2623444,5765812,0,144145,235,MT,2025-02-01,SKU012,FY_BASE
2410547,5297906,0,132448,211,GT,2025-02-01,SKU012,FY_BASE
2138481,4699958,0,117499,207,EC,2025-02-01,SKU012,FY_BASE
2437958,5358150,0,133954,220,CV,2025-02-01,SKU012,FY_BASE
2892956,6358144,0,158954,256,FS,2025-02-01,SKU012,FY_BASE
3237358,6744496,0,168612,241,MT,2025-02-01,SKU013,FY_BASE
3613264,7527634,0,188191,263,GT,2025-02-01,SKU013,FY_BASE
3217938,6704038,0,167601,259,EC,2025-02-01,SKU013,FY_BASE
3284903,6843548,0,171089,247,CV,2025-02-01,SKU013,FY_BASE
2411859,5024707,0,125618,177,FS,2025-02-01,SKU013,FY_BASE
4132132,8182440,0,204561,260,MT,2025-02-01,SKU014,FY_BASE
3209497,6355440,0,158886,198,GT,2025-02-01,SKU014,FY_BASE
4265246,8446032,0,211151,291,EC,2025-02-01,SKU014,FY_BASE
2966431,5874120,0,146853,189,CV,2025-02-01,SKU014,FY_BASE
3536810,7003584,0,175090,220,FS,2025-02-01,SKU014,FY_BASE
5244954,9896140,0,247404,284,MT,2025-02-01,SKU015,FY_BASE
4584322,8649664,0,216242,243,GT,2025-02-01,SKU015,FY_BASE
4826606,9106804,0,227670,283,EC,2025-02-01,SKU015,FY_BASE
3920529,7397224,0,184931,214,CV,2025-02-01,SKU015,FY_BASE
4441981,8381097,0,209527,238,FS,2025-02-01,SKU015,FY_BASE
3733178,8681810,0,217045,226,MT,2025-02-01,SKU016,FY_BASE
3674014,8544218,0,213605,218,GT,2025-02-01,SKU016,FY_BASE
3758429,8740532,0,218513,247,EC,2025-02-01,SKU016,FY_BASE
4309768,10022717,0,250568,264,CV,2025-02-01,SKU016,FY_BASE
4587894,10669522,0,266738,275,FS,2025-02-01,SKU016,FY_BASE
2947459,6477765,0,161944,155,MT,2025-02-01,SKU017,FY_BASE
1880741,4133390,0,103335,97,GT,2025-02-01,SKU017,FY_BASE
2363978,5195421,0,129886,135,EC,2025-02-01,SKU017,FY_BASE
2456081,5397840,0,134946,131,CV,2025-02-01,SKU017,FY_BASE
2684410,5899649,0,147491,140,FS,2025-02-01,SKU017,FY_BASE
3520375,7334114,0,183353,162,MT,2025-02-01,SKU018,FY_BASE
3413265,7110968,0,177774,154,GT,2025-02-01,SKU018,FY_BASE
2965002,6177087,0,154427,148,EC,2025-02-01,SKU018,FY_BASE
3724510,7759395,0,193985,173,CV,2025-02-01,SKU018,FY_BASE
3490119,7271082,0,181777,159,FS,2025-02-01,SKU018,FY_BASE
1303444,2581078,0,64527,146,MT,2025-02-01,SKU019,FY_BASE
1442412,2856262,0,71407,158,GT,2025-02-01,SKU019,FY_BASE
1136464,2250423,0,56261,138,EC,2025-02-01,SKU019,FY_BASE
1515285,3000564,0,75014,171,CV,2025-02-01,SKU019,FY_BASE
1399987,2772252,0,69306,155,FS,2025-02-01,SKU019,FY_BASE
1633966,3082955,0,77074,146,MT,2025-02-01,SKU020,FY_BASE
1458204,2751328,0,68783,128,GT,2025-02-01,SKU020,FY_BASE
1952288,3683563,0,92089,189,EC,2025-02-01,SKU020,FY_BASE
1707310,3221340,0,80534,154,CV,2025-02-01,SKU020,FY_BASE
1778082,3354871,0,83872,157,FS,2025-02-01,SKU020,FY_BASE
1649273,3835519,0,95888,156,MT,2025-02-01,SKU021,FY_BASE
1881908,4376531,0,109413,174,GT,2025-02-01,SKU021,FY_BASE
1702404,3959078,0,98977,174,EC,2025-02-01,SKU021,FY_BASE
1472003,3423262,0,85582,141,CV,2025-02-01,SKU021,FY_BASE
2189380,5091581,0,127290,205,FS,2025-02-01,SKU021,FY_BASE
2327655,5115529,0,127888,183,MT,2025-02-01,SKU022,FY_BASE
2243642,4930892,0,123272,172,GT,2025-02-01,SKU022,FY_BASE
2125710,4671711,0,116793,181,EC,2025-02-01,SKU022,FY_BASE
1852920,4072194,0,101805,147,CV,2025-02-01,SKU022,FY_BASE
2220631,4880319,0,122008,172,FS,2025-02-01,SKU022,FY_BASE
2125509,4428144,0,110704,141,MT,2025-02-01,SKU023,FY_BASE
2783290,5798520,0,144963,181,GT,2025-02-01,SKU023,FY_BASE
2347108,4889808,0,122245,168,EC,2025-02-01,SKU023,FY_BASE
3032951,6318648,0,157966,203,CV,2025-02-01,SKU023,FY_BASE
2988196,6225408,0,155635,196,FS,2025-02-01,SKU023,FY_BASE
2912323,5766815,0,144170,165,MT,2025-02-01,SKU024,FY_BASE
3817588,7559370,0,188984,212,GT,2025-02-01,SKU024,FY_BASE
2988562,5917779,0,147944,184,EC,2025-02-01,SKU024,FY_BASE
2935194,5812104,0,145303,168,CV,2025-02-01,SKU024,FY_BASE
3215301,6366756,0,159169,181,FS,2025-02-01,SKU024,FY_BASE
3751558,7078412,0,176960,185,MT,2025-02-01,SKU025,FY_BASE
4613079,8703922,0,217598,222,GT,2025-02-01,SKU025,FY_BASE
3713643,7006873,0,175172,198,EC,2025-02-01,SKU025,FY_BASE
3445648,6501222,0,162531,171,CV,2025-02-01,SKU025,FY_BASE
3811785,7192048,0,179801,186,FS,2025-02-01,SKU025,FY_BASE
3243570,7543187,0,188580,181,MT,2025-02-01,SKU026,FY_BASE
2862482,6656935,0,166423,156,GT,2025-02-01,SKU026,FY_BASE
4061875,9446220,0,236156,245,EC,2025-02-01,SKU026,FY_BASE
4134408,9614902,0,240373,233,CV,2025-02-01,SKU026,FY_BASE
3907117,9086319,0,227158,215,FS,2025-02-01,SKU026,FY_BASE
5876516,12915420,0,322886,286,MT,2025-02-01,SKU027,FY_BASE
4606824,10124888,0,253122,219,GT,2025-02-01,SKU027,FY_BASE
4361236,9585135,0,239628,230,EC,2025-02-01,SKU027,FY_BASE
4236630,9311274,0,232782,208,CV,2025-02-01,SKU027,FY_BASE
4241464,9321900,0,233048,204,FS,2025-02-01,SKU027,FY_BASE
2027320,4223583,0,105590,239,MT,2025-02-01,SKU028,FY_BASE
2034396,4238325,0,105958,235,GT,2025-02-01,SKU028,FY_BASE
1712322,3567337,0,89183,218,EC,2025-02-01,SKU028,FY_BASE
1791765,3732844,0,93321,213,CV,2025-02-01,SKU028,FY_BASE
1855950,3866562,0,96664,216,FS,2025-02-01,SKU028,FY_BASE
2297339,4548976,0,113724,215,MT,2025-02-01,SKU029,FY_BASE
2401030,4754295,0,118857,220,GT,2025-02-01,SKU029,FY_BASE
2272564,4499920,0,112498,231,EC,2025-02-01,SKU029,FY_BASE
2348700,4650676,0,116267,222,CV,2025-02-01,SKU029,FY_BASE
2222378,4400545,0,110014,206,FS,2025-02-01,SKU029,FY_BASE
2737006,5164162,0,129104,210,MT,2025-02-01,SKU030,FY_BASE
2767196,5221125,0,130528,208,GT,2025-02-01,SKU030,FY_BASE
2871373,5417685,0,135442,239,EC,2025-02-01,SKU030,FY_BASE
3365712,6350400,0,158760,261,CV,2025-02-01,SKU030,FY_BASE
3450369,6510131,0,162753,262,FS,2025-02-01,SKU030,FY_BASE
3133619,7287485,0,182187,260,MT,2025-02-01,SKU031,FY_BASE
3199244,7440103,0,186003,260,GT,2025-02-01,SKU031,FY_BASE
2655749,6176161,0,154404,239,EC,2025-02-01,SKU031,FY_BASE
2541445,5910338,0,147758,213,CV,2025-02-01,SKU031,FY_BASE
3166431,7363794,0,184095,260,FS,2025-02-01,SKU031,FY_BASE
3971211,8727936,0,218198,277,MT,2025-02-01,SKU032,FY_BASE
4650610,10221120,0,255528,318,GT,2025-02-01,SKU032,FY_BASE
2912547,6401203,0,160030,220,EC,2025-02-01,SKU032,FY_BASE
3900733,8573040,0,214326,275,CV,2025-02-01,SKU032,FY_BASE
3511195,7716912,0,192923,243,FS,2025-02-01,SKU032,FY_BASE
4271715,8899406,0,222485,255,MT,2025-02-01,SKU033,FY_BASE
4867071,10139732,0,253493,285,GT,2025-02-01,SKU033,FY_BASE
3613790,7528730,0,188218,234,EC,2025-02-01,SKU033,FY_BASE
4125538,8594870,0,214872,249,CV,2025-02-01,SKU033,FY_BASE
3833003,7985423,0,199636,226,FS,2025-02-01,SKU033,FY_BASE
2330401,4614656,0,115366,120,MT,2025-02-01,SKU034,FY_BASE
2762297,5469896,0,136747,140,GT,2025-02-01,SKU034,FY_BASE
2352901,4659209,0,116480,132,EC,2025-02-01,SKU034,FY_BASE
2755473,5456383,0,136410,144,CV,2025-02-01,SKU034,FY_BASE
2494495,4939594,0,123490,128,FS,2025-02-01,SKU034,FY_BASE
2687846,5071408,0,126785,121,MT,2025-02-01,SKU035,FY_BASE
2974736,5612710,0,140318,132,GT,2025-02-01,SKU035,FY_BASE
3024758,5707091,0,142677,148,EC,2025-02-01,SKU035,FY_BASE
2883206,5440011,0,136000,132,CV,2025-02-01,SKU035,FY_BASE
3834341,7234605,0,180865,171,FS,2025-02-01,SKU035,FY_BASE
3074331,7149608,0,178740,158,MT,2025-02-01,SKU036,FY_BASE
3300714,7676078,0,191902,166,GT,2025-02-01,SKU036,FY_BASE
2582875,6006685,0,150167,144,EC,2025-02-01,SKU036,FY_BASE
2904752,6755238,0,168881,151,CV,2025-02-01,SKU036,FY_BASE
2645555,6152454,0,153811,135,FS,2025-02-01,SKU036,FY_BASE
1319418,3068415,0,76710,173,MT,2025-03-01,SKU001,FY_BASE
832002,1934888,0,48372,107,GT,2025-03-01,SKU001,FY_BASE
1039362,2417121,0,60428,148,EC,2025-03-01,SKU001,FY_BASE
898562,2089678,0,52242,119,CV,2025-03-01,SKU001,FY_BASE
1145013,2662821,0,66571,149,FS,2025-03-01,SKU001,FY_BASE
1353628,2975159,0,74379,141,MT,2025-03-01,SKU002,FY_BASE
1351934,2971435,0,74286,138,GT,2025-03-01,SKU002,FY_BASE
1530989,3364984,0,84125,172,EC,2025-03-01,SKU002,FY_BASE
1310336,2880006,0,72000,138,CV,2025-03-01,SKU002,FY_BASE
1357890,2984527,0,74613,140,FS,2025-03-01,SKU002,FY_BASE
1516158,3158662,0,78967,129,MT,2025-03-01,SKU003,FY_BASE
1830465,3813469,0,95337,152,GT,2025-03-01,SKU003,FY_BASE
1755886,3658095,0,91452,161,EC,2025-03-01,SKU003,FY_BASE
1786050,3720938,0,93023,153,CV,2025-03-01,SKU003,FY_BASE
2200779,4584956,0,114624,185,FS,2025-03-01,SKU003,FY_BASE
2799726,5544205,0,138605,198,MT,2025-03-01,SKU004,FY_BASE
2769956,5485252,0,137131,192,GT,2025-03-01,SKU004,FY_BASE
1692711,3352019,0,83800,130,EC,2025-03-01,SKU004,FY_BASE
2256313,4468102,0,111703,161,CV,2025-03-01,SKU004,FY_BASE
2872791,5688893,0,142222,201,FS,2025-03-01,SKU004,FY_BASE
2993169,5647488,0,141187,180,MT,2025-03-01,SKU005,FY_BASE
3073216,5798520,0,144963,181,GT,2025-03-01,SKU005,FY_BASE
2670132,5037984,0,125950,173,EC,2025-03-01,SKU005,FY_BASE
3045969,5747112,0,143678,185,CV,2025-03-01,SKU005,FY_BASE
3265097,6160560,0,154014,194,FS,2025-03-01,SKU005,FY_BASE
2479730,5766815,0,144170,165,MT,2025-03-01,SKU006,FY_BASE
2594172,6032959,0,150824,169,GT,2025-03-01,SKU006,FY_BASE
2714288,6312298,0,157807,196,EC,2025-03-01,SKU006,FY_BASE
3165659,7361998,0,184050,213,CV,2025-03-01,SKU006,FY_BASE
2768640,6438698,0,160967,183,FS,2025-03-01,SKU006,FY_BASE
4074780,8955560,0,223889,234,MT,2025-03-01,SKU007,FY_BASE
2743133,6028864,0,150722,154,GT,2025-03-01,SKU007,FY_BASE
2974490,6537340,0,163434,185,EC,2025-03-01,SKU007,FY_BASE
2729159,5998151,0,149954,158,CV,2025-03-01,SKU007,FY_BASE
3560064,7824316,0,195608,202,FS,2025-03-01,SKU007,FY_BASE
3845747,8011972,0,200299,192,MT,2025-03-01,SKU008,FY_BASE
4385745,9136969,0,228424,214,GT,2025-03-01,SKU008,FY_BASE
3230607,6730432,0,168261,174,EC,2025-03-01,SKU008,FY_BASE
4331767,9024514,0,225613,218,CV,2025-03-01,SKU008,FY_BASE
3968698,8268120,0,206703,196,FS,2025-03-01,SKU008,FY_BASE
5753589,11393246,0,284831,252,MT,2025-03-01,SKU009,FY_BASE
5731392,11349292,0,283732,246,GT,2025-03-01,SKU009,FY_BASE
4130554,8179315,0,204483,196,EC,2025-03-01,SKU009,FY_BASE
4125944,8170186,0,204255,183,CV,2025-03-01,SKU009,FY_BASE
5084164,10067652,0,251691,220,FS,2025-03-01,SKU009,FY_BASE
2248065,4241632,0,106041,240,MT,2025-03-01,SKU010,FY_BASE
2050981,3869775,0,96744,214,GT,2025-03-01,SKU010,FY_BASE
2403119,4534186,0,113355,277,EC,2025-03-01,SKU010,FY_BASE
1817484,3429216,0,85730,196,CV,2025-03-01,SKU010,FY_BASE
2822590,5325642,0,133141,298,FS,2025-03-01,SKU010,FY_BASE
2326877,5411341,0,135284,256,MT,2025-03-01,SKU011,FY_BASE
2186316,5084455,0,127111,236,GT,2025-03-01,SKU011,FY_BASE
1986336,4619387,0,115485,237,EC,2025-03-01,SKU011,FY_BASE
1697070,3946674,0,98667,189,CV,2025-03-01,SKU011,FY_BASE
1742354,4051987,0,101300,190,FS,2025-03-01,SKU011,FY_BASE
2395319,5264438,0,131611,214,MT,2025-03-01,SKU012,FY_BASE
3190773,7012688,0,175317,279,GT,2025-03-01,SKU012,FY_BASE
2127946,4676805,0,116920,206,EC,2025-03-01,SKU012,FY_BASE
2528253,5556600,0,138915,228,CV,2025-03-01,SKU012,FY_BASE
2616338,5750194,0,143755,232,FS,2025-03-01,SKU012,FY_BASE
3484275,7258907,0,181473,259,MT,2025-03-01,SKU013,FY_BASE
2941029,6127144,0,153179,214,GT,2025-03-01,SKU013,FY_BASE
2926550,6096979,0,152424,236,EC,2025-03-01,SKU013,FY_BASE
3284903,6843548,0,171089,247,CV,2025-03-01,SKU013,FY_BASE
3298980,6872875,0,171822,243,FS,2025-03-01,SKU013,FY_BASE
3419137,6770568,0,169264,215,MT,2025-03-01,SKU014,FY_BASE
4119406,8157240,0,203931,254,GT,2025-03-01,SKU014,FY_BASE
3995862,7912598,0,197815,272,EC,2025-03-01,SKU014,FY_BASE
3639891,7207704,0,180193,232,CV,2025-03-01,SKU014,FY_BASE
4011659,7943880,0,198597,250,FS,2025-03-01,SKU014,FY_BASE
4660085,8792614,0,219815,252,MT,2025-03-01,SKU015,FY_BASE
6009699,11339055,0,283476,318,GT,2025-03-01,SKU015,FY_BASE
4861455,9172557,0,229314,285,EC,2025-03-01,SKU015,FY_BASE
4461935,8418746,0,210469,244,CV,2025-03-01,SKU015,FY_BASE
5890868,11114845,0,277871,315,FS,2025-03-01,SKU015,FY_BASE
4288110,9972349,0,249309,260,MT,2025-03-01,SKU016,FY_BASE
3691182,8584144,0,214604,219,GT,2025-03-01,SKU016,FY_BASE
4270941,9932422,0,248311,280,EC,2025-03-01,SKU016,FY_BASE
4792329,11144952,0,278624,294,CV,2025-03-01,SKU016,FY_BASE
3942191,9167886,0,229197,237,FS,2025-03-01,SKU016,FY_BASE
2249377,4943558,0,123589,118,MT,2025-03-01,SKU017,FY_BASE
2850808,6265350,0,156634,147,GT,2025-03-01,SKU017,FY_BASE
2883336,6336839,0,158421,164,EC,2025-03-01,SKU017,FY_BASE
2417705,5313499,0,132837,129,CV,2025-03-01,SKU017,FY_BASE
2508061,5512080,0,137802,131,FS,2025-03-01,SKU017,FY_BASE
2457620,5120042,0,128001,113,MT,2025-03-01,SKU018,FY_BASE
3209825,6687135,0,167178,145,GT,2025-03-01,SKU018,FY_BASE
3108140,6475291,0,161882,155,EC,2025-03-01,SKU018,FY_BASE
3023425,6298803,0,157470,141,CV,2025-03-01,SKU018,FY_BASE
2997923,6245673,0,156142,137,FS,2025-03-01,SKU018,FY_BASE
1285215,2544980,0,63624,144,MT,2025-03-01,SKU019,FY_BASE
1554083,3077392,0,76935,170,GT,2025-03-01,SKU019,FY_BASE
1271156,2517140,0,62928,154,EC,2025-03-01,SKU019,FY_BASE
1425089,2821959,0,70549,161,CV,2025-03-01,SKU019,FY_BASE
1399987,2772252,0,69306,155,FS,2025-03-01,SKU019,FY_BASE
1828214,3449460,0,86236,163,MT,2025-03-01,SKU020,FY_BASE
1971491,3719795,0,92995,172,GT,2025-03-01,SKU020,FY_BASE
1224137,2309693,0,57742,118,EC,2025-03-01,SKU020,FY_BASE
1865603,3520006,0,88000,168,CV,2025-03-01,SKU020,FY_BASE
1801173,3398440,0,84961,159,FS,2025-03-01,SKU020,FY_BASE
1821746,4236619,0,105915,172,MT,2025-03-01,SKU021,FY_BASE
1606776,3736688,0,93417,149,GT,2025-03-01,SKU021,FY_BASE
1493336,3472875,0,86822,153,EC,2025-03-01,SKU021,FY_BASE
1824004,4241869,0,106047,174,CV,2025-03-01,SKU021,FY_BASE
1949746,4534294,0,113357,183,FS,2025-03-01,SKU021,FY_BASE
1963553,4315334,0,107883,154,MT,2025-03-01,SKU022,FY_BASE
2230366,4901715,0,122543,171,GT,2025-03-01,SKU022,FY_BASE
2041643,4486954,0,112174,173,EC,2025-03-01,SKU022,FY_BASE
2097402,4609497,0,115237,166,CV,2025-03-01,SKU022,FY_BASE
1970974,4331644,0,108291,153,FS,2025-03-01,SKU022,FY_BASE
3157459,6578040,0,164451,209,MT,2025-03-01,SKU023,FY_BASE
2327270,4848480,0,121212,151,GT,2025-03-01,SKU023,FY_BASE
3001453,6253027,0,156326,215,EC,2025-03-01,SKU023,FY_BASE
2606204,5429592,0,135740,174,CV,2025-03-01,SKU023,FY_BASE
3050450,6355104,0,158878,200,FS,2025-03-01,SKU023,FY_BASE
4026916,7973868,0,199347,228,MT,2025-03-01,SKU024,FY_BASE
3285329,6505420,0,162636,183,GT,2025-03-01,SKU024,FY_BASE
3237608,6410927,0,160273,199,EC,2025-03-01,SKU024,FY_BASE
4020327,7960822,0,199021,231,CV,2025-03-01,SKU024,FY_BASE
3524116,6978253,0,174456,198,FS,2025-03-01,SKU024,FY_BASE
4746447,8955560,0,223889,234,MT,2025-03-01,SKU025,FY_BASE
4951653,9342742,0,233569,239,GT,2025-03-01,SKU025,FY_BASE
4096492,7729231,0,193231,218,EC,2025-03-01,SKU025,FY_BASE
3096981,5843360,0,146084,154,CV,2025-03-01,SKU025,FY_BASE
4272551,8061417,0,201535,208,FS,2025-03-01,SKU025,FY_BASE
3884955,9034778,0,225869,216,MT,2025-03-01,SKU026,FY_BASE
4209532,9789610,0,244740,230,GT,2025-03-01,SKU026,FY_BASE
3723385,8659035,0,216476,224,EC,2025-03-01,SKU026,FY_BASE
3282140,7632884,0,190822,185,CV,2025-03-01,SKU026,FY_BASE
3573809,8311184,0,207780,197,FS,2025-03-01,SKU026,FY_BASE
4302449,9455932,0,236398,209,MT,2025-03-01,SKU027,FY_BASE
5206782,11443478,0,286087,248,GT,2025-03-01,SKU027,FY_BASE
3062557,6730895,0,168272,161,EC,2025-03-01,SKU027,FY_BASE
4921967,10817510,0,270438,242,CV,2025-03-01,SKU027,FY_BASE
4623196,10160871,0,254022,222,FS,2025-03-01,SKU027,FY_BASE
2339215,4873365,0,121834,275,MT,2025-03-01,SKU028,FY_BASE
2228990,4643730,0,116093,257,GT,2025-03-01,SKU028,FY_BASE
1344252,2800526,0,70013,171,EC,2025-03-01,SKU028,FY_BASE
1851777,3857868,0,96447,220,CV,2025-03-01,SKU028,FY_BASE
1908477,3975993,0,99400,222,FS,2025-03-01,SKU028,FY_BASE
2917947,5777846,0,144446,273,MT,2025-03-01,SKU029,FY_BASE
2934592,5810805,0,145270,269,GT,2025-03-01,SKU029,FY_BASE
2202175,4360542,0,109014,223,EC,2025-03-01,SKU029,FY_BASE
2887392,5717344,0,142934,273,CV,2025-03-01,SKU029,FY_BASE
2717462,5380865,0,134522,252,FS,2025-03-01,SKU029,FY_BASE
3520906,6643219,0,166080,270,MT,2025-03-01,SKU030,FY_BASE
3757419,7089469,0,177237,283,GT,2025-03-01,SKU030,FY_BASE
3460373,6529005,0,163225,288,EC,2025-03-01,SKU030,FY_BASE
3129061,5903888,0,147597,243,CV,2025-03-01,SKU030,FY_BASE
3557774,6712781,0,167820,270,FS,2025-03-01,SKU030,FY_BASE
3416259,7944788,0,198620,284,MT,2025-03-01,SKU031,FY_BASE
2684856,6243851,0,156096,218,GT,2025-03-01,SKU031,FY_BASE
2780592,6466493,0,161662,250,EC,2025-03-01,SKU031,FY_BASE
3404807,7918155,0,197954,286,CV,2025-03-01,SKU031,FY_BASE
3216101,7479304,0,186983,264,FS,2025-03-01,SKU031,FY_BASE
3825210,8407056,0,210176,267,MT,2025-03-01,SKU032,FY_BASE
3443240,7567560,0,189189,236,GT,2025-03-01,SKU032,FY_BASE
3155260,6934637,0,173366,239,EC,2025-03-01,SKU032,FY_BASE
3525107,7747488,0,193687,249,CV,2025-03-01,SKU032,FY_BASE
3289901,7230552,0,180764,227,FS,2025-03-01,SKU032,FY_BASE
3536980,7368709,0,184218,211,MT,2025-03-01,SKU033,FY_BASE
4884516,10176075,0,254402,286,GT,2025-03-01,SKU033,FY_BASE
4245020,8843792,0,221095,274,EC,2025-03-01,SKU033,FY_BASE
4700407,9792515,0,244813,284,CV,2025-03-01,SKU033,FY_BASE
4040193,8417068,0,210427,239,FS,2025-03-01,SKU033,FY_BASE
2666137,5279479,0,131987,138,MT,2025-03-01,SKU034,FY_BASE
2258229,4471740,0,111794,114,GT,2025-03-01,SKU034,FY_BASE
2462338,4875916,0,121898,138,EC,2025-03-01,SKU034,FY_BASE
2989982,5920756,0,148019,156,CV,2025-03-01,SKU034,FY_BASE
2773878,5492828,0,137321,142,FS,2025-03-01,SKU034,FY_BASE
3794607,7159635,0,178991,171,MT,2025-03-01,SKU035,FY_BASE
3136156,5917275,0,147932,139,GT,2025-03-01,SKU035,FY_BASE
2732713,5156062,0,128902,134,EC,2025-03-01,SKU035,FY_BASE
2793804,5271329,0,131783,128,CV,2025-03-01,SKU035,FY_BASE
3355048,6330279,0,158257,150,FS,2025-03-01,SKU035,FY_BASE
2975159,6918975,0,172974,153,MT,2025-03-01,SKU036,FY_BASE
2956467,6875505,0,171888,149,GT,2025-03-01,SKU036,FY_BASE
2912603,6773495,0,169337,162,EC,2025-03-01,SKU036,FY_BASE
3101019,7211673,0,180292,161,CV,2025-03-01,SKU036,FY_BASE
2946186,6851596,0,171290,150,FS,2025-03-01,SKU036,FY_BASE
1102102,2563029,0,64076,145,MT,2025-04-01,SKU001,FY_BASE
1069716,2487712,0,62193,138,GT,2025-04-01,SKU001,FY_BASE
996354,2317102,0,57928,142,EC,2025-04-01,SKU001,FY_BASE
1359362,3161308,0,79033,181,CV,2025-04-01,SKU001,FY_BASE
1050902,2443959,0,61099,137,FS,2025-04-01,SKU001,FY_BASE
1422291,3126073,0,78152,148,MT,2025-04-01,SKU002,FY_BASE
1321890,2905402,0,72635,135,GT,2025-04-01,SKU002,FY_BASE
1739349,3822941,0,95574,196,EC,2025-04-01,SKU002,FY_BASE
1096799,2410671,0,60267,115,CV,2025-04-01,SKU002,FY_BASE
1338068,2940959,0,73524,138,FS,2025-04-01,SKU002,FY_BASE
1672587,3484556,0,87114,142,MT,2025-04-01,SKU003,FY_BASE
1277640,2661750,0,66544,106,GT,2025-04-01,SKU003,FY_BASE
1344697,2801452,0,70036,123,EC,2025-04-01,SKU003,FY_BASE
2250423,4688381,0,117210,193,CV,2025-04-01,SKU003,FY_BASE
2103507,4382306,0,109558,176,FS,2025-04-01,SKU003,FY_BASE
1688495,3343670,0,83592,119,MT,2025-04-01,SKU004,FY_BASE
1738589,3442871,0,86072,120,GT,2025-04-01,SKU004,FY_BASE
2425775,4803681,0,120092,186,EC,2025-04-01,SKU004,FY_BASE
3184543,6306244,0,157656,227,CV,2025-04-01,SKU004,FY_BASE
2522807,4995830,0,124896,176,FS,2025-04-01,SKU004,FY_BASE
2755076,5198256,0,129956,165,MT,2025-04-01,SKU005,FY_BASE
3351020,6322680,0,158067,197,GT,2025-04-01,SKU005,FY_BASE
2560185,4830538,0,120763,166,EC,2025-04-01,SKU005,FY_BASE
3113284,5874120,0,146853,189,CV,2025-04-01,SKU005,FY_BASE
3230727,6095712,0,152393,192,FS,2025-04-01,SKU005,FY_BASE
2464423,5731217,0,143280,164,MT,2025-04-01,SKU006,FY_BASE
3156764,7341311,0,183533,206,GT,2025-04-01,SKU006,FY_BASE
2558782,5950656,0,148766,185,EC,2025-04-01,SKU006,FY_BASE
3377714,7855148,0,196379,227,CV,2025-04-01,SKU006,FY_BASE
3031583,7050194,0,176255,200,FS,2025-04-01,SKU006,FY_BASE
2775833,6100731,0,152518,159,MT,2025-04-01,SKU007,FY_BASE
4032951,8863628,0,221591,226,GT,2025-04-01,SKU007,FY_BASE
3336030,7331934,0,183298,207,EC,2025-04-01,SKU007,FY_BASE
2623514,5765965,0,144149,152,CV,2025-04-01,SKU007,FY_BASE
4117448,9049336,0,226233,234,FS,2025-04-01,SKU007,FY_BASE
2822942,5881129,0,147028,141,MT,2025-04-01,SKU008,FY_BASE
4761666,9920138,0,248003,233,GT,2025-04-01,SKU008,FY_BASE
3778488,7871850,0,196796,204,EC,2025-04-01,SKU008,FY_BASE
4311525,8982344,0,224559,217,CV,2025-04-01,SKU008,FY_BASE
4320093,9000194,0,225005,213,FS,2025-04-01,SKU008,FY_BASE
3959960,7841505,0,196038,173,MT,2025-04-01,SKU009,FY_BASE
5517357,10925460,0,273136,237,GT,2025-04-01,SKU009,FY_BASE
4431741,8775724,0,219393,210,EC,2025-04-01,SKU009,FY_BASE
4909643,9722066,0,243052,217,CV,2025-04-01,SKU009,FY_BASE
5319542,10533747,0,263344,231,FS,2025-04-01,SKU009,FY_BASE
1654959,3122564,0,78064,176,MT,2025-04-01,SKU010,FY_BASE
1797050,3390660,0,84766,188,GT,2025-04-01,SKU010,FY_BASE
2138069,4034092,0,100852,247,EC,2025-04-01,SKU010,FY_BASE
2319186,4375822,0,109396,250,CV,2025-04-01,SKU010,FY_BASE
2348937,4431956,0,110799,248,FS,2025-04-01,SKU010,FY_BASE
1177344,2738009,0,68450,130,MT,2025-04-01,SKU011,FY_BASE
1930772,4490168,0,112254,208,GT,2025-04-01,SKU011,FY_BASE
1840786,4280897,0,107022,219,EC,2025-04-01,SKU011,FY_BASE
1917230,4458675,0,111467,213,CV,2025-04-01,SKU011,FY_BASE
2154524,5010521,0,125263,235,FS,2025-04-01,SKU011,FY_BASE
2132974,4687856,0,117196,191,MT,2025-04-01,SKU012,FY_BASE
2899644,6372844,0,159321,254,GT,2025-04-01,SKU012,FY_BASE
2538787,5579752,0,139494,246,EC,2025-04-01,SKU012,FY_BASE
2844285,6251175,0,156279,257,CV,2025-04-01,SKU012,FY_BASE
2293618,5040919,0,126023,203,FS,2025-04-01,SKU012,FY_BASE
3141335,6544448,0,163611,234,MT,2025-04-01,SKU013,FY_BASE
4089431,8519648,0,212991,298,GT,2025-04-01,SKU013,FY_BASE
2546479,5305164,0,132629,205,EC,2025-04-01,SKU013,FY_BASE
3244181,6758710,0,168968,244,CV,2025-04-01,SKU013,FY_BASE
3021755,6295322,0,157383,222,FS,2025-04-01,SKU013,FY_BASE
2641324,5230344,0,130759,166,MT,2025-04-01,SKU014,FY_BASE
4284844,8484840,0,212121,264,GT,2025-04-01,SKU014,FY_BASE
4070691,8060774,0,201519,277,EC,2025-04-01,SKU014,FY_BASE
3848342,7620480,0,190512,245,CV,2025-04-01,SKU014,FY_BASE
4404638,8722056,0,218051,274,FS,2025-04-01,SKU014,FY_BASE
4037483,7617892,0,190447,218,MT,2025-04-01,SKU015,FY_BASE
5393320,10176075,0,254402,286,GT,2025-04-01,SKU015,FY_BASE
4007651,7561606,0,189040,235,EC,2025-04-01,SKU015,FY_BASE
5134026,9686841,0,242171,280,CV,2025-04-01,SKU015,FY_BASE
4804203,9064534,0,226613,257,FS,2025-04-01,SKU015,FY_BASE
3447304,8016986,0,200425,209,MT,2025-04-01,SKU016,FY_BASE
4498092,10460678,0,261517,267,GT,2025-04-01,SKU016,FY_BASE
4457310,10365837,0,259146,293,EC,2025-04-01,SKU016,FY_BASE
4476169,10409695,0,260242,274,CV,2025-04-01,SKU016,FY_BASE
4519926,10511456,0,262786,271,FS,2025-04-01,SKU016,FY_BASE
1764597,3878135,0,96953,93,MT,2025-04-01,SKU017,FY_BASE
2573646,5656219,0,141405,133,GT,2025-04-01,SKU017,FY_BASE
2686338,5903888,0,147597,153,EC,2025-04-01,SKU017,FY_BASE
3530616,7759395,0,193985,188,CV,2025-04-01,SKU017,FY_BASE
2312119,5081449,0,127036,120,FS,2025-04-01,SKU017,FY_BASE
2811872,5858066,0,146452,130,MT,2025-04-01,SKU018,FY_BASE
2576902,5368545,0,134214,116,GT,2025-04-01,SKU018,FY_BASE
2924105,6091886,0,152297,146,EC,2025-04-01,SKU018,FY_BASE
2826246,5888012,0,147200,132,CV,2025-04-01,SKU018,FY_BASE
3266394,6804987,0,170125,149,FS,2025-04-01,SKU018,FY_BASE
1184950,2346435,0,58661,133,MT,2025-04-01,SKU019,FY_BASE
1116706,2211300,0,55282,122,GT,2025-04-01,SKU019,FY_BASE
850243,1683650,0,42091,103,EC,2025-04-01,SKU019,FY_BASE
1488226,2946982,0,73675,168,CV,2025-04-01,SKU019,FY_BASE
1510513,2991114,0,74778,167,FS,2025-04-01,SKU019,FY_BASE
1576834,2975159,0,74379,141,MT,2025-04-01,SKU020,FY_BASE
1726513,3257572,0,81439,151,GT,2025-04-01,SKU020,FY_BASE
1983947,3743296,0,93582,192,EC,2025-04-01,SKU020,FY_BASE
1842991,3477341,0,86934,166,CV,2025-04-01,SKU020,FY_BASE
1639530,3093452,0,77336,145,FS,2025-04-01,SKU020,FY_BASE
1595375,3710175,0,92754,151,MT,2025-04-01,SKU021,FY_BASE
2035983,4734844,0,118371,189,GT,2025-04-01,SKU021,FY_BASE
1642670,3820162,0,95504,168,EC,2025-04-01,SKU021,FY_BASE
1824004,4241869,0,106047,174,CV,2025-04-01,SKU021,FY_BASE
1895284,4407638,0,110191,177,FS,2025-04-01,SKU021,FY_BASE
1534432,3372248,0,84306,120,MT,2025-04-01,SKU022,FY_BASE
2097606,4609946,0,115249,161,GT,2025-04-01,SKU022,FY_BASE
2293846,5041225,0,126031,195,EC,2025-04-01,SKU022,FY_BASE
1801450,3959078,0,98977,143,CV,2025-04-01,SKU022,FY_BASE
2141791,4707052,0,117676,166,FS,2025-04-01,SKU022,FY_BASE
2063900,4299792,0,107495,137,MT,2025-04-01,SKU023,FY_BASE
2909088,6060600,0,151515,189,GT,2025-04-01,SKU023,FY_BASE
2475132,5156525,0,128913,177,EC,2025-04-01,SKU023,FY_BASE
3017710,6286896,0,157172,202,CV,2025-04-01,SKU023,FY_BASE
2427909,5058144,0,126454,159,FS,2025-04-01,SKU023,FY_BASE
2373004,4698886,0,117472,135,MT,2025-04-01,SKU024,FY_BASE
3615696,7159595,0,178990,201,GT,2025-04-01,SKU024,FY_BASE
3104784,6147915,0,153698,191,EC,2025-04-01,SKU024,FY_BASE
3682335,7291550,0,182289,211,CV,2025-04-01,SKU024,FY_BASE
3160805,6258845,0,156471,177,FS,2025-04-01,SKU024,FY_BASE
2507948,4731977,0,118299,123,MT,2025-04-01,SKU025,FY_BASE
3681999,6947168,0,173679,177,GT,2025-04-01,SKU025,FY_BASE
3541360,6681812,0,167045,189,EC,2025-04-01,SKU025,FY_BASE
4122471,7778248,0,194456,205,CV,2025-04-01,SKU025,FY_BASE
4419158,8338034,0,208451,215,FS,2025-04-01,SKU025,FY_BASE
2510560,5838512,0,145963,140,MT,2025-04-01,SKU026,FY_BASE
2862482,6656935,0,166423,156,GT,2025-04-01,SKU026,FY_BASE
3554140,8265442,0,206636,214,EC,2025-04-01,SKU026,FY_BASE
4134408,9614902,0,240373,233,CV,2025-04-01,SKU026,FY_BASE
3296051,7665236,0,191631,182,FS,2025-04-01,SKU026,FY_BASE
3714797,8164390,0,204110,181,MT,2025-04-01,SKU027,FY_BASE
4606824,10124888,0,253122,219,GT,2025-04-01,SKU027,FY_BASE
4593836,10096342,0,252409,242,EC,2025-04-01,SKU027,FY_BASE
5005038,11000084,0,275002,246,CV,2025-04-01,SKU027,FY_BASE
5047343,11093061,0,277327,243,FS,2025-04-01,SKU027,FY_BASE
1490167,3104514,0,77613,175,MT,2025-04-01,SKU028,FY_BASE
2007860,4183042,0,104576,232,GT,2025-04-01,SKU028,FY_BASE
1672314,3483988,0,87100,213,EC,2025-04-01,SKU028,FY_BASE
1808912,3768566,0,94214,215,CV,2025-04-01,SKU028,FY_BASE
2039794,4249570,0,106239,238,FS,2025-04-01,SKU028,FY_BASE
2025142,4009997,0,100250,190,MT,2025-04-01,SKU029,FY_BASE
2567768,5084455,0,127111,236,GT,2025-04-01,SKU029,FY_BASE
2302731,4559653,0,113991,234,EC,2025-04-01,SKU029,FY_BASE
3242929,6421345,0,160534,307,CV,2025-04-01,SKU029,FY_BASE
3113529,6165120,0,154128,289,FS,2025-04-01,SKU029,FY_BASE
2843297,5364712,0,134118,218,MT,2025-04-01,SKU030,FY_BASE
3214831,6065719,0,151643,242,GT,2025-04-01,SKU030,FY_BASE
2589144,4885178,0,122129,215,EC,2025-04-01,SKU030,FY_BASE
3392006,6400012,0,160000,263,CV,2025-04-01,SKU030,FY_BASE
2873071,5420888,0,135522,218,FS,2025-04-01,SKU030,FY_BASE
2211966,5144108,0,128603,184,MT,2025-04-01,SKU031,FY_BASE
3036146,7060804,0,176520,247,GT,2025-04-01,SKU031,FY_BASE
3098374,7205521,0,180138,278,EC,2025-04-01,SKU031,FY_BASE
2456325,5712383,0,142810,206,CV,2025-04-01,SKU031,FY_BASE
3389945,7883592,0,197090,278,FS,2025-04-01,SKU031,FY_BASE
2993008,6578040,0,164451,209,MT,2025-04-01,SKU032,FY_BASE
3786073,8321040,0,208026,259,GT,2025-04-01,SKU032,FY_BASE
3977785,8742384,0,218560,301,EC,2025-04-01,SKU032,FY_BASE
4666433,10255896,0,256397,329,CV,2025-04-01,SKU032,FY_BASE
3894771,8559936,0,213998,269,FS,2025-04-01,SKU032,FY_BASE
3468633,7226318,0,180658,207,MT,2025-04-01,SKU033,FY_BASE
4832182,10067045,0,251676,283,GT,2025-04-01,SKU033,FY_BASE
4181897,8712286,0,217807,270,EC,2025-04-01,SKU033,FY_BASE
4277709,8911893,0,222797,258,CV,2025-04-01,SKU033,FY_BASE
4558166,9496179,0,237404,269,FS,2025-04-01,SKU033,FY_BASE
2350150,4653763,0,116344,121,MT,2025-04-01,SKU034,FY_BASE
2681646,5310191,0,132755,136,GT,2025-04-01,SKU034,FY_BASE
2954806,5851100,0,146278,165,EC,2025-04-01,SKU034,FY_BASE
2833643,5611174,0,140279,148,CV,2025-04-01,SKU034,FY_BASE
3093173,6125096,0,153127,158,FS,2025-04-01,SKU034,FY_BASE
2710433,5114025,0,127851,122,MT,2025-04-01,SKU035,FY_BASE
3505115,6613425,0,165336,155,GT,2025-04-01,SKU035,FY_BASE
3003898,5667732,0,141693,147,EC,2025-04-01,SKU035,FY_BASE
3106709,5861716,0,146543,142,CV,2025-04-01,SKU035,FY_BASE
3560459,6717848,0,167946,159,FS,2025-04-01,SKU035,FY_BASE
2320624,5396800,0,134920,119,MT,2025-04-01,SKU036,FY_BASE
3098215,7205152,0,180129,156,GT,2025-04-01,SKU036,FY_BASE
3077467,7156901,0,178923,171,EC,2025-04-01,SKU036,FY_BASE
2571098,5979298,0,149482,134,CV,2025-04-01,SKU036,FY_BASE
2725724,6338892,0,158472,139,FS,2025-04-01,SKU036,FY_BASE
1055535,2454732,0,61368,139,MT,2025-05-01,SKU001,FY_BASE
998402,2321865,0,58047,129,GT,2025-05-01,SKU001,FY_BASE
1118210,2600489,0,65012,159,EC,2025-05-01,SKU001,FY_BASE
806401,1875352,0,46884,107,CV,2025-05-01,SKU001,FY_BASE
1019532,2371005,0,59275,133,FS,2025-05-01,SKU001,FY_BASE
1951971,4290266,0,107257,203,MT,2025-05-01,SKU002,FY_BASE
1381976,3037466,0,75937,141,GT,2025-05-01,SKU002,FY_BASE
1150507,2528716,0,63218,130,EC,2025-05-01,SKU002,FY_BASE
1397691,3072006,0,76800,147,CV,2025-05-01,SKU002,FY_BASE
1278597,2810248,0,70256,132,FS,2025-05-01,SKU002,FY_BASE
2141874,4462238,0,111556,182,MT,2025-05-01,SKU003,FY_BASE
1793610,3736688,0,93417,149,GT,2025-05-01,SKU003,FY_BASE
1967036,4097992,0,102450,181,EC,2025-05-01,SKU003,FY_BASE
1917027,3993806,0,99845,164,CV,2025-05-01,SKU003,FY_BASE
1495557,3115744,0,77894,125,FS,2025-05-01,SKU003,FY_BASE
2063715,4086707,0,102168,146,MT,2025-05-01,SKU004,FY_BASE
2401611,4755830,0,118896,166,GT,2025-05-01,SKU004,FY_BASE
2132549,4223016,0,105575,163,EC,2025-05-01,SKU004,FY_BASE
1856460,3676286,0,91907,133,CV,2025-05-01,SKU004,FY_BASE
2654050,5255728,0,131393,186,FS,2025-05-01,SKU004,FY_BASE
2687049,5069904,0,126748,161,MT,2025-05-01,SKU005,FY_BASE
2639146,4979520,0,124488,155,GT,2025-05-01,SKU005,FY_BASE
2261759,4267469,0,106687,147,EC,2025-05-01,SKU005,FY_BASE
2507455,4731048,0,118276,152,CV,2025-05-01,SKU005,FY_BASE
2680816,5058144,0,126454,159,FS,2025-05-01,SKU005,FY_BASE
2418503,5624425,0,140611,161,MT,2025-05-01,SKU006,FY_BASE
2812958,6541762,0,163544,184,GT,2025-05-01,SKU006,FY_BASE
2375002,5523260,0,138082,171,EC,2025-05-01,SKU006,FY_BASE
2468912,5741655,0,143541,166,CV,2025-05-01,SKU006,FY_BASE
2490229,5791230,0,144781,164,FS,2025-05-01,SKU006,FY_BASE
3363028,7391270,0,184782,193,MT,2025-05-01,SKU007,FY_BASE
3306293,7266578,0,181664,186,GT,2025-05-01,SKU007,FY_BASE
2580082,5670510,0,141763,160,EC,2025-05-01,SKU007,FY_BASE
3222168,7081688,0,177042,187,CV,2025-05-01,SKU007,FY_BASE
3560064,7824316,0,195608,202,FS,2025-05-01,SKU007,FY_BASE
3395712,7074401,0,176860,169,MT,2025-05-01,SKU008,FY_BASE
4678128,9746100,0,243652,228,GT,2025-05-01,SKU008,FY_BASE
3381747,7045306,0,176133,183,EC,2025-05-01,SKU008,FY_BASE
3704268,7717224,0,192931,187,CV,2025-05-01,SKU008,FY_BASE
3927357,8181994,0,204550,194,FS,2025-05-01,SKU008,FY_BASE
3796903,7518620,0,187966,166,MT,2025-05-01,SKU009,FY_BASE
5041723,9983610,0,249590,216,GT,2025-05-01,SKU009,FY_BASE
4905033,9712937,0,242823,233,EC,2025-05-01,SKU009,FY_BASE
4287294,8489691,0,212242,190,CV,2025-05-01,SKU009,FY_BASE
4425106,8762586,0,219065,192,FS,2025-05-01,SKU009,FY_BASE
1961078,3700148,0,92504,209,MT,2025-05-01,SKU010,FY_BASE
2148646,4054050,0,101351,224,GT,2025-05-01,SKU010,FY_BASE
1422434,2683838,0,67096,164,EC,2025-05-01,SKU010,FY_BASE
1770154,3339914,0,83498,191,CV,2025-05-01,SKU010,FY_BASE
1546625,2918160,0,72954,163,FS,2025-05-01,SKU010,FY_BASE
1742840,4053116,0,101328,192,MT,2025-05-01,SKU011,FY_BASE
1779339,4137998,0,103450,192,GT,2025-05-01,SKU011,FY_BASE
1669550,3882674,0,97067,199,EC,2025-05-01,SKU011,FY_BASE
1853017,4309342,0,107734,206,CV,2025-05-01,SKU011,FY_BASE
1854764,4313405,0,107835,202,FS,2025-05-01,SKU011,FY_BASE
2281256,5013750,0,125344,204,MT,2025-05-01,SKU012,FY_BASE
2480418,5451469,0,136287,217,GT,2025-05-01,SKU012,FY_BASE
2370237,5209312,0,130233,230,EC,2025-05-01,SKU012,FY_BASE
2336377,5134894,0,128372,211,CV,2025-05-01,SKU012,FY_BASE
2627864,5775525,0,144388,233,FS,2025-05-01,SKU012,FY_BASE
2674936,5572783,0,139320,199,MT,2025-05-01,SKU013,FY_BASE
3431201,7148335,0,178708,250,GT,2025-05-01,SKU013,FY_BASE
3027902,6308130,0,157703,244,EC,2025-05-01,SKU013,FY_BASE
3569956,7437409,0,185935,268,CV,2025-05-01,SKU013,FY_BASE
3007894,6266445,0,156661,221,FS,2025-05-01,SKU013,FY_BASE
4051110,8022000,0,200550,255,MT,2025-05-01,SKU014,FY_BASE
3408023,6748560,0,168714,210,GT,2025-05-01,SKU014,FY_BASE
3472060,6875366,0,171884,237,EC,2025-05-01,SKU014,FY_BASE
3671960,7271208,0,181780,234,CV,2025-05-01,SKU014,FY_BASE
3176579,6290256,0,157256,198,FS,2025-05-01,SKU014,FY_BASE
4603485,8685820,0,217146,249,MT,2025-05-01,SKU015,FY_BASE
5162178,9739958,0,243499,273,GT,2025-05-01,SKU015,FY_BASE
4739484,8942422,0,223561,277,EC,2025-05-01,SKU015,FY_BASE
3416461,6446153,0,161154,187,CV,2025-05-01,SKU015,FY_BASE
4766075,8992594,0,224815,255,FS,2025-05-01,SKU015,FY_BASE
5162548,12005926,0,300148,313,MT,2025-05-01,SKU016,FY_BASE
4910130,11418908,0,285473,292,GT,2025-05-01,SKU016,FY_BASE
3944797,9173947,0,229349,259,EC,2025-05-01,SKU016,FY_BASE
4775689,11106254,0,277656,293,CV,2025-05-01,SKU016,FY_BASE
4078129,9484020,0,237100,245,FS,2025-05-01,SKU016,FY_BASE
2113639,4645240,0,116131,111,MT,2025-05-01,SKU017,FY_BASE
2751822,6047803,0,151195,142,GT,2025-05-01,SKU017,FY_BASE
2704247,5943247,0,148581,154,EC,2025-05-01,SKU017,FY_BASE
2168259,4765281,0,119132,115,CV,2025-05-01,SKU017,FY_BASE
2331713,5124511,0,128113,121,FS,2025-05-01,SKU017,FY_BASE
2745449,5719686,0,142992,126,MT,2025-05-01,SKU018,FY_BASE
3074198,6404580,0,160114,139,GT,2025-05-01,SKU018,FY_BASE
3333071,6943898,0,173597,166,EC,2025-05-01,SKU018,FY_BASE
2672883,5568507,0,139213,124,CV,2025-05-01,SKU018,FY_BASE
2416236,5033826,0,125846,110,FS,2025-05-01,SKU018,FY_BASE
1175835,2328386,0,58210,132,MT,2025-05-01,SKU019,FY_BASE
1246989,2469285,0,61732,137,GT,2025-05-01,SKU019,FY_BASE
1212228,2400451,0,60011,147,EC,2025-05-01,SKU019,FY_BASE
1055287,2089678,0,52242,119,CV,2025-05-01,SKU019,FY_BASE
1132885,2243336,0,56083,125,FS,2025-05-01,SKU019,FY_BASE
1508276,2845804,0,71145,135,MT,2025-05-01,SKU020,FY_BASE
1796507,3389636,0,84741,157,GT,2025-05-01,SKU020,FY_BASE
1646254,3106139,0,77653,159,EC,2025-05-01,SKU020,FY_BASE
1526403,2880006,0,72000,138,CV,2025-05-01,SKU020,FY_BASE
1627984,3071667,0,76792,144,FS,2025-05-01,SKU020,FY_BASE
1390564,3233869,0,80847,132,MT,2025-05-01,SKU021,FY_BASE
1584765,3685500,0,92138,147,GT,2025-05-01,SKU021,FY_BASE
1473425,3426570,0,85664,151,EC,2025-05-01,SKU021,FY_BASE
1514670,3522488,0,88062,145,CV,2025-05-01,SKU021,FY_BASE
1524941,3546375,0,88659,143,FS,2025-05-01,SKU021,FY_BASE
2522711,5544205,0,138605,198,MT,2025-05-01,SKU022,FY_BASE
1619671,3559579,0,88989,124,GT,2025-05-01,SKU022,FY_BASE
1969585,4328591,0,108215,167,EC,2025-05-01,SKU022,FY_BASE
1518365,3336937,0,83423,120,CV,2025-05-01,SKU022,FY_BASE
1931554,4245010,0,106125,150,FS,2025-05-01,SKU022,FY_BASE
2356543,4909464,0,122737,156,MT,2025-05-01,SKU023,FY_BASE
2610317,5438160,0,135954,169,GT,2025-05-01,SKU023,FY_BASE
2019935,4208198,0,105205,145,EC,2025-05-01,SKU023,FY_BASE
2606204,5429592,0,135740,174,CV,2025-05-01,SKU023,FY_BASE
3128268,6517224,0,162931,205,FS,2025-05-01,SKU023,FY_BASE
3289847,6514366,0,162859,187,MT,2025-05-01,SKU024,FY_BASE
3028375,5996615,0,149915,168,GT,2025-05-01,SKU024,FY_BASE
2938752,5819149,0,145479,181,EC,2025-05-01,SKU024,FY_BASE
3362132,6657501,0,166438,193,CV,2025-05-01,SKU024,FY_BASE
3542282,7014224,0,175356,199,FS,2025-05-01,SKU024,FY_BASE
3834466,7234841,0,180871,189,MT,2025-05-01,SKU025,FY_BASE
4422631,8344586,0,208615,213,GT,2025-05-01,SKU025,FY_BASE
3407363,6428986,0,160725,182,EC,2025-05-01,SKU025,FY_BASE
2973922,5611174,0,140279,148,CV,2025-05-01,SKU025,FY_BASE
3267245,6164613,0,154115,159,FS,2025-05-01,SKU025,FY_BASE
3738352,8693842,0,217346,208,MT,2025-05-01,SKU026,FY_BASE
3386335,7875197,0,196880,185,GT,2025-05-01,SKU026,FY_BASE
2623294,6100684,0,152517,158,EC,2025-05-01,SKU026,FY_BASE
3536007,8223271,0,205582,199,CV,2025-05-01,SKU026,FY_BASE
3629360,8440372,0,211009,200,FS,2025-05-01,SKU026,FY_BASE
3882698,8533402,0,213335,189,MT,2025-05-01,SKU027,FY_BASE
4028292,8853390,0,221335,192,GT,2025-05-01,SKU027,FY_BASE
4264320,9372132,0,234303,224,EC,2025-05-01,SKU027,FY_BASE
5191948,11410875,0,285272,255,CV,2025-05-01,SKU027,FY_BASE
4305086,9461728,0,236543,207,FS,2025-05-01,SKU027,FY_BASE
1940682,4043088,0,101077,228,MT,2025-05-01,SKU028,FY_BASE
1503684,3132675,0,78317,173,GT,2025-05-01,SKU028,FY_BASE
1896357,3950743,0,98769,242,EC,2025-05-01,SKU028,FY_BASE
1723181,3589960,0,89749,205,CV,2025-05-01,SKU028,FY_BASE
1707124,3556508,0,88913,199,FS,2025-05-01,SKU028,FY_BASE
2101357,4160911,0,104023,197,MT,2025-05-01,SKU029,FY_BASE
2234291,4424135,0,110603,205,GT,2025-05-01,SKU029,FY_BASE
2161953,4280897,0,107022,219,EC,2025-05-01,SKU029,FY_BASE
2628820,5205344,0,130134,249,CV,2025-05-01,SKU029,FY_BASE
1738295,3442010,0,86050,161,FS,2025-05-01,SKU029,FY_BASE
1913247,3609900,0,90248,147,MT,2025-05-01,SKU030,FY_BASE
2550161,4811625,0,120291,192,GT,2025-05-01,SKU030,FY_BASE
2748665,5186160,0,129654,228,EC,2025-05-01,SKU030,FY_BASE
3668100,6920944,0,173024,285,CV,2025-05-01,SKU030,FY_BASE
2779092,5243569,0,131089,211,FS,2025-05-01,SKU030,FY_BASE
3023020,7030280,0,175757,251,MT,2025-05-01,SKU031,FY_BASE
2709948,6302205,0,157555,220,GT,2025-05-01,SKU031,FY_BASE
2905435,6756826,0,168921,261,EC,2025-05-01,SKU031,FY_BASE
2784646,6475920,0,161898,234,CV,2025-05-01,SKU031,FY_BASE
3166431,7363794,0,184095,260,FS,2025-05-01,SKU031,FY_BASE
3650010,8022000,0,200550,255,MT,2025-05-01,SKU032,FY_BASE
4039472,8877960,0,221949,276,GT,2025-05-01,SKU032,FY_BASE
2912547,6401203,0,160030,220,EC,2025-05-01,SKU032,FY_BASE
4406384,9684360,0,242109,311,CV,2025-05-01,SKU032,FY_BASE
2935831,6452376,0,161309,203,FS,2025-05-01,SKU032,FY_BASE
4664712,9718151,0,242954,278,MT,2025-05-01,SKU033,FY_BASE
4465843,9303840,0,232596,261,GT,2025-05-01,SKU033,FY_BASE
4339704,9041051,0,226026,280,EC,2025-05-01,SKU033,FY_BASE
4565144,9510716,0,237768,275,CV,2025-05-01,SKU033,FY_BASE
3815737,7949452,0,198736,225,FS,2025-05-01,SKU033,FY_BASE
2053913,4067154,0,101679,106,MT,2025-05-01,SKU034,FY_BASE
2459856,4871002,0,121775,124,GT,2025-05-01,SKU034,FY_BASE
2225224,4406384,0,110160,124,EC,2025-05-01,SKU034,FY_BASE
2638219,5224196,0,130605,138,CV,2025-05-01,SKU034,FY_BASE
2274980,4504910,0,112623,116,FS,2025-05-01,SKU034,FY_BASE
3455802,6520382,0,163010,156,MT,2025-05-01,SKU035,FY_BASE
2951676,5569200,0,139230,131,GT,2025-05-01,SKU035,FY_BASE
2753573,5195421,0,129886,135,EC,2025-05-01,SKU035,FY_BASE
2816154,5313499,0,132837,129,CV,2025-05-01,SKU035,FY_BASE
2419286,4564691,0,114117,108,FS,2025-05-01,SKU035,FY_BASE
2776815,6457710,0,161443,143,MT,2025-05-01,SKU036,FY_BASE
2733720,6357488,0,158937,138,GT,2025-05-01,SKU036,FY_BASE
2546238,5921483,0,148037,142,EC,2025-05-01,SKU036,FY_BASE
2178564,5066428,0,126661,113,CV,2025-05-01,SKU036,FY_BASE
2866018,6665158,0,166629,146,FS,2025-05-01,SKU036,FY_BASE
1156432,2689376,0,67234,152,MT,2025-06-01,SKU001,FY_BASE
927088,2156018,0,53900,119,GT,2025-06-01,SKU001,FY_BASE
931842,2167074,0,54177,133,EC,2025-06-01,SKU001,FY_BASE
1274882,2964843,0,74121,169,CV,2025-06-01,SKU001,FY_BASE
1176383,2735775,0,68394,153,FS,2025-06-01,SKU001,FY_BASE
1265348,2781127,0,69528,132,MT,2025-06-01,SKU002,FY_BASE
1642349,3609742,0,90244,167,GT,2025-06-01,SKU002,FY_BASE
1358866,2986672,0,74667,153,EC,2025-06-01,SKU002,FY_BASE
1252098,2752005,0,68800,132,CV,2025-06-01,SKU002,FY_BASE
1575947,3463796,0,86595,162,FS,2025-06-01,SKU002,FY_BASE
1901214,3960862,0,99022,161,MT,2025-06-01,SKU003,FY_BASE
1769040,3685500,0,92138,147,GT,2025-06-01,SKU003,FY_BASE
1800338,3750705,0,93768,165,EC,2025-06-01,SKU003,FY_BASE
1797957,3745744,0,93644,154,CV,2025-06-01,SKU003,FY_BASE
2139984,4458300,0,111458,180,FS,2025-06-01,SKU003,FY_BASE
2049284,4058129,0,101453,145,MT,2025-06-01,SKU004,FY_BASE
2593151,5135130,0,128378,180,GT,2025-06-01,SKU004,FY_BASE
1959279,3879896,0,96997,150,EC,2025-06-01,SKU004,FY_BASE
2199191,4354985,0,108875,157,CV,2025-06-01,SKU004,FY_BASE
2799877,5544504,0,138613,196,FS,2025-06-01,SKU004,FY_BASE
2942149,5551224,0,138781,176,MT,2025-06-01,SKU005,FY_BASE
2882225,5438160,0,135954,169,GT,2025-06-01,SKU005,FY_BASE
2921438,5512147,0,137804,190,EC,2025-06-01,SKU005,FY_BASE
2743055,5175576,0,129389,166,CV,2025-06-01,SKU005,FY_BASE
2783925,5252688,0,131317,165,FS,2025-06-01,SKU005,FY_BASE
2923633,6799147,0,169979,195,MT,2025-06-01,SKU006,FY_BASE
2391014,5560498,0,139012,156,GT,2025-06-01,SKU006,FY_BASE
2290180,5326001,0,133150,165,EC,2025-06-01,SKU006,FY_BASE
2999046,6974525,0,174363,202,CV,2025-06-01,SKU006,FY_BASE
2675836,6222874,0,155572,176,FS,2025-06-01,SKU006,FY_BASE
3469791,7625914,0,190648,199,MT,2025-06-01,SKU007,FY_BASE
2870298,6308348,0,157709,161,GT,2025-06-01,SKU007,FY_BASE
2547215,5598274,0,139957,158,EC,2025-06-01,SKU007,FY_BASE
3556710,7816946,0,195424,206,CV,2025-06-01,SKU007,FY_BASE
3272382,7192048,0,179801,186,FS,2025-06-01,SKU007,FY_BASE
4254869,8864310,0,221608,212,MT,2025-06-01,SKU008,FY_BASE
3550365,7396594,0,184915,173,GT,2025-06-01,SKU008,FY_BASE
4080767,8501598,0,212540,220,EC,2025-06-01,SKU008,FY_BASE
3886445,8096760,0,202419,196,CV,2025-06-01,SKU008,FY_BASE
3741324,7794426,0,194861,185,FS,2025-06-01,SKU008,FY_BASE
3773609,7472493,0,186812,165,MT,2025-06-01,SKU009,FY_BASE
4684997,9277222,0,231931,201,GT,2025-06-01,SKU009,FY_BASE
4517794,8946126,0,223653,214,EC,2025-06-01,SKU009,FY_BASE
3342246,6618308,0,165458,148,CV,2025-06-01,SKU009,FY_BASE
4825249,9554948,0,238874,209,FS,2025-06-01,SKU009,FY_BASE
2104572,3970890,0,99272,224,MT,2025-06-01,SKU010,FY_BASE
1914249,3611790,0,90295,200,GT,2025-06-01,SKU010,FY_BASE
1607969,3033904,0,75848,186,EC,2025-06-01,SKU010,FY_BASE
2461177,4643730,0,116093,265,CV,2025-06-01,SKU010,FY_BASE
1633622,3082306,0,77058,172,FS,2025-06-01,SKU010,FY_BASE
1844814,4290266,0,107257,203,MT,2025-06-01,SKU011,FY_BASE
2138992,4974401,0,124360,231,GT,2025-06-01,SKU011,FY_BASE
1763730,4101697,0,102542,210,EC,2025-06-01,SKU011,FY_BASE
2467631,5738677,0,143467,274,CV,2025-06-01,SKU011,FY_BASE
1864132,4335191,0,108380,203,FS,2025-06-01,SKU011,FY_BASE
3227977,7094456,0,177361,289,MT,2025-06-01,SKU012,FY_BASE
1944741,4274156,0,106854,170,GT,2025-06-01,SKU012,FY_BASE
2696803,5927040,0,148176,261,EC,2025-06-01,SKU012,FY_BASE
2189647,4812412,0,120310,198,CV,2025-06-01,SKU012,FY_BASE
2754647,6054169,0,151354,244,FS,2025-06-01,SKU012,FY_BASE
2606348,5429891,0,135747,194,MT,2025-06-01,SKU013,FY_BASE
3235132,6739858,0,168496,236,GT,2025-06-01,SKU013,FY_BASE
2445126,5094013,0,127350,197,EC,2025-06-01,SKU013,FY_BASE
3081293,6419361,0,160484,232,CV,2025-06-01,SKU013,FY_BASE
3576205,7450427,0,186261,263,FS,2025-06-01,SKU013,FY_BASE
3127457,6192984,0,154825,197,MT,2025-06-01,SKU014,FY_BASE
4367563,8648640,0,216216,269,GT,2025-06-01,SKU014,FY_BASE
2918326,5778864,0,144472,199,EC,2025-06-01,SKU014,FY_BASE
3655925,7239456,0,180986,233,CV,2025-06-01,SKU014,FY_BASE
3716925,7360248,0,184006,232,FS,2025-06-01,SKU014,FY_BASE
4999686,9433370,0,235834,270,MT,2025-06-01,SKU015,FY_BASE
4025728,7595713,0,189893,213,GT,2025-06-01,SKU015,FY_BASE
4931154,9304064,0,232602,289,EC,2025-06-01,SKU015,FY_BASE
4760642,8982344,0,224559,260,CV,2025-06-01,SKU015,FY_BASE
4651689,8776772,0,219419,249,FS,2025-06-01,SKU015,FY_BASE
5028019,11693068,0,292327,305,MT,2025-06-01,SKU016,FY_BASE
3691182,8584144,0,214604,219,GT,2025-06-01,SKU016,FY_BASE
4503902,10474191,0,261855,296,EC,2025-06-01,SKU016,FY_BASE
4176648,9713135,0,242828,256,CV,2025-06-01,SKU016,FY_BASE
4248051,9879188,0,246980,255,FS,2025-06-01,SKU016,FY_BASE
2598418,5710661,0,142767,137,MT,2025-06-01,SKU017,FY_BASE
2395471,5264635,0,131616,123,GT,2025-06-01,SKU017,FY_BASE
2417705,5313499,0,132837,138,EC,2025-06-01,SKU017,FY_BASE
2628774,5777376,0,144434,140,CV,2025-06-01,SKU017,FY_BASE
2801974,6158026,0,153951,146,FS,2025-06-01,SKU017,FY_BASE
2656886,5535180,0,138380,122,MT,2025-06-01,SKU018,FY_BASE
2757737,5745285,0,143632,124,GT,2025-06-01,SKU018,FY_BASE
2699174,5623279,0,140582,135,EC,2025-06-01,SKU018,FY_BASE
2891972,6024942,0,150624,135,CV,2025-06-01,SKU018,FY_BASE
3467747,7224472,0,180612,158,FS,2025-06-01,SKU018,FY_BASE
1248755,2472782,0,61820,140,MT,2025-06-01,SKU019,FY_BASE
1153930,2285010,0,57125,126,GT,2025-06-01,SKU019,FY_BASE
951262,1883687,0,47092,115,EC,2025-06-01,SKU019,FY_BASE
1334894,2643354,0,66084,151,CV,2025-06-01,SKU019,FY_BASE
976307,1933281,0,48332,108,FS,2025-06-01,SKU019,FY_BASE
1691098,3190750,0,79769,151,MT,2025-06-01,SKU020,FY_BASE
1668186,3147520,0,78688,146,GT,2025-06-01,SKU020,FY_BASE
1424643,2688005,0,67200,138,EC,2025-06-01,SKU020,FY_BASE
1334189,2517338,0,62933,120,CV,2025-06-01,SKU020,FY_BASE
1812719,3420225,0,85506,160,FS,2025-06-01,SKU020,FY_BASE
1918762,4462238,0,111556,182,MT,2025-06-01,SKU021,FY_BASE
1782861,4146188,0,103655,165,GT,2025-06-01,SKU021,FY_BASE
1493336,3472875,0,86822,153,EC,2025-06-01,SKU021,FY_BASE
1898670,4415512,0,110388,182,CV,2025-06-01,SKU021,FY_BASE
1644758,3825019,0,95625,154,FS,2025-06-01,SKU021,FY_BASE
2184615,4801167,0,120029,171,MT,2025-06-01,SKU022,FY_BASE
2190539,4814185,0,120355,168,GT,2025-06-01,SKU022,FY_BASE
1897527,4170228,0,104256,161,EC,2025-06-01,SKU022,FY_BASE
2380488,5231639,0,130791,189,CV,2025-06-01,SKU022,FY_BASE
1642479,3609704,0,90243,128,FS,2025-06-01,SKU022,FY_BASE
2264129,4716936,0,117923,150,MT,2025-06-01,SKU023,FY_BASE
2358720,4914000,0,122850,153,GT,2025-06-01,SKU023,FY_BASE
2332883,4860173,0,121504,167,EC,2025-06-01,SKU023,FY_BASE
2438554,5080320,0,127008,163,CV,2025-06-01,SKU023,FY_BASE
2567981,5349960,0,133749,168,FS,2025-06-01,SKU023,FY_BASE
3325801,6585560,0,164639,189,MT,2025-06-01,SKU024,FY_BASE
3670758,7268625,0,181716,204,GT,2025-06-01,SKU024,FY_BASE
2706309,5358878,0,133972,166,EC,2025-06-01,SKU024,FY_BASE
3628968,7185874,0,179647,208,CV,2025-06-01,SKU024,FY_BASE
3742102,7409897,0,185247,210,FS,2025-06-01,SKU024,FY_BASE
4062461,7665021,0,191626,200,MT,2025-06-01,SKU025,FY_BASE
4464953,8424439,0,210611,215,GT,2025-06-01,SKU025,FY_BASE
4843049,9137829,0,228446,258,EC,2025-06-01,SKU025,FY_BASE
3753295,7081688,0,177042,187,CV,2025-06-01,SKU025,FY_BASE
4021224,7587216,0,189680,196,FS,2025-06-01,SKU025,FY_BASE
3738352,8693842,0,217346,208,MT,2025-06-01,SKU026,FY_BASE
2937318,6830972,0,170774,160,GT,2025-06-01,SKU026,FY_BASE
3469518,8068646,0,201716,209,EC,2025-06-01,SKU026,FY_BASE
3118940,7253348,0,181334,175,CV,2025-06-01,SKU026,FY_BASE
4166358,9689204,0,242230,230,FS,2025-06-01,SKU026,FY_BASE
4533312,9963324,0,249083,220,MT,2025-06-01,SKU027,FY_BASE
4135428,9088852,0,227221,197,GT,2025-06-01,SKU027,FY_BASE
3682822,8094114,0,202353,194,EC,2025-06-01,SKU027,FY_BASE
4631218,10178500,0,254462,227,CV,2025-06-01,SKU027,FY_BASE
5153379,11326108,0,283153,248,FS,2025-06-01,SKU027,FY_BASE
2226587,4638722,0,115968,262,MT,2025-06-01,SKU028,FY_BASE
1963634,4090905,0,102273,226,GT,2025-06-01,SKU028,FY_BASE
1352254,2817196,0,70430,172,EC,2025-06-01,SKU028,FY_BASE
1903215,3965031,0,99126,226,CV,2025-06-01,SKU028,FY_BASE
1978512,4121901,0,103048,231,FS,2025-06-01,SKU028,FY_BASE
2896171,5734727,0,143368,271,MT,2025-06-01,SKU029,FY_BASE
2212060,4380115,0,109503,203,GT,2025-06-01,SKU029,FY_BASE
2443509,4838409,0,120960,248,EC,2025-06-01,SKU029,FY_BASE
2424116,4800009,0,120000,230,CV,2025-06-01,SKU029,FY_BASE
3014512,5969056,0,149226,279,FS,2025-06-01,SKU029,FY_BASE
2936303,5540194,0,138505,225,MT,2025-06-01,SKU030,FY_BASE
3174137,5988938,0,149723,239,GT,2025-06-01,SKU030,FY_BASE
3288581,6204870,0,155122,273,EC,2025-06-01,SKU030,FY_BASE
2918704,5506988,0,137675,226,CV,2025-06-01,SKU030,FY_BASE
3114730,5876850,0,146921,237,FS,2025-06-01,SKU030,FY_BASE
2826401,6573026,0,164326,235,MT,2025-06-01,SKU031,FY_BASE
3287067,7644341,0,191109,267,GT,2025-06-01,SKU031,FY_BASE
2689797,6255342,0,156384,242,EC,2025-06-01,SKU031,FY_BASE
2444165,5684105,0,142103,205,CV,2025-06-01,SKU031,FY_BASE
3464449,8056857,0,201421,285,FS,2025-06-01,SKU031,FY_BASE
3007608,6610128,0,165253,210,MT,2025-06-01,SKU032,FY_BASE
4844385,10647000,0,266175,332,GT,2025-06-01,SKU032,FY_BASE
3101324,6816096,0,170402,235,EC,2025-06-01,SKU032,FY_BASE
2643830,5810616,0,145265,187,CV,2025-06-01,SKU032,FY_BASE
3614465,7943880,0,198597,250,FS,2025-06-01,SKU032,FY_BASE
4989363,10394506,0,259863,298,MT,2025-06-01,SKU033,FY_BASE
5076408,10575850,0,264396,297,GT,2025-06-01,SKU033,FY_BASE
4308143,8975298,0,224382,278,EC,2025-06-01,SKU033,FY_BASE
4886394,10179988,0,254500,295,CV,2025-06-01,SKU033,FY_BASE
4540900,9460209,0,236505,268,FS,2025-06-01,SKU033,FY_BASE
2527893,5005728,0,125143,131,MT,2025-06-01,SKU034,FY_BASE
2721972,5390044,0,134751,138,GT,2025-06-01,SKU034,FY_BASE
2480577,4912034,0,122801,139,EC,2025-06-01,SKU034,FY_BASE
1915152,3792380,0,94810,100,CV,2025-06-01,SKU034,FY_BASE
2534407,5018627,0,125466,130,FS,2025-06-01,SKU034,FY_BASE
3184759,6008980,0,150224,144,MT,2025-06-01,SKU035,FY_BASE
2836376,5351653,0,133791,125,GT,2025-06-01,SKU035,FY_BASE
2670132,5037984,0,125950,131,EC,2025-06-01,SKU035,FY_BASE
2682052,5060475,0,126512,122,CV,2025-06-01,SKU035,FY_BASE
2670345,5038386,0,125960,119,FS,2025-06-01,SKU035,FY_BASE
2300790,5350674,0,133767,118,MT,2025-06-01,SKU036,FY_BASE
2612221,6074932,0,151873,132,GT,2025-06-01,SKU036,FY_BASE
3260650,7582907,0,189573,182,EC,2025-06-01,SKU036,FY_BASE
2119684,4929498,0,123237,110,CV,2025-06-01,SKU036,FY_BASE
2505261,5826188,0,145655,128,FS,2025-06-01,SKU036,FY_BASE
970161,2256188,0,56405,128,MT,2025-07-01,SKU001,FY_BASE
1212345,2819408,0,70485,156,GT,2025-07-01,SKU001,FY_BASE
989186,2300432,0,57511,141,EC,2025-07-01,SKU001,FY_BASE
1128962,2625494,0,65637,150,CV,2025-07-01,SKU001,FY_BASE
831311,1933281,0,48332,108,FS,2025-07-01,SKU001,FY_BASE
1432099,3147632,0,78691,149,MT,2025-07-01,SKU002,FY_BASE
1391991,3059477,0,76487,142,GT,2025-07-01,SKU002,FY_BASE
1404162,3086228,0,77156,158,EC,2025-07-01,SKU002,FY_BASE
1504460,3306674,0,82667,158,CV,2025-07-01,SKU002,FY_BASE
1248863,2744894,0,68622,129,FS,2025-07-01,SKU002,FY_BASE
1865115,3885656,0,97141,158,MT,2025-07-01,SKU003,FY_BASE
1547910,3224812,0,80620,129,GT,2025-07-01,SKU003,FY_BASE
1755886,3658095,0,91452,161,EC,2025-07-01,SKU003,FY_BASE
2024190,4217062,0,105427,173,CV,2025-07-01,SKU003,FY_BASE
1690101,3521044,0,88026,142,FS,2025-07-01,SKU003,FY_BASE
2179168,4315334,0,107883,154,MT,2025-07-01,SKU004,FY_BASE
2224805,4405708,0,110143,154,GT,2025-07-01,SKU004,FY_BASE
1692711,3352019,0,83800,130,EC,2025-07-01,SKU004,FY_BASE
2413399,4779173,0,119479,172,CV,2025-07-01,SKU004,FY_BASE
2245735,4447154,0,111179,157,FS,2025-07-01,SKU004,FY_BASE
3095208,5840016,0,146000,186,MT,2025-07-01,SKU005,FY_BASE
2708597,5110560,0,127764,159,GT,2025-07-01,SKU005,FY_BASE
2544478,4800902,0,120023,165,EC,2025-07-01,SKU005,FY_BASE
2978655,5620104,0,140503,181,CV,2025-07-01,SKU005,FY_BASE
2423046,4571784,0,114295,144,FS,2025-07-01,SKU005,FY_BASE
2571572,5980401,0,149510,171,MT,2025-07-01,SKU006,FY_BASE
3078626,7159595,0,178990,201,GT,2025-07-01,SKU006,FY_BASE
2403276,5589014,0,139725,173,EC,2025-07-01,SKU006,FY_BASE
2620378,6093903,0,152348,176,CV,2025-07-01,SKU006,FY_BASE
3155321,7337956,0,183449,208,FS,2025-07-01,SKU006,FY_BASE
3398616,7469485,0,186737,195,MT,2025-07-01,SKU007,FY_BASE
3814953,8384512,0,209613,214,GT,2025-07-01,SKU007,FY_BASE
3188127,7006873,0,175172,198,EC,2025-07-01,SKU007,FY_BASE
3662355,8049132,0,201228,212,CV,2025-07-01,SKU007,FY_BASE
2714998,5967029,0,149176,154,FS,2025-07-01,SKU007,FY_BASE
5093569,10611602,0,265290,254,MT,2025-07-01,SKU008,FY_BASE
3696557,7701160,0,192529,181,GT,2025-07-01,SKU008,FY_BASE
3684026,7675054,0,191876,199,EC,2025-07-01,SKU008,FY_BASE
3663784,7632884,0,190822,185,CV,2025-07-01,SKU008,FY_BASE
3596632,7492984,0,187325,177,FS,2025-07-01,SKU008,FY_BASE
4961597,9824944,0,245624,217,MT,2025-07-01,SKU009,FY_BASE
4922815,9748148,0,243704,211,GT,2025-07-01,SKU009,FY_BASE
4883520,9670336,0,241758,232,EC,2025-07-01,SKU009,FY_BASE
4679143,9265630,0,231641,207,CV,2025-07-01,SKU009,FY_BASE
5131240,10160871,0,254022,222,FS,2025-07-01,SKU009,FY_BASE
2200234,4151385,0,103785,235,MT,2025-07-01,SKU010,FY_BASE
1787283,3372232,0,84306,187,GT,2025-07-01,SKU010,FY_BASE
1943699,3667356,0,91684,224,EC,2025-07-01,SKU010,FY_BASE
1684960,3179169,0,79479,182,CV,2025-07-01,SKU010,FY_BASE
2010612,3793608,0,94840,212,FS,2025-07-01,SKU010,FY_BASE
1937519,4505857,0,112646,213,MT,2025-07-01,SKU011,FY_BASE
2101134,4886359,0,122159,226,GT,2025-07-01,SKU011,FY_BASE
1412696,3285340,0,82134,168,EC,2025-07-01,SKU011,FY_BASE
1834670,4266675,0,106667,204,CV,2025-07-01,SKU011,FY_BASE
2117054,4923382,0,123085,231,FS,2025-07-01,SKU011,FY_BASE
1961880,4311825,0,107796,175,MT,2025-07-01,SKU012,FY_BASE
2690031,5912156,0,147804,236,GT,2025-07-01,SKU012,FY_BASE
1927793,4236908,0,105923,187,EC,2025-07-01,SKU012,FY_BASE
2562114,5631019,0,140775,232,CV,2025-07-01,SKU012,FY_BASE
2224464,4888931,0,122223,197,FS,2025-07-01,SKU012,FY_BASE
2866983,5972881,0,149322,213,MT,2025-07-01,SKU013,FY_BASE
2548892,5310191,0,132755,186,GT,2025-07-01,SKU013,FY_BASE
2964557,6176161,0,154404,239,EC,2025-07-01,SKU013,FY_BASE
2972701,6193128,0,154828,223,CV,2025-07-01,SKU013,FY_BASE
3396009,7075019,0,176875,250,FS,2025-07-01,SKU013,FY_BASE
4132132,8182440,0,204561,260,MT,2025-07-01,SKU014,FY_BASE
4450282,8812440,0,220311,274,GT,2025-07-01,SKU014,FY_BASE
3965931,7853328,0,196333,270,EC,2025-07-01,SKU014,FY_BASE
4136968,8192016,0,204800,263,CV,2025-07-01,SKU014,FY_BASE
3815170,7554792,0,188870,238,FS,2025-07-01,SKU014,FY_BASE
5546822,10465702,0,261643,300,MT,2025-07-01,SKU015,FY_BASE
5065868,9558242,0,238956,268,GT,2025-07-01,SKU015,FY_BASE
3676585,6936952,0,173424,215,EC,2025-07-01,SKU015,FY_BASE
4816650,9088018,0,227200,263,CV,2025-07-01,SKU015,FY_BASE
3622217,6834371,0,170859,194,FS,2025-07-01,SKU015,FY_BASE
4220846,9815920,0,245398,256,MT,2025-07-01,SKU016,FY_BASE
5442347,12656621,0,316416,323,GT,2025-07-01,SKU016,FY_BASE
3556530,8270999,0,206775,234,EC,2025-07-01,SKU016,FY_BASE
3377926,7855643,0,196391,207,CV,2025-07-01,SKU016,FY_BASE
5386528,12526810,0,313170,323,FS,2025-07-01,SKU016,FY_BASE
3335283,7330102,0,183253,175,MT,2025-07-01,SKU017,FY_BASE
3226956,7092028,0,177301,166,GT,2025-07-01,SKU017,FY_BASE
2184888,4801828,0,120046,124,EC,2025-07-01,SKU017,FY_BASE
2820655,6199081,0,154977,150,CV,2025-07-01,SKU017,FY_BASE
2331713,5124511,0,128113,121,FS,2025-07-01,SKU017,FY_BASE
3431812,7149608,0,178740,158,MT,2025-07-01,SKU018,FY_BASE
2509089,5227268,0,130682,113,GT,2025-07-01,SKU018,FY_BASE
3108140,6475291,0,161882,155,EC,2025-07-01,SKU018,FY_BASE
2935790,6116229,0,152906,137,CV,2025-07-01,SKU018,FY_BASE
3087413,6432111,0,160803,141,FS,2025-07-01,SKU018,FY_BASE
1440170,2851821,0,71296,161,MT,2025-07-01,SKU019,FY_BASE
1479636,2929972,0,73249,162,GT,2025-07-01,SKU019,FY_BASE
1229064,2433791,0,60845,149,EC,2025-07-01,SKU019,FY_BASE
1208620,2393307,0,59833,137,CV,2025-07-01,SKU019,FY_BASE
1492092,2954637,0,73866,165,FS,2025-07-01,SKU019,FY_BASE
1565408,2953600,0,73840,140,MT,2025-07-01,SKU020,FY_BASE
1726513,3257572,0,81439,151,GT,2025-07-01,SKU020,FY_BASE
1519619,2867206,0,71680,147,EC,2025-07-01,SKU020,FY_BASE
1322882,2496004,0,62400,119,CV,2025-07-01,SKU020,FY_BASE
1593346,3006313,0,75158,141,FS,2025-07-01,SKU020,FY_BASE
1444461,3359212,0,83980,137,MT,2025-07-01,SKU021,FY_BASE
2355137,5477062,0,136927,218,GT,2025-07-01,SKU021,FY_BASE
1383825,3218198,0,80455,142,EC,2025-07-01,SKU021,FY_BASE
1792004,4167450,0,104186,171,CV,2025-07-01,SKU021,FY_BASE
1851714,4306312,0,107658,173,FS,2025-07-01,SKU021,FY_BASE
2145604,4715432,0,117886,168,MT,2025-07-01,SKU022,FY_BASE
2230366,4901715,0,122543,171,GT,2025-07-01,SKU022,FY_BASE
2101691,4618924,0,115473,178,EC,2025-07-01,SKU022,FY_BASE
2624970,5768942,0,144224,208,CV,2025-07-01,SKU022,FY_BASE
1800156,3956235,0,98906,140,FS,2025-07-01,SKU022,FY_BASE
3018839,6289248,0,157231,200,MT,2025-07-01,SKU023,FY_BASE
2342995,4881240,0,122031,152,GT,2025-07-01,SKU023,FY_BASE
2347108,4889808,0,122245,168,EC,2025-07-01,SKU023,FY_BASE
2514758,5239080,0,130977,168,CV,2025-07-01,SKU023,FY_BASE
3003759,6257832,0,156446,197,FS,2025-07-01,SKU023,FY_BASE
2858391,5660023,0,141501,162,MT,2025-07-01,SKU024,FY_BASE
3413805,6759821,0,168996,190,GT,2025-07-01,SKU024,FY_BASE
2606690,5161618,0,129040,160,EC,2025-07-01,SKU024,FY_BASE
2970773,5882555,0,147064,170,CV,2025-07-01,SKU024,FY_BASE
2815660,5575409,0,139385,158,FS,2025-07-01,SKU024,FY_BASE
4311183,8134308,0,203358,212,MT,2025-07-01,SKU025,FY_BASE
3618516,6827389,0,170685,174,GT,2025-07-01,SKU025,FY_BASE
3560502,6717929,0,167948,190,EC,2025-07-01,SKU025,FY_BASE
3978903,7507364,0,187684,198,CV,2025-07-01,SKU025,FY_BASE
3497627,6599297,0,164982,170,FS,2025-07-01,SKU025,FY_BASE
4654615,10824686,0,270617,259,MT,2025-07-01,SKU026,FY_BASE
3086990,7179047,0,179476,168,GT,2025-07-01,SKU026,FY_BASE
3672612,8540957,0,213524,221,EC,2025-07-01,SKU026,FY_BASE
3318406,7717224,0,192931,187,CV,2025-07-01,SKU026,FY_BASE
3758980,8741814,0,218545,207,FS,2025-07-01,SKU026,FY_BASE
4449362,9778818,0,244470,216,MT,2025-07-01,SKU027,FY_BASE
3364053,7393522,0,184838,160,GT,2025-07-01,SKU027,FY_BASE
3954188,8690522,0,217263,208,EC,2025-07-01,SKU027,FY_BASE
4548146,9995926,0,249898,223,CV,2025-07-01,SKU027,FY_BASE
4411123,9694776,0,242369,212,FS,2025-07-01,SKU027,FY_BASE
1940682,4043088,0,101077,228,MT,2025-07-01,SKU028,FY_BASE
1760195,3667072,0,91677,203,GT,2025-07-01,SKU028,FY_BASE
1960368,4084101,0,102103,250,EC,2025-07-01,SKU028,FY_BASE
1954653,4072194,0,101805,233,CV,2025-07-01,SKU028,FY_BASE
2031039,4231332,0,105783,237,FS,2025-07-01,SKU028,FY_BASE
2340890,4635212,0,115880,219,MT,2025-07-01,SKU029,FY_BASE
2501072,4952390,0,123810,230,GT,2025-07-01,SKU029,FY_BASE
1659173,3285340,0,82134,168,EC,2025-07-01,SKU029,FY_BASE
2747332,5440011,0,136000,260,CV,2025-07-01,SKU029,FY_BASE
2706460,5359079,0,133977,251,FS,2025-07-01,SKU029,FY_BASE
3122313,5891156,0,147279,240,MT,2025-07-01,SKU030,FY_BASE
3350478,6321656,0,158041,252,GT,2025-07-01,SKU030,FY_BASE
3129061,5903888,0,147597,260,EC,2025-07-01,SKU030,FY_BASE
3089619,5829469,0,145737,240,CV,2025-07-01,SKU030,FY_BASE
3530923,6662119,0,166553,268,FS,2025-07-01,SKU030,FY_BASE
2248832,5229842,0,130746,187,MT,2025-07-01,SKU031,FY_BASE
3312159,7702695,0,192567,269,GT,2025-07-01,SKU031,FY_BASE
2882736,6704038,0,167601,259,EC,2025-07-01,SKU031,FY_BASE
3064326,7126340,0,178158,257,CV,2025-07-01,SKU031,FY_BASE
3141597,7306040,0,182651,258,FS,2025-07-01,SKU031,FY_BASE
3518610,7733208,0,193330,246,MT,2025-07-01,SKU032,FY_BASE
3950037,8681400,0,217035,270,GT,2025-07-01,SKU032,FY_BASE
3168744,6964272,0,174107,240,EC,2025-07-01,SKU032,FY_BASE
3929628,8636544,0,215914,277,CV,2025-07-01,SKU032,FY_BASE
4234088,9305688,0,232642,293,FS,2025-07-01,SKU032,FY_BASE
5126058,10679288,0,266982,306,MT,2025-07-01,SKU033,FY_BASE
3209825,6687135,0,167178,188,GT,2025-07-01,SKU033,FY_BASE
4134555,8613656,0,215341,267,EC,2025-07-01,SKU033,FY_BASE
4582052,9545942,0,238649,276,CV,2025-07-01,SKU033,FY_BASE
4368242,9100504,0,227513,258,FS,2025-07-01,SKU033,FY_BASE
2350150,4653763,0,116344,121,MT,2025-07-01,SKU034,FY_BASE
1935625,3832920,0,95823,98,GT,2025-07-01,SKU034,FY_BASE
2590015,5128742,0,128219,145,EC,2025-07-01,SKU034,FY_BASE
2735931,5417685,0,135442,143,CV,2025-07-01,SKU034,FY_BASE
2574319,5097661,0,127442,132,FS,2025-07-01,SKU034,FY_BASE
3049237,5753278,0,143832,138,MT,2025-07-01,SKU035,FY_BASE
3228395,6091312,0,152283,143,GT,2025-07-01,SKU035,FY_BASE
2586690,4880547,0,122014,126,EC,2025-07-01,SKU035,FY_BASE
3017308,5693034,0,142326,138,CV,2025-07-01,SKU035,FY_BASE
3377871,6373342,0,159334,151,FS,2025-07-01,SKU035,FY_BASE
2340459,5442927,0,136073,120,MT,2025-07-01,SKU036,FY_BASE
2551472,5933655,0,148341,129,GT,2025-07-01,SKU036,FY_BASE
3205695,7455105,0,186378,178,EC,2025-07-01,SKU036,FY_BASE
3022513,7029099,0,175727,157,CV,2025-07-01,SKU036,FY_BASE
2665598,6199064,0,154977,136,FS,2025-07-01,SKU036,FY_BASE
1249567,2905970,0,72649,164,MT,2025-08-01,SKU001,FY_BASE
998402,2321865,0,58047,129,GT,2025-08-01,SKU001,FY_BASE
953346,2217083,0,55427,136,EC,2025-08-01,SKU001,FY_BASE
1244162,2893401,0,72335,165,CV,2025-08-01,SKU001,FY_BASE
862681,2006235,0,50156,112,FS,2025-08-01,SKU001,FY_BASE
1745984,3837524,0,95938,182,MT,2025-08-01,SKU002,FY_BASE
1492134,3279583,0,81990,152,GT,2025-08-01,SKU002,FY_BASE
1395103,3066317,0,76658,157,EC,2025-08-01,SKU002,FY_BASE
1436516,3157340,0,78934,151,CV,2025-08-01,SKU002,FY_BASE
1496654,3289517,0,82238,154,FS,2025-08-01,SKU002,FY_BASE
2057643,4286756,0,107169,174,MT,2025-08-01,SKU003,FY_BASE
2039310,4248562,0,106214,169,GT,2025-08-01,SKU003,FY_BASE
1389150,2894062,0,72352,128,EC,2025-08-01,SKU003,FY_BASE
1976562,4117838,0,102946,169,CV,2025-08-01,SKU003,FY_BASE
1750896,3647700,0,91192,147,FS,2025-08-01,SKU003,FY_BASE
2366779,4686854,0,117171,167,MT,2025-08-01,SKU004,FY_BASE
2534215,5018422,0,125461,175,GT,2025-08-01,SKU004,FY_BASE
1639397,3246444,0,81161,125,EC,2025-08-01,SKU004,FY_BASE
1984984,3930798,0,98270,142,CV,2025-08-01,SKU004,FY_BASE
2493640,4938073,0,123452,174,FS,2025-08-01,SKU004,FY_BASE
3197248,6032544,0,150814,192,MT,2025-08-01,SKU005,FY_BASE
2812774,5307120,0,132678,165,GT,2025-08-01,SKU005,FY_BASE
2984265,5630688,0,140767,194,EC,2025-08-01,SKU005,FY_BASE
2675741,5048568,0,126214,162,CV,2025-08-01,SKU005,FY_BASE
2938587,5544504,0,138613,174,FS,2025-08-01,SKU005,FY_BASE
2372582,5517632,0,137941,158,MT,2025-08-01,SKU006,FY_BASE
3688101,8576978,0,214424,241,GT,2025-08-01,SKU006,FY_BASE
2431550,5654767,0,141369,175,EC,2025-08-01,SKU006,FY_BASE
2726406,6340478,0,158512,184,CV,2025-08-01,SKU006,FY_BASE
2644902,6150935,0,153773,174,FS,2025-08-01,SKU006,FY_BASE
4715357,10363421,0,259086,270,MT,2025-08-01,SKU007,FY_BASE
3778620,8304660,0,207616,212,GT,2025-08-01,SKU007,FY_BASE
3007357,6609576,0,165239,187,EC,2025-08-01,SKU007,FY_BASE
3116523,6849502,0,171238,181,CV,2025-08-01,SKU007,FY_BASE
3919667,8614652,0,215366,222,FS,2025-08-01,SKU007,FY_BASE
3579817,7457953,0,186449,178,MT,2025-08-01,SKU008,FY_BASE
4009824,8353800,0,208845,196,GT,2025-08-01,SKU008,FY_BASE
2739404,5707091,0,142677,148,EC,2025-08-01,SKU008,FY_BASE
3866203,8054589,0,201365,195,CV,2025-08-01,SKU008,FY_BASE
3369259,7019289,0,175482,166,FS,2025-08-01,SKU008,FY_BASE
4495719,8902414,0,222560,197,MT,2025-08-01,SKU009,FY_BASE
5517357,10925460,0,273136,237,GT,2025-08-01,SKU009,FY_BASE
4195094,8307117,0,207678,199,EC,2025-08-01,SKU009,FY_BASE
5255393,10406718,0,260168,233,CV,2025-08-01,SKU009,FY_BASE
5790298,11465937,0,286648,251,FS,2025-08-01,SKU009,FY_BASE
1798452,3393306,0,84833,192,MT,2025-08-01,SKU010,FY_BASE
2090047,3943485,0,98587,218,GT,2025-08-01,SKU010,FY_BASE
2085059,3934073,0,98352,241,EC,2025-08-01,SKU010,FY_BASE
2413847,4554428,0,113861,260,CV,2025-08-01,SKU010,FY_BASE
1894615,3574746,0,89369,200,FS,2025-08-01,SKU010,FY_BASE
2530826,5885641,0,147141,278,MT,2025-08-01,SKU011,FY_BASE
1836126,4270061,0,106752,198,GT,2025-08-01,SKU011,FY_BASE
2046269,4758765,0,118969,244,EC,2025-08-01,SKU011,FY_BASE
1917230,4458675,0,111467,213,CV,2025-08-01,SKU011,FY_BASE
2463652,5729423,0,143236,268,FS,2025-08-01,SKU011,FY_BASE
3159540,6944044,0,173601,283,MT,2025-08-01,SKU012,FY_BASE
3377096,7422188,0,185555,296,GT,2025-08-01,SKU012,FY_BASE
2749475,6042802,0,151070,266,EC,2025-08-01,SKU012,FY_BASE
2539540,5581406,0,139535,230,CV,2025-08-01,SKU012,FY_BASE
1959372,4306312,0,107658,173,FS,2025-08-01,SKU012,FY_BASE
3045312,6344399,0,158610,226,MT,2025-08-01,SKU013,FY_BASE
3529235,7352572,0,183814,257,GT,2025-08-01,SKU013,FY_BASE
2508471,5225982,0,130650,202,EC,2025-08-01,SKU013,FY_BASE
3841436,8002992,0,200075,289,CV,2025-08-01,SKU013,FY_BASE
3562344,7421550,0,185539,262,FS,2025-08-01,SKU013,FY_BASE
3305706,6545952,0,163649,208,MT,2025-08-01,SKU014,FY_BASE
3457654,6846840,0,171171,213,GT,2025-08-01,SKU014,FY_BASE
4145520,8208950,0,205224,283,EC,2025-08-01,SKU014,FY_BASE
3527647,6985440,0,174636,224,CV,2025-08-01,SKU014,FY_BASE
3635055,7198128,0,179953,226,FS,2025-08-01,SKU014,FY_BASE
4282750,8080661,0,202017,232,MT,2025-08-01,SKU015,FY_BASE
6125270,11557114,0,288928,324,GT,2025-08-01,SKU015,FY_BASE
4844031,9139681,0,228492,284,EC,2025-08-01,SKU015,FY_BASE
4013875,7573349,0,189334,219,CV,2025-08-01,SKU015,FY_BASE
4289467,8093334,0,202333,230,FS,2025-08-01,SKU015,FY_BASE
4086317,9503062,0,237577,248,MT,2025-08-01,SKU016,FY_BASE
5305001,12337211,0,308430,315,GT,2025-08-01,SKU016,FY_BASE
5094069,11846671,0,296167,335,EC,2025-08-01,SKU016,FY_BASE
5025290,11686720,0,292168,308,CV,2025-08-01,SKU016,FY_BASE
4231059,9839671,0,245992,254,FS,2025-08-01,SKU016,FY_BASE
2404506,5284492,0,132112,126,MT,2025-08-01,SKU017,FY_BASE
2494457,5482181,0,137055,129,GT,2025-08-01,SKU017,FY_BASE
2489340,5470936,0,136773,142,EC,2025-08-01,SKU017,FY_BASE
2340952,5144816,0,128620,124,CV,2025-08-01,SKU017,FY_BASE
2390496,5253701,0,131343,124,FS,2025-08-01,SKU017,FY_BASE
2634746,5489054,0,137226,121,MT,2025-08-01,SKU018,FY_BASE
3458473,7205152,0,180129,156,GT,2025-08-01,SKU018,FY_BASE
2883209,6006685,0,150167,144,EC,2025-08-01,SKU018,FY_BASE
3702601,7713752,0,192844,172,CV,2025-08-01,SKU018,FY_BASE
3467747,7224472,0,180612,158,FS,2025-08-01,SKU018,FY_BASE
1312560,2599128,0,64978,147,MT,2025-08-01,SKU019,FY_BASE
1461025,2893118,0,72328,160,GT,2025-08-01,SKU019,FY_BASE
1414266,2800526,0,70013,171,EC,2025-08-01,SKU019,FY_BASE
1289796,2554052,0,63851,146,CV,2025-08-01,SKU019,FY_BASE
1436829,2845206,0,71130,159,FS,2025-08-01,SKU019,FY_BASE
1839640,3471019,0,86775,164,MT,2025-08-01,SKU020,FY_BASE
1913163,3609742,0,90244,167,GT,2025-08-01,SKU020,FY_BASE
1751783,3305251,0,82631,169,EC,2025-08-01,SKU020,FY_BASE
1831684,3456007,0,86400,165,CV,2025-08-01,SKU020,FY_BASE
1754990,3311301,0,82783,155,FS,2025-08-01,SKU020,FY_BASE
2155912,5013750,0,125344,204,MT,2025-08-01,SKU021,FY_BASE
1496722,3480750,0,87019,139,GT,2025-08-01,SKU021,FY_BASE
1533159,3565485,0,89137,157,EC,2025-08-01,SKU021,FY_BASE
1802670,4192256,0,104806,172,CV,2025-08-01,SKU021,FY_BASE
1949746,4534294,0,113357,183,FS,2025-08-01,SKU021,FY_BASE
2067582,4543961,0,113599,162,MT,2025-08-01,SKU022,FY_BASE
2137434,4697477,0,117437,164,GT,2025-08-01,SKU022,FY_BASE
2173749,4777287,0,119432,185,EC,2025-08-01,SKU022,FY_BASE
2393355,5259917,0,131498,190,CV,2025-08-01,SKU022,FY_BASE
1905275,4187256,0,104681,148,FS,2025-08-01,SKU022,FY_BASE
2926426,6096720,0,152418,194,MT,2025-08-01,SKU023,FY_BASE
2138573,4455360,0,111384,139,GT,2025-08-01,SKU023,FY_BASE
2147959,4474915,0,111873,154,EC,2025-08-01,SKU023,FY_BASE
2819578,5874120,0,146853,189,CV,2025-08-01,SKU023,FY_BASE
2708052,5641776,0,141044,177,FS,2025-08-01,SKU023,FY_BASE
3757256,7439903,0,185998,213,MT,2025-08-01,SKU024,FY_BASE
3358744,6650792,0,166270,187,GT,2025-08-01,SKU024,FY_BASE
3536465,7002705,0,175068,217,EC,2025-08-01,SKU024,FY_BASE
4465054,8841444,0,221036,256,CV,2025-08-01,SKU024,FY_BASE
3342460,6618549,0,165464,188,FS,2025-08-01,SKU024,FY_BASE
4166095,7860557,0,196514,205,MT,2025-08-01,SKU025,FY_BASE
3787803,7146799,0,178670,183,GT,2025-08-01,SKU025,FY_BASE
3732785,7042990,0,176075,199,EC,2025-08-01,SKU025,FY_BASE
3773805,7120386,0,178010,188,CV,2025-08-01,SKU025,FY_BASE
5235970,9879188,0,246980,255,FS,2025-08-01,SKU025,FY_BASE
3151944,7330102,0,183253,175,MT,2025-08-01,SKU026,FY_BASE
3666970,8527838,0,213196,200,GT,2025-08-01,SKU026,FY_BASE
3757234,8737754,0,218444,226,EC,2025-08-01,SKU026,FY_BASE
3808007,8855831,0,221396,214,CV,2025-08-01,SKU026,FY_BASE
3647877,8483436,0,212086,201,FS,2025-08-01,SKU026,FY_BASE
4134549,9086920,0,227173,201,MT,2025-08-01,SKU027,FY_BASE
4456834,9795240,0,244881,212,GT,2025-08-01,SKU027,FY_BASE
3954188,8690522,0,217263,208,EC,2025-08-01,SKU027,FY_BASE
5212716,11456518,0,286413,256,CV,2025-08-01,SKU027,FY_BASE
4199050,9228681,0,230717,202,FS,2025-08-01,SKU027,FY_BASE
1923355,4006989,0,100175,226,MT,2025-08-01,SKU028,FY_BASE
1724814,3593362,0,89834,199,GT,2025-08-01,SKU028,FY_BASE
1688317,3517328,0,87933,215,EC,2025-08-01,SKU028,FY_BASE
1654596,3447076,0,86177,197,CV,2025-08-01,SKU028,FY_BASE
2092321,4359002,0,108975,244,FS,2025-08-01,SKU028,FY_BASE
2199347,4354943,0,108874,206,MT,2025-08-01,SKU029,FY_BASE
2645579,5238529,0,130963,243,GT,2025-08-01,SKU029,FY_BASE
2141842,4241075,0,106027,217,EC,2025-08-01,SKU029,FY_BASE
1982388,3925341,0,98134,188,CV,2025-08-01,SKU029,FY_BASE
2970504,5881916,0,147048,275,FS,2025-08-01,SKU029,FY_BASE
3481046,6568012,0,164200,267,MT,2025-08-01,SKU030,FY_BASE
3513254,6628781,0,165720,264,GT,2025-08-01,SKU030,FY_BASE
3129061,5903888,0,147597,260,EC,2025-08-01,SKU030,FY_BASE
2590020,4886831,0,122171,201,CV,2025-08-01,SKU030,FY_BASE
2886496,5446219,0,136155,219,FS,2025-08-01,SKU030,FY_BASE
3391682,7887632,0,197191,282,MT,2025-08-01,SKU031,FY_BASE
2797770,6506443,0,162661,227,GT,2025-08-01,SKU031,FY_BASE
3087025,7179127,0,179478,277,EC,2025-08-01,SKU031,FY_BASE
2687365,6249687,0,156242,225,CV,2025-08-01,SKU031,FY_BASE
3290606,7652571,0,191314,270,FS,2025-08-01,SKU031,FY_BASE
3474810,7636944,0,190924,243,MT,2025-08-01,SKU032,FY_BASE
4471740,9828000,0,245700,306,GT,2025-08-01,SKU032,FY_BASE
3195712,7023542,0,175589,242,EC,2025-08-01,SKU032,FY_BASE
3712920,8160264,0,204007,262,CV,2025-08-01,SKU032,FY_BASE
3761995,8268120,0,206703,260,FS,2025-08-01,SKU032,FY_BASE
4459670,9290980,0,232274,266,MT,2025-08-01,SKU033,FY_BASE
4692624,9776300,0,244408,274,GT,2025-08-01,SKU033,FY_BASE
4308143,8975298,0,224382,278,EC,2025-08-01,SKU033,FY_BASE
4294617,8947118,0,223678,259,CV,2025-08-01,SKU033,FY_BASE
4886216,10179617,0,254490,289,FS,2025-08-01,SKU033,FY_BASE
2271154,4497334,0,112433,117,MT,2025-08-01,SKU034,FY_BASE
2520344,4990781,0,124770,128,GT,2025-08-01,SKU034,FY_BASE
2115786,4189676,0,104742,118,EC,2025-08-01,SKU034,FY_BASE
2579592,5108103,0,127703,135,CV,2025-08-01,SKU034,FY_BASE
3352601,6638814,0,165970,171,FS,2025-08-01,SKU034,FY_BASE
2845955,5369726,0,134243,129,MT,2025-08-01,SKU035,FY_BASE
2398237,4524975,0,113124,106,GT,2025-08-01,SKU035,FY_BASE
3149921,5943247,0,148581,154,EC,2025-08-01,SKU035,FY_BASE
3263163,6156911,0,153923,149,CV,2025-08-01,SKU035,FY_BASE
2236699,4220186,0,105505,100,FS,2025-08-01,SKU035,FY_BASE
2657809,6180951,0,154524,137,MT,2025-08-01,SKU036,FY_BASE
3300714,7676078,0,191902,166,GT,2025-08-01,SKU036,FY_BASE
2436328,5665880,0,141647,136,EC,2025-08-01,SKU036,FY_BASE
3591687,8352760,0,208819,187,CV,2025-08-01,SKU036,FY_BASE
2425092,5639750,0,140994,123,FS,2025-08-01,SKU036,FY_BASE
1156432,2689376,0,67234,152,MT,2025-09-01,SKU001,FY_BASE
1156878,2690415,0,67260,149,GT,2025-09-01,SKU001,FY_BASE
1010690,2350442,0,58761,144,EC,2025-09-01,SKU001,FY_BASE
1466883,3411356,0,85284,195,CV,2025-09-01,SKU001,FY_BASE
1364605,3173499,0,79337,177,FS,2025-09-01,SKU001,FY_BASE
1844074,4053116,0,101328,192,MT,2025-09-01,SKU002,FY_BASE
1542206,3389636,0,84741,157,GT,2025-09-01,SKU002,FY_BASE
1449458,3185784,0,79645,163,EC,2025-09-01,SKU002,FY_BASE
1397691,3072006,0,76800,147,CV,2025-09-01,SKU002,FY_BASE
1744444,3834138,0,95853,180,FS,2025-09-01,SKU002,FY_BASE
2286270,4763062,0,119077,194,MT,2025-09-01,SKU003,FY_BASE
2211300,4606875,0,115172,184,GT,2025-09-01,SKU003,FY_BASE
1522508,3171892,0,79297,140,EC,2025-09-01,SKU003,FY_BASE
2131353,4440319,0,111008,183,CV,2025-09-01,SKU003,FY_BASE
1872486,3901012,0,97525,157,FS,2025-09-01,SKU003,FY_BASE
1818379,3600875,0,90022,129,MT,2025-09-01,SKU004,FY_BASE
2357410,4668300,0,116708,163,GT,2025-09-01,SKU004,FY_BASE
2252505,4460561,0,111514,172,EC,2025-09-01,SKU004,FY_BASE
2142069,4241869,0,106047,153,CV,2025-09-01,SKU004,FY_BASE
2201987,4360521,0,109013,154,FS,2025-09-01,SKU004,FY_BASE
2993169,5647488,0,141187,180,MT,2025-09-01,SKU005,FY_BASE
2969039,5601960,0,140049,174,GT,2025-09-01,SKU005,FY_BASE
3141331,5927040,0,148176,204,EC,2025-09-01,SKU005,FY_BASE
2978655,5620104,0,140503,181,CV,2025-09-01,SKU005,FY_BASE
3385390,6387528,0,159688,201,FS,2025-09-01,SKU005,FY_BASE
3291001,7653490,0,191337,219,MT,2025-09-01,SKU006,FY_BASE
3688101,8576978,0,214424,241,GT,2025-09-01,SKU006,FY_BASE
2898068,6739693,0,168492,209,EC,2025-09-01,SKU006,FY_BASE
1984217,4614459,0,115361,134,CV,2025-09-01,SKU006,FY_BASE
1794203,4172564,0,104314,118,FS,2025-09-01,SKU006,FY_BASE
3950224,8681810,0,217045,226,MT,2025-09-01,SKU007,FY_BASE
3070129,6747536,0,168688,172,GT,2025-09-01,SKU007,FY_BASE
2941622,6465104,0,161628,183,EC,2025-09-01,SKU007,FY_BASE
3908860,8590900,0,214772,226,CV,2025-09-01,SKU007,FY_BASE
3901686,8575135,0,214378,221,FS,2025-09-01,SKU007,FY_BASE
4050308,8438141,0,210954,202,MT,2025-09-01,SKU008,FY_BASE
4531937,9441535,0,236038,221,GT,2025-09-01,SKU008,FY_BASE
3362854,7005946,0,175149,182,EC,2025-09-01,SKU008,FY_BASE
4190073,8729319,0,218233,211,CV,2025-09-01,SKU008,FY_BASE
5498300,11454791,0,286370,271,FS,2025-09-01,SKU008,FY_BASE
5031479,9963324,0,249083,220,MT,2025-09-01,SKU009,FY_BASE
5065505,10030702,0,250768,217,GT,2025-09-01,SKU009,FY_BASE
5055626,10011141,0,250279,240,EC,2025-09-01,SKU009,FY_BASE
5969941,11821666,0,295542,264,CV,2025-09-01,SKU009,FY_BASE
5696147,11279499,0,281987,247,FS,2025-09-01,SKU009,FY_BASE
1808019,3411356,0,85284,193,MT,2025-09-01,SKU010,FY_BASE
2080281,3925058,0,98126,217,GT,2025-09-01,SKU010,FY_BASE
1696319,3200602,0,80015,196,EC,2025-09-01,SKU010,FY_BASE
1950009,3679263,0,91982,210,CV,2025-09-01,SKU010,FY_BASE
2464934,4650818,0,116270,260,FS,2025-09-01,SKU010,FY_BASE
2401040,5583814,0,139595,264,MT,2025-09-01,SKU011,FY_BASE
2318819,5392603,0,134815,250,GT,2025-09-01,SKU011,FY_BASE
1977775,4599476,0,114987,236,EC,2025-09-01,SKU011,FY_BASE
2284164,5312010,0,132800,254,CV,2025-09-01,SKU011,FY_BASE
2173259,5054091,0,126352,237,FS,2025-09-01,SKU011,FY_BASE
2737508,6016500,0,150412,245,MT,2025-09-01,SKU012,FY_BASE
2398902,5272312,0,131808,210,GT,2025-09-01,SKU012,FY_BASE
2644131,5811278,0,145282,256,EC,2025-09-01,SKU012,FY_BASE
2641121,5804662,0,145117,239,CV,2025-09-01,SKU012,FY_BASE
2673967,5876850,0,146921,237,FS,2025-09-01,SKU012,FY_BASE
3662604,7630426,0,190761,272,MT,2025-09-01,SKU013,FY_BASE
3445205,7177511,0,179438,251,GT,2025-09-01,SKU013,FY_BASE
2749183,5727465,0,143187,221,EC,2025-09-01,SKU013,FY_BASE
3040572,6334524,0,158363,228,CV,2025-09-01,SKU013,FY_BASE
3603927,7508182,0,187705,265,FS,2025-09-01,SKU013,FY_BASE
4407608,8727936,0,218198,277,MT,2025-09-01,SKU014,FY_BASE
4582633,9074520,0,226863,283,GT,2025-09-01,SKU014,FY_BASE
3876136,7675517,0,191888,264,EC,2025-09-01,SKU014,FY_BASE
4329385,8573040,0,214326,275,CV,2025-09-01,SKU014,FY_BASE
4011659,7943880,0,198597,250,FS,2025-09-01,SKU014,FY_BASE
4207284,7938271,0,198457,227,MT,2025-09-01,SKU015,FY_BASE
5662986,10684879,0,267122,300,GT,2025-09-01,SKU015,FY_BASE
3310668,6246544,0,156164,194,EC,2025-09-01,SKU015,FY_BASE
4629958,8735769,0,218394,253,CV,2025-09-01,SKU015,FY_BASE
5814611,10970964,0,274274,311,FS,2025-09-01,SKU015,FY_BASE
4136765,9620384,0,240510,251,MT,2025-09-01,SKU016,FY_BASE
5802881,13495072,0,337377,345,GT,2025-09-01,SKU016,FY_BASE
3851613,8957239,0,223931,253,EC,2025-09-01,SKU016,FY_BASE
4808970,11183650,0,279591,295,CV,2025-09-01,SKU016,FY_BASE
4383988,10195322,0,254883,263,FS,2025-09-01,SKU016,FY_BASE
2617809,5753278,0,143832,138,MT,2025-09-01,SKU017,FY_BASE
3187362,7005010,0,175125,164,GT,2025-09-01,SKU017,FY_BASE
2632612,5785810,0,144645,150,EC,2025-09-01,SKU017,FY_BASE
2878220,6325594,0,158140,153,CV,2025-09-01,SKU017,FY_BASE
3135077,6890100,0,172252,163,FS,2025-09-01,SKU017,FY_BASE
3808204,7933758,0,198344,175,MT,2025-09-01,SKU018,FY_BASE
3684517,7676078,0,191902,166,GT,2025-09-01,SKU018,FY_BASE
3230830,6730895,0,168272,161,EC,2025-09-01,SKU018,FY_BASE
3768327,7850682,0,196267,175,CV,2025-09-01,SKU018,FY_BASE
2460982,5127045,0,128176,112,FS,2025-09-01,SKU018,FY_BASE
1166720,2310336,0,57758,131,MT,2025-09-01,SKU019,FY_BASE
1414495,2800980,0,70024,155,GT,2025-09-01,SKU019,FY_BASE
1481612,2933885,0,73347,180,EC,2025-09-01,SKU019,FY_BASE
1235678,2446888,0,61172,140,CV,2025-09-01,SKU019,FY_BASE
1399987,2772252,0,69306,155,FS,2025-09-01,SKU019,FY_BASE
1862493,3514138,0,87853,166,MT,2025-09-01,SKU020,FY_BASE
2076482,3917891,0,97947,182,GT,2025-09-01,SKU020,FY_BASE
1878418,3544185,0,88605,182,EC,2025-09-01,SKU020,FY_BASE
1221122,2304004,0,57600,110,CV,2025-09-01,SKU020,FY_BASE
1754990,3311301,0,82783,155,FS,2025-09-01,SKU020,FY_BASE
1584596,3685106,0,92128,150,MT,2025-09-01,SKU021,FY_BASE
1826882,4248562,0,106214,169,GT,2025-09-01,SKU021,FY_BASE
2001070,4653652,0,116341,205,EC,2025-09-01,SKU021,FY_BASE
1802670,4192256,0,104806,172,CV,2025-09-01,SKU021,FY_BASE
1731898,4027669,0,100692,162,FS,2025-09-01,SKU021,FY_BASE
2431685,5344156,0,133604,191,MT,2025-09-01,SKU022,FY_BASE
2124158,4668300,0,116708,163,GT,2025-09-01,SKU022,FY_BASE
2281837,5014832,0,125371,194,EC,2025-09-01,SKU022,FY_BASE
2033065,4468102,0,111703,161,CV,2025-09-01,SKU022,FY_BASE
2549126,5602259,0,140056,198,FS,2025-09-01,SKU022,FY_BASE
2710794,5647488,0,141187,180,MT,2025-09-01,SKU023,FY_BASE
3333658,6945120,0,173628,216,GT,2025-09-01,SKU023,FY_BASE
2930328,6104851,0,152621,210,EC,2025-09-01,SKU023,FY_BASE
2316626,4826304,0,120658,155,CV,2025-09-01,SKU023,FY_BASE
2894815,6030864,0,150772,190,FS,2025-09-01,SKU023,FY_BASE
3181982,6300779,0,157519,181,MT,2025-09-01,SKU024,FY_BASE
3266974,6469076,0,161727,182,GT,2025-09-01,SKU024,FY_BASE
3968146,7857495,0,196437,244,EC,2025-09-01,SKU024,FY_BASE
3646757,7221099,0,180527,209,CV,2025-09-01,SKU024,FY_BASE
3287963,6510637,0,162766,185,FS,2025-09-01,SKU024,FY_BASE
4269730,8056094,0,201402,210,MT,2025-09-01,SKU025,FY_BASE
4655401,8783775,0,219594,224,GT,2025-09-01,SKU025,FY_BASE
3120226,5887218,0,147180,166,EC,2025-09-01,SKU025,FY_BASE
4327569,8165225,0,204131,215,CV,2025-09-01,SKU025,FY_BASE
4942755,9325953,0,233149,241,FS,2025-09-01,SKU025,FY_BASE
3390172,7884122,0,197103,189,MT,2025-09-01,SKU026,FY_BASE
3704388,8614856,0,215371,202,GT,2025-09-01,SKU026,FY_BASE
3892630,9052628,0,226316,235,EC,2025-09-01,SKU026,FY_BASE
3626674,8434125,0,210853,204,CV,2025-09-01,SKU026,FY_BASE
4814457,11196412,0,279910,265,FS,2025-09-01,SKU026,FY_BASE
4806150,10562968,0,264074,234,MT,2025-09-01,SKU027,FY_BASE
5378199,11820218,0,295505,256,GT,2025-09-01,SKU027,FY_BASE
5330400,11715165,0,292879,280,EC,2025-09-01,SKU027,FY_BASE
4153558,9128700,0,228218,204,CV,2025-09-01,SKU027,FY_BASE
4326294,9508338,0,237708,208,FS,2025-09-01,SKU027,FY_BASE
1906027,3970890,0,99272,224,MT,2025-09-01,SKU028,FY_BASE
2290907,4772722,0,119318,264,GT,2025-09-01,SKU028,FY_BASE
2312435,4817572,0,120439,295,EC,2025-09-01,SKU028,FY_BASE
2186125,4554428,0,113861,260,CV,2025-09-01,SKU028,FY_BASE
1961004,4085424,0,102136,228,FS,2025-09-01,SKU028,FY_BASE
2678414,5303545,0,132589,251,MT,2025-09-01,SKU029,FY_BASE
2401030,4754295,0,118857,220,GT,2025-09-01,SKU029,FY_BASE
2463621,4878232,0,121956,250,EC,2025-09-01,SKU029,FY_BASE
2693463,5333344,0,133334,255,CV,2025-09-01,SKU029,FY_BASE
2805477,5555144,0,138879,260,FS,2025-09-01,SKU029,FY_BASE
2750292,5189231,0,129731,211,MT,2025-09-01,SKU030,FY_BASE
3784548,7140656,0,178516,285,GT,2025-09-01,SKU030,FY_BASE
2699582,5093550,0,127339,224,EC,2025-09-01,SKU030,FY_BASE
3339418,6300788,0,157520,259,CV,2025-09-01,SKU030,FY_BASE
2658262,5015588,0,125390,202,FS,2025-09-01,SKU030,FY_BASE
2826401,6573026,0,164326,235,MT,2025-09-01,SKU031,FY_BASE
2785224,6477266,0,161932,226,GT,2025-09-01,SKU031,FY_BASE
2905435,6756826,0,168921,261,EC,2025-09-01,SKU031,FY_BASE
2869766,6673874,0,166847,241,CV,2025-09-01,SKU031,FY_BASE
2843580,6612977,0,165324,234,FS,2025-09-01,SKU031,FY_BASE
3825210,8407056,0,210176,267,MT,2025-09-01,SKU032,FY_BASE
3174935,6977880,0,174447,217,GT,2025-09-01,SKU032,FY_BASE
3708104,8149680,0,203742,280,EC,2025-09-01,SKU032,FY_BASE
4160782,9144576,0,228614,294,CV,2025-09-01,SKU032,FY_BASE
4189829,9208416,0,230210,290,FS,2025-09-01,SKU032,FY_BASE
4391323,9148589,0,228715,262,MT,2025-09-01,SKU033,FY_BASE
4797293,9994360,0,249859,280,GT,2025-09-01,SKU033,FY_BASE
4497512,9369817,0,234245,291,EC,2025-09-01,SKU033,FY_BASE
4835671,10074314,0,251858,292,CV,2025-09-01,SKU033,FY_BASE
4920747,10251556,0,256289,291,FS,2025-09-01,SKU033,FY_BASE
2567391,5083942,0,127099,133,MT,2025-09-01,SKU034,FY_BASE
2721972,5390044,0,134751,138,GT,2025-09-01,SKU034,FY_BASE
2681212,5309331,0,132733,150,EC,2025-09-01,SKU034,FY_BASE
2501423,4953312,0,123833,131,CV,2025-09-01,SKU034,FY_BASE
2255023,4465393,0,111635,115,FS,2025-09-01,SKU034,FY_BASE
2913716,5497577,0,137439,132,MT,2025-09-01,SKU035,FY_BASE
3205336,6047803,0,151195,142,GT,2025-09-01,SKU035,FY_BASE
2962177,5589014,0,139725,145,EC,2025-09-01,SKU035,FY_BASE
3710172,7000324,0,175008,169,CV,2025-09-01,SKU035,FY_BASE
4404928,8311184,0,207780,197,FS,2025-09-01,SKU035,FY_BASE
3609860,8395023,0,209876,186,MT,2025-09-01,SKU036,FY_BASE
3138715,7299338,0,182483,158,GT,2025-09-01,SKU036,FY_BASE
3315605,7710709,0,192768,185,EC,2025-09-01,SKU036,FY_BASE
3630941,8444048,0,211101,189,CV,2025-09-01,SKU036,FY_BASE
2765808,6432111,0,160803,141,FS,2025-09-01,SKU036,FY_BASE
1133148,2635227,0,65881,149,MT,2025-10-01,SKU001,FY_BASE
1030097,2395575,0,59889,133,GT,2025-10-01,SKU001,FY_BASE
852994,1983706,0,49593,121,EC,2025-10-01,SKU001,FY_BASE
1006082,2339726,0,58493,134,CV,2025-10-01,SKU001,FY_BASE
1074430,2498674,0,62467,140,FS,2025-10-01,SKU001,FY_BASE
1559615,3427901,0,85698,162,MT,2025-10-01,SKU002,FY_BASE
1742492,3829849,0,95746,177,GT,2025-10-01,SKU002,FY_BASE
1277334,2807472,0,70187,144,EC,2025-10-01,SKU002,FY_BASE
1446222,3178672,0,79467,152,CV,2025-10-01,SKU002,FY_BASE
1447095,3180592,0,79515,149,FS,2025-10-01,SKU002,FY_BASE
1624455,3384281,0,84607,138,MT,2025-10-01,SKU003,FY_BASE
1830465,3813469,0,95337,152,GT,2025-10-01,SKU003,FY_BASE
1722546,3588638,0,89716,158,EC,2025-10-01,SKU003,FY_BASE
1595538,3324038,0,83101,137,CV,2025-10-01,SKU003,FY_BASE
1714419,3571706,0,89293,144,FS,2025-10-01,SKU003,FY_BASE
1847242,3658032,0,91451,131,MT,2025-10-01,SKU004,FY_BASE
2003798,3968055,0,99201,139,GT,2025-10-01,SKU004,FY_BASE
2305819,4566136,0,114153,176,EC,2025-10-01,SKU004,FY_BASE
2713288,5373034,0,134326,194,CV,2025-10-01,SKU004,FY_BASE
2522807,4995830,0,124896,176,FS,2025-10-01,SKU004,FY_BASE
2925142,5519136,0,137978,175,MT,2025-10-01,SKU005,FY_BASE
3142667,5929560,0,148239,185,GT,2025-10-01,SKU005,FY_BASE
2623011,4949078,0,123727,170,EC,2025-10-01,SKU005,FY_BASE
3113284,5874120,0,146853,189,CV,2025-10-01,SKU005,FY_BASE
2388676,4506936,0,112673,142,FS,2025-10-01,SKU005,FY_BASE
2464423,5731217,0,143280,164,MT,2025-10-01,SKU006,FY_BASE
2562917,5960272,0,149007,167,GT,2025-10-01,SKU006,FY_BASE
2318454,5391754,0,134794,167,EC,2025-10-01,SKU006,FY_BASE
2135684,4966707,0,124168,144,CV,2025-10-01,SKU006,FY_BASE
2381958,5539438,0,138486,157,FS,2025-10-01,SKU006,FY_BASE
3540966,7782343,0,194559,203,MT,2025-10-01,SKU007,FY_BASE
3051963,6707610,0,167690,171,GT,2025-10-01,SKU007,FY_BASE
2925189,6428986,0,160725,182,EC,2025-10-01,SKU007,FY_BASE
3521495,7739550,0,193489,204,CV,2025-10-01,SKU007,FY_BASE
3506124,7705766,0,192644,199,FS,2025-10-01,SKU007,FY_BASE
4786728,9972349,0,249309,239,MT,2025-10-01,SKU008,FY_BASE
4051593,8440819,0,211020,198,GT,2025-10-01,SKU008,FY_BASE
3287285,6848510,0,171213,177,EC,2025-10-01,SKU008,FY_BASE
3724510,7759395,0,193985,188,CV,2025-10-01,SKU008,FY_BASE
3493281,7277669,0,181942,172,FS,2025-10-01,SKU008,FY_BASE
5008185,9917198,0,247930,219,MT,2025-10-01,SKU009,FY_BASE
4209363,8335372,0,208384,181,GT,2025-10-01,SKU009,FY_BASE
3140942,6219688,0,155492,149,EC,2025-10-01,SKU009,FY_BASE
4010694,7941969,0,198549,177,CV,2025-10-01,SKU009,FY_BASE
3671896,7271082,0,181777,159,FS,2025-10-01,SKU009,FY_BASE
2066307,3898692,0,97467,220,MT,2025-10-01,SKU010,FY_BASE
2451410,4625302,0,115633,256,GT,2025-10-01,SKU010,FY_BASE
1590299,3000564,0,75014,184,EC,2025-10-01,SKU010,FY_BASE
2243457,4232938,0,105823,242,CV,2025-10-01,SKU010,FY_BASE
2126609,4012470,0,100312,224,FS,2025-10-01,SKU010,FY_BASE
1779921,4139352,0,103484,196,MT,2025-10-01,SKU011,FY_BASE
2290426,5326571,0,133164,247,GT,2025-10-01,SKU011,FY_BASE
1609617,3743296,0,93582,192,EC,2025-10-01,SKU011,FY_BASE
1889710,4394675,0,109867,210,CV,2025-10-01,SKU011,FY_BASE
1826662,4248051,0,106201,199,FS,2025-10-01,SKU011,FY_BASE
2132974,4687856,0,117196,191,MT,2025-10-01,SKU012,FY_BASE
2096128,4606875,0,115172,184,GT,2025-10-01,SKU012,FY_BASE
2149015,4723110,0,118078,208,EC,2025-10-01,SKU012,FY_BASE
2370237,5209312,0,130233,214,CV,2025-10-01,SKU012,FY_BASE
2501081,5496881,0,137422,221,FS,2025-10-01,SKU012,FY_BASE
2812112,5858567,0,146464,209,MT,2025-10-01,SKU013,FY_BASE
3347171,6973273,0,174332,244,GT,2025-10-01,SKU013,FY_BASE
2027048,4223016,0,105575,163,EC,2025-10-01,SKU013,FY_BASE
2877684,5995174,0,149879,216,CV,2025-10-01,SKU013,FY_BASE
3368286,7017262,0,175432,248,FS,2025-10-01,SKU013,FY_BASE
3889066,7701120,0,192528,245,MT,2025-10-01,SKU014,FY_BASE
3540373,7010640,0,175266,218,GT,2025-10-01,SKU014,FY_BASE
3307436,6549379,0,163734,225,EC,2025-10-01,SKU014,FY_BASE
3848342,7620480,0,190512,245,CV,2025-10-01,SKU014,FY_BASE
3962537,7846608,0,196165,247,FS,2025-10-01,SKU014,FY_BASE
4075216,7689087,0,192227,220,MT,2025-10-01,SKU015,FY_BASE
4526537,8540635,0,213516,240,GT,2025-10-01,SKU015,FY_BASE
3903104,7364347,0,184109,228,EC,2025-10-01,SKU015,FY_BASE
4293912,8101721,0,202543,235,CV,2025-10-01,SKU015,FY_BASE
4842332,9136475,0,228412,259,FS,2025-10-01,SKU015,FY_BASE
3228695,7508592,0,187715,196,MT,2025-10-01,SKU016,FY_BASE
3622509,8424439,0,210611,215,GT,2025-10-01,SKU016,FY_BASE
4255411,9896305,0,247408,279,EC,2025-10-01,SKU016,FY_BASE
3793927,8823087,0,220577,233,CV,2025-10-01,SKU016,FY_BASE
4282035,9958221,0,248956,257,FS,2025-10-01,SKU016,FY_BASE
1861553,4091220,0,102280,98,MT,2025-10-01,SKU017,FY_BASE
2692430,5917275,0,147932,139,GT,2025-10-01,SKU017,FY_BASE
2614702,5746450,0,143661,149,EC,2025-10-01,SKU017,FY_BASE
2686338,5903888,0,147597,143,CV,2025-10-01,SKU017,FY_BASE
2351307,5167575,0,129189,122,FS,2025-10-01,SKU017,FY_BASE
2944716,6134824,0,153371,136,MT,2025-10-01,SKU018,FY_BASE
2938572,6122025,0,153051,133,GT,2025-10-01,SKU018,FY_BASE
2474243,5154673,0,128867,123,EC,2025-10-01,SKU018,FY_BASE
2760519,5751081,0,143777,129,CV,2025-10-01,SKU018,FY_BASE
3020295,6292282,0,157307,138,FS,2025-10-01,SKU018,FY_BASE
1203180,2382534,0,59563,135,MT,2025-10-01,SKU019,FY_BASE
1470330,2911545,0,72789,161,GT,2025-10-01,SKU019,FY_BASE
1102791,2183744,0,54594,134,EC,2025-10-01,SKU019,FY_BASE
1046268,2071818,0,51795,118,CV,2025-10-01,SKU019,FY_BASE
1096043,2170382,0,54260,121,FS,2025-10-01,SKU019,FY_BASE
1382587,2608654,0,65216,123,MT,2025-10-01,SKU020,FY_BASE
1633189,3081488,0,77037,143,GT,2025-10-01,SKU020,FY_BASE
1614595,3046406,0,76160,156,EC,2025-10-01,SKU020,FY_BASE
1435950,2709339,0,67733,130,CV,2025-10-01,SKU020,FY_BASE
1639530,3093452,0,77336,145,FS,2025-10-01,SKU020,FY_BASE
1552257,3609900,0,90248,147,MT,2025-10-01,SKU021,FY_BASE
1716829,3992625,0,99816,159,GT,2025-10-01,SKU021,FY_BASE
1592892,3704400,0,92610,163,EC,2025-10-01,SKU021,FY_BASE
1706670,3969000,0,99225,163,CV,2025-10-01,SKU021,FY_BASE
1775467,4128994,0,103225,166,FS,2025-10-01,SKU021,FY_BASE
2041575,4486805,0,112170,160,MT,2025-10-01,SKU022,FY_BASE
1832087,4026409,0,100660,141,GT,2025-10-01,SKU022,FY_BASE
2221788,4882862,0,122072,189,EC,2025-10-01,SKU022,FY_BASE
2084535,4581218,0,114530,165,CV,2025-10-01,SKU022,FY_BASE
2181211,4793686,0,119842,169,FS,2025-10-01,SKU022,FY_BASE
2233325,4652760,0,116319,148,MT,2025-10-01,SKU023,FY_BASE
2987712,6224400,0,155610,194,GT,2025-10-01,SKU023,FY_BASE
2389783,4978714,0,124468,171,EC,2025-10-01,SKU023,FY_BASE
2392831,4985064,0,124627,160,CV,2025-10-01,SKU023,FY_BASE
2723616,5674200,0,141855,178,FS,2025-10-01,SKU023,FY_BASE
3253892,6443170,0,161079,185,MT,2025-10-01,SKU024,FY_BASE
2477762,4906322,0,122658,138,GT,2025-10-01,SKU024,FY_BASE
3353830,6641063,0,166027,206,EC,2025-10-01,SKU024,FY_BASE
3362132,6657501,0,166438,193,CV,2025-10-01,SKU024,FY_BASE
3051812,6043023,0,151076,171,FS,2025-10-01,SKU024,FY_BASE
4663539,8799131,0,219978,230,MT,2025-10-01,SKU025,FY_BASE
4168700,7865471,0,196637,201,GT,2025-10-01,SKU025,FY_BASE
2967085,5598274,0,139957,158,EC,2025-10-01,SKU025,FY_BASE
3671255,6926897,0,173172,183,CV,2025-10-01,SKU025,FY_BASE
4000280,7547699,0,188692,195,FS,2025-10-01,SKU025,FY_BASE
3628401,8438141,0,210954,202,MT,2025-10-01,SKU026,FY_BASE
3610843,8397310,0,209933,197,GT,2025-10-01,SKU026,FY_BASE
2911010,6769791,0,169245,175,EC,2025-10-01,SKU026,FY_BASE
3753607,8729319,0,218233,211,CV,2025-10-01,SKU026,FY_BASE
3221983,7492984,0,187325,177,FS,2025-10-01,SKU026,FY_BASE
5141951,11300992,0,282525,250,MT,2025-10-01,SKU027,FY_BASE
3835449,8429558,0,210739,183,GT,2025-10-01,SKU027,FY_BASE
5136567,11289159,0,282229,270,EC,2025-10-01,SKU027,FY_BASE
4195094,9219987,0,230500,206,CV,2025-10-01,SKU027,FY_BASE
4962513,10906623,0,272666,239,FS,2025-10-01,SKU027,FY_BASE
1706761,3555752,0,88894,201,MT,2025-10-01,SKU028,FY_BASE
1884028,3925058,0,98126,217,GT,2025-10-01,SKU028,FY_BASE
1576296,3283951,0,82099,201,EC,2025-10-01,SKU028,FY_BASE
1594585,3322053,0,83051,190,CV,2025-10-01,SKU028,FY_BASE
2022285,4213094,0,105327,236,FS,2025-10-01,SKU028,FY_BASE
2732853,5411341,0,135284,256,MT,2025-10-01,SKU029,FY_BASE
2456609,4864348,0,121609,225,GT,2025-10-01,SKU029,FY_BASE
2292675,4539742,0,113494,233,EC,2025-10-01,SKU029,FY_BASE
2079353,4117341,0,102934,197,CV,2025-10-01,SKU029,FY_BASE
2508426,4966952,0,124174,233,FS,2025-10-01,SKU029,FY_BASE
2843297,5364712,0,134118,218,MT,2025-10-01,SKU030,FY_BASE
3458995,6526406,0,163160,260,GT,2025-10-01,SKU030,FY_BASE
2822290,5325075,0,133127,235,EC,2025-10-01,SKU030,FY_BASE
3299976,6226369,0,155659,256,CV,2025-10-01,SKU030,FY_BASE
2832794,5344894,0,133622,215,FS,2025-10-01,SKU030,FY_BASE
2801824,6515870,0,162897,233,MT,2025-10-01,SKU031,FY_BASE
3048691,7089980,0,177250,248,GT,2025-10-01,SKU031,FY_BASE
2803291,6519281,0,162982,252,EC,2025-10-01,SKU031,FY_BASE
2188804,5090242,0,127256,184,CV,2025-10-01,SKU031,FY_BASE
3203684,7450427,0,186261,263,FS,2025-10-01,SKU031,FY_BASE
3080608,6770568,0,169264,215,MT,2025-10-01,SKU032,FY_BASE
2876819,6322680,0,158067,197,GT,2025-10-01,SKU032,FY_BASE
3290100,7230989,0,180775,249,EC,2025-10-01,SKU032,FY_BASE
3351741,7366464,0,184162,237,CV,2025-10-01,SKU032,FY_BASE
2906325,6387528,0,159688,201,FS,2025-10-01,SKU032,FY_BASE
4903929,10216519,0,255413,293,MT,2025-10-01,SKU033,FY_BASE
4622845,9630928,0,240773,270,GT,2025-10-01,SKU033,FY_BASE
4181897,8712286,0,217807,270,EC,2025-10-01,SKU033,FY_BASE
3584484,7467674,0,186692,216,CV,2025-10-01,SKU033,FY_BASE
4592698,9568120,0,239203,271,FS,2025-10-01,SKU033,FY_BASE
2685886,5318586,0,132965,139,MT,2025-10-01,SKU034,FY_BASE
2641321,5230339,0,130758,134,GT,2025-10-01,SKU034,FY_BASE
2042829,4045205,0,101130,114,EC,2025-10-01,SKU034,FY_BASE
2266914,4488939,0,112223,118,CV,2025-10-01,SKU034,FY_BASE
2993394,5927512,0,148188,153,FS,2025-10-01,SKU034,FY_BASE
3297694,6222064,0,155552,149,MT,2025-10-01,SKU035,FY_BASE
3528176,6656935,0,166423,156,GT,2025-10-01,SKU035,FY_BASE
3275083,6179402,0,154485,160,EC,2025-10-01,SKU035,FY_BASE
3196111,6030399,0,150760,146,CV,2025-10-01,SKU035,FY_BASE
3103990,5856585,0,146415,139,FS,2025-10-01,SKU035,FY_BASE
2499134,5811939,0,145298,129,MT,2025-10-01,SKU036,FY_BASE
2733720,6357488,0,158937,138,GT,2025-10-01,SKU036,FY_BASE
2271464,5282474,0,132062,126,EC,2025-10-01,SKU036,FY_BASE
2551472,5933655,0,148341,133,CV,2025-10-01,SKU036,FY_BASE
3006313,6991425,0,174786,153,FS,2025-10-01,SKU036,FY_BASE
1444929,3360301,0,84008,185,MT,2025-11-01,SKU001,FY_BASE
1198082,2786238,0,69656,150,GT,2025-11-01,SKU001,FY_BASE
899483,2091822,0,52296,124,EC,2025-11-01,SKU001,FY_BASE
1184917,2755620,0,68890,153,CV,2025-11-01,SKU001,FY_BASE
1339060,3114094,0,77852,169,FS,2025-11-01,SKU001,FY_BASE
1674800,3681067,0,92027,169,MT,2025-11-01,SKU002,FY_BASE
1874681,4120389,0,103010,186,GT,2025-11-01,SKU002,FY_BASE
1509506,3317766,0,82944,165,EC,2025-11-01,SKU002,FY_BASE
1607345,3532806,0,88320,164,CV,2025-11-01,SKU002,FY_BASE
1315129,2890541,0,72264,132,FS,2025-11-01,SKU002,FY_BASE
2277331,4744440,0,118611,188,MT,2025-11-01,SKU003,FY_BASE
2198664,4580550,0,114514,177,GT,2025-11-01,SKU003,FY_BASE
1577439,3286332,0,82158,141,EC,2025-11-01,SKU003,FY_BASE
1726855,3597615,0,89940,144,CV,2025-11-01,SKU003,FY_BASE
1938492,4038525,0,100963,158,FS,2025-11-01,SKU003,FY_BASE
2642216,5232292,0,130807,182,MT,2025-11-01,SKU004,FY_BASE
2788479,5521932,0,138048,188,GT,2025-11-01,SKU004,FY_BASE
2303153,4560857,0,114021,171,EC,2025-11-01,SKU004,FY_BASE
2673302,5293852,0,132346,186,CV,2025-11-01,SKU004,FY_BASE
2909873,5762324,0,144058,198,FS,2025-11-01,SKU004,FY_BASE
3113673,5874854,0,146871,182,MT,2025-11-01,SKU005,FY_BASE
3286034,6200064,0,155002,188,GT,2025-11-01,SKU005,FY_BASE
3004908,5669637,0,141741,190,EC,2025-11-01,SKU005,FY_BASE
3686897,6956410,0,173910,217,CV,2025-11-01,SKU005,FY_BASE
3057898,5769619,0,144240,176,FS,2025-11-01,SKU005,FY_BASE
2645046,6151270,0,153782,171,MT,2025-11-01,SKU006,FY_BASE
2829032,6579144,0,164479,180,GT,2025-11-01,SKU006,FY_BASE
2937247,6830808,0,170770,206,EC,2025-11-01,SKU006,FY_BASE
3053574,7101335,0,177533,200,CV,2025-11-01,SKU006,FY_BASE
3038654,7066638,0,176666,195,FS,2025-11-01,SKU006,FY_BASE
3019862,6637059,0,165926,168,MT,2025-11-01,SKU007,FY_BASE
4017379,8829405,0,220735,219,GT,2025-11-01,SKU007,FY_BASE
3515861,7727167,0,193179,212,EC,2025-11-01,SKU007,FY_BASE
3278009,7204415,0,180110,185,CV,2025-11-01,SKU007,FY_BASE
3883706,8535618,0,213390,214,FS,2025-11-01,SKU007,FY_BASE
4376436,9117576,0,227939,212,MT,2025-11-01,SKU008,FY_BASE
4231797,8816243,0,220406,201,GT,2025-11-01,SKU008,FY_BASE
3536665,7368052,0,184201,186,EC,2025-11-01,SKU008,FY_BASE
4476351,9325732,0,233143,219,CV,2025-11-01,SKU008,FY_BASE
4953785,10320386,0,258010,238,FS,2025-11-01,SKU008,FY_BASE
4887722,9678658,0,241966,208,MT,2025-11-01,SKU009,FY_BASE
5944069,11770434,0,294261,248,GT,2025-11-01,SKU009,FY_BASE
4978793,9858996,0,246475,230,EC,2025-11-01,SKU009,FY_BASE
5500381,10891843,0,272296,237,CV,2025-11-01,SKU009,FY_BASE
5568370,11026476,0,275662,235,FS,2025-11-01,SKU009,FY_BASE
2577963,4864082,0,121602,267,MT,2025-11-01,SKU010,FY_BASE
2692226,5079672,0,126992,273,GT,2025-11-01,SKU010,FY_BASE
2680790,5058094,0,126452,301,EC,2025-11-01,SKU010,FY_BASE
2356239,4445734,0,111143,247,CV,2025-11-01,SKU010,FY_BASE
1978575,3733160,0,93329,203,FS,2025-11-01,SKU010,FY_BASE
1926129,4479370,0,111984,206,MT,2025-11-01,SKU011,FY_BASE
2093022,4867493,0,121687,219,GT,2025-11-01,SKU011,FY_BASE
2360120,5488651,0,137216,273,EC,2025-11-01,SKU011,FY_BASE
2075798,4827438,0,120686,224,CV,2025-11-01,SKU011,FY_BASE
2476231,5758676,0,143967,262,FS,2025-11-01,SKU011,FY_BASE
2850919,6265755,0,156644,248,MT,2025-11-01,SKU012,FY_BASE
2491398,5475600,0,136890,212,GT,2025-11-01,SKU012,FY_BASE
2437958,5358150,0,133954,230,EC,2025-11-01,SKU012,FY_BASE
3018424,6633900,0,165848,265,CV,2025-11-01,SKU012,FY_BASE
2738511,6018705,0,150468,236,FS,2025-11-01,SKU012,FY_BASE
3696703,7701464,0,192537,267,MT,2025-11-01,SKU013,FY_BASE
3457210,7202520,0,180063,245,GT,2025-11-01,SKU013,FY_BASE
3348972,6977026,0,174426,262,EC,2025-11-01,SKU013,FY_BASE
3769688,7853517,0,196338,275,CV,2025-11-01,SKU013,FY_BASE
2994032,6237567,0,155939,214,FS,2025-11-01,SKU013,FY_BASE
4333530,8581248,0,214531,265,MT,2025-11-01,SKU014,FY_BASE
3879757,7682688,0,192067,233,GT,2025-11-01,SKU014,FY_BASE
3817556,7559516,0,188988,253,EC,2025-11-01,SKU014,FY_BASE
4716968,9340531,0,233513,292,CV,2025-11-01,SKU014,FY_BASE
5221005,10338624,0,258466,316,FS,2025-11-01,SKU014,FY_BASE
5724709,10801337,0,270033,301,MT,2025-11-01,SKU015,FY_BASE
6320090,11924699,0,298117,325,GT,2025-11-01,SKU015,FY_BASE
5358802,10110948,0,252774,305,EC,2025-11-01,SKU015,FY_BASE
5587954,10543309,0,263583,297,CV,2025-11-01,SKU015,FY_BASE
5804262,10951438,0,273786,302,FS,2025-11-01,SKU015,FY_BASE
5016008,11665134,0,291628,296,MT,2025-11-01,SKU016,FY_BASE
4273432,9938214,0,248455,247,GT,2025-11-01,SKU016,FY_BASE
4536739,10550555,0,263764,290,EC,2025-11-01,SKU016,FY_BASE
5613871,13055515,0,326388,335,CV,2025-11-01,SKU016,FY_BASE
4928710,11462116,0,286553,288,FS,2025-11-01,SKU016,FY_BASE
3171289,6969685,0,174242,162,MT,2025-11-01,SKU017,FY_BASE
2911896,6399607,0,159990,146,GT,2025-11-01,SKU017,FY_BASE
3149924,6922730,0,173068,174,EC,2025-11-01,SKU017,FY_BASE
2940718,6462950,0,161574,152,CV,2025-11-01,SKU017,FY_BASE
2740953,6023916,0,150598,139,FS,2025-11-01,SKU017,FY_BASE
3347677,6974327,0,174358,150,MT,2025-11-01,SKU018,FY_BASE
3696788,7701642,0,192541,162,GT,2025-11-01,SKU018,FY_BASE
3260041,6791753,0,169794,158,EC,2025-11-01,SKU018,FY_BASE
3064740,6384874,0,159622,139,CV,2025-11-01,SKU018,FY_BASE
3336708,6951474,0,173787,148,FS,2025-11-01,SKU018,FY_BASE
1134426,2246389,0,56160,123,MT,2025-11-01,SKU019,FY_BASE
1627201,3222180,0,80554,173,GT,2025-11-01,SKU019,FY_BASE
1281498,2537620,0,63440,151,EC,2025-11-01,SKU019,FY_BASE
1270984,2516800,0,62920,140,CV,2025-11-01,SKU019,FY_BASE
1421040,2813940,0,70348,153,FS,2025-11-01,SKU019,FY_BASE
1927459,3636716,0,90918,167,MT,2025-11-01,SKU020,FY_BASE
1967825,3712878,0,92822,167,GT,2025-11-01,SKU020,FY_BASE
1856106,3502087,0,87552,174,EC,2025-11-01,SKU020,FY_BASE
1674682,3159778,0,78994,147,CV,2025-11-01,SKU020,FY_BASE
1781380,3361095,0,84027,153,FS,2025-11-01,SKU020,FY_BASE
1851621,4306095,0,107652,170,MT,2025-11-01,SKU021,FY_BASE
2162072,5028075,0,125702,195,GT,2025-11-01,SKU021,FY_BASE
1474563,3429216,0,85730,147,EC,2025-11-01,SKU021,FY_BASE
1810289,4209975,0,105249,168,CV,2025-11-01,SKU021,FY_BASE
2061472,4794120,0,119853,188,FS,2025-11-01,SKU021,FY_BASE
2955918,6496273,0,162407,225,MT,2025-11-01,SKU022,FY_BASE
2799338,6152153,0,153804,209,GT,2025-11-01,SKU022,FY_BASE
2235857,4913781,0,122845,185,EC,2025-11-01,SKU022,FY_BASE
2170563,4770284,0,119257,167,CV,2025-11-01,SKU022,FY_BASE
2743596,6029648,0,150741,207,FS,2025-11-01,SKU022,FY_BASE
2930826,6105888,0,152647,189,MT,2025-11-01,SKU023,FY_BASE
3089249,6435936,0,160898,195,GT,2025-11-01,SKU023,FY_BASE
2706794,5639155,0,140979,189,EC,2025-11-01,SKU023,FY_BASE
3197989,6662477,0,166562,208,CV,2025-11-01,SKU023,FY_BASE
3041556,6336576,0,158414,194,FS,2025-11-01,SKU023,FY_BASE
4086497,8091848,0,202296,225,MT,2025-11-01,SKU024,FY_BASE
4134323,8186549,0,204664,223,GT,2025-11-01,SKU024,FY_BASE
3466732,6864624,0,171616,207,EC,2025-11-01,SKU024,FY_BASE
3220328,6376709,0,159418,180,CV,2025-11-01,SKU024,FY_BASE
3792966,7510615,0,187765,207,FS,2025-11-01,SKU024,FY_BASE
4690188,8849412,0,221235,224,MT,2025-11-01,SKU025,FY_BASE
4548992,8583003,0,214575,213,GT,2025-11-01,SKU025,FY_BASE
3800057,7169919,0,179248,197,EC,2025-11-01,SKU025,FY_BASE
5337238,10070260,0,251756,258,CV,2025-11-01,SKU025,FY_BASE
5536365,10445971,0,261149,262,FS,2025-11-01,SKU025,FY_BASE
4240988,9862763,0,246569,230,MT,2025-11-01,SKU026,FY_BASE
3829471,8905747,0,222644,203,GT,2025-11-01,SKU026,FY_BASE
3568647,8299179,0,207479,209,EC,2025-11-01,SKU026,FY_BASE
3674339,8544974,0,213624,201,CV,2025-11-01,SKU026,FY_BASE
4228258,9833157,0,245829,226,FS,2025-11-01,SKU026,FY_BASE
4576487,10058213,0,251455,216,MT,2025-11-01,SKU027,FY_BASE
5046997,11092302,0,277308,234,GT,2025-11-01,SKU027,FY_BASE
4485843,9858996,0,246475,230,EC,2025-11-01,SKU027,FY_BASE
4571288,10046786,0,251170,218,CV,2025-11-01,SKU027,FY_BASE
4711661,10355299,0,258882,220,FS,2025-11-01,SKU027,FY_BASE
2325848,4845517,0,121138,266,MT,2025-11-01,SKU028,FY_BASE
2374557,4946994,0,123675,266,GT,2025-11-01,SKU028,FY_BASE
1999919,4166497,0,104162,248,EC,2025-11-01,SKU028,FY_BASE
2248586,4684554,0,117114,260,CV,2025-11-01,SKU028,FY_BASE
1737889,3620603,0,90515,197,FS,2025-11-01,SKU028,FY_BASE
3415677,6763405,0,169085,311,MT,2025-11-01,SKU029,FY_BASE
2892669,5727793,0,143195,258,GT,2025-11-01,SKU029,FY_BASE
2761554,5468171,0,136704,272,EC,2025-11-01,SKU029,FY_BASE
2426887,4805496,0,120137,223,CV,2025-11-01,SKU029,FY_BASE
2534830,5019235,0,125481,228,FS,2025-11-01,SKU029,FY_BASE
3621503,6833025,0,170826,270,MT,2025-11-01,SKU030,FY_BASE
3822916,7213050,0,180326,279,GT,2025-11-01,SKU030,FY_BASE
2814577,5310522,0,132763,227,EC,2025-11-01,SKU030,FY_BASE
4178592,7884135,0,197103,315,CV,2025-11-01,SKU030,FY_BASE
3687043,6956685,0,173917,272,FS,2025-11-01,SKU030,FY_BASE
3159952,7348725,0,183718,255,MT,2025-11-01,SKU031,FY_BASE
3793927,8823087,0,220577,300,GT,2025-11-01,SKU031,FY_BASE
3268614,7601429,0,190036,286,EC,2025-11-01,SKU031,FY_BASE
3627161,8435259,0,210881,296,CV,2025-11-01,SKU031,FY_BASE
3601749,8376161,0,209404,288,FS,2025-11-01,SKU031,FY_BASE
4159760,9142330,0,228558,283,MT,2025-11-01,SKU032,FY_BASE
4676162,10277280,0,256932,311,GT,2025-11-01,SKU032,FY_BASE
4022089,8839757,0,220994,296,EC,2025-11-01,SKU032,FY_BASE
3878443,8524051,0,213101,266,CV,2025-11-01,SKU032,FY_BASE
4506806,9905069,0,247627,303,FS,2025-11-01,SKU032,FY_BASE
4710115,9812740,0,245318,273,MT,2025-11-01,SKU033,FY_BASE
3606567,7513681,0,187842,205,GT,2025-11-01,SKU033,FY_BASE
4057906,8453970,0,211349,255,EC,2025-11-01,SKU033,FY_BASE
5652083,11775172,0,294379,332,CV,2025-11-01,SKU033,FY_BASE
4688399,9767498,0,244187,269,FS,2025-11-01,SKU033,FY_BASE
2945446,5832567,0,145814,148,MT,2025-11-01,SKU034,FY_BASE
3691513,7309926,0,182748,182,GT,2025-11-01,SKU034,FY_BASE
2401366,4755180,0,118880,131,EC,2025-11-01,SKU034,FY_BASE
2311582,4577391,0,114435,117,CV,2025-11-01,SKU034,FY_BASE
2545240,5040079,0,126002,126,FS,2025-11-01,SKU034,FY_BASE
3531307,6662844,0,166571,155,MT,2025-11-01,SKU035,FY_BASE
2703946,5101785,0,127545,116,GT,2025-11-01,SKU035,FY_BASE
3776329,7125149,0,178129,180,EC,2025-11-01,SKU035,FY_BASE
2689715,5074934,0,126873,119,CV,2025-11-01,SKU035,FY_BASE
4366453,8238591,0,205965,190,FS,2025-11-01,SKU035,FY_BASE
3284576,7638548,0,190964,164,MT,2025-11-01,SKU036,FY_BASE
2957624,6878196,0,171955,145,GT,2025-11-01,SKU036,FY_BASE
2826246,6572664,0,164317,153,EC,2025-11-01,SKU036,FY_BASE
3411682,7934144,0,198354,172,CV,2025-11-01,SKU036,FY_BASE
2762372,6424121,0,160603,137,FS,2025-11-01,SKU036,FY_BASE
1508794,3508823,0,87721,193,MT,2025-12-01,SKU001,FY_BASE
1263284,2937870,0,73447,158,GT,2025-12-01,SKU001,FY_BASE
1282870,2983418,0,74585,177,EC,2025-12-01,SKU001,FY_BASE
1414000,3288373,0,82209,183,CV,2025-12-01,SKU001,FY_BASE
1226127,2851459,0,71286,155,FS,2025-12-01,SKU001,FY_BASE
1624354,3570191,0,89255,164,MT,2025-12-01,SKU002,FY_BASE
1555368,3418565,0,85464,154,GT,2025-12-01,SKU002,FY_BASE
1397691,3072006,0,76800,153,EC,2025-12-01,SKU002,FY_BASE
1497526,3291435,0,82286,153,CV,2025-12-01,SKU002,FY_BASE
1590389,3495539,0,87388,159,FS,2025-12-01,SKU002,FY_BASE
2376346,4950720,0,123768,196,MT,2025-12-01,SKU003,FY_BASE
2072304,4317300,0,107932,167,GT,2025-12-01,SKU003,FY_BASE
2103252,4381776,0,109544,188,EC,2025-12-01,SKU003,FY_BASE
2131013,4439610,0,110990,177,CV,2025-12-01,SKU003,FY_BASE
2163607,4507515,0,112688,176,FS,2025-12-01,SKU003,FY_BASE
2805499,5555637,0,138891,193,MT,2025-12-01,SKU004,FY_BASE
2212597,4381533,0,109538,149,GT,2025-12-01,SKU004,FY_BASE
2220898,4397970,0,109949,165,EC,2025-12-01,SKU004,FY_BASE
2408910,4770284,0,119257,167,CV,2025-12-01,SKU004,FY_BASE
2624885,5197972,0,129949,178,FS,2025-12-01,SKU004,FY_BASE
3428539,6468941,0,161724,200,MT,2025-12-01,SKU005,FY_BASE
3036010,5728320,0,143208,173,GT,2025-12-01,SKU005,FY_BASE
2617178,4938071,0,123452,165,EC,2025-12-01,SKU005,FY_BASE
2873356,5421427,0,135536,169,CV,2025-12-01,SKU005,FY_BASE
3340710,6303226,0,157581,193,FS,2025-12-01,SKU005,FY_BASE
3085887,7176481,0,179412,200,MT,2025-12-01,SKU006,FY_BASE
3488068,8111785,0,202795,221,GT,2025-12-01,SKU006,FY_BASE
2820921,6560281,0,164007,198,EC,2025-12-01,SKU006,FY_BASE
3334004,7753498,0,193837,218,CV,2025-12-01,SKU006,FY_BASE
3579566,8324572,0,208114,230,FS,2025-12-01,SKU006,FY_BASE
3532323,7763348,0,194084,197,MT,2025-12-01,SKU007,FY_BASE
3662355,8049132,0,201228,200,GT,2025-12-01,SKU007,FY_BASE
2873540,6315473,0,157887,173,EC,2025-12-01,SKU007,FY_BASE
3567778,7841270,0,196032,201,CV,2025-12-01,SKU007,FY_BASE
3957681,8698201,0,217455,218,FS,2025-12-01,SKU007,FY_BASE
4586842,9555921,0,238898,222,MT,2025-12-01,SKU008,FY_BASE
3007368,6265350,0,156634,143,GT,2025-12-01,SKU008,FY_BASE
4352818,9068371,0,226709,228,EC,2025-12-01,SKU008,FY_BASE
5059318,10540246,0,263506,248,CV,2025-12-01,SKU008,FY_BASE
4252176,8858700,0,221468,204,FS,2025-12-01,SKU008,FY_BASE
5390870,10674990,0,266875,230,MT,2025-12-01,SKU009,FY_BASE
5357001,10607922,0,265198,223,GT,2025-12-01,SKU009,FY_BASE
4027290,7974832,0,199371,186,EC,2025-12-01,SKU009,FY_BASE
5310712,10516262,0,262907,228,CV,2025-12-01,SKU009,FY_BASE
4503117,8917063,0,222927,190,FS,2025-12-01,SKU009,FY_BASE
2145023,4047214,0,101180,222,MT,2025-12-01,SKU010,FY_BASE
2360721,4454190,0,111355,240,GT,2025-12-01,SKU010,FY_BASE
1481250,2794811,0,69870,166,EC,2025-12-01,SKU010,FY_BASE
2346502,4427363,0,110684,246,CV,2025-12-01,SKU010,FY_BASE
1690240,3189132,0,79728,173,FS,2025-12-01,SKU010,FY_BASE
2469641,5743351,0,143584,264,MT,2025-12-01,SKU011,FY_BASE
2560301,5954189,0,148855,268,GT,2025-12-01,SKU011,FY_BASE
2298475,5345290,0,133632,266,EC,2025-12-01,SKU011,FY_BASE
2415474,5617382,0,140435,261,CV,2025-12-01,SKU011,FY_BASE
2071555,4817570,0,120439,219,FS,2025-12-01,SKU011,FY_BASE
3062098,6729885,0,168247,266,MT,2025-12-01,SKU012,FY_BASE
2850734,6265350,0,156634,243,GT,2025-12-01,SKU012,FY_BASE
2394617,5262894,0,131572,225,EC,2025-12-01,SKU012,FY_BASE
2763019,6072570,0,151814,243,CV,2025-12-01,SKU012,FY_BASE
2963756,6513750,0,162844,255,FS,2025-12-01,SKU012,FY_BASE
3908346,8142388,0,203560,283,MT,2025-12-01,SKU013,FY_BASE
3183514,6632321,0,165808,225,GT,2025-12-01,SKU013,FY_BASE
2749546,5728220,0,143206,215,EC,2025-12-01,SKU013,FY_BASE
4132695,8609782,0,215245,302,CV,2025-12-01,SKU013,FY_BASE
3407494,7098945,0,177474,244,FS,2025-12-01,SKU013,FY_BASE
5366911,10627546,0,265689,328,MT,2025-12-01,SKU014,FY_BASE
3556444,7042464,0,176062,213,GT,2025-12-01,SKU014,FY_BASE
4525650,8961684,0,224042,300,EC,2025-12-01,SKU014,FY_BASE
4370617,8654688,0,216367,270,CV,2025-12-01,SKU014,FY_BASE
4496801,8904557,0,222614,272,FS,2025-12-01,SKU014,FY_BASE
5161940,9739510,0,243488,271,MT,2025-12-01,SKU015,FY_BASE
6062532,11438739,0,285968,312,GT,2025-12-01,SKU015,FY_BASE
4408914,8318706,0,207968,251,EC,2025-12-01,SKU015,FY_BASE
5319117,10036070,0,250902,283,CV,2025-12-01,SKU015,FY_BASE
4843421,9138531,0,228463,252,FS,2025-12-01,SKU015,FY_BASE
5431125,12630524,0,315763,320,MT,2025-12-01,SKU016,FY_BASE
4238114,9856080,0,246402,245,GT,2025-12-01,SKU016,FY_BASE
4073480,9473209,0,236830,260,EC,2025-12-01,SKU016,FY_BASE
5562525,12936105,0,323403,332,CV,2025-12-01,SKU016,FY_BASE
5295741,12315677,0,307892,309,FS,2025-12-01,SKU016,FY_BASE
2493152,5479313,0,136983,128,MT,2025-12-01,SKU017,FY_BASE
3013711,6623370,0,165584,151,GT,2025-12-01,SKU017,FY_BASE
2468361,5424829,0,135621,137,EC,2025-12-01,SKU017,FY_BASE
2684145,5899068,0,147477,139,CV,2025-12-01,SKU017,FY_BASE
3426191,7529895,0,188247,173,FS,2025-12-01,SKU017,FY_BASE
3484317,7258993,0,181475,156,MT,2025-12-01,SKU018,FY_BASE
3464286,7217262,0,180432,152,GT,2025-12-01,SKU018,FY_BASE
3449334,7186113,0,179653,167,EC,2025-12-01,SKU018,FY_BASE
3290088,6854350,0,171359,149,CV,2025-12-01,SKU018,FY_BASE
3359719,6999415,0,174985,149,FS,2025-12-01,SKU018,FY_BASE
1509443,2988997,0,74725,164,MT,2025-12-01,SKU019,FY_BASE
1904782,3771846,0,94296,203,GT,2025-12-01,SKU019,FY_BASE
1281498,2537620,0,63440,151,EC,2025-12-01,SKU019,FY_BASE
1345202,2663766,0,66594,148,CV,2025-12-01,SKU019,FY_BASE
975781,1932239,0,48306,105,FS,2025-12-01,SKU019,FY_BASE
2044988,3858467,0,96462,177,MT,2025-12-01,SKU020,FY_BASE
1799840,3395925,0,84898,153,GT,2025-12-01,SKU020,FY_BASE
1780125,3358727,0,83968,167,EC,2025-12-01,SKU020,FY_BASE
1802610,3401150,0,85029,158,CV,2025-12-01,SKU020,FY_BASE
2185160,4122943,0,103074,188,FS,2025-12-01,SKU020,FY_BASE
2150985,5002290,0,125057,198,MT,2025-12-01,SKU021,FY_BASE
2094154,4870125,0,121753,189,GT,2025-12-01,SKU021,FY_BASE
1546243,3595914,0,89898,154,EC,2025-12-01,SKU021,FY_BASE
2358862,5485725,0,137143,219,CV,2025-12-01,SKU021,FY_BASE
2251934,5237055,0,130926,205,FS,2025-12-01,SKU021,FY_BASE
2313909,5085318,0,127133,176,MT,2025-12-01,SKU022,FY_BASE
2649129,5822037,0,145551,198,GT,2025-12-01,SKU022,FY_BASE
3014083,6624102,0,165603,249,EC,2025-12-01,SKU022,FY_BASE
2885261,6340988,0,158525,222,CV,2025-12-01,SKU022,FY_BASE
2459775,5405891,0,135147,186,FS,2025-12-01,SKU022,FY_BASE
2740718,5709830,0,142746,176,MT,2025-12-01,SKU023,FY_BASE
3315686,6907680,0,172692,209,GT,2025-12-01,SKU023,FY_BASE
3365204,7010842,0,175271,235,EC,2025-12-01,SKU023,FY_BASE
3480164,7250342,0,181259,226,CV,2025-12-01,SKU023,FY_BASE
2545303,5302714,0,132568,162,FS,2025-12-01,SKU023,FY_BASE
3957061,7835546,0,195889,218,MT,2025-12-01,SKU024,FY_BASE
3605733,7139867,0,178497,195,GT,2025-12-01,SKU024,FY_BASE
3620429,7168967,0,179224,216,EC,2025-12-01,SKU024,FY_BASE
3805842,7536110,0,188403,212,CV,2025-12-01,SKU024,FY_BASE
5269046,10433464,0,260837,288,FS,2025-12-01,SKU024,FY_BASE
4306446,8125369,0,203134,206,MT,2025-12-01,SKU025,FY_BASE
5136660,9691812,0,242295,241,GT,2025-12-01,SKU025,FY_BASE
4823907,9101711,0,227543,250,EC,2025-12-01,SKU025,FY_BASE
4683268,8836355,0,220909,226,CV,2025-12-01,SKU025,FY_BASE
5364026,10120804,0,253020,254,FS,2025-12-01,SKU025,FY_BASE
4354081,10125769,0,253144,236,MT,2025-12-01,SKU026,FY_BASE
4118125,9577035,0,239426,218,GT,2025-12-01,SKU026,FY_BASE
3603463,8380147,0,209504,211,EC,2025-12-01,SKU026,FY_BASE
3543778,8241345,0,206034,194,CV,2025-12-01,SKU026,FY_BASE
4609182,10719027,0,267976,247,FS,2025-12-01,SKU026,FY_BASE
3907283,8587436,0,214686,185,MT,2025-12-01,SKU027,FY_BASE
5730215,12593880,0,314847,265,GT,2025-12-01,SKU027,FY_BASE
5024145,11042076,0,276052,257,EC,2025-12-01,SKU027,FY_BASE
5212122,11455214,0,286380,249,CV,2025-12-01,SKU027,FY_BASE
4973420,10930594,0,273265,233,FS,2025-12-01,SKU027,FY_BASE
2495163,5198256,0,129956,286,MT,2025-12-01,SKU028,FY_BASE
2329068,4852224,0,121306,261,GT,2025-12-01,SKU028,FY_BASE
1827086,3806430,0,95161,226,EC,2025-12-01,SKU028,FY_BASE
2178042,4537588,0,113440,252,CV,2025-12-01,SKU028,FY_BASE
1809926,3770680,0,94267,205,FS,2025-12-01,SKU028,FY_BASE
2855730,5654651,0,141366,260,MT,2025-12-01,SKU029,FY_BASE
3121338,6180583,0,154515,278,GT,2025-12-01,SKU029,FY_BASE
2254752,4464649,0,111616,222,EC,2025-12-01,SKU029,FY_BASE
3125032,6187898,0,154697,288,CV,2025-12-01,SKU029,FY_BASE
2772471,5489788,0,137245,250,FS,2025-12-01,SKU029,FY_BASE
3170524,5982120,0,149553,237,MT,2025-12-01,SKU030,FY_BASE
4074057,7686900,0,192172,298,GT,2025-12-01,SKU030,FY_BASE
2940791,5548662,0,138717,238,EC,2025-12-01,SKU030,FY_BASE
3543013,6684930,0,167123,267,CV,2025-12-01,SKU030,FY_BASE
3176104,5992650,0,149816,235,FS,2025-12-01,SKU030,FY_BASE
3046194,7084171,0,177104,246,MT,2025-12-01,SKU031,FY_BASE
3535837,8222877,0,205572,279,GT,2025-12-01,SKU031,FY_BASE
3058489,7112766,0,177819,267,EC,2025-12-01,SKU031,FY_BASE
3952355,9191524,0,229788,322,CV,2025-12-01,SKU031,FY_BASE
3742244,8702892,0,217572,299,FS,2025-12-01,SKU031,FY_BASE
4144743,9109325,0,227733,282,MT,2025-12-01,SKU032,FY_BASE
3725598,8188128,0,204703,248,GT,2025-12-01,SKU032,FY_BASE
3078979,6766986,0,169175,226,EC,2025-12-01,SKU032,FY_BASE
3937883,8654688,0,216367,270,CV,2025-12-01,SKU032,FY_BASE
4081922,8971258,0,224281,274,FS,2025-12-01,SKU032,FY_BASE
4305888,8970601,0,224265,250,MT,2025-12-01,SKU033,FY_BASE
5221448,10878017,0,271950,297,GT,2025-12-01,SKU033,FY_BASE
4398769,9164103,0,229103,276,EC,2025-12-01,SKU033,FY_BASE
4956442,10325920,0,258148,291,CV,2025-12-01,SKU033,FY_BASE
4652881,9693502,0,242338,267,FS,2025-12-01,SKU033,FY_BASE
3107954,6154364,0,153859,156,MT,2025-12-01,SKU034,FY_BASE
3255997,6447519,0,161188,160,GT,2025-12-01,SKU034,FY_BASE
2607733,5163828,0,129096,142,EC,2025-12-01,SKU034,FY_BASE
3035208,6010313,0,150258,154,CV,2025-12-01,SKU034,FY_BASE
3530494,6991078,0,174777,175,FS,2025-12-01,SKU034,FY_BASE
3786862,7145023,0,178626,166,MT,2025-12-01,SKU035,FY_BASE
3439230,6489113,0,162228,148,GT,2025-12-01,SKU035,FY_BASE
3926524,7408535,0,185213,187,EC,2025-12-01,SKU035,FY_BASE
4023077,7590712,0,189768,178,CV,2025-12-01,SKU035,FY_BASE
3192675,6023916,0,150598,139,FS,2025-12-01,SKU035,FY_BASE
3182570,7401326,0,185033,159,MT,2025-12-01,SKU036,FY_BASE
3665788,8525088,0,213127,180,GT,2025-12-01,SKU036,FY_BASE
3221920,7492837,0,187321,174,EC,2025-12-01,SKU036,FY_BASE
2785871,6478769,0,161969,141,CV,2025-12-01,SKU036,FY_BASE
3174666,7382945,0,184574,157,FS,2025-12-01,SKU036,FY_BASE
