channel_id,commission,cost_version,freight,listing_fee,month,payment_fee,rebate,sku_id,trade_spend,writeoff
MT,83200,v1.0.0,24960,0,2023-01-01,37440,0,SKU001,93600,0
GT,54405,v1.0.0,26114,0,2023-01-01,0,0,SKU001,43524,0
EC,207817,v1.0.0,29339,0,2023-01-01,61123,0,SKU001,48898,0
CV,73823,v1.0.0,25311,0,2023-01-01,21092,0,SKU001,42185,0
FS,58711,v1.0.0,35226,0,2023-01-01,0,0,SKU001,58711,0
MT,130587,v1.0.0,39176,0,2023-01-01,58764,0,SKU002,146910,0
GT,82802,v1.0.0,39745,0,2023-01-01,0,0,SKU002,66242,0
EC,261121,v1.0.0,36864,0,2023-01-01,76800,0,SKU002,61440,0
CV,130134,v1.0.0,44617,0,2023-01-01,37181,0,SKU002,74362,0
FS,62242,v1.0.0,37346,0,2023-01-01,0,0,SKU002,62242,0
MT,133700,v1.0.0,40110,0,2023-01-01,60165,0,SKU003,150412,0
GT,86531,v1.0.0,41535,0,2023-01-01,0,0,SKU003,69225,0
EC,238030,v1.0.0,33604,0,2023-01-01,70009,0,SKU003,56007,0
CV,129819,v1.0.0,44510,0,2023-01-01,37091,0,SKU003,74182,0
FS,76718,v1.0.0,46030,0,2023-01-01,0,0,SKU003,76718,0
MT,169837,v1.0.0,50951,0,2023-01-01,76427,0,SKU004,191067,0
GT,84057,v1.0.0,40347,0,2023-01-01,0,0,SKU004,67246,0
EC,301267,v1.0.0,42532,0,2023-01-01,88608,0,SKU004,70886,0
CV,171560,v1.0.0,58821,0,2023-01-01,49017,0,SKU004,98034,0
FS,77557,v1.0.0,46534,0,2023-01-01,0,0,SKU004,77557,0
MT,200474,v1.0.0,60142,0,2023-01-01,90213,0,SKU005,225533,0
GT,125580,v1.0.0,60278,0,2023-01-01,0,0,SKU005,100464,0
EC,395842,v1.0.0,55884,0,2023-01-01,116424,0,SKU005,93139,0
CV,157702,v1.0.0,54069,0,2023-01-01,45058,0,SKU005,90115,0
FS,96346,v1.0.0,57807,0,2023-01-01,0,0,SKU005,96346,0
MT,260371,v1.0.0,78111,0,2023-01-01,117167,0,SKU006,292918,0
GT,167005,v1.0.0,80163,0,2023-01-01,0,0,SKU006,133604,0
EC,436475,v1.0.0,61620,0,2023-01-01,128375,0,SKU006,102700,0
CV,218394,v1.0.0,74878,0,2023-01-01,62398,0,SKU006,124797,0
FS,108254,v1.0.0,64952,0,2023-01-01,0,0,SKU006,108254,0
MT,238368,v1.0.0,71510,0,2023-01-01,107266,0,SKU007,268164,0
GT,156853,v1.0.0,75290,0,2023-01-01,0,0,SKU007,125482,0
EC,485356,v1.0.0,68521,0,2023-01-01,142752,0,SKU007,114201,0
CV,277334,v1.0.0,95086,0,2023-01-01,79238,0,SKU007,158476,0
FS,112905,v1.0.0,67743,0,2023-01-01,0,0,SKU007,112905,0
MT,246772,v1.0.0,74032,0,2023-01-01,111047,0,SKU008,277618,0
GT,204080,v1.0.0,97958,0,2023-01-01,0,0,SKU008,163264,0
EC,602197,v1.0.0,85016,0,2023-01-01,177117,0,SKU008,141693,0
CV,278326,v1.0.0,95426,0,2023-01-01,79522,0,SKU008,159044,0
FS,151746,v1.0.0,91048,0,2023-01-01,0,0,SKU008,151746,0
MT,332111,v1.0.0,99633,0,2023-01-01,149450,0,SKU009,373625,0
GT,227614,v1.0.0,109255,0,2023-01-01,0,0,SKU009,182091,0
EC,651789,v1.0.0,92017,0,2023-01-01,191703,0,SKU009,153362,0
CV,299726,v1.0.0,102763,0,2023-01-01,85636,0,SKU009,171272,0
FS,151814,v1.0.0,91088,0,2023-01-01,0,0,SKU009,151814,0
MT,134082,v1.0.0,40225,0,2023-01-01,60337,0,SKU010,150842,0
GT,78098,v1.0.0,37487,0,2023-01-01,0,0,SKU010,62478,0
EC,255048,v1.0.0,36007,0,2023-01-01,75014,0,SKU010,60011,0
CV,126810,v1.0.0,43478,0,2023-01-01,36231,0,SKU010,72463,0
FS,71564,v1.0.0,42939,0,2023-01-01,0,0,SKU010,71564,0
MT,166724,v1.0.0,50017,0,2023-01-01,75026,0,SKU011,187564,0
GT,111625,v1.0.0,53580,0,2023-01-01,0,0,SKU011,89300,0
EC,352996,v1.0.0,49835,0,2023-01-01,103822,0,SKU011,83058,0
CV,123022,v1.0.0,42179,0,2023-01-01,35149,0,SKU011,70299,0
FS,83820,v1.0.0,50292,0,2023-01-01,0,0,SKU011,83820,0
MT,236840,v1.0.0,71052,0,2023-01-01,106578,0,SKU012,266445,0
GT,128578,v1.0.0,61718,0,2023-01-01,0,0,SKU012,102862,0
EC,485431,v1.0.0,68531,0,2023-01-01,142774,0,SKU012,114219,0
CV,176124,v1.0.0,60386,0,2023-01-01,50321,0,SKU012,100642,0
FS,105668,v1.0.0,63400,0,2023-01-01,0,0,SKU012,105668,0
MT,272175,v1.0.0,81652,0,2023-01-01,122479,0,SKU013,306197,0
GT,145190,v1.0.0,69691,0,2023-01-01,0,0,SKU013,116152,0
EC,585441,v1.0.0,82650,0,2023-01-01,172188,0,SKU013,137751,0
CV,187585,v1.0.0,64315,0,2023-01-01,53596,0,SKU013,107191,0
FS,127062,v1.0.0,76237,0,2023-01-01,0,0,SKU013,127062,0
MT,314157,v1.0.0,94247,0,2023-01-01,141371,0,SKU014,353426,0
GT,180180,v1.0.0,86486,0,2023-01-01,0,0,SKU014,144144,0
EC,657337,v1.0.0,92801,0,2023-01-01,193334,0,SKU014,154668,0
CV,291060,v1.0.0,99792,0,2023-01-01,83160,0,SKU014,166320,0
FS,150077,v1.0.0,90046,0,2023-01-01,0,0,SKU014,150077,0
MT,351230,v1.0.0,105369,0,2023-01-01,158053,0,SKU015,395134,0
GT,229308,v1.0.0,110068,0,2023-01-01,0,0,SKU015,183446,0
EC,649390,v1.0.0,91679,0,2023-01-01,190997,0,SKU015,152798,0
CV,299411,v1.0.0,102655,0,2023-01-01,85546,0,SKU015,171092,0
FS,119901,v1.0.0,71941,0,2023-01-01,0,0,SKU015,119901,0
MT,354572,v1.0.0,106372,0,2023-01-01,159558,0,SKU016,398894,0
GT,255718,v1.0.0,122745,0,2023-01-01,0,0,SKU016,204574,0
EC,687100,v1.0.0,97002,0,2023-01-01,202088,0,SKU016,161671,0
CV,359889,v1.0.0,123391,0,2023-01-01,102825,0,SKU016,205651,0
FS,175379,v1.0.0,105227,0,2023-01-01,0,0,SKU016,175379,0
MT,206184,v1.0.0,61855,0,2023-01-01,92783,0,SKU017,231958,0
GT,137780,v1.0.0,66134,0,2023-01-01,0,0,SKU017,110224,0
EC,350485,v1.0.0,49480,0,2023-01-01,103084,0,SKU017,82467,0
CV,182739,v1.0.0,62654,0,2023-01-01,52211,0,SKU017,104422,0
FS,95149,v1.0.0,57089,0,2023-01-01,0,0,SKU017,95149,0
MT,260066,v1.0.0,78020,0,2023-01-01,117030,0,SKU018,292574,0
GT,143520,v1.0.0,68890,0,2023-01-01,0,0,SKU018,114816,0
EC,348311,v1.0.0,49173,0,2023-01-01,102444,0,SKU018,81955,0
CV,252561,v1.0.0,86592,0,2023-01-01,72160,0,SKU018,144320,0
FS,121629,v1.0.0,72977,0,2023-01-01,0,0,SKU018,121629,0
MT,97639,v1.0.0,29292,0,2023-01-01,43938,0,SKU019,109844,0
GT,57038,v1.0.0,27378,0,2023-01-01,0,0,SKU019,45630,0
EC,176779,v1.0.0,24957,0,2023-01-01,51994,0,SKU019,41595,0
CV,91089,v1.0.0,31230,0,2023-01-01,26025,0,SKU019,52051,0
FS,48983,v1.0.0,29390,0,2023-01-01,0,0,SKU019,48983,0
MT,109233,v1.0.0,32770,0,2023-01-01,49155,0,SKU020,122887,0
GT,79133,v1.0.0,37984,0,2023-01-01,0,0,SKU020,63307,0
EC,274015,v1.0.0,38685,0,2023-01-01,80593,0,SKU020,64474,0
CV,101689,v1.0.0,34865,0,2023-01-01,29054,0,SKU020,58108,0
FS,57263,v1.0.0,34358,0,2023-01-01,0,0,SKU020,57263,0
MT,149935,v1.0.0,44980,0,2023-01-01,67471,0,SKU021,168677,0
GT,123094,v1.0.0,59085,0,2023-01-01,0,0,SKU021,98475,0
EC,314874,v1.0.0,44453,0,2023-01-01,92610,0,SKU021,74088,0
CV,127339,v1.0.0,43659,0,2023-01-01,36382,0,SKU021,72765,0
FS,72858,v1.0.0,43714,0,2023-01-01,0,0,SKU021,72858,0
MT,215563,v1.0.0,64669,0,2023-01-01,97003,0,SKU022,242508,0
GT,135464,v1.0.0,65023,0,2023-01-01,0,0,SKU022,108371,0
EC,356820,v1.0.0,50375,0,2023-01-01,104947,0,SKU022,83958,0
CV,166847,v1.0.0,57205,0,2023-01-01,47671,0,SKU022,95341,0
FS,77557,v1.0.0,46534,0,2023-01-01,0,0,SKU022,77557,0
MT,176026,v1.0.0,52808,0,2023-01-01,79212,0,SKU023,198029,0
GT,151320,v1.0.0,72634,0,2023-01-01,0,0,SKU023,121056,0
EC,352659,v1.0.0,49787,0,2023-01-01,103723,0,SKU023,82979,0
CV,162994,v1.0.0,55884,0,2023-01-01,46570,0,SKU023,93139,0
FS,106845,v1.0.0,64107,0,2023-01-01,0,0,SKU023,106845,0
MT,225113,v1.0.0,67534,0,2023-01-01,101301,0,SKU024,253252,0
GT,172197,v1.0.0,82655,0,2023-01-01,0,0,SKU024,137758,0
EC,495027,v1.0.0,69886,0,2023-01-01,145596,0,SKU024,116477,0
CV,199608,v1.0.0,68437,0,2023-01-01,57031,0,SKU024,114062,0
FS,136345,v1.0.0,81807,0,2023-01-01,0,0,SKU024,136345,0
MT,293491,v1.0.0,88047,0,2023-01-01,132071,0,SKU025,330177,0
GT,189174,v1.0.0,90804,0,2023-01-01,0,0,SKU025,151340,0
EC,497051,v1.0.0,70172,0,2023-01-01,146192,0,SKU025,116953,0
CV,232187,v1.0.0,79607,0,2023-01-01,66339,0,SKU025,132678,0
FS,140755,v1.0.0,84453,0,2023-01-01,0,0,SKU025,140755,0
MT,269501,v1.0.0,80850,0,2023-01-01,121275,0,SKU026,303189,0
GT,216511,v1.0.0,103925,0,2023-01-01,0,0,SKU026,173209,0
EC,583079,v1.0.0,82317,0,2023-01-01,171494,0,SKU026,137195,0
CV,260052,v1.0.0,89161,0,2023-01-01,74301,0,SKU026,148601,0
FS,154207,v1.0.0,92524,0,2023-01-01,0,0,SKU026,154207,0
MT,311024,v1.0.0,93307,0,2023-01-01,139961,0,SKU027,349902,0
GT,232099,v1.0.0,111407,0,2023-01-01,0,0,SKU027,185679,0
EC,562125,v1.0.0,79359,0,2023-01-01,165331,0,SKU027,132265,0
CV,380363,v1.0.0,130410,0,2023-01-01,108675,0,SKU027,217350,0
FS,201531,v1.0.0,120918,0,2023-01-01,0,0,SKU027,201531,0
MT,104515,v1.0.0,31355,0,2023-01-01,47032,0,SKU028,117580,0
GT,104861,v1.0.0,50333,0,2023-01-01,0,0,SKU028,83889,0
EC,252349,v1.0.0,35626,0,2023-01-01,74220,0,SKU028,59376,0
CV,126810,v1.0.0,43478,0,2023-01-01,36231,0,SKU028,72463,0
FS,83723,v1.0.0,50234,0,2023-01-01,0,0,SKU028,83723,0
MT,189720,v1.0.0,56916,0,2023-01-01,85374,0,SKU029,213435,0
GT,127871,v1.0.0,61378,0,2023-01-01,0,0,SKU029,102297,0
EC,357832,v1.0.0,50517,0,2023-01-01,105245,0,SKU029,84196,0
CV,126578,v1.0.0,43398,0,2023-01-01,36165,0,SKU029,72330,0
FS,70127,v1.0.0,42076,0,2023-01-01,0,0,SKU029,70127,0
MT,210100,v1.0.0,63030,0,2023-01-01,94545,0,SKU030,236362,0
GT,131016,v1.0.0,62888,0,2023-01-01,0,0,SKU030,104812,0
EC,511670,v1.0.0,72236,0,2023-01-01,150491,0,SKU030,120393,0
CV,217468,v1.0.0,74560,0,2023-01-01,62134,0,SKU030,124268,0
FS,110010,v1.0.0,66006,0,2023-01-01,0,0,SKU030,110010,0
MT,286328,v1.0.0,85898,0,2023-01-01,128848,0,SKU031,322119,0
GT,166030,v1.0.0,79695,0,2023-01-01,0,0,SKU031,132824,0
EC,527751,v1.0.0,74506,0,2023-01-01,155221,0,SKU031,124177,0
CV,220577,v1.0.0,75626,0,2023-01-01,63022,0,SKU031,126044,0
FS,121011,v1.0.0,72607,0,2023-01-01,0,0,SKU031,121011,0
MT,266483,v1.0.0,79945,0,2023-01-01,119917,0,SKU032,299794,0
GT,189540,v1.0.0,90979,0,2023-01-01,0,0,SKU032,151632,0
EC,575770,v1.0.0,81285,0,2023-01-01,169344,0,SKU032,135475,0
CV,234965,v1.0.0,80559,0,2023-01-01,67133,0,SKU032,134266,0
FS,136490,v1.0.0,81894,0,2023-01-01,0,0,SKU032,136490,0
MT,391913,v1.0.0,117574,0,2023-01-01,176361,0,SKU033,440902,0
GT,154026,v1.0.0,73932,0,2023-01-01,0,0,SKU033,123220,0
EC,745202,v1.0.0,105205,0,2023-01-01,219177,0,SKU033,175342,0
CV,324069,v1.0.0,111109,0,2023-01-01,92591,0,SKU033,185182,0
FS,191157,v1.0.0,114694,0,2023-01-01,0,0,SKU033,191157,0
MT,147490,v1.0.0,44247,0,2023-01-01,66371,0,SKU034,165926,0
GT,114075,v1.0.0,54756,0,2023-01-01,0,0,SKU034,91260,0
EC,304078,v1.0.0,42929,0,2023-01-01,89435,0,SKU034,71548,0
CV,175430,v1.0.0,60147,0,2023-01-01,50123,0,SKU034,100246,0
FS,80539,v1.0.0,48323,0,2023-01-01,0,0,SKU034,80539,0
MT,202938,v1.0.0,60881,0,2023-01-01,91322,0,SKU035,228305,0
GT,109809,v1.0.0,52708,0,2023-01-01,0,0,SKU035,87848,0
EC,366416,v1.0.0,51729,0,2023-01-01,107769,0,SKU035,86216,0
CV,240373,v1.0.0,82413,0,2023-01-01,68678,0,SKU035,137356,0
FS,118936,v1.0.0,71362,0,2023-01-01,0,0,SKU035,118936,0
MT,224922,v1.0.0,67476,0,2023-01-01,101215,0,SKU036,253037,0
GT,162581,v1.0.0,78039,0,2023-01-01,0,0,SKU036,130065,0
EC,410386,v1.0.0,57937,0,2023-01-01,120702,0,SKU036,96561,0
CV,229739,v1.0.0,78768,0,2023-01-01,65640,0,SKU036,131279,0
FS,126068,v1.0.0,75641,0,2023-01-01,0,0,SKU036,126068,0
MT,94889,v1.0.0,28467,0,2023-02-01,42700,0,SKU001,106750,0
GT,59231,v1.0.0,28431,0,2023-02-01,0,0,SKU001,47385,0
EC,224010,v1.0.0,31625,0,2023-02-01,65885,0,SKU001,52708,0
CV,91089,v1.0.0,31230,0,2023-02-01,26025,0,SKU001,52051,0
FS,50373,v1.0.0,30224,0,2023-02-01,0,0,SKU001,50373,0
MT,141264,v1.0.0,42379,0,2023-02-01,63569,0,SKU002,158922,0
GT,93283,v1.0.0,44776,0,2023-02-01,0,0,SKU002,74626,0
EC,222436,v1.0.0,31403,0,2023-02-01,65422,0,SKU002,52338,0
CV,119467,v1.0.0,40960,0,2023-02-01,34133,0,SKU002,68267,0
FS,52699,v1.0.0,31619,0,2023-02-01,0,0,SKU002,52699,0
MT,148980,v1.0.0,44694,0,2023-02-01,67041,0,SKU003,167602,0
GT,82266,v1.0.0,39488,0,2023-02-01,0,0,SKU003,65812,0
EC,271766,v1.0.0,38367,0,2023-02-01,79931,0,SKU003,63945,0
CV,146357,v1.0.0,50180,0,2023-02-01,41816,0,SKU003,83632,0
FS,77200,v1.0.0,46320,0,2023-02-01,0,0,SKU003,77200,0
MT,157862,v1.0.0,47358,0,2023-02-01,71038,0,SKU004,177594,0
GT,120181,v1.0.0,57687,0,2023-02-01,0,0,SKU004,96145,0
EC,354683,v1.0.0,50073,0,2023-02-01,104319,0,SKU004,83455,0
CV,122543,v1.0.0,42015,0,2023-02-01,35012,0,SKU004,70024,0
FS,95709,v1.0.0,57425,0,2023-02-01,0,0,SKU004,95709,0
MT,189472,v1.0.0,56842,0,2023-02-01,85262,0,SKU005,213156,0
GT,122460,v1.0.0,58781,0,2023-02-01,0,0,SKU005,97968,0
EC,472611,v1.0.0,66722,0,2023-02-01,139003,0,SKU005,111203,0
CV,161935,v1.0.0,55521,0,2023-02-01,46267,0,SKU005,92534,0
FS,103139,v1.0.0,61884,0,2023-02-01,0,0,SKU005,103139,0
MT,248166,v1.0.0,74450,0,2023-02-01,111675,0,SKU006,279187,0
GT,134989,v1.0.0,64795,0,2023-02-01,0,0,SKU006,107991,0
EC,428491,v1.0.0,60493,0,2023-02-01,126027,0,SKU006,100821,0
CV,180821,v1.0.0,61996,0,2023-02-01,51663,0,SKU006,103326,0
FS,122642,v1.0.0,73585,0,2023-02-01,0,0,SKU006,122642,0
MT,286042,v1.0.0,85812,0,2023-02-01,128719,0,SKU007,321797,0
GT,201532,v1.0.0,96736,0,2023-02-01,0,0,SKU007,161226,0
EC,412260,v1.0.0,58201,0,2023-02-01,121253,0,SKU007,97002,0
CV,248956,v1.0.0,85356,0,2023-02-01,71130,0,SKU007,142260,0
FS,171616,v1.0.0,102969,0,2023-02-01,0,0,SKU007,171616,0
MT,353923,v1.0.0,106177,0,2023-02-01,159265,0,SKU008,398163,0
GT,229978,v1.0.0,110390,0,2023-02-01,0,0,SKU008,183982,0
EC,614941,v1.0.0,86815,0,2023-02-01,180865,0,SKU008,144692,0
CV,285355,v1.0.0,97836,0,2023-02-01,81530,0,SKU008,163060,0
FS,159949,v1.0.0,95969,0,2023-02-01,0,0,SKU008,159949,0
MT,363740,v1.0.0,109122,0,2023-02-01,163683,0,SKU009,409208,0
GT,199582,v1.0.0,95800,0,2023-02-01,0,0,SKU009,159666,0
EC,800080,v1.0.0,112952,0,2023-02-01,235318,0,SKU009,188254,0
CV,302769,v1.0.0,103806,0,2023-02-01,86505,0,SKU009,173011,0
FS,172233,v1.0.0,103340,0,2023-02-01,0,0,SKU009,172233,0
MT,133394,v1.0.0,40018,0,2023-02-01,60027,0,SKU010,150069,0
GT,94770,v1.0.0,45490,0,2023-02-01,0,0,SKU010,75816,0
EC,228059,v1.0.0,32197,0,2023-02-01,67076,0,SKU010,53661,0
CV,144075,v1.0.0,49397,0,2023-02-01,41164,0,SKU010,82328,0
FS,89629,v1.0.0,53778,0,2023-02-01,0,0,SKU010,89629,0
MT,183150,v1.0.0,54945,0,2023-02-01,82417,0,SKU011,206044,0
GT,123155,v1.0.0,59114,0,2023-02-01,0,0,SKU011,98524,0
EC,375562,v1.0.0,53021,0,2023-02-01,110459,0,SKU011,88368,0
CV,170667,v1.0.0,58514,0,2023-02-01,48762,0,SKU011,97524,0
FS,82990,v1.0.0,49794,0,2023-02-01,0,0,SKU011,82990,0
MT,254030,v1.0.0,76209,0,2023-02-01,114313,0,SKU012,285784,0
GT,156609,v1.0.0,75172,0,2023-02-01,0,0,SKU012,125288,0
EC,468563,v1.0.0,66150,0,2023-02-01,137812,0,SKU012,110250,0
CV,169509,v1.0.0,58118,0,2023-02-01,48431,0,SKU012,96862,0
FS,105185,v1.0.0,63111,0,2023-02-01,0,0,SKU012,105185,0
MT,240603,v1.0.0,72181,0,2023-02-01,108271,0,SKU013,270678,0
GT,187566,v1.0.0,90032,0,2023-02-01,0,0,SKU013,150052,0
EC,529888,v1.0.0,74808,0,2023-02-01,155849,0,SKU013,124680,0
CV,232831,v1.0.0,79828,0,2023-02-01,66523,0,SKU013,133047,0
FS,163915,v1.0.0,98349,0,2023-02-01,0,0,SKU013,163915,0
MT,312934,v1.0.0,93880,0,2023-02-01,140820,0,SKU014,352051,0
GT,201240,v1.0.0,96595,0,2023-02-01,0,0,SKU014,160992,0
EC,508596,v1.0.0,71802,0,2023-02-01,149587,0,SKU014,119670,0
CV,267775,v1.0.0,91809,0,2023-02-01,76507,0,SKU014,153014,0
FS,133402,v1.0.0,80041,0,2023-02-01,0,0,SKU014,133402,0
MT,287493,v1.0.0,86248,0,2023-02-01,129372,0,SKU015,323430,0
GT,264786,v1.0.0,127097,0,2023-02-01,0,0,SKU015,211828,0
EC,726572,v1.0.0,102575,0,2023-02-01,213698,0,SKU015,170958,0
CV,264187,v1.0.0,90578,0,2023-02-01,75482,0,SKU015,150964,0
FS,147307,v1.0.0,88384,0,2023-02-01,0,0,SKU015,147307,0
MT,467797,v1.0.0,140339,0,2023-02-01,210509,0,SKU016,526272,0
GT,233854,v1.0.0,112250,0,2023-02-01,0,0,SKU016,187083,0
EC,882997,v1.0.0,124658,0,2023-02-01,259705,0,SKU016,207764,0
CV,358599,v1.0.0,122948,0,2023-02-01,102457,0,SKU016,204914,0
FS,173121,v1.0.0,103873,0,2023-02-01,0,0,SKU016,173121,0
MT,220796,v1.0.0,66239,0,2023-02-01,99358,0,SKU017,248396,0
GT,156427,v1.0.0,75085,0,2023-02-01,0,0,SKU017,125141,0
EC,465189,v1.0.0,65674,0,2023-02-01,136820,0,SKU017,109456,0
CV,181334,v1.0.0,62172,0,2023-02-01,51810,0,SKU017,103619,0
FS,110734,v1.0.0,66440,0,2023-02-01,0,0,SKU017,110734,0
MT,237222,v1.0.0,71167,0,2023-02-01,106750,0,SKU018,266875,0
GT,149126,v1.0.0,71581,0,2023-02-01,0,0,SKU018,119301,0
EC,486255,v1.0.0,68648,0,2023-02-01,143016,0,SKU018,114413,0
CV,232782,v1.0.0,79811,0,2023-02-01,66509,0,SKU018,133018,0
FS,130507,v1.0.0,78304,0,2023-02-01,0,0,SKU018,130507,0
MT,110704,v1.0.0,33211,0,2023-02-01,49817,0,SKU019,124542,0
GT,56599,v1.0.0,27167,0,2023-02-01,0,0,SKU019,45279,0
EC,207817,v1.0.0,29339,0,2023-02-01,61123,0,SKU019,48898,0
CV,80968,v1.0.0,27760,0,2023-02-01,23134,0,SKU019,46267,0
FS,52110,v1.0.0,31266,0,2023-02-01,0,0,SKU019,52110,0
MT,132229,v1.0.0,39669,0,2023-02-01,59503,0,SKU020,148758,0
GT,89091,v1.0.0,42764,0,2023-02-01,0,0,SKU020,71272,0
EC,225660,v1.0.0,31858,0,2023-02-01,66370,0,SKU020,53096,0
CV,115911,v1.0.0,39741,0,2023-02-01,33118,0,SKU020,66235,0
FS,69712,v1.0.0,41827,0,2023-02-01,0,0,SKU020,69712,0
MT,154710,v1.0.0,46413,0,2023-02-01,69620,0,SKU021,174049,0
GT,106641,v1.0.0,51188,0,2023-02-01,0,0,SKU021,85312,0
EC,333616,v1.0.0,47099,0,2023-02-01,98122,0,SKU021,78498,0
CV,118243,v1.0.0,40540,0,2023-02-01,33784,0,SKU021,67568,0
FS,72858,v1.0.0,43714,0,2023-02-01,0,0,SKU021,72858,0
MT,223184,v1.0.0,66955,0,2023-02-01,100433,0,SKU022,251081,0
GT,113234,v1.0.0,54352,0,2023-02-01,0,0,SKU022,90587,0
EC,367503,v1.0.0,51883,0,2023-02-01,108089,0,SKU022,86471,0
CV,121600,v1.0.0,41692,0,2023-02-01,34743,0,SKU022,69486,0
FS,69306,v1.0.0,41584,0,2023-02-01,0,0,SKU022,69306,0
MT,255482,v1.0.0,76644,0,2023-02-01,114967,0,SKU023,287417,0
GT,133380,v1.0.0,64022,0,2023-02-01,0,0,SKU023,106704,0
EC,436625,v1.0.0,61641,0,2023-02-01,128419,0,SKU023,102735,0
CV,205330,v1.0.0,70399,0,2023-02-01,58666,0,SKU023,117331,0
FS,96963,v1.0.0,58178,0,2023-02-01,0,0,SKU023,96963,0
MT,223756,v1.0.0,67127,0,2023-02-01,100690,0,SKU024,251726,0
GT,185177,v1.0.0,88885,0,2023-02-01,0,0,SKU024,148142,0
EC,532287,v1.0.0,75146,0,2023-02-01,156555,0,SKU024,125244,0
CV,224265,v1.0.0,76891,0,2023-02-01,64076,0,SKU024,128151,0
FS,128808,v1.0.0,77285,0,2023-02-01,0,0,SKU024,128808,0
MT,330736,v1.0.0,99221,0,2023-02-01,148831,0,SKU025,372078,0
GT,194878,v1.0.0,93542,0,2023-02-01,0,0,SKU025,155902,0
EC,584766,v1.0.0,82555,0,2023-02-01,171990,0,SKU025,137592,0
CV,224447,v1.0.0,76953,0,2023-02-01,64128,0,SKU025,128255,0
FS,160325,v1.0.0,96195,0,2023-02-01,0,0,SKU025,160325,0
MT,287360,v1.0.0,86208,0,2023-02-01,129312,0,SKU026,323279,0
GT,222727,v1.0.0,106909,0,2023-02-01,0,0,SKU026,178181,0
EC,653176,v1.0.0,92213,0,2023-02-01,192111,0,SKU026,153688,0
CV,307846,v1.0.0,105547,0,2023-02-01,87956,0,SKU026,175912,0
FS,190298,v1.0.0,114179,0,2023-02-01,0,0,SKU026,190298,0
MT,363740,v1.0.0,109122,0,2023-02-01,163683,0,SKU027,409208,0
GT,273585,v1.0.0,131321,0,2023-02-01,0,0,SKU027,218868,0
EC,810426,v1.0.0,114413,0,2023-02-01,238360,0,SKU027,190688,0
CV,251039,v1.0.0,86071,0,2023-02-01,71726,0,SKU027,143451,0
FS,202418,v1.0.0,121451,0,2023-02-01,0,0,SKU027,202418,0
MT,140958,v1.0.0,42287,0,2023-02-01,63431,0,SKU028,158578,0
GT,88628,v1.0.0,42541,0,2023-02-01,0,0,SKU028,70902,0
EC,246951,v1.0.0,34864,0,2023-02-01,72633,0,SKU028,58106,0
CV,148242,v1.0.0,50826,0,2023-02-01,42355,0,SKU028,84710,0
FS,96925,v1.0.0,58155,0,2023-02-01,0,0,SKU028,96925,0
MT,200397,v1.0.0,60119,0,2023-02-01,90179,0,SKU029,225447,0
GT,113722,v1.0.0,54586,0,2023-02-01,0,0,SKU029,90977,0
EC,362667,v1.0.0,51200,0,2023-02-01,106667,0,SKU029,85334,0
CV,197689,v1.0.0,67779,0,2023-02-01,56483,0,SKU029,112965,0
FS,83820,v1.0.0,50292,0,2023-02-01,0,0,SKU029,83820,0
MT,233020,v1.0.0,69906,0,2023-02-01,104859,0,SKU030,262148,0
GT,151734,v1.0.0,72832,0,2023-02-01,0,0,SKU030,121388,0
EC,414209,v1.0.0,58477,0,2023-02-01,121826,0,SKU030,97461,0
CV,167856,v1.0.0,57550,0,2023-02-01,47959,0,SKU030,95918,0
FS,89745,v1.0.0,53847,0,2023-02-01,0,0,SKU030,89745,0
MT,300481,v1.0.0,90144,0,2023-02-01,135217,0,SKU031,338041,0
GT,163252,v1.0.0,78361,0,2023-02-01,0,0,SKU031,130601,0
EC,551254,v1.0.0,77824,0,2023-02-01,162134,0,SKU031,129707,0
CV,266766,v1.0.0,91463,0,2023-02-01,76219,0,SKU031,152438,0
FS,140813,v1.0.0,84488,0,2023-02-01,0,0,SKU031,140813,0
MT,271373,v1.0.0,81412,0,2023-02-01,122118,0,SKU032,305294,0
GT,202020,v1.0.0,96970,0,2023-02-01,0,0,SKU032,161616,0
EC,638145,v1.0.0,90091,0,2023-02-01,187690,0,SKU032,150152,0
CV,254016,v1.0.0,87091,0,2023-02-01,72576,0,SKU032,145152,0
FS,167370,v1.0.0,100422,0,2023-02-01,0,0,SKU032,167370,0
MT,438020,v1.0.0,131406,0,2023-02-01,197109,0,SKU033,492773,0
GT,243153,v1.0.0,116713,0,2023-02-01,0,0,SKU033,194522,0
EC,774478,v1.0.0,109338,0,2023-02-01,227788,0,SKU033,182230,0
CV,298237,v1.0.0,102253,0,2023-02-01,85211,0,SKU033,170421,0
FS,184305,v1.0.0,110583,0,2023-02-01,0,0,SKU033,184305,0
MT,208572,v1.0.0,62572,0,2023-02-01,93857,0,SKU034,234644,0
GT,115026,v1.0.0,55212,0,2023-02-01,0,0,SKU034,92020,0
EC,409336,v1.0.0,57789,0,2023-02-01,120393,0,SKU034,96314,0
CV,170270,v1.0.0,58378,0,2023-02-01,48649,0,SKU034,97297,0
FS,102367,v1.0.0,61420,0,2023-02-01,0,0,SKU034,102367,0
MT,178585,v1.0.0,53576,0,2023-02-01,80363,0,SKU035,200908,0
GT,121205,v1.0.0,58178,0,2023-02-01,0,0,SKU035,96964,0
EC,407837,v1.0.0,57577,0,2023-02-01,119952,0,SKU035,95962,0
CV,220693,v1.0.0,75666,0,2023-02-01,63055,0,SKU035,126110,0
FS,110734,v1.0.0,66440,0,2023-02-01,0,0,SKU035,110734,0
MT,230193,v1.0.0,69058,0,2023-02-01,103587,0,SKU036,258967,0
GT,178279,v1.0.0,85574,0,2023-02-01,0,0,SKU036,142623,0
EC,541433,v1.0.0,76438,0,2023-02-01,159245,0,SKU036,127396,0
CV,222132,v1.0.0,76159,0,2023-02-01,63466,0,SKU036,126932,0
FS,145599,v1.0.0,87360,0,2023-02-01,0,0,SKU036,145599,0
MT,105890,v1.0.0,31767,0,2023-03-01,47651,0,SKU001,119127,0
GT,60986,v1.0.0,29273,0,2023-03-01,0,0,SKU001,48789,0
EC,201070,v1.0.0,28386,0,2023-03-01,59138,0,SKU001,47310,0
CV,93470,v1.0.0,32047,0,2023-03-01,26706,0,SKU001,53411,0
FS,60795,v1.0.0,36477,0,2023-03-01,0,0,SKU001,60795,0
MT,110876,v1.0.0,33263,0,2023-03-01,49894,0,SKU002,124735,0
GT,90663,v1.0.0,43518,0,2023-03-01,0,0,SKU002,72530,0
EC,241778,v1.0.0,34133,0,2023-03-01,71111,0,SKU002,56889,0
CV,108800,v1.0.0,37303,0,2023-03-01,31086,0,SKU002,62172,0
FS,59338,v1.0.0,35603,0,2023-03-01,0,0,SKU002,59338,0
MT,176675,v1.0.0,53002,0,2023-03-01,79504,0,SKU003,198759,0
GT,85312,v1.0.0,40950,0,2023-03-01,0,0,SKU003,68250,0
EC,303628,v1.0.0,42865,0,2023-03-01,89302,0,SKU003,71442,0
CV,124031,v1.0.0,42525,0,2023-03-01,35438,0,SKU003,70875,0
FS,73340,v1.0.0,44004,0,2023-03-01,0,0,SKU003,73340,0
MT,175281,v1.0.0,52584,0,2023-03-01,78876,0,SKU004,197191,0
GT,100730,v1.0.0,48350,0,2023-03-01,0,0,SKU004,80584,0
EC,350410,v1.0.0,49470,0,2023-03-01,103062,0,SKU004,82449,0
CV,164962,v1.0.0,56558,0,2023-03-01,47132,0,SKU004,94264,0
FS,98459,v1.0.0,59075,0,2023-03-01,0,0,SKU004,98459,0
MT,217587,v1.0.0,65276,0,2023-03-01,97914,0,SKU005,244786,0
GT,120900,v1.0.0,58032,0,2023-03-01,0,0,SKU005,96720,0
EC,388644,v1.0.0,54867,0,2023-03-01,114307,0,SKU005,91446,0
CV,187337,v1.0.0,64230,0,2023-03-01,53525,0,SKU005,107050,0
FS,104374,v1.0.0,62625,0,2023-03-01,0,0,SKU005,104374,0
MT,294274,v1.0.0,88282,0,2023-03-01,132423,0,SKU006,331058,0
GT,152295,v1.0.0,73102,0,2023-03-01,0,0,SKU006,121836,0
EC,441798,v1.0.0,62372,0,2023-03-01,129941,0,SKU006,103953,0
CV,261838,v1.0.0,89773,0,2023-03-01,74811,0,SKU006,149622,0
FS,108939,v1.0.0,65363,0,2023-03-01,0,0,SKU006,108939,0
MT,299450,v1.0.0,89835,0,2023-03-01,134752,0,SKU007,336881,0
GT,169211,v1.0.0,81221,0,2023-03-01,0,0,SKU007,135369,0
EC,643243,v1.0.0,90811,0,2023-03-01,189189,0,SKU007,151351,0
CV,221867,v1.0.0,76069,0,2023-03-01,63391,0,SKU007,126781,0
FS,136991,v1.0.0,82195,0,2023-03-01,0,0,SKU007,136991,0
MT,334441,v1.0.0,100332,0,2023-03-01,150498,0,SKU008,376246,0
GT,193720,v1.0.0,92986,0,2023-03-01,0,0,SKU008,154976,0
EC,723273,v1.0.0,102109,0,2023-03-01,212727,0,SKU008,170182,0
CV,216476,v1.0.0,74220,0,2023-03-01,61850,0,SKU008,123700,0
FS,151746,v1.0.0,91048,0,2023-03-01,0,0,SKU008,151746,0
MT,383070,v1.0.0,114921,0,2023-03-01,172381,0,SKU009,430953,0
GT,224250,v1.0.0,107640,0,2023-03-01,0,0,SKU009,179400,0
EC,631097,v1.0.0,89096,0,2023-03-01,185617,0,SKU009,148494,0
CV,375798,v1.0.0,128845,0,2023-03-01,107371,0,SKU009,214742,0
FS,221950,v1.0.0,133170,0,2023-03-01,0,0,SKU009,221950,0
MT,160898,v1.0.0,48270,0,2023-03-01,72404,0,SKU010,181011,0
GT,78098,v1.0.0,37487,0,2023-03-01,0,0,SKU010,62478,0
EC,349510,v1.0.0,49343,0,2023-03-01,102797,0,SKU010,82238,0
CV,146456,v1.0.0,50214,0,2023-03-01,41845,0,SKU010,83689,0
FS,77818,v1.0.0,46691,0,2023-03-01,0,0,SKU010,77818,0
MT,177401,v1.0.0,53220,0,2023-03-01,79830,0,SKU011,199576,0
GT,127347,v1.0.0,61127,0,2023-03-01,0,0,SKU011,101878,0
EC,420694,v1.0.0,59392,0,2023-03-01,123734,0,SKU011,98987,0
CV,164978,v1.0.0,56564,0,2023-03-01,47137,0,SKU011,94273,0
FS,90044,v1.0.0,54026,0,2023-03-01,0,0,SKU011,90044,0
MT,161395,v1.0.0,48418,0,2023-03-01,72628,0,SKU012,181569,0
GT,145641,v1.0.0,69908,0,2023-03-01,0,0,SKU012,116512,0
EC,378598,v1.0.0,53449,0,2023-03-01,111352,0,SKU012,89082,0
CV,187701,v1.0.0,64354,0,2023-03-01,53629,0,SKU012,107258,0
FS,78648,v1.0.0,47188,0,2023-03-01,0,0,SKU012,78648,0
MT,258022,v1.0.0,77407,0,2023-03-01,116110,0,SKU013,290275,0
GT,160473,v1.0.0,77027,0,2023-03-01,0,0,SKU013,128378,0
EC,450832,v1.0.0,63647,0,2023-03-01,132598,0,SKU013,106078,0
CV,206438,v1.0.0,70779,0,2023-03-01,58982,0,SKU013,117964,0
FS,141913,v1.0.0,85148,0,2023-03-01,0,0,SKU013,141913,0
MT,287264,v1.0.0,86179,0,2023-03-01,129269,0,SKU014,323172,0
GT,229320,v1.0.0,110074,0,2023-03-01,0,0,SKU014,183456,0
EC,664534,v1.0.0,93817,0,2023-03-01,195451,0,SKU014,156361,0
CV,294235,v1.0.0,100881,0,2023-03-01,84067,0,SKU014,168134,0
FS,143901,v1.0.0,86340,0,2023-03-01,0,0,SKU014,143901,0
MT,466498,v1.0.0,139950,0,2023-03-01,209924,0,SKU015,524811,0
GT,188638,v1.0.0,90546,0,2023-03-01,0,0,SKU015,150910,0
EC,590839,v1.0.0,83413,0,2023-03-01,173776,0,SKU015,139021,0
CV,271232,v1.0.0,92994,0,2023-03-01,77495,0,SKU015,154989,0
FS,195268,v1.0.0,117161,0,2023-03-01,0,0,SKU015,195268,0
MT,412675,v1.0.0,123802,0,2023-03-01,185704,0,SKU016,464259,0
GT,292792,v1.0.0,140540,0,2023-03-01,0,0,SKU016,234234,0
EC,678329,v1.0.0,95764,0,2023-03-01,199508,0,SKU016,159607,0
CV,322481,v1.0.0,110565,0,2023-03-01,92138,0,SKU016,184275,0
FS,196455,v1.0.0,117873,0,2023-03-01,0,0,SKU016,196455,0
MT,225666,v1.0.0,67700,0,2023-03-01,101550,0,SKU017,253875,0
GT,132600,v1.0.0,63648,0,2023-03-01,0,0,SKU017,106080,0
EC,458816,v1.0.0,64774,0,2023-03-01,134946,0,SKU017,107957,0
CV,189768,v1.0.0,65063,0,2023-03-01,54219,0,SKU017,108439,0
FS,109914,v1.0.0,65948,0,2023-03-01,0,0,SKU017,109914,0
MT,253037,v1.0.0,75911,0,2023-03-01,113867,0,SKU018,284666,0
GT,162581,v1.0.0,78039,0,2023-03-01,0,0,SKU018,130065,0
EC,534536,v1.0.0,75464,0,2023-03-01,157216,0,SKU018,125773,0
CV,234303,v1.0.0,80333,0,2023-03-01,66944,0,SKU018,133888,0
FS,140272,v1.0.0,84163,0,2023-03-01,0,0,SKU018,140272,0
MT,94889,v1.0.0,28467,0,2023-03-01,42700,0,SKU019,106750,0
GT,68884,v1.0.0,33064,0,2023-03-01,0,0,SKU019,55107,0
EC,230758,v1.0.0,32578,0,2023-03-01,67870,0,SKU019,54296,0
CV,94065,v1.0.0,32251,0,2023-03-01,26876,0,SKU019,53752,0
FS,57321,v1.0.0,34393,0,2023-03-01,0,0,SKU019,57321,0
MT,137978,v1.0.0,41394,0,2023-03-01,62090,0,SKU020,155226,0
GT,88042,v1.0.0,42260,0,2023-03-01,0,0,SKU020,70434,0
EC,240166,v1.0.0,33906,0,2023-03-01,70637,0,SKU020,56510,0
CV,118045,v1.0.0,40472,0,2023-03-01,33727,0,SKU020,67454,0
FS,78011,v1.0.0,46806,0,2023-03-01,0,0,SKU020,78011,0
MT,162350,v1.0.0,48705,0,2023-03-01,73058,0,SKU021,182644,0
GT,74953,v1.0.0,35978,0,2023-03-01,0,0,SKU021,59962,0
EC,316748,v1.0.0,44717,0,2023-03-01,93161,0,SKU021,74529,0
CV,142222,v1.0.0,48762,0,2023-03-01,40635,0,SKU021,81270,0
FS,68998,v1.0.0,41398,0,2023-03-01,0,0,SKU021,68998,0
MT,187256,v1.0.0,56177,0,2023-03-01,84265,0,SKU022,210663,0
GT,106287,v1.0.0,51018,0,2023-03-01,0,0,SKU022,85030,0
EC,405963,v1.0.0,57312,0,2023-03-01,119401,0,SKU022,95521,0
CV,131027,v1.0.0,44923,0,2023-03-01,37436,0,SKU022,74872,0
FS,87458,v1.0.0,52475,0,2023-03-01,0,0,SKU022,87458,0
MT,166246,v1.0.0,49874,0,2023-03-01,74811,0,SKU023,187027,0
GT,139620,v1.0.0,67018,0,2023-03-01,0,0,SKU023,111696,0
EC,525390,v1.0.0,74173,0,2023-03-01,154526,0,SKU023,123621,0
CV,195804,v1.0.0,67133,0,2023-03-01,55944,0,SKU023,111888,0
FS,117962,v1.0.0,70777,0,2023-03-01,0,0,SKU023,117962,0
MT,246810,v1.0.0,74043,0,2023-03-01,111065,0,SKU024,277661,0
GT,132393,v1.0.0,63549,0,2023-03-01,0,0,SKU024,105914,0
EC,484381,v1.0.0,68383,0,2023-03-01,142465,0,SKU024,113972,0
CV,196085,v1.0.0,67229,0,2023-03-01,56024,0,SKU024,112049,0
FS,156214,v1.0.0,93729,0,2023-03-01,0,0,SKU024,156214,0
MT,242837,v1.0.0,72851,0,2023-03-01,109277,0,SKU025,273192,0
GT,178718,v1.0.0,85784,0,2023-03-01,0,0,SKU025,142974,0
EC,625700,v1.0.0,88334,0,2023-03-01,184029,0,SKU025,147223,0
CV,207678,v1.0.0,71204,0,2023-03-01,59337,0,SKU025,118673,0
FS,149787,v1.0.0,89872,0,2023-03-01,0,0,SKU025,149787,0
MT,349052,v1.0.0,104716,0,2023-03-01,157074,0,SKU026,392684,0
GT,250697,v1.0.0,120334,0,2023-03-01,0,0,SKU026,200558,0
EC,640431,v1.0.0,90414,0,2023-03-01,188362,0,SKU026,150690,0
CV,237561,v1.0.0,81450,0,2023-03-01,67875,0,SKU026,135749,0
FS,164870,v1.0.0,98922,0,2023-03-01,0,0,SKU026,164870,0
MT,470930,v1.0.0,141279,0,2023-03-01,211918,0,SKU027,529796,0
GT,199582,v1.0.0,95800,0,2023-03-01,0,0,SKU027,159666,0
EC,769042,v1.0.0,108571,0,2023-03-01,226189,0,SKU027,180951,0
CV,317983,v1.0.0,109023,0,2023-03-01,90852,0,SKU027,181705,0
FS,256574,v1.0.0,153945,0,2023-03-01,0,0,SKU027,256574,0
MT,129956,v1.0.0,38987,0,2023-03-01,58480,0,SKU028,146201,0
GT,84679,v1.0.0,40646,0,2023-03-01,0,0,SKU028,67743,0
EC,298231,v1.0.0,42103,0,2023-03-01,87715,0,SKU028,70172,0
CV,138121,v1.0.0,47356,0,2023-03-01,39463,0,SKU028,78926,0
FS,73649,v1.0.0,44189,0,2023-03-01,0,0,SKU028,73649,0
MT,197112,v1.0.0,59134,0,2023-03-01,88700,0,SKU029,221751,0
GT,103240,v1.0.0,49555,0,2023-03-01,0,0,SKU029,82592,0
EC,440036,v1.0.0,62123,0,2023-03-01,129422,0,SKU029,103538,0
CV,127289,v1.0.0,43642,0,2023-03-01,36368,0,SKU029,72737,0
FS,100003,v1.0.0,60002,0,2023-03-01,0,0,SKU029,100003,0
MT,198640,v1.0.0,59592,0,2023-03-01,89388,0,SKU030,223470,0
GT,139547,v1.0.0,66982,0,2023-03-01,0,0,SKU030,111638,0
EC,414209,v1.0.0,58477,0,2023-03-01,121826,0,SKU030,97461,0
CV,185220,v1.0.0,63504,0,2023-03-01,52920,0,SKU030,105840,0
FS,121108,v1.0.0,72664,0,2023-03-01,0,0,SKU030,121108,0
MT,286328,v1.0.0,85898,0,2023-03-01,128848,0,SKU031,322119,0
GT,187566,v1.0.0,90032,0,2023-03-01,0,0,SKU031,150052,0
EC,489292,v1.0.0,69076,0,2023-03-01,143909,0,SKU031,115127,0
CV,262996,v1.0.0,90170,0,2023-03-01,75142,0,SKU031,150283,0
FS,120461,v1.0.0,72277,0,2023-03-01,0,0,SKU031,120461,0
MT,323936,v1.0.0,97181,0,2023-03-01,145771,0,SKU032,364428,0
GT,198900,v1.0.0,95472,0,2023-03-01,0,0,SKU032,159120,0
EC,561375,v1.0.0,79253,0,2023-03-01,165110,0,SKU032,132088,0
CV,254016,v1.0.0,87091,0,2023-03-01,72576,0,SKU032,145152,0
FS,156253,v1.0.0,93752,0,2023-03-01,0,0,SKU032,156253,0
MT,339025,v1.0.0,101708,0,2023-03-01,152561,0,SKU033,381403,0
GT,237096,v1.0.0,113806,0,2023-03-01,0,0,SKU033,189676,0
EC,761170,v1.0.0,107459,0,2023-03-01,223874,0,SKU033,179099,0
CV,293541,v1.0.0,100642,0,2023-03-01,83869,0,SKU033,167738,0
FS,198008,v1.0.0,118805,0,2023-03-01,0,0,SKU033,198008,0
MT,189205,v1.0.0,56761,0,2023-03-01,85142,0,SKU034,212855,0
GT,126433,v1.0.0,60688,0,2023-03-01,0,0,SKU034,101146,0
EC,342088,v1.0.0,48295,0,2023-03-01,100614,0,SKU034,80491,0
CV,167690,v1.0.0,57494,0,2023-03-01,47912,0,SKU034,95823,0
FS,107636,v1.0.0,64582,0,2023-03-01,0,0,SKU034,107636,0
MT,217549,v1.0.0,65265,0,2023-03-01,97897,0,SKU035,244743,0
GT,140888,v1.0.0,67626,0,2023-03-01,0,0,SKU035,112710,0
EC,512982,v1.0.0,72421,0,2023-03-01,150877,0,SKU035,120702,0
CV,181334,v1.0.0,62172,0,2023-03-01,51810,0,SKU035,103619,0
FS,127139,v1.0.0,76283,0,2023-03-01,0,0,SKU035,127139,0
MT,240736,v1.0.0,72221,0,2023-03-01,108331,0,SKU036,270828,0
GT,177158,v1.0.0,85036,0,2023-03-01,0,0,SKU036,141726,0
EC,517293,v1.0.0,73030,0,2023-03-01,152145,0,SKU036,121716,0
CV,225175,v1.0.0,77203,0,2023-03-01,64336,0,SKU036,128671,0
FS,152702,v1.0.0,91621,0,2023-03-01,0,0,SKU036,152702,0
MT,117580,v1.0.0,35274,0,2023-04-01,52911,0,SKU001,132277,0
GT,77220,v1.0.0,37066,0,2023-04-01,0,0,SKU001,61776,0
EC,201070,v1.0.0,28386,0,2023-04-01,59138,0,SKU001,47310,0
CV,77991,v1.0.0,26740,0,2023-04-01,22283,0,SKU001,44566,0
FS,54889,v1.0.0,32934,0,2023-04-01,0,0,SKU001,54889,0
MT,160975,v1.0.0,48292,0,2023-04-01,72439,0,SKU002,181097,0
GT,70748,v1.0.0,33959,0,2023-04-01,0,0,SKU002,56599,0
EC,256285,v1.0.0,36181,0,2023-04-01,75378,0,SKU002,60302,0
CV,94578,v1.0.0,32427,0,2023-04-01,27022,0,SKU002,54045,0
FS,65147,v1.0.0,39088,0,2023-04-01,0,0,SKU002,65147,0
MT,139430,v1.0.0,41829,0,2023-04-01,62743,0,SKU003,156859,0
GT,109078,v1.0.0,52358,0,2023-04-01,0,0,SKU003,87262,0
EC,268018,v1.0.0,37838,0,2023-04-01,78829,0,SKU003,63063,0
CV,135608,v1.0.0,46494,0,2023-04-01,38745,0,SKU003,77490,0
FS,81542,v1.0.0,48926,0,2023-04-01,0,0,SKU003,81542,0
MT,199232,v1.0.0,59770,0,2023-04-01,89654,0,SKU004,224136,0
GT,109761,v1.0.0,52685,0,2023-04-01,0,0,SKU004,87808,0
EC,346136,v1.0.0,48866,0,2023-04-01,101805,0,SKU004,81444,0
CV,124428,v1.0.0,42661,0,2023-04-01,35551,0,SKU004,71102,0
FS,67656,v1.0.0,40594,0,2023-04-01,0,0,SKU004,67656,0
MT,150355,v1.0.0,45107,0,2023-04-01,67660,0,SKU005,169150,0
GT,138840,v1.0.0,66643,0,2023-04-01,0,0,SKU005,111072,0
EC,321471,v1.0.0,45384,0,2023-04-01,94550,0,SKU005,75640,0
CV,212738,v1.0.0,72939,0,2023-04-01,60782,0,SKU005,121565,0
FS,123520,v1.0.0,74112,0,2023-04-01,0,0,SKU005,123520,0
MT,240030,v1.0.0,72009,0,2023-04-01,108013,0,SKU006,270033,0
GT,133258,v1.0.0,63964,0,2023-04-01,0,0,SKU006,106606,0
EC,468413,v1.0.0,66129,0,2023-04-01,137768,0,SKU006,110215,0
CV,191389,v1.0.0,65619,0,2023-04-01,54682,0,SKU006,109365,0
FS,127438,v1.0.0,76463,0,2023-04-01,0,0,SKU006,127438,0
MT,327756,v1.0.0,98327,0,2023-04-01,147490,0,SKU007,368726,0
GT,181569,v1.0.0,87153,0,2023-04-01,0,0,SKU007,145256,0
EC,567223,v1.0.0,80079,0,2023-04-01,166830,0,SKU007,133464,0
CV,274754,v1.0.0,94201,0,2023-04-01,78501,0,SKU007,157002,0
FS,139250,v1.0.0,83550,0,2023-04-01,0,0,SKU007,139250,0
MT,349052,v1.0.0,104716,0,2023-04-01,157074,0,SKU008,392684,0
GT,261056,v1.0.0,125307,0,2023-04-01,0,0,SKU008,208845,0
EC,554403,v1.0.0,78269,0,2023-04-01,163060,0,SKU008,130448,0
CV,331742,v1.0.0,113740,0,2023-04-01,94784,0,SKU008,189567,0
FS,142724,v1.0.0,85634,0,2023-04-01,0,0,SKU008,142724,0
MT,484987,v1.0.0,145496,0,2023-04-01,218244,0,SKU009,545611,0
GT,247796,v1.0.0,118942,0,2023-04-01,0,0,SKU009,198237,0
EC,686275,v1.0.0,96886,0,2023-04-01,201846,0,SKU009,161477,0
CV,340805,v1.0.0,116847,0,2023-04-01,97373,0,SKU009,194746,0
FS,166019,v1.0.0,99611,0,2023-04-01,0,0,SKU009,166019,0
MT,124456,v1.0.0,37337,0,2023-04-01,56005,0,SKU010,140013,0
GT,102229,v1.0.0,49070,0,2023-04-01,0,0,SKU010,81783,0
EC,286086,v1.0.0,40389,0,2023-04-01,84143,0,SKU010,67314,0
CV,166698,v1.0.0,57154,0,2023-04-01,47628,0,SKU010,95256,0
FS,76081,v1.0.0,45648,0,2023-04-01,0,0,SKU010,76081,0
MT,173294,v1.0.0,51988,0,2023-04-01,77982,0,SKU011,194956,0
GT,99048,v1.0.0,47543,0,2023-04-01,0,0,SKU011,79238,0
EC,348161,v1.0.0,49152,0,2023-04-01,102400,0,SKU011,81920,0
CV,160000,v1.0.0,54857,0,2023-04-01,45714,0,SKU011,91429,0
FS,80915,v1.0.0,48549,0,2023-04-01,0,0,SKU011,80915,0
MT,233975,v1.0.0,70192,0,2023-04-01,105289,0,SKU012,263222,0
GT,141984,v1.0.0,68152,0,2023-04-01,0,0,SKU012,113588,0
EC,451694,v1.0.0,63769,0,2023-04-01,132851,0,SKU012,106281,0
CV,173644,v1.0.0,59535,0,2023-04-01,49612,0,SKU012,99225,0
FS,112422,v1.0.0,67454,0,2023-04-01,0,0,SKU012,112422,0
MT,274352,v1.0.0,82306,0,2023-04-01,123459,0,SKU013,308646,0
GT,140327,v1.0.0,67357,0,2023-04-01,0,0,SKU013,112262,0
EC,450832,v1.0.0,63647,0,2023-04-01,132598,0,SKU013,106078,0
CV,188528,v1.0.0,64638,0,2023-04-01,53865,0,SKU013,107730,0
FS,148514,v1.0.0,89108,0,2023-04-01,0,0,SKU013,148514,0
MT,283597,v1.0.0,85079,0,2023-04-01,127619,0,SKU014,319046,0
GT,169260,v1.0.0,81245,0,2023-04-01,0,0,SKU014,135408,0
EC,611755,v1.0.0,86365,0,2023-04-01,179928,0,SKU014,143942,0
CV,236023,v1.0.0,80922,0,2023-04-01,67435,0,SKU014,134870,0
FS,140195,v1.0.0,84117,0,2023-04-01,0,0,SKU014,140195,0
MT,355298,v1.0.0,106589,0,2023-04-01,159884,0,SKU015,399710,0
GT,223251,v1.0.0,107160,0,2023-04-01,0,0,SKU015,178600,0
EC,649390,v1.0.0,91679,0,2023-04-01,190997,0,SKU015,152798,0
CV,360468,v1.0.0,123589,0,2023-04-01,102991,0,SKU015,205982,0
FS,189101,v1.0.0,113461,0,2023-04-01,0,0,SKU015,189101,0
MT,406715,v1.0.0,122015,0,2023-04-01,183022,0,SKU016,457555,0
GT,270928,v1.0.0,130046,0,2023-04-01,0,0,SKU016,216742,0
EC,801129,v1.0.0,113101,0,2023-04-01,235626,0,SKU016,188501,0
CV,385688,v1.0.0,132236,0,2023-04-01,110196,0,SKU016,220393,0
FS,152798,v1.0.0,91679,0,2023-04-01,0,0,SKU016,152798,0
MT,256513,v1.0.0,76954,0,2023-04-01,115431,0,SKU017,288577,0
GT,129492,v1.0.0,62156,0,2023-04-01,0,0,SKU017,103594,0
EC,395092,v1.0.0,55778,0,2023-04-01,116204,0,SKU017,92963,0
CV,206636,v1.0.0,70847,0,2023-04-01,59039,0,SKU017,118078,0
FS,133701,v1.0.0,80220,0,2023-04-01,0,0,SKU017,133701,0
MT,247765,v1.0.0,74330,0,2023-04-01,111494,0,SKU018,278736,0
GT,187249,v1.0.0,89879,0,2023-04-01,0,0,SKU018,149799,0
EC,479358,v1.0.0,67674,0,2023-04-01,140988,0,SKU018,112790,0
CV,225175,v1.0.0,77203,0,2023-04-01,64336,0,SKU018,128671,0
FS,120741,v1.0.0,72444,0,2023-04-01,0,0,SKU018,120741,0
MT,103828,v1.0.0,31148,0,2023-04-01,46722,0,SKU019,116806,0
GT,65374,v1.0.0,31379,0,2023-04-01,0,0,SKU019,52299,0
EC,215914,v1.0.0,30482,0,2023-04-01,63504,0,SKU019,50803,0
CV,80968,v1.0.0,27760,0,2023-04-01,23134,0,SKU019,46267,0
FS,48289,v1.0.0,28973,0,2023-04-01,0,0,SKU019,48289,0
MT,147834,v1.0.0,44350,0,2023-04-01,66525,0,SKU020,166313,0
GT,101668,v1.0.0,48801,0,2023-04-01,0,0,SKU020,81334,0
EC,312700,v1.0.0,44146,0,2023-04-01,91971,0,SKU020,73576,0
CV,120178,v1.0.0,41204,0,2023-04-01,34337,0,SKU020,68673,0
FS,58093,v1.0.0,34856,0,2023-04-01,0,0,SKU020,58093,0
MT,205325,v1.0.0,61598,0,2023-04-01,92396,0,SKU021,230991,0
GT,124312,v1.0.0,59670,0,2023-04-01,0,0,SKU021,99450,0
EC,333616,v1.0.0,47099,0,2023-04-01,98122,0,SKU021,78498,0
CV,145530,v1.0.0,49896,0,2023-04-01,41580,0,SKU021,83160,0
FS,79130,v1.0.0,47478,0,2023-04-01,0,0,SKU021,79130,0
MT,206853,v1.0.0,62056,0,2023-04-01,93084,0,SKU022,232710,0
GT,121570,v1.0.0,58354,0,2023-04-01,0,0,SKU022,97256,0
EC,346136,v1.0.0,48866,0,2023-04-01,101805,0,SKU022,81444,0
CV,203610,v1.0.0,69809,0,2023-04-01,58174,0,SKU022,116348,0
FS,107810,v1.0.0,64686,0,2023-04-01,0,0,SKU022,107810,0
MT,222477,v1.0.0,66743,0,2023-04-01,100115,0,SKU023,250286,0
GT,145860,v1.0.0,70013,0,2023-04-01,0,0,SKU023,116688,0
EC,357457,v1.0.0,50465,0,2023-04-01,105134,0,SKU023,84108,0
CV,208505,v1.0.0,71487,0,2023-04-01,59573,0,SKU023,119146,0
FS,114874,v1.0.0,68924,0,2023-04-01,0,0,SKU023,114874,0
MT,267152,v1.0.0,80146,0,2023-04-01,120218,0,SKU024,300546,0
GT,149699,v1.0.0,71856,0,2023-04-01,0,0,SKU024,119759,0
EC,537610,v1.0.0,75898,0,2023-04-01,158121,0,SKU024,126496,0
CV,194911,v1.0.0,66827,0,2023-04-01,55689,0,SKU024,111378,0
FS,132919,v1.0.0,79751,0,2023-04-01,0,0,SKU024,132919,0
MT,278593,v1.0.0,83578,0,2023-04-01,125367,0,SKU025,313417,0
GT,196779,v1.0.0,94454,0,2023-04-01,0,0,SKU025,157424,0
EC,704643,v1.0.0,99479,0,2023-04-01,207248,0,SKU025,165798,0
CV,238636,v1.0.0,81818,0,2023-04-01,68182,0,SKU025,136364,0
FS,164841,v1.0.0,98905,0,2023-04-01,0,0,SKU025,164841,0
MT,314959,v1.0.0,94488,0,2023-04-01,141732,0,SKU026,354329,0
GT,218583,v1.0.0,104920,0,2023-04-01,0,0,SKU026,174866,0
EC,685038,v1.0.0,96711,0,2023-04-01,201482,0,SKU026,161186,0
CV,210853,v1.0.0,72292,0,2023-04-01,60244,0,SKU026,120488,0
FS,152566,v1.0.0,91540,0,2023-04-01,0,0,SKU026,152566,0
MT,360226,v1.0.0,108068,0,2023-04-01,162102,0,SKU027,405254,0
GT,226492,v1.0.0,108716,0,2023-04-01,0,0,SKU027,181194,0
EC,772491,v1.0.0,109058,0,2023-04-01,227203,0,SKU027,181763,0
CV,356019,v1.0.0,122064,0,2023-04-01,101720,0,SKU027,203440,0
FS,184662,v1.0.0,110797,0,2023-04-01,0,0,SKU027,184662,0
MT,129956,v1.0.0,38987,0,2023-04-01,58480,0,SKU028,146201,0
GT,103545,v1.0.0,49702,0,2023-04-01,0,0,SKU028,82836,0
EC,322521,v1.0.0,45532,0,2023-04-01,94859,0,SKU028,75887,0
CV,114903,v1.0.0,39395,0,2023-04-01,32829,0,SKU028,65659,0
FS,77123,v1.0.0,46274,0,2023-04-01,0,0,SKU028,77123,0
MT,229964,v1.0.0,68989,0,2023-04-01,103484,0,SKU029,258710,0
GT,115818,v1.0.0,55593,0,2023-04-01,0,0,SKU029,92654,0
EC,372339,v1.0.0,52565,0,2023-04-01,109511,0,SKU029,87609,0
CV,216178,v1.0.0,74118,0,2023-04-01,61765,0,SKU029,123530,0
FS,87969,v1.0.0,52782,0,2023-04-01,0,0,SKU029,87969,0
MT,218695,v1.0.0,65608,0,2023-04-01,98413,0,SKU030,246032,0
GT,149906,v1.0.0,71955,0,2023-04-01,0,0,SKU030,119925,0
EC,449820,v1.0.0,63504,0,2023-04-01,132300,0,SKU030,105840,0
CV,203411,v1.0.0,69741,0,2023-04-01,58118,0,SKU030,116235,0
FS,119660,v1.0.0,71796,0,2023-04-01,0,0,SKU030,119660,0
MT,276530,v1.0.0,82959,0,2023-04-01,124438,0,SKU031,311096,0
GT,162557,v1.0.0,78027,0,2023-04-01,0,0,SKU031,130046,0
EC,579031,v1.0.0,81746,0,2023-04-01,170303,0,SKU031,136243,0
CV,215864,v1.0.0,74011,0,2023-04-01,61675,0,SKU031,123351,0
FS,110560,v1.0.0,66336,0,2023-04-01,0,0,SKU031,110560,0
MT,356941,v1.0.0,107082,0,2023-04-01,160623,0,SKU032,401558,0
GT,180960,v1.0.0,86861,0,2023-04-01,0,0,SKU032,144768,0
EC,657337,v1.0.0,92801,0,2023-04-01,193334,0,SKU032,154668,0
CV,262483,v1.0.0,89994,0,2023-04-01,74995,0,SKU032,149990,0
FS,138342,v1.0.0,83005,0,2023-04-01,0,0,SKU032,138342,0
MT,363435,v1.0.0,109030,0,2023-04-01,163546,0,SKU033,408864,0
GT,231904,v1.0.0,111314,0,2023-04-01,0,0,SKU033,185523,0
EC,697296,v1.0.0,98442,0,2023-04-01,205087,0,SKU033,164070,0
CV,406260,v1.0.0,139289,0,2023-04-01,116074,0,SKU033,232149,0
FS,179509,v1.0.0,107706,0,2023-04-01,0,0,SKU033,179509,0
MT,207082,v1.0.0,62125,0,2023-04-01,93187,0,SKU034,232967,0
GT,115976,v1.0.0,55669,0,2023-04-01,0,0,SKU034,92781,0
EC,415184,v1.0.0,58614,0,2023-04-01,122113,0,SKU034,97690,0
CV,157371,v1.0.0,53956,0,2023-04-01,44963,0,SKU034,89926,0
FS,110647,v1.0.0,66388,0,2023-04-01,0,0,SKU034,110647,0
MT,185079,v1.0.0,55524,0,2023-04-01,83286,0,SKU035,208214,0
GT,191648,v1.0.0,91991,0,2023-04-01,0,0,SKU035,153319,0
EC,426954,v1.0.0,60276,0,2023-04-01,125575,0,SKU035,100460,0
CV,205230,v1.0.0,70365,0,2023-04-01,58637,0,SKU035,117274,0
FS,127959,v1.0.0,76775,0,2023-04-01,0,0,SKU035,127959,0
MT,270609,v1.0.0,81183,0,2023-04-01,121774,0,SKU036,304435,0
GT,207431,v1.0.0,99567,0,2023-04-01,0,0,SKU036,165945,0
EC,489704,v1.0.0,69135,0,2023-04-01,144031,0,SKU036,115224,0
CV,234303,v1.0.0,80333,0,2023-04-01,66944,0,SKU036,133888,0
FS,159804,v1.0.0,95882,0,2023-04-01,0,0,SKU036,159804,0
MT,81137,v1.0.0,24341,0,2023-05-01,36512,0,SKU001,91279,0
GT,56160,v1.0.0,26957,0,2023-05-01,0,0,SKU001,44928,0
EC,211865,v1.0.0,29910,0,2023-05-01,62313,0,SKU001,49851,0
CV,69656,v1.0.0,23882,0,2023-05-01,19902,0,SKU001,39803,0
FS,43425,v1.0.0,26055,0,2023-05-01,0,0,SKU001,43425,0
MT,105126,v1.0.0,31538,0,2023-05-01,47307,0,SKU002,118267,0
GT,56075,v1.0.0,26916,0,2023-05-01,0,0,SKU002,44860,0
EC,199870,v1.0.0,28217,0,2023-05-01,58785,0,SKU002,47028,0
CV,88889,v1.0.0,30476,0,2023-05-01,25397,0,SKU002,50794,0
FS,62242,v1.0.0,37346,0,2023-05-01,0,0,SKU002,62242,0
MT,100275,v1.0.0,30082,0,2023-05-01,45124,0,SKU003,112809,0
GT,109078,v1.0.0,52358,0,2023-05-01,0,0,SKU003,87262,0
EC,266144,v1.0.0,37573,0,2023-05-01,78278,0,SKU003,62622,0
CV,94264,v1.0.0,32319,0,2023-05-01,26932,0,SKU003,53865,0
FS,77200,v1.0.0,46320,0,2023-05-01,0,0,SKU003,77200,0
MT,182902,v1.0.0,54870,0,2023-05-01,82306,0,SKU004,205764,0
GT,106982,v1.0.0,51351,0,2023-05-01,0,0,SKU004,85586,0
EC,333317,v1.0.0,47056,0,2023-05-01,98034,0,SKU004,78427,0
CV,143281,v1.0.0,49125,0,2023-05-01,40937,0,SKU004,81875,0
FS,84708,v1.0.0,50825,0,2023-05-01,0,0,SKU004,84708,0
MT,194362,v1.0.0,58308,0,2023-05-01,87463,0,SKU005,218657,0
GT,114660,v1.0.0,55037,0,2023-05-01,0,0,SKU005,91728,0
EC,287885,v1.0.0,40643,0,2023-05-01,84672,0,SKU005,67738,0
CV,167227,v1.0.0,57335,0,2023-05-01,47779,0,SKU005,95558,0
FS,96963,v1.0.0,58178,0,2023-05-01,0,0,SKU005,96963,0
MT,246810,v1.0.0,74043,0,2023-05-01,111065,0,SKU006,277661,0
GT,135854,v1.0.0,65210,0,2023-05-01,0,0,SKU006,108683,0
EC,473735,v1.0.0,66880,0,2023-05-01,139334,0,SKU006,111467,0
CV,193737,v1.0.0,66424,0,2023-05-01,55353,0,SKU006,110707,0
FS,121957,v1.0.0,73174,0,2023-05-01,0,0,SKU006,121957,0
MT,229429,v1.0.0,68829,0,2023-05-01,103243,0,SKU007,258108,0
GT,161606,v1.0.0,77571,0,2023-05-01,0,0,SKU007,129285,0
EC,441498,v1.0.0,62329,0,2023-05-01,129852,0,SKU007,103882,0
CV,295393,v1.0.0,101278,0,2023-05-01,84398,0,SKU007,168796,0
FS,118927,v1.0.0,71356,0,2023-05-01,0,0,SKU007,118927,0
MT,298724,v1.0.0,89617,0,2023-05-01,134426,0,SKU008,336064,0
GT,217547,v1.0.0,104422,0,2023-05-01,0,0,SKU008,174038,0
EC,643617,v1.0.0,90864,0,2023-05-01,189299,0,SKU008,151439,0
CV,247401,v1.0.0,84823,0,2023-05-01,70686,0,SKU008,141372,0
FS,149286,v1.0.0,89571,0,2023-05-01,0,0,SKU008,149286,0
MT,354954,v1.0.0,106486,0,2023-05-01,159729,0,SKU009,399324,0
GT,232099,v1.0.0,111407,0,2023-05-01,0,0,SKU009,185679,0
EC,738005,v1.0.0,104189,0,2023-05-01,217060,0,SKU009,173648,0
CV,273861,v1.0.0,93895,0,2023-05-01,78246,0,SKU009,156492,0
FS,197979,v1.0.0,118788,0,2023-05-01,0,0,SKU009,197979,0
MT,142333,v1.0.0,42700,0,2023-05-01,64050,0,SKU010,160125,0
GT,79414,v1.0.0,38119,0,2023-05-01,0,0,SKU010,63531,0
EC,330618,v1.0.0,46675,0,2023-05-01,97240,0,SKU010,77792,0
CV,96447,v1.0.0,33067,0,2023-05-01,27556,0,SKU010,55112,0
FS,67743,v1.0.0,40646,0,2023-05-01,0,0,SKU010,67743,0
MT,183971,v1.0.0,55191,0,2023-05-01,82787,0,SKU011,206968,0
GT,113722,v1.0.0,54586,0,2023-05-01,0,0,SKU011,90977,0
EC,349773,v1.0.0,49380,0,2023-05-01,102874,0,SKU011,82299,0
CV,139378,v1.0.0,47787,0,2023-05-01,39822,0,SKU011,79645,0
FS,109547,v1.0.0,65728,0,2023-05-01,0,0,SKU011,109547,0
MT,217740,v1.0.0,65322,0,2023-05-01,97983,0,SKU012,244958,0
GT,107859,v1.0.0,51772,0,2023-05-01,0,0,SKU012,86288,0
EC,442323,v1.0.0,62446,0,2023-05-01,130095,0,SKU012,104076,0
CV,171990,v1.0.0,58968,0,2023-05-01,49140,0,SKU012,98280,0
FS,87815,v1.0.0,52689,0,2023-05-01,0,0,SKU012,87815,0
MT,240603,v1.0.0,72181,0,2023-05-01,108271,0,SKU013,270678,0
GT,169504,v1.0.0,81362,0,2023-05-01,0,0,SKU013,135603,0
EC,529888,v1.0.0,74808,0,2023-05-01,155849,0,SKU013,124680,0
CV,222462,v1.0.0,76273,0,2023-05-01,63561,0,SKU013,127121,0
FS,125411,v1.0.0,75247,0,2023-05-01,0,0,SKU013,125411,0
MT,257926,v1.0.0,77378,0,2023-05-01,116067,0,SKU014,290167,0
GT,166920,v1.0.0,80122,0,2023-05-01,0,0,SKU014,133536,0
EC,623750,v1.0.0,88059,0,2023-05-01,183456,0,SKU014,146765,0
CV,225439,v1.0.0,77293,0,2023-05-01,64411,0,SKU014,128822,0
FS,158723,v1.0.0,95234,0,2023-05-01,0,0,SKU014,158723,0
MT,360723,v1.0.0,108217,0,2023-05-01,162325,0,SKU015,405813,0
GT,164409,v1.0.0,78916,0,2023-05-01,0,0,SKU015,131528,0
EC,500350,v1.0.0,70638,0,2023-05-01,147162,0,SKU015,117729,0
CV,259490,v1.0.0,88968,0,2023-05-01,74140,0,SKU015,148280,0
FS,157584,v1.0.0,94551,0,2023-05-01,0,0,SKU015,157584,0
MT,369470,v1.0.0,110841,0,2023-05-01,166262,0,SKU016,415654,0
GT,244311,v1.0.0,117269,0,2023-05-01,0,0,SKU016,195448,0
EC,742653,v1.0.0,104845,0,2023-05-01,218427,0,SKU016,174742,0
CV,288943,v1.0.0,99066,0,2023-05-01,82555,0,SKU016,165110,0
FS,206992,v1.0.0,124196,0,2023-05-01,0,0,SKU016,206992,0
MT,185079,v1.0.0,55524,0,2023-05-01,83286,0,SKU017,208214,0
GT,125348,v1.0.0,60167,0,2023-05-01,0,0,SKU017,100279,0
EC,331367,v1.0.0,46781,0,2023-05-01,97461,0,SKU017,77969,0
CV,154626,v1.0.0,53014,0,2023-05-01,44179,0,SKU017,88358,0
FS,129600,v1.0.0,77760,0,2023-05-01,0,0,SKU017,129600,0
MT,237222,v1.0.0,71167,0,2023-05-01,106750,0,SKU018,266875,0
GT,137914,v1.0.0,66199,0,2023-05-01,0,0,SKU018,110331,0
EC,406937,v1.0.0,57450,0,2023-05-01,119687,0,SKU018,95750,0
CV,202353,v1.0.0,69378,0,2023-05-01,57815,0,SKU018,115630,0
FS,113638,v1.0.0,68183,0,2023-05-01,0,0,SKU018,113638,0
MT,98327,v1.0.0,29498,0,2023-05-01,44247,0,SKU019,110618,0
GT,46508,v1.0.0,22324,0,2023-05-01,0,0,SKU019,37206,0
EC,194322,v1.0.0,27434,0,2023-05-01,57154,0,SKU019,45723,0
CV,63107,v1.0.0,21637,0,2023-05-01,18031,0,SKU019,36061,0
FS,44815,v1.0.0,26889,0,2023-05-01,0,0,SKU019,44815,0
MT,125659,v1.0.0,37698,0,2023-05-01,56546,0,SKU020,141366,0
GT,79133,v1.0.0,37984,0,2023-05-01,0,0,SKU020,63307,0
EC,235331,v1.0.0,33223,0,2023-05-01,69215,0,SKU020,55372,0
CV,86756,v1.0.0,29745,0,2023-05-01,24787,0,SKU020,49575,0
FS,58508,v1.0.0,35105,0,2023-05-01,0,0,SKU020,58508,0
MT,139430,v1.0.0,41829,0,2023-05-01,62743,0,SKU021,156859,0
GT,101156,v1.0.0,48555,0,2023-05-01,0,0,SKU021,80925,0
EC,322371,v1.0.0,45511,0,2023-05-01,94815,0,SKU021,75852,0
CV,141396,v1.0.0,48478,0,2023-05-01,40399,0,SKU021,80798,0
FS,59348,v1.0.0,35608,0,2023-05-01,0,0,SKU021,59348,0
MT,207942,v1.0.0,62383,0,2023-05-01,93574,0,SKU022,233934,0
GT,111150,v1.0.0,53352,0,2023-05-01,0,0,SKU022,88920,0
EC,416646,v1.0.0,58821,0,2023-05-01,122543,0,SKU022,98034,0
CV,133855,v1.0.0,45893,0,2023-05-01,38244,0,SKU022,76488,0
FS,96809,v1.0.0,58085,0,2023-05-01,0,0,SKU022,96809,0
MT,242035,v1.0.0,72611,0,2023-05-01,108916,0,SKU023,272290,0
GT,138840,v1.0.0,66643,0,2023-05-01,0,0,SKU023,111072,0
EC,391044,v1.0.0,55206,0,2023-05-01,115013,0,SKU023,92010,0
CV,156643,v1.0.0,53706,0,2023-05-01,44755,0,SKU023,89510,0
FS,117962,v1.0.0,70777,0,2023-05-01,0,0,SKU023,117962,0
MT,283425,v1.0.0,85027,0,2023-05-01,127541,0,SKU024,318853,0
GT,153160,v1.0.0,73517,0,2023-05-01,0,0,SKU024,122528,0
EC,396554,v1.0.0,55984,0,2023-05-01,116633,0,SKU024,93307,0
CV,233658,v1.0.0,80111,0,2023-05-01,66760,0,SKU024,133519,0
FS,153474,v1.0.0,92084,0,2023-05-01,0,0,SKU024,153474,0
MT,207082,v1.0.0,62125,0,2023-05-01,93187,0,SKU025,232967,0
GT,212940,v1.0.0,102211,0,2023-05-01,0,0,SKU025,170352,0
EC,394717,v1.0.0,55725,0,2023-05-01,116093,0,SKU025,92875,0
CV,256695,v1.0.0,88010,0,2023-05-01,73341,0,SKU025,146683,0
FS,140755,v1.0.0,84453,0,2023-05-01,0,0,SKU025,140755,0
MT,355546,v1.0.0,106664,0,2023-05-01,159996,0,SKU026,399990,0
GT,202008,v1.0.0,96964,0,2023-05-01,0,0,SKU026,161606,0
EC,614941,v1.0.0,86815,0,2023-05-01,180865,0,SKU026,144692,0
CV,268486,v1.0.0,92052,0,2023-05-01,76710,0,SKU026,153421,0
FS,168151,v1.0.0,100891,0,2023-05-01,0,0,SKU026,168151,0
MT,354954,v1.0.0,106486,0,2023-05-01,159729,0,SKU027,399324,0
GT,269100,v1.0.0,129168,0,2023-05-01,0,0,SKU027,215280,0
EC,517293,v1.0.0,73030,0,2023-05-01,152145,0,SKU027,121716,0
CV,299726,v1.0.0,102763,0,2023-05-01,85636,0,SKU027,171272,0
FS,205082,v1.0.0,123049,0,2023-05-01,0,0,SKU027,205082,0
MT,154710,v1.0.0,46413,0,2023-05-01,69620,0,SKU028,174049,0
GT,83801,v1.0.0,40225,0,2023-05-01,0,0,SKU028,67041,0
EC,322521,v1.0.0,45532,0,2023-05-01,94859,0,SKU028,75887,0
CV,116689,v1.0.0,40008,0,2023-05-01,33340,0,SKU028,66679,0
FS,63922,v1.0.0,38353,0,2023-05-01,0,0,SKU028,63922,0
MT,175758,v1.0.0,52727,0,2023-05-01,79091,0,SKU029,197728,0
GT,133636,v1.0.0,64145,0,2023-05-01,0,0,SKU029,106909,0
EC,422306,v1.0.0,59620,0,2023-05-01,124208,0,SKU029,99366,0
CV,150045,v1.0.0,51444,0,2023-05-01,42870,0,SKU029,85740,0
FS,90874,v1.0.0,54524,0,2023-05-01,0,0,SKU029,90874,0
MT,218695,v1.0.0,65608,0,2023-05-01,98413,0,SKU030,246032,0
GT,111516,v1.0.0,53528,0,2023-05-01,0,0,SKU030,89212,0
EC,444197,v1.0.0,62710,0,2023-05-01,130646,0,SKU030,104517,0
CV,169509,v1.0.0,58118,0,2023-05-01,48431,0,SKU030,96862,0
FS,102772,v1.0.0,61664,0,2023-05-01,0,0,SKU030,102772,0
MT,284151,v1.0.0,85245,0,2023-05-01,127868,0,SKU031,319670,0
GT,176451,v1.0.0,84696,0,2023-05-01,0,0,SKU031,141160,0
EC,403826,v1.0.0,57011,0,2023-05-01,118772,0,SKU031,95018,0
CV,256397,v1.0.0,87908,0,2023-05-01,73256,0,SKU031,146513,0
FS,101759,v1.0.0,61056,0,2023-05-01,0,0,SKU031,101759,0
MT,261594,v1.0.0,78478,0,2023-05-01,117717,0,SKU032,294293,0
GT,196560,v1.0.0,94349,0,2023-05-01,0,0,SKU032,157248,0
EC,676529,v1.0.0,95510,0,2023-05-01,198979,0,SKU032,159183,0
CV,159818,v1.0.0,54795,0,2023-05-01,45662,0,SKU032,91325,0
FS,160576,v1.0.0,96346,0,2023-05-01,0,0,SKU032,160576,0
MT,398693,v1.0.0,119608,0,2023-05-01,179412,0,SKU033,448530,0
GT,202483,v1.0.0,97192,0,2023-05-01,0,0,SKU033,161986,0
EC,609469,v1.0.0,86043,0,2023-05-01,179255,0,SKU033,143404,0
CV,297063,v1.0.0,101850,0,2023-05-01,84875,0,SKU033,169750,0
FS,146622,v1.0.0,87973,0,2023-05-01,0,0,SKU033,146622,0
MT,202613,v1.0.0,60784,0,2023-05-01,91176,0,SKU034,227939,0
GT,103618,v1.0.0,49737,0,2023-05-01,0,0,SKU034,82894,0
EC,312850,v1.0.0,44167,0,2023-05-01,92015,0,SKU034,73612,0
CV,168980,v1.0.0,57936,0,2023-05-01,48280,0,SKU034,96560,0
FS,91829,v1.0.0,55098,0,2023-05-01,0,0,SKU034,91829,0
MT,193196,v1.0.0,57959,0,2023-05-01,86938,0,SKU035,217346,0
GT,128456,v1.0.0,61659,0,2023-05-01,0,0,SKU035,102765,0
EC,474748,v1.0.0,67023,0,2023-05-01,139632,0,SKU035,111705,0
CV,174305,v1.0.0,59762,0,2023-05-01,49802,0,SKU035,99603,0
FS,114835,v1.0.0,68901,0,2023-05-01,0,0,SKU035,114835,0
MT,235465,v1.0.0,70639,0,2023-05-01,105959,0,SKU036,264898,0
GT,174915,v1.0.0,83959,0,2023-05-01,0,0,SKU036,139932,0
EC,472461,v1.0.0,66700,0,2023-05-01,138959,0,SKU036,111167,0
CV,214524,v1.0.0,73551,0,2023-05-01,61293,0,SKU036,122585,0
FS,120741,v1.0.0,72444,0,2023-05-01,0,0,SKU036,120741,0
MT,81137,v1.0.0,24341,0,2023-06-01,36512,0,SKU001,91279,0
GT,60548,v1.0.0,29063,0,2023-06-01,0,0,SKU001,48438,0
EC,197021,v1.0.0,27815,0,2023-06-01,57947,0,SKU001,46358,0
CV,69656,v1.0.0,23882,0,2023-06-01,19902,0,SKU001,39803,0
FS,50026,v1.0.0,30015,0,2023-06-01,0,0,SKU001,50026,0
MT,119910,v1.0.0,35973,0,2023-06-01,53959,0,SKU002,134899,0
GT,79658,v1.0.0,38236,0,2023-06-01,0,0,SKU002,63726,0
EC,246614,v1.0.0,34816,0,2023-06-01,72533,0,SKU002,58027,0
CV,113067,v1.0.0,38766,0,2023-06-01,32305,0,SKU002,64610,0
FS,63072,v1.0.0,37843,0,2023-06-01,0,0,SKU002,63072,0
MT,120330,v1.0.0,36099,0,2023-06-01,54148,0,SKU003,135371,0
GT,105422,v1.0.0,50602,0,2023-06-01,0,0,SKU003,84338,0
EC,333616,v1.0.0,47099,0,2023-06-01,98122,0,SKU003,78498,0
CV,153799,v1.0.0,52731,0,2023-06-01,43942,0,SKU003,87885,0
FS,58382,v1.0.0,35030,0,2023-06-01,0,0,SKU003,58382,0
MT,166571,v1.0.0,49971,0,2023-06-01,74957,0,SKU004,187393,0
GT,116708,v1.0.0,56020,0,2023-06-01,0,0,SKU004,93366,0
EC,378186,v1.0.0,53391,0,2023-06-01,111231,0,SKU004,88985,0
CV,166847,v1.0.0,57205,0,2023-06-01,47671,0,SKU004,95341,0
FS,81407,v1.0.0,48844,0,2023-06-01,0,0,SKU004,81407,0
MT,204141,v1.0.0,61242,0,2023-06-01,91863,0,SKU005,229658,0
GT,131820,v1.0.0,63274,0,2023-06-01,0,0,SKU005,105456,0
EC,376649,v1.0.0,53174,0,2023-06-01,110779,0,SKU005,88623,0
CV,194746,v1.0.0,66770,0,2023-06-01,55642,0,SKU005,111283,0
FS,113638,v1.0.0,68183,0,2023-06-01,0,0,SKU005,113638,0
MT,242742,v1.0.0,72823,0,2023-06-01,109234,0,SKU006,273085,0
GT,154891,v1.0.0,74348,0,2023-06-01,0,0,SKU006,123913,0
EC,407200,v1.0.0,57487,0,2023-06-01,119765,0,SKU006,95812,0
CV,187866,v1.0.0,64411,0,2023-06-01,53676,0,SKU006,107352,0
FS,117161,v1.0.0,70296,0,2023-06-01,0,0,SKU006,117161,0
MT,272633,v1.0.0,81790,0,2023-06-01,122685,0,SKU007,306713,0
GT,177767,v1.0.0,85328,0,2023-06-01,0,0,SKU007,142214,0
EC,374250,v1.0.0,52835,0,2023-06-01,110074,0,SKU007,88059,0
CV,225737,v1.0.0,77396,0,2023-06-01,64496,0,SKU007,128992,0
FS,136239,v1.0.0,81743,0,2023-06-01,0,0,SKU007,136239,0
MT,379899,v1.0.0,113970,0,2023-06-01,170955,0,SKU008,427386,0
GT,202008,v1.0.0,96964,0,2023-06-01,0,0,SKU008,161606,0
EC,487492,v1.0.0,68822,0,2023-06-01,143380,0,SKU008,114704,0
CV,258647,v1.0.0,88679,0,2023-06-01,73899,0,SKU008,147798,0
FS,150926,v1.0.0,90556,0,2023-06-01,0,0,SKU008,150926,0
MT,349683,v1.0.0,104905,0,2023-06-01,157357,0,SKU009,393393,0
GT,204068,v1.0.0,97952,0,2023-06-01,0,0,SKU009,163254,0
EC,682827,v1.0.0,96399,0,2023-06-01,200831,0,SKU009,160665,0
CV,311897,v1.0.0,106936,0,2023-06-01,89114,0,SKU009,178227,0
FS,218399,v1.0.0,131039,0,2023-06-01,0,0,SKU009,218399,0
MT,136145,v1.0.0,40843,0,2023-06-01,61265,0,SKU010,153163,0
GT,103984,v1.0.0,49912,0,2023-06-01,0,0,SKU010,83187,0
EC,264494,v1.0.0,37340,0,2023-06-01,77792,0,SKU010,62234,0
CV,89898,v1.0.0,30822,0,2023-06-01,25685,0,SKU010,51370,0
FS,60448,v1.0.0,36269,0,2023-06-01,0,0,SKU010,60448,0
MT,188078,v1.0.0,56423,0,2023-06-01,84635,0,SKU011,211587,0
GT,107957,v1.0.0,51819,0,2023-06-01,0,0,SKU011,86366,0
EC,348161,v1.0.0,49152,0,2023-06-01,102400,0,SKU011,81920,0
CV,125867,v1.0.0,43154,0,2023-06-01,35962,0,SKU011,71924,0
FS,86310,v1.0.0,51786,0,2023-06-01,0,0,SKU011,86310,0
MT,191000,v1.0.0,57300,0,2023-06-01,85950,0,SKU012,214875,0
GT,190125,v1.0.0,91260,0,2023-06-01,0,0,SKU012,152100,0
EC,327994,v1.0.0,46305,0,2023-06-01,96469,0,SKU012,77175,0
CV,184393,v1.0.0,63220,0,2023-06-01,52684,0,SKU012,105368,0
FS,99878,v1.0.0,59926,0,2023-06-01,0,0,SKU012,99878,0
MT,299392,v1.0.0,89818,0,2023-06-01,134727,0,SKU013,336817,0
GT,147968,v1.0.0,71025,0,2023-06-01,0,0,SKU013,118375,0
EC,596124,v1.0.0,84159,0,2023-06-01,175331,0,SKU013,140264,0
CV,207380,v1.0.0,71102,0,2023-06-01,59252,0,SKU013,118503,0
FS,129262,v1.0.0,77557,0,2023-06-01,0,0,SKU013,129262,0
MT,314157,v1.0.0,94247,0,2023-06-01,141371,0,SKU014,353426,0
GT,212160,v1.0.0,101837,0,2023-06-01,0,0,SKU014,169728,0
EC,606957,v1.0.0,85688,0,2023-06-01,178517,0,SKU014,142813,0
CV,250841,v1.0.0,86003,0,2023-06-01,71669,0,SKU014,143338,0
FS,130931,v1.0.0,78559,0,2023-06-01,0,0,SKU014,130931,0
MT,282069,v1.0.0,84621,0,2023-06-01,126931,0,SKU015,317327,0
GT,196426,v1.0.0,94284,0,2023-06-01,0,0,SKU015,157141,0
EC,518980,v1.0.0,73268,0,2023-06-01,152641,0,SKU015,122113,0
CV,295889,v1.0.0,101448,0,2023-06-01,84540,0,SKU015,169079,0
FS,184305,v1.0.0,110583,0,2023-06-01,0,0,SKU015,184305,0
MT,440981,v1.0.0,132294,0,2023-06-01,198441,0,SKU016,496103,0
GT,220545,v1.0.0,105862,0,2023-06-01,0,0,SKU016,176436,0
EC,649090,v1.0.0,91636,0,2023-06-01,190909,0,SKU016,152727,0
CV,285073,v1.0.0,97739,0,2023-06-01,81450,0,SKU016,162899,0
FS,176884,v1.0.0,106131,0,2023-06-01,0,0,SKU016,176884,0
MT,163974,v1.0.0,49192,0,2023-06-01,73788,0,SKU017,184470,0
GT,131564,v1.0.0,63151,0,2023-06-01,0,0,SKU017,105251,0
EC,414209,v1.0.0,58477,0,2023-06-01,121826,0,SKU017,97461,0
CV,123701,v1.0.0,42412,0,2023-06-01,35343,0,SKU017,70686,0
FS,88587,v1.0.0,53152,0,2023-06-01,0,0,SKU017,88587,0
MT,230193,v1.0.0,69058,0,2023-06-01,103587,0,SKU018,258967,0
GT,141278,v1.0.0,67813,0,2023-06-01,0,0,SKU018,113022,0
EC,441423,v1.0.0,62319,0,2023-06-01,129830,0,SKU018,103864,0
CV,223653,v1.0.0,76681,0,2023-06-01,63901,0,SKU018,127802,0
FS,123404,v1.0.0,74043,0,2023-06-01,0,0,SKU018,123404,0
MT,107266,v1.0.0,32180,0,2023-06-01,48270,0,SKU019,120674,0
GT,57038,v1.0.0,27378,0,2023-06-01,0,0,SKU019,45630,0
EC,157887,v1.0.0,22290,0,2023-06-01,46437,0,SKU019,37150,0
CV,73823,v1.0.0,25311,0,2023-06-01,21092,0,SKU019,42185,0
FS,46552,v1.0.0,27931,0,2023-06-01,0,0,SKU019,46552,0
MT,128123,v1.0.0,38437,0,2023-06-01,57655,0,SKU020,144138,0
GT,90663,v1.0.0,43518,0,2023-06-01,0,0,SKU020,72530,0
EC,285298,v1.0.0,40277,0,2023-06-01,83911,0,SKU020,67129,0
CV,91733,v1.0.0,31451,0,2023-06-01,26210,0,SKU020,52419,0
FS,63487,v1.0.0,38092,0,2023-06-01,0,0,SKU020,63487,0
MT,152800,v1.0.0,45840,0,2023-06-01,68760,0,SKU021,171900,0
GT,112125,v1.0.0,53820,0,2023-06-01,0,0,SKU021,89700,0
EC,329868,v1.0.0,46570,0,2023-06-01,97020,0,SKU021,77616,0
CV,151318,v1.0.0,51880,0,2023-06-01,43234,0,SKU021,86468,0
FS,79612,v1.0.0,47768,0,2023-06-01,0,0,SKU021,79612,0
MT,154595,v1.0.0,46379,0,2023-06-01,69568,0,SKU022,173920,0
GT,90309,v1.0.0,43348,0,2023-06-01,0,0,SKU022,72248,0
EC,333317,v1.0.0,47056,0,2023-06-01,98034,0,SKU022,78427,0
CV,139510,v1.0.0,47832,0,2023-06-01,39860,0,SKU022,79720,0
FS,78657,v1.0.0,47194,0,2023-06-01,0,0,SKU022,78657,0
MT,224922,v1.0.0,67476,0,2023-06-01,101215,0,SKU023,253037,0
GT,143520,v1.0.0,68890,0,2023-06-01,0,0,SKU023,114816,0
EC,410236,v1.0.0,57916,0,2023-06-01,120658,0,SKU023,96526,0
CV,205330,v1.0.0,70399,0,2023-06-01,58666,0,SKU023,117331,0
FS,86464,v1.0.0,51878,0,2023-06-01,0,0,SKU023,86464,0
MT,237318,v1.0.0,71195,0,2023-06-01,106793,0,SKU024,266982,0
GT,181716,v1.0.0,87224,0,2023-06-01,0,0,SKU024,145372,0
EC,476397,v1.0.0,67256,0,2023-06-01,140117,0,SKU024,112093,0
CV,200782,v1.0.0,68839,0,2023-06-01,57366,0,SKU024,114732,0
FS,123327,v1.0.0,73996,0,2023-06-01,0,0,SKU024,123327,0
MT,278593,v1.0.0,83578,0,2023-06-01,125367,0,SKU025,313417,0
GT,112174,v1.0.0,53843,0,2023-06-01,0,0,SKU025,89739,0
EC,494127,v1.0.0,69759,0,2023-06-01,145332,0,SKU025,116265,0
CV,237346,v1.0.0,81376,0,2023-06-01,67813,0,SKU025,135626,0
FS,146776,v1.0.0,88066,0,2023-06-01,0,0,SKU025,146776,0
MT,316582,v1.0.0,94975,0,2023-06-01,142462,0,SKU026,356155,0
GT,237230,v1.0.0,113870,0,2023-06-01,0,0,SKU026,189784,0
EC,662735,v1.0.0,93563,0,2023-06-01,194922,0,SKU026,155938,0
CV,324714,v1.0.0,111330,0,2023-06-01,92775,0,SKU026,185551,0
FS,173893,v1.0.0,104336,0,2023-06-01,0,0,SKU026,173893,0
MT,302238,v1.0.0,90672,0,2023-06-01,136007,0,SKU027,340018,0
GT,190612,v1.0.0,91494,0,2023-06-01,0,0,SKU027,152490,0
EC,686275,v1.0.0,96886,0,2023-06-01,201846,0,SKU027,161477,0
CV,340805,v1.0.0,116847,0,2023-06-01,97373,0,SKU027,194746,0
FS,193540,v1.0.0,116124,0,2023-06-01,0,0,SKU027,193540,0
MT,159523,v1.0.0,47857,0,2023-06-01,71785,0,SKU028,179464,0
GT,101790,v1.0.0,48859,0,2023-06-01,0,0,SKU028,81432,0
EC,336016,v1.0.0,47437,0,2023-06-01,98828,0,SKU028,79062,0
CV,113712,v1.0.0,38987,0,2023-06-01,32489,0,SKU028,64978,0
FS,59405,v1.0.0,35643,0,2023-06-01,0,0,SKU028,59405,0
MT,193827,v1.0.0,58148,0,2023-06-01,87222,0,SKU029,218055,0
GT,124203,v1.0.0,59617,0,2023-06-01,0,0,SKU029,99362,0
EC,286910,v1.0.0,40505,0,2023-06-01,84385,0,SKU029,67508,0
CV,166400,v1.0.0,57052,0,2023-06-01,47543,0,SKU029,95086,0
FS,91289,v1.0.0,54773,0,2023-06-01,0,0,SKU029,91289,0
MT,238750,v1.0.0,71625,0,2023-06-01,107437,0,SKU030,268594,0
GT,123094,v1.0.0,59085,0,2023-06-01,0,0,SKU030,98475,0
EC,459191,v1.0.0,64827,0,2023-06-01,135056,0,SKU030,108045,0
CV,167029,v1.0.0,57267,0,2023-06-01,47722,0,SKU030,95445,0
FS,104702,v1.0.0,62822,0,2023-06-01,0,0,SKU030,104702,0
MT,283062,v1.0.0,84919,0,2023-06-01,127378,0,SKU031,318445,0
GT,179229,v1.0.0,86030,0,2023-06-01,0,0,SKU031,143384,0
EC,521341,v1.0.0,73601,0,2023-06-01,153336,0,SKU031,122669,0
CV,187585,v1.0.0,64315,0,2023-06-01,53596,0,SKU031,107191,0
FS,150714,v1.0.0,90428,0,2023-06-01,0,0,SKU031,150714,0
MT,250592,v1.0.0,75178,0,2023-06-01,112766,0,SKU032,281916,0
GT,161460,v1.0.0,77501,0,2023-06-01,0,0,SKU032,129168,0
EC,381447,v1.0.0,53851,0,2023-06-01,112190,0,SKU032,89752,0
CV,301644,v1.0.0,103421,0,2023-06-01,86184,0,SKU032,172368,0
FS,182810,v1.0.0,109686,0,2023-06-01,0,0,SKU032,182810,0
MT,347162,v1.0.0,104148,0,2023-06-01,156223,0,SKU033,390557,0
GT,202483,v1.0.0,97192,0,2023-06-01,0,0,SKU033,161986,0
EC,777139,v1.0.0,109714,0,2023-06-01,228570,0,SKU033,182856,0
CV,278276,v1.0.0,95409,0,2023-06-01,79508,0,SKU033,159015,0
FS,164436,v1.0.0,98662,0,2023-06-01,0,0,SKU033,164436,0
MT,154939,v1.0.0,46482,0,2023-06-01,69723,0,SKU034,174307,0
GT,114075,v1.0.0,54756,0,2023-06-01,0,0,SKU034,91260,0
EC,336240,v1.0.0,47469,0,2023-06-01,98894,0,SKU034,79115,0
CV,176720,v1.0.0,60590,0,2023-06-01,50491,0,SKU034,100983,0
FS,93335,v1.0.0,56001,0,2023-06-01,0,0,SKU034,93335,0
MT,235408,v1.0.0,70622,0,2023-06-01,105933,0,SKU035,264833,0
GT,127420,v1.0.0,61162,0,2023-06-01,0,0,SKU035,101936,0
EC,430140,v1.0.0,60726,0,2023-06-01,126512,0,SKU035,101210,0
CV,185551,v1.0.0,63617,0,2023-06-01,53014,0,SKU035,106029,0
FS,119756,v1.0.0,71854,0,2023-06-01,0,0,SKU035,119756,0
MT,242494,v1.0.0,72748,0,2023-06-01,109122,0,SKU036,272805,0
GT,170430,v1.0.0,81806,0,2023-06-01,0,0,SKU036,136344,0
EC,475910,v1.0.0,67187,0,2023-06-01,139973,0,SKU036,111979,0
CV,243432,v1.0.0,83462,0,2023-06-01,69552,0,SKU036,139104,0
FS,140272,v1.0.0,84163,0,2023-06-01,0,0,SKU036,140272,0
MT,123768,v1.0.0,37130,0,2023-07-01,55696,0,SKU001,139239,0
GT,65812,v1.0.0,31590,0,2023-07-01,0,0,SKU001,52650,0
EC,207817,v1.0.0,29339,0,2023-07-01,61123,0,SKU001,48898,0
CV,73228,v1.0.0,25107,0,2023-07-01,20922,0,SKU001,41845,0
FS,37867,v1.0.0,22720,0,2023-07-01,0,0,SKU001,37867,0
MT,124016,v1.0.0,37205,0,2023-07-01,55807,0,SKU002,139518,0
GT,82802,v1.0.0,39745,0,2023-07-01,0,0,SKU002,66242,0
EC,209541,v1.0.0,29582,0,2023-07-01,61630,0,SKU002,49304,0
CV,107378,v1.0.0,36815,0,2023-07-01,30679,0,SKU002,61359,0
FS,68882,v1.0.0,41329,0,2023-07-01,0,0,SKU002,68882,0
MT,132745,v1.0.0,39824,0,2023-07-01,59735,0,SKU003,149338,0
GT,85922,v1.0.0,41242,0,2023-07-01,0,0,SKU003,68738,0
EC,271766,v1.0.0,38367,0,2023-07-01,79931,0,SKU003,63945,0
CV,111628,v1.0.0,38272,0,2023-07-01,31894,0,SKU003,63788,0
FS,76718,v1.0.0,46030,0,2023-07-01,0,0,SKU003,76718,0
MT,141531,v1.0.0,42459,0,2023-07-01,63689,0,SKU004,159222,0
GT,95172,v1.0.0,45683,0,2023-07-01,0,0,SKU004,76138,0
EC,337590,v1.0.0,47660,0,2023-07-01,99291,0,SKU004,79433,0
CV,124428,v1.0.0,42661,0,2023-07-01,35551,0,SKU004,71102,0
FS,66006,v1.0.0,39604,0,2023-07-01,0,0,SKU004,66006,0
MT,204141,v1.0.0,61242,0,2023-07-01,91863,0,SKU005,229658,0
GT,133380,v1.0.0,64022,0,2023-07-01,0,0,SKU005,106704,0
EC,410236,v1.0.0,57916,0,2023-07-01,120658,0,SKU005,96526,0
CV,159818,v1.0.0,54795,0,2023-07-01,45662,0,SKU005,91325,0
FS,94493,v1.0.0,56696,0,2023-07-01,0,0,SKU005,94493,0
MT,275288,v1.0.0,82586,0,2023-07-01,123880,0,SKU006,309699,0
GT,195561,v1.0.0,93869,0,2023-07-01,0,0,SKU006,156448,0
EC,582854,v1.0.0,82285,0,2023-07-01,171428,0,SKU006,137142,0
CV,198433,v1.0.0,68034,0,2023-07-01,56695,0,SKU006,113391,0
FS,136345,v1.0.0,81807,0,2023-07-01,0,0,SKU006,136345,0
MT,242837,v1.0.0,72851,0,2023-07-01,109277,0,SKU007,273192,0
GT,145446,v1.0.0,69814,0,2023-07-01,0,0,SKU007,116356,0
EC,511670,v1.0.0,72236,0,2023-07-01,150491,0,SKU007,120393,0
CV,224447,v1.0.0,76953,0,2023-07-01,64128,0,SKU007,128255,0
FS,125701,v1.0.0,75421,0,2023-07-01,0,0,SKU007,125701,0
MT,298724,v1.0.0,89617,0,2023-07-01,134426,0,SKU008,336064,0
GT,222727,v1.0.0,106909,0,2023-07-01,0,0,SKU008,178181,0
EC,538472,v1.0.0,76020,0,2023-07-01,158374,0,SKU008,126699,0
CV,267081,v1.0.0,91570,0,2023-07-01,76309,0,SKU008,152618,0
FS,143544,v1.0.0,86126,0,2023-07-01,0,0,SKU008,143544,0
MT,332111,v1.0.0,99633,0,2023-07-01,149450,0,SKU009,373625,0
GT,215280,v1.0.0,103334,0,2023-07-01,0,0,SKU009,172224,0
EC,703518,v1.0.0,99320,0,2023-07-01,206917,0,SKU009,165534,0
CV,261689,v1.0.0,89722,0,2023-07-01,74768,0,SKU009,149537,0
FS,131394,v1.0.0,78837,0,2023-07-01,0,0,SKU009,131394,0
MT,163649,v1.0.0,49095,0,2023-07-01,73642,0,SKU010,184105,0
GT,77659,v1.0.0,37276,0,2023-07-01,0,0,SKU010,62127,0
EC,248301,v1.0.0,35054,0,2023-07-01,73030,0,SKU010,58424,0
CV,123237,v1.0.0,42253,0,2023-07-01,35211,0,SKU010,70421,0
FS,64616,v1.0.0,38770,0,2023-07-01,0,0,SKU010,64616,0
MT,164260,v1.0.0,49278,0,2023-07-01,73917,0,SKU011,184792,0
GT,123155,v1.0.0,59114,0,2023-07-01,0,0,SKU011,98524,0
EC,406187,v1.0.0,57344,0,2023-07-01,119467,0,SKU011,95574,0
CV,152178,v1.0.0,52175,0,2023-07-01,43479,0,SKU011,86959,0
FS,101248,v1.0.0,60749,0,2023-07-01,0,0,SKU011,101248,0
MT,259760,v1.0.0,77928,0,2023-07-01,116892,0,SKU012,292230,0
GT,151734,v1.0.0,72832,0,2023-07-01,0,0,SKU012,121388,0
EC,367353,v1.0.0,51862,0,2023-07-01,108045,0,SKU012,86436,0
CV,220776,v1.0.0,75694,0,2023-07-01,63079,0,SKU012,126158,0
FS,105668,v1.0.0,63400,0,2023-07-01,0,0,SKU012,105668,0
MT,313546,v1.0.0,94064,0,2023-07-01,141096,0,SKU013,352739,0
GT,200765,v1.0.0,96367,0,2023-07-01,0,0,SKU013,160612,0
EC,534161,v1.0.0,75411,0,2023-07-01,157106,0,SKU013,125685,0
CV,207380,v1.0.0,71102,0,2023-07-01,59252,0,SKU013,118503,0
FS,126512,v1.0.0,75907,0,2023-07-01,0,0,SKU013,126512,0
MT,268928,v1.0.0,80678,0,2023-07-01,121018,0,SKU014,302544,0
GT,152880,v1.0.0,73382,0,2023-07-01,0,0,SKU014,122304,0
EC,729308,v1.0.0,102961,0,2023-07-01,214502,0,SKU014,171602,0
CV,211680,v1.0.0,72576,0,2023-07-01,60480,0,SKU014,120960,0
FS,113638,v1.0.0,68183,0,2023-07-01,0,0,SKU014,113638,0
MT,452937,v1.0.0,135881,0,2023-07-01,203822,0,SKU015,509555,0
GT,160948,v1.0.0,77255,0,2023-07-01,0,0,SKU015,128758,0
EC,556240,v1.0.0,78528,0,2023-07-01,163600,0,SKU015,130880,0
CV,305282,v1.0.0,104668,0,2023-07-01,87224,0,SKU015,174447,0
FS,182935,v1.0.0,109761,0,2023-07-01,0,0,SKU015,182935,0
MT,473756,v1.0.0,142127,0,2023-07-01,213190,0,SKU016,532976,0
GT,289941,v1.0.0,139172,0,2023-07-01,0,0,SKU016,231952,0
EC,777739,v1.0.0,109798,0,2023-07-01,228747,0,SKU016,182997,0
CV,327641,v1.0.0,112334,0,2023-07-01,93612,0,SKU016,187223,0
FS,203229,v1.0.0,121937,0,2023-07-01,0,0,SKU016,203229,0
MT,215926,v1.0.0,64778,0,2023-07-01,97166,0,SKU017,242916,0
GT,118097,v1.0.0,56686,0,2023-07-01,0,0,SKU017,94478,0
EC,423768,v1.0.0,59826,0,2023-07-01,124638,0,SKU017,99710,0
CV,161654,v1.0.0,55424,0,2023-07-01,46187,0,SKU017,92374,0
FS,86946,v1.0.0,52168,0,2023-07-01,0,0,SKU017,86946,0
MT,230193,v1.0.0,69058,0,2023-07-01,103587,0,SKU018,258967,0
GT,164824,v1.0.0,79115,0,2023-07-01,0,0,SKU018,131859,0
EC,589714,v1.0.0,83254,0,2023-07-01,173445,0,SKU018,138756,0
CV,197789,v1.0.0,67813,0,2023-07-01,56511,0,SKU018,113022,0
FS,116302,v1.0.0,69781,0,2023-07-01,0,0,SKU018,116302,0
MT,94201,v1.0.0,28260,0,2023-07-01,42391,0,SKU019,105976,0
GT,56160,v1.0.0,26957,0,2023-07-01,0,0,SKU019,44928,0
EC,246951,v1.0.0,34864,0,2023-07-01,72633,0,SKU019,58106,0
CV,94661,v1.0.0,32455,0,2023-07-01,27046,0,SKU019,54092,0
FS,43772,v1.0.0,26263,0,2023-07-01,0,0,SKU019,43772,0
MT,121552,v1.0.0,36466,0,2023-07-01,54699,0,SKU020,136746,0
GT,92235,v1.0.0,44273,0,2023-07-01,0,0,SKU020,73788,0
EC,183751,v1.0.0,25941,0,2023-07-01,54045,0,SKU020,43236,0
CV,128000,v1.0.0,43886,0,2023-07-01,36572,0,SKU020,73143,0
FS,60168,v1.0.0,36101,0,2023-07-01,0,0,SKU020,60168,0
MT,145160,v1.0.0,43548,0,2023-07-01,65322,0,SKU021,163305,0
GT,127969,v1.0.0,61425,0,2023-07-01,0,0,SKU021,102375,0
EC,260521,v1.0.0,36779,0,2023-07-01,76624,0,SKU021,61299,0
CV,145530,v1.0.0,49896,0,2023-07-01,41580,0,SKU021,83160,0
FS,80578,v1.0.0,48346,0,2023-07-01,0,0,SKU021,80578,0
MT,188345,v1.0.0,56504,0,2023-07-01,84755,0,SKU022,211888,0
GT,129907,v1.0.0,62355,0,2023-07-01,0,0,SKU022,103925,0
EC,352546,v1.0.0,49771,0,2023-07-01,103690,0,SKU022,82952,0
CV,109346,v1.0.0,37490,0,2023-07-01,31242,0,SKU022,62483,0
FS,96809,v1.0.0,58085,0,2023-07-01,0,0,SKU022,96809,0
MT,193139,v1.0.0,57942,0,2023-07-01,86913,0,SKU023,217282,0
GT,131820,v1.0.0,63274,0,2023-07-01,0,0,SKU023,105456,0
EC,355058,v1.0.0,50126,0,2023-07-01,104429,0,SKU023,83543,0
CV,161935,v1.0.0,55521,0,2023-07-01,46267,0,SKU023,92534,0
FS,116109,v1.0.0,69665,0,2023-07-01,0,0,SKU023,116109,0
MT,268508,v1.0.0,80552,0,2023-07-01,120829,0,SKU024,302071,0
GT,170467,v1.0.0,81824,0,2023-07-01,0,0,SKU024,136373,0
EC,441798,v1.0.0,62372,0,2023-07-01,129941,0,SKU024,103953,0
CV,166731,v1.0.0,57165,0,2023-07-01,47637,0,SKU024,95275,0
FS,124012,v1.0.0,74407,0,2023-07-01,0,0,SKU024,124012,0
MT,271144,v1.0.0,81343,0,2023-07-01,122015,0,SKU025,305037,0
GT,206286,v1.0.0,99017,0,2023-07-01,0,0,SKU025,165028,0
EC,540909,v1.0.0,76364,0,2023-07-01,159091,0,SKU025,127273,0
CV,260565,v1.0.0,89337,0,2023-07-01,74447,0,SKU025,148894,0
FS,157314,v1.0.0,94389,0,2023-07-01,0,0,SKU025,157314,0
MT,263007,v1.0.0,78902,0,2023-07-01,118353,0,SKU026,295883,0
GT,179217,v1.0.0,86024,0,2023-07-01,0,0,SKU026,143374,0
EC,570334,v1.0.0,80518,0,2023-07-01,167745,0,SKU026,134196,0
CV,274109,v1.0.0,93980,0,2023-07-01,78317,0,SKU026,156634,0
FS,175534,v1.0.0,105320,0,2023-07-01,0,0,SKU026,175534,0
MT,381312,v1.0.0,114394,0,2023-07-01,171591,0,SKU027,428976,0
GT,243311,v1.0.0,116789,0,2023-07-01,0,0,SKU027,194649,0
EC,765594,v1.0.0,108084,0,2023-07-01,225175,0,SKU027,180140,0
CV,383405,v1.0.0,131453,0,2023-07-01,109544,0,SKU027,219089,0
FS,134058,v1.0.0,80435,0,2023-07-01,0,0,SKU027,134058,0
MT,160898,v1.0.0,48270,0,2023-07-01,72404,0,SKU028,181011,0
GT,114952,v1.0.0,55177,0,2023-07-01,0,0,SKU028,91962,0
EC,296881,v1.0.0,41913,0,2023-07-01,87318,0,SKU028,69854,0
CV,148242,v1.0.0,50826,0,2023-07-01,42355,0,SKU028,84710,0
FS,72259,v1.0.0,43356,0,2023-07-01,0,0,SKU028,72259,0
MT,202861,v1.0.0,60858,0,2023-07-01,91288,0,SKU029,228219,0
GT,105337,v1.0.0,50562,0,2023-07-01,0,0,SKU029,84269,0
EC,404576,v1.0.0,57117,0,2023-07-01,118993,0,SKU029,95194,0
CV,125156,v1.0.0,42911,0,2023-07-01,35759,0,SKU029,71518,0
FS,82160,v1.0.0,49296,0,2023-07-01,0,0,SKU029,82160,0
MT,235885,v1.0.0,70766,0,2023-07-01,106148,0,SKU030,265371,0
GT,137719,v1.0.0,66105,0,2023-07-01,0,0,SKU030,110175,0
EC,477934,v1.0.0,67473,0,2023-07-01,140569,0,SKU030,112455,0
CV,176124,v1.0.0,60386,0,2023-07-01,50321,0,SKU030,100642,0
FS,107598,v1.0.0,64558,0,2023-07-01,0,0,SKU030,107598,0
MT,265643,v1.0.0,79693,0,2023-07-01,119539,0,SKU031,298848,0
GT,197291,v1.0.0,94700,0,2023-07-01,0,0,SKU031,157833,0
EC,581167,v1.0.0,82047,0,2023-07-01,170932,0,SKU031,136745,0
CV,225290,v1.0.0,77242,0,2023-07-01,64369,0,SKU031,128737,0
FS,128712,v1.0.0,77227,0,2023-07-01,0,0,SKU031,128712,0
MT,327603,v1.0.0,98281,0,2023-07-01,147421,0,SKU032,368554,0
GT,196560,v1.0.0,94349,0,2023-07-01,0,0,SKU032,157248,0
EC,563774,v1.0.0,79592,0,2023-07-01,165816,0,SKU032,132653,0
CV,202154,v1.0.0,69310,0,2023-07-01,57758,0,SKU032,115517,0
FS,143901,v1.0.0,86340,0,2023-07-01,0,0,SKU032,143901,0
MT,376996,v1.0.0,113099,0,2023-07-01,169648,0,SKU033,424120,0
GT,261324,v1.0.0,125436,0,2023-07-01,0,0,SKU033,209060,0
EC,856982,v1.0.0,120986,0,2023-07-01,252054,0,SKU033,201643,0
CV,287670,v1.0.0,98630,0,2023-07-01,82191,0,SKU033,164383,0
FS,189101,v1.0.0,113461,0,2023-07-01,0,0,SKU033,189101,0
MT,208572,v1.0.0,62572,0,2023-07-01,93857,0,SKU034,234644,0
GT,125482,v1.0.0,60232,0,2023-07-01,0,0,SKU034,100386,0
EC,526289,v1.0.0,74300,0,2023-07-01,154791,0,SKU034,123833,0
CV,214128,v1.0.0,73415,0,2023-07-01,61179,0,SKU034,122359,0
FS,87313,v1.0.0,52388,0,2023-07-01,0,0,SKU034,87313,0
MT,206184,v1.0.0,61855,0,2023-07-01,92783,0,SKU035,231958,0
GT,134672,v1.0.0,64642,0,2023-07-01,0,0,SKU035,107738,0
EC,462003,v1.0.0,65224,0,2023-07-01,135883,0,SKU035,108706,0
CV,134946,v1.0.0,46267,0,2023-07-01,38556,0,SKU035,77112,0
FS,125498,v1.0.0,75299,0,2023-07-01,0,0,SKU035,125498,0
MT,314539,v1.0.0,94362,0,2023-07-01,141542,0,SKU036,353856,0
GT,128944,v1.0.0,61893,0,2023-07-01,0,0,SKU036,103155,0
EC,458666,v1.0.0,64753,0,2023-07-01,134902,0,SKU036,107922,0
CV,199310,v1.0.0,68335,0,2023-07-01,56946,0,SKU036,113891,0
FS,137609,v1.0.0,82565,0,2023-07-01,0,0,SKU036,137609,0
MT,114829,v1.0.0,34449,0,2023-08-01,51673,0,SKU001,129183,0
GT,43875,v1.0.0,21060,0,2023-08-01,0,0,SKU001,35100,0
EC,184876,v1.0.0,26100,0,2023-08-01,54375,0,SKU001,43500,0
CV,82158,v1.0.0,28169,0,2023-08-01,23474,0,SKU001,46948,0
FS,58363,v1.0.0,35018,0,2023-08-01,0,0,SKU001,58363,0
MT,117446,v1.0.0,35234,0,2023-08-01,52851,0,SKU002,132127,0
GT,87518,v1.0.0,42009,0,2023-08-01,0,0,SKU002,70015,0
EC,241778,v1.0.0,34133,0,2023-08-01,71111,0,SKU002,56889,0
CV,123734,v1.0.0,42423,0,2023-08-01,35352,0,SKU002,70705,0
FS,53529,v1.0.0,32117,0,2023-08-01,0,0,SKU002,53529,0
MT,129880,v1.0.0,38964,0,2023-08-01,58446,0,SKU003,146115,0
GT,92016,v1.0.0,44168,0,2023-08-01,0,0,SKU003,73612,0
EC,307377,v1.0.0,43394,0,2023-08-01,90405,0,SKU003,72324,0
CV,108321,v1.0.0,37138,0,2023-08-01,30949,0,SKU003,61898,0
FS,69480,v1.0.0,41688,0,2023-08-01,0,0,SKU003,69480,0
MT,195966,v1.0.0,58790,0,2023-08-01,88185,0,SKU004,220462,0
GT,104898,v1.0.0,50351,0,2023-08-01,0,0,SKU004,83918,0
EC,369640,v1.0.0,52184,0,2023-08-01,108718,0,SKU004,86974,0
CV,130084,v1.0.0,44600,0,2023-08-01,37167,0,SKU004,74334,0
FS,89108,v1.0.0,53465,0,2023-08-01,0,0,SKU004,89108,0
MT,238368,v1.0.0,71510,0,2023-08-01,107266,0,SKU005,268164,0
GT,142740,v1.0.0,68515,0,2023-08-01,0,0,SKU005,114192,0
EC,403039,v1.0.0,56900,0,2023-08-01,118541,0,SKU005,94833,0
CV,193687,v1.0.0,66407,0,2023-08-01,55339,0,SKU005,110678,0
FS,129078,v1.0.0,77447,0,2023-08-01,0,0,SKU005,129078,0
MT,252235,v1.0.0,75670,0,2023-08-01,113506,0,SKU006,283764,0
GT,153160,v1.0.0,73517,0,2023-08-01,0,0,SKU006,122528,0
EC,508334,v1.0.0,71765,0,2023-08-01,149510,0,SKU006,119608,0
CV,231310,v1.0.0,79306,0,2023-08-01,66089,0,SKU006,132177,0
FS,149363,v1.0.0,89618,0,2023-08-01,0,0,SKU006,149363,0
MT,289021,v1.0.0,86706,0,2023-08-01,130060,0,SKU007,325149,0
GT,182520,v1.0.0,87610,0,2023-08-01,0,0,SKU007,146016,0
EC,502899,v1.0.0,70997,0,2023-08-01,147911,0,SKU007,118329,0
CV,259275,v1.0.0,88894,0,2023-08-01,74079,0,SKU007,148157,0
FS,143013,v1.0.0,85808,0,2023-08-01,0,0,SKU007,143013,0
MT,292230,v1.0.0,87669,0,2023-08-01,131504,0,SKU008,328759,0
GT,243445,v1.0.0,116854,0,2023-08-01,0,0,SKU008,194756,0
EC,503424,v1.0.0,71072,0,2023-08-01,148066,0,SKU008,118453,0
CV,264269,v1.0.0,90607,0,2023-08-01,75506,0,SKU008,151011,0
FS,147645,v1.0.0,88587,0,2023-08-01,0,0,SKU008,147645,0
MT,444572,v1.0.0,133371,0,2023-08-01,200057,0,SKU009,500143,0
GT,270221,v1.0.0,129706,0,2023-08-01,0,0,SKU009,216177,0
EC,651789,v1.0.0,92017,0,2023-08-01,191703,0,SKU009,153362,0
CV,321026,v1.0.0,110066,0,2023-08-01,91722,0,SKU009,183443,0
FS,181111,v1.0.0,108667,0,2023-08-01,0,0,SKU009,181111,0
MT,139583,v1.0.0,41875,0,2023-08-01,62812,0,SKU010,157031,0
GT,95648,v1.0.0,45911,0,2023-08-01,0,0,SKU010,76518,0
EC,290134,v1.0.0,40960,0,2023-08-01,85334,0,SKU010,68267,0
CV,125024,v1.0.0,42865,0,2023-08-01,35721,0,SKU010,71442,0
FS,72259,v1.0.0,43356,0,2023-08-01,0,0,SKU010,72259,0
MT,170830,v1.0.0,51249,0,2023-08-01,76874,0,SKU011,192184,0
GT,108481,v1.0.0,52071,0,2023-08-01,0,0,SKU011,86785,0
EC,352996,v1.0.0,49835,0,2023-08-01,103822,0,SKU011,83058,0
CV,167111,v1.0.0,57295,0,2023-08-01,47746,0,SKU011,95492,0
FS,108717,v1.0.0,65230,0,2023-08-01,0,0,SKU011,108717,0
MT,229200,v1.0.0,68760,0,2023-08-01,103140,0,SKU012,257850,0
GT,132844,v1.0.0,63765,0,2023-08-01,0,0,SKU012,106275,0
EC,502299,v1.0.0,70913,0,2023-08-01,147735,0,SKU012,118188,0
CV,163721,v1.0.0,56133,0,2023-08-01,46778,0,SKU012,93555,0
FS,87332,v1.0.0,52400,0,2023-08-01,0,0,SKU012,87332,0
MT,236248,v1.0.0,70874,0,2023-08-01,106312,0,SKU013,265779,0
GT,129907,v1.0.0,62355,0,2023-08-01,0,0,SKU013,103925,0
EC,444422,v1.0.0,62742,0,2023-08-01,130712,0,SKU013,104570,0
CV,229061,v1.0.0,78535,0,2023-08-01,65446,0,SKU013,130892,0
FS,122111,v1.0.0,73267,0,2023-08-01,0,0,SKU013,122111,0
MT,347162,v1.0.0,104148,0,2023-08-01,156223,0,SKU014,390557,0
GT,205920,v1.0.0,98842,0,2023-08-01,0,0,SKU014,164736,0
EC,518193,v1.0.0,73157,0,2023-08-01,152410,0,SKU014,121928,0
CV,216972,v1.0.0,74390,0,2023-08-01,61992,0,SKU014,123984,0
FS,145754,v1.0.0,87452,0,2023-08-01,0,0,SKU014,145754,0
MT,287493,v1.0.0,86248,0,2023-08-01,129372,0,SKU015,323430,0
GT,194695,v1.0.0,93454,0,2023-08-01,0,0,SKU015,155756,0
EC,718587,v1.0.0,101448,0,2023-08-01,211349,0,SKU015,169079,0
CV,264187,v1.0.0,90578,0,2023-08-01,75482,0,SKU015,150964,0
FS,202804,v1.0.0,121683,0,2023-08-01,0,0,SKU015,202804,0
MT,420124,v1.0.0,126037,0,2023-08-01,189056,0,SKU016,472639,0
GT,283286,v1.0.0,135977,0,2023-08-01,0,0,SKU016,226629,0
EC,728034,v1.0.0,102781,0,2023-08-01,214128,0,SKU016,171302,0
CV,349570,v1.0.0,119852,0,2023-08-01,99877,0,SKU016,199754,0
FS,172368,v1.0.0,103421,0,2023-08-01,0,0,SKU016,172368,0
MT,224043,v1.0.0,67213,0,2023-08-01,100819,0,SKU017,252048,0
GT,139852,v1.0.0,67129,0,2023-08-01,0,0,SKU017,111881,0
EC,331367,v1.0.0,46781,0,2023-08-01,97461,0,SKU017,77969,0
CV,158843,v1.0.0,54460,0,2023-08-01,45384,0,SKU017,90767,0
FS,116476,v1.0.0,69885,0,2023-08-01,0,0,SKU017,116476,0
MT,237222,v1.0.0,71167,0,2023-08-01,106750,0,SKU018,266875,0
GT,141278,v1.0.0,67813,0,2023-08-01,0,0,SKU018,113022,0
EC,434526,v1.0.0,61345,0,2023-08-01,127802,0,SKU018,102241,0
CV,199310,v1.0.0,68335,0,2023-08-01,56946,0,SKU018,113891,0
FS,147375,v1.0.0,88425,0,2023-08-01,0,0,SKU018,147375,0
MT,89388,v1.0.0,26816,0,2023-08-01,40225,0,SKU019,100562,0
GT,51334,v1.0.0,24640,0,2023-08-01,0,0,SKU019,41067,0
EC,225360,v1.0.0,31816,0,2023-08-01,66282,0,SKU019,53026,0
CV,90493,v1.0.0,31026,0,2023-08-01,25855,0,SKU019,51710,0
FS,46204,v1.0.0,27723,0,2023-08-01,0,0,SKU019,46204,0
MT,128944,v1.0.0,38683,0,2023-08-01,58025,0,SKU020,145062,0
GT,92235,v1.0.0,44273,0,2023-08-01,0,0,SKU020,73788,0
EC,264344,v1.0.0,37319,0,2023-08-01,77748,0,SKU020,62199,0
CV,106667,v1.0.0,36572,0,2023-08-01,30476,0,SKU020,60952,0
FS,64732,v1.0.0,38839,0,2023-08-01,0,0,SKU020,64732,0
MT,167125,v1.0.0,50138,0,2023-08-01,75206,0,SKU021,188016,0
GT,77391,v1.0.0,37148,0,2023-08-01,0,0,SKU021,61912,0
EC,303628,v1.0.0,42865,0,2023-08-01,89302,0,SKU021,71442,0
CV,125685,v1.0.0,43092,0,2023-08-01,35910,0,SKU021,71820,0
FS,71410,v1.0.0,42846,0,2023-08-01,0,0,SKU021,71410,0
MT,234070,v1.0.0,70221,0,2023-08-01,105332,0,SKU022,263329,0
GT,134769,v1.0.0,64689,0,2023-08-01,0,0,SKU022,107816,0
EC,324770,v1.0.0,45850,0,2023-08-01,95521,0,SKU022,76416,0
CV,172503,v1.0.0,59144,0,2023-08-01,49286,0,SKU022,98573,0
FS,99009,v1.0.0,59405,0,2023-08-01,0,0,SKU022,99009,0
MT,205363,v1.0.0,61609,0,2023-08-01,92413,0,SKU023,231034,0
GT,125580,v1.0.0,60278,0,2023-08-01,0,0,SKU023,100464,0
EC,491803,v1.0.0,69431,0,2023-08-01,144648,0,SKU023,115718,0
CV,168286,v1.0.0,57698,0,2023-08-01,48082,0,SKU023,96163,0
FS,116726,v1.0.0,70036,0,2023-08-01,0,0,SKU023,116726,0
MT,302410,v1.0.0,90723,0,2023-08-01,136085,0,SKU024,340212,0
GT,174793,v1.0.0,83901,0,2023-08-01,0,0,SKU024,139834,0
EC,561563,v1.0.0,79279,0,2023-08-01,165166,0,SKU024,132132,0
CV,187866,v1.0.0,64411,0,2023-08-01,53676,0,SKU024,107352,0
FS,104828,v1.0.0,62897,0,2023-08-01,0,0,SKU024,104828,0
MT,268164,v1.0.0,80449,0,2023-08-01,120674,0,SKU025,301684,0
GT,189174,v1.0.0,90804,0,2023-08-01,0,0,SKU025,151340,0
EC,649090,v1.0.0,91636,0,2023-08-01,190909,0,SKU025,152727,0
CV,263145,v1.0.0,90221,0,2023-08-01,75184,0,SKU025,150368,0
FS,152798,v1.0.0,91679,0,2023-08-01,0,0,SKU025,152798,0
MT,303594,v1.0.0,91078,0,2023-08-01,136618,0,SKU026,341544,0
GT,202008,v1.0.0,96964,0,2023-08-01,0,0,SKU026,161606,0
EC,665921,v1.0.0,94012,0,2023-08-01,195859,0,SKU026,156687,0
CV,299411,v1.0.0,102655,0,2023-08-01,85546,0,SKU026,171092,0
FS,184556,v1.0.0,110734,0,2023-08-01,0,0,SKU026,184556,0
MT,384827,v1.0.0,115448,0,2023-08-01,173172,0,SKU027,432930,0
GT,202946,v1.0.0,97414,0,2023-08-01,0,0,SKU027,162357,0
EC,700070,v1.0.0,98833,0,2023-08-01,205903,0,SKU027,164722,0
CV,339283,v1.0.0,116326,0,2023-08-01,96938,0,SKU027,193876,0
FS,186438,v1.0.0,111863,0,2023-08-01,0,0,SKU027,186438,0
MT,160211,v1.0.0,48063,0,2023-08-01,72095,0,SKU028,180237,0
GT,78098,v1.0.0,37487,0,2023-08-01,0,0,SKU028,62478,0
EC,279338,v1.0.0,39436,0,2023-08-01,82158,0,SKU028,65727,0
CV,116093,v1.0.0,39803,0,2023-08-01,33170,0,SKU028,66339,0
FS,90324,v1.0.0,54194,0,2023-08-01,0,0,SKU028,90324,0
MT,199576,v1.0.0,59873,0,2023-08-01,89809,0,SKU029,224523,0
GT,122631,v1.0.0,58863,0,2023-08-01,0,0,SKU029,98104,0
EC,340101,v1.0.0,48014,0,2023-08-01,100030,0,SKU029,80024,0
CV,136534,v1.0.0,46812,0,2023-08-01,39010,0,SKU029,78019,0
FS,76766,v1.0.0,46059,0,2023-08-01,0,0,SKU029,76766,0
MT,227290,v1.0.0,68187,0,2023-08-01,102280,0,SKU030,255701,0
GT,146250,v1.0.0,70200,0,2023-08-01,0,0,SKU030,117000,0
EC,442323,v1.0.0,62446,0,2023-08-01,130095,0,SKU030,104076,0
CV,247236,v1.0.0,84766,0,2023-08-01,70639,0,SKU030,141278,0
FS,118212,v1.0.0,70928,0,2023-08-01,0,0,SKU030,118212,0
MT,284151,v1.0.0,85245,0,2023-08-01,127868,0,SKU031,319670,0
GT,175061,v1.0.0,84029,0,2023-08-01,0,0,SKU031,140049,0
EC,549118,v1.0.0,77523,0,2023-08-01,161505,0,SKU031,129204,0
CV,267709,v1.0.0,91786,0,2023-08-01,76488,0,SKU031,152977,0
FS,119911,v1.0.0,71947,0,2023-08-01,0,0,SKU031,119911,0
MT,264038,v1.0.0,79212,0,2023-08-01,118817,0,SKU032,297043,0
GT,177840,v1.0.0,85363,0,2023-08-01,0,0,SKU032,142272,0
EC,484606,v1.0.0,68415,0,2023-08-01,142531,0,SKU032,114025,0
CV,349272,v1.0.0,119750,0,2023-08-01,99792,0,SKU032,199584,0
FS,139578,v1.0.0,83747,0,2023-08-01,0,0,SKU032,139578,0
MT,387845,v1.0.0,116353,0,2023-08-01,174530,0,SKU033,436325,0
GT,193830,v1.0.0,93038,0,2023-08-01,0,0,SKU033,155064,0
EC,723910,v1.0.0,102199,0,2023-08-01,212915,0,SKU033,170332,0
CV,332288,v1.0.0,113927,0,2023-08-01,94939,0,SKU033,189879,0
FS,180880,v1.0.0,108528,0,2023-08-01,0,0,SKU033,180880,0
MT,175796,v1.0.0,52739,0,2023-08-01,79108,0,SKU034,197771,0
GT,103618,v1.0.0,49737,0,2023-08-01,0,0,SKU034,82894,0
EC,380098,v1.0.0,53661,0,2023-08-01,111794,0,SKU034,89435,0
CV,184459,v1.0.0,63243,0,2023-08-01,52703,0,SKU034,105405,0
FS,103873,v1.0.0,62324,0,2023-08-01,0,0,SKU034,103873,0
MT,238654,v1.0.0,71596,0,2023-08-01,107395,0,SKU035,268486,0
GT,146067,v1.0.0,70112,0,2023-08-01,0,0,SKU035,116854,0
EC,458816,v1.0.0,64774,0,2023-08-01,134946,0,SKU035,107957,0
CV,234750,v1.0.0,80486,0,2023-08-01,67071,0,SKU035,134143,0
FS,109914,v1.0.0,65948,0,2023-08-01,0,0,SKU035,109914,0
MT,272366,v1.0.0,81710,0,2023-08-01,122565,0,SKU036,306412,0
GT,153611,v1.0.0,73733,0,2023-08-01,0,0,SKU036,122889,0
EC,586265,v1.0.0,82767,0,2023-08-01,172431,0,SKU036,137945,0
CV,229739,v1.0.0,78768,0,2023-08-01,65640,0,SKU036,131279,0
FS,112751,v1.0.0,67650,0,2023-08-01,0,0,SKU036,112751,0
MT,93514,v1.0.0,28054,0,2023-09-01,42081,0,SKU001,105203,0
GT,79414,v1.0.0,38119,0,2023-09-01,0,0,SKU001,63531,0
EC,168682,v1.0.0,23814,0,2023-09-01,49612,0,SKU001,39690,0
CV,94661,v1.0.0,32455,0,2023-09-01,27046,0,SKU001,54092,0
FS,56626,v1.0.0,33976,0,2023-09-01,0,0,SKU001,56626,0
MT,137157,v1.0.0,41147,0,2023-09-01,61721,0,SKU002,154302,0
GT,62363,v1.0.0,29934,0,2023-09-01,0,0,SKU002,49891,0
EC,257897,v1.0.0,36409,0,2023-09-01,75852,0,SKU002,60682,0
CV,103822,v1.0.0,35596,0,2023-09-01,29664,0,SKU002,59327,0
FS,66392,v1.0.0,39835,0,2023-09-01,0,0,SKU002,66392,0
MT,145160,v1.0.0,43548,0,2023-09-01,65322,0,SKU003,163305,0
GT,108469,v1.0.0,52065,0,2023-09-01,0,0,SKU003,86775,0
EC,243653,v1.0.0,34398,0,2023-09-01,71662,0,SKU003,57330,0
CV,126512,v1.0.0,43376,0,2023-09-01,36146,0,SKU003,72292,0
FS,77200,v1.0.0,46320,0,2023-09-01,0,0,SKU003,77200,0
MT,189434,v1.0.0,56830,0,2023-09-01,85245,0,SKU004,213113,0
GT,117402,v1.0.0,56353,0,2023-09-01,0,0,SKU004,93922,0
EC,378186,v1.0.0,53391,0,2023-09-01,111231,0,SKU004,88985,0
CV,170617,v1.0.0,58497,0,2023-09-01,48748,0,SKU004,97496,0
FS,87458,v1.0.0,52475,0,2023-09-01,0,0,SKU004,87458,0
MT,238368,v1.0.0,71510,0,2023-09-01,107266,0,SKU005,268164,0
GT,136500,v1.0.0,65520,0,2023-09-01,0,0,SKU005,109200,0
EC,359856,v1.0.0,50803,0,2023-09-01,105840,0,SKU005,84672,0
CV,119599,v1.0.0,41005,0,2023-09-01,34171,0,SKU005,68342,0
FS,117962,v1.0.0,70777,0,2023-09-01,0,0,SKU005,117962,0
MT,268508,v1.0.0,80552,0,2023-09-01,120829,0,SKU006,302071,0
GT,186908,v1.0.0,89716,0,2023-09-01,0,0,SKU006,149526,0
EC,577531,v1.0.0,81534,0,2023-09-01,169862,0,SKU006,135890,0
CV,191389,v1.0.0,65619,0,2023-09-01,54682,0,SKU006,109365,0
FS,121957,v1.0.0,73174,0,2023-09-01,0,0,SKU006,121957,0
MT,257735,v1.0.0,77321,0,2023-09-01,115981,0,SKU007,289952,0
GT,213891,v1.0.0,102668,0,2023-09-01,0,0,SKU007,171112,0
EC,611080,v1.0.0,86270,0,2023-09-01,179730,0,SKU007,143784,0
CV,215417,v1.0.0,73857,0,2023-09-01,61548,0,SKU007,123096,0
FS,153551,v1.0.0,92130,0,2023-09-01,0,0,SKU007,153551,0
MT,347429,v1.0.0,104229,0,2023-09-01,156343,0,SKU008,390858,0
GT,194756,v1.0.0,93483,0,2023-09-01,0,0,SKU008,155805,0
EC,665921,v1.0.0,94012,0,2023-09-01,195859,0,SKU008,156687,0
CV,292383,v1.0.0,100246,0,2023-09-01,83538,0,SKU008,167076,0
FS,181275,v1.0.0,108765,0,2023-09-01,0,0,SKU008,181275,0
MT,332111,v1.0.0,99633,0,2023-09-01,149450,0,SKU009,373625,0
GT,238826,v1.0.0,114637,0,2023-09-01,0,0,SKU009,191061,0
EC,806977,v1.0.0,113926,0,2023-09-01,237346,0,SKU009,189877,0
CV,339283,v1.0.0,116326,0,2023-09-01,96938,0,SKU009,193876,0
FS,181999,v1.0.0,109199,0,2023-09-01,0,0,SKU009,181999,0
MT,118267,v1.0.0,35480,0,2023-09-01,53220,0,SKU010,133051,0
GT,105300,v1.0.0,50544,0,2023-09-01,0,0,SKU010,84240,0
EC,294182,v1.0.0,41532,0,2023-09-01,86524,0,SKU010,69219,0
CV,110735,v1.0.0,37966,0,2023-09-01,31639,0,SKU010,63277,0
FS,72607,v1.0.0,43564,0,2023-09-01,0,0,SKU010,72607,0
MT,216002,v1.0.0,64801,0,2023-09-01,97201,0,SKU011,243002,0
GT,104288,v1.0.0,50058,0,2023-09-01,0,0,SKU011,83431,0
EC,367503,v1.0.0,51883,0,2023-09-01,108089,0,SKU011,86471,0
CV,169956,v1.0.0,58271,0,2023-09-01,48559,0,SKU011,97118,0
FS,124900,v1.0.0,74940,0,2023-09-01,0,0,SKU011,124900,0
MT,264535,v1.0.0,79360,0,2023-09-01,119041,0,SKU012,297602,0
GT,149297,v1.0.0,71662,0,2023-09-01,0,0,SKU012,119438,0
EC,470437,v1.0.0,66415,0,2023-09-01,138364,0,SKU012,110691,0
CV,205065,v1.0.0,70308,0,2023-09-01,58590,0,SKU012,117180,0
FS,133652,v1.0.0,80192,0,2023-09-01,0,0,SKU012,133652,0
MT,292860,v1.0.0,87858,0,2023-09-01,131787,0,SKU013,329468,0
GT,189650,v1.0.0,91032,0,2023-09-01,0,0,SKU013,151720,0
EC,354683,v1.0.0,50073,0,2023-09-01,104319,0,SKU013,83455,0
CV,228118,v1.0.0,78212,0,2023-09-01,65177,0,SKU013,130353,0
FS,134212,v1.0.0,80527,0,2023-09-01,0,0,SKU013,134212,0
MT,315379,v1.0.0,94614,0,2023-09-01,141921,0,SKU014,354802,0
GT,216060,v1.0.0,103709,0,2023-09-01,0,0,SKU014,172848,0
EC,609356,v1.0.0,86027,0,2023-09-01,179222,0,SKU014,143378,0
CV,262483,v1.0.0,89994,0,2023-09-01,74995,0,SKU014,149990,0
FS,170458,v1.0.0,102275,0,2023-09-01,0,0,SKU014,170458,0
MT,408186,v1.0.0,122456,0,2023-09-01,183684,0,SKU015,459209,0
GT,198157,v1.0.0,95115,0,2023-09-01,0,0,SKU015,158525,0
EC,694635,v1.0.0,98066,0,2023-09-01,204304,0,SKU015,163443,0
CV,291192,v1.0.0,99837,0,2023-09-01,83198,0,SKU015,166396,0
FS,176084,v1.0.0,105650,0,2023-09-01,0,0,SKU015,176084,0
MT,461838,v1.0.0,138551,0,2023-09-01,207827,0,SKU016,519568,0
GT,218644,v1.0.0,104949,0,2023-09-01,0,0,SKU016,174915,0
EC,850835,v1.0.0,120118,0,2023-09-01,250245,0,SKU016,200196,0
CV,332801,v1.0.0,114103,0,2023-09-01,95086,0,SKU016,190172,0
FS,218283,v1.0.0,130970,0,2023-09-01,0,0,SKU016,218283,0
MT,220796,v1.0.0,66239,0,2023-09-01,99358,0,SKU017,248396,0
GT,176109,v1.0.0,84532,0,2023-09-01,0,0,SKU017,140888,0
EC,500237,v1.0.0,70622,0,2023-09-01,147129,0,SKU017,117703,0
CV,141974,v1.0.0,48677,0,2023-09-01,40564,0,SKU017,81128,0
FS,136162,v1.0.0,81697,0,2023-09-01,0,0,SKU017,136162,0
MT,275880,v1.0.0,82764,0,2023-09-01,124146,0,SKU018,310365,0
GT,171551,v1.0.0,82345,0,2023-09-01,0,0,SKU018,137241,0
EC,469012,v1.0.0,66214,0,2023-09-01,137945,0,SKU018,110356,0
CV,220610,v1.0.0,75638,0,2023-09-01,63032,0,SKU018,126063,0
FS,125180,v1.0.0,75108,0,2023-09-01,0,0,SKU018,125180,0
MT,88700,v1.0.0,26610,0,2023-09-01,39915,0,SKU019,99788,0
GT,78536,v1.0.0,37697,0,2023-09-01,0,0,SKU019,62829,0
EC,202419,v1.0.0,28577,0,2023-09-01,59535,0,SKU019,47628,0
CV,88112,v1.0.0,30210,0,2023-09-01,25175,0,SKU019,50350,0
FS,47941,v1.0.0,28765,0,2023-09-01,0,0,SKU019,47941,0
MT,110876,v1.0.0,33263,0,2023-09-01,49894,0,SKU020,124735,0
GT,75989,v1.0.0,36475,0,2023-09-01,0,0,SKU020,60791,0
EC,270792,v1.0.0,38229,0,2023-09-01,79645,0,SKU020,63716,0
CV,145778,v1.0.0,49981,0,2023-09-01,41651,0,SKU020,83302,0
FS,65562,v1.0.0,39337,0,2023-09-01,0,0,SKU020,65562,0
MT,163305,v1.0.0,48992,0,2023-09-01,73487,0,SKU021,183718,0
GT,111516,v1.0.0,53528,0,2023-09-01,0,0,SKU021,89212,0
EC,322371,v1.0.0,45511,0,2023-09-01,94815,0,SKU021,75852,0
CV,152972,v1.0.0,52448,0,2023-09-01,43706,0,SKU021,87412,0
FS,86850,v1.0.0,52110,0,2023-09-01,0,0,SKU021,86850,0
MT,161128,v1.0.0,48338,0,2023-09-01,72507,0,SKU022,181269,0
GT,121570,v1.0.0,58354,0,2023-09-01,0,0,SKU022,97256,0
EC,322633,v1.0.0,45548,0,2023-09-01,94892,0,SKU022,75914,0
CV,204552,v1.0.0,70132,0,2023-09-01,58444,0,SKU022,116887,0
FS,125961,v1.0.0,75577,0,2023-09-01,0,0,SKU022,125961,0
MT,234701,v1.0.0,70410,0,2023-09-01,105615,0,SKU023,264038,0
GT,162240,v1.0.0,77875,0,2023-09-01,0,0,SKU023,129792,0
EC,465414,v1.0.0,65705,0,2023-09-01,136886,0,SKU023,109509,0
CV,203213,v1.0.0,69673,0,2023-09-01,58061,0,SKU023,116122,0
FS,98198,v1.0.0,58919,0,2023-09-01,0,0,SKU023,98198,0
MT,271220,v1.0.0,81366,0,2023-09-01,122049,0,SKU024,305122,0
GT,197291,v1.0.0,94700,0,2023-09-01,0,0,SKU024,157833,0
EC,572209,v1.0.0,80782,0,2023-09-01,168297,0,SKU024,134637,0
CV,240703,v1.0.0,82527,0,2023-09-01,68772,0,SKU024,137545,0
FS,139085,v1.0.0,83451,0,2023-09-01,0,0,SKU024,139085,0
MT,356062,v1.0.0,106819,0,2023-09-01,160228,0,SKU025,400570,0
GT,206286,v1.0.0,99017,0,2023-09-01,0,0,SKU025,165028,0
EC,649090,v1.0.0,91636,0,2023-09-01,190909,0,SKU025,152727,0
CV,263145,v1.0.0,90221,0,2023-09-01,75184,0,SKU025,150368,0
FS,144518,v1.0.0,86711,0,2023-09-01,0,0,SKU025,144518,0
MT,287360,v1.0.0,86208,0,2023-09-01,129312,0,SKU026,323279,0
GT,226870,v1.0.0,108898,0,2023-09-01,0,0,SKU026,181496,0
EC,637245,v1.0.0,89964,0,2023-09-01,187425,0,SKU026,149940,0
CV,245995,v1.0.0,84341,0,2023-09-01,70284,0,SKU026,140569,0
FS,159128,v1.0.0,95477,0,2023-09-01,0,0,SKU026,159128,0
MT,363740,v1.0.0,109122,0,2023-09-01,163683,0,SKU027,409208,0
GT,206310,v1.0.0,99029,0,2023-09-01,0,0,SKU027,165048,0
EC,693173,v1.0.0,97860,0,2023-09-01,203874,0,SKU027,163099,0
CV,322547,v1.0.0,110588,0,2023-09-01,92156,0,SKU027,184313,0
FS,180223,v1.0.0,108134,0,2023-09-01,0,0,SKU027,180223,0
MT,176713,v1.0.0,53014,0,2023-09-01,79521,0,SKU028,198802,0
GT,105739,v1.0.0,50755,0,2023-09-01,0,0,SKU028,84591,0
EC,290134,v1.0.0,40960,0,2023-09-01,85334,0,SKU028,68267,0
CV,129191,v1.0.0,44294,0,2023-09-01,36912,0,SKU028,73823,0
FS,89282,v1.0.0,53569,0,2023-09-01,0,0,SKU028,89282,0
MT,189720,v1.0.0,56916,0,2023-09-01,85374,0,SKU029,213435,0
GT,101668,v1.0.0,48801,0,2023-09-01,0,0,SKU029,81334,0
EC,396516,v1.0.0,55979,0,2023-09-01,116622,0,SKU029,93298,0
CV,187023,v1.0.0,64122,0,2023-09-01,53435,0,SKU029,106870,0
FS,95438,v1.0.0,57263,0,2023-09-01,0,0,SKU029,95438,0
MT,250210,v1.0.0,75063,0,2023-09-01,112594,0,SKU030,281486,0
GT,180375,v1.0.0,86580,0,2023-09-01,0,0,SKU030,144300,0
EC,451694,v1.0.0,63769,0,2023-09-01,132851,0,SKU030,106281,0
CV,209199,v1.0.0,71726,0,2023-09-01,59771,0,SKU030,119542,0
FS,92158,v1.0.0,55294,0,2023-09-01,0,0,SKU030,92158,0
MT,276530,v1.0.0,82959,0,2023-09-01,124438,0,SKU031,311096,0
GT,200765,v1.0.0,96367,0,2023-09-01,0,0,SKU031,160612,0
EC,561938,v1.0.0,79332,0,2023-09-01,165276,0,SKU031,132221,0
CV,272422,v1.0.0,93402,0,2023-09-01,77835,0,SKU031,155670,0
FS,161165,v1.0.0,96699,0,2023-09-01,0,0,SKU031,161165,0
MT,284819,v1.0.0,85446,0,2023-09-01,128169,0,SKU032,320422,0
GT,140400,v1.0.0,67392,0,2023-09-01,0,0,SKU032,112320,0
EC,635746,v1.0.0,89752,0,2023-09-01,186984,0,SKU032,149587,0
CV,298469,v1.0.0,102332,0,2023-09-01,85277,0,SKU032,170554,0
FS,135254,v1.0.0,81153,0,2023-09-01,0,0,SKU032,135254,0
MT,379708,v1.0.0,113912,0,2023-09-01,170869,0,SKU033,427172,0
GT,233634,v1.0.0,112144,0,2023-09-01,0,0,SKU033,186908,0
EC,699957,v1.0.0,98818,0,2023-09-01,205870,0,SKU033,164696,0
CV,329940,v1.0.0,113122,0,2023-09-01,94268,0,SKU033,188537,0
FS,165806,v1.0.0,99484,0,2023-09-01,0,0,SKU033,165806,0
MT,199633,v1.0.0,59890,0,2023-09-01,89835,0,SKU034,224587,0
GT,136890,v1.0.0,65707,0,2023-09-01,0,0,SKU034,109512,0
EC,380098,v1.0.0,53661,0,2023-09-01,111794,0,SKU034,89435,0
CV,162531,v1.0.0,55725,0,2023-09-01,46437,0,SKU034,92875,0
FS,131722,v1.0.0,79034,0,2023-09-01,0,0,SKU034,131722,0
MT,220796,v1.0.0,66239,0,2023-09-01,99358,0,SKU035,248396,0
GT,158498,v1.0.0,76079,0,2023-09-01,0,0,SKU035,126799,0
EC,525727,v1.0.0,74220,0,2023-09-01,154626,0,SKU035,123700,0
CV,198202,v1.0.0,67955,0,2023-09-01,56629,0,SKU035,113258,0
FS,132060,v1.0.0,79236,0,2023-09-01,0,0,SKU035,132060,0
MT,305753,v1.0.0,91726,0,2023-09-01,137589,0,SKU036,343972,0
GT,204068,v1.0.0,97952,0,2023-09-01,0,0,SKU036,163254,0
EC,551779,v1.0.0,77898,0,2023-09-01,162288,0,SKU036,129830,0
CV,231260,v1.0.0,79289,0,2023-09-01,66074,0,SKU036,132149,0
FS,170458,v1.0.0,102275,0,2023-09-01,0,0,SKU036,170458,0
MT,113454,v1.0.0,34036,0,2023-10-01,51054,0,SKU001,127636,0
GT,60986,v1.0.0,29273,0,2023-10-01,0,0,SKU001,48789,0
EC,155188,v1.0.0,21909,0,2023-10-01,45644,0,SKU001,36515,0
CV,68465,v1.0.0,23474,0,2023-10-01,19562,0,SKU001,39123,0
FS,45162,v1.0.0,27097,0,2023-10-01,0,0,SKU001,45162,0
MT,128944,v1.0.0,38683,0,2023-10-01,58025,0,SKU002,145062,0
GT,74941,v1.0.0,35972,0,2023-10-01,0,0,SKU002,59953,0
EC,209541,v1.0.0,29582,0,2023-10-01,61630,0,SKU002,49304,0
CV,107378,v1.0.0,36815,0,2023-10-01,30679,0,SKU002,61359,0
FS,46889,v1.0.0,28134,0,2023-10-01,0,0,SKU002,46889,0
MT,140385,v1.0.0,42116,0,2023-10-01,63173,0,SKU003,157933,0
GT,95672,v1.0.0,45922,0,2023-10-01,0,0,SKU003,76538,0
EC,303628,v1.0.0,42865,0,2023-10-01,89302,0,SKU003,71442,0
CV,113282,v1.0.0,38840,0,2023-10-01,32366,0,SKU003,64732,0
FS,79130,v1.0.0,47478,0,2023-10-01,0,0,SKU003,79130,0
MT,124112,v1.0.0,37234,0,2023-10-01,55850,0,SKU004,139626,0
GT,101424,v1.0.0,48684,0,2023-10-01,0,0,SKU004,81140,0
EC,324770,v1.0.0,45850,0,2023-10-01,95521,0,SKU004,76416,0
CV,131969,v1.0.0,45247,0,2023-10-01,37706,0,SKU004,75411,0
FS,83608,v1.0.0,50165,0,2023-10-01,0,0,SKU004,83608,0
MT,196806,v1.0.0,59042,0,2023-10-01,88563,0,SKU005,221407,0
GT,92820,v1.0.0,44554,0,2023-10-01,0,0,SKU005,74256,0
EC,439024,v1.0.0,61980,0,2023-10-01,129125,0,SKU005,103300,0
CV,160877,v1.0.0,55158,0,2023-10-01,45965,0,SKU005,91930,0
FS,87082,v1.0.0,52249,0,2023-10-01,0,0,SKU005,87082,0
MT,141034,v1.0.0,42310,0,2023-10-01,63465,0,SKU006,158664,0
GT,138450,v1.0.0,66456,0,2023-10-01,0,0,SKU006,110760,0
EC,449783,v1.0.0,63499,0,2023-10-01,132289,0,SKU006,105831,0
CV,197259,v1.0.0,67632,0,2023-10-01,56360,0,SKU006,112720,0
FS,110994,v1.0.0,66597,0,2023-10-01,0,0,SKU006,110994,0
MT,239858,v1.0.0,71957,0,2023-10-01,107936,0,SKU007,269840,0
GT,191076,v1.0.0,91716,0,2023-10-01,0,0,SKU007,152860,0
EC,570147,v1.0.0,80491,0,2023-10-01,167690,0,SKU007,134152,0
CV,193489,v1.0.0,66339,0,2023-10-01,55282,0,SKU007,110565,0
FS,155809,v1.0.0,93485,0,2023-10-01,0,0,SKU007,155809,0
MT,248396,v1.0.0,74519,0,2023-10-01,111778,0,SKU008,279445,0
GT,189577,v1.0.0,90997,0,2023-10-01,0,0,SKU008,151661,0
EC,439699,v1.0.0,62075,0,2023-10-01,129323,0,SKU008,103459,0
CV,236156,v1.0.0,80968,0,2023-10-01,67473,0,SKU008,134946,0
FS,168972,v1.0.0,101383,0,2023-10-01,0,0,SKU008,168972,0
MT,335625,v1.0.0,100688,0,2023-10-01,151031,0,SKU009,377578,0
GT,209674,v1.0.0,100643,0,2023-10-01,0,0,SKU009,167739,0
EC,696621,v1.0.0,98347,0,2023-10-01,204889,0,SKU009,163911,0
CV,237346,v1.0.0,81376,0,2023-10-01,67813,0,SKU009,135626,0
FS,181111,v1.0.0,108667,0,2023-10-01,0,0,SKU009,181111,0
MT,132019,v1.0.0,39606,0,2023-10-01,59409,0,SKU010,148522,0
GT,84679,v1.0.0,40646,0,2023-10-01,0,0,SKU010,67743,0
EC,232107,v1.0.0,32768,0,2023-10-01,68267,0,SKU010,54613,0
CV,125024,v1.0.0,42865,0,2023-10-01,35721,0,SKU010,71442,0
FS,69133,v1.0.0,41480,0,2023-10-01,0,0,SKU010,69133,0
MT,165903,v1.0.0,49771,0,2023-10-01,74656,0,SKU011,186640,0
GT,110053,v1.0.0,52826,0,2023-10-01,0,0,SKU011,88042,0
EC,340101,v1.0.0,48014,0,2023-10-01,100030,0,SKU011,80024,0
CV,120178,v1.0.0,41204,0,2023-10-01,34337,0,SKU011,68673,0
FS,84235,v1.0.0,50541,0,2023-10-01,0,0,SKU011,84235,0
MT,231110,v1.0.0,69333,0,2023-10-01,103999,0,SKU012,259999,0
GT,130406,v1.0.0,62595,0,2023-10-01,0,0,SKU012,104325,0
EC,440449,v1.0.0,62181,0,2023-10-01,129544,0,SKU012,103635,0
CV,164548,v1.0.0,56416,0,2023-10-01,47014,0,SKU012,94028,0
FS,139925,v1.0.0,83955,0,2023-10-01,0,0,SKU012,139925,0
MT,213385,v1.0.0,64016,0,2023-10-01,96023,0,SKU013,240058,0
GT,198681,v1.0.0,95367,0,2023-10-01,0,0,SKU013,158944,0
EC,452969,v1.0.0,63949,0,2023-10-01,133226,0,SKU013,106581,0
CV,230946,v1.0.0,79182,0,2023-10-01,65985,0,SKU013,131969,0
FS,128712,v1.0.0,77227,0,2023-10-01,0,0,SKU013,128712,0
MT,297043,v1.0.0,89113,0,2023-10-01,133669,0,SKU014,334174,0
GT,154440,v1.0.0,74131,0,2023-10-01,0,0,SKU014,123552,0
EC,494202,v1.0.0,69770,0,2023-10-01,145354,0,SKU014,116283,0
CV,223322,v1.0.0,76568,0,2023-10-01,63806,0,SKU014,127613,0
FS,106227,v1.0.0,63736,0,2023-10-01,0,0,SKU014,106227,0
MT,402762,v1.0.0,120829,0,2023-10-01,181243,0,SKU015,453107,0
GT,199022,v1.0.0,95530,0,2023-10-01,0,0,SKU015,159218,0
EC,548256,v1.0.0,77401,0,2023-10-01,161252,0,SKU015,129001,0
CV,264187,v1.0.0,90578,0,2023-10-01,75482,0,SKU015,150964,0
FS,207600,v1.0.0,124560,0,2023-10-01,0,0,SKU015,207600,0
MT,423103,v1.0.0,126931,0,2023-10-01,190396,0,SKU016,475991,0
GT,220545,v1.0.0,105862,0,2023-10-01,0,0,SKU016,176436,0
EC,768967,v1.0.0,108560,0,2023-10-01,226167,0,SKU016,180933,0
CV,316032,v1.0.0,108354,0,2023-10-01,90295,0,SKU016,180590,0
FS,190433,v1.0.0,114260,0,2023-10-01,0,0,SKU016,190433,0
MT,178585,v1.0.0,53576,0,2023-10-01,80363,0,SKU017,200908,0
GT,136744,v1.0.0,65637,0,2023-10-01,0,0,SKU017,109395,0
EC,391906,v1.0.0,55328,0,2023-10-01,115266,0,SKU017,92213,0
CV,191174,v1.0.0,65545,0,2023-10-01,54621,0,SKU017,109242,0
FS,95969,v1.0.0,57582,0,2023-10-01,0,0,SKU017,95969,0
MT,207350,v1.0.0,62205,0,2023-10-01,93307,0,SKU018,233268,0
GT,156975,v1.0.0,75348,0,2023-10-01,0,0,SKU018,125580,0
EC,437975,v1.0.0,61832,0,2023-10-01,128816,0,SKU018,103053,0
CV,136930,v1.0.0,46948,0,2023-10-01,39123,0,SKU018,78246,0
FS,94107,v1.0.0,56464,0,2023-10-01,0,0,SKU018,94107,0
MT,93514,v1.0.0,28054,0,2023-10-01,42081,0,SKU019,105203,0
GT,60109,v1.0.0,28852,0,2023-10-01,0,0,SKU019,48087,0
EC,191623,v1.0.0,27053,0,2023-10-01,56360,0,SKU019,45088,0
CV,78586,v1.0.0,26944,0,2023-10-01,22453,0,SKU019,44906,0
FS,51415,v1.0.0,30849,0,2023-10-01,0,0,SKU019,51415,0
MT,114982,v1.0.0,34495,0,2023-10-01,51742,0,SKU020,129355,0
GT,86994,v1.0.0,41757,0,2023-10-01,0,0,SKU020,69596,0
EC,270792,v1.0.0,38229,0,2023-10-01,79645,0,SKU020,63716,0
CV,129422,v1.0.0,44373,0,2023-10-01,36978,0,SKU020,73956,0
FS,58508,v1.0.0,35105,0,2023-10-01,0,0,SKU020,58508,0
MT,156620,v1.0.0,46986,0,2023-10-01,70479,0,SKU021,176198,0
GT,89578,v1.0.0,42998,0,2023-10-01,0,0,SKU021,71662,0
EC,316748,v1.0.0,44717,0,2023-10-01,93161,0,SKU021,74529,0
CV,113282,v1.0.0,38840,0,2023-10-01,32366,0,SKU021,64732,0
FS,62242,v1.0.0,37346,0,2023-10-01,0,0,SKU021,62242,0
MT,146974,v1.0.0,44092,0,2023-10-01,66139,0,SKU022,165346,0
GT,135464,v1.0.0,65023,0,2023-10-01,0,0,SKU022,108371,0
EC,335453,v1.0.0,47358,0,2023-10-01,98663,0,SKU022,78930,0
CV,129141,v1.0.0,44277,0,2023-10-01,36898,0,SKU022,73795,0
FS,79757,v1.0.0,47854,0,2023-10-01,0,0,SKU022,79757,0
MT,223699,v1.0.0,67110,0,2023-10-01,100665,0,SKU023,251662,0
GT,120120,v1.0.0,57658,0,2023-10-01,0,0,SKU023,96096,0
EC,443822,v1.0.0,62657,0,2023-10-01,130536,0,SKU023,104429,0
CV,174636,v1.0.0,59875,0,2023-10-01,49896,0,SKU023,99792,0
FS,109933,v1.0.0,65960,0,2023-10-01,0,0,SKU023,109933,0
MT,240030,v1.0.0,72009,0,2023-10-01,108013,0,SKU024,270033,0
GT,190369,v1.0.0,91377,0,2023-10-01,0,0,SKU024,152295,0
EC,447121,v1.0.0,63123,0,2023-10-01,131506,0,SKU024,105205,0
CV,210175,v1.0.0,72060,0,2023-10-01,60050,0,SKU024,120100,0
FS,122642,v1.0.0,73585,0,2023-10-01,0,0,SKU024,122642,0
MT,290511,v1.0.0,87153,0,2023-10-01,130730,0,SKU025,326825,0
GT,166359,v1.0.0,79852,0,2023-10-01,0,0,SKU025,133088,0
EC,482432,v1.0.0,68108,0,2023-10-01,141892,0,SKU025,113513,0
CV,255405,v1.0.0,87567,0,2023-10-01,72973,0,SKU025,145946,0
FS,121937,v1.0.0,73162,0,2023-10-01,0,0,SKU025,121937,0
MT,376652,v1.0.0,112996,0,2023-10-01,169493,0,SKU026,423734,0
GT,184397,v1.0.0,88510,0,2023-10-01,0,0,SKU026,147518,0
EC,688225,v1.0.0,97161,0,2023-10-01,202419,0,SKU026,161935,0
CV,269892,v1.0.0,92534,0,2023-10-01,77112,0,SKU026,154224,0
FS,156668,v1.0.0,94001,0,2023-10-01,0,0,SKU026,156668,0
MT,419971,v1.0.0,125991,0,2023-10-01,188987,0,SKU027,472467,0
GT,193976,v1.0.0,93109,0,2023-10-01,0,0,SKU027,155181,0
EC,838015,v1.0.0,118308,0,2023-10-01,246475,0,SKU027,197180,0
CV,289076,v1.0.0,99112,0,2023-10-01,82593,0,SKU027,165186,0
FS,189989,v1.0.0,113994,0,2023-10-01,0,0,SKU027,189989,0
MT,133394,v1.0.0,40018,0,2023-10-01,60027,0,SKU028,150069,0
GT,88628,v1.0.0,42541,0,2023-10-01,0,0,SKU028,70902,0
EC,279338,v1.0.0,39436,0,2023-10-01,82158,0,SKU028,65727,0
CV,126214,v1.0.0,43273,0,2023-10-01,36061,0,SKU028,72122,0
FS,75038,v1.0.0,45023,0,2023-10-01,0,0,SKU028,75038,0
MT,170830,v1.0.0,51249,0,2023-10-01,76874,0,SKU029,192184,0
GT,85946,v1.0.0,41254,0,2023-10-01,0,0,SKU029,68757,0
EC,341713,v1.0.0,48242,0,2023-10-01,100504,0,SKU029,80403,0
CV,163556,v1.0.0,56076,0,2023-10-01,46730,0,SKU029,93460,0
FS,91704,v1.0.0,55022,0,2023-10-01,0,0,SKU029,91704,0
MT,217740,v1.0.0,65322,0,2023-10-01,97983,0,SKU030,244958,0
GT,154172,v1.0.0,74002,0,2023-10-01,0,0,SKU030,123338,0
EC,496676,v1.0.0,70119,0,2023-10-01,146081,0,SKU030,116865,0
CV,195969,v1.0.0,67190,0,2023-10-01,55991,0,SKU030,111982,0
FS,105185,v1.0.0,63111,0,2023-10-01,0,0,SKU030,105185,0
MT,185079,v1.0.0,55524,0,2023-10-01,83286,0,SKU031,208214,0
GT,149358,v1.0.0,71692,0,2023-10-01,0,0,SKU031,119486,0
EC,598261,v1.0.0,84460,0,2023-10-01,175959,0,SKU031,140767,0
CV,230946,v1.0.0,79182,0,2023-10-01,65985,0,SKU031,131969,0
FS,101209,v1.0.0,60726,0,2023-10-01,0,0,SKU031,101209,0
MT,235923,v1.0.0,70777,0,2023-10-01,106165,0,SKU032,265414,0
GT,178620,v1.0.0,85738,0,2023-10-01,0,0,SKU032,142896,0
EC,534986,v1.0.0,75527,0,2023-10-01,157349,0,SKU032,125879,0
CV,287885,v1.0.0,98703,0,2023-10-01,82253,0,SKU032,164506,0
FS,179722,v1.0.0,107833,0,2023-10-01,0,0,SKU032,179722,0
MT,349874,v1.0.0,104962,0,2023-10-01,157443,0,SKU033,393608,0
GT,186908,v1.0.0,89716,0,2023-10-01,0,0,SKU033,149526,0
EC,691973,v1.0.0,97690,0,2023-10-01,203522,0,SKU033,162817,0
CV,287670,v1.0.0,98630,0,2023-10-01,82191,0,SKU033,164383,0
FS,178139,v1.0.0,106883,0,2023-10-01,0,0,SKU033,178139,0
MT,198143,v1.0.0,59443,0,2023-10-01,89165,0,SKU034,222911,0
GT,87458,v1.0.0,41980,0,2023-10-01,0,0,SKU034,69966,0
EC,426879,v1.0.0,60265,0,2023-10-01,125553,0,SKU034,100442,0
CV,205098,v1.0.0,70319,0,2023-10-01,58599,0,SKU034,117199,0
FS,112905,v1.0.0,67743,0,2023-10-01,0,0,SKU034,112905,0
MT,172091,v1.0.0,51627,0,2023-10-01,77441,0,SKU035,193602,0
GT,143995,v1.0.0,69118,0,2023-10-01,0,0,SKU035,115196,0
EC,404651,v1.0.0,57127,0,2023-10-01,119015,0,SKU035,95212,0
CV,178522,v1.0.0,61208,0,2023-10-01,51006,0,SKU035,102013,0
FS,103352,v1.0.0,62011,0,2023-10-01,0,0,SKU035,103352,0
MT,244251,v1.0.0,73275,0,2023-10-01,109913,0,SKU036,274782,0
GT,127822,v1.0.0,61355,0,2023-10-01,0,0,SKU036,102258,0
EC,441423,v1.0.0,62319,0,2023-10-01,129830,0,SKU036,103864,0
CV,220610,v1.0.0,75638,0,2023-10-01,63032,0,SKU036,126063,0
FS,112751,v1.0.0,67650,0,2023-10-01,0,0,SKU036,112751,0
MT,113454,v1.0.0,34036,0,2023-11-01,51054,0,SKU001,127636,0
GT,68445,v1.0.0,32854,0,2023-11-01,0,0,SKU001,54756,0
EC,210516,v1.0.0,29720,0,2023-11-01,61916,0,SKU001,49533,0
CV,96447,v1.0.0,33067,0,2023-11-01,27556,0,SKU001,55112,0
FS,45509,v1.0.0,27306,0,2023-11-01,0,0,SKU001,45509,0
MT,120731,v1.0.0,36219,0,2023-11-01,54329,0,SKU002,135823,0
GT,80706,v1.0.0,38739,0,2023-11-01,0,0,SKU002,64564,0
EC,278851,v1.0.0,39367,0,2023-11-01,82015,0,SKU002,65612,0
CV,86756,v1.0.0,29745,0,2023-11-01,24787,0,SKU002,49575,0
FS,55603,v1.0.0,33362,0,2023-11-01,0,0,SKU002,55603,0
MT,151845,v1.0.0,45554,0,2023-11-01,68330,0,SKU003,170826,0
GT,99328,v1.0.0,47678,0,2023-11-01,0,0,SKU003,79462,0
EC,307377,v1.0.0,43394,0,2023-11-01,90405,0,SKU003,72324,0
CV,136434,v1.0.0,46778,0,2023-11-01,38981,0,SKU003,77962,0
FS,81060,v1.0.0,48636,0,2023-11-01,0,0,SKU003,81060,0
MT,205764,v1.0.0,61729,0,2023-11-01,92594,0,SKU004,231485,0
GT,106982,v1.0.0,51351,0,2023-11-01,0,0,SKU004,85586,0
EC,433739,v1.0.0,61234,0,2023-11-01,127570,0,SKU004,102056,0
CV,179101,v1.0.0,61406,0,2023-11-01,51172,0,SKU004,102344,0
FS,70406,v1.0.0,42244,0,2023-11-01,0,0,SKU004,70406,0
MT,221254,v1.0.0,66376,0,2023-11-01,99564,0,SKU005,248911,0
GT,158340,v1.0.0,76003,0,2023-11-01,0,0,SKU005,126672,0
EC,407837,v1.0.0,57577,0,2023-11-01,119952,0,SKU005,95962,0
CV,178870,v1.0.0,61327,0,2023-11-01,51106,0,SKU005,102211,0
FS,124755,v1.0.0,74853,0,2023-11-01,0,0,SKU005,124755,0
MT,275288,v1.0.0,82586,0,2023-11-01,123880,0,SKU006,309699,0
GT,204214,v1.0.0,98023,0,2023-11-01,0,0,SKU006,163371,0
EC,577531,v1.0.0,81534,0,2023-11-01,169862,0,SKU006,135890,0
CV,211349,v1.0.0,72463,0,2023-11-01,60386,0,SKU006,120771,0
FS,161695,v1.0.0,97017,0,2023-11-01,0,0,SKU006,161695,0
MT,336695,v1.0.0,101008,0,2023-11-01,151513,0,SKU007,378782,0
GT,151149,v1.0.0,72552,0,2023-11-01,0,0,SKU007,120920,0
EC,619852,v1.0.0,87509,0,2023-11-01,182309,0,SKU007,145848,0
CV,273464,v1.0.0,93759,0,2023-11-01,78133,0,SKU007,156265,0
FS,170863,v1.0.0,102518,0,2023-11-01,0,0,SKU007,170863,0
MT,383146,v1.0.0,114944,0,2023-11-01,172416,0,SKU008,431039,0
GT,182325,v1.0.0,87516,0,2023-11-01,0,0,SKU008,145860,0
EC,653176,v1.0.0,92213,0,2023-11-01,192111,0,SKU008,153688,0
CV,278326,v1.0.0,95426,0,2023-11-01,79522,0,SKU008,159044,0
FS,209984,v1.0.0,125990,0,2023-11-01,0,0,SKU008,209984,0
MT,388341,v1.0.0,116502,0,2023-11-01,174754,0,SKU009,436884,0
GT,265736,v1.0.0,127553,0,2023-11-01,0,0,SKU009,212589,0
EC,672481,v1.0.0,94938,0,2023-11-01,197788,0,SKU009,158231,0
CV,342326,v1.0.0,117369,0,2023-11-01,97808,0,SKU009,195615,0
FS,212184,v1.0.0,127311,0,2023-11-01,0,0,SKU009,212184,0
MT,169837,v1.0.0,50951,0,2023-11-01,76427,0,SKU010,191067,0
GT,104861,v1.0.0,50333,0,2023-11-01,0,0,SKU010,83889,0
EC,306327,v1.0.0,43246,0,2023-11-01,90096,0,SKU010,72077,0
CV,142289,v1.0.0,48785,0,2023-11-01,40654,0,SKU010,81308,0
FS,73996,v1.0.0,44398,0,2023-11-01,0,0,SKU010,73996,0
MT,220108,v1.0.0,66033,0,2023-11-01,99049,0,SKU011,247622,0
GT,130492,v1.0.0,62636,0,2023-11-01,0,0,SKU011,104393,0
EC,369115,v1.0.0,52110,0,2023-11-01,108563,0,SKU011,86851,0
CV,167823,v1.0.0,57539,0,2023-11-01,47949,0,SKU011,95899,0
FS,92949,v1.0.0,55769,0,2023-11-01,0,0,SKU011,92949,0
MT,224425,v1.0.0,67328,0,2023-11-01,100991,0,SKU012,252478,0
GT,137719,v1.0.0,66105,0,2023-11-01,0,0,SKU012,110175,0
EC,389844,v1.0.0,55037,0,2023-11-01,114660,0,SKU012,91728,0
CV,160414,v1.0.0,54999,0,2023-11-01,45832,0,SKU012,91665,0
FS,89745,v1.0.0,53847,0,2023-11-01,0,0,SKU012,89745,0
MT,286328,v1.0.0,85898,0,2023-11-01,128848,0,SKU013,322119,0
GT,189650,v1.0.0,91032,0,2023-11-01,0,0,SKU013,151720,0
EC,476472,v1.0.0,67267,0,2023-11-01,140139,0,SKU013,112111,0
CV,197954,v1.0.0,67870,0,2023-11-01,56558,0,SKU013,113116,0
FS,151814,v1.0.0,91088,0,2023-11-01,0,0,SKU013,151814,0
MT,332493,v1.0.0,99748,0,2023-11-01,149622,0,SKU014,374054,0
GT,198120,v1.0.0,95098,0,2023-11-01,0,0,SKU014,158496,0
EC,599760,v1.0.0,84672,0,2023-11-01,176400,0,SKU014,141120,0
CV,240257,v1.0.0,82374,0,2023-11-01,68645,0,SKU014,137290,0
FS,180339,v1.0.0,108204,0,2023-11-01,0,0,SKU014,180339,0
MT,359366,v1.0.0,107810,0,2023-11-01,161715,0,SKU015,404287,0
GT,231904,v1.0.0,111314,0,2023-11-01,0,0,SKU015,185523,0
EC,625437,v1.0.0,88297,0,2023-11-01,183952,0,SKU015,147162,0
CV,290018,v1.0.0,99435,0,2023-11-01,82862,0,SKU015,165725,0
FS,189101,v1.0.0,113461,0,2023-11-01,0,0,SKU015,189101,0
MT,433532,v1.0.0,130060,0,2023-11-01,195089,0,SKU016,487723,0
GT,228150,v1.0.0,109512,0,2023-11-01,0,0,SKU016,182520,0
EC,757272,v1.0.0,106909,0,2023-11-01,222727,0,SKU016,178182,0
CV,396007,v1.0.0,135774,0,2023-11-01,113145,0,SKU016,226290,0
FS,200971,v1.0.0,120583,0,2023-11-01,0,0,SKU016,200971,0
MT,220796,v1.0.0,66239,0,2023-11-01,99358,0,SKU017,248396,0
GT,157462,v1.0.0,75582,0,2023-11-01,0,0,SKU017,125970,0
EC,430140,v1.0.0,60726,0,2023-11-01,126512,0,SKU017,101210,0
CV,199608,v1.0.0,68437,0,2023-11-01,57031,0,SKU017,114062,0
FS,134521,v1.0.0,80713,0,2023-11-01,0,0,SKU017,134521,0
MT,246008,v1.0.0,73802,0,2023-11-01,110704,0,SKU018,276759,0
GT,173794,v1.0.0,83421,0,2023-11-01,0,0,SKU018,139035,0
EC,451769,v1.0.0,63779,0,2023-11-01,132873,0,SKU018,106299,0
CV,275382,v1.0.0,94417,0,2023-11-01,78681,0,SKU018,157361,0
FS,130507,v1.0.0,78304,0,2023-11-01,0,0,SKU018,130507,0
MT,127894,v1.0.0,38368,0,2023-11-01,57552,0,SKU019,143880,0
GT,78098,v1.0.0,37487,0,2023-11-01,0,0,SKU019,62478,0
EC,194322,v1.0.0,27434,0,2023-11-01,57154,0,SKU019,45723,0
CV,83349,v1.0.0,28577,0,2023-11-01,23814,0,SKU019,47628,0
FS,50026,v1.0.0,30015,0,2023-11-01,0,0,SKU019,50026,0
MT,121552,v1.0.0,36466,0,2023-11-01,54699,0,SKU020,136746,0
GT,89091,v1.0.0,42764,0,2023-11-01,0,0,SKU020,71272,0
EC,195034,v1.0.0,27534,0,2023-11-01,57363,0,SKU020,45890,0
CV,119467,v1.0.0,40960,0,2023-11-01,34133,0,SKU020,68267,0
FS,63072,v1.0.0,37843,0,2023-11-01,0,0,SKU020,63072,0
MT,195775,v1.0.0,58732,0,2023-11-01,88099,0,SKU021,220247,0
GT,104812,v1.0.0,50310,0,2023-11-01,0,0,SKU021,83850,0
EC,329868,v1.0.0,46570,0,2023-11-01,97020,0,SKU021,77616,0
CV,157933,v1.0.0,54148,0,2023-11-01,45124,0,SKU021,90248,0
FS,97948,v1.0.0,58768,0,2023-11-01,0,0,SKU021,97948,0
MT,217740,v1.0.0,65322,0,2023-11-01,97983,0,SKU022,244958,0
GT,131296,v1.0.0,63022,0,2023-11-01,0,0,SKU022,105037,0
EC,284174,v1.0.0,40119,0,2023-11-01,83581,0,SKU022,66864,0
CV,190413,v1.0.0,65284,0,2023-11-01,54404,0,SKU022,108807,0
FS,83058,v1.0.0,49835,0,2023-11-01,0,0,SKU022,83058,0
MT,211475,v1.0.0,63443,0,2023-11-01,95164,0,SKU023,237910,0
GT,129480,v1.0.0,62150,0,2023-11-01,0,0,SKU023,103584,0
EC,544582,v1.0.0,76882,0,2023-11-01,160171,0,SKU023,128137,0
CV,209563,v1.0.0,71850,0,2023-11-01,59875,0,SKU023,119750,0
FS,117962,v1.0.0,70777,0,2023-11-01,0,0,SKU023,117962,0
MT,192566,v1.0.0,57770,0,2023-11-01,86655,0,SKU024,216637,0
GT,192965,v1.0.0,92623,0,2023-11-01,0,0,SKU024,154372,0
EC,606807,v1.0.0,85667,0,2023-11-01,178473,0,SKU024,142778,0
CV,228962,v1.0.0,78501,0,2023-11-01,65418,0,SKU024,130835,0
FS,143882,v1.0.0,86329,0,2023-11-01,0,0,SKU024,143882,0
MT,306899,v1.0.0,92070,0,2023-11-01,138104,0,SKU025,345261,0
GT,177767,v1.0.0,85328,0,2023-11-01,0,0,SKU025,142214,0
EC,646166,v1.0.0,91223,0,2023-11-01,190049,0,SKU025,152039,0
CV,252825,v1.0.0,86683,0,2023-11-01,72236,0,SKU025,144472,0
FS,142260,v1.0.0,85356,0,2023-11-01,0,0,SKU025,142260,0
MT,327947,v1.0.0,98384,0,2023-11-01,147576,0,SKU026,368940,0
GT,198900,v1.0.0,95472,0,2023-11-01,0,0,SKU026,159120,0
EC,697783,v1.0.0,98511,0,2023-11-01,205230,0,SKU026,164184,0
CV,344393,v1.0.0,118078,0,2023-11-01,98398,0,SKU026,196796,0
FS,190298,v1.0.0,114179,0,2023-11-01,0,0,SKU026,190298,0
MT,484987,v1.0.0,145496,0,2023-11-01,218244,0,SKU027,545611,0
GT,236584,v1.0.0,113560,0,2023-11-01,0,0,SKU027,189267,0
EC,986305,v1.0.0,139243,0,2023-11-01,290090,0,SKU027,232072,0
CV,384927,v1.0.0,131975,0,2023-11-01,109979,0,SKU027,219958,0
FS,231716,v1.0.0,139029,0,2023-11-01,0,0,SKU027,231716,0
MT,154710,v1.0.0,46413,0,2023-11-01,69620,0,SKU028,174049,0
GT,81608,v1.0.0,39172,0,2023-11-01,0,0,SKU028,65286,0
EC,277989,v1.0.0,39245,0,2023-11-01,81761,0,SKU028,65409,0
CV,129786,v1.0.0,44498,0,2023-11-01,37082,0,SKU028,74164,0
FS,82681,v1.0.0,49609,0,2023-11-01,0,0,SKU028,82681,0
MT,180686,v1.0.0,54206,0,2023-11-01,81309,0,SKU029,203272,0
GT,131016,v1.0.0,62888,0,2023-11-01,0,0,SKU029,104812,0
EC,325595,v1.0.0,45966,0,2023-11-01,95763,0,SKU029,76611,0
CV,169956,v1.0.0,58271,0,2023-11-01,48559,0,SKU029,97118,0
FS,115771,v1.0.0,69463,0,2023-11-01,0,0,SKU029,115771,0
MT,213920,v1.0.0,64176,0,2023-11-01,96264,0,SKU030,240660,0
GT,143203,v1.0.0,68738,0,2023-11-01,0,0,SKU030,114562,0
EC,537910,v1.0.0,75940,0,2023-11-01,158209,0,SKU030,126567,0
CV,192662,v1.0.0,66056,0,2023-11-01,55046,0,SKU030,110092,0
FS,108080,v1.0.0,64848,0,2023-11-01,0,0,SKU030,108080,0
MT,362537,v1.0.0,108761,0,2023-11-01,163142,0,SKU031,407854,0
GT,180619,v1.0.0,86697,0,2023-11-01,0,0,SKU031,144495,0
EC,510658,v1.0.0,72093,0,2023-11-01,150194,0,SKU031,120155,0
CV,306357,v1.0.0,105037,0,2023-11-01,87531,0,SKU031,175061,0
FS,167215,v1.0.0,100329,0,2023-11-01,0,0,SKU031,167215,0
MT,322714,v1.0.0,96814,0,2023-11-01,145221,0,SKU032,363053,0
GT,199680,v1.0.0,95846,0,2023-11-01,0,0,SKU032,159744,0
EC,671731,v1.0.0,94833,0,2023-11-01,197568,0,SKU032,158054,0
CV,231790,v1.0.0,79471,0,2023-11-01,66226,0,SKU032,132451,0
FS,185898,v1.0.0,111539,0,2023-11-01,0,0,SKU032,185898,0
MT,367503,v1.0.0,110251,0,2023-11-01,165376,0,SKU033,413441,0
GT,251806,v1.0.0,120867,0,2023-11-01,0,0,SKU033,201445,0
EC,790446,v1.0.0,111592,0,2023-11-01,232484,0,SKU033,185987,0
CV,369861,v1.0.0,126810,0,2023-11-01,105675,0,SKU033,211349,0
FS,198008,v1.0.0,118805,0,2023-11-01,0,0,SKU033,198008,0
MT,232409,v1.0.0,69723,0,2023-11-01,104584,0,SKU034,261460,0
GT,136890,v1.0.0,65707,0,2023-11-01,0,0,SKU034,109512,0
EC,444422,v1.0.0,62742,0,2023-11-01,130712,0,SKU034,104570,0
CV,178010,v1.0.0,61032,0,2023-11-01,50860,0,SKU034,101720,0
FS,138497,v1.0.0,83098,0,2023-11-01,0,0,SKU034,138497,0
MT,269501,v1.0.0,80850,0,2023-11-01,121275,0,SKU035,303189,0
GT,182325,v1.0.0,87516,0,2023-11-01,0,0,SKU035,145860,0
EC,500237,v1.0.0,70622,0,2023-11-01,147129,0,SKU035,117703,0
CV,209447,v1.0.0,71811,0,2023-11-01,59842,0,SKU035,119684,0
FS,116476,v1.0.0,69885,0,2023-11-01,0,0,SKU035,116476,0
MT,305753,v1.0.0,91726,0,2023-11-01,137589,0,SKU036,343972,0
GT,188370,v1.0.0,90418,0,2023-11-01,0,0,SKU036,150696,0
EC,500050,v1.0.0,70595,0,2023-11-01,147074,0,SKU036,117659,0
CV,249518,v1.0.0,85549,0,2023-11-01,71291,0,SKU036,142582,0
FS,150038,v1.0.0,90023,0,2023-11-01,0,0,SKU036,150038,0
MT,102452,v1.0.0,30736,0,2023-12-01,46104,0,SKU001,115259,0
GT,76781,v1.0.0,36855,0,2023-12-01,0,0,SKU001,61425,0
EC,195672,v1.0.0,27624,0,2023-12-01,57550,0,SKU001,46040,0
CV,94661,v1.0.0,32455,0,2023-12-01,27046,0,SKU001,54092,0
FS,55931,v1.0.0,33559,0,2023-12-01,0,0,SKU001,55931,0
MT,123195,v1.0.0,36958,0,2023-12-01,55438,0,SKU002,138594,0
GT,82802,v1.0.0,39745,0,2023-12-01,0,0,SKU002,66242,0
EC,265956,v1.0.0,37547,0,2023-12-01,78222,0,SKU002,62578,0
CV,120178,v1.0.0,41204,0,2023-12-01,34337,0,SKU002,68673,0
FS,71371,v1.0.0,42823,0,2023-12-01,0,0,SKU002,71371,0
MT,163305,v1.0.0,48992,0,2023-12-01,73487,0,SKU003,183718,0
GT,117609,v1.0.0,56452,0,2023-12-01,0,0,SKU003,94088,0
EC,337365,v1.0.0,47628,0,2023-12-01,99225,0,SKU003,79380,0
CV,171163,v1.0.0,58684,0,2023-12-01,48904,0,SKU003,97808,0
FS,67068,v1.0.0,40240,0,2023-12-01,0,0,SKU003,67068,0
MT,192700,v1.0.0,57810,0,2023-12-01,86715,0,SKU004,216787,0
GT,117402,v1.0.0,56353,0,2023-12-01,0,0,SKU004,93922,0
EC,431602,v1.0.0,60932,0,2023-12-01,126942,0,SKU004,101553,0
CV,176273,v1.0.0,60437,0,2023-12-01,50364,0,SKU004,100728,0
FS,106160,v1.0.0,63696,0,2023-12-01,0,0,SKU004,106160,0
MT,249370,v1.0.0,74811,0,2023-12-01,112216,0,SKU005,280541,0
GT,123240,v1.0.0,59155,0,2023-12-01,0,0,SKU005,98592,0
EC,479808,v1.0.0,67738,0,2023-12-01,141120,0,SKU005,112896,0
CV,223322,v1.0.0,76568,0,2023-12-01,63806,0,SKU005,127613,0
FS,146371,v1.0.0,87823,0,2023-12-01,0,0,SKU005,146371,0
MT,288849,v1.0.0,86655,0,2023-12-01,129982,0,SKU006,324955,0
GT,179985,v1.0.0,86393,0,2023-12-01,0,0,SKU006,143988,0
EC,569547,v1.0.0,80407,0,2023-12-01,167514,0,SKU006,134011,0
CV,273580,v1.0.0,93799,0,2023-12-01,78166,0,SKU006,156331,0
FS,143196,v1.0.0,85918,0,2023-12-01,0,0,SKU006,143196,0
MT,379899,v1.0.0,113970,0,2023-12-01,170955,0,SKU007,427386,0
GT,235755,v1.0.0,113162,0,2023-12-01,0,0,SKU007,188604,0
EC,482432,v1.0.0,68108,0,2023-12-01,141892,0,SKU007,113513,0
CV,283784,v1.0.0,97297,0,2023-12-01,81081,0,SKU007,162162,0
FS,158820,v1.0.0,95292,0,2023-12-01,0,0,SKU007,158820,0
MT,326324,v1.0.0,97897,0,2023-12-01,146846,0,SKU008,367114,0
GT,206152,v1.0.0,98953,0,2023-12-01,0,0,SKU008,164921,0
EC,707342,v1.0.0,99860,0,2023-12-01,208042,0,SKU008,166433,0
CV,289572,v1.0.0,99282,0,2023-12-01,82735,0,SKU008,165470,0
FS,189478,v1.0.0,113687,0,2023-12-01,0,0,SKU008,189478,0
MT,358469,v1.0.0,107541,0,2023-12-01,161311,0,SKU009,403277,0
GT,250039,v1.0.0,120019,0,2023-12-01,0,0,SKU009,200031,0
EC,751799,v1.0.0,106136,0,2023-12-01,221117,0,SKU009,176894,0
CV,351455,v1.0.0,120499,0,2023-12-01,100416,0,SKU009,200831,0
FS,217511,v1.0.0,130507,0,2023-12-01,0,0,SKU009,217511,0
MT,173275,v1.0.0,51983,0,2023-12-01,77974,0,SKU010,194935,0
GT,97402,v1.0.0,46753,0,2023-12-01,0,0,SKU010,77922,0
EC,283387,v1.0.0,40008,0,2023-12-01,83349,0,SKU010,66679,0
CV,129786,v1.0.0,44498,0,2023-12-01,37082,0,SKU010,74164,0
FS,70175,v1.0.0,42105,0,2023-12-01,0,0,SKU010,70175,0
MT,198755,v1.0.0,59626,0,2023-12-01,89440,0,SKU011,223599,0
GT,128919,v1.0.0,61881,0,2023-12-01,0,0,SKU011,103136,0
EC,373950,v1.0.0,52793,0,2023-12-01,109985,0,SKU011,87988,0
CV,182045,v1.0.0,62415,0,2023-12-01,52013,0,SKU011,104026,0
FS,95024,v1.0.0,57014,0,2023-12-01,0,0,SKU011,95024,0
MT,258805,v1.0.0,77642,0,2023-12-01,116462,0,SKU012,291156,0
GT,149297,v1.0.0,71662,0,2023-12-01,0,0,SKU012,119438,0
EC,447946,v1.0.0,63239,0,2023-12-01,131749,0,SKU012,105399,0
CV,223256,v1.0.0,76545,0,2023-12-01,63788,0,SKU012,127575,0
FS,113870,v1.0.0,68322,0,2023-12-01,0,0,SKU012,113870,0
MT,274352,v1.0.0,82306,0,2023-12-01,123459,0,SKU013,308646,0
GT,184092,v1.0.0,88364,0,2023-12-01,0,0,SKU013,147274,0
EC,519205,v1.0.0,73299,0,2023-12-01,152707,0,SKU013,122166,0
CV,285619,v1.0.0,97927,0,2023-12-01,81605,0,SKU013,163211,0
FS,138613,v1.0.0,83168,0,2023-12-01,0,0,SKU013,138613,0
MT,366720,v1.0.0,110016,0,2023-12-01,165024,0,SKU014,412560,0
GT,220740,v1.0.0,105955,0,2023-12-01,0,0,SKU014,176592,0
EC,686125,v1.0.0,96865,0,2023-12-01,201802,0,SKU014,161441,0
CV,260366,v1.0.0,89268,0,2023-12-01,74390,0,SKU014,148781,0
FS,144518,v1.0.0,86711,0,2023-12-01,0,0,SKU014,144518,0
MT,404118,v1.0.0,121235,0,2023-12-01,181853,0,SKU015,454633,0
GT,198157,v1.0.0,95115,0,2023-12-01,0,0,SKU015,158525,0
EC,715926,v1.0.0,101072,0,2023-12-01,210566,0,SKU015,168453,0
CV,349900,v1.0.0,119966,0,2023-12-01,99972,0,SKU015,199943,0
FS,176769,v1.0.0,106061,0,2023-12-01,0,0,SKU015,176769,0
MT,414164,v1.0.0,124249,0,2023-12-01,186374,0,SKU016,465935,0
GT,271879,v1.0.0,130502,0,2023-12-01,0,0,SKU016,217503,0
EC,891768,v1.0.0,125897,0,2023-12-01,262285,0,SKU016,209828,0
CV,381818,v1.0.0,130909,0,2023-12-01,109091,0,SKU016,218182,0
FS,222799,v1.0.0,133680,0,2023-12-01,0,0,SKU016,222799,0
MT,199690,v1.0.0,59907,0,2023-12-01,89861,0,SKU017,224652,0
GT,167822,v1.0.0,80554,0,2023-12-01,0,0,SKU017,134258,0
EC,532100,v1.0.0,75120,0,2023-12-01,156500,0,SKU017,125200,0
CV,198202,v1.0.0,67955,0,2023-12-01,56629,0,SKU017,113258,0
FS,119756,v1.0.0,71854,0,2023-12-01,0,0,SKU017,119756,0
MT,182749,v1.0.0,54825,0,2023-12-01,82237,0,SKU018,205592,0
GT,201825,v1.0.0,96876,0,2023-12-01,0,0,SKU018,161460,0
EC,586265,v1.0.0,82767,0,2023-12-01,172431,0,SKU018,137945,0
CV,197789,v1.0.0,67813,0,2023-12-01,56511,0,SKU018,113022,0
FS,133170,v1.0.0,79902,0,2023-12-01,0,0,SKU018,133170,0
MT,102452,v1.0.0,30736,0,2023-12-01,46104,0,SKU019,115259,0
GT,64058,v1.0.0,30748,0,2023-12-01,0,0,SKU019,51246,0
EC,229408,v1.0.0,32387,0,2023-12-01,67473,0,SKU019,53978,0
CV,97637,v1.0.0,33476,0,2023-12-01,27896,0,SKU019,55793,0
FS,45162,v1.0.0,27097,0,2023-12-01,0,0,SKU019,45162,0
MT,166724,v1.0.0,50017,0,2023-12-01,75026,0,SKU020,187564,0
GT,74417,v1.0.0,35720,0,2023-12-01,0,0,SKU020,59534,0
EC,317535,v1.0.0,44829,0,2023-12-01,93393,0,SKU020,74714,0
CV,98134,v1.0.0,33646,0,2023-12-01,28038,0,SKU020,56076,0
FS,70956,v1.0.0,42574,0,2023-12-01,0,0,SKU020,70956,0
MT,180495,v1.0.0,54148,0,2023-12-01,81223,0,SKU021,203057,0
GT,121266,v1.0.0,58208,0,2023-12-01,0,0,SKU021,97012,0
EC,299880,v1.0.0,42336,0,2023-12-01,88200,0,SKU021,70560,0
CV,136434,v1.0.0,46778,0,2023-12-01,38981,0,SKU021,77962,0
FS,95052,v1.0.0,57032,0,2023-12-01,0,0,SKU021,95052,0
MT,209030,v1.0.0,62709,0,2023-12-01,94064,0,SKU022,235159,0
GT,145884,v1.0.0,70024,0,2023-12-01,0,0,SKU022,116708,0
EC,427329,v1.0.0,60329,0,2023-12-01,125685,0,SKU022,100548,0
CV,158363,v1.0.0,54296,0,2023-12-01,45247,0,SKU022,90493,0
FS,105060,v1.0.0,63036,0,2023-12-01,0,0,SKU022,105060,0
MT,244480,v1.0.0,73344,0,2023-12-01,110016,0,SKU023,275040,0
GT,156780,v1.0.0,75254,0,2023-12-01,0,0,SKU023,125424,0
EC,455818,v1.0.0,64351,0,2023-12-01,134064,0,SKU023,107251,0
CV,241315,v1.0.0,82737,0,2023-12-01,68947,0,SKU023,137894,0
FS,138960,v1.0.0,83376,0,2023-12-01,0,0,SKU023,138960,0
MT,288849,v1.0.0,86655,0,2023-12-01,129982,0,SKU024,324955,0
GT,160948,v1.0.0,77255,0,2023-12-01,0,0,SKU024,128758,0
EC,636083,v1.0.0,89800,0,2023-12-01,187083,0,SKU024,149667,0
CV,224265,v1.0.0,76891,0,2023-12-01,64076,0,SKU024,128151,0
FS,147992,v1.0.0,88795,0,2023-12-01,0,0,SKU024,147992,0
MT,393307,v1.0.0,117992,0,2023-12-01,176988,0,SKU025,442471,0
GT,184421,v1.0.0,88522,0,2023-12-01,0,0,SKU025,147537,0
EC,652014,v1.0.0,92049,0,2023-12-01,191769,0,SKU025,153415,0
CV,273464,v1.0.0,93759,0,2023-12-01,78133,0,SKU025,156265,0
FS,172368,v1.0.0,103421,0,2023-12-01,0,0,SKU025,172368,0
MT,383146,v1.0.0,114944,0,2023-12-01,172416,0,SKU026,431039,0
GT,237230,v1.0.0,113870,0,2023-12-01,0,0,SKU026,189784,0
EC,691411,v1.0.0,97611,0,2023-12-01,203356,0,SKU026,162685,0
CV,310657,v1.0.0,106511,0,2023-12-01,88759,0,SKU026,177518,0
FS,194399,v1.0.0,116640,0,2023-12-01,0,0,SKU026,194399,0
MT,418214,v1.0.0,125464,0,2023-12-01,188196,0,SKU027,470490,0
GT,256766,v1.0.0,123248,0,2023-12-01,0,0,SKU027,205413,0
EC,865604,v1.0.0,122203,0,2023-12-01,254589,0,SKU027,203671,0
CV,330155,v1.0.0,113196,0,2023-12-01,94330,0,SKU027,188660,0
FS,211296,v1.0.0,126778,0,2023-12-01,0,0,SKU027,211296,0
MT,176026,v1.0.0,52808,0,2023-12-01,79212,0,SKU028,198029,0
GT,102668,v1.0.0,49280,0,2023-12-01,0,0,SKU028,82134,0
EC,313075,v1.0.0,44199,0,2023-12-01,92081,0,SKU028,73665,0
CV,155386,v1.0.0,53275,0,2023-12-01,44396,0,SKU028,88792,0
FS,93798,v1.0.0,56279,0,2023-12-01,0,0,SKU028,93798,0
MT,220108,v1.0.0,66033,0,2023-12-01,99049,0,SKU029,247622,0
GT,133112,v1.0.0,63894,0,2023-12-01,0,0,SKU029,106490,0
EC,306252,v1.0.0,43236,0,2023-12-01,90074,0,SKU029,72059,0
CV,184889,v1.0.0,63391,0,2023-12-01,52826,0,SKU029,105651,0
FS,104982,v1.0.0,62989,0,2023-12-01,0,0,SKU029,104982,0
MT,241615,v1.0.0,72484,0,2023-12-01,108727,0,SKU030,271817,0
GT,140766,v1.0.0,67568,0,2023-12-01,0,0,SKU030,112612,0
EC,464814,v1.0.0,65621,0,2023-12-01,136710,0,SKU030,109368,0
CV,225737,v1.0.0,77396,0,2023-12-01,64496,0,SKU030,128992,0
FS,105668,v1.0.0,63400,0,2023-12-01,0,0,SKU030,105668,0
MT,266732,v1.0.0,80019,0,2023-12-01,120029,0,SKU031,300073,0
GT,185482,v1.0.0,89031,0,2023-12-01,0,0,SKU031,148385,0
EC,591851,v1.0.0,83555,0,2023-12-01,174074,0,SKU031,139259,0
CV,279021,v1.0.0,95664,0,2023-12-01,79720,0,SKU031,159440,0
FS,140263,v1.0.0,84158,0,2023-12-01,0,0,SKU031,140263,0
MT,336160,v1.0.0,100848,0,2023-12-01,151272,0,SKU032,378180,0
GT,182520,v1.0.0,87610,0,2023-12-01,0,0,SKU032,146016,0
EC,765294,v1.0.0,108041,0,2023-12-01,225086,0,SKU032,180069,0
CV,238140,v1.0.0,81648,0,2023-12-01,68040,0,SKU032,136080,0
FS,148224,v1.0.0,88934,0,2023-12-01,0,0,SKU032,148224,0
MT,391913,v1.0.0,117574,0,2023-12-01,176361,0,SKU033,440902,0
GT,234500,v1.0.0,112560,0,2023-12-01,0,0,SKU033,187600,0
EC,793108,v1.0.0,111968,0,2023-12-01,233267,0,SKU033,186614,0
CV,354597,v1.0.0,121576,0,2023-12-01,101313,0,SKU033,202627,0
FS,211026,v1.0.0,126616,0,2023-12-01,0,0,SKU033,211026,0
MT,205592,v1.0.0,61678,0,2023-12-01,92517,0,SKU034,231291,0
GT,124532,v1.0.0,59775,0,2023-12-01,0,0,SKU034,99626,0
EC,426879,v1.0.0,60265,0,2023-12-01,125553,0,SKU034,100442,0
CV,192199,v1.0.0,65897,0,2023-12-01,54914,0,SKU034,109828,0
FS,112152,v1.0.0,67291,0,2023-12-01,0,0,SKU034,112152,0
MT,225666,v1.0.0,67700,0,2023-12-01,101550,0,SKU035,253875,0
GT,174038,v1.0.0,83538,0,2023-12-01,0,0,SKU035,139230,0
EC,544844,v1.0.0,76919,0,2023-12-01,160248,0,SKU035,128199,0
CV,178522,v1.0.0,61208,0,2023-12-01,51006,0,SKU035,102013,0
FS,118936,v1.0.0,71362,0,2023-12-01,0,0,SKU035,118936,0
MT,274123,v1.0.0,82237,0,2023-12-01,123355,0,SKU036,308389,0
GT,179400,v1.0.0,86112,0,2023-12-01,0,0,SKU036,143520,0
EC,551779,v1.0.0,77898,0,2023-12-01,162288,0,SKU036,129830,0
CV,232782,v1.0.0,79811,0,2023-12-01,66509,0,SKU036,133018,0
FS,137609,v1.0.0,82565,0,2023-12-01,0,0,SKU036,137609,0
MT,81137,v1.0.0,24341,0,2024-01-01,36512,0,SKU001,91279,0
GT,55721,v1.0.0,26746,0,2024-01-01,0,0,SKU001,44577,0
EC,155188,v1.0.0,21909,0,2024-01-01,91287,0,SKU001,36515,0
CV,76800,v1.0.0,26331,0,2024-01-01,21943,0,SKU001,43886,0
FS,54542,v1.0.0,32725,0,2024-01-01,0,0,SKU001,54542,0
MT,137157,v1.0.0,41147,0,2024-01-01,61721,0,SKU002,154302,0
GT,69700,v1.0.0,33456,0,2024-01-01,0,0,SKU002,55760,0
EC,212765,v1.0.0,30037,0,2024-01-01,125156,0,SKU002,50062,0
CV,97422,v1.0.0,33402,0,2024-01-01,27835,0,SKU002,55670,0
FS,68467,v1.0.0,41080,0,2024-01-01,0,0,SKU002,68467,0
MT,164260,v1.0.0,49278,0,2024-01-01,73917,0,SKU003,184792,0
GT,66422,v1.0.0,31882,0,2024-01-01,0,0,SKU003,53138,0
EC,294257,v1.0.0,41542,0,2024-01-01,173092,0,SKU003,69237,0
CV,131473,v1.0.0,45076,0,2024-01-01,37564,0,SKU003,75128,0
FS,66585,v1.0.0,39951,0,2024-01-01,0,0,SKU003,66585,0
MT,150241,v1.0.0,45072,0,2024-01-01,67608,0,SKU004,169021,0
GT,88920,v1.0.0,42682,0,2024-01-01,0,0,SKU004,71136,0
EC,322633,v1.0.0,45548,0,2024-01-01,189784,0,SKU004,75914,0
CV,145166,v1.0.0,49771,0,2024-01-01,41476,0,SKU004,82952,0
FS,89108,v1.0.0,53465,0,2024-01-01,0,0,SKU004,89108,0
MT,184582,v1.0.0,55375,0,2024-01-01,83062,0,SKU005,207655,0
GT,136500,v1.0.0,65520,0,2024-01-01,0,0,SKU005,109200,0
EC,347861,v1.0.0,49110,0,2024-01-01,204624,0,SKU005,81850,0
CV,185220,v1.0.0,63504,0,2024-01-01,52920,0,SKU005,105840,0
FS,94493,v1.0.0,56696,0,2024-01-01,0,0,SKU005,94493,0
MT,283425,v1.0.0,85027,0,2024-01-01,127541,0,SKU006,318853,0
GT,168736,v1.0.0,80993,0,2024-01-01,0,0,SKU006,134989,0
EC,473735,v1.0.0,66880,0,2024-01-01,278668,0,SKU006,111467,0
CV,178473,v1.0.0,61191,0,2024-01-01,50992,0,SKU006,101984,0
FS,104143,v1.0.0,62486,0,2024-01-01,0,0,SKU006,104143,0
MT,235388,v1.0.0,70617,0,2024-01-01,105925,0,SKU007,264812,0
GT,188224,v1.0.0,90347,0,2024-01-01,0,0,SKU007,150579,0
EC,494127,v1.0.0,69759,0,2024-01-01,290663,0,SKU007,116265,0
CV,274754,v1.0.0,94201,0,2024-01-01,78501,0,SKU007,157002,0
FS,128712,v1.0.0,77227,0,2024-01-01,0,0,SKU007,128712,0
MT,319830,v1.0.0,95949,0,2024-01-01,143923,0,SKU008,359808,0
GT,206152,v1.0.0,98953,0,2024-01-01,0,0,SKU008,164921,0
EC,630873,v1.0.0,89064,0,2024-01-01,371102,0,SKU008,148441,0
CV,288166,v1.0.0,98800,0,2024-01-01,82333,0,SKU008,164666,0
FS,145184,v1.0.0,87111,0,2024-01-01,0,0,SKU008,145184,0
MT,395370,v1.0.0,118611,0,2024-01-01,177916,0,SKU009,444791,0
GT,171551,v1.0.0,82345,0,2024-01-01,0,0,SKU009,137241,0
EC,679378,v1.0.0,95912,0,2024-01-01,399634,0,SKU009,159854,0
CV,261689,v1.0.0,89722,0,2024-01-01,74768,0,SKU009,149537,0
FS,197092,v1.0.0,118255,0,2024-01-01,0,0,SKU009,197092,0
MT,137520,v1.0.0,41256,0,2024-01-01,61884,0,SKU010,154710,0
GT,84240,v1.0.0,40435,0,2024-01-01,0,0,SKU010,67392,0
EC,296881,v1.0.0,41913,0,2024-01-01,174636,0,SKU010,69854,0
CV,121451,v1.0.0,41640,0,2024-01-01,34700,0,SKU010,69401,0
FS,69480,v1.0.0,41688,0,2024-01-01,0,0,SKU010,69480,0
MT,176580,v1.0.0,52974,0,2024-01-01,79461,0,SKU011,198652,0
GT,96428,v1.0.0,46285,0,2024-01-01,0,0,SKU011,77142,0
EC,320759,v1.0.0,45284,0,2024-01-01,188682,0,SKU011,75473,0
CV,98845,v1.0.0,33890,0,2024-01-01,28241,0,SKU011,56483,0
FS,72201,v1.0.0,43321,0,2024-01-01,0,0,SKU011,72201,0
MT,248300,v1.0.0,74490,0,2024-01-01,111735,0,SKU012,279338,0
GT,117000,v1.0.0,56160,0,2024-01-01,0,0,SKU012,93600,0
EC,378598,v1.0.0,53449,0,2024-01-01,222705,0,SKU012,89082,0
CV,171163,v1.0.0,58684,0,2024-01-01,48904,0,SKU012,97808,0
FS,105185,v1.0.0,63111,0,2024-01-01,0,0,SKU012,105185,0
MT,203587,v1.0.0,61076,0,2024-01-01,91614,0,SKU013,229035,0
GT,130601,v1.0.0,62689,0,2024-01-01,0,0,SKU013,104481,0
EC,405963,v1.0.0,57312,0,2024-01-01,238802,0,SKU013,95521,0
CV,159306,v1.0.0,54619,0,2024-01-01,45516,0,SKU013,91032,0
FS,136412,v1.0.0,81847,0,2024-01-01,0,0,SKU013,136412,0
MT,226144,v1.0.0,67843,0,2024-01-01,101765,0,SKU014,254412,0
GT,177840,v1.0.0,85363,0,2024-01-01,0,0,SKU014,142272,0
EC,671731,v1.0.0,94833,0,2024-01-01,395136,0,SKU014,158054,0
CV,275184,v1.0.0,94349,0,2024-01-01,78624,0,SKU014,157248,0
FS,129696,v1.0.0,77818,0,2024-01-01,0,0,SKU014,129696,0
MT,318684,v1.0.0,95605,0,2024-01-01,143408,0,SKU015,358519,0
GT,217193,v1.0.0,104253,0,2024-01-01,0,0,SKU015,173755,0
EC,718587,v1.0.0,101448,0,2024-01-01,422698,0,SKU015,169079,0
CV,347552,v1.0.0,119161,0,2024-01-01,99301,0,SKU015,198601,0
FS,184305,v1.0.0,110583,0,2024-01-01,0,0,SKU015,184305,0
MT,451409,v1.0.0,135423,0,2024-01-01,203134,0,SKU016,507836,0
GT,269027,v1.0.0,129133,0,2024-01-01,0,0,SKU016,215222,0
EC,631547,v1.0.0,89160,0,2024-01-01,371498,0,SKU016,148599,0
CV,337960,v1.0.0,115872,0,2024-01-01,96560,0,SKU016,193120,0
FS,174626,v1.0.0,104776,0,2024-01-01,0,0,SKU016,174626,0
MT,178585,v1.0.0,53576,0,2024-01-01,80363,0,SKU017,200908,0
GT,135708,v1.0.0,65140,0,2024-01-01,0,0,SKU017,108566,0
EC,388719,v1.0.0,54878,0,2024-01-01,228658,0,SKU017,91463,0
CV,171494,v1.0.0,58798,0,2024-01-01,48998,0,SKU017,97996,0
FS,76283,v1.0.0,45770,0,2024-01-01,0,0,SKU017,76283,0
MT,254794,v1.0.0,76438,0,2024-01-01,114657,0,SKU018,286643,0
GT,125580,v1.0.0,60278,0,2024-01-01,0,0,SKU018,100464,0
EC,517293,v1.0.0,73030,0,2024-01-01,304290,0,SKU018,121716,0
CV,199310,v1.0.0,68335,0,2024-01-01,56946,0,SKU018,113891,0
FS,122516,v1.0.0,73510,0,2024-01-01,0,0,SKU018,122516,0
MT,117580,v1.0.0,35274,0,2024-01-01,52911,0,SKU019,132277,0
GT,60109,v1.0.0,28852,0,2024-01-01,0,0,SKU019,48087,0
EC,222661,v1.0.0,31434,0,2024-01-01,130977,0,SKU019,52391,0
CV,85730,v1.0.0,29393,0,2024-01-01,24494,0,SKU019,48989,0
FS,45509,v1.0.0,27306,0,2024-01-01,0,0,SKU019,45509,0
MT,138800,v1.0.0,41640,0,2024-01-01,62460,0,SKU020,156150,0
GT,84898,v1.0.0,40751,0,2024-01-01,0,0,SKU020,67918,0
EC,222436,v1.0.0,31403,0,2024-01-01,130845,0,SKU020,52338,0
CV,71822,v1.0.0,24625,0,2024-01-01,20521,0,SKU020,41041,0
FS,66807,v1.0.0,40084,0,2024-01-01,0,0,SKU020,66807,0
MT,173810,v1.0.0,52143,0,2024-01-01,78214,0,SKU021,195536,0
GT,93234,v1.0.0,44752,0,2024-01-01,0,0,SKU021,74588,0
EC,337365,v1.0.0,47628,0,2024-01-01,198450,0,SKU021,79380,0
CV,133954,v1.0.0,45927,0,2024-01-01,38272,0,SKU021,76545,0
FS,65138,v1.0.0,39082,0,2024-01-01,0,0,SKU021,65138,0
MT,202498,v1.0.0,60749,0,2024-01-01,91124,0,SKU022,227810,0
GT,125738,v1.0.0,60354,0,2024-01-01,0,0,SKU022,100591,0
EC,367503,v1.0.0,51883,0,2024-01-01,216178,0,SKU022,86471,0
CV,153650,v1.0.0,52680,0,2024-01-01,43900,0,SKU022,87800,0
FS,77007,v1.0.0,46204,0,2024-01-01,0,0,SKU022,77007,0
MT,176026,v1.0.0,52808,0,2024-01-01,79212,0,SKU023,198029,0
GT,120900,v1.0.0,58032,0,2024-01-01,0,0,SKU023,96720,0
EC,463015,v1.0.0,65367,0,2024-01-01,272362,0,SKU023,108945,0
CV,127008,v1.0.0,43546,0,2024-01-01,36288,0,SKU023,72576,0
FS,97581,v1.0.0,58548,0,2024-01-01,0,0,SKU023,97581,0
MT,234605,v1.0.0,70382,0,2024-01-01,105572,0,SKU024,263931,0
GT,144507,v1.0.0,69363,0,2024-01-01,0,0,SKU024,115606,0
EC,497688,v1.0.0,70262,0,2024-01-01,292758,0,SKU024,117103,0
CV,212523,v1.0.0,72865,0,2024-01-01,60721,0,SKU024,121442,0
FS,134975,v1.0.0,80985,0,2024-01-01,0,0,SKU024,134975,0
MT,266674,v1.0.0,80002,0,2024-01-01,120003,0,SKU025,300008,0
GT,166359,v1.0.0,79852,0,2024-01-01,0,0,SKU025,133088,0
EC,611080,v1.0.0,86270,0,2024-01-01,359459,0,SKU025,143784,0
CV,243796,v1.0.0,83587,0,2024-01-01,69656,0,SKU025,139312,0
FS,158067,v1.0.0,94840,0,2024-01-01,0,0,SKU025,158067,0
MT,217549,v1.0.0,65265,0,2024-01-01,97897,0,SKU026,244743,0
GT,156427,v1.0.0,75085,0,2024-01-01,0,0,SKU026,125141,0
EC,538472,v1.0.0,76020,0,2024-01-01,316748,0,SKU026,126699,0
CV,274109,v1.0.0,93980,0,2024-01-01,78317,0,SKU026,156634,0
FS,174713,v1.0.0,104828,0,2024-01-01,0,0,SKU026,174713,0
MT,347926,v1.0.0,104378,0,2024-01-01,156567,0,SKU027,391416,0
GT,264615,v1.0.0,127015,0,2024-01-01,0,0,SKU027,211692,0
EC,693173,v1.0.0,97860,0,2024-01-01,407749,0,SKU027,163099,0
CV,327112,v1.0.0,112153,0,2024-01-01,93460,0,SKU027,186921,0
FS,183775,v1.0.0,110265,0,2024-01-01,0,0,SKU027,183775,0
MT,165712,v1.0.0,49713,0,2024-01-01,74570,0,SKU028,186426,0
GT,89505,v1.0.0,42962,0,2024-01-01,0,0,SKU028,71604,0
EC,190274,v1.0.0,26862,0,2024-01-01,111926,0,SKU028,44770,0
CV,117879,v1.0.0,40416,0,2024-01-01,33680,0,SKU028,67360,0
FS,69827,v1.0.0,41896,0,2024-01-01,0,0,SKU028,69827,0
MT,139621,v1.0.0,41886,0,2024-01-01,62829,0,SKU029,157074,0
GT,103240,v1.0.0,49555,0,2024-01-01,0,0,SKU029,82592,0
EC,336878,v1.0.0,47559,0,2024-01-01,198163,0,SKU029,79265,0
CV,167823,v1.0.0,57539,0,2024-01-01,47949,0,SKU029,95899,0
FS,110377,v1.0.0,66226,0,2024-01-01,0,0,SKU029,110377,0
MT,199595,v1.0.0,59878,0,2024-01-01,89818,0,SKU030,224544,0
GT,147469,v1.0.0,70785,0,2024-01-01,0,0,SKU030,117975,0
EC,391718,v1.0.0,55301,0,2024-01-01,230422,0,SKU030,92169,0
CV,177778,v1.0.0,60952,0,2024-01-01,50794,0,SKU030,101588,0
FS,104220,v1.0.0,62532,0,2024-01-01,0,0,SKU030,104220,0
MT,252578,v1.0.0,75774,0,2024-01-01,113660,0,SKU031,284151,0
GT,181313,v1.0.0,87030,0,2024-01-01,0,0,SKU031,145051,0
EC,538435,v1.0.0,76014,0,2024-01-01,316726,0,SKU031,126690,0
CV,235659,v1.0.0,80798,0,2024-01-01,67331,0,SKU031,134662,0
FS,109460,v1.0.0,65676,0,2024-01-01,0,0,SKU031,109460,0
MT,250592,v1.0.0,75178,0,2024-01-01,112766,0,SKU032,281916,0
GT,232440,v1.0.0,111571,0,2024-01-01,0,0,SKU032,185952,0
EC,513395,v1.0.0,72479,0,2024-01-01,301997,0,SKU032,120799,0
CV,256133,v1.0.0,87817,0,2024-01-01,73181,0,SKU032,146362,0
FS,164899,v1.0.0,98940,0,2024-01-01,0,0,SKU032,164899,0
MT,348518,v1.0.0,104555,0,2024-01-01,156833,0,SKU033,392082,0
GT,230173,v1.0.0,110483,0,2024-01-01,0,0,SKU033,184138,0
EC,622776,v1.0.0,87921,0,2024-01-01,366339,0,SKU033,146535,0
CV,361642,v1.0.0,123992,0,2024-01-01,103326,0,SKU033,206653,0
FS,174713,v1.0.0,104828,0,2024-01-01,0,0,SKU033,174713,0
MT,189205,v1.0.0,56761,0,2024-01-01,85142,0,SKU034,212855,0
GT,128334,v1.0.0,61600,0,2024-01-01,0,0,SKU034,102668,0
EC,359631,v1.0.0,50771,0,2024-01-01,211548,0,SKU034,84619,0
CV,175430,v1.0.0,60147,0,2024-01-01,50123,0,SKU034,100246,0
FS,90324,v1.0.0,54194,0,2024-01-01,0,0,SKU034,90324,0
MT,225666,v1.0.0,67700,0,2024-01-01,101550,0,SKU035,253875,0
GT,135708,v1.0.0,65140,0,2024-01-01,0,0,SKU035,108566,0
EC,369602,v1.0.0,52179,0,2024-01-01,217413,0,SKU035,86965,0
CV,205230,v1.0.0,70365,0,2024-01-01,58637,0,SKU035,117274,0
FS,137802,v1.0.0,82681,0,2024-01-01,0,0,SKU035,137802,0
MT,275880,v1.0.0,82764,0,2024-01-01,124146,0,SKU036,310365,0
GT,168188,v1.0.0,80730,0,2024-01-01,0,0,SKU036,134550,0
EC,403489,v1.0.0,56963,0,2024-01-01,237346,0,SKU036,94938,0
CV,229739,v1.0.0,78768,0,2024-01-01,65640,0,SKU036,131279,0
FS,169570,v1.0.0,101742,0,2024-01-01,0,0,SKU036,169570,0
MT,114142,v1.0.0,34242,0,2024-02-01,51364,0,SKU001,128409,0
GT,63180,v1.0.0,30326,0,2024-02-01,0,0,SKU001,50544,0
EC,199720,v1.0.0,28196,0,2024-02-01,117482,0,SKU001,46993,0
CV,83349,v1.0.0,28577,0,2024-02-01,23814,0,SKU001,47628,0
FS,51068,v1.0.0,30641,0,2024-02-01,0,0,SKU001,51068,0
MT,122374,v1.0.0,36712,0,2024-02-01,55068,0,SKU002,137670,0
GT,72321,v1.0.0,34714,0,2024-02-01,0,0,SKU002,57856,0
EC,174080,v1.0.0,24576,0,2024-02-01,102400,0,SKU002,40960,0
CV,120889,v1.0.0,41448,0,2024-02-01,34540,0,SKU002,69080,0
FS,51869,v1.0.0,31121,0,2024-02-01,0,0,SKU002,51869,0
MT,139430,v1.0.0,41829,0,2024-02-01,62743,0,SKU003,156859,0
GT,92016,v1.0.0,44168,0,2024-02-01,0,0,SKU003,73612,0
EC,299880,v1.0.0,42336,0,2024-02-01,176400,0,SKU003,70560,0
CV,124031,v1.0.0,42525,0,2024-02-01,35438,0,SKU003,70875,0
FS,66102,v1.0.0,39662,0,2024-02-01,0,0,SKU003,66102,0
MT,190522,v1.0.0,57157,0,2024-02-01,85735,0,SKU004,214338,0
GT,133380,v1.0.0,64022,0,2024-02-01,0,0,SKU004,106704,0
EC,416646,v1.0.0,58821,0,2024-02-01,245086,0,SKU004,98034,0
CV,128199,v1.0.0,43954,0,2024-02-01,36628,0,SKU004,73256,0
FS,96259,v1.0.0,57755,0,2024-02-01,0,0,SKU004,96259,0
MT,218810,v1.0.0,65643,0,2024-02-01,98464,0,SKU005,246161,0
GT,105300,v1.0.0,50544,0,2024-02-01,0,0,SKU005,84240,0
EC,439024,v1.0.0,61980,0,2024-02-01,258250,0,SKU005,103300,0
CV,212738,v1.0.0,72939,0,2024-02-01,60782,0,SKU005,121565,0
FS,113021,v1.0.0,67812,0,2024-02-01,0,0,SKU005,113021,0
MT,219688,v1.0.0,65906,0,2024-02-01,98860,0,SKU006,247149,0
GT,160083,v1.0.0,76840,0,2024-02-01,0,0,SKU006,128066,0
EC,526964,v1.0.0,74395,0,2024-02-01,309979,0,SKU006,123992,0
CV,192563,v1.0.0,66021,0,2024-02-01,55018,0,SKU006,110036,0
FS,89755,v1.0.0,53853,0,2024-02-01,0,0,SKU006,89755,0
MT,308389,v1.0.0,92517,0,2024-02-01,138775,0,SKU007,346937,0
GT,165409,v1.0.0,79396,0,2024-02-01,0,0,SKU007,132327,0
EC,555528,v1.0.0,78427,0,2024-02-01,326781,0,SKU007,130712,0
CV,248956,v1.0.0,85356,0,2024-02-01,71130,0,SKU007,142260,0
FS,130217,v1.0.0,78130,0,2024-02-01,0,0,SKU007,130217,0
MT,324700,v1.0.0,97410,0,2024-02-01,146115,0,SKU008,365288,0
GT,189577,v1.0.0,90997,0,2024-02-01,0,0,SKU008,151661,0
EC,605383,v1.0.0,85466,0,2024-02-01,356108,0,SKU008,142443,0
CV,258647,v1.0.0,88679,0,2024-02-01,73899,0,SKU008,147798,0
FS,139442,v1.0.0,83666,0,2024-02-01,0,0,SKU008,139442,0
MT,349683,v1.0.0,104905,0,2024-02-01,157357,0,SKU009,393393,0
GT,266858,v1.0.0,128092,0,2024-02-01,0,0,SKU009,213486,0
EC,831117,v1.0.0,117334,0,2024-02-01,488893,0,SKU009,195557,0
CV,287554,v1.0.0,98590,0,2024-02-01,82158,0,SKU009,164317,0
FS,160692,v1.0.0,96415,0,2024-02-01,0,0,SKU009,160692,0
MT,149897,v1.0.0,44969,0,2024-02-01,67454,0,SKU010,168634,0
GT,102229,v1.0.0,49070,0,2024-02-01,0,0,SKU010,81783,0
EC,284736,v1.0.0,40198,0,2024-02-01,167492,0,SKU010,66997,0
CV,120261,v1.0.0,41232,0,2024-02-01,34360,0,SKU010,68720,0
FS,79207,v1.0.0,47524,0,2024-02-01,0,0,SKU010,79207,0
MT,187256,v1.0.0,56177,0,2024-02-01,84265,0,SKU011,210663,0
GT,98524,v1.0.0,47291,0,2024-02-01,0,0,SKU011,78819,0
EC,351384,v1.0.0,49607,0,2024-02-01,206697,0,SKU011,82679,0
CV,135111,v1.0.0,46324,0,2024-02-01,38603,0,SKU011,77206,0
FS,74276,v1.0.0,44566,0,2024-02-01,0,0,SKU011,74276,0
MT,176675,v1.0.0,53002,0,2024-02-01,79504,0,SKU012,198759,0
GT,120047,v1.0.0,57622,0,2024-02-01,0,0,SKU012,96038,0
EC,406712,v1.0.0,57418,0,2024-02-01,239242,0,SKU012,95697,0
CV,178605,v1.0.0,61236,0,2024-02-01,51030,0,SKU012,102060,0
FS,108562,v1.0.0,65138,0,2024-02-01,0,0,SKU012,108562,0
MT,304836,v1.0.0,91451,0,2024-02-01,137176,0,SKU013,342940,0
GT,159083,v1.0.0,76360,0,2024-02-01,0,0,SKU013,127267,0
EC,549118,v1.0.0,77523,0,2024-02-01,323010,0,SKU013,129204,0
CV,231889,v1.0.0,79505,0,2024-02-01,66254,0,SKU013,132508,0
FS,130912,v1.0.0,78547,0,2024-02-01,0,0,SKU013,130912,0
MT,249370,v1.0.0,74811,0,2024-02-01,112216,0,SKU014,280541,0
GT,145080,v1.0.0,69638,0,2024-02-01,0,0,SKU014,116064,0
EC,582967,v1.0.0,82301,0,2024-02-01,342922,0,SKU014,137169,0
CV,230731,v1.0.0,79108,0,2024-02-01,65923,0,SKU014,131846,0
FS,166752,v1.0.0,100051,0,2024-02-01,0,0,SKU014,166752,0
MT,340381,v1.0.0,102114,0,2024-02-01,153172,0,SKU015,382929,0
GT,232769,v1.0.0,111729,0,2024-02-01,0,0,SKU015,186215,0
EC,596161,v1.0.0,84164,0,2024-02-01,350683,0,SKU015,140273,0
CV,250097,v1.0.0,85747,0,2024-02-01,71456,0,SKU015,142912,0
FS,150048,v1.0.0,90029,0,2024-02-01,0,0,SKU015,150048,0
MT,396287,v1.0.0,118886,0,2024-02-01,178329,0,SKU016,445823,0
GT,192026,v1.0.0,92173,0,2024-02-01,0,0,SKU016,153621,0
EC,754348,v1.0.0,106496,0,2024-02-01,443734,0,SKU016,177494,0
CV,356019,v1.0.0,122064,0,2024-02-01,101720,0,SKU016,203440,0
FS,215272,v1.0.0,129163,0,2024-02-01,0,0,SKU016,215272,0
MT,243525,v1.0.0,73058,0,2024-02-01,109586,0,SKU017,273966,0
GT,137780,v1.0.0,66134,0,2024-02-01,0,0,SKU017,110224,0
EC,509796,v1.0.0,71971,0,2024-02-01,299880,0,SKU017,119952,0
CV,171494,v1.0.0,58798,0,2024-02-01,48998,0,SKU017,97996,0
FS,90228,v1.0.0,54136,0,2024-02-01,0,0,SKU017,90228,0
MT,202078,v1.0.0,60623,0,2024-02-01,90935,0,SKU018,227338,0
GT,146884,v1.0.0,70504,0,2024-02-01,0,0,SKU018,117507,0
EC,513844,v1.0.0,72543,0,2024-02-01,302261,0,SKU018,120905,0
CV,252561,v1.0.0,86592,0,2024-02-01,72160,0,SKU018,144320,0
FS,141160,v1.0.0,84696,0,2024-02-01,0,0,SKU018,141160,0
MT,109328,v1.0.0,32799,0,2024-02-01,49198,0,SKU019,122994,0
GT,68006,v1.0.0,32643,0,2024-02-01,0,0,SKU019,54405,0
EC,168682,v1.0.0,23814,0,2024-02-01,99225,0,SKU019,39690,0
CV,68465,v1.0.0,23474,0,2024-02-01,19562,0,SKU019,39123,0
FS,52457,v1.0.0,31474,0,2024-02-01,0,0,SKU019,52457,0
MT,172473,v1.0.0,51742,0,2024-02-01,77613,0,SKU020,194032,0
GT,88042,v1.0.0,42260,0,2024-02-01,0,0,SKU020,70434,0
EC,169245,v1.0.0,23893,0,2024-02-01,99556,0,SKU020,39822,0
CV,108089,v1.0.0,37059,0,2024-02-01,30883,0,SKU020,61765,0
FS,65977,v1.0.0,39586,0,2024-02-01,0,0,SKU020,65977,0
MT,148980,v1.0.0,44694,0,2024-02-01,67041,0,SKU021,167602,0
GT,107859,v1.0.0,51772,0,2024-02-01,0,0,SKU021,86288,0
EC,219287,v1.0.0,30958,0,2024-02-01,128992,0,SKU021,51597,0
CV,138915,v1.0.0,47628,0,2024-02-01,39690,0,SKU021,79380,0
FS,73340,v1.0.0,44004,0,2024-02-01,0,0,SKU021,73340,0
MT,173103,v1.0.0,51931,0,2024-02-01,77896,0,SKU022,194741,0
GT,125044,v1.0.0,60021,0,2024-02-01,0,0,SKU022,100035,0
EC,435876,v1.0.0,61535,0,2024-02-01,256397,0,SKU022,102559,0
CV,179101,v1.0.0,61406,0,2024-02-01,51172,0,SKU022,102344,0
FS,96809,v1.0.0,58085,0,2024-02-01,0,0,SKU022,96809,0
MT,266483,v1.0.0,79945,0,2024-02-01,119917,0,SKU023,299794,0
GT,143520,v1.0.0,68890,0,2024-02-01,0,0,SKU023,114816,0
EC,398241,v1.0.0,56222,0,2024-02-01,234259,0,SKU023,93704,0
CV,206388,v1.0.0,70762,0,2024-02-01,58968,0,SKU023,117936,0
FS,97581,v1.0.0,58548,0,2024-02-01,0,0,SKU023,97581,0
MT,179005,v1.0.0,53702,0,2024-02-01,80552,0,SKU024,201381,0
GT,163544,v1.0.0,78501,0,2024-02-01,0,0,SKU024,130835,0
EC,524303,v1.0.0,74019,0,2024-02-01,308413,0,SKU024,123365,0
CV,193737,v1.0.0,66424,0,2024-02-01,55353,0,SKU024,110707,0
FS,108254,v1.0.0,64952,0,2024-02-01,0,0,SKU024,108254,0
MT,290511,v1.0.0,87153,0,2024-02-01,130730,0,SKU025,326825,0
GT,198681,v1.0.0,95367,0,2024-02-01,0,0,SKU025,158944,0
EC,581842,v1.0.0,82142,0,2024-02-01,342260,0,SKU025,136904,0
CV,257985,v1.0.0,88452,0,2024-02-01,73710,0,SKU025,147420,0
FS,114410,v1.0.0,68646,0,2024-02-01,0,0,SKU025,114410,0
MT,384770,v1.0.0,115431,0,2024-02-01,173146,0,SKU026,432866,0
GT,223762,v1.0.0,107406,0,2024-02-01,0,0,SKU026,179010,0
EC,783811,v1.0.0,110656,0,2024-02-01,461066,0,SKU026,184426,0
CV,244590,v1.0.0,83859,0,2024-02-01,69883,0,SKU026,139766,0
FS,169792,v1.0.0,101875,0,2024-02-01,0,0,SKU026,169792,0
MT,272366,v1.0.0,81710,0,2024-02-01,122565,0,SKU027,306412,0
GT,233220,v1.0.0,111946,0,2024-02-01,0,0,SKU027,186576,0
EC,724210,v1.0.0,102241,0,2024-02-01,426006,0,SKU027,170402,0
CV,384927,v1.0.0,131975,0,2024-02-01,109979,0,SKU027,219958,0
FS,214848,v1.0.0,128909,0,2024-02-01,0,0,SKU027,214848,0
MT,158836,v1.0.0,47651,0,2024-02-01,71476,0,SKU028,178690,0
GT,92576,v1.0.0,44437,0,2024-02-01,0,0,SKU028,74061,0
EC,272591,v1.0.0,38483,0,2024-02-01,160348,0,SKU028,64139,0
CV,131572,v1.0.0,45111,0,2024-02-01,37592,0,SKU028,75184,0
FS,79902,v1.0.0,47941,0,2024-02-01,0,0,SKU028,79902,0
MT,199576,v1.0.0,59873,0,2024-02-01,89809,0,SKU029,224523,0
GT,121582,v1.0.0,58360,0,2024-02-01,0,0,SKU029,97266,0
EC,361056,v1.0.0,50973,0,2024-02-01,212386,0,SKU029,84954,0
CV,180623,v1.0.0,61928,0,2024-02-01,51606,0,SKU029,103213,0
FS,92534,v1.0.0,55520,0,2024-02-01,0,0,SKU029,92534,0
MT,196730,v1.0.0,59019,0,2024-02-01,88528,0,SKU030,221321,0
GT,149906,v1.0.0,71955,0,2024-02-01,0,0,SKU030,119925,0
EC,464814,v1.0.0,65621,0,2024-02-01,273420,0,SKU030,109368,0
CV,182739,v1.0.0,62654,0,2024-02-01,52211,0,SKU030,104422,0
FS,113870,v1.0.0,68322,0,2024-02-01,0,0,SKU030,113870,0
MT,301570,v1.0.0,90471,0,2024-02-01,135706,0,SKU031,339266,0
GT,172282,v1.0.0,82696,0,2024-02-01,0,0,SKU031,137826,0
EC,512795,v1.0.0,72395,0,2024-02-01,301644,0,SKU031,120658,0
CV,299759,v1.0.0,102774,0,2024-02-01,85645,0,SKU031,171291,0
FS,124311,v1.0.0,74587,0,2024-02-01,0,0,SKU031,124311,0
MT,312934,v1.0.0,93880,0,2024-02-01,140820,0,SKU032,352051,0
GT,191880,v1.0.0,92102,0,2024-02-01,0,0,SKU032,153504,0
EC,570972,v1.0.0,80608,0,2024-02-01,335866,0,SKU032,134346,0
CV,273067,v1.0.0,93623,0,2024-02-01,78019,0,SKU032,156038,0
FS,156870,v1.0.0,94122,0,2024-02-01,0,0,SKU032,156870,0
MT,368859,v1.0.0,110658,0,2024-02-01,165987,0,SKU033,414967,0
GT,223251,v1.0.0,107160,0,2024-02-01,0,0,SKU033,178600,0
EC,574870,v1.0.0,81158,0,2024-02-01,338159,0,SKU033,135264,0
CV,254793,v1.0.0,87358,0,2024-02-01,72798,0,SKU033,145596,0
FS,171973,v1.0.0,103184,0,2024-02-01,0,0,SKU033,171973,0
MT,207082,v1.0.0,62125,0,2024-02-01,93187,0,SKU034,232967,0
GT,97914,v1.0.0,46999,0,2024-02-01,0,0,SKU034,78332,0
EC,368403,v1.0.0,52010,0,2024-02-01,216707,0,SKU034,86683,0
CV,187039,v1.0.0,64128,0,2024-02-01,53440,0,SKU034,106880,0
FS,88819,v1.0.0,53291,0,2024-02-01,0,0,SKU034,88819,0
MT,204561,v1.0.0,61368,0,2024-02-01,92052,0,SKU035,230131,0
GT,138816,v1.0.0,66632,0,2024-02-01,0,0,SKU035,111052,0
EC,334554,v1.0.0,47231,0,2024-02-01,196796,0,SKU035,78718,0
CV,247401,v1.0.0,84823,0,2024-02-01,70686,0,SKU035,141372,0
FS,122217,v1.0.0,73330,0,2024-02-01,0,0,SKU035,122217,0
MT,203835,v1.0.0,61151,0,2024-02-01,91726,0,SKU036,229315,0
GT,176036,v1.0.0,84497,0,2024-02-01,0,0,SKU036,140829,0
EC,489704,v1.0.0,69135,0,2024-02-01,288061,0,SKU036,115224,0
CV,229739,v1.0.0,78768,0,2024-02-01,65640,0,SKU036,131279,0
FS,131394,v1.0.0,78837,0,2024-02-01,0,0,SKU036,131394,0
MT,105890,v1.0.0,31767,0,2024-03-01,47651,0,SKU001,119127,0
GT,53089,v1.0.0,25483,0,2024-03-01,0,0,SKU001,42471,0
EC,163285,v1.0.0,23052,0,2024-03-01,96050,0,SKU001,38420,0
CV,75609,v1.0.0,25923,0,2024-03-01,21603,0,SKU001,43205,0
FS,51068,v1.0.0,30641,0,2024-03-01,0,0,SKU001,51068,0
MT,141264,v1.0.0,42379,0,2024-03-01,63569,0,SKU002,158922,0
GT,69176,v1.0.0,33205,0,2024-03-01,0,0,SKU002,55341,0
EC,254673,v1.0.0,35954,0,2024-03-01,149808,0,SKU002,59923,0
CV,113067,v1.0.0,38766,0,2024-03-01,32305,0,SKU002,64610,0
FS,47719,v1.0.0,28632,0,2024-03-01,0,0,SKU002,47719,0
MT,137520,v1.0.0,41256,0,2024-03-01,61884,0,SKU003,154710,0
GT,99328,v1.0.0,47678,0,2024-03-01,0,0,SKU003,79462,0
EC,266144,v1.0.0,37573,0,2024-03-01,156555,0,SKU003,62622,0
CV,148838,v1.0.0,51030,0,2024-03-01,42525,0,SKU003,85050,0
FS,68998,v1.0.0,41398,0,2024-03-01,0,0,SKU003,68998,0
MT,172015,v1.0.0,51604,0,2024-03-01,77407,0,SKU004,193516,0
GT,104203,v1.0.0,50018,0,2024-03-01,0,0,SKU004,83362,0
EC,369640,v1.0.0,52184,0,2024-03-01,217435,0,SKU004,86974,0
CV,173445,v1.0.0,59467,0,2024-03-01,49556,0,SKU004,99112,0
FS,83058,v1.0.0,49835,0,2024-03-01,0,0,SKU004,83058,0
MT,198029,v1.0.0,59409,0,2024-03-01,89113,0,SKU005,222782,0
GT,130260,v1.0.0,62525,0,2024-03-01,0,0,SKU005,104208,0
EC,412635,v1.0.0,58254,0,2024-03-01,242726,0,SKU005,97091,0
CV,188395,v1.0.0,64593,0,2024-03-01,53827,0,SKU005,107654,0
FS,82141,v1.0.0,49284,0,2024-03-01,0,0,SKU005,82141,0
MT,282069,v1.0.0,84621,0,2024-03-01,126931,0,SKU006,317327,0
GT,134989,v1.0.0,64795,0,2024-03-01,0,0,SKU006,107991,0
EC,564224,v1.0.0,79655,0,2024-03-01,331897,0,SKU006,132759,0
CV,219568,v1.0.0,75281,0,2024-03-01,62734,0,SKU006,125468,0
FS,117846,v1.0.0,70707,0,2024-03-01,0,0,SKU006,117846,0
MT,320307,v1.0.0,96092,0,2024-03-01,144138,0,SKU007,360345,0
GT,207236,v1.0.0,99473,0,2024-03-01,0,0,SKU007,165789,0
EC,652014,v1.0.0,92049,0,2024-03-01,383538,0,SKU007,153415,0
CV,232187,v1.0.0,79607,0,2024-03-01,66339,0,SKU007,132678,0
FS,191186,v1.0.0,114711,0,2024-03-01,0,0,SKU007,191186,0
MT,288983,v1.0.0,86695,0,2024-03-01,130042,0,SKU008,325106,0
GT,234122,v1.0.0,112378,0,2024-03-01,0,0,SKU008,187298,0
EC,474748,v1.0.0,67023,0,2024-03-01,279263,0,SKU008,111705,0
CV,282543,v1.0.0,96872,0,2024-03-01,80727,0,SKU008,161453,0
FS,191118,v1.0.0,114671,0,2024-03-01,0,0,SKU008,191118,0
MT,347926,v1.0.0,104378,0,2024-03-01,156567,0,SKU009,391416,0
GT,222008,v1.0.0,106564,0,2024-03-01,0,0,SKU009,177606,0
EC,889744,v1.0.0,125611,0,2024-03-01,523379,0,SKU009,209352,0
CV,357541,v1.0.0,122585,0,2024-03-01,102154,0,SKU009,204309,0
FS,165131,v1.0.0,99078,0,2024-03-01,0,0,SKU009,165131,0
MT,175338,v1.0.0,52601,0,2024-03-01,78902,0,SKU010,197255,0
GT,108371,v1.0.0,52018,0,2024-03-01,0,0,SKU010,86697,0
EC,251000,v1.0.0,35435,0,2024-03-01,147647,0,SKU010,59059,0
CV,133954,v1.0.0,45927,0,2024-03-01,38272,0,SKU010,76545,0
FS,89282,v1.0.0,53569,0,2024-03-01,0,0,SKU010,89282,0
MT,220930,v1.0.0,66279,0,2024-03-01,99418,0,SKU011,248546,0
GT,114246,v1.0.0,54838,0,2024-03-01,0,0,SKU011,91396,0
EC,443260,v1.0.0,62578,0,2024-03-01,260741,0,SKU011,104296,0
CV,137956,v1.0.0,47299,0,2024-03-01,39416,0,SKU011,78832,0
FS,87140,v1.0.0,52284,0,2024-03-01,0,0,SKU011,87140,0
MT,246390,v1.0.0,73917,0,2024-03-01,110875,0,SKU012,277189,0
GT,146250,v1.0.0,70200,0,2024-03-01,0,0,SKU012,117000,0
EC,440449,v1.0.0,62181,0,2024-03-01,259088,0,SKU012,103635,0
CV,193489,v1.0.0,66339,0,2024-03-01,55282,0,SKU012,110565,0
FS,83955,v1.0.0,50373,0,2024-03-01,0,0,SKU012,83955,0
MT,269998,v1.0.0,80999,0,2024-03-01,121499,0,SKU013,303747,0
GT,159778,v1.0.0,76694,0,2024-03-01,0,0,SKU013,127822,0
EC,549118,v1.0.0,77523,0,2024-03-01,323010,0,SKU013,129204,0
CV,211151,v1.0.0,72395,0,2024-03-01,60329,0,SKU013,120658,0
FS,143013,v1.0.0,85808,0,2024-03-01,0,0,SKU013,143013,0
MT,288486,v1.0.0,86546,0,2024-03-01,129819,0,SKU014,324547,0
GT,178620,v1.0.0,85738,0,2024-03-01,0,0,SKU014,142896,0
EC,599760,v1.0.0,84672,0,2024-03-01,352800,0,SKU014,141120,0
CV,216972,v1.0.0,74390,0,2024-03-01,61992,0,SKU014,123984,0
FS,129696,v1.0.0,77818,0,2024-03-01,0,0,SKU014,129696,0
MT,367503,v1.0.0,110251,0,2024-03-01,165376,0,SKU015,413441,0
GT,193830,v1.0.0,93038,0,2024-03-01,0,0,SKU015,155064,0
EC,638744,v1.0.0,90176,0,2024-03-01,375732,0,SKU015,150293,0
CV,305282,v1.0.0,104668,0,2024-03-01,87224,0,SKU015,174447,0
FS,154159,v1.0.0,92495,0,2024-03-01,0,0,SKU015,154159,0
MT,385858,v1.0.0,115757,0,2024-03-01,173636,0,SKU016,434090,0
GT,263323,v1.0.0,126395,0,2024-03-01,0,0,SKU016,210658,0
EC,850835,v1.0.0,120118,0,2024-03-01,500491,0,SKU016,200196,0
CV,307002,v1.0.0,105258,0,2024-03-01,87715,0,SKU016,175430,0
FS,245380,v1.0.0,147228,0,2024-03-01,0,0,SKU016,245380,0
MT,209432,v1.0.0,62829,0,2024-03-01,94244,0,SKU017,235610,0
GT,150211,v1.0.0,72101,0,2024-03-01,0,0,SKU017,120169,0
EC,465189,v1.0.0,65674,0,2024-03-01,273640,0,SKU017,109456,0
CV,184145,v1.0.0,63135,0,2024-03-01,52613,0,SKU017,105226,0
FS,136162,v1.0.0,81697,0,2024-03-01,0,0,SKU017,136162,0
MT,193292,v1.0.0,57988,0,2024-03-01,86981,0,SKU018,217454,0
GT,150248,v1.0.0,72119,0,2024-03-01,0,0,SKU018,120198,0
EC,493153,v1.0.0,69622,0,2024-03-01,290090,0,SKU018,116036,0
CV,216046,v1.0.0,74073,0,2024-03-01,61727,0,SKU018,123455,0
FS,149150,v1.0.0,89490,0,2024-03-01,0,0,SKU018,149150,0
MT,96264,v1.0.0,28879,0,2024-03-01,43319,0,SKU019,108297,0
GT,75026,v1.0.0,36013,0,2024-03-01,0,0,SKU019,60021,0
EC,192973,v1.0.0,27243,0,2024-03-01,113513,0,SKU019,45405,0
CV,74419,v1.0.0,25515,0,2024-03-01,21262,0,SKU019,42525,0
FS,43078,v1.0.0,25847,0,2024-03-01,0,0,SKU019,43078,0
MT,105126,v1.0.0,31538,0,2024-03-01,47307,0,SKU020,118267,0
GT,76513,v1.0.0,36726,0,2024-03-01,0,0,SKU020,61210,0
EC,277239,v1.0.0,39140,0,2024-03-01,163082,0,SKU020,65233,0
CV,96000,v1.0.0,32914,0,2024-03-01,27429,0,SKU020,54857,0
FS,72616,v1.0.0,43570,0,2024-03-01,0,0,SKU020,72616,0
MT,150890,v1.0.0,45267,0,2024-03-01,67900,0,SKU021,169751,0
GT,109078,v1.0.0,52358,0,2024-03-01,0,0,SKU021,87262,0
EC,320497,v1.0.0,45247,0,2024-03-01,188528,0,SKU021,75411,0
CV,129819,v1.0.0,44510,0,2024-03-01,37091,0,SKU021,74182,0
FS,79130,v1.0.0,47478,0,2024-03-01,0,0,SKU021,79130,0
MT,227538,v1.0.0,68261,0,2024-03-01,102392,0,SKU022,255981,0
GT,130601,v1.0.0,62689,0,2024-03-01,0,0,SKU022,104481,0
EC,378186,v1.0.0,53391,0,2024-03-01,222462,0,SKU022,88985,0
CV,131969,v1.0.0,45247,0,2024-03-01,37706,0,SKU022,75411,0
FS,95159,v1.0.0,57095,0,2024-03-01,0,0,SKU022,95159,0
MT,206586,v1.0.0,61976,0,2024-03-01,92964,0,SKU023,232409,0
GT,149760,v1.0.0,71885,0,2024-03-01,0,0,SKU023,119808,0
EC,386245,v1.0.0,54529,0,2024-03-01,227203,0,SKU023,90881,0
CV,186278,v1.0.0,63867,0,2024-03-01,53222,0,SKU023,106445,0
FS,111786,v1.0.0,67071,0,2024-03-01,0,0,SKU023,111786,0
MT,307835,v1.0.0,92350,0,2024-03-01,138526,0,SKU024,346314,0
GT,159218,v1.0.0,76424,0,2024-03-01,0,0,SKU024,127374,0
EC,409861,v1.0.0,57863,0,2024-03-01,241095,0,SKU024,96438,0
CV,241877,v1.0.0,82929,0,2024-03-01,69108,0,SKU024,138216,0
FS,110309,v1.0.0,66185,0,2024-03-01,0,0,SKU024,110309,0
MT,287531,v1.0.0,86259,0,2024-03-01,129389,0,SKU025,323473,0
GT,209138,v1.0.0,100386,0,2024-03-01,0,0,SKU025,167310,0
EC,535061,v1.0.0,75538,0,2024-03-01,314742,0,SKU025,125897,0
CV,272174,v1.0.0,93317,0,2024-03-01,77764,0,SKU025,155528,0
FS,148282,v1.0.0,88969,0,2024-03-01,0,0,SKU025,148282,0
MT,352300,v1.0.0,105690,0,2024-03-01,158535,0,SKU026,396337,0
GT,226870,v1.0.0,108898,0,2024-03-01,0,0,SKU026,181496,0
EC,576707,v1.0.0,81417,0,2024-03-01,339239,0,SKU026,135696,0
CV,251618,v1.0.0,86269,0,2024-03-01,71891,0,SKU026,143782,0
FS,140263,v1.0.0,84158,0,2024-03-01,0,0,SKU026,140263,0
MT,349683,v1.0.0,104905,0,2024-03-01,157357,0,SKU027,393393,0
GT,244432,v1.0.0,117328,0,2024-03-01,0,0,SKU027,195546,0
EC,724210,v1.0.0,102241,0,2024-03-01,426006,0,SKU027,170402,0
CV,325590,v1.0.0,111631,0,2024-03-01,93026,0,SKU027,186052,0
FS,196204,v1.0.0,117722,0,2024-03-01,0,0,SKU027,196204,0
MT,170525,v1.0.0,51157,0,2024-03-01,76736,0,SKU028,191840,0
GT,105739,v1.0.0,50755,0,2024-03-01,0,0,SKU028,84591,0
EC,322521,v1.0.0,45532,0,2024-03-01,189718,0,SKU028,75887,0
CV,135144,v1.0.0,46335,0,2024-03-01,38613,0,SKU028,77225,0
FS,75038,v1.0.0,45023,0,2024-03-01,0,0,SKU028,75038,0
MT,176580,v1.0.0,52974,0,2024-03-01,79461,0,SKU029,198652,0
GT,123679,v1.0.0,59366,0,2024-03-01,0,0,SKU029,98943,0
EC,380398,v1.0.0,53703,0,2024-03-01,223763,0,SKU029,89505,0
CV,146489,v1.0.0,50225,0,2024-03-01,41854,0,SKU029,83708,0
FS,102908,v1.0.0,61745,0,2024-03-01,0,0,SKU029,102908,0
MT,239705,v1.0.0,71912,0,2024-03-01,107867,0,SKU030,269668,0
GT,138938,v1.0.0,66690,0,2024-03-01,0,0,SKU030,111150,0
EC,440449,v1.0.0,62181,0,2024-03-01,259088,0,SKU030,103635,0
CV,197623,v1.0.0,67756,0,2024-03-01,56464,0,SKU030,112928,0
FS,100842,v1.0.0,60506,0,2024-03-01,0,0,SKU030,100842,0
MT,262377,v1.0.0,78713,0,2024-03-01,118070,0,SKU031,295174,0
GT,204933,v1.0.0,98368,0,2024-03-01,0,0,SKU031,163946,0
EC,583304,v1.0.0,82349,0,2024-03-01,343120,0,SKU031,137248,0
CV,249799,v1.0.0,85645,0,2024-03-01,71371,0,SKU031,142742,0
FS,111110,v1.0.0,66666,0,2024-03-01,0,0,SKU031,111110,0
MT,323936,v1.0.0,97181,0,2024-03-01,145771,0,SKU032,364428,0
GT,174720,v1.0.0,83866,0,2024-03-01,0,0,SKU032,139776,0
EC,714914,v1.0.0,100929,0,2024-03-01,420538,0,SKU032,168215,0
CV,246607,v1.0.0,84551,0,2024-03-01,70459,0,SKU032,140918,0
FS,140195,v1.0.0,84117,0,2024-03-01,0,0,SKU032,140195,0
MT,386488,v1.0.0,115947,0,2024-03-01,173920,0,SKU033,434800,0
GT,228442,v1.0.0,109652,0,2024-03-01,0,0,SKU033,182754,0
EC,822383,v1.0.0,116101,0,2024-03-01,483755,0,SKU033,193502,0
CV,322895,v1.0.0,110707,0,2024-03-01,92256,0,SKU033,184511,0
FS,184990,v1.0.0,110994,0,2024-03-01,0,0,SKU033,184990,0
MT,189205,v1.0.0,56761,0,2024-03-01,85142,0,SKU034,212855,0
GT,128334,v1.0.0,61600,0,2024-03-01,0,0,SKU034,102668,0
EC,274840,v1.0.0,38801,0,2024-03-01,161671,0,SKU034,64668,0
CV,162531,v1.0.0,55725,0,2024-03-01,46437,0,SKU034,92875,0
FS,102367,v1.0.0,61420,0,2024-03-01,0,0,SKU034,102367,0
MT,266254,v1.0.0,79876,0,2024-03-01,119814,0,SKU035,299536,0
GT,147103,v1.0.0,70610,0,2024-03-01,0,0,SKU035,117682,0
EC,356857,v1.0.0,50380,0,2024-03-01,209916,0,SKU035,83966,0
CV,219287,v1.0.0,75184,0,2024-03-01,62654,0,SKU035,125307,0
FS,128779,v1.0.0,77268,0,2024-03-01,0,0,SKU035,128779,0
MT,224922,v1.0.0,67476,0,2024-03-01,101215,0,SKU036,253037,0
GT,188370,v1.0.0,90418,0,2024-03-01,0,0,SKU036,150696,0
EC,562125,v1.0.0,79359,0,2024-03-01,330662,0,SKU036,132265,0
CV,247996,v1.0.0,85027,0,2024-03-01,70856,0,SKU036,141712,0
FS,140272,v1.0.0,84163,0,2024-03-01,0,0,SKU036,140272,0
MT,102452,v1.0.0,30736,0,2024-04-01,46104,0,SKU001,115259,0
GT,71955,v1.0.0,34538,0,2024-04-01,0,0,SKU001,57564,0
EC,199720,v1.0.0,28196,0,2024-04-01,117482,0,SKU001,46993,0
CV,88112,v1.0.0,30210,0,2024-04-01,25175,0,SKU001,50350,0
FS,51068,v1.0.0,30641,0,2024-04-01,0,0,SKU001,51068,0
MT,127302,v1.0.0,38190,0,2024-04-01,57286,0,SKU002,143214,0
GT,95379,v1.0.0,45782,0,2024-04-01,0,0,SKU002,76304,0
EC,227272,v1.0.0,32085,0,2024-04-01,133689,0,SKU002,53476,0
CV,130845,v1.0.0,44861,0,2024-04-01,37384,0,SKU002,74768,0
FS,47304,v1.0.0,28383,0,2024-04-01,0,0,SKU002,47304,0
MT,172855,v1.0.0,51856,0,2024-04-01,77785,0,SKU003,194462,0
GT,101156,v1.0.0,48555,0,2024-04-01,0,0,SKU003,80925,0
EC,303628,v1.0.0,42865,0,2024-04-01,178605,0,SKU003,71442,0
CV,103359,v1.0.0,35438,0,2024-04-01,29531,0,SKU003,59062,0
FS,79612,v1.0.0,47768,0,2024-04-01,0,0,SKU003,79612,0
MT,199232,v1.0.0,59770,0,2024-04-01,89654,0,SKU004,224136,0
GT,120876,v1.0.0,58020,0,2024-04-01,0,0,SKU004,96700,0
EC,288447,v1.0.0,40722,0,2024-04-01,169675,0,SKU004,67870,0
CV,169675,v1.0.0,58174,0,2024-04-01,48478,0,SKU004,96957,0
FS,83608,v1.0.0,50165,0,2024-04-01,0,0,SKU004,83608,0
MT,199251,v1.0.0,59775,0,2024-04-01,89663,0,SKU005,224158,0
GT,156780,v1.0.0,75254,0,2024-04-01,0,0,SKU005,125424,0
EC,407837,v1.0.0,57577,0,2024-04-01,239904,0,SKU005,95962,0
CV,201096,v1.0.0,68947,0,2024-04-01,57456,0,SKU005,114912,0
FS,127843,v1.0.0,76706,0,2024-04-01,0,0,SKU005,127843,0
MT,241386,v1.0.0,72416,0,2024-04-01,108624,0,SKU006,271559,0
GT,151430,v1.0.0,72686,0,2024-04-01,0,0,SKU006,121144,0
EC,500350,v1.0.0,70638,0,2024-04-01,294323,0,SKU006,117729,0
CV,228962,v1.0.0,78501,0,2024-04-01,65418,0,SKU006,130835,0
FS,147992,v1.0.0,88795,0,2024-04-01,0,0,SKU006,147992,0
MT,227939,v1.0.0,68382,0,2024-04-01,102573,0,SKU007,256432,0
GT,149248,v1.0.0,71639,0,2024-04-01,0,0,SKU007,119398,0
EC,581842,v1.0.0,82142,0,2024-04-01,342260,0,SKU007,136904,0
CV,229607,v1.0.0,78722,0,2024-04-01,65602,0,SKU007,131204,0
FS,146776,v1.0.0,88066,0,2024-04-01,0,0,SKU007,146776,0
MT,344182,v1.0.0,103255,0,2024-04-01,154882,0,SKU008,387205,0
GT,240338,v1.0.0,115362,0,2024-04-01,0,0,SKU008,192270,0
EC,634059,v1.0.0,89514,0,2024-04-01,372976,0,SKU008,149190,0
CV,334554,v1.0.0,114704,0,2024-04-01,95587,0,SKU008,191174,0
FS,132880,v1.0.0,79728,0,2024-04-01,0,0,SKU008,132880,0
MT,347926,v1.0.0,104378,0,2024-04-01,156567,0,SKU009,391416,0
GT,201825,v1.0.0,96876,0,2024-04-01,0,0,SKU009,161460,0
EC,789734,v1.0.0,111492,0,2024-04-01,464549,0,SKU009,185820,0
CV,392534,v1.0.0,134583,0,2024-04-01,112153,0,SKU009,224305,0
FS,181999,v1.0.0,109199,0,2024-04-01,0,0,SKU009,181999,0
MT,146459,v1.0.0,43938,0,2024-04-01,65906,0,SKU010,164766,0
GT,106178,v1.0.0,50965,0,2024-04-01,0,0,SKU010,84942,0
EC,296881,v1.0.0,41913,0,2024-04-01,174636,0,SKU010,69854,0
CV,151219,v1.0.0,51846,0,2024-04-01,43205,0,SKU010,86411,0
FS,83376,v1.0.0,50026,0,2024-04-01,0,0,SKU010,83376,0
MT,207789,v1.0.0,62337,0,2024-04-01,93505,0,SKU011,233762,0
GT,113198,v1.0.0,54335,0,2024-04-01,0,0,SKU011,90558,0
EC,365891,v1.0.0,51655,0,2024-04-01,215230,0,SKU011,86092,0
CV,138667,v1.0.0,47543,0,2024-04-01,39619,0,SKU011,79238,0
FS,95024,v1.0.0,57014,0,2024-04-01,0,0,SKU011,95024,0
MT,246390,v1.0.0,73917,0,2024-04-01,110875,0,SKU012,277189,0
GT,103594,v1.0.0,49725,0,2024-04-01,0,0,SKU012,82875,0
EC,506048,v1.0.0,71442,0,2024-04-01,297675,0,SKU012,119070,0
CV,214161,v1.0.0,73426,0,2024-04-01,61189,0,SKU012,122378,0
FS,125450,v1.0.0,75270,0,2024-04-01,0,0,SKU012,125450,0
MT,271086,v1.0.0,81326,0,2024-04-01,121989,0,SKU013,304972,0
GT,152831,v1.0.0,73359,0,2024-04-01,0,0,SKU013,122265,0
EC,600397,v1.0.0,84762,0,2024-04-01,353175,0,SKU013,141270,0
CV,232831,v1.0.0,79828,0,2024-04-01,66523,0,SKU013,133047,0
FS,118811,v1.0.0,71286,0,2024-04-01,0,0,SKU013,118811,0
MT,253037,v1.0.0,75911,0,2024-04-01,113867,0,SKU014,284666,0
GT,191880,v1.0.0,92102,0,2024-04-01,0,0,SKU014,153504,0
EC,554178,v1.0.0,78237,0,2024-04-01,325987,0,SKU014,130395,0
CV,275184,v1.0.0,94349,0,2024-04-01,78624,0,SKU014,157248,0
FS,169222,v1.0.0,101533,0,2024-04-01,0,0,SKU014,169222,0
MT,394625,v1.0.0,118388,0,2024-04-01,177581,0,SKU015,443953,0
GT,204214,v1.0.0,98023,0,2024-04-01,0,0,SKU015,163371,0
EC,665359,v1.0.0,93933,0,2024-04-01,391388,0,SKU015,156555,0
CV,331114,v1.0.0,113525,0,2024-04-01,94604,0,SKU015,189208,0
FS,175398,v1.0.0,105239,0,2024-04-01,0,0,SKU015,175398,0
MT,423103,v1.0.0,126931,0,2024-04-01,190396,0,SKU016,475991,0
GT,261422,v1.0.0,125482,0,2024-04-01,0,0,SKU016,209138,0
EC,640319,v1.0.0,90398,0,2024-04-01,376658,0,SKU016,150663,0
CV,268304,v1.0.0,91990,0,2024-04-01,76658,0,SKU016,153317,0
FS,222799,v1.0.0,133680,0,2024-04-01,0,0,SKU016,222799,0
MT,194820,v1.0.0,58446,0,2024-04-01,87669,0,SKU017,219172,0
GT,153319,v1.0.0,73593,0,2024-04-01,0,0,SKU017,122655,0
EC,497051,v1.0.0,70172,0,2024-04-01,292383,0,SKU017,116953,0
CV,195391,v1.0.0,66991,0,2024-04-01,55826,0,SKU017,111652,0
FS,118116,v1.0.0,70870,0,2024-04-01,0,0,SKU017,118116,0
MT,268852,v1.0.0,80655,0,2024-04-01,120983,0,SKU018,302458,0
GT,160339,v1.0.0,76963,0,2024-04-01,0,0,SKU018,128271,0
EC,496601,v1.0.0,70108,0,2024-04-01,292118,0,SKU018,116847,0
CV,220610,v1.0.0,75638,0,2024-04-01,63032,0,SKU018,126063,0
FS,136721,v1.0.0,82033,0,2024-04-01,0,0,SKU018,136721,0
MT,127894,v1.0.0,38368,0,2024-04-01,57552,0,SKU019,143880,0
GT,73271,v1.0.0,35170,0,2024-04-01,0,0,SKU019,58617,0
EC,222661,v1.0.0,31434,0,2024-04-01,130977,0,SKU019,52391,0
CV,101805,v1.0.0,34905,0,2024-04-01,29087,0,SKU019,58174,0
FS,55584,v1.0.0,33350,0,2024-04-01,0,0,SKU019,55584,0
MT,133872,v1.0.0,40162,0,2024-04-01,60242,0,SKU020,150606,0
GT,83850,v1.0.0,40248,0,2024-04-01,0,0,SKU020,67080,0
EC,285298,v1.0.0,40277,0,2024-04-01,167823,0,SKU020,67129,0
CV,96711,v1.0.0,33158,0,2024-04-01,27632,0,SKU020,55264,0
FS,65147,v1.0.0,39088,0,2024-04-01,0,0,SKU020,65147,0
MT,145160,v1.0.0,43548,0,2024-04-01,65322,0,SKU021,163305,0
GT,104203,v1.0.0,50018,0,2024-04-01,0,0,SKU021,83362,0
EC,346736,v1.0.0,48951,0,2024-04-01,203962,0,SKU021,81585,0
CV,152972,v1.0.0,52448,0,2024-04-01,43706,0,SKU021,87412,0
FS,66585,v1.0.0,39951,0,2024-04-01,0,0,SKU021,66585,0
MT,209030,v1.0.0,62709,0,2024-04-01,94064,0,SKU022,235159,0
GT,106287,v1.0.0,51018,0,2024-04-01,0,0,SKU022,85030,0
EC,352546,v1.0.0,49771,0,2024-04-01,207380,0,SKU022,82952,0
CV,178159,v1.0.0,61083,0,2024-04-01,50902,0,SKU022,101805,0
FS,100109,v1.0.0,60065,0,2024-04-01,0,0,SKU022,100109,0
MT,210253,v1.0.0,63076,0,2024-04-01,94614,0,SKU023,236534,0
GT,117000,v1.0.0,56160,0,2024-04-01,0,0,SKU023,93600,0
EC,501399,v1.0.0,70786,0,2024-04-01,294941,0,SKU023,117976,0
CV,177811,v1.0.0,60964,0,2024-04-01,50803,0,SKU023,101606,0
FS,125990,v1.0.0,75594,0,2024-04-01,0,0,SKU023,125990,0
MT,309191,v1.0.0,92757,0,2024-04-01,139136,0,SKU024,347840,0
GT,183446,v1.0.0,88054,0,2024-04-01,0,0,SKU024,146757,0
EC,510996,v1.0.0,72141,0,2024-04-01,300586,0,SKU024,120234,0
CV,238355,v1.0.0,81722,0,2024-04-01,68101,0,SKU024,136203,0
FS,110309,v1.0.0,66185,0,2024-04-01,0,0,SKU024,110309,0
MT,284552,v1.0.0,85366,0,2024-04-01,128048,0,SKU025,320121,0
GT,200582,v1.0.0,96279,0,2024-04-01,0,0,SKU025,160466,0
EC,561375,v1.0.0,79253,0,2024-04-01,330221,0,SKU025,132088,0
CV,229607,v1.0.0,78722,0,2024-04-01,65602,0,SKU025,131204,0
FS,169358,v1.0.0,101614,0,2024-04-01,0,0,SKU025,169358,0
MT,340935,v1.0.0,102280,0,2024-04-01,153421,0,SKU026,383552,0
GT,225834,v1.0.0,108400,0,2024-04-01,0,0,SKU026,180668,0
EC,646804,v1.0.0,91313,0,2024-04-01,380473,0,SKU026,152189,0
CV,219287,v1.0.0,75184,0,2024-04-01,62654,0,SKU026,125307,0
FS,164870,v1.0.0,98922,0,2024-04-01,0,0,SKU026,164870,0
MT,386584,v1.0.0,115975,0,2024-04-01,173963,0,SKU027,434907,0
GT,257888,v1.0.0,123786,0,2024-04-01,0,0,SKU027,206310,0
EC,793183,v1.0.0,111979,0,2024-04-01,466578,0,SKU027,186631,0
CV,314940,v1.0.0,107979,0,2024-04-01,89983,0,SKU027,179966,0
FS,192653,v1.0.0,115592,0,2024-04-01,0,0,SKU027,192653,0
MT,156773,v1.0.0,47032,0,2024-04-01,70548,0,SKU028,176369,0
GT,97841,v1.0.0,46964,0,2024-04-01,0,0,SKU028,78273,0
EC,246951,v1.0.0,34864,0,2024-04-01,145265,0,SKU028,58106,0
CV,136335,v1.0.0,46743,0,2024-04-01,38953,0,SKU028,77906,0
FS,85808,v1.0.0,51485,0,2024-04-01,0,0,SKU028,85808,0
MT,188899,v1.0.0,56670,0,2024-04-01,85005,0,SKU029,212511,0
GT,132588,v1.0.0,63642,0,2024-04-01,0,0,SKU029,106070,0
EC,359444,v1.0.0,50745,0,2024-04-01,211437,0,SKU029,84575,0
CV,146489,v1.0.0,50225,0,2024-04-01,41854,0,SKU029,83708,0
FS,92949,v1.0.0,55769,0,2024-04-01,0,0,SKU029,92949,0
MT,239705,v1.0.0,71912,0,2024-04-01,107867,0,SKU030,269668,0
GT,151125,v1.0.0,72540,0,2024-04-01,0,0,SKU030,120900,0
EC,519167,v1.0.0,73294,0,2024-04-01,305392,0,SKU030,122157,0
CV,224910,v1.0.0,77112,0,2024-04-01,64260,0,SKU030,128520,0
FS,131240,v1.0.0,78744,0,2024-04-01,0,0,SKU030,131240,0
MT,285239,v1.0.0,85572,0,2024-04-01,128358,0,SKU031,320894,0
GT,186176,v1.0.0,89365,0,2024-04-01,0,0,SKU031,148941,0
EC,566211,v1.0.0,79936,0,2024-04-01,333065,0,SKU031,133226,0
CV,219635,v1.0.0,75303,0,2024-04-01,62753,0,SKU031,125505,0
FS,140263,v1.0.0,84158,0,2024-04-01,0,0,SKU031,140263,0
MT,292154,v1.0.0,87646,0,2024-04-01,131469,0,SKU032,328673,0
GT,189540,v1.0.0,90979,0,2024-04-01,0,0,SKU032,151632,0
EC,657337,v1.0.0,92801,0,2024-04-01,386669,0,SKU032,154668,0
CV,291060,v1.0.0,99792,0,2024-04-01,83160,0,SKU032,166320,0
FS,179104,v1.0.0,107462,0,2024-04-01,0,0,SKU032,179104,0
MT,334957,v1.0.0,100487,0,2024-04-01,150731,0,SKU033,376826,0
GT,251806,v1.0.0,120867,0,2024-04-01,0,0,SKU033,201445,0
EC,644067,v1.0.0,90927,0,2024-04-01,378863,0,SKU033,151545,0
CV,338159,v1.0.0,115940,0,2024-04-01,96617,0,SKU033,193234,0
FS,208971,v1.0.0,125382,0,2024-04-01,0,0,SKU033,208971,0
MT,216021,v1.0.0,64806,0,2024-04-01,97209,0,SKU034,243024,0
GT,148298,v1.0.0,71183,0,2024-04-01,0,0,SKU034,118638,0
EC,438575,v1.0.0,61916,0,2024-04-01,257985,0,SKU034,103194,0
CV,162531,v1.0.0,55725,0,2024-04-01,46437,0,SKU034,92875,0
FS,114410,v1.0.0,68646,0,2024-04-01,0,0,SKU034,114410,0
MT,264630,v1.0.0,79389,0,2024-04-01,119084,0,SKU035,297709,0
GT,171966,v1.0.0,82544,0,2024-04-01,0,0,SKU035,137572,0
EC,350485,v1.0.0,49480,0,2024-04-01,206168,0,SKU035,82467,0
CV,205230,v1.0.0,70365,0,2024-04-01,58637,0,SKU035,117274,0
FS,131240,v1.0.0,78744,0,2024-04-01,0,0,SKU035,131240,0
MT,268852,v1.0.0,80655,0,2024-04-01,120983,0,SKU036,302458,0
GT,163702,v1.0.0,78577,0,2024-04-01,0,0,SKU036,130962,0
EC,355208,v1.0.0,50147,0,2024-04-01,208946,0,SKU036,83578,0
CV,286033,v1.0.0,98068,0,2024-04-01,81724,0,SKU036,163447,0
FS,130507,v1.0.0,78304,0,2024-04-01,0,0,SKU036,130507,0
MT,72886,v1.0.0,21866,0,2024-05-01,32799,0,SKU001,81996,0
GT,59231,v1.0.0,28431,0,2024-05-01,0,0,SKU001,47385,0
EC,156537,v1.0.0,22099,0,2024-05-01,92081,0,SKU001,36832,0
CV,73228,v1.0.0,25107,0,2024-05-01,20922,0,SKU001,41845,0
FS,46552,v1.0.0,27931,0,2024-05-01,0,0,SKU001,46552,0
MT,165081,v1.0.0,49524,0,2024-05-01,74287,0,SKU002,185716,0
GT,59219,v1.0.0,28425,0,2024-05-01,0,0,SKU002,47375,0
EC,219212,v1.0.0,30948,0,2024-05-01,128948,0,SKU002,51579,0
CV,83911,v1.0.0,28770,0,2024-05-01,23975,0,SKU002,47949,0
FS,41080,v1.0.0,24648,0,2024-05-01,0,0,SKU002,41080,0
MT,116510,v1.0.0,34953,0,2024-05-01,52429,0,SKU003,131074,0
GT,83484,v1.0.0,40072,0,2024-05-01,0,0,SKU003,66788,0
EC,288634,v1.0.0,40748,0,2024-05-01,169785,0,SKU003,67914,0
CV,118243,v1.0.0,40540,0,2024-05-01,33784,0,SKU003,67568,0
FS,70445,v1.0.0,42267,0,2024-05-01,0,0,SKU003,70445,0
MT,168748,v1.0.0,50625,0,2024-05-01,75937,0,SKU004,189842,0
GT,118097,v1.0.0,56686,0,2024-05-01,0,0,SKU004,94478,0
EC,292720,v1.0.0,41325,0,2024-05-01,172188,0,SKU004,68875,0
CV,152707,v1.0.0,52357,0,2024-05-01,43631,0,SKU004,87261,0
FS,75907,v1.0.0,45544,0,2024-05-01,0,0,SKU004,75907,0
MT,154022,v1.0.0,46207,0,2024-05-01,69310,0,SKU005,173275,0
GT,123240,v1.0.0,59155,0,2024-05-01,0,0,SKU005,98592,0
EC,302279,v1.0.0,42675,0,2024-05-01,177811,0,SKU005,71124,0
CV,198979,v1.0.0,68221,0,2024-05-01,56851,0,SKU005,113702,0
FS,93258,v1.0.0,55955,0,2024-05-01,0,0,SKU005,93258,0
MT,264440,v1.0.0,79332,0,2024-05-01,118998,0,SKU006,297494,0
GT,161813,v1.0.0,77670,0,2024-05-01,0,0,SKU006,129451,0
EC,473735,v1.0.0,66880,0,2024-05-01,278668,0,SKU006,111467,0
CV,220743,v1.0.0,75683,0,2024-05-01,63069,0,SKU006,126139,0
FS,108254,v1.0.0,64952,0,2024-05-01,0,0,SKU006,108254,0
MT,297960,v1.0.0,89388,0,2024-05-01,134082,0,SKU007,335205,0
GT,155902,v1.0.0,74833,0,2024-05-01,0,0,SKU007,124722,0
EC,558452,v1.0.0,78840,0,2024-05-01,328501,0,SKU007,131400,0
CV,247666,v1.0.0,84914,0,2024-05-01,70762,0,SKU007,141523,0
FS,109142,v1.0.0,65485,0,2024-05-01,0,0,SKU007,109142,0
MT,275995,v1.0.0,82798,0,2024-05-01,124198,0,SKU008,310494,0
GT,220655,v1.0.0,105914,0,2024-05-01,0,0,SKU008,176524,0
EC,602197,v1.0.0,85016,0,2024-05-01,354233,0,SKU008,141693,0
CV,215070,v1.0.0,73738,0,2024-05-01,61449,0,SKU008,122897,0
FS,157488,v1.0.0,94493,0,2024-05-01,0,0,SKU008,157488,0
MT,307510,v1.0.0,92253,0,2024-05-01,138380,0,SKU009,345949,0
GT,177158,v1.0.0,85036,0,2024-05-01,0,0,SKU009,141726,0
EC,727659,v1.0.0,102728,0,2024-05-01,428035,0,SKU009,171214,0
CV,246475,v1.0.0,84506,0,2024-05-01,70421,0,SKU009,140843,0
FS,196204,v1.0.0,117722,0,2024-05-01,0,0,SKU009,196204,0
MT,117580,v1.0.0,35274,0,2024-05-01,52911,0,SKU010,132277,0
GT,78975,v1.0.0,37908,0,2024-05-01,0,0,SKU010,63180,0
EC,277989,v1.0.0,39245,0,2024-05-01,163523,0,SKU010,65409,0
CV,100614,v1.0.0,34496,0,2024-05-01,28747,0,SKU010,57494,0
FS,61837,v1.0.0,37102,0,2024-05-01,0,0,SKU010,61837,0
MT,166724,v1.0.0,50017,0,2024-05-01,75026,0,SKU011,187564,0
GT,112673,v1.0.0,54083,0,2024-05-01,0,0,SKU011,90139,0
EC,346549,v1.0.0,48925,0,2024-05-01,203852,0,SKU011,81541,0
CV,159289,v1.0.0,54613,0,2024-05-01,45511,0,SKU011,91022,0
FS,91289,v1.0.0,54773,0,2024-05-01,0,0,SKU011,91289,0
MT,205325,v1.0.0,61598,0,2024-05-01,92396,0,SKU012,230991,0
GT,142594,v1.0.0,68445,0,2024-05-01,0,0,SKU012,114075,0
EC,384221,v1.0.0,54243,0,2024-05-01,226012,0,SKU012,90405,0
CV,189354,v1.0.0,64922,0,2024-05-01,54101,0,SKU012,108202,0
FS,116282,v1.0.0,69770,0,2024-05-01,0,0,SKU012,116282,0
MT,260199,v1.0.0,78060,0,2024-05-01,117090,0,SKU013,292724,0
GT,174367,v1.0.0,83696,0,2024-05-01,0,0,SKU013,139493,0
EC,467925,v1.0.0,66060,0,2024-05-01,275250,0,SKU013,110100,0
CV,254512,v1.0.0,87261,0,2024-05-01,72718,0,SKU013,145436,0
FS,141913,v1.0.0,85148,0,2024-05-01,0,0,SKU013,141913,0
MT,306822,v1.0.0,92047,0,2024-05-01,138070,0,SKU014,345175,0
GT,156780,v1.0.0,75254,0,2024-05-01,0,0,SKU014,125424,0
EC,518193,v1.0.0,73157,0,2024-05-01,304819,0,SKU014,121928,0
CV,247666,v1.0.0,84914,0,2024-05-01,70762,0,SKU014,141523,0
FS,156253,v1.0.0,93752,0,2024-05-01,0,0,SKU014,156253,0
MT,330888,v1.0.0,99267,0,2024-05-01,148900,0,SKU015,372249,0
GT,253537,v1.0.0,121698,0,2024-05-01,0,0,SKU015,202829,0
EC,742540,v1.0.0,104829,0,2024-05-01,436788,0,SKU015,174715,0
CV,210175,v1.0.0,72060,0,2024-05-01,60050,0,SKU015,120100,0
FS,159640,v1.0.0,95784,0,2024-05-01,0,0,SKU015,159640,0
MT,303919,v1.0.0,91176,0,2024-05-01,136764,0,SKU016,341909,0
GT,200582,v1.0.0,96279,0,2024-05-01,0,0,SKU016,160466,0
EC,660786,v1.0.0,93287,0,2024-05-01,388697,0,SKU016,155479,0
CV,330221,v1.0.0,113219,0,2024-05-01,94349,0,SKU016,188698,0
FS,185164,v1.0.0,111099,0,2024-05-01,0,0,SKU016,185164,0
MT,259760,v1.0.0,77928,0,2024-05-01,116892,0,SKU017,292230,0
GT,116025,v1.0.0,55692,0,2024-05-01,0,0,SKU017,92820,0
EC,363230,v1.0.0,51279,0,2024-05-01,213664,0,SKU017,85466,0
CV,191174,v1.0.0,65545,0,2024-05-01,54621,0,SKU017,109242,0
FS,80384,v1.0.0,48231,0,2024-05-01,0,0,SKU017,80384,0
MT,200321,v1.0.0,60096,0,2024-05-01,90144,0,SKU018,225361,0
GT,124459,v1.0.0,59740,0,2024-05-01,0,0,SKU018,99567,0
EC,465564,v1.0.0,65727,0,2024-05-01,273861,0,SKU018,109544,0
CV,216046,v1.0.0,74073,0,2024-05-01,61727,0,SKU018,123455,0
FS,124292,v1.0.0,74575,0,2024-05-01,0,0,SKU018,124292,0
MT,106578,v1.0.0,31973,0,2024-05-01,47960,0,SKU019,119900,0
GT,61864,v1.0.0,29695,0,2024-05-01,0,0,SKU019,49491,0
EC,191623,v1.0.0,27053,0,2024-05-01,112720,0,SKU019,45088,0
CV,102400,v1.0.0,35109,0,2024-05-01,29257,0,SKU019,58514,0
FS,47246,v1.0.0,28348,0,2024-05-01,0,0,SKU019,47246,0
MT,101841,v1.0.0,30552,0,2024-05-01,45829,0,SKU020,114571,0
GT,73369,v1.0.0,35217,0,2024-05-01,0,0,SKU020,58695,0
EC,238555,v1.0.0,33678,0,2024-05-01,140326,0,SKU020,56130,0
CV,100267,v1.0.0,34377,0,2024-05-01,28648,0,SKU020,57295,0
FS,59338,v1.0.0,35603,0,2024-05-01,0,0,SKU020,59338,0
MT,128925,v1.0.0,38678,0,2024-05-01,58016,0,SKU021,145041,0
GT,68250,v1.0.0,32760,0,2024-05-01,0,0,SKU021,54600,0
EC,341114,v1.0.0,48157,0,2024-05-01,200655,0,SKU021,80262,0
CV,114109,v1.0.0,39123,0,2024-05-01,32602,0,SKU021,65205,0
FS,64655,v1.0.0,38793,0,2024-05-01,0,0,SKU021,64655,0
MT,175281,v1.0.0,52584,0,2024-05-01,78876,0,SKU022,197191,0
GT,97256,v1.0.0,46683,0,2024-05-01,0,0,SKU022,77805,0
EC,341863,v1.0.0,48263,0,2024-05-01,201096,0,SKU022,80438,0
CV,153650,v1.0.0,52680,0,2024-05-01,43900,0,SKU022,87800,0
FS,100659,v1.0.0,60395,0,2024-05-01,0,0,SKU022,100659,0
MT,216365,v1.0.0,64909,0,2024-05-01,97364,0,SKU023,243410,0
GT,142740,v1.0.0,68515,0,2024-05-01,0,0,SKU023,114192,0
EC,403039,v1.0.0,56900,0,2024-05-01,237082,0,SKU023,94833,0
CV,187337,v1.0.0,64230,0,2024-05-01,53525,0,SKU023,107050,0
FS,115491,v1.0.0,69295,0,2024-05-01,0,0,SKU023,115491,0
MT,222400,v1.0.0,66720,0,2024-05-01,100080,0,SKU024,250200,0
GT,128066,v1.0.0,61472,0,2024-05-01,0,0,SKU024,102453,0
EC,428491,v1.0.0,60493,0,2024-05-01,252054,0,SKU024,100821,0
CV,190214,v1.0.0,65216,0,2024-05-01,54347,0,SKU024,108694,0
FS,117846,v1.0.0,70707,0,2024-05-01,0,0,SKU024,117846,0
MT,300940,v1.0.0,90282,0,2024-05-01,135423,0,SKU025,338557,0
GT,192977,v1.0.0,92629,0,2024-05-01,0,0,SKU025,154382,0
EC,605233,v1.0.0,85445,0,2024-05-01,356019,0,SKU025,142408,0
CV,246376,v1.0.0,84472,0,2024-05-01,70393,0,SKU025,140786,0
FS,136239,v1.0.0,81743,0,2024-05-01,0,0,SKU025,136239,0
MT,323076,v1.0.0,96923,0,2024-05-01,145384,0,SKU026,363461,0
GT,179217,v1.0.0,86024,0,2024-05-01,0,0,SKU026,143374,0
EC,599010,v1.0.0,84566,0,2024-05-01,352359,0,SKU026,140944,0
CV,260052,v1.0.0,89161,0,2024-05-01,74301,0,SKU026,148601,0
FS,149286,v1.0.0,89571,0,2024-05-01,0,0,SKU026,149286,0
MT,356712,v1.0.0,107013,0,2024-05-01,160520,0,SKU027,401301,0
GT,199582,v1.0.0,95800,0,2024-05-01,0,0,SKU027,159666,0
EC,620752,v1.0.0,87636,0,2024-05-01,365148,0,SKU027,146059,0
CV,264732,v1.0.0,90765,0,2024-05-01,75638,0,SKU027,151276,0
FS,147375,v1.0.0,88425,0,2024-05-01,0,0,SKU027,147375,0
MT,81824,v1.0.0,24547,0,2024-05-01,36821,0,SKU028,92052,0
GT,77659,v1.0.0,37276,0,2024-05-01,0,0,SKU028,62127,0
EC,314424,v1.0.0,44389,0,2024-05-01,184955,0,SKU028,73982,0
CV,115498,v1.0.0,39599,0,2024-05-01,32999,0,SKU028,65999,0
FS,72607,v1.0.0,43564,0,2024-05-01,0,0,SKU028,72607,0
MT,190542,v1.0.0,57162,0,2024-05-01,85744,0,SKU029,214359,0
GT,90663,v1.0.0,43518,0,2024-05-01,0,0,SKU029,72530,0
EC,420694,v1.0.0,59392,0,2024-05-01,247467,0,SKU029,98987,0
CV,122311,v1.0.0,41935,0,2024-05-01,34946,0,SKU029,69892,0
FS,82160,v1.0.0,49296,0,2024-05-01,0,0,SKU029,82160,0
MT,159485,v1.0.0,47846,0,2024-05-01,71768,0,SKU030,179421,0
GT,152344,v1.0.0,73125,0,2024-05-01,0,0,SKU030,121875,0
EC,408587,v1.0.0,57683,0,2024-05-01,240345,0,SKU030,96138,0
CV,178605,v1.0.0,61236,0,2024-05-01,51030,0,SKU030,102060,0
FS,106150,v1.0.0,63690,0,2024-05-01,0,0,SKU030,106150,0
MT,214474,v1.0.0,64342,0,2024-05-01,96513,0,SKU031,241283,0
GT,203543,v1.0.0,97701,0,2024-05-01,0,0,SKU031,162835,0
EC,442286,v1.0.0,62440,0,2024-05-01,260168,0,SKU031,104067,0
CV,213036,v1.0.0,73041,0,2024-05-01,60867,0,SKU031,121735,0
FS,114960,v1.0.0,68976,0,2024-05-01,0,0,SKU031,114960,0
MT,298266,v1.0.0,89480,0,2024-05-01,134220,0,SKU032,335549,0
GT,157560,v1.0.0,75629,0,2024-05-01,0,0,SKU032,126048,0
EC,590164,v1.0.0,83317,0,2024-05-01,347155,0,SKU032,138862,0
CV,267775,v1.0.0,91809,0,2024-05-01,76507,0,SKU032,153014,0
FS,142666,v1.0.0,85599,0,2024-05-01,0,0,SKU032,142666,0
MT,330888,v1.0.0,99267,0,2024-05-01,148900,0,SKU033,372249,0
GT,206810,v1.0.0,99269,0,2024-05-01,0,0,SKU033,165448,0
EC,622776,v1.0.0,87921,0,2024-05-01,366339,0,SKU033,146535,0
CV,267709,v1.0.0,91786,0,2024-05-01,76488,0,SKU033,152977,0
FS,138400,v1.0.0,83040,0,2024-05-01,0,0,SKU033,138400,0
MT,189205,v1.0.0,56761,0,2024-05-01,85142,0,SKU034,212855,0
GT,132137,v1.0.0,63426,0,2024-05-01,0,0,SKU034,105710,0
EC,347936,v1.0.0,49120,0,2024-05-01,204668,0,SKU034,81867,0
CV,150921,v1.0.0,51744,0,2024-05-01,43120,0,SKU034,86241,0
FS,92582,v1.0.0,55549,0,2024-05-01,0,0,SKU034,92582,0
MT,215926,v1.0.0,64778,0,2024-05-01,97166,0,SKU035,242916,0
GT,125348,v1.0.0,60167,0,2024-05-01,0,0,SKU035,100279,0
EC,385533,v1.0.0,54428,0,2024-05-01,226784,0,SKU035,90714,0
CV,206636,v1.0.0,70847,0,2024-05-01,59039,0,SKU035,118078,0
FS,108273,v1.0.0,64964,0,2024-05-01,0,0,SKU035,108273,0
MT,214378,v1.0.0,64314,0,2024-05-01,96470,0,SKU036,241176,0
GT,152490,v1.0.0,73195,0,2024-05-01,0,0,SKU036,121992,0
EC,389694,v1.0.0,55016,0,2024-05-01,229232,0,SKU036,91693,0
CV,161274,v1.0.0,55294,0,2024-05-01,46078,0,SKU036,92156,0
FS,123404,v1.0.0,74043,0,2024-05-01,0,0,SKU036,123404,0
MT,96952,v1.0.0,29085,0,2024-06-01,43628,0,SKU001,109071,0
GT,64935,v1.0.0,31169,0,2024-06-01,0,0,SKU001,51948,0
EC,195672,v1.0.0,27624,0,2024-06-01,115101,0,SKU001,46040,0
CV,79777,v1.0.0,27352,0,2024-06-01,22793,0,SKU001,45587,0
FS,37172,v1.0.0,22303,0,2024-06-01,0,0,SKU001,37172,0
MT,119910,v1.0.0,35973,0,2024-06-01,53959,0,SKU002,134899,0
GT,75989,v1.0.0,36475,0,2024-06-01,0,0,SKU002,60791,0
EC,156350,v1.0.0,22073,0,2024-06-01,91971,0,SKU002,36788,0
CV,109511,v1.0.0,37547,0,2024-06-01,31289,0,SKU002,62578,0
FS,57678,v1.0.0,34607,0,2024-06-01,0,0,SKU002,57678,0
MT,160440,v1.0.0,48132,0,2024-06-01,72198,0,SKU003,180495,0
GT,84094,v1.0.0,40365,0,2024-06-01,0,0,SKU003,67275,0
EC,269892,v1.0.0,38102,0,2024-06-01,158760,0,SKU003,63504,0
CV,122378,v1.0.0,41958,0,2024-06-01,34965,0,SKU003,69930,0
FS,86850,v1.0.0,52110,0,2024-06-01,0,0,SKU003,86850,0
MT,173103,v1.0.0,51931,0,2024-06-01,77896,0,SKU004,194741,0
GT,98646,v1.0.0,47350,0,2024-06-01,0,0,SKU004,78916,0
EC,346136,v1.0.0,48866,0,2024-06-01,203610,0,SKU004,81444,0
CV,134797,v1.0.0,46216,0,2024-06-01,38513,0,SKU004,77027,0
FS,80307,v1.0.0,48184,0,2024-06-01,0,0,SKU004,80307,0
MT,206586,v1.0.0,61976,0,2024-06-01,92964,0,SKU005,232409,0
GT,107640,v1.0.0,51667,0,2024-06-01,0,0,SKU005,86112,0
EC,371851,v1.0.0,52497,0,2024-06-01,218736,0,SKU005,87494,0
CV,189454,v1.0.0,64956,0,2024-06-01,54130,0,SKU005,108259,0
FS,117344,v1.0.0,70406,0,2024-06-01,0,0,SKU005,117344,0
MT,225113,v1.0.0,67534,0,2024-06-01,101301,0,SKU006,253252,0
GT,133258,v1.0.0,63964,0,2024-06-01,0,0,SKU006,106606,0
EC,471074,v1.0.0,66505,0,2024-06-01,277102,0,SKU006,110841,0
CV,177299,v1.0.0,60788,0,2024-06-01,50657,0,SKU006,101313,0
FS,119216,v1.0.0,71530,0,2024-06-01,0,0,SKU006,119216,0
MT,296470,v1.0.0,88941,0,2024-06-01,133412,0,SKU007,333529,0
GT,184421,v1.0.0,88522,0,2024-06-01,0,0,SKU007,147537,0
EC,438575,v1.0.0,61916,0,2024-06-01,257985,0,SKU007,103194,0
CV,217997,v1.0.0,74742,0,2024-06-01,62285,0,SKU007,124570,0
FS,146024,v1.0.0,87614,0,2024-06-01,0,0,SKU007,146024,0
MT,274372,v1.0.0,82311,0,2024-06-01,123467,0,SKU008,308668,0
GT,197864,v1.0.0,94975,0,2024-06-01,0,0,SKU008,158291,0
EC,557589,v1.0.0,78718,0,2024-06-01,327994,0,SKU008,131198,0
CV,282543,v1.0.0,96872,0,2024-06-01,80727,0,SKU008,161453,0
FS,128779,v1.0.0,77268,0,2024-06-01,0,0,SKU008,128779,0
MT,365498,v1.0.0,109649,0,2024-06-01,164474,0,SKU009,411185,0
GT,257888,v1.0.0,123786,0,2024-06-01,0,0,SKU009,206310,0
EC,720762,v1.0.0,101755,0,2024-06-01,423977,0,SKU009,169591,0
CV,308854,v1.0.0,105893,0,2024-06-01,88244,0,SKU009,176488,0
FS,169570,v1.0.0,101742,0,2024-06-01,0,0,SKU009,169570,0
MT,158148,v1.0.0,47444,0,2024-06-01,71167,0,SKU010,177916,0
GT,88189,v1.0.0,42331,0,2024-06-01,0,0,SKU010,70551,0
EC,290134,v1.0.0,40960,0,2024-06-01,170667,0,SKU010,68267,0
CV,124428,v1.0.0,42661,0,2024-06-01,35551,0,SKU010,71102,0
FS,69827,v1.0.0,41896,0,2024-06-01,0,0,SKU010,69827,0
MT,169188,v1.0.0,50756,0,2024-06-01,76135,0,SKU011,190336,0
GT,103240,v1.0.0,49555,0,2024-06-01,0,0,SKU011,82592,0
EC,336878,v1.0.0,47559,0,2024-06-01,198163,0,SKU011,79265,0
CV,162845,v1.0.0,55832,0,2024-06-01,46527,0,SKU011,93054,0
FS,80500,v1.0.0,48300,0,2024-06-01,0,0,SKU011,80500,0
MT,235885,v1.0.0,70766,0,2024-06-01,106148,0,SKU012,265371,0
GT,126750,v1.0.0,60840,0,2024-06-01,0,0,SKU012,101400,0
EC,442323,v1.0.0,62446,0,2024-06-01,260190,0,SKU012,104076,0
CV,186874,v1.0.0,64071,0,2024-06-01,53392,0,SKU012,106785,0
FS,96018,v1.0.0,57610,0,2024-06-01,0,0,SKU012,96018,0
MT,318989,v1.0.0,95697,0,2024-06-01,143545,0,SKU013,358863,0
GT,172977,v1.0.0,83029,0,2024-06-01,0,0,SKU013,138382,0
EC,497838,v1.0.0,70283,0,2024-06-01,292846,0,SKU013,117138,0
CV,238487,v1.0.0,81767,0,2024-06-01,68139,0,SKU013,136278,0
FS,143563,v1.0.0,86138,0,2024-06-01,0,0,SKU013,143563,0
MT,282374,v1.0.0,84712,0,2024-06-01,127068,0,SKU014,317671,0
GT,171600,v1.0.0,82368,0,2024-06-01,0,0,SKU014,137280,0
EC,573371,v1.0.0,80946,0,2024-06-01,337277,0,SKU014,134911,0
CV,251899,v1.0.0,86365,0,2024-06-01,71971,0,SKU014,143942,0
FS,126608,v1.0.0,75965,0,2024-06-01,0,0,SKU014,126608,0
MT,348518,v1.0.0,104555,0,2024-06-01,156833,0,SKU015,392082,0
GT,190369,v1.0.0,91377,0,2024-06-01,0,0,SKU015,152295,0
EC,625437,v1.0.0,88297,0,2024-06-01,367904,0,SKU015,147162,0
CV,313501,v1.0.0,107486,0,2024-06-01,89572,0,SKU015,179144,0
FS,156214,v1.0.0,93729,0,2024-06-01,0,0,SKU015,156214,0
MT,373940,v1.0.0,112182,0,2024-06-01,168273,0,SKU016,420682,0
GT,228150,v1.0.0,109512,0,2024-06-01,0,0,SKU016,182520,0
EC,754348,v1.0.0,106496,0,2024-06-01,443734,0,SKU016,177494,0
CV,359889,v1.0.0,123391,0,2024-06-01,102825,0,SKU016,205651,0
FS,198713,v1.0.0,119228,0,2024-06-01,0,0,SKU016,198713,0
MT,206184,v1.0.0,61855,0,2024-06-01,92783,0,SKU017,231958,0
GT,124312,v1.0.0,59670,0,2024-06-01,0,0,SKU017,99450,0
EC,324995,v1.0.0,45882,0,2024-06-01,191174,0,SKU017,76469,0
CV,209447,v1.0.0,71811,0,2024-06-01,59842,0,SKU017,119684,0
FS,113194,v1.0.0,67917,0,2024-06-01,0,0,SKU017,113194,0
MT,261823,v1.0.0,78547,0,2024-06-01,117820,0,SKU018,294551,0
GT,155854,v1.0.0,74810,0,2024-06-01,0,0,SKU018,124683,0
EC,489704,v1.0.0,69135,0,2024-06-01,288061,0,SKU018,115224,0
CV,225175,v1.0.0,77203,0,2024-06-01,64336,0,SKU018,128671,0
FS,101209,v1.0.0,60726,0,2024-06-01,0,0,SKU018,101209,0
MT,85950,v1.0.0,25785,0,2024-06-01,38678,0,SKU019,96694,0
GT,53528,v1.0.0,25693,0,2024-06-01,0,0,SKU019,42822,0
EC,147091,v1.0.0,20766,0,2024-06-01,86524,0,SKU019,34610,0
CV,86326,v1.0.0,29597,0,2024-06-01,24664,0,SKU019,49329,0
FS,58711,v1.0.0,35226,0,2024-06-01,0,0,SKU019,58711,0
MT,115803,v1.0.0,34741,0,2024-06-01,52111,0,SKU020,130279,0
GT,72845,v1.0.0,34965,0,2024-06-01,0,0,SKU020,58276,0
EC,235331,v1.0.0,33223,0,2024-06-01,138430,0,SKU020,55372,0
CV,98134,v1.0.0,33646,0,2024-06-01,28038,0,SKU020,56076,0
FS,63902,v1.0.0,38341,0,2024-06-01,0,0,SKU020,63902,0
MT,148025,v1.0.0,44408,0,2024-06-01,66611,0,SKU021,166528,0
GT,95062,v1.0.0,45630,0,2024-06-01,0,0,SKU021,76050,0
EC,258647,v1.0.0,36515,0,2024-06-01,152145,0,SKU021,60858,0
CV,142222,v1.0.0,48762,0,2024-06-01,40635,0,SKU021,81270,0
FS,78165,v1.0.0,46899,0,2024-06-01,0,0,SKU021,78165,0
MT,166571,v1.0.0,49971,0,2024-06-01,74957,0,SKU022,187393,0
GT,104203,v1.0.0,50018,0,2024-06-01,0,0,SKU022,83362,0
EC,431602,v1.0.0,60932,0,2024-06-01,253884,0,SKU022,101553,0
CV,197954,v1.0.0,67870,0,2024-06-01,56558,0,SKU022,113116,0
FS,90208,v1.0.0,54125,0,2024-06-01,0,0,SKU022,90208,0
MT,254259,v1.0.0,76278,0,2024-06-01,114417,0,SKU023,286042,0
GT,156000,v1.0.0,74880,0,2024-06-01,0,0,SKU023,124800,0
EC,314274,v1.0.0,44368,0,2024-06-01,184867,0,SKU023,73947,0
CV,187337,v1.0.0,64230,0,2024-06-01,53525,0,SKU023,107050,0
FS,113021,v1.0.0,67812,0,2024-06-01,0,0,SKU023,113021,0
MT,221044,v1.0.0,66313,0,2024-06-01,99470,0,SKU024,248675,0
GT,152295,v1.0.0,73102,0,2024-06-01,0,0,SKU024,121836,0
EC,518980,v1.0.0,73268,0,2024-06-01,305282,0,SKU024,122113,0
CV,213698,v1.0.0,73268,0,2024-06-01,61056,0,SKU024,122113,0
FS,109624,v1.0.0,65774,0,2024-06-01,0,0,SKU024,109624,0
MT,351593,v1.0.0,105478,0,2024-06-01,158217,0,SKU025,395542,0
GT,186322,v1.0.0,89435,0,2024-06-01,0,0,SKU025,149058,0
EC,555528,v1.0.0,78427,0,2024-06-01,326781,0,SKU025,130712,0
CV,229607,v1.0.0,78722,0,2024-06-01,65602,0,SKU025,131204,0
FS,133228,v1.0.0,79937,0,2024-06-01,0,0,SKU025,133228,0
MT,318206,v1.0.0,95462,0,2024-06-01,143193,0,SKU026,357982,0
GT,180253,v1.0.0,86522,0,2024-06-01,0,0,SKU026,144202,0
EC,672293,v1.0.0,94912,0,2024-06-01,395467,0,SKU026,158187,0
CV,271298,v1.0.0,93016,0,2024-06-01,77514,0,SKU026,155027,0
FS,146825,v1.0.0,88095,0,2024-06-01,0,0,SKU026,146825,0
MT,346168,v1.0.0,103851,0,2024-06-01,155776,0,SKU027,389439,0
GT,247796,v1.0.0,118942,0,2024-06-01,0,0,SKU027,198237,0
EC,655238,v1.0.0,92504,0,2024-06-01,385434,0,SKU027,154174,0
CV,258647,v1.0.0,88679,0,2024-06-01,73899,0,SKU027,147798,0
FS,150038,v1.0.0,90023,0,2024-06-01,0,0,SKU027,150038,0
MT,172588,v1.0.0,51776,0,2024-06-01,77664,0,SKU028,194161,0
GT,87750,v1.0.0,42120,0,2024-06-01,0,0,SKU028,70200,0
EC,313075,v1.0.0,44199,0,2024-06-01,184162,0,SKU028,73665,0
CV,136335,v1.0.0,46743,0,2024-06-01,38953,0,SKU028,77906,0
FS,63227,v1.0.0,37936,0,2024-06-01,0,0,SKU028,63227,0
MT,188899,v1.0.0,56670,0,2024-06-01,85005,0,SKU029,212511,0
GT,115294,v1.0.0,55341,0,2024-06-01,0,0,SKU029,92235,0
EC,319147,v1.0.0,45056,0,2024-06-01,187734,0,SKU029,75093,0
CV,152889,v1.0.0,52419,0,2024-06-01,43683,0,SKU029,87365,0
FS,91289,v1.0.0,54773,0,2024-06-01,0,0,SKU029,91289,0
MT,217740,v1.0.0,65322,0,2024-06-01,97983,0,SKU030,244958,0
GT,170625,v1.0.0,81900,0,2024-06-01,0,0,SKU030,136500,0
EC,500425,v1.0.0,70648,0,2024-06-01,294368,0,SKU030,117747,0
CV,204238,v1.0.0,70024,0,2024-06-01,58354,0,SKU030,116708,0
FS,104702,v1.0.0,62822,0,2024-06-01,0,0,SKU030,104702,0
MT,288506,v1.0.0,86552,0,2024-06-01,129827,0,SKU031,324569,0
GT,168809,v1.0.0,81028,0,2024-06-01,0,0,SKU031,135047,0
EC,508522,v1.0.0,71791,0,2024-06-01,299130,0,SKU031,119652,0
CV,234717,v1.0.0,80474,0,2024-06-01,67062,0,SKU031,134124,0
FS,129262,v1.0.0,77557,0,2024-06-01,0,0,SKU031,129262,0
MT,292154,v1.0.0,87646,0,2024-06-01,131469,0,SKU032,328673,0
GT,195000,v1.0.0,93600,0,2024-06-01,0,0,SKU032,156000,0
EC,527789,v1.0.0,74511,0,2024-06-01,310464,0,SKU032,124186,0
CV,298469,v1.0.0,102332,0,2024-06-01,85277,0,SKU032,170554,0
FS,146989,v1.0.0,88193,0,2024-06-01,0,0,SKU032,146989,0
MT,370215,v1.0.0,111065,0,2024-06-01,166597,0,SKU033,416492,0
GT,227577,v1.0.0,109237,0,2024-06-01,0,0,SKU033,182062,0
EC,683989,v1.0.0,96563,0,2024-06-01,402346,0,SKU033,160939,0
CV,328766,v1.0.0,112720,0,2024-06-01,93933,0,SKU033,187866,0
FS,196638,v1.0.0,117983,0,2024-06-01,0,0,SKU033,196638,0
MT,172817,v1.0.0,51845,0,2024-06-01,77768,0,SKU034,194419,0
GT,114075,v1.0.0,54756,0,2024-06-01,0,0,SKU034,91260,0
EC,304078,v1.0.0,42929,0,2024-06-01,178870,0,SKU034,71548,0
CV,153501,v1.0.0,52629,0,2024-06-01,43857,0,SKU034,87715,0
FS,79786,v1.0.0,47872,0,2024-06-01,0,0,SKU034,79786,0
MT,211055,v1.0.0,63316,0,2024-06-01,94975,0,SKU035,237437,0
GT,109809,v1.0.0,52708,0,2024-06-01,0,0,SKU035,87848,0
EC,423768,v1.0.0,59826,0,2024-06-01,249275,0,SKU035,99710,0
CV,168683,v1.0.0,57834,0,2024-06-01,48195,0,SKU035,96390,0
FS,110734,v1.0.0,66440,0,2024-06-01,0,0,SKU035,110734,0
MT,251280,v1.0.0,75384,0,2024-06-01,113076,0,SKU036,282690,0
GT,137914,v1.0.0,66199,0,2024-06-01,0,0,SKU036,110331,0
EC,475910,v1.0.0,67187,0,2024-06-01,279947,0,SKU036,111979,0
CV,235825,v1.0.0,80854,0,2024-06-01,67378,0,SKU036,134757,0
FS,131394,v1.0.0,78837,0,2024-06-01,0,0,SKU036,131394,0
MT,83887,v1.0.0,25166,0,2024-07-01,37749,0,SKU001,94373,0
GT,70200,v1.0.0,33696,0,2024-07-01,0,0,SKU001,56160,0
EC,133597,v1.0.0,18861,0,2024-07-01,78586,0,SKU001,31434,0
CV,80968,v1.0.0,27760,0,2024-07-01,23134,0,SKU001,46267,0
FS,39256,v1.0.0,23554,0,2024-07-01,0,0,SKU001,39256,0
MT,121552,v1.0.0,36466,0,2024-07-01,54699,0,SKU002,136746,0
GT,59743,v1.0.0,28677,0,2024-07-01,0,0,SKU002,47794,0
EC,214377,v1.0.0,30265,0,2024-07-01,126104,0,SKU002,50442,0
CV,95289,v1.0.0,32671,0,2024-07-01,27225,0,SKU002,54451,0
FS,56433,v1.0.0,33860,0,2024-07-01,0,0,SKU002,56433,0
MT,172855,v1.0.0,51856,0,2024-07-01,77785,0,SKU003,194462,0
GT,109688,v1.0.0,52650,0,2024-07-01,0,0,SKU003,87750,0
EC,266144,v1.0.0,37573,0,2024-07-01,156555,0,SKU003,62622,0
CV,126512,v1.0.0,43376,0,2024-07-01,36146,0,SKU003,72292,0
FS,74305,v1.0.0,44583,0,2024-07-01,0,0,SKU003,74305,0
MT,166571,v1.0.0,49971,0,2024-07-01,74957,0,SKU004,187393,0
GT,120876,v1.0.0,58020,0,2024-07-01,0,0,SKU004,96700,0
EC,303404,v1.0.0,42833,0,2024-07-01,178473,0,SKU004,71389,0
CV,175331,v1.0.0,60113,0,2024-07-01,50094,0,SKU004,100189,0
FS,70956,v1.0.0,42574,0,2024-07-01,0,0,SKU004,70956,0
MT,224922,v1.0.0,67476,0,2024-07-01,101215,0,SKU005,253037,0
GT,127920,v1.0.0,61402,0,2024-07-01,0,0,SKU005,102336,0
EC,427029,v1.0.0,60286,0,2024-07-01,251194,0,SKU005,100477,0
CV,147118,v1.0.0,50440,0,2024-07-01,42034,0,SKU005,84067,0
FS,108698,v1.0.0,65219,0,2024-07-01,0,0,SKU005,108698,0
MT,263083,v1.0.0,78925,0,2024-07-01,118388,0,SKU006,295969,0
GT,144507,v1.0.0,69363,0,2024-07-01,0,0,SKU006,115606,0
EC,468413,v1.0.0,66129,0,2024-07-01,275537,0,SKU006,110215,0
CV,200782,v1.0.0,68839,0,2024-07-01,57366,0,SKU006,114732,0
FS,120586,v1.0.0,72352,0,2024-07-01,0,0,SKU006,120586,0
MT,238368,v1.0.0,71510,0,2024-07-01,107266,0,SKU007,268164,0
GT,186322,v1.0.0,89435,0,2024-07-01,0,0,SKU007,149058,0
EC,578918,v1.0.0,81730,0,2024-07-01,340540,0,SKU007,136216,0
CV,210258,v1.0.0,72088,0,2024-07-01,60074,0,SKU007,120147,0
FS,139250,v1.0.0,83550,0,2024-07-01,0,0,SKU007,139250,0
MT,316582,v1.0.0,94975,0,2024-07-01,142462,0,SKU008,356155,0
GT,178181,v1.0.0,85527,0,2024-07-01,0,0,SKU008,142545,0
EC,739204,v1.0.0,104358,0,2024-07-01,434826,0,SKU008,173930,0
CV,288166,v1.0.0,98800,0,2024-07-01,82333,0,SKU008,164666,0
FS,165690,v1.0.0,99414,0,2024-07-01,0,0,SKU008,165690,0
MT,311024,v1.0.0,93307,0,2024-07-01,139961,0,SKU009,349902,0
GT,236584,v1.0.0,113560,0,2024-07-01,0,0,SKU009,189267,0
EC,631097,v1.0.0,89096,0,2024-07-01,371234,0,SKU009,148494,0
CV,299726,v1.0.0,102763,0,2024-07-01,85636,0,SKU009,171272,0
FS,184662,v1.0.0,110797,0,2024-07-01,0,0,SKU009,184662,0
MT,128581,v1.0.0,38574,0,2024-07-01,57862,0,SKU010,144654,0
GT,102229,v1.0.0,49070,0,2024-07-01,0,0,SKU010,81783,0
EC,256397,v1.0.0,36197,0,2024-07-01,150822,0,SKU010,60329,0
CV,122047,v1.0.0,41845,0,2024-07-01,34870,0,SKU010,69741,0
FS,91019,v1.0.0,54611,0,2024-07-01,0,0,SKU010,91019,0
MT,165081,v1.0.0,49524,0,2024-07-01,74287,0,SKU011,185716,0
GT,107957,v1.0.0,51819,0,2024-07-01,0,0,SKU011,86366,0
EC,325595,v1.0.0,45966,0,2024-07-01,191526,0,SKU011,76611,0
CV,147200,v1.0.0,50469,0,2024-07-01,42057,0,SKU011,84114,0
FS,96268,v1.0.0,57761,0,2024-07-01,0,0,SKU011,96268,0
MT,212010,v1.0.0,63603,0,2024-07-01,95404,0,SKU012,238511,0
GT,140766,v1.0.0,67568,0,2024-07-01,0,0,SKU012,112612,0
EC,459191,v1.0.0,64827,0,2024-07-01,270112,0,SKU012,108045,0
CV,206719,v1.0.0,70875,0,2024-07-01,59062,0,SKU012,118125,0
FS,120142,v1.0.0,72086,0,2024-07-01,0,0,SKU012,120142,0
MT,253667,v1.0.0,76100,0,2024-07-01,114150,0,SKU013,285376,0
GT,143106,v1.0.0,68691,0,2024-07-01,0,0,SKU013,114484,0
EC,478608,v1.0.0,67568,0,2024-07-01,281534,0,SKU013,112614,0
CV,197011,v1.0.0,67547,0,2024-07-01,56289,0,SKU013,112578,0
FS,115510,v1.0.0,69306,0,2024-07-01,0,0,SKU013,115510,0
MT,325158,v1.0.0,97548,0,2024-07-01,146321,0,SKU014,365803,0
GT,167700,v1.0.0,80496,0,2024-07-01,0,0,SKU014,134160,0
EC,518193,v1.0.0,73157,0,2024-07-01,304819,0,SKU014,121928,0
CV,276242,v1.0.0,94712,0,2024-07-01,78926,0,SKU014,157853,0
FS,146371,v1.0.0,87823,0,2024-07-01,0,0,SKU014,146371,0
MT,381064,v1.0.0,114319,0,2024-07-01,171479,0,SKU015,428697,0
GT,208540,v1.0.0,100099,0,2024-07-01,0,0,SKU015,166832,0
EC,593500,v1.0.0,83788,0,2024-07-01,349118,0,SKU015,139647,0
CV,305282,v1.0.0,104668,0,2024-07-01,87224,0,SKU015,174447,0
FS,162381,v1.0.0,97428,0,2024-07-01,0,0,SKU015,162381,0
MT,360532,v1.0.0,108159,0,2024-07-01,162239,0,SKU016,405598,0
GT,278533,v1.0.0,133696,0,2024-07-01,0,0,SKU016,222826,0
EC,722186,v1.0.0,101956,0,2024-07-01,424815,0,SKU016,169926,0
CV,335381,v1.0.0,114988,0,2024-07-01,95823,0,SKU016,191646,0
FS,215272,v1.0.0,129163,0,2024-07-01,0,0,SKU016,215272,0
MT,196444,v1.0.0,58933,0,2024-07-01,88400,0,SKU017,220999,0
GT,133636,v1.0.0,64145,0,2024-07-01,0,0,SKU017,106909,0
EC,407837,v1.0.0,57577,0,2024-07-01,239904,0,SKU017,95962,0
CV,191174,v1.0.0,65545,0,2024-07-01,54621,0,SKU017,109242,0
FS,113194,v1.0.0,67917,0,2024-07-01,0,0,SKU017,113194,0
MT,210864,v1.0.0,63259,0,2024-07-01,94889,0,SKU018,237222,0
GT,150248,v1.0.0,72119,0,2024-07-01,0,0,SKU018,120198,0
EC,510396,v1.0.0,72056,0,2024-07-01,300233,0,SKU018,120093,0
CV,240389,v1.0.0,82419,0,2024-07-01,68683,0,SKU018,137365,0
FS,104760,v1.0.0,62856,0,2024-07-01,0,0,SKU018,104760,0
MT,97639,v1.0.0,29292,0,2024-07-01,43938,0,SKU019,109844,0
GT,60109,v1.0.0,28852,0,2024-07-01,0,0,SKU019,48087,0
EC,149790,v1.0.0,21147,0,2024-07-01,88112,0,SKU019,35245,0
CV,95256,v1.0.0,32659,0,2024-07-01,27216,0,SKU019,54432,0
FS,48983,v1.0.0,29390,0,2024-07-01,0,0,SKU019,48983,0
MT,76381,v1.0.0,22914,0,2024-07-01,34371,0,SKU020,85928,0
GT,87518,v1.0.0,42009,0,2024-07-01,0,0,SKU020,70015,0
EC,275627,v1.0.0,38912,0,2024-07-01,162134,0,SKU020,64853,0
CV,102400,v1.0.0,35109,0,2024-07-01,29257,0,SKU020,58514,0
FS,54358,v1.0.0,32615,0,2024-07-01,0,0,SKU020,54358,0
MT,185270,v1.0.0,55581,0,2024-07-01,83372,0,SKU021,208429,0
GT,92625,v1.0.0,44460,0,2024-07-01,0,0,SKU021,74100,0
EC,251150,v1.0.0,35456,0,2024-07-01,147735,0,SKU021,59094,0
CV,123204,v1.0.0,42242,0,2024-07-01,35201,0,SKU021,70402,0
FS,74788,v1.0.0,44872,0,2024-07-01,0,0,SKU021,74788,0
MT,177458,v1.0.0,53237,0,2024-07-01,79856,0,SKU022,199640,0
GT,95867,v1.0.0,46016,0,2024-07-01,0,0,SKU022,76694,0
EC,401689,v1.0.0,56709,0,2024-07-01,236288,0,SKU022,94515,0
CV,179101,v1.0.0,61406,0,2024-07-01,51172,0,SKU022,102344,0
FS,108910,v1.0.0,65346,0,2024-07-01,0,0,SKU022,108910,0
MT,233478,v1.0.0,70044,0,2024-07-01,105065,0,SKU023,262663,0
GT,142740,v1.0.0,68515,0,2024-07-01,0,0,SKU023,114192,0
EC,455818,v1.0.0,64351,0,2024-07-01,268128,0,SKU023,107251,0
CV,207446,v1.0.0,71124,0,2024-07-01,59270,0,SKU023,118541,0
FS,103757,v1.0.0,62254,0,2024-07-01,0,0,SKU023,103757,0
MT,261727,v1.0.0,78518,0,2024-07-01,117777,0,SKU024,294443,0
GT,154891,v1.0.0,74348,0,2024-07-01,0,0,SKU024,123913,0
EC,516318,v1.0.0,72892,0,2024-07-01,303717,0,SKU024,121487,0
CV,194911,v1.0.0,66827,0,2024-07-01,55689,0,SKU024,111378,0
FS,131549,v1.0.0,78929,0,2024-07-01,0,0,SKU024,131549,0
MT,308389,v1.0.0,92517,0,2024-07-01,138775,0,SKU025,346937,0
GT,170162,v1.0.0,81678,0,2024-07-01,0,0,SKU025,136130,0
EC,537985,v1.0.0,75951,0,2024-07-01,316462,0,SKU025,126585,0
CV,291523,v1.0.0,99951,0,2024-07-01,83292,0,SKU025,166585,0
FS,116668,v1.0.0,70001,0,2024-07-01,0,0,SKU025,116668,0
MT,323076,v1.0.0,96923,0,2024-07-01,145384,0,SKU026,363461,0
GT,174038,v1.0.0,83538,0,2024-07-01,0,0,SKU026,139230,0
EC,729646,v1.0.0,103009,0,2024-07-01,429203,0,SKU026,171681,0
CV,305034,v1.0.0,104583,0,2024-07-01,87153,0,SKU026,174305,0
FS,171432,v1.0.0,102859,0,2024-07-01,0,0,SKU026,171432,0
MT,369012,v1.0.0,110704,0,2024-07-01,166055,0,SKU027,415138,0
GT,255645,v1.0.0,122710,0,2024-07-01,0,0,SKU027,204516,0
EC,648341,v1.0.0,91530,0,2024-07-01,381377,0,SKU027,152551,0
CV,348412,v1.0.0,119456,0,2024-07-01,99546,0,SKU027,199093,0
FS,168682,v1.0.0,101209,0,2024-07-01,0,0,SKU027,168682,0
MT,151960,v1.0.0,45588,0,2024-07-01,68382,0,SKU028,170955,0
GT,94770,v1.0.0,45490,0,2024-07-01,0,0,SKU028,75816,0
EC,318473,v1.0.0,44961,0,2024-07-01,187337,0,SKU028,74935,0
CV,119665,v1.0.0,41028,0,2024-07-01,34190,0,SKU028,68380,0
FS,58016,v1.0.0,34809,0,2024-07-01,0,0,SKU028,58016,0
MT,165081,v1.0.0,49524,0,2024-07-01,74287,0,SKU029,185716,0
GT,130492,v1.0.0,62636,0,2024-07-01,0,0,SKU029,104393,0
EC,409411,v1.0.0,57799,0,2024-07-01,240830,0,SKU029,96332,0
CV,146489,v1.0.0,50225,0,2024-07-01,41854,0,SKU029,83708,0
FS,90459,v1.0.0,54275,0,2024-07-01,0,0,SKU029,90459,0
MT,206280,v1.0.0,61884,0,2024-07-01,92826,0,SKU030,232065,0
GT,101766,v1.0.0,48848,0,2024-07-01,0,0,SKU030,81412,0
EC,408587,v1.0.0,57683,0,2024-07-01,240345,0,SKU030,96138,0
CV,213334,v1.0.0,73143,0,2024-07-01,60952,0,SKU030,121905,0
FS,107115,v1.0.0,64269,0,2024-07-01,0,0,SKU030,107115,0
MT,209030,v1.0.0,62709,0,2024-07-01,94064,0,SKU031,235159,0
GT,160473,v1.0.0,77027,0,2024-07-01,0,0,SKU031,128378,0
EC,499975,v1.0.0,70585,0,2024-07-01,294103,0,SKU031,117641,0
CV,257340,v1.0.0,88231,0,2024-07-01,73526,0,SKU031,147051,0
FS,123761,v1.0.0,74257,0,2024-07-01,0,0,SKU031,123761,0
MT,363053,v1.0.0,108916,0,2024-07-01,163374,0,SKU032,408434,0
GT,205140,v1.0.0,98467,0,2024-07-01,0,0,SKU032,164112,0
EC,678928,v1.0.0,95849,0,2024-07-01,399370,0,SKU032,159748,0
CV,285768,v1.0.0,97978,0,2024-07-01,81648,0,SKU032,163296,0
FS,127843,v1.0.0,76706,0,2024-07-01,0,0,SKU032,127843,0
MT,318684,v1.0.0,95605,0,2024-07-01,143408,0,SKU033,358519,0
GT,215463,v1.0.0,103422,0,2024-07-01,0,0,SKU033,172370,0
EC,683989,v1.0.0,96563,0,2024-07-01,402346,0,SKU033,160939,0
CV,318198,v1.0.0,109096,0,2024-07-01,90914,0,SKU033,181827,0
FS,208971,v1.0.0,125382,0,2024-07-01,0,0,SKU033,208971,0
MT,229429,v1.0.0,68829,0,2024-07-01,103243,0,SKU034,258108,0
GT,113124,v1.0.0,54300,0,2024-07-01,0,0,SKU034,90500,0
EC,327469,v1.0.0,46231,0,2024-07-01,192629,0,SKU034,77052,0
CV,178010,v1.0.0,61032,0,2024-07-01,50860,0,SKU034,101720,0
FS,97851,v1.0.0,58711,0,2024-07-01,0,0,SKU034,97851,0
MT,222420,v1.0.0,66726,0,2024-07-01,100089,0,SKU035,250222,0
GT,133636,v1.0.0,64145,0,2024-07-01,0,0,SKU035,106909,0
EC,560776,v1.0.0,79168,0,2024-07-01,329868,0,SKU035,131947,0
CV,163060,v1.0.0,55906,0,2024-07-01,46588,0,SKU035,93177,0
FS,108273,v1.0.0,64964,0,2024-07-01,0,0,SKU035,108273,0
MT,221407,v1.0.0,66422,0,2024-07-01,99633,0,SKU036,249083,0
GT,142399,v1.0.0,68351,0,2024-07-01,0,0,SKU036,113919,0
EC,503499,v1.0.0,71082,0,2024-07-01,296176,0,SKU036,118470,0
CV,217567,v1.0.0,74595,0,2024-07-01,62162,0,SKU036,124324,0
FS,131394,v1.0.0,78837,0,2024-07-01,0,0,SKU036,131394,0
MT,126518,v1.0.0,37956,0,2024-08-01,56933,0,SKU001,142333,0
GT,59231,v1.0.0,28431,0,2024-08-01,0,0,SKU001,47385,0
EC,199720,v1.0.0,28196,0,2024-08-01,117482,0,SKU001,46993,0
CV,73823,v1.0.0,25311,0,2024-08-01,21092,0,SKU001,42185,0
FS,49331,v1.0.0,29598,0,2024-08-01,0,0,SKU001,49331,0
MT,147834,v1.0.0,44350,0,2024-08-01,66525,0,SKU002,166313,0
GT,65508,v1.0.0,31444,0,2024-08-01,0,0,SKU002,52406,0
EC,267568,v1.0.0,37774,0,2024-08-01,157393,0,SKU002,62957,0
CV,116622,v1.0.0,39985,0,2024-08-01,33321,0,SKU002,66641,0
FS,70542,v1.0.0,42325,0,2024-08-01,0,0,SKU002,70542,0
MT,195775,v1.0.0,58732,0,2024-08-01,88099,0,SKU003,220247,0
GT,107859,v1.0.0,51772,0,2024-08-01,0,0,SKU003,86288,0
EC,335491,v1.0.0,47363,0,2024-08-01,197348,0,SKU003,78939,0
CV,145530,v1.0.0,49896,0,2024-08-01,41580,0,SKU003,83160,0
FS,84920,v1.0.0,50952,0,2024-08-01,0,0,SKU003,84920,0
MT,176369,v1.0.0,52911,0,2024-08-01,79366,0,SKU004,198416,0
GT,101424,v1.0.0,48684,0,2024-08-01,0,0,SKU004,81140,0
EC,331180,v1.0.0,46755,0,2024-08-01,194812,0,SKU004,77925,0
CV,167789,v1.0.0,57528,0,2024-08-01,47940,0,SKU004,95880,0
FS,89658,v1.0.0,53795,0,2024-08-01,0,0,SKU004,89658,0
MT,264038,v1.0.0,79212,0,2024-08-01,118817,0,SKU005,297043,0
GT,155220,v1.0.0,74506,0,2024-08-01,0,0,SKU005,124176,0
EC,448620,v1.0.0,63335,0,2024-08-01,263894,0,SKU005,105558,0
CV,140767,v1.0.0,48263,0,2024-08-01,40219,0,SKU005,80438,0
FS,96346,v1.0.0,57807,0,2024-08-01,0,0,SKU005,96346,0
MT,246810,v1.0.0,74043,0,2024-08-01,111065,0,SKU006,277661,0
GT,163544,v1.0.0,78501,0,2024-08-01,0,0,SKU006,130835,0
EC,415184,v1.0.0,58614,0,2024-08-01,244226,0,SKU006,97690,0
CV,200782,v1.0.0,68839,0,2024-08-01,57366,0,SKU006,114732,0
FS,117846,v1.0.0,70707,0,2024-08-01,0,0,SKU006,117846,0
MT,297960,v1.0.0,89388,0,2024-08-01,134082,0,SKU007,335205,0
GT,195829,v1.0.0,93998,0,2024-08-01,0,0,SKU007,156663,0
EC,520442,v1.0.0,73474,0,2024-08-01,306142,0,SKU007,122457,0
CV,233476,v1.0.0,80049,0,2024-08-01,66708,0,SKU007,133415,0
FS,187422,v1.0.0,112453,0,2024-08-01,0,0,SKU007,187422,0
MT,337688,v1.0.0,101306,0,2024-08-01,151960,0,SKU008,379899,0
GT,208223,v1.0.0,99947,0,2024-08-01,0,0,SKU008,166579,0
EC,611755,v1.0.0,86365,0,2024-08-01,359856,0,SKU008,143942,0
CV,333148,v1.0.0,114222,0,2024-08-01,95185,0,SKU008,190370,0
FS,161589,v1.0.0,96954,0,2024-08-01,0,0,SKU008,161589,0
MT,337382,v1.0.0,101215,0,2024-08-01,151822,0,SKU009,379555,0
GT,222008,v1.0.0,106564,0,2024-08-01,0,0,SKU009,177606,0
EC,631097,v1.0.0,89096,0,2024-08-01,371234,0,SKU009,148494,0
CV,289076,v1.0.0,99112,0,2024-08-01,82593,0,SKU009,165186,0
FS,182887,v1.0.0,109732,0,2024-08-01,0,0,SKU009,182887,0
MT,122393,v1.0.0,36718,0,2024-08-01,55077,0,SKU010,137692,0
GT,78975,v1.0.0,37908,0,2024-08-01,0,0,SKU010,63180,0
EC,251000,v1.0.0,35435,0,2024-08-01,147647,0,SKU010,59059,0
CV,130382,v1.0.0,44702,0,2024-08-01,37252,0,SKU010,74504,0
FS,66353,v1.0.0,39812,0,2024-08-01,0,0,SKU010,66353,0
MT,212717,v1.0.0,63815,0,2024-08-01,95723,0,SKU011,239306,0
GT,99048,v1.0.0,47543,0,2024-08-01,0,0,SKU011,79238,0
EC,394904,v1.0.0,55751,0,2024-08-01,232297,0,SKU011,92919,0
CV,160711,v1.0.0,55101,0,2024-08-01,45918,0,SKU011,91835,0
FS,98343,v1.0.0,59006,0,2024-08-01,0,0,SKU011,98343,0
MT,243525,v1.0.0,73058,0,2024-08-01,109586,0,SKU012,273966,0
GT,149297,v1.0.0,71662,0,2024-08-01,0,0,SKU012,119438,0
EC,564149,v1.0.0,79645,0,2024-08-01,331852,0,SKU012,132741,0
CV,195143,v1.0.0,66906,0,2024-08-01,55755,0,SKU012,111510,0
FS,96982,v1.0.0,58190,0,2024-08-01,0,0,SKU012,96982,0
MT,238425,v1.0.0,71528,0,2024-08-01,107291,0,SKU013,268228,0
GT,175756,v1.0.0,84363,0,2024-08-01,0,0,SKU013,140605,0
EC,446559,v1.0.0,63044,0,2024-08-01,262682,0,SKU013,105073,0
CV,230004,v1.0.0,78858,0,2024-08-01,65715,0,SKU013,131431,0
FS,120461,v1.0.0,72277,0,2024-08-01,0,0,SKU013,120461,0
MT,343494,v1.0.0,103048,0,2024-08-01,154572,0,SKU014,386431,0
GT,219180,v1.0.0,105206,0,2024-08-01,0,0,SKU014,175344,0
EC,563774,v1.0.0,79592,0,2024-08-01,331632,0,SKU014,132653,0
CV,298469,v1.0.0,102332,0,2024-08-01,85277,0,SKU014,170554,0
FS,167370,v1.0.0,100422,0,2024-08-01,0,0,SKU014,167370,0
MT,394625,v1.0.0,118388,0,2024-08-01,177581,0,SKU015,443953,0
GT,228442,v1.0.0,109652,0,2024-08-01,0,0,SKU015,182754,0
EC,620114,v1.0.0,87546,0,2024-08-01,364773,0,SKU015,145909,0
CV,366339,v1.0.0,125602,0,2024-08-01,104668,0,SKU015,209336,0
FS,196638,v1.0.0,117983,0,2024-08-01,0,0,SKU015,196638,0
MT,415654,v1.0.0,124696,0,2024-08-01,187044,0,SKU016,467611,0
GT,243360,v1.0.0,116813,0,2024-08-01,0,0,SKU016,194688,0
EC,751424,v1.0.0,106083,0,2024-08-01,442014,0,SKU016,176806,0
CV,317322,v1.0.0,108796,0,2024-08-01,90663,0,SKU016,181327,0
FS,188175,v1.0.0,112905,0,2024-08-01,0,0,SKU016,188175,0
MT,224043,v1.0.0,67213,0,2024-08-01,100819,0,SKU017,252048,0
GT,93234,v1.0.0,44752,0,2024-08-01,0,0,SKU017,74588,0
EC,388719,v1.0.0,54878,0,2024-08-01,228658,0,SKU017,91463,0
CV,191174,v1.0.0,65545,0,2024-08-01,54621,0,SKU017,109242,0
FS,103352,v1.0.0,62011,0,2024-08-01,0,0,SKU017,103352,0
MT,282909,v1.0.0,84873,0,2024-08-01,127309,0,SKU018,318273,0
GT,188370,v1.0.0,90418,0,2024-08-01,0,0,SKU018,150696,0
EC,444872,v1.0.0,62805,0,2024-08-01,261689,0,SKU018,104676,0
CV,178010,v1.0.0,61032,0,2024-08-01,50860,0,SKU018,101720,0
FS,120741,v1.0.0,72444,0,2024-08-01,0,0,SKU018,120741,0
MT,108641,v1.0.0,32592,0,2024-08-01,48888,0,SKU019,122221,0
GT,64496,v1.0.0,30958,0,2024-08-01,0,0,SKU019,51597,0
EC,221311,v1.0.0,31244,0,2024-08-01,130183,0,SKU019,52073,0
CV,88707,v1.0.0,30414,0,2024-08-01,25345,0,SKU019,50690,0
FS,64616,v1.0.0,38770,0,2024-08-01,0,0,SKU019,64616,0
MT,123195,v1.0.0,36958,0,2024-08-01,55438,0,SKU020,138594,0
GT,90663,v1.0.0,43518,0,2024-08-01,0,0,SKU020,72530,0
EC,301417,v1.0.0,42553,0,2024-08-01,177304,0,SKU020,70922,0
CV,93156,v1.0.0,31939,0,2024-08-01,26616,0,SKU020,53232,0
FS,60998,v1.0.0,36599,0,2024-08-01,0,0,SKU020,60998,0
MT,152800,v1.0.0,45840,0,2024-08-01,68760,0,SKU021,171900,0
GT,103594,v1.0.0,49725,0,2024-08-01,0,0,SKU021,82875,0
EC,342988,v1.0.0,48422,0,2024-08-01,201758,0,SKU021,80703,0
CV,120724,v1.0.0,41391,0,2024-08-01,34492,0,SKU021,68985,0
FS,74305,v1.0.0,44583,0,2024-08-01,0,0,SKU021,74305,0
MT,161128,v1.0.0,48338,0,2024-08-01,72507,0,SKU022,181269,0
GT,91004,v1.0.0,43682,0,2024-08-01,0,0,SKU022,72803,0
EC,303404,v1.0.0,42833,0,2024-08-01,178473,0,SKU022,71389,0
CV,153650,v1.0.0,52680,0,2024-08-01,43900,0,SKU022,87800,0
FS,100109,v1.0.0,60065,0,2024-08-01,0,0,SKU022,100109,0
MT,193139,v1.0.0,57942,0,2024-08-01,86913,0,SKU023,217282,0
GT,145080,v1.0.0,69638,0,2024-08-01,0,0,SKU023,116064,0
EC,391044,v1.0.0,55206,0,2024-08-01,230026,0,SKU023,92010,0
CV,184162,v1.0.0,63141,0,2024-08-01,52618,0,SKU023,105235,0
FS,132166,v1.0.0,79300,0,2024-08-01,0,0,SKU023,132166,0
MT,234605,v1.0.0,70382,0,2024-08-01,105572,0,SKU024,263931,0
GT,146238,v1.0.0,70194,0,2024-08-01,0,0,SKU024,116990,0
EC,548256,v1.0.0,77401,0,2024-08-01,322503,0,SKU024,129001,0
CV,218394,v1.0.0,74878,0,2024-08-01,62398,0,SKU024,124797,0
FS,124012,v1.0.0,74407,0,2024-08-01,0,0,SKU024,124012,0
MT,414164,v1.0.0,124249,0,2024-08-01,186374,0,SKU025,465935,0
GT,199631,v1.0.0,95823,0,2024-08-01,0,0,SKU025,159705,0
EC,634471,v1.0.0,89572,0,2024-08-01,373218,0,SKU025,149287,0
CV,267014,v1.0.0,91548,0,2024-08-01,76290,0,SKU025,152580,0
FS,153551,v1.0.0,92130,0,2024-08-01,0,0,SKU025,153551,0
MT,306842,v1.0.0,92052,0,2024-08-01,138079,0,SKU026,345197,0
GT,253805,v1.0.0,121826,0,2024-08-01,0,0,SKU026,203044,0
EC,761508,v1.0.0,107507,0,2024-08-01,447946,0,SKU026,179178,0
CV,313468,v1.0.0,107475,0,2024-08-01,89562,0,SKU026,179125,0
FS,203422,v1.0.0,122053,0,2024-08-01,0,0,SKU026,203422,0
MT,407670,v1.0.0,122301,0,2024-08-01,183452,0,SKU027,458629,0
GT,232099,v1.0.0,111407,0,2024-08-01,0,0,SKU027,185679,0
EC,755248,v1.0.0,106623,0,2024-08-01,444263,0,SKU027,177705,0
CV,264732,v1.0.0,90765,0,2024-08-01,75638,0,SKU027,151276,0
FS,190877,v1.0.0,114526,0,2024-08-01,0,0,SKU027,190877,0
MT,135457,v1.0.0,40637,0,2024-08-01,60956,0,SKU028,152389,0
GT,107494,v1.0.0,51597,0,2024-08-01,0,0,SKU028,85995,0
EC,325220,v1.0.0,45913,0,2024-08-01,191306,0,SKU028,76522,0
CV,124428,v1.0.0,42661,0,2024-08-01,35551,0,SKU028,71102,0
FS,80597,v1.0.0,48358,0,2024-08-01,0,0,SKU028,80597,0
MT,212717,v1.0.0,63815,0,2024-08-01,95723,0,SKU029,239306,0
GT,111101,v1.0.0,53329,0,2024-08-01,0,0,SKU029,88881,0
EC,357832,v1.0.0,50517,0,2024-08-01,210489,0,SKU029,84196,0
CV,137956,v1.0.0,47299,0,2024-08-01,39416,0,SKU029,78832,0
FS,104152,v1.0.0,62491,0,2024-08-01,0,0,SKU029,104152,0
MT,193865,v1.0.0,58160,0,2024-08-01,87239,0,SKU030,218098,0
GT,166969,v1.0.0,80145,0,2024-08-01,0,0,SKU030,133575,0
EC,434826,v1.0.0,61387,0,2024-08-01,255780,0,SKU030,102312,0
CV,219122,v1.0.0,75128,0,2024-08-01,62606,0,SKU030,125212,0
FS,113388,v1.0.0,68032,0,2024-08-01,0,0,SKU030,113388,0
MT,274352,v1.0.0,82306,0,2024-08-01,123459,0,SKU031,308646,0
GT,182703,v1.0.0,87697,0,2024-08-01,0,0,SKU031,146162,0
EC,559801,v1.0.0,79031,0,2024-08-01,329295,0,SKU031,131718,0
CV,235659,v1.0.0,80798,0,2024-08-01,67331,0,SKU031,134662,0
FS,125961,v1.0.0,75577,0,2024-08-01,0,0,SKU031,125961,0
MT,348384,v1.0.0,104515,0,2024-08-01,156773,0,SKU032,391932,0
GT,207480,v1.0.0,99590,0,2024-08-01,0,0,SKU032,165984,0
EC,530188,v1.0.0,74850,0,2024-08-01,311875,0,SKU032,124750,0
CV,254016,v1.0.0,87091,0,2024-08-01,72576,0,SKU032,145152,0
FS,131549,v1.0.0,78929,0,2024-08-01,0,0,SKU032,131549,0
MT,366147,v1.0.0,109844,0,2024-08-01,164766,0,SKU033,411915,0
GT,248345,v1.0.0,119205,0,2024-08-01,0,0,SKU033,198676,0
EC,601484,v1.0.0,84915,0,2024-08-01,353814,0,SKU033,141526,0
CV,368687,v1.0.0,126407,0,2024-08-01,105339,0,SKU033,210678,0
FS,166491,v1.0.0,99895,0,2024-08-01,0,0,SKU033,166491,0
MT,186225,v1.0.0,55868,0,2024-08-01,83801,0,SKU034,209503,0
GT,106470,v1.0.0,51106,0,2024-08-01,0,0,SKU034,85176,0
EC,385946,v1.0.0,54486,0,2024-08-01,227027,0,SKU034,90811,0
CV,114803,v1.0.0,39361,0,2024-08-01,32801,0,SKU034,65602,0
FS,127959,v1.0.0,76775,0,2024-08-01,0,0,SKU034,127959,0
MT,259760,v1.0.0,77928,0,2024-08-01,116892,0,SKU035,292230,0
GT,147103,v1.0.0,70610,0,2024-08-01,0,0,SKU035,117682,0
EC,462003,v1.0.0,65224,0,2024-08-01,271766,0,SKU035,108706,0
CV,257241,v1.0.0,88197,0,2024-08-01,73497,0,SKU035,146995,0
FS,120577,v1.0.0,72346,0,2024-08-01,0,0,SKU035,120577,0
MT,282909,v1.0.0,84873,0,2024-08-01,127309,0,SKU036,318273,0
GT,169309,v1.0.0,81268,0,2024-08-01,0,0,SKU036,135447,0
EC,541433,v1.0.0,76438,0,2024-08-01,318490,0,SKU036,127396,0
CV,200831,v1.0.0,68856,0,2024-08-01,57380,0,SKU036,114761,0
FS,159804,v1.0.0,95882,0,2024-08-01,0,0,SKU036,159804,0
MT,113454,v1.0.0,34036,0,2024-09-01,51054,0,SKU001,127636,0
GT,70639,v1.0.0,33907,0,2024-09-01,0,0,SKU001,56511,0
EC,204598,v1.0.0,28884,0,2024-09-01,120352,0,SKU001,48141,0
CV,76800,v1.0.0,26331,0,2024-09-01,21943,0,SKU001,43886,0
FS,50373,v1.0.0,30224,0,2024-09-01,0,0,SKU001,50373,0
MT,133872,v1.0.0,40162,0,2024-09-01,60242,0,SKU002,150606,0
GT,67080,v1.0.0,32198,0,2024-09-01,0,0,SKU002,53664,0
EC,272403,v1.0.0,38457,0,2024-09-01,160237,0,SKU002,64095,0
CV,88889,v1.0.0,30476,0,2024-09-01,25397,0,SKU002,50794,0
FS,61828,v1.0.0,37097,0,2024-09-01,0,0,SKU002,61828,0
MT,169035,v1.0.0,50710,0,2024-09-01,76066,0,SKU003,190164,0
GT,106641,v1.0.0,51188,0,2024-09-01,0,0,SKU003,85312,0
EC,314874,v1.0.0,44453,0,2024-09-01,185220,0,SKU003,74088,0
CV,112455,v1.0.0,38556,0,2024-09-01,32130,0,SKU003,64260,0
FS,82025,v1.0.0,49215,0,2024-09-01,0,0,SKU003,82025,0
MT,174192,v1.0.0,52258,0,2024-09-01,78386,0,SKU004,195966,0
GT,152137,v1.0.0,73026,0,2024-09-01,0,0,SKU004,121709,0
EC,376050,v1.0.0,53089,0,2024-09-01,221206,0,SKU004,88482,0
CV,153650,v1.0.0,52680,0,2024-09-01,43900,0,SKU004,87800,0
FS,92958,v1.0.0,55775,0,2024-09-01,0,0,SKU004,92958,0
MT,163802,v1.0.0,49140,0,2024-09-01,73711,0,SKU005,184277,0
GT,108420,v1.0.0,52042,0,2024-09-01,0,0,SKU005,86736,0
EC,403343,v1.0.0,56943,0,2024-09-01,237261,0,SKU005,94904,0
CV,174636,v1.0.0,59875,0,2024-09-01,49896,0,SKU005,99792,0
FS,122285,v1.0.0,73371,0,2024-09-01,0,0,SKU005,122285,0
MT,245454,v1.0.0,73636,0,2024-09-01,110454,0,SKU006,276136,0
GT,134989,v1.0.0,64795,0,2024-09-01,0,0,SKU006,107991,0
EC,518980,v1.0.0,73268,0,2024-09-01,305282,0,SKU006,122113,0
CV,236007,v1.0.0,80917,0,2024-09-01,67430,0,SKU006,134861,0
FS,133604,v1.0.0,80163,0,2024-09-01,0,0,SKU006,133604,0
MT,271144,v1.0.0,81343,0,2024-09-01,122015,0,SKU007,305037,0
GT,209138,v1.0.0,100386,0,2024-09-01,0,0,SKU007,167310,0
EC,637395,v1.0.0,89985,0,2024-09-01,374938,0,SKU007,149975,0
CV,270884,v1.0.0,92875,0,2024-09-01,77396,0,SKU007,154791,0
FS,162583,v1.0.0,97550,0,2024-09-01,0,0,SKU007,162583,0
MT,303594,v1.0.0,91078,0,2024-09-01,136618,0,SKU008,341544,0
GT,218583,v1.0.0,104920,0,2024-09-01,0,0,SKU008,174866,0
EC,528913,v1.0.0,74670,0,2024-09-01,311126,0,SKU008,124450,0
CV,229127,v1.0.0,78558,0,2024-09-01,65465,0,SKU008,130930,0
FS,162410,v1.0.0,97446,0,2024-09-01,0,0,SKU008,162410,0
MT,404156,v1.0.0,121247,0,2024-09-01,181870,0,SKU009,454676,0
GT,234341,v1.0.0,112484,0,2024-09-01,0,0,SKU009,187473,0
EC,613456,v1.0.0,86605,0,2024-09-01,360856,0,SKU009,144342,0
CV,266254,v1.0.0,91287,0,2024-09-01,76072,0,SKU009,152145,0
FS,110975,v1.0.0,66585,0,2024-09-01,0,0,SKU009,110975,0
MT,169150,v1.0.0,50745,0,2024-09-01,76117,0,SKU010,190293,0
GT,93454,v1.0.0,44858,0,2024-09-01,0,0,SKU010,74763,0
EC,236156,v1.0.0,33340,0,2024-09-01,138915,0,SKU010,55566,0
CV,132168,v1.0.0,45315,0,2024-09-01,37762,0,SKU010,75524,0
FS,81986,v1.0.0,49192,0,2024-09-01,0,0,SKU010,81986,0
MT,192184,v1.0.0,57655,0,2024-09-01,86483,0,SKU011,216207,0
GT,114770,v1.0.0,55089,0,2024-09-01,0,0,SKU011,91816,0
EC,357832,v1.0.0,50517,0,2024-09-01,210489,0,SKU011,84196,0
CV,128000,v1.0.0,43886,0,2024-09-01,36572,0,SKU011,73143,0
FS,95853,v1.0.0,57512,0,2024-09-01,0,0,SKU011,95853,0
MT,233020,v1.0.0,69906,0,2024-09-01,104859,0,SKU012,262148,0
GT,127969,v1.0.0,61425,0,2024-09-01,0,0,SKU012,102375,0
EC,502299,v1.0.0,70913,0,2024-09-01,295470,0,SKU012,118188,0
CV,185220,v1.0.0,63504,0,2024-09-01,52920,0,SKU012,105840,0
FS,123038,v1.0.0,73822,0,2024-09-01,0,0,SKU012,123038,0
MT,276530,v1.0.0,82959,0,2024-09-01,124438,0,SKU013,311096,0
GT,162557,v1.0.0,78027,0,2024-09-01,0,0,SKU013,130046,0
EC,522805,v1.0.0,73808,0,2024-09-01,307532,0,SKU013,123013,0
CV,267709,v1.0.0,91786,0,2024-09-01,76488,0,SKU013,152977,0
FS,141363,v1.0.0,84818,0,2024-09-01,0,0,SKU013,141363,0
MT,311712,v1.0.0,93514,0,2024-09-01,140270,0,SKU014,350676,0
GT,173940,v1.0.0,83491,0,2024-09-01,0,0,SKU014,139152,0
EC,642943,v1.0.0,90768,0,2024-09-01,378202,0,SKU014,151281,0
CV,277301,v1.0.0,95075,0,2024-09-01,79229,0,SKU014,158458,0
FS,159341,v1.0.0,95604,0,2024-09-01,0,0,SKU014,159341,0
MT,366147,v1.0.0,109844,0,2024-09-01,164766,0,SKU015,411915,0
GT,211136,v1.0.0,101345,0,2024-09-01,0,0,SKU015,168909,0
EC,689312,v1.0.0,97315,0,2024-09-01,405477,0,SKU015,162191,0
CV,281799,v1.0.0,96617,0,2024-09-01,80514,0,SKU015,161028,0
FS,176769,v1.0.0,106061,0,2024-09-01,0,0,SKU015,176769,0
MT,347123,v1.0.0,104137,0,2024-09-01,156206,0,SKU016,390514,0
GT,252866,v1.0.0,121376,0,2024-09-01,0,0,SKU016,202293,0
EC,812825,v1.0.0,114752,0,2024-09-01,478132,0,SKU016,191253,0
CV,274754,v1.0.0,94201,0,2024-09-01,78501,0,SKU016,157002,0
FS,202476,v1.0.0,121486,0,2024-09-01,0,0,SKU016,202476,0
MT,251642,v1.0.0,75493,0,2024-09-01,113239,0,SKU017,283098,0
GT,164714,v1.0.0,79063,0,2024-09-01,0,0,SKU017,131771,0
EC,504601,v1.0.0,71238,0,2024-09-01,296824,0,SKU017,118730,0
CV,174305,v1.0.0,59762,0,2024-09-01,49802,0,SKU017,99603,0
FS,100891,v1.0.0,60534,0,2024-09-01,0,0,SKU017,100891,0
MT,233708,v1.0.0,70112,0,2024-09-01,105168,0,SKU018,262921,0
GT,163702,v1.0.0,78577,0,2024-09-01,0,0,SKU018,130962,0
EC,569022,v1.0.0,80333,0,2024-09-01,334719,0,SKU018,133888,0
CV,229739,v1.0.0,78768,0,2024-09-01,65640,0,SKU018,131279,0
FS,112751,v1.0.0,67650,0,2024-09-01,0,0,SKU018,112751,0
MT,121705,v1.0.0,36512,0,2024-09-01,54767,0,SKU019,136918,0
GT,67129,v1.0.0,32222,0,2024-09-01,0,0,SKU019,53703,0
EC,186225,v1.0.0,26291,0,2024-09-01,109544,0,SKU019,43818,0
CV,93470,v1.0.0,32047,0,2024-09-01,26706,0,SKU019,53411,0
FS,63227,v1.0.0,37936,0,2024-09-01,0,0,SKU019,63227,0
MT,158511,v1.0.0,47553,0,2024-09-01,71330,0,SKU020,178325,0
GT,81230,v1.0.0,38990,0,2024-09-01,0,0,SKU020,64984,0
EC,294969,v1.0.0,41643,0,2024-09-01,173511,0,SKU020,69405,0
CV,130134,v1.0.0,44617,0,2024-09-01,37181,0,SKU020,74362,0
FS,65977,v1.0.0,39586,0,2024-09-01,0,0,SKU020,65977,0
MT,133700,v1.0.0,40110,0,2024-09-01,60165,0,SKU021,150412,0
GT,85312,v1.0.0,40950,0,2024-09-01,0,0,SKU021,68250,0
EC,341840,v1.0.0,48260,0,2024-09-01,201082,0,SKU021,80433,0
CV,142222,v1.0.0,48762,0,2024-09-01,40635,0,SKU021,81270,0
FS,79612,v1.0.0,47768,0,2024-09-01,0,0,SKU021,79612,0
MT,189434,v1.0.0,56830,0,2024-09-01,85245,0,SKU022,213113,0
GT,101424,v1.0.0,48684,0,2024-09-01,0,0,SKU022,81140,0
EC,350410,v1.0.0,49470,0,2024-09-01,206123,0,SKU022,82449,0
CV,169675,v1.0.0,58174,0,2024-09-01,48478,0,SKU022,96957,0
FS,104510,v1.0.0,62706,0,2024-09-01,0,0,SKU022,104510,0
MT,268928,v1.0.0,80678,0,2024-09-01,121018,0,SKU023,302544,0
GT,130260,v1.0.0,62525,0,2024-09-01,0,0,SKU023,104208,0
EC,496601,v1.0.0,70108,0,2024-09-01,292118,0,SKU023,116847,0
CV,170402,v1.0.0,58424,0,2024-09-01,48686,0,SKU023,97373,0
FS,110550,v1.0.0,66330,0,2024-09-01,0,0,SKU023,110550,0
MT,299698,v1.0.0,89909,0,2024-09-01,134864,0,SKU024,337160,0
GT,174793,v1.0.0,83901,0,2024-09-01,0,0,SKU024,139834,0
EC,513657,v1.0.0,72516,0,2024-09-01,302151,0,SKU024,120860,0
CV,218394,v1.0.0,74878,0,2024-09-01,62398,0,SKU024,124797,0
FS,113735,v1.0.0,68241,0,2024-09-01,0,0,SKU024,113735,0
MT,314348,v1.0.0,94304,0,2024-09-01,141457,0,SKU025,353641,0
GT,247162,v1.0.0,118638,0,2024-09-01,0,0,SKU025,197730,0
EC,629830,v1.0.0,88917,0,2024-09-01,370488,0,SKU025,148195,0
CV,208968,v1.0.0,71646,0,2024-09-01,59705,0,SKU025,119410,0
FS,173874,v1.0.0,104324,0,2024-09-01,0,0,SKU025,173874,0
MT,293854,v1.0.0,88156,0,2024-09-01,132234,0,SKU026,330585,0
GT,253805,v1.0.0,121826,0,2024-09-01,0,0,SKU026,203044,0
EC,675480,v1.0.0,95362,0,2024-09-01,397341,0,SKU026,158936,0
CV,286760,v1.0.0,98318,0,2024-09-01,81932,0,SKU026,163863,0
FS,194399,v1.0.0,116640,0,2024-09-01,0,0,SKU026,194399,0
MT,384827,v1.0.0,115448,0,2024-09-01,173172,0,SKU027,432930,0
GT,210795,v1.0.0,101182,0,2024-09-01,0,0,SKU027,168636,0
EC,655238,v1.0.0,92504,0,2024-09-01,385434,0,SKU027,154174,0
CV,293640,v1.0.0,100677,0,2024-09-01,83897,0,SKU027,167794,0
FS,197979,v1.0.0,118788,0,2024-09-01,0,0,SKU027,197979,0
MT,174650,v1.0.0,52395,0,2024-09-01,78593,0,SKU028,196482,0
GT,101790,v1.0.0,48859,0,2024-09-01,0,0,SKU028,81432,0
EC,237505,v1.0.0,33530,0,2024-09-01,139709,0,SKU028,55884,0
CV,152410,v1.0.0,52255,0,2024-09-01,43546,0,SKU028,87091,0
FS,69827,v1.0.0,41896,0,2024-09-01,0,0,SKU028,69827,0
MT,194648,v1.0.0,58394,0,2024-09-01,87592,0,SKU029,218979,0
GT,120010,v1.0.0,57605,0,2024-09-01,0,0,SKU029,96008,0
EC,384718,v1.0.0,54313,0,2024-09-01,226305,0,SKU029,90522,0
CV,182045,v1.0.0,62415,0,2024-09-01,52013,0,SKU029,104026,0
FS,88799,v1.0.0,53280,0,2024-09-01,0,0,SKU029,88799,0
MT,298915,v1.0.0,89674,0,2024-09-01,134512,0,SKU030,336279,0
GT,138328,v1.0.0,66398,0,2024-09-01,0,0,SKU030,110662,0
EC,412335,v1.0.0,58212,0,2024-09-01,242550,0,SKU030,97020,0
CV,185220,v1.0.0,63504,0,2024-09-01,52920,0,SKU030,105840,0
FS,135100,v1.0.0,81060,0,2024-09-01,0,0,SKU030,135100,0
MT,275441,v1.0.0,82632,0,2024-09-01,123949,0,SKU031,309871,0
GT,191734,v1.0.0,92032,0,2024-09-01,0,0,SKU031,153387,0
EC,587577,v1.0.0,82952,0,2024-09-01,345634,0,SKU031,138254,0
CV,229061,v1.0.0,78535,0,2024-09-01,65446,0,SKU031,130892,0
FS,160615,v1.0.0,96369,0,2024-09-01,0,0,SKU031,160615,0
MT,355718,v1.0.0,106716,0,2024-09-01,160073,0,SKU032,400183,0
GT,229320,v1.0.0,110074,0,2024-09-01,0,0,SKU032,183456,0
EC,630948,v1.0.0,89075,0,2024-09-01,371146,0,SKU032,148458,0
CV,338688,v1.0.0,116122,0,2024-09-01,96768,0,SKU032,193536,0
FS,174781,v1.0.0,104868,0,2024-09-01,0,0,SKU032,174781,0
MT,391913,v1.0.0,117574,0,2024-09-01,176361,0,SKU033,440902,0
GT,275169,v1.0.0,132081,0,2024-09-01,0,0,SKU033,220136,0
EC,669191,v1.0.0,94474,0,2024-09-01,393642,0,SKU033,157457,0
CV,340507,v1.0.0,116745,0,2024-09-01,97288,0,SKU033,194576,0
FS,204860,v1.0.0,122916,0,2024-09-01,0,0,SKU033,204860,0
MT,172817,v1.0.0,51845,0,2024-09-01,77768,0,SKU034,194419,0
GT,154001,v1.0.0,73921,0,2024-09-01,0,0,SKU034,123201,0
EC,473660,v1.0.0,66870,0,2024-09-01,278624,0,SKU034,111450,0
CV,152211,v1.0.0,52187,0,2024-09-01,43489,0,SKU034,86978,0
FS,100109,v1.0.0,60065,0,2024-09-01,0,0,SKU034,100109,0
MT,250019,v1.0.0,75006,0,2024-09-01,112509,0,SKU035,281271,0
GT,152283,v1.0.0,73096,0,2024-09-01,0,0,SKU035,121826,0
EC,465189,v1.0.0,65674,0,2024-09-01,273640,0,SKU035,109456,0
CV,198202,v1.0.0,67955,0,2024-09-01,56629,0,SKU035,113258,0
FS,131240,v1.0.0,78744,0,2024-09-01,0,0,SKU035,131240,0
MT,251280,v1.0.0,75384,0,2024-09-01,113076,0,SKU036,282690,0
GT,151369,v1.0.0,72657,0,2024-09-01,0,0,SKU036,121095,0
EC,603508,v1.0.0,85201,0,2024-09-01,355005,0,SKU036,142002,0
CV,203874,v1.0.0,69900,0,2024-09-01,58250,0,SKU036,116500,0
FS,121629,v1.0.0,72977,0,2024-09-01,0,0,SKU036,121629,0
MT,68760,v1.0.0,20628,0,2024-10-01,30942,0,SKU001,77355,0
GT,52211,v1.0.0,25061,0,2024-10-01,0,0,SKU001,41769,0
EC,183527,v1.0.0,25910,0,2024-10-01,107957,0,SKU001,43183,0
CV,73823,v1.0.0,25311,0,2024-10-01,21092,0,SKU001,42185,0
FS,50026,v1.0.0,30015,0,2024-10-01,0,0,SKU001,50026,0
MT,105948,v1.0.0,31784,0,2024-10-01,47676,0,SKU002,119191,0
GT,83326,v1.0.0,39996,0,2024-10-01,0,0,SKU002,66661,0
EC,245002,v1.0.0,34589,0,2024-10-01,144119,0,SKU002,57648,0
CV,72533,v1.0.0,24869,0,2024-10-01,20724,0,SKU002,41448,0
FS,56018,v1.0.0,33611,0,2024-10-01,0,0,SKU002,56018,0
MT,144205,v1.0.0,43262,0,2024-10-01,64892,0,SKU003,162231,0
GT,104812,v1.0.0,50310,0,2024-10-01,0,0,SKU003,83850,0
EC,243653,v1.0.0,34398,0,2024-10-01,143325,0,SKU003,57330,0
CV,84341,v1.0.0,28917,0,2024-10-01,24098,0,SKU003,48195,0
FS,70445,v1.0.0,42267,0,2024-10-01,0,0,SKU003,70445,0
MT,146974,v1.0.0,44092,0,2024-10-01,66139,0,SKU004,165346,0
GT,97951,v1.0.0,47016,0,2024-10-01,0,0,SKU004,78361,0
EC,356820,v1.0.0,50375,0,2024-10-01,209894,0,SKU004,83958,0
CV,173445,v1.0.0,59467,0,2024-10-01,49556,0,SKU004,99112,0
FS,85258,v1.0.0,51155,0,2024-10-01,0,0,SKU004,85258,0
MT,179693,v1.0.0,53908,0,2024-10-01,80862,0,SKU005,202154,0
GT,102180,v1.0.0,49046,0,2024-10-01,0,0,SKU005,81744,0
EC,355058,v1.0.0,50126,0,2024-10-01,208858,0,SKU005,83543,0
CV,150293,v1.0.0,51529,0,2024-10-01,42941,0,SKU005,85882,0
FS,98816,v1.0.0,59290,0,2024-10-01,0,0,SKU005,98816,0
MT,230537,v1.0.0,69161,0,2024-10-01,103742,0,SKU006,259354,0
GT,164409,v1.0.0,78916,0,2024-10-01,0,0,SKU006,131528,0
EC,359294,v1.0.0,50724,0,2024-10-01,211349,0,SKU006,84540,0
CV,194911,v1.0.0,66827,0,2024-10-01,55689,0,SKU006,111378,0
FS,95921,v1.0.0,57553,0,2024-10-01,0,0,SKU006,95921,0
MT,239858,v1.0.0,71957,0,2024-10-01,107936,0,SKU007,269840,0
GT,136890,v1.0.0,65707,0,2024-10-01,0,0,SKU007,109512,0
EC,567223,v1.0.0,80079,0,2024-10-01,333661,0,SKU007,133464,0
CV,228317,v1.0.0,78280,0,2024-10-01,65233,0,SKU007,130467,0
FS,136239,v1.0.0,81743,0,2024-10-01,0,0,SKU007,136239,0
MT,241902,v1.0.0,72570,0,2024-10-01,108856,0,SKU008,272139,0
GT,169894,v1.0.0,81549,0,2024-10-01,0,0,SKU008,135915,0
EC,563962,v1.0.0,79618,0,2024-10-01,331742,0,SKU008,132697,0
CV,257241,v1.0.0,88197,0,2024-10-01,73497,0,SKU008,146995,0
FS,133701,v1.0.0,80220,0,2024-10-01,0,0,SKU008,133701,0
MT,393613,v1.0.0,118084,0,2024-10-01,177126,0,SKU009,442814,0
GT,204068,v1.0.0,97952,0,2024-10-01,0,0,SKU009,163254,0
EC,813874,v1.0.0,114900,0,2024-10-01,478750,0,SKU009,191500,0
CV,272340,v1.0.0,93374,0,2024-10-01,77811,0,SKU009,155623,0
FS,154477,v1.0.0,92686,0,2024-10-01,0,0,SKU009,154477,0
MT,149209,v1.0.0,44763,0,2024-10-01,67144,0,SKU010,167860,0
GT,78975,v1.0.0,37908,0,2024-10-01,0,0,SKU010,63180,0
EC,279338,v1.0.0,39436,0,2024-10-01,164317,0,SKU010,65727,0
CV,132763,v1.0.0,45519,0,2024-10-01,37932,0,SKU010,75865,0
FS,81986,v1.0.0,49192,0,2024-10-01,0,0,SKU010,81986,0
MT,179043,v1.0.0,53713,0,2024-10-01,80570,0,SKU011,201424,0
GT,96428,v1.0.0,46285,0,2024-10-01,0,0,SKU011,77142,0
EC,328818,v1.0.0,46421,0,2024-10-01,193423,0,SKU011,77369,0
CV,126578,v1.0.0,43398,0,2024-10-01,36165,0,SKU011,72330,0
FS,85480,v1.0.0,51288,0,2024-10-01,0,0,SKU011,85480,0
MT,196730,v1.0.0,59019,0,2024-10-01,88528,0,SKU012,221321,0
GT,120047,v1.0.0,57622,0,2024-10-01,0,0,SKU012,96038,0
EC,316748,v1.0.0,44717,0,2024-10-01,186322,0,SKU012,74529,0
CV,176951,v1.0.0,60669,0,2024-10-01,50558,0,SKU012,101115,0
FS,106632,v1.0.0,63980,0,2024-10-01,0,0,SKU012,106632,0
MT,213385,v1.0.0,64016,0,2024-10-01,96023,0,SKU013,240058,0
GT,137548,v1.0.0,66023,0,2024-10-01,0,0,SKU013,110038,0
EC,549118,v1.0.0,77523,0,2024-10-01,323010,0,SKU013,129204,0
CV,189470,v1.0.0,64961,0,2024-10-01,54134,0,SKU013,108269,0
FS,118261,v1.0.0,70956,0,2024-10-01,0,0,SKU013,118261,0
MT,305600,v1.0.0,91680,0,2024-10-01,137520,0,SKU014,343800,0
GT,163800,v1.0.0,78624,0,2024-10-01,0,0,SKU014,131040,0
EC,554178,v1.0.0,78237,0,2024-10-01,325987,0,SKU014,130395,0
CV,208505,v1.0.0,71487,0,2024-10-01,59573,0,SKU014,119146,0
FS,131549,v1.0.0,78929,0,2024-10-01,0,0,SKU014,131549,0
MT,326820,v1.0.0,98046,0,2024-10-01,147069,0,SKU015,367673,0
GT,180850,v1.0.0,86808,0,2024-10-01,0,0,SKU015,144680,0
EC,561563,v1.0.0,79279,0,2024-10-01,330331,0,SKU015,132132,0
CV,284147,v1.0.0,97422,0,2024-10-01,81185,0,SKU015,162370,0
FS,191842,v1.0.0,115105,0,2024-10-01,0,0,SKU015,191842,0
MT,403736,v1.0.0,121121,0,2024-10-01,181681,0,SKU016,454203,0
GT,237656,v1.0.0,114075,0,2024-10-01,0,0,SKU016,190125,0
EC,502899,v1.0.0,70997,0,2024-10-01,295823,0,SKU016,118329,0
CV,379238,v1.0.0,130024,0,2024-10-01,108354,0,SKU016,216707,0
FS,202476,v1.0.0,121486,0,2024-10-01,0,0,SKU016,202476,0
MT,245148,v1.0.0,73545,0,2024-10-01,110317,0,SKU017,275792,0
GT,121205,v1.0.0,58178,0,2024-10-01,0,0,SKU017,96964,0
EC,436513,v1.0.0,61625,0,2024-10-01,256772,0,SKU017,102709,0
CV,186956,v1.0.0,64099,0,2024-10-01,53416,0,SKU017,106832,0
FS,94329,v1.0.0,56597,0,2024-10-01,0,0,SKU017,94329,0
MT,240736,v1.0.0,72221,0,2024-10-01,108331,0,SKU018,270828,0
GT,161460,v1.0.0,77501,0,2024-10-01,0,0,SKU018,129168,0
EC,444872,v1.0.0,62805,0,2024-10-01,261689,0,SKU018,104676,0
CV,222132,v1.0.0,76159,0,2024-10-01,63466,0,SKU018,126932,0
FS,129619,v1.0.0,77771,0,2024-10-01,0,0,SKU018,129619,0
MT,96264,v1.0.0,28879,0,2024-10-01,43319,0,SKU019,108297,0
GT,63619,v1.0.0,30537,0,2024-10-01,0,0,SKU019,50895,0
EC,176779,v1.0.0,24957,0,2024-10-01,103988,0,SKU019,41595,0
CV,93470,v1.0.0,32047,0,2024-10-01,26706,0,SKU019,53411,0
FS,45509,v1.0.0,27306,0,2024-10-01,0,0,SKU019,45509,0
MT,133872,v1.0.0,40162,0,2024-10-01,60242,0,SKU020,150606,0
GT,83850,v1.0.0,40248,0,2024-10-01,0,0,SKU020,67080,0
EC,264344,v1.0.0,37319,0,2024-10-01,155497,0,SKU020,62199,0
CV,91022,v1.0.0,31208,0,2024-10-01,26006,0,SKU020,52013,0
FS,64732,v1.0.0,38839,0,2024-10-01,0,0,SKU020,64732,0
MT,151845,v1.0.0,45554,0,2024-10-01,68330,0,SKU021,170826,0
GT,80438,v1.0.0,38610,0,2024-10-01,0,0,SKU021,64350,0
EC,266144,v1.0.0,37573,0,2024-10-01,156555,0,SKU021,62622,0
CV,127339,v1.0.0,43659,0,2024-10-01,36382,0,SKU021,72765,0
FS,79612,v1.0.0,47768,0,2024-10-01,0,0,SKU021,79612,0
MT,181813,v1.0.0,54544,0,2024-10-01,81816,0,SKU022,204539,0
GT,91004,v1.0.0,43682,0,2024-10-01,0,0,SKU022,72803,0
EC,326907,v1.0.0,46152,0,2024-10-01,192298,0,SKU022,76919,0
CV,115944,v1.0.0,39752,0,2024-10-01,33127,0,SKU022,66254,0
FS,71506,v1.0.0,42904,0,2024-10-01,0,0,SKU022,71506,0
MT,184582,v1.0.0,55375,0,2024-10-01,83062,0,SKU023,207655,0
GT,135720,v1.0.0,65146,0,2024-10-01,0,0,SKU023,108576,0
EC,417433,v1.0.0,58932,0,2024-10-01,245549,0,SKU023,98220,0
CV,202154,v1.0.0,69310,0,2024-10-01,57758,0,SKU023,115517,0
FS,100051,v1.0.0,60031,0,2024-10-01,0,0,SKU023,100051,0
MT,267152,v1.0.0,80146,0,2024-10-01,120218,0,SKU024,300546,0
GT,164409,v1.0.0,78916,0,2024-10-01,0,0,SKU024,131528,0
EC,550917,v1.0.0,77777,0,2024-10-01,324069,0,SKU024,129628,0
CV,218394,v1.0.0,74878,0,2024-10-01,62398,0,SKU024,124797,0
FS,121272,v1.0.0,72763,0,2024-10-01,0,0,SKU024,121272,0
MT,278593,v1.0.0,83578,0,2024-10-01,125367,0,SKU025,313417,0
GT,147347,v1.0.0,70726,0,2024-10-01,0,0,SKU025,117878,0
EC,511670,v1.0.0,72236,0,2024-10-01,300982,0,SKU025,120393,0
CV,224447,v1.0.0,76953,0,2024-10-01,64128,0,SKU025,128255,0
FS,158820,v1.0.0,95292,0,2024-10-01,0,0,SKU025,158820,0
MT,323076,v1.0.0,96923,0,2024-10-01,145384,0,SKU026,363461,0
GT,171966,v1.0.0,82544,0,2024-10-01,0,0,SKU026,137572,0
EC,691411,v1.0.0,97611,0,2024-10-01,406712,0,SKU026,162685,0
CV,271298,v1.0.0,93016,0,2024-10-01,77514,0,SKU026,155027,0
FS,165690,v1.0.0,99414,0,2024-10-01,0,0,SKU026,165690,0
MT,353197,v1.0.0,105959,0,2024-10-01,158939,0,SKU027,397347,0
GT,213038,v1.0.0,102258,0,2024-10-01,0,0,SKU027,170430,0
EC,706967,v1.0.0,99807,0,2024-10-01,415863,0,SKU027,166345,0
CV,266254,v1.0.0,91287,0,2024-10-01,76072,0,SKU027,152145,0
FS,197092,v1.0.0,118255,0,2024-10-01,0,0,SKU027,197092,0
MT,173275,v1.0.0,51983,0,2024-10-01,77974,0,SKU028,194935,0
GT,86872,v1.0.0,41699,0,2024-10-01,0,0,SKU028,69498,0
EC,219962,v1.0.0,31053,0,2024-10-01,129389,0,SKU028,51756,0
CV,106568,v1.0.0,36537,0,2024-10-01,30448,0,SKU028,60896,0
FS,76428,v1.0.0,45857,0,2024-10-01,0,0,SKU028,76428,0
MT,174937,v1.0.0,52481,0,2024-10-01,78722,0,SKU029,196804,0
GT,122107,v1.0.0,58611,0,2024-10-01,0,0,SKU029,97685,0
EC,340101,v1.0.0,48014,0,2024-10-01,200060,0,SKU029,80024,0
CV,145067,v1.0.0,49737,0,2024-10-01,41448,0,SKU029,82895,0
FS,96268,v1.0.0,57761,0,2024-10-01,0,0,SKU029,96268,0
MT,212010,v1.0.0,63603,0,2024-10-01,95404,0,SKU030,238511,0
GT,140766,v1.0.0,67568,0,2024-10-01,0,0,SKU030,112612,0
EC,337365,v1.0.0,47628,0,2024-10-01,198450,0,SKU030,79380,0
CV,187701,v1.0.0,64354,0,2024-10-01,53629,0,SKU030,107258,0
FS,107598,v1.0.0,64558,0,2024-10-01,0,0,SKU030,107598,0
MT,274352,v1.0.0,82306,0,2024-10-01,123459,0,SKU031,308646,0
GT,214658,v1.0.0,103036,0,2024-10-01,0,0,SKU031,171727,0
EC,549118,v1.0.0,77523,0,2024-10-01,323010,0,SKU031,129204,0
CV,245086,v1.0.0,84029,0,2024-10-01,70024,0,SKU031,140049,0
FS,122661,v1.0.0,73597,0,2024-10-01,0,0,SKU031,122661,0
MT,294598,v1.0.0,88380,0,2024-10-01,132569,0,SKU032,331423,0
GT,166920,v1.0.0,80122,0,2024-10-01,0,0,SKU032,133536,0
EC,566173,v1.0.0,79930,0,2024-10-01,333043,0,SKU032,133217,0
CV,232848,v1.0.0,79834,0,2024-10-01,66528,0,SKU032,133056,0
FS,150077,v1.0.0,90046,0,2024-10-01,0,0,SKU032,150077,0
MT,295630,v1.0.0,88689,0,2024-10-01,133033,0,SKU033,332584,0
GT,209406,v1.0.0,100515,0,2024-10-01,0,0,SKU033,167524,0
EC,673343,v1.0.0,95060,0,2024-10-01,396084,0,SKU033,158434,0
CV,352249,v1.0.0,120771,0,2024-10-01,100642,0,SKU033,201285,0
FS,143196,v1.0.0,85918,0,2024-10-01,0,0,SKU033,143196,0
MT,163878,v1.0.0,49163,0,2024-10-01,73745,0,SKU034,184363,0
GT,119779,v1.0.0,57494,0,2024-10-01,0,0,SKU034,95823,0
EC,295307,v1.0.0,41690,0,2024-10-01,173710,0,SKU034,69484,0
CV,153501,v1.0.0,52629,0,2024-10-01,43857,0,SKU034,87715,0
FS,97098,v1.0.0,58259,0,2024-10-01,0,0,SKU034,97098,0
MT,211055,v1.0.0,63316,0,2024-10-01,94975,0,SKU035,237437,0
GT,111881,v1.0.0,53703,0,2024-10-01,0,0,SKU035,89505,0
EC,379161,v1.0.0,53529,0,2024-10-01,223036,0,SKU035,89214,0
CV,195391,v1.0.0,66991,0,2024-10-01,55826,0,SKU035,111652,0
FS,100891,v1.0.0,60534,0,2024-10-01,0,0,SKU035,100891,0
MT,277638,v1.0.0,83291,0,2024-10-01,124937,0,SKU036,312342,0
GT,159218,v1.0.0,76424,0,2024-10-01,0,0,SKU036,127374,0
EC,586265,v1.0.0,82767,0,2024-10-01,344862,0,SKU036,137945,0
CV,194746,v1.0.0,66770,0,2024-10-01,55642,0,SKU036,111283,0
FS,108312,v1.0.0,64987,0,2024-10-01,0,0,SKU036,108312,0
MT,109328,v1.0.0,32799,0,2024-11-01,49198,0,SKU001,122994,0
GT,55721,v1.0.0,26746,0,2024-11-01,0,0,SKU001,44577,0
EC,197021,v1.0.0,27815,0,2024-11-01,115895,0,SKU001,46358,0
CV,74419,v1.0.0,25515,0,2024-11-01,21262,0,SKU001,42525,0
FS,62185,v1.0.0,37311,0,2024-11-01,0,0,SKU001,62185,0
MT,151940,v1.0.0,45582,0,2024-11-01,68373,0,SKU002,170933,0
GT,73369,v1.0.0,35217,0,2024-11-01,0,0,SKU002,58695,0
EC,241778,v1.0.0,34133,0,2024-11-01,142222,0,SKU002,56889,0
CV,114489,v1.0.0,39253,0,2024-11-01,32711,0,SKU002,65422,0
FS,64317,v1.0.0,38590,0,2024-11-01,0,0,SKU002,64317,0
MT,180495,v1.0.0,54148,0,2024-11-01,81223,0,SKU003,203057,0
GT,101156,v1.0.0,48555,0,2024-11-01,0,0,SKU003,80925,0
EC,311126,v1.0.0,43924,0,2024-11-01,183015,0,SKU003,73206,0
CV,134781,v1.0.0,46210,0,2024-11-01,38509,0,SKU003,77018,0
FS,73340,v1.0.0,44004,0,2024-11-01,0,0,SKU003,73340,0
MT,215563,v1.0.0,64669,0,2024-11-01,97003,0,SKU004,242508,0
GT,131296,v1.0.0,63022,0,2024-11-01,0,0,SKU004,105037,0
EC,395279,v1.0.0,55804,0,2024-11-01,232517,0,SKU004,93007,0
CV,178159,v1.0.0,61083,0,2024-11-01,50902,0,SKU004,101805,0
FS,90758,v1.0.0,54455,0,2024-11-01,0,0,SKU004,90758,0
MT,228589,v1.0.0,68577,0,2024-11-01,102865,0,SKU005,257162,0
GT,143520,v1.0.0,68890,0,2024-11-01,0,0,SKU005,114816,0
EC,371851,v1.0.0,52497,0,2024-11-01,218736,0,SKU005,87494,0
CV,197921,v1.0.0,67859,0,2024-11-01,56549,0,SKU005,113098,0
FS,108698,v1.0.0,65219,0,2024-11-01,0,0,SKU005,108698,0
MT,264440,v1.0.0,79332,0,2024-11-01,118998,0,SKU006,297494,0
GT,173062,v1.0.0,83070,0,2024-11-01,0,0,SKU006,138450,0
EC,561563,v1.0.0,79279,0,2024-11-01,330331,0,SKU006,132132,0
CV,260664,v1.0.0,89371,0,2024-11-01,74475,0,SKU006,148951,0
FS,128808,v1.0.0,77285,0,2024-11-01,0,0,SKU006,128808,0
MT,299450,v1.0.0,89835,0,2024-11-01,134752,0,SKU007,336881,0
GT,176816,v1.0.0,84872,0,2024-11-01,0,0,SKU007,141453,0
EC,599385,v1.0.0,84619,0,2024-11-01,352580,0,SKU007,141032,0
CV,228317,v1.0.0,78280,0,2024-11-01,65233,0,SKU007,130467,0
FS,176132,v1.0.0,105679,0,2024-11-01,0,0,SKU007,176132,0
MT,379899,v1.0.0,113970,0,2024-11-01,170955,0,SKU008,427386,0
GT,212367,v1.0.0,101936,0,2024-11-01,0,0,SKU008,169894,0
EC,669107,v1.0.0,94462,0,2024-11-01,393592,0,SKU008,157437,0
CV,295194,v1.0.0,101210,0,2024-11-01,84341,0,SKU008,168682,0
FS,175534,v1.0.0,105320,0,2024-11-01,0,0,SKU008,175534,0
MT,361983,v1.0.0,108595,0,2024-11-01,162892,0,SKU009,407231,0
GT,223129,v1.0.0,107102,0,2024-11-01,0,0,SKU009,178503,0
EC,700070,v1.0.0,98833,0,2024-11-01,411806,0,SKU009,164722,0
CV,334719,v1.0.0,114761,0,2024-11-01,95634,0,SKU009,191268,0
FS,148263,v1.0.0,88958,0,2024-11-01,0,0,SKU009,148263,0
MT,169150,v1.0.0,50745,0,2024-11-01,76117,0,SKU010,190293,0
GT,98280,v1.0.0,47174,0,2024-11-01,0,0,SKU010,78624,0
EC,334666,v1.0.0,47247,0,2024-11-01,196862,0,SKU010,78745,0
CV,148838,v1.0.0,51030,0,2024-11-01,42525,0,SKU010,85050,0
FS,83376,v1.0.0,50026,0,2024-11-01,0,0,SKU010,83376,0
MT,186435,v1.0.0,55931,0,2024-11-01,83896,0,SKU011,209740,0
GT,102192,v1.0.0,49052,0,2024-11-01,0,0,SKU011,81754,0
EC,340101,v1.0.0,48014,0,2024-11-01,200060,0,SKU011,80024,0
CV,165689,v1.0.0,56808,0,2024-11-01,47340,0,SKU011,94680,0
FS,105397,v1.0.0,63238,0,2024-11-01,0,0,SKU011,105397,0
MT,240660,v1.0.0,72198,0,2024-11-01,108297,0,SKU012,270742,0
GT,128578,v1.0.0,61718,0,2024-11-01,0,0,SKU012,102862,0
EC,522916,v1.0.0,73823,0,2024-11-01,307598,0,SKU012,123039,0
CV,228218,v1.0.0,78246,0,2024-11-01,65205,0,SKU012,130410,0
FS,130275,v1.0.0,78165,0,2024-11-01,0,0,SKU012,130275,0
MT,332054,v1.0.0,99616,0,2024-11-01,149424,0,SKU013,373560,0
GT,219521,v1.0.0,105370,0,2024-11-01,0,0,SKU013,175617,0
EC,572621,v1.0.0,80841,0,2024-11-01,336836,0,SKU013,134734,0
CV,289390,v1.0.0,99219,0,2024-11-01,82683,0,SKU013,165366,0
FS,138613,v1.0.0,83168,0,2024-11-01,0,0,SKU013,138613,0
MT,330048,v1.0.0,99014,0,2024-11-01,148522,0,SKU014,371304,0
GT,213720,v1.0.0,102586,0,2024-11-01,0,0,SKU014,170976,0
EC,671731,v1.0.0,94833,0,2024-11-01,395136,0,SKU014,158054,0
CV,262483,v1.0.0,89994,0,2024-11-01,74995,0,SKU014,149990,0
FS,150077,v1.0.0,90046,0,2024-11-01,0,0,SKU014,150077,0
MT,385132,v1.0.0,115540,0,2024-11-01,173310,0,SKU015,433274,0
GT,257863,v1.0.0,123774,0,2024-11-01,0,0,SKU015,206290,0
EC,697296,v1.0.0,98442,0,2024-11-01,410174,0,SKU015,164070,0
CV,378080,v1.0.0,129628,0,2024-11-01,108023,0,SKU015,216046,0
FS,182935,v1.0.0,109761,0,2024-11-01,0,0,SKU015,182935,0
MT,475246,v1.0.0,142574,0,2024-11-01,213861,0,SKU016,534652,0
GT,270928,v1.0.0,130046,0,2024-11-01,0,0,SKU016,216742,0
EC,1002874,v1.0.0,141582,0,2024-11-01,589926,0,SKU016,235970,0
CV,294103,v1.0.0,100835,0,2024-11-01,84029,0,SKU016,168059,0
FS,243875,v1.0.0,146325,0,2024-11-01,0,0,SKU016,243875,0
MT,227290,v1.0.0,68187,0,2024-11-01,102280,0,SKU017,255701,0
GT,109809,v1.0.0,52708,0,2024-11-01,0,0,SKU017,87848,0
EC,433327,v1.0.0,61176,0,2024-11-01,254898,0,SKU017,101959,0
CV,202419,v1.0.0,69401,0,2024-11-01,57834,0,SKU017,115668,0
FS,112374,v1.0.0,67425,0,2024-11-01,0,0,SKU017,112374,0
MT,307510,v1.0.0,92253,0,2024-11-01,138380,0,SKU018,345949,0
GT,171551,v1.0.0,82345,0,2024-11-01,0,0,SKU018,137241,0
EC,589714,v1.0.0,83254,0,2024-11-01,346891,0,SKU018,138756,0
CV,234303,v1.0.0,80333,0,2024-11-01,66944,0,SKU018,133888,0
FS,154477,v1.0.0,92686,0,2024-11-01,0,0,SKU018,154477,0
MT,93514,v1.0.0,28054,0,2024-11-01,42081,0,SKU019,105203,0
GT,64935,v1.0.0,31169,0,2024-11-01,0,0,SKU019,51948,0
EC,228059,v1.0.0,32197,0,2024-11-01,134152,0,SKU019,53661,0
CV,91089,v1.0.0,31230,0,2024-11-01,26025,0,SKU019,52051,0
FS,64616,v1.0.0,38770,0,2024-11-01,0,0,SKU019,64616,0
MT,160154,v1.0.0,48046,0,2024-11-01,72069,0,SKU020,180173,0
GT,80182,v1.0.0,38487,0,2024-11-01,0,0,SKU020,64145,0
EC,272403,v1.0.0,38457,0,2024-11-01,160237,0,SKU020,64095,0
CV,150045,v1.0.0,51444,0,2024-11-01,42870,0,SKU020,85740,0
FS,81330,v1.0.0,48798,0,2024-11-01,0,0,SKU020,81330,0
MT,169990,v1.0.0,50997,0,2024-11-01,76496,0,SKU021,191239,0
GT,106031,v1.0.0,50895,0,2024-11-01,0,0,SKU021,84825,0
EC,309251,v1.0.0,43659,0,2024-11-01,181912,0,SKU021,72765,0
CV,125685,v1.0.0,43092,0,2024-11-01,35910,0,SKU021,71820,0
FS,70928,v1.0.0,42556,0,2024-11-01,0,0,SKU021,70928,0
MT,173103,v1.0.0,51931,0,2024-11-01,77896,0,SKU022,194741,0
GT,128517,v1.0.0,61688,0,2024-11-01,0,0,SKU022,102814,0
EC,373913,v1.0.0,52788,0,2024-11-01,219949,0,SKU022,87980,0
CV,197011,v1.0.0,67547,0,2024-11-01,56289,0,SKU022,112578,0
FS,88558,v1.0.0,53135,0,2024-11-01,0,0,SKU022,88558,0
MT,272595,v1.0.0,81779,0,2024-11-01,122668,0,SKU023,306670,0
GT,159900,v1.0.0,76752,0,2024-11-01,0,0,SKU023,127920,0
EC,542183,v1.0.0,76543,0,2024-11-01,318931,0,SKU023,127572,0
CV,221206,v1.0.0,75842,0,2024-11-01,63202,0,SKU023,126403,0
FS,113638,v1.0.0,68183,0,2024-11-01,0,0,SKU023,113638,0
MT,263083,v1.0.0,78925,0,2024-11-01,118388,0,SKU024,295969,0
GT,190369,v1.0.0,91377,0,2024-11-01,0,0,SKU024,152295,0
EC,471074,v1.0.0,66505,0,2024-11-01,277102,0,SKU024,110841,0
CV,212523,v1.0.0,72865,0,2024-11-01,60721,0,SKU024,121442,0
FS,147992,v1.0.0,88795,0,2024-11-01,0,0,SKU024,147992,0
MT,278593,v1.0.0,83578,0,2024-11-01,125367,0,SKU025,313417,0
GT,220545,v1.0.0,105862,0,2024-11-01,0,0,SKU025,176436,0
EC,494127,v1.0.0,69759,0,2024-11-01,290663,0,SKU025,116265,0
CV,265725,v1.0.0,91106,0,2024-11-01,75921,0,SKU025,151843,0
FS,133228,v1.0.0,79937,0,2024-11-01,0,0,SKU025,133228,0
MT,415616,v1.0.0,124685,0,2024-11-01,187027,0,SKU026,467568,0
GT,210295,v1.0.0,100942,0,2024-11-01,0,0,SKU026,168236,0
EC,844350,v1.0.0,119202,0,2024-11-01,496676,0,SKU026,198670,0
CV,350016,v1.0.0,120006,0,2024-11-01,100005,0,SKU026,200009,0
FS,175534,v1.0.0,105320,0,2024-11-01,0,0,SKU026,175534,0
MT,374284,v1.0.0,112285,0,2024-11-01,168428,0,SKU027,421069,0
GT,242190,v1.0.0,116251,0,2024-11-01,0,0,SKU027,193752,0
EC,938025,v1.0.0,132427,0,2024-11-01,551779,0,SKU027,220712,0
CV,359062,v1.0.0,123107,0,2024-11-01,102589,0,SKU027,205178,0
FS,197979,v1.0.0,118788,0,2024-11-01,0,0,SKU027,197979,0
MT,165712,v1.0.0,49713,0,2024-11-01,74570,0,SKU028,186426,0
GT,101790,v1.0.0,48859,0,2024-11-01,0,0,SKU028,81432,0
EC,342763,v1.0.0,48390,0,2024-11-01,201625,0,SKU028,80650,0
CV,142884,v1.0.0,48989,0,2024-11-01,40824,0,SKU028,81648,0
FS,75733,v1.0.0,45440,0,2024-11-01,0,0,SKU028,75733,0
MT,149477,v1.0.0,44843,0,2024-11-01,67264,0,SKU029,168161,0
GT,125775,v1.0.0,60372,0,2024-11-01,0,0,SKU029,100620,0
EC,364279,v1.0.0,51428,0,2024-11-01,214282,0,SKU029,85713,0
CV,137245,v1.0.0,47055,0,2024-11-01,39213,0,SKU029,78426,0
FS,103323,v1.0.0,61994,0,2024-11-01,0,0,SKU029,103323,0
MT,231110,v1.0.0,69333,0,2024-11-01,103999,0,SKU030,259999,0
GT,141375,v1.0.0,67860,0,2024-11-01,0,0,SKU030,113100,0
EC,446072,v1.0.0,62975,0,2024-11-01,262395,0,SKU030,104958,0
CV,256331,v1.0.0,87885,0,2024-11-01,73238,0,SKU030,146475,0
FS,107598,v1.0.0,64558,0,2024-11-01,0,0,SKU030,107598,0
MT,301570,v1.0.0,90471,0,2024-11-01,135706,0,SKU031,339266,0
GT,171588,v1.0.0,82362,0,2024-11-01,0,0,SKU031,137270,0
EC,534161,v1.0.0,75411,0,2024-11-01,314212,0,SKU031,125685,0
CV,301644,v1.0.0,103421,0,2024-11-01,86184,0,SKU031,172368,0
FS,152364,v1.0.0,91418,0,2024-11-01,0,0,SKU031,152364,0
MT,301933,v1.0.0,90580,0,2024-11-01,135870,0,SKU032,339674,0
GT,205920,v1.0.0,98842,0,2024-11-01,0,0,SKU032,164736,0
EC,570972,v1.0.0,80608,0,2024-11-01,335866,0,SKU032,134346,0
CV,274126,v1.0.0,93986,0,2024-11-01,78322,0,SKU032,156643,0
FS,145754,v1.0.0,87452,0,2024-11-01,0,0,SKU032,145754,0
MT,389201,v1.0.0,116760,0,2024-11-01,175140,0,SKU033,437851,0
GT,226712,v1.0.0,108822,0,2024-11-01,0,0,SKU033,181370,0
EC,758509,v1.0.0,107084,0,2024-11-01,446182,0,SKU033,178473,0
CV,359294,v1.0.0,123186,0,2024-11-01,102655,0,SKU033,205311,0
FS,213767,v1.0.0,128260,0,2024-11-01,0,0,SKU033,213767,0
MT,219001,v1.0.0,65700,0,2024-11-01,98550,0,SKU034,246376,0
GT,140692,v1.0.0,67532,0,2024-11-01,0,0,SKU034,112554,0
EC,345012,v1.0.0,48708,0,2024-11-01,202948,0,SKU034,81179,0
CV,167690,v1.0.0,57494,0,2024-11-01,47912,0,SKU034,95823,0
FS,97098,v1.0.0,58259,0,2024-11-01,0,0,SKU034,97098,0
MT,214302,v1.0.0,64291,0,2024-11-01,96436,0,SKU035,241090,0
GT,169894,v1.0.0,81549,0,2024-11-01,0,0,SKU035,135915,0
EC,433327,v1.0.0,61176,0,2024-11-01,254898,0,SKU035,101959,0
CV,233344,v1.0.0,80004,0,2024-11-01,66670,0,SKU035,133340,0
FS,120577,v1.0.0,72346,0,2024-11-01,0,0,SKU035,120577,0
MT,282909,v1.0.0,84873,0,2024-11-01,127309,0,SKU036,318273,0
GT,216401,v1.0.0,103873,0,2024-11-01,0,0,SKU036,173121,0
EC,479358,v1.0.0,67674,0,2024-11-01,281975,0,SKU036,112790,0
CV,246475,v1.0.0,84506,0,2024-11-01,70421,0,SKU036,140843,0
FS,152702,v1.0.0,91621,0,2024-11-01,0,0,SKU036,152702,0
MT,134770,v1.0.0,40431,0,2024-12-01,60646,0,SKU001,151616,0
GT,63180,v1.0.0,30326,0,2024-12-01,0,0,SKU001,50544,0
EC,172731,v1.0.0,24386,0,2024-12-01,101606,0,SKU001,40643,0
CV,85135,v1.0.0,29189,0,2024-12-01,24324,0,SKU001,48649,0
FS,51415,v1.0.0,30849,0,2024-12-01,0,0,SKU001,51415,0
MT,155226,v1.0.0,46568,0,2024-12-01,69852,0,SKU002,174629,0
GT,95379,v1.0.0,45782,0,2024-12-01,0,0,SKU002,76304,0
EC,220824,v1.0.0,31175,0,2024-12-01,129897,0,SKU002,51959,0
CV,117334,v1.0.0,40229,0,2024-12-01,33524,0,SKU002,67048,0
FS,57678,v1.0.0,34607,0,2024-12-01,0,0,SKU002,57678,0
MT,213920,v1.0.0,64176,0,2024-12-01,96264,0,SKU003,240660,0
GT,110297,v1.0.0,52942,0,2024-12-01,0,0,SKU003,88238,0
EC,314874,v1.0.0,44453,0,2024-12-01,185220,0,SKU003,74088,0
CV,156279,v1.0.0,53582,0,2024-12-01,44651,0,SKU003,89302,0
FS,64172,v1.0.0,38504,0,2024-12-01,0,0,SKU003,64172,0
MT,195966,v1.0.0,58790,0,2024-12-01,88185,0,SKU004,220462,0
GT,120876,v1.0.0,58020,0,2024-12-01,0,0,SKU004,96700,0
EC,408099,v1.0.0,57614,0,2024-12-01,240058,0,SKU004,96023,0
CV,190413,v1.0.0,65284,0,2024-12-01,54404,0,SKU004,108807,0
FS,97909,v1.0.0,58745,0,2024-12-01,0,0,SKU004,97909,0
MT,229811,v1.0.0,68943,0,2024-12-01,103415,0,SKU005,258538,0
GT,133380,v1.0.0,64022,0,2024-12-01,0,0,SKU005,106704,0
EC,525390,v1.0.0,74173,0,2024-12-01,309053,0,SKU005,123621,0
CV,170402,v1.0.0,58424,0,2024-12-01,48686,0,SKU005,97373,0
FS,109315,v1.0.0,65589,0,2024-12-01,0,0,SKU005,109315,0
MT,268508,v1.0.0,80552,0,2024-12-01,120829,0,SKU006,302071,0
GT,151430,v1.0.0,72686,0,2024-12-01,0,0,SKU006,121144,0
EC,505673,v1.0.0,71389,0,2024-12-01,297454,0,SKU006,118982,0
CV,226613,v1.0.0,77696,0,2024-12-01,64747,0,SKU006,129493,0
FS,140456,v1.0.0,84273,0,2024-12-01,0,0,SKU006,140456,0
MT,305409,v1.0.0,91623,0,2024-12-01,137434,0,SKU007,343585,0
GT,201532,v1.0.0,96736,0,2024-12-01,0,0,SKU007,161226,0
EC,728034,v1.0.0,102781,0,2024-12-01,428255,0,SKU007,171302,0
CV,283784,v1.0.0,97297,0,2024-12-01,81081,0,SKU007,162162,0
FS,133228,v1.0.0,79937,0,2024-12-01,0,0,SKU007,133228,0
MT,287360,v1.0.0,86208,0,2024-12-01,129312,0,SKU008,323279,0
GT,218583,v1.0.0,104920,0,2024-12-01,0,0,SKU008,174866,0
EC,809301,v1.0.0,114254,0,2024-12-01,476060,0,SKU008,190424,0
CV,267081,v1.0.0,91570,0,2024-12-01,76309,0,SKU008,152618,0
FS,199321,v1.0.0,119592,0,2024-12-01,0,0,SKU008,199321,0
MT,391856,v1.0.0,117557,0,2024-12-01,176335,0,SKU009,440838,0
GT,259009,v1.0.0,124324,0,2024-12-01,0,0,SKU009,207207,0
EC,803528,v1.0.0,113439,0,2024-12-01,472664,0,SKU009,189066,0
CV,363627,v1.0.0,124672,0,2024-12-01,103893,0,SKU009,207787,0
FS,188214,v1.0.0,112928,0,2024-12-01,0,0,SKU009,188214,0
MT,180151,v1.0.0,54045,0,2024-12-01,81068,0,SKU010,202670,0
GT,109688,v1.0.0,52650,0,2024-12-01,0,0,SKU010,87750,0
EC,349510,v1.0.0,49343,0,2024-12-01,205594,0,SKU010,82238,0
CV,139907,v1.0.0,47968,0,2024-12-01,39974,0,SKU010,79947,0
FS,82681,v1.0.0,49609,0,2024-12-01,0,0,SKU010,82681,0
MT,193006,v1.0.0,57902,0,2024-12-01,86852,0,SKU011,217131,0
GT,104812,v1.0.0,50310,0,2024-12-01,0,0,SKU011,83850,0
EC,315924,v1.0.0,44601,0,2024-12-01,185837,0,SKU011,74335,0
CV,173511,v1.0.0,59490,0,2024-12-01,49575,0,SKU011,99149,0
FS,107057,v1.0.0,64234,0,2024-12-01,0,0,SKU011,107057,0
MT,242570,v1.0.0,72771,0,2024-12-01,109156,0,SKU012,272891,0
GT,140766,v1.0.0,67568,0,2024-12-01,0,0,SKU012,112612,0
EC,483557,v1.0.0,68267,0,2024-12-01,284445,0,SKU012,113778,0
CV,212507,v1.0.0,72860,0,2024-12-01,60716,0,SKU012,121432,0
FS,113388,v1.0.0,68032,0,2024-12-01,0,0,SKU012,113388,0
MT,276530,v1.0.0,82959,0,2024-12-01,124438,0,SKU013,311096,0
GT,207712,v1.0.0,99702,0,2024-12-01,0,0,SKU013,166169,0
EC,681590,v1.0.0,96224,0,2024-12-01,400935,0,SKU013,160374,0
CV,279021,v1.0.0,95664,0,2024-12-01,79720,0,SKU013,159440,0
FS,165565,v1.0.0,99339,0,2024-12-01,0,0,SKU013,165565,0
MT,363053,v1.0.0,108916,0,2024-12-01,163374,0,SKU014,408434,0
GT,202800,v1.0.0,97344,0,2024-12-01,0,0,SKU014,162240,0
EC,626149,v1.0.0,88398,0,2024-12-01,368323,0,SKU014,147329,0
CV,311170,v1.0.0,106687,0,2024-12-01,88906,0,SKU014,177811,0
FS,127843,v1.0.0,76706,0,2024-12-01,0,0,SKU014,127843,0
MT,465142,v1.0.0,139543,0,2024-12-01,209314,0,SKU015,523285,0
GT,277765,v1.0.0,133327,0,2024-12-01,0,0,SKU015,222212,0
EC,817061,v1.0.0,115350,0,2024-12-01,480624,0,SKU015,192250,0
CV,319372,v1.0.0,109499,0,2024-12-01,91249,0,SKU015,182498,0
FS,207600,v1.0.0,124560,0,2024-12-01,0,0,SKU015,207600,0
MT,464818,v1.0.0,139445,0,2024-12-01,209168,0,SKU016,522920,0
GT,292792,v1.0.0,140540,0,2024-12-01,0,0,SKU016,234234,0
EC,1011645,v1.0.0,142820,0,2024-12-01,595085,0,SKU016,238034,0
CV,361179,v1.0.0,123833,0,2024-12-01,103194,0,SKU016,206388,0
FS,234842,v1.0.0,140905,0,2024-12-01,0,0,SKU016,234842,0
MT,227290,v1.0.0,68187,0,2024-12-01,102280,0,SKU017,255701,0
GT,165750,v1.0.0,79560,0,2024-12-01,0,0,SKU017,132600,0
EC,481120,v1.0.0,67923,0,2024-12-01,283012,0,SKU017,113205,0
CV,165871,v1.0.0,56870,0,2024-12-01,47392,0,SKU017,94784,0
FS,114835,v1.0.0,68901,0,2024-12-01,0,0,SKU017,114835,0
MT,233708,v1.0.0,70112,0,2024-12-01,105168,0,SKU018,262921,0
GT,164824,v1.0.0,79115,0,2024-12-01,0,0,SKU018,131859,0
EC,524190,v1.0.0,74003,0,2024-12-01,308347,0,SKU018,123339,0
CV,196267,v1.0.0,67292,0,2024-12-01,56076,0,SKU018,112153,0
FS,124292,v1.0.0,74575,0,2024-12-01,0,0,SKU018,124292,0
MT,100390,v1.0.0,30117,0,2024-12-01,45175,0,SKU019,112938,0
GT,66690,v1.0.0,32011,0,2024-12-01,0,0,SKU019,53352,0
EC,224010,v1.0.0,31625,0,2024-12-01,131771,0,SKU019,52708,0
CV,94661,v1.0.0,32455,0,2024-12-01,27046,0,SKU019,54092,0
FS,54542,v1.0.0,32725,0,2024-12-01,0,0,SKU019,54542,0
MT,120731,v1.0.0,36219,0,2024-12-01,54329,0,SKU020,135823,0
GT,101668,v1.0.0,48801,0,2024-12-01,0,0,SKU020,81334,0
EC,307864,v1.0.0,43463,0,2024-12-01,181097,0,SKU020,72439,0
CV,117334,v1.0.0,40229,0,2024-12-01,33524,0,SKU020,67048,0
FS,56433,v1.0.0,33860,0,2024-12-01,0,0,SKU020,56433,0
MT,196730,v1.0.0,59019,0,2024-12-01,88528,0,SKU021,221321,0
GT,121266,v1.0.0,58208,0,2024-12-01,0,0,SKU021,97012,0
EC,361730,v1.0.0,51068,0,2024-12-01,212782,0,SKU021,85113,0
CV,161241,v1.0.0,55282,0,2024-12-01,46069,0,SKU021,92138,0
FS,101808,v1.0.0,61084,0,2024-12-01,0,0,SKU021,101808,0
MT,216651,v1.0.0,64995,0,2024-12-01,97493,0,SKU022,243733,0
GT,127822,v1.0.0,61355,0,2024-12-01,0,0,SKU022,102258,0
EC,423056,v1.0.0,59726,0,2024-12-01,248856,0,SKU022,99543,0
CV,166847,v1.0.0,57205,0,2024-12-01,47671,0,SKU022,95341,0
FS,93508,v1.0.0,56105,0,2024-12-01,0,0,SKU022,93508,0
MT,220032,v1.0.0,66010,0,2024-12-01,99014,0,SKU023,247536,0
GT,163020,v1.0.0,78250,0,2024-12-01,0,0,SKU023,130416,0
EC,448620,v1.0.0,63335,0,2024-12-01,263894,0,SKU023,105558,0
CV,220147,v1.0.0,75479,0,2024-12-01,62899,0,SKU023,125798,0
FS,114256,v1.0.0,68554,0,2024-12-01,0,0,SKU023,114256,0
MT,267152,v1.0.0,80146,0,2024-12-01,120218,0,SKU024,300546,0
GT,166140,v1.0.0,79747,0,2024-12-01,0,0,SKU024,132912,0
EC,553578,v1.0.0,78152,0,2024-12-01,325634,0,SKU024,130254,0
CV,206653,v1.0.0,70852,0,2024-12-01,59044,0,SKU024,118087,0
FS,157584,v1.0.0,94551,0,2024-12-01,0,0,SKU024,157584,0
MT,300940,v1.0.0,90282,0,2024-12-01,135423,0,SKU025,338557,0
GT,235755,v1.0.0,113162,0,2024-12-01,0,0,SKU025,188604,0
EC,552604,v1.0.0,78015,0,2024-12-01,325061,0,SKU025,130024,0
CV,309582,v1.0.0,106142,0,2024-12-01,88452,0,SKU025,176904,0
FS,112905,v1.0.0,67743,0,2024-12-01,0,0,SKU025,112905,0
MT,378276,v1.0.0,113483,0,2024-12-01,170224,0,SKU026,425560,0
GT,205116,v1.0.0,98456,0,2024-12-01,0,0,SKU026,164092,0
EC,818860,v1.0.0,115604,0,2024-12-01,481682,0,SKU026,192673,0
CV,307846,v1.0.0,105547,0,2024-12-01,87956,0,SKU026,175912,0
FS,171432,v1.0.0,102859,0,2024-12-01,0,0,SKU026,171432,0
MT,393613,v1.0.0,118084,0,2024-12-01,177126,0,SKU027,442814,0
GT,264615,v1.0.0,127015,0,2024-12-01,0,0,SKU027,211692,0
EC,782837,v1.0.0,110518,0,2024-12-01,460492,0,SKU027,184197,0
CV,363627,v1.0.0,124672,0,2024-12-01,103893,0,SKU027,207787,0
FS,257462,v1.0.0,154477,0,2024-12-01,0,0,SKU027,257462,0
MT,164336,v1.0.0,49301,0,2024-12-01,73951,0,SKU028,184878,0
GT,103984,v1.0.0,49912,0,2024-12-01,0,0,SKU028,83187,0
EC,353559,v1.0.0,49914,0,2024-12-01,207976,0,SKU028,83190,0
CV,127405,v1.0.0,43682,0,2024-12-01,36401,0,SKU028,72803,0
FS,74691,v1.0.0,44815,0,2024-12-01,0,0,SKU028,74691,0
MT,173294,v1.0.0,51988,0,2024-12-01,77982,0,SKU029,194956,0
GT,140973,v1.0.0,67667,0,2024-12-01,0,0,SKU029,112778,0
EC,352996,v1.0.0,49835,0,2024-12-01,207645,0,SKU029,83058,0
CV,181334,v1.0.0,62172,0,2024-12-01,51810,0,SKU029,103619,0
FS,87140,v1.0.0,52284,0,2024-12-01,0,0,SKU029,87140,0
MT,298915,v1.0.0,89674,0,2024-12-01,134512,0,SKU030,336279,0
GT,145031,v1.0.0,69615,0,2024-12-01,0,0,SKU030,116025,0
EC,485431,v1.0.0,68531,0,2024-12-01,285548,0,SKU030,114219,0
CV,211680,v1.0.0,72576,0,2024-12-01,60480,0,SKU030,120960,0
FS,117730,v1.0.0,70638,0,2024-12-01,0,0,SKU030,117730,0
MT,261288,v1.0.0,78386,0,2024-12-01,117580,0,SKU031,293949,0
GT,207017,v1.0.0,99368,0,2024-12-01,0,0,SKU031,165614,0
EC,551254,v1.0.0,77824,0,2024-12-01,324267,0,SKU031,129707,0
CV,252627,v1.0.0,86615,0,2024-12-01,72179,0,SKU031,144358,0
FS,133662,v1.0.0,80197,0,2024-12-01,0,0,SKU031,133662,0
MT,343494,v1.0.0,103048,0,2024-12-01,154572,0,SKU032,386431,0
GT,215280,v1.0.0,103334,0,2024-12-01,0,0,SKU032,172224,0
EC,681327,v1.0.0,96187,0,2024-12-01,400781,0,SKU032,160312,0
CV,383141,v1.0.0,131363,0,2024-12-01,109469,0,SKU032,218938,0
FS,167370,v1.0.0,100422,0,2024-12-01,0,0,SKU032,167370,0
MT,402762,v1.0.0,120829,0,2024-12-01,181243,0,SKU033,453107,0
GT,264786,v1.0.0,127097,0,2024-12-01,0,0,SKU033,211828,0
EC,819722,v1.0.0,115725,0,2024-12-01,482189,0,SKU033,192876,0
CV,379255,v1.0.0,130030,0,2024-12-01,108358,0,SKU033,216717,0
FS,219933,v1.0.0,131960,0,2024-12-01,0,0,SKU033,219933,0
MT,174307,v1.0.0,52292,0,2024-12-01,78438,0,SKU034,196095,0
GT,139742,v1.0.0,67076,0,2024-12-01,0,0,SKU034,111794,0
EC,412260,v1.0.0,58201,0,2024-12-01,242506,0,SKU034,97002,0
CV,174140,v1.0.0,59705,0,2024-12-01,49754,0,SKU034,99508,0
FS,86560,v1.0.0,51936,0,2024-12-01,0,0,SKU034,86560,0
MT,272748,v1.0.0,81824,0,2024-12-01,122737,0,SKU035,306842,0
GT,149175,v1.0.0,71604,0,2024-12-01,0,0,SKU035,119340,0
EC,471561,v1.0.0,66573,0,2024-12-01,277389,0,SKU035,110956,0
CV,191174,v1.0.0,65545,0,2024-12-01,54621,0,SKU035,109242,0
FS,138622,v1.0.0,83173,0,2024-12-01,0,0,SKU035,138622,0
MT,288181,v1.0.0,86454,0,2024-12-01,129681,0,SKU036,324203,0
GT,217522,v1.0.0,104411,0,2024-12-01,0,0,SKU036,174018,0
EC,589714,v1.0.0,83254,0,2024-12-01,346891,0,SKU036,138756,0
CV,273861,v1.0.0,93895,0,2024-12-01,78246,0,SKU036,156492,0
FS,152702,v1.0.0,91621,0,2024-12-01,0,0,SKU036,152702,0
MT,103140,v1.0.0,30942,0,2025-01-01,46413,0,SKU001,116032,0
GT,58792,v1.0.0,28220,0,2025-01-01,0,0,SKU001,47034,0
EC,167333,v1.0.0,23623,0,2025-01-01,98431,0,SKU001,39372,0
CV,76800,v1.0.0,26331,0,2025-01-01,21943,0,SKU001,43886,0
FS,46204,v1.0.0,27723,0,2025-01-01,0,0,SKU001,46204,0
MT,132229,v1.0.0,39669,0,2025-01-01,59503,0,SKU002,148758,0
GT,85422,v1.0.0,41003,0,2025-01-01,0,0,SKU002,68338,0
EC,191811,v1.0.0,27079,0,2025-01-01,112830,0,SKU002,45132,0
CV,96000,v1.0.0,32914,0,2025-01-01,27429,0,SKU002,54857,0
FS,56848,v1.0.0,34109,0,2025-01-01,0,0,SKU002,56848,0
MT,167125,v1.0.0,50138,0,2025-01-01,75206,0,SKU003,188016,0
GT,112734,v1.0.0,54112,0,2025-01-01,0,0,SKU003,90188,0
EC,260521,v1.0.0,36779,0,2025-01-01,153248,0,SKU003,61299,0
CV,126512,v1.0.0,43376,0,2025-01-01,36146,0,SKU003,72292,0
FS,68515,v1.0.0,41109,0,2025-01-01,0,0,SKU003,68515,0
MT,131733,v1.0.0,39520,0,2025-01-01,59280,0,SKU004,148199,0
GT,106982,v1.0.0,51351,0,2025-01-01,0,0,SKU004,85586,0
EC,335453,v1.0.0,47358,0,2025-01-01,197325,0,SKU004,78930,0
CV,144224,v1.0.0,49448,0,2025-01-01,41207,0,SKU004,82413,0
FS,94059,v1.0.0,56435,0,2025-01-01,0,0,SKU004,94059,0
MT,179693,v1.0.0,53908,0,2025-01-01,80862,0,SKU005,202154,0
GT,123240,v1.0.0,59155,0,2025-01-01,0,0,SKU005,98592,0
EC,388644,v1.0.0,54867,0,2025-01-01,228614,0,SKU005,91446,0
CV,229673,v1.0.0,78745,0,2025-01-01,65621,0,SKU005,131242,0
FS,107462,v1.0.0,64477,0,2025-01-01,0,0,SKU005,107462,0
MT,245454,v1.0.0,73636,0,2025-01-01,110454,0,SKU006,276136,0
GT,147968,v1.0.0,71025,0,2025-01-01,0,0,SKU006,118375,0
EC,457767,v1.0.0,64626,0,2025-01-01,269275,0,SKU006,107710,0
CV,189040,v1.0.0,64814,0,2025-01-01,54011,0,SKU006,108023,0
FS,115790,v1.0.0,69474,0,2025-01-01,0,0,SKU006,115790,0
MT,305409,v1.0.0,91623,0,2025-01-01,137434,0,SKU007,343585,0
GT,131186,v1.0.0,62969,0,2025-01-01,0,0,SKU007,104949,0
EC,499975,v1.0.0,70585,0,2025-01-01,294103,0,SKU007,117641,0
CV,245086,v1.0.0,84029,0,2025-01-01,70024,0,SKU007,140049,0
FS,106883,v1.0.0,64130,0,2025-01-01,0,0,SKU007,106883,0
MT,287360,v1.0.0,86208,0,2025-01-01,129312,0,SKU008,323279,0
GT,164714,v1.0.0,79063,0,2025-01-01,0,0,SKU008,131771,0
EC,713714,v1.0.0,100760,0,2025-01-01,419832,0,SKU008,167933,0
CV,286760,v1.0.0,98318,0,2025-01-01,81932,0,SKU008,163863,0
FS,171432,v1.0.0,102859,0,2025-01-01,0,0,SKU008,171432,0
MT,312782,v1.0.0,93834,0,2025-01-01,140752,0,SKU009,351879,0
GT,218644,v1.0.0,104949,0,2025-01-01,0,0,SKU009,174915,0
EC,679378,v1.0.0,95912,0,2025-01-01,399634,0,SKU009,159854,0
CV,339283,v1.0.0,116326,0,2025-01-01,96938,0,SKU009,193876,0
FS,158028,v1.0.0,94817,0,2025-01-01,0,0,SKU009,158028,0
MT,177401,v1.0.0,53220,0,2025-01-01,79830,0,SKU010,199576,0
GT,81608,v1.0.0,39172,0,2025-01-01,0,0,SKU010,65286,0
EC,307677,v1.0.0,43437,0,2025-01-01,180986,0,SKU010,72395,0
CV,124428,v1.0.0,42661,0,2025-01-01,35551,0,SKU010,71102,0
FS,77470,v1.0.0,46482,0,2025-01-01,0,0,SKU010,77470,0
MT,220108,v1.0.0,66033,0,2025-01-01,99049,0,SKU011,247622,0
GT,96428,v1.0.0,46285,0,2025-01-01,0,0,SKU011,77142,0
EC,336878,v1.0.0,47559,0,2025-01-01,198163,0,SKU011,79265,0
CV,160711,v1.0.0,55101,0,2025-01-01,45918,0,SKU011,91835,0
FS,82575,v1.0.0,49545,0,2025-01-01,0,0,SKU011,82575,0
MT,231110,v1.0.0,69333,0,2025-01-01,103999,0,SKU012,259999,0
GT,152953,v1.0.0,73418,0,2025-01-01,0,0,SKU012,122362,0
EC,451694,v1.0.0,63769,0,2025-01-01,265702,0,SKU012,106281,0
CV,173644,v1.0.0,59535,0,2025-01-01,49612,0,SKU012,99225,0
FS,102772,v1.0.0,61664,0,2025-01-01,0,0,SKU012,102772,0
MT,262377,v1.0.0,78713,0,2025-01-01,118070,0,SKU013,295174,0
GT,184787,v1.0.0,88698,0,2025-01-01,0,0,SKU013,147830,0
EC,583304,v1.0.0,82349,0,2025-01-01,343120,0,SKU013,137248,0
CV,207380,v1.0.0,71102,0,2025-01-01,59252,0,SKU013,118503,0
FS,128712,v1.0.0,77227,0,2025-01-01,0,0,SKU013,128712,0
MT,277485,v1.0.0,83245,0,2025-01-01,124868,0,SKU014,312170,0
GT,214500,v1.0.0,102960,0,2025-01-01,0,0,SKU014,171600,0
EC,657337,v1.0.0,92801,0,2025-01-01,386669,0,SKU014,154668,0
CV,244490,v1.0.0,83825,0,2025-01-01,69854,0,SKU014,139709,0
FS,164899,v1.0.0,98940,0,2025-01-01,0,0,SKU014,164899,0
MT,363435,v1.0.0,109030,0,2025-01-01,163546,0,SKU015,408864,0
GT,213732,v1.0.0,102591,0,2025-01-01,0,0,SKU015,170986,0
EC,641406,v1.0.0,90551,0,2025-01-01,377298,0,SKU015,150919,0
CV,258316,v1.0.0,88565,0,2025-01-01,73804,0,SKU015,147609,0
FS,164436,v1.0.0,98662,0,2025-01-01,0,0,SKU015,164436,0
MT,384368,v1.0.0,115311,0,2025-01-01,172966,0,SKU016,432414,0
GT,248113,v1.0.0,119094,0,2025-01-01,0,0,SKU016,198490,0
EC,768967,v1.0.0,108560,0,2025-01-01,452334,0,SKU016,180933,0
CV,232187,v1.0.0,79607,0,2025-01-01,66339,0,SKU016,132678,0
FS,168605,v1.0.0,101163,0,2025-01-01,0,0,SKU016,168605,0
MT,241902,v1.0.0,72570,0,2025-01-01,108856,0,SKU017,272139,0
GT,131564,v1.0.0,63151,0,2025-01-01,0,0,SKU017,105251,0
EC,404651,v1.0.0,57127,0,2025-01-01,238030,0,SKU017,95212,0
CV,172900,v1.0.0,59280,0,2025-01-01,49400,0,SKU017,98800,0
FS,82845,v1.0.0,49707,0,2025-01-01,0,0,SKU017,82845,0
MT,202078,v1.0.0,60623,0,2025-01-01,90935,0,SKU018,227338,0
GT,150248,v1.0.0,72119,0,2025-01-01,0,0,SKU018,120198,0
EC,427629,v1.0.0,60371,0,2025-01-01,251546,0,SKU018,100619,0
CV,193224,v1.0.0,66248,0,2025-01-01,55207,0,SKU018,110414,0
FS,137609,v1.0.0,82565,0,2025-01-01,0,0,SKU018,137609,0
MT,117580,v1.0.0,35274,0,2025-01-01,52911,0,SKU019,132277,0
GT,56160,v1.0.0,26957,0,2025-01-01,0,0,SKU019,44928,0
EC,197021,v1.0.0,27815,0,2025-01-01,115895,0,SKU019,46358,0
CV,82158,v1.0.0,28169,0,2025-01-01,23474,0,SKU019,46948,0
FS,48289,v1.0.0,28973,0,2025-01-01,0,0,SKU019,48289,0
MT,105126,v1.0.0,31538,0,2025-01-01,47307,0,SKU020,118267,0
GT,83326,v1.0.0,39996,0,2025-01-01,0,0,SKU020,66661,0
EC,254673,v1.0.0,35954,0,2025-01-01,149808,0,SKU020,59923,0
CV,83911,v1.0.0,28770,0,2025-01-01,23975,0,SKU020,47949,0
FS,60583,v1.0.0,36350,0,2025-01-01,0,0,SKU020,60583,0
MT,161395,v1.0.0,48418,0,2025-01-01,72628,0,SKU021,181569,0
GT,95672,v1.0.0,45922,0,2025-01-01,0,0,SKU021,76538,0
EC,223036,v1.0.0,31487,0,2025-01-01,131198,0,SKU021,52479,0
CV,145530,v1.0.0,49896,0,2025-01-01,41580,0,SKU021,83160,0
FS,84920,v1.0.0,50952,0,2025-01-01,0,0,SKU021,84920,0
MT,194877,v1.0.0,58463,0,2025-01-01,87695,0,SKU022,219237,0
GT,111150,v1.0.0,53352,0,2025-01-01,0,0,SKU022,88920,0
EC,335453,v1.0.0,47358,0,2025-01-01,197325,0,SKU022,78930,0
CV,140453,v1.0.0,48155,0,2025-01-01,40129,0,SKU022,80259,0
FS,90208,v1.0.0,54125,0,2025-01-01,0,0,SKU022,90208,0
MT,199251,v1.0.0,59775,0,2025-01-01,89663,0,SKU023,224158,0
GT,123240,v1.0.0,59155,0,2025-01-01,0,0,SKU023,98592,0
EC,443822,v1.0.0,62657,0,2025-01-01,261072,0,SKU023,104429,0
CV,223322,v1.0.0,76568,0,2025-01-01,63806,0,SKU023,127613,0
FS,122285,v1.0.0,73371,0,2025-01-01,0,0,SKU023,122285,0
MT,254947,v1.0.0,76484,0,2025-01-01,114726,0,SKU024,286815,0
GT,161813,v1.0.0,77670,0,2025-01-01,0,0,SKU024,129451,0
EC,463090,v1.0.0,65377,0,2025-01-01,272406,0,SKU024,108962,0
CV,205478,v1.0.0,70450,0,2025-01-01,58708,0,SKU024,117416,0
FS,126753,v1.0.0,76052,0,2025-01-01,0,0,SKU024,126753,0
MT,306899,v1.0.0,92070,0,2025-01-01,138104,0,SKU025,345261,0
GT,172063,v1.0.0,82590,0,2025-01-01,0,0,SKU025,137650,0
EC,575995,v1.0.0,81317,0,2025-01-01,338820,0,SKU025,135528,0
CV,212838,v1.0.0,72973,0,2025-01-01,60811,0,SKU025,121622,0
FS,127206,v1.0.0,76324,0,2025-01-01,0,0,SKU025,127206,0
MT,353923,v1.0.0,106177,0,2025-01-01,159265,0,SKU026,398163,0
GT,180253,v1.0.0,86522,0,2025-01-01,0,0,SKU026,144202,0
EC,570334,v1.0.0,80518,0,2025-01-01,335491,0,SKU026,134196,0
CV,264269,v1.0.0,90607,0,2025-01-01,75506,0,SKU026,151011,0
FS,168151,v1.0.0,100891,0,2025-01-01,0,0,SKU026,168151,0
MT,335625,v1.0.0,100688,0,2025-01-01,151031,0,SKU027,377578,0
GT,177158,v1.0.0,85036,0,2025-01-01,0,0,SKU027,141726,0
EC,637995,v1.0.0,90070,0,2025-01-01,375291,0,SKU027,150116,0
CV,343848,v1.0.0,117891,0,2025-01-01,98242,0,SKU027,196484,0
FS,180223,v1.0.0,108134,0,2025-01-01,0,0,SKU027,180223,0
MT,126518,v1.0.0,37956,0,2025-01-01,56933,0,SKU028,142333,0
GT,97402,v1.0.0,46753,0,2025-01-01,0,0,SKU028,77922,0
EC,318473,v1.0.0,44961,0,2025-01-01,187337,0,SKU028,74935,0
CV,119665,v1.0.0,41028,0,2025-01-01,34190,0,SKU028,68380,0
FS,90671,v1.0.0,54403,0,2025-01-01,0,0,SKU028,90671,0
MT,213538,v1.0.0,64061,0,2025-01-01,96092,0,SKU029,240230,0
GT,103764,v1.0.0,49807,0,2025-01-01,0,0,SKU029,83012,0
EC,388457,v1.0.0,54841,0,2025-01-01,228504,0,SKU029,91402,0
CV,162845,v1.0.0,55832,0,2025-01-01,46527,0,SKU029,93054,0
FS,79670,v1.0.0,47802,0,2025-01-01,0,0,SKU029,79670,0
MT,208190,v1.0.0,62457,0,2025-01-01,93686,0,SKU030,234214,0
GT,136500,v1.0.0,65520,0,2025-01-01,0,0,SKU030,109200,0
EC,511670,v1.0.0,72236,0,2025-01-01,300982,0,SKU030,120393,0
CV,177778,v1.0.0,60952,0,2025-01-01,50794,0,SKU030,101588,0
FS,125450,v1.0.0,75270,0,2025-01-01,0,0,SKU030,125450,0
MT,218829,v1.0.0,65649,0,2025-01-01,98473,0,SKU031,246182,0
GT,169504,v1.0.0,81362,0,2025-01-01,0,0,SKU031,135603,0
EC,636720,v1.0.0,89890,0,2025-01-01,374541,0,SKU031,149817,0
CV,202667,v1.0.0,69486,0,2025-01-01,57905,0,SKU031,115810,0
FS,111110,v1.0.0,66666,0,2025-01-01,0,0,SKU031,111110,0
MT,312934,v1.0.0,93880,0,2025-01-01,140820,0,SKU032,352051,0
GT,197340,v1.0.0,94723,0,2025-01-01,0,0,SKU032,157872,0
EC,393443,v1.0.0,55545,0,2025-01-01,231437,0,SKU032,92575,0
CV,206388,v1.0.0,70762,0,2025-01-01,58968,0,SKU032,117936,0
FS,145754,v1.0.0,87452,0,2025-01-01,0,0,SKU032,145754,0
MT,339025,v1.0.0,101708,0,2025-01-01,152561,0,SKU033,381403,0
GT,212867,v1.0.0,102176,0,2025-01-01,0,0,SKU033,170294,0
EC,753186,v1.0.0,106332,0,2025-01-01,443051,0,SKU033,177220,0
CV,267709,v1.0.0,91786,0,2025-01-01,76488,0,SKU033,152977,0
FS,170602,v1.0.0,102361,0,2025-01-01,0,0,SKU033,170602,0
MT,165368,v1.0.0,49610,0,2025-01-01,74416,0,SKU034,186039,0
GT,85556,v1.0.0,41067,0,2025-01-01,0,0,SKU034,68445,0
EC,362555,v1.0.0,51184,0,2025-01-01,213268,0,SKU034,85307,0
CV,197359,v1.0.0,67666,0,2025-01-01,56388,0,SKU034,112776,0
FS,93335,v1.0.0,56001,0,2025-01-01,0,0,SKU034,93335,0
MT,186702,v1.0.0,56011,0,2025-01-01,84016,0,SKU035,210040,0
GT,127420,v1.0.0,61162,0,2025-01-01,0,0,SKU035,101936,0
EC,305878,v1.0.0,43183,0,2025-01-01,179928,0,SKU035,71971,0
CV,127918,v1.0.0,43857,0,2025-01-01,36548,0,SKU035,73096,0
FS,79564,v1.0.0,47739,0,2025-01-01,0,0,SKU035,79564,0
MT,261823,v1.0.0,78547,0,2025-01-01,117820,0,SKU036,294551,0
GT,152490,v1.0.0,73195,0,2025-01-01,0,0,SKU036,121992,0
EC,534536,v1.0.0,75464,0,2025-01-01,314433,0,SKU036,125773,0
CV,171924,v1.0.0,58945,0,2025-01-01,49121,0,SKU036,98242,0
FS,142936,v1.0.0,85761,0,2025-01-01,0,0,SKU036,142936,0
MT,92138,v1.0.0,27642,0,2025-02-01,41462,0,SKU001,103656,0
GT,64058,v1.0.0,30748,0,2025-02-01,0,0,SKU001,51246,0
EC,180828,v1.0.0,25529,0,2025-02-01,106369,0,SKU001,42548,0
CV,75014,v1.0.0,25719,0,2025-02-01,21433,0,SKU001,42865,0
FS,41688,v1.0.0,25013,0,2025-02-01,0,0,SKU001,41688,0
MT,164260,v1.0.0,49278,0,2025-02-01,73917,0,SKU002,184792,0
GT,58695,v1.0.0,28174,0,2025-02-01,0,0,SKU002,46956,0
EC,259509,v1.0.0,36637,0,2025-02-01,152652,0,SKU002,61061,0
CV,91022,v1.0.0,31208,0,2025-02-01,26006,0,SKU002,52013,0
FS,63072,v1.0.0,37843,0,2025-02-01,0,0,SKU002,63072,0
MT,150890,v1.0.0,45267,0,2025-02-01,67900,0,SKU003,169751,0
GT,108469,v1.0.0,52065,0,2025-02-01,0,0,SKU003,86775,0
EC,279263,v1.0.0,39425,0,2025-02-01,164272,0,SKU003,65709,0
CV,147184,v1.0.0,50463,0,2025-02-01,42052,0,SKU003,84105,0
FS,81542,v1.0.0,48926,0,2025-02-01,0,0,SKU003,81542,0
MT,168748,v1.0.0,50625,0,2025-02-01,75937,0,SKU004,189842,0
GT,94478,v1.0.0,45349,0,2025-02-01,0,0,SKU004,75582,0
EC,365366,v1.0.0,51581,0,2025-02-01,214921,0,SKU004,85969,0
CV,167789,v1.0.0,57528,0,2025-02-01,47940,0,SKU004,95880,0
FS,69856,v1.0.0,41914,0,2025-02-01,0,0,SKU004,69856,0
MT,185805,v1.0.0,55741,0,2025-02-01,83612,0,SKU005,209030,0
GT,120120,v1.0.0,57658,0,2025-02-01,0,0,SKU005,96096,0
EC,355058,v1.0.0,50126,0,2025-02-01,208858,0,SKU005,83543,0
CV,169344,v1.0.0,58061,0,2025-02-01,48384,0,SKU005,96768,0
FS,100669,v1.0.0,60401,0,2025-02-01,0,0,SKU005,100669,0
MT,208839,v1.0.0,62652,0,2025-02-01,93978,0,SKU006,234944,0
GT,152295,v1.0.0,73102,0,2025-02-01,0,0,SKU006,121836,0
EC,447121,v1.0.0,63123,0,2025-02-01,263012,0,SKU006,105205,0
CV,231310,v1.0.0,79306,0,2025-02-01,66089,0,SKU006,132177,0
FS,96606,v1.0.0,57964,0,2025-02-01,0,0,SKU006,96606,0
MT,257735,v1.0.0,77321,0,2025-02-01,115981,0,SKU007,289952,0
GT,192026,v1.0.0,92173,0,2025-02-01,0,0,SKU007,153621,0
EC,482432,v1.0.0,68108,0,2025-02-01,283784,0,SKU007,113513,0
CV,246376,v1.0.0,84472,0,2025-02-01,70393,0,SKU007,140786,0
FS,131722,v1.0.0,79034,0,2025-02-01,0,0,SKU007,131722,0
MT,329570,v1.0.0,98871,0,2025-02-01,148307,0,SKU008,370767,0
GT,195792,v1.0.0,93980,0,2025-02-01,0,0,SKU008,156634,0
EC,697783,v1.0.0,98511,0,2025-02-01,410461,0,SKU008,164184,0
CV,281138,v1.0.0,96390,0,2025-02-01,80325,0,SKU008,160650,0
FS,128779,v1.0.0,77268,0,2025-02-01,0,0,SKU008,128779,0
MT,409428,v1.0.0,122828,0,2025-02-01,184242,0,SKU009,460606,0
GT,225371,v1.0.0,108178,0,2025-02-01,0,0,SKU009,180297,0
EC,586265,v1.0.0,82767,0,2025-02-01,344862,0,SKU009,137945,0
CV,214524,v1.0.0,73551,0,2025-02-01,61293,0,SKU009,122585,0
FS,211296,v1.0.0,126778,0,2025-02-01,0,0,SKU009,211296,0
MT,149209,v1.0.0,44763,0,2025-02-01,67144,0,SKU010,167860,0
GT,101351,v1.0.0,48649,0,2025-02-01,0,0,SKU010,81081,0
EC,323870,v1.0.0,45723,0,2025-02-01,190512,0,SKU010,76205,0
CV,125619,v1.0.0,43069,0,2025-02-01,35891,0,SKU010,71782,0
FS,67048,v1.0.0,40229,0,2025-02-01,0,0,SKU010,67048,0
MT,179043,v1.0.0,53713,0,2025-02-01,80570,0,SKU011,201424,0
GT,109005,v1.0.0,52322,0,2025-02-01,0,0,SKU011,87204,0
EC,280463,v1.0.0,39595,0,2025-02-01,164978,0,SKU011,65991,0
CV,141511,v1.0.0,48518,0,2025-02-01,40432,0,SKU011,80864,0
FS,104567,v1.0.0,62740,0,2025-02-01,0,0,SKU011,104567,0
MT,219650,v1.0.0,65895,0,2025-02-01,98842,0,SKU012,247106,0
GT,126141,v1.0.0,60548,0,2025-02-01,0,0,SKU012,100912,0
EC,380473,v1.0.0,53714,0,2025-02-01,223808,0,SKU012,89523,0
CV,178605,v1.0.0,61236,0,2025-02-01,51030,0,SKU012,102060,0
FS,121108,v1.0.0,72664,0,2025-02-01,0,0,SKU012,121108,0
MT,256933,v1.0.0,77080,0,2025-02-01,115620,0,SKU013,289050,0
GT,179229,v1.0.0,86030,0,2025-02-01,0,0,SKU013,143384,0
EC,542708,v1.0.0,76618,0,2025-02-01,319240,0,SKU013,127696,0
CV,228118,v1.0.0,78212,0,2025-02-01,65177,0,SKU013,130353,0
FS,95709,v1.0.0,57425,0,2025-02-01,0,0,SKU013,95709,0
MT,311712,v1.0.0,93514,0,2025-02-01,140270,0,SKU014,350676,0
GT,151320,v1.0.0,72634,0,2025-02-01,0,0,SKU014,121056,0
EC,683726,v1.0.0,96526,0,2025-02-01,402192,0,SKU014,160877,0
CV,195804,v1.0.0,67133,0,2025-02-01,55944,0,SKU014,111888,0
FS,133402,v1.0.0,80041,0,2025-02-01,0,0,SKU014,133402,0
MT,376996,v1.0.0,113099,0,2025-02-01,169648,0,SKU015,424120,0
GT,205944,v1.0.0,98853,0,2025-02-01,0,0,SKU015,164756,0
EC,737217,v1.0.0,104078,0,2025-02-01,433657,0,SKU015,173463,0
CV,246574,v1.0.0,84540,0,2025-02-01,70450,0,SKU015,140900,0
FS,159640,v1.0.0,95784,0,2025-02-01,0,0,SKU015,159640,0
MT,330736,v1.0.0,99221,0,2025-02-01,148831,0,SKU016,372078,0
GT,203434,v1.0.0,97648,0,2025-02-01,0,0,SKU016,162747,0
EC,707567,v1.0.0,99892,0,2025-02-01,416216,0,SKU016,166486,0
CV,334091,v1.0.0,114545,0,2025-02-01,95454,0,SKU016,190909,0
FS,203229,v1.0.0,121937,0,2025-02-01,0,0,SKU016,203229,0
MT,246772,v1.0.0,74032,0,2025-02-01,111047,0,SKU017,277618,0
GT,98414,v1.0.0,47239,0,2025-02-01,0,0,SKU017,78731,0
EC,420582,v1.0.0,59376,0,2025-02-01,247401,0,SKU017,98960,0
CV,179928,v1.0.0,61690,0,2025-02-01,51408,0,SKU017,102816,0
FS,112374,v1.0.0,67425,0,2025-02-01,0,0,SKU017,112374,0
MT,279395,v1.0.0,83818,0,2025-02-01,125728,0,SKU018,314319,0
GT,169309,v1.0.0,81268,0,2025-02-01,0,0,SKU018,135447,0
EC,500050,v1.0.0,70595,0,2025-02-01,294147,0,SKU018,117659,0
CV,258647,v1.0.0,88679,0,2025-02-01,73899,0,SKU018,147798,0
FS,138497,v1.0.0,83098,0,2025-02-01,0,0,SKU018,138497,0
MT,98327,v1.0.0,29498,0,2025-02-01,44247,0,SKU019,110618,0
GT,68006,v1.0.0,32643,0,2025-02-01,0,0,SKU019,54405,0
EC,182177,v1.0.0,25719,0,2025-02-01,107163,0,SKU019,42865,0
CV,100019,v1.0.0,34292,0,2025-02-01,28577,0,SKU019,57154,0
FS,52805,v1.0.0,31683,0,2025-02-01,0,0,SKU019,52805,0
MT,117446,v1.0.0,35234,0,2025-02-01,52851,0,SKU020,132127,0
GT,65508,v1.0.0,31444,0,2025-02-01,0,0,SKU020,52406,0
EC,298193,v1.0.0,42098,0,2025-02-01,175408,0,SKU020,70163,0
CV,107378,v1.0.0,36815,0,2025-02-01,30679,0,SKU020,61359,0
FS,63902,v1.0.0,38341,0,2025-02-01,0,0,SKU020,63902,0
MT,146115,v1.0.0,43834,0,2025-02-01,65752,0,SKU021,164379,0
GT,104203,v1.0.0,50018,0,2025-02-01,0,0,SKU021,83362,0
EC,320497,v1.0.0,45247,0,2025-02-01,188528,0,SKU021,75411,0
CV,114109,v1.0.0,39123,0,2025-02-01,32602,0,SKU021,65205,0
FS,96982,v1.0.0,58190,0,2025-02-01,0,0,SKU021,96982,0
MT,194877,v1.0.0,58463,0,2025-02-01,87695,0,SKU022,219237,0
GT,117402,v1.0.0,56353,0,2025-02-01,0,0,SKU022,93922,0
EC,378186,v1.0.0,53391,0,2025-02-01,222462,0,SKU022,88985,0
CV,135740,v1.0.0,46539,0,2025-02-01,38783,0,SKU022,77566,0
FS,92958,v1.0.0,55775,0,2025-02-01,0,0,SKU022,92958,0
MT,168691,v1.0.0,50607,0,2025-02-01,75911,0,SKU023,189778,0
GT,138060,v1.0.0,66269,0,2025-02-01,0,0,SKU023,110448,0
EC,395842,v1.0.0,55884,0,2025-02-01,232848,0,SKU023,93139,0
CV,210622,v1.0.0,72213,0,2025-02-01,60178,0,SKU023,120355,0
FS,118579,v1.0.0,71148,0,2025-02-01,0,0,SKU023,118579,0
MT,219688,v1.0.0,65906,0,2025-02-01,98860,0,SKU024,247149,0
GT,179985,v1.0.0,86393,0,2025-02-01,0,0,SKU024,143988,0
EC,479058,v1.0.0,67632,0,2025-02-01,281799,0,SKU024,112720,0
CV,193737,v1.0.0,66424,0,2025-02-01,55353,0,SKU024,110707,0
FS,121272,v1.0.0,72763,0,2025-02-01,0,0,SKU024,121272,0
MT,269654,v1.0.0,80896,0,2025-02-01,121344,0,SKU025,303361,0
GT,207236,v1.0.0,99473,0,2025-02-01,0,0,SKU025,165789,0
EC,567223,v1.0.0,80079,0,2025-02-01,333661,0,SKU025,133464,0
CV,216707,v1.0.0,74300,0,2025-02-01,61916,0,SKU025,123833,0
FS,136991,v1.0.0,82195,0,2025-02-01,0,0,SKU025,136991,0
MT,287360,v1.0.0,86208,0,2025-02-01,129312,0,SKU026,323279,0
GT,158498,v1.0.0,76079,0,2025-02-01,0,0,SKU026,126799,0
EC,764694,v1.0.0,107957,0,2025-02-01,449820,0,SKU026,179928,0
CV,320497,v1.0.0,109885,0,2025-02-01,91570,0,SKU026,183141,0
FS,173073,v1.0.0,103844,0,2025-02-01,0,0,SKU026,173073,0
MT,492016,v1.0.0,147605,0,2025-02-01,221407,0,SKU027,553518,0
GT,241069,v1.0.0,115713,0,2025-02-01,0,0,SKU027,192855,0
EC,775940,v1.0.0,109544,0,2025-02-01,456435,0,SKU027,182574,0
CV,310376,v1.0.0,106415,0,2025-02-01,88679,0,SKU027,177358,0
FS,177560,v1.0.0,106536,0,2025-02-01,0,0,SKU027,177560,0
MT,160898,v1.0.0,48270,0,2025-02-01,72404,0,SKU028,181011,0
GT,100912,v1.0.0,48438,0,2025-02-01,0,0,SKU028,80730,0
EC,288784,v1.0.0,40770,0,2025-02-01,169873,0,SKU028,67949,0
CV,124428,v1.0.0,42661,0,2025-02-01,35551,0,SKU028,71102,0
FS,73649,v1.0.0,44189,0,2025-02-01,0,0,SKU028,73649,0
MT,173294,v1.0.0,51988,0,2025-02-01,77982,0,SKU029,194956,0
GT,113198,v1.0.0,54335,0,2025-02-01,0,0,SKU029,90558,0
EC,364279,v1.0.0,51428,0,2025-02-01,214282,0,SKU029,85713,0
CV,155023,v1.0.0,53151,0,2025-02-01,44292,0,SKU029,88584,0
FS,83820,v1.0.0,50292,0,2025-02-01,0,0,SKU029,83820,0
MT,196730,v1.0.0,59019,0,2025-02-01,88528,0,SKU030,221321,0
GT,124312,v1.0.0,59670,0,2025-02-01,0,0,SKU030,99450,0
EC,438575,v1.0.0,61916,0,2025-02-01,257985,0,SKU030,103194,0
CV,211680,v1.0.0,72576,0,2025-02-01,60480,0,SKU030,120960,0
FS,124002,v1.0.0,74402,0,2025-02-01,0,0,SKU030,124002,0
MT,277618,v1.0.0,83286,0,2025-02-01,124928,0,SKU031,312321,0
GT,177145,v1.0.0,85030,0,2025-02-01,0,0,SKU031,141716,0
EC,499975,v1.0.0,70585,0,2025-02-01,294103,0,SKU031,117641,0
CV,197011,v1.0.0,67547,0,2025-02-01,56289,0,SKU031,112578,0
FS,140263,v1.0.0,84158,0,2025-02-01,0,0,SKU031,140263,0
MT,332493,v1.0.0,99748,0,2025-02-01,149622,0,SKU032,374054,0
GT,243360,v1.0.0,116813,0,2025-02-01,0,0,SKU032,194688,0
EC,518193,v1.0.0,73157,0,2025-02-01,304819,0,SKU032,121928,0
CV,285768,v1.0.0,97978,0,2025-02-01,81648,0,SKU032,163296,0
FS,146989,v1.0.0,88193,0,2025-02-01,0,0,SKU032,146989,0
MT,339025,v1.0.0,101708,0,2025-02-01,152561,0,SKU033,381403,0
GT,241422,v1.0.0,115883,0,2025-02-01,0,0,SKU033,193138,0
EC,609469,v1.0.0,86043,0,2025-02-01,358511,0,SKU033,143404,0
CV,286496,v1.0.0,98227,0,2025-02-01,81856,0,SKU033,163712,0
FS,152103,v1.0.0,91262,0,2025-02-01,0,0,SKU033,152103,0
MT,175796,v1.0.0,52739,0,2025-02-01,79108,0,SKU034,197771,0
GT,130236,v1.0.0,62513,0,2025-02-01,0,0,SKU034,104188,0
EC,377174,v1.0.0,53248,0,2025-02-01,221867,0,SKU034,88747,0
CV,181879,v1.0.0,62359,0,2025-02-01,51966,0,SKU034,103931,0
FS,94088,v1.0.0,56452,0,2025-02-01,0,0,SKU034,94088,0
MT,193196,v1.0.0,57959,0,2025-02-01,86938,0,SKU035,217346,0
GT,133636,v1.0.0,64145,0,2025-02-01,0,0,SKU035,106909,0
EC,462003,v1.0.0,65224,0,2025-02-01,271766,0,SKU035,108706,0
CV,181334,v1.0.0,62172,0,2025-02-01,51810,0,SKU035,103619,0
FS,137802,v1.0.0,82681,0,2025-02-01,0,0,SKU035,137802,0
MT,272366,v1.0.0,81710,0,2025-02-01,122565,0,SKU036,306412,0
GT,182764,v1.0.0,87727,0,2025-02-01,0,0,SKU036,146211,0
EC,486255,v1.0.0,68648,0,2025-02-01,286033,0,SKU036,114413,0
CV,225175,v1.0.0,77203,0,2025-02-01,64336,0,SKU036,128671,0
FS,117190,v1.0.0,70314,0,2025-02-01,0,0,SKU036,117190,0
MT,116892,v1.0.0,35068,0,2025-03-01,52601,0,SKU001,131504,0
GT,46069,v1.0.0,22113,0,2025-03-01,0,0,SKU001,36855,0
EC,195672,v1.0.0,27624,0,2025-03-01,115101,0,SKU001,46040,0
CV,69656,v1.0.0,23882,0,2025-03-01,19902,0,SKU001,39803,0
FS,50720,v1.0.0,30432,0,2025-03-01,0,0,SKU001,50720,0
MT,113339,v1.0.0,34002,0,2025-03-01,51003,0,SKU002,127507,0
GT,70748,v1.0.0,33959,0,2025-03-01,0,0,SKU002,56599,0
EC,272403,v1.0.0,38457,0,2025-03-01,160237,0,SKU002,64095,0
CV,96000,v1.0.0,32914,0,2025-03-01,27429,0,SKU002,54857,0
FS,56848,v1.0.0,34109,0,2025-03-01,0,0,SKU002,56848,0
MT,120330,v1.0.0,36099,0,2025-03-01,54148,0,SKU003,135371,0
GT,90797,v1.0.0,43582,0,2025-03-01,0,0,SKU003,72638,0
EC,296132,v1.0.0,41807,0,2025-03-01,174195,0,SKU003,69678,0
CV,124031,v1.0.0,42525,0,2025-03-01,35438,0,SKU003,70875,0
FS,87332,v1.0.0,52400,0,2025-03-01,0,0,SKU003,87332,0
MT,211208,v1.0.0,63362,0,2025-03-01,95044,0,SKU004,237609,0
GT,130601,v1.0.0,62689,0,2025-03-01,0,0,SKU004,104481,0
EC,271354,v1.0.0,38309,0,2025-03-01,159620,0,SKU004,63848,0
CV,148937,v1.0.0,51064,0,2025-03-01,42553,0,SKU004,85107,0
FS,108360,v1.0.0,65016,0,2025-03-01,0,0,SKU004,108360,0
MT,215142,v1.0.0,64543,0,2025-03-01,96814,0,SKU005,242035,0
GT,138060,v1.0.0,66269,0,2025-03-01,0,0,SKU005,110448,0
EC,407837,v1.0.0,57577,0,2025-03-01,239904,0,SKU005,95962,0
CV,191570,v1.0.0,65681,0,2025-03-01,54734,0,SKU005,109469,0
FS,117344,v1.0.0,70406,0,2025-03-01,0,0,SKU005,117344,0
MT,219688,v1.0.0,65906,0,2025-03-01,98860,0,SKU006,247149,0
GT,143642,v1.0.0,68948,0,2025-03-01,0,0,SKU006,114914,0
EC,510996,v1.0.0,72141,0,2025-03-01,300586,0,SKU006,120234,0
CV,245400,v1.0.0,84137,0,2025-03-01,70114,0,SKU006,140229,0
FS,122642,v1.0.0,73585,0,2025-03-01,0,0,SKU006,122642,0
MT,341164,v1.0.0,102349,0,2025-03-01,153524,0,SKU007,383810,0
GT,143544,v1.0.0,68901,0,2025-03-01,0,0,SKU007,114836,0
EC,529213,v1.0.0,74712,0,2025-03-01,311302,0,SKU007,124521,0
CV,199938,v1.0.0,68550,0,2025-03-01,57125,0,SKU007,114250,0
FS,149035,v1.0.0,89421,0,2025-03-01,0,0,SKU007,149035,0
MT,305218,v1.0.0,91565,0,2025-03-01,137348,0,SKU008,343370,0
GT,217547,v1.0.0,104422,0,2025-03-01,0,0,SKU008,174038,0
EC,544844,v1.0.0,76919,0,2025-03-01,320497,0,SKU008,128199,0
CV,300817,v1.0.0,103137,0,2025-03-01,85948,0,SKU008,171896,0
FS,157488,v1.0.0,94493,0,2025-03-01,0,0,SKU008,157488,0
MT,434028,v1.0.0,130209,0,2025-03-01,195313,0,SKU009,488282,0
GT,270221,v1.0.0,129706,0,2025-03-01,0,0,SKU009,216177,0
EC,662135,v1.0.0,93478,0,2025-03-01,389491,0,SKU009,155796,0
CV,272340,v1.0.0,93374,0,2025-03-01,77811,0,SKU009,155623,0
FS,191765,v1.0.0,115059,0,2025-03-01,0,0,SKU009,191765,0
MT,161586,v1.0.0,48476,0,2025-03-01,72714,0,SKU010,181784,0
GT,92138,v1.0.0,44226,0,2025-03-01,0,0,SKU010,73710,0
EC,367053,v1.0.0,51819,0,2025-03-01,215914,0,SKU010,86365,0
CV,114307,v1.0.0,39191,0,2025-03-01,32659,0,SKU010,65318,0
FS,101441,v1.0.0,60864,0,2025-03-01,0,0,SKU010,101441,0
MT,206146,v1.0.0,61844,0,2025-03-01,92766,0,SKU011,231915,0
GT,121058,v1.0.0,58108,0,2025-03-01,0,0,SKU011,96847,0
EC,373950,v1.0.0,52793,0,2025-03-01,219971,0,SKU011,87988,0
CV,131556,v1.0.0,45105,0,2025-03-01,37587,0,SKU011,75175,0
FS,77181,v1.0.0,46308,0,2025-03-01,0,0,SKU011,77181,0
MT,200550,v1.0.0,60165,0,2025-03-01,90248,0,SKU012,225619,0
GT,166969,v1.0.0,80145,0,2025-03-01,0,0,SKU012,133575,0
EC,378598,v1.0.0,53449,0,2025-03-01,222705,0,SKU012,89082,0
CV,185220,v1.0.0,63504,0,2025-03-01,52920,0,SKU012,105840,0
FS,109528,v1.0.0,65716,0,2025-03-01,0,0,SKU012,109528,0
MT,276530,v1.0.0,82959,0,2025-03-01,124438,0,SKU013,311096,0
GT,145884,v1.0.0,70024,0,2025-03-01,0,0,SKU013,116708,0
EC,493565,v1.0.0,69680,0,2025-03-01,290332,0,SKU013,116133,0
CV,228118,v1.0.0,78212,0,2025-03-01,65177,0,SKU013,130353,0
FS,130912,v1.0.0,78547,0,2025-03-01,0,0,SKU013,130912,0
MT,257926,v1.0.0,77378,0,2025-03-01,116067,0,SKU014,290167,0
GT,194220,v1.0.0,93226,0,2025-03-01,0,0,SKU014,155376,0
EC,640544,v1.0.0,90430,0,2025-03-01,376790,0,SKU014,150716,0
CV,240257,v1.0.0,82374,0,2025-03-01,68645,0,SKU014,137290,0
FS,151312,v1.0.0,90787,0,2025-03-01,0,0,SKU014,151312,0
MT,334957,v1.0.0,100487,0,2025-03-01,150731,0,SKU015,376826,0
GT,269978,v1.0.0,129589,0,2025-03-01,0,0,SKU015,215982,0
EC,742540,v1.0.0,104829,0,2025-03-01,436788,0,SKU015,174715,0
CV,280625,v1.0.0,96214,0,2025-03-01,80179,0,SKU015,160357,0
FS,211711,v1.0.0,127027,0,2025-03-01,0,0,SKU015,211711,0
MT,379899,v1.0.0,113970,0,2025-03-01,170955,0,SKU016,427386,0
GT,204384,v1.0.0,98104,0,2025-03-01,0,0,SKU016,163508,0
EC,804053,v1.0.0,113513,0,2025-03-01,472972,0,SKU016,189189,0
CV,371498,v1.0.0,127371,0,2025-03-01,106142,0,SKU016,212285,0
FS,174626,v1.0.0,104776,0,2025-03-01,0,0,SKU016,174626,0
MT,188326,v1.0.0,56498,0,2025-03-01,84747,0,SKU017,211867,0
GT,149175,v1.0.0,71604,0,2025-03-01,0,0,SKU017,119340,0
EC,512982,v1.0.0,72421,0,2025-03-01,301754,0,SKU017,120702,0
CV,177117,v1.0.0,60726,0,2025-03-01,50605,0,SKU017,101210,0
FS,104992,v1.0.0,62995,0,2025-03-01,0,0,SKU017,104992,0
MT,195049,v1.0.0,58515,0,2025-03-01,87772,0,SKU018,219430,0
GT,159218,v1.0.0,76424,0,2025-03-01,0,0,SKU018,127374,0
EC,524190,v1.0.0,74003,0,2025-03-01,308347,0,SKU018,123339,0
CV,209960,v1.0.0,71986,0,2025-03-01,59989,0,SKU018,119977,0
FS,118965,v1.0.0,71379,0,2025-03-01,0,0,SKU018,118965,0
MT,96952,v1.0.0,29085,0,2025-03-01,43628,0,SKU019,109071,0
GT,73271,v1.0.0,35170,0,2025-03-01,0,0,SKU019,58617,0
EC,203768,v1.0.0,28767,0,2025-03-01,119864,0,SKU019,47946,0
CV,94065,v1.0.0,32251,0,2025-03-01,26876,0,SKU019,53752,0
FS,52805,v1.0.0,31683,0,2025-03-01,0,0,SKU019,52805,0
MT,131408,v1.0.0,39422,0,2025-03-01,59134,0,SKU020,147834,0
GT,88567,v1.0.0,42512,0,2025-03-01,0,0,SKU020,70853,0
EC,186975,v1.0.0,26396,0,2025-03-01,109985,0,SKU020,43994,0
CV,117334,v1.0.0,40229,0,2025-03-01,33524,0,SKU020,67048,0
FS,64732,v1.0.0,38839,0,2025-03-01,0,0,SKU020,64732,0
MT,161395,v1.0.0,48418,0,2025-03-01,72628,0,SKU021,181569,0
GT,88969,v1.0.0,42705,0,2025-03-01,0,0,SKU021,71175,0
EC,281138,v1.0.0,39690,0,2025-03-01,165375,0,SKU021,66150,0
CV,141396,v1.0.0,48478,0,2025-03-01,40399,0,SKU021,80798,0
FS,86368,v1.0.0,51820,0,2025-03-01,0,0,SKU021,86368,0
MT,164394,v1.0.0,49318,0,2025-03-01,73977,0,SKU022,184943,0
GT,116708,v1.0.0,56020,0,2025-03-01,0,0,SKU022,93366,0
EC,363230,v1.0.0,51279,0,2025-03-01,213664,0,SKU022,85466,0
CV,153650,v1.0.0,52680,0,2025-03-01,43900,0,SKU022,87800,0
FS,82508,v1.0.0,49504,0,2025-03-01,0,0,SKU022,82508,0
MT,250592,v1.0.0,75178,0,2025-03-01,112766,0,SKU023,281916,0
GT,115440,v1.0.0,55411,0,2025-03-01,0,0,SKU023,92352,0
EC,506197,v1.0.0,71463,0,2025-03-01,297763,0,SKU023,119105,0
CV,180986,v1.0.0,62052,0,2025-03-01,51710,0,SKU023,103421,0
FS,121050,v1.0.0,72630,0,2025-03-01,0,0,SKU023,121050,0
MT,303766,v1.0.0,91130,0,2025-03-01,136695,0,SKU024,341737,0
GT,154891,v1.0.0,74348,0,2025-03-01,0,0,SKU024,123913,0
EC,518980,v1.0.0,73268,0,2025-03-01,305282,0,SKU024,122113,0
CV,265361,v1.0.0,90981,0,2025-03-01,75817,0,SKU024,151635,0
FS,132919,v1.0.0,79751,0,2025-03-01,0,0,SKU024,132919,0
MT,341164,v1.0.0,102349,0,2025-03-01,153524,0,SKU025,383810,0
GT,222446,v1.0.0,106774,0,2025-03-01,0,0,SKU025,177957,0
EC,625700,v1.0.0,88334,0,2025-03-01,368059,0,SKU025,147223,0
CV,194779,v1.0.0,66781,0,2025-03-01,55651,0,SKU025,111302,0
FS,153551,v1.0.0,92130,0,2025-03-01,0,0,SKU025,153551,0
MT,344182,v1.0.0,103255,0,2025-03-01,154882,0,SKU026,387205,0
GT,233086,v1.0.0,111881,0,2025-03-01,0,0,SKU026,186469,0
EC,700970,v1.0.0,98960,0,2025-03-01,412335,0,SKU026,164934,0
CV,254429,v1.0.0,87233,0,2025-03-01,72694,0,SKU026,145388,0
FS,158308,v1.0.0,94985,0,2025-03-01,0,0,SKU026,158308,0
MT,360226,v1.0.0,108068,0,2025-03-01,162102,0,SKU027,405254,0
GT,272464,v1.0.0,130783,0,2025-03-01,0,0,SKU027,217971,0
EC,544882,v1.0.0,76925,0,2025-03-01,320519,0,SKU027,128208,0
CV,360584,v1.0.0,123629,0,2025-03-01,103024,0,SKU027,206048,0
FS,193540,v1.0.0,116124,0,2025-03-01,0,0,SKU027,193540,0
MT,185652,v1.0.0,55696,0,2025-03-01,83543,0,SKU028,208858,0
GT,110565,v1.0.0,53071,0,2025-03-01,0,0,SKU028,88452,0
EC,226709,v1.0.0,32006,0,2025-03-01,133358,0,SKU028,53343,0
CV,128596,v1.0.0,44090,0,2025-03-01,36742,0,SKU028,73483,0
FS,75733,v1.0.0,45440,0,2025-03-01,0,0,SKU028,75733,0
MT,220108,v1.0.0,66033,0,2025-03-01,99049,0,SKU029,247622,0
GT,138352,v1.0.0,66409,0,2025-03-01,0,0,SKU029,110682,0
EC,352996,v1.0.0,49835,0,2025-03-01,207645,0,SKU029,83058,0
CV,190578,v1.0.0,65341,0,2025-03-01,54451,0,SKU029,108902,0
FS,102493,v1.0.0,61496,0,2025-03-01,0,0,SKU029,102493,0
MT,253075,v1.0.0,75922,0,2025-03-01,113884,0,SKU030,284709,0
GT,168797,v1.0.0,81022,0,2025-03-01,0,0,SKU030,135038,0
EC,528538,v1.0.0,74617,0,2025-03-01,310905,0,SKU030,124362,0
CV,196796,v1.0.0,67473,0,2025-03-01,56228,0,SKU030,112455,0
FS,127862,v1.0.0,76718,0,2025-03-01,0,0,SKU030,127862,0
MT,302659,v1.0.0,90798,0,2025-03-01,136196,0,SKU031,340491,0
GT,148663,v1.0.0,71358,0,2025-03-01,0,0,SKU031,118930,0
EC,523478,v1.0.0,73903,0,2025-03-01,307928,0,SKU031,123171,0
CV,263938,v1.0.0,90493,0,2025-03-01,75411,0,SKU031,150822,0
FS,142463,v1.0.0,85478,0,2025-03-01,0,0,SKU031,142463,0
MT,320269,v1.0.0,96081,0,2025-03-01,144121,0,SKU032,360302,0
GT,180180,v1.0.0,86486,0,2025-03-01,0,0,SKU032,144144,0
EC,561375,v1.0.0,79253,0,2025-03-01,330221,0,SKU032,132088,0
CV,258250,v1.0.0,88543,0,2025-03-01,73786,0,SKU032,147571,0
FS,137725,v1.0.0,82635,0,2025-03-01,0,0,SKU032,137725,0
MT,280713,v1.0.0,84214,0,2025-03-01,126321,0,SKU033,315802,0
GT,242288,v1.0.0,116298,0,2025-03-01,0,0,SKU033,193830,0
EC,715926,v1.0.0,101072,0,2025-03-01,421133,0,SKU033,168453,0
CV,326417,v1.0.0,111914,0,2025-03-01,93262,0,SKU033,186524,0
FS,160325,v1.0.0,96195,0,2025-03-01,0,0,SKU033,160325,0
MT,201123,v1.0.0,60337,0,2025-03-01,90505,0,SKU034,226263,0
GT,106470,v1.0.0,51106,0,2025-03-01,0,0,SKU034,85176,0
EC,394717,v1.0.0,55725,0,2025-03-01,232186,0,SKU034,92875,0
CV,197359,v1.0.0,67666,0,2025-03-01,56388,0,SKU034,112776,0
FS,104625,v1.0.0,62775,0,2025-03-01,0,0,SKU034,104625,0
MT,272748,v1.0.0,81824,0,2025-03-01,122737,0,SKU035,306842,0
GT,140888,v1.0.0,67626,0,2025-03-01,0,0,SKU035,112710,0
EC,417395,v1.0.0,58926,0,2025-03-01,245527,0,SKU035,98211,0
CV,175711,v1.0.0,60244,0,2025-03-01,50203,0,SKU035,100406,0
FS,120577,v1.0.0,72346,0,2025-03-01,0,0,SKU035,120577,0
MT,263580,v1.0.0,79074,0,2025-03-01,118611,0,SKU036,296528,0
GT,163702,v1.0.0,78577,0,2025-03-01,0,0,SKU036,130962,0
EC,548331,v1.0.0,77411,0,2025-03-01,322547,0,SKU036,129019,0
CV,240389,v1.0.0,82419,0,2025-03-01,68683,0,SKU036,137365,0
FS,130507,v1.0.0,78304,0,2025-03-01,0,0,SKU036,130507,0
MT,97639,v1.0.0,43938,0,2025-04-01,43938,0,SKU001,109844,0
GT,59231,v1.0.0,42646,0,2025-04-01,0,0,SKU001,47385,0
EC,187575,v1.0.0,39722,0,2025-04-01,110338,0,SKU001,44135,0
CV,105377,v1.0.0,54194,0,2025-04-01,30108,0,SKU001,60215,0
FS,46552,v1.0.0,41896,0,2025-04-01,0,0,SKU001,46552,0
MT,119088,v1.0.0,53590,0,2025-04-01,53590,0,SKU002,133975,0
GT,69176,v1.0.0,49807,0,2025-04-01,0,0,SKU002,55341,0
EC,309476,v1.0.0,65536,0,2025-04-01,182045,0,SKU002,72818,0
CV,80356,v1.0.0,41326,0,2025-04-01,22959,0,SKU002,45918,0
FS,56018,v1.0.0,50416,0,2025-04-01,0,0,SKU002,56018,0
MT,132745,v1.0.0,59735,0,2025-04-01,59735,0,SKU003,149338,0
GT,63375,v1.0.0,45630,0,2025-04-01,0,0,SKU003,50700,0
EC,226784,v1.0.0,48025,0,2025-04-01,133402,0,SKU003,53361,0
CV,156279,v1.0.0,80372,0,2025-04-01,44651,0,SKU003,89302,0
FS,83472,v1.0.0,75125,0,2025-04-01,0,0,SKU003,83472,0
MT,127378,v1.0.0,57320,0,2025-04-01,57320,0,SKU004,143300,0
GT,81973,v1.0.0,59021,0,2025-04-01,0,0,SKU004,65578,0
EC,388869,v1.0.0,82349,0,2025-04-01,228747,0,SKU004,91499,0
CV,210208,v1.0.0,108107,0,2025-04-01,60059,0,SKU004,120119,0
FS,95159,v1.0.0,85643,0,2025-04-01,0,0,SKU004,95159,0
MT,198029,v1.0.0,89113,0,2025-04-01,89113,0,SKU005,222782,0
GT,150540,v1.0.0,108389,0,2025-04-01,0,0,SKU005,120432,0
EC,391044,v1.0.0,82809,0,2025-04-01,230026,0,SKU005,92010,0
CV,195804,v1.0.0,100699,0,2025-04-01,55944,0,SKU005,111888,0
FS,116109,v1.0.0,104498,0,2025-04-01,0,0,SKU005,116109,0
MT,218332,v1.0.0,98249,0,2025-04-01,98249,0,SKU006,245624,0
GT,174793,v1.0.0,125851,0,2025-04-01,0,0,SKU006,139834,0
EC,481720,v1.0.0,102011,0,2025-04-01,283365,0,SKU006,113346,0
CV,261838,v1.0.0,134660,0,2025-04-01,74811,0,SKU006,149622,0
FS,134289,v1.0.0,120860,0,2025-04-01,0,0,SKU006,134289,0
MT,232409,v1.0.0,104584,0,2025-04-01,104584,0,SKU007,261460,0
GT,211039,v1.0.0,151948,0,2025-04-01,0,0,SKU007,168831,0
EC,593537,v1.0.0,125690,0,2025-04-01,349140,0,SKU007,139656,0
CV,192199,v1.0.0,98845,0,2025-04-01,54914,0,SKU007,109828,0
FS,172368,v1.0.0,155131,0,2025-04-01,0,0,SKU007,172368,0
MT,224043,v1.0.0,100819,0,2025-04-01,100819,0,SKU008,252048,0
GT,236194,v1.0.0,170060,0,2025-04-01,0,0,SKU008,188955,0
EC,637245,v1.0.0,134946,0,2025-04-01,374850,0,SKU008,149940,0
CV,299411,v1.0.0,153983,0,2025-04-01,85546,0,SKU008,171092,0
FS,171432,v1.0.0,154289,0,2025-04-01,0,0,SKU008,171432,0
MT,298724,v1.0.0,134426,0,2025-04-01,134426,0,SKU009,336064,0
GT,260130,v1.0.0,187294,0,2025-04-01,0,0,SKU009,208104,0
EC,710416,v1.0.0,150441,0,2025-04-01,417892,0,SKU009,167157,0
CV,324069,v1.0.0,166664,0,2025-04-01,92591,0,SKU009,185182,0
FS,200643,v1.0.0,180579,0,2025-04-01,0,0,SKU009,200643,0
MT,118955,v1.0.0,53530,0,2025-04-01,53530,0,SKU010,133824,0
GT,80730,v1.0.0,58126,0,2025-04-01,0,0,SKU010,64584,0
EC,326569,v1.0.0,69156,0,2025-04-01,192100,0,SKU010,76840,0
CV,145861,v1.0.0,75014,0,2025-04-01,41674,0,SKU010,83349,0
FS,84418,v1.0.0,75976,0,2025-04-01,0,0,SKU010,84418,0
MT,104305,v1.0.0,46937,0,2025-04-01,46937,0,SKU011,117343,0
GT,106909,v1.0.0,76974,0,2025-04-01,0,0,SKU011,85527,0
EC,346549,v1.0.0,73387,0,2025-04-01,203852,0,SKU011,81541,0
CV,148622,v1.0.0,76434,0,2025-04-01,42464,0,SKU011,84927,0
FS,95438,v1.0.0,85895,0,2025-04-01,0,0,SKU011,95438,0
MT,178585,v1.0.0,80363,0,2025-04-01,80363,0,SKU012,200908,0
GT,151734,v1.0.0,109249,0,2025-04-01,0,0,SKU012,121388,0
EC,451694,v1.0.0,95653,0,2025-04-01,265702,0,SKU012,106281,0
CV,208373,v1.0.0,107163,0,2025-04-01,59535,0,SKU012,119070,0
FS,96018,v1.0.0,86416,0,2025-04-01,0,0,SKU012,96018,0
MT,249312,v1.0.0,112191,0,2025-04-01,112191,0,SKU013,280476,0
GT,202849,v1.0.0,146051,0,2025-04-01,0,0,SKU013,162279,0
EC,429466,v1.0.0,90946,0,2025-04-01,252627,0,SKU013,101051,0
CV,225290,v1.0.0,115864,0,2025-04-01,64369,0,SKU013,128737,0
FS,119911,v1.0.0,107920,0,2025-04-01,0,0,SKU013,119911,0
MT,199251,v1.0.0,89663,0,2025-04-01,89663,0,SKU014,224158,0
GT,202020,v1.0.0,145454,0,2025-04-01,0,0,SKU014,161616,0
EC,652539,v1.0.0,138185,0,2025-04-01,383846,0,SKU014,153539,0
CV,254016,v1.0.0,130637,0,2025-04-01,72576,0,SKU014,145152,0
FS,166134,v1.0.0,149521,0,2025-04-01,0,0,SKU014,166134,0
MT,290205,v1.0.0,130592,0,2025-04-01,130592,0,SKU015,326481,0
GT,242288,v1.0.0,174447,0,2025-04-01,0,0,SKU015,193830,0
EC,612130,v1.0.0,129628,0,2025-04-01,360076,0,SKU015,144031,0
CV,322895,v1.0.0,166060,0,2025-04-01,92256,0,SKU015,184511,0
FS,172658,v1.0.0,155392,0,2025-04-01,0,0,SKU015,172658,0
MT,305409,v1.0.0,137434,0,2025-04-01,137434,0,SKU016,343585,0
GT,249064,v1.0.0,179326,0,2025-04-01,0,0,SKU016,199251,0
EC,839139,v1.0.0,177700,0,2025-04-01,493611,0,SKU016,197445,0
CV,346990,v1.0.0,178452,0,2025-04-01,99140,0,SKU016,198280,0
FS,200218,v1.0.0,180196,0,2025-04-01,0,0,SKU016,200218,0
MT,147738,v1.0.0,66482,0,2025-04-01,66482,0,SKU017,166206,0
GT,134672,v1.0.0,96964,0,2025-04-01,0,0,SKU017,107738,0
EC,477934,v1.0.0,101209,0,2025-04-01,281138,0,SKU017,112455,0
CV,258647,v1.0.0,133018,0,2025-04-01,73899,0,SKU017,147798,0
FS,96790,v1.0.0,87111,0,2025-04-01,0,0,SKU017,96790,0
MT,223164,v1.0.0,100424,0,2025-04-01,100424,0,SKU018,251060,0
GT,127822,v1.0.0,92032,0,2025-04-01,0,0,SKU018,102258,0
EC,493153,v1.0.0,104432,0,2025-04-01,290090,0,SKU018,116036,0
CV,196267,v1.0.0,100937,0,2025-04-01,56076,0,SKU018,112153,0
FS,129619,v1.0.0,116657,0,2025-04-01,0,0,SKU018,129619,0
MT,89388,v1.0.0,40225,0,2025-04-01,40225,0,SKU019,100562,0
GT,52650,v1.0.0,37908,0,2025-04-01,0,0,SKU019,42120,0
EC,136295,v1.0.0,28863,0,2025-04-01,80174,0,SKU019,32070,0
CV,98233,v1.0.0,50520,0,2025-04-01,28066,0,SKU019,56133,0
FS,56974,v1.0.0,51276,0,2025-04-01,0,0,SKU019,56974,0
MT,113339,v1.0.0,51003,0,2025-04-01,51003,0,SKU020,127507,0
GT,77561,v1.0.0,55844,0,2025-04-01,0,0,SKU020,62049,0
EC,303029,v1.0.0,64171,0,2025-04-01,178252,0,SKU020,71301,0
CV,115911,v1.0.0,59612,0,2025-04-01,33118,0,SKU020,66235,0
FS,58923,v1.0.0,53031,0,2025-04-01,0,0,SKU020,58923,0
MT,141340,v1.0.0,63603,0,2025-04-01,63603,0,SKU021,159008,0
GT,112734,v1.0.0,81169,0,2025-04-01,0,0,SKU021,90188,0
EC,309251,v1.0.0,65488,0,2025-04-01,181912,0,SKU021,72765,0
CV,141396,v1.0.0,72718,0,2025-04-01,40399,0,SKU021,80798,0
FS,83955,v1.0.0,75560,0,2025-04-01,0,0,SKU021,83955,0
MT,128467,v1.0.0,57810,0,2025-04-01,57810,0,SKU022,144525,0
GT,109761,v1.0.0,79028,0,2025-04-01,0,0,SKU022,87808,0
EC,408099,v1.0.0,86421,0,2025-04-01,240058,0,SKU022,96023,0
CV,131969,v1.0.0,67870,0,2025-04-01,37706,0,SKU022,75411,0
FS,89658,v1.0.0,80692,0,2025-04-01,0,0,SKU022,89658,0
MT,163802,v1.0.0,73711,0,2025-04-01,73711,0,SKU023,184277,0
GT,144300,v1.0.0,103896,0,2025-04-01,0,0,SKU023,115440,0
EC,417433,v1.0.0,88398,0,2025-04-01,245549,0,SKU023,98220,0
CV,209563,v1.0.0,107775,0,2025-04-01,59875,0,SKU023,119750,0
FS,96346,v1.0.0,86711,0,2025-04-01,0,0,SKU023,96346,0
MT,179005,v1.0.0,80552,0,2025-04-01,80552,0,SKU024,201381,0
GT,170467,v1.0.0,122736,0,2025-04-01,0,0,SKU024,136373,0
EC,497688,v1.0.0,105393,0,2025-04-01,292758,0,SKU024,117103,0
CV,243052,v1.0.0,124998,0,2025-04-01,69443,0,SKU024,138887,0
FS,119216,v1.0.0,107294,0,2025-04-01,0,0,SKU024,119216,0
MT,180266,v1.0.0,81120,0,2025-04-01,81120,0,SKU025,202799,0
GT,165409,v1.0.0,119094,0,2025-04-01,0,0,SKU025,132327,0
EC,540909,v1.0.0,114545,0,2025-04-01,318182,0,SKU025,127273,0
CV,259275,v1.0.0,133341,0,2025-04-01,74079,0,SKU025,148157,0
FS,158820,v1.0.0,142938,0,2025-04-01,0,0,SKU025,158820,0
MT,222420,v1.0.0,100089,0,2025-04-01,100089,0,SKU026,250222,0
GT,158498,v1.0.0,114119,0,2025-04-01,0,0,SKU026,126799,0
EC,669107,v1.0.0,141693,0,2025-04-01,393592,0,SKU026,157437,0
CV,320497,v1.0.0,164827,0,2025-04-01,91570,0,SKU026,183141,0
FS,146004,v1.0.0,131404,0,2025-04-01,0,0,SKU026,146004,0
MT,311024,v1.0.0,139961,0,2025-04-01,139961,0,SKU027,349902,0
GT,241069,v1.0.0,173570,0,2025-04-01,0,0,SKU027,192855,0
EC,817323,v1.0.0,173080,0,2025-04-01,480778,0,SKU027,192311,0
CV,366669,v1.0.0,188573,0,2025-04-01,104763,0,SKU027,209525,0
FS,211296,v1.0.0,190167,0,2025-04-01,0,0,SKU027,211296,0
MT,118267,v1.0.0,53220,0,2025-04-01,53220,0,SKU028,133051,0
GT,99596,v1.0.0,71709,0,2025-04-01,0,0,SKU028,79677,0
EC,282037,v1.0.0,59726,0,2025-04-01,165904,0,SKU028,66362,0
CV,125619,v1.0.0,64604,0,2025-04-01,35891,0,SKU028,71782,0
FS,80944,v1.0.0,72850,0,2025-04-01,0,0,SKU028,80944,0
MT,152762,v1.0.0,68743,0,2025-04-01,68743,0,SKU029,171857,0
GT,121058,v1.0.0,87162,0,2025-04-01,0,0,SKU029,96847,0
EC,369115,v1.0.0,78165,0,2025-04-01,217126,0,SKU029,86851,0
CV,214045,v1.0.0,110080,0,2025-04-01,61156,0,SKU029,122311,0
FS,117431,v1.0.0,105688,0,2025-04-01,0,0,SKU029,117431,0
MT,204370,v1.0.0,91966,0,2025-04-01,91966,0,SKU030,229916,0
GT,144422,v1.0.0,103984,0,2025-04-01,0,0,SKU030,115538,0
EC,395467,v1.0.0,83746,0,2025-04-01,232628,0,SKU030,93051,0
CV,213334,v1.0.0,109714,0,2025-04-01,60952,0,SKU030,121905,0
FS,103255,v1.0.0,92930,0,2025-04-01,0,0,SKU030,103255,0
MT,195966,v1.0.0,88185,0,2025-04-01,88185,0,SKU031,220462,0
GT,168114,v1.0.0,121042,0,2025-04-01,0,0,SKU031,134492,0
EC,583304,v1.0.0,123523,0,2025-04-01,343120,0,SKU031,137248,0
CV,190413,v1.0.0,97927,0,2025-04-01,54404,0,SKU031,108807,0
FS,150164,v1.0.0,135147,0,2025-04-01,0,0,SKU031,150164,0
MT,250592,v1.0.0,112766,0,2025-04-01,112766,0,SKU032,281916,0
GT,198120,v1.0.0,142646,0,2025-04-01,0,0,SKU032,158496,0
EC,707717,v1.0.0,149869,0,2025-04-01,416304,0,SKU032,166522,0
CV,341863,v1.0.0,175815,0,2025-04-01,97675,0,SKU032,195350,0
FS,163046,v1.0.0,146742,0,2025-04-01,0,0,SKU032,163046,0
MT,275288,v1.0.0,123880,0,2025-04-01,123880,0,SKU033,309699,0
GT,239692,v1.0.0,172578,0,2025-04-01,0,0,SKU033,191753,0
EC,705280,v1.0.0,149353,0,2025-04-01,414871,0,SKU033,165948,0
CV,297063,v1.0.0,152775,0,2025-04-01,84875,0,SKU033,169750,0
FS,180880,v1.0.0,162792,0,2025-04-01,0,0,SKU033,180880,0
MT,177286,v1.0.0,79779,0,2025-04-01,79779,0,SKU034,199447,0
GT,126433,v1.0.0,91032,0,2025-04-01,0,0,SKU034,101146,0
EC,473660,v1.0.0,100305,0,2025-04-01,278624,0,SKU034,111450,0
CV,187039,v1.0.0,96192,0,2025-04-01,53440,0,SKU034,106880,0
FS,116668,v1.0.0,105002,0,2025-04-01,0,0,SKU034,116668,0
MT,194820,v1.0.0,87669,0,2025-04-01,87669,0,SKU035,219172,0
GT,157462,v1.0.0,113373,0,2025-04-01,0,0,SKU035,125970,0
EC,458816,v1.0.0,97161,0,2025-04-01,269892,0,SKU035,107957,0
CV,195391,v1.0.0,100487,0,2025-04-01,55826,0,SKU035,111652,0
FS,127959,v1.0.0,115163,0,2025-04-01,0,0,SKU035,127959,0
MT,205592,v1.0.0,92517,0,2025-04-01,92517,0,SKU036,231291,0
GT,171551,v1.0.0,123517,0,2025-04-01,0,0,SKU036,137241,0
EC,579368,v1.0.0,122690,0,2025-04-01,340805,0,SKU036,136322,0
CV,199310,v1.0.0,102502,0,2025-04-01,56946,0,SKU036,113891,0
FS,120741,v1.0.0,108667,0,2025-04-01,0,0,SKU036,120741,0
MT,93514,v1.0.0,28054,0,2025-05-01,42081,0,SKU001,105203,0
GT,55282,v1.0.0,26536,0,2025-05-01,0,0,SKU001,44226,0
EC,210516,v1.0.0,29720,0,2025-05-01,123833,0,SKU001,49533,0
CV,62512,v1.0.0,21433,0,2025-05-01,17860,0,SKU001,35721,0
FS,45162,v1.0.0,27097,0,2025-05-01,0,0,SKU001,45162,0
MT,163439,v1.0.0,49032,0,2025-05-01,73547,0,SKU002,183869,0
GT,72321,v1.0.0,34714,0,2025-05-01,0,0,SKU002,57856,0
EC,204706,v1.0.0,28900,0,2025-05-01,120415,0,SKU002,48166,0
CV,102400,v1.0.0,35109,0,2025-05-01,29257,0,SKU002,58514,0
FS,53529,v1.0.0,32117,0,2025-05-01,0,0,SKU002,53529,0
MT,169990,v1.0.0,50997,0,2025-05-01,76496,0,SKU003,191239,0
GT,88969,v1.0.0,42705,0,2025-05-01,0,0,SKU003,71175,0
EC,331742,v1.0.0,46834,0,2025-05-01,195142,0,SKU003,78057,0
CV,133127,v1.0.0,45644,0,2025-05-01,38036,0,SKU003,76072,0
FS,59348,v1.0.0,35608,0,2025-05-01,0,0,SKU003,59348,0
MT,155684,v1.0.0,46705,0,2025-05-01,70058,0,SKU004,175145,0
GT,113234,v1.0.0,54352,0,2025-05-01,0,0,SKU004,90587,0
EC,341863,v1.0.0,48263,0,2025-05-01,201096,0,SKU004,80438,0
CV,122543,v1.0.0,42015,0,2025-05-01,35012,0,SKU004,70024,0
FS,100109,v1.0.0,60065,0,2025-05-01,0,0,SKU004,100109,0
MT,193139,v1.0.0,57942,0,2025-05-01,86913,0,SKU005,217282,0
GT,118560,v1.0.0,56909,0,2025-05-01,0,0,SKU005,94848,0
EC,345462,v1.0.0,48771,0,2025-05-01,203213,0,SKU005,81285,0
CV,157702,v1.0.0,54069,0,2025-05-01,45058,0,SKU005,90115,0
FS,96346,v1.0.0,57807,0,2025-05-01,0,0,SKU005,96346,0
MT,214264,v1.0.0,64279,0,2025-05-01,96419,0,SKU006,241047,0
GT,155756,v1.0.0,74763,0,2025-05-01,0,0,SKU006,124605,0
EC,447121,v1.0.0,63123,0,2025-05-01,263012,0,SKU006,105205,0
CV,191389,v1.0.0,65619,0,2025-05-01,54682,0,SKU006,109365,0
FS,110309,v1.0.0,66185,0,2025-05-01,0,0,SKU006,110309,0
MT,281572,v1.0.0,84472,0,2025-05-01,126707,0,SKU007,316769,0
GT,173014,v1.0.0,83047,0,2025-05-01,0,0,SKU007,138411,0
EC,459041,v1.0.0,64806,0,2025-05-01,270024,0,SKU007,108010,0
CV,236056,v1.0.0,80934,0,2025-05-01,67445,0,SKU007,134889,0
FS,149035,v1.0.0,89421,0,2025-05-01,0,0,SKU007,149035,0
MT,269501,v1.0.0,80850,0,2025-05-01,121275,0,SKU008,303189,0
GT,232050,v1.0.0,111384,0,2025-05-01,0,0,SKU008,185640,0
EC,570334,v1.0.0,80518,0,2025-05-01,335491,0,SKU008,134196,0
CV,257241,v1.0.0,88197,0,2025-05-01,73497,0,SKU008,146995,0
FS,155848,v1.0.0,93508,0,2025-05-01,0,0,SKU008,155848,0
MT,286424,v1.0.0,85927,0,2025-05-01,128891,0,SKU009,322227,0
GT,237705,v1.0.0,114098,0,2025-05-01,0,0,SKU009,190164,0
EC,786285,v1.0.0,111005,0,2025-05-01,462521,0,SKU009,185008,0
CV,282990,v1.0.0,97025,0,2025-05-01,80854,0,SKU009,161708,0
FS,166906,v1.0.0,100144,0,2025-05-01,0,0,SKU009,166906,0
MT,140958,v1.0.0,42287,0,2025-05-01,63431,0,SKU010,158578,0
GT,96525,v1.0.0,46332,0,2025-05-01,0,0,SKU010,77220,0
EC,217263,v1.0.0,30672,0,2025-05-01,127802,0,SKU010,51121,0
CV,111330,v1.0.0,38170,0,2025-05-01,31809,0,SKU010,63617,0
FS,55584,v1.0.0,33350,0,2025-05-01,0,0,SKU010,55584,0
MT,154404,v1.0.0,46321,0,2025-05-01,69482,0,SKU011,173705,0
GT,98524,v1.0.0,47291,0,2025-05-01,0,0,SKU011,78819,0
EC,314312,v1.0.0,44373,0,2025-05-01,184889,0,SKU011,73956,0
CV,143645,v1.0.0,49250,0,2025-05-01,41041,0,SKU011,82083,0
FS,82160,v1.0.0,49296,0,2025-05-01,0,0,SKU011,82160,0
MT,191000,v1.0.0,57300,0,2025-05-01,85950,0,SKU012,214875,0
GT,129797,v1.0.0,62302,0,2025-05-01,0,0,SKU012,103838,0
EC,421706,v1.0.0,59535,0,2025-05-01,248062,0,SKU012,99225,0
CV,171163,v1.0.0,58684,0,2025-05-01,48904,0,SKU012,97808,0
FS,110010,v1.0.0,66006,0,2025-05-01,0,0,SKU012,110010,0
MT,212296,v1.0.0,63689,0,2025-05-01,95533,0,SKU013,238834,0
GT,170198,v1.0.0,81695,0,2025-05-01,0,0,SKU013,136159,0
EC,510658,v1.0.0,72093,0,2025-05-01,300387,0,SKU013,120155,0
CV,247914,v1.0.0,84999,0,2025-05-01,70832,0,SKU013,141665,0
FS,119361,v1.0.0,71617,0,2025-05-01,0,0,SKU013,119361,0
MT,305600,v1.0.0,91680,0,2025-05-01,137520,0,SKU014,343800,0
GT,160680,v1.0.0,77126,0,2025-05-01,0,0,SKU014,128544,0
EC,556577,v1.0.0,78576,0,2025-05-01,327398,0,SKU014,130959,0
CV,242374,v1.0.0,83100,0,2025-05-01,69250,0,SKU014,138499,0
FS,119814,v1.0.0,71889,0,2025-05-01,0,0,SKU014,119814,0
MT,330888,v1.0.0,99267,0,2025-05-01,148900,0,SKU015,372249,0
GT,231904,v1.0.0,111314,0,2025-05-01,0,0,SKU015,185523,0
EC,723910,v1.0.0,102199,0,2025-05-01,425830,0,SKU015,170332,0
CV,214872,v1.0.0,73670,0,2025-05-01,61392,0,SKU015,122784,0
FS,171288,v1.0.0,102772,0,2025-05-01,0,0,SKU015,171288,0
MT,457369,v1.0.0,137211,0,2025-05-01,205816,0,SKU016,514540,0
GT,271879,v1.0.0,130502,0,2025-05-01,0,0,SKU016,217503,0
EC,742653,v1.0.0,104845,0,2025-05-01,436855,0,SKU016,174742,0
CV,370208,v1.0.0,126929,0,2025-05-01,105774,0,SKU016,211548,0
FS,180648,v1.0.0,108389,0,2025-05-01,0,0,SKU016,180648,0
MT,176962,v1.0.0,53088,0,2025-05-01,79633,0,SKU017,199082,0
GT,143995,v1.0.0,69118,0,2025-05-01,0,0,SKU017,115196,0
EC,481120,v1.0.0,67923,0,2025-05-01,283012,0,SKU017,113205,0
CV,158843,v1.0.0,54460,0,2025-05-01,45384,0,SKU017,90767,0
FS,97610,v1.0.0,58566,0,2025-05-01,0,0,SKU017,97610,0
MT,217893,v1.0.0,65368,0,2025-05-01,98052,0,SKU018,245129,0
GT,152490,v1.0.0,73195,0,2025-05-01,0,0,SKU018,121992,0
EC,562125,v1.0.0,79359,0,2025-05-01,330662,0,SKU018,132265,0
CV,185617,v1.0.0,63640,0,2025-05-01,53033,0,SKU018,106067,0
FS,95882,v1.0.0,57529,0,2025-05-01,0,0,SKU018,95882,0
MT,88700,v1.0.0,26610,0,2025-05-01,39915,0,SKU019,99788,0
GT,58792,v1.0.0,28220,0,2025-05-01,0,0,SKU019,47034,0
EC,194322,v1.0.0,27434,0,2025-05-01,114307,0,SKU019,45723,0
CV,69656,v1.0.0,23882,0,2025-05-01,19902,0,SKU019,39803,0
FS,42730,v1.0.0,25638,0,2025-05-01,0,0,SKU019,42730,0
MT,108412,v1.0.0,32523,0,2025-05-01,48785,0,SKU020,121963,0
GT,80706,v1.0.0,38739,0,2025-05-01,0,0,SKU020,64564,0
EC,251449,v1.0.0,35499,0,2025-05-01,147911,0,SKU020,59165,0
CV,96000,v1.0.0,32914,0,2025-05-01,27429,0,SKU020,54857,0
FS,58508,v1.0.0,35105,0,2025-05-01,0,0,SKU020,58508,0
MT,123195,v1.0.0,36958,0,2025-05-01,55438,0,SKU021,138594,0
GT,87750,v1.0.0,42120,0,2025-05-01,0,0,SKU021,70200,0
EC,277389,v1.0.0,39161,0,2025-05-01,163170,0,SKU021,65268,0
CV,117416,v1.0.0,40257,0,2025-05-01,33548,0,SKU021,67095,0
FS,67550,v1.0.0,40530,0,2025-05-01,0,0,SKU021,67550,0
MT,211208,v1.0.0,63362,0,2025-05-01,95044,0,SKU022,237609,0
GT,84752,v1.0.0,40681,0,2025-05-01,0,0,SKU022,67802,0
EC,350410,v1.0.0,49470,0,2025-05-01,206123,0,SKU022,82449,0
CV,111231,v1.0.0,38136,0,2025-05-01,31780,0,SKU022,63561,0
FS,80857,v1.0.0,48514,0,2025-05-01,0,0,SKU022,80857,0
MT,187027,v1.0.0,56108,0,2025-05-01,84162,0,SKU023,210406,0
GT,129480,v1.0.0,62150,0,2025-05-01,0,0,SKU023,103584,0
EC,340664,v1.0.0,48094,0,2025-05-01,200390,0,SKU023,80156,0
CV,180986,v1.0.0,62052,0,2025-05-01,51710,0,SKU023,103421,0
FS,124138,v1.0.0,74483,0,2025-05-01,0,0,SKU023,124138,0
MT,248166,v1.0.0,74450,0,2025-05-01,111675,0,SKU024,279187,0
GT,142777,v1.0.0,68533,0,2025-05-01,0,0,SKU024,114221,0
EC,471074,v1.0.0,66505,0,2025-05-01,277102,0,SKU024,110841,0
CV,221917,v1.0.0,76086,0,2025-05-01,63405,0,SKU024,126810,0
FS,133604,v1.0.0,80163,0,2025-05-01,0,0,SKU024,133604,0
MT,275613,v1.0.0,82684,0,2025-05-01,124026,0,SKU025,310065,0
GT,198681,v1.0.0,95367,0,2025-05-01,0,0,SKU025,158944,0
EC,520442,v1.0.0,73474,0,2025-05-01,306142,0,SKU025,122457,0
CV,187039,v1.0.0,64128,0,2025-05-01,53440,0,SKU025,106880,0
FS,117421,v1.0.0,70453,0,2025-05-01,0,0,SKU025,117421,0
MT,331194,v1.0.0,99358,0,2025-05-01,149037,0,SKU026,372593,0
GT,187505,v1.0.0,90002,0,2025-05-01,0,0,SKU026,150004,0
EC,493865,v1.0.0,69722,0,2025-05-01,290509,0,SKU026,116204,0
CV,274109,v1.0.0,93980,0,2025-05-01,78317,0,SKU026,156634,0
FS,160769,v1.0.0,96461,0,2025-05-01,0,0,SKU026,160769,0
MT,325082,v1.0.0,97525,0,2025-05-01,146287,0,SKU027,365717,0
GT,210795,v1.0.0,101182,0,2025-05-01,0,0,SKU027,168636,0
EC,758696,v1.0.0,107110,0,2025-05-01,446292,0,SKU027,178517,0
CV,380363,v1.0.0,130410,0,2025-05-01,108675,0,SKU027,217350,0
FS,180223,v1.0.0,108134,0,2025-05-01,0,0,SKU027,180223,0
MT,154022,v1.0.0,46207,0,2025-05-01,69310,0,SKU028,173275,0
GT,74588,v1.0.0,35802,0,2025-05-01,0,0,SKU028,59670,0
EC,319822,v1.0.0,45151,0,2025-05-01,188131,0,SKU028,75252,0
CV,119665,v1.0.0,41028,0,2025-05-01,34190,0,SKU028,68380,0
FS,67743,v1.0.0,40646,0,2025-05-01,0,0,SKU028,67743,0
MT,158511,v1.0.0,47553,0,2025-05-01,71330,0,SKU029,178325,0
GT,105337,v1.0.0,50562,0,2025-05-01,0,0,SKU029,84269,0
EC,346549,v1.0.0,48925,0,2025-05-01,203852,0,SKU029,81541,0
CV,173511,v1.0.0,59490,0,2025-05-01,49575,0,SKU029,99149,0
FS,65562,v1.0.0,39337,0,2025-05-01,0,0,SKU029,65562,0
MT,137520,v1.0.0,41256,0,2025-05-01,61884,0,SKU030,154710,0
GT,114562,v1.0.0,54990,0,2025-05-01,0,0,SKU030,91650,0
EC,419832,v1.0.0,59270,0,2025-05-01,246960,0,SKU030,98784,0
CV,230698,v1.0.0,79096,0,2025-05-01,65914,0,SKU030,131828,0
FS,99878,v1.0.0,59926,0,2025-05-01,0,0,SKU030,99878,0
MT,267820,v1.0.0,80346,0,2025-05-01,120519,0,SKU031,301298,0
GT,150052,v1.0.0,72025,0,2025-05-01,0,0,SKU031,120042,0
EC,546981,v1.0.0,77221,0,2025-05-01,321754,0,SKU031,128701,0
CV,215864,v1.0.0,74011,0,2025-05-01,61675,0,SKU031,123351,0
FS,140263,v1.0.0,84158,0,2025-05-01,0,0,SKU031,140263,0
MT,305600,v1.0.0,91680,0,2025-05-01,137520,0,SKU032,343800,0
GT,211380,v1.0.0,101462,0,2025-05-01,0,0,SKU032,169104,0
EC,518193,v1.0.0,73157,0,2025-05-01,304819,0,SKU032,121928,0
CV,322812,v1.0.0,110678,0,2025-05-01,92232,0,SKU032,184464,0
FS,122902,v1.0.0,73741,0,2025-05-01,0,0,SKU032,122902,0
MT,370215,v1.0.0,111065,0,2025-05-01,166597,0,SKU033,416492,0
GT,221520,v1.0.0,106330,0,2025-05-01,0,0,SKU033,177216,0
EC,731895,v1.0.0,103326,0,2025-05-01,430526,0,SKU033,172210,0
CV,317024,v1.0.0,108694,0,2025-05-01,90578,0,SKU033,181156,0
FS,151418,v1.0.0,90851,0,2025-05-01,0,0,SKU033,151418,0
MT,154939,v1.0.0,46482,0,2025-05-01,69723,0,SKU034,174307,0
GT,115976,v1.0.0,55669,0,2025-05-01,0,0,SKU034,92781,0
EC,356707,v1.0.0,50359,0,2025-05-01,209828,0,SKU034,83931,0
CV,174140,v1.0.0,59705,0,2025-05-01,49754,0,SKU034,99508,0
FS,85808,v1.0.0,51485,0,2025-05-01,0,0,SKU034,85808,0
MT,248396,v1.0.0,74519,0,2025-05-01,111778,0,SKU035,279445,0
GT,132600,v1.0.0,63648,0,2025-05-01,0,0,SKU035,106080,0
EC,420582,v1.0.0,59376,0,2025-05-01,247401,0,SKU035,98960,0
CV,177117,v1.0.0,60726,0,2025-05-01,50605,0,SKU035,101210,0
FS,86946,v1.0.0,52168,0,2025-05-01,0,0,SKU035,86946,0
MT,246008,v1.0.0,73802,0,2025-05-01,110704,0,SKU036,276759,0
GT,151369,v1.0.0,72657,0,2025-05-01,0,0,SKU036,121095,0
EC,479358,v1.0.0,67674,0,2025-05-01,281975,0,SKU036,112790,0
CV,168881,v1.0.0,57902,0,2025-05-01,48252,0,SKU036,96503,0
FS,126955,v1.0.0,76173,0,2025-05-01,0,0,SKU036,126955,0
MT,102452,v1.0.0,30736,0,2025-06-01,46104,0,SKU001,92207,0
GT,51334,v1.0.0,24640,0,2025-06-01,0,0,SKU001,41067,0
EC,175430,v1.0.0,24767,0,2025-06-01,103194,0,SKU001,41278,0
CV,98828,v1.0.0,33884,0,2025-06-01,28237,0,SKU001,56473,0
FS,52110,v1.0.0,31266,0,2025-06-01,0,0,SKU001,52110,0
MT,105948,v1.0.0,31784,0,2025-06-01,47676,0,SKU002,95353,0
GT,85946,v1.0.0,41254,0,2025-06-01,0,0,SKU002,68757,0
EC,241778,v1.0.0,34133,0,2025-06-01,142222,0,SKU002,56889,0
CV,91733,v1.0.0,31451,0,2025-06-01,26210,0,SKU002,52419,0
FS,65977,v1.0.0,39586,0,2025-06-01,0,0,SKU002,65977,0
MT,150890,v1.0.0,45267,0,2025-06-01,67900,0,SKU003,135801,0
GT,87750,v1.0.0,42120,0,2025-06-01,0,0,SKU003,70200,0
EC,303628,v1.0.0,42865,0,2025-06-01,178605,0,SKU003,71442,0
CV,124858,v1.0.0,42808,0,2025-06-01,35674,0,SKU003,71348,0
FS,84920,v1.0.0,50952,0,2025-06-01,0,0,SKU003,84920,0
MT,154595,v1.0.0,46379,0,2025-06-01,69568,0,SKU004,139136,0
GT,122265,v1.0.0,58687,0,2025-06-01,0,0,SKU004,97812,0
EC,314087,v1.0.0,44342,0,2025-06-01,184757,0,SKU004,73903,0
CV,145166,v1.0.0,49771,0,2025-06-01,41476,0,SKU004,82952,0
FS,105610,v1.0.0,63366,0,2025-06-01,0,0,SKU004,105610,0
MT,211475,v1.0.0,63443,0,2025-06-01,95164,0,SKU005,190328,0
GT,129480,v1.0.0,62150,0,2025-06-01,0,0,SKU005,103584,0
EC,446221,v1.0.0,62996,0,2025-06-01,262483,0,SKU005,104993,0
CV,172519,v1.0.0,59149,0,2025-06-01,49291,0,SKU005,98582,0
FS,100051,v1.0.0,60031,0,2025-06-01,0,0,SKU005,100051,0
MT,259015,v1.0.0,77705,0,2025-06-01,116557,0,SKU006,233114,0
GT,132393,v1.0.0,63549,0,2025-06-01,0,0,SKU006,105914,0
EC,431152,v1.0.0,60869,0,2025-06-01,253619,0,SKU006,101448,0
CV,232484,v1.0.0,79709,0,2025-06-01,66424,0,SKU006,132848,0
FS,118531,v1.0.0,71119,0,2025-06-01,0,0,SKU006,118531,0
MT,290511,v1.0.0,87153,0,2025-06-01,130730,0,SKU007,261460,0
GT,150199,v1.0.0,72095,0,2025-06-01,0,0,SKU007,120159,0
EC,453194,v1.0.0,63980,0,2025-06-01,266584,0,SKU007,106634,0
CV,260565,v1.0.0,89337,0,2025-06-01,74447,0,SKU007,148894,0
FS,136991,v1.0.0,82195,0,2025-06-01,0,0,SKU007,136991,0
MT,337688,v1.0.0,101306,0,2025-06-01,151960,0,SKU008,303919,0
GT,176109,v1.0.0,84532,0,2025-06-01,0,0,SKU008,140888,0
EC,688225,v1.0.0,97161,0,2025-06-01,404838,0,SKU008,161935,0
CV,269892,v1.0.0,92534,0,2025-06-01,77112,0,SKU008,154224,0
FS,148465,v1.0.0,89079,0,2025-06-01,0,0,SKU008,148465,0
MT,284666,v1.0.0,85400,0,2025-06-01,128100,0,SKU009,256200,0
GT,220886,v1.0.0,106025,0,2025-06-01,0,0,SKU009,176709,0
EC,724210,v1.0.0,102241,0,2025-06-01,426006,0,SKU009,170402,0
CV,220610,v1.0.0,75638,0,2025-06-01,63032,0,SKU009,126063,0
FS,181999,v1.0.0,109199,0,2025-06-01,0,0,SKU009,181999,0
MT,151272,v1.0.0,45382,0,2025-06-01,68072,0,SKU010,136145,0
GT,85995,v1.0.0,41278,0,2025-06-01,0,0,SKU010,68796,0
EC,245602,v1.0.0,34673,0,2025-06-01,144472,0,SKU010,57789,0
CV,154791,v1.0.0,53071,0,2025-06-01,44226,0,SKU010,88452,0
FS,58711,v1.0.0,35226,0,2025-06-01,0,0,SKU010,58711,0
MT,163439,v1.0.0,49032,0,2025-06-01,73547,0,SKU011,147095,0
GT,118438,v1.0.0,56850,0,2025-06-01,0,0,SKU011,94750,0
EC,332042,v1.0.0,46877,0,2025-06-01,195319,0,SKU011,78128,0
CV,191289,v1.0.0,65585,0,2025-06-01,54654,0,SKU011,109308,0
FS,82575,v1.0.0,49545,0,2025-06-01,0,0,SKU011,82575,0
MT,270265,v1.0.0,81080,0,2025-06-01,121619,0,SKU012,243238,0
GT,101766,v1.0.0,48848,0,2025-06-01,0,0,SKU012,81412,0
EC,479808,v1.0.0,67738,0,2025-06-01,282240,0,SKU012,112896,0
CV,160414,v1.0.0,54999,0,2025-06-01,45832,0,SKU012,91665,0
FS,115318,v1.0.0,69190,0,2025-06-01,0,0,SKU012,115318,0
MT,206853,v1.0.0,62056,0,2025-06-01,93084,0,SKU013,186168,0
GT,160473,v1.0.0,77027,0,2025-06-01,0,0,SKU013,128378,0
EC,412372,v1.0.0,58217,0,2025-06-01,242572,0,SKU013,97029,0
CV,213979,v1.0.0,73364,0,2025-06-01,61137,0,SKU013,122274,0
FS,141913,v1.0.0,85148,0,2025-06-01,0,0,SKU013,141913,0
MT,235923,v1.0.0,70777,0,2025-06-01,106165,0,SKU014,212331,0
GT,205920,v1.0.0,98842,0,2025-06-01,0,0,SKU014,164736,0
EC,467813,v1.0.0,66044,0,2025-06-01,275184,0,SKU014,110074,0
CV,241315,v1.0.0,82737,0,2025-06-01,68947,0,SKU014,137894,0
FS,140195,v1.0.0,84117,0,2025-06-01,0,0,SKU014,140195,0
MT,359366,v1.0.0,107810,0,2025-06-01,161715,0,SKU015,323430,0
GT,180850,v1.0.0,86808,0,2025-06-01,0,0,SKU015,144680,0
EC,753186,v1.0.0,106332,0,2025-06-01,443051,0,SKU015,177220,0
CV,299411,v1.0.0,102655,0,2025-06-01,85546,0,SKU015,171092,0
FS,167177,v1.0.0,100306,0,2025-06-01,0,0,SKU015,167177,0
MT,445450,v1.0.0,133635,0,2025-06-01,200453,0,SKU016,400905,0
GT,204384,v1.0.0,98104,0,2025-06-01,0,0,SKU016,163508,0
EC,847911,v1.0.0,119705,0,2025-06-01,498771,0,SKU016,199508,0
CV,323771,v1.0.0,111007,0,2025-06-01,92506,0,SKU016,185012,0
FS,188175,v1.0.0,112905,0,2025-06-01,0,0,SKU016,188175,0
MT,217549,v1.0.0,65265,0,2025-06-01,97897,0,SKU017,195794,0
GT,125348,v1.0.0,60167,0,2025-06-01,0,0,SKU017,100279,0
EC,430140,v1.0.0,60726,0,2025-06-01,253024,0,SKU017,101210,0
CV,192579,v1.0.0,66027,0,2025-06-01,55023,0,SKU017,110045,0
FS,117296,v1.0.0,70377,0,2025-06-01,0,0,SKU017,117296,0
MT,210864,v1.0.0,63259,0,2025-06-01,94889,0,SKU018,189778,0
GT,136792,v1.0.0,65660,0,2025-06-01,0,0,SKU018,109434,0
EC,455218,v1.0.0,64266,0,2025-06-01,267775,0,SKU018,107110,0
CV,200831,v1.0.0,68856,0,2025-06-01,57380,0,SKU018,114761,0
FS,137609,v1.0.0,82565,0,2025-06-01,0,0,SKU018,137609,0
MT,94201,v1.0.0,28260,0,2025-06-01,42391,0,SKU019,84781,0
GT,54405,v1.0.0,26114,0,2025-06-01,0,0,SKU019,43524,0
EC,152489,v1.0.0,21528,0,2025-06-01,89699,0,SKU019,35880,0
CV,88112,v1.0.0,30210,0,2025-06-01,25175,0,SKU019,50350,0
FS,36824,v1.0.0,22095,0,2025-06-01,0,0,SKU019,36824,0
MT,121552,v1.0.0,36466,0,2025-06-01,54699,0,SKU020,109397,0
GT,74941,v1.0.0,35972,0,2025-06-01,0,0,SKU020,59953,0
EC,217600,v1.0.0,30720,0,2025-06-01,128000,0,SKU020,51200,0
CV,83911,v1.0.0,28770,0,2025-06-01,23975,0,SKU020,47949,0
FS,65147,v1.0.0,39088,0,2025-06-01,0,0,SKU020,65147,0
MT,169990,v1.0.0,50997,0,2025-06-01,76496,0,SKU021,152991,0
GT,98719,v1.0.0,47385,0,2025-06-01,0,0,SKU021,78975,0
EC,281138,v1.0.0,39690,0,2025-06-01,165375,0,SKU021,66150,0
CV,147184,v1.0.0,50463,0,2025-06-01,42052,0,SKU021,84105,0
FS,72858,v1.0.0,43714,0,2025-06-01,0,0,SKU021,72858,0
MT,182902,v1.0.0,54870,0,2025-06-01,82306,0,SKU022,164611,0
GT,114623,v1.0.0,55019,0,2025-06-01,0,0,SKU022,91699,0
EC,337590,v1.0.0,47660,0,2025-06-01,198582,0,SKU022,79433,0
CV,174388,v1.0.0,59790,0,2025-06-01,49825,0,SKU022,99650,0
FS,68756,v1.0.0,41254,0,2025-06-01,0,0,SKU022,68756,0
MT,179693,v1.0.0,53908,0,2025-06-01,80862,0,SKU023,161723,0
GT,117000,v1.0.0,56160,0,2025-06-01,0,0,SKU023,93600,0
EC,393443,v1.0.0,55545,0,2025-06-01,231437,0,SKU023,92575,0
CV,169344,v1.0.0,58061,0,2025-06-01,48384,0,SKU023,96768,0
FS,101904,v1.0.0,61142,0,2025-06-01,0,0,SKU023,101904,0
MT,250878,v1.0.0,75264,0,2025-06-01,112895,0,SKU024,225790,0
GT,173062,v1.0.0,83070,0,2025-06-01,0,0,SKU024,138450,0
EC,433814,v1.0.0,61244,0,2025-06-01,255185,0,SKU024,102074,0
CV,239529,v1.0.0,82124,0,2025-06-01,68437,0,SKU024,136874,0
FS,141141,v1.0.0,84685,0,2025-06-01,0,0,SKU024,141141,0
MT,292001,v1.0.0,87600,0,2025-06-01,131400,0,SKU025,262801,0
GT,200582,v1.0.0,96279,0,2025-06-01,0,0,SKU025,160466,0
EC,739729,v1.0.0,104432,0,2025-06-01,435135,0,SKU025,174054,0
CV,236056,v1.0.0,80934,0,2025-06-01,67445,0,SKU025,134889,0
FS,144518,v1.0.0,86711,0,2025-06-01,0,0,SKU025,144518,0
MT,331194,v1.0.0,99358,0,2025-06-01,149037,0,SKU026,298074,0
GT,162642,v1.0.0,78068,0,2025-06-01,0,0,SKU026,130114,0
EC,653176,v1.0.0,92213,0,2025-06-01,384221,0,SKU026,153688,0
CV,241778,v1.0.0,82895,0,2025-06-01,69080,0,SKU026,138159,0
FS,184556,v1.0.0,110734,0,2025-06-01,0,0,SKU026,184556,0
MT,379555,v1.0.0,113867,0,2025-06-01,170800,0,SKU027,341600,0
GT,216401,v1.0.0,103873,0,2025-06-01,0,0,SKU027,173121,0
EC,655238,v1.0.0,92504,0,2025-06-01,385434,0,SKU027,154174,0
CV,339283,v1.0.0,116326,0,2025-06-01,96938,0,SKU027,193876,0
FS,215735,v1.0.0,129441,0,2025-06-01,0,0,SKU027,215735,0
MT,176713,v1.0.0,53014,0,2025-06-01,79521,0,SKU028,159042,0
GT,97402,v1.0.0,46753,0,2025-06-01,0,0,SKU028,77922,0
EC,228059,v1.0.0,32197,0,2025-06-01,134152,0,SKU028,53661,0
CV,132168,v1.0.0,45315,0,2025-06-01,37762,0,SKU028,75524,0
FS,78512,v1.0.0,47107,0,2025-06-01,0,0,SKU028,78512,0
MT,218466,v1.0.0,65540,0,2025-06-01,98310,0,SKU029,196619,0
GT,104288,v1.0.0,50058,0,2025-06-01,0,0,SKU029,83431,0
EC,391681,v1.0.0,55296,0,2025-06-01,230400,0,SKU029,92160,0
CV,160000,v1.0.0,54857,0,2025-06-01,45714,0,SKU029,91429,0
FS,113696,v1.0.0,68218,0,2025-06-01,0,0,SKU029,113696,0
MT,211055,v1.0.0,63316,0,2025-06-01,94975,0,SKU030,189950,0
GT,142594,v1.0.0,68445,0,2025-06-01,0,0,SKU030,114075,0
EC,502299,v1.0.0,70913,0,2025-06-01,295470,0,SKU030,118188,0
CV,183566,v1.0.0,62937,0,2025-06-01,52448,0,SKU030,104895,0
FS,111940,v1.0.0,67164,0,2025-06-01,0,0,SKU030,111940,0
MT,250401,v1.0.0,75120,0,2025-06-01,112680,0,SKU031,225361,0
GT,182008,v1.0.0,87364,0,2025-06-01,0,0,SKU031,145606,0
EC,506385,v1.0.0,71490,0,2025-06-01,297873,0,SKU031,119149,0
CV,189470,v1.0.0,64961,0,2025-06-01,54134,0,SKU031,108269,0
FS,153464,v1.0.0,92078,0,2025-06-01,0,0,SKU031,153464,0
MT,251814,v1.0.0,75544,0,2025-06-01,113316,0,SKU032,226633,0
GT,253500,v1.0.0,121680,0,2025-06-01,0,0,SKU032,202800,0
EC,551779,v1.0.0,77898,0,2025-06-01,324576,0,SKU032,129830,0
CV,193687,v1.0.0,66407,0,2025-06-01,55339,0,SKU032,110678,0
FS,151312,v1.0.0,90787,0,2025-06-01,0,0,SKU032,151312,0
MT,395981,v1.0.0,118794,0,2025-06-01,178192,0,SKU033,356383,0
GT,251806,v1.0.0,120867,0,2025-06-01,0,0,SKU033,201445,0
EC,726572,v1.0.0,102575,0,2025-06-01,427395,0,SKU033,170958,0
CV,339333,v1.0.0,116343,0,2025-06-01,96952,0,SKU033,193905,0
FS,180194,v1.0.0,108117,0,2025-06-01,0,0,SKU033,180194,0
MT,190694,v1.0.0,57208,0,2025-06-01,85812,0,SKU034,171625,0
GT,128334,v1.0.0,61600,0,2025-06-01,0,0,SKU034,102668,0
EC,397641,v1.0.0,56138,0,2025-06-01,233906,0,SKU034,93563,0
CV,126413,v1.0.0,43341,0,2025-06-01,36118,0,SKU034,72236,0
FS,95593,v1.0.0,57356,0,2025-06-01,0,0,SKU034,95593,0
MT,228914,v1.0.0,68674,0,2025-06-01,103011,0,SKU035,206022,0
GT,127420,v1.0.0,61162,0,2025-06-01,0,0,SKU035,101936,0
EC,407837,v1.0.0,57577,0,2025-06-01,239904,0,SKU035,95962,0
CV,168683,v1.0.0,57834,0,2025-06-01,48195,0,SKU035,96390,0
FS,95969,v1.0.0,57582,0,2025-06-01,0,0,SKU035,95969,0
MT,203835,v1.0.0,61151,0,2025-06-01,91726,0,SKU036,183452,0
GT,144641,v1.0.0,69428,0,2025-06-01,0,0,SKU036,115713,0
EC,613854,v1.0.0,86662,0,2025-06-01,361091,0,SKU036,144436,0
CV,164317,v1.0.0,56337,0,2025-06-01,46948,0,SKU036,93895,0
FS,110975,v1.0.0,66585,0,2025-06-01,0,0,SKU036,110975,0
MT,85950,v1.0.0,25785,0,2025-07-01,38678,0,SKU001,96694,0
GT,67129,v1.0.0,32222,0,2025-07-01,0,0,SKU001,53703,0
EC,186225,v1.0.0,26291,0,2025-07-01,109544,0,SKU001,43818,0
CV,87516,v1.0.0,30006,0,2025-07-01,25005,0,SKU001,50009,0
FS,36824,v1.0.0,22095,0,2025-07-01,0,0,SKU001,36824,0
MT,119910,v1.0.0,35973,0,2025-07-01,53959,0,SKU002,134899,0
GT,72845,v1.0.0,34965,0,2025-07-01,0,0,SKU002,58276,0
EC,249838,v1.0.0,35271,0,2025-07-01,146963,0,SKU002,58785,0
CV,110222,v1.0.0,37791,0,2025-07-01,31492,0,SKU002,62984,0
FS,52284,v1.0.0,31370,0,2025-07-01,0,0,SKU002,52284,0
MT,148025,v1.0.0,44408,0,2025-07-01,66611,0,SKU003,166528,0
GT,76781,v1.0.0,36855,0,2025-07-01,0,0,SKU003,61425,0
EC,296132,v1.0.0,41807,0,2025-07-01,174195,0,SKU003,69678,0
CV,140569,v1.0.0,48195,0,2025-07-01,40162,0,SKU003,80325,0
FS,67068,v1.0.0,40240,0,2025-07-01,0,0,SKU003,67068,0
MT,164394,v1.0.0,49318,0,2025-07-01,73977,0,SKU004,184943,0
GT,104898,v1.0.0,50351,0,2025-07-01,0,0,SKU004,83918,0
EC,271354,v1.0.0,38309,0,2025-07-01,159620,0,SKU004,63848,0
CV,159306,v1.0.0,54619,0,2025-07-01,45516,0,SKU004,91032,0
FS,84708,v1.0.0,50825,0,2025-07-01,0,0,SKU004,84708,0
MT,222477,v1.0.0,66743,0,2025-07-01,100115,0,SKU005,250286,0
GT,121680,v1.0.0,58406,0,2025-07-01,0,0,SKU005,97344,0
EC,388644,v1.0.0,54867,0,2025-07-01,228614,0,SKU005,91446,0
CV,187337,v1.0.0,64230,0,2025-07-01,53525,0,SKU005,107050,0
FS,87082,v1.0.0,52249,0,2025-07-01,0,0,SKU005,87082,0
MT,227825,v1.0.0,68347,0,2025-07-01,102521,0,SKU006,256303,0
GT,170467,v1.0.0,81824,0,2025-07-01,0,0,SKU006,136373,0
EC,452444,v1.0.0,63874,0,2025-07-01,266144,0,SKU006,106457,0
CV,203130,v1.0.0,69645,0,2025-07-01,58037,0,SKU006,116074,0
FS,139771,v1.0.0,83862,0,2025-07-01,0,0,SKU006,139771,0
MT,284552,v1.0.0,85366,0,2025-07-01,128048,0,SKU007,320121,0
GT,199631,v1.0.0,95823,0,2025-07-01,0,0,SKU007,159705,0
EC,567223,v1.0.0,80079,0,2025-07-01,333661,0,SKU007,133464,0
CV,268304,v1.0.0,91990,0,2025-07-01,76658,0,SKU007,153317,0
FS,113658,v1.0.0,68195,0,2025-07-01,0,0,SKU007,113658,0
MT,404252,v1.0.0,121275,0,2025-07-01,181913,0,SKU008,454783,0
GT,183361,v1.0.0,88013,0,2025-07-01,0,0,SKU008,146689,0
EC,621314,v1.0.0,87715,0,2025-07-01,365479,0,SKU008,146192,0
CV,254429,v1.0.0,87233,0,2025-07-01,72694,0,SKU008,145388,0
FS,142724,v1.0.0,85634,0,2025-07-01,0,0,SKU008,142724,0
MT,374284,v1.0.0,112285,0,2025-07-01,168428,0,SKU009,421069,0
GT,232099,v1.0.0,111407,0,2025-07-01,0,0,SKU009,185679,0
EC,782837,v1.0.0,110518,0,2025-07-01,460492,0,SKU009,184197,0
CV,308854,v1.0.0,105893,0,2025-07-01,88244,0,SKU009,176488,0
FS,193540,v1.0.0,116124,0,2025-07-01,0,0,SKU009,193540,0
MT,158148,v1.0.0,47444,0,2025-07-01,71167,0,SKU010,177916,0
GT,80291,v1.0.0,38540,0,2025-07-01,0,0,SKU010,64233,0
EC,296881,v1.0.0,41913,0,2025-07-01,174636,0,SKU010,69854,0
CV,105972,v1.0.0,36333,0,2025-07-01,30278,0,SKU010,60556,0
FS,72259,v1.0.0,43356,0,2025-07-01,0,0,SKU010,72259,0
MT,171652,v1.0.0,51496,0,2025-07-01,77243,0,SKU011,193108,0
GT,116342,v1.0.0,55844,0,2025-07-01,0,0,SKU011,93074,0
EC,265956,v1.0.0,37547,0,2025-07-01,156445,0,SKU011,62578,0
CV,142222,v1.0.0,48762,0,2025-07-01,40635,0,SKU011,81270,0
FS,93779,v1.0.0,56267,0,2025-07-01,0,0,SKU011,93779,0
MT,164260,v1.0.0,49278,0,2025-07-01,73917,0,SKU012,184792,0
GT,140766,v1.0.0,67568,0,2025-07-01,0,0,SKU012,112612,0
EC,342988,v1.0.0,48422,0,2025-07-01,201758,0,SKU012,80703,0
CV,187701,v1.0.0,64354,0,2025-07-01,53629,0,SKU012,107258,0
FS,93122,v1.0.0,55874,0,2025-07-01,0,0,SKU012,93122,0
MT,227538,v1.0.0,68261,0,2025-07-01,102392,0,SKU013,255981,0
GT,126433,v1.0.0,60688,0,2025-07-01,0,0,SKU013,101146,0
EC,499975,v1.0.0,70585,0,2025-07-01,294103,0,SKU013,117641,0
CV,206438,v1.0.0,70779,0,2025-07-01,58982,0,SKU013,117964,0
FS,134762,v1.0.0,80857,0,2025-07-01,0,0,SKU013,134762,0
MT,311712,v1.0.0,93514,0,2025-07-01,140270,0,SKU014,350676,0
GT,209820,v1.0.0,100714,0,2025-07-01,0,0,SKU014,167856,0
EC,635746,v1.0.0,89752,0,2025-07-01,373968,0,SKU014,149587,0
CV,273067,v1.0.0,93623,0,2025-07-01,78019,0,SKU014,156038,0
FS,143901,v1.0.0,86340,0,2025-07-01,0,0,SKU014,143901,0
MT,398693,v1.0.0,119608,0,2025-07-01,179412,0,SKU015,448530,0
GT,227577,v1.0.0,109237,0,2025-07-01,0,0,SKU015,182062,0
EC,561563,v1.0.0,79279,0,2025-07-01,330331,0,SKU015,132132,0
CV,302934,v1.0.0,103863,0,2025-07-01,86553,0,SKU015,173105,0
FS,130178,v1.0.0,78107,0,2025-07-01,0,0,SKU015,130178,0
MT,373940,v1.0.0,112182,0,2025-07-01,168273,0,SKU016,420682,0
GT,301348,v1.0.0,144647,0,2025-07-01,0,0,SKU016,241078,0
EC,669557,v1.0.0,94526,0,2025-07-01,393857,0,SKU016,157543,0
CV,261855,v1.0.0,89779,0,2025-07-01,74816,0,SKU016,149631,0
FS,238606,v1.0.0,143164,0,2025-07-01,0,0,SKU016,238606,0
MT,279242,v1.0.0,83773,0,2025-07-01,125659,0,SKU017,314147,0
GT,168858,v1.0.0,81052,0,2025-07-01,0,0,SKU017,135086,0
EC,388719,v1.0.0,54878,0,2025-07-01,228658,0,SKU017,91463,0
CV,206636,v1.0.0,70847,0,2025-07-01,59039,0,SKU017,118078,0
FS,97610,v1.0.0,58566,0,2025-07-01,0,0,SKU017,97610,0
MT,272366,v1.0.0,81710,0,2025-07-01,122565,0,SKU018,306412,0
GT,124459,v1.0.0,59740,0,2025-07-01,0,0,SKU018,99567,0
EC,524190,v1.0.0,74003,0,2025-07-01,308347,0,SKU018,123339,0
CV,203874,v1.0.0,69900,0,2025-07-01,58250,0,SKU018,116500,0
FS,122516,v1.0.0,73510,0,2025-07-01,0,0,SKU018,122516,0
MT,108641,v1.0.0,32592,0,2025-07-01,48888,0,SKU019,122221,0
GT,69761,v1.0.0,33485,0,2025-07-01,0,0,SKU019,55809,0
EC,197021,v1.0.0,27815,0,2025-07-01,115895,0,SKU019,46358,0
CV,79777,v1.0.0,27352,0,2025-07-01,22793,0,SKU019,45587,0
FS,56279,v1.0.0,33767,0,2025-07-01,0,0,SKU019,56279,0
MT,112518,v1.0.0,33755,0,2025-07-01,50633,0,SKU020,126583,0
GT,77561,v1.0.0,37229,0,2025-07-01,0,0,SKU020,62049,0
EC,232107,v1.0.0,32768,0,2025-07-01,136534,0,SKU020,54613,0
CV,83200,v1.0.0,28526,0,2025-07-01,23771,0,SKU020,47543,0
FS,57263,v1.0.0,34358,0,2025-07-01,0,0,SKU020,57263,0
MT,127970,v1.0.0,38391,0,2025-07-01,57586,0,SKU021,143966,0
GT,130406,v1.0.0,62595,0,2025-07-01,0,0,SKU021,104325,0
EC,260521,v1.0.0,36779,0,2025-07-01,153248,0,SKU021,61299,0
CV,138915,v1.0.0,47628,0,2025-07-01,39690,0,SKU021,79380,0
FS,82025,v1.0.0,49215,0,2025-07-01,0,0,SKU021,82025,0
MT,179636,v1.0.0,53891,0,2025-07-01,80836,0,SKU022,202090,0
GT,116708,v1.0.0,56020,0,2025-07-01,0,0,SKU022,93366,0
EC,373913,v1.0.0,52788,0,2025-07-01,219949,0,SKU022,87980,0
CV,192298,v1.0.0,65931,0,2025-07-01,54942,0,SKU022,109885,0
FS,75357,v1.0.0,45214,0,2025-07-01,0,0,SKU022,75357,0
MT,239590,v1.0.0,71877,0,2025-07-01,107816,0,SKU023,269539,0
GT,116220,v1.0.0,55786,0,2025-07-01,0,0,SKU023,92976,0
EC,395842,v1.0.0,55884,0,2025-07-01,232848,0,SKU023,93139,0
CV,174636,v1.0.0,59875,0,2025-07-01,49896,0,SKU023,99792,0
FS,119197,v1.0.0,71518,0,2025-07-01,0,0,SKU023,119197,0
MT,215620,v1.0.0,64686,0,2025-07-01,97029,0,SKU024,242572,0
GT,160948,v1.0.0,77255,0,2025-07-01,0,0,SKU024,128758,0
EC,417845,v1.0.0,58990,0,2025-07-01,245791,0,SKU024,98317,0
CV,196085,v1.0.0,67229,0,2025-07-01,56024,0,SKU024,112049,0
FS,106198,v1.0.0,63719,0,2025-07-01,0,0,SKU024,106198,0
MT,309878,v1.0.0,92964,0,2025-07-01,139445,0,SKU025,348613,0
GT,162557,v1.0.0,78027,0,2025-07-01,0,0,SKU025,130046,0
EC,543832,v1.0.0,76776,0,2025-07-01,319901,0,SKU025,127961,0
CV,250245,v1.0.0,85798,0,2025-07-01,71499,0,SKU025,142997,0
FS,125701,v1.0.0,75421,0,2025-07-01,0,0,SKU025,125701,0
MT,412369,v1.0.0,123711,0,2025-07-01,185566,0,SKU026,463915,0
GT,170930,v1.0.0,82046,0,2025-07-01,0,0,SKU026,136744,0
EC,691411,v1.0.0,97611,0,2025-07-01,406712,0,SKU026,162685,0
CV,257241,v1.0.0,88197,0,2025-07-01,73497,0,SKU026,146995,0
FS,166511,v1.0.0,99906,0,2025-07-01,0,0,SKU026,166511,0
MT,372526,v1.0.0,111758,0,2025-07-01,167637,0,SKU027,419092,0
GT,176036,v1.0.0,84497,0,2025-07-01,0,0,SKU027,140829,0
EC,703518,v1.0.0,99320,0,2025-07-01,413834,0,SKU027,165534,0
CV,333198,v1.0.0,114239,0,2025-07-01,95199,0,SKU027,190399,0
FS,184662,v1.0.0,110797,0,2025-07-01,0,0,SKU027,184662,0
MT,154022,v1.0.0,46207,0,2025-07-01,69310,0,SKU028,173275,0
GT,87311,v1.0.0,41909,0,2025-07-01,0,0,SKU028,69849,0
EC,330618,v1.0.0,46675,0,2025-07-01,194481,0,SKU028,77792,0
CV,135740,v1.0.0,46539,0,2025-07-01,38783,0,SKU028,77566,0
FS,80597,v1.0.0,48358,0,2025-07-01,0,0,SKU028,80597,0
MT,176580,v1.0.0,52974,0,2025-07-01,79461,0,SKU029,198652,0
GT,117914,v1.0.0,56599,0,2025-07-01,0,0,SKU029,94331,0
EC,265956,v1.0.0,37547,0,2025-07-01,156445,0,SKU029,62578,0
CV,181334,v1.0.0,62172,0,2025-07-01,51810,0,SKU029,103619,0
FS,102078,v1.0.0,61247,0,2025-07-01,0,0,SKU029,102078,0
MT,224425,v1.0.0,67328,0,2025-07-01,100991,0,SKU030,252478,0
GT,150516,v1.0.0,72248,0,2025-07-01,0,0,SKU030,120412,0
EC,477934,v1.0.0,67473,0,2025-07-01,281138,0,SKU030,112455,0
CV,194316,v1.0.0,66622,0,2025-07-01,55519,0,SKU030,111038,0
FS,126898,v1.0.0,76138,0,2025-07-01,0,0,SKU030,126898,0
MT,199232,v1.0.0,59770,0,2025-07-01,89654,0,SKU031,224136,0
GT,183398,v1.0.0,88031,0,2025-07-01,0,0,SKU031,146718,0
EC,542708,v1.0.0,76618,0,2025-07-01,319240,0,SKU031,127696,0
CV,237545,v1.0.0,81444,0,2025-07-01,67870,0,SKU031,135740,0
FS,139163,v1.0.0,83498,0,2025-07-01,0,0,SKU031,139163,0
MT,294598,v1.0.0,88380,0,2025-07-01,132569,0,SKU032,331423,0
GT,206700,v1.0.0,99216,0,2025-07-01,0,0,SKU032,165360,0
EC,563774,v1.0.0,79592,0,2025-07-01,331632,0,SKU032,132653,0
CV,287885,v1.0.0,98703,0,2025-07-01,82253,0,SKU032,164506,0
FS,177251,v1.0.0,106351,0,2025-07-01,0,0,SKU032,177251,0
MT,406830,v1.0.0,122049,0,2025-07-01,183074,0,SKU033,457684,0
GT,159218,v1.0.0,76424,0,2025-07-01,0,0,SKU033,127374,0
EC,697296,v1.0.0,98442,0,2025-07-01,410174,0,SKU033,164070,0
CV,318198,v1.0.0,109096,0,2025-07-01,90914,0,SKU033,181827,0
FS,173343,v1.0.0,104006,0,2025-07-01,0,0,SKU033,173343,0
MT,177286,v1.0.0,53186,0,2025-07-01,79779,0,SKU034,199447,0
GT,91260,v1.0.0,43805,0,2025-07-01,0,0,SKU034,73008,0
EC,415184,v1.0.0,58614,0,2025-07-01,244226,0,SKU034,97690,0
CV,180590,v1.0.0,61916,0,2025-07-01,51597,0,SKU034,103194,0
FS,97098,v1.0.0,58259,0,2025-07-01,0,0,SKU034,97098,0
MT,219172,v1.0.0,65752,0,2025-07-01,98628,0,SKU035,246569,0
GT,145031,v1.0.0,69615,0,2025-07-01,0,0,SKU035,116025,0
EC,395092,v1.0.0,55778,0,2025-07-01,232407,0,SKU035,92963,0
CV,189768,v1.0.0,65063,0,2025-07-01,54219,0,SKU035,108439,0
FS,121397,v1.0.0,72838,0,2025-07-01,0,0,SKU035,121397,0
MT,207350,v1.0.0,62205,0,2025-07-01,93307,0,SKU036,233268,0
GT,141278,v1.0.0,67813,0,2025-07-01,0,0,SKU036,113022,0
EC,603508,v1.0.0,85201,0,2025-07-01,355005,0,SKU036,142002,0
CV,234303,v1.0.0,80333,0,2025-07-01,66944,0,SKU036,133888,0
FS,118077,v1.0.0,70846,0,2025-07-01,0,0,SKU036,118077,0
MT,110704,v1.0.0,33211,0,2025-08-01,49817,0,SKU001,124542,0
GT,55282,v1.0.0,26536,0,2025-08-01,0,0,SKU001,44226,0
EC,179478,v1.0.0,25338,0,2025-08-01,105575,0,SKU001,42230,0
CV,96447,v1.0.0,33067,0,2025-08-01,27556,0,SKU001,55112,0
FS,38214,v1.0.0,22928,0,2025-08-01,0,0,SKU001,38214,0
MT,146191,v1.0.0,43857,0,2025-08-01,65786,0,SKU002,164465,0
GT,78085,v1.0.0,37481,0,2025-08-01,0,0,SKU002,62468,0
EC,248226,v1.0.0,35044,0,2025-08-01,146015,0,SKU002,58406,0
CV,105245,v1.0.0,36084,0,2025-08-01,30070,0,SKU002,60140,0
FS,62657,v1.0.0,37594,0,2025-08-01,0,0,SKU002,62657,0
MT,163305,v1.0.0,48992,0,2025-08-01,73487,0,SKU003,183718,0
GT,101156,v1.0.0,48555,0,2025-08-01,0,0,SKU003,80925,0
EC,234281,v1.0.0,33075,0,2025-08-01,137812,0,SKU003,55125,0
CV,137261,v1.0.0,47061,0,2025-08-01,39218,0,SKU003,78435,0
FS,69480,v1.0.0,41688,0,2025-08-01,0,0,SKU003,69480,0
MT,178547,v1.0.0,53564,0,2025-08-01,80346,0,SKU004,200865,0
GT,119486,v1.0.0,57353,0,2025-08-01,0,0,SKU004,95589,0
EC,262807,v1.0.0,37102,0,2025-08-01,154593,0,SKU004,61837,0
CV,131027,v1.0.0,44923,0,2025-08-01,37436,0,SKU004,74872,0
FS,94059,v1.0.0,56435,0,2025-08-01,0,0,SKU004,94059,0
MT,229811,v1.0.0,68943,0,2025-08-01,103415,0,SKU005,258538,0
GT,126360,v1.0.0,60653,0,2025-08-01,0,0,SKU005,101088,0
EC,455818,v1.0.0,64351,0,2025-08-01,268128,0,SKU005,107251,0
CV,168286,v1.0.0,57698,0,2025-08-01,48082,0,SKU005,96163,0
FS,105610,v1.0.0,63366,0,2025-08-01,0,0,SKU005,105610,0
MT,210196,v1.0.0,63059,0,2025-08-01,94588,0,SKU006,236470,0
GT,204214,v1.0.0,98023,0,2025-08-01,0,0,SKU006,163371,0
EC,457767,v1.0.0,64626,0,2025-08-01,269275,0,SKU006,107710,0
CV,211349,v1.0.0,72463,0,2025-08-01,60386,0,SKU006,120771,0
FS,117161,v1.0.0,70296,0,2025-08-01,0,0,SKU006,117161,0
MT,394797,v1.0.0,118439,0,2025-08-01,177659,0,SKU007,444147,0
GT,197730,v1.0.0,94910,0,2025-08-01,0,0,SKU007,158184,0
EC,535061,v1.0.0,75538,0,2025-08-01,314742,0,SKU007,125897,0
CV,228317,v1.0.0,78280,0,2025-08-01,65233,0,SKU007,130467,0
FS,164089,v1.0.0,98453,0,2025-08-01,0,0,SKU007,164089,0
MT,284112,v1.0.0,85234,0,2025-08-01,127851,0,SKU008,319627,0
GT,198900,v1.0.0,95472,0,2025-08-01,0,0,SKU008,159120,0
EC,462003,v1.0.0,65224,0,2025-08-01,271766,0,SKU008,108706,0
CV,268486,v1.0.0,92052,0,2025-08-01,76710,0,SKU008,153421,0
FS,133701,v1.0.0,80220,0,2025-08-01,0,0,SKU008,133701,0
MT,339140,v1.0.0,101742,0,2025-08-01,152613,0,SKU009,381532,0
GT,260130,v1.0.0,124862,0,2025-08-01,0,0,SKU009,208104,0
EC,672481,v1.0.0,94938,0,2025-08-01,395577,0,SKU009,158231,0
CV,346891,v1.0.0,118934,0,2025-08-01,99112,0,SKU009,198223,0
FS,218399,v1.0.0,131039,0,2025-08-01,0,0,SKU009,218399,0
MT,129269,v1.0.0,38781,0,2025-08-01,58171,0,SKU010,145427,0
GT,93892,v1.0.0,45068,0,2025-08-01,0,0,SKU010,75114,0
EC,318473,v1.0.0,44961,0,2025-08-01,187337,0,SKU010,74935,0
CV,151814,v1.0.0,52051,0,2025-08-01,43376,0,SKU010,86751,0
FS,68090,v1.0.0,40854,0,2025-08-01,0,0,SKU010,68090,0
MT,224215,v1.0.0,67264,0,2025-08-01,100897,0,SKU011,252242,0
GT,101668,v1.0.0,48801,0,2025-08-01,0,0,SKU011,81334,0
EC,385233,v1.0.0,54386,0,2025-08-01,226608,0,SKU011,90643,0
CV,148622,v1.0.0,50956,0,2025-08-01,42464,0,SKU011,84927,0
FS,109132,v1.0.0,65479,0,2025-08-01,0,0,SKU011,109132,0
MT,264535,v1.0.0,79360,0,2025-08-01,119041,0,SKU012,297602,0
GT,176719,v1.0.0,84825,0,2025-08-01,0,0,SKU012,141375,0
EC,489179,v1.0.0,69061,0,2025-08-01,287752,0,SKU012,115101,0
CV,186047,v1.0.0,63788,0,2025-08-01,53156,0,SKU012,106312,0
FS,82025,v1.0.0,49215,0,2025-08-01,0,0,SKU012,82025,0
MT,241691,v1.0.0,72507,0,2025-08-01,108761,0,SKU013,271903,0
GT,175061,v1.0.0,84029,0,2025-08-01,0,0,SKU013,140049,0
EC,423056,v1.0.0,59726,0,2025-08-01,248856,0,SKU013,99543,0
CV,266766,v1.0.0,91463,0,2025-08-01,76219,0,SKU013,152438,0
FS,141363,v1.0.0,84818,0,2025-08-01,0,0,SKU013,141363,0
MT,249370,v1.0.0,74811,0,2025-08-01,112216,0,SKU014,280541,0
GT,163020,v1.0.0,78250,0,2025-08-01,0,0,SKU014,130416,0
EC,664534,v1.0.0,93817,0,2025-08-01,390902,0,SKU014,156361,0
CV,232848,v1.0.0,79834,0,2025-08-01,66528,0,SKU014,133056,0
FS,137107,v1.0.0,82264,0,2025-08-01,0,0,SKU014,137107,0
MT,307835,v1.0.0,92350,0,2025-08-01,138526,0,SKU015,346314,0
GT,275169,v1.0.0,132081,0,2025-08-01,0,0,SKU015,220136,0
EC,739879,v1.0.0,104453,0,2025-08-01,435223,0,SKU015,174089,0
CV,252445,v1.0.0,86553,0,2025-08-01,72127,0,SKU015,144254,0
FS,154159,v1.0.0,92495,0,2025-08-01,0,0,SKU015,154159,0
MT,362021,v1.0.0,108606,0,2025-08-01,162910,0,SKU016,407274,0
GT,293743,v1.0.0,140997,0,2025-08-01,0,0,SKU016,234994,0
EC,959016,v1.0.0,135391,0,2025-08-01,564127,0,SKU016,225651,0
CV,389557,v1.0.0,133563,0,2025-08-01,111302,0,SKU016,222604,0
FS,187422,v1.0.0,112453,0,2025-08-01,0,0,SKU016,187422,0
MT,201314,v1.0.0,60394,0,2025-08-01,90591,0,SKU017,226478,0
GT,130528,v1.0.0,62654,0,2025-08-01,0,0,SKU017,104422,0
EC,442885,v1.0.0,62525,0,2025-08-01,260521,0,SKU017,104208,0
CV,171494,v1.0.0,58798,0,2025-08-01,48998,0,SKU017,97996,0
FS,100070,v1.0.0,60042,0,2025-08-01,0,0,SKU017,100070,0
MT,209107,v1.0.0,62732,0,2025-08-01,94098,0,SKU018,235245,0
GT,171551,v1.0.0,82345,0,2025-08-01,0,0,SKU018,137241,0
EC,486255,v1.0.0,68648,0,2025-08-01,286033,0,SKU018,114413,0
CV,257125,v1.0.0,88157,0,2025-08-01,73464,0,SKU018,146929,0
FS,137609,v1.0.0,82565,0,2025-08-01,0,0,SKU018,137609,0
MT,99014,v1.0.0,29704,0,2025-08-01,44556,0,SKU019,111391,0
GT,68884,v1.0.0,33064,0,2025-08-01,0,0,SKU019,55107,0
EC,226709,v1.0.0,32006,0,2025-08-01,133358,0,SKU019,53343,0
CV,85135,v1.0.0,29189,0,2025-08-01,24324,0,SKU019,48649,0
FS,54194,v1.0.0,32517,0,2025-08-01,0,0,SKU019,54194,0
MT,132229,v1.0.0,39669,0,2025-08-01,59503,0,SKU020,148758,0
GT,85946,v1.0.0,41254,0,2025-08-01,0,0,SKU020,68757,0
EC,267568,v1.0.0,37774,0,2025-08-01,157393,0,SKU020,62957,0
CV,115200,v1.0.0,39497,0,2025-08-01,32914,0,SKU020,65829,0
FS,63072,v1.0.0,37843,0,2025-08-01,0,0,SKU020,63072,0
MT,191000,v1.0.0,57300,0,2025-08-01,85950,0,SKU021,214875,0
GT,82875,v1.0.0,39780,0,2025-08-01,0,0,SKU021,66300,0
EC,288634,v1.0.0,40748,0,2025-08-01,169785,0,SKU021,67914,0
CV,139742,v1.0.0,47912,0,2025-08-01,39926,0,SKU021,79852,0
FS,86368,v1.0.0,51820,0,2025-08-01,0,0,SKU021,86368,0
MT,173103,v1.0.0,51931,0,2025-08-01,77896,0,SKU022,194741,0
GT,111845,v1.0.0,53685,0,2025-08-01,0,0,SKU022,89476,0
EC,386733,v1.0.0,54598,0,2025-08-01,227490,0,SKU022,90996,0
CV,175331,v1.0.0,60113,0,2025-08-01,50094,0,SKU022,100189,0
FS,79757,v1.0.0,47854,0,2025-08-01,0,0,SKU022,79757,0
MT,232256,v1.0.0,69677,0,2025-08-01,104515,0,SKU023,261288,0
GT,106080,v1.0.0,50918,0,2025-08-01,0,0,SKU023,84864,0
EC,362255,v1.0.0,51142,0,2025-08-01,213091,0,SKU023,85236,0
CV,195804,v1.0.0,67133,0,2025-08-01,55944,0,SKU023,111888,0
FS,107462,v1.0.0,64477,0,2025-08-01,0,0,SKU023,107462,0
MT,283425,v1.0.0,85027,0,2025-08-01,127541,0,SKU024,318853,0
GT,158352,v1.0.0,76009,0,2025-08-01,0,0,SKU024,126682,0
EC,566886,v1.0.0,80031,0,2025-08-01,333462,0,SKU024,133385,0
CV,294715,v1.0.0,101045,0,2025-08-01,84204,0,SKU024,168408,0
FS,126068,v1.0.0,75641,0,2025-08-01,0,0,SKU024,126068,0
MT,299450,v1.0.0,89835,0,2025-08-01,134752,0,SKU025,336881,0
GT,170162,v1.0.0,81678,0,2025-08-01,0,0,SKU025,136130,0
EC,570147,v1.0.0,80491,0,2025-08-01,335380,0,SKU025,134152,0
CV,237346,v1.0.0,81376,0,2025-08-01,67813,0,SKU025,135626,0
FS,188175,v1.0.0,112905,0,2025-08-01,0,0,SKU025,188175,0
MT,279242,v1.0.0,83773,0,2025-08-01,125659,0,SKU026,314147,0
GT,203044,v1.0.0,97461,0,2025-08-01,0,0,SKU026,162435,0
EC,707342,v1.0.0,99860,0,2025-08-01,416084,0,SKU026,166433,0
CV,295194,v1.0.0,101210,0,2025-08-01,84341,0,SKU026,168682,0
FS,161589,v1.0.0,96954,0,2025-08-01,0,0,SKU026,161589,0
MT,346168,v1.0.0,103851,0,2025-08-01,155776,0,SKU027,389439,0
GT,233220,v1.0.0,111946,0,2025-08-01,0,0,SKU027,186576,0
EC,703518,v1.0.0,99320,0,2025-08-01,413834,0,SKU027,165534,0
CV,381884,v1.0.0,130932,0,2025-08-01,109110,0,SKU027,218219,0
FS,175784,v1.0.0,105471,0,2025-08-01,0,0,SKU027,175784,0
MT,152647,v1.0.0,45794,0,2025-08-01,68691,0,SKU028,171728,0
GT,85556,v1.0.0,41067,0,2025-08-01,0,0,SKU028,68445,0
EC,284736,v1.0.0,40198,0,2025-08-01,167492,0,SKU028,66997,0
CV,114903,v1.0.0,39395,0,2025-08-01,32829,0,SKU028,65659,0
FS,83029,v1.0.0,49817,0,2025-08-01,0,0,SKU028,83029,0
MT,165903,v1.0.0,49771,0,2025-08-01,74656,0,SKU029,186640,0
GT,124727,v1.0.0,59869,0,2025-08-01,0,0,SKU029,99782,0
EC,343325,v1.0.0,48469,0,2025-08-01,201956,0,SKU029,80782,0
CV,130845,v1.0.0,44861,0,2025-08-01,37384,0,SKU029,74768,0
FS,112036,v1.0.0,67222,0,2025-08-01,0,0,SKU029,112036,0
MT,250210,v1.0.0,75063,0,2025-08-01,112594,0,SKU030,281486,0
GT,157828,v1.0.0,75758,0,2025-08-01,0,0,SKU030,126262,0
EC,477934,v1.0.0,67473,0,2025-08-01,281138,0,SKU030,112455,0
CV,162894,v1.0.0,55850,0,2025-08-01,46541,0,SKU030,93082,0
FS,103738,v1.0.0,62242,0,2025-08-01,0,0,SKU030,103738,0
MT,300481,v1.0.0,90144,0,2025-08-01,135217,0,SKU031,338041,0
GT,154915,v1.0.0,74359,0,2025-08-01,0,0,SKU031,123932,0
EC,581167,v1.0.0,82047,0,2025-08-01,341863,0,SKU031,136745,0
CV,208323,v1.0.0,71425,0,2025-08-01,59521,0,SKU031,119042,0
FS,145763,v1.0.0,87458,0,2025-08-01,0,0,SKU031,145763,0
MT,290931,v1.0.0,87279,0,2025-08-01,130919,0,SKU032,327298,0
GT,234000,v1.0.0,112320,0,2025-08-01,0,0,SKU032,187200,0
EC,568572,v1.0.0,80269,0,2025-08-01,334454,0,SKU032,133782,0
CV,272009,v1.0.0,93260,0,2025-08-01,77717,0,SKU032,155434,0
FS,157488,v1.0.0,94493,0,2025-08-01,0,0,SKU032,157488,0
MT,353942,v1.0.0,106183,0,2025-08-01,159274,0,SKU033,398185,0
GT,232769,v1.0.0,111729,0,2025-08-01,0,0,SKU033,186215,0
EC,726572,v1.0.0,102575,0,2025-08-01,427395,0,SKU033,170958,0
CV,298237,v1.0.0,102253,0,2025-08-01,85211,0,SKU033,170421,0
FS,193897,v1.0.0,116338,0,2025-08-01,0,0,SKU033,193897,0
MT,171327,v1.0.0,51398,0,2025-08-01,77097,0,SKU034,192743,0
GT,118828,v1.0.0,57038,0,2025-08-01,0,0,SKU034,95062,0
EC,339164,v1.0.0,47882,0,2025-08-01,199508,0,SKU034,79803,0
CV,170270,v1.0.0,58378,0,2025-08-01,48649,0,SKU034,97297,0
FS,126454,v1.0.0,75872,0,2025-08-01,0,0,SKU034,126454,0
MT,204561,v1.0.0,61368,0,2025-08-01,92052,0,SKU035,230131,0
GT,107738,v1.0.0,51714,0,2025-08-01,0,0,SKU035,86190,0
EC,481120,v1.0.0,67923,0,2025-08-01,283012,0,SKU035,113205,0
CV,205230,v1.0.0,70365,0,2025-08-01,58637,0,SKU035,117274,0
FS,80384,v1.0.0,48231,0,2025-08-01,0,0,SKU035,80384,0
MT,235465,v1.0.0,70639,0,2025-08-01,105959,0,SKU036,264898,0
GT,182764,v1.0.0,87727,0,2025-08-01,0,0,SKU036,146211,0
EC,458666,v1.0.0,64753,0,2025-08-01,269804,0,SKU036,107922,0
CV,278425,v1.0.0,95460,0,2025-08-01,79550,0,SKU036,159100,0
FS,107424,v1.0.0,64454,0,2025-08-01,0,0,SKU036,107424,0
MT,102452,v1.0.0,30736,0,2025-09-01,46104,0,SKU001,115259,0
GT,64058,v1.0.0,30748,0,2025-09-01,0,0,SKU001,51246,0
EC,190274,v1.0.0,26862,0,2025-09-01,111926,0,SKU001,44770,0
CV,113712,v1.0.0,38987,0,2025-09-01,32489,0,SKU001,64978,0
FS,60448,v1.0.0,36269,0,2025-09-01,0,0,SKU001,60448,0
MT,154404,v1.0.0,46321,0,2025-09-01,69482,0,SKU002,173705,0
GT,80706,v1.0.0,38739,0,2025-09-01,0,0,SKU002,64564,0
EC,257897,v1.0.0,36409,0,2025-09-01,151704,0,SKU002,60682,0
CV,102400,v1.0.0,35109,0,2025-09-01,29257,0,SKU002,58514,0
FS,73031,v1.0.0,43819,0,2025-09-01,0,0,SKU002,73031,0
MT,181450,v1.0.0,54435,0,2025-09-01,81652,0,SKU003,204131,0
GT,109688,v1.0.0,52650,0,2025-09-01,0,0,SKU003,87750,0
EC,256772,v1.0.0,36250,0,2025-09-01,151042,0,SKU003,60417,0
CV,148011,v1.0.0,50746,0,2025-09-01,42289,0,SKU003,84578,0
FS,74305,v1.0.0,44583,0,2025-09-01,0,0,SKU003,74305,0
MT,137176,v1.0.0,41153,0,2025-09-01,61729,0,SKU004,154323,0
GT,111150,v1.0.0,53352,0,2025-09-01,0,0,SKU004,88920,0
EC,361093,v1.0.0,50978,0,2025-09-01,212408,0,SKU004,84963,0
CV,141396,v1.0.0,48478,0,2025-09-01,40399,0,SKU004,80798,0
FS,83058,v1.0.0,49835,0,2025-09-01,0,0,SKU004,83058,0
MT,215142,v1.0.0,64543,0,2025-09-01,96814,0,SKU005,242035,0
GT,133380,v1.0.0,64022,0,2025-09-01,0,0,SKU005,106704,0
EC,479808,v1.0.0,67738,0,2025-09-01,282240,0,SKU005,112896,0
CV,187337,v1.0.0,64230,0,2025-09-01,53525,0,SKU005,107050,0
FS,121667,v1.0.0,73000,0,2025-09-01,0,0,SKU005,121667,0
MT,291562,v1.0.0,87468,0,2025-09-01,131203,0,SKU006,328007,0
GT,204214,v1.0.0,98023,0,2025-09-01,0,0,SKU006,163371,0
EC,545594,v1.0.0,77025,0,2025-09-01,320938,0,SKU006,128375,0
CV,153815,v1.0.0,52737,0,2025-09-01,43947,0,SKU006,87894,0
FS,79477,v1.0.0,47686,0,2025-09-01,0,0,SKU006,79477,0
MT,330736,v1.0.0,99221,0,2025-09-01,148831,0,SKU007,372078,0
GT,160656,v1.0.0,77115,0,2025-09-01,0,0,SKU007,128524,0
EC,523366,v1.0.0,73887,0,2025-09-01,307862,0,SKU007,123145,0
CV,286363,v1.0.0,98182,0,2025-09-01,81818,0,SKU007,163636,0
FS,163336,v1.0.0,98002,0,2025-09-01,0,0,SKU007,163336,0
MT,321453,v1.0.0,96436,0,2025-09-01,144654,0,SKU008,361635,0
GT,224798,v1.0.0,107903,0,2025-09-01,0,0,SKU008,179839,0
EC,567148,v1.0.0,80068,0,2025-09-01,333616,0,SKU008,133447,0
CV,290977,v1.0.0,99764,0,2025-09-01,83136,0,SKU008,166273,0
FS,218186,v1.0.0,130912,0,2025-09-01,0,0,SKU008,218186,0
MT,379555,v1.0.0,113867,0,2025-09-01,170800,0,SKU009,427000,0
GT,238826,v1.0.0,114637,0,2025-09-01,0,0,SKU009,191061,0
EC,810426,v1.0.0,114413,0,2025-09-01,476721,0,SKU009,190688,0
CV,394056,v1.0.0,135105,0,2025-09-01,112587,0,SKU009,225175,0
FS,214848,v1.0.0,128909,0,2025-09-01,0,0,SKU009,214848,0
MT,129956,v1.0.0,38987,0,2025-09-01,58480,0,SKU010,146201,0
GT,93454,v1.0.0,44858,0,2025-09-01,0,0,SKU010,74763,0
EC,259096,v1.0.0,36578,0,2025-09-01,152410,0,SKU010,60964,0
CV,122642,v1.0.0,42049,0,2025-09-01,35041,0,SKU010,70081,0
FS,88587,v1.0.0,53152,0,2025-09-01,0,0,SKU010,88587,0
MT,212717,v1.0.0,63815,0,2025-09-01,95723,0,SKU011,239306,0
GT,128395,v1.0.0,61630,0,2025-09-01,0,0,SKU011,102716,0
EC,372339,v1.0.0,52565,0,2025-09-01,219023,0,SKU011,87609,0
CV,177067,v1.0.0,60709,0,2025-09-01,50591,0,SKU011,101181,0
FS,96268,v1.0.0,57761,0,2025-09-01,0,0,SKU011,96268,0
MT,229200,v1.0.0,68760,0,2025-09-01,103140,0,SKU012,257850,0
GT,125531,v1.0.0,60255,0,2025-09-01,0,0,SKU012,100425,0
EC,470437,v1.0.0,66415,0,2025-09-01,276728,0,SKU012,110691,0
CV,193489,v1.0.0,66339,0,2025-09-01,55282,0,SKU012,110565,0
FS,111940,v1.0.0,67164,0,2025-09-01,0,0,SKU012,111940,0
MT,290683,v1.0.0,87205,0,2025-09-01,130807,0,SKU013,327018,0
GT,170893,v1.0.0,82029,0,2025-09-01,0,0,SKU013,136714,0
EC,463652,v1.0.0,65457,0,2025-09-01,272736,0,SKU013,109095,0
CV,211151,v1.0.0,72395,0,2025-09-01,60329,0,SKU013,120658,0
FS,143013,v1.0.0,85808,0,2025-09-01,0,0,SKU013,143013,0
MT,332493,v1.0.0,99748,0,2025-09-01,149622,0,SKU014,374054,0
GT,216060,v1.0.0,103709,0,2025-09-01,0,0,SKU014,172848,0
EC,621351,v1.0.0,87720,0,2025-09-01,365501,0,SKU014,146200,0
CV,285768,v1.0.0,97978,0,2025-09-01,81648,0,SKU014,163296,0
FS,151312,v1.0.0,90787,0,2025-09-01,0,0,SKU014,151312,0
MT,302410,v1.0.0,90723,0,2025-09-01,136085,0,SKU015,340212,0
GT,254402,v1.0.0,122113,0,2025-09-01,0,0,SKU015,203522,0
EC,505673,v1.0.0,71389,0,2025-09-01,297454,0,SKU015,118982,0
CV,291192,v1.0.0,99837,0,2025-09-01,83198,0,SKU015,166396,0
FS,208971,v1.0.0,125382,0,2025-09-01,0,0,SKU015,208971,0
MT,366491,v1.0.0,109947,0,2025-09-01,164921,0,SKU016,412302,0
GT,321311,v1.0.0,154229,0,2025-09-01,0,0,SKU016,257049,0
EC,725110,v1.0.0,102368,0,2025-09-01,426535,0,SKU016,170614,0
CV,372788,v1.0.0,127813,0,2025-09-01,106511,0,SKU016,213022,0
FS,194197,v1.0.0,116518,0,2025-09-01,0,0,SKU016,194197,0
MT,219172,v1.0.0,65752,0,2025-09-01,98628,0,SKU017,246569,0
GT,166786,v1.0.0,80057,0,2025-09-01,0,0,SKU017,133429,0
EC,468375,v1.0.0,66124,0,2025-09-01,275515,0,SKU017,110206,0
CV,210853,v1.0.0,72292,0,2025-09-01,60244,0,SKU017,120488,0
FS,131240,v1.0.0,78744,0,2025-09-01,0,0,SKU017,131240,0
MT,302238,v1.0.0,90672,0,2025-09-01,136007,0,SKU018,340018,0
GT,182764,v1.0.0,87727,0,2025-09-01,0,0,SKU018,146211,0
EC,544882,v1.0.0,76925,0,2025-09-01,320519,0,SKU018,128208,0
CV,261689,v1.0.0,89722,0,2025-09-01,74768,0,SKU018,149537,0
FS,97658,v1.0.0,58595,0,2025-09-01,0,0,SKU018,97658,0
MT,88013,v1.0.0,26404,0,2025-09-01,39606,0,SKU019,99014,0
GT,66690,v1.0.0,32011,0,2025-09-01,0,0,SKU019,53352,0
EC,237505,v1.0.0,33530,0,2025-09-01,139709,0,SKU019,55884,0
CV,81563,v1.0.0,27964,0,2025-09-01,23304,0,SKU019,46607,0
FS,52805,v1.0.0,31683,0,2025-09-01,0,0,SKU019,52805,0
MT,133872,v1.0.0,40162,0,2025-09-01,60242,0,SKU020,150606,0
GT,93283,v1.0.0,44776,0,2025-09-01,0,0,SKU020,74626,0
EC,286910,v1.0.0,40505,0,2025-09-01,168771,0,SKU020,67508,0
CV,76800,v1.0.0,26331,0,2025-09-01,21943,0,SKU020,43886,0
FS,63072,v1.0.0,37843,0,2025-09-01,0,0,SKU020,63072,0
MT,140385,v1.0.0,42116,0,2025-09-01,63173,0,SKU021,157933,0
GT,101156,v1.0.0,48555,0,2025-09-01,0,0,SKU021,80925,0
EC,376724,v1.0.0,53185,0,2025-09-01,221602,0,SKU021,88641,0
CV,139742,v1.0.0,47912,0,2025-09-01,39926,0,SKU021,79852,0
FS,76718,v1.0.0,46030,0,2025-09-01,0,0,SKU021,76718,0
MT,203587,v1.0.0,61076,0,2025-09-01,91614,0,SKU022,229035,0
GT,111150,v1.0.0,53352,0,2025-09-01,0,0,SKU022,88920,0
EC,405963,v1.0.0,57312,0,2025-09-01,238802,0,SKU022,95521,0
CV,148937,v1.0.0,51064,0,2025-09-01,42553,0,SKU022,85107,0
FS,106710,v1.0.0,64026,0,2025-09-01,0,0,SKU022,106710,0
MT,215142,v1.0.0,64543,0,2025-09-01,96814,0,SKU023,242035,0
GT,165360,v1.0.0,79373,0,2025-09-01,0,0,SKU023,132288,0
EC,494202,v1.0.0,69770,0,2025-09-01,290707,0,SKU023,116283,0
CV,160877,v1.0.0,55158,0,2025-09-01,45965,0,SKU023,91930,0
FS,114874,v1.0.0,68924,0,2025-09-01,0,0,SKU023,114874,0
MT,240030,v1.0.0,72009,0,2025-09-01,108013,0,SKU024,270033,0
GT,154026,v1.0.0,73932,0,2025-09-01,0,0,SKU024,123220,0
EC,636083,v1.0.0,89800,0,2025-09-01,374166,0,SKU024,149667,0
CV,240703,v1.0.0,82527,0,2025-09-01,68772,0,SKU024,137545,0
FS,124012,v1.0.0,74407,0,2025-09-01,0,0,SKU024,124012,0
MT,306899,v1.0.0,92070,0,2025-09-01,138104,0,SKU025,345261,0
GT,209138,v1.0.0,100386,0,2025-09-01,0,0,SKU025,167310,0
EC,476584,v1.0.0,67282,0,2025-09-01,280344,0,SKU025,112137,0
CV,272174,v1.0.0,93317,0,2025-09-01,77764,0,SKU025,155528,0
FS,177637,v1.0.0,106582,0,2025-09-01,0,0,SKU025,177637,0
MT,300348,v1.0.0,90104,0,2025-09-01,135156,0,SKU026,337891,0
GT,205116,v1.0.0,98456,0,2025-09-01,0,0,SKU026,164092,0
EC,732832,v1.0.0,103459,0,2025-09-01,431078,0,SKU026,172431,0
CV,281138,v1.0.0,96390,0,2025-09-01,80325,0,SKU026,160650,0
FS,213265,v1.0.0,127959,0,2025-09-01,0,0,SKU026,213265,0
MT,402399,v1.0.0,120720,0,2025-09-01,181079,0,SKU027,452699,0
GT,281434,v1.0.0,135088,0,2025-09-01,0,0,SKU027,225147,0
EC,948371,v1.0.0,133888,0,2025-09-01,557865,0,SKU027,223146,0
CV,304290,v1.0.0,104328,0,2025-09-01,86940,0,SKU027,173880,0
FS,181111,v1.0.0,108667,0,2025-09-01,0,0,SKU027,181111,0
MT,151272,v1.0.0,45382,0,2025-09-01,68072,0,SKU028,170181,0
GT,113636,v1.0.0,54545,0,2025-09-01,0,0,SKU028,90909,0
EC,389994,v1.0.0,55058,0,2025-09-01,229408,0,SKU028,91763,0
CV,151814,v1.0.0,52051,0,2025-09-01,43376,0,SKU028,86751,0
FS,77818,v1.0.0,46691,0,2025-09-01,0,0,SKU028,77818,0
MT,202040,v1.0.0,60612,0,2025-09-01,90918,0,SKU029,227295,0
GT,113198,v1.0.0,54335,0,2025-09-01,0,0,SKU029,90558,0
EC,394904,v1.0.0,55751,0,2025-09-01,232297,0,SKU029,92919,0
CV,177778,v1.0.0,60952,0,2025-09-01,50794,0,SKU029,101588,0
FS,105812,v1.0.0,63487,0,2025-09-01,0,0,SKU029,105812,0
MT,197685,v1.0.0,59306,0,2025-09-01,88958,0,SKU030,222396,0
GT,170016,v1.0.0,81608,0,2025-09-01,0,0,SKU030,136012,0
EC,412335,v1.0.0,58212,0,2025-09-01,242550,0,SKU030,97020,0
CV,210026,v1.0.0,72009,0,2025-09-01,60008,0,SKU030,120015,0
FS,95535,v1.0.0,57321,0,2025-09-01,0,0,SKU030,95535,0
MT,250401,v1.0.0,75120,0,2025-09-01,112680,0,SKU031,281701,0
GT,154221,v1.0.0,74026,0,2025-09-01,0,0,SKU031,123376,0
EC,546981,v1.0.0,77221,0,2025-09-01,321754,0,SKU031,128701,0
CV,222462,v1.0.0,76273,0,2025-09-01,63561,0,SKU031,127121,0
FS,125961,v1.0.0,75577,0,2025-09-01,0,0,SKU031,125961,0
MT,320269,v1.0.0,96081,0,2025-09-01,144121,0,SKU032,360302,0
GT,166140,v1.0.0,79747,0,2025-09-01,0,0,SKU032,132912,0
EC,659736,v1.0.0,93139,0,2025-09-01,388080,0,SKU032,155232,0
CV,304819,v1.0.0,104509,0,2025-09-01,87091,0,SKU032,174182,0
FS,175398,v1.0.0,105239,0,2025-09-01,0,0,SKU032,175398,0
MT,348518,v1.0.0,104555,0,2025-09-01,156833,0,SKU033,392082,0
GT,237961,v1.0.0,114221,0,2025-09-01,0,0,SKU033,190369,0
EC,758509,v1.0.0,107084,0,2025-09-01,446182,0,SKU033,178473,0
CV,335810,v1.0.0,115135,0,2025-09-01,95946,0,SKU033,191892,0
FS,195268,v1.0.0,117161,0,2025-09-01,0,0,SKU033,195268,0
MT,193674,v1.0.0,58102,0,2025-09-01,87153,0,SKU034,217883,0
GT,128334,v1.0.0,61600,0,2025-09-01,0,0,SKU034,102668,0
EC,429803,v1.0.0,60678,0,2025-09-01,252825,0,SKU034,101130,0
CV,165110,v1.0.0,56609,0,2025-09-01,47174,0,SKU034,94349,0
FS,85055,v1.0.0,51033,0,2025-09-01,0,0,SKU034,85055,0
MT,209432,v1.0.0,62829,0,2025-09-01,94244,0,SKU035,235610,0
GT,143995,v1.0.0,69118,0,2025-09-01,0,0,SKU035,115196,0
EC,452444,v1.0.0,63874,0,2025-09-01,266144,0,SKU035,106457,0
CV,233344,v1.0.0,80004,0,2025-09-01,66670,0,SKU035,133340,0
FS,158308,v1.0.0,94985,0,2025-09-01,0,0,SKU035,158308,0
MT,319810,v1.0.0,95943,0,2025-09-01,143915,0,SKU036,359787,0
GT,173794,v1.0.0,83421,0,2025-09-01,0,0,SKU036,139035,0
EC,624200,v1.0.0,88122,0,2025-09-01,367177,0,SKU036,146871,0
CV,281468,v1.0.0,96503,0,2025-09-01,80420,0,SKU036,160839,0
FS,122516,v1.0.0,73510,0,2025-09-01,0,0,SKU036,122516,0
MT,100390,v1.0.0,30117,0,2025-10-01,45175,0,SKU001,112938,0
GT,57038,v1.0.0,27378,0,2025-10-01,0,0,SKU001,45630,0
EC,160586,v1.0.0,22671,0,2025-10-01,94462,0,SKU001,37785,0
CV,77991,v1.0.0,26740,0,2025-10-01,22283,0,SKU001,44566,0
FS,47594,v1.0.0,28556,0,2025-10-01,0,0,SKU001,47594,0
MT,130587,v1.0.0,39176,0,2025-10-01,58764,0,SKU002,146910,0
GT,91187,v1.0.0,43770,0,2025-10-01,0,0,SKU002,72950,0
EC,227272,v1.0.0,32085,0,2025-10-01,133689,0,SKU002,53476,0
CV,105956,v1.0.0,36328,0,2025-10-01,30273,0,SKU002,60546,0
FS,60583,v1.0.0,36350,0,2025-10-01,0,0,SKU002,60583,0
MT,128925,v1.0.0,38678,0,2025-10-01,58016,0,SKU003,145041,0
GT,90797,v1.0.0,43582,0,2025-10-01,0,0,SKU003,72638,0
EC,290509,v1.0.0,41013,0,2025-10-01,170888,0,SKU003,68355,0
CV,110801,v1.0.0,37989,0,2025-10-01,31658,0,SKU003,63315,0
FS,68032,v1.0.0,40820,0,2025-10-01,0,0,SKU003,68032,0
MT,139354,v1.0.0,41806,0,2025-10-01,62709,0,SKU004,156773,0
GT,94478,v1.0.0,45349,0,2025-10-01,0,0,SKU004,75582,0
EC,369640,v1.0.0,52184,0,2025-10-01,217435,0,SKU004,86974,0
CV,179101,v1.0.0,61406,0,2025-10-01,51172,0,SKU004,102344,0
FS,95159,v1.0.0,57095,0,2025-10-01,0,0,SKU004,95159,0
MT,210253,v1.0.0,63076,0,2025-10-01,94614,0,SKU005,236534,0
GT,141180,v1.0.0,67766,0,2025-10-01,0,0,SKU005,112944,0
EC,400640,v1.0.0,56561,0,2025-10-01,235670,0,SKU005,94268,0
CV,195804,v1.0.0,67133,0,2025-10-01,55944,0,SKU005,111888,0
FS,85846,v1.0.0,51508,0,2025-10-01,0,0,SKU005,85846,0
MT,218332,v1.0.0,65500,0,2025-10-01,98249,0,SKU006,245624,0
GT,141911,v1.0.0,68117,0,2025-10-01,0,0,SKU006,113529,0
EC,436475,v1.0.0,61620,0,2025-10-01,256750,0,SKU006,102700,0
CV,165557,v1.0.0,56762,0,2025-10-01,47302,0,SKU006,94604,0
FS,105513,v1.0.0,63308,0,2025-10-01,0,0,SKU006,105513,0
MT,296470,v1.0.0,88941,0,2025-10-01,133412,0,SKU007,333529,0
GT,159705,v1.0.0,76658,0,2025-10-01,0,0,SKU007,127764,0
EC,520442,v1.0.0,73474,0,2025-10-01,306142,0,SKU007,122457,0
CV,257985,v1.0.0,88452,0,2025-10-01,73710,0,SKU007,147420,0
FS,146776,v1.0.0,88066,0,2025-10-01,0,0,SKU007,146776,0
MT,379899,v1.0.0,113970,0,2025-10-01,170955,0,SKU008,427386,0
GT,200972,v1.0.0,96466,0,2025-10-01,0,0,SKU008,160778,0
EC,554403,v1.0.0,78269,0,2025-10-01,326120,0,SKU008,130448,0
CV,258647,v1.0.0,88679,0,2025-10-01,73899,0,SKU008,147798,0
FS,138622,v1.0.0,83173,0,2025-10-01,0,0,SKU008,138622,0
MT,377798,v1.0.0,113339,0,2025-10-01,170009,0,SKU009,425023,0
GT,198461,v1.0.0,95261,0,2025-10-01,0,0,SKU009,158769,0
EC,503499,v1.0.0,71082,0,2025-10-01,296176,0,SKU009,118470,0
CV,264732,v1.0.0,90765,0,2025-10-01,75638,0,SKU009,151276,0
FS,138497,v1.0.0,83098,0,2025-10-01,0,0,SKU009,138497,0
MT,148522,v1.0.0,44556,0,2025-10-01,66835,0,SKU010,167087,0
GT,110126,v1.0.0,52861,0,2025-10-01,0,0,SKU010,88101,0
EC,242903,v1.0.0,34292,0,2025-10-01,142884,0,SKU010,57154,0
CV,141098,v1.0.0,48376,0,2025-10-01,40314,0,SKU010,80627,0
FS,76428,v1.0.0,45857,0,2025-10-01,0,0,SKU010,76428,0
MT,157690,v1.0.0,47307,0,2025-10-01,70960,0,SKU011,177401,0
GT,126823,v1.0.0,60875,0,2025-10-01,0,0,SKU011,101458,0
EC,303029,v1.0.0,42781,0,2025-10-01,178252,0,SKU011,71301,0
CV,146489,v1.0.0,50225,0,2025-10-01,41854,0,SKU011,83708,0
FS,80915,v1.0.0,48549,0,2025-10-01,0,0,SKU011,80915,0
MT,178585,v1.0.0,53576,0,2025-10-01,80363,0,SKU012,200908,0
GT,109688,v1.0.0,52650,0,2025-10-01,0,0,SKU012,87750,0
EC,382347,v1.0.0,53978,0,2025-10-01,224910,0,SKU012,89964,0
CV,173644,v1.0.0,59535,0,2025-10-01,49612,0,SKU012,99225,0
FS,104702,v1.0.0,62822,0,2025-10-01,0,0,SKU012,104702,0
MT,223184,v1.0.0,66955,0,2025-10-01,100433,0,SKU013,251081,0
GT,166030,v1.0.0,79695,0,2025-10-01,0,0,SKU013,132824,0
EC,341863,v1.0.0,48263,0,2025-10-01,201096,0,SKU013,80438,0
CV,199839,v1.0.0,68516,0,2025-10-01,57097,0,SKU013,114194,0
FS,133662,v1.0.0,80197,0,2025-10-01,0,0,SKU013,133662,0
MT,293376,v1.0.0,88013,0,2025-10-01,132019,0,SKU014,330048,0
GT,166920,v1.0.0,80122,0,2025-10-01,0,0,SKU014,133536,0
EC,530188,v1.0.0,74850,0,2025-10-01,311875,0,SKU014,124750,0
CV,254016,v1.0.0,87091,0,2025-10-01,72576,0,SKU014,145152,0
FS,149459,v1.0.0,89676,0,2025-10-01,0,0,SKU014,149459,0
MT,292918,v1.0.0,87875,0,2025-10-01,131813,0,SKU015,329532,0
GT,203348,v1.0.0,97607,0,2025-10-01,0,0,SKU015,162679,0
EC,596161,v1.0.0,84164,0,2025-10-01,350683,0,SKU015,140273,0
CV,270057,v1.0.0,92591,0,2025-10-01,77159,0,SKU015,154318,0
FS,174028,v1.0.0,104417,0,2025-10-01,0,0,SKU015,174028,0
MT,286042,v1.0.0,85812,0,2025-10-01,128719,0,SKU016,321797,0
GT,200582,v1.0.0,96279,0,2025-10-01,0,0,SKU016,160466,0
EC,801129,v1.0.0,113101,0,2025-10-01,471253,0,SKU016,188501,0
CV,294103,v1.0.0,100835,0,2025-10-01,84029,0,SKU016,168059,0
FS,189680,v1.0.0,113808,0,2025-10-01,0,0,SKU016,189680,0
MT,155856,v1.0.0,46757,0,2025-10-01,70135,0,SKU017,175338,0
GT,140888,v1.0.0,67626,0,2025-10-01,0,0,SKU017,112710,0
EC,465189,v1.0.0,65674,0,2025-10-01,273640,0,SKU017,109456,0
CV,196796,v1.0.0,67473,0,2025-10-01,56228,0,SKU017,112455,0
FS,98430,v1.0.0,59058,0,2025-10-01,0,0,SKU017,98430,0
MT,233708,v1.0.0,70112,0,2025-10-01,105168,0,SKU018,262921,0
GT,145762,v1.0.0,69966,0,2025-10-01,0,0,SKU018,116610,0
EC,417283,v1.0.0,58911,0,2025-10-01,245461,0,SKU018,98184,0
CV,191703,v1.0.0,65727,0,2025-10-01,54772,0,SKU018,109544,0
FS,119853,v1.0.0,71912,0,2025-10-01,0,0,SKU018,119853,0
MT,90763,v1.0.0,27229,0,2025-10-01,40843,0,SKU019,102109,0
GT,69322,v1.0.0,33275,0,2025-10-01,0,0,SKU019,55458,0
EC,176779,v1.0.0,24957,0,2025-10-01,103988,0,SKU019,41595,0
CV,69061,v1.0.0,23678,0,2025-10-01,19732,0,SKU019,39463,0
FS,41341,v1.0.0,24804,0,2025-10-01,0,0,SKU019,41341,0
MT,99377,v1.0.0,29813,0,2025-10-01,44720,0,SKU020,111799,0
GT,73369,v1.0.0,35217,0,2025-10-01,0,0,SKU020,58695,0
EC,246614,v1.0.0,34816,0,2025-10-01,145067,0,SKU020,58027,0
CV,90311,v1.0.0,30964,0,2025-10-01,25803,0,SKU020,51606,0
FS,58923,v1.0.0,35354,0,2025-10-01,0,0,SKU020,58923,0
MT,137520,v1.0.0,41256,0,2025-10-01,61884,0,SKU021,154710,0
GT,95062,v1.0.0,45630,0,2025-10-01,0,0,SKU021,76050,0
EC,299880,v1.0.0,42336,0,2025-10-01,176400,0,SKU021,70560,0
CV,132300,v1.0.0,45360,0,2025-10-01,37800,0,SKU021,75600,0
FS,78648,v1.0.0,47188,0,2025-10-01,0,0,SKU021,78648,0
MT,170926,v1.0.0,51278,0,2025-10-01,76917,0,SKU022,192292,0
GT,95867,v1.0.0,46016,0,2025-10-01,0,0,SKU022,76694,0
EC,395279,v1.0.0,55804,0,2025-10-01,232517,0,SKU022,93007,0
CV,152707,v1.0.0,52357,0,2025-10-01,43631,0,SKU022,87261,0
FS,91308,v1.0.0,54785,0,2025-10-01,0,0,SKU022,91308,0
MT,177248,v1.0.0,53174,0,2025-10-01,79762,0,SKU023,199404,0
GT,148200,v1.0.0,71136,0,2025-10-01,0,0,SKU023,118560,0
EC,403039,v1.0.0,56900,0,2025-10-01,237082,0,SKU023,94833,0
CV,166169,v1.0.0,56972,0,2025-10-01,47477,0,SKU023,94954,0
FS,108080,v1.0.0,64848,0,2025-10-01,0,0,SKU023,108080,0
MT,245454,v1.0.0,73636,0,2025-10-01,110454,0,SKU024,276136,0
GT,116817,v1.0.0,56072,0,2025-10-01,0,0,SKU024,93454,0
EC,537610,v1.0.0,75898,0,2025-10-01,316241,0,SKU024,126496,0
CV,221917,v1.0.0,76086,0,2025-10-01,63405,0,SKU024,126810,0
FS,115105,v1.0.0,69063,0,2025-10-01,0,0,SKU024,115105,0
MT,335205,v1.0.0,100562,0,2025-10-01,150842,0,SKU025,377106,0
GT,187273,v1.0.0,89891,0,2025-10-01,0,0,SKU025,149818,0
EC,453194,v1.0.0,63980,0,2025-10-01,266584,0,SKU025,106634,0
CV,230897,v1.0.0,79165,0,2025-10-01,65970,0,SKU025,131941,0
FS,143766,v1.0.0,86259,0,2025-10-01,0,0,SKU025,143766,0
MT,321453,v1.0.0,96436,0,2025-10-01,144654,0,SKU026,361635,0
GT,199936,v1.0.0,95969,0,2025-10-01,0,0,SKU026,159949,0
EC,548031,v1.0.0,77369,0,2025-10-01,322371,0,SKU026,128948,0
CV,290977,v1.0.0,99764,0,2025-10-01,83136,0,SKU026,166273,0
FS,142724,v1.0.0,85634,0,2025-10-01,0,0,SKU026,142724,0
MT,430514,v1.0.0,129154,0,2025-10-01,193731,0,SKU027,484328,0
GT,200704,v1.0.0,96338,0,2025-10-01,0,0,SKU027,160563,0
EC,913884,v1.0.0,129019,0,2025-10-01,537579,0,SKU027,215032,0
CV,307333,v1.0.0,105371,0,2025-10-01,87809,0,SKU027,175619,0
FS,207745,v1.0.0,124647,0,2025-10-01,0,0,SKU027,207745,0
MT,135457,v1.0.0,40637,0,2025-10-01,60956,0,SKU028,152389,0
GT,93454,v1.0.0,44858,0,2025-10-01,0,0,SKU028,74763,0
EC,265844,v1.0.0,37531,0,2025-10-01,156379,0,SKU028,62551,0
CV,110735,v1.0.0,37966,0,2025-10-01,31639,0,SKU028,63277,0
FS,80249,v1.0.0,48150,0,2025-10-01,0,0,SKU028,80249,0
MT,206146,v1.0.0,61844,0,2025-10-01,92766,0,SKU029,231915,0
GT,115818,v1.0.0,55593,0,2025-10-01,0,0,SKU029,92654,0
EC,367503,v1.0.0,51883,0,2025-10-01,216178,0,SKU029,86471,0
CV,137245,v1.0.0,47055,0,2025-10-01,39213,0,SKU029,78426,0
FS,94609,v1.0.0,56765,0,2025-10-01,0,0,SKU029,94609,0
MT,204370,v1.0.0,61311,0,2025-10-01,91966,0,SKU030,229916,0
GT,155391,v1.0.0,74588,0,2025-10-01,0,0,SKU030,124312,0
EC,431078,v1.0.0,60858,0,2025-10-01,253575,0,SKU030,101430,0
CV,207546,v1.0.0,71158,0,2025-10-01,59299,0,SKU030,118598,0
FS,101808,v1.0.0,61084,0,2025-10-01,0,0,SKU030,101808,0
MT,248224,v1.0.0,74467,0,2025-10-01,111701,0,SKU031,279252,0
GT,168809,v1.0.0,81028,0,2025-10-01,0,0,SKU031,135047,0
EC,527751,v1.0.0,74506,0,2025-10-01,310442,0,SKU031,124177,0
CV,169675,v1.0.0,58174,0,2025-10-01,48478,0,SKU031,96957,0
FS,141913,v1.0.0,85148,0,2025-10-01,0,0,SKU031,141913,0
MT,257926,v1.0.0,77378,0,2025-10-01,116067,0,SKU032,290167,0
GT,150540,v1.0.0,72259,0,2025-10-01,0,0,SKU032,120432,0
EC,585366,v1.0.0,82640,0,2025-10-01,344333,0,SKU032,137733,0
CV,245549,v1.0.0,84188,0,2025-10-01,70157,0,SKU032,140314,0
FS,121667,v1.0.0,73000,0,2025-10-01,0,0,SKU032,121667,0
MT,389201,v1.0.0,116760,0,2025-10-01,175140,0,SKU033,437851,0
GT,229308,v1.0.0,110068,0,2025-10-01,0,0,SKU033,183446,0
EC,705280,v1.0.0,99569,0,2025-10-01,414871,0,SKU033,165948,0
CV,248922,v1.0.0,85345,0,2025-10-01,71121,0,SKU033,142241,0
FS,182250,v1.0.0,109350,0,2025-10-01,0,0,SKU033,182250,0
MT,202613,v1.0.0,60784,0,2025-10-01,91176,0,SKU034,227939,0
GT,124532,v1.0.0,59775,0,2025-10-01,0,0,SKU034,99626,0
EC,327469,v1.0.0,46231,0,2025-10-01,192629,0,SKU034,77052,0
CV,149631,v1.0.0,51302,0,2025-10-01,42752,0,SKU034,85504,0
FS,112905,v1.0.0,67743,0,2025-10-01,0,0,SKU034,112905,0
MT,237031,v1.0.0,71109,0,2025-10-01,106664,0,SKU035,266660,0
GT,158498,v1.0.0,76079,0,2025-10-01,0,0,SKU035,126799,0
EC,500237,v1.0.0,70622,0,2025-10-01,294257,0,SKU035,117703,0
CV,201013,v1.0.0,68919,0,2025-10-01,57432,0,SKU035,114865,0
FS,111554,v1.0.0,66932,0,2025-10-01,0,0,SKU035,111554,0
MT,221407,v1.0.0,66422,0,2025-10-01,99633,0,SKU036,249083,0
GT,151369,v1.0.0,72657,0,2025-10-01,0,0,SKU036,121095,0
EC,427629,v1.0.0,60371,0,2025-10-01,251546,0,SKU036,100619,0
CV,197789,v1.0.0,67813,0,2025-10-01,56511,0,SKU036,113022,0
FS,133170,v1.0.0,79902,0,2025-10-01,0,0,SKU036,133170,0
MT,124456,v1.0.0,37337,0,2025-11-01,56005,0,SKU001,140013,0
GT,64496,v1.0.0,30958,0,2025-11-01,0,0,SKU001,51597,0
EC,164634,v1.0.0,23242,0,2025-11-01,96844,0,SKU001,38737,0
CV,89303,v1.0.0,30618,0,2025-11-01,25515,0,SKU001,51030,0
FS,57668,v1.0.0,34601,0,2025-11-01,0,0,SKU001,57668,0
MT,136336,v1.0.0,40901,0,2025-11-01,61351,0,SKU002,153378,0
GT,95379,v1.0.0,45782,0,2025-11-01,0,0,SKU002,76304,0
EC,261121,v1.0.0,36864,0,2025-11-01,153600,0,SKU002,61440,0
CV,114489,v1.0.0,39253,0,2025-11-01,32711,0,SKU002,65422,0
FS,53529,v1.0.0,32117,0,2025-11-01,0,0,SKU002,53529,0
MT,175720,v1.0.0,52716,0,2025-11-01,79074,0,SKU003,197685,0
GT,106031,v1.0.0,50895,0,2025-11-01,0,0,SKU003,84825,0
EC,258647,v1.0.0,36515,0,2025-11-01,152145,0,SKU003,60858,0
CV,116589,v1.0.0,39974,0,2025-11-01,33311,0,SKU003,66622,0
FS,74788,v1.0.0,44872,0,2025-11-01,0,0,SKU003,74788,0
MT,193789,v1.0.0,58137,0,2025-11-01,87205,0,SKU004,218012,0
GT,127822,v1.0.0,61355,0,2025-11-01,0,0,SKU004,102258,0
EC,358956,v1.0.0,50676,0,2025-11-01,211151,0,SKU004,84460,0
CV,171560,v1.0.0,58821,0,2025-11-01,49017,0,SKU004,98034,0
FS,106710,v1.0.0,64026,0,2025-11-01,0,0,SKU004,106710,0
MT,217587,v1.0.0,65276,0,2025-11-01,97914,0,SKU005,244786,0
GT,143520,v1.0.0,68890,0,2025-11-01,0,0,SKU005,114816,0
EC,446221,v1.0.0,62996,0,2025-11-01,262483,0,SKU005,104993,0
CV,225439,v1.0.0,77293,0,2025-11-01,64411,0,SKU005,128822,0
FS,106845,v1.0.0,64107,0,2025-11-01,0,0,SKU005,106845,0
MT,227825,v1.0.0,68347,0,2025-11-01,102521,0,SKU006,256303,0
GT,152295,v1.0.0,73102,0,2025-11-01,0,0,SKU006,121836,0
EC,537610,v1.0.0,75898,0,2025-11-01,316241,0,SKU006,126496,0
CV,230136,v1.0.0,78904,0,2025-11-01,65753,0,SKU006,131506,0
FS,130864,v1.0.0,78518,0,2025-11-01,0,0,SKU006,130864,0
MT,245817,v1.0.0,73745,0,2025-11-01,110618,0,SKU007,276544,0
GT,204384,v1.0.0,98104,0,2025-11-01,0,0,SKU007,163508,0
EC,608157,v1.0.0,85857,0,2025-11-01,357739,0,SKU007,143096,0
CV,233476,v1.0.0,80049,0,2025-11-01,66708,0,SKU007,133415,0
FS,158067,v1.0.0,94840,0,2025-11-01,0,0,SKU007,158067,0
MT,337688,v1.0.0,101306,0,2025-11-01,151960,0,SKU008,379899,0
GT,204080,v1.0.0,97958,0,2025-11-01,0,0,SKU008,163264,0
EC,579893,v1.0.0,81867,0,2025-11-01,341114,0,SKU008,136445,0
CV,302223,v1.0.0,103619,0,2025-11-01,86349,0,SKU008,172699,0
FS,191118,v1.0.0,114671,0,2025-11-01,0,0,SKU008,191118,0
MT,358469,v1.0.0,107541,0,2025-11-01,161311,0,SKU009,403277,0
GT,272464,v1.0.0,130783,0,2025-11-01,0,0,SKU009,217971,0
EC,775940,v1.0.0,109544,0,2025-11-01,456435,0,SKU009,182574,0
CV,352976,v1.0.0,121020,0,2025-11-01,100850,0,SKU009,201701,0
FS,204194,v1.0.0,122516,0,2025-11-01,0,0,SKU009,204194,0
MT,180151,v1.0.0,54045,0,2025-11-01,81068,0,SKU010,202670,0
GT,117585,v1.0.0,56441,0,2025-11-01,0,0,SKU010,94068,0
EC,398091,v1.0.0,56201,0,2025-11-01,234171,0,SKU010,93668,0
CV,144075,v1.0.0,49397,0,2025-11-01,41164,0,SKU010,82328,0
FS,69133,v1.0.0,41480,0,2025-11-01,0,0,SKU010,69133,0
MT,165903,v1.0.0,49771,0,2025-11-01,74656,0,SKU011,186640,0
GT,112673,v1.0.0,54083,0,2025-11-01,0,0,SKU011,90139,0
EC,431977,v1.0.0,60985,0,2025-11-01,254104,0,SKU011,101642,0
CV,156445,v1.0.0,53638,0,2025-11-01,44698,0,SKU011,89397,0
FS,106642,v1.0.0,63985,0,2025-11-01,0,0,SKU011,106642,0
MT,232065,v1.0.0,69620,0,2025-11-01,104429,0,SKU012,261073,0
GT,126750,v1.0.0,60840,0,2025-11-01,0,0,SKU012,101400,0
EC,421706,v1.0.0,59535,0,2025-11-01,248062,0,SKU012,99225,0
CV,214988,v1.0.0,73710,0,2025-11-01,61425,0,SKU012,122850,0
FS,111458,v1.0.0,66874,0,2025-11-01,0,0,SKU012,111458,0
MT,285239,v1.0.0,85572,0,2025-11-01,128358,0,SKU013,320894,0
GT,166725,v1.0.0,80028,0,2025-11-01,0,0,SKU013,133380,0
EC,549118,v1.0.0,77523,0,2025-11-01,323010,0,SKU013,129204,0
CV,254512,v1.0.0,87261,0,2025-11-01,72718,0,SKU013,145436,0
FS,115510,v1.0.0,69306,0,2025-11-01,0,0,SKU013,115510,0
MT,317824,v1.0.0,95347,0,2025-11-01,143021,0,SKU014,357552,0
GT,177840,v1.0.0,85363,0,2025-11-01,0,0,SKU014,142272,0
EC,594962,v1.0.0,83995,0,2025-11-01,349978,0,SKU014,139991,0
CV,302702,v1.0.0,103784,0,2025-11-01,86486,0,SKU014,172973,0
FS,191456,v1.0.0,114874,0,2025-11-01,0,0,SKU014,191456,0
MT,400050,v1.0.0,120015,0,2025-11-01,180022,0,SKU015,450056,0
GT,276035,v1.0.0,132497,0,2025-11-01,0,0,SKU015,220828,0
EC,795769,v1.0.0,112344,0,2025-11-01,468099,0,SKU015,187240,0
CV,341681,v1.0.0,117148,0,2025-11-01,97623,0,SKU015,195246,0
FS,202804,v1.0.0,121683,0,2025-11-01,0,0,SKU015,202804,0
MT,432042,v1.0.0,129613,0,2025-11-01,194419,0,SKU016,486047,0
GT,230051,v1.0.0,110425,0,2025-11-01,0,0,SKU016,184041,0
EC,830368,v1.0.0,117228,0,2025-11-01,488452,0,SKU016,195381,0
CV,423095,v1.0.0,145061,0,2025-11-01,120884,0,SKU016,241769,0
FS,212261,v1.0.0,127357,0,2025-11-01,0,0,SKU016,212261,0
MT,258136,v1.0.0,77441,0,2025-11-01,116161,0,SKU017,290404,0
GT,148139,v1.0.0,71107,0,2025-11-01,0,0,SKU017,118511,0
EC,544844,v1.0.0,76919,0,2025-11-01,320497,0,SKU017,128199,0
CV,209447,v1.0.0,71811,0,2025-11-01,59842,0,SKU017,119684,0
FS,111554,v1.0.0,66932,0,2025-11-01,0,0,SKU017,111554,0
MT,258308,v1.0.0,77493,0,2025-11-01,116239,0,SKU018,290597,0
GT,178279,v1.0.0,85574,0,2025-11-01,0,0,SKU018,142623,0
EC,534536,v1.0.0,75464,0,2025-11-01,314433,0,SKU018,125773,0
CV,206917,v1.0.0,70943,0,2025-11-01,59119,0,SKU018,118238,0
FS,128731,v1.0.0,77239,0,2025-11-01,0,0,SKU018,128731,0
MT,83200,v1.0.0,24960,0,2025-11-01,37440,0,SKU019,93600,0
GT,74588,v1.0.0,35802,0,2025-11-01,0,0,SKU019,59670,0
EC,199720,v1.0.0,28196,0,2025-11-01,117482,0,SKU019,46993,0
CV,81563,v1.0.0,27964,0,2025-11-01,23304,0,SKU019,46607,0
FS,52110,v1.0.0,31266,0,2025-11-01,0,0,SKU019,52110,0
MT,134693,v1.0.0,40408,0,2025-11-01,60612,0,SKU020,151530,0
GT,85946,v1.0.0,41254,0,2025-11-01,0,0,SKU020,68757,0
EC,275627,v1.0.0,38912,0,2025-11-01,162134,0,SKU020,64853,0
CV,102400,v1.0.0,35109,0,2025-11-01,29257,0,SKU020,58514,0
FS,62242,v1.0.0,37346,0,2025-11-01,0,0,SKU020,62242,0
MT,159485,v1.0.0,47846,0,2025-11-01,71768,0,SKU021,179421,0
GT,116391,v1.0.0,55868,0,2025-11-01,0,0,SKU021,93112,0
EC,269892,v1.0.0,38102,0,2025-11-01,158760,0,SKU021,63504,0
CV,136434,v1.0.0,46778,0,2025-11-01,38981,0,SKU021,77962,0
FS,88780,v1.0.0,53268,0,2025-11-01,0,0,SKU021,88780,0
MT,240603,v1.0.0,72181,0,2025-11-01,108271,0,SKU022,270678,0
GT,142411,v1.0.0,68357,0,2025-11-01,0,0,SKU022,113929,0
EC,386733,v1.0.0,54598,0,2025-11-01,227490,0,SKU022,90996,0
CV,154593,v1.0.0,53003,0,2025-11-01,44169,0,SKU022,88339,0
FS,111660,v1.0.0,66996,0,2025-11-01,0,0,SKU022,111660,0
MT,226144,v1.0.0,67843,0,2025-11-01,101765,0,SKU023,254412,0
GT,148980,v1.0.0,71510,0,2025-11-01,0,0,SKU023,119184,0
EC,443822,v1.0.0,62657,0,2025-11-01,261072,0,SKU023,104429,0
CV,215914,v1.0.0,74028,0,2025-11-01,61690,0,SKU023,123379,0
FS,117344,v1.0.0,70406,0,2025-11-01,0,0,SKU023,117344,0
MT,299698,v1.0.0,89909,0,2025-11-01,134864,0,SKU024,337160,0
GT,189503,v1.0.0,90962,0,2025-11-01,0,0,SKU024,151603,0
EC,540271,v1.0.0,76274,0,2025-11-01,317807,0,SKU024,127123,0
CV,206653,v1.0.0,70852,0,2025-11-01,59044,0,SKU024,118087,0
FS,139085,v1.0.0,83451,0,2025-11-01,0,0,SKU024,139085,0
MT,327756,v1.0.0,98327,0,2025-11-01,147490,0,SKU025,368726,0
GT,198681,v1.0.0,95367,0,2025-11-01,0,0,SKU025,158944,0
EC,564299,v1.0.0,79666,0,2025-11-01,331941,0,SKU025,132776,0
CV,326351,v1.0.0,111892,0,2025-11-01,93243,0,SKU025,186486,0
FS,193444,v1.0.0,116066,0,2025-11-01,0,0,SKU025,193444,0
MT,365288,v1.0.0,109586,0,2025-11-01,164379,0,SKU026,410948,0
GT,206152,v1.0.0,98953,0,2025-11-01,0,0,SKU026,164921,0
EC,653176,v1.0.0,92213,0,2025-11-01,384221,0,SKU026,153688,0
CV,276920,v1.0.0,94944,0,2025-11-01,79120,0,SKU026,158240,0
FS,182096,v1.0.0,109257,0,2025-11-01,0,0,SKU026,182096,0
MT,372526,v1.0.0,111758,0,2025-11-01,167637,0,SKU027,419092,0
GT,256766,v1.0.0,123248,0,2025-11-01,0,0,SKU027,205413,0
EC,775940,v1.0.0,109544,0,2025-11-01,456435,0,SKU027,182574,0
CV,325590,v1.0.0,111631,0,2025-11-01,93026,0,SKU027,186052,0
FS,191765,v1.0.0,115059,0,2025-11-01,0,0,SKU027,191765,0
MT,179464,v1.0.0,53839,0,2025-11-01,80759,0,SKU028,201897,0
GT,114514,v1.0.0,54967,0,2025-11-01,0,0,SKU028,91611,0
EC,327919,v1.0.0,46294,0,2025-11-01,192893,0,SKU028,77157,0
CV,151814,v1.0.0,52051,0,2025-11-01,43376,0,SKU028,86751,0
FS,67048,v1.0.0,40229,0,2025-11-01,0,0,SKU028,67048,0
MT,250496,v1.0.0,75149,0,2025-11-01,112723,0,SKU029,281809,0
GT,132588,v1.0.0,63642,0,2025-11-01,0,0,SKU029,106070,0
EC,430365,v1.0.0,60757,0,2025-11-01,253156,0,SKU029,101262,0
CV,155734,v1.0.0,53394,0,2025-11-01,44495,0,SKU029,88991,0
FS,92949,v1.0.0,55769,0,2025-11-01,0,0,SKU029,92949,0
MT,253075,v1.0.0,75922,0,2025-11-01,113884,0,SKU030,284709,0
GT,166969,v1.0.0,80145,0,2025-11-01,0,0,SKU030,133575,0
EC,417958,v1.0.0,59006,0,2025-11-01,245858,0,SKU030,98343,0
CV,255504,v1.0.0,87602,0,2025-11-01,73001,0,SKU030,146002,0
FS,128828,v1.0.0,77296,0,2025-11-01,0,0,SKU030,128828,0
MT,272175,v1.0.0,81652,0,2025-11-01,122479,0,SKU031,306197,0
GT,204238,v1.0.0,98034,0,2025-11-01,0,0,SKU031,163390,0
EC,598261,v1.0.0,84460,0,2025-11-01,351918,0,SKU031,140767,0
CV,273365,v1.0.0,93725,0,2025-11-01,78104,0,SKU031,156208,0
FS,155114,v1.0.0,93068,0,2025-11-01,0,0,SKU031,155114,0
MT,338605,v1.0.0,101581,0,2025-11-01,152372,0,SKU032,380930,0
GT,237900,v1.0.0,114192,0,2025-11-01,0,0,SKU032,190320,0
EC,695722,v1.0.0,98220,0,2025-11-01,409248,0,SKU032,163699,0
CV,276242,v1.0.0,94712,0,2025-11-01,78926,0,SKU032,157853,0
FS,183427,v1.0.0,110056,0,2025-11-01,0,0,SKU032,183427,0
MT,363435,v1.0.0,109030,0,2025-11-01,163546,0,SKU033,408864,0
GT,173928,v1.0.0,83485,0,2025-11-01,0,0,SKU033,139142,0
EC,665359,v1.0.0,93933,0,2025-11-01,391388,0,SKU033,156555,0
CV,381603,v1.0.0,130835,0,2025-11-01,109029,0,SKU033,218059,0
FS,180880,v1.0.0,108528,0,2025-11-01,0,0,SKU033,180880,0
MT,216021,v1.0.0,64806,0,2025-11-01,97209,0,SKU034,243024,0
GT,169211,v1.0.0,81221,0,2025-11-01,0,0,SKU034,135369,0
EC,374250,v1.0.0,52835,0,2025-11-01,220147,0,SKU034,88059,0
CV,148341,v1.0.0,50860,0,2025-11-01,42383,0,SKU034,84766,0
FS,93335,v1.0.0,56001,0,2025-11-01,0,0,SKU034,93335,0
MT,246772,v1.0.0,74032,0,2025-11-01,111047,0,SKU035,277618,0
GT,118097,v1.0.0,56686,0,2025-11-01,0,0,SKU035,94478,0
EC,560776,v1.0.0,79168,0,2025-11-01,329868,0,SKU035,131947,0
CV,164465,v1.0.0,56388,0,2025-11-01,46990,0,SKU035,93980,0
FS,152566,v1.0.0,91540,0,2025-11-01,0,0,SKU035,152566,0
MT,282909,v1.0.0,84873,0,2025-11-01,127309,0,SKU036,318273,0
GT,159218,v1.0.0,76424,0,2025-11-01,0,0,SKU036,127374,0
EC,517293,v1.0.0,73030,0,2025-11-01,304290,0,SKU036,121716,0
CV,257125,v1.0.0,88157,0,2025-11-01,73464,0,SKU036,146929,0
FS,118965,v1.0.0,71379,0,2025-11-01,0,0,SKU036,118965,0
MT,129956,v1.0.0,38987,0,2025-12-01,58480,0,SKU001,146201,0
GT,68006,v1.0.0,32643,0,2025-12-01,0,0,SKU001,54405,0
EC,234806,v1.0.0,33149,0,2025-12-01,138121,0,SKU001,55248,0
CV,106568,v1.0.0,36537,0,2025-12-01,30448,0,SKU001,60896,0
FS,52805,v1.0.0,31683,0,2025-12-01,0,0,SKU001,52805,0
MT,132229,v1.0.0,39669,0,2025-12-01,59503,0,SKU002,148758,0
GT,79133,v1.0.0,37984,0,2025-12-01,0,0,SKU002,63307,0
EC,241778,v1.0.0,34133,0,2025-12-01,142222,0,SKU002,56889,0
CV,106667,v1.0.0,36572,0,2025-12-01,30476,0,SKU002,60952,0
FS,64732,v1.0.0,38839,0,2025-12-01,0,0,SKU002,64732,0
MT,183360,v1.0.0,55008,0,2025-12-01,82512,0,SKU003,206280,0
GT,99938,v1.0.0,47970,0,2025-12-01,0,0,SKU003,79950,0
EC,344862,v1.0.0,48686,0,2025-12-01,202860,0,SKU003,81144,0
CV,143876,v1.0.0,49329,0,2025-12-01,41108,0,SKU003,82215,0
FS,83472,v1.0.0,50084,0,2025-12-01,0,0,SKU003,83472,0
MT,205764,v1.0.0,61729,0,2025-12-01,92594,0,SKU004,231485,0
GT,101424,v1.0.0,48684,0,2025-12-01,0,0,SKU004,81140,0
EC,346136,v1.0.0,48866,0,2025-12-01,203610,0,SKU004,81444,0
CV,154593,v1.0.0,53003,0,2025-12-01,44169,0,SKU004,88339,0
FS,96259,v1.0.0,57755,0,2025-12-01,0,0,SKU004,96259,0
MT,239590,v1.0.0,71877,0,2025-12-01,107816,0,SKU005,269539,0
GT,132600,v1.0.0,63648,0,2025-12-01,0,0,SKU005,106080,0
EC,388644,v1.0.0,54867,0,2025-12-01,228614,0,SKU005,91446,0
CV,175694,v1.0.0,60238,0,2025-12-01,50198,0,SKU005,100397,0
FS,116726,v1.0.0,70036,0,2025-12-01,0,0,SKU005,116726,0
MT,265796,v1.0.0,79739,0,2025-12-01,119608,0,SKU006,299020,0
GT,187773,v1.0.0,90131,0,2025-12-01,0,0,SKU006,150218,0
EC,516318,v1.0.0,72892,0,2025-12-01,303717,0,SKU006,121487,0
CV,251271,v1.0.0,86150,0,2025-12-01,71792,0,SKU006,143583,0
FS,154159,v1.0.0,92495,0,2025-12-01,0,0,SKU006,154159,0
MT,287531,v1.0.0,86259,0,2025-12-01,129389,0,SKU007,323473,0
GT,186322,v1.0.0,89435,0,2025-12-01,0,0,SKU007,149058,0
EC,497051,v1.0.0,70172,0,2025-12-01,292383,0,SKU007,116953,0
CV,254115,v1.0.0,87125,0,2025-12-01,72604,0,SKU007,145209,0
FS,161078,v1.0.0,96647,0,2025-12-01,0,0,SKU007,161078,0
MT,353923,v1.0.0,106177,0,2025-12-01,159265,0,SKU008,398163,0
GT,145031,v1.0.0,69615,0,2025-12-01,0,0,SKU008,116025,0
EC,713714,v1.0.0,100760,0,2025-12-01,419832,0,SKU008,167933,0
CV,341582,v1.0.0,117114,0,2025-12-01,97595,0,SKU008,195190,0
FS,164050,v1.0.0,98430,0,2025-12-01,0,0,SKU008,164050,0
MT,395370,v1.0.0,118611,0,2025-12-01,177916,0,SKU009,444791,0
GT,245554,v1.0.0,117866,0,2025-12-01,0,0,SKU009,196443,0
EC,627649,v1.0.0,88609,0,2025-12-01,369205,0,SKU009,147682,0
CV,340805,v1.0.0,116847,0,2025-12-01,97373,0,SKU009,194746,0
FS,165131,v1.0.0,99078,0,2025-12-01,0,0,SKU009,165131,0
MT,149897,v1.0.0,44969,0,2025-12-01,67454,0,SKU010,168634,0
GT,103106,v1.0.0,49491,0,2025-12-01,0,0,SKU010,82485,0
EC,219962,v1.0.0,31053,0,2025-12-01,129389,0,SKU010,51756,0
CV,143479,v1.0.0,49193,0,2025-12-01,40994,0,SKU010,81988,0
FS,59058,v1.0.0,35435,0,2025-12-01,0,0,SKU010,59058,0
MT,212717,v1.0.0,63815,0,2025-12-01,95723,0,SKU011,239306,0
GT,137828,v1.0.0,66158,0,2025-12-01,0,0,SKU011,110263,0
EC,420694,v1.0.0,59392,0,2025-12-01,247467,0,SKU011,98987,0
CV,182045,v1.0.0,62415,0,2025-12-01,52013,0,SKU011,104026,0
FS,89214,v1.0.0,53529,0,2025-12-01,0,0,SKU011,89214,0
MT,249255,v1.0.0,74776,0,2025-12-01,112165,0,SKU012,280412,0
GT,145031,v1.0.0,69615,0,2025-12-01,0,0,SKU012,116025,0
EC,414209,v1.0.0,58477,0,2025-12-01,243652,0,SKU012,97461,0
CV,196796,v1.0.0,67473,0,2025-12-01,56228,0,SKU012,112455,0
FS,120625,v1.0.0,72375,0,2025-12-01,0,0,SKU012,120625,0
MT,301570,v1.0.0,90471,0,2025-12-01,135706,0,SKU013,339266,0
GT,153526,v1.0.0,73692,0,2025-12-01,0,0,SKU013,122821,0
EC,450832,v1.0.0,63647,0,2025-12-01,265195,0,SKU013,106078,0
CV,279021,v1.0.0,95664,0,2025-12-01,79720,0,SKU013,159440,0
FS,131462,v1.0.0,78877,0,2025-12-01,0,0,SKU013,131462,0
MT,393613,v1.0.0,118084,0,2025-12-01,177126,0,SKU014,442814,0
GT,163020,v1.0.0,78250,0,2025-12-01,0,0,SKU014,130416,0
EC,705318,v1.0.0,99574,0,2025-12-01,414893,0,SKU014,165957,0
CV,280476,v1.0.0,96163,0,2025-12-01,80136,0,SKU014,160272,0
FS,164899,v1.0.0,98940,0,2025-12-01,0,0,SKU014,164899,0
MT,360723,v1.0.0,108217,0,2025-12-01,162325,0,SKU015,405813,0
GT,264786,v1.0.0,127097,0,2025-12-01,0,0,SKU015,211828,0
EC,654713,v1.0.0,92430,0,2025-12-01,385125,0,SKU015,154050,0
CV,325243,v1.0.0,111512,0,2025-12-01,92927,0,SKU015,185853,0
FS,169232,v1.0.0,101539,0,2025-12-01,0,0,SKU015,169232,0
MT,467797,v1.0.0,140339,0,2025-12-01,210509,0,SKU016,526272,0
GT,228150,v1.0.0,109512,0,2025-12-01,0,0,SKU016,182520,0
EC,745577,v1.0.0,105258,0,2025-12-01,438574,0,SKU016,175430,0
CV,419226,v1.0.0,143734,0,2025-12-01,119779,0,SKU016,239558,0
FS,228068,v1.0.0,136841,0,2025-12-01,0,0,SKU016,228068,0
MT,202938,v1.0.0,60881,0,2025-12-01,91322,0,SKU017,228305,0
GT,153319,v1.0.0,73593,0,2025-12-01,0,0,SKU017,122655,0
EC,426954,v1.0.0,60276,0,2025-12-01,251150,0,SKU017,100460,0
CV,191174,v1.0.0,65545,0,2025-12-01,54621,0,SKU017,109242,0
FS,139442,v1.0.0,83666,0,2025-12-01,0,0,SKU017,139442,0
MT,268852,v1.0.0,80655,0,2025-12-01,120983,0,SKU018,302458,0
GT,167066,v1.0.0,80192,0,2025-12-01,0,0,SKU018,133653,0
EC,565574,v1.0.0,79846,0,2025-12-01,332690,0,SKU018,133076,0
CV,222132,v1.0.0,76159,0,2025-12-01,63466,0,SKU018,126932,0
FS,129619,v1.0.0,77771,0,2025-12-01,0,0,SKU018,129619,0
MT,110704,v1.0.0,33211,0,2025-12-01,49817,0,SKU019,124542,0
GT,87311,v1.0.0,41909,0,2025-12-01,0,0,SKU019,69849,0
EC,199720,v1.0.0,28196,0,2025-12-01,117482,0,SKU019,46993,0
CV,86326,v1.0.0,29597,0,2025-12-01,24664,0,SKU019,49329,0
FS,35782,v1.0.0,21469,0,2025-12-01,0,0,SKU019,35782,0
MT,142906,v1.0.0,42872,0,2025-12-01,64308,0,SKU020,160769,0
GT,78609,v1.0.0,37732,0,2025-12-01,0,0,SKU020,62888,0
EC,264344,v1.0.0,37319,0,2025-12-01,155497,0,SKU020,62199,0
CV,110222,v1.0.0,37791,0,2025-12-01,31492,0,SKU020,62984,0
FS,76351,v1.0.0,45810,0,2025-12-01,0,0,SKU020,76351,0
MT,185270,v1.0.0,55581,0,2025-12-01,83372,0,SKU021,208429,0
GT,112734,v1.0.0,54112,0,2025-12-01,0,0,SKU021,90188,0
EC,283012,v1.0.0,39955,0,2025-12-01,166478,0,SKU021,66591,0
CV,177778,v1.0.0,60952,0,2025-12-01,50794,0,SKU021,101588,0
FS,96982,v1.0.0,58190,0,2025-12-01,0,0,SKU021,96982,0
MT,188345,v1.0.0,56504,0,2025-12-01,84755,0,SKU022,211888,0
GT,134769,v1.0.0,64689,0,2025-12-01,0,0,SKU022,107816,0
EC,521341,v1.0.0,73601,0,2025-12-01,306671,0,SKU022,122669,0
CV,205495,v1.0.0,70455,0,2025-12-01,58713,0,SKU022,117426,0
FS,100109,v1.0.0,60065,0,2025-12-01,0,0,SKU022,100109,0
MT,211475,v1.0.0,63443,0,2025-12-01,95164,0,SKU023,237910,0
GT,159900,v1.0.0,76752,0,2025-12-01,0,0,SKU023,127920,0
EC,551779,v1.0.0,77898,0,2025-12-01,324576,0,SKU023,129830,0
CV,234965,v1.0.0,80559,0,2025-12-01,67133,0,SKU023,134266,0
FS,98198,v1.0.0,58919,0,2025-12-01,0,0,SKU023,98198,0
MT,290205,v1.0.0,87062,0,2025-12-01,130592,0,SKU024,326481,0
GT,165275,v1.0.0,79332,0,2025-12-01,0,0,SKU024,132220,0
EC,564224,v1.0.0,79655,0,2025-12-01,331897,0,SKU024,132759,0
CV,244226,v1.0.0,83735,0,2025-12-01,69779,0,SKU024,139558,0
FS,193212,v1.0.0,115927,0,2025-12-01,0,0,SKU024,193212,0
MT,300940,v1.0.0,90282,0,2025-12-01,135423,0,SKU025,338557,0
GT,224348,v1.0.0,107687,0,2025-12-01,0,0,SKU025,179478,0
EC,716338,v1.0.0,101130,0,2025-12-01,421376,0,SKU025,168550,0
CV,286363,v1.0.0,98182,0,2025-12-01,81818,0,SKU025,163636,0
FS,187422,v1.0.0,112453,0,2025-12-01,0,0,SKU025,187422,0
MT,375028,v1.0.0,112509,0,2025-12-01,168763,0,SKU026,421907,0
GT,221691,v1.0.0,106412,0,2025-12-01,0,0,SKU026,177352,0
EC,659549,v1.0.0,93113,0,2025-12-01,387970,0,SKU026,155188,0
CV,267081,v1.0.0,91570,0,2025-12-01,76309,0,SKU026,152618,0
FS,198500,v1.0.0,119100,0,2025-12-01,0,0,SKU026,198500,0
MT,318053,v1.0.0,95416,0,2025-12-01,143124,0,SKU027,357810,0
GT,291525,v1.0.0,139932,0,2025-12-01,0,0,SKU027,233220,0
EC,869052,v1.0.0,122690,0,2025-12-01,511207,0,SKU027,204483,0
CV,371234,v1.0.0,127280,0,2025-12-01,106067,0,SKU027,212134,0
FS,202418,v1.0.0,121451,0,2025-12-01,0,0,SKU027,202418,0
MT,192528,v1.0.0,57758,0,2025-12-01,86638,0,SKU028,216594,0
GT,112320,v1.0.0,53914,0,2025-12-01,0,0,SKU028,89856,0
EC,299580,v1.0.0,42294,0,2025-12-01,176224,0,SKU028,70489,0
CV,147051,v1.0.0,50418,0,2025-12-01,42015,0,SKU028,84029,0
FS,69827,v1.0.0,41896,0,2025-12-01,0,0,SKU028,69827,0
MT,209432,v1.0.0,62829,0,2025-12-01,94244,0,SKU029,235610,0
GT,143069,v1.0.0,68673,0,2025-12-01,0,0,SKU029,114455,0
EC,351384,v1.0.0,49607,0,2025-12-01,206697,0,SKU029,82679,0
CV,200534,v1.0.0,68754,0,2025-12-01,57295,0,SKU029,114591,0
FS,101663,v1.0.0,60998,0,2025-12-01,0,0,SKU029,101663,0
MT,221560,v1.0.0,66468,0,2025-12-01,99702,0,SKU030,249255,0
GT,177938,v1.0.0,85410,0,2025-12-01,0,0,SKU030,142350,0
EC,436700,v1.0.0,61652,0,2025-12-01,256882,0,SKU030,102753,0
CV,216641,v1.0.0,74277,0,2025-12-01,61898,0,SKU030,123795,0
FS,110975,v1.0.0,66585,0,2025-12-01,0,0,SKU030,110975,0
MT,262377,v1.0.0,78713,0,2025-12-01,118070,0,SKU031,295174,0
GT,190344,v1.0.0,91365,0,2025-12-01,0,0,SKU031,152276,0
EC,559801,v1.0.0,79031,0,2025-12-01,329295,0,SKU031,131718,0
CV,297873,v1.0.0,102128,0,2025-12-01,85107,0,SKU031,170213,0
FS,161165,v1.0.0,96699,0,2025-12-01,0,0,SKU031,161165,0
MT,337382,v1.0.0,101215,0,2025-12-01,151822,0,SKU032,379555,0
GT,189540,v1.0.0,90979,0,2025-12-01,0,0,SKU032,151632,0
EC,532587,v1.0.0,75189,0,2025-12-01,313286,0,SKU032,125315,0
CV,280476,v1.0.0,96163,0,2025-12-01,80136,0,SKU032,160272,0
FS,166134,v1.0.0,99681,0,2025-12-01,0,0,SKU032,166134,0
MT,332244,v1.0.0,99673,0,2025-12-01,149510,0,SKU033,373775,0
GT,251806,v1.0.0,120867,0,2025-12-01,0,0,SKU033,201445,0
EC,721249,v1.0.0,101823,0,2025-12-01,424264,0,SKU033,169706,0
CV,334636,v1.0.0,114732,0,2025-12-01,95610,0,SKU033,191221,0
FS,179509,v1.0.0,107706,0,2025-12-01,0,0,SKU033,179509,0
MT,227939,v1.0.0,68382,0,2025-12-01,102573,0,SKU034,256432,0
GT,149248,v1.0.0,71639,0,2025-12-01,0,0,SKU034,119398,0
EC,406412,v1.0.0,57376,0,2025-12-01,239066,0,SKU034,95626,0
CV,194779,v1.0.0,66781,0,2025-12-01,55651,0,SKU034,111302,0
FS,129464,v1.0.0,77679,0,2025-12-01,0,0,SKU034,129464,0
MT,264630,v1.0.0,79389,0,2025-12-01,119084,0,SKU035,297709,0
GT,150211,v1.0.0,72101,0,2025-12-01,0,0,SKU035,120169,0
EC,583079,v1.0.0,82317,0,2025-12-01,342988,0,SKU035,137195,0
CV,245995,v1.0.0,84341,0,2025-12-01,70284,0,SKU035,140569,0
FS,111554,v1.0.0,66932,0,2025-12-01,0,0,SKU035,111554,0
MT,274123,v1.0.0,82237,0,2025-12-01,123355,0,SKU036,308389,0
GT,197340,v1.0.0,94723,0,2025-12-01,0,0,SKU036,157872,0
EC,589714,v1.0.0,83254,0,2025-12-01,346891,0,SKU036,138756,0
CV,209960,v1.0.0,71986,0,2025-12-01,59989,0,SKU036,119977,0
FS,136721,v1.0.0,82033,0,2025-12-01,0,0,SKU036,136721,0
