channel_id,forecast_cogs,forecast_net_sales,forecast_opex,forecast_trade_spend,forecast_units,forecast_version,sku_id,snapshot_month,target_month
MT,894396,2163190,0,52000,128,LE1,SKU001,2023-01-01,2023-01-01
GT,935766,2263248,0,54405,131,LE1,SKU001,2023-01-01,2023-01-01
EC,1051309,2542700,0,61123,163,LE1,SKU001,2023-01-01,2023-01-01
CV,906973,2193610,0,52731,131,LE1,SKU001,2023-01-01,2023-01-01
FS,1262278,3052951,0,73388,179,LE1,SKU001,2023-01-01,2023-01-01
MT,1485348,3395255,0,81617,169,LE1,SKU002,2023-01-01,2023-01-01
GT,1506917,3444558,0,82802,167,LE1,SKU002,2023-01-01,2023-01-01
EC,1397691,3194886,0,76800,172,LE1,SKU002,2023-01-01,2023-01-01
CV,1691650,3866827,0,92953,194,LE1,SKU002,2023-01-01,2023-01-01
FS,1415944,3236610,0,77803,159,LE1,SKU002,2023-01-01,2023-01-01
MT,1604400,3476200,0,83562,148,LE1,SKU003,2023-01-01,2023-01-01
GT,1661400,3599700,0,86531,151,LE1,SKU003,2023-01-01,2023-01-01
EC,1344168,2912364,0,70009,135,LE1,SKU003,2023-01-01,2023-01-01
CV,1780380,3857490,0,92728,166,LE1,SKU003,2023-01-01,2023-01-01
FS,1841220,3989310,0,95897,169,LE1,SKU003,2023-01-01,2023-01-01
MT,2144120,4415767,0,106148,165,LE1,SKU004,2023-01-01,2023-01-01
GT,1697896,3496780,0,84057,128,LE1,SKU004,2023-01-01,2023-01-01
EC,1789818,3686090,0,88608,149,LE1,SKU004,2023-01-01,2023-01-01
CV,2475280,5097784,0,122543,193,LE1,SKU004,2023-01-01,2023-01-01
FS,1958248,4032967,0,96946,149,LE1,SKU004,2023-01-01,2023-01-01
MT,2656275,5212314,0,125296,174,LE1,SKU005,2023-01-01,2023-01-01
GT,2662296,5224128,0,125580,171,LE1,SKU005,2023-01-01,2023-01-01
EC,2468189,4843238,0,116424,175,LE1,SKU005,2023-01-01,2023-01-01
CV,2388053,4685990,0,112644,158,LE1,SKU005,2023-01-01,2023-01-01
FS,2553158,5009971,0,120432,165,LE1,SKU005,2023-01-01,2023-01-01
MT,2798990,6769651,0,162732,204,LE1,SKU006,2023-01-01,2023-01-01
GT,2872491,6947420,0,167005,205,LE1,SKU006,2023-01-01,2023-01-01
EC,2208052,5340404,0,128375,174,LE1,SKU006,2023-01-01,2023-01-01
CV,2683129,6489428,0,155996,197,LE1,SKU006,2023-01-01,2023-01-01
FS,2327455,5629192,0,135317,167,LE1,SKU006,2023-01-01,2023-01-01
MT,2711436,6197568,0,148980,170,LE1,SKU007,2023-01-01,2023-01-01
GT,2854727,6525090,0,156853,175,LE1,SKU007,2023-01-01,2023-01-01
EC,2598081,5938471,0,142752,176,LE1,SKU007,2023-01-01,2023-01-01
CV,3605340,8240778,0,198096,228,LE1,SKU007,2023-01-01,2023-01-01
FS,2568589,5871060,0,141131,159,LE1,SKU007,2023-01-01,2023-01-01
MT,2961264,6416072,0,154232,161,LE1,SKU008,2023-01-01,2023-01-01
GT,3918330,8489716,0,204080,209,LE1,SKU008,2023-01-01,2023-01-01
EC,3400639,7368052,0,177117,200,LE1,SKU008,2023-01-01,2023-01-01
CV,3817044,8270262,0,198804,210,LE1,SKU008,2023-01-01,2023-01-01
FS,3641910,7890806,0,189683,196,LE1,SKU008,2023-01-01,2023-01-01
MT,4192899,8634881,0,207569,200,LE1,SKU009,2023-01-01,2023-01-01
GT,4597798,9468732,0,227614,215,LE1,SKU009,2023-01-01,2023-01-01
EC,3872395,7974832,0,191703,200,LE1,SKU009,2023-01-01,2023-01-01
CV,4324613,8906134,0,214090,209,LE1,SKU009,2023-01-01,2023-01-01
FS,3833298,7894318,0,189767,181,LE1,SKU009,2023-01-01,2023-01-01
MT,1776586,3486132,0,83801,207,LE1,SKU010,2023-01-01,2023-01-01
GT,1655667,3248856,0,78098,189,LE1,SKU010,2023-01-01,2023-01-01
EC,1590299,3120587,0,75014,200,LE1,SKU010,2023-01-01,2023-01-01
CV,1920259,3768055,0,90578,226,LE1,SKU010,2023-01-01,2023-01-01
FS,1896457,3721349,0,89456,218,LE1,SKU010,2023-01-01,2023-01-01
MT,1792282,4334822,0,104202,215,LE1,SKU011,2023-01-01,2023-01-01
GT,1919955,4643612,0,111625,226,LE1,SKU011,2023-01-01,2023-01-01
EC,1785746,4319013,0,103822,232,LE1,SKU011,2023-01-01,2023-01-01
CV,1511419,3655524,0,87873,183,LE1,SKU011,2023-01-01,2023-01-01
FS,1802128,4358635,0,104775,214,LE1,SKU011,2023-01-01,2023-01-01
MT,2694055,6157840,0,148025,263,LE1,SKU012,2023-01-01,2023-01-01
GT,2340122,5348850,0,128578,224,LE1,SKU012,2023-01-01,2023-01-01
EC,2598482,5939388,0,142774,275,LE1,SKU012,2023-01-01,2023-01-01
CV,2289617,5233410,0,125803,226,LE1,SKU012,2023-01-01,2023-01-01
FS,2403936,5494710,0,132084,232,LE1,SKU012,2023-01-01,2023-01-01
MT,3266100,7076550,0,170109,265,LE1,SKU013,2023-01-01,2023-01-01
GT,2787642,6039892,0,145190,222,LE1,SKU013,2023-01-01,2023-01-01
EC,3306018,7163040,0,172188,290,LE1,SKU013,2023-01-01,2023-01-01
CV,2572592,5573950,0,133989,211,LE1,SKU013,2023-01-01,2023-01-01
FS,3049477,6607200,0,158827,245,LE1,SKU013,2023-01-01,2023-01-01
MT,3966230,8168077,0,196348,272,LE1,SKU014,2023-01-01,2023-01-01
GT,3639636,7495488,0,180180,245,LE1,SKU014,2023-01-01,2023-01-01
EC,3905355,8042711,0,193334,290,LE1,SKU014,2023-01-01,2023-01-01
CV,4199580,8648640,0,207900,292,LE1,SKU014,2023-01-01,2023-01-01
FS,3789439,7803994,0,187596,258,LE1,SKU014,2023-01-01,2023-01-01
MT,4653796,9131978,0,219519,275,LE1,SKU015,2023-01-01,2023-01-01
GT,4861325,9539204,0,229308,281,LE1,SKU015,2023-01-01,2023-01-01
EC,4049139,7945479,0,190997,259,LE1,SKU015,2023-01-01,2023-01-01
CV,4533945,8896798,0,213865,270,LE1,SKU015,2023-01-01,2023-01-01
FS,3177383,6234866,0,149877,186,LE1,SKU015,2023-01-01,2023-01-01
MT,3811653,9218882,0,221608,252,LE1,SKU016,2023-01-01,2023-01-01
GT,4398352,10637874,0,255718,285,LE1,SKU016,2023-01-01,2023-01-01
EC,3475918,8406871,0,202088,249,LE1,SKU016,2023-01-01,2023-01-01
CV,4421494,10693847,0,257064,296,LE1,SKU016,2023-01-01,2023-01-01
FS,3770651,9119713,0,219224,247,LE1,SKU016,2023-01-01,2023-01-01
MT,2345409,5360796,0,128865,135,LE1,SKU017,2023-01-01,2023-01-01
GT,2507655,5731636,0,137780,141,LE1,SKU017,2023-01-01,2023-01-01
EC,1876173,4288284,0,103084,117,LE1,SKU017,2023-01-01,2023-01-01
CV,2375673,5429970,0,130528,138,LE1,SKU017,2023-01-01,2023-01-01
FS,2164696,4947748,0,118936,123,LE1,SKU017,2023-01-01,2023-01-01
MT,3120787,6761706,0,162541,157,LE1,SKU018,2023-01-01,2023-01-01
GT,2755584,5970432,0,143520,136,LE1,SKU018,2023-01-01,2023-01-01
EC,1966931,4261683,0,102444,107,LE1,SKU018,2023-01-01,2023-01-01
CV,3463690,7504661,0,180400,176,LE1,SKU018,2023-01-01,2023-01-01
FS,2919086,6324687,0,152036,145,LE1,SKU018,2023-01-01,2023-01-01
MT,1232695,2538619,0,61024,151,LE1,SKU019,2023-01-01,2023-01-01
GT,1152158,2372760,0,57038,138,LE1,SKU019,2023-01-01,2023-01-01
EC,1050277,2162946,0,51994,139,LE1,SKU019,2023-01-01,2023-01-01
CV,1314278,2706631,0,65063,162,LE1,SKU019,2023-01-01,2023-01-01
FS,1236831,2547137,0,61229,149,LE1,SKU019,2023-01-01,2023-01-01
MT,1447336,2840055,0,68271,141,LE1,SKU020,2023-01-01,2023-01-01
GT,1677629,3291952,0,79133,160,LE1,SKU020,2023-01-01,2023-01-01
EC,1708566,3352658,0,80593,180,LE1,SKU020,2023-01-01,2023-01-01
CV,1539864,3021619,0,72635,152,LE1,SKU020,2023-01-01,2023-01-01
FS,1517472,2977681,0,71579,146,LE1,SKU020,2023-01-01,2023-01-01
MT,1611801,3898310,0,93709,166,LE1,SKU021,2023-01-01,2023-01-01
GT,2117212,5120700,0,123094,214,LE1,SKU021,2023-01-01,2023-01-01
EC,1592892,3852576,0,92610,178,LE1,SKU021,2023-01-01,2023-01-01
CV,1564448,3783780,0,90956,163,LE1,SKU021,2023-01-01,2023-01-01
FS,1566436,3788590,0,91072,160,LE1,SKU021,2023-01-01,2023-01-01
MT,2452119,5604628,0,134727,210,LE1,SKU022,2023-01-01,2023-01-01
GT,2465541,5635304,0,135464,207,LE1,SKU022,2023-01-01,2023-01-01
EC,1910109,4365794,0,104947,177,LE1,SKU022,2023-01-01,2023-01-01
CV,2169093,4957735,0,119176,188,LE1,SKU022,2023-01-01,2023-01-01
FS,1764491,4032967,0,96946,149,LE1,SKU022,2023-01-01,2023-01-01
MT,2112307,4576666,0,110016,153,LE1,SKU023,2023-01-01,2023-01-01
GT,2905344,6294912,0,151320,206,LE1,SKU023,2023-01-01,2023-01-01
EC,1991485,4314885,0,103723,156,LE1,SKU023,2023-01-01,2023-01-01
CV,2235341,4843238,0,116424,163,LE1,SKU023,2023-01-01,2023-01-01
FS,2564275,5555930,0,133556,183,LE1,SKU023,2023-01-01,2023-01-01
MT,2842126,5852928,0,140695,176,LE1,SKU024,2023-01-01,2023-01-01
GT,3478480,7163404,0,172197,211,LE1,SKU024,2023-01-01,2023-01-01
EC,2941124,6056800,0,145596,197,LE1,SKU024,2023-01-01,2023-01-01
CV,2880133,5931198,0,142577,180,LE1,SKU024,2023-01-01,2023-01-01
FS,3442804,7089933,0,170431,211,LE1,SKU024,2023-01-01,2023-01-01
MT,3888750,7630756,0,183432,209,LE1,SKU025,2023-01-01,2023-01-01
GT,4010497,7869654,0,189174,211,LE1,SKU025,2023-01-01,2023-01-01
EC,3099260,6081566,0,146192,180,LE1,SKU025,2023-01-01,2023-01-01
CV,3515967,6899256,0,165848,191,LE1,SKU025,2023-01-01,2023-01-01
FS,3730005,7319255,0,175944,198,LE1,SKU025,2023-01-01,2023-01-01
MT,2897136,7007026,0,168438,176,LE1,SKU026,2023-01-01,2023-01-01
GT,3723988,9006856,0,216511,222,LE1,SKU026,2023-01-01,2023-01-01
EC,2949695,7134145,0,171494,194,LE1,SKU026,2023-01-01,2023-01-01
CV,3194927,7727266,0,185752,196,LE1,SKU026,2023-01-01,2023-01-01
FS,3315450,8018764,0,192759,199,LE1,SKU026,2023-01-01,2023-01-01
MT,3537903,8086634,0,194390,188,LE1,SKU027,2023-01-01,2023-01-01
GT,4224197,9655308,0,232099,219,LE1,SKU027,2023-01-01,2023-01-01
EC,3009022,6877765,0,165331,173,LE1,SKU027,2023-01-01,2023-01-01
CV,4944712,11302200,0,271688,265,LE1,SKU027,2023-01-01,2023-01-01
FS,4584821,10479591,0,251913,241,LE1,SKU027,2023-01-01,2023-01-01
MT,1254182,2717395,0,65322,161,LE1,SKU028,2023-01-01,2023-01-01
GT,2013336,4362228,0,104861,253,LE1,SKU028,2023-01-01,2023-01-01
EC,1425030,3087564,0,74220,198,LE1,SKU028,2023-01-01,2023-01-01
CV,1739102,3768055,0,90578,226,LE1,SKU028,2023-01-01,2023-01-01
FS,2009362,4353617,0,104654,255,LE1,SKU028,2023-01-01,2023-01-01
MT,2395329,4932728,0,118575,245,LE1,SKU029,2023-01-01,2023-01-01
GT,2583118,5319444,0,127871,259,LE1,SKU029,2023-01-01,2023-01-01
EC,2126040,4378177,0,105245,235,LE1,SKU029,2023-01-01,2023-01-01
CV,1826424,3761176,0,90413,189,LE1,SKU029,2023-01-01,2023-01-01
FS,1770777,3646580,0,87658,179,LE1,SKU029,2023-01-01,2023-01-01
MT,2783825,5462600,0,131312,233,LE1,SKU030,2023-01-01,2023-01-01
GT,2777531,5450250,0,131016,228,LE1,SKU030,2023-01-01,2023-01-01
EC,3190414,6260436,0,150491,289,LE1,SKU030,2023-01-01,2023-01-01
CV,3293089,6461910,0,155334,279,LE1,SKU030,2023-01-01,2023-01-01
FS,2915265,5720520,0,137512,242,LE1,SKU030,2023-01-01,2023-01-01
MT,3078027,7444530,0,178955,279,LE1,SKU031,2023-01-01,2023-01-01
GT,2855721,6906860,0,166030,253,LE1,SKU031,2023-01-01,2023-01-01
EC,2669801,6457193,0,155221,262,LE1,SKU031,2023-01-01,2023-01-01
CV,2709948,6554293,0,157555,248,LE1,SKU031,2023-01-01,2023-01-01
FS,2601736,6292572,0,151264,233,LE1,SKU031,2023-01-01,2023-01-01
MT,3031246,6928563,0,166552,231,LE1,SKU032,2023-01-01,2023-01-01
GT,3449628,7884864,0,189540,258,LE1,SKU032,2023-01-01,2023-01-01
EC,3082061,7044710,0,169344,254,LE1,SKU032,2023-01-01,2023-01-01
CV,3054542,6981811,0,167832,235,LE1,SKU032,2023-01-01,2023-01-01
FS,3105138,7097459,0,170612,234,LE1,SKU032,2023-01-01,2023-01-01
MT,4702955,10189735,0,244946,306,LE1,SKU033,2023-01-01,2023-01-01
GT,2957292,6407466,0,154026,189,LE1,SKU033,2023-01-01,2023-01-01
EC,4208198,9117763,0,219177,297,LE1,SKU033,2023-01-01,2023-01-01
CV,4444373,9629474,0,231478,293,LE1,SKU033,2023-01-01,2023-01-01
FS,4587765,9940157,0,238946,296,LE1,SKU033,2023-01-01,2023-01-01
MT,1862064,3834745,0,92181,105,LE1,SKU034,2023-01-01,2023-01-01
GT,2304315,4745520,0,114075,127,LE1,SKU034,2023-01-01,2023-01-01
EC,1806583,3720488,0,89435,110,LE1,SKU034,2023-01-01,2023-01-01
CV,2531201,5212771,0,125307,144,LE1,SKU034,2023-01-01,2023-01-01
FS,2033607,4188023,0,100674,113,LE1,SKU034,2023-01-01,2023-01-01
MT,2688922,5276376,0,126836,132,LE1,SKU035,2023-01-01,2023-01-01
GT,2327959,4568070,0,109809,112,LE1,SKU035,2023-01-01,2023-01-01
EC,2284711,4483206,0,107769,122,LE1,SKU035,2023-01-01,2023-01-01
CV,3639927,7142498,0,171695,181,LE1,SKU035,2023-01-01,2023-01-01
FS,3151811,6184686,0,148670,154,LE1,SKU035,2023-01-01,2023-01-01
MT,2417907,5847962,0,140576,136,LE1,SKU036,2023-01-01,2023-01-01
GT,2796398,6763380,0,162581,154,LE1,SKU036,2023-01-01,2023-01-01
EC,2076069,5021191,0,120702,126,LE1,SKU036,2023-01-01,2023-01-01
CV,2822507,6826529,0,164099,160,LE1,SKU036,2023-01-01,2023-01-01
FS,2710453,6555515,0,157584,151,LE1,SKU036,2023-01-01,2023-01-01
MT,1020055,2467109,0,59306,146,LE1,SKU001,2023-02-01,2023-02-01
GT,1018778,2464020,0,59231,143,LE1,SKU001,2023-02-01,2023-02-01
EC,1133229,2740833,0,65885,176,LE1,SKU001,2023-02-01,2023-02-01
CV,1119088,2706631,0,65063,162,LE1,SKU001,2023-02-01,2023-02-01
FS,1083020,2619396,0,62966,154,LE1,SKU001,2023-02-01,2023-02-01
MT,1606791,3672854,0,88290,182,LE1,SKU002,2023-02-01,2023-02-01
GT,1697666,3880578,0,93283,189,LE1,SKU002,2023-02-01,2023-02-01
EC,1190626,2721570,0,65422,146,LE1,SKU002,2023-02-01,2023-02-01
CV,1552990,3549874,0,85334,178,LE1,SKU002,2023-02-01,2023-02-01
FS,1198833,2740330,0,65873,135,LE1,SKU002,2023-02-01,2023-02-01
MT,1787760,3873480,0,93112,165,LE1,SKU003,2023-02-01,2023-02-01
GT,1579500,3422250,0,82266,143,LE1,SKU003,2023-02-01,2023-02-01
EC,1534680,3325140,0,79931,154,LE1,SKU003,2023-02-01,2023-02-01
CV,2007180,4348890,0,104541,188,LE1,SKU003,2023-02-01,2023-02-01
FS,1852800,4014400,0,96500,170,LE1,SKU003,2023-02-01,2023-02-01
MT,1992932,4104400,0,98663,154,LE1,SKU004,2023-02-01,2023-02-01
GT,2427571,4999528,0,120181,183,LE1,SKU004,2023-02-01,2023-02-01
EC,2107162,4339652,0,104319,176,LE1,SKU004,2023-02-01,2023-02-01
CV,1768057,3641274,0,87531,138,LE1,SKU004,2023-02-01,2023-02-01
FS,2416561,4976852,0,119636,184,LE1,SKU004,2023-02-01,2023-02-01
MT,2510504,4926272,0,118420,164,LE1,SKU005,2023-02-01,2023-02-01
GT,2596152,5094336,0,122460,166,LE1,SKU005,2023-02-01,2023-02-01
EC,2946868,5782533,0,139003,209,LE1,SKU005,2023-02-01,2023-02-01
CV,2452162,4811789,0,115668,162,LE1,SKU005,2023-02-01,2023-02-01
FS,2733189,5363238,0,128924,177,LE1,SKU005,2023-02-01,2023-02-01
MT,2667788,6452324,0,155104,194,LE1,SKU006,2023-02-01,2023-02-01
GT,2321806,5615532,0,134989,165,LE1,SKU006,2023-02-01,2023-02-01
EC,2167661,5242714,0,126027,171,LE1,SKU006,2023-02-01,2023-02-01
CV,2221515,5372968,0,129158,163,LE1,SKU006,2023-02-01,2023-02-01
FS,2636800,6377377,0,153302,190,LE1,SKU006,2023-02-01,2023-02-01
MT,3253723,7437082,0,178776,204,LE1,SKU007,2023-02-01,2023-02-01
GT,3667892,8383752,0,201532,225,LE1,SKU007,2023-02-01,2023-02-01
EC,2206804,5044123,0,121253,149,LE1,SKU007,2023-02-01,2023-02-01
CV,3236422,7397536,0,177825,205,LE1,SKU007,2023-02-01,2023-02-01
FS,3904255,8924011,0,214520,242,LE1,SKU007,2023-02-01,2023-02-01
MT,4247076,9201998,0,221202,231,LE1,SKU008,2023-02-01,2023-02-01
GT,4415580,9567090,0,229978,235,LE1,SKU008,2023-02-01,2023-02-01
EC,3472610,7523989,0,180865,205,LE1,SKU008,2023-02-01,2023-02-01
CV,3913434,8479106,0,203825,215,LE1,SKU008,2023-02-01,2023-02-01
FS,3838770,8317334,0,199936,207,LE1,SKU008,2023-02-01,2023-02-01
MT,4592223,9457250,0,227338,219,LE1,SKU009,2023-02-01,2023-02-01
GT,4031566,8302632,0,199582,189,LE1,SKU009,2023-02-01,2023-02-01
EC,4753416,9789212,0,235318,246,LE1,SKU009,2023-02-01,2023-02-01
CV,4368518,8996551,0,216263,211,LE1,SKU009,2023-02-01,2023-02-01
FS,4348888,8956126,0,215292,206,LE1,SKU009,2023-02-01,2023-02-01
MT,1767476,3468254,0,83372,206,LE1,SKU010,2023-02-01,2023-02-01
GT,2009124,3942432,0,94770,229,LE1,SKU010,2023-02-01,2023-02-01
EC,1422013,2790366,0,67076,179,LE1,SKU010,2023-02-01,2023-02-01
CV,2181703,4281077,0,102910,257,LE1,SKU010,2023-02-01,2023-02-01
FS,2375174,4660718,0,112036,273,LE1,SKU010,2023-02-01,2023-02-01
MT,1968862,4761898,0,114469,236,LE1,SKU011,2023-02-01,2023-02-01
GT,2118261,5123236,0,123155,249,LE1,SKU011,2023-02-01,2023-02-01
EC,1899903,4595114,0,110459,247,LE1,SKU011,2023-02-01,2023-02-01
CV,2096766,5071248,0,121905,254,LE1,SKU011,2023-02-01,2023-02-01
FS,1784285,4315480,0,103738,212,LE1,SKU011,2023-02-01,2023-02-01
MT,2889591,6604780,0,158769,282,LE1,SKU012,2023-02-01,2023-02-01
GT,2850291,6514950,0,156609,272,LE1,SKU012,2023-02-01,2023-02-01
EC,2508188,5733000,0,137812,265,LE1,SKU012,2023-02-01,2023-02-01
CV,2203622,5036850,0,121078,217,LE1,SKU012,2023-02-01,2023-02-01
FS,2392959,5469620,0,131481,231,LE1,SKU012,2023-02-01,2023-02-01
MT,2887233,6255671,0,150377,234,LE1,SKU013,2023-02-01,2023-02-01
GT,3601260,7802730,0,187566,286,LE1,SKU013,2023-02-01,2023-02-01
EC,2992308,6483335,0,155849,263,LE1,SKU013,2023-02-01,2023-02-01
CV,3193117,6918420,0,166308,262,LE1,SKU013,2023-02-01,2023-02-01
FS,3933958,8523575,0,204894,316,LE1,SKU013,2023-02-01,2023-02-01
MT,3950797,8136294,0,195584,271,LE1,SKU014,2023-02-01,2023-02-01
GT,4065048,8371584,0,201240,273,LE1,SKU014,2023-02-01,2023-02-01
EC,3021661,6222828,0,149587,225,LE1,SKU014,2023-02-01,2023-02-01
CV,3863614,7956749,0,191268,268,LE1,SKU014,2023-02-01,2023-02-01
FS,3368390,6936883,0,166752,229,LE1,SKU014,2023-02-01,2023-02-01
MT,3809285,7474823,0,179683,225,LE1,SKU015,2023-02-01,2023-02-01
GT,5613455,11015082,0,264786,324,LE1,SKU015,2023-02-01,2023-02-01
EC,4530389,8889819,0,213698,289,LE1,SKU015,2023-02-01,2023-02-01
CV,4000539,7850114,0,188705,238,LE1,SKU015,2023-02-01,2023-02-01
FS,3903642,7659978,0,184134,228,LE1,SKU015,2023-02-01,2023-02-01
MT,5028820,12162727,0,292373,333,LE1,SKU016,2023-02-01,2023-02-01
GT,4022284,9728316,0,233854,261,LE1,SKU016,2023-02-01,2023-02-01
EC,4466924,10803724,0,259705,320,LE1,SKU016,2023-02-01,2023-02-01
CV,4405647,10655518,0,256142,295,LE1,SKU016,2023-02-01,2023-02-01
FS,3722102,9002292,0,216401,244,LE1,SKU016,2023-02-01,2023-02-01
MT,2511619,5740696,0,137998,144,LE1,SKU017,2023-02-01,2023-02-01
GT,2847037,6507344,0,156427,160,LE1,SKU017,2023-02-01,2023-02-01
EC,2490193,5691722,0,136820,155,LE1,SKU017,2023-02-01,2023-02-01
CV,2357399,5388202,0,129524,137,LE1,SKU017,2023-02-01,2023-02-01
FS,2519258,5758154,0,138417,143,LE1,SKU017,2023-02-01,2023-02-01
MT,2846664,6167772,0,148264,143,LE1,SKU018,2023-02-01,2023-02-01
GT,2863224,6203652,0,149126,141,LE1,SKU018,2023-02-01,2023-02-01
EC,2745913,5949478,0,143016,149,LE1,SKU018,2023-02-01,2023-02-01
CV,3192437,6916946,0,166273,162,LE1,SKU018,2023-02-01,2023-02-01
FS,3132158,6786343,0,163133,156,LE1,SKU018,2023-02-01,2023-02-01
MT,1397633,2878294,0,69190,171,LE1,SKU019,2023-02-01,2023-02-01
GT,1143295,2354508,0,56599,137,LE1,SKU019,2023-02-01,2023-02-01
EC,1234677,2542700,0,61123,163,LE1,SKU019,2023-02-01,2023-02-01
CV,1168247,2405894,0,57834,144,LE1,SKU019,2023-02-01,2023-02-01
FS,1315778,2709720,0,65138,159,LE1,SKU019,2023-02-01,2023-02-01
MT,1752038,3437961,0,82643,171,LE1,SKU020,2023-02-01,2023-02-01
GT,1888721,3706170,0,89091,180,LE1,SKU020,2023-02-01,2023-02-01
EC,1407055,2761013,0,66370,148,LE1,SKU020,2023-02-01,2023-02-01
CV,1755229,3444223,0,82794,173,LE1,SKU020,2023-02-01,2023-02-01
FS,1847357,3625003,0,87140,178,LE1,SKU020,2023-02-01,2023-02-01
MT,1663132,4022460,0,96694,172,LE1,SKU021,2023-02-01,2023-02-01
GT,1834219,4436250,0,106641,186,LE1,SKU021,2023-02-01,2023-02-01
EC,1687707,4081896,0,98122,189,LE1,SKU021,2023-02-01,2023-02-01
CV,1452701,3513510,0,84459,152,LE1,SKU021,2023-02-01,2023-02-01
FS,1566436,3788590,0,91072,160,LE1,SKU021,2023-02-01,2023-02-01
MT,2538810,5802772,0,139490,217,LE1,SKU022,2023-02-01,2023-02-01
GT,2060939,4710536,0,113234,173,LE1,SKU022,2023-02-01,2023-02-01
EC,1967297,4496507,0,108089,182,LE1,SKU022,2023-02-01,2023-02-01
CV,1580864,3613265,0,86857,137,LE1,SKU022,2023-02-01,2023-02-01
FS,1576779,3603928,0,86633,134,LE1,SKU022,2023-02-01,2023-02-01
MT,3065779,6642522,0,159676,222,LE1,SKU023,2023-02-01,2023-02-01
GT,2560896,5548608,0,133380,181,LE1,SKU023,2023-02-01,2023-02-01
EC,2465649,5342239,0,128419,193,LE1,SKU023,2023-02-01,2023-02-01
CV,2815949,6101222,0,146664,206,LE1,SKU023,2023-02-01,2023-02-01
FS,2327117,5042086,0,121204,166,LE1,SKU023,2023-02-01,2023-02-01
MT,2825004,5817668,0,139848,175,LE1,SKU024,2023-02-01,2023-02-01
GT,3740677,7703358,0,185177,227,LE1,SKU024,2023-02-01,2023-02-01
EC,3162499,6512688,0,156555,212,LE1,SKU024,2023-02-01,2023-02-01
CV,3235915,6663876,0,160189,202,LE1,SKU024,2023-02-01,2023-02-01
FS,3252498,6698026,0,161010,199,LE1,SKU024,2023-02-01,2023-02-01
MT,4382247,8599126,0,206710,235,LE1,SKU025,2023-02-01,2023-02-01
GT,4131416,8106930,0,194878,217,LE1,SKU025,2023-02-01,2023-02-01
EC,3646188,7154784,0,171990,212,LE1,SKU025,2023-02-01,2023-02-01
CV,3398768,6669281,0,160319,184,LE1,SKU025,2023-02-01,2023-02-01
FS,4248615,8336905,0,200406,226,LE1,SKU025,2023-02-01,2023-02-01
MT,3089115,7471348,0,179600,188,LE1,SKU026,2023-02-01,2023-02-01
GT,3830897,9265424,0,222727,228,LE1,SKU026,2023-02-01,2023-02-01
EC,3304303,7991802,0,192111,217,LE1,SKU026,2023-02-01,2023-02-01
CV,3782102,9147410,0,219890,232,LE1,SKU026,2023-02-01,2023-02-01
FS,4091407,9895496,0,237872,246,LE1,SKU026,2023-02-01,2023-02-01
MT,4137547,9457250,0,227338,219,LE1,SKU027,2023-02-01,2023-02-01
GT,4979247,11381136,0,273585,259,LE1,SKU027,2023-02-01,2023-02-01
EC,4338161,9915797,0,238360,249,LE1,SKU027,2023-02-01,2023-02-01
CV,3263510,7459452,0,179314,175,LE1,SKU027,2023-02-01,2023-02-01
FS,4605019,10525757,0,253023,242,LE1,SKU027,2023-02-01,2023-02-01
MT,1691496,3664908,0,88099,217,LE1,SKU028,2023-02-01,2023-02-01
GT,1701648,3686904,0,88628,214,LE1,SKU028,2023-02-01,2023-02-01
EC,1394548,3021520,0,72633,194,LE1,SKU028,2023-02-01,2023-02-01
CV,2033035,4404910,0,105887,264,LE1,SKU028,2023-02-01,2023-02-01
FS,2326190,5040079,0,121156,296,LE1,SKU028,2023-02-01,2023-02-01
MT,2530131,5210327,0,125248,259,LE1,SKU029,2023-02-01,2023-02-01
GT,2297281,4730816,0,113722,230,LE1,SKU029,2023-02-01,2023-02-01
EC,2154770,4437342,0,106667,238,LE1,SKU029,2023-02-01,2023-02-01
CV,2852505,5874196,0,141207,295,LE1,SKU029,2023-02-01,2023-02-01
FS,2116550,4358635,0,104775,214,LE1,SKU029,2023-02-01,2023-02-01
MT,3087515,6058520,0,145638,259,LE1,SKU030,2023-02-01,2023-02-01
GT,3216769,6312150,0,151734,264,LE1,SKU030,2023-02-01,2023-02-01
EC,2582716,5067972,0,121826,234,LE1,SKU030,2023-02-01,2023-02-01
CV,2541814,4987710,0,119897,215,LE1,SKU030,2023-02-01,2023-02-01
FS,2378242,4666740,0,112181,197,LE1,SKU030,2023-02-01,2023-02-01
MT,3230173,7812511,0,187801,293,LE1,SKU031,2023-02-01,2023-02-01
GT,2807927,6791264,0,163252,249,LE1,SKU031,2023-02-01,2023-02-01
EC,2788699,6744760,0,162134,273,LE1,SKU031,2023-02-01,2023-02-01
CV,3277416,7926773,0,190547,300,LE1,SKU031,2023-02-01,2023-02-01
FS,3027475,7322266,0,176016,271,LE1,SKU031,2023-02-01,2023-02-01
MT,3086866,7055693,0,169608,235,LE1,SKU032,2023-02-01,2023-02-01
GT,3676764,8404032,0,202020,275,LE1,SKU032,2023-02-01,2023-02-01
EC,3415951,7807887,0,187690,282,LE1,SKU032,2023-02-01,2023-02-01
CV,3302208,7547904,0,181440,254,LE1,SKU032,2023-02-01,2023-02-01
FS,3807658,8703219,0,209212,287,LE1,SKU032,2023-02-01,2023-02-01
MT,5256244,11388528,0,273763,342,LE1,SKU033,2023-02-01,2023-02-01
GT,4668534,10115156,0,243153,298,LE1,SKU033,2023-02-01,2023-02-01
EC,4373520,9475961,0,227788,308,LE1,SKU033,2023-02-01,2023-02-01
CV,4090111,8861908,0,213027,269,LE1,SKU033,2023-02-01,2023-02-01
FS,4423328,9583878,0,230382,285,LE1,SKU033,2023-02-01,2023-02-01
MT,2633222,5422872,0,130358,148,LE1,SKU034,2023-02-01,2023-02-01
GT,2323518,4785066,0,115026,128,LE1,SKU034,2023-02-01,2023-02-01
EC,2431939,5008349,0,120393,148,LE1,SKU034,2023-02-01,2023-02-01
CV,2456754,5059454,0,121622,140,LE1,SKU034,2023-02-01,2023-02-01
FS,2584772,5323094,0,127959,144,LE1,SKU034,2023-02-01,2023-02-01
MT,2366251,4643210,0,111616,117,LE1,SKU035,2023-02-01,2023-02-01
GT,2569540,5042116,0,121205,124,LE1,SKU035,2023-02-01,2023-02-01
EC,2542982,4990003,0,119952,136,LE1,SKU035,2023-02-01,2023-02-01
CV,3341922,6557734,0,157638,166,LE1,SKU035,2023-02-01,2023-02-01
FS,2934444,5758154,0,138417,143,LE1,SKU035,2023-02-01,2023-02-01
MT,2474577,5985023,0,143871,139,LE1,SKU036,2023-02-01,2023-02-01
GT,3066394,7416396,0,178279,169,LE1,SKU036,2023-02-01,2023-02-01
EC,2739016,6624596,0,159245,166,LE1,SKU036,2023-02-01,2023-02-01
CV,2729047,6600485,0,158666,155,LE1,SKU036,2023-02-01,2023-02-01
FS,3130383,7571158,0,181999,174,LE1,SKU036,2023-02-01,2023-02-01
MT,1138322,2753150,0,66182,163,LE1,SKU001,2023-03-01,2023-03-01
GT,1048964,2537028,0,60986,147,LE1,SKU001,2023-03-01,2023-03-01
EC,1017175,2460145,0,59138,158,LE1,SKU001,2023-03-01,2023-03-01
CV,1148345,2777393,0,66764,166,LE1,SKU001,2023-03-01,2023-03-01
FS,1307092,3161340,0,75994,186,LE1,SKU001,2023-03-01,2023-03-01
MT,1261145,2882764,0,69297,143,LE1,SKU002,2023-03-01,2023-03-01
GT,1649979,3771572,0,90663,183,LE1,SKU002,2023-03-01,2023-03-01
EC,1294159,2958228,0,71111,159,LE1,SKU002,2023-03-01,2023-03-01
CV,1414330,3232920,0,77714,162,LE1,SKU002,2023-03-01,2023-03-01
FS,1349867,3085569,0,74172,152,LE1,SKU002,2023-03-01,2023-03-01
MT,2120100,4593550,0,110422,196,LE1,SKU003,2023-03-01,2023-03-01
GT,1638000,3549000,0,85312,148,LE1,SKU003,2023-03-01,2023-03-01
EC,1714608,3714984,0,89302,172,LE1,SKU003,2023-03-01,2023-03-01
CV,1701000,3685500,0,88594,159,LE1,SKU003,2023-03-01,2023-03-01
FS,1760160,3813680,0,91675,161,LE1,SKU003,2023-03-01,2023-03-01
MT,2212842,4557299,0,109550,171,LE1,SKU004,2023-03-01,2023-03-01
GT,2034669,4190356,0,100730,154,LE1,SKU004,2023-03-01,2023-03-01
EC,2081774,4287367,0,103062,174,LE1,SKU004,2023-03-01,2023-03-01
CV,2380077,4901714,0,117830,186,LE1,SKU004,2023-03-01,2023-03-01
FS,2486002,5119865,0,123074,190,LE1,SKU004,2023-03-01,2023-03-01
MT,2883030,5657267,0,135992,189,LE1,SKU005,2023-03-01,2023-03-01
GT,2563080,5029440,0,120900,164,LE1,SKU005,2023-03-01,2023-03-01
EC,2423313,4755180,0,114307,172,LE1,SKU005,2023-03-01,2023-03-01
CV,2836814,5566579,0,133812,188,LE1,SKU005,2023-03-01,2023-03-01
FS,2765922,5427469,0,130468,179,LE1,SKU005,2023-03-01,2023-03-01
MT,3163442,7651116,0,183921,230,LE1,SKU006,2023-03-01,2023-03-01
GT,2619474,6335472,0,152295,187,LE1,SKU006,2023-03-01,2023-03-01
EC,2234979,5405531,0,129941,176,LE1,SKU006,2023-03-01,2023-03-01
CV,3216870,7780337,0,187027,236,LE1,SKU006,2023-03-01,2023-03-01
FS,2342185,5664821,0,136174,169,LE1,SKU006,2023-03-01,2023-03-01
MT,3406241,7785695,0,187156,213,LE1,SKU007,2023-03-01,2023-03-01
GT,3079645,7039188,0,169211,189,LE1,SKU007,2023-03-01,2023-03-01
EC,3443240,7870262,0,189189,233,LE1,SKU007,2023-03-01,2023-03-01
CV,2884272,6592622,0,158476,182,LE1,SKU007,2023-03-01,2023-03-01
FS,3116554,7123553,0,171239,193,LE1,SKU007,2023-03-01,2023-03-01
MT,4013292,8695466,0,209026,218,LE1,SKU008,2023-03-01,2023-03-01
GT,3719430,8058764,0,193720,198,LE1,SKU008,2023-03-01,2023-03-01
EC,4084366,8849459,0,212727,241,LE1,SKU008,2023-03-01,2023-03-01
CV,2968812,6432426,0,154626,163,LE1,SKU008,2023-03-01,2023-03-01
FS,3641910,7890806,0,189683,196,LE1,SKU008,2023-03-01,2023-03-01
MT,4836254,9959810,0,239418,231,LE1,SKU009,2023-03-01,2023-03-01
GT,4529850,9328800,0,224250,212,LE1,SKU009,2023-03-01,2023-03-01
EC,3749461,7721663,0,185617,194,LE1,SKU009,2023-03-01,2023-03-01
CV,5422230,11166574,0,268427,262,LE1,SKU009,2023-03-01,2023-03-01
FS,5604238,11541400,0,277438,265,LE1,SKU009,2023-03-01,2023-03-01
MT,2131904,4183358,0,100562,248,LE1,SKU010,2023-03-01,2023-03-01
GT,1655667,3248856,0,78098,189,LE1,SKU010,2023-03-01,2023-03-01
EC,2179299,4276359,0,102797,275,LE1,SKU010,2023-03-01,2023-03-01
CV,2217764,4351838,0,104612,261,LE1,SKU010,2023-03-01,2023-03-01
FS,2062166,4046515,0,97272,237,LE1,SKU010,2023-03-01,2023-03-01
MT,1907059,4612421,0,110876,229,LE1,SKU011,2023-03-01,2023-03-01
GT,2190372,5297644,0,127347,258,LE1,SKU011,2023-03-01,2023-03-01
EC,2128217,5147317,0,123734,277,LE1,SKU011,2023-03-01,2023-03-01
CV,2026874,4902206,0,117842,246,LE1,SKU011,2023-03-01,2023-03-01
FS,1935949,4682295,0,112555,230,LE1,SKU011,2023-03-01,2023-03-01
MT,1835868,4196270,0,100872,179,LE1,SKU012,2023-03-01,2023-03-01
GT,2650659,6058650,0,145641,253,LE1,SKU012,2023-03-01,2023-03-01
EC,2026616,4632264,0,111352,214,LE1,SKU012,2023-03-01,2023-03-01
CV,2440108,5577390,0,134072,241,LE1,SKU012,2023-03-01,2023-03-01
FS,1789231,4089670,0,98309,173,LE1,SKU012,2023-03-01,2023-03-01
MT,3096263,6708570,0,161264,251,LE1,SKU013,2023-03-01,2023-03-01
GT,3081078,6675668,0,160473,245,LE1,SKU013,2023-03-01,2023-03-01
EC,2545875,5516063,0,132598,224,LE1,SKU013,2023-03-01,2023-03-01
CV,2831144,6134146,0,147455,232,LE1,SKU013,2023-03-01,2023-03-01
FS,3405910,7379471,0,177391,273,LE1,SKU013,2023-03-01,2023-03-01
MT,3626708,7468864,0,179540,249,LE1,SKU014,2023-03-01,2023-03-01
GT,4632264,9539712,0,229320,312,LE1,SKU014,2023-03-01,2023-03-01
EC,3948114,8130770,0,195451,294,LE1,SKU014,2023-03-01,2023-03-01
CV,4245394,8742989,0,210168,295,LE1,SKU014,2023-03-01,2023-03-01
FS,3633495,7482842,0,179876,247,LE1,SKU014,2023-03-01,2023-03-01
MT,6181104,12128958,0,291562,365,LE1,SKU015,2023-03-01,2023-03-01
GT,3999128,7847346,0,188638,231,LE1,SKU015,2023-03-01,2023-03-01
EC,3684052,7229084,0,173776,235,LE1,SKU015,2023-03-01,2023-03-01
CV,4107221,8059452,0,193737,245,LE1,SKU015,2023-03-01,2023-03-01
FS,5174595,10153922,0,244085,302,LE1,SKU015,2023-03-01,2023-03-01
MT,4436252,10729540,0,257922,294,LE1,SKU016,2023-03-01,2023-03-01
GT,5036031,12180168,0,292792,326,LE1,SKU016,2023-03-01,2023-03-01
EC,3431544,8299549,0,199508,246,LE1,SKU016,2023-03-01,2023-03-01
CV,3961912,9582300,0,230344,265,LE1,SKU016,2023-03-01,2023-03-01
FS,4223776,10215644,0,245568,277,LE1,SKU016,2023-03-01,2023-03-01
MT,2567023,5867328,0,141042,147,LE1,SKU017,2023-03-01,2023-03-01
GT,2413382,5516160,0,132600,136,LE1,SKU017,2023-03-01,2023-03-01
EC,2456081,5613754,0,134946,153,LE1,SKU017,2023-03-01,2023-03-01
CV,2467045,5638814,0,135548,143,LE1,SKU017,2023-03-01,2023-03-01
FS,2500597,5715502,0,137392,142,LE1,SKU017,2023-03-01,2023-03-01
MT,3036442,6578957,0,158148,153,LE1,SKU018,2023-03-01,2023-03-01
GT,3121560,6763380,0,162581,154,LE1,SKU018,2023-03-01,2023-03-01
EC,3018557,6540206,0,157216,164,LE1,SKU018,2023-03-01,2023-03-01
CV,3213302,6962155,0,167360,163,LE1,SKU018,2023-03-01,2023-03-01
FS,3366538,7294165,0,175340,167,LE1,SKU018,2023-03-01,2023-03-01
MT,1197971,2467109,0,59306,146,LE1,SKU019,2023-03-01,2023-03-01
GT,1391452,2865564,0,68884,166,LE1,SKU019,2023-03-01,2023-03-01
EC,1370972,2823388,0,67870,181,LE1,SKU019,2023-03-01,2023-03-01
CV,1357228,2795083,0,67190,167,LE1,SKU019,2023-03-01,2023-03-01
FS,1447355,2980692,0,71651,175,LE1,SKU019,2023-03-01,2023-03-01
MT,1828214,3587438,0,86236,178,LE1,SKU020,2023-03-01,2023-03-01
GT,1866501,3662568,0,88042,178,LE1,SKU020,2023-03-01,2023-03-01
EC,1497508,2938506,0,70637,158,LE1,SKU020,2023-03-01,2023-03-01
CV,1787534,3507613,0,84318,176,LE1,SKU020,2023-03-01,2023-03-01
FS,2067281,4056551,0,97513,199,LE1,SKU020,2023-03-01,2023-03-01
MT,1745262,4221100,0,101469,180,LE1,SKU021,2023-03-01,2023-03-01
GT,1289194,3118050,0,74953,130,LE1,SKU021,2023-03-01,2023-03-01
EC,1602374,3875508,0,93161,179,LE1,SKU021,2023-03-01,2023-03-01
CV,1747305,4226040,0,101588,182,LE1,SKU021,2023-03-01,2023-03-01
FS,1483446,3587870,0,86247,152,LE1,SKU021,2023-03-01,2023-03-01
MT,2130124,4868666,0,117035,182,LE1,SKU022,2023-03-01,2023-03-01
GT,1934502,4421548,0,106287,162,LE1,SKU022,2023-03-01,2023-03-01
EC,2173177,4967071,0,119401,201,LE1,SKU022,2023-03-01,2023-03-01
CV,1703411,3893362,0,93590,147,LE1,SKU022,2023-03-01,2023-03-01
FS,1989745,4547813,0,109322,169,LE1,SKU022,2023-03-01,2023-03-01
MT,1994957,4322406,0,103904,144,LE1,SKU023,2023-03-01,2023-03-01
GT,2680704,5808192,0,139620,190,LE1,SKU023,2023-03-01,2023-03-01
EC,2966907,6428298,0,154526,232,LE1,SKU023,2023-03-01,2023-03-01
CV,2685312,5818176,0,139860,196,LE1,SKU023,2023-03-01,2023-03-01
FS,2831078,6134003,0,147452,202,LE1,SKU023,2023-03-01,2023-03-01
MT,3116066,6417065,0,154256,193,LE1,SKU024,2023-03-01,2023-03-01
GT,2674409,5507540,0,132393,162,LE1,SKU024,2023-03-01,2023-03-01
EC,2877874,5926546,0,142465,193,LE1,SKU024,2023-03-01,2023-03-01
CV,2829308,5826530,0,140061,177,LE1,SKU024,2023-03-01,2023-03-01
FS,3944519,8123138,0,195268,242,LE1,SKU024,2023-03-01,2023-03-01
MT,3217596,6313772,0,151773,173,LE1,SKU025,2023-03-01,2023-03-01
GT,3788811,7434648,0,178718,199,LE1,SKU025,2023-03-01,2023-03-01
EC,3901421,7655619,0,184029,227,LE1,SKU025,2023-03-01,2023-03-01
CV,3144837,6171001,0,148341,171,LE1,SKU025,2023-03-01,2023-03-01
FS,3969363,7788940,0,187234,211,LE1,SKU025,2023-03-01,2023-03-01
MT,3752314,9075364,0,218158,228,LE1,SKU026,2023-03-01,2023-03-01
GT,4311986,10428990,0,250697,257,LE1,SKU026,2023-03-01,2023-03-01
EC,3239829,7835864,0,188362,213,LE1,SKU026,2023-03-01,2023-03-01
CV,2918609,7058962,0,169687,179,LE1,SKU026,2023-03-01,2023-03-01
FS,3544711,8573254,0,206088,213,LE1,SKU026,2023-03-01,2023-03-01
MT,5356824,12244170,0,294331,284,LE1,SKU027,2023-03-01,2023-03-01
GT,3632402,8302632,0,199582,189,LE1,SKU027,2023-03-01,2023-03-01
EC,4116638,9409458,0,226189,236,LE1,SKU027,2023-03-01,2023-03-01
CV,4133780,9448639,0,227131,222,LE1,SKU027,2023-03-01,2023-03-01
FS,5837063,13341858,0,320718,306,LE1,SKU027,2023-03-01,2023-03-01
MT,1559477,3378866,0,81223,200,LE1,SKU028,2023-03-01,2023-03-01
GT,1625832,3522636,0,84679,205,LE1,SKU028,2023-03-01,2023-03-01
EC,1684126,3648940,0,87715,234,LE1,SKU028,2023-03-01,2023-03-01
CV,1894234,4104173,0,98658,246,LE1,SKU028,2023-03-01,2023-03-01
FS,1767571,3829738,0,92061,225,LE1,SKU028,2023-03-01,2023-03-01
MT,2488654,5124912,0,123195,254,LE1,SKU029,2023-03-01,2023-03-01
GT,2085550,4294796,0,103240,209,LE1,SKU029,2023-03-01,2023-03-01
EC,2614454,5383975,0,129422,289,LE1,SKU029,2023-03-01,2023-03-01
CV,1836685,3782306,0,90921,190,LE1,SKU029,2023-03-01,2023-03-01
FS,2525191,5200153,0,125004,255,LE1,SKU029,2023-03-01,2023-03-01
MT,2631980,5164640,0,124150,220,LE1,SKU030,2023-03-01,2023-03-01
GT,2958394,5805150,0,139547,243,LE1,SKU030,2023-03-01,2023-03-01
EC,2582716,5067972,0,121826,234,LE1,SKU030,2023-03-01,2023-03-01
CV,2804760,5503680,0,132300,237,LE1,SKU030,2023-03-01,2023-03-01
FS,3209349,6297590,0,151384,266,LE1,SKU030,2023-03-01,2023-03-01
MT,3078027,7444530,0,178955,279,LE1,SKU031,2023-03-01,2023-03-01
GT,3226129,7802730,0,187566,286,LE1,SKU031,2023-03-01,2023-03-01
EC,2475240,5986628,0,143909,243,LE1,SKU031,2023-03-01,2023-03-01
CV,3231092,7814734,0,187854,296,LE1,SKU031,2023-03-01,2023-03-01
FS,2589910,6263969,0,150576,232,LE1,SKU031,2023-03-01,2023-03-01
MT,3684772,8422336,0,202460,281,LE1,SKU032,2023-03-01,2023-03-01
GT,3619980,8274240,0,198900,270,LE1,SKU032,2023-03-01,2023-03-01
EC,3005009,6868593,0,165110,248,LE1,SKU032,2023-03-01,2023-03-01
CV,3302208,7547904,0,181440,254,LE1,SKU032,2023-03-01,2023-03-01
FS,3554751,8125146,0,195316,268,LE1,SKU032,2023-03-01,2023-03-01
MT,4068300,8814650,0,211891,265,LE1,SKU033,2023-03-01,2023-03-01
GT,4552236,9863178,0,237096,290,LE1,SKU033,2023-03-01,2023-03-01
EC,4298374,9313144,0,223874,303,LE1,SKU033,2023-03-01,2023-03-01
CV,4025700,8722350,0,209672,265,LE1,SKU033,2023-03-01,2023-03-01
FS,4752200,10296434,0,247510,306,LE1,SKU033,2023-03-01,2023-03-01
MT,2388708,4919320,0,118253,135,LE1,SKU034,2023-03-01,2023-03-01
GT,2553949,5259618,0,126433,141,LE1,SKU034,2023-03-01,2023-03-01
EC,2032406,4185549,0,100614,124,LE1,SKU034,2023-03-01,2023-03-01
CV,2419531,4982796,0,119779,138,LE1,SKU034,2023-03-01,2023-03-01
FS,2717812,5597077,0,134545,152,LE1,SKU034,2023-03-01,2023-03-01
MT,2882524,5656274,0,135968,142,LE1,SKU035,2023-03-01,2023-03-01
GT,2986815,5860920,0,140888,144,LE1,SKU035,2023-03-01,2023-03-01
EC,3198595,6276488,0,150877,171,LE1,SKU035,2023-03-01,2023-03-01
CV,2745910,5388202,0,129524,137,LE1,SKU035,2023-03-01,2023-03-01
FS,3369177,6611214,0,158923,164,LE1,SKU035,2023-03-01,2023-03-01
MT,2587916,6259146,0,150460,145,LE1,SKU036,2023-03-01,2023-03-01
GT,3047109,7369752,0,177158,167,LE1,SKU036,2023-03-01,2023-03-01
EC,2616894,6329232,0,152145,159,LE1,SKU036,2023-03-01,2023-03-01
CV,2766431,6690902,0,160839,157,LE1,SKU036,2023-03-01,2023-03-01
FS,3283084,7940483,0,190877,182,LE1,SKU036,2023-03-01,2023-03-01
MT,1263981,3057070,0,73487,181,LE1,SKU001,2023-04-01,2023-04-01
GT,1328184,3212352,0,77220,187,LE1,SKU001,2023-04-01,2023-04-01
EC,1017175,2460145,0,59138,158,LE1,SKU001,2023-04-01,2023-04-01
CV,958173,2317442,0,55708,139,LE1,SKU001,2023-04-01,2023-04-01
FS,1180118,2854238,0,68612,167,LE1,SKU001,2023-04-01,2023-04-01
MT,1830995,4185345,0,100609,208,LE1,SKU002,2023-04-01,2023-04-01
GT,1287556,2943136,0,70748,143,LE1,SKU002,2023-04-01,2023-04-01
EC,1371808,3135722,0,75378,169,LE1,SKU002,2023-04-01,2023-04-01
CV,1229450,2810316,0,67556,141,LE1,SKU002,2023-04-01,2023-04-01
FS,1482022,3387651,0,81434,166,LE1,SKU002,2023-04-01,2023-04-01
MT,1673160,3625180,0,87144,155,LE1,SKU003,2023-04-01,2023-04-01
GT,2094300,4537650,0,109078,190,LE1,SKU003,2023-04-01,2023-04-01
EC,1513512,3279276,0,78829,152,LE1,SKU003,2023-04-01,2023-04-01
CV,1859760,4029480,0,96862,174,LE1,SKU003,2023-04-01,2023-04-01
FS,1957020,4240210,0,101928,179,LE1,SKU003,2023-04-01,2023-04-01
MT,2515218,5180034,0,124520,194,LE1,SKU004,2023-04-01,2023-04-01
GT,2217088,4566042,0,109761,167,LE1,SKU004,2023-04-01,2023-04-01
EC,2056387,4235082,0,101805,172,LE1,SKU004,2023-04-01,2023-04-01
CV,1795258,3697294,0,88877,140,LE1,SKU004,2023-04-01,2023-04-01
FS,1708258,3518119,0,84570,130,LE1,SKU004,2023-04-01,2023-04-01
MT,1992206,3909235,0,93972,130,LE1,SKU005,2023-04-01,2023-04-01
GT,2943408,5775744,0,138840,189,LE1,SKU005,2023-04-01,2023-04-01
EC,2004468,3933297,0,94550,142,LE1,SKU005,2023-04-01,2023-04-01
CV,3221467,6321370,0,151956,213,LE1,SKU005,2023-04-01,2023-04-01
FS,3273280,6423040,0,154400,212,LE1,SKU005,2023-04-01,2023-04-01
MT,2580319,6240772,0,150019,188,LE1,SKU006,2023-04-01,2023-04-01
GT,2292040,5543538,0,133258,163,LE1,SKU006,2023-04-01,2023-04-01
EC,2369616,5731165,0,137768,187,LE1,SKU006,2023-04-01,2023-04-01
CV,2351344,5686973,0,136706,173,LE1,SKU006,2023-04-01,2023-04-01
FS,2739915,6626771,0,159297,197,LE1,SKU006,2023-04-01,2023-04-01
MT,3728224,8521656,0,204848,233,LE1,SKU007,2023-04-01,2023-04-01
GT,3304563,7553286,0,181569,202,LE1,SKU007,2023-04-01,2023-04-01
EC,3036311,6940140,0,166830,206,LE1,SKU007,2023-04-01,2023-04-01
CV,3571802,8164120,0,196253,226,LE1,SKU007,2023-04-01,2023-04-01
FS,3167926,7240974,0,174062,196,LE1,SKU007,2023-04-01,2023-04-01
MT,4188630,9075364,0,218158,228,LE1,SKU008,2023-04-01,2023-04-01
GT,5012280,10859940,0,261056,267,LE1,SKU008,2023-04-01,2023-04-01
EC,3130747,6783286,0,163060,184,LE1,SKU008,2023-04-01,2023-04-01
CV,4549608,9857484,0,236959,250,LE1,SKU008,2023-04-01,2023-04-01
FS,3425364,7421622,0,178404,184,LE1,SKU008,2023-04-01,2023-04-01
MT,6122963,12609667,0,303117,293,LE1,SKU009,2023-04-01,2023-04-01
GT,5005484,10308324,0,247796,234,LE1,SKU009,2023-04-01,2023-04-01
EC,4077283,8396781,0,201846,211,LE1,SKU009,2023-04-01,2023-04-01
CV,4917326,10126771,0,243432,237,LE1,SKU009,2023-04-01,2023-04-01
FS,4191970,8632967,0,207523,198,LE1,SKU009,2023-04-01,2023-04-01
MT,1649037,3235846,0,77785,192,LE1,SKU010,2023-04-01,2023-04-01
GT,2167250,4252716,0,102229,247,LE1,SKU010,2023-04-01,2023-04-01
EC,1783827,3500340,0,84143,225,LE1,SKU010,2023-04-01,2023-04-01
CV,2524284,4953312,0,119070,297,LE1,SKU010,2023-04-01,2023-04-01
FS,2016136,3956191,0,95101,232,LE1,SKU010,2023-04-01,2023-04-01
MT,1862914,4505652,0,108309,224,LE1,SKU011,2023-04-01,2023-04-01
GT,1703622,4120388,0,99048,200,LE1,SKU011,2023-04-01,2023-04-01
EC,1761283,4259848,0,102400,229,LE1,SKU011,2023-04-01,2023-04-01
CV,1965718,4754294,0,114286,238,LE1,SKU011,2023-04-01,2023-04-01
FS,1739678,4207594,0,101144,207,LE1,SKU011,2023-04-01,2023-04-01
MT,2661466,6083350,0,146234,260,LE1,SKU012,2023-04-01,2023-04-01
GT,2584116,5906550,0,141984,247,LE1,SKU012,2023-04-01,2023-04-01
EC,2417893,5526612,0,132851,255,LE1,SKU012,2023-04-01,2023-04-01
CV,2257369,5159700,0,124031,223,LE1,SKU012,2023-04-01,2023-04-01
FS,2557612,5845970,0,140528,247,LE1,SKU012,2023-04-01,2023-04-01
MT,3292229,7133162,0,171470,267,LE1,SKU013,2023-04-01,2023-04-01
GT,2694276,5837598,0,140327,214,LE1,SKU013,2023-04-01,2023-04-01
EC,2545875,5516063,0,132598,224,LE1,SKU013,2023-04-01,2023-04-01
CV,2585520,5601960,0,134662,212,LE1,SKU013,2023-04-01,2023-04-01
FS,3564324,7722702,0,185642,286,LE1,SKU013,2023-04-01,2023-04-01
MT,3580410,7373517,0,177248,246,LE1,SKU014,2023-04-01,2023-04-01
GT,3419052,7041216,0,169260,230,LE1,SKU014,2023-04-01,2023-04-01
EC,3634546,7485005,0,179928,270,LE1,SKU014,2023-04-01,2023-04-01
CV,3405478,7013261,0,168588,236,LE1,SKU014,2023-04-01,2023-04-01
FS,3539929,7290150,0,175244,241,LE1,SKU014,2023-04-01,2023-04-01
MT,4707701,9237753,0,222061,278,LE1,SKU015,2023-04-01,2023-04-01
GT,4732913,9287226,0,223251,273,LE1,SKU015,2023-04-01,2023-04-01
EC,4049139,7945479,0,190997,259,LE1,SKU015,2023-04-01,2023-04-01
CV,5458514,10711046,0,257477,325,LE1,SKU015,2023-04-01,2023-04-01
FS,5011187,9833273,0,236377,293,LE1,SKU015,2023-04-01,2023-04-01
MT,4372191,10574600,0,254197,289,LE1,SKU016,2023-04-01,2023-04-01
GT,4659964,11270610,0,270928,302,LE1,SKU016,2023-04-01,2023-04-01
EC,4052772,9802054,0,235626,290,LE1,SKU016,2023-04-01,2023-04-01
CV,4738447,11460431,0,275491,317,LE1,SKU016,2023-04-01,2023-04-01
FS,3285159,7945501,0,190998,215,LE1,SKU016,2023-04-01,2023-04-01
MT,2917911,6669338,0,160321,167,LE1,SKU017,2023-04-01,2023-04-01
GT,2356819,5386876,0,129492,132,LE1,SKU017,2023-04-01,2023-04-01
EC,2114958,4834066,0,116204,131,LE1,SKU017,2023-04-01,2023-04-01
CV,2686338,6140042,0,147597,156,LE1,SKU017,2023-04-01,2023-04-01
FS,3041770,6952438,0,167126,173,LE1,SKU017,2023-04-01,2023-04-01
MT,2973182,6441895,0,154853,149,LE1,SKU018,2023-04-01,2023-04-01
GT,3595176,7789548,0,187249,177,LE1,SKU018,2023-04-01,2023-04-01
EC,2706964,5865088,0,140988,147,LE1,SKU018,2023-04-01,2023-04-01
CV,3088109,6690902,0,160839,157,LE1,SKU018,2023-04-01,2023-04-01
FS,2897779,6278522,0,150926,144,LE1,SKU018,2023-04-01,2023-04-01
MT,1310823,2699518,0,64892,160,LE1,SKU019,2023-04-01,2023-04-01
GT,1320550,2719548,0,65374,158,LE1,SKU019,2023-04-01,2023-04-01
EC,1282781,2641766,0,63504,170,LE1,SKU019,2023-04-01,2023-04-01
CV,1168247,2405894,0,57834,144,LE1,SKU019,2023-04-01,2023-04-01
FS,1219287,2511007,0,60361,147,LE1,SKU019,2023-04-01,2023-04-01
MT,1958800,3843684,0,92396,191,LE1,SKU020,2023-04-01,2023-04-01
GT,2155364,4229394,0,101668,206,LE1,SKU020,2023-04-01,2023-04-01
EC,1949776,3825975,0,91971,206,LE1,SKU020,2023-04-01,2023-04-01
CV,1819838,3571003,0,85841,179,LE1,SKU020,2023-04-01,2023-04-01
FS,1539464,3020836,0,72616,148,LE1,SKU020,2023-04-01,2023-04-01
MT,2207244,5338450,0,128328,228,LE1,SKU021,2023-04-01,2023-04-01
GT,2138175,5171400,0,124312,216,LE1,SKU021,2023-04-01,2023-04-01
EC,1687707,4081896,0,98122,189,LE1,SKU021,2023-04-01,2023-04-01
CV,1787940,4324320,0,103950,187,LE1,SKU021,2023-04-01,2023-04-01
FS,1701295,4114760,0,98912,174,LE1,SKU021,2023-04-01,2023-04-01
MT,2353044,5378178,0,129283,201,LE1,SKU022,2023-04-01,2023-04-01
GT,2212665,5057324,0,121570,186,LE1,SKU022,2023-04-01,2023-04-01
EC,1852920,4235082,0,101805,172,LE1,SKU022,2023-04-01,2023-04-01
CV,2647028,6050117,0,145436,229,LE1,SKU022,2023-04-01,2023-04-01
FS,2452768,5606110,0,134762,208,LE1,SKU022,2023-04-01,2023-04-01
MT,2669722,5784397,0,139048,193,LE1,SKU023,2023-04-01,2023-04-01
GT,2800512,6067776,0,145860,198,LE1,SKU023,2023-04-01,2023-04-01
EC,2018580,4373591,0,105134,158,LE1,SKU023,2023-04-01,2023-04-01
CV,2859494,6195571,0,148932,209,LE1,SKU023,2023-04-01,2023-04-01
FS,2756966,5973427,0,143592,197,LE1,SKU023,2023-04-01,2023-04-01
MT,3372884,6945944,0,166970,209,LE1,SKU024,2023-04-01,2023-04-01
GT,3024005,6227480,0,149699,183,LE1,SKU024,2023-04-01,2023-04-01
EC,3194124,6577815,0,158121,214,LE1,SKU024,2023-04-01,2023-04-01
CV,2812365,5791640,0,139222,176,LE1,SKU024,2023-04-01,2023-04-01
FS,3356301,6911793,0,166149,206,LE1,SKU024,2023-04-01,2023-04-01
MT,3691352,7243408,0,174120,198,LE1,SKU025,2023-04-01,2023-04-01
GT,4171723,8186022,0,196779,219,LE1,SKU025,2023-04-01,2023-04-01
EC,4393657,8621515,0,207248,255,LE1,SKU025,2023-04-01,2023-04-01
CV,3613633,7090902,0,170454,196,LE1,SKU025,2023-04-01,2023-04-01
FS,4368294,8571748,0,206052,232,LE1,SKU025,2023-04-01,2023-04-01
MT,3385809,8188934,0,196849,206,LE1,SKU026,2023-04-01,2023-04-01
GT,3759624,9093044,0,218583,224,LE1,SKU026,2023-04-01,2023-04-01
EC,3465488,8381646,0,201482,228,LE1,SKU026,2023-04-01,2023-04-01
CV,2590481,6265350,0,150609,159,LE1,SKU026,2023-04-01,2023-04-01
FS,3280180,7933458,0,190708,197,LE1,SKU026,2023-04-01,2023-04-01
MT,4097571,9365876,0,225141,217,LE1,SKU027,2023-04-01,2023-04-01
GT,4122164,9422088,0,226492,214,LE1,SKU027,2023-04-01,2023-04-01
EC,4135098,9451653,0,227203,237,LE1,SKU027,2023-04-01,2023-04-01
CV,4628251,10578859,0,254300,248,LE1,SKU027,2023-04-01,2023-04-01
FS,4201070,9602445,0,230828,220,LE1,SKU027,2023-04-01,2023-04-01
MT,1559477,3378866,0,81223,200,LE1,SKU028,2023-04-01,2023-04-01
GT,1988064,4307472,0,103545,250,LE1,SKU028,2023-04-01,2023-04-01
EC,1821295,3946139,0,94859,253,LE1,SKU028,2023-04-01,2023-04-01
CV,1575806,3414247,0,82073,205,LE1,SKU028,2023-04-01,2023-04-01
FS,1850947,4010386,0,96404,235,LE1,SKU028,2023-04-01,2023-04-01
MT,2903429,5979064,0,143728,297,LE1,SKU029,2023-04-01,2023-04-01
GT,2339627,4818020,0,115818,234,LE1,SKU029,2023-04-01,2023-04-01
EC,2212231,4555671,0,109511,245,LE1,SKU029,2023-04-01,2023-04-01
CV,3119286,6423581,0,154413,322,LE1,SKU029,2023-04-01,2023-04-01
FS,2221330,4574409,0,109962,225,LE1,SKU029,2023-04-01,2023-04-01
MT,2897709,5686070,0,136684,243,LE1,SKU030,2023-04-01,2023-04-01
GT,3178012,6236100,0,149906,261,LE1,SKU030,2023-04-01,2023-04-01
EC,2804760,5503680,0,132300,254,LE1,SKU030,2023-04-01,2023-04-01
CV,3080228,6044220,0,145294,261,LE1,SKU030,2023-04-01,2023-04-01
FS,3170990,6222320,0,149575,263,LE1,SKU030,2023-04-01,2023-04-01
MT,2972695,7189775,0,172831,269,LE1,SKU031,2023-04-01,2023-04-01
GT,2795978,6762366,0,162557,248,LE1,SKU031,2023-04-01,2023-04-01
EC,2929215,7084612,0,170303,287,LE1,SKU031,2023-04-01,2023-04-01
CV,2652043,6414245,0,154189,243,LE1,SKU031,2023-04-01,2023-04-01
FS,2377041,5749123,0,138200,213,LE1,SKU031,2023-04-01,2023-04-01
MT,4060202,9280461,0,223088,310,LE1,SKU032,2023-04-01,2023-04-01
GT,3293472,7527936,0,180960,246,LE1,SKU032,2023-04-01,2023-04-01
EC,3518686,8042711,0,193334,290,LE1,SKU032,2023-04-01,2023-04-01
CV,3412282,7799501,0,187488,263,LE1,SKU032,2023-04-01,2023-04-01
FS,3147290,7193805,0,172928,237,LE1,SKU032,2023-04-01,2023-04-01
MT,4361218,9449305,0,227147,284,LE1,SKU033,2023-04-01,2023-04-01
GT,4452552,9647196,0,231904,284,LE1,SKU033,2023-04-01,2023-04-01
EC,3937671,8531621,0,205087,278,LE1,SKU033,2023-04-01,2023-04-01
CV,5571569,12071732,0,290186,367,LE1,SKU033,2023-04-01,2023-04-01
FS,4308223,9334484,0,224387,278,LE1,SKU033,2023-04-01,2023-04-01
MT,2614413,5384137,0,129426,147,LE1,SKU034,2023-04-01,2023-04-01
GT,2342720,4824612,0,115976,129,LE1,SKU034,2023-04-01,2023-04-01
EC,2466681,5079897,0,122113,151,LE1,SKU034,2023-04-01,2023-04-01
CV,2270637,4676162,0,112408,129,LE1,SKU034,2023-04-01,2023-04-01
FS,2793834,5753639,0,138309,156,LE1,SKU034,2023-04-01,2023-04-01
MT,2452297,4812054,0,115674,121,LE1,SKU035,2023-04-01,2023-04-01
GT,4062947,7972576,0,191648,196,LE1,SKU035,2023-04-01,2023-04-01
EC,2662185,5223910,0,125575,142,LE1,SKU035,2023-04-01,2023-04-01
CV,3107774,6098274,0,146593,155,LE1,SKU035,2023-04-01,2023-04-01
FS,3390914,6653868,0,159949,165,LE1,SKU035,2023-04-01,2023-04-01
MT,2909045,7035829,0,169130,163,LE1,SKU036,2023-04-01,2023-04-01
GT,3567818,8629140,0,207431,196,LE1,SKU036,2023-04-01,2023-04-01
EC,2477326,5991673,0,144031,151,LE1,SKU036,2023-04-01,2023-04-01
CV,2878583,6962155,0,167360,163,LE1,SKU036,2023-04-01,2023-04-01
FS,3435786,8309808,0,199755,191,LE1,SKU036,2023-04-01,2023-04-01
MT,872221,2109557,0,50710,125,LE1,SKU001,2023-05-01,2023-05-01
GT,965952,2336256,0,56160,136,LE1,SKU001,2023-05-01,2023-05-01
EC,1071789,2592233,0,62313,166,LE1,SKU001,2023-05-01,2023-05-01
CV,855773,2069777,0,49754,124,LE1,SKU001,2023-05-01,2023-05-01
FS,933638,2258100,0,54281,132,LE1,SKU001,2023-05-01,2023-05-01
MT,1195752,2733286,0,65704,136,LE1,SKU002,2023-05-01,2023-05-01
GT,1020507,2332708,0,56075,113,LE1,SKU002,2023-05-01,2023-05-01
EC,1069838,2445468,0,58785,131,LE1,SKU002,2023-05-01,2023-05-01
CV,1155499,2641274,0,63492,132,LE1,SKU002,2023-05-01,2023-05-01
FS,1415944,3236610,0,77803,159,LE1,SKU002,2023-05-01,2023-05-01
MT,1203300,2607150,0,62672,111,LE1,SKU003,2023-05-01,2023-05-01
GT,2094300,4537650,0,109078,190,LE1,SKU003,2023-05-01,2023-05-01
EC,1502928,3256344,0,78278,151,LE1,SKU003,2023-05-01,2023-05-01
CV,1292760,2800980,0,67331,121,LE1,SKU003,2023-05-01,2023-05-01
FS,1852800,4014400,0,96500,170,LE1,SKU003,2023-05-01,2023-05-01
MT,2309052,4755442,0,114314,178,LE1,SKU004,2023-05-01,2023-05-01
GT,2160959,4450446,0,106982,163,LE1,SKU004,2023-05-01,2023-05-01
EC,1980224,4078227,0,98034,165,LE1,SKU004,2023-05-01,2023-05-01
CV,2067267,4257490,0,102344,161,LE1,SKU004,2023-05-01,2023-05-01
FS,2138795,4404800,0,105885,163,LE1,SKU004,2023-05-01,2023-05-01
MT,2575291,5053402,0,121476,169,LE1,SKU005,2023-05-01,2023-05-01
GT,2430792,4769856,0,114660,156,LE1,SKU005,2023-05-01,2023-05-01
EC,1795046,3522355,0,84672,127,LE1,SKU005,2023-05-01,2023-05-01
CV,2532298,4969037,0,119448,167,LE1,SKU005,2023-05-01,2023-05-01
FS,2569525,5042086,0,121204,166,LE1,SKU005,2023-05-01,2023-05-01
MT,2653210,6417065,0,154256,193,LE1,SKU006,2023-05-01,2023-05-01
GT,2336690,5651528,0,135854,166,LE1,SKU006,2023-05-01,2023-05-01
EC,2396544,5796292,0,139334,189,LE1,SKU006,2023-05-01,2023-05-01
CV,2380195,5756750,0,138383,175,LE1,SKU006,2023-05-01,2023-05-01
FS,2622069,6341748,0,152446,189,LE1,SKU006,2023-05-01,2023-05-01
MT,2609757,5965159,0,143393,163,LE1,SKU007,2023-05-01,2023-05-01
GT,2941234,6722820,0,161606,180,LE1,SKU007,2023-05-01,2023-05-01
EC,2363315,5401862,0,129852,160,LE1,SKU007,2023-05-01,2023-05-01
CV,3840107,8777387,0,210995,243,LE1,SKU007,2023-05-01,2023-05-01
FS,2705580,6184183,0,148658,167,LE1,SKU007,2023-05-01,2023-05-01
MT,3584688,7766824,0,186702,195,LE1,SKU008,2023-05-01,2023-05-01
GT,4176900,9049950,0,217547,223,LE1,SKU008,2023-05-01,2023-05-01
EC,3634546,7874849,0,189299,214,LE1,SKU008,2023-05-01,2023-05-01
CV,3392928,7351344,0,176715,187,LE1,SKU008,2023-05-01,2023-05-01
FS,3582852,7762846,0,186607,193,LE1,SKU008,2023-05-01,2023-05-01
MT,4481299,9228814,0,221846,214,LE1,SKU009,2023-05-01,2023-05-01
GT,4688395,9655308,0,232099,219,LE1,SKU009,2023-05-01,2023-05-01
EC,4384616,9029704,0,217060,227,LE1,SKU009,2023-05-01,2023-05-01
CV,3951423,8137584,0,195615,191,LE1,SKU009,2023-05-01,2023-05-01
FS,4998980,10294929,0,247474,236,LE1,SKU009,2023-05-01,2023-05-01
MT,1885915,3700663,0,88958,219,LE1,SKU010,2023-05-01,2023-05-01
GT,1683572,3303612,0,79414,192,LE1,SKU010,2023-05-01,2023-05-01
EC,2061499,4045205,0,97240,260,LE1,SKU010,2023-05-01,2023-05-01
CV,1460479,2865845,0,68890,172,LE1,SKU010,2023-05-01,2023-05-01
FS,1795190,3522636,0,84679,207,LE1,SKU010,2023-05-01,2023-05-01
MT,1977690,4783251,0,114982,237,LE1,SKU011,2023-05-01,2023-05-01
GT,1956011,4730816,0,113722,230,LE1,SKU011,2023-05-01,2023-05-01
EC,1769438,4279570,0,102874,230,LE1,SKU011,2023-05-01,2023-05-01
CV,1712359,4141519,0,99556,208,LE1,SKU011,2023-05-01,2023-05-01
FS,2355256,5696434,0,136934,280,LE1,SKU011,2023-05-01,2023-05-01
MT,2476792,5661240,0,136088,242,LE1,SKU012,2023-05-01,2023-05-01
GT,1963041,4486950,0,107859,188,LE1,SKU012,2023-05-01,2023-05-01
EC,2367729,5411952,0,130095,250,LE1,SKU012,2023-05-01,2023-05-01
CV,2235870,5110560,0,122850,220,LE1,SKU012,2023-05-01,2023-05-01
FS,1997791,4566380,0,109769,193,LE1,SKU012,2023-05-01,2023-05-01
MT,2887233,6255671,0,150377,234,LE1,SKU013,2023-05-01,2023-05-01
GT,3254472,7051356,0,169504,259,LE1,SKU013,2023-05-01,2023-05-01
EC,2992308,6483335,0,155849,263,LE1,SKU013,2023-05-01,2023-05-01
CV,3050914,6610313,0,158902,250,LE1,SKU013,2023-05-01,2023-05-01
FS,3009874,6521393,0,156764,242,LE1,SKU013,2023-05-01,2023-05-01
MT,3256321,6706086,0,161204,224,LE1,SKU014,2023-05-01,2023-05-01
GT,3371784,6943872,0,166920,227,LE1,SKU014,2023-05-01,2023-05-01
EC,3705811,7631770,0,183456,276,LE1,SKU014,2023-05-01,2023-05-01
CV,3252766,6698765,0,161028,226,LE1,SKU014,2023-05-01,2023-05-01
FS,4007761,8253606,0,198404,272,LE1,SKU014,2023-05-01,2023-05-01
MT,4779574,9378788,0,225452,282,LE1,SKU015,2023-05-01,2023-05-01
GT,3485479,6839430,0,164409,201,LE1,SKU015,2023-05-01,2023-05-01
EC,3119828,6121927,0,147162,199,LE1,SKU015,2023-05-01,2023-05-01
CV,3929418,7710557,0,185350,234,LE1,SKU015,2023-05-01,2023-05-01
FS,4175989,8194394,0,196981,244,LE1,SKU015,2023-05-01,2023-05-01
MT,3971807,9606230,0,230919,263,LE1,SKU016,2023-05-01,2023-05-01
GT,4202143,10163322,0,244311,272,LE1,SKU016,2023-05-01,2023-05-01
EC,3756950,9086576,0,218427,269,LE1,SKU016,2023-05-01,2023-05-01
CV,3549874,8585741,0,206388,237,LE1,SKU016,2023-05-01,2023-05-01
FS,4450339,10763610,0,258741,292,LE1,SKU016,2023-05-01,2023-05-01
MT,2105328,4812054,0,115674,121,LE1,SKU017,2023-05-01,2023-05-01
GT,2281401,5214496,0,125348,128,LE1,SKU017,2023-05-01,2023-05-01
EC,1773836,4054378,0,97461,110,LE1,SKU017,2023-05-01,2023-05-01
CV,2010185,4594590,0,110447,117,LE1,SKU017,2023-05-01,2023-05-01
FS,2948465,6739174,0,161999,167,LE1,SKU017,2023-05-01,2023-05-01
MT,2846664,6167772,0,148264,143,LE1,SKU018,2023-05-01,2023-05-01
GT,2647944,5737212,0,137914,130,LE1,SKU018,2023-05-01,2023-05-01
EC,2297998,4978996,0,119687,125,LE1,SKU018,2023-05-01,2023-05-01
CV,2775125,6012770,0,144538,141,LE1,SKU018,2023-05-01,2023-05-01
FS,2727322,5909197,0,142048,136,LE1,SKU018,2023-05-01,2023-05-01
MT,1241376,2556497,0,61454,152,LE1,SKU019,2023-05-01,2023-05-01
GT,939452,1934712,0,46508,112,LE1,SKU019,2023-05-01,2023-05-01
EC,1154503,2377590,0,57154,153,LE1,SKU019,2023-05-01,2023-05-01
CV,910545,1875182,0,45076,112,LE1,SKU019,2023-05-01,2023-05-01
FS,1131569,2330359,0,56018,137,LE1,SKU019,2023-05-01,2023-05-01
MT,1664980,3267131,0,78537,162,LE1,SKU020,2023-05-01,2023-05-01
GT,1677629,3291952,0,79133,160,LE1,SKU020,2023-05-01,2023-05-01
EC,1467357,2879342,0,69215,155,LE1,SKU020,2023-05-01,2023-05-01
CV,1313730,2577884,0,61968,129,LE1,SKU020,2023-05-01,2023-05-01
FS,1550460,3042413,0,73135,149,LE1,SKU020,2023-05-01,2023-05-01
MT,1498872,3625180,0,87144,155,LE1,SKU021,2023-05-01,2023-05-01
GT,1739888,4208100,0,101156,176,LE1,SKU021,2023-05-01,2023-05-01
EC,1630818,3944304,0,94815,182,LE1,SKU021,2023-05-01,2023-05-01
CV,1737146,4201470,0,100997,181,LE1,SKU021,2023-05-01,2023-05-01
FS,1275971,3086070,0,74184,130,LE1,SKU021,2023-05-01,2023-05-01
MT,2365428,5406484,0,129964,202,LE1,SKU022,2023-05-01,2023-05-01
GT,2023008,4623840,0,111150,170,LE1,SKU022,2023-05-01,2023-05-01
EC,2230366,5097784,0,122543,207,LE1,SKU022,2023-05-01,2023-05-01
CV,1740176,3977392,0,95610,151,LE1,SKU022,2023-05-01,2023-05-01
FS,2202485,5034058,0,121011,187,LE1,SKU022,2023-05-01,2023-05-01
MT,2904422,6292915,0,151272,210,LE1,SKU023,2023-05-01,2023-05-01
GT,2665728,5775744,0,138840,189,LE1,SKU023,2023-05-01,2023-05-01
EC,2208246,4784532,0,115013,173,LE1,SKU023,2023-05-01,2023-05-01
CV,2148250,4654541,0,111888,157,LE1,SKU023,2023-05-01,2023-05-01
FS,2831078,6134003,0,147452,202,LE1,SKU023,2023-05-01,2023-05-01
MT,3578339,7369047,0,177141,222,LE1,SKU024,2023-05-01,2023-05-01
GT,3093924,6371468,0,153160,188,LE1,SKU024,2023-05-01,2023-05-01
EC,2356062,4851953,0,116633,158,LE1,SKU024,2023-05-01,2023-05-01
CV,3371450,6942991,0,166899,211,LE1,SKU024,2023-05-01,2023-05-01
FS,3875316,7980627,0,191842,237,LE1,SKU024,2023-05-01,2023-05-01
MT,2743839,5384137,0,129426,147,LE1,SKU025,2023-05-01,2023-05-01
GT,4514328,8858304,0,212940,237,LE1,SKU025,2023-05-01,2023-05-01
EC,2461177,4829479,0,116093,143,LE1,SKU025,2023-05-01,2023-05-01
CV,3887097,7627511,0,183354,211,LE1,SKU025,2023-05-01,2023-05-01
FS,3730005,7319255,0,175944,198,LE1,SKU025,2023-05-01,2023-05-01
MT,3822125,9244208,0,222217,232,LE1,SKU026,2023-05-01,2023-05-01
GT,3474534,8403524,0,202008,207,LE1,SKU026,2023-05-01,2023-05-01
EC,3110880,7523989,0,180865,205,LE1,SKU026,2023-05-01,2023-05-01
CV,3298546,7977878,0,191776,202,LE1,SKU026,2023-05-01,2023-05-01
FS,3615252,8743866,0,210189,217,LE1,SKU026,2023-05-01,2023-05-01
MT,4037606,9228814,0,221846,214,LE1,SKU027,2023-05-01,2023-05-01
GT,4897620,11194560,0,269100,254,LE1,SKU027,2023-05-01,2023-05-01
EC,2769039,6329232,0,152145,159,LE1,SKU027,2023-05-01,2023-05-01
CV,3896433,8906134,0,214090,209,LE1,SKU027,2023-05-01,2023-05-01
FS,4665611,10664254,0,256352,245,LE1,SKU027,2023-05-01,2023-05-01
MT,1856520,4022460,0,96694,238,LE1,SKU028,2023-05-01,2023-05-01
GT,1608984,3486132,0,83801,202,LE1,SKU028,2023-05-01,2023-05-01
EC,1821295,3946139,0,94859,253,LE1,SKU028,2023-05-01,2023-05-01
CV,1600301,3467318,0,83349,208,LE1,SKU028,2023-05-01,2023-05-01
FS,1534118,3323923,0,79902,195,LE1,SKU028,2023-05-01,2023-05-01
MT,2219049,4569713,0,109849,227,LE1,SKU029,2023-05-01,2023-05-01
GT,2699571,5559256,0,133636,270,LE1,SKU029,2023-05-01,2023-05-01
EC,2509110,5167038,0,124208,278,LE1,SKU029,2023-05-01,2023-05-01
CV,2165031,4458473,0,107175,224,LE1,SKU029,2023-05-01,2023-05-01
FS,2294676,4725451,0,113593,232,LE1,SKU029,2023-05-01,2023-05-01
MT,2897709,5686070,0,136684,243,LE1,SKU030,2023-05-01,2023-05-01
GT,2364131,4639050,0,111516,194,LE1,SKU030,2023-05-01,2023-05-01
EC,2769700,5434884,0,130646,251,LE1,SKU030,2023-05-01,2023-05-01
CV,2566856,5036850,0,121078,217,LE1,SKU030,2023-05-01,2023-05-01
FS,2723471,5344170,0,128466,226,LE1,SKU030,2023-05-01,2023-05-01
MT,3054620,7387919,0,177594,277,LE1,SKU031,2023-05-01,2023-05-01
GT,3034951,7340346,0,176451,269,LE1,SKU031,2023-05-01,2023-05-01
EC,2042884,4940929,0,118772,200,LE1,SKU031,2023-05-01,2023-05-01
CV,3150025,7618666,0,183141,288,LE1,SKU031,2023-05-01,2023-05-01
FS,2187824,5291482,0,127199,196,LE1,SKU031,2023-05-01,2023-05-01
MT,2975627,6801434,0,163496,227,LE1,SKU032,2023-05-01,2023-05-01
GT,3577392,8176896,0,196560,267,LE1,SKU032,2023-05-01,2023-05-01
EC,3621421,8277535,0,198979,299,LE1,SKU032,2023-05-01,2023-05-01
CV,2077639,4748890,0,114156,160,LE1,SKU032,2023-05-01,2023-05-01
FS,3653104,8349952,0,200720,276,LE1,SKU032,2023-05-01,2023-05-01
MT,4784321,10366028,0,249183,312,LE1,SKU033,2023-05-01,2023-05-01
GT,3887676,8423298,0,202483,248,LE1,SKU033,2023-05-01,2023-05-01
EC,3441705,7457028,0,179255,243,LE1,SKU033,2023-05-01,2023-05-01
CV,4074008,8827018,0,212188,268,LE1,SKU033,2023-05-01,2023-05-01
FS,3518930,7624349,0,183278,227,LE1,SKU033,2023-05-01,2023-05-01
MT,2557987,5267933,0,126633,144,LE1,SKU034,2023-05-01,2023-05-01
GT,2093086,4310514,0,103618,116,LE1,SKU034,2023-05-01,2023-05-01
EC,1858696,3827809,0,92015,113,LE1,SKU034,2023-05-01,2023-05-01
CV,2438143,5021125,0,120700,139,LE1,SKU034,2023-05-01,2023-05-01
FS,2318692,4775129,0,114787,129,LE1,SKU034,2023-05-01,2023-05-01
MT,2559853,5023108,0,120748,126,LE1,SKU035,2023-05-01,2023-05-01
GT,2723272,5343780,0,128456,131,LE1,SKU035,2023-05-01,2023-05-01
EC,2960190,5808676,0,139632,158,LE1,SKU035,2023-05-01,2023-05-01
CV,2639480,5179356,0,124504,131,LE1,SKU035,2023-05-01,2023-05-01
FS,3043128,5971420,0,143544,148,LE1,SKU035,2023-05-01,2023-05-01
MT,2531247,6122085,0,147166,142,LE1,SKU036,2023-05-01,2023-05-01
GT,3008538,7276464,0,174915,165,LE1,SKU036,2023-05-01,2023-05-01
EC,2390097,5780699,0,138959,145,LE1,SKU036,2023-05-01,2023-05-01
CV,2635586,6374441,0,153232,149,LE1,SKU036,2023-05-01,2023-05-01
FS,2595927,6278522,0,150926,144,LE1,SKU036,2023-05-01,2023-05-01
MT,872221,2109557,0,50710,125,LE1,SKU001,2023-06-01,2023-06-01
GT,1041417,2518776,0,60548,146,LE1,SKU001,2023-06-01,2023-06-01
EC,996695,2410612,0,57947,155,LE1,SKU001,2023-06-01,2023-06-01
CV,855773,2069777,0,49754,124,LE1,SKU001,2023-06-01,2023-06-01
FS,1075550,2601331,0,62532,153,LE1,SKU001,2023-06-01,2023-06-01
MT,1363904,3117655,0,74944,155,LE1,SKU002,2023-06-01,2023-06-01
GT,1449692,3313752,0,79658,161,LE1,SKU002,2023-06-01,2023-06-01
EC,1320042,3017393,0,72533,162,LE1,SKU002,2023-06-01,2023-06-01
CV,1469795,3359702,0,80762,169,LE1,SKU002,2023-06-01,2023-06-01
FS,1434824,3279765,0,78840,161,LE1,SKU002,2023-06-01,2023-06-01
MT,1443960,3128580,0,75206,134,LE1,SKU003,2023-06-01,2023-06-01
GT,2024100,4385550,0,105422,183,LE1,SKU003,2023-06-01,2023-06-01
EC,1883952,4081896,0,98122,189,LE1,SKU003,2023-06-01,2023-06-01
CV,2109240,4570020,0,109856,197,LE1,SKU003,2023-06-01,2023-06-01
FS,1401180,3035890,0,72978,128,LE1,SKU003,2023-06-01,2023-06-01
MT,2102887,4330849,0,104107,162,LE1,SKU004,2023-06-01,2023-06-01
GT,2357410,4855032,0,116708,178,LE1,SKU004,2023-06-01,2023-06-01
EC,2246793,4627219,0,111231,188,LE1,SKU004,2023-06-01,2023-06-01
CV,2407278,4957735,0,119176,188,LE1,SKU004,2023-06-01,2023-06-01
FS,2055465,4233185,0,101759,157,LE1,SKU004,2023-06-01,2023-06-01
MT,2704866,5307661,0,127588,177,LE1,SKU005,2023-06-01,2023-06-01
GT,2794584,5483712,0,131820,179,LE1,SKU005,2023-06-01,2023-06-01
EC,2348519,4608415,0,110779,166,LE1,SKU005,2023-06-01,2023-06-01
CV,2949005,5786726,0,139104,195,LE1,SKU005,2023-06-01,2023-06-01
FS,3011418,5909197,0,142048,195,LE1,SKU005,2023-06-01,2023-06-01
MT,2609476,6311290,0,151714,190,LE1,SKU006,2023-06-01,2023-06-01
GT,2664124,6443464,0,154891,190,LE1,SKU006,2023-06-01,2023-06-01
EC,2059951,4982206,0,119765,162,LE1,SKU006,2023-06-01,2023-06-01
CV,2308068,5582304,0,134190,170,LE1,SKU006,2023-06-01,2023-06-01
FS,2518954,6092354,0,146451,181,LE1,SKU006,2023-06-01,2023-06-01
MT,3101205,7088468,0,170396,194,LE1,SKU007,2023-06-01,2023-06-01
GT,3235357,7395102,0,177767,198,LE1,SKU007,2023-06-01,2023-06-01
EC,2003340,4579062,0,110074,136,LE1,SKU007,2023-06-01,2023-06-01
CV,2934579,6707610,0,161241,186,LE1,SKU007,2023-06-01,2023-06-01
FS,3099430,7084412,0,170298,192,LE1,SKU007,2023-06-01,2023-06-01
MT,4558788,9877374,0,237437,248,LE1,SKU008,2023-06-01,2023-06-01
GT,3878550,8403524,0,202008,207,LE1,SKU008,2023-06-01,2023-06-01
EC,2752898,5964613,0,143380,162,LE1,SKU008,2023-06-01,2023-06-01
CV,3547152,7685496,0,184748,195,LE1,SKU008,2023-06-01,2023-06-01
FS,3622224,7848152,0,188658,195,LE1,SKU008,2023-06-01,2023-06-01
MT,4414745,9091753,0,218552,211,LE1,SKU009,2023-06-01,2023-06-01
GT,4122164,8489208,0,204068,193,LE1,SKU009,2023-06-01,2023-06-01
EC,4056794,8354586,0,200831,210,LE1,SKU009,2023-06-01,2023-06-01
CV,4500232,9267804,0,222784,217,LE1,SKU009,2023-06-01,2023-06-01
FS,5514570,11356738,0,272998,261,LE1,SKU009,2023-06-01,2023-06-01
MT,1803919,3539765,0,85090,210,LE1,SKU010,2023-06-01,2023-06-01
GT,2204456,4325724,0,103984,251,LE1,SKU010,2023-06-01,2023-06-01
EC,1649199,3236164,0,77792,208,LE1,SKU010,2023-06-01,2023-06-01
CV,1361310,2671250,0,64213,160,LE1,SKU010,2023-06-01,2023-06-01
FS,1601861,3143275,0,75560,184,LE1,SKU010,2023-06-01,2023-06-01
MT,2021835,4890020,0,117549,243,LE1,SKU011,2023-06-01,2023-06-01
GT,1856858,4491006,0,107957,218,LE1,SKU011,2023-06-01,2023-06-01
EC,1761283,4259848,0,102400,229,LE1,SKU011,2023-06-01,2023-06-01
CV,1546365,3740045,0,89905,188,LE1,SKU011,2023-06-01,2023-06-01
FS,1855656,4488099,0,107887,220,LE1,SKU011,2023-06-01,2023-06-01
MT,2172625,4966000,0,119375,212,LE1,SKU012,2023-06-01,2023-06-01
GT,3460275,7909200,0,190125,331,LE1,SKU012,2023-06-01,2023-06-01
EC,1755731,4013100,0,96469,186,LE1,SKU012,2023-06-01,2023-06-01
CV,2397111,5479110,0,131709,236,LE1,SKU012,2023-06-01,2023-06-01
FS,2272213,5193630,0,124847,219,LE1,SKU012,2023-06-01,2023-06-01
MT,3592710,7784204,0,187120,292,LE1,SKU013,2023-06-01,2023-06-01
GT,2840994,6155488,0,147968,226,LE1,SKU013,2023-06-01,2023-06-01
EC,3366347,7293752,0,175331,296,LE1,SKU013,2023-06-01,2023-06-01
CV,2844072,6162156,0,148129,233,LE1,SKU013,2023-06-01,2023-06-01
FS,3102282,6721610,0,161577,249,LE1,SKU013,2023-06-01,2023-06-01
MT,3966230,8168077,0,196348,272,LE1,SKU014,2023-06-01,2023-06-01
GT,4285632,8825856,0,212160,288,LE1,SKU014,2023-06-01,2023-06-01
EC,3606039,7426299,0,178517,268,LE1,SKU014,2023-06-01,2023-06-01
CV,3619274,7453555,0,179172,251,LE1,SKU014,2023-06-01,2023-06-01
FS,3306013,6808422,0,163664,225,LE1,SKU014,2023-06-01,2023-06-01
MT,3737412,7333789,0,176293,220,LE1,SKU015,2023-06-01,2023-06-01
GT,4164230,8171320,0,196426,241,LE1,SKU015,2023-06-01,2023-06-01
EC,3235992,6349871,0,152641,207,LE1,SKU015,2023-06-01,2023-06-01
CV,4480604,8792129,0,211349,267,LE1,SKU015,2023-06-01,2023-06-01
FS,4884092,9583878,0,230382,285,LE1,SKU015,2023-06-01,2023-06-01
MT,4740544,11465501,0,275613,314,LE1,SKU016,2023-06-01,2023-06-01
GT,3793374,9174672,0,220545,246,LE1,SKU016,2023-06-01,2023-06-01
EC,3283633,7941810,0,190909,235,LE1,SKU016,2023-06-01,2023-06-01
CV,3502331,8470753,0,203624,234,LE1,SKU016,2023-06-01,2023-06-01
FS,3803017,9197994,0,221106,249,LE1,SKU016,2023-06-01,2023-06-01
MT,1865247,4263312,0,102483,107,LE1,SKU017,2023-06-01,2023-06-01
GT,2394528,5473064,0,131564,135,LE1,SKU017,2023-06-01,2023-06-01
EC,2217295,5067972,0,121826,138,LE1,SKU017,2023-06-01,2023-06-01
CV,1608148,3675672,0,88358,93,LE1,SKU017,2023-06-01,2023-06-01
FS,2015406,4606524,0,110734,114,LE1,SKU017,2023-06-01,2023-06-01
MT,2762318,5985023,0,143871,139,LE1,SKU018,2023-06-01,2023-06-01
GT,2712528,5877144,0,141278,134,LE1,SKU018,2023-06-01,2023-06-01
EC,2492744,5400945,0,129830,136,LE1,SKU018,2023-06-01,2023-06-01
CV,3067243,6645694,0,159752,156,LE1,SKU018,2023-06-01,2023-06-01
FS,2961701,6417018,0,154255,147,LE1,SKU018,2023-06-01,2023-06-01
MT,1354228,2788906,0,67041,165,LE1,SKU019,2023-06-01,2023-06-01
GT,1152158,2372760,0,57038,138,LE1,SKU019,2023-06-01,2023-06-01
EC,938033,1931792,0,46437,124,LE1,SKU019,2023-06-01,2023-06-01
CV,1065166,2193610,0,52731,131,LE1,SKU019,2023-06-01,2023-06-01
FS,1175428,2420683,0,58190,142,LE1,SKU019,2023-06-01,2023-06-01
MT,1697627,3331193,0,80077,165,LE1,SKU020,2023-06-01,2023-06-01
GT,1922051,3771572,0,90663,183,LE1,SKU020,2023-06-01,2023-06-01
EC,1778919,3490709,0,83911,188,LE1,SKU020,2023-06-01,2023-06-01
CV,1389107,2725795,0,65524,137,LE1,SKU020,2023-06-01,2023-06-01
FS,1682415,3301342,0,79359,162,LE1,SKU020,2023-06-01,2023-06-01
MT,1642600,3972800,0,95500,170,LE1,SKU021,2023-06-01,2023-06-01
GT,1928550,4664400,0,112125,195,LE1,SKU021,2023-06-01,2023-06-01
EC,1668744,4036032,0,97020,187,LE1,SKU021,2023-06-01,2023-06-01
CV,1859051,4496310,0,108084,194,LE1,SKU021,2023-06-01,2023-06-01
FS,1711669,4139850,0,99516,175,LE1,SKU021,2023-06-01,2023-06-01
MT,1758590,4019480,0,96622,151,LE1,SKU022,2023-06-01,2023-06-01
GT,1643694,3756870,0,90309,138,LE1,SKU022,2023-06-01,2023-06-01
EC,1784293,4078227,0,98034,165,LE1,SKU022,2023-06-01,2023-06-01
CV,1813704,4145450,0,99650,157,LE1,SKU022,2023-06-01,2023-06-01
FS,1789519,4090171,0,98321,152,LE1,SKU022,2023-06-01,2023-06-01
MT,2699059,5847962,0,140576,195,LE1,SKU023,2023-06-01,2023-06-01
GT,2755584,5970432,0,143520,195,LE1,SKU023,2023-06-01,2023-06-01
EC,2316626,5019356,0,120658,181,LE1,SKU023,2023-06-01,2023-06-01
CV,2815949,6101222,0,146664,206,LE1,SKU023,2023-06-01,2023-06-01
FS,2075136,4496128,0,108080,148,LE1,SKU023,2023-06-01,2023-06-01
MT,2996217,6170256,0,148323,186,LE1,SKU024,2023-06-01,2023-06-01
GT,3670758,7559370,0,181716,223,LE1,SKU024,2023-06-01,2023-06-01
EC,2830437,5828856,0,140117,190,LE1,SKU024,2023-06-01,2023-06-01
CV,2897075,5966088,0,143416,181,LE1,SKU024,2023-06-01,2023-06-01
FS,3114094,6413004,0,154159,191,LE1,SKU024,2023-06-01,2023-06-01
MT,3691352,7243408,0,174120,198,LE1,SKU025,2023-06-01,2023-06-01
GT,2378084,4666428,0,112174,125,LE1,SKU025,2023-06-01,2023-06-01
EC,3081029,6045792,0,145332,179,LE1,SKU025,2023-06-01,2023-06-01
CV,3594100,7052573,0,169533,195,LE1,SKU025,2023-06-01,2023-06-01
FS,3889577,7632378,0,183471,207,LE1,SKU025,2023-06-01,2023-06-01
MT,3403262,8231144,0,197864,207,LE1,SKU026,2023-06-01,2023-06-01
GT,4080351,9868756,0,237230,243,LE1,SKU026,2023-06-01,2023-06-01
EC,3352658,8108755,0,194922,220,LE1,SKU026,2023-06-01,2023-06-01
CV,3989341,9648638,0,231938,245,LE1,SKU026,2023-06-01,2023-06-01
FS,3738700,9042436,0,217366,225,LE1,SKU026,2023-06-01,2023-06-01
MT,3437962,7858198,0,188899,182,LE1,SKU027,2023-06-01,2023-06-01
GT,3469148,7929480,0,190612,180,LE1,SKU027,2023-06-01,2023-06-01
EC,3673592,8396781,0,201846,211,LE1,SKU027,2023-06-01,2023-06-01
CV,4430462,10126771,0,243432,237,LE1,SKU027,2023-06-01,2023-06-01
FS,4403044,10064101,0,241926,231,LE1,SKU027,2023-06-01,2023-06-01
MT,1914278,4147603,0,99702,246,LE1,SKU028,2023-06-01,2023-06-01
GT,1954368,4234464,0,101790,246,LE1,SKU028,2023-06-01,2023-06-01
EC,1897500,4111249,0,98828,264,LE1,SKU028,2023-06-01,2023-06-01
CV,1559477,3378866,0,81223,202,LE1,SKU028,2023-06-01,2023-06-01
FS,1425730,3089081,0,74257,181,LE1,SKU028,2023-06-01,2023-06-01
MT,2447176,5039497,0,121142,250,LE1,SKU029,2023-06-01,2023-06-01
GT,2509012,5166836,0,124203,251,LE1,SKU029,2023-06-01,2023-06-01
EC,1704663,3510431,0,84385,189,LE1,SKU029,2023-06-01,2023-06-01
CV,2401030,4944467,0,118857,248,LE1,SKU029,2023-06-01,2023-06-01
FS,2305153,4747028,0,114111,233,LE1,SKU029,2023-06-01,2023-06-01
MT,3163438,6207500,0,149219,265,LE1,SKU030,2023-06-01,2023-06-01
GT,2609588,5120700,0,123094,214,LE1,SKU030,2023-06-01,2023-06-01
EC,2863192,5618340,0,135056,260,LE1,SKU030,2023-06-01,2023-06-01
CV,2529292,4963140,0,119306,214,LE1,SKU030,2023-06-01,2023-06-01
FS,2774616,5444530,0,130878,230,LE1,SKU030,2023-06-01,2023-06-01
MT,3042916,7359612,0,176914,276,LE1,SKU031,2023-06-01,2023-06-01
GT,3082745,7455942,0,179229,273,LE1,SKU031,2023-06-01,2023-06-01
EC,2637374,6378765,0,153336,259,LE1,SKU031,2023-06-01,2023-06-01
CV,2304614,5573950,0,133989,211,LE1,SKU031,2023-06-01,2023-06-01
FS,3240345,7837112,0,188392,290,LE1,SKU031,2023-06-01,2023-06-01
MT,2850484,6515392,0,156620,217,LE1,SKU032,2023-06-01,2023-06-01
GT,2938572,6716736,0,161460,219,LE1,SKU032,2023-06-01,2023-06-01
EC,2041865,4667121,0,112190,169,LE1,SKU032,2023-06-01,2023-06-01
CV,3921372,8963136,0,215460,302,LE1,SKU032,2023-06-01,2023-06-01
FS,4158918,9506099,0,228512,314,LE1,SKU032,2023-06-01,2023-06-01
MT,4165939,9026202,0,216976,271,LE1,SKU033,2023-06-01,2023-06-01
GT,3887676,8423298,0,202483,248,LE1,SKU033,2023-06-01,2023-06-01
EC,4388550,9508524,0,228570,310,LE1,SKU033,2023-06-01,2023-06-01
CV,3816363,8268787,0,198769,251,LE1,SKU033,2023-06-01,2023-06-01
FS,3946464,8550672,0,205545,254,LE1,SKU033,2023-06-01,2023-06-01
MT,1956107,4028419,0,96837,110,LE1,SKU034,2023-06-01,2023-06-01
GT,2304315,4745520,0,114075,127,LE1,SKU034,2023-06-01,2023-06-01
EC,1997664,4114001,0,98894,122,LE1,SKU034,2023-06-01,2023-06-01
CV,2549813,5251100,0,126228,145,LE1,SKU034,2023-06-01,2023-06-01
FS,2356704,4853410,0,116668,131,LE1,SKU034,2023-06-01,2023-06-01
MT,3119150,6120596,0,147130,154,LE1,SKU035,2023-06-01,2023-06-01
GT,2701310,5300684,0,127420,130,LE1,SKU035,2023-06-01,2023-06-01
EC,2682052,5262894,0,126512,143,LE1,SKU035,2023-06-01,2023-06-01
CV,2809768,5513508,0,132536,140,LE1,SKU035,2023-06-01,2023-06-01
FS,3173547,6227338,0,149696,155,LE1,SKU035,2023-06-01,2023-06-01
MT,2606806,6304834,0,151558,146,LE1,SKU036,2023-06-01,2023-06-01
GT,2931396,7089888,0,170430,161,LE1,SKU036,2023-06-01,2023-06-01
EC,2407542,5822893,0,139973,146,LE1,SKU036,2023-06-01,2023-06-01
CV,2990736,7233408,0,173880,170,LE1,SKU036,2023-06-01,2023-06-01
FS,3015857,7294165,0,175340,167,LE1,SKU036,2023-06-01,2023-06-01
MT,1330506,3217968,0,77355,191,LE1,SKU001,2023-07-01,2023-07-01
GT,1131975,2737800,0,65812,159,LE1,SKU001,2023-07-01,2023-07-01
EC,1051309,2542700,0,61123,163,LE1,SKU001,2023-07-01,2023-07-01
CV,899659,2175919,0,52306,130,LE1,SKU001,2023-07-01,2023-07-01
FS,814132,1969063,0,47333,116,LE1,SKU001,2023-07-01,2023-07-01
MT,1410614,3224424,0,77510,160,LE1,SKU002,2023-07-01,2023-07-01
GT,1506917,3444558,0,82802,167,LE1,SKU002,2023-07-01,2023-07-01
EC,1121604,2563798,0,61630,138,LE1,SKU002,2023-07-01,2023-07-01
CV,1395843,3190661,0,76699,160,LE1,SKU002,2023-07-01,2023-07-01
FS,1566979,3581848,0,86102,176,LE1,SKU002,2023-07-01,2023-07-01
MT,1592940,3451370,0,82966,147,LE1,SKU003,2023-07-01,2023-07-01
GT,1649700,3574350,0,85922,149,LE1,SKU003,2023-07-01,2023-07-01
EC,1534680,3325140,0,79931,154,LE1,SKU003,2023-07-01,2023-07-01
CV,1530900,3316950,0,79734,143,LE1,SKU003,2023-07-01,2023-07-01
FS,1841220,3989310,0,95897,169,LE1,SKU003,2023-07-01,2023-07-01
MT,1786767,3679806,0,88457,138,LE1,SKU004,2023-07-01,2023-07-01
GT,1922412,3959164,0,95172,145,LE1,SKU004,2023-07-01,2023-07-01
EC,2005612,4130512,0,99291,167,LE1,SKU004,2023-07-01,2023-07-01
CV,1795258,3697294,0,88877,140,LE1,SKU004,2023-07-01,2023-07-01
FS,1666594,3432312,0,82508,127,LE1,SKU004,2023-07-01,2023-07-01
MT,2704866,5307661,0,127588,177,LE1,SKU005,2023-07-01,2023-07-01
GT,2827656,5548608,0,133380,181,LE1,SKU005,2023-07-01,2023-07-01
EC,2557941,5019356,0,120658,181,LE1,SKU005,2023-07-01,2023-07-01
CV,2420107,4748890,0,114156,160,LE1,SKU005,2023-07-01,2023-07-01
FS,2504059,4913626,0,118116,162,LE1,SKU005,2023-07-01,2023-07-01
MT,2959349,7157496,0,172055,215,LE1,SKU006,2023-07-01,2023-07-01
GT,3363643,8135322,0,195561,240,LE1,SKU006,2023-07-01,2023-07-01
EC,2948557,7131393,0,171428,232,LE1,SKU006,2023-07-01,2023-07-01
CV,2437897,5896308,0,141738,179,LE1,SKU006,2023-07-01,2023-07-01
FS,2931414,7089933,0,170431,211,LE1,SKU006,2023-07-01,2023-07-01
MT,2762275,6313772,0,151773,173,LE1,SKU007,2023-07-01,2023-07-01
GT,2647110,6050538,0,145446,162,LE1,SKU007,2023-07-01,2023-07-01
EC,2738941,6260436,0,150491,186,LE1,SKU007,2023-07-01,2023-07-01
CV,2917810,6669281,0,160319,184,LE1,SKU007,2023-07-01,2023-07-01
FS,2859695,6536447,0,157126,177,LE1,SKU007,2023-07-01,2023-07-01
MT,3584688,7766824,0,186702,195,LE1,SKU008,2023-07-01,2023-07-01
GT,4276350,9265424,0,222727,228,LE1,SKU008,2023-07-01,2023-07-01
EC,3040783,6588364,0,158374,179,LE1,SKU008,2023-07-01,2023-07-01
CV,3662820,7936110,0,190772,201,LE1,SKU008,2023-07-01,2023-07-01
FS,3445050,7464274,0,179430,186,LE1,SKU008,2023-07-01,2023-07-01
MT,4192899,8634881,0,207569,200,LE1,SKU009,2023-07-01,2023-07-01
GT,4348656,8955648,0,215280,204,LE1,SKU009,2023-07-01,2023-07-01
EC,4179727,8607756,0,206917,216,LE1,SKU009,2023-07-01,2023-07-01
CV,3775804,7775914,0,186921,182,LE1,SKU009,2023-07-01,2023-07-01
FS,3317709,6832509,0,164243,157,LE1,SKU009,2023-07-01,2023-07-01
MT,2168347,4254869,0,102280,252,LE1,SKU010,2023-07-01,2023-07-01
GT,1646366,3230604,0,77659,188,LE1,SKU010,2023-07-01,2023-07-01
EC,1548228,3038031,0,73030,195,LE1,SKU010,2023-07-01,2023-07-01
CV,1866167,3661913,0,88027,219,LE1,SKU010,2023-07-01,2023-07-01
FS,1712335,3360053,0,80770,197,LE1,SKU010,2023-07-01,2023-07-01
MT,1765795,4270760,0,102662,212,LE1,SKU011,2023-07-01,2023-07-01
GT,2118261,5123236,0,123155,249,LE1,SKU011,2023-07-01,2023-07-01
EC,2054831,4969823,0,119467,267,LE1,SKU011,2023-07-01,2023-07-01
CV,1869616,4521863,0,108699,227,LE1,SKU011,2023-07-01,2023-07-01
FS,2176828,5264886,0,126560,259,LE1,SKU011,2023-07-01,2023-07-01
MT,2954770,6753760,0,162350,288,LE1,SKU012,2023-07-01,2023-07-01
GT,2761566,6312150,0,151734,264,LE1,SKU012,2023-07-01,2023-07-01
EC,1966419,4494672,0,108045,208,LE1,SKU012,2023-07-01,2023-07-01
CV,2870083,6560190,0,157697,283,LE1,SKU012,2023-07-01,2023-07-01
FS,2403936,5494710,0,132084,232,LE1,SKU012,2023-07-01,2023-07-01
MT,3762547,8152186,0,195966,305,LE1,SKU013,2023-07-01,2023-07-01
GT,3854682,8351812,0,200765,306,LE1,SKU013,2023-07-01,2023-07-01
EC,3016440,6535620,0,157106,265,LE1,SKU013,2023-07-01,2023-07-01
CV,2844072,6162156,0,148129,233,LE1,SKU013,2023-07-01,2023-07-01
FS,3036276,6578598,0,158139,244,LE1,SKU013,2023-07-01,2023-07-01
MT,3395216,6992128,0,168080,233,LE1,SKU014,2023-07-01,2023-07-01
GT,3088176,6359808,0,152880,208,LE1,SKU014,2023-07-01,2023-07-01
EC,4332948,8923300,0,214502,322,LE1,SKU014,2023-07-01,2023-07-01
CV,3054240,6289920,0,151200,212,LE1,SKU014,2023-07-01,2023-07-01
FS,2869370,5909197,0,142048,195,LE1,SKU014,2023-07-01,2023-07-01
MT,6001421,11776372,0,283086,354,LE1,SKU015,2023-07-01,2023-07-01
GT,3412100,6695442,0,160948,197,LE1,SKU015,2023-07-01,2023-07-01
EC,3468319,6805759,0,163600,222,LE1,SKU015,2023-07-01,2023-07-01
CV,4622846,9071244,0,218059,276,LE1,SKU015,2023-07-01,2023-07-01
FS,4847779,9512623,0,228669,283,LE1,SKU015,2023-07-01,2023-07-01
MT,5092881,12317666,0,296098,337,LE1,SKU016,2023-07-01,2023-07-01
GT,4986979,12061530,0,289941,323,LE1,SKU016,2023-07-01,2023-07-01
EC,3934443,9515863,0,228747,282,LE1,SKU016,2023-07-01,2023-07-01
CV,4025303,9735617,0,234029,269,LE1,SKU016,2023-07-01,2023-07-01
FS,4369424,10567908,0,254036,286,LE1,SKU016,2023-07-01,2023-07-01
MT,2456216,5614064,0,134953,141,LE1,SKU017,2023-07-01,2023-07-01
GT,2149419,4912830,0,118097,121,LE1,SKU017,2023-07-01,2023-07-01
EC,2268463,5184925,0,124638,141,LE1,SKU017,2023-07-01,2023-07-01
CV,2101557,4803434,0,115467,122,LE1,SKU017,2023-07-01,2023-07-01
FS,1978084,4521218,0,108683,112,LE1,SKU017,2023-07-01,2023-07-01
MT,2762318,5985023,0,143871,139,LE1,SKU018,2023-07-01,2023-07-01
GT,3164616,6856668,0,164824,156,LE1,SKU018,2023-07-01,2023-07-01
EC,3330150,7215324,0,173445,181,LE1,SKU018,2023-07-01,2023-07-01
CV,2712528,5877144,0,141278,138,LE1,SKU018,2023-07-01,2023-07-01
FS,2791243,6047694,0,145377,139,LE1,SKU018,2023-07-01,2023-07-01
MT,1189290,2449231,0,58876,145,LE1,SKU019,2023-07-01,2023-07-01
GT,1134432,2336256,0,56160,136,LE1,SKU019,2023-07-01,2023-07-01
EC,1467181,3021520,0,72633,194,LE1,SKU019,2023-07-01,2023-07-01
CV,1365818,2812774,0,67615,169,LE1,SKU019,2023-07-01,2023-07-01
FS,1105253,2276165,0,54716,134,LE1,SKU019,2023-07-01,2023-07-01
MT,1610569,3160362,0,75970,157,LE1,SKU020,2023-07-01,2023-07-01
GT,1955382,3836976,0,92235,187,LE1,SKU020,2023-07-01,2023-07-01
EC,1145744,2248253,0,54045,121,LE1,SKU020,2023-07-01,2023-07-01
CV,1938290,3803436,0,91429,191,LE1,SKU020,2023-07-01,2023-07-01
FS,1594445,3128722,0,75210,154,LE1,SKU020,2023-07-01,2023-07-01
MT,1560470,3774160,0,90725,161,LE1,SKU021,2023-07-01,2023-07-01
GT,2201062,5323500,0,127969,223,LE1,SKU021,2023-07-01,2023-07-01
EC,1317928,3187548,0,76624,147,LE1,SKU021,2023-07-01,2023-07-01
CV,1787940,4324320,0,103950,187,LE1,SKU021,2023-07-01,2023-07-01
FS,1732416,4190030,0,100722,177,LE1,SKU021,2023-07-01,2023-07-01
MT,2142508,4896973,0,117716,183,LE1,SKU022,2023-07-01,2023-07-01
GT,2364390,5404112,0,129907,198,LE1,SKU022,2023-07-01,2023-07-01
EC,1887233,4313509,0,103690,175,LE1,SKU022,2023-07-01,2023-07-01
CV,1421552,3249137,0,78104,123,LE1,SKU022,2023-07-01,2023-07-01
FS,2202485,5034058,0,121011,187,LE1,SKU022,2023-07-01,2023-07-01
MT,2317670,5021619,0,120712,167,LE1,SKU023,2023-07-01,2023-07-01
GT,2530944,5483712,0,131820,179,LE1,SKU023,2023-07-01,2023-07-01
EC,2005033,4344238,0,104429,157,LE1,SKU023,2023-07-01,2023-07-01
CV,2220826,4811789,0,115668,162,LE1,SKU023,2023-07-01,2023-07-01
FS,2786611,6037658,0,145136,199,LE1,SKU023,2023-07-01,2023-07-01
MT,3390006,6981203,0,167817,210,LE1,SKU024,2023-07-01,2023-07-01
GT,3443520,7091408,0,170467,209,LE1,SKU024,2023-07-01,2023-07-01
EC,2624874,5405531,0,129941,176,LE1,SKU024,2023-07-01,2023-07-01
CV,2405758,4954295,0,119094,151,LE1,SKU024,2023-07-01,2023-07-01
FS,3131394,6448631,0,155015,192,LE1,SKU024,2023-07-01,2023-07-01
MT,3592653,7049734,0,169465,193,LE1,SKU025,2023-07-01,2023-07-01
GT,4373255,8581482,0,206286,230,LE1,SKU025,2023-07-01,2023-07-01
EC,3372724,6618175,0,159091,196,LE1,SKU025,2023-07-01,2023-07-01
CV,3945696,7742498,0,186118,214,LE1,SKU025,2023-07-01,2023-07-01
FS,4168829,8180344,0,196643,222,LE1,SKU025,2023-07-01,2023-07-01
MT,2827325,6838182,0,164379,172,LE1,SKU026,2023-07-01,2023-07-01
GT,3082536,7455436,0,179217,183,LE1,SKU026,2023-07-01,2023-07-01
EC,2885220,6978208,0,167745,190,LE1,SKU026,2023-07-01,2023-07-01
CV,3367625,8144954,0,195792,207,LE1,SKU026,2023-07-01,2023-07-01
FS,3773970,9127742,0,219417,227,LE1,SKU026,2023-07-01,2023-07-01
MT,4337429,9914122,0,238320,230,LE1,SKU027,2023-07-01,2023-07-01
GT,4428265,10121748,0,243311,230,LE1,SKU027,2023-07-01,2023-07-01
EC,4098178,9367263,0,225175,235,LE1,SKU027,2023-07-01,2023-07-01
CV,4984270,11392618,0,273861,267,LE1,SKU027,2023-07-01,2023-07-01
FS,3049815,6971006,0,167572,160,LE1,SKU027,2023-07-01,2023-07-01
MT,1930781,4183358,0,100562,248,LE1,SKU028,2023-07-01,2023-07-01
GT,2207088,4782024,0,114952,278,LE1,SKU028,2023-07-01,2023-07-01
EC,1676506,3632429,0,87318,233,LE1,SKU028,2023-07-01,2023-07-01
CV,2033035,4404910,0,105887,264,LE1,SKU028,2023-07-01,2023-07-01
FS,1734221,3757478,0,90324,220,LE1,SKU028,2023-07-01,2023-07-01
MT,2561240,5274389,0,126788,262,LE1,SKU029,2023-07-01,2023-07-01
GT,2127896,4382000,0,105337,213,LE1,SKU029,2023-07-01,2023-07-01
EC,2403766,4950102,0,118993,266,LE1,SKU029,2023-07-01,2023-07-01
CV,1805903,3718915,0,89397,187,LE1,SKU029,2023-07-01,2023-07-01
FS,2074638,4272325,0,102700,210,LE1,SKU029,2023-07-01,2023-07-01
MT,3125476,6133010,0,147428,262,LE1,SKU030,2023-07-01,2023-07-01
GT,2919638,5729100,0,137719,240,LE1,SKU030,2023-07-01,2023-07-01
EC,2980058,5847660,0,140569,270,LE1,SKU030,2023-07-01,2023-07-01
CV,2667026,5233410,0,125803,226,LE1,SKU030,2023-07-01,2023-07-01
FS,2851334,5595070,0,134497,236,LE1,SKU030,2023-07-01,2023-07-01
MT,2855660,6906713,0,166027,259,LE1,SKU031,2023-07-01,2023-07-01
GT,3393410,8207316,0,197291,301,LE1,SKU031,2023-07-01,2023-07-01
EC,2940024,7110755,0,170932,288,LE1,SKU031,2023-07-01,2023-07-01
CV,2767853,6694342,0,160922,253,LE1,SKU031,2023-07-01,2023-07-01
FS,2767302,6693008,0,160890,248,LE1,SKU031,2023-07-01,2023-07-01
MT,3726486,8517683,0,204752,284,LE1,SKU032,2023-07-01,2023-07-01
GT,3577392,8176896,0,196560,267,LE1,SKU032,2023-07-01,2023-07-01
EC,3017851,6897946,0,165816,249,LE1,SKU032,2023-07-01,2023-07-01
CV,2628007,6006874,0,144396,202,LE1,SKU032,2023-07-01,2023-07-01
FS,3273743,7482842,0,179876,247,LE1,SKU032,2023-07-01,2023-07-01
MT,4523950,9801891,0,235622,295,LE1,SKU033,2023-07-01,2023-07-01
GT,5017428,10871094,0,261324,320,LE1,SKU033,2023-07-01,2023-07-01
EC,4839428,10485428,0,252054,341,LE1,SKU033,2023-07-01,2023-07-01
CV,3945186,8547902,0,205478,260,LE1,SKU033,2023-07-01,2023-07-01
FS,4538434,9833273,0,236377,293,LE1,SKU033,2023-07-01,2023-07-01
MT,2633222,5422872,0,130358,148,LE1,SKU034,2023-07-01,2023-07-01
GT,2534746,5220072,0,125482,140,LE1,SKU034,2023-07-01,2023-07-01
EC,3126778,6439306,0,154791,191,LE1,SKU034,2023-07-01,2023-07-01
CV,3089555,6362647,0,152948,176,LE1,SKU034,2023-07-01,2023-07-01
FS,2204658,4540286,0,109142,123,LE1,SKU034,2023-07-01,2023-07-01
MT,2731944,5360796,0,128865,135,LE1,SKU035,2023-07-01,2023-07-01
GT,2855044,5602350,0,134672,138,LE1,SKU035,2023-07-01,2023-07-01
EC,2880722,5652738,0,135883,154,LE1,SKU035,2023-07-01,2023-07-01
CV,2043468,4009824,0,96390,102,LE1,SKU035,2023-07-01,2023-07-01
FS,3325704,6525910,0,156873,162,LE1,SKU035,2023-07-01,2023-07-01
MT,3381292,8178009,0,196587,190,LE1,SKU036,2023-07-01,2023-07-01
GT,2217832,5364060,0,128944,122,LE1,SKU036,2023-07-01,2023-07-01
EC,2320313,5611919,0,134902,141,LE1,SKU036,2023-07-01,2023-07-01
CV,2448665,5922353,0,142364,139,LE1,SKU036,2023-07-01,2023-07-01
FS,2958594,7155668,0,172011,164,LE1,SKU036,2023-07-01,2023-07-01
MT,1234414,2985559,0,71768,177,LE1,SKU001,2023-08-01,2023-08-01
GT,754650,1825200,0,43875,106,LE1,SKU001,2023-08-01,2023-08-01
EC,935255,2262012,0,54375,145,LE1,SKU001,2023-08-01,2023-08-01
CV,1009373,2441275,0,58684,146,LE1,SKU001,2023-08-01,2023-08-01
FS,1254809,3034886,0,72954,178,LE1,SKU001,2023-08-01,2023-08-01
MT,1335879,3053594,0,73404,152,LE1,SKU002,2023-08-01,2023-08-01
GT,1592754,3640768,0,87518,177,LE1,SKU002,2023-08-01,2023-08-01
EC,1294159,2958228,0,71111,159,LE1,SKU002,2023-08-01,2023-08-01
CV,1608454,3676655,0,88381,184,LE1,SKU002,2023-08-01,2023-08-01
FS,1217712,2783484,0,66911,137,LE1,SKU002,2023-08-01,2023-08-01
MT,1558560,3376880,0,81175,144,LE1,SKU003,2023-08-01,2023-08-01
GT,1766700,3827850,0,92016,160,LE1,SKU003,2023-08-01,2023-08-01
EC,1735776,3760848,0,90405,174,LE1,SKU003,2023-08-01,2023-08-01
CV,1485540,3218670,0,77372,139,LE1,SKU003,2023-08-01,2023-08-01
FS,1667520,3612960,0,86850,153,LE1,SKU003,2023-08-01,2023-08-01
MT,2473985,5095116,0,122479,191,LE1,SKU004,2023-08-01,2023-08-01
GT,2118862,4363748,0,104898,160,LE1,SKU004,2023-08-01,2023-08-01
EC,2196018,4522649,0,108718,183,LE1,SKU004,2023-08-01,2023-08-01
CV,1876861,3865352,0,92917,146,LE1,SKU004,2023-08-01,2023-08-01
FS,2249901,4633621,0,111385,172,LE1,SKU004,2023-08-01,2023-08-01
MT,3158376,6197568,0,148980,207,LE1,SKU005,2023-08-01,2023-08-01
GT,3026088,5937984,0,142740,194,LE1,SKU005,2023-08-01,2023-08-01
EC,2513065,4931297,0,118541,178,LE1,SKU005,2023-08-01,2023-08-01
CV,2932978,5755277,0,138348,194,LE1,SKU005,2023-08-01,2023-08-01
FS,3420578,6712077,0,161348,222,LE1,SKU005,2023-08-01,2023-08-01
MT,2711522,6558100,0,157647,197,LE1,SKU006,2023-08-01,2023-08-01
GT,2634357,6371468,0,153160,188,LE1,SKU006,2023-08-01,2023-08-01
EC,2571572,6219617,0,149510,202,LE1,SKU006,2023-08-01,2023-08-01
CV,2841809,6873211,0,165221,209,LE1,SKU006,2023-08-01,2023-08-01
FS,3211298,7766860,0,186703,231,LE1,SKU006,2023-08-01,2023-08-01
MT,3287616,7514551,0,180638,206,LE1,SKU007,2023-08-01,2023-08-01
GT,3321864,7592832,0,182520,204,LE1,SKU007,2023-08-01,2023-08-01
EC,2691987,6153114,0,147911,182,LE1,SKU007,2023-08-01,2023-08-01
CV,3370574,7704169,0,185196,213,LE1,SKU007,2023-08-01,2023-08-01
FS,3253546,7436676,0,178766,201,LE1,SKU007,2023-08-01,2023-08-01
MT,3506760,7597980,0,182644,191,LE1,SKU008,2023-08-01,2023-08-01
GT,4674150,10127324,0,243445,249,LE1,SKU008,2023-08-01,2023-08-01
EC,2842862,6159535,0,148066,167,LE1,SKU008,2023-08-01,2023-08-01
CV,3624264,7852572,0,188764,199,LE1,SKU008,2023-08-01,2023-08-01
FS,3543480,7677540,0,184556,191,LE1,SKU008,2023-08-01,2023-08-01
MT,5612716,11558862,0,277857,268,LE1,SKU009,2023-08-01,2023-08-01
GT,5458469,11241204,0,270221,255,LE1,SKU009,2023-08-01,2023-08-01
EC,3872395,7974832,0,191703,200,LE1,SKU009,2023-08-01,2023-08-01
CV,4631946,9539057,0,229304,224,LE1,SKU009,2023-08-01,2023-08-01
FS,4573058,9417782,0,226389,216,LE1,SKU009,2023-08-01,2023-08-01
MT,1849472,3629153,0,87239,215,LE1,SKU010,2023-08-01,2023-08-01
GT,2027727,3978936,0,95648,231,LE1,SKU010,2023-08-01,2023-08-01
EC,1809070,3549874,0,85334,228,LE1,SKU010,2023-08-01,2023-08-01
CV,1893213,3714984,0,89302,223,LE1,SKU010,2023-08-01,2023-08-01
FS,1914869,3757478,0,90324,220,LE1,SKU010,2023-08-01,2023-08-01
MT,1836427,4441590,0,106769,220,LE1,SKU011,2023-08-01,2023-08-01
GT,1865872,4512808,0,108481,219,LE1,SKU011,2023-08-01,2023-08-01
EC,1785746,4319013,0,103822,232,LE1,SKU011,2023-08-01,2023-08-01
CV,2053084,4965598,0,119365,249,LE1,SKU011,2023-08-01,2023-08-01
FS,2337413,5653279,0,135896,278,LE1,SKU011,2023-08-01,2023-08-01
MT,2607150,5959200,0,143250,254,LE1,SKU012,2023-08-01,2023-08-01
GT,2417756,5526300,0,132844,231,LE1,SKU012,2023-08-01,2023-08-01
EC,2688777,6145776,0,147735,284,LE1,SKU012,2023-08-01,2023-08-01
CV,2128376,4864860,0,116944,210,LE1,SKU012,2023-08-01,2023-08-01
FS,1986814,4541290,0,109166,192,LE1,SKU012,2023-08-01,2023-08-01
MT,2834975,6142446,0,147655,230,LE1,SKU013,2023-08-01,2023-08-01
GT,2494206,5404112,0,129907,198,LE1,SKU013,2023-08-01,2023-08-01
EC,2509678,5437636,0,130712,220,LE1,SKU013,2023-08-01,2023-08-01
CV,3141407,6806381,0,163615,258,LE1,SKU013,2023-08-01,2023-08-01
FS,2930666,6349777,0,152639,235,LE1,SKU013,2023-08-01,2023-08-01
MT,4382915,9026202,0,216976,301,LE1,SKU014,2023-08-01,2023-08-01
GT,4159584,8566272,0,205920,280,LE1,SKU014,2023-08-01,2023-08-01
EC,3078674,6340239,0,152410,229,LE1,SKU014,2023-08-01,2023-08-01
CV,3130596,6447168,0,154980,217,LE1,SKU014,2023-08-01,2023-08-01
FS,3680278,7579187,0,182192,250,LE1,SKU014,2023-08-01,2023-08-01
MT,3809285,7474823,0,179683,225,LE1,SKU015,2023-08-01,2023-08-01
GT,4127540,8099324,0,194695,238,LE1,SKU015,2023-08-01,2023-08-01
EC,4480604,8792129,0,211349,286,LE1,SKU015,2023-08-01,2023-08-01
CV,4000539,7850114,0,188705,238,LE1,SKU015,2023-08-01,2023-08-01
FS,5374317,10545829,0,253506,314,LE1,SKU015,2023-08-01,2023-08-01
MT,4516329,10923214,0,262577,299,LE1,SKU016,2023-08-01,2023-08-01
GT,4872524,11784708,0,283286,316,LE1,SKU016,2023-08-01,2023-08-01
EC,3682994,8907706,0,214128,264,LE1,SKU016,2023-08-01,2023-08-01
CV,4294713,10387213,0,249693,287,LE1,SKU016,2023-08-01,2023-08-01
FS,3705918,8963152,0,215460,243,LE1,SKU016,2023-08-01,2023-08-01
MT,2548555,5825118,0,140027,146,LE1,SKU017,2023-08-01,2023-08-01
GT,2545364,5817824,0,139852,143,LE1,SKU017,2023-08-01,2023-08-01
EC,1773836,4054378,0,97461,110,LE1,SKU017,2023-08-01,2023-08-01
CV,2065009,4719898,0,113459,120,LE1,SKU017,2023-08-01,2023-08-01
FS,2649886,6056726,0,145594,151,LE1,SKU017,2023-08-01,2023-08-01
MT,2846664,6167772,0,148264,143,LE1,SKU018,2023-08-01,2023-08-01
GT,2712528,5877144,0,141278,134,LE1,SKU018,2023-08-01,2023-08-01
EC,2453795,5316555,0,127802,134,LE1,SKU018,2023-08-01,2023-08-01
CV,2733394,5922353,0,142364,139,LE1,SKU018,2023-08-01,2023-08-01
FS,3536995,7663490,0,184218,176,LE1,SKU018,2023-08-01,2023-08-01
MT,1128524,2324088,0,55868,138,LE1,SKU019,2023-08-01,2023-08-01
GT,1036942,2135484,0,51334,124,LE1,SKU019,2023-08-01,2023-08-01
EC,1338902,2757344,0,66282,177,LE1,SKU019,2023-08-01,2023-08-01
CV,1305688,2688941,0,64638,161,LE1,SKU019,2023-08-01,2023-08-01
FS,1166656,2402618,0,57755,141,LE1,SKU019,2023-08-01,2023-08-01
MT,1708509,3352546,0,80590,166,LE1,SKU020,2023-08-01,2023-08-01
GT,1955382,3836976,0,92235,187,LE1,SKU020,2023-08-01,2023-08-01
EC,1648264,3234329,0,77748,174,LE1,SKU020,2023-08-01,2023-08-01
CV,1615241,3169530,0,76191,159,LE1,SKU020,2023-08-01,2023-08-01
FS,1715403,3366074,0,80915,165,LE1,SKU020,2023-08-01,2023-08-01
MT,1796594,4345250,0,104453,186,LE1,SKU021,2023-08-01,2023-08-01
GT,1331119,3219450,0,77391,135,LE1,SKU021,2023-08-01,2023-08-01
EC,1536003,3714984,0,89302,172,LE1,SKU021,2023-08-01,2023-08-01
CV,1544130,3734640,0,89775,161,LE1,SKU021,2023-08-01,2023-08-01
FS,1535315,3713320,0,89262,157,LE1,SKU021,2023-08-01,2023-08-01
MT,2662654,6085832,0,146294,228,LE1,SKU022,2023-08-01,2023-08-01
GT,2452897,5606406,0,134769,206,LE1,SKU022,2023-08-01,2023-08-01
EC,1738542,3973657,0,95521,161,LE1,SKU022,2023-08-01,2023-08-01
CV,2242621,5125793,0,123216,194,LE1,SKU022,2023-08-01,2023-08-01
FS,2252542,5148468,0,123761,191,LE1,SKU022,2023-08-01,2023-08-01
MT,2464358,5339443,0,128352,178,LE1,SKU023,2023-08-01,2023-08-01
GT,2411136,5224128,0,125580,171,LE1,SKU023,2023-08-01,2023-08-01
EC,2777242,6017357,0,144648,217,LE1,SKU023,2023-08-01,2023-08-01
CV,2307917,5000486,0,120204,169,LE1,SKU023,2023-08-01,2023-08-01
FS,2801434,6069773,0,145908,200,LE1,SKU023,2023-08-01,2023-08-01
MT,3818037,7862668,0,189006,236,LE1,SKU024,2023-08-01,2023-08-01
GT,3530920,7271394,0,174793,214,LE1,SKU024,2023-08-01,2023-08-01
EC,3336437,6870886,0,165166,224,LE1,SKU024,2023-08-01,2023-08-01
CV,2710714,5582304,0,134190,170,LE1,SKU024,2023-08-01,2023-08-01
FS,2646979,5451053,0,131035,162,LE1,SKU024,2023-08-01,2023-08-01
MT,3553173,6972264,0,167602,191,LE1,SKU025,2023-08-01,2023-08-01
GT,4010497,7869654,0,189174,211,LE1,SKU025,2023-08-01,2023-08-01
EC,4047269,7941810,0,190909,235,LE1,SKU025,2023-08-01,2023-08-01
CV,3984763,7819157,0,187960,216,LE1,SKU025,2023-08-01,2023-08-01
FS,4049150,7945501,0,190998,215,LE1,SKU025,2023-08-01,2023-08-01
MT,3263641,7893456,0,189747,198,LE1,SKU026,2023-08-01,2023-08-01
GT,3474534,8403524,0,202008,207,LE1,SKU026,2023-08-01,2023-08-01
EC,3368777,8147740,0,195859,222,LE1,SKU026,2023-08-01,2023-08-01
CV,3678484,8896798,0,213865,226,LE1,SKU026,2023-08-01,2023-08-01
FS,3967960,9596926,0,230695,238,LE1,SKU026,2023-08-01,2023-08-01
MT,4377405,10005497,0,240517,232,LE1,SKU027,2023-08-01,2023-08-01
GT,3693622,8442564,0,202946,192,LE1,SKU027,2023-08-01,2023-08-01
EC,3747433,8565561,0,205903,215,LE1,SKU027,2023-08-01,2023-08-01
CV,4410684,10081562,0,242345,236,LE1,SKU027,2023-08-01,2023-08-01
FS,4241464,9694776,0,233048,223,LE1,SKU027,2023-08-01,2023-08-01
MT,1922530,4165481,0,100132,247,LE1,SKU028,2023-08-01,2023-08-01
GT,1499472,3248856,0,78098,189,LE1,SKU028,2023-08-01,2023-08-01
EC,1577439,3417785,0,82158,219,LE1,SKU028,2023-08-01,2023-08-01
CV,1592136,3449628,0,82924,207,LE1,SKU028,2023-08-01,2023-08-01
FS,2167776,4696848,0,112905,276,LE1,SKU028,2023-08-01,2023-08-01
MT,2519762,5188974,0,124735,258,LE1,SKU029,2023-08-01,2023-08-01
GT,2477253,5101434,0,122631,248,LE1,SKU029,2023-08-01,2023-08-01
EC,2020696,4161241,0,100030,224,LE1,SKU029,2023-08-01,2023-08-01
CV,1970076,4056998,0,97524,204,LE1,SKU029,2023-08-01,2023-08-01
FS,1938424,3991818,0,95957,196,LE1,SKU029,2023-08-01,2023-08-01
MT,3011592,5909540,0,142056,252,LE1,SKU030,2023-08-01,2023-08-01
GT,3100500,6084000,0,146250,254,LE1,SKU030,2023-08-01,2023-08-01
EC,2758014,5411952,0,130095,250,LE1,SKU030,2023-08-01,2023-08-01
CV,3743854,7346430,0,176597,317,LE1,SKU030,2023-08-01,2023-08-01
FS,3132631,6147050,0,147766,260,LE1,SKU030,2023-08-01,2023-08-01
MT,3054620,7387919,0,177594,277,LE1,SKU031,2023-08-01,2023-08-01
GT,3011054,7282548,0,175061,267,LE1,SKU031,2023-08-01,2023-08-01
EC,2777890,6718617,0,161505,272,LE1,SKU031,2023-08-01,2023-08-01
CV,3288997,7954783,0,191221,301,LE1,SKU031,2023-08-01,2023-08-01
FS,2578084,6235367,0,149889,231,LE1,SKU031,2023-08-01,2023-08-01
MT,3003437,6864998,0,165024,229,LE1,SKU032,2023-08-01,2023-08-01
GT,3236688,7398144,0,177840,242,LE1,SKU032,2023-08-01,2023-08-01
EC,2594068,5929298,0,142531,214,LE1,SKU032,2023-08-01,2023-08-01
CV,4540536,10378368,0,249480,350,LE1,SKU032,2023-08-01,2023-08-01
FS,3175390,7258035,0,174472,240,LE1,SKU032,2023-08-01,2023-08-01
MT,4654135,10083960,0,242403,303,LE1,SKU033,2023-08-01,2023-08-01
GT,3721536,8063328,0,193830,237,LE1,SKU033,2023-08-01,2023-08-01
EC,4087964,8857256,0,212915,288,LE1,SKU033,2023-08-01,2023-08-01
CV,4557093,9873701,0,237349,300,LE1,SKU033,2023-08-01,2023-08-01
FS,4341110,9405739,0,226100,280,LE1,SKU033,2023-08-01,2023-08-01
MT,2219430,4570706,0,109873,125,LE1,SKU034,2023-08-01,2023-08-01
GT,2093086,4310514,0,103618,116,LE1,SKU034,2023-08-01,2023-08-01
EC,2258229,4650610,0,111794,138,LE1,SKU034,2023-08-01,2023-08-01
CV,2661484,5481076,0,131757,152,LE1,SKU034,2023-08-01,2023-08-01
FS,2622783,5401375,0,129841,146,LE1,SKU034,2023-08-01,2023-08-01
MT,3162172,6205016,0,149159,156,LE1,SKU035,2023-08-01,2023-08-01
GT,3096625,6076396,0,146067,149,LE1,SKU035,2023-08-01,2023-08-01
EC,2860855,5613754,0,134946,153,LE1,SKU035,2023-08-01,2023-08-01
CV,3554783,6975422,0,167678,177,LE1,SKU035,2023-08-01,2023-08-01
FS,2912708,5715502,0,137392,142,LE1,SKU035,2023-08-01,2023-08-01
MT,2927934,7081516,0,170229,164,LE1,SKU036,2023-08-01,2023-08-01
GT,2642114,6390228,0,153611,145,LE1,SKU036,2023-08-01,2023-08-01
EC,2965813,7173130,0,172431,180,LE1,SKU036,2023-08-01,2023-08-01
CV,2822507,6826529,0,164099,160,LE1,SKU036,2023-08-01,2023-08-01
FS,2424138,5863031,0,140938,135,LE1,SKU036,2023-08-01,2023-08-01
MT,1005271,2431354,0,58446,144,LE1,SKU001,2023-09-01,2023-09-01
GT,1365916,3303612,0,79414,192,LE1,SKU001,2023-09-01,2023-09-01
EC,853335,2063880,0,49612,132,LE1,SKU001,2023-09-01,2023-09-01
CV,1162974,2812774,0,67615,169,LE1,SKU001,2023-09-01,2023-09-01
FS,1217463,2944562,0,70783,173,LE1,SKU001,2023-09-01,2023-09-01
MT,1560082,3566085,0,85723,177,LE1,SKU002,2023-09-01,2023-09-01
GT,1134957,2594320,0,62363,126,LE1,SKU002,2023-09-01,2023-09-01
EC,1380436,3155443,0,75852,170,LE1,SKU002,2023-09-01,2023-09-01
CV,1349623,3085009,0,74159,155,LE1,SKU002,2023-09-01,2023-09-01
FS,1510341,3452384,0,82990,170,LE1,SKU002,2023-09-01,2023-09-01
MT,1741920,3774160,0,90725,161,LE1,SKU003,2023-09-01,2023-09-01
GT,2082600,4512300,0,108469,189,LE1,SKU003,2023-09-01,2023-09-01
EC,1375920,2981160,0,71662,138,LE1,SKU003,2023-09-01,2023-09-01
CV,1735020,3759210,0,90366,162,LE1,SKU003,2023-09-01,2023-09-01
FS,1852800,4014400,0,96500,170,LE1,SKU003,2023-09-01,2023-09-01
MT,2391519,4925279,0,118396,184,LE1,SKU004,2023-09-01,2023-09-01
GT,2371442,4883932,0,117402,179,LE1,SKU004,2023-09-01,2023-09-01
EC,2246793,4627219,0,111231,188,LE1,SKU004,2023-09-01,2023-09-01
CV,2461680,5069774,0,121870,192,LE1,SKU004,2023-09-01,2023-09-01
FS,2208236,4547813,0,109322,169,LE1,SKU004,2023-09-01,2023-09-01
MT,3158376,6197568,0,148980,207,LE1,SKU005,2023-09-01,2023-09-01
GT,2893800,5678400,0,136500,186,LE1,SKU005,2023-09-01,2023-09-01
EC,2243808,4402944,0,105840,159,LE1,SKU005,2023-09-01,2023-09-01
CV,1811074,3553805,0,85428,120,LE1,SKU005,2023-09-01,2023-09-01
FS,3125982,6134003,0,147452,202,LE1,SKU005,2023-09-01,2023-09-01
MT,2886459,6981203,0,167817,210,LE1,SKU006,2023-09-01,2023-09-01
GT,3214809,7775352,0,186908,229,LE1,SKU006,2023-09-01,2023-09-01
EC,2921629,7066266,0,169862,230,LE1,SKU006,2023-09-01,2023-09-01
CV,2351344,5686973,0,136706,173,LE1,SKU006,2023-09-01,2023-09-01
FS,2622069,6341748,0,152446,189,LE1,SKU006,2023-09-01,2023-09-01
MT,2931740,6701120,0,161085,183,LE1,SKU007,2023-09-01,2023-09-01
GT,3892809,8897850,0,213891,238,LE1,SKU007,2023-09-01,2023-09-01
EC,3271078,7476749,0,179730,222,LE1,SKU007,2023-09-01,2023-09-01
CV,2800427,6400976,0,153870,177,LE1,SKU007,2023-09-01,2023-09-01
FS,3493281,7984642,0,191938,216,LE1,SKU007,2023-09-01,2023-09-01
MT,4169148,9033154,0,217143,227,LE1,SKU008,2023-09-01,2023-09-01
GT,3739320,8101860,0,194756,199,LE1,SKU008,2023-09-01,2023-09-01
EC,3760495,8147740,0,195859,222,LE1,SKU008,2023-09-01,2023-09-01
CV,4009824,8687952,0,208845,220,LE1,SKU008,2023-09-01,2023-09-01
FS,4350606,9426314,0,226594,234,LE1,SKU008,2023-09-01,2023-09-01
MT,4192899,8634881,0,207569,200,LE1,SKU009,2023-09-01,2023-09-01
GT,4824290,9935172,0,238826,226,LE1,SKU009,2023-09-01,2023-09-01
EC,4794393,9873602,0,237346,248,LE1,SKU009,2023-09-01,2023-09-01
CV,4895374,10081562,0,242345,236,LE1,SKU009,2023-09-01,2023-09-01
FS,4595475,9463948,0,227499,217,LE1,SKU009,2023-09-01,2023-09-01
MT,1567040,3074947,0,73917,182,LE1,SKU010,2023-09-01,2023-09-01
GT,2232360,4380480,0,105300,254,LE1,SKU010,2023-09-01,2023-09-01
EC,1834313,3599407,0,86524,231,LE1,SKU010,2023-09-01,2023-09-01
CV,1676846,3290414,0,79096,197,LE1,SKU010,2023-09-01,2023-09-01
FS,1924075,3775543,0,90758,222,LE1,SKU010,2023-09-01,2023-09-01
MT,2322021,5616050,0,135001,279,LE1,SKU011,2023-09-01,2023-09-01
GT,1793761,4338400,0,104288,211,LE1,SKU011,2023-09-01,2023-09-01
EC,1859133,4496507,0,108089,242,LE1,SKU011,2023-09-01,2023-09-01
CV,2088030,5050118,0,121397,253,LE1,SKU011,2023-09-01,2023-09-01
FS,2685349,6494797,0,156125,319,LE1,SKU011,2023-09-01,2023-09-01
MT,3009086,6877910,0,165334,294,LE1,SKU012,2023-09-01,2023-09-01
GT,2717203,6210750,0,149297,260,LE1,SKU012,2023-09-01,2023-09-01
EC,2518220,5755932,0,138364,266,LE1,SKU012,2023-09-01,2023-09-01
CV,2665845,6093360,0,146475,263,LE1,SKU012,2023-09-01,2023-09-01
FS,3040594,6949930,0,167066,294,LE1,SKU012,2023-09-01,2023-09-01
MT,3514324,7614368,0,183038,285,LE1,SKU013,2023-09-01,2023-09-01
GT,3641274,7889428,0,189650,289,LE1,SKU013,2023-09-01,2023-09-01
EC,2002916,4339652,0,104319,176,LE1,SKU013,2023-09-01,2023-09-01
CV,3128479,6778372,0,162942,257,LE1,SKU013,2023-09-01,2023-09-01
FS,3221093,6979034,0,167765,259,LE1,SKU013,2023-09-01,2023-09-01
MT,3981662,8199859,0,197112,273,LE1,SKU014,2023-09-01,2023-09-01
GT,4364412,8988096,0,216060,294,LE1,SKU014,2023-09-01,2023-09-01
EC,3620292,7455652,0,179222,269,LE1,SKU014,2023-09-01,2023-09-01
CV,3787258,7799501,0,187488,263,LE1,SKU014,2023-09-01,2023-09-01
FS,4304054,8863795,0,213072,293,LE1,SKU014,2023-09-01,2023-09-01
MT,5408466,10612838,0,255116,319,LE1,SKU015,2023-09-01,2023-09-01
GT,4200919,8243312,0,198157,243,LE1,SKU015,2023-09-01,2023-09-01
EC,4331251,8499058,0,204304,277,LE1,SKU015,2023-09-01,2023-09-01
CV,4409483,8652571,0,207994,263,LE1,SKU015,2023-09-01,2023-09-01
FS,4666214,9156344,0,220104,272,LE1,SKU015,2023-09-01,2023-09-01
MT,4964758,12007788,0,288649,329,LE1,SKU016,2023-09-01,2023-09-01
GT,3760672,9095580,0,218644,244,LE1,SKU016,2023-09-01,2023-09-01
EC,4304222,10410211,0,250245,308,LE1,SKU016,2023-09-01,2023-09-01
CV,4088694,9888934,0,237715,273,LE1,SKU016,2023-09-01,2023-09-01
FS,4693084,11350716,0,272854,307,LE1,SKU016,2023-09-01,2023-09-01
MT,2511619,5740696,0,137998,144,LE1,SKU017,2023-09-01,2023-09-01
GT,3205274,7326150,0,176109,180,LE1,SKU017,2023-09-01,2023-09-01
EC,2677810,6120551,0,147129,166,LE1,SKU017,2023-09-01,2023-09-01
CV,1845716,4218670,0,101410,107,LE1,SKU017,2023-09-01,2023-09-01
FS,3097754,7080398,0,170202,176,LE1,SKU017,2023-09-01,2023-09-01
MT,3310565,7172890,0,172425,166,LE1,SKU018,2023-09-01,2023-09-01
GT,3293784,7136532,0,171551,162,LE1,SKU018,2023-09-01,2023-09-01
EC,2648540,5738504,0,137945,144,LE1,SKU018,2023-09-01,2023-09-01
CV,3025512,6555276,0,157579,154,LE1,SKU018,2023-09-01,2023-09-01
FS,3004315,6509350,0,156475,149,LE1,SKU018,2023-09-01,2023-09-01
MT,1119843,2306210,0,55438,137,LE1,SKU019,2023-09-01,2023-09-01
GT,1586432,3267108,0,78536,190,LE1,SKU019,2023-09-01,2023-09-01
EC,1202607,2476656,0,59535,159,LE1,SKU019,2023-09-01,2023-09-01
CV,1271327,2618179,0,62937,157,LE1,SKU019,2023-09-01,2023-09-01
FS,1210515,2492942,0,59926,146,LE1,SKU019,2023-09-01,2023-09-01
MT,1469101,2882764,0,69297,143,LE1,SKU020,2023-09-01,2023-09-01
GT,1610968,3161144,0,75989,154,LE1,SKU020,2023-09-01,2023-09-01
EC,1688466,3313215,0,79645,178,LE1,SKU020,2023-09-01,2023-09-01
CV,2207496,4331690,0,104127,217,LE1,SKU020,2023-09-01,2023-09-01
FS,1737396,3409229,0,81953,167,LE1,SKU020,2023-09-01,2023-09-01
MT,1755529,4245930,0,102066,181,LE1,SKU021,2023-09-01,2023-09-01
GT,1918069,4639050,0,111516,194,LE1,SKU021,2023-09-01,2023-09-01
EC,1630818,3944304,0,94815,182,LE1,SKU021,2023-09-01,2023-09-01
CV,1879369,4545450,0,109266,196,LE1,SKU021,2023-09-01,2023-09-01
FS,1867275,4516200,0,108562,191,LE1,SKU021,2023-09-01,2023-09-01
MT,1832897,4189318,0,100705,157,LE1,SKU022,2023-09-01,2023-09-01
GT,2212665,5057324,0,121570,186,LE1,SKU022,2023-09-01,2023-09-01
EC,1727104,3947514,0,94892,160,LE1,SKU022,2023-09-01,2023-09-01
CV,2659283,6078127,0,146109,230,LE1,SKU022,2023-09-01,2023-09-01
FS,2865734,6549996,0,157452,243,LE1,SKU022,2023-09-01,2023-09-01
MT,2816410,6102221,0,146688,204,LE1,SKU023,2023-09-01,2023-09-01
GT,3115008,6749184,0,162240,220,LE1,SKU023,2023-09-01,2023-09-01
EC,2628219,5694474,0,136886,206,LE1,SKU023,2023-09-01,2023-09-01
CV,2786918,6038323,0,145152,204,LE1,SKU023,2023-09-01,2023-09-01
FS,2356762,5106317,0,122748,169,LE1,SKU023,2023-09-01,2023-09-01
MT,3424248,7051720,0,169512,212,LE1,SKU024,2023-09-01,2023-09-01
GT,3985394,8207316,0,197291,242,LE1,SKU024,2023-09-01,2023-09-01
EC,3399687,7001140,0,168297,228,LE1,SKU024,2023-09-01,2023-09-01
CV,3473102,7152326,0,171931,217,LE1,SKU024,2023-09-01,2023-09-01
FS,3512006,7232444,0,173857,215,LE1,SKU024,2023-09-01,2023-09-01
MT,4717824,9257617,0,222539,253,LE1,SKU025,2023-09-01,2023-09-01
GT,4373255,8581482,0,206286,230,LE1,SKU025,2023-09-01,2023-09-01
EC,4047269,7941810,0,190909,235,LE1,SKU025,2023-09-01,2023-09-01
CV,3984763,7819157,0,187960,216,LE1,SKU025,2023-09-01,2023-09-01
FS,3829738,7514957,0,180648,204,LE1,SKU025,2023-09-01,2023-09-01
MT,3089115,7471348,0,179600,188,LE1,SKU026,2023-09-01,2023-09-01
GT,3902169,9437804,0,226870,232,LE1,SKU026,2023-09-01,2023-09-01
EC,3223710,7796880,0,187425,212,LE1,SKU026,2023-09-01,2023-09-01
CV,3022228,7309574,0,175711,186,LE1,SKU026,2023-09-01,2023-09-01
FS,3421263,8274682,0,198911,206,LE1,SKU026,2023-09-01,2023-09-01
MT,4137547,9457250,0,227338,219,LE1,SKU027,2023-09-01,2023-09-01
GT,3754842,8582496,0,206310,195,LE1,SKU027,2023-09-01,2023-09-01
EC,3710512,8481171,0,203874,213,LE1,SKU027,2023-09-01,2023-09-01
CV,4193116,9584266,0,230391,225,LE1,SKU027,2023-09-01,2023-09-01
FS,4100082,9371617,0,225279,215,LE1,SKU027,2023-09-01,2023-09-01
MT,2120558,4594543,0,110446,272,LE1,SKU028,2023-09-01,2023-09-01
GT,2030184,4398732,0,105739,255,LE1,SKU028,2023-09-01,2023-09-01
EC,1638403,3549874,0,85334,228,LE1,SKU028,2023-09-01,2023-09-01
CV,1771762,3838817,0,92279,230,LE1,SKU028,2023-09-01,2023-09-01
FS,2142763,4642654,0,111602,272,LE1,SKU028,2023-09-01,2023-09-01
MT,2395329,4932728,0,118575,245,LE1,SKU029,2023-09-01,2023-09-01
GT,2053791,4229394,0,101668,206,LE1,SKU029,2023-09-01,2023-09-01
EC,2355882,4851494,0,116622,261,LE1,SKU029,2023-09-01,2023-09-01
CV,2698593,5557243,0,133588,279,LE1,SKU029,2023-09-01,2023-09-01
FS,2409933,4962802,0,119298,244,LE1,SKU029,2023-09-01,2023-09-01
MT,3315282,6505460,0,156381,278,LE1,SKU030,2023-09-01,2023-09-01
GT,3823950,7503600,0,180375,314,LE1,SKU030,2023-09-01,2023-09-01
EC,2816446,5526612,0,132851,255,LE1,SKU030,2023-09-01,2023-09-01
CV,3167876,6216210,0,149428,268,LE1,SKU030,2023-09-01,2023-09-01
FS,2442174,4792190,0,115197,202,LE1,SKU030,2023-09-01,2023-09-01
MT,2972695,7189775,0,172831,269,LE1,SKU031,2023-09-01,2023-09-01
GT,3453153,8351812,0,200765,306,LE1,SKU031,2023-09-01,2023-09-01
EC,2842743,6875472,0,165276,279,LE1,SKU031,2023-09-01,2023-09-01
CV,3346902,8094833,0,194587,306,LE1,SKU031,2023-09-01,2023-09-01
FS,3465040,8380562,0,201456,311,LE1,SKU031,2023-09-01,2023-09-01
MT,3239818,7405299,0,178012,247,LE1,SKU032,2023-09-01,2023-09-01
GT,2555280,5840640,0,140400,191,LE1,SKU032,2023-09-01,2023-09-01
EC,3403109,7778534,0,186984,281,LE1,SKU032,2023-09-01,2023-09-01
CV,3880094,8868787,0,213192,299,LE1,SKU032,2023-09-01,2023-09-01
FS,3077038,7033229,0,169068,232,LE1,SKU032,2023-09-01,2023-09-01
MT,4556496,9872408,0,237318,297,LE1,SKU033,2023-09-01,2023-09-01
GT,4485780,9719190,0,233634,286,LE1,SKU033,2023-09-01,2023-09-01
EC,3952701,8564185,0,205870,279,LE1,SKU033,2023-09-01,2023-09-01
CV,4524887,9803921,0,235671,298,LE1,SKU033,2023-09-01,2023-09-01
FS,3979351,8621928,0,207258,257,LE1,SKU033,2023-09-01,2023-09-01
MT,2520369,5190463,0,124771,142,LE1,SKU034,2023-09-01,2023-09-01
GT,2765178,5694624,0,136890,153,LE1,SKU034,2023-09-01,2023-09-01
EC,2258229,4650610,0,111794,138,LE1,SKU034,2023-09-01,2023-09-01
CV,2345084,4829479,0,116093,134,LE1,SKU034,2023-09-01,2023-09-01
FS,3325993,6849570,0,164653,186,LE1,SKU034,2023-09-01,2023-09-01
MT,2925547,5740696,0,137998,144,LE1,SKU035,2023-09-01,2023-09-01
GT,3360167,6593536,0,158498,162,LE1,SKU035,2023-09-01,2023-09-01
EC,3278063,6432426,0,154626,175,LE1,SKU035,2023-09-01,2023-09-01
CV,3001344,5889430,0,141573,149,LE1,SKU035,2023-09-01,2023-09-01
FS,3499597,6867134,0,165075,171,LE1,SKU035,2023-09-01,2023-09-01
MT,3286843,7949573,0,191096,184,LE1,SKU036,2023-09-01,2023-09-01
GT,3509961,8489208,0,204068,193,LE1,SKU036,2023-09-01,2023-09-01
EC,2791354,6751181,0,162288,170,LE1,SKU036,2023-09-01,2023-09-01
CV,2841199,6871738,0,165186,161,LE1,SKU036,2023-09-01,2023-09-01
FS,3664838,8863795,0,213072,204,LE1,SKU036,2023-09-01,2023-09-01
MT,1219630,2949804,0,70909,175,LE1,SKU001,2023-10-01,2023-10-01
GT,1048964,2537028,0,60986,147,LE1,SKU001,2023-10-01,2023-10-01
EC,785068,1898770,0,45644,122,LE1,SKU001,2023-10-01,2023-10-01
CV,841144,2034396,0,48904,122,LE1,SKU001,2023-10-01,2023-10-01
FS,970983,2348424,0,56452,138,LE1,SKU001,2023-10-01,2023-10-01
MT,1466664,3352546,0,80590,166,LE1,SKU002,2023-10-01,2023-10-01
GT,1363856,3117544,0,74941,152,LE1,SKU002,2023-10-01,2023-10-01
EC,1121604,2563798,0,61630,138,LE1,SKU002,2023-10-01,2023-10-01
CV,1395843,3190661,0,76699,160,LE1,SKU002,2023-10-01,2023-10-01
FS,1066678,2438246,0,58612,120,LE1,SKU002,2023-10-01,2023-10-01
MT,1684620,3650010,0,87741,156,LE1,SKU003,2023-10-01,2023-10-01
GT,1836900,3979950,0,95672,166,LE1,SKU003,2023-10-01,2023-10-01
EC,1714608,3714984,0,89302,172,LE1,SKU003,2023-10-01,2023-10-01
CV,1553580,3366090,0,80916,145,LE1,SKU003,2023-10-01,2023-10-01
FS,1899120,4114760,0,98912,174,LE1,SKU003,2023-10-01,2023-10-01
MT,1566857,3226907,0,77570,121,LE1,SKU004,2023-10-01,2023-10-01
GT,2048701,4219254,0,101424,155,LE1,SKU004,2023-10-01,2023-10-01
EC,1929449,3973657,0,95521,161,LE1,SKU004,2023-10-01,2023-10-01
CV,1904062,3921372,0,94264,148,LE1,SKU004,2023-10-01,2023-10-01
FS,2111019,4347595,0,104510,161,LE1,SKU004,2023-10-01,2023-10-01
MT,2607685,5116966,0,123004,171,LE1,SKU005,2023-10-01,2023-10-01
GT,1967784,3861312,0,92820,126,LE1,SKU005,2023-10-01,2023-10-01
EC,2737446,5371592,0,129125,194,LE1,SKU005,2023-10-01,2023-10-01
CV,2436134,4780339,0,114912,161,LE1,SKU005,2023-10-01,2023-10-01
FS,2307662,4528243,0,108852,149,LE1,SKU005,2023-10-01,2023-10-01
MT,1516120,3666894,0,88146,110,LE1,SKU006,2023-10-01,2023-10-01
GT,2381340,5759520,0,138450,170,LE1,SKU006,2023-10-01,2023-10-01
EC,2275370,5503221,0,132289,179,LE1,SKU006,2023-10-01,2023-10-01
CV,2423471,5861419,0,140900,178,LE1,SKU006,2023-10-01,2023-10-01
FS,2386377,5771704,0,138743,172,LE1,SKU006,2023-10-01,2023-10-01
MT,2728382,6236303,0,149911,171,LE1,SKU007,2023-10-01,2023-10-01
GT,3477576,7948746,0,191076,213,LE1,SKU007,2023-10-01,2023-10-01
EC,3051963,6975914,0,167690,207,LE1,SKU007,2023-10-01,2023-10-01
CV,2515354,5749380,0,138206,159,LE1,SKU007,2023-10-01,2023-10-01
FS,3544652,8102063,0,194761,219,LE1,SKU007,2023-10-01,2023-10-01
MT,2980746,6458284,0,155247,162,LE1,SKU008,2023-10-01,2023-10-01
GT,3639870,7886384,0,189577,194,LE1,SKU008,2023-10-01,2023-10-01
EC,2483006,5379847,0,129323,146,LE1,SKU008,2023-10-01,2023-10-01
CV,3238704,7017192,0,168682,178,LE1,SKU008,2023-10-01,2023-10-01
FS,4055316,8786518,0,211214,218,LE1,SKU008,2023-10-01,2023-10-01
MT,4237268,8726255,0,209766,202,LE1,SKU009,2023-10-01,2023-10-01
GT,4235410,8722428,0,209674,198,LE1,SKU009,2023-10-01,2023-10-01
EC,4138750,8523366,0,204889,214,LE1,SKU009,2023-10-01,2023-10-01
CV,3424567,7052573,0,169533,165,LE1,SKU009,2023-10-01,2023-10-01
FS,4573058,9417782,0,226389,216,LE1,SKU009,2023-10-01,2023-10-01
MT,1749254,3432499,0,82512,204,LE1,SKU010,2023-10-01,2023-10-01
GT,1795190,3522636,0,84679,205,LE1,SKU010,2023-10-01,2023-10-01
EC,1447256,2839899,0,68267,182,LE1,SKU010,2023-10-01,2023-10-01
CV,1893213,3714984,0,89302,223,LE1,SKU010,2023-10-01,2023-10-01
FS,1832014,3594895,0,86416,211,LE1,SKU010,2023-10-01,2023-10-01
MT,1783453,4313468,0,103689,214,LE1,SKU011,2023-10-01,2023-10-01
GT,1892914,4578210,0,110053,223,LE1,SKU011,2023-10-01,2023-10-01
EC,1720513,4161241,0,100030,224,LE1,SKU011,2023-10-01,2023-10-01
CV,1476473,3571003,0,85841,179,LE1,SKU011,2023-10-01,2023-10-01
FS,1811049,4380213,0,105294,215,LE1,SKU011,2023-10-01,2023-10-01
MT,2628876,6008860,0,144444,257,LE1,SKU012,2023-10-01,2023-10-01
GT,2373394,5424900,0,130406,227,LE1,SKU012,2023-10-01,2023-10-01
EC,2357696,5389020,0,129544,249,LE1,SKU012,2023-10-01,2023-10-01
CV,2139126,4889430,0,117534,211,LE1,SKU012,2023-10-01,2023-10-01
FS,3183294,7276100,0,174906,307,LE1,SKU012,2023-10-01,2023-10-01
MT,2560622,5548015,0,133366,208,LE1,SKU013,2023-10-01,2023-10-01
GT,3814668,8265114,0,198681,303,LE1,SKU013,2023-10-01,2023-10-01
EC,2557941,5542206,0,133226,225,LE1,SKU013,2023-10-01,2023-10-01
CV,3167262,6862402,0,164962,260,LE1,SKU013,2023-10-01,2023-10-01
FS,3089081,6693008,0,160890,248,LE1,SKU013,2023-10-01,2023-10-01
MT,3750170,7723123,0,185652,258,LE1,SKU014,2023-10-01,2023-10-01
GT,3119688,6424704,0,154440,210,LE1,SKU014,2023-10-01,2023-10-01
EC,2936143,6046710,0,145354,218,LE1,SKU014,2023-10-01,2023-10-01
CV,3222223,6635866,0,159516,224,LE1,SKU014,2023-10-01,2023-10-01
FS,2682237,5523814,0,132784,182,LE1,SKU014,2023-10-01,2023-10-01
MT,5336592,10471804,0,251726,315,LE1,SKU015,2023-10-01,2023-10-01
GT,4219264,8279310,0,199022,244,LE1,SKU015,2023-10-01,2023-10-01
EC,3418535,6708069,0,161252,218,LE1,SKU015,2023-10-01,2023-10-01
CV,4000539,7850114,0,188705,238,LE1,SKU015,2023-10-01,2023-10-01
FS,5501412,10795224,0,259501,321,LE1,SKU015,2023-10-01,2023-10-01
MT,4548359,11000683,0,264440,301,LE1,SKU016,2023-10-01,2023-10-01
GT,3793374,9174672,0,220545,246,LE1,SKU016,2023-10-01,2023-10-01
EC,3890070,9408541,0,226167,279,LE1,SKU016,2023-10-01,2023-10-01
CV,3882674,9390654,0,225737,260,LE1,SKU016,2023-10-01,2023-10-01
FS,4094312,9902521,0,238041,268,LE1,SKU016,2023-10-01,2023-10-01
MT,2031457,4643210,0,111616,117,LE1,SKU017,2023-10-01,2023-10-01
GT,2488801,5688540,0,136744,140,LE1,SKU017,2023-10-01,2023-10-01
EC,2097902,4795081,0,115266,130,LE1,SKU017,2023-10-01,2023-10-01
CV,2485320,5680584,0,136552,144,LE1,SKU017,2023-10-01,2023-10-01
FS,2183357,4990402,0,119962,124,LE1,SKU017,2023-10-01,2023-10-01
MT,2488195,5391090,0,129594,125,LE1,SKU018,2023-10-01,2023-10-01
GT,3013920,6530160,0,156975,148,LE1,SKU018,2023-10-01,2023-10-01
EC,2473269,5358750,0,128816,135,LE1,SKU018,2023-10-01,2023-10-01
CV,1877904,4068792,0,97808,95,LE1,SKU018,2023-10-01,2023-10-01
FS,2258563,4893554,0,117634,112,LE1,SKU018,2023-10-01,2023-10-01
MT,1180609,2431354,0,58446,144,LE1,SKU019,2023-10-01,2023-10-01
GT,1214197,2500524,0,60109,145,LE1,SKU019,2023-10-01,2023-10-01
EC,1138468,2344568,0,56360,151,LE1,SKU019,2023-10-01,2023-10-01
CV,1133887,2335133,0,56133,140,LE1,SKU019,2023-10-01,2023-10-01
FS,1298234,2673590,0,64269,157,LE1,SKU019,2023-10-01,2023-10-01
MT,1523512,2989532,0,71864,148,LE1,SKU020,2023-10-01,2023-10-01
GT,1844281,3618966,0,86994,176,LE1,SKU020,2023-10-01,2023-10-01
EC,1688466,3313215,0,79645,178,LE1,SKU020,2023-10-01,2023-10-01
CV,1959826,3845696,0,92445,193,LE1,SKU020,2023-10-01,2023-10-01
FS,1550460,3042413,0,73135,149,LE1,SKU020,2023-10-01,2023-10-01
MT,1683665,4072120,0,97888,174,LE1,SKU021,2023-10-01,2023-10-01
GT,1540744,3726450,0,89578,156,LE1,SKU021,2023-10-01,2023-10-01
EC,1602374,3875508,0,93161,179,LE1,SKU021,2023-10-01,2023-10-01
CV,1391749,3366090,0,80916,145,LE1,SKU021,2023-10-01,2023-10-01
FS,1338214,3236610,0,77803,137,LE1,SKU021,2023-10-01,2023-10-01
MT,1671899,3821336,0,91859,143,LE1,SKU022,2023-10-01,2023-10-01
GT,2465541,5635304,0,135464,207,LE1,SKU022,2023-10-01,2023-10-01
EC,1795731,4104369,0,98663,166,LE1,SKU022,2023-10-01,2023-10-01
CV,1678902,3837343,0,92244,145,LE1,SKU022,2023-10-01,2023-10-01
FS,1814548,4147378,0,99697,154,LE1,SKU022,2023-10-01,2023-10-01
MT,2684390,5816179,0,139812,194,LE1,SKU023,2023-10-01,2023-10-01
GT,2306304,4996992,0,120120,163,LE1,SKU023,2023-10-01,2023-10-01
EC,2506291,5430298,0,130536,196,LE1,SKU023,2023-10-01,2023-10-01
CV,2395008,5189184,0,124740,175,LE1,SKU023,2023-10-01,2023-10-01
FS,2638387,5716506,0,137416,189,LE1,SKU023,2023-10-01,2023-10-01
MT,3030459,6240772,0,150019,188,LE1,SKU024,2023-10-01,2023-10-01
GT,3845556,7919340,0,190369,233,LE1,SKU024,2023-10-01,2023-10-01
EC,2656499,5470658,0,131506,178,LE1,SKU024,2023-10-01,2023-10-01
CV,3032611,6245203,0,150125,190,LE1,SKU024,2023-10-01,2023-10-01
FS,3096793,6377377,0,153302,190,LE1,SKU024,2023-10-01,2023-10-01
MT,3849271,7553286,0,181569,207,LE1,SKU025,2023-10-01,2023-10-01
GT,3526819,6920550,0,166359,186,LE1,SKU025,2023-10-01,2023-10-01
EC,3008105,5902697,0,141892,175,LE1,SKU025,2023-10-01,2023-10-01
CV,3867564,7589182,0,182432,210,LE1,SKU025,2023-10-01,2023-10-01
FS,3231341,6340745,0,152422,172,LE1,SKU025,2023-10-01,2023-10-01
MT,4049009,9792952,0,235408,246,LE1,SKU026,2023-10-01,2023-10-01
GT,3171626,7670910,0,184397,189,LE1,SKU026,2023-10-01,2023-10-01
EC,3481607,8420630,0,202419,229,LE1,SKU026,2023-10-01,2023-10-01
CV,3315816,8019648,0,192780,204,LE1,SKU026,2023-10-01,2023-10-01
FS,3368356,8146722,0,195835,202,LE1,SKU026,2023-10-01,2023-10-01
MT,4777168,10919241,0,262482,253,LE1,SKU027,2023-10-01,2023-10-01
GT,3530368,8069412,0,193976,183,LE1,SKU027,2023-10-01,2023-10-01
EC,4485843,10253356,0,246475,258,LE1,SKU027,2023-10-01,2023-10-01
CV,3757982,8589672,0,206482,201,LE1,SKU027,2023-10-01,2023-10-01
FS,4322254,9879438,0,237486,227,LE1,SKU027,2023-10-01,2023-10-01
MT,1600733,3468254,0,83372,206,LE1,SKU028,2023-10-01,2023-10-01
GT,1701648,3686904,0,88628,214,LE1,SKU028,2023-10-01,2023-10-01
EC,1577439,3417785,0,82158,219,LE1,SKU028,2023-10-01,2023-10-01
CV,1730938,3750365,0,90153,225,LE1,SKU028,2023-10-01,2023-10-01
FS,1800922,3901997,0,93798,229,LE1,SKU028,2023-10-01,2023-10-01
MT,2156833,4441590,0,106769,220,LE1,SKU029,2023-10-01,2023-10-01
GT,1736194,3575364,0,85946,174,LE1,SKU029,2023-10-01,2023-10-01
EC,2030272,4180962,0,100504,225,LE1,SKU029,2023-10-01,2023-10-01
CV,2359986,4859946,0,116826,244,LE1,SKU029,2023-10-01,2023-10-01
FS,2315631,4768605,0,114630,234,LE1,SKU029,2023-10-01,2023-10-01
MT,2885055,5661240,0,136088,242,LE1,SKU030,2023-10-01,2023-10-01
GT,3268444,6413550,0,154172,268,LE1,SKU030,2023-10-01,2023-10-01
EC,3096922,6076980,0,146081,281,LE1,SKU030,2023-10-01,2023-10-01
CV,2967536,5823090,0,139978,251,LE1,SKU030,2023-10-01,2023-10-01
FS,2787402,5469620,0,131481,231,LE1,SKU030,2023-10-01,2023-10-01
MT,1989599,4812054,0,115674,180,LE1,SKU031,2023-10-01,2023-10-01
GT,2568954,6213284,0,149358,228,LE1,SKU031,2023-10-01,2023-10-01
EC,3026495,7319894,0,175959,297,LE1,SKU031,2023-10-01,2023-10-01
CV,2837339,6862402,0,164962,260,LE1,SKU031,2023-10-01,2023-10-01
FS,2175998,5262878,0,126512,195,LE1,SKU031,2023-10-01,2023-10-01
MT,2683626,6134003,0,147452,205,LE1,SKU032,2023-10-01,2023-10-01
GT,3250884,7430592,0,178620,243,LE1,SKU032,2023-10-01,2023-10-01
EC,2863748,6545710,0,157349,236,LE1,SKU032,2023-10-01,2023-10-01
CV,3742502,8554291,0,205632,288,LE1,SKU032,2023-10-01,2023-10-01
FS,4088666,9345523,0,224652,308,LE1,SKU032,2023-10-01,2023-10-01
MT,4198486,9096719,0,218671,273,LE1,SKU033,2023-10-01,2023-10-01
GT,3588624,7775352,0,186908,229,LE1,SKU033,2023-10-01,2023-10-01
EC,3907613,8466494,0,203522,276,LE1,SKU033,2023-10-01,2023-10-01
CV,3945186,8547902,0,205478,260,LE1,SKU033,2023-10-01,2023-10-01
FS,4275336,9263228,0,222674,276,LE1,SKU033,2023-10-01,2023-10-01
MT,2501560,5151728,0,123840,141,LE1,SKU034,2023-10-01,2023-10-01
GT,1766642,3638232,0,87458,98,LE1,SKU034,2023-10-01,2023-10-01
EC,2536165,5222992,0,125553,155,LE1,SKU034,2023-10-01,2023-10-01
CV,2959272,6094343,0,146499,169,LE1,SKU034,2023-10-01,2023-10-01
FS,2850851,5871060,0,141131,159,LE1,SKU034,2023-10-01,2023-10-01
MT,2280206,4474366,0,107557,112,LE1,SKU035,2023-10-01,2023-10-01
GT,3052700,5990204,0,143995,147,LE1,SKU035,2023-10-01,2023-10-01
EC,2523115,4951019,0,119015,135,LE1,SKU035,2023-10-01,2023-10-01
CV,2703338,5304662,0,127516,135,LE1,SKU035,2023-10-01,2023-10-01
FS,2738815,5374278,0,129189,134,LE1,SKU035,2023-10-01,2023-10-01
MT,2625696,6350521,0,152657,147,LE1,SKU036,2023-10-01,2023-10-01
GT,2198547,5317416,0,127822,121,LE1,SKU036,2023-10-01,2023-10-01
EC,2233083,5400945,0,129830,136,LE1,SKU036,2023-10-01,2023-10-01
CV,2710354,6555276,0,157579,154,LE1,SKU036,2023-10-01,2023-10-01
FS,2424138,5863031,0,140938,135,LE1,SKU036,2023-10-01,2023-10-01
MT,1219630,2949804,0,70909,175,LE1,SKU001,2023-11-01,2023-11-01
GT,1177254,2847312,0,68445,165,LE1,SKU001,2023-11-01,2023-11-01
EC,1064962,2575722,0,61916,165,LE1,SKU001,2023-11-01,2023-11-01
CV,1184917,2865845,0,68890,172,LE1,SKU001,2023-11-01,2023-11-01
FS,978452,2366489,0,56887,139,LE1,SKU001,2023-11-01,2023-11-01
MT,1373246,3139009,0,75457,156,LE1,SKU002,2023-11-01,2023-11-01
GT,1468767,3357354,0,80706,163,LE1,SKU002,2023-11-01,2023-11-01
EC,1492596,3411823,0,82015,183,LE1,SKU002,2023-11-01,2023-11-01
CV,1127767,2577884,0,61968,129,LE1,SKU002,2023-11-01,2023-11-01
FS,1264910,2891372,0,69504,142,LE1,SKU002,2023-11-01,2023-11-01
MT,1822140,3947970,0,94903,169,LE1,SKU003,2023-11-01,2023-11-01
GT,1907100,4132050,0,99328,173,LE1,SKU003,2023-11-01,2023-11-01
EC,1735776,3760848,0,90405,174,LE1,SKU003,2023-11-01,2023-11-01
CV,1871100,4054050,0,97453,175,LE1,SKU003,2023-11-01,2023-11-01
FS,1945440,4215120,0,101325,178,LE1,SKU003,2023-11-01,2023-11-01
MT,2597684,5349872,0,128603,200,LE1,SKU004,2023-11-01,2023-11-01
GT,2160959,4450446,0,106982,163,LE1,SKU004,2023-11-01,2023-11-01
EC,2576830,5306923,0,127570,215,LE1,SKU004,2023-11-01,2023-11-01
CV,2584084,5321862,0,127929,201,LE1,SKU004,2023-11-01,2023-11-01
FS,1777700,3661133,0,88008,136,LE1,SKU004,2023-11-01,2023-11-01
MT,2931621,5752614,0,138284,192,LE1,SKU005,2023-11-01,2023-11-01
GT,3356808,6586944,0,158340,215,LE1,SKU005,2023-11-01,2023-11-01
EC,2542982,4990003,0,119952,180,LE1,SKU005,2023-11-01,2023-11-01
CV,2708597,5314982,0,127764,179,LE1,SKU005,2023-11-01,2023-11-01
FS,3306013,6487270,0,155944,214,LE1,SKU005,2023-11-01,2023-11-01
MT,2959349,7157496,0,172055,215,LE1,SKU006,2023-11-01,2023-11-01
GT,3512476,8495292,0,204214,250,LE1,SKU006,2023-11-01,2023-11-01
EC,2921629,7066266,0,169862,230,LE1,SKU006,2023-11-01,2023-11-01
CV,2596576,6280092,0,150964,191,LE1,SKU006,2023-11-01,2023-11-01
FS,3476451,8408161,0,202119,250,LE1,SKU006,2023-11-01,2023-11-01
MT,3829903,8754065,0,210434,240,LE1,SKU007,2023-11-01,2023-11-01
GT,2750919,6287814,0,151149,169,LE1,SKU007,2023-11-01,2023-11-01
EC,3318031,7584071,0,182309,225,LE1,SKU007,2023-11-01,2023-11-01
CV,3555033,8125790,0,195332,225,LE1,SKU007,2023-11-01,2023-11-01
FS,3887131,8884871,0,213579,241,LE1,SKU007,2023-11-01,2023-11-01
MT,4597752,9961796,0,239466,250,LE1,SKU008,2023-11-01,2023-11-01
GT,3500640,7584720,0,182325,187,LE1,SKU008,2023-11-01,2023-11-01
EC,3688524,7991802,0,192111,217,LE1,SKU008,2023-11-01,2023-11-01
CV,3817044,8270262,0,198804,210,LE1,SKU008,2023-11-01,2023-11-01
FS,5039616,10919168,0,262480,271,LE1,SKU008,2023-11-01,2023-11-01
MT,4902808,10096871,0,242713,234,LE1,SKU009,2023-11-01,2023-11-01
GT,5367872,11054628,0,265736,251,LE1,SKU009,2023-11-01,2023-11-01
EC,3995328,8228002,0,197788,207,LE1,SKU009,2023-11-01,2023-11-01
CV,4939279,10171980,0,244519,238,LE1,SKU009,2023-11-01,2023-11-01
FS,5357651,11033578,0,265230,253,LE1,SKU009,2023-11-01,2023-11-01
MT,2250343,4415767,0,106148,262,LE1,SKU010,2023-11-01,2023-11-01
GT,2223058,4362228,0,104861,253,LE1,SKU010,2023-11-01,2023-11-01
EC,1910042,3748006,0,90096,241,LE1,SKU010,2023-11-01,2023-11-01
CV,2154657,4228006,0,101635,253,LE1,SKU010,2023-11-01,2023-11-01
FS,1960899,3847802,0,92495,226,LE1,SKU010,2023-11-01,2023-11-01
MT,2366165,5722818,0,137568,284,LE1,SKU011,2023-11-01,2023-11-01
GT,2244455,5428448,0,130492,264,LE1,SKU011,2023-11-01,2023-11-01
EC,1867287,4516228,0,108563,243,LE1,SKU011,2023-11-01,2023-11-01
CV,2061820,4986727,0,119873,250,LE1,SKU011,2023-11-01,2023-11-01
FS,1998399,4833338,0,116186,237,LE1,SKU011,2023-11-01,2023-11-01
MT,2552834,5835050,0,140266,249,LE1,SKU012,2023-11-01,2023-11-01
GT,2506481,5729100,0,137719,240,LE1,SKU012,2023-11-01,2023-11-01
EC,2086812,4769856,0,114660,220,LE1,SKU012,2023-11-01,2023-11-01
CV,2085379,4766580,0,114581,206,LE1,SKU012,2023-11-01,2023-11-01
FS,2041699,4666740,0,112181,197,LE1,SKU012,2023-11-01,2023-11-01
MT,3435937,7444530,0,178955,279,LE1,SKU013,2023-11-01,2023-11-01
GT,3641274,7889428,0,189650,289,LE1,SKU013,2023-11-01,2023-11-01
EC,2690664,5829773,0,140139,236,LE1,SKU013,2023-11-01,2023-11-01
CV,2714796,5882058,0,141396,223,LE1,SKU013,2023-11-01,2023-11-01
FS,3643531,7894318,0,189767,293,LE1,SKU013,2023-11-01,2023-11-01
MT,4197722,8644813,0,207808,288,LE1,SKU014,2023-11-01,2023-11-01
GT,4002024,8241792,0,198120,269,LE1,SKU014,2023-11-01,2023-11-01
EC,3563280,7338240,0,176400,265,LE1,SKU014,2023-11-01,2023-11-01
CV,3466562,7139059,0,171612,241,LE1,SKU014,2023-11-01,2023-11-01
FS,4553565,9377638,0,225424,310,LE1,SKU014,2023-11-01,2023-11-01
MT,4761606,9343528,0,224604,281,LE1,SKU015,2023-11-01,2023-11-01
GT,4916360,9647196,0,231904,284,LE1,SKU015,2023-11-01,2023-11-01
EC,3899785,7652408,0,183952,249,LE1,SKU015,2023-11-01,2023-11-01
CV,4391703,8617682,0,207156,262,LE1,SKU015,2023-11-01,2023-11-01
FS,5011187,9833273,0,236377,293,LE1,SKU015,2023-11-01,2023-11-01
MT,4660467,11271827,0,270957,308,LE1,SKU016,2023-11-01,2023-11-01
GT,3924180,9491040,0,228150,254,LE1,SKU016,2023-11-01,2023-11-01
EC,3830905,9265445,0,222727,275,LE1,SKU016,2023-11-01,2023-11-01
CV,4865229,11767064,0,282862,325,LE1,SKU016,2023-11-01,2023-11-01
FS,4320874,10450487,0,251214,283,LE1,SKU016,2023-11-01,2023-11-01
MT,2511619,5740696,0,137998,144,LE1,SKU017,2023-11-01,2023-11-01
GT,2865892,6550440,0,157462,161,LE1,SKU017,2023-11-01,2023-11-01
EC,2302576,5262894,0,126512,143,LE1,SKU017,2023-11-01,2023-11-01
CV,2594966,5931198,0,142577,151,LE1,SKU017,2023-11-01,2023-11-01
FS,3060432,6995092,0,168151,174,LE1,SKU017,2023-11-01,2023-11-01
MT,2952096,6396208,0,153755,148,LE1,SKU018,2023-11-01,2023-11-01
GT,3336840,7229820,0,173794,164,LE1,SKU018,2023-11-01,2023-11-01
EC,2551167,5527529,0,132873,139,LE1,SKU018,2023-11-01,2023-11-01
CV,3776674,8182793,0,196702,192,LE1,SKU018,2023-11-01,2023-11-01
FS,3132158,6786343,0,163133,156,LE1,SKU018,2023-11-01,2023-11-01
MT,1614657,3325234,0,79934,197,LE1,SKU019,2023-11-01,2023-11-01
GT,1577570,3248856,0,78098,189,LE1,SKU019,2023-11-01,2023-11-01
EC,1154503,2377590,0,57154,153,LE1,SKU019,2023-11-01,2023-11-01
CV,1202607,2476656,0,59535,148,LE1,SKU019,2023-11-01,2023-11-01
FS,1263146,2601331,0,62532,153,LE1,SKU019,2023-11-01,2023-11-01
MT,1610569,3160362,0,75970,157,LE1,SKU020,2023-11-01,2023-11-01
GT,1888721,3706170,0,89091,180,LE1,SKU020,2023-11-01,2023-11-01
EC,1216097,2386304,0,57363,128,LE1,SKU020,2023-11-01,2023-11-01
CV,1809070,3549874,0,85334,178,LE1,SKU020,2023-11-01,2023-11-01
FS,1671419,3279765,0,78840,161,LE1,SKU020,2023-11-01,2023-11-01
MT,2104581,5090150,0,122359,217,LE1,SKU021,2023-11-01,2023-11-01
GT,1802775,4360200,0,104812,182,LE1,SKU021,2023-11-01,2023-11-01
EC,1668744,4036032,0,97020,187,LE1,SKU021,2023-11-01,2023-11-01
CV,1940321,4692870,0,112809,202,LE1,SKU021,2023-11-01,2023-11-01
FS,2105871,5093270,0,122434,215,LE1,SKU021,2023-11-01,2023-11-01
MT,2476888,5661240,0,136088,212,LE1,SKU022,2023-11-01,2023-11-01
GT,2389678,5461912,0,131296,200,LE1,SKU022,2023-11-01,2023-11-01
EC,1521224,3476950,0,83581,141,LE1,SKU022,2023-11-01,2023-11-01
CV,2475462,5657980,0,136009,214,LE1,SKU022,2023-11-01,2023-11-01
FS,1889632,4318992,0,103822,160,LE1,SKU022,2023-11-01,2023-11-01
MT,2537702,5498355,0,132172,183,LE1,SKU023,2023-11-01,2023-11-01
GT,2486016,5386368,0,129480,176,LE1,SKU023,2023-11-01,2023-11-01
EC,3075287,6663122,0,160171,241,LE1,SKU023,2023-11-01,2023-11-01
CV,2874010,6227021,0,149688,210,LE1,SKU023,2023-11-01,2023-11-01
FS,2831078,6134003,0,147452,202,LE1,SKU023,2023-11-01,2023-11-01
MT,2431216,5006721,0,120354,151,LE1,SKU024,2023-11-01,2023-11-01
GT,3897996,8027332,0,192965,236,LE1,SKU024,2023-11-01,2023-11-01
EC,3605249,7424464,0,178473,242,LE1,SKU024,2023-11-01,2023-11-01
CV,3303682,6803434,0,163544,207,LE1,SKU024,2023-11-01,2023-11-01
FS,3633109,7481838,0,179852,223,LE1,SKU024,2023-11-01,2023-11-01
MT,4066409,7979369,0,191812,218,LE1,SKU025,2023-11-01,2023-11-01
GT,3768658,7395102,0,177767,198,LE1,SKU025,2023-11-01,2023-11-01
EC,4029038,7906036,0,190049,234,LE1,SKU025,2023-11-01,2023-11-01
CV,3828497,7512523,0,180590,208,LE1,SKU025,2023-11-01,2023-11-01
FS,3769898,7397536,0,177825,200,LE1,SKU025,2023-11-01,2023-11-01
MT,3525430,8526622,0,204967,214,LE1,SKU026,2023-11-01,2023-11-01
GT,3421080,8274240,0,198900,204,LE1,SKU026,2023-11-01,2023-11-01
EC,3529962,8537584,0,205230,232,LE1,SKU026,2023-11-01,2023-11-01
CV,4231120,10233406,0,245995,260,LE1,SKU026,2023-11-01,2023-11-01
FS,4091407,9895496,0,237872,246,LE1,SKU026,2023-11-01,2023-11-01
MT,5516729,12609667,0,303117,293,LE1,SKU027,2023-11-01,2023-11-01
GT,4305824,9841884,0,236584,224,LE1,SKU027,2023-11-01,2023-11-01
EC,5279634,12067736,0,290090,303,LE1,SKU027,2023-11-01,2023-11-01
CV,5004049,11437826,0,274948,268,LE1,SKU027,2023-11-01,2023-11-01
FS,5271534,12049222,0,289645,277,LE1,SKU027,2023-11-01,2023-11-01
MT,1856520,4022460,0,96694,238,LE1,SKU028,2023-11-01,2023-11-01
GT,1566864,3394872,0,81608,197,LE1,SKU028,2023-11-01,2023-11-01
EC,1569819,3401274,0,81761,218,LE1,SKU028,2023-11-01,2023-11-01
CV,1779926,3856507,0,92704,231,LE1,SKU028,2023-11-01,2023-11-01
FS,1984349,4299422,0,103352,252,LE1,SKU028,2023-11-01,2023-11-01
MT,2281266,4697836,0,112929,233,LE1,SKU029,2023-11-01,2023-11-01
GT,2646638,5450250,0,131016,265,LE1,SKU029,2023-11-01,2023-11-01
EC,1934505,3983747,0,95763,214,LE1,SKU029,2023-11-01,2023-11-01
CV,2452334,5050118,0,121397,253,LE1,SKU029,2023-11-01,2023-11-01
FS,2923354,6020095,0,144714,296,LE1,SKU029,2023-11-01,2023-11-01
MT,2834440,5561920,0,133700,237,LE1,SKU030,2023-11-01,2023-11-01
GT,3035906,5957250,0,143203,249,LE1,SKU030,2023-11-01,2023-11-01
EC,3354026,6581484,0,158209,304,LE1,SKU030,2023-11-01,2023-11-01
CV,2917451,5724810,0,137616,247,LE1,SKU030,2023-11-01,2023-11-01
FS,2864120,5620160,0,135100,237,LE1,SKU030,2023-11-01,2023-11-01
MT,3897274,9425965,0,226586,353,LE1,SKU031,2023-11-01,2023-11-01
GT,3106642,7513740,0,180619,276,LE1,SKU031,2023-11-01,2023-11-01
EC,2583329,6248053,0,150194,253,LE1,SKU031,2023-11-01,2023-11-01
CV,3763817,9103186,0,218827,344,LE1,SKU031,2023-11-01,2023-11-01
FS,3595127,8695190,0,209019,322,LE1,SKU031,2023-11-01,2023-11-01
MT,3670867,8390554,0,201696,280,LE1,SKU032,2023-11-01,2023-11-01
GT,3634176,8306688,0,199680,271,LE1,SKU032,2023-11-01,2023-11-01
EC,3595738,8218829,0,197568,297,LE1,SKU032,2023-11-01,2023-11-01
CV,3013265,6887462,0,165564,232,LE1,SKU032,2023-11-01,2023-11-01
FS,4229170,9666675,0,232372,319,LE1,SKU032,2023-11-01,2023-11-01
MT,4410037,9555081,0,229689,287,LE1,SKU033,2023-11-01,2023-11-01
GT,4834674,10475128,0,251806,308,LE1,SKU033,2023-11-01,2023-11-01
EC,4463696,9671342,0,232484,315,LE1,SKU033,2023-11-01,2023-11-01
CV,5072382,10990162,0,264187,334,LE1,SKU033,2023-11-01,2023-11-01
FS,4752200,10296434,0,247510,306,LE1,SKU033,2023-11-01,2023-11-01
MT,2934161,6042629,0,145256,165,LE1,SKU034,2023-11-01,2023-11-01
GT,2765178,5694624,0,136890,153,LE1,SKU034,2023-11-01,2023-11-01
EC,2640390,5437636,0,130712,161,LE1,SKU034,2023-11-01,2023-11-01
CV,2568425,5289430,0,127150,146,LE1,SKU034,2023-11-01,2023-11-01
FS,3497044,7201834,0,173121,195,LE1,SKU034,2023-11-01,2023-11-01
MT,3570888,7007026,0,168438,176,LE1,SKU035,2023-11-01,2023-11-01
GT,3865290,7584720,0,182325,187,LE1,SKU035,2023-11-01,2023-11-01
EC,3119127,6120551,0,147129,166,LE1,SKU035,2023-11-01,2023-11-01
CV,3171633,6223582,0,149605,158,LE1,SKU035,2023-11-01,2023-11-01
FS,3086601,6056726,0,145594,151,LE1,SKU035,2023-11-01,2023-11-01
MT,3286843,7949573,0,191096,184,LE1,SKU036,2023-11-01,2023-11-01
GT,3239964,7836192,0,188370,178,LE1,SKU036,2023-11-01,2023-11-01
EC,2529664,6118258,0,147074,154,LE1,SKU036,2023-11-01,2023-11-01
CV,3065504,7414243,0,178227,174,LE1,SKU036,2023-11-01,2023-11-01
FS,3225821,7801986,0,187548,179,LE1,SKU036,2023-11-01,2023-11-01
MT,1101363,2663762,0,64033,158,LE1,SKU001,2023-12-01,2023-12-01
GT,1320638,3194100,0,76781,186,LE1,SKU001,2023-12-01,2023-12-01
EC,989869,2394101,0,57550,154,LE1,SKU001,2023-12-01,2023-12-01
CV,1162974,2812774,0,67615,169,LE1,SKU001,2023-12-01,2023-12-01
FS,1202525,2908433,0,69914,171,LE1,SKU001,2023-12-01,2023-12-01
MT,1401272,3203070,0,76997,159,LE1,SKU002,2023-12-01,2023-12-01
GT,1506917,3444558,0,82802,167,LE1,SKU002,2023-12-01,2023-12-01
EC,1423574,3254051,0,78222,175,LE1,SKU002,2023-12-01,2023-12-01
CV,1562234,3571003,0,85841,179,LE1,SKU002,2023-12-01,2023-12-01
FS,1623616,3711313,0,89214,182,LE1,SKU002,2023-12-01,2023-12-01
MT,1959660,4245930,0,102066,181,LE1,SKU003,2023-12-01,2023-12-01
GT,2258100,4892550,0,117609,205,LE1,SKU003,2023-12-01,2023-12-01
EC,1905120,4127760,0,99225,191,LE1,SKU003,2023-12-01,2023-12-01
CV,2347380,5085990,0,122259,219,LE1,SKU003,2023-12-01,2023-12-01
FS,1609620,3487510,0,83834,147,LE1,SKU003,2023-12-01,2023-12-01
MT,2432752,5010198,0,120437,188,LE1,SKU004,2023-12-01,2023-12-01
GT,2371442,4883932,0,117402,179,LE1,SKU004,2023-12-01,2023-12-01
EC,2564136,5280781,0,126942,214,LE1,SKU004,2023-12-01,2023-12-01
CV,2543282,5237832,0,125909,198,LE1,SKU004,2023-12-01,2023-12-01
FS,2680438,5520302,0,132700,205,LE1,SKU004,2023-12-01,2023-12-01
MT,3304147,6483610,0,155856,216,LE1,SKU005,2023-12-01,2023-12-01
GT,2612688,5126784,0,123240,167,LE1,SKU005,2023-12-01,2023-12-01
EC,2991744,5870592,0,141120,212,LE1,SKU005,2023-12-01,2023-12-01
CV,3381739,6635866,0,159516,224,LE1,SKU005,2023-12-01,2023-12-01
FS,3878837,7611302,0,182964,251,LE1,SKU005,2023-12-01,2023-12-01
MT,3105130,7510081,0,180531,226,LE1,SKU006,2023-12-01,2023-12-01
GT,3095742,7487376,0,179985,220,LE1,SKU006,2023-12-01,2023-12-01
EC,2881238,6968576,0,167514,227,LE1,SKU006,2023-12-01,2023-12-01
CV,3361124,8129230,0,195414,247,LE1,SKU006,2023-12-01,2023-12-01
FS,3078721,7446210,0,178995,222,LE1,SKU006,2023-12-01,2023-12-01
MT,4321351,9877374,0,237437,270,LE1,SKU007,2023-12-01,2023-12-01
GT,4290741,9807408,0,235755,263,LE1,SKU007,2023-12-01,2023-12-01
EC,2582430,5902697,0,141892,175,LE1,SKU007,2023-12-01,2023-12-01
CV,3689186,8432424,0,202702,233,LE1,SKU007,2023-12-01,2023-12-01
FS,3613148,8258624,0,198525,224,LE1,SKU007,2023-12-01,2023-12-01
MT,3915882,8484412,0,203952,213,LE1,SKU008,2023-12-01,2023-12-01
GT,3958110,8575904,0,206152,211,LE1,SKU008,2023-12-01,2023-12-01
EC,3994402,8654537,0,208042,235,LE1,SKU008,2023-12-01,2023-12-01
CV,3971268,8604414,0,206837,218,LE1,SKU008,2023-12-01,2023-12-01
FS,4547466,9852842,0,236847,245,LE1,SKU008,2023-12-01,2023-12-01
MT,4525669,9320189,0,224043,216,LE1,SKU009,2023-12-01,2023-12-01
GT,5050783,10401612,0,250039,236,LE1,SKU009,2023-12-01,2023-12-01
EC,4466571,9198484,0,221117,231,LE1,SKU009,2023-12-01,2023-12-01
CV,5070993,10443233,0,251039,245,LE1,SKU009,2023-12-01,2023-12-01
FS,5492153,11310572,0,271889,260,LE1,SKU009,2023-12-01,2023-12-01
MT,2295896,4505155,0,108297,267,LE1,SKU010,2023-12-01,2023-12-01
GT,2064933,4051944,0,97402,235,LE1,SKU010,2023-12-01,2023-12-01
EC,1766999,3467318,0,83349,223,LE1,SKU010,2023-12-01,2023-12-01
CV,1965335,3856507,0,92704,231,LE1,SKU010,2023-12-01,2023-12-01
FS,1859632,3649090,0,87718,214,LE1,SKU010,2023-12-01,2023-12-01
MT,2136612,5167620,0,124222,257,LE1,SKU011,2023-12-01,2023-12-01
GT,2217413,5363046,0,128919,261,LE1,SKU011,2023-12-01,2023-12-01
EC,1891749,4575393,0,109985,246,LE1,SKU011,2023-12-01,2023-12-01
CV,2236550,5409331,0,130032,271,LE1,SKU011,2023-12-01,2023-12-01
FS,2043006,4941224,0,118779,243,LE1,SKU011,2023-12-01,2023-12-01
MT,2943907,6728930,0,161753,287,LE1,SKU012,2023-12-01,2023-12-01
GT,2717203,6210750,0,149297,260,LE1,SKU012,2023-12-01,2023-12-01
EC,2397827,5480748,0,131749,253,LE1,SKU012,2023-12-01,2023-12-01
CV,2902331,6633900,0,159469,286,LE1,SKU012,2023-12-01,2023-12-01
FS,2590542,5921240,0,142338,250,LE1,SKU012,2023-12-01,2023-12-01
MT,3292229,7133162,0,171470,267,LE1,SKU013,2023-12-01,2023-12-01
GT,3534570,7658236,0,184092,281,LE1,SKU013,2023-12-01,2023-12-01
EC,2931980,6352623,0,152707,258,LE1,SKU013,2023-12-01,2023-12-01
CV,3917063,8486969,0,204014,321,LE1,SKU013,2023-12-01,2023-12-01
FS,3326702,7207855,0,173266,267,LE1,SKU013,2023-12-01,2023-12-01
MT,4629840,9534720,0,229200,318,LE1,SKU014,2023-12-01,2023-12-01
GT,4458948,9182784,0,220740,300,LE1,SKU014,2023-12-01,2023-12-01
EC,4076392,8394947,0,201802,303,LE1,SKU014,2023-12-01,2023-12-01
CV,3756715,7736602,0,185976,261,LE1,SKU014,2023-12-01,2023-12-01
FS,3649090,7514957,0,180648,248,LE1,SKU014,2023-12-01,2023-12-01
MT,5354561,10507063,0,252574,316,LE1,SKU015,2023-12-01,2023-12-01
GT,4200919,8243312,0,198157,243,LE1,SKU015,2023-12-01,2023-12-01
EC,4464009,8759565,0,210566,285,LE1,SKU015,2023-12-01,2023-12-01
CV,5298492,10397041,0,249929,316,LE1,SKU015,2023-12-01,2023-12-01
FS,4684371,9191972,0,220961,273,LE1,SKU015,2023-12-01,2023-12-01
MT,4452267,10768274,0,258853,295,LE1,SKU016,2023-12-01,2023-12-01
GT,4676314,11310156,0,271879,303,LE1,SKU016,2023-12-01,2023-12-01
EC,4511298,10911046,0,262285,323,LE1,SKU016,2023-12-01,2023-12-01
CV,4690904,11345443,0,272727,314,LE1,SKU016,2023-12-01,2023-12-01
FS,4790183,11585558,0,278499,314,LE1,SKU016,2023-12-01,2023-12-01
MT,2271538,5191952,0,124807,130,LE1,SKU017,2023-12-01,2023-12-01
GT,3054437,6981390,0,167822,172,LE1,SKU017,2023-12-01,2023-12-01
EC,2848371,6510395,0,156500,177,LE1,SKU017,2023-12-01,2023-12-01
CV,2576692,5889430,0,141573,149,LE1,SKU017,2023-12-01,2023-12-01
FS,2724531,6227338,0,149696,155,LE1,SKU017,2023-12-01,2023-12-01
MT,2192986,4751469,0,114218,110,LE1,SKU018,2023-12-01,2023-12-01
GT,3875040,8395920,0,201825,191,LE1,SKU018,2023-12-01,2023-12-01
EC,3310675,7173130,0,172431,180,LE1,SKU018,2023-12-01,2023-12-01
CV,2712528,5877144,0,141278,138,LE1,SKU018,2023-12-01,2023-12-01
FS,3196080,6924840,0,166462,159,LE1,SKU018,2023-12-01,2023-12-01
MT,1293462,2663762,0,64033,158,LE1,SKU019,2023-12-01,2023-12-01
GT,1293962,2664792,0,64058,155,LE1,SKU019,2023-12-01,2023-12-01
EC,1362955,2806877,0,67473,180,LE1,SKU019,2023-12-01,2023-12-01
CV,1408768,2901226,0,69741,174,LE1,SKU019,2023-12-01,2023-12-01
FS,1140340,2348424,0,56452,138,LE1,SKU019,2023-12-01,2023-12-01
MT,2209092,4334822,0,104202,215,LE1,SKU020,2023-12-01,2023-12-01
GT,1577638,3095742,0,74417,151,LE1,SKU020,2023-12-01,2023-12-01
EC,1979927,3885139,0,93393,209,LE1,SKU020,2023-12-01,2023-12-01
CV,1486022,2915968,0,70095,146,LE1,SKU020,2023-12-01,2023-12-01
FS,1880346,3689736,0,88696,181,LE1,SKU020,2023-12-01,2023-12-01
MT,1940321,4692870,0,112809,200,LE1,SKU021,2023-12-01,2023-12-01
GT,2085769,5044650,0,121266,211,LE1,SKU021,2023-12-01,2023-12-01
EC,1517040,3669120,0,88200,170,LE1,SKU021,2023-12-01,2023-12-01
CV,1676194,4054050,0,97453,175,LE1,SKU021,2023-12-01,2023-12-01
FS,2043629,4942730,0,118816,209,LE1,SKU021,2023-12-01,2023-12-01
MT,2377812,5434790,0,130644,204,LE1,SKU022,2023-12-01,2023-12-01
GT,2655198,6068790,0,145884,223,LE1,SKU022,2023-12-01,2023-12-01
EC,2287555,5228496,0,125685,212,LE1,SKU022,2023-12-01,2023-12-01
CV,2058800,4705646,0,113116,178,LE1,SKU022,2023-12-01,2023-12-01
FS,2390197,5463096,0,131324,202,LE1,SKU022,2023-12-01,2023-12-01
MT,2933760,6356480,0,152800,212,LE1,SKU023,2023-12-01,2023-12-01
GT,3010176,6522048,0,156780,213,LE1,SKU023,2023-12-01,2023-12-01
EC,2574029,5577062,0,134064,201,LE1,SKU023,2023-12-01,2023-12-01
CV,3309466,7170509,0,172368,242,LE1,SKU023,2023-12-01,2023-12-01
FS,3335040,7225920,0,173700,238,LE1,SKU023,2023-12-01,2023-12-01
MT,3646824,7510081,0,180531,226,LE1,SKU024,2023-12-01,2023-12-01
GT,3251243,6695442,0,160948,197,LE1,SKU024,2023-12-01,2023-12-01
EC,3779187,7782662,0,187083,253,LE1,SKU024,2023-12-01,2023-12-01
CV,3235915,6663876,0,160189,202,LE1,SKU024,2023-12-01,2023-12-01
FS,3736912,7695605,0,184990,229,LE1,SKU024,2023-12-01,2023-12-01
MT,5211320,10225987,0,245817,280,LE1,SKU025,2023-12-01,2023-12-01
GT,3909730,7671924,0,184421,206,LE1,SKU025,2023-12-01,2023-12-01
EC,4065500,7977584,0,191769,236,LE1,SKU025,2023-12-01,2023-12-01
CV,4141028,8125790,0,195332,225,LE1,SKU025,2023-12-01,2023-12-01
FS,4567760,8963152,0,215460,243,LE1,SKU025,2023-12-01,2023-12-01
MT,4118820,9961796,0,239466,250,LE1,SKU026,2023-12-01,2023-12-01
GT,4080351,9868756,0,237230,243,LE1,SKU026,2023-12-01,2023-12-01
EC,3497725,8459615,0,203356,230,LE1,SKU026,2023-12-01,2023-12-01
CV,3816643,9230950,0,221898,234,LE1,SKU026,2023-12-01,2023-12-01
FS,4179584,10108762,0,242999,251,LE1,SKU026,2023-12-01,2023-12-01
MT,4757180,10873554,0,261384,252,LE1,SKU027,2023-12-01,2023-12-01
GT,4673146,10681476,0,256766,243,LE1,SKU027,2023-12-01,2023-12-01
EC,4633525,10590915,0,254589,266,LE1,SKU027,2023-12-01,2023-12-01
CV,4292010,9810310,0,235825,230,LE1,SKU027,2023-12-01,2023-12-01
FS,4806993,10987413,0,264120,252,LE1,SKU027,2023-12-01,2023-12-01
MT,2112307,4576666,0,110016,271,LE1,SKU028,2023-12-01,2023-12-01
GT,1971216,4270968,0,102668,248,LE1,SKU028,2023-12-01,2023-12-01
EC,1767951,3830561,0,92081,246,LE1,SKU028,2023-12-01,2023-12-01
CV,2131013,4617194,0,110990,277,LE1,SKU028,2023-12-01,2023-12-01
FS,2251152,4877496,0,117248,286,LE1,SKU028,2023-12-01,2023-12-01
MT,2778997,5722818,0,137568,284,LE1,SKU029,2023-12-01,2023-12-01
GT,2688984,5537454,0,133112,269,LE1,SKU029,2023-12-01,2023-12-01
EC,1819584,3747089,0,90074,201,LE1,SKU029,2023-12-01,2023-12-01
CV,2667811,5493852,0,132064,276,LE1,SKU029,2023-12-01,2023-12-01
FS,2650926,5459082,0,131228,268,LE1,SKU029,2023-12-01,2023-12-01
MT,3201399,6281990,0,151009,268,LE1,SKU030,2023-12-01,2023-12-01
GT,2984231,5855850,0,140766,245,LE1,SKU030,2023-12-01,2023-12-01
EC,2898252,5687136,0,136710,263,LE1,SKU030,2023-12-01,2023-12-01
CV,3418301,6707610,0,161241,289,LE1,SKU030,2023-12-01,2023-12-01
FS,2800189,5494710,0,132084,232,LE1,SKU030,2023-12-01,2023-12-01
MT,2867364,6935020,0,166707,260,LE1,SKU031,2023-12-01,2023-12-01
GT,3190283,7716032,0,185482,283,LE1,SKU031,2023-12-01,2023-12-01
EC,2994068,7241467,0,174074,294,LE1,SKU031,2023-12-01,2023-12-01
CV,3427969,8290901,0,199300,314,LE1,SKU031,2023-12-01,2023-12-01
FS,3015649,7293662,0,175328,270,LE1,SKU031,2023-12-01,2023-12-01
MT,3823820,8740160,0,210100,292,LE1,SKU032,2023-12-01,2023-12-01
GT,3321864,7592832,0,182520,248,LE1,SKU032,2023-12-01,2023-12-01
EC,4096572,9363594,0,225086,338,LE1,SKU032,2023-12-01,2023-12-01
CV,3095820,7076160,0,170100,238,LE1,SKU032,2023-12-01,2023-12-01
FS,3372096,7707648,0,185280,254,LE1,SKU032,2023-12-01,2023-12-01
MT,4702955,10189735,0,244946,306,LE1,SKU033,2023-12-01,2023-12-01
GT,4502394,9755188,0,234500,287,LE1,SKU033,2023-12-01,2023-12-01
EC,4478725,9703905,0,233267,316,LE1,SKU033,2023-12-01,2023-12-01
CV,4863046,10536599,0,253284,320,LE1,SKU033,2023-12-01,2023-12-01
FS,5064629,10973362,0,263783,326,LE1,SKU033,2023-12-01,2023-12-01
MT,2595604,5345402,0,128495,146,LE1,SKU034,2023-12-01,2023-12-01
GT,2515544,5180526,0,124532,139,LE1,SKU034,2023-12-01,2023-12-01
EC,2536165,5222992,0,125553,155,LE1,SKU034,2023-12-01,2023-12-01
CV,2773154,5711051,0,137285,158,LE1,SKU034,2023-12-01,2023-12-01
FS,2831846,5831920,0,140190,158,LE1,SKU034,2023-12-01,2023-12-01
MT,2990081,5867328,0,141042,147,LE1,SKU035,2023-12-01,2023-12-01
GT,3689595,7239960,0,174038,178,LE1,SKU035,2023-12-01,2023-12-01
EC,3397266,6666332,0,160248,181,LE1,SKU035,2023-12-01,2023-12-01
CV,2703338,5304662,0,127516,135,LE1,SKU035,2023-12-01,2023-12-01
FS,3151811,6184686,0,148670,154,LE1,SKU035,2023-12-01,2023-12-01
MT,2946824,7127203,0,171327,165,LE1,SKU036,2023-12-01,2023-12-01
GT,3085680,7463040,0,179400,170,LE1,SKU036,2023-12-01,2023-12-01
EC,2791354,6751181,0,162288,170,LE1,SKU036,2023-12-01,2023-12-01
CV,2859891,6916946,0,166273,162,LE1,SKU036,2023-12-01,2023-12-01
FS,2958594,7155668,0,172011,164,LE1,SKU036,2023-12-01,2023-12-01
MT,872221,2109557,0,50710,125,LE1,SKU001,2024-01-01,2024-01-01
GT,958406,2318004,0,55721,135,LE1,SKU001,2024-01-01,2024-01-01
EC,785068,1898770,0,45644,122,LE1,SKU001,2024-01-01,2024-01-01
CV,943545,2282062,0,54857,137,LE1,SKU001,2024-01-01,2024-01-01
FS,1172649,2836174,0,68177,166,LE1,SKU001,2024-01-01,2024-01-01
MT,1560082,3566085,0,85723,177,LE1,SKU002,2024-01-01,2024-01-01
GT,1268481,2899532,0,69700,141,LE1,SKU002,2024-01-01,2024-01-01
EC,1138860,2603241,0,62578,140,LE1,SKU002,2024-01-01,2024-01-01
CV,1266426,2894837,0,69587,145,LE1,SKU002,2024-01-01,2024-01-01
FS,1557539,3560270,0,85583,175,LE1,SKU002,2024-01-01,2024-01-01
MT,1971120,4270760,0,102662,182,LE1,SKU003,2024-01-01,2024-01-01
GT,1275300,2763150,0,66422,116,LE1,SKU003,2024-01-01,2024-01-01
EC,1661688,3600324,0,86546,166,LE1,SKU003,2024-01-01,2024-01-01
CV,1803060,3906630,0,93909,169,LE1,SKU003,2024-01-01,2024-01-01
FS,1598040,3462420,0,83231,146,LE1,SKU003,2024-01-01,2024-01-01
MT,1896722,3906256,0,93900,146,LE1,SKU004,2024-01-01,2024-01-01
GT,1796122,3699072,0,88920,136,LE1,SKU004,2024-01-01,2024-01-01
EC,1916755,3947514,0,94892,160,LE1,SKU004,2024-01-01,2024-01-01
CV,2094468,4313509,0,103690,163,LE1,SKU004,2024-01-01,2024-01-01
FS,2249901,4633621,0,111385,172,LE1,SKU004,2024-01-01,2024-01-01
MT,2445717,4799142,0,115364,160,LE1,SKU005,2024-01-01,2024-01-01
GT,2893800,5678400,0,136500,186,LE1,SKU005,2024-01-01,2024-01-01
EC,2169014,4256179,0,102312,154,LE1,SKU005,2024-01-01,2024-01-01
CV,2804760,5503680,0,132300,186,LE1,SKU005,2024-01-01,2024-01-01
FS,2504059,4913626,0,118116,162,LE1,SKU005,2024-01-01,2024-01-01
MT,3046817,7369047,0,177141,222,LE1,SKU006,2024-01-01,2024-01-01
GT,2902258,7019416,0,168736,207,LE1,SKU006,2024-01-01,2024-01-01
EC,2396544,5796292,0,139334,189,LE1,SKU006,2024-01-01,2024-01-01
CV,2192665,5303189,0,127480,161,LE1,SKU006,2024-01-01,2024-01-01
FS,2239070,5415426,0,130178,161,LE1,SKU006,2024-01-01,2024-01-01
MT,2677543,6120098,0,147118,167,LE1,SKU007,2024-01-01,2024-01-01
GT,3425672,7830108,0,188224,210,LE1,SKU007,2024-01-01,2024-01-01
EC,2645034,6045792,0,145332,179,LE1,SKU007,2024-01-01,2024-01-01
CV,3571802,8164120,0,196253,226,LE1,SKU007,2024-01-01,2024-01-01
FS,2928191,6693008,0,160890,181,LE1,SKU007,2024-01-01,2024-01-01
MT,3837954,8315568,0,199893,209,LE1,SKU008,2024-01-01,2024-01-01
GT,3958110,8575904,0,206152,211,LE1,SKU008,2024-01-01,2024-01-01
EC,3562574,7718911,0,185551,210,LE1,SKU008,2024-01-01,2024-01-01
CV,3951990,8562646,0,205833,217,LE1,SKU008,2024-01-01,2024-01-01
FS,3484422,7549582,0,181480,188,LE1,SKU008,2024-01-01,2024-01-01
MT,4991546,10279620,0,247106,238,LE1,SKU009,2024-01-01,2024-01-01
GT,3465335,7136532,0,171551,162,LE1,SKU009,2024-01-01,2024-01-01
EC,4036305,8312391,0,199817,209,LE1,SKU009,2024-01-01,2024-01-01
CV,3775804,7775914,0,186921,182,LE1,SKU009,2024-01-01,2024-01-01
FS,4976563,10248763,0,246364,235,LE1,SKU009,2024-01-01,2024-01-01
MT,1822140,3575520,0,85950,212,LE1,SKU010,2024-01-01,2024-01-01
GT,1785888,3504384,0,84240,204,LE1,SKU010,2024-01-01,2024-01-01
EC,1851142,3632429,0,87318,233,LE1,SKU010,2024-01-01,2024-01-01
CV,1839121,3608842,0,86751,216,LE1,SKU010,2024-01-01,2024-01-01
FS,1841220,3612960,0,86850,212,LE1,SKU010,2024-01-01,2024-01-01
MT,1898230,4591068,0,110362,228,LE1,SKU011,2024-01-01,2024-01-01
GT,1658553,4011384,0,96428,195,LE1,SKU011,2024-01-01,2024-01-01
EC,1622664,3924582,0,94341,211,LE1,SKU011,2024-01-01,2024-01-01
CV,1214377,2937098,0,70603,147,LE1,SKU011,2024-01-01,2024-01-01
FS,1552328,3754468,0,90252,184,LE1,SKU011,2024-01-01,2024-01-01
MT,2824412,6455800,0,155188,276,LE1,SKU012,2024-01-01,2024-01-01
GT,2129400,4867200,0,117000,204,LE1,SKU012,2024-01-01,2024-01-01
EC,2026616,4632264,0,111352,214,LE1,SKU012,2024-01-01,2024-01-01
CV,2225121,5085990,0,122259,219,LE1,SKU012,2024-01-01,2024-01-01
FS,2392959,5469620,0,131481,231,LE1,SKU012,2024-01-01,2024-01-01
MT,2443043,5293259,0,127242,198,LE1,SKU013,2024-01-01,2024-01-01
GT,2507544,5433012,0,130601,199,LE1,SKU013,2024-01-01,2024-01-01
EC,2292494,4967071,0,119401,201,LE1,SKU013,2024-01-01,2024-01-01
CV,2184765,4733657,0,113790,179,LE1,SKU013,2024-01-01,2024-01-01
FS,3273898,7093445,0,170516,263,LE1,SKU013,2024-01-01,2024-01-01
MT,2855068,5879744,0,141340,196,LE1,SKU014,2024-01-01,2024-01-01
GT,3592368,7398144,0,177840,242,LE1,SKU014,2024-01-01,2024-01-01
EC,3990874,8218829,0,197568,297,LE1,SKU014,2024-01-01,2024-01-01
CV,3970512,8176896,0,196560,276,LE1,SKU014,2024-01-01,2024-01-01
FS,3274824,6744192,0,162120,223,LE1,SKU014,2024-01-01,2024-01-01
MT,4222557,8285772,0,199177,249,LE1,SKU015,2024-01-01,2024-01-01
GT,4604501,9035248,0,217193,266,LE1,SKU015,2024-01-01,2024-01-01
EC,4480604,8792129,0,211349,286,LE1,SKU015,2024-01-01,2024-01-01
CV,5262932,10327262,0,248252,314,LE1,SKU015,2024-01-01,2024-01-01
FS,4884092,9583878,0,230382,285,LE1,SKU015,2024-01-01,2024-01-01
MT,4852651,11736644,0,282131,321,LE1,SKU016,2024-01-01,2024-01-01
GT,4627262,11191518,0,269027,300,LE1,SKU016,2024-01-01,2024-01-01
EC,3194886,7727167,0,185749,229,LE1,SKU016,2024-01-01,2024-01-01
CV,4152084,10042250,0,241400,278,LE1,SKU016,2024-01-01,2024-01-01
FS,3754468,9080573,0,218283,246,LE1,SKU016,2024-01-01,2024-01-01
MT,2031457,4643210,0,111616,117,LE1,SKU017,2024-01-01,2024-01-01
GT,2469946,5645444,0,135708,139,LE1,SKU017,2024-01-01,2024-01-01
EC,2080846,4756097,0,114329,129,LE1,SKU017,2024-01-01,2024-01-01
CV,2229478,5095818,0,122496,129,LE1,SKU017,2024-01-01,2024-01-01
FS,1735489,3966730,0,95354,99,LE1,SKU017,2024-01-01,2024-01-01
MT,3057528,6624644,0,159246,154,LE1,SKU018,2024-01-01,2024-01-01
GT,2411136,5224128,0,125580,119,LE1,SKU018,2024-01-01,2024-01-01
EC,2921184,6329232,0,152145,159,LE1,SKU018,2024-01-01,2024-01-01
CV,2733394,5922353,0,142364,139,LE1,SKU018,2024-01-01,2024-01-01
FS,2940394,6370853,0,153146,146,LE1,SKU018,2024-01-01,2024-01-01
MT,1484442,3057070,0,73487,181,LE1,SKU019,2024-01-01,2024-01-01
GT,1214197,2500524,0,60109,145,LE1,SKU019,2024-01-01,2024-01-01
EC,1322868,2724322,0,65488,175,LE1,SKU019,2024-01-01,2024-01-01
CV,1236967,2547418,0,61236,153,LE1,SKU019,2024-01-01,2024-01-01
FS,1149112,2366489,0,56887,139,LE1,SKU019,2024-01-01,2024-01-01
MT,1839096,3608792,0,86750,179,LE1,SKU020,2024-01-01,2024-01-01
GT,1799840,3531762,0,84898,172,LE1,SKU020,2024-01-01,2024-01-01
EC,1386954,2721570,0,65422,146,LE1,SKU020,2024-01-01,2024-01-01
CV,1087596,2134150,0,51302,107,LE1,SKU020,2024-01-01,2024-01-01
FS,1770384,3473961,0,83509,171,LE1,SKU020,2024-01-01,2024-01-01
MT,1868458,4519060,0,108631,193,LE1,SKU021,2024-01-01,2024-01-01
GT,1603631,3878550,0,93234,162,LE1,SKU021,2024-01-01,2024-01-01
EC,1706670,4127760,0,99225,191,LE1,SKU021,2024-01-01,2024-01-01
CV,1645718,3980340,0,95681,172,LE1,SKU021,2024-01-01,2024-01-01
FS,1400456,3387150,0,81422,143,LE1,SKU021,2024-01-01,2024-01-01
MT,2303506,5264953,0,126561,197,LE1,SKU022,2024-01-01,2024-01-01
GT,2288528,5230720,0,125738,192,LE1,SKU022,2024-01-01,2024-01-01
EC,1967297,4496507,0,108089,182,LE1,SKU022,2024-01-01,2024-01-01
CV,1997526,4565597,0,109750,173,LE1,SKU022,2024-01-01,2024-01-01
FS,1751977,4004364,0,96259,148,LE1,SKU022,2024-01-01,2024-01-01
MT,2112307,4576666,0,110016,153,LE1,SKU023,2024-01-01,2024-01-01
GT,2321280,5029440,0,120900,164,LE1,SKU023,2024-01-01,2024-01-01
EC,2614671,5665121,0,136181,205,LE1,SKU023,2024-01-01,2024-01-01
CV,1741824,3773952,0,90720,127,LE1,SKU023,2024-01-01,2024-01-01
FS,2341939,5074202,0,121976,167,LE1,SKU023,2024-01-01,2024-01-01
MT,2961974,6099737,0,146628,183,LE1,SKU024,2024-01-01,2024-01-01
GT,2919127,6011500,0,144507,177,LE1,SKU024,2024-01-01,2024-01-01
EC,2956937,6089363,0,146379,198,LE1,SKU024,2024-01-01,2024-01-01
CV,3066495,6314981,0,151802,192,LE1,SKU024,2024-01-01,2024-01-01
FS,3408202,7018676,0,168718,209,LE1,SKU024,2024-01-01,2024-01-01
MT,3533433,6933529,0,166671,190,LE1,SKU025,2024-01-01,2024-01-01
GT,3526819,6920550,0,166359,186,LE1,SKU025,2024-01-01,2024-01-01
EC,3810266,7476749,0,179730,222,LE1,SKU025,2024-01-01,2024-01-01
CV,3691765,7244219,0,174140,200,LE1,SKU025,2024-01-01,2024-01-01
FS,4188776,8219484,0,197584,223,LE1,SKU025,2024-01-01,2024-01-01
MT,2338652,5656274,0,135968,142,LE1,SKU026,2024-01-01,2024-01-01
GT,2690537,6507344,0,156427,160,LE1,SKU026,2024-01-01,2024-01-01
EC,2724035,6588364,0,158374,179,LE1,SKU026,2024-01-01,2024-01-01
CV,3367625,8144954,0,195792,207,LE1,SKU026,2024-01-01,2024-01-01
FS,3756335,9085090,0,218392,226,LE1,SKU026,2024-01-01,2024-01-01
MT,3957654,9046066,0,217454,210,LE1,SKU027,2024-01-01,2024-01-01
GT,4815993,11007984,0,264615,250,LE1,SKU027,2024-01-01,2024-01-01
EC,3710512,8481171,0,203874,213,LE1,SKU027,2024-01-01,2024-01-01
CV,4252453,9719892,0,233651,228,LE1,SKU027,2024-01-01,2024-01-01
FS,4180872,9556279,0,229718,219,LE1,SKU027,2024-01-01,2024-01-01
MT,1988539,4308502,0,103570,255,LE1,SKU028,2024-01-01,2024-01-01
GT,1718496,3723408,0,89505,216,LE1,SKU028,2024-01-01,2024-01-01
EC,1074488,2328057,0,55963,149,LE1,SKU028,2024-01-01,2024-01-01
CV,1616630,3502699,0,84200,210,LE1,SKU028,2024-01-01,2024-01-01
FS,1675858,3631025,0,87284,213,LE1,SKU028,2024-01-01,2024-01-01
MT,1762796,3630146,0,87263,180,LE1,SKU029,2024-01-01,2024-01-01
GT,2085550,4294796,0,103240,209,LE1,SKU029,2024-01-01,2024-01-01
EC,2001542,4121798,0,99082,222,LE1,SKU029,2024-01-01,2024-01-01
CV,2421551,4986727,0,119873,250,LE1,SKU029,2024-01-01,2024-01-01
FS,2787140,5739588,0,137971,282,LE1,SKU029,2024-01-01,2024-01-01
MT,2644634,5189470,0,124747,222,LE1,SKU030,2024-01-01,2024-01-01
GT,3126338,6134700,0,147469,257,LE1,SKU030,2024-01-01,2024-01-01
EC,2442478,4792788,0,115211,222,LE1,SKU030,2024-01-01,2024-01-01
CV,2692069,5282550,0,126984,228,LE1,SKU030,2024-01-01,2024-01-01
FS,2761830,5419440,0,130275,229,LE1,SKU030,2024-01-01,2024-01-01
MT,2715218,6567038,0,157862,246,LE1,SKU031,2024-01-01,2024-01-01
GT,3118591,7542640,0,181313,277,LE1,SKU031,2024-01-01,2024-01-01
EC,2723845,6587905,0,158363,267,LE1,SKU031,2024-01-01,2024-01-01
CV,2895244,7002450,0,168328,265,LE1,SKU031,2024-01-01,2024-01-01
FS,2353389,5691917,0,136825,211,LE1,SKU031,2024-01-01,2024-01-01
MT,2850484,6515392,0,156620,217,LE1,SKU032,2024-01-01,2024-01-01
GT,4230408,9669504,0,232440,316,LE1,SKU032,2024-01-01,2024-01-01
EC,2748171,6281533,0,150998,227,LE1,SKU032,2024-01-01,2024-01-01
CV,3329726,7610803,0,182952,257,LE1,SKU032,2024-01-01,2024-01-01
FS,3751457,8574758,0,206124,283,LE1,SKU032,2024-01-01,2024-01-01
MT,4182212,9061460,0,217824,272,LE1,SKU033,2024-01-01,2024-01-01
GT,4419324,9575202,0,230173,282,LE1,SKU033,2024-01-01,2024-01-01
EC,3516852,7619845,0,183169,248,LE1,SKU033,2024-01-01,2024-01-01
CV,4959662,10745935,0,258316,326,LE1,SKU033,2024-01-01,2024-01-01
FS,4193118,9085090,0,218392,270,LE1,SKU033,2024-01-01,2024-01-01
MT,2388708,4919320,0,118253,135,LE1,SKU034,2024-01-01,2024-01-01
GT,2592354,5338710,0,128334,143,LE1,SKU034,2024-01-01,2024-01-01
EC,2136632,4400192,0,105774,130,LE1,SKU034,2024-01-01,2024-01-01
CV,2531201,5212771,0,125307,144,LE1,SKU034,2024-01-01,2024-01-01
FS,2280681,4696848,0,112905,127,LE1,SKU034,2024-01-01,2024-01-01
MT,2990081,5867328,0,141042,147,LE1,SKU035,2024-01-01,2024-01-01
GT,2877005,5645444,0,135708,139,LE1,SKU035,2024-01-01,2024-01-01
EC,2304578,4522190,0,108706,123,LE1,SKU035,2024-01-01,2024-01-01
CV,3107774,6098274,0,146593,155,LE1,SKU035,2024-01-01,2024-01-01
FS,3651753,7165704,0,172252,178,LE1,SKU035,2024-01-01,2024-01-01
MT,2965714,7172890,0,172425,166,LE1,SKU036,2024-01-01,2024-01-01
GT,2892825,6996600,0,168188,159,LE1,SKU036,2024-01-01,2024-01-01
EC,2041177,4936801,0,118673,124,LE1,SKU036,2024-01-01,2024-01-01
CV,2822507,6826529,0,164099,160,LE1,SKU036,2024-01-01,2024-01-01
FS,3645751,8817630,0,211962,202,LE1,SKU036,2024-01-01,2024-01-01
MT,1227022,2967682,0,71338,176,LE1,SKU001,2024-02-01,2024-02-01
GT,1086696,2628288,0,63180,153,LE1,SKU001,2024-02-01,2024-02-01
EC,1010349,2443634,0,58741,157,LE1,SKU001,2024-02-01,2024-02-01
CV,1024002,2476656,0,59535,148,LE1,SKU001,2024-02-01,2024-02-01
FS,1097958,2655526,0,63835,156,LE1,SKU001,2024-02-01,2024-02-01
MT,1391929,3181716,0,76484,158,LE1,SKU002,2024-02-01,2024-02-01
GT,1316168,3008538,0,72321,146,LE1,SKU002,2024-02-01,2024-02-01
EC,931794,2129924,0,51200,114,LE1,SKU002,2024-02-01,2024-02-01
CV,1571478,3592134,0,86349,180,LE1,SKU002,2024-02-01,2024-02-01
FS,1179954,2697174,0,64836,132,LE1,SKU002,2024-02-01,2024-02-01
MT,1673160,3625180,0,87144,155,LE1,SKU003,2024-02-01,2024-02-01
GT,1766700,3827850,0,92016,160,LE1,SKU003,2024-02-01,2024-02-01
EC,1693440,3669120,0,88200,170,LE1,SKU003,2024-02-01,2024-02-01
CV,1701000,3685500,0,88594,159,LE1,SKU003,2024-02-01,2024-02-01
FS,1586460,3437330,0,82628,145,LE1,SKU003,2024-02-01,2024-02-01
MT,2405263,4953584,0,119077,186,LE1,SKU004,2024-02-01,2024-02-01
GT,2694182,5548608,0,133380,204,LE1,SKU004,2024-02-01,2024-02-01
EC,2475280,5097784,0,122543,207,LE1,SKU004,2024-02-01,2024-02-01
CV,1849660,3809333,0,91570,144,LE1,SKU004,2024-02-01,2024-02-01
FS,2430449,5005454,0,120323,186,LE1,SKU004,2024-02-01,2024-02-01
MT,2899227,5689050,0,136756,190,LE1,SKU005,2024-02-01,2024-02-01
GT,2232360,4380480,0,105300,143,LE1,SKU005,2024-02-01,2024-02-01
EC,2737446,5371592,0,129125,194,LE1,SKU005,2024-02-01,2024-02-01
CV,3221467,6321370,0,151956,213,LE1,SKU005,2024-02-01,2024-02-01
FS,2995051,5877082,0,141276,194,LE1,SKU005,2024-02-01,2024-02-01
MT,2361648,5711893,0,137305,172,LE1,SKU006,2024-02-01,2024-02-01
GT,2753424,6659444,0,160083,196,LE1,SKU006,2024-02-01,2024-02-01
EC,2665819,6447561,0,154989,210,LE1,SKU006,2024-02-01,2024-02-01
CV,2365770,5721862,0,137545,174,LE1,SKU006,2024-02-01,2024-02-01
FS,1929725,4667242,0,112193,139,LE1,SKU006,2024-02-01,2024-02-01
MT,3507920,8018104,0,192743,219,LE1,SKU007,2024-02-01,2024-02-01
GT,3010439,6881004,0,165409,184,LE1,SKU007,2024-02-01,2024-02-01
EC,2973707,6797045,0,163390,201,LE1,SKU007,2024-02-01,2024-02-01
CV,3236422,7397536,0,177825,205,LE1,SKU007,2024-02-01,2024-02-01
FS,2962439,6771289,0,162771,183,LE1,SKU007,2024-02-01,2024-02-01
MT,3896400,8442200,0,202938,212,LE1,SKU008,2024-02-01,2024-02-01
GT,3639870,7886384,0,189577,194,LE1,SKU008,2024-02-01,2024-02-01
EC,3418632,7407036,0,178054,201,LE1,SKU008,2024-02-01,2024-02-01
CV,3547152,7685496,0,184748,195,LE1,SKU008,2024-02-01,2024-02-01
FS,3346620,7251010,0,174303,180,LE1,SKU008,2024-02-01,2024-02-01
MT,4414745,9091753,0,218552,211,LE1,SKU009,2024-02-01,2024-02-01
GT,5390522,11101272,0,266858,252,LE1,SKU009,2024-02-01,2024-02-01
EC,4937815,10168966,0,244446,255,LE1,SKU009,2024-02-01,2024-02-01
CV,4148994,8544463,0,205396,200,LE1,SKU009,2024-02-01,2024-02-01
FS,4057468,8355974,0,200865,192,LE1,SKU009,2024-02-01,2024-02-01
MT,1986133,3897317,0,93686,231,LE1,SKU010,2024-02-01,2024-02-01
GT,2167250,4252716,0,102229,247,LE1,SKU010,2024-02-01,2024-02-01
EC,1775413,3483829,0,83746,224,LE1,SKU010,2024-02-01,2024-02-01
CV,1821091,3573461,0,85900,214,LE1,SKU010,2024-02-01,2024-02-01
FS,2098991,4118774,0,99009,242,LE1,SKU010,2024-02-01,2024-02-01
MT,2013006,4868666,0,117035,242,LE1,SKU011,2024-02-01,2024-02-01
GT,1694608,4098588,0,98524,199,LE1,SKU011,2024-02-01,2024-02-01
EC,1777592,4299291,0,103348,231,LE1,SKU011,2024-02-01,2024-02-01
CV,1659940,4014738,0,96508,201,LE1,SKU011,2024-02-01,2024-02-01
FS,1596935,3862355,0,92845,190,LE1,SKU011,2024-02-01,2024-02-01
MT,2009678,4593550,0,110422,196,LE1,SKU012,2024-02-01,2024-02-01
GT,2184853,4993950,0,120047,209,LE1,SKU012,2024-02-01,2024-02-01
EC,2177107,4976244,0,119621,230,LE1,SKU012,2024-02-01,2024-02-01
CV,2321865,5307120,0,127575,229,LE1,SKU012,2024-02-01,2024-02-01
FS,2469797,5645250,0,135703,238,LE1,SKU012,2024-02-01,2024-02-01
MT,3658032,7925736,0,190522,297,LE1,SKU013,2024-02-01,2024-02-01
GT,3054402,6617872,0,159083,243,LE1,SKU013,2024-02-01,2024-02-01
EC,3100900,6718617,0,161505,272,LE1,SKU013,2024-02-01,2024-02-01
CV,3180190,6890411,0,165635,261,LE1,SKU013,2024-02-01,2024-02-01
FS,3141886,6807419,0,163640,252,LE1,SKU013,2024-02-01,2024-02-01
MT,3148291,6483610,0,155856,216,LE1,SKU014,2024-02-01,2024-02-01
GT,2930616,6035328,0,145080,197,LE1,SKU014,2024-02-01,2024-02-01
EC,3463508,7132769,0,171461,258,LE1,SKU014,2024-02-01,2024-02-01
CV,3329122,6856013,0,164808,231,LE1,SKU014,2024-02-01,2024-02-01
FS,4210488,8671104,0,208440,286,LE1,SKU014,2024-02-01,2024-02-01
MT,4510050,8849909,0,212738,266,LE1,SKU015,2024-02-01,2024-02-01
GT,4934704,9683192,0,232769,285,LE1,SKU015,2024-02-01,2024-02-01
EC,3717242,7294211,0,175342,237,LE1,SKU015,2024-02-01,2024-02-01
CV,3787177,7431442,0,178640,226,LE1,SKU015,2024-02-01,2024-02-01
FS,3976268,7802489,0,187560,232,LE1,SKU015,2024-02-01,2024-02-01
MT,4260083,10303457,0,247679,282,LE1,SKU016,2024-02-01,2024-02-01
GT,3302852,7988292,0,192026,214,LE1,SKU016,2024-02-01,2024-02-01
EC,3816114,9229671,0,221867,273,LE1,SKU016,2024-02-01,2024-02-01
CV,4373951,10578859,0,254300,293,LE1,SKU016,2024-02-01,2024-02-01
FS,4628352,11194154,0,269090,303,LE1,SKU016,2024-02-01,2024-02-01
MT,2770168,6331650,0,152203,159,LE1,SKU017,2024-02-01,2024-02-01
GT,2507655,5731636,0,137780,141,LE1,SKU017,2024-02-01,2024-02-01
EC,2728979,6237504,0,149940,170,LE1,SKU017,2024-02-01,2024-02-01
CV,2229478,5095818,0,122496,129,LE1,SKU017,2024-02-01,2024-02-01
FS,2052729,4691830,0,112784,117,LE1,SKU017,2024-02-01,2024-02-01
MT,2424936,5254028,0,126299,122,LE1,SKU018,2024-02-01,2024-02-01
GT,2820168,6110364,0,146884,139,LE1,SKU018,2024-02-01,2024-02-01
EC,2901709,6287037,0,151131,158,LE1,SKU018,2024-02-01,2024-02-01
CV,3463690,7504661,0,180400,176,LE1,SKU018,2024-02-01,2024-02-01
FS,3387845,7340330,0,176450,169,LE1,SKU018,2024-02-01,2024-02-01
MT,1380271,2842538,0,68330,169,LE1,SKU019,2024-02-01,2024-02-01
GT,1373726,2829060,0,68006,164,LE1,SKU019,2024-02-01,2024-02-01
EC,1002172,2063880,0,49612,132,LE1,SKU019,2024-02-01,2024-02-01
CV,987856,2034396,0,48904,122,LE1,SKU019,2024-02-01,2024-02-01
FS,1324549,2727785,0,65572,160,LE1,SKU019,2024-02-01,2024-02-01
MT,2285267,4484298,0,107796,223,LE1,SKU020,2024-02-01,2024-02-01
GT,1866501,3662568,0,88042,178,LE1,SKU020,2024-02-01,2024-02-01
EC,1055291,2070760,0,49778,111,LE1,SKU020,2024-02-01,2024-02-01
CV,1636778,3211790,0,77206,161,LE1,SKU020,2024-02-01,2024-02-01
FS,1748392,3430807,0,82471,169,LE1,SKU020,2024-02-01,2024-02-01
MT,1601535,3873480,0,93112,165,LE1,SKU021,2024-02-01,2024-02-01
GT,1855181,4486950,0,107859,188,LE1,SKU021,2024-02-01,2024-02-01
EC,1109336,2683044,0,64496,124,LE1,SKU021,2024-02-01,2024-02-01
CV,1706670,4127760,0,99225,178,LE1,SKU021,2024-02-01,2024-02-01
FS,1576810,3813680,0,91675,161,LE1,SKU021,2024-02-01,2024-02-01
MT,1969126,4500685,0,108190,169,LE1,SKU022,2024-02-01,2024-02-01
GT,2275884,5201820,0,125044,191,LE1,SKU022,2024-02-01,2024-02-01
EC,2333306,5333066,0,128199,216,LE1,SKU022,2024-02-01,2024-02-01
CV,2328404,5321862,0,127929,201,LE1,SKU022,2024-02-01,2024-02-01
FS,2202485,5034058,0,121011,187,LE1,SKU022,2024-02-01,2024-02-01
MT,3197798,6928563,0,166552,231,LE1,SKU023,2024-02-01,2024-02-01
GT,2755584,5970432,0,143520,195,LE1,SKU023,2024-02-01,2024-02-01
EC,2248888,4872591,0,117130,176,LE1,SKU023,2024-02-01,2024-02-01
CV,2830464,6132672,0,147420,207,LE1,SKU023,2024-02-01,2024-02-01
FS,2341939,5074202,0,121976,167,LE1,SKU023,2024-02-01,2024-02-01
MT,2260004,4654135,0,111878,140,LE1,SKU024,2024-02-01,2024-02-01
GT,3303682,6803432,0,163544,200,LE1,SKU024,2024-02-01,2024-02-01
EC,3115062,6414998,0,154207,209,LE1,SKU024,2024-02-01,2024-02-01
CV,2795423,5756750,0,138383,175,LE1,SKU024,2024-02-01,2024-02-01
FS,2733482,5629192,0,135317,167,LE1,SKU024,2024-02-01,2024-02-01
MT,3849271,7553286,0,181569,207,LE1,SKU025,2024-02-01,2024-02-01
GT,4212029,8265114,0,198681,222,LE1,SKU025,2024-02-01,2024-02-01
EC,3627957,7119010,0,171130,211,LE1,SKU025,2024-02-01,2024-02-01
CV,3906630,7665840,0,184275,212,LE1,SKU025,2024-02-01,2024-02-01
FS,3031876,5949341,0,143013,161,LE1,SKU025,2024-02-01,2024-02-01
MT,4136272,10004008,0,240481,251,LE1,SKU026,2024-02-01,2024-02-01
GT,3848715,9308520,0,223762,229,LE1,SKU026,2024-02-01,2024-02-01
EC,3965163,9590162,0,230533,261,LE1,SKU026,2024-02-01,2024-02-01
CV,3004958,7267806,0,174707,184,LE1,SKU026,2024-02-01,2024-02-01
FS,3650522,8829170,0,212240,219,LE1,SKU026,2024-02-01,2024-02-01
MT,3098163,7081516,0,170229,164,LE1,SKU027,2024-02-01,2024-02-01
GT,4244604,9701952,0,233220,220,LE1,SKU027,2024-02-01,2024-02-01
EC,3876655,8860925,0,213003,223,LE1,SKU027,2024-02-01,2024-02-01
CV,5004049,11437826,0,274948,268,LE1,SKU027,2024-02-01,2024-02-01
FS,4887783,11172075,0,268560,257,LE1,SKU027,2024-02-01,2024-02-01
MT,1906027,4129726,0,99272,245,LE1,SKU028,2024-02-01,2024-02-01
GT,1777464,3851172,0,92576,224,LE1,SKU028,2024-02-01,2024-02-01
EC,1539337,3335230,0,80174,214,LE1,SKU028,2024-02-01,2024-02-01
CV,1804421,3909578,0,93980,234,LE1,SKU028,2024-02-01,2024-02-01
FS,1917648,4154904,0,99878,244,LE1,SKU028,2024-02-01,2024-02-01
MT,2519762,5188974,0,124735,258,LE1,SKU029,2024-02-01,2024-02-01
GT,2456080,5057832,0,121582,246,LE1,SKU029,2024-02-01,2024-02-01
EC,2145193,4417620,0,106193,237,LE1,SKU029,2024-02-01,2024-02-01
CV,2606246,5367071,0,129016,269,LE1,SKU029,2024-02-01,2024-02-01
FS,2336588,4811761,0,115667,236,LE1,SKU029,2024-02-01,2024-02-01
MT,2606672,5114980,0,122956,218,LE1,SKU030,2024-02-01,2024-02-01
GT,3178012,6236100,0,149906,261,LE1,SKU030,2024-02-01,2024-02-01
EC,2898252,5687136,0,136710,263,LE1,SKU030,2024-02-01,2024-02-01
CV,2767196,5429970,0,130528,234,LE1,SKU030,2024-02-01,2024-02-01
FS,3017555,5921240,0,142338,250,LE1,SKU030,2024-02-01,2024-02-01
MT,3241877,7840818,0,188481,294,LE1,SKU031,2024-02-01,2024-02-01
GT,2963259,7166952,0,172282,263,LE1,SKU031,2024-02-01,2024-02-01
EC,2594138,6274195,0,150822,254,LE1,SKU031,2024-02-01,2024-02-01
CV,3682750,8907116,0,214113,337,LE1,SKU031,2024-02-01,2024-02-01
FS,2672693,6464188,0,155389,240,LE1,SKU031,2024-02-01,2024-02-01
MT,3559629,8136294,0,195584,271,LE1,SKU032,2024-02-01,2024-02-01
GT,3492216,7982208,0,191880,261,LE1,SKU032,2024-02-01,2024-02-01
EC,3056377,6986004,0,167933,252,LE1,SKU032,2024-02-01,2024-02-01
CV,3549874,8113997,0,195048,273,LE1,SKU032,2024-02-01,2024-02-01
FS,3568802,8157261,0,196088,269,LE1,SKU032,2024-02-01,2024-02-01
MT,4426310,9590339,0,230537,288,LE1,SKU033,2024-02-01,2024-02-01
GT,4286412,9287226,0,223251,273,LE1,SKU033,2024-02-01,2024-02-01
EC,3246324,7033703,0,169079,229,LE1,SKU033,2024-02-01,2024-02-01
CV,3494307,7570999,0,181995,230,LE1,SKU033,2024-02-01,2024-02-01
FS,4127344,8942578,0,214966,266,LE1,SKU033,2024-02-01,2024-02-01
MT,2614413,5384137,0,129426,147,LE1,SKU034,2024-02-01,2024-02-01
GT,1977870,4073238,0,97914,109,LE1,SKU034,2024-02-01,2024-02-01
EC,2188745,4507514,0,108354,134,LE1,SKU034,2024-02-01,2024-02-01
CV,2698707,5557734,0,133599,154,LE1,SKU034,2024-02-01,2024-02-01
FS,2242670,4618567,0,111023,125,LE1,SKU034,2024-02-01,2024-02-01
MT,2710433,5318586,0,127851,134,LE1,SKU035,2024-02-01,2024-02-01
GT,2942891,5774730,0,138816,142,LE1,SKU035,2024-02-01,2024-02-01
EC,2086040,4093362,0,98398,111,LE1,SKU035,2024-02-01,2024-02-01
CV,3746358,7351344,0,176715,187,LE1,SKU035,2024-02-01,2024-02-01
FS,3238757,6355298,0,152772,158,LE1,SKU035,2024-02-01,2024-02-01
MT,2191228,5299715,0,127397,123,LE1,SKU036,2024-02-01,2024-02-01
GT,3027824,7323108,0,176036,166,LE1,SKU036,2024-02-01,2024-02-01
EC,2477326,5991673,0,144031,151,LE1,SKU036,2024-02-01,2024-02-01
CV,2822507,6826529,0,164099,160,LE1,SKU036,2024-02-01,2024-02-01
FS,2824980,6832509,0,164243,157,LE1,SKU036,2024-02-01,2024-02-01
MT,1138322,2753150,0,66182,163,LE1,SKU001,2024-03-01,2024-03-01
GT,913126,2208492,0,53089,128,LE1,SKU001,2024-03-01,2024-03-01
EC,826028,1997836,0,48025,128,LE1,SKU001,2024-03-01,2024-03-01
CV,928916,2246681,0,54007,135,LE1,SKU001,2024-03-01,2024-03-01
FS,1097958,2655526,0,63835,156,LE1,SKU001,2024-03-01,2024-03-01
MT,1606791,3672854,0,88290,182,LE1,SKU002,2024-03-01,2024-03-01
GT,1258943,2877732,0,69176,140,LE1,SKU002,2024-03-01,2024-03-01
EC,1363180,3116000,0,74904,167,LE1,SKU002,2024-03-01,2024-03-01
CV,1469795,3359702,0,80762,169,LE1,SKU002,2024-03-01,2024-03-01
FS,1085558,2481402,0,59649,122,LE1,SKU002,2024-03-01,2024-03-01
MT,1650240,3575520,0,85950,153,LE1,SKU003,2024-03-01,2024-03-01
GT,1907100,4132050,0,99328,173,LE1,SKU003,2024-03-01,2024-03-01
EC,1502928,3256344,0,78278,151,LE1,SKU003,2024-03-01,2024-03-01
CV,2041200,4422600,0,106312,191,LE1,SKU003,2024-03-01,2024-03-01
FS,1655940,3587870,0,86247,152,LE1,SKU003,2024-03-01,2024-03-01
MT,2171609,4472380,0,107509,167,LE1,SKU004,2024-03-01,2024-03-01
GT,2104830,4334850,0,104203,159,LE1,SKU004,2024-03-01,2024-03-01
EC,2196018,4522649,0,108718,183,LE1,SKU004,2024-03-01,2024-03-01
CV,2502481,5153803,0,123890,195,LE1,SKU004,2024-03-01,2024-03-01
FS,2097130,4318992,0,103822,160,LE1,SKU004,2024-03-01,2024-03-01
MT,2623882,5148749,0,123768,172,LE1,SKU005,2024-03-01,2024-03-01
GT,2761512,5418816,0,130260,177,LE1,SKU005,2024-03-01,2024-03-01
EC,2572900,5048709,0,121363,182,LE1,SKU005,2024-03-01,2024-03-01
CV,2852842,5598029,0,134568,189,LE1,SKU005,2024-03-01,2024-03-01
FS,2176731,4271322,0,102676,141,LE1,SKU005,2024-03-01,2024-03-01
MT,3032240,7333789,0,176293,220,LE1,SKU006,2024-03-01,2024-03-01
GT,2321806,5615532,0,134989,165,LE1,SKU006,2024-03-01,2024-03-01
EC,2854311,6903449,0,165948,225,LE1,SKU006,2024-03-01,2024-03-01
CV,2697555,6524318,0,156835,198,LE1,SKU006,2024-03-01,2024-03-01
FS,2533685,6127982,0,147307,182,LE1,SKU006,2024-03-01,2024-03-01
MT,3643492,8327982,0,200192,228,LE1,SKU007,2024-03-01,2024-03-01
GT,3771700,8621028,0,207236,231,LE1,SKU007,2024-03-01,2024-03-01
EC,3490193,7977584,0,191769,236,LE1,SKU007,2024-03-01,2024-03-01
CV,3018424,6899256,0,165848,191,LE1,SKU007,2024-03-01,2024-03-01
FS,4349477,9941662,0,238982,269,LE1,SKU007,2024-03-01,2024-03-01
MT,3467796,7513558,0,180614,189,LE1,SKU008,2024-03-01,2024-03-01
GT,4495140,9739470,0,234122,240,LE1,SKU008,2024-03-01,2024-03-01
EC,2680927,5808676,0,139632,158,LE1,SKU008,2024-03-01,2024-03-01
CV,3874878,8395570,0,201817,213,LE1,SKU008,2024-03-01,2024-03-01
FS,4586838,9938150,0,238898,247,LE1,SKU008,2024-03-01,2024-03-01
MT,4392561,9046066,0,217454,210,LE1,SKU009,2024-03-01,2024-03-01
GT,4484552,9235512,0,222008,210,LE1,SKU009,2024-03-01,2024-03-01
EC,5286126,10886279,0,261689,273,LE1,SKU009,2024-03-01,2024-03-01
CV,5158802,10624068,0,255386,249,LE1,SKU009,2024-03-01,2024-03-01
FS,4169553,8586802,0,206414,197,LE1,SKU009,2024-03-01,2024-03-01
MT,2323228,4558788,0,109586,270,LE1,SKU010,2024-03-01,2024-03-01
GT,2297470,4508244,0,108371,262,LE1,SKU010,2024-03-01,2024-03-01
EC,1565056,3071053,0,73823,197,LE1,SKU010,2024-03-01,2024-03-01
CV,2028442,3980340,0,95681,238,LE1,SKU010,2024-03-01,2024-03-01
FS,2365968,4642654,0,111602,272,LE1,SKU010,2024-03-01,2024-03-01
MT,2374994,5744172,0,138081,285,LE1,SKU011,2024-03-01,2024-03-01
GT,1965025,4752618,0,114246,231,LE1,SKU011,2024-03-01,2024-03-01
EC,2242375,5423418,0,130371,292,LE1,SKU011,2024-03-01,2024-03-01
CV,1694886,4099259,0,98540,206,LE1,SKU011,2024-03-01,2024-03-01
FS,1873499,4531254,0,108924,223,LE1,SKU011,2024-03-01,2024-03-01
MT,2802686,6406140,0,153994,273,LE1,SKU012,2024-03-01,2024-03-01
GT,2661750,6084000,0,146250,254,LE1,SKU012,2024-03-01,2024-03-01
EC,2357696,5389020,0,129544,249,LE1,SKU012,2024-03-01,2024-03-01
CV,2515354,5749380,0,138206,248,LE1,SKU012,2024-03-01,2024-03-01
FS,1909976,4365660,0,104944,184,LE1,SKU012,2024-03-01,2024-03-01
MT,3239971,7019938,0,168748,263,LE1,SKU013,2024-03-01,2024-03-01
GT,3067740,6646770,0,159778,244,LE1,SKU013,2024-03-01,2024-03-01
EC,3100900,6718617,0,161505,272,LE1,SKU013,2024-03-01,2024-03-01
CV,2895782,6274195,0,150822,237,LE1,SKU013,2024-03-01,2024-03-01
FS,3432312,7436676,0,178766,276,LE1,SKU013,2024-03-01,2024-03-01
MT,3642141,7500646,0,180304,250,LE1,SKU014,2024-03-01,2024-03-01
GT,3608124,7430592,0,178620,243,LE1,SKU014,2024-03-01,2024-03-01
EC,3563280,7338240,0,176400,265,LE1,SKU014,2024-03-01,2024-03-01
CV,3130596,6447168,0,154980,217,LE1,SKU014,2024-03-01,2024-03-01
FS,3274824,6744192,0,162120,223,LE1,SKU014,2024-03-01,2024-03-01
MT,4869416,9555081,0,229689,287,LE1,SKU015,2024-03-01,2024-03-01
GT,4109196,8063328,0,193830,237,LE1,SKU015,2024-03-01,2024-03-01
EC,3982759,7815226,0,187866,254,LE1,SKU015,2024-03-01,2024-03-01
CV,4622846,9071244,0,218059,276,LE1,SKU015,2024-03-01,2024-03-01
FS,4085207,8016254,0,192698,238,LE1,SKU015,2024-03-01,2024-03-01
MT,4147976,10032313,0,241161,275,LE1,SKU016,2024-03-01,2024-03-01
GT,4529158,10954242,0,263323,294,LE1,SKU016,2024-03-01,2024-03-01
EC,4304222,10410211,0,250245,308,LE1,SKU016,2024-03-01,2024-03-01
CV,3771741,9122350,0,219287,252,LE1,SKU016,2024-03-01,2024-03-01
FS,5275674,12759770,0,306725,346,LE1,SKU016,2024-03-01,2024-03-01
MT,2382345,5445220,0,130895,137,LE1,SKU017,2024-03-01,2024-03-01
GT,2733910,6248776,0,150211,154,LE1,SKU017,2024-03-01,2024-03-01
EC,2490193,5691722,0,136820,155,LE1,SKU017,2024-03-01,2024-03-01
CV,2393947,5471738,0,131532,139,LE1,SKU017,2024-03-01,2024-03-01
FS,3097754,7080398,0,170202,176,LE1,SKU017,2024-03-01,2024-03-01
MT,2319504,5025592,0,120808,117,LE1,SKU018,2024-03-01,2024-03-01
GT,2884752,6250296,0,150248,142,LE1,SKU018,2024-03-01,2024-03-01
EC,2784862,6033868,0,145045,152,LE1,SKU018,2024-03-01,2024-03-01
CV,2962915,6419650,0,154318,151,LE1,SKU018,2024-03-01,2024-03-01
FS,3579610,7755821,0,186438,178,LE1,SKU018,2024-03-01,2024-03-01
MT,1215333,2502864,0,60165,148,LE1,SKU019,2024-03-01,2024-03-01
GT,1515530,3121092,0,75026,181,LE1,SKU019,2024-03-01,2024-03-01
EC,1146485,2361079,0,56757,152,LE1,SKU019,2024-03-01,2024-03-01
CV,1073756,2211300,0,53156,132,LE1,SKU019,2024-03-01,2024-03-01
FS,1087709,2240035,0,53847,131,LE1,SKU019,2024-03-01,2024-03-01
MT,1392925,2733286,0,65704,136,LE1,SKU020,2024-03-01,2024-03-01
GT,1622078,3182946,0,76513,155,LE1,SKU020,2024-03-01,2024-03-01
EC,1728667,3392101,0,81541,182,LE1,SKU020,2024-03-01,2024-03-01
CV,1453717,2852578,0,68572,143,LE1,SKU020,2024-03-01,2024-03-01
FS,1924331,3776046,0,90770,186,LE1,SKU020,2024-03-01,2024-03-01
MT,1622068,3923140,0,94306,167,LE1,SKU021,2024-03-01,2024-03-01
GT,1876144,4537650,0,109078,190,LE1,SKU021,2024-03-01,2024-03-01
EC,1621336,3921372,0,94264,181,LE1,SKU021,2024-03-01,2024-03-01
CV,1594924,3857490,0,92728,166,LE1,SKU021,2024-03-01,2024-03-01
FS,1701295,4114760,0,98912,174,LE1,SKU021,2024-03-01,2024-03-01
MT,2588348,5915996,0,142211,222,LE1,SKU022,2024-03-01,2024-03-01
GT,2377034,5433012,0,130601,199,LE1,SKU022,2024-03-01,2024-03-01
EC,2024486,4627219,0,111231,188,LE1,SKU022,2024-03-01,2024-03-01
CV,1715666,3921372,0,94264,148,LE1,SKU022,2024-03-01,2024-03-01
FS,2164943,4948250,0,118948,183,LE1,SKU022,2024-03-01,2024-03-01
MT,2479027,5371226,0,129116,179,LE1,SKU023,2024-03-01,2024-03-01
GT,2875392,6230016,0,149760,204,LE1,SKU023,2024-03-01,2024-03-01
EC,2181151,4725827,0,113602,171,LE1,SKU023,2024-03-01,2024-03-01
CV,2554675,5535130,0,133056,187,LE1,SKU023,2024-03-01,2024-03-01
FS,2682854,5812851,0,139732,192,LE1,SKU023,2024-03-01,2024-03-01
MT,3886522,8003703,0,192397,241,LE1,SKU024,2024-03-01,2024-03-01
GT,3216283,6623448,0,159218,195,LE1,SKU024,2024-03-01,2024-03-01
EC,2435124,5014770,0,120547,163,LE1,SKU024,2024-03-01,2024-03-01
CV,3490044,7187216,0,172770,218,LE1,SKU024,2024-03-01,2024-03-01
FS,2785383,5736075,0,137886,171,LE1,SKU024,2024-03-01,2024-03-01
MT,3809791,7475816,0,179707,205,LE1,SKU025,2024-03-01,2024-03-01
GT,4433715,8700120,0,209138,233,LE1,SKU025,2024-03-01,2024-03-01
EC,3336262,6546627,0,157371,194,LE1,SKU025,2024-03-01,2024-03-01
CV,4121495,8087461,0,194410,224,LE1,SKU025,2024-03-01,2024-03-01
FS,3929470,7710659,0,185352,209,LE1,SKU025,2024-03-01,2024-03-01
MT,3787220,9159788,0,220187,230,LE1,SKU026,2024-03-01,2024-03-01
GT,3902169,9437804,0,226870,232,LE1,SKU026,2024-03-01,2024-03-01
EC,2917458,7056176,0,169620,192,LE1,SKU026,2024-03-01,2024-03-01
CV,3091307,7476650,0,179727,190,LE1,SKU026,2024-03-01,2024-03-01
FS,3015649,7293662,0,175328,181,LE1,SKU026,2024-03-01,2024-03-01
MT,3977642,9091753,0,218552,211,LE1,SKU027,2024-03-01,2024-03-01
GT,4448672,10168392,0,244432,231,LE1,SKU027,2024-03-01,2024-03-01
EC,3876655,8860925,0,213003,223,LE1,SKU027,2024-03-01,2024-03-01
CV,4232674,9674683,0,232564,227,LE1,SKU027,2024-03-01,2024-03-01
FS,4463636,10202598,0,245255,234,LE1,SKU027,2024-03-01,2024-03-01
MT,2046298,4433645,0,106578,263,LE1,SKU028,2024-03-01,2024-03-01
GT,2030184,4398732,0,105739,255,LE1,SKU028,2024-03-01,2024-03-01
EC,1821295,3946139,0,94859,253,LE1,SKU028,2024-03-01,2024-03-01
CV,1853410,4015721,0,96532,241,LE1,SKU028,2024-03-01,2024-03-01
FS,1800922,3901997,0,93798,229,LE1,SKU028,2024-03-01,2024-03-01
MT,2229419,4591068,0,110362,228,LE1,SKU029,2024-03-01,2024-03-01
GT,2498426,5145036,0,123679,250,LE1,SKU029,2024-03-01,2024-03-01
EC,2260114,4654279,0,111882,250,LE1,SKU029,2024-03-01,2024-03-01
CV,2113727,4352821,0,104635,218,LE1,SKU029,2024-03-01,2024-03-01
FS,2598537,5351195,0,128634,263,LE1,SKU029,2024-03-01,2024-03-01
MT,3176091,6232330,0,149816,266,LE1,SKU030,2024-03-01,2024-03-01
GT,2945475,5779800,0,138938,242,LE1,SKU030,2024-03-01,2024-03-01
EC,2746328,5389020,0,129544,249,LE1,SKU030,2024-03-01,2024-03-01
CV,2992579,5872230,0,141159,253,LE1,SKU030,2024-03-01,2024-03-01
FS,2672326,5243810,0,126053,222,LE1,SKU030,2024-03-01,2024-03-01
MT,2820550,6821795,0,163985,255,LE1,SKU031,2024-03-01,2024-03-01
GT,3524844,8525204,0,204933,313,LE1,SKU031,2024-03-01,2024-03-01
EC,2950832,7136897,0,171560,289,LE1,SKU031,2024-03-01,2024-03-01
CV,3068959,7422598,0,178428,281,LE1,SKU031,2024-03-01,2024-03-01
FS,2388867,5777725,0,138888,214,LE1,SKU031,2024-03-01,2024-03-01
MT,3684772,8422336,0,202460,281,LE1,SKU032,2024-03-01,2024-03-01
GT,3179904,7268352,0,174720,237,LE1,SKU032,2024-03-01,2024-03-01
EC,3826892,8747182,0,210269,316,LE1,SKU032,2024-03-01,2024-03-01
CV,3205894,7327757,0,176148,247,LE1,SKU032,2024-03-01,2024-03-01
FS,3189441,7290150,0,175244,241,LE1,SKU032,2024-03-01,2024-03-01
MT,4637862,10048700,0,241555,302,LE1,SKU033,2024-03-01,2024-03-01
GT,4386096,9503208,0,228442,280,LE1,SKU033,2024-03-01,2024-03-01
EC,4644048,10062103,0,241877,328,LE1,SKU033,2024-03-01,2024-03-01
CV,4428270,9594586,0,230639,292,LE1,SKU033,2024-03-01,2024-03-01
FS,4439772,9619506,0,231238,286,LE1,SKU033,2024-03-01,2024-03-01
MT,2388708,4919320,0,118253,135,LE1,SKU034,2024-03-01,2024-03-01
GT,2592354,5338710,0,128334,143,LE1,SKU034,2024-03-01,2024-03-01
EC,1632873,3362748,0,80835,100,LE1,SKU034,2024-03-01,2024-03-01
CV,2345084,4829479,0,116093,134,LE1,SKU034,2024-03-01,2024-03-01
FS,2584772,5323094,0,127959,144,LE1,SKU034,2024-03-01,2024-03-01
MT,3527866,6922604,0,166409,174,LE1,SKU035,2024-03-01,2024-03-01
GT,3118586,6119490,0,147103,151,LE1,SKU035,2024-03-01,2024-03-01
EC,2225110,4366253,0,104958,119,LE1,SKU035,2024-03-01,2024-03-01
CV,3320636,6515964,0,156634,165,LE1,SKU035,2024-03-01,2024-03-01
FS,3412650,6696522,0,160974,166,LE1,SKU035,2024-03-01,2024-03-01
MT,2417907,5847962,0,140576,136,LE1,SKU036,2024-03-01,2024-03-01
GT,3239964,7836192,0,188370,178,LE1,SKU036,2024-03-01,2024-03-01
EC,2843691,6877765,0,165331,173,LE1,SKU036,2024-03-01,2024-03-01
CV,3046812,7369034,0,177140,173,LE1,SKU036,2024-03-01,2024-03-01
FS,3015857,7294165,0,175340,167,LE1,SKU036,2024-03-01,2024-03-01
MT,1101363,2663762,0,64033,158,LE1,SKU001,2024-04-01,2024-04-01
GT,1237626,2993328,0,71955,174,LE1,SKU001,2024-04-01,2024-04-01
EC,1010349,2443634,0,58741,157,LE1,SKU001,2024-04-01,2024-04-01
CV,1082516,2618179,0,62937,157,LE1,SKU001,2024-04-01,2024-04-01
FS,1097958,2655526,0,63835,156,LE1,SKU001,2024-04-01,2024-04-01
MT,1447981,3309840,0,79563,164,LE1,SKU002,2024-04-01,2024-04-01
GT,1735816,3967782,0,95379,193,LE1,SKU002,2024-04-01,2024-04-01
EC,1216509,2780734,0,66845,149,LE1,SKU002,2024-04-01,2024-04-01
CV,1700894,3887957,0,93460,195,LE1,SKU002,2024-04-01,2024-04-01
FS,1076118,2459824,0,59130,121,LE1,SKU002,2024-04-01,2024-04-01
MT,2074260,4494230,0,108034,192,LE1,SKU003,2024-04-01,2024-04-01
GT,1942200,4208100,0,101156,176,LE1,SKU003,2024-04-01,2024-04-01
EC,1714608,3714984,0,89302,172,LE1,SKU003,2024-04-01,2024-04-01
CV,1417500,3071250,0,73828,132,LE1,SKU003,2024-04-01,2024-04-01
FS,1910700,4139850,0,99516,175,LE1,SKU003,2024-04-01,2024-04-01
MT,2515218,5180034,0,124520,194,LE1,SKU004,2024-04-01,2024-04-01
GT,2441603,5028426,0,120876,184,LE1,SKU004,2024-04-01,2024-04-01
EC,1713655,3529235,0,84837,143,LE1,SKU004,2024-04-01,2024-04-01
CV,2448079,5041764,0,121196,191,LE1,SKU004,2024-04-01,2024-04-01
FS,2111019,4347595,0,104510,161,LE1,SKU004,2024-04-01,2024-04-01
MT,2640078,5180531,0,124532,173,LE1,SKU005,2024-04-01,2024-04-01
GT,3323736,6522048,0,156780,213,LE1,SKU005,2024-04-01,2024-04-01
EC,2542982,4990003,0,119952,180,LE1,SKU005,2024-04-01,2024-04-01
CV,3045168,5975424,0,143640,201,LE1,SKU005,2024-04-01,2024-04-01
FS,3387845,6647846,0,159804,219,LE1,SKU005,2024-04-01,2024-04-01
MT,2594897,6276031,0,150866,189,LE1,SKU006,2024-04-01,2024-04-01
GT,2604591,6299476,0,151430,186,LE1,SKU006,2024-04-01,2024-04-01
EC,2531181,6121927,0,147162,199,LE1,SKU006,2024-04-01,2024-04-01
CV,2812958,6803434,0,163544,207,LE1,SKU006,2024-04-01,2024-04-01
FS,3181837,7695605,0,184990,229,LE1,SKU006,2024-04-01,2024-04-01
MT,2592811,5926424,0,142462,162,LE1,SKU007,2024-04-01,2024-04-01
GT,2716316,6208722,0,149248,166,LE1,SKU007,2024-04-01,2024-04-01
EC,3114567,7119010,0,171130,211,LE1,SKU007,2024-04-01,2024-04-01
CV,2984886,6822598,0,164005,189,LE1,SKU007,2024-04-01,2024-04-01
FS,3339165,7632378,0,183471,207,LE1,SKU007,2024-04-01,2024-04-01
MT,4130184,8948732,0,215114,225,LE1,SKU008,2024-04-01,2024-04-01
GT,4614480,9998040,0,240338,246,LE1,SKU008,2024-04-01,2024-04-01
EC,3580567,7757896,0,186488,211,LE1,SKU008,2024-04-01,2024-04-01
CV,4588164,9941022,0,238967,252,LE1,SKU008,2024-04-01,2024-04-01
FS,3189132,6909786,0,166101,172,LE1,SKU008,2024-04-01,2024-04-01
MT,4392561,9046066,0,217454,210,LE1,SKU009,2024-04-01,2024-04-01
GT,4076865,8395920,0,201825,191,LE1,SKU009,2024-04-01,2024-04-01
EC,4691949,9662628,0,232275,243,LE1,SKU009,2024-04-01,2024-04-01
CV,5663706,11663870,0,280382,273,LE1,SKU009,2024-04-01,2024-04-01
FS,4595475,9463948,0,227499,217,LE1,SKU009,2024-04-01,2024-04-01
MT,1940579,3807929,0,91537,226,LE1,SKU010,2024-04-01,2024-04-01
GT,2250963,4416984,0,106178,257,LE1,SKU010,2024-04-01,2024-04-01
EC,1851142,3632429,0,87318,233,LE1,SKU010,2024-04-01,2024-04-01
CV,2289886,4493362,0,108014,269,LE1,SKU010,2024-04-01,2024-04-01
FS,2209464,4335552,0,104220,254,LE1,SKU010,2024-04-01,2024-04-01
MT,2233730,5402511,0,129868,268,LE1,SKU011,2024-04-01,2024-04-01
GT,1946997,4709016,0,113198,229,LE1,SKU011,2024-04-01,2024-04-01
EC,1850978,4476785,0,107615,241,LE1,SKU011,2024-04-01,2024-04-01
CV,1703623,4120390,0,99048,207,LE1,SKU011,2024-04-01,2024-04-01
FS,2043006,4941224,0,118779,243,LE1,SKU011,2024-04-01,2024-04-01
MT,2802686,6406140,0,153994,273,LE1,SKU012,2024-04-01,2024-04-01
GT,1885406,4309500,0,103594,180,LE1,SKU012,2024-04-01,2024-04-01
EC,2708842,6191640,0,148838,286,LE1,SKU012,2024-04-01,2024-04-01
CV,2784088,6363630,0,152972,275,LE1,SKU012,2024-04-01,2024-04-01
FS,2853988,6523400,0,156812,276,LE1,SKU012,2024-04-01,2024-04-01
MT,3253036,7048244,0,169429,264,LE1,SKU013,2024-04-01,2024-04-01
GT,2934360,6357780,0,152831,233,LE1,SKU013,2024-04-01,2024-04-01
EC,3390479,7346037,0,176587,298,LE1,SKU013,2024-04-01,2024-04-01
CV,3193117,6918420,0,166308,262,LE1,SKU013,2024-04-01,2024-04-01
FS,2851459,6178162,0,148514,229,LE1,SKU013,2024-04-01,2024-04-01
MT,3194590,6578957,0,158148,219,LE1,SKU014,2024-04-01,2024-04-01
GT,3875976,7982208,0,191880,261,LE1,SKU014,2024-04-01,2024-04-01
EC,3292471,6780534,0,162994,245,LE1,SKU014,2024-04-01,2024-04-01
CV,3970512,8176896,0,196560,276,LE1,SKU014,2024-04-01,2024-04-01
FS,4272866,8799565,0,211528,290,LE1,SKU014,2024-04-01,2024-04-01
MT,5228783,10260253,0,246641,308,LE1,SKU015,2024-04-01,2024-04-01
GT,4329332,8495292,0,204214,250,LE1,SKU015,2024-04-01,2024-04-01
EC,4148708,8140860,0,195694,265,LE1,SKU015,2024-04-01,2024-04-01
CV,5014009,9838811,0,236510,299,LE1,SKU015,2024-04-01,2024-04-01
FS,4648058,9120717,0,219248,271,LE1,SKU015,2024-04-01,2024-04-01
MT,4548359,11000683,0,264440,301,LE1,SKU016,2024-04-01,2024-04-01
GT,4496456,10875150,0,261422,292,LE1,SKU016,2024-04-01,2024-04-01
EC,3239260,7834488,0,188329,232,LE1,SKU016,2024-04-01,2024-04-01
CV,3296311,7972474,0,191646,220,LE1,SKU016,2024-04-01,2024-04-01
FS,4790183,11585558,0,278499,314,LE1,SKU016,2024-04-01,2024-04-01
MT,2216135,5065320,0,121762,127,LE1,SKU017,2024-04-01,2024-04-01
GT,2790473,6378060,0,153319,157,LE1,SKU017,2024-04-01,2024-04-01
EC,2660754,6081566,0,146192,165,LE1,SKU017,2024-04-01,2024-04-01
CV,2540143,5805890,0,139565,147,LE1,SKU017,2024-04-01,2024-04-01
FS,2687208,6142032,0,147645,153,LE1,SKU017,2024-04-01,2024-04-01
MT,3226219,6990142,0,168032,162,LE1,SKU018,2024-04-01,2024-04-01
GT,3078504,6670092,0,160339,152,LE1,SKU018,2024-04-01,2024-04-01
EC,2804337,6076063,0,146059,153,LE1,SKU018,2024-04-01,2024-04-01
CV,3025512,6555276,0,157579,154,LE1,SKU018,2024-04-01,2024-04-01
FS,3281309,7109502,0,170902,163,LE1,SKU018,2024-04-01,2024-04-01
MT,1614657,3325234,0,79934,197,LE1,SKU019,2024-04-01,2024-04-01
GT,1480079,3048084,0,73271,177,LE1,SKU019,2024-04-01,2024-04-01
EC,1322868,2724322,0,65488,175,LE1,SKU019,2024-04-01,2024-04-01
CV,1468899,3025058,0,72718,181,LE1,SKU019,2024-04-01,2024-04-01
FS,1403496,2890368,0,69480,170,LE1,SKU019,2024-04-01,2024-04-01
MT,1773803,3480670,0,83670,173,LE1,SKU020,2024-04-01,2024-04-01
GT,1777620,3488160,0,83850,170,LE1,SKU020,2024-04-01,2024-04-01
EC,1778919,3490709,0,83911,188,LE1,SKU020,2024-04-01,2024-04-01
CV,1464485,2873707,0,69080,144,LE1,SKU020,2024-04-01,2024-04-01
FS,1726399,3387651,0,81434,166,LE1,SKU020,2024-04-01,2024-04-01
MT,1560470,3774160,0,90725,161,LE1,SKU021,2024-04-01,2024-04-01
GT,1792294,4334850,0,104203,181,LE1,SKU021,2024-04-01,2024-04-01
EC,1754078,4242420,0,101981,196,LE1,SKU021,2024-04-01,2024-04-01
CV,1879369,4545450,0,109266,196,LE1,SKU021,2024-04-01,2024-04-01
FS,1431578,3462420,0,83231,146,LE1,SKU021,2024-04-01,2024-04-01
MT,2377812,5434790,0,130644,204,LE1,SKU022,2024-04-01,2024-04-01
GT,1934502,4421548,0,106287,162,LE1,SKU022,2024-04-01,2024-04-01
EC,1887233,4313509,0,103690,175,LE1,SKU022,2024-04-01,2024-04-01
CV,2316150,5293853,0,127256,200,LE1,SKU022,2024-04-01,2024-04-01
FS,2277570,5205673,0,125136,193,LE1,SKU022,2024-04-01,2024-04-01
MT,2523034,5466573,0,131408,182,LE1,SKU023,2024-04-01,2024-04-01
GT,2246400,4867200,0,117000,159,LE1,SKU023,2024-04-01,2024-04-01
EC,2831432,6134769,0,147470,222,LE1,SKU023,2024-04-01,2024-04-01
CV,2438554,5283533,0,127008,178,LE1,SKU023,2024-04-01,2024-04-01
FS,3023770,6551501,0,157488,216,LE1,SKU023,2024-04-01,2024-04-01
MT,3903643,8038961,0,193244,242,LE1,SKU024,2024-04-01,2024-04-01
GT,3705718,7631364,0,183446,225,LE1,SKU024,2024-04-01,2024-04-01
EC,3035999,6252180,0,150293,204,LE1,SKU024,2024-04-01,2024-04-01
CV,3439218,7082549,0,170254,215,LE1,SKU024,2024-04-01,2024-04-01
FS,2785383,5736075,0,137886,171,LE1,SKU024,2024-04-01,2024-04-01
MT,3770311,7398347,0,177845,202,LE1,SKU025,2024-04-01,2024-04-01
GT,4252336,8344206,0,200582,224,LE1,SKU025,2024-04-01,2024-04-01
EC,3500340,6868593,0,165110,204,LE1,SKU025,2024-04-01,2024-04-01
CV,3476901,6822598,0,164005,189,LE1,SKU025,2024-04-01,2024-04-01
FS,4487974,8806590,0,211697,238,LE1,SKU025,2024-04-01,2024-04-01
MT,3665051,8864310,0,213084,223,LE1,SKU026,2024-04-01,2024-04-01
GT,3884351,9394710,0,225834,231,LE1,SKU026,2024-04-01,2024-04-01
EC,3272066,7913833,0,190236,215,LE1,SKU026,2024-04-01,2024-04-01
CV,2694100,6515964,0,156634,165,LE1,SKU026,2024-04-01,2024-04-01
FS,3544711,8573254,0,206088,213,LE1,SKU026,2024-04-01,2024-04-01
MT,4397393,10051184,0,241615,233,LE1,SKU027,2024-04-01,2024-04-01
GT,4693552,10728120,0,257888,244,LE1,SKU027,2024-04-01,2024-04-01
EC,4245860,9704822,0,233289,244,LE1,SKU027,2024-04-01,2024-04-01
CV,4094222,9358222,0,224957,219,LE1,SKU027,2024-04-01,2024-04-01
FS,4382847,10017935,0,240816,230,LE1,SKU027,2024-04-01,2024-04-01
MT,1881274,4076093,0,97983,242,LE1,SKU028,2024-04-01,2024-04-01
GT,1878552,4070196,0,97841,236,LE1,SKU028,2024-04-01,2024-04-01
EC,1394548,3021520,0,72633,194,LE1,SKU028,2024-04-01,2024-04-01
CV,1869739,4051102,0,97382,243,LE1,SKU028,2024-04-01,2024-04-01
FS,2059387,4462006,0,107260,262,LE1,SKU028,2024-04-01,2024-04-01
MT,2384960,4911374,0,118062,244,LE1,SKU029,2024-04-01,2024-04-01
GT,2678397,5515652,0,132588,268,LE1,SKU029,2024-04-01,2024-04-01
EC,2135617,4397899,0,105719,236,LE1,SKU029,2024-04-01,2024-04-01
CV,2113727,4352821,0,104635,218,LE1,SKU029,2024-04-01,2024-04-01
FS,2347065,4833338,0,116186,237,LE1,SKU029,2024-04-01,2024-04-01
MT,3176091,6232330,0,149816,266,LE1,SKU030,2024-04-01,2024-04-01
GT,3203850,6286800,0,151125,263,LE1,SKU030,2024-04-01,2024-04-01
EC,3237160,6352164,0,152696,294,LE1,SKU030,2024-04-01,2024-04-01
CV,3405780,6683040,0,160650,288,LE1,SKU030,2024-04-01,2024-04-01
FS,3477860,6824480,0,164050,288,LE1,SKU030,2024-04-01,2024-04-01
MT,3066324,7416224,0,178275,278,LE1,SKU031,2024-04-01,2024-04-01
GT,3202232,7744932,0,186176,284,LE1,SKU031,2024-04-01,2024-04-01
EC,2864361,6927757,0,166533,281,LE1,SKU031,2024-04-01,2024-04-01
CV,2698367,6526284,0,156882,247,LE1,SKU031,2024-04-01,2024-04-01
FS,3015649,7293662,0,175328,270,LE1,SKU031,2024-04-01,2024-04-01
MT,3323247,7595994,0,182596,253,LE1,SKU032,2024-04-01,2024-04-01
GT,3449628,7884864,0,189540,258,LE1,SKU032,2024-04-01,2024-04-01
EC,3518686,8042711,0,193334,290,LE1,SKU032,2024-04-01,2024-04-01
CV,3783780,8648640,0,207900,292,LE1,SKU032,2024-04-01,2024-04-01
FS,4074616,9313408,0,223880,307,LE1,SKU032,2024-04-01,2024-04-01
MT,4019481,8708875,0,209348,262,LE1,SKU033,2024-04-01,2024-04-01
GT,4834674,10475128,0,251806,308,LE1,SKU033,2024-04-01,2024-04-01
EC,3637086,7880352,0,189432,257,LE1,SKU033,2024-04-01,2024-04-01
CV,4637606,10048147,0,241542,305,LE1,SKU033,2024-04-01,2024-04-01
FS,5015298,10866478,0,261213,323,LE1,SKU033,2024-04-01,2024-04-01
MT,2727265,5616546,0,135013,154,LE1,SKU034,2024-04-01,2024-04-01
GT,2995610,6169176,0,148298,165,LE1,SKU034,2024-04-01,2024-04-01
EC,2605648,5366088,0,128992,159,LE1,SKU034,2024-04-01,2024-04-01
CV,2345084,4829479,0,116093,134,LE1,SKU034,2024-04-01,2024-04-01
FS,2888863,5949341,0,143013,161,LE1,SKU034,2024-04-01,2024-04-01
MT,3506354,6880392,0,165394,173,LE1,SKU035,2024-04-01,2024-04-01
GT,3645671,7153770,0,171966,176,LE1,SKU035,2024-04-01,2024-04-01
EC,2185376,4288284,0,103084,117,LE1,SKU035,2024-04-01,2024-04-01
CV,3107774,6098274,0,146593,155,LE1,SKU035,2024-04-01,2024-04-01
FS,3477860,6824480,0,164050,170,LE1,SKU035,2024-04-01,2024-04-01
MT,2890155,6990142,0,168032,162,LE1,SKU036,2024-04-01,2024-04-01
GT,2815683,6810024,0,163702,155,LE1,SKU036,2024-04-01,2024-04-01
EC,1796934,4346073,0,104473,109,LE1,SKU036,2024-04-01,2024-04-01
CV,3514115,8499254,0,204309,199,LE1,SKU036,2024-04-01,2024-04-01
FS,2805892,6786343,0,163133,156,LE1,SKU036,2024-04-01,2024-04-01
MT,783520,2150125,0,45554,112,LE1,SKU001,2024-05-01,2024-05-01
GT,1018778,2795715,0,59231,143,LE1,SKU001,2024-05-01,2024-05-01
EC,791895,2173107,0,46040,123,LE1,SKU001,2024-05-01,2024-05-01
CV,899659,2468831,0,52306,130,LE1,SKU001,2024-05-01,2024-05-01
FS,1000859,2746544,0,58190,142,LE1,SKU001,2024-05-01,2024-05-01
MT,1877704,4869898,0,103176,213,LE1,SKU002,2024-05-01,2024-05-01
GT,1077732,2795139,0,59219,120,LE1,SKU002,2024-05-01,2024-05-01
EC,1173370,3043182,0,64474,144,LE1,SKU002,2024-05-01,2024-05-01
CV,1090791,2829009,0,59937,125,LE1,SKU002,2024-05-01,2024-05-01
FS,934524,2423724,0,51350,105,LE1,SKU002,2024-05-01,2024-05-01
MT,1398120,3437045,0,72819,129,LE1,SKU003,2024-05-01,2024-05-01
GT,1602900,3940462,0,83484,145,LE1,SKU003,2024-05-01,2024-05-01
EC,1629936,4006926,0,84892,163,LE1,SKU003,2024-05-01,2024-05-01
CV,1621620,3986482,0,84459,152,LE1,SKU003,2024-05-01,2024-05-01
FS,1690680,4156255,0,88056,155,LE1,SKU003,2024-05-01,2024-05-01
MT,2130376,4978080,0,105468,164,LE1,SKU004,2024-05-01,2024-05-01
GT,2385474,5574172,0,118097,180,LE1,SKU004,2024-05-01,2024-05-01
EC,1739043,4063647,0,86094,145,LE1,SKU004,2024-05-01,2024-05-01
CV,2203271,5148417,0,109077,172,LE1,SKU004,2024-05-01,2024-05-01
FS,1916583,4478507,0,94884,146,LE1,SKU004,2024-05-01,2024-05-01
MT,2040797,4543661,0,96264,134,LE1,SKU005,2024-05-01,2024-05-01
GT,2612688,5816928,0,123240,167,LE1,SKU005,2024-05-01,2024-05-01
EC,1884799,4196344,0,88906,134,LE1,SKU005,2024-05-01,2024-05-01
CV,3013114,6708442,0,142128,199,LE1,SKU005,2024-05-01,2024-05-01
FS,2471326,5502198,0,116572,160,LE1,SKU005,2024-05-01,2024-05-01
MT,2842725,7800966,0,165275,207,LE1,SKU006,2024-05-01,2024-05-01
GT,2783191,7637595,0,161813,198,LE1,SKU006,2024-05-01,2024-05-01
EC,2396544,6576562,0,139334,189,LE1,SKU006,2024-05-01,2024-05-01
CV,2711980,7442177,0,157673,199,LE1,SKU006,2024-05-01,2024-05-01
FS,2327455,6386968,0,135317,167,LE1,SKU006,2024-05-01,2024-05-01
MT,3389295,8789820,0,186225,212,LE1,SKU007,2024-05-01,2024-05-01
GT,2837426,7358598,0,155902,174,LE1,SKU007,2024-05-01,2024-05-01
EC,2989358,7752621,0,164250,202,LE1,SKU007,2024-05-01,2024-05-01
CV,3219653,8349869,0,176904,204,LE1,SKU007,2024-05-01,2024-05-01
FS,2482969,6439348,0,136427,154,LE1,SKU007,2024-05-01,2024-05-01
MT,3311940,8141852,0,172497,180,LE1,SKU008,2024-05-01,2024-05-01
GT,4236570,10414902,0,220655,226,LE1,SKU008,2024-05-01,2024-05-01
EC,3400639,8359905,0,177117,200,LE1,SKU008,2024-05-01,2024-05-01
CV,2949534,7250938,0,153622,162,LE1,SKU008,2024-05-01,2024-05-01
FS,3779712,9291792,0,196860,204,LE1,SKU008,2024-05-01,2024-05-01
MT,3882314,9071545,0,192194,186,LE1,SKU009,2024-05-01,2024-05-01
GT,3578582,8361834,0,177158,167,LE1,SKU009,2024-05-01,2024-05-01
EC,4323149,10101617,0,214017,224,LE1,SKU009,2024-05-01,2024-05-01
CV,3556281,8309725,0,176054,172,LE1,SKU009,2024-05-01,2024-05-01
FS,4954146,11576024,0,245255,234,LE1,SKU009,2024-05-01,2024-05-01
MT,1557930,3468598,0,73487,181,LE1,SKU010,2024-05-01,2024-05-01
GT,1674270,3727620,0,78975,191,LE1,SKU010,2024-05-01,2024-05-01
EC,1733342,3859138,0,81761,218,LE1,SKU010,2024-05-01,2024-05-01
CV,1523586,3392134,0,71867,179,LE1,SKU010,2024-05-01,2024-05-01
FS,1638686,3648395,0,77296,189,LE1,SKU010,2024-05-01,2024-05-01
MT,1792282,4918356,0,104202,215,LE1,SKU011,2024-05-01,2024-05-01
GT,1937983,5318187,0,112673,228,LE1,SKU011,2024-05-01,2024-05-01
EC,1753129,4810913,0,101926,228,LE1,SKU011,2024-05-01,2024-05-01
CV,1956982,5370322,0,113778,237,LE1,SKU011,2024-05-01,2024-05-01
FS,1962714,5386051,0,114111,233,LE1,SKU011,2024-05-01,2024-05-01
MT,2335572,6057088,0,128328,228,LE1,SKU012,2024-05-01,2024-05-01
GT,2595206,6730425,0,142594,248,LE1,SKU012,2024-05-01,2024-05-01
EC,2056714,5333895,0,113006,217,LE1,SKU012,2024-05-01,2024-05-01
CV,2461607,6383948,0,135253,243,LE1,SKU012,2024-05-01,2024-05-01
FS,2645427,6860668,0,145353,255,LE1,SKU012,2024-05-01,2024-05-01
MT,3122391,7675879,0,162625,253,LE1,SKU013,2024-05-01,2024-05-01
GT,3347838,8230101,0,174367,266,LE1,SKU013,2024-05-01,2024-05-01
EC,2642401,6495904,0,137625,232,LE1,SKU013,2024-05-01,2024-05-01
CV,3490452,8580694,0,181794,286,LE1,SKU013,2024-05-01,2024-05-01
FS,3405910,8372861,0,177391,273,LE1,SKU013,2024-05-01,2024-05-01
MT,3873633,9051261,0,191764,266,LE1,SKU014,2024-05-01,2024-05-01
GT,3166956,7400016,0,156780,213,LE1,SKU014,2024-05-01,2024-05-01
EC,3078674,7193733,0,152410,229,LE1,SKU014,2024-05-01,2024-05-01
CV,3573461,8349869,0,176904,248,LE1,SKU014,2024-05-01,2024-05-01
FS,3945383,9218915,0,195316,268,LE1,SKU014,2024-05-01,2024-05-01
MT,4384271,9761208,0,206805,259,LE1,SKU015,2024-05-01,2024-05-01
GT,5374975,11966925,0,253537,311,LE1,SKU015,2024-05-01,2024-05-01
EC,4629958,10308207,0,218394,296,LE1,SKU015,2024-05-01,2024-05-01
CV,3182652,7085904,0,150125,190,LE1,SKU015,2024-05-01,2024-05-01
FS,4230458,9418756,0,199550,247,LE1,SKU015,2024-05-01,2024-05-01
MT,3267131,8965616,0,189950,216,LE1,SKU016,2024-05-01,2024-05-01
GT,3450008,9467464,0,200582,224,LE1,SKU016,2024-05-01,2024-05-01
EC,3342798,9173259,0,194349,240,LE1,SKU016,2024-05-01,2024-05-01
CV,4056998,11133158,0,235872,271,LE1,SKU016,2024-05-01,2024-05-01
FS,3981030,10924688,0,231455,261,LE1,SKU016,2024-05-01,2024-05-01
MT,2954846,7662920,0,162350,170,LE1,SKU017,2024-05-01,2024-05-01
GT,2111710,5476380,0,116025,119,LE1,SKU017,2024-05-01,2024-05-01
EC,1944397,5042482,0,106832,121,LE1,SKU017,2024-05-01,2024-05-01
CV,2485320,6445278,0,136552,144,LE1,SKU017,2024-05-01,2024-05-01
FS,1828795,4742686,0,100481,104,LE1,SKU017,2024-05-01,2024-05-01
MT,2403850,5909464,0,125200,121,LE1,SKU018,2024-05-01,2024-05-01
GT,2389608,5874453,0,124459,118,LE1,SKU018,2024-05-01,2024-05-01
EC,2629066,6463120,0,136930,143,LE1,SKU018,2024-05-01,2024-05-01
CV,2962915,7283833,0,154318,151,LE1,SKU018,2024-05-01,2024-05-01
FS,2983008,7333228,0,155365,148,LE1,SKU018,2024-05-01,2024-05-01
MT,1345547,3144051,0,66611,164,LE1,SKU019,2024-05-01,2024-05-01
GT,1249648,2919969,0,61864,149,LE1,SKU019,2024-05-01,2024-05-01
EC,1138468,2660183,0,56360,151,LE1,SKU019,2024-05-01,2024-05-01
CV,1477489,3452350,0,73143,182,LE1,SKU019,2024-05-01,2024-05-01
FS,1192972,2787538,0,59058,144,LE1,SKU019,2024-05-01,2024-05-01
MT,1349396,3004315,0,63651,131,LE1,SKU020,2024-05-01,2024-05-01
GT,1555418,3463005,0,73369,148,LE1,SKU020,2024-05-01,2024-05-01
EC,1487458,3311698,0,70163,157,LE1,SKU020,2024-05-01,2024-05-01
CV,1518327,3380425,0,71619,149,LE1,SKU020,2024-05-01,2024-05-01
FS,1572453,3500934,0,74172,152,LE1,SKU020,2024-05-01,2024-05-01
MT,1385944,3803288,0,80578,143,LE1,SKU021,2024-05-01,2024-05-01
GT,1173900,3221400,0,68250,119,LE1,SKU021,2024-05-01,2024-05-01
EC,1725633,4735458,0,100328,193,LE1,SKU021,2024-05-01,2024-05-01
CV,1401908,3847095,0,81506,146,LE1,SKU021,2024-05-01,2024-05-01
FS,1390082,3814645,0,80819,142,LE1,SKU021,2024-05-01,2024-05-01
MT,1993895,5170781,0,109550,171,LE1,SKU022,2024-05-01,2024-05-01
GT,1770132,4590495,0,97256,148,LE1,SKU022,2024-05-01,2024-05-01
EC,1830044,4745866,0,100548,170,LE1,SKU022,2024-05-01,2024-05-01
CV,1997526,5180196,0,109750,173,LE1,SKU022,2024-05-01,2024-05-01
FS,2290084,5938889,0,125824,194,LE1,SKU022,2024-05-01,2024-05-01
MT,2596378,6382762,0,135228,188,LE1,SKU023,2024-05-01,2024-05-01
GT,2740608,6737328,0,142740,194,LE1,SKU023,2024-05-01,2024-05-01
EC,2275983,5595126,0,118541,178,LE1,SKU023,2024-05-01,2024-05-01
CV,2569190,6315926,0,133812,188,LE1,SKU023,2024-05-01,2024-05-01
FS,2771789,6813981,0,144364,198,LE1,SKU023,2024-05-01,2024-05-01
MT,2807883,6560812,0,139000,174,LE1,SKU024,2024-05-01,2024-05-01
GT,2587010,6044727,0,128066,157,LE1,SKU024,2024-05-01,2024-05-01
EC,2545812,5948464,0,126027,171,LE1,SKU024,2024-05-01,2024-05-01
CV,2744598,6412940,0,135867,172,LE1,SKU024,2024-05-01,2024-05-01
FS,2975689,6952902,0,147307,182,LE1,SKU024,2024-05-01,2024-05-01
MT,3987450,8877718,0,188087,214,LE1,SKU025,2024-05-01,2024-05-01
GT,4091110,9108508,0,192977,215,LE1,SKU025,2024-05-01,2024-05-01
EC,3773805,8402055,0,178010,219,LE1,SKU025,2024-05-01,2024-05-01
CV,3730832,8306380,0,175983,202,LE1,SKU025,2024-05-01,2024-05-01
FS,3610326,8038083,0,170298,192,LE1,SKU025,2024-05-01,2024-05-01
MT,3473072,9530756,0,201923,211,LE1,SKU026,2024-05-01,2024-05-01
GT,3082536,8459052,0,179217,183,LE1,SKU026,2024-05-01,2024-05-01
EC,3030287,8315672,0,176180,199,LE1,SKU026,2024-05-01,2024-05-01
CV,3194927,8767474,0,185752,196,LE1,SKU026,2024-05-01,2024-05-01
FS,3209638,8807844,0,186607,193,LE1,SKU026,2024-05-01,2024-05-01
MT,4057594,10522992,0,222945,215,LE1,SKU027,2024-05-01,2024-05-01
GT,3632402,9420294,0,199582,189,LE1,SKU027,2024-05-01,2024-05-01
EC,3322847,8617493,0,182574,191,LE1,SKU027,2024-05-01,2024-05-01
CV,3441520,8925260,0,189094,184,LE1,SKU027,2024-05-01,2024-05-01
FS,3352777,8695113,0,184218,176,LE1,SKU027,2024-05-01,2024-05-01
MT,981893,2413820,0,51140,126,LE1,SKU028,2024-05-01,2024-05-01
GT,1491048,3665493,0,77659,188,LE1,SKU028,2024-05-01,2024-05-01
EC,1775572,4364947,0,92478,247,LE1,SKU028,2024-05-01,2024-05-01
CV,1583971,3893929,0,82498,206,LE1,SKU028,2024-05-01,2024-05-01
FS,1742558,4283789,0,90758,222,LE1,SKU028,2024-05-01,2024-05-01
MT,2405698,5620977,0,119088,246,LE1,SKU029,2024-05-01,2024-05-01
GT,1831473,4279284,0,90663,183,LE1,SKU029,2024-05-01,2024-05-01
EC,2499533,5840225,0,123734,277,LE1,SKU029,2024-05-01,2024-05-01
CV,1764859,4123640,0,87365,182,LE1,SKU029,2024-05-01,2024-05-01
FS,2074638,4847446,0,102700,210,LE1,SKU029,2024-05-01,2024-05-01
MT,2113176,4704808,0,99678,177,LE1,SKU030,2024-05-01,2024-05-01
GT,3229688,7190625,0,152344,265,LE1,SKU030,2024-05-01,2024-05-01
EC,2547657,5672142,0,120172,231,LE1,SKU030,2024-05-01,2024-05-01
CV,2704590,6021540,0,127575,229,LE1,SKU030,2024-05-01,2024-05-01
FS,2812975,6262850,0,132688,233,LE1,SKU030,2024-05-01,2024-05-01
MT,2305595,6326981,0,134046,209,LE1,SKU031,2024-05-01,2024-05-01
GT,3500947,9607251,0,203543,311,LE1,SKU031,2024-05-01,2024-05-01
EC,2237444,6139964,0,130084,219,LE1,SKU031,2024-05-01,2024-05-01
CV,2617300,7182359,0,152169,240,LE1,SKU031,2024-05-01,2024-05-01
FS,2471650,6782667,0,143701,222,LE1,SKU031,2024-05-01,2024-05-01
MT,3392771,8798835,0,186416,259,LE1,SKU032,2024-05-01,2024-05-01
GT,2867592,7436832,0,157560,214,LE1,SKU032,2024-05-01,2024-05-01
EC,3159112,8192863,0,173578,261,LE1,SKU032,2024-05-01,2024-05-01
CV,3481078,9027850,0,191268,268,LE1,SKU032,2024-05-01,2024-05-01
FS,3245642,8417270,0,178332,245,LE1,SKU032,2024-05-01,2024-05-01
MT,3970661,9761208,0,206805,259,LE1,SKU033,2024-05-01,2024-05-01
GT,3970746,9761418,0,206810,253,LE1,SKU033,2024-05-01,2024-05-01
EC,3516852,8645593,0,183169,248,LE1,SKU033,2024-05-01,2024-05-01
CV,3671438,9025619,0,191221,242,LE1,SKU033,2024-05-01,2024-05-01
FS,3321607,8165618,0,173000,214,LE1,SKU033,2024-05-01,2024-05-01
MT,2388708,5581536,0,118253,135,LE1,SKU034,2024-05-01,2024-05-01
GT,2669165,6236860,0,132137,147,LE1,SKU034,2024-05-01,2024-05-01
EC,2067148,4830167,0,102334,126,LE1,SKU034,2024-05-01,2024-05-01
CV,2177578,5088201,0,107801,124,LE1,SKU034,2024-05-01,2024-05-01
FS,2337698,5462344,0,115728,130,LE1,SKU034,2024-05-01,2024-05-01
MT,2861013,6369803,0,134953,141,LE1,SKU035,2024-05-01,2024-05-01
GT,2657387,5916447,0,125348,128,LE1,SKU035,2024-05-01,2024-05-01
EC,2403913,5352108,0,113392,128,LE1,SKU035,2024-05-01,2024-05-01
CV,3129060,6966587,0,147597,156,LE1,SKU035,2024-05-01,2024-05-01
FS,2869234,6388107,0,135341,140,LE1,SKU035,2024-05-01,2024-05-01
MT,2304568,6324163,0,133986,129,LE1,SKU036,2024-05-01,2024-05-01
GT,2622828,7197528,0,152490,144,LE1,SKU036,2024-05-01,2024-05-01
EC,1971393,5409870,0,114616,120,LE1,SKU036,2024-05-01,2024-05-01
CV,1981363,5437228,0,115196,112,LE1,SKU036,2024-05-01,2024-05-01
FS,2653190,7280848,0,154255,147,LE1,SKU036,2024-05-01,2024-05-01
MT,1042230,2520742,0,60595,149,LE1,SKU001,2024-06-01,2024-06-01
GT,1116882,2701296,0,64935,157,LE1,SKU001,2024-06-01,2024-06-01
EC,989869,2394101,0,57550,154,LE1,SKU001,2024-06-01,2024-06-01
CV,980116,2370514,0,56984,142,LE1,SKU001,2024-06-01,2024-06-01
FS,799194,1932934,0,46465,113,LE1,SKU001,2024-06-01,2024-06-01
MT,1363904,3117655,0,74944,155,LE1,SKU002,2024-06-01,2024-06-01
GT,1382930,3161144,0,75989,154,LE1,SKU002,2024-06-01,2024-06-01
EC,836889,1912987,0,45985,103,LE1,SKU002,2024-06-01,2024-06-01
CV,1423574,3254051,0,78222,163,LE1,SKU002,2024-06-01,2024-06-01
FS,1312109,2999259,0,72098,147,LE1,SKU002,2024-06-01,2024-06-01
MT,1925280,4171440,0,100275,178,LE1,SKU003,2024-06-01,2024-06-01
GT,1614600,3498300,0,84094,146,LE1,SKU003,2024-06-01,2024-06-01
EC,1524096,3302208,0,79380,153,LE1,SKU003,2024-06-01,2024-06-01
CV,1678320,3636360,0,87412,157,LE1,SKU003,2024-06-01,2024-06-01
FS,2084400,4516200,0,108562,191,LE1,SKU003,2024-06-01,2024-06-01
MT,2185353,4500685,0,108190,169,LE1,SKU004,2024-06-01,2024-06-01
GT,1992572,4103658,0,98646,151,LE1,SKU004,2024-06-01,2024-06-01
EC,2056387,4235082,0,101805,172,LE1,SKU004,2024-06-01,2024-06-01
CV,1944863,4005401,0,96284,152,LE1,SKU004,2024-06-01,2024-06-01
FS,2027689,4175980,0,100384,155,LE1,SKU004,2024-06-01,2024-06-01
MT,2737259,5371226,0,129116,179,LE1,SKU005,2024-06-01,2024-06-01
GT,2281968,4477824,0,107640,146,LE1,SKU005,2024-06-01,2024-06-01
EC,2318602,4549709,0,109368,164,LE1,SKU005,2024-06-01,2024-06-01
CV,2868869,5629478,0,135324,190,LE1,SKU005,2024-06-01,2024-06-01
FS,3109616,6101888,0,146680,201,LE1,SKU005,2024-06-01,2024-06-01
MT,2419960,5852928,0,140695,176,LE1,SKU006,2024-06-01,2024-06-01
GT,2292040,5543538,0,133258,163,LE1,SKU006,2024-06-01,2024-06-01
EC,2383080,5763729,0,138551,188,LE1,SKU006,2024-06-01,2024-06-01
CV,2178239,5268300,0,126642,160,LE1,SKU006,2024-06-01,2024-06-01
FS,2563146,6199237,0,149020,184,LE1,SKU006,2024-06-01,2024-06-01
MT,3372349,7708225,0,185294,211,LE1,SKU007,2024-06-01,2024-06-01
GT,3356467,7671924,0,184421,206,LE1,SKU007,2024-06-01,2024-06-01
EC,2347664,5366088,0,128992,159,LE1,SKU007,2024-06-01,2024-06-01
CV,2833965,6477635,0,155712,179,LE1,SKU007,2024-06-01,2024-06-01
FS,3322041,7593238,0,182530,206,LE1,SKU007,2024-06-01,2024-06-01
MT,3292458,7133660,0,171482,179,LE1,SKU008,2024-06-01,2024-06-01
GT,3798990,8231144,0,197864,202,LE1,SKU008,2024-06-01,2024-06-01
EC,3148740,6822270,0,163997,186,LE1,SKU008,2024-06-01,2024-06-01
CV,3874878,8395570,0,201817,213,LE1,SKU008,2024-06-01,2024-06-01
FS,3090702,6696522,0,160974,166,LE1,SKU008,2024-06-01,2024-06-01
MT,4614407,9502938,0,228436,220,LE1,SKU009,2024-06-01,2024-06-01
GT,5209328,10728120,0,257888,244,LE1,SKU009,2024-06-01,2024-06-01
EC,4282172,8818730,0,211989,222,LE1,SKU009,2024-06-01,2024-06-01
CV,4456327,9177386,0,220610,215,LE1,SKU009,2024-06-01,2024-06-01
FS,4281637,8817630,0,211962,202,LE1,SKU009,2024-06-01,2024-06-01
MT,2095461,4111848,0,98842,244,LE1,SKU010,2024-06-01,2024-06-01
GT,1869602,3668652,0,88189,213,LE1,SKU010,2024-06-01,2024-06-01
EC,1809070,3549874,0,85334,228,LE1,SKU010,2024-06-01,2024-06-01
CV,1884198,3697294,0,88877,222,LE1,SKU010,2024-06-01,2024-06-01
FS,1850426,3631025,0,87284,213,LE1,SKU010,2024-06-01,2024-06-01
MT,1818769,4398883,0,105742,218,LE1,SKU011,2024-06-01,2024-06-01
GT,1775733,4294796,0,103240,209,LE1,SKU011,2024-06-01,2024-06-01
EC,1704205,4121798,0,99082,222,LE1,SKU011,2024-06-01,2024-06-01
CV,2000664,4838815,0,116318,243,LE1,SKU011,2024-06-01,2024-06-01
FS,1730756,4186016,0,100625,206,LE1,SKU011,2024-06-01,2024-06-01
MT,2683192,6133010,0,147428,262,LE1,SKU012,2024-06-01,2024-06-01
GT,2306850,5272800,0,126750,220,LE1,SKU012,2024-06-01,2024-06-01
EC,2367729,5411952,0,130095,250,LE1,SKU012,2024-06-01,2024-06-01
CV,2429359,5552820,0,133481,240,LE1,SKU012,2024-06-01,2024-06-01
FS,2184398,4992910,0,120022,211,LE1,SKU012,2024-06-01,2024-06-01
MT,3827869,8293717,0,199368,311,LE1,SKU013,2024-06-01,2024-06-01
GT,3321162,7195852,0,172977,264,LE1,SKU013,2024-06-01,2024-06-01
EC,2811322,6091198,0,146423,247,LE1,SKU013,2024-06-01,2024-06-01
CV,3270683,7086480,0,170348,268,LE1,SKU013,2024-06-01,2024-06-01
FS,3445513,7465279,0,179454,277,LE1,SKU013,2024-06-01,2024-06-01
MT,3564977,7341734,0,176484,245,LE1,SKU014,2024-06-01,2024-06-01
GT,3466320,7138560,0,171600,233,LE1,SKU014,2024-06-01,2024-06-01
EC,3406496,7015357,0,168638,253,LE1,SKU014,2024-06-01,2024-06-01
CV,3634546,7485005,0,179928,252,LE1,SKU014,2024-06-01,2024-06-01
FS,3196852,6583616,0,158260,217,LE1,SKU014,2024-06-01,2024-06-01
MT,4617859,9061460,0,217824,272,LE1,SKU015,2024-06-01,2024-06-01
GT,4035818,7919340,0,190369,233,LE1,SKU015,2024-06-01,2024-06-01
EC,3899785,7652408,0,183952,249,LE1,SKU015,2024-06-01,2024-06-01
CV,4747307,9315470,0,223930,283,LE1,SKU015,2024-06-01,2024-06-01
FS,4139676,8123138,0,195268,242,LE1,SKU015,2024-06-01,2024-06-01
MT,4019853,9722435,0,233712,266,LE1,SKU016,2024-06-01,2024-06-01
GT,3924180,9491040,0,228150,254,LE1,SKU016,2024-06-01,2024-06-01
EC,3816114,9229671,0,221867,273,LE1,SKU016,2024-06-01,2024-06-01
CV,4421494,10693847,0,257064,296,LE1,SKU016,2024-06-01,2024-06-01
FS,4272325,10333066,0,248391,280,LE1,SKU016,2024-06-01,2024-06-01
MT,2345409,5360796,0,128865,135,LE1,SKU017,2024-06-01,2024-06-01
GT,2262546,5171400,0,124312,127,LE1,SKU017,2024-06-01,2024-06-01
EC,1739724,3976409,0,95587,108,LE1,SKU017,2024-06-01,2024-06-01
CV,2722887,6223582,0,149605,158,LE1,SKU017,2024-06-01,2024-06-01
FS,2575241,5886114,0,141493,146,LE1,SKU017,2024-06-01,2024-06-01
MT,3141874,6807393,0,163639,158,LE1,SKU018,2024-06-01,2024-06-01
GT,2992392,6483516,0,155854,147,LE1,SKU018,2024-06-01,2024-06-01
EC,2765388,5991673,0,144031,151,LE1,SKU018,2024-06-01,2024-06-01
CV,3088109,6690902,0,160839,157,LE1,SKU018,2024-06-01,2024-06-01
FS,2429021,5262878,0,126512,121,LE1,SKU018,2024-06-01,2024-06-01
MT,1085119,2234700,0,53719,132,LE1,SKU019,2024-06-01,2024-06-01
GT,1081256,2226744,0,53528,129,LE1,SKU019,2024-06-01,2024-06-01
EC,873894,1799703,0,43262,116,LE1,SKU019,2024-06-01,2024-06-01
CV,1245557,2565108,0,61661,154,LE1,SKU019,2024-06-01,2024-06-01
FS,1482443,3052951,0,73388,179,LE1,SKU019,2024-06-01,2024-06-01
MT,1534393,3010885,0,72377,149,LE1,SKU020,2024-06-01,2024-06-01
GT,1544308,3030340,0,72845,147,LE1,SKU020,2024-06-01,2024-06-01
EC,1467357,2879342,0,69215,155,LE1,SKU020,2024-06-01,2024-06-01
CV,1486022,2915968,0,70095,146,LE1,SKU020,2024-06-01,2024-06-01
FS,1693411,3322920,0,79878,163,LE1,SKU020,2024-06-01,2024-06-01
MT,1591269,3848650,0,92516,164,LE1,SKU021,2024-06-01,2024-06-01
GT,1635075,3954600,0,95062,165,LE1,SKU021,2024-06-01,2024-06-01
EC,1308447,3164616,0,76072,146,LE1,SKU021,2024-06-01,2024-06-01
CV,1747305,4226040,0,101588,182,LE1,SKU021,2024-06-01,2024-06-01
FS,1680548,4064580,0,97706,172,LE1,SKU021,2024-06-01,2024-06-01
MT,1894820,4330849,0,104107,162,LE1,SKU022,2024-06-01,2024-06-01
GT,1896570,4334850,0,104203,159,LE1,SKU022,2024-06-01,2024-06-01
EC,2310431,5280781,0,126942,214,LE1,SKU022,2024-06-01,2024-06-01
CV,2573500,5882058,0,141396,223,LE1,SKU022,2024-06-01,2024-06-01
FS,2052316,4690826,0,112760,174,LE1,SKU022,2024-06-01,2024-06-01
MT,3051110,6610739,0,158912,220,LE1,SKU023,2024-06-01,2024-06-01
GT,2995200,6489600,0,156000,212,LE1,SKU023,2024-06-01,2024-06-01
EC,1774725,3845238,0,92434,139,LE1,SKU023,2024-06-01,2024-06-01
CV,2569190,5566579,0,133812,188,LE1,SKU023,2024-06-01,2024-06-01
FS,2712499,5877082,0,141276,194,LE1,SKU023,2024-06-01,2024-06-01
MT,2790762,5747152,0,138153,173,LE1,SKU024,2024-06-01,2024-06-01
GT,3076445,6335472,0,152295,187,LE1,SKU024,2024-06-01,2024-06-01
EC,3083437,6349871,0,152641,207,LE1,SKU024,2024-06-01,2024-06-01
CV,3083437,6349871,0,152641,193,LE1,SKU024,2024-06-01,2024-06-01
FS,2768083,5700448,0,137030,170,LE1,SKU024,2024-06-01,2024-06-01
MT,4658605,9141413,0,219746,250,LE1,SKU025,2024-06-01,2024-06-01
GT,3950037,7751016,0,186322,208,LE1,SKU025,2024-06-01,2024-06-01
EC,3463879,6797045,0,163390,201,LE1,SKU025,2024-06-01,2024-06-01
CV,3476901,6822598,0,164005,189,LE1,SKU025,2024-06-01,2024-06-01
FS,3530539,6927851,0,166535,188,LE1,SKU025,2024-06-01,2024-06-01
MT,3420714,8273356,0,198879,208,LE1,SKU026,2024-06-01,2024-06-01
GT,3100354,7498530,0,180253,184,LE1,SKU026,2024-06-01,2024-06-01
EC,3401014,8225708,0,197733,224,LE1,SKU026,2024-06-01,2024-06-01
CV,3333086,8061418,0,193784,205,LE1,SKU026,2024-06-01,2024-06-01
FS,3156732,7634886,0,183531,190,LE1,SKU026,2024-06-01,2024-06-01
MT,3937666,9000378,0,216355,209,LE1,SKU027,2024-06-01,2024-06-01
GT,4509892,10308324,0,247796,234,LE1,SKU027,2024-06-01,2024-06-01
EC,3507449,8017027,0,192717,201,LE1,SKU027,2024-06-01,2024-06-01
CV,3362404,7685496,0,184748,180,LE1,SKU027,2024-06-01,2024-06-01
FS,3413369,7801986,0,187548,179,LE1,SKU027,2024-06-01,2024-06-01
MT,2071051,4487278,0,107867,266,LE1,SKU028,2024-06-01,2024-06-01
GT,1684800,3650400,0,87750,212,LE1,SKU028,2024-06-01,2024-06-01
EC,1767951,3830561,0,92081,246,LE1,SKU028,2024-06-01,2024-06-01
CV,1869739,4051102,0,97382,243,LE1,SKU028,2024-06-01,2024-06-01
FS,1517443,3287794,0,79034,193,LE1,SKU028,2024-06-01,2024-06-01
MT,2384960,4911374,0,118062,244,LE1,SKU029,2024-06-01,2024-06-01
GT,2329041,4796220,0,115294,233,LE1,SKU029,2024-06-01,2024-06-01
EC,1896198,3904861,0,93867,210,LE1,SKU029,2024-06-01,2024-06-01
CV,2206074,4542994,0,109207,228,LE1,SKU029,2024-06-01,2024-06-01
FS,2305153,4747028,0,114111,233,LE1,SKU029,2024-06-01,2024-06-01
MT,2885055,5661240,0,136088,242,LE1,SKU030,2024-06-01,2024-06-01
GT,3617250,7098000,0,170625,297,LE1,SKU030,2024-06-01,2024-06-01
EC,3120296,6122844,0,147184,283,LE1,SKU030,2024-06-01,2024-06-01
CV,3092749,6068790,0,145884,262,LE1,SKU030,2024-06-01,2024-06-01
FS,2774616,5444530,0,130878,230,LE1,SKU030,2024-06-01,2024-06-01
MT,3101434,7501144,0,180316,281,LE1,SKU031,2024-06-01,2024-06-01
GT,2903516,7022456,0,168809,258,LE1,SKU031,2024-06-01,2024-06-01
EC,2572521,6221910,0,149565,252,LE1,SKU031,2024-06-01,2024-06-01
CV,2883663,6974441,0,167655,264,LE1,SKU031,2024-06-01,2024-06-01
FS,2779127,6721610,0,161577,249,LE1,SKU031,2024-06-01,2024-06-01
MT,3323247,7595994,0,182596,253,LE1,SKU032,2024-06-01,2024-06-01
GT,3549000,8112000,0,195000,265,LE1,SKU032,2024-06-01,2024-06-01
EC,2825222,6457651,0,155232,233,LE1,SKU032,2024-06-01,2024-06-01
CV,3880094,8868787,0,213192,299,LE1,SKU032,2024-06-01,2024-06-01
FS,3343995,7643418,0,183736,252,LE1,SKU032,2024-06-01,2024-06-01
MT,4442583,9625597,0,231385,289,LE1,SKU033,2024-06-01,2024-06-01
GT,4369482,9467212,0,227577,279,LE1,SKU033,2024-06-01,2024-06-01
EC,3862525,8368804,0,201173,272,LE1,SKU033,2024-06-01,2024-06-01
CV,4508784,9769032,0,234832,297,LE1,SKU033,2024-06-01,2024-06-01
FS,4719313,10225179,0,245798,304,LE1,SKU033,2024-06-01,2024-06-01
MT,2181812,4493237,0,108010,123,LE1,SKU034,2024-06-01,2024-06-01
GT,2304315,4745520,0,114075,127,LE1,SKU034,2024-06-01,2024-06-01
EC,1806583,3720488,0,89435,110,LE1,SKU034,2024-06-01,2024-06-01
CV,2214801,4561175,0,109644,126,LE1,SKU034,2024-06-01,2024-06-01
FS,2014602,4148882,0,99733,112,LE1,SKU034,2024-06-01,2024-06-01
MT,2796479,5487430,0,131909,138,LE1,SKU035,2024-06-01,2024-06-01
GT,2327959,4568070,0,109809,112,LE1,SKU035,2024-06-01,2024-06-01
EC,2642318,5184925,0,124638,141,LE1,SKU035,2024-06-01,2024-06-01
CV,2554335,5012280,0,120488,127,LE1,SKU035,2024-06-01,2024-06-01
FS,2934444,5758154,0,138417,143,LE1,SKU035,2024-06-01,2024-06-01
MT,2701256,6533270,0,157050,152,LE1,SKU036,2024-06-01,2024-06-01
GT,2372116,5737212,0,137914,130,LE1,SKU036,2024-06-01,2024-06-01
EC,2407542,5822893,0,139973,146,LE1,SKU036,2024-06-01,2024-06-01
CV,2897276,7007364,0,168446,164,LE1,SKU036,2024-06-01,2024-06-01
FS,2824980,6832509,0,164243,157,LE1,SKU036,2024-06-01,2024-06-01
MT,901787,2181067,0,52430,129,LE1,SKU001,2024-07-01,2024-07-01
GT,1207440,2920320,0,70200,170,LE1,SKU001,2024-07-01,2024-07-01
EC,675841,1634593,0,39293,105,LE1,SKU001,2024-07-01,2024-07-01
CV,994745,2405894,0,57834,144,LE1,SKU001,2024-07-01,2024-07-01
FS,844008,2041322,0,49070,120,LE1,SKU001,2024-07-01,2024-07-01
MT,1382588,3160362,0,75970,157,LE1,SKU002,2024-07-01,2024-07-01
GT,1087269,2485314,0,59743,121,LE1,SKU002,2024-07-01,2024-07-01
EC,1147487,2622962,0,63052,141,LE1,SKU002,2024-07-01,2024-07-01
CV,1238695,2831447,0,68064,142,LE1,SKU002,2024-07-01,2024-07-01
FS,1283790,2934526,0,70542,144,LE1,SKU002,2024-07-01,2024-07-01
MT,2074260,4494230,0,108034,192,LE1,SKU003,2024-07-01,2024-07-01
GT,2106000,4563000,0,109688,191,LE1,SKU003,2024-07-01,2024-07-01
EC,1502928,3256344,0,78278,151,LE1,SKU003,2024-07-01,2024-07-01
CV,1735020,3759210,0,90366,162,LE1,SKU003,2024-07-01,2024-07-01
FS,1783320,3863860,0,92881,163,LE1,SKU003,2024-07-01,2024-07-01
MT,2102887,4330849,0,104107,162,LE1,SKU004,2024-07-01,2024-07-01
GT,2441603,5028426,0,120876,184,LE1,SKU004,2024-07-01,2024-07-01
EC,1802512,3712232,0,89236,151,LE1,SKU004,2024-07-01,2024-07-01
CV,2529682,5209823,0,125236,197,LE1,SKU004,2024-07-01,2024-07-01
FS,1791588,3689736,0,88696,137,LE1,SKU004,2024-07-01,2024-07-01
MT,2980211,5847962,0,140576,195,LE1,SKU005,2024-07-01,2024-07-01
GT,2711904,5321472,0,127920,174,LE1,SKU005,2024-07-01,2024-07-01
EC,2662652,5224827,0,125597,189,LE1,SKU005,2024-07-01,2024-07-01
CV,2227781,4371494,0,105084,147,LE1,SKU005,2024-07-01,2024-07-01
FS,2880486,5652275,0,135872,187,LE1,SKU005,2024-07-01,2024-07-01
MT,2828147,6840168,0,164427,206,LE1,SKU006,2024-07-01,2024-07-01
GT,2485524,6011500,0,144507,177,LE1,SKU006,2024-07-01,2024-07-01
EC,2369616,5731165,0,137768,187,LE1,SKU006,2024-07-01,2024-07-01
CV,2466748,5966088,0,143416,181,LE1,SKU006,2024-07-01,2024-07-01
FS,2592608,6270493,0,150733,187,LE1,SKU006,2024-07-01,2024-07-01
MT,2711436,6197568,0,148980,170,LE1,SKU007,2024-07-01,2024-07-01
GT,3391070,7751016,0,186322,208,LE1,SKU007,2024-07-01,2024-07-01
EC,3098916,7083236,0,170270,210,LE1,SKU007,2024-07-01,2024-07-01
CV,2733351,6247660,0,150184,173,LE1,SKU007,2024-07-01,2024-07-01
FS,3167926,7240974,0,174062,196,LE1,SKU007,2024-07-01,2024-07-01
MT,3798990,8231144,0,197864,207,LE1,SKU008,2024-07-01,2024-07-01
GT,3421080,7412340,0,178181,182,LE1,SKU008,2024-07-01,2024-07-01
EC,4174330,9044381,0,217413,246,LE1,SKU008,2024-07-01,2024-07-01
CV,3951990,8562646,0,205833,217,LE1,SKU008,2024-07-01,2024-07-01
FS,3976572,8615906,0,207113,214,LE1,SKU008,2024-07-01,2024-07-01
MT,3926683,8086634,0,194390,188,LE1,SKU009,2024-07-01,2024-07-01
GT,4778992,9841884,0,236584,224,LE1,SKU009,2024-07-01,2024-07-01
EC,3749461,7721663,0,185617,194,LE1,SKU009,2024-07-01,2024-07-01
CV,4324613,8906134,0,214090,209,LE1,SKU009,2024-07-01,2024-07-01
FS,4662726,9602445,0,230828,220,LE1,SKU009,2024-07-01,2024-07-01
MT,1703701,3343111,0,80363,198,LE1,SKU010,2024-07-01,2024-07-01
GT,2167250,4252716,0,102229,247,LE1,SKU010,2024-07-01,2024-07-01
EC,1598713,3137098,0,75411,201,LE1,SKU010,2024-07-01,2024-07-01
CV,1848136,3626532,0,87176,217,LE1,SKU010,2024-07-01,2024-07-01
FS,2411998,4732978,0,113774,278,LE1,SKU010,2024-07-01,2024-07-01
MT,1774624,4292113,0,103176,213,LE1,SKU011,2024-07-01,2024-07-01
GT,1856858,4491006,0,107957,218,LE1,SKU011,2024-07-01,2024-07-01
EC,1647126,3983747,0,95763,214,LE1,SKU011,2024-07-01,2024-07-01
CV,1808461,4373952,0,105143,219,LE1,SKU011,2024-07-01,2024-07-01
FS,2069771,5005957,0,120336,246,LE1,SKU011,2024-07-01,2024-07-01
MT,2411614,5512260,0,132506,235,LE1,SKU012,2024-07-01,2024-07-01
GT,2561934,5855850,0,140766,245,LE1,SKU012,2024-07-01,2024-07-01
EC,2458024,5618340,0,135056,260,LE1,SKU012,2024-07-01,2024-07-01
CV,2687344,6142500,0,147656,265,LE1,SKU012,2024-07-01,2024-07-01
FS,2733242,6247410,0,150178,264,LE1,SKU012,2024-07-01,2024-07-01
MT,3044005,6595345,0,158542,247,LE1,SKU013,2024-07-01,2024-07-01
GT,2747628,5953194,0,143106,218,LE1,SKU013,2024-07-01,2024-07-01
EC,2702730,5855916,0,140767,237,LE1,SKU013,2024-07-01,2024-07-01
CV,2701869,5854049,0,140722,222,LE1,SKU013,2024-07-01,2024-07-01
FS,2772252,6006546,0,144388,223,LE1,SKU013,2024-07-01,2024-07-01
MT,4105125,8454118,0,203224,282,LE1,SKU014,2024-07-01,2024-07-01
GT,3387540,6976320,0,167700,228,LE1,SKU014,2024-07-01,2024-07-01
EC,3078674,6340239,0,152410,229,LE1,SKU014,2024-07-01,2024-07-01
CV,3985783,8208346,0,197316,277,LE1,SKU014,2024-07-01,2024-07-01
FS,3695873,7611302,0,182964,251,LE1,SKU014,2024-07-01,2024-07-01
MT,5049099,9907666,0,238165,298,LE1,SKU015,2024-07-01,2024-07-01
GT,4421054,8675276,0,208540,255,LE1,SKU015,2024-07-01,2024-07-01
EC,3700647,7261647,0,174559,236,LE1,SKU015,2024-07-01,2024-07-01
CV,4622846,9071244,0,218059,276,LE1,SKU015,2024-07-01,2024-07-01
FS,4303084,8443788,0,202976,251,LE1,SKU015,2024-07-01,2024-07-01
MT,3875715,9373822,0,225332,257,LE1,SKU016,2024-07-01,2024-07-01
GT,4790770,11586978,0,278533,311,LE1,SKU016,2024-07-01,2024-07-01
EC,3653412,8836158,0,212408,262,LE1,SKU016,2024-07-01,2024-07-01
CV,4120389,9965592,0,239558,276,LE1,SKU016,2024-07-01,2024-07-01
FS,4628352,11194154,0,269090,303,LE1,SKU016,2024-07-01,2024-07-01
MT,2234603,5107532,0,122777,128,LE1,SKU017,2024-07-01,2024-07-01
GT,2432237,5559256,0,133636,137,LE1,SKU017,2024-07-01,2024-07-01
EC,2183183,4990003,0,119952,136,LE1,SKU017,2024-07-01,2024-07-01
CV,2485320,5680584,0,136552,144,LE1,SKU017,2024-07-01,2024-07-01
FS,2575241,5886114,0,141493,146,LE1,SKU017,2024-07-01,2024-07-01
MT,2530368,5482464,0,131790,127,LE1,SKU018,2024-07-01,2024-07-01
GT,2884752,6250296,0,150248,142,LE1,SKU018,2024-07-01,2024-07-01
EC,2882235,6244842,0,150116,157,LE1,SKU018,2024-07-01,2024-07-01
CV,3296765,7142990,0,171706,167,LE1,SKU018,2024-07-01,2024-07-01
FS,2514250,5447541,0,130950,125,LE1,SKU018,2024-07-01,2024-07-01
MT,1232695,2538619,0,61024,151,LE1,SKU019,2024-07-01,2024-07-01
GT,1214197,2500524,0,60109,145,LE1,SKU019,2024-07-01,2024-07-01
EC,889929,1832725,0,44056,118,LE1,SKU019,2024-07-01,2024-07-01
CV,1374408,2830464,0,68040,170,LE1,SKU019,2024-07-01,2024-07-01
FS,1236831,2547137,0,61229,149,LE1,SKU019,2024-07-01,2024-07-01
MT,1012047,1985903,0,47738,99,LE1,SKU020,2024-07-01,2024-07-01
GT,1855391,3640768,0,87518,177,LE1,SKU020,2024-07-01,2024-07-01
EC,1718617,3372380,0,81067,181,LE1,SKU020,2024-07-01,2024-07-01
CV,1550632,3042749,0,73143,153,LE1,SKU020,2024-07-01,2024-07-01
FS,1440499,2826640,0,67948,139,LE1,SKU020,2024-07-01,2024-07-01
MT,1991652,4817020,0,115794,206,LE1,SKU021,2024-07-01,2024-07-01
GT,1593150,3853200,0,92625,161,LE1,SKU021,2024-07-01,2024-07-01
EC,1270521,3072888,0,73868,142,LE1,SKU021,2024-07-01,2024-07-01
CV,1513654,3660930,0,88003,158,LE1,SKU021,2024-07-01,2024-07-01
FS,1607931,3888950,0,93484,164,LE1,SKU021,2024-07-01,2024-07-01
MT,2018663,4613910,0,110911,173,LE1,SKU022,2024-07-01,2024-07-01
GT,1744844,3988062,0,95867,146,LE1,SKU022,2024-07-01,2024-07-01
EC,2150302,4914786,0,118144,199,LE1,SKU022,2024-07-01,2024-07-01
CV,2328404,5321862,0,127929,201,LE1,SKU022,2024-07-01,2024-07-01
FS,2477796,5663315,0,136137,210,LE1,SKU022,2024-07-01,2024-07-01
MT,2801741,6070438,0,145924,202,LE1,SKU023,2024-07-01,2024-07-01
GT,2740608,5937984,0,142740,194,LE1,SKU023,2024-07-01,2024-07-01
EC,2574029,5577062,0,134064,201,LE1,SKU023,2024-07-01,2024-07-01
CV,2844979,6164122,0,148176,208,LE1,SKU023,2024-07-01,2024-07-01
FS,2490163,5395354,0,129696,178,LE1,SKU023,2024-07-01,2024-07-01
MT,3304399,6804909,0,163580,205,LE1,SKU024,2024-07-01,2024-07-01
GT,3128884,6443464,0,154891,190,LE1,SKU024,2024-07-01,2024-07-01
EC,3067624,6317307,0,151858,206,LE1,SKU024,2024-07-01,2024-07-01
CV,2812365,5791640,0,139222,176,LE1,SKU024,2024-07-01,2024-07-01
FS,3321700,6840538,0,164436,204,LE1,SKU024,2024-07-01,2024-07-01
MT,4086149,8018104,0,192743,219,LE1,SKU025,2024-07-01,2024-07-01
GT,3607432,7078734,0,170162,190,LE1,SKU025,2024-07-01,2024-07-01
EC,3354493,6582401,0,158231,195,LE1,SKU025,2024-07-01,2024-07-01
CV,4414492,8662399,0,208231,240,LE1,SKU025,2024-07-01,2024-07-01
FS,3091715,6066762,0,145836,164,LE1,SKU025,2024-07-01,2024-07-01
MT,3473072,8399988,0,201923,211,LE1,SKU026,2024-07-01,2024-07-01
GT,2993445,7239960,0,174038,178,LE1,SKU026,2024-07-01,2024-07-01
EC,3691148,8927428,0,214602,243,LE1,SKU026,2024-07-01,2024-07-01
CV,3747563,9063874,0,217882,230,LE1,SKU026,2024-07-01,2024-07-01
FS,3685794,8914478,0,214290,222,LE1,SKU026,2024-07-01,2024-07-01
MT,4197512,9594312,0,230632,223,LE1,SKU027,2024-07-01,2024-07-01
GT,4652739,10634832,0,255645,242,LE1,SKU027,2024-07-01,2024-07-01
EC,3470529,7932637,0,190688,199,LE1,SKU027,2024-07-01,2024-07-01
CV,4529357,10352815,0,248866,243,LE1,SKU027,2024-07-01,2024-07-01
FS,3837516,8771464,0,210852,201,LE1,SKU027,2024-07-01,2024-07-01
MT,1823515,3950950,0,94975,234,LE1,SKU028,2024-07-01,2024-07-01
GT,1819584,3942432,0,94770,229,LE1,SKU028,2024-07-01,2024-07-01
EC,1798433,3896605,0,93668,250,LE1,SKU028,2024-07-01,2024-07-01
CV,1641125,3555770,0,85475,213,LE1,SKU028,2024-07-01,2024-07-01
FS,1392379,3016822,0,72520,177,LE1,SKU028,2024-07-01,2024-07-01
MT,2084247,4292113,0,103176,213,LE1,SKU029,2024-07-01,2024-07-01
GT,2636051,5428448,0,130492,264,LE1,SKU029,2024-07-01,2024-07-01
EC,2432496,5009266,0,120415,269,LE1,SKU029,2024-07-01,2024-07-01
CV,2113727,4352821,0,104635,218,LE1,SKU029,2024-07-01,2024-07-01
FS,2284197,4703873,0,113074,231,LE1,SKU029,2024-07-01,2024-07-01
MT,2733210,5363280,0,128925,229,LE1,SKU030,2024-07-01,2024-07-01
GT,2157431,4233450,0,101766,177,LE1,SKU030,2024-07-01,2024-07-01
EC,2547657,4999176,0,120172,231,LE1,SKU030,2024-07-01,2024-07-01
CV,3230482,6339060,0,152381,273,LE1,SKU030,2024-07-01,2024-07-01
FS,2838548,5569980,0,133894,235,LE1,SKU030,2024-07-01,2024-07-01
MT,2247077,5434790,0,130644,204,LE1,SKU031,2024-07-01,2024-07-01
GT,2760132,6675668,0,160473,245,LE1,SKU031,2024-07-01,2024-07-01
EC,2529285,6117340,0,147051,248,LE1,SKU031,2024-07-01,2024-07-01
CV,3161606,7646676,0,183814,289,LE1,SKU031,2024-07-01,2024-07-01
FS,2660867,6435586,0,154702,238,LE1,SKU031,2024-07-01,2024-07-01
MT,4129726,9439373,0,226908,315,LE1,SKU032,2024-07-01,2024-07-01
GT,3733548,8533824,0,205140,279,LE1,SKU032,2024-07-01,2024-07-01
EC,3634263,8306888,0,199685,300,LE1,SKU032,2024-07-01,2024-07-01
CV,3714984,8491392,0,204120,286,LE1,SKU032,2024-07-01,2024-07-01
FS,2908433,6647846,0,159804,219,LE1,SKU032,2024-07-01,2024-07-01
MT,3824202,8285772,0,199177,249,LE1,SKU033,2024-07-01,2024-07-01
GT,4136886,8963252,0,215463,264,LE1,SKU033,2024-07-01,2024-07-01
EC,3862525,8368804,0,201173,272,LE1,SKU033,2024-07-01,2024-07-01
CV,4363859,9455028,0,227284,287,LE1,SKU033,2024-07-01,2024-07-01
FS,5015298,10866478,0,261213,323,LE1,SKU033,2024-07-01,2024-07-01
MT,2896544,5965159,0,143393,163,LE1,SKU034,2024-07-01,2024-07-01
GT,2285112,4705974,0,113124,126,LE1,SKU034,2024-07-01,2024-07-01
EC,1945551,4006679,0,96314,119,LE1,SKU034,2024-07-01,2024-07-01
CV,2568425,5289430,0,127150,146,LE1,SKU034,2024-07-01,2024-07-01
FS,2470738,5088252,0,122314,138,LE1,SKU034,2024-07-01,2024-07-01
MT,2947059,5782908,0,139012,145,LE1,SKU035,2024-07-01,2024-07-01
GT,2833082,5559256,0,133636,137,LE1,SKU035,2024-07-01,2024-07-01
EC,3496601,6861254,0,164934,187,LE1,SKU035,2024-07-01,2024-07-01
CV,2469190,4845204,0,116471,123,LE1,SKU035,2024-07-01,2024-07-01
FS,2869234,5630196,0,135341,140,LE1,SKU035,2024-07-01,2024-07-01
MT,2380127,5756587,0,138380,134,LE1,SKU036,2024-07-01,2024-07-01
GT,2449258,5923788,0,142399,135,LE1,SKU036,2024-07-01,2024-07-01
EC,2547110,6160452,0,148088,155,LE1,SKU036,2024-07-01,2024-07-01
CV,2672970,6464858,0,155405,152,LE1,SKU036,2024-07-01,2024-07-01
FS,2824980,6832509,0,164243,157,LE1,SKU036,2024-07-01,2024-07-01
MT,1360073,3289478,0,79074,195,LE1,SKU001,2024-08-01,2024-08-01
GT,1018778,2464020,0,59231,143,LE1,SKU001,2024-08-01,2024-08-01
EC,1010349,2443634,0,58741,157,LE1,SKU001,2024-08-01,2024-08-01
CV,906973,2193610,0,52731,131,LE1,SKU001,2024-08-01,2024-08-01
FS,1060612,2565202,0,61664,151,LE1,SKU001,2024-08-01,2024-08-01
MT,1681526,3843684,0,92396,191,LE1,SKU002,2024-08-01,2024-08-01
GT,1192181,2725124,0,65508,132,LE1,SKU002,2024-08-01,2024-08-01
EC,1432202,3273772,0,78696,176,LE1,SKU002,2024-08-01,2024-08-01
CV,1516014,3465353,0,83302,174,LE1,SKU002,2024-08-01,2024-08-01
FS,1604737,3668158,0,88177,180,LE1,SKU002,2024-08-01,2024-08-01
MT,2349300,5090150,0,122359,217,LE1,SKU003,2024-08-01,2024-08-01
GT,2070900,4486950,0,107859,188,LE1,SKU003,2024-08-01,2024-08-01
EC,1894536,4104828,0,98674,190,LE1,SKU003,2024-08-01,2024-08-01
CV,1995840,4324320,0,103950,187,LE1,SKU003,2024-08-01,2024-08-01
FS,2038080,4415840,0,106150,187,LE1,SKU003,2024-08-01,2024-08-01
MT,2226586,4585604,0,110231,172,LE1,SKU004,2024-08-01,2024-08-01
GT,2048701,4219254,0,101424,155,LE1,SKU004,2024-08-01,2024-08-01
EC,1967530,4052084,0,97406,164,LE1,SKU004,2024-08-01,2024-08-01
CV,2420878,4985744,0,119850,189,LE1,SKU004,2024-08-01,2024-08-01
FS,2263789,4662223,0,112073,173,LE1,SKU004,2024-08-01,2024-08-01
MT,3498509,6864998,0,165024,229,LE1,SKU005,2024-08-01,2024-08-01
GT,3290664,6457152,0,155220,211,LE1,SKU005,2024-08-01,2024-08-01
EC,2797281,5489004,0,131947,198,LE1,SKU005,2024-08-01,2024-08-01
CV,2131618,4182797,0,100548,141,LE1,SKU005,2024-08-01,2024-08-01
FS,2553158,5009971,0,120432,165,LE1,SKU005,2024-08-01,2024-08-01
MT,2653210,6417065,0,154256,193,LE1,SKU006,2024-08-01,2024-08-01
GT,2812958,6803432,0,163544,200,LE1,SKU006,2024-08-01,2024-08-01
EC,2100342,5079897,0,122113,165,LE1,SKU006,2024-08-01,2024-08-01
CV,2466748,5966088,0,143416,181,LE1,SKU006,2024-08-01,2024-08-01
FS,2533685,6127982,0,147307,182,LE1,SKU006,2024-08-01,2024-08-01
MT,3389295,7746960,0,186225,212,LE1,SKU007,2024-08-01,2024-08-01
GT,3564083,8146476,0,195829,218,LE1,SKU007,2024-08-01,2024-08-01
EC,2785894,6367758,0,153071,189,LE1,SKU007,2024-08-01,2024-08-01
CV,3035194,6937585,0,166769,192,LE1,SKU007,2024-08-01,2024-08-01
FS,4263857,9745960,0,234278,264,LE1,SKU007,2024-08-01,2024-08-01
MT,4052256,8779888,0,211055,220,LE1,SKU008,2024-08-01,2024-08-01
GT,3997890,8662096,0,208223,213,LE1,SKU008,2024-08-01,2024-08-01
EC,3454618,7485005,0,179928,204,LE1,SKU008,2024-08-01,2024-08-01
CV,4568886,9899254,0,237963,251,LE1,SKU008,2024-08-01,2024-08-01
FS,3878142,8402642,0,201987,209,LE1,SKU008,2024-08-01,2024-08-01
MT,4259453,8771942,0,210864,204,LE1,SKU009,2024-08-01,2024-08-01
GT,4484552,9235512,0,222008,210,LE1,SKU009,2024-08-01,2024-08-01
EC,3749461,7721663,0,185617,194,LE1,SKU009,2024-08-01,2024-08-01
CV,4170946,8589672,0,206482,201,LE1,SKU009,2024-08-01,2024-08-01
FS,4617892,9510114,0,228608,218,LE1,SKU009,2024-08-01,2024-08-01
MT,1621705,3182213,0,76496,189,LE1,SKU010,2024-08-01,2024-08-01
GT,1674270,3285360,0,78975,191,LE1,SKU010,2024-08-01,2024-08-01
EC,1565056,3071053,0,73823,197,LE1,SKU010,2024-08-01,2024-08-01
CV,1974351,3874198,0,93130,232,LE1,SKU010,2024-08-01,2024-08-01
FS,1758365,3450377,0,82942,202,LE1,SKU010,2024-08-01,2024-08-01
MT,2286705,5530635,0,132948,275,LE1,SKU011,2024-08-01,2024-08-01
GT,1703622,4120388,0,99048,200,LE1,SKU011,2024-08-01,2024-08-01
EC,1997752,4831772,0,116148,260,LE1,SKU011,2024-08-01,2024-08-01
CV,1974455,4775425,0,114794,240,LE1,SKU011,2024-08-01,2024-08-01
FS,2114378,5113843,0,122929,251,LE1,SKU011,2024-08-01,2024-08-01
MT,2770097,6331650,0,152203,270,LE1,SKU012,2024-08-01,2024-08-01
GT,2717203,6210750,0,149297,260,LE1,SKU012,2024-08-01,2024-08-01
EC,3019858,6902532,0,165926,319,LE1,SKU012,2024-08-01,2024-08-01
CV,2536852,5798520,0,139388,250,LE1,SKU012,2024-08-01,2024-08-01
FS,2206352,5043090,0,121228,213,LE1,SKU012,2024-08-01,2024-08-01
MT,2861103,6199057,0,149016,232,LE1,SKU013,2024-08-01,2024-08-01
GT,3374514,7311448,0,175756,268,LE1,SKU013,2024-08-01,2024-08-01
EC,2521744,5463778,0,131341,222,LE1,SKU013,2024-08-01,2024-08-01
CV,3154334,6834391,0,164288,259,LE1,SKU013,2024-08-01,2024-08-01
FS,2891063,6263969,0,150576,232,LE1,SKU013,2024-08-01,2024-08-01
MT,4336617,8930854,0,214684,298,LE1,SKU014,2024-08-01,2024-08-01
GT,4427436,9117888,0,219180,298,LE1,SKU014,2024-08-01,2024-08-01
EC,3349483,6897946,0,165816,249,LE1,SKU014,2024-08-01,2024-08-01
CV,4306478,8868787,0,213192,299,LE1,SKU014,2024-08-01,2024-08-01
FS,4226082,8703219,0,209212,287,LE1,SKU014,2024-08-01,2024-08-01
MT,5228783,10260253,0,246641,308,LE1,SKU015,2024-08-01,2024-08-01
GT,4842981,9503208,0,228442,280,LE1,SKU015,2024-08-01,2024-08-01
EC,3866595,7587282,0,182387,247,LE1,SKU015,2024-08-01,2024-08-01
CV,5547415,10885493,0,261670,331,LE1,SKU015,2024-08-01,2024-08-01
FS,5210909,10225179,0,245798,304,LE1,SKU015,2024-08-01,2024-08-01
MT,4468283,10807009,0,259784,296,LE1,SKU016,2024-08-01,2024-08-01
GT,4185792,10123776,0,243360,271,LE1,SKU016,2024-08-01,2024-08-01
EC,3801323,9193897,0,221007,272,LE1,SKU016,2024-08-01,2024-08-01
CV,3898522,9428983,0,226658,261,LE1,SKU016,2024-08-01,2024-08-01
FS,4045762,9785100,0,235219,265,LE1,SKU016,2024-08-01,2024-08-01
MT,2548555,5825118,0,140027,146,LE1,SKU017,2024-08-01,2024-08-01
GT,1696910,3878550,0,93234,95,LE1,SKU017,2024-08-01,2024-08-01
EC,2080846,4756097,0,114329,129,LE1,SKU017,2024-08-01,2024-08-01
CV,2485320,5680584,0,136552,144,LE1,SKU017,2024-08-01,2024-08-01
FS,2351307,5374278,0,129189,134,LE1,SKU017,2024-08-01,2024-08-01
MT,3394910,7355639,0,176818,171,LE1,SKU018,2024-08-01,2024-08-01
GT,3616704,7836192,0,188370,178,LE1,SKU018,2024-08-01,2024-08-01
EC,2512218,5443140,0,130845,137,LE1,SKU018,2024-08-01,2024-08-01
CV,2441275,5289430,0,127150,124,LE1,SKU018,2024-08-01,2024-08-01
FS,2897779,6278522,0,150926,144,LE1,SKU018,2024-08-01,2024-08-01
MT,1371590,2824661,0,67900,167,LE1,SKU019,2024-08-01,2024-08-01
GT,1302824,2683044,0,64496,156,LE1,SKU019,2024-08-01,2024-08-01
EC,1314850,2707811,0,65092,174,LE1,SKU019,2024-08-01,2024-08-01
CV,1279917,2635870,0,63362,158,LE1,SKU019,2024-08-01,2024-08-01
FS,1631564,3360053,0,80770,197,LE1,SKU019,2024-08-01,2024-08-01
MT,1632334,3203070,0,76997,159,LE1,SKU020,2024-08-01,2024-08-01
GT,1922051,3771572,0,90663,183,LE1,SKU020,2024-08-01,2024-08-01
EC,1879423,3687924,0,88652,198,LE1,SKU020,2024-08-01,2024-08-01
CV,1410644,2768057,0,66540,139,LE1,SKU020,2024-08-01,2024-08-01
FS,1616438,3171878,0,76247,156,LE1,SKU020,2024-08-01,2024-08-01
MT,1642600,3972800,0,95500,170,LE1,SKU021,2024-08-01,2024-08-01
GT,1781812,4309500,0,103594,180,LE1,SKU021,2024-08-01,2024-08-01
EC,1735114,4196556,0,100879,194,LE1,SKU021,2024-08-01,2024-08-01
CV,1483178,3587220,0,86231,155,LE1,SKU021,2024-08-01,2024-08-01
FS,1597558,3863860,0,92881,163,LE1,SKU021,2024-08-01,2024-08-01
MT,1832897,4189318,0,100705,157,LE1,SKU022,2024-08-01,2024-08-01
GT,1656338,3785768,0,91004,139,LE1,SKU022,2024-08-01,2024-08-01
EC,1624164,3712232,0,89236,151,LE1,SKU022,2024-08-01,2024-08-01
CV,1997526,4565597,0,109750,173,LE1,SKU022,2024-08-01,2024-08-01
FS,2277570,5205673,0,125136,193,LE1,SKU022,2024-08-01,2024-08-01
MT,2317670,5021619,0,120712,167,LE1,SKU023,2024-08-01,2024-08-01
GT,2785536,6035328,0,145080,197,LE1,SKU023,2024-08-01,2024-08-01
EC,2208246,4784532,0,115013,173,LE1,SKU023,2024-08-01,2024-08-01
CV,2525645,5472230,0,131544,184,LE1,SKU023,2024-08-01,2024-08-01
FS,3171994,6872653,0,165208,227,LE1,SKU023,2024-08-01,2024-08-01
MT,2961974,6099737,0,146628,183,LE1,SKU024,2024-08-01,2024-08-01
GT,2954086,6083492,0,146238,179,LE1,SKU024,2024-08-01,2024-08-01
EC,3257374,6708069,0,161252,218,LE1,SKU024,2024-08-01,2024-08-01
CV,3151205,6489428,0,155996,197,LE1,SKU024,2024-08-01,2024-08-01
FS,3131394,6448631,0,155015,192,LE1,SKU024,2024-08-01,2024-08-01
MT,5487678,10768274,0,258853,295,LE1,SKU025,2024-08-01,2024-08-01
GT,4232182,8304660,0,199631,223,LE1,SKU025,2024-08-01,2024-08-01
EC,3956114,7762941,0,186609,230,LE1,SKU025,2024-08-01,2024-08-01
CV,4043362,7934144,0,190725,219,LE1,SKU025,2024-08-01,2024-08-01
FS,4069096,7984642,0,191938,216,LE1,SKU025,2024-08-01,2024-08-01
MT,3298546,7977880,0,191776,200,LE1,SKU026,2024-08-01,2024-08-01
GT,4365441,10558276,0,253805,260,LE1,SKU026,2024-08-01,2024-08-01
EC,3852333,9317272,0,223973,253,LE1,SKU026,2024-08-01,2024-08-01
CV,3851182,9314486,0,223906,236,LE1,SKU026,2024-08-01,2024-08-01
FS,4373573,10577944,0,254278,263,LE1,SKU026,2024-08-01,2024-08-01
MT,4637251,10599430,0,254794,246,LE1,SKU027,2024-08-01,2024-08-01
GT,4224197,9655308,0,232099,219,LE1,SKU027,2024-08-01,2024-08-01
EC,4042797,9240679,0,222132,232,LE1,SKU027,2024-08-01,2024-08-01
CV,3441520,7866331,0,189094,184,LE1,SKU027,2024-08-01,2024-08-01
FS,4342452,9925604,0,238596,228,LE1,SKU027,2024-08-01,2024-08-01
MT,1625486,3521887,0,84661,209,LE1,SKU028,2024-08-01,2024-08-01
GT,2063880,4471740,0,107494,260,LE1,SKU028,2024-08-01,2024-08-01
EC,1836536,3979161,0,95653,255,LE1,SKU028,2024-08-01,2024-08-01
CV,1706443,3697294,0,88877,222,LE1,SKU028,2024-08-01,2024-08-01
FS,1934323,4191034,0,100746,246,LE1,SKU028,2024-08-01,2024-08-01
MT,2685672,5530635,0,132948,275,LE1,SKU029,2024-08-01,2024-08-01
GT,2244349,4621812,0,111101,225,LE1,SKU029,2024-08-01,2024-08-01
EC,2126040,4378177,0,105245,235,LE1,SKU029,2024-08-01,2024-08-01
CV,1990597,4099259,0,98540,206,LE1,SKU029,2024-08-01,2024-08-01
FS,2629971,5415928,0,130191,266,LE1,SKU029,2024-08-01,2024-08-01
MT,2568711,5040490,0,121166,215,LE1,SKU030,2024-08-01,2024-08-01
GT,3539738,6945900,0,166969,290,LE1,SKU030,2024-08-01,2024-08-01
EC,2711268,5320224,0,127890,246,LE1,SKU030,2024-08-01,2024-08-01
CV,3318131,6511050,0,156516,281,LE1,SKU030,2024-08-01,2024-08-01
FS,3004769,5896150,0,141734,249,LE1,SKU030,2024-08-01,2024-08-01
MT,2949288,7133162,0,171470,267,LE1,SKU031,2024-08-01,2024-08-01
GT,3142488,7600436,0,182703,279,LE1,SKU031,2024-08-01,2024-08-01
EC,2831934,6849330,0,164647,278,LE1,SKU031,2024-08-01,2024-08-01
CV,2895244,7002450,0,168328,265,LE1,SKU031,2024-08-01,2024-08-01
FS,2708171,6549996,0,157452,243,LE1,SKU031,2024-08-01,2024-08-01
MT,3962868,9057984,0,217740,302,LE1,SKU032,2024-08-01,2024-08-01
GT,3776136,8631168,0,207480,282,LE1,SKU032,2024-08-01,2024-08-01
EC,2838064,6487004,0,155938,234,LE1,SKU032,2024-08-01,2024-08-01
CV,3302208,7547904,0,181440,254,LE1,SKU032,2024-08-01,2024-08-01
FS,2992735,6840538,0,164436,226,LE1,SKU032,2024-08-01,2024-08-01
MT,4393764,9519822,0,228842,286,LE1,SKU033,2024-08-01,2024-08-01
GT,4768218,10331140,0,248345,304,LE1,SKU033,2024-08-01,2024-08-01
EC,3396617,7359337,0,176907,240,LE1,SKU033,2024-08-01,2024-08-01
CV,5056279,10955272,0,263348,333,LE1,SKU033,2024-08-01,2024-08-01
FS,3995795,8657556,0,208114,258,LE1,SKU033,2024-08-01,2024-08-01
MT,2351091,4841850,0,116391,132,LE1,SKU034,2024-08-01,2024-08-01
GT,2150694,4429152,0,106470,119,LE1,SKU034,2024-08-01,2024-08-01
EC,2292971,4722157,0,113513,140,LE1,SKU034,2024-08-01,2024-08-01
CV,1656448,3411299,0,82002,94,LE1,SKU034,2024-08-01,2024-08-01
FS,3230965,6653868,0,159949,180,LE1,SKU034,2024-08-01,2024-08-01
MT,3441820,6753760,0,162350,170,LE1,SKU035,2024-08-01,2024-08-01
GT,3118586,6119490,0,147103,151,LE1,SKU035,2024-08-01,2024-08-01
EC,2880722,5652738,0,135883,154,LE1,SKU035,2024-08-01,2024-08-01
CV,3895361,7643726,0,183743,194,LE1,SKU035,2024-08-01,2024-08-01
FS,3195284,6269990,0,150721,156,LE1,SKU035,2024-08-01,2024-08-01
MT,3041274,7355639,0,176818,171,LE1,SKU036,2024-08-01,2024-08-01
GT,2912110,7043244,0,169309,160,LE1,SKU036,2024-08-01,2024-08-01
EC,2739016,6624596,0,159245,166,LE1,SKU036,2024-08-01,2024-08-01
CV,2467357,5967562,0,143451,140,LE1,SKU036,2024-08-01,2024-08-01
FS,3435786,8309808,0,199755,191,LE1,SKU036,2024-08-01,2024-08-01
MT,1219630,2949804,0,70909,175,LE1,SKU001,2024-09-01,2024-09-01
GT,1214986,2938572,0,70639,171,LE1,SKU001,2024-09-01,2024-09-01
EC,1035024,2503313,0,60176,214,LE1,SKU001,2024-09-01,2024-09-01
CV,943545,2282062,0,54857,137,LE1,SKU001,2024-09-01,2024-09-01
FS,1083020,2619396,0,62966,154,LE1,SKU001,2024-09-01,2024-09-01
MT,1522715,3480670,0,83670,173,LE1,SKU002,2024-09-01,2024-09-01
GT,1220794,2790528,0,67080,136,LE1,SKU002,2024-09-01,2024-09-01
EC,1458085,3332937,0,80119,179,LE1,SKU002,2024-09-01,2024-09-01
CV,1155499,2641274,0,63492,132,LE1,SKU002,2024-09-01,2024-09-01
FS,1406505,3215032,0,77284,158,LE1,SKU002,2024-09-01,2024-09-01
MT,2028420,4394910,0,105647,188,LE1,SKU003,2024-09-01,2024-09-01
GT,2047500,4436250,0,106641,186,LE1,SKU003,2024-09-01,2024-09-01
EC,1778112,3852576,0,92610,178,LE1,SKU003,2024-09-01,2024-09-01
CV,1542240,3341520,0,80325,144,LE1,SKU003,2024-09-01,2024-09-01
FS,1968600,4265300,0,102531,180,LE1,SKU003,2024-09-01,2024-09-01
MT,2199098,4528992,0,108870,170,LE1,SKU004,2024-09-01,2024-09-01
GT,3073052,6328880,0,152137,232,LE1,SKU004,2024-09-01,2024-09-01
EC,2234099,4601076,0,110603,187,LE1,SKU004,2024-09-01,2024-09-01
CV,2216871,4565597,0,109750,173,LE1,SKU004,2024-09-01,2024-09-01
FS,2347120,4833840,0,116198,179,LE1,SKU004,2024-09-01,2024-09-01
MT,2170371,4258842,0,102376,142,LE1,SKU005,2024-09-01,2024-09-01
GT,2298504,4510272,0,108420,147,LE1,SKU005,2024-09-01,2024-09-01
EC,2514964,4935025,0,118630,237,LE1,SKU005,2024-09-01,2024-09-01
CV,2644488,5189184,0,124740,175,LE1,SKU005,2024-09-01,2024-09-01
FS,3240547,6358810,0,152856,210,LE1,SKU005,2024-09-01,2024-09-01
MT,2638631,6381806,0,153409,192,LE1,SKU006,2024-09-01,2024-09-01
GT,2321806,5615532,0,134989,165,LE1,SKU006,2024-09-01,2024-09-01
EC,2625427,6349871,0,152641,207,LE1,SKU006,2024-09-01,2024-09-01
CV,2899510,7012769,0,168576,213,LE1,SKU006,2024-09-01,2024-09-01
FS,2872492,6947422,0,167005,207,LE1,SKU006,2024-09-01,2024-09-01
MT,3084258,7049734,0,169465,193,LE1,SKU007,2024-09-01,2024-09-01
GT,3806302,8700120,0,209138,233,LE1,SKU007,2024-09-01,2024-09-01
EC,3411938,7798715,0,187469,231,LE1,SKU007,2024-09-01,2024-09-01
CV,3521495,8049132,0,193489,223,LE1,SKU007,2024-09-01,2024-09-01
FS,3698768,8454326,0,203229,229,LE1,SKU007,2024-09-01,2024-09-01
MT,3643134,7893456,0,189747,198,LE1,SKU008,2024-09-01,2024-09-01
GT,4196790,9093044,0,218583,224,LE1,SKU008,2024-09-01,2024-09-01
EC,2986805,6471410,0,155563,176,LE1,SKU008,2024-09-01,2024-09-01
CV,3142314,6808346,0,163662,173,LE1,SKU008,2024-09-01,2024-09-01
FS,3897828,8445294,0,203012,210,LE1,SKU008,2024-09-01,2024-09-01
MT,5102470,10508056,0,252598,244,LE1,SKU009,2024-09-01,2024-09-01
GT,4733693,9748596,0,234341,222,LE1,SKU009,2024-09-01,2024-09-01
EC,3644648,7505809,0,180428,251,LE1,SKU009,2024-09-01,2024-09-01
CV,3841661,7911540,0,190181,186,LE1,SKU009,2024-09-01,2024-09-01
FS,2802119,5770700,0,138719,132,LE1,SKU009,2024-09-01,2024-09-01
MT,2241232,4397890,0,105718,261,LE1,SKU010,2024-09-01,2024-09-01
GT,1981220,3887676,0,93454,226,LE1,SKU010,2024-09-01,2024-09-01
EC,1472499,2889432,0,69458,186,LE1,SKU010,2024-09-01,2024-09-01
CV,2001397,3927269,0,94406,235,LE1,SKU010,2024-09-01,2024-09-01
FS,2172640,4263293,0,102483,250,LE1,SKU010,2024-09-01,2024-09-01
MT,2065980,4996789,0,120115,248,LE1,SKU011,2024-09-01,2024-09-01
GT,1974039,4774420,0,114770,232,LE1,SKU011,2024-09-01,2024-09-01
EC,1810208,4378177,0,105245,235,LE1,SKU011,2024-09-01,2024-09-01
CV,1572574,3803436,0,91429,191,LE1,SKU011,2024-09-01,2024-09-01
FS,2060849,4984380,0,119817,245,LE1,SKU011,2024-09-01,2024-09-01
MT,2650602,6058520,0,145638,259,LE1,SKU012,2024-09-01,2024-09-01
GT,2329031,5323500,0,127969,223,LE1,SKU012,2024-09-01,2024-09-01
EC,2688777,6145776,0,147735,284,LE1,SKU012,2024-09-01,2024-09-01
CV,2407860,5503680,0,132300,237,LE1,SKU012,2024-09-01,2024-09-01
FS,2799103,6397950,0,153797,270,LE1,SKU012,2024-09-01,2024-09-01
MT,3318358,7189775,0,172831,269,LE1,SKU013,2024-09-01,2024-09-01
GT,3121092,6762366,0,162557,248,LE1,SKU013,2024-09-01,2024-09-01
EC,2952308,6396668,0,153766,346,LE1,SKU013,2024-09-01,2024-09-01
CV,3671438,7954783,0,191221,301,LE1,SKU013,2024-09-01,2024-09-01
FS,3392709,7350869,0,176704,272,LE1,SKU013,2024-09-01,2024-09-01
MT,3935364,8104512,0,194820,270,LE1,SKU014,2024-09-01,2024-09-01
GT,3513588,7235904,0,173940,236,LE1,SKU014,2024-09-01,2024-09-01
EC,3819836,7866593,0,189101,284,LE1,SKU014,2024-09-01,2024-09-01
CV,4001054,8239795,0,198072,278,LE1,SKU014,2024-09-01,2024-09-01
FS,4023355,8285722,0,199176,273,LE1,SKU014,2024-09-01,2024-09-01
MT,4851448,9519822,0,228842,286,LE1,SKU015,2024-09-01,2024-09-01
GT,4476088,8783268,0,211136,259,LE1,SKU015,2024-09-01,2024-09-01
EC,4298061,8433931,0,202739,275,LE1,SKU015,2024-09-01,2024-09-01
CV,4267242,8373456,0,201285,254,LE1,SKU015,2024-09-01,2024-09-01
FS,4684371,9191972,0,220961,273,LE1,SKU015,2024-09-01,2024-09-01
MT,3731577,9025208,0,216952,247,LE1,SKU016,2024-09-01,2024-09-01
GT,4349300,10519236,0,252866,282,LE1,SKU016,2024-09-01,2024-09-01
EC,4111937,9945150,0,239066,295,LE1,SKU016,2024-09-01,2024-09-01
CV,3375549,8164120,0,196253,226,LE1,SKU016,2024-09-01,2024-09-01
FS,4353240,10528768,0,253095,285,LE1,SKU016,2024-09-01,2024-09-01
MT,2862507,6542704,0,157277,164,LE1,SKU017,2024-09-01,2024-09-01
GT,2997873,6852104,0,164714,169,LE1,SKU017,2024-09-01,2024-09-01
EC,2701171,6173944,0,148412,224,LE1,SKU017,2024-09-01,2024-09-01
CV,2266027,5179356,0,124504,131,LE1,SKU017,2024-09-01,2024-09-01
FS,2295324,5246318,0,126113,130,LE1,SKU017,2024-09-01,2024-09-01
MT,2804491,6076398,0,146067,141,LE1,SKU018,2024-09-01,2024-09-01
GT,3143088,6810024,0,163702,155,LE1,SKU018,2024-09-01,2024-09-01
EC,3213302,6962155,0,167360,175,LE1,SKU018,2024-09-01,2024-09-01
CV,3150706,6826529,0,164099,160,LE1,SKU018,2024-09-01,2024-09-01
FS,2706014,5863031,0,140938,135,LE1,SKU018,2024-09-01,2024-09-01
MT,1536528,3164335,0,76066,188,LE1,SKU019,2024-09-01,2024-09-01
GT,1356001,2792556,0,67129,162,LE1,SKU019,2024-09-01,2024-09-01
EC,1106398,2278524,0,54772,146,LE1,SKU019,2024-09-01,2024-09-01
CV,1348638,2777393,0,66764,166,LE1,SKU019,2024-09-01,2024-09-01
FS,1596477,3287794,0,79034,193,LE1,SKU019,2024-09-01,2024-09-01
MT,2100269,4121283,0,99069,205,LE1,SKU020,2024-09-01,2024-09-01
GT,1722070,3379156,0,81230,164,LE1,SKU020,2024-09-01,2024-09-01
EC,1839221,3609038,0,86756,194,LE1,SKU020,2024-09-01,2024-09-01
CV,1970595,3866827,0,92953,194,LE1,SKU020,2024-09-01,2024-09-01
FS,1748392,3430807,0,82471,169,LE1,SKU020,2024-09-01,2024-09-01
MT,1437275,3476200,0,83562,148,LE1,SKU021,2024-09-01,2024-09-01
GT,1467375,3549000,0,85312,148,LE1,SKU021,2024-09-01,2024-09-01
EC,1729310,4182516,0,100541,258,LE1,SKU021,2024-09-01,2024-09-01
CV,1747305,4226040,0,101588,182,LE1,SKU021,2024-09-01,2024-09-01
FS,1711669,4139850,0,99516,175,LE1,SKU021,2024-09-01,2024-09-01
MT,2154893,4925279,0,118396,184,LE1,SKU022,2024-09-01,2024-09-01
GT,1845995,4219254,0,101424,155,LE1,SKU022,2024-09-01,2024-09-01
EC,1875795,4287367,0,103062,174,LE1,SKU022,2024-09-01,2024-09-01
CV,2205857,5041764,0,121196,191,LE1,SKU022,2024-09-01,2024-09-01
FS,2377683,5434494,0,130637,201,LE1,SKU022,2024-09-01,2024-09-01
MT,3227136,6992128,0,168080,233,LE1,SKU023,2024-09-01,2024-09-01
GT,2500992,5418816,0,130260,177,LE1,SKU023,2024-09-01,2024-09-01
EC,2804337,6076063,0,146059,219,LE1,SKU023,2024-09-01,2024-09-01
CV,2336947,5063386,0,121716,171,LE1,SKU023,2024-09-01,2024-09-01
FS,2653210,5748621,0,138188,190,LE1,SKU023,2024-09-01,2024-09-01
MT,3783794,7792150,0,187311,234,LE1,SKU024,2024-09-01,2024-09-01
GT,3530920,7271394,0,174793,214,LE1,SKU024,2024-09-01,2024-09-01
EC,3051812,6284744,0,151076,205,LE1,SKU024,2024-09-01,2024-09-01
CV,3151205,6489428,0,155996,197,LE1,SKU024,2024-09-01,2024-09-01
FS,2871886,5914215,0,142169,176,LE1,SKU024,2024-09-01,2024-09-01
MT,4165108,8173043,0,196467,224,LE1,SKU025,2024-09-01,2024-09-01
GT,5239845,10281960,0,247162,276,LE1,SKU025,2024-09-01,2024-09-01
EC,3927176,7706157,0,185244,304,LE1,SKU025,2024-09-01,2024-09-01
CV,3164370,6209330,0,149263,172,LE1,SKU025,2024-09-01,2024-09-01
FS,4607653,9041432,0,217342,245,LE1,SKU025,2024-09-01,2024-09-01
MT,3158925,7640192,0,183658,192,LE1,SKU026,2024-09-01,2024-09-01
GT,4365441,10558276,0,253805,260,LE1,SKU026,2024-09-01,2024-09-01
EC,3417133,8264693,0,198670,225,LE1,SKU026,2024-09-01,2024-09-01
CV,3523054,8520876,0,204829,216,LE1,SKU026,2024-09-01,2024-09-01
FS,4179584,10108762,0,242999,251,LE1,SKU026,2024-09-01,2024-09-01
MT,4377405,10005497,0,240517,232,LE1,SKU027,2024-09-01,2024-09-01
GT,3836469,8769072,0,210795,199,LE1,SKU027,2024-09-01,2024-09-01
EC,3507449,8017027,0,192717,201,LE1,SKU027,2024-09-01,2024-09-01
CV,3817318,8725298,0,209743,205,LE1,SKU027,2024-09-01,2024-09-01
FS,4504031,10294929,0,247474,236,LE1,SKU027,2024-09-01,2024-09-01
MT,2095805,4540910,0,109156,269,LE1,SKU028,2024-09-01,2024-09-01
GT,1954368,4234464,0,101790,246,LE1,SKU028,2024-09-01,2024-09-01
EC,1341204,2905943,0,69854,187,LE1,SKU028,2024-09-01,2024-09-01
CV,2090189,4528742,0,108864,271,LE1,SKU028,2024-09-01,2024-09-01
FS,1675858,3631025,0,87284,213,LE1,SKU028,2024-09-01,2024-09-01
MT,2457545,5060850,0,121655,251,LE1,SKU029,2024-09-01,2024-09-01
GT,2424320,4992428,0,120010,243,LE1,SKU029,2024-09-01,2024-09-01
EC,2285783,4707138,0,113152,337,LE1,SKU029,2024-09-01,2024-09-01
CV,2626767,5409331,0,130032,271,LE1,SKU029,2024-09-01,2024-09-01
FS,2242286,4617564,0,110999,227,LE1,SKU029,2024-09-01,2024-09-01
MT,3960624,7771790,0,186822,332,LE1,SKU030,2024-09-01,2024-09-01
GT,2932556,5754450,0,138328,241,LE1,SKU030,2024-09-01,2024-09-01
EC,2571030,5045040,0,121275,233,LE1,SKU030,2024-09-01,2024-09-01
CV,2804760,5503680,0,132300,237,LE1,SKU030,2024-09-01,2024-09-01
FS,3580150,7025200,0,168875,297,LE1,SKU030,2024-09-01,2024-09-01
MT,2960992,7161469,0,172151,268,LE1,SKU031,2024-09-01,2024-09-01
GT,3297820,7976124,0,191734,293,LE1,SKU031,2024-09-01,2024-09-01
EC,2972450,7189182,0,172817,292,LE1,SKU031,2024-09-01,2024-09-01
CV,2814177,6806381,0,163615,258,LE1,SKU031,2024-09-01,2024-09-01
FS,3453214,8351959,0,200768,310,LE1,SKU031,2024-09-01,2024-09-01
MT,4046297,9248678,0,222324,308,LE1,SKU032,2024-09-01,2024-09-01
GT,4173624,9539712,0,229320,312,LE1,SKU032,2024-09-01,2024-09-01
EC,3377425,7719828,0,185573,279,LE1,SKU032,2024-09-01,2024-09-01
CV,4402944,10063872,0,241920,339,LE1,SKU032,2024-09-01,2024-09-01
FS,3976263,9088602,0,218476,300,LE1,SKU032,2024-09-01,2024-09-01
MT,4702955,10189735,0,244946,306,LE1,SKU033,2024-09-01,2024-09-01
GT,5283252,11447046,0,275169,337,LE1,SKU033,2024-09-01,2024-09-01
EC,3778961,8187748,0,196821,355,LE1,SKU033,2024-09-01,2024-09-01
CV,4669812,10117926,0,243219,307,LE1,SKU033,2024-09-01,2024-09-01
FS,4916637,10652713,0,256075,317,LE1,SKU033,2024-09-01,2024-09-01
MT,2181812,4493237,0,108010,123,LE1,SKU034,2024-09-01,2024-09-01
GT,3110825,6406452,0,154001,172,LE1,SKU034,2024-09-01,2024-09-01
EC,2814100,5795375,0,139312,172,LE1,SKU034,2024-09-01,2024-09-01
CV,2196189,4522846,0,108722,125,LE1,SKU034,2024-09-01,2024-09-01
FS,2527755,5205673,0,125136,141,LE1,SKU034,2024-09-01,2024-09-01
MT,3312752,6500494,0,156262,163,LE1,SKU035,2024-09-01,2024-09-01
GT,3228395,6334964,0,152283,156,LE1,SKU035,2024-09-01,2024-09-01
EC,2900589,5691722,0,136820,155,LE1,SKU035,2024-09-01,2024-09-01
CV,3001344,5889430,0,141573,149,LE1,SKU035,2024-09-01,2024-09-01
FS,3477860,6824480,0,164050,170,LE1,SKU035,2024-09-01,2024-09-01
MT,2701256,6533270,0,157050,152,LE1,SKU036,2024-09-01,2024-09-01
GT,2603542,6296940,0,151369,143,LE1,SKU036,2024-09-01,2024-09-01
EC,3053043,7384104,0,177502,186,LE1,SKU036,2024-09-01,2024-09-01
CV,2504741,6057979,0,145624,142,LE1,SKU036,2024-09-01,2024-09-01
FS,2615015,6324687,0,152036,145,LE1,SKU036,2024-09-01,2024-09-01
MT,739170,1787760,0,42975,106,LE1,SKU001,2024-10-01,2024-10-01
GT,898034,2171988,0,52211,126,LE1,SKU001,2024-10-01,2024-10-01
EC,928428,2245501,0,53978,144,LE1,SKU001,2024-10-01,2024-10-01
CV,906973,2193610,0,52731,131,LE1,SKU001,2024-10-01,2024-10-01
FS,1075550,2601331,0,62532,153,LE1,SKU001,2024-10-01,2024-10-01
MT,1205093,2754640,0,66217,137,LE1,SKU002,2024-10-01,2024-10-01
GT,1516455,3466360,0,83326,169,LE1,SKU002,2024-10-01,2024-10-01
EC,1311414,2997671,0,72059,161,LE1,SKU002,2024-10-01,2024-10-01
CV,942887,2155280,0,51810,108,LE1,SKU002,2024-10-01,2024-10-01
FS,1274350,2912950,0,70023,143,LE1,SKU002,2024-10-01,2024-10-01
MT,1730460,3749330,0,90128,160,LE1,SKU003,2024-10-01,2024-10-01
GT,2012400,4360200,0,104812,182,LE1,SKU003,2024-10-01,2024-10-01
EC,1375920,2981160,0,71662,138,LE1,SKU003,2024-10-01,2024-10-01
CV,1156680,2506140,0,60244,108,LE1,SKU003,2024-10-01,2024-10-01
FS,1690680,3663140,0,88056,155,LE1,SKU003,2024-10-01,2024-10-01
MT,1855488,3821336,0,91859,143,LE1,SKU004,2024-10-01,2024-10-01
GT,1978540,4074760,0,97951,149,LE1,SKU004,2024-10-01,2024-10-01
EC,2119855,4365794,0,104947,177,LE1,SKU004,2024-10-01,2024-10-01
CV,2502481,5153803,0,123890,195,LE1,SKU004,2024-10-01,2024-10-01
FS,2152683,4433402,0,106572,164,LE1,SKU004,2024-10-01,2024-10-01
MT,2380930,4672013,0,112308,156,LE1,SKU005,2024-10-01,2024-10-01
GT,2166216,4250688,0,102180,139,LE1,SKU005,2024-10-01,2024-10-01
EC,2213891,4344238,0,104429,157,LE1,SKU005,2024-10-01,2024-10-01
CV,2275862,4465843,0,107352,151,LE1,SKU005,2024-10-01,2024-10-01
FS,2618624,5138432,0,123520,170,LE1,SKU005,2024-10-01,2024-10-01
MT,2478273,5993962,0,144086,180,LE1,SKU006,2024-10-01,2024-10-01
GT,2827841,6839430,0,164409,201,LE1,SKU006,2024-10-01,2024-10-01
EC,1817604,4396064,0,105675,143,LE1,SKU006,2024-10-01,2024-10-01
CV,2394621,5791640,0,139222,176,LE1,SKU006,2024-10-01,2024-10-01
FS,2062302,4987892,0,119901,148,LE1,SKU006,2024-10-01,2024-10-01
MT,2728382,6236303,0,149911,171,LE1,SKU007,2024-10-01,2024-10-01
GT,2491398,5694624,0,136890,153,LE1,SKU007,2024-10-01,2024-10-01
EC,3036311,6940140,0,166830,206,LE1,SKU007,2024-10-01,2024-10-01
CV,2968117,6784268,0,163083,188,LE1,SKU007,2024-10-01,2024-10-01
FS,3099430,7084412,0,170298,192,LE1,SKU007,2024-10-01,2024-10-01
MT,2902818,6289440,0,151188,158,LE1,SKU008,2024-10-01,2024-10-01
GT,3261960,7067580,0,169894,174,LE1,SKU008,2024-10-01,2024-10-01
EC,3184726,6900239,0,165871,188,LE1,SKU008,2024-10-01,2024-10-01
CV,3527874,7643726,0,183743,194,LE1,SKU008,2024-10-01,2024-10-01
FS,3208818,6952438,0,167126,173,LE1,SKU008,2024-10-01,2024-10-01
MT,4969362,10233933,0,246008,237,LE1,SKU009,2024-10-01,2024-10-01
GT,4122164,8489208,0,204068,193,LE1,SKU009,2024-10-01,2024-10-01
EC,4835371,9957992,0,239375,250,LE1,SKU009,2024-10-01,2024-10-01
CV,3929471,8092375,0,194528,190,LE1,SKU009,2024-10-01,2024-10-01
FS,3900549,8032814,0,193096,184,LE1,SKU009,2024-10-01,2024-10-01
MT,1977022,3879439,0,93256,230,LE1,SKU010,2024-10-01,2024-10-01
GT,1674270,3285360,0,78975,191,LE1,SKU010,2024-10-01,2024-10-01
EC,1741756,3417785,0,82158,219,LE1,SKU010,2024-10-01,2024-10-01
CV,2010412,3944959,0,94831,236,LE1,SKU010,2024-10-01,2024-10-01
FS,2172640,4263293,0,102483,250,LE1,SKU010,2024-10-01,2024-10-01
MT,1924717,4655128,0,111902,231,LE1,SKU011,2024-10-01,2024-10-01
GT,1658553,4011384,0,96428,195,LE1,SKU011,2024-10-01,2024-10-01
EC,1663434,4023190,0,96711,216,LE1,SKU011,2024-10-01,2024-10-01
CV,1555101,3761176,0,90413,189,LE1,SKU011,2024-10-01,2024-10-01
FS,1837814,4444944,0,106850,218,LE1,SKU011,2024-10-01,2024-10-01
MT,2237804,5114980,0,122956,218,LE1,SKU012,2024-10-01,2024-10-01
GT,2184853,4993950,0,120047,209,LE1,SKU012,2024-10-01,2024-10-01
EC,1695535,3875508,0,93161,179,LE1,SKU012,2024-10-01,2024-10-01
CV,2300366,5257980,0,126394,227,LE1,SKU012,2024-10-01,2024-10-01
FS,2425889,5544890,0,133291,234,LE1,SKU012,2024-10-01,2024-10-01
MT,2560622,5548015,0,133366,208,LE1,SKU013,2024-10-01,2024-10-01
GT,2640924,5722002,0,137548,210,LE1,SKU013,2024-10-01,2024-10-01
EC,3100900,6718617,0,161505,272,LE1,SKU013,2024-10-01,2024-10-01
CV,2598448,5629970,0,135336,213,LE1,SKU013,2024-10-01,2024-10-01
FS,2838258,6149558,0,147826,228,LE1,SKU013,2024-10-01,2024-10-01
MT,3858200,7945600,0,191000,265,LE1,SKU014,2024-10-01,2024-10-01
GT,3308760,6814080,0,163800,223,LE1,SKU014,2024-10-01,2024-10-01
EC,3292471,6780534,0,162994,245,LE1,SKU014,2024-10-01,2024-10-01
CV,3008426,6195571,0,148932,209,LE1,SKU014,2024-10-01,2024-10-01
FS,3321607,6840538,0,164436,226,LE1,SKU014,2024-10-01,2024-10-01
MT,4330366,8497322,0,204263,255,LE1,SKU015,2024-10-01,2024-10-01
GT,3834026,7523372,0,180850,222,LE1,SKU015,2024-10-01,2024-10-01
EC,3501509,6870886,0,165166,224,LE1,SKU015,2024-10-01,2024-10-01
CV,4302802,8443235,0,202962,257,LE1,SKU015,2024-10-01,2024-10-01
FS,5083813,9975784,0,239802,297,LE1,SKU015,2024-10-01,2024-10-01
MT,4340160,10497131,0,252335,287,LE1,SKU016,2024-10-01,2024-10-01
GT,4087688,9886500,0,237656,265,LE1,SKU016,2024-10-01,2024-10-01
EC,2544076,6153114,0,147911,182,LE1,SKU016,2024-10-01,2024-10-01
CV,4659209,11268785,0,270884,312,LE1,SKU016,2024-10-01,2024-10-01
FS,4353240,10528768,0,253095,285,LE1,SKU016,2024-10-01,2024-10-01
MT,2788636,6373860,0,153218,160,LE1,SKU017,2024-10-01,2024-10-01
GT,2205983,5042116,0,121205,124,LE1,SKU017,2024-10-01,2024-10-01
EC,2336688,5340863,0,128386,145,LE1,SKU017,2024-10-01,2024-10-01
CV,2430497,5555278,0,133540,141,LE1,SKU017,2024-10-01,2024-10-01
FS,2146034,4905094,0,117911,122,LE1,SKU017,2024-10-01,2024-10-01
MT,2888837,6259146,0,150460,145,LE1,SKU018,2024-10-01,2024-10-01
GT,3100032,6716736,0,161460,153,LE1,SKU018,2024-10-01,2024-10-01
EC,2512218,5443140,0,130845,137,LE1,SKU018,2024-10-01,2024-10-01
CV,3046378,6600485,0,158666,155,LE1,SKU018,2024-10-01,2024-10-01
FS,3110851,6740178,0,162024,155,LE1,SKU018,2024-10-01,2024-10-01
MT,1215333,2502864,0,60165,148,LE1,SKU019,2024-10-01,2024-10-01
GT,1285099,2646540,0,63619,154,LE1,SKU019,2024-10-01,2024-10-01
EC,1050277,2162946,0,51994,139,LE1,SKU019,2024-10-01,2024-10-01
CV,1348638,2777393,0,66764,166,LE1,SKU019,2024-10-01,2024-10-01
FS,1149112,2366489,0,56887,139,LE1,SKU019,2024-10-01,2024-10-01
MT,1773803,3480670,0,83670,173,LE1,SKU020,2024-10-01,2024-10-01
GT,1777620,3488160,0,83850,170,LE1,SKU020,2024-10-01,2024-10-01
EC,1648264,3234329,0,77748,174,LE1,SKU020,2024-10-01,2024-10-01
CV,1378339,2704666,0,65016,136,LE1,SKU020,2024-10-01,2024-10-01
FS,1715403,3366074,0,80915,165,LE1,SKU020,2024-10-01,2024-10-01
MT,1632334,3947970,0,94903,169,LE1,SKU021,2024-10-01,2024-10-01
GT,1383525,3346200,0,80438,140,LE1,SKU021,2024-10-01,2024-10-01
EC,1346373,3256344,0,78278,151,LE1,SKU021,2024-10-01,2024-10-01
CV,1564448,3783780,0,90956,163,LE1,SKU021,2024-10-01,2024-10-01
FS,1711669,4139850,0,99516,175,LE1,SKU021,2024-10-01,2024-10-01
MT,2068201,4727135,0,113633,177,LE1,SKU022,2024-10-01,2024-10-01
GT,1656338,3785768,0,91004,139,LE1,SKU022,2024-10-01,2024-10-01
EC,1749980,3999799,0,96149,162,LE1,SKU022,2024-10-01,2024-10-01
CV,1507335,3445205,0,82817,130,LE1,SKU022,2024-10-01,2024-10-01
FS,1626836,3718338,0,89383,138,LE1,SKU022,2024-10-01,2024-10-01
MT,2214989,4799142,0,115364,160,LE1,SKU023,2024-10-01,2024-10-01
GT,2605824,5645952,0,135720,184,LE1,SKU023,2024-10-01,2024-10-01
EC,2357268,5107415,0,122774,184,LE1,SKU023,2024-10-01,2024-10-01
CV,2772403,6006874,0,144396,202,LE1,SKU023,2024-10-01,2024-10-01
FS,2401229,5202662,0,125064,172,LE1,SKU023,2024-10-01,2024-10-01
MT,3372884,6945944,0,166970,209,LE1,SKU024,2024-10-01,2024-10-01
GT,3321162,6839430,0,164409,201,LE1,SKU024,2024-10-01,2024-10-01
EC,3273187,6740632,0,162034,219,LE1,SKU024,2024-10-01,2024-10-01
CV,3151205,6489428,0,155996,197,LE1,SKU024,2024-10-01,2024-10-01
FS,3062192,6306120,0,151589,188,LE1,SKU024,2024-10-01,2024-10-01
MT,3691352,7243408,0,174120,198,LE1,SKU025,2024-10-01,2024-10-01
GT,3123754,6129630,0,147347,164,LE1,SKU025,2024-10-01,2024-10-01
EC,3190414,6260436,0,150491,186,LE1,SKU025,2024-10-01,2024-10-01
CV,3398768,6669281,0,160319,184,LE1,SKU025,2024-10-01,2024-10-01
FS,4208722,8258624,0,198525,224,LE1,SKU025,2024-10-01,2024-10-01
MT,3473072,8399988,0,201923,211,LE1,SKU026,2024-10-01,2024-10-01
GT,2957809,7153770,0,171966,176,LE1,SKU026,2024-10-01,2024-10-01
EC,3497725,8459615,0,203356,230,LE1,SKU026,2024-10-01,2024-10-01
CV,3333086,8061418,0,193784,205,LE1,SKU026,2024-10-01,2024-10-01
FS,3562346,8615906,0,207113,214,LE1,SKU026,2024-10-01,2024-10-01
MT,4017618,9183127,0,220748,213,LE1,SKU027,2024-10-01,2024-10-01
GT,3877282,8862360,0,213038,201,LE1,SKU027,2024-10-01,2024-10-01
EC,3784353,8649950,0,207932,217,LE1,SKU027,2024-10-01,2024-10-01
CV,3461299,7911540,0,190181,186,LE1,SKU027,2024-10-01,2024-10-01
FS,4483834,10248763,0,246364,235,LE1,SKU027,2024-10-01,2024-10-01
MT,2079302,4505155,0,108297,267,LE1,SKU028,2024-10-01,2024-10-01
GT,1667952,3613896,0,86872,210,LE1,SKU028,2024-10-01,2024-10-01
EC,1242138,2691300,0,64695,173,LE1,SKU028,2024-10-01,2024-10-01
CV,1461499,3166582,0,76120,190,LE1,SKU028,2024-10-01,2024-10-01
FS,1834272,3974256,0,95535,233,LE1,SKU028,2024-10-01,2024-10-01
MT,2208680,4548359,0,109336,226,LE1,SKU029,2024-10-01,2024-10-01
GT,2466666,5079632,0,122107,247,LE1,SKU029,2024-10-01,2024-10-01
EC,2020696,4161241,0,100030,224,LE1,SKU029,2024-10-01,2024-10-01
CV,2093205,4310561,0,103619,216,LE1,SKU029,2024-10-01,2024-10-01
FS,2430889,5005957,0,120336,246,LE1,SKU029,2024-10-01,2024-10-01
MT,2809132,5512260,0,132506,235,LE1,SKU030,2024-10-01,2024-10-01
GT,2984231,5855850,0,140766,245,LE1,SKU030,2024-10-01,2024-10-01
EC,2103570,4127760,0,99225,191,LE1,SKU030,2024-10-01,2024-10-01
CV,2842324,5577390,0,134072,241,LE1,SKU030,2024-10-01,2024-10-01
FS,2851334,5595070,0,134497,236,LE1,SKU030,2024-10-01,2024-10-01
MT,2949288,7133162,0,171470,267,LE1,SKU031,2024-10-01,2024-10-01
GT,3692125,8929792,0,214658,328,LE1,SKU031,2024-10-01,2024-10-01
EC,2777890,6718617,0,161505,272,LE1,SKU031,2024-10-01,2024-10-01
CV,3011054,7282548,0,175061,276,LE1,SKU031,2024-10-01,2024-10-01
FS,2637215,6378379,0,153326,236,LE1,SKU031,2024-10-01,2024-10-01
MT,3351057,7659558,0,184124,255,LE1,SKU032,2024-10-01,2024-10-01
GT,3037944,6943872,0,166920,227,LE1,SKU032,2024-10-01,2024-10-01
EC,3030693,6927299,0,166522,250,LE1,SKU032,2024-10-01,2024-10-01
CV,3027024,6918912,0,166320,233,LE1,SKU032,2024-10-01,2024-10-01
FS,3414247,7803994,0,187596,258,LE1,SKU032,2024-10-01,2024-10-01
MT,3547558,7686375,0,184769,231,LE1,SKU033,2024-10-01,2024-10-01
GT,4020588,8711274,0,209406,257,LE1,SKU033,2024-10-01,2024-10-01
EC,3802408,8238550,0,198042,268,LE1,SKU033,2024-10-01,2024-10-01
CV,4830840,10466820,0,251606,318,LE1,SKU033,2024-10-01,2024-10-01
FS,3436712,7446210,0,178995,222,LE1,SKU033,2024-10-01,2024-10-01
MT,2068960,4260828,0,102424,117,LE1,SKU034,2024-10-01,2024-10-01
GT,2419531,4982796,0,119779,134,LE1,SKU034,2024-10-01,2024-10-01
EC,1754470,3613166,0,86855,107,LE1,SKU034,2024-10-01,2024-10-01
CV,2214801,4561175,0,109644,126,LE1,SKU034,2024-10-01,2024-10-01
FS,2451732,5049112,0,121373,137,LE1,SKU034,2024-10-01,2024-10-01
MT,2796479,5487430,0,131909,138,LE1,SKU035,2024-10-01,2024-10-01
GT,2371882,4654260,0,111881,114,LE1,SKU035,2024-10-01,2024-10-01
EC,2364179,4639144,0,111518,126,LE1,SKU035,2024-10-01,2024-10-01
CV,2958771,5805890,0,139565,147,LE1,SKU035,2024-10-01,2024-10-01
FS,2673605,5246318,0,126113,130,LE1,SKU035,2024-10-01,2024-10-01
MT,2984604,7218578,0,173524,167,LE1,SKU036,2024-10-01,2024-10-01
GT,2738541,6623448,0,159218,151,LE1,SKU036,2024-10-01,2024-10-01
EC,2965813,7173130,0,172431,180,LE1,SKU036,2024-10-01,2024-10-01
CV,2392589,5786726,0,139104,136,LE1,SKU036,2024-10-01,2024-10-01
FS,2328699,5632203,0,135390,129,LE1,SKU036,2024-10-01,2024-10-01
MT,1175280,2842538,0,68330,169,LE1,SKU001,2024-11-01,2024-11-01
GT,958406,2318004,0,55721,135,LE1,SKU001,2024-11-01,2024-11-01
EC,996695,2410612,0,57947,155,LE1,SKU001,2024-11-01,2024-11-01
CV,914288,2211300,0,53156,132,LE1,SKU001,2024-11-01,2024-11-01
FS,1336969,3233599,0,77731,190,LE1,SKU001,2024-11-01,2024-11-01
MT,1728235,3950452,0,94963,196,LE1,SKU002,2024-11-01,2024-11-01
GT,1335243,3052140,0,73369,148,LE1,SKU002,2024-11-01,2024-11-01
EC,1294159,2958228,0,71111,159,LE1,SKU002,2024-11-01,2024-11-01
CV,1488282,3401962,0,81778,171,LE1,SKU002,2024-11-01,2024-11-01
FS,1463143,3344498,0,80397,164,LE1,SKU002,2024-11-01,2024-11-01
MT,2165940,4692870,0,112809,200,LE1,SKU003,2024-11-01,2024-11-01
GT,1942200,4208100,0,101156,176,LE1,SKU003,2024-11-01,2024-11-01
EC,1756944,3806712,0,91508,176,LE1,SKU003,2024-11-01,2024-11-01
CV,1848420,4004910,0,96272,173,LE1,SKU003,2024-11-01,2024-11-01
FS,1760160,3813680,0,91675,161,LE1,SKU003,2024-11-01,2024-11-01
MT,2721383,5604628,0,134727,210,LE1,SKU004,2024-11-01,2024-11-01
GT,2652086,5461912,0,131296,200,LE1,SKU004,2024-11-01,2024-11-01
EC,2348343,4836359,0,116259,196,LE1,SKU004,2024-11-01,2024-11-01
CV,2570483,5293853,0,127256,200,LE1,SKU004,2024-11-01,2024-11-01
FS,2291566,4719430,0,113448,175,LE1,SKU004,2024-11-01,2024-11-01
MT,3028802,5943309,0,142868,198,LE1,SKU005,2024-11-01,2024-11-01
GT,3042624,5970432,0,143520,195,LE1,SKU005,2024-11-01,2024-11-01
EC,2318602,4549709,0,109368,164,LE1,SKU005,2024-11-01,2024-11-01
CV,2997086,5881075,0,141372,198,LE1,SKU005,2024-11-01,2024-11-01
FS,2880486,5652275,0,135872,187,LE1,SKU005,2024-11-01,2024-11-01
MT,2842725,6875428,0,165275,207,LE1,SKU006,2024-11-01,2024-11-01
GT,2976675,7199400,0,173062,212,LE1,SKU006,2024-11-01,2024-11-01
EC,2840847,6870886,0,165166,224,LE1,SKU006,2024-11-01,2024-11-01
CV,3202444,7745447,0,186189,235,LE1,SKU006,2024-11-01,2024-11-01
FS,2769376,6698026,0,161010,199,LE1,SKU006,2024-11-01,2024-11-01
MT,3406241,7785695,0,187156,213,LE1,SKU007,2024-11-01,2024-11-01
GT,3218056,7355556,0,176816,197,LE1,SKU007,2024-11-01,2024-11-01
EC,3208473,7333654,0,176290,217,LE1,SKU007,2024-11-01,2024-11-01
CV,2968117,6784268,0,163083,188,LE1,SKU007,2024-11-01,2024-11-01
FS,4006998,9158854,0,220165,248,LE1,SKU007,2024-11-01,2024-11-01
MT,4558788,9877374,0,237437,248,LE1,SKU008,2024-11-01,2024-11-01
GT,4077450,8834476,0,212367,217,LE1,SKU008,2024-11-01,2024-11-01
EC,3778488,8186724,0,196796,223,LE1,SKU008,2024-11-01,2024-11-01
CV,4048380,8771490,0,210853,223,LE1,SKU008,2024-11-01,2024-11-01
FS,4212804,9127742,0,219417,227,LE1,SKU008,2024-11-01,2024-11-01
MT,4570038,9411563,0,226240,218,LE1,SKU009,2024-11-01,2024-11-01
GT,4507201,9282156,0,223129,211,LE1,SKU009,2024-11-01,2024-11-01
EC,4159239,8565561,0,205903,215,LE1,SKU009,2024-11-01,2024-11-01
CV,4829517,9945936,0,239085,233,LE1,SKU009,2024-11-01,2024-11-01
FS,3743631,7709655,0,185328,177,LE1,SKU009,2024-11-01,2024-11-01
MT,2241232,4397890,0,105718,261,LE1,SKU010,2024-11-01,2024-11-01
GT,2083536,4088448,0,98280,237,LE1,SKU010,2024-11-01,2024-11-01
EC,2086741,4094738,0,98431,263,LE1,SKU010,2024-11-01,2024-11-01
CV,2253825,4422600,0,106312,265,LE1,SKU010,2024-11-01,2024-11-01
FS,2209464,4335552,0,104220,254,LE1,SKU010,2024-11-01,2024-11-01
MT,2004178,4847313,0,116522,241,LE1,SKU011,2024-11-01,2024-11-01
GT,1757706,4251196,0,102192,207,LE1,SKU011,2024-11-01,2024-11-01
EC,1720513,4161241,0,100030,224,LE1,SKU011,2024-11-01,2024-11-01
CV,2035610,4923336,0,118349,247,LE1,SKU011,2024-11-01,2024-11-01
FS,2266042,5480660,0,131747,269,LE1,SKU011,2024-11-01,2024-11-01
MT,2737508,6257160,0,150412,267,LE1,SKU012,2024-11-01,2024-11-01
GT,2340122,5348850,0,128578,224,LE1,SKU012,2024-11-01,2024-11-01
EC,2799137,6398028,0,153799,296,LE1,SKU012,2024-11-01,2024-11-01
CV,2966828,6781320,0,163012,293,LE1,SKU012,2024-11-01,2024-11-01
FS,2963756,6774300,0,162844,286,LE1,SKU012,2024-11-01,2024-11-01
MT,3984642,8633392,0,207533,323,LE1,SKU013,2024-11-01,2024-11-01
GT,4214808,9132084,0,219521,335,LE1,SKU013,2024-11-01,2024-11-01
EC,3233624,7006185,0,168418,284,LE1,SKU013,2024-11-01,2024-11-01
CV,3968773,8599008,0,206707,325,LE1,SKU013,2024-11-01,2024-11-01
FS,3326702,7207855,0,173266,267,LE1,SKU013,2024-11-01,2024-11-01
MT,4166856,8581248,0,206280,286,LE1,SKU014,2024-11-01,2024-11-01
GT,4317144,8890752,0,213720,290,LE1,SKU014,2024-11-01,2024-11-01
EC,3990874,8218829,0,197568,297,LE1,SKU014,2024-11-01,2024-11-01
CV,3787258,7799501,0,187488,263,LE1,SKU014,2024-11-01,2024-11-01
FS,3789439,7803994,0,187596,258,LE1,SKU014,2024-11-01,2024-11-01
MT,5103004,10013442,0,240708,301,LE1,SKU015,2024-11-01,2024-11-01
GT,5466698,10727106,0,257863,316,LE1,SKU015,2024-11-01,2024-11-01
EC,4347845,8531621,0,205087,278,LE1,SKU015,2024-11-01,2024-11-01
CV,5725216,11234387,0,270057,341,LE1,SKU015,2024-11-01,2024-11-01
FS,4847779,9512623,0,228669,283,LE1,SKU015,2024-11-01,2024-11-01
MT,5108897,12356401,0,297029,338,LE1,SKU016,2024-11-01,2024-11-01
GT,4659964,11270610,0,270928,302,LE1,SKU016,2024-11-01,2024-11-01
EC,5073361,12270455,0,294963,364,LE1,SKU016,2024-11-01,2024-11-01
CV,3613264,8739058,0,210074,242,LE1,SKU016,2024-11-01,2024-11-01
FS,5243308,12681490,0,304844,343,LE1,SKU016,2024-11-01,2024-11-01
MT,2585491,5909540,0,142056,148,LE1,SKU017,2024-11-01,2024-11-01
GT,1998582,4568070,0,109809,112,LE1,SKU017,2024-11-01,2024-11-01
EC,2319632,5301878,0,127449,144,LE1,SKU017,2024-11-01,2024-11-01
CV,2631515,6014736,0,144585,153,LE1,SKU017,2024-11-01,2024-11-01
FS,2556581,5843462,0,140468,145,LE1,SKU017,2024-11-01,2024-11-01
MT,3690120,7995260,0,192194,186,LE1,SKU018,2024-11-01,2024-11-01
GT,3293784,7136532,0,171551,162,LE1,SKU018,2024-11-01,2024-11-01
EC,3330150,7215324,0,173445,181,LE1,SKU018,2024-11-01,2024-11-01
CV,3213302,6962155,0,167360,163,LE1,SKU018,2024-11-01,2024-11-01
FS,3707453,8032814,0,193096,184,LE1,SKU018,2024-11-01,2024-11-01
MT,1180609,2431354,0,58446,144,LE1,SKU019,2024-11-01,2024-11-01
GT,1311687,2701296,0,64935,157,LE1,SKU019,2024-11-01,2024-11-01
EC,1354937,2790366,0,67076,179,LE1,SKU019,2024-11-01,2024-11-01
CV,1314278,2706631,0,65063,162,LE1,SKU019,2024-11-01,2024-11-01
FS,1631564,3360053,0,80770,197,LE1,SKU019,2024-11-01,2024-11-01
MT,2122034,4163992,0,100096,207,LE1,SKU020,2024-11-01,2024-11-01
GT,1699849,3335552,0,80182,162,LE1,SKU020,2024-11-01,2024-11-01
EC,1698516,3332937,0,80119,179,LE1,SKU020,2024-11-01,2024-11-01
CV,2272106,4458473,0,107175,224,LE1,SKU020,2024-11-01,2024-11-01
FS,2155250,4229170,0,101663,208,LE1,SKU020,2024-11-01,2024-11-01
MT,1827392,4419740,0,106244,189,LE1,SKU021,2024-11-01,2024-11-01
GT,1823738,4410900,0,106031,184,LE1,SKU021,2024-11-01,2024-11-01
EC,1564448,3783780,0,90956,175,LE1,SKU021,2024-11-01,2024-11-01
CV,1544130,3734640,0,89775,161,LE1,SKU021,2024-11-01,2024-11-01
FS,1524941,3688230,0,88659,156,LE1,SKU021,2024-11-01,2024-11-01
MT,1969126,4500685,0,108190,169,LE1,SKU022,2024-11-01,2024-11-01
GT,2339103,5346316,0,128517,196,LE1,SKU022,2024-11-01,2024-11-01
EC,2001611,4574934,0,109974,186,LE1,SKU022,2024-11-01,2024-11-01
CV,2561245,5854049,0,140722,222,LE1,SKU022,2024-11-01,2024-11-01
FS,2014774,4605019,0,110698,171,LE1,SKU022,2024-11-01,2024-11-01
MT,3271142,7087475,0,170372,236,LE1,SKU023,2024-11-01,2024-11-01
GT,3070080,6651840,0,159900,217,LE1,SKU023,2024-11-01,2024-11-01
EC,3061740,6633769,0,159466,240,LE1,SKU023,2024-11-01,2024-11-01
CV,3033677,6572966,0,158004,222,LE1,SKU023,2024-11-01,2024-11-01
FS,2727322,5909197,0,142048,195,LE1,SKU023,2024-11-01,2024-11-01
MT,3321521,6840168,0,164427,206,LE1,SKU024,2024-11-01,2024-11-01
GT,3845556,7919340,0,190369,233,LE1,SKU024,2024-11-01,2024-11-01
EC,2798812,5763729,0,138551,188,LE1,SKU024,2024-11-01,2024-11-01
CV,3066495,6314981,0,151802,192,LE1,SKU024,2024-11-01,2024-11-01
FS,3736912,7695605,0,184990,229,LE1,SKU024,2024-11-01,2024-11-01
MT,3691352,7243408,0,174120,198,LE1,SKU025,2024-11-01,2024-11-01
GT,4675554,9174672,0,220545,246,LE1,SKU025,2024-11-01,2024-11-01
EC,3081029,6045792,0,145332,179,LE1,SKU025,2024-11-01,2024-11-01
CV,4023829,7895815,0,189803,218,LE1,SKU025,2024-11-01,2024-11-01
FS,3530539,6927851,0,166535,188,LE1,SKU025,2024-11-01,2024-11-01
MT,4467872,10806016,0,259760,271,LE1,SKU026,2024-11-01,2024-11-01
GT,3617079,8748284,0,210295,215,LE1,SKU026,2024-11-01,2024-11-01
EC,4271416,10330866,0,248338,281,LE1,SKU026,2024-11-01,2024-11-01
CV,4300199,10400482,0,250012,264,LE1,SKU026,2024-11-01,2024-11-01
FS,3773970,9127742,0,219417,227,LE1,SKU026,2024-11-01,2024-11-01
MT,4257476,9731374,0,233927,226,LE1,SKU027,2024-11-01,2024-11-01
GT,4407858,10075104,0,242190,229,LE1,SKU027,2024-11-01,2024-11-01
EC,5021191,11477007,0,275890,288,LE1,SKU027,2024-11-01,2024-11-01
CV,4667809,10669277,0,256473,250,LE1,SKU027,2024-11-01,2024-11-01
FS,4504031,10294929,0,247474,236,LE1,SKU027,2024-11-01,2024-11-01
MT,1988539,4308502,0,103570,255,LE1,SKU028,2024-11-01,2024-11-01
GT,1954368,4234464,0,101790,246,LE1,SKU028,2024-11-01,2024-11-01
EC,1935602,4193804,0,100813,269,LE1,SKU028,2024-11-01,2024-11-01
CV,1959552,4245696,0,102060,254,LE1,SKU028,2024-11-01,2024-11-01
FS,1817597,3938126,0,94666,231,LE1,SKU028,2024-11-01,2024-11-01
MT,1887229,3886392,0,93423,193,LE1,SKU029,2024-11-01,2024-11-01
GT,2540772,5232240,0,125775,254,LE1,SKU029,2024-11-01,2024-11-01
EC,2164347,4457064,0,107141,240,LE1,SKU029,2024-11-01,2024-11-01
CV,1980336,4078128,0,98032,205,LE1,SKU029,2024-11-01,2024-11-01
FS,2609014,5372772,0,129153,264,LE1,SKU029,2024-11-01,2024-11-01
MT,3062208,6008860,0,144444,257,LE1,SKU030,2024-11-01,2024-11-01
GT,2997150,5881200,0,141375,246,LE1,SKU030,2024-11-01,2024-11-01
EC,2781387,5457816,0,131198,252,LE1,SKU030,2024-11-01,2024-11-01
CV,3881588,7616700,0,183094,329,LE1,SKU030,2024-11-01,2024-11-01
FS,2851334,5595070,0,134497,236,LE1,SKU030,2024-11-01,2024-11-01
MT,3241877,7840818,0,188481,294,LE1,SKU031,2024-11-01,2024-11-01
GT,2951310,7138052,0,171588,262,LE1,SKU031,2024-11-01,2024-11-01
EC,2702228,6535620,0,157106,265,LE1,SKU031,2024-11-01,2024-11-01
CV,3705912,8963136,0,215460,339,LE1,SKU031,2024-11-01,2024-11-01
FS,3275823,7922921,0,190455,294,LE1,SKU031,2024-11-01,2024-11-01
MT,3434486,7850253,0,188708,262,LE1,SKU032,2024-11-01,2024-11-01
GT,3747744,8566272,0,205920,280,LE1,SKU032,2024-11-01,2024-11-01
EC,3056377,6986004,0,167933,252,LE1,SKU032,2024-11-01,2024-11-01
CV,3563633,8145446,0,195804,275,LE1,SKU032,2024-11-01,2024-11-01
FS,3315894,7579187,0,182192,250,LE1,SKU032,2024-11-01,2024-11-01
MT,4670409,10119219,0,243250,304,LE1,SKU033,2024-11-01,2024-11-01
GT,4352868,9431214,0,226712,278,LE1,SKU033,2024-11-01,2024-11-01
EC,4283345,9280580,0,223091,302,LE1,SKU033,2024-11-01,2024-11-01
CV,4927457,10676156,0,256638,324,LE1,SKU033,2024-11-01,2024-11-01
FS,5130403,11115874,0,267208,331,LE1,SKU033,2024-11-01,2024-11-01
MT,2764883,5694016,0,136875,156,LE1,SKU034,2024-11-01,2024-11-01
GT,2841988,5852808,0,140692,157,LE1,SKU034,2024-11-01,2024-11-01
EC,2049777,4221323,0,101474,125,LE1,SKU034,2024-11-01,2024-11-01
CV,2419531,4982796,0,119779,138,LE1,SKU034,2024-11-01,2024-11-01
FS,2451732,5049112,0,121373,137,LE1,SKU034,2024-11-01,2024-11-01
MT,2839502,5571852,0,133939,140,LE1,SKU035,2024-11-01,2024-11-01
GT,3601748,7067580,0,169894,174,LE1,SKU035,2024-11-01,2024-11-01
EC,2701919,5301878,0,127449,144,LE1,SKU035,2024-11-01,2024-11-01
CV,3533497,6933654,0,166674,176,LE1,SKU035,2024-11-01,2024-11-01
FS,3195284,6269990,0,150721,156,LE1,SKU035,2024-11-01,2024-11-01
MT,3041274,7355639,0,176818,171,LE1,SKU036,2024-11-01,2024-11-01
GT,3722102,9002292,0,216401,205,LE1,SKU036,2024-11-01,2024-11-01
EC,2424988,5865088,0,140988,147,LE1,SKU036,2024-11-01,2024-11-01
CV,3028120,7323826,0,176054,172,LE1,SKU036,2024-11-01,2024-11-01
FS,3283084,7940483,0,190877,182,LE1,SKU036,2024-11-01,2024-11-01
MT,1448773,3504010,0,84231,208,LE1,SKU001,2024-12-01,2024-12-01
GT,1086696,2628288,0,63180,153,LE1,SKU001,2024-12-01,2024-12-01
EC,873815,2113413,0,50803,136,LE1,SKU001,2024-12-01,2024-12-01
CV,1045945,2529727,0,60811,152,LE1,SKU001,2024-12-01,2024-12-01
FS,1105427,2673590,0,64269,157,LE1,SKU001,2024-12-01,2024-12-01
MT,1765602,4035868,0,97016,200,LE1,SKU002,2024-12-01,2024-12-01
GT,1735816,3967782,0,95379,193,LE1,SKU002,2024-12-01,2024-12-01
EC,1181998,2701848,0,64948,145,LE1,SKU002,2024-12-01,2024-12-01
CV,1525258,3486482,0,83810,175,LE1,SKU002,2024-12-01,2024-12-01
FS,1312109,2999259,0,72098,147,LE1,SKU002,2024-12-01,2024-12-01
MT,2567040,5561920,0,133700,237,LE1,SKU003,2024-12-01,2024-12-01
GT,2117700,4588350,0,110297,192,LE1,SKU003,2024-12-01,2024-12-01
EC,1778112,3852576,0,92610,178,LE1,SKU003,2024-12-01,2024-12-01
CV,2143260,4643730,0,111628,200,LE1,SKU003,2024-12-01,2024-12-01
FS,1540140,3336970,0,80216,141,LE1,SKU003,2024-12-01,2024-12-01
MT,2473985,5095116,0,122479,191,LE1,SKU004,2024-12-01,2024-12-01
GT,2441603,5028426,0,120876,184,LE1,SKU004,2024-12-01,2024-12-01
EC,2424505,4993214,0,120029,202,LE1,SKU004,2024-12-01,2024-12-01
CV,2747289,5657980,0,136009,214,LE1,SKU004,2024-12-01,2024-12-01
FS,2472114,5091263,0,122386,189,LE1,SKU004,2024-12-01,2024-12-01
MT,3044998,5975091,0,143632,199,LE1,SKU005,2024-12-01,2024-12-01
GT,2827656,5548608,0,133380,181,LE1,SKU005,2024-12-01,2024-12-01
EC,3275960,6428298,0,154526,232,LE1,SKU005,2024-12-01,2024-12-01
CV,2580379,5063386,0,121716,171,LE1,SKU005,2024-12-01,2024-12-01
FS,2896853,5684390,0,136644,188,LE1,SKU005,2024-12-01,2024-12-01
MT,2886459,6981203,0,167817,210,LE1,SKU006,2024-12-01,2024-12-01
GT,2604591,6299476,0,151430,186,LE1,SKU006,2024-12-01,2024-12-01
EC,2558109,6187054,0,148727,201,LE1,SKU006,2024-12-01,2024-12-01
CV,2784107,6733654,0,161867,205,LE1,SKU006,2024-12-01,2024-12-01
FS,3019798,7303698,0,175570,217,LE1,SKU006,2024-12-01,2024-12-01
MT,3474027,7940634,0,190881,217,LE1,SKU007,2024-12-01,2024-12-01
GT,3667892,8383752,0,201532,225,LE1,SKU007,2024-12-01,2024-12-01
EC,3897121,8907706,0,214128,264,LE1,SKU007,2024-12-01,2024-12-01
CV,3689186,8432424,0,202702,233,LE1,SKU007,2024-12-01,2024-12-01
FS,3030935,6927851,0,166535,188,LE1,SKU007,2024-12-01,2024-12-01
MT,3448314,7471348,0,179600,188,LE1,SKU008,2024-12-01,2024-12-01
GT,4196790,9093044,0,218583,224,LE1,SKU008,2024-12-01,2024-12-01
EC,4570171,9902038,0,238030,269,LE1,SKU008,2024-12-01,2024-12-01
CV,3662820,7936110,0,190772,201,LE1,SKU008,2024-12-01,2024-12-01
FS,4783698,10364678,0,249151,258,LE1,SKU008,2024-12-01,2024-12-01
MT,4947177,10188246,0,244910,236,LE1,SKU009,2024-12-01,2024-12-01
GT,5231977,10774764,0,259009,245,LE1,SKU009,2024-12-01,2024-12-01
EC,4773904,9831407,0,236332,247,LE1,SKU009,2024-12-01,2024-12-01
CV,5246612,10804903,0,259733,253,LE1,SKU009,2024-12-01,2024-12-01
FS,4752393,9787107,0,235267,225,LE1,SKU009,2024-12-01,2024-12-01
MT,2387003,4683931,0,112594,278,LE1,SKU010,2024-12-01,2024-12-01
GT,2325375,4563000,0,109688,265,LE1,SKU010,2024-12-01,2024-12-01
EC,2179299,4276359,0,102797,275,LE1,SKU010,2024-12-01,2024-12-01
CV,2118596,4157244,0,99934,249,LE1,SKU010,2024-12-01,2024-12-01
FS,2191052,4299422,0,103352,252,LE1,SKU010,2024-12-01,2024-12-01
MT,2074809,5018144,0,120628,249,LE1,SKU011,2024-12-01,2024-12-01
GT,1802775,4360200,0,104812,212,LE1,SKU011,2024-12-01,2024-12-01
EC,1598202,3865418,0,92919,208,LE1,SKU011,2024-12-01,2024-12-01
CV,2131712,5155769,0,123937,259,LE1,SKU011,2024-12-01,2024-12-01
FS,2301728,5566969,0,133821,273,LE1,SKU011,2024-12-01,2024-12-01
MT,2759234,6306820,0,151606,269,LE1,SKU012,2024-12-01,2024-12-01
GT,2561934,5855850,0,140766,245,LE1,SKU012,2024-12-01,2024-12-01
EC,2588450,5916456,0,142222,273,LE1,SKU012,2024-12-01,2024-12-01
CV,2762589,6314490,0,151791,272,LE1,SKU012,2024-12-01,2024-12-01
FS,2579566,5896150,0,141734,249,LE1,SKU012,2024-12-01,2024-12-01
MT,3318358,7189775,0,172831,269,LE1,SKU013,2024-12-01,2024-12-01
GT,3988062,8640800,0,207712,317,LE1,SKU013,2024-12-01,2024-12-01
EC,3848977,8339451,0,200468,338,LE1,SKU013,2024-12-01,2024-12-01
CV,3826570,8290901,0,199300,314,LE1,SKU013,2024-12-01,2024-12-01
FS,3973561,8609383,0,206956,319,LE1,SKU013,2024-12-01,2024-12-01
MT,4583542,9439373,0,226908,315,LE1,SKU014,2024-12-01,2024-12-01
GT,4096560,8436480,0,202800,276,LE1,SKU014,2024-12-01,2024-12-01
EC,3720064,7661123,0,184162,277,LE1,SKU014,2024-12-01,2024-12-01
CV,4489733,9246182,0,222264,312,LE1,SKU014,2024-12-01,2024-12-01
FS,3228041,6647846,0,159804,219,LE1,SKU014,2024-12-01,2024-12-01
MT,6163136,12093700,0,290714,364,LE1,SKU015,2024-12-01,2024-12-01
GT,5888624,11555036,0,277765,340,LE1,SKU015,2024-12-01,2024-12-01
EC,5094613,9996976,0,240312,325,LE1,SKU015,2024-12-01,2024-12-01
CV,4836208,9489917,0,228123,288,LE1,SKU015,2024-12-01,2024-12-01
FS,5501412,10795224,0,259501,321,LE1,SKU015,2024-12-01,2024-12-01
MT,4996789,12085258,0,290511,331,LE1,SKU016,2024-12-01,2024-12-01
GT,5036031,12180168,0,292792,326,LE1,SKU016,2024-12-01,2024-12-01
EC,5117734,12377776,0,297543,367,LE1,SKU016,2024-12-01,2024-12-01
CV,4437342,10732176,0,257985,297,LE1,SKU016,2024-12-01,2024-12-01
FS,5049112,12211805,0,293553,331,LE1,SKU016,2024-12-01,2024-12-01
MT,2585491,5909540,0,142056,148,LE1,SKU017,2024-12-01,2024-12-01
GT,3016728,6895200,0,165750,170,LE1,SKU017,2024-12-01,2024-12-01
EC,2575474,5886644,0,141506,160,LE1,SKU017,2024-12-01,2024-12-01
CV,2156380,4928742,0,118479,125,LE1,SKU017,2024-12-01,2024-12-01
FS,2612564,5971420,0,143544,148,LE1,SKU017,2024-12-01,2024-12-01
MT,2804491,6076398,0,146067,141,LE1,SKU018,2024-12-01,2024-12-01
GT,3164616,6856668,0,164824,156,LE1,SKU018,2024-12-01,2024-12-01
EC,2960133,6413622,0,154174,161,LE1,SKU018,2024-12-01,2024-12-01
CV,2691662,5831935,0,140191,137,LE1,SKU018,2024-12-01,2024-12-01
FS,2983008,6463184,0,155365,148,LE1,SKU018,2024-12-01,2024-12-01
MT,1267419,2610130,0,62744,155,LE1,SKU019,2024-12-01,2024-12-01
GT,1347138,2774304,0,66690,161,LE1,SKU019,2024-12-01,2024-12-01
EC,1330885,2740833,0,65885,176,LE1,SKU019,2024-12-01,2024-12-01
CV,1365818,2812774,0,67615,169,LE1,SKU019,2024-12-01,2024-12-01
FS,1377180,2836174,0,68177,166,LE1,SKU019,2024-12-01,2024-12-01
MT,1599687,3139009,0,75457,156,LE1,SKU020,2024-12-01,2024-12-01
GT,2155364,4229394,0,101668,206,LE1,SKU020,2024-12-01,2024-12-01
EC,1919624,3766810,0,90548,202,LE1,SKU020,2024-12-01,2024-12-01
CV,1776765,3486482,0,83810,175,LE1,SKU020,2024-12-01,2024-12-01
FS,1495480,2934526,0,70542,144,LE1,SKU020,2024-12-01,2024-12-01
MT,2114848,5114980,0,122956,218,LE1,SKU021,2024-12-01,2024-12-01
GT,2085769,5044650,0,121266,211,LE1,SKU021,2024-12-01,2024-12-01
EC,1829930,4425876,0,106391,205,LE1,SKU021,2024-12-01,2024-12-01
CV,1980956,4791150,0,115172,207,LE1,SKU021,2024-12-01,2024-12-01
FS,2188861,5293990,0,127259,224,LE1,SKU021,2024-12-01,2024-12-01
MT,2464503,5632933,0,135407,211,LE1,SKU022,2024-12-01,2024-12-01
GT,2326459,5317416,0,127822,195,LE1,SKU022,2024-12-01,2024-12-01
EC,2264680,5176211,0,124428,210,LE1,SKU022,2024-12-01,2024-12-01
CV,2169093,4957735,0,119176,188,LE1,SKU022,2024-12-01,2024-12-01
FS,2127400,4862442,0,116886,180,LE1,SKU022,2024-12-01,2024-12-01
MT,2640384,5720832,0,137520,191,LE1,SKU023,2024-12-01,2024-12-01
GT,3129984,6781632,0,163020,222,LE1,SKU023,2024-12-01,2024-12-01
EC,2533386,5489004,0,131947,198,LE1,SKU023,2024-12-01,2024-12-01
CV,3019162,6541517,0,157248,220,LE1,SKU023,2024-12-01,2024-12-01
FS,2742144,5941312,0,142820,196,LE1,SKU023,2024-12-01,2024-12-01
MT,3372884,6945944,0,166970,209,LE1,SKU024,2024-12-01,2024-12-01
GT,3356122,6911424,0,166140,204,LE1,SKU024,2024-12-01,2024-12-01
EC,3288999,6773196,0,162817,220,LE1,SKU024,2024-12-01,2024-12-01
CV,2981785,6140534,0,147609,187,LE1,SKU024,2024-12-01,2024-12-01
FS,3979120,8194394,0,196981,244,LE1,SKU024,2024-12-01,2024-12-01
MT,3987450,7824430,0,188087,214,LE1,SKU025,2024-12-01,2024-12-01
GT,4998006,9807408,0,235755,263,LE1,SKU025,2024-12-01,2024-12-01
EC,3445648,6761271,0,162531,200,LE1,SKU025,2024-12-01,2024-12-01
CV,4687956,9199008,0,221130,254,LE1,SKU025,2024-12-01,2024-12-01
FS,2991982,5871060,0,141131,159,LE1,SKU025,2024-12-01,2024-12-01
MT,4066462,9835164,0,236422,247,LE1,SKU026,2024-12-01,2024-12-01
GT,3527989,8532810,0,205116,210,LE1,SKU026,2024-12-01,2024-12-01
EC,4142467,10018991,0,240841,272,LE1,SKU026,2024-12-01,2024-12-01
CV,3782102,9147410,0,219890,232,LE1,SKU026,2024-12-01,2024-12-01
FS,3685794,8914478,0,214290,222,LE1,SKU026,2024-12-01,2024-12-01
MT,4477346,10233933,0,246008,237,LE1,SKU027,2024-12-01,2024-12-01
GT,4815993,11007984,0,264615,250,LE1,SKU027,2024-12-01,2024-12-01
EC,4190479,9578238,0,230246,241,LE1,SKU027,2024-12-01,2024-12-01
CV,4727145,10804903,0,259733,253,LE1,SKU027,2024-12-01,2024-12-01
FS,5857260,13388024,0,321828,307,LE1,SKU027,2024-12-01,2024-12-01
MT,1972037,4272746,0,102710,253,LE1,SKU028,2024-12-01,2024-12-01
GT,1996488,4325724,0,103984,251,LE1,SKU028,2024-12-01,2024-12-01
EC,1996566,4325892,0,103988,278,LE1,SKU028,2024-12-01,2024-12-01
CV,1747267,3785746,0,91004,227,LE1,SKU028,2024-12-01,2024-12-01
FS,1792584,3883932,0,93364,228,LE1,SKU028,2024-12-01,2024-12-01
MT,2187942,4505652,0,108309,224,LE1,SKU029,2024-12-01,2024-12-01
GT,2847782,5864468,0,140973,285,LE1,SKU029,2024-12-01,2024-12-01
EC,2097310,4319013,0,103822,232,LE1,SKU029,2024-12-01,2024-12-01
CV,2616507,5388202,0,129524,270,LE1,SKU029,2024-12-01,2024-12-01
FS,2200374,4531254,0,108924,223,LE1,SKU029,2024-12-01,2024-12-01
MT,3960624,7771790,0,186822,332,LE1,SKU030,2024-12-01,2024-12-01
GT,3074662,6033300,0,145031,252,LE1,SKU030,2024-12-01,2024-12-01
EC,3026804,5939388,0,142774,275,LE1,SKU030,2024-12-01,2024-12-01
CV,3205440,6289920,0,151200,271,LE1,SKU030,2024-12-01,2024-12-01
FS,3119845,6121960,0,147162,259,LE1,SKU030,2024-12-01,2024-12-01
MT,2808846,6793488,0,163305,254,LE1,SKU031,2024-12-01,2024-12-01
GT,3560690,8611902,0,207017,316,LE1,SKU031,2024-12-01,2024-12-01
EC,2788699,6744760,0,162134,273,LE1,SKU031,2024-12-01,2024-12-01
CV,3103701,7506626,0,180448,284,LE1,SKU031,2024-12-01,2024-12-01
FS,2873736,6950431,0,167078,258,LE1,SKU031,2024-12-01,2024-12-01
MT,3907249,8930854,0,214684,298,LE1,SKU032,2024-12-01,2024-12-01
GT,3918096,8955648,0,215280,293,LE1,SKU032,2024-12-01,2024-12-01
EC,3647105,8336241,0,200390,301,LE1,SKU032,2024-12-01,2024-12-01
CV,4980830,11384755,0,273672,384,LE1,SKU032,2024-12-01,2024-12-01
FS,3807658,8703219,0,209212,287,LE1,SKU032,2024-12-01,2024-12-01
MT,4833140,10471804,0,251726,315,LE1,SKU033,2024-12-01,2024-12-01
GT,5083884,11015082,0,264786,324,LE1,SKU033,2024-12-01,2024-12-01
EC,4629018,10029540,0,241095,326,LE1,SKU033,2024-12-01,2024-12-01
CV,5201205,11269277,0,270896,342,LE1,SKU033,2024-12-01,2024-12-01
FS,5278395,11436523,0,274916,340,LE1,SKU033,2024-12-01,2024-12-01
MT,2200621,4531972,0,108942,124,LE1,SKU034,2024-12-01,2024-12-01
GT,2822786,5813262,0,139742,156,LE1,SKU034,2024-12-01,2024-12-01
EC,2449310,5044123,0,121253,149,LE1,SKU034,2024-12-01,2024-12-01
CV,2512590,5174442,0,124386,143,LE1,SKU034,2024-12-01,2024-12-01
FS,2185653,4501146,0,108201,122,LE1,SKU034,2024-12-01,2024-12-01
MT,3613911,7091448,0,170468,178,LE1,SKU035,2024-12-01,2024-12-01
GT,3162510,6205680,0,149175,153,LE1,SKU035,2024-12-01,2024-12-01
EC,2940323,5769691,0,138694,157,LE1,SKU035,2024-12-01,2024-12-01
CV,2894913,5680584,0,136552,144,LE1,SKU035,2024-12-01,2024-12-01
FS,3673490,7208358,0,173278,179,LE1,SKU035,2024-12-01,2024-12-01
MT,3097944,7492701,0,180113,174,LE1,SKU036,2024-12-01,2024-12-01
GT,3741387,9048936,0,217522,206,LE1,SKU036,2024-12-01,2024-12-01
EC,2983259,7215324,0,173445,181,LE1,SKU036,2024-12-01,2024-12-01
CV,3364578,8137584,0,195615,191,LE1,SKU036,2024-12-01,2024-12-01
FS,3283084,7940483,0,190877,182,LE1,SKU036,2024-12-01,2024-12-01
MT,1108755,2681640,0,64462,154,LE1,SKU001,2025-01-01,2025-01-01
GT,1011231,2445768,0,58792,138,LE1,SKU001,2025-01-01,2025-01-01
EC,846508,2047369,0,49216,128,LE1,SKU001,2025-01-01,2025-01-01
CV,943545,2282062,0,54857,133,LE1,SKU001,2025-01-01,2025-01-01
FS,993390,2402618,0,57755,137,LE1,SKU001,2025-01-01,2025-01-01
MT,1504031,3437961,0,82643,166,LE1,SKU002,2025-01-01,2025-01-01
GT,1554605,3553564,0,85422,168,LE1,SKU002,2025-01-01,2025-01-01
EC,1026699,2346861,0,56415,123,LE1,SKU002,2025-01-01,2025-01-01
CV,1247939,2852578,0,68572,139,LE1,SKU002,2025-01-01,2025-01-01
FS,1293229,2956103,0,71060,141,LE1,SKU002,2025-01-01,2025-01-01
MT,2005500,4345250,0,104453,180,LE1,SKU003,2025-01-01,2025-01-01
GT,2164500,4689750,0,112734,191,LE1,SKU003,2025-01-01,2025-01-01
EC,1471176,3187548,0,76624,143,LE1,SKU003,2025-01-01,2025-01-01
CV,1735020,3759210,0,90366,158,LE1,SKU003,2025-01-01,2025-01-01
FS,1644360,3562780,0,85644,146,LE1,SKU003,2025-01-01,2025-01-01
MT,1663068,3425051,0,82333,125,LE1,SKU004,2025-01-01,2025-01-01
GT,2160959,4450446,0,106982,159,LE1,SKU004,2025-01-01,2025-01-01
EC,1992918,4104369,0,98663,162,LE1,SKU004,2025-01-01,2025-01-01
CV,2080868,4285500,0,103017,158,LE1,SKU004,2025-01-01,2025-01-01
FS,2374896,4891044,0,117573,176,LE1,SKU004,2025-01-01,2025-01-01
MT,2380930,4672013,0,112308,151,LE1,SKU005,2025-01-01,2025-01-01
GT,2612688,5126784,0,123240,163,LE1,SKU005,2025-01-01,2025-01-01
EC,2423313,4755180,0,114307,167,LE1,SKU005,2025-01-01,2025-01-01
CV,3477902,6824563,0,164052,224,LE1,SKU005,2025-01-01,2025-01-01
FS,2847754,5588045,0,134328,179,LE1,SKU005,2025-01-01,2025-01-01
MT,2638631,6381806,0,153409,186,LE1,SKU006,2025-01-01,2025-01-01
GT,2545057,6155488,0,147968,176,LE1,SKU006,2025-01-01,2025-01-01
EC,2315762,5600912,0,134637,177,LE1,SKU006,2025-01-01,2025-01-01
CV,2322493,5617193,0,135029,166,LE1,SKU006,2025-01-01,2025-01-01
FS,2489492,6021098,0,144738,174,LE1,SKU006,2025-01-01,2025-01-01
MT,3474027,7940634,0,190881,211,LE1,SKU007,2025-01-01,2025-01-01
GT,2387590,5457348,0,131186,142,LE1,SKU007,2025-01-01,2025-01-01
EC,2676336,6117340,0,147051,176,LE1,SKU007,2025-01-01,2025-01-01
CV,3186115,7282548,0,175061,196,LE1,SKU007,2025-01-01,2025-01-01
FS,2431597,5557937,0,133604,146,LE1,SKU007,2025-01-01,2025-01-01
MT,3448314,7471348,0,179600,182,LE1,SKU008,2025-01-01,2025-01-01
GT,3162510,6852104,0,164714,164,LE1,SKU008,2025-01-01,2025-01-01
EC,4030387,8732506,0,209916,231,LE1,SKU008,2025-01-01,2025-01-01
CV,3932712,8520876,0,204829,210,LE1,SKU008,2025-01-01,2025-01-01
FS,4114374,8914478,0,214290,215,LE1,SKU008,2025-01-01,2025-01-01
MT,3948868,8132322,0,195488,183,LE1,SKU009,2025-01-01,2025-01-01
GT,4416604,9095580,0,218644,201,LE1,SKU009,2025-01-01,2025-01-01
EC,4036305,8312391,0,199817,203,LE1,SKU009,2025-01-01,2025-01-01
CV,4895374,10081562,0,242345,230,LE1,SKU009,2025-01-01,2025-01-01
FS,3990217,8217477,0,197536,183,LE1,SKU009,2025-01-01,2025-01-01
MT,2350561,4612421,0,110876,266,LE1,SKU010,2025-01-01,2025-01-01
GT,1730079,3394872,0,81608,192,LE1,SKU010,2025-01-01,2025-01-01
EC,1918456,3764517,0,90493,235,LE1,SKU010,2025-01-01,2025-01-01
CV,1884198,3697294,0,88877,215,LE1,SKU010,2025-01-01,2025-01-01
FS,2052960,4028450,0,96838,230,LE1,SKU010,2025-01-01,2025-01-01
MT,2366165,5722818,0,137568,276,LE1,SKU011,2025-01-01,2025-01-01
GT,1658553,4011384,0,96428,190,LE1,SKU011,2025-01-01,2025-01-01
EC,1704205,4121798,0,99082,215,LE1,SKU011,2025-01-01,2025-01-01
CV,1974455,4775425,0,114794,233,LE1,SKU011,2025-01-01,2025-01-01
FS,1775364,4293903,0,103219,205,LE1,SKU011,2025-01-01,2025-01-01
MT,2628876,6008860,0,144444,249,LE1,SKU012,2025-01-01,2025-01-01
GT,2783747,6362850,0,152953,259,LE1,SKU012,2025-01-01,2025-01-01
EC,2417893,5526612,0,132851,248,LE1,SKU012,2025-01-01,2025-01-01
CV,2257369,5159700,0,124031,216,LE1,SKU012,2025-01-01,2025-01-01
FS,2338074,5344170,0,128466,219,LE1,SKU012,2025-01-01,2025-01-01
MT,3148521,6821795,0,163985,248,LE1,SKU013,2025-01-01,2025-01-01
GT,3547908,7687134,0,184787,274,LE1,SKU013,2025-01-01,2025-01-01
EC,3293952,7136897,0,171560,281,LE1,SKU013,2025-01-01,2025-01-01
CV,2844072,6162156,0,148129,227,LE1,SKU013,2025-01-01,2025-01-01
FS,3089081,6693008,0,160890,241,LE1,SKU013,2025-01-01,2025-01-01
MT,3503246,7214605,0,173428,234,LE1,SKU014,2025-01-01,2025-01-01
GT,4332900,8923200,0,214500,283,LE1,SKU014,2025-01-01,2025-01-01
EC,3905355,8042711,0,193334,282,LE1,SKU014,2025-01-01,2025-01-01
CV,3527647,7264858,0,174636,238,LE1,SKU014,2025-01-01,2025-01-01
FS,4163705,8574758,0,206124,275,LE1,SKU014,2025-01-01,2025-01-01
MT,4815511,9449305,0,227147,276,LE1,SKU015,2025-01-01,2025-01-01
GT,4531123,8891260,0,213732,254,LE1,SKU015,2025-01-01,2025-01-01
EC,3999354,7847789,0,188649,248,LE1,SKU015,2025-01-01,2025-01-01
CV,3911638,7675668,0,184511,227,LE1,SKU015,2025-01-01,2025-01-01
FS,4357554,8550672,0,205545,247,LE1,SKU015,2025-01-01,2025-01-01
MT,4131960,9993578,0,240230,266,LE1,SKU016,2025-01-01,2025-01-01
GT,4267546,10321506,0,248113,269,LE1,SKU016,2025-01-01,2025-01-01
EC,3890070,9408541,0,226167,271,LE1,SKU016,2025-01-01,2025-01-01
CV,2852577,6899256,0,165848,185,LE1,SKU016,2025-01-01,2025-01-01
FS,3625003,8767450,0,210756,231,LE1,SKU016,2025-01-01,2025-01-01
MT,2751701,6289440,0,151188,153,LE1,SKU017,2025-01-01,2025-01-01
GT,2394528,5473064,0,131564,131,LE1,SKU017,2025-01-01,2025-01-01
EC,2166127,4951019,0,119015,131,LE1,SKU017,2025-01-01,2025-01-01
CV,2247752,5137586,0,123500,127,LE1,SKU017,2025-01-01,2025-01-01
FS,1884778,4307954,0,103557,104,LE1,SKU017,2025-01-01,2025-01-01
MT,2424936,5254028,0,126299,118,LE1,SKU018,2025-01-01,2025-01-01
GT,2884752,6250296,0,150248,138,LE1,SKU018,2025-01-01,2025-01-01
EC,2414845,5232165,0,125773,128,LE1,SKU018,2025-01-01,2025-01-01
CV,2649931,5741518,0,138017,131,LE1,SKU018,2025-01-01,2025-01-01
FS,3302616,7155668,0,172011,160,LE1,SKU018,2025-01-01,2025-01-01
MT,1484442,3057070,0,73487,176,LE1,SKU019,2025-01-01,2025-01-01
GT,1134432,2336256,0,56160,132,LE1,SKU019,2025-01-01,2025-01-01
EC,1170537,2410612,0,57947,150,LE1,SKU019,2025-01-01,2025-01-01
CV,1185427,2441275,0,58684,142,LE1,SKU019,2025-01-01,2025-01-01
FS,1219287,2511007,0,60361,143,LE1,SKU019,2025-01-01,2025-01-01
MT,1392925,2733286,0,65704,132,LE1,SKU020,2025-01-01,2025-01-01
GT,1766510,3466360,0,83326,164,LE1,SKU020,2025-01-01,2025-01-01
EC,1587962,3116000,0,74904,163,LE1,SKU020,2025-01-01,2025-01-01
CV,1270656,2493364,0,59937,122,LE1,SKU020,2025-01-01,2025-01-01
FS,1605442,3150300,0,75728,150,LE1,SKU020,2025-01-01,2025-01-01
MT,1734996,4196270,0,100872,174,LE1,SKU021,2025-01-01,2025-01-01
GT,1645556,3979950,0,95672,162,LE1,SKU021,2025-01-01,2025-01-01
EC,1128298,2728908,0,65599,123,LE1,SKU021,2025-01-01,2025-01-01
CV,1787940,4324320,0,103950,181,LE1,SKU021,2025-01-01,2025-01-01
FS,1825780,4415840,0,106150,181,LE1,SKU021,2025-01-01,2025-01-01
MT,2216815,5066809,0,121798,184,LE1,SKU022,2025-01-01,2025-01-01
GT,2023008,4623840,0,111150,165,LE1,SKU022,2025-01-01,2025-01-01
EC,1795731,4104369,0,98663,162,LE1,SKU022,2025-01-01,2025-01-01
CV,1825959,4173461,0,100324,153,LE1,SKU022,2025-01-01,2025-01-01
FS,2052316,4690826,0,112760,169,LE1,SKU022,2025-01-01,2025-01-01
MT,2391014,5180531,0,124532,168,LE1,SKU023,2025-01-01,2025-01-01
GT,2366208,5126784,0,123240,163,LE1,SKU023,2025-01-01,2025-01-01
EC,2506291,5430298,0,130536,191,LE1,SKU023,2025-01-01,2025-01-01
CV,3062707,6635866,0,159516,217,LE1,SKU023,2025-01-01,2025-01-01
FS,2934835,6358810,0,152856,204,LE1,SKU023,2025-01-01,2025-01-01
MT,3218793,6628617,0,159342,194,LE1,SKU024,2025-01-01,2025-01-01
GT,3268723,6731440,0,161813,193,LE1,SKU024,2025-01-01,2025-01-01
EC,2751374,5666039,0,136203,179,LE1,SKU024,2025-01-01,2025-01-01
CV,2964843,6105646,0,146770,180,LE1,SKU024,2025-01-01,2025-01-01
FS,3200596,6591142,0,158441,191,LE1,SKU024,2025-01-01,2025-01-01
MT,4066409,7979369,0,191812,212,LE1,SKU025,2025-01-01,2025-01-01
GT,3647738,7157826,0,172063,186,LE1,SKU025,2025-01-01,2025-01-01
EC,3591495,7047462,0,169410,203,LE1,SKU025,2025-01-01,2025-01-01
CV,3222970,6324318,0,152027,170,LE1,SKU025,2025-01-01,2025-01-01
FS,3370967,6614728,0,159008,174,LE1,SKU025,2025-01-01,2025-01-01
MT,3804672,9201998,0,221202,225,LE1,SKU026,2025-01-01,2025-01-01
GT,3100354,7498530,0,180253,179,LE1,SKU026,2025-01-01,2025-01-01
EC,2885220,6978208,0,167745,184,LE1,SKU026,2025-01-01,2025-01-01
CV,3246736,7852572,0,188764,194,LE1,SKU026,2025-01-01,2025-01-01
FS,3615252,8743866,0,210189,211,LE1,SKU026,2025-01-01,2025-01-01
MT,3817737,8726255,0,209766,197,LE1,SKU027,2025-01-01,2025-01-01
GT,3224266,7369752,0,177158,163,LE1,SKU027,2025-01-01,2025-01-01
EC,3415148,7806053,0,187646,191,LE1,SKU027,2025-01-01,2025-01-01
CV,4470020,10217189,0,245606,233,LE1,SKU027,2025-01-01,2025-01-01
FS,4100082,9371617,0,225279,209,LE1,SKU027,2025-01-01,2025-01-01
MT,1518221,3289478,0,79074,190,LE1,SKU028,2025-01-01,2025-01-01
GT,1870128,4051944,0,97402,229,LE1,SKU028,2025-01-01,2025-01-01
EC,1798433,3896605,0,93668,243,LE1,SKU028,2025-01-01,2025-01-01
CV,1641125,3555770,0,85475,207,LE1,SKU028,2025-01-01,2025-01-01
FS,2176114,4714913,0,113339,269,LE1,SKU028,2025-01-01,2025-01-01
MT,2696041,5551988,0,133461,268,LE1,SKU029,2025-01-01,2025-01-01
GT,2096137,4316598,0,103764,204,LE1,SKU029,2025-01-01,2025-01-01
EC,2307998,4752886,0,114252,248,LE1,SKU029,2025-01-01,2025-01-01
CV,2349725,4838815,0,116318,236,LE1,SKU029,2025-01-01,2025-01-01
FS,2011770,4142861,0,99588,198,LE1,SKU029,2025-01-01,2025-01-01
MT,2758518,5412940,0,130119,225,LE1,SKU030,2025-01-01,2025-01-01
GT,2893800,5678400,0,136500,231,LE1,SKU030,2025-01-01,2025-01-01
EC,3190414,6260436,0,150491,281,LE1,SKU030,2025-01-01,2025-01-01
CV,2692069,5282550,0,126984,221,LE1,SKU030,2025-01-01,2025-01-01
FS,3324425,6523400,0,156812,268,LE1,SKU030,2025-01-01,2025-01-01
MT,2352409,5689547,0,136768,207,LE1,SKU031,2025-01-01,2025-01-01
GT,2915464,7051356,0,169504,251,LE1,SKU031,2025-01-01,2025-01-01
EC,3221055,7790459,0,187271,307,LE1,SKU031,2025-01-01,2025-01-01
CV,2489909,6022106,0,144762,221,LE1,SKU031,2025-01-01,2025-01-01
FS,2388867,5777725,0,138888,208,LE1,SKU031,2025-01-01,2025-01-01
MT,3559629,8136294,0,195584,264,LE1,SKU032,2025-01-01,2025-01-01
GT,3591588,8209344,0,197340,261,LE1,SKU032,2025-01-01,2025-01-01
EC,2106075,4813885,0,115718,169,LE1,SKU032,2025-01-01,2025-01-01
CV,2683044,6132672,0,147420,201,LE1,SKU032,2025-01-01,2025-01-01
FS,3315894,7579187,0,182192,243,LE1,SKU032,2025-01-01,2025-01-01
MT,4068300,8814650,0,211891,258,LE1,SKU033,2025-01-01,2025-01-01
GT,4087044,8855262,0,212867,253,LE1,SKU033,2025-01-01,2025-01-01
EC,4253286,9215454,0,221525,291,LE1,SKU033,2025-01-01,2025-01-01
CV,3671438,7954783,0,191221,235,LE1,SKU033,2025-01-01,2025-01-01
FS,4094456,8871322,0,213253,256,LE1,SKU033,2025-01-01,2025-01-01
MT,2087768,4299563,0,103355,114,LE1,SKU034,2025-01-01,2025-01-01
GT,1728236,3559140,0,85556,93,LE1,SKU034,2025-01-01,2025-01-01
EC,2154003,4435966,0,106634,128,LE1,SKU034,2025-01-01,2025-01-01
CV,2847602,5864368,0,140970,158,LE1,SKU034,2025-01-01,2025-01-01
FS,2356704,4853410,0,116668,128,LE1,SKU034,2025-01-01,2025-01-01
MT,2473808,4854264,0,116689,118,LE1,SKU035,2025-01-01,2025-01-01
GT,2701310,5300684,0,127420,127,LE1,SKU035,2025-01-01,2025-01-01
EC,1907237,3742502,0,89964,99,LE1,SKU035,2025-01-01,2025-01-01
CV,1937037,3800978,0,91370,94,LE1,SKU035,2025-01-01,2025-01-01
FS,2108453,4137342,0,99455,100,LE1,SKU035,2025-01-01,2025-01-01
MT,2814595,6807393,0,163639,153,LE1,SKU036,2025-01-01,2025-01-01
GT,2622828,6343584,0,152490,140,LE1,SKU036,2025-01-01,2025-01-01
EC,2704124,6540206,0,157216,160,LE1,SKU036,2025-01-01,2025-01-01
CV,2112207,5108594,0,122803,116,LE1,SKU036,2025-01-01,2025-01-01
FS,3073120,7432662,0,178670,166,LE1,SKU036,2025-01-01,2025-01-01
MT,990488,2395598,0,57586,138,LE1,SKU001,2025-02-01,2025-02-01
GT,1101789,2664792,0,64058,150,LE1,SKU001,2025-02-01,2025-02-01
EC,914775,2212479,0,53185,138,LE1,SKU001,2025-02-01,2025-02-01
CV,921602,2228990,0,53582,130,LE1,SKU001,2025-02-01,2025-02-01
FS,896292,2167776,0,52110,124,LE1,SKU001,2025-02-01,2025-02-01
MT,1868362,4270760,0,102662,206,LE1,SKU002,2025-02-01,2025-02-01
GT,1068194,2441712,0,58695,115,LE1,SKU002,2025-02-01,2025-02-01
EC,1389064,3175165,0,76326,166,LE1,SKU002,2025-02-01,2025-02-01
CV,1183231,2704666,0,65016,132,LE1,SKU002,2025-02-01,2025-02-01
FS,1434824,3279765,0,78840,157,LE1,SKU002,2025-02-01,2025-02-01
MT,1810680,3923140,0,94306,163,LE1,SKU003,2025-02-01,2025-02-01
GT,2082600,4512300,0,108469,183,LE1,SKU003,2025-02-01,2025-02-01
EC,1577016,3416868,0,82136,153,LE1,SKU003,2025-02-01,2025-02-01
CV,2018520,4373460,0,105131,183,LE1,SKU003,2025-02-01,2025-02-01
FS,1957020,4240210,0,101928,174,LE1,SKU003,2025-02-01,2025-02-01
MT,2130376,4387460,0,105468,160,LE1,SKU004,2025-02-01,2025-02-01
GT,1908379,3930264,0,94478,140,LE1,SKU004,2025-02-01,2025-02-01
EC,2170630,4470364,0,107461,176,LE1,SKU004,2025-02-01,2025-02-01
CV,2420878,4985744,0,119850,183,LE1,SKU004,2025-02-01,2025-02-01
FS,1763811,3632530,0,87320,131,LE1,SKU004,2025-02-01,2025-02-01
MT,2461914,4830925,0,116128,157,LE1,SKU005,2025-02-01,2025-02-01
GT,2546544,4996992,0,120120,159,LE1,SKU005,2025-02-01,2025-02-01
EC,2213891,4344238,0,104429,152,LE1,SKU005,2025-02-01,2025-02-01
CV,2564352,5031936,0,120960,165,LE1,SKU005,2025-02-01,2025-02-01
FS,2667723,5234778,0,125836,168,LE1,SKU005,2025-02-01,2025-02-01
MT,2245024,5429824,0,130525,159,LE1,SKU006,2025-02-01,2025-02-01
GT,2619474,6335472,0,152295,181,LE1,SKU006,2025-02-01,2025-02-01
EC,2261907,5470658,0,131506,173,LE1,SKU006,2025-02-01,2025-02-01
CV,2841809,6873211,0,165221,203,LE1,SKU006,2025-02-01,2025-02-01
FS,2077032,5023519,0,120758,145,LE1,SKU006,2025-02-01,2025-02-01
MT,2931740,6701120,0,161085,178,LE1,SKU007,2025-02-01,2025-02-01
GT,3494878,7988292,0,192026,208,LE1,SKU007,2025-02-01,2025-02-01
EC,2582430,5902697,0,141892,170,LE1,SKU007,2025-02-01,2025-02-01
CV,3202884,7320877,0,175983,197,LE1,SKU007,2025-02-01,2025-02-01
FS,2996687,6849570,0,164653,180,LE1,SKU007,2025-02-01,2025-02-01
MT,3954846,8568832,0,205982,209,LE1,SKU008,2025-02-01,2025-02-01
GT,3759210,8144956,0,195792,195,LE1,SKU008,2025-02-01,2025-02-01
EC,3940423,8537584,0,205230,226,LE1,SKU008,2025-02-01,2025-02-01
CV,3855600,8353800,0,200812,206,LE1,SKU008,2025-02-01,2025-02-01
FS,3090702,6696522,0,160974,162,LE1,SKU008,2025-02-01,2025-02-01
MT,5169023,10645118,0,255892,240,LE1,SKU009,2025-02-01,2025-02-01
GT,4552499,9375444,0,225371,207,LE1,SKU009,2025-02-01,2025-02-01
EC,3483106,7173130,0,172431,175,LE1,SKU009,2025-02-01,2025-02-01
CV,3095281,6374441,0,153232,145,LE1,SKU009,2025-02-01,2025-02-01
FS,5335234,10987413,0,264120,245,LE1,SKU009,2025-02-01,2025-02-01
MT,1977022,3879439,0,93256,224,LE1,SKU010,2025-02-01,2025-02-01
GT,2148646,4216212,0,101351,238,LE1,SKU010,2025-02-01,2025-02-01
EC,2019427,3962650,0,95256,247,LE1,SKU010,2025-02-01,2025-02-01
CV,1902228,3732674,0,89728,217,LE1,SKU010,2025-02-01,2025-02-01
FS,1776777,3486506,0,83810,199,LE1,SKU010,2025-02-01,2025-02-01
MT,1924717,4655128,0,111902,225,LE1,SKU011,2025-02-01,2025-02-01
GT,1874886,4534608,0,109005,214,LE1,SKU011,2025-02-01,2025-02-01
EC,1418812,3431544,0,82489,179,LE1,SKU011,2025-02-01,2025-02-01
CV,1738569,4204910,0,101080,205,LE1,SKU011,2025-02-01,2025-02-01
FS,2248199,5437505,0,130709,260,LE1,SKU011,2025-02-01,2025-02-01
MT,2498519,5710900,0,137281,237,LE1,SKU012,2025-02-01,2025-02-01
GT,2295759,5247450,0,126141,213,LE1,SKU012,2025-02-01,2025-02-01
EC,2036648,4655196,0,111904,209,LE1,SKU012,2025-02-01,2025-02-01
CV,2321865,5307120,0,127575,222,LE1,SKU012,2025-02-01,2025-02-01
FS,2755196,6297590,0,151384,259,LE1,SKU012,2025-02-01,2025-02-01
MT,3083198,6680263,0,160583,243,LE1,SKU013,2025-02-01,2025-02-01
GT,3441204,7455942,0,179229,266,LE1,SKU013,2025-02-01,2025-02-01
EC,3064703,6640190,0,159620,262,LE1,SKU013,2025-02-01,2025-02-01
CV,3128479,6778372,0,162942,249,LE1,SKU013,2025-02-01,2025-02-01
FS,2297009,4976852,0,119636,179,LE1,SKU013,2025-02-01,2025-02-01
MT,3935364,8104512,0,194820,263,LE1,SKU014,2025-02-01,2025-02-01
GT,3056664,6294912,0,151320,200,LE1,SKU014,2025-02-01,2025-02-01
EC,4062139,8365594,0,201096,294,LE1,SKU014,2025-02-01,2025-02-01
CV,2825172,5818176,0,139860,191,LE1,SKU014,2025-02-01,2025-02-01
FS,3368390,6936883,0,166752,222,LE1,SKU014,2025-02-01,2025-02-01
MT,4995194,9801891,0,235622,286,LE1,SKU015,2025-02-01,2025-02-01
GT,4366021,8567286,0,205944,245,LE1,SKU015,2025-02-01,2025-02-01
EC,4596768,9020073,0,216829,285,LE1,SKU015,2025-02-01,2025-02-01
CV,3733837,7326774,0,176124,216,LE1,SKU015,2025-02-01,2025-02-01
FS,4230458,8301277,0,199550,240,LE1,SKU015,2025-02-01,2025-02-01
MT,3555408,8599126,0,206710,229,LE1,SKU016,2025-02-01,2025-02-01
GT,3499060,8462844,0,203434,220,LE1,SKU016,2025-02-01,2025-02-01
EC,3579456,8657289,0,208108,249,LE1,SKU016,2025-02-01,2025-02-01
CV,4104541,9927263,0,238636,267,LE1,SKU016,2025-02-01,2025-02-01
FS,4369424,10567908,0,254036,278,LE1,SKU016,2025-02-01,2025-02-01
MT,2807104,6416072,0,154232,157,LE1,SKU017,2025-02-01,2025-02-01
GT,1791182,4094024,0,98414,98,LE1,SKU017,2025-02-01,2025-02-01
EC,2251407,5145941,0,123700,136,LE1,SKU017,2025-02-01,2025-02-01
CV,2339124,5346432,0,128520,132,LE1,SKU017,2025-02-01,2025-02-01
FS,2556581,5843462,0,140468,141,LE1,SKU017,2025-02-01,2025-02-01
MT,3352738,7264265,0,174622,164,LE1,SKU018,2025-02-01,2025-02-01
GT,3250728,7043244,0,169309,156,LE1,SKU018,2025-02-01,2025-02-01
EC,2823811,6118258,0,147074,149,LE1,SKU018,2025-02-01,2025-02-01
CV,3547152,7685496,0,184748,175,LE1,SKU018,2025-02-01,2025-02-01
FS,3323923,7201834,0,173121,161,LE1,SKU018,2025-02-01,2025-02-01
MT,1241376,2556497,0,61454,147,LE1,SKU019,2025-02-01,2025-02-01
GT,1373726,2829060,0,68006,160,LE1,SKU019,2025-02-01,2025-02-01
EC,1082346,2228990,0,53582,139,LE1,SKU019,2025-02-01,2025-02-01
CV,1443128,2971987,0,71442,173,LE1,SKU019,2025-02-01,2025-02-01
FS,1333321,2745850,0,66006,157,LE1,SKU019,2025-02-01,2025-02-01
MT,1556158,3053594,0,73404,147,LE1,SKU020,2025-02-01,2025-02-01
GT,1388765,2725124,0,65508,129,LE1,SKU020,2025-02-01,2025-02-01
EC,1859322,3648481,0,87704,191,LE1,SKU020,2025-02-01,2025-02-01
CV,1626010,3190661,0,76699,156,LE1,SKU020,2025-02-01,2025-02-01
FS,1693411,3322920,0,79878,159,LE1,SKU020,2025-02-01,2025-02-01
MT,1570736,3798990,0,91322,158,LE1,SKU021,2025-02-01,2025-02-01
GT,1792294,4334850,0,104203,176,LE1,SKU021,2025-02-01,2025-02-01
EC,1621336,3921372,0,94264,176,LE1,SKU021,2025-02-01,2025-02-01
CV,1401908,3390660,0,81506,142,LE1,SKU021,2025-02-01,2025-02-01
FS,2085124,5043090,0,121228,207,LE1,SKU021,2025-02-01,2025-02-01
MT,2216815,5066809,0,121798,184,LE1,SKU022,2025-02-01,2025-02-01
GT,2136802,4883932,0,117402,174,LE1,SKU022,2025-02-01,2025-02-01
EC,2024486,4627219,0,111231,182,LE1,SKU022,2025-02-01,2025-02-01
CV,1764685,4033411,0,96957,148,LE1,SKU022,2025-02-01,2025-02-01
FS,2114887,4833840,0,116198,174,LE1,SKU022,2025-02-01,2025-02-01
MT,2024294,4385971,0,105432,142,LE1,SKU023,2025-02-01,2025-02-01
GT,2650752,5743296,0,138060,182,LE1,SKU023,2025-02-01,2025-02-01
EC,2235341,4843238,0,116424,170,LE1,SKU023,2025-02-01,2025-02-01
CV,2888525,6258470,0,150444,205,LE1,SKU023,2025-02-01,2025-02-01
FS,2845901,6166118,0,148224,198,LE1,SKU023,2025-02-01,2025-02-01
MT,2773641,5711893,0,137305,167,LE1,SKU024,2025-02-01,2025-02-01
GT,3635798,7487376,0,179985,214,LE1,SKU024,2025-02-01,2025-02-01
EC,2846249,5861419,0,140900,185,LE1,SKU024,2025-02-01,2025-02-01
CV,2795423,5756750,0,138383,170,LE1,SKU024,2025-02-01,2025-02-01
FS,3062192,6306120,0,151589,182,LE1,SKU024,2025-02-01,2025-02-01
MT,3572913,7010999,0,168534,186,LE1,SKU025,2025-02-01,2025-02-01
GT,4393408,8621028,0,207236,225,LE1,SKU025,2025-02-01,2025-02-01
EC,3536802,6940140,0,166830,200,LE1,SKU025,2025-02-01,2025-02-01
CV,3281569,6439306,0,154791,173,LE1,SKU025,2025-02-01,2025-02-01
FS,3630272,7123553,0,171239,187,LE1,SKU025,2025-02-01,2025-02-01
MT,3089115,7471348,0,179600,182,LE1,SKU026,2025-02-01,2025-02-01
GT,2726173,6593536,0,158498,158,LE1,SKU026,2025-02-01,2025-02-01
EC,3868452,9356256,0,224910,247,LE1,SKU026,2025-02-01,2025-02-01
CV,3937532,9523332,0,228926,235,LE1,SKU026,2025-02-01,2025-02-01
FS,3721064,8999782,0,216341,217,LE1,SKU026,2025-02-01,2025-02-01
MT,5596682,12792416,0,307510,288,LE1,SKU027,2025-02-01,2025-02-01
GT,4387451,10028460,0,241069,221,LE1,SKU027,2025-02-01,2025-02-01
EC,4153558,9493848,0,228218,232,LE1,SKU027,2025-02-01,2025-02-01
CV,4034885,9222595,0,221697,210,LE1,SKU027,2025-02-01,2025-02-01
FS,4039490,9233120,0,221950,206,LE1,SKU027,2025-02-01,2025-02-01
MT,1930781,4183358,0,100562,241,LE1,SKU028,2025-02-01,2025-02-01
GT,1937520,4197960,0,100912,237,LE1,SKU028,2025-02-01,2025-02-01
EC,1630783,3533363,0,84937,220,LE1,SKU028,2025-02-01,2025-02-01
CV,1706443,3697294,0,88877,215,LE1,SKU028,2025-02-01,2025-02-01
FS,1767571,3829738,0,92061,218,LE1,SKU028,2025-02-01,2025-02-01
MT,2187942,4505652,0,108309,217,LE1,SKU029,2025-02-01,2025-02-01
GT,2286695,4709016,0,113198,222,LE1,SKU029,2025-02-01,2025-02-01
EC,2164347,4457064,0,107141,233,LE1,SKU029,2025-02-01,2025-02-01
CV,2236857,4606384,0,110730,225,LE1,SKU029,2025-02-01,2025-02-01
FS,2116550,4358635,0,104775,208,LE1,SKU029,2025-02-01,2025-02-01
MT,2606672,5114980,0,122956,212,LE1,SKU030,2025-02-01,2025-02-01
GT,2635425,5171400,0,124312,210,LE1,SKU030,2025-02-01,2025-02-01
EC,2734641,5366088,0,128992,241,LE1,SKU030,2025-02-01,2025-02-01
CV,3205440,6289920,0,151200,264,LE1,SKU030,2025-02-01,2025-02-01
FS,3286066,6448130,0,155003,265,LE1,SKU030,2025-02-01,2025-02-01
MT,2984399,7218080,0,173512,263,LE1,SKU031,2025-02-01,2025-02-01
GT,3046899,7369244,0,177145,263,LE1,SKU031,2025-02-01,2025-02-01
EC,2529285,6117340,0,147051,241,LE1,SKU031,2025-02-01,2025-02-01
CV,2420424,5854049,0,140722,215,LE1,SKU031,2025-02-01,2025-02-01
FS,3015649,7293662,0,175328,263,LE1,SKU031,2025-02-01,2025-02-01
MT,3782106,8644813,0,207808,280,LE1,SKU032,2025-02-01,2025-02-01
GT,4429152,10123776,0,243360,321,LE1,SKU032,2025-02-01,2025-02-01
EC,2773855,6340239,0,152410,222,LE1,SKU032,2025-02-01,2025-02-01
CV,3714984,8491392,0,204120,278,LE1,SKU032,2025-02-01,2025-02-01
FS,3343995,7643418,0,183736,245,LE1,SKU032,2025-02-01,2025-02-01
MT,4068300,8814650,0,211891,258,LE1,SKU033,2025-02-01,2025-02-01
GT,4635306,10043164,0,241422,287,LE1,SKU033,2025-02-01,2025-02-01
EC,3441705,7457028,0,179255,236,LE1,SKU033,2025-02-01,2025-02-01
CV,3929083,8513014,0,204640,251,LE1,SKU033,2025-02-01,2025-02-01
FS,3650479,7909372,0,190129,229,LE1,SKU033,2025-02-01,2025-02-01
MT,2219430,4570706,0,109873,122,LE1,SKU034,2025-02-01,2025-02-01
GT,2630760,5417802,0,130236,141,LE1,SKU034,2025-02-01,2025-02-01
EC,2240858,4614836,0,110934,133,LE1,SKU034,2025-02-01,2025-02-01
CV,2624260,5404417,0,129914,145,LE1,SKU034,2025-02-01,2025-02-01
FS,2375709,4892550,0,117609,129,LE1,SKU034,2025-02-01,2025-02-01
MT,2559853,5023108,0,120748,123,LE1,SKU035,2025-02-01,2025-02-01
GT,2833082,5559256,0,133636,133,LE1,SKU035,2025-02-01,2025-02-01
EC,2880722,5652738,0,135883,149,LE1,SKU035,2025-02-01,2025-02-01
CV,2745910,5388202,0,129524,133,LE1,SKU035,2025-02-01,2025-02-01
FS,3651753,7165704,0,172252,173,LE1,SKU035,2025-02-01,2025-02-01
MT,2927934,7081516,0,170229,160,LE1,SKU036,2025-02-01,2025-02-01
GT,3143536,7602972,0,182764,168,LE1,SKU036,2025-02-01,2025-02-01
EC,2459880,5949478,0,143016,145,LE1,SKU036,2025-02-01,2025-02-01
CV,2766431,6690902,0,160839,152,LE1,SKU036,2025-02-01,2025-02-01
FS,2519576,6093859,0,146487,136,LE1,SKU036,2025-02-01,2025-02-01
MT,1256589,3039192,0,73058,175,LE1,SKU001,2025-03-01,2025-03-01
GT,792382,1916460,0,46069,108,LE1,SKU001,2025-03-01,2025-03-01
EC,989869,2394101,0,57550,149,LE1,SKU001,2025-03-01,2025-03-01
CV,855773,2069777,0,49754,121,LE1,SKU001,2025-03-01,2025-03-01
FS,1090489,2637461,0,63400,150,LE1,SKU001,2025-03-01,2025-03-01
MT,1289170,2946824,0,70837,142,LE1,SKU002,2025-03-01,2025-03-01
GT,1287556,2943136,0,70748,139,LE1,SKU002,2025-03-01,2025-03-01
EC,1458085,3332937,0,80119,174,LE1,SKU002,2025-03-01,2025-03-01
CV,1247939,2852578,0,68572,139,LE1,SKU002,2025-03-01,2025-03-01
FS,1293229,2956103,0,71060,141,LE1,SKU002,2025-03-01,2025-03-01
MT,1443960,3128580,0,75206,130,LE1,SKU003,2025-03-01,2025-03-01
GT,1743300,3777150,0,90797,153,LE1,SKU003,2025-03-01,2025-03-01
EC,1672272,3623256,0,87098,163,LE1,SKU003,2025-03-01,2025-03-01
CV,1701000,3685500,0,88594,154,LE1,SKU003,2025-03-01,2025-03-01
FS,2095980,4541290,0,109166,186,LE1,SKU003,2025-03-01,2025-03-01
MT,2666406,5491403,0,132005,200,LE1,SKU004,2025-03-01,2025-03-01
GT,2638054,5433012,0,130601,194,LE1,SKU004,2025-03-01,2025-03-01
EC,1612105,3320095,0,79810,131,LE1,SKU004,2025-03-01,2025-03-01
CV,2148870,4425548,0,106383,163,LE1,SKU004,2025-03-01,2025-03-01
FS,2735991,5634713,0,135450,203,LE1,SKU004,2025-03-01,2025-03-01
MT,2850637,5593702,0,134464,181,LE1,SKU005,2025-03-01,2025-03-01
GT,2926872,5743296,0,138060,182,LE1,SKU005,2025-03-01,2025-03-01
EC,2542982,4990003,0,119952,175,LE1,SKU005,2025-03-01,2025-03-01
CV,2900923,5692378,0,136836,186,LE1,SKU005,2025-03-01,2025-03-01
FS,3109616,6101888,0,146680,196,LE1,SKU005,2025-03-01,2025-03-01
MT,2361648,5711893,0,137305,167,LE1,SKU006,2025-03-01,2025-03-01
GT,2470640,5975502,0,143642,171,LE1,SKU006,2025-03-01,2025-03-01
EC,2585036,6252180,0,150293,198,LE1,SKU006,2025-03-01,2025-03-01
CV,3014914,7291884,0,175286,215,LE1,SKU006,2025-03-01,2025-03-01
FS,2636800,6377377,0,153302,184,LE1,SKU006,2025-03-01,2025-03-01
MT,3880743,8870269,0,213228,236,LE1,SKU007,2025-03-01,2025-03-01
GT,2612508,5971446,0,143544,156,LE1,SKU007,2025-03-01,2025-03-01
EC,2832847,6475080,0,155651,186,LE1,SKU007,2025-03-01,2025-03-01
CV,2599199,5941026,0,142813,160,LE1,SKU007,2025-03-01,2025-03-01
FS,3390537,7749799,0,186293,204,LE1,SKU007,2025-03-01,2025-03-01
MT,3662616,7935668,0,190761,194,LE1,SKU008,2025-03-01,2025-03-01
GT,4176900,9049950,0,217547,216,LE1,SKU008,2025-03-01,2025-03-01
EC,3076769,6666332,0,160248,176,LE1,SKU008,2025-03-01,2025-03-01
CV,4125492,8938566,0,214869,220,LE1,SKU008,2025-03-01,2025-03-01
FS,3779712,8189376,0,196860,198,LE1,SKU008,2025-03-01,2025-03-01
MT,5479609,11284738,0,271268,254,LE1,SKU009,2025-03-01,2025-03-01
GT,5458469,11241204,0,270221,248,LE1,SKU009,2025-03-01,2025-03-01
EC,3933861,8101417,0,194746,198,LE1,SKU009,2025-03-01,2025-03-01
CV,3929471,8092375,0,194528,184,LE1,SKU009,2025-03-01,2025-03-01
FS,4842061,9971770,0,239706,222,LE1,SKU009,2025-03-01,2025-03-01
MT,2141014,4201236,0,100991,242,LE1,SKU010,2025-03-01,2025-03-01
GT,1953315,3832920,0,92138,216,LE1,SKU010,2025-03-01,2025-03-01
EC,2288684,4491003,0,107957,280,LE1,SKU010,2025-03-01,2025-03-01
CV,1730938,3396557,0,81648,198,LE1,SKU010,2025-03-01,2025-03-01
FS,2688181,5274922,0,126801,301,LE1,SKU010,2025-03-01,2025-03-01
MT,2216073,5359804,0,128841,259,LE1,SKU011,2025-03-01,2025-03-01
GT,2082205,5036032,0,121058,238,LE1,SKU011,2025-03-01,2025-03-01
EC,1891749,4575393,0,109985,239,LE1,SKU011,2025-03-01,2025-03-01
CV,1616257,3909086,0,93968,191,LE1,SKU011,2025-03-01,2025-03-01
FS,1659385,4013396,0,96476,192,LE1,SKU011,2025-03-01,2025-03-01
MT,2281256,5214300,0,125344,216,LE1,SKU012,2025-03-01,2025-03-01
GT,3038831,6945900,0,166969,282,LE1,SKU012,2025-03-01,2025-03-01
EC,2026616,4632264,0,111352,208,LE1,SKU012,2025-03-01,2025-03-01
CV,2407860,5503680,0,132300,231,LE1,SKU012,2025-03-01,2025-03-01
FS,2491751,5695430,0,136909,234,LE1,SKU012,2025-03-01,2025-03-01
MT,3318358,7189775,0,172831,262,LE1,SKU013,2025-03-01,2025-03-01
GT,2800980,6068790,0,145884,216,LE1,SKU013,2025-03-01,2025-03-01
EC,2787191,6038913,0,145166,238,LE1,SKU013,2025-03-01,2025-03-01
CV,3128479,6778372,0,162942,249,LE1,SKU013,2025-03-01,2025-03-01
FS,3141886,6807419,0,163640,245,LE1,SKU013,2025-03-01,2025-03-01
MT,3256321,6706086,0,161204,217,LE1,SKU014,2025-03-01,2025-03-01
GT,3923244,8079552,0,194220,256,LE1,SKU014,2025-03-01,2025-03-01
EC,3805583,7837240,0,188395,275,LE1,SKU014,2025-03-01,2025-03-01
CV,3466562,7139059,0,171612,234,LE1,SKU014,2025-03-01,2025-03-01
FS,3820628,7868224,0,189140,252,LE1,SKU014,2025-03-01,2025-03-01
MT,4438177,8708875,0,209348,254,LE1,SKU015,2025-03-01,2025-03-01
GT,5723523,11231064,0,269978,321,LE1,SKU015,2025-03-01,2025-03-01
EC,4629958,9085200,0,218394,287,LE1,SKU015,2025-03-01,2025-03-01
CV,4249462,8338567,0,200446,246,LE1,SKU015,2025-03-01,2025-03-01
FS,5610351,11008990,0,264639,318,LE1,SKU015,2025-03-01,2025-03-01
MT,4083914,9877374,0,237437,263,LE1,SKU016,2025-03-01,2025-03-01
GT,3515411,8502390,0,204384,221,LE1,SKU016,2025-03-01,2025-03-01
EC,4067564,9837828,0,236486,283,LE1,SKU016,2025-03-01,2025-03-01
CV,4564123,11038810,0,265356,297,LE1,SKU016,2025-03-01,2025-03-01
FS,3754468,9080573,0,218283,239,LE1,SKU016,2025-03-01,2025-03-01
MT,2142264,4896476,0,117704,119,LE1,SKU017,2025-03-01,2025-03-01
GT,2715055,6205680,0,149175,148,LE1,SKU017,2025-03-01,2025-03-01
EC,2746035,6276488,0,150877,166,LE1,SKU017,2025-03-01,2025-03-01
CV,2302576,5262894,0,126512,130,LE1,SKU017,2025-03-01,2025-03-01
FS,2388630,5459584,0,131240,132,LE1,SKU017,2025-03-01,2025-03-01
MT,2340590,5071279,0,121906,114,LE1,SKU018,2025-03-01,2025-03-01
GT,3056976,6623448,0,159218,146,LE1,SKU018,2025-03-01,2025-03-01
EC,2960133,6413622,0,154174,157,LE1,SKU018,2025-03-01,2025-03-01
CV,2879453,6238814,0,149972,142,LE1,SKU018,2025-03-01,2025-03-01
FS,2855165,6186190,0,148706,138,LE1,SKU018,2025-03-01,2025-03-01
MT,1224014,2520742,0,60595,145,LE1,SKU019,2025-03-01,2025-03-01
GT,1480079,3048084,0,73271,172,LE1,SKU019,2025-03-01,2025-03-01
EC,1210624,2493167,0,59932,156,LE1,SKU019,2025-03-01,2025-03-01
CV,1357228,2795083,0,67190,163,LE1,SKU019,2025-03-01,2025-03-01
FS,1333321,2745850,0,66006,157,LE1,SKU019,2025-03-01,2025-03-01
MT,1741156,3416608,0,82130,165,LE1,SKU020,2025-03-01,2025-03-01
GT,1877611,3684368,0,88567,174,LE1,SKU020,2025-03-01,2025-03-01
EC,1165845,2287696,0,54993,119,LE1,SKU020,2025-03-01,2025-03-01
CV,1776765,3486482,0,83810,170,LE1,SKU020,2025-03-01,2025-03-01
FS,1715403,3366074,0,80915,161,LE1,SKU020,2025-03-01,2025-03-01
MT,1734996,4196270,0,100872,174,LE1,SKU021,2025-03-01,2025-03-01
GT,1530262,3701100,0,88969,150,LE1,SKU021,2025-03-01,2025-03-01
EC,1422225,3439800,0,82688,154,LE1,SKU021,2025-03-01,2025-03-01
CV,1737146,4201470,0,100997,176,LE1,SKU021,2025-03-01,2025-03-01
FS,1856901,4491110,0,107959,184,LE1,SKU021,2025-03-01,2025-03-01
MT,1870050,4274236,0,102746,156,LE1,SKU022,2025-03-01,2025-03-01
GT,2124158,4855032,0,116708,173,LE1,SKU022,2025-03-01,2025-03-01
EC,1944422,4444222,0,106832,175,LE1,SKU022,2025-03-01,2025-03-01
CV,1997526,4565597,0,109750,168,LE1,SKU022,2025-03-01,2025-03-01
FS,1877118,4290390,0,103134,154,LE1,SKU022,2025-03-01,2025-03-01
MT,3007104,6515392,0,156620,211,LE1,SKU023,2025-03-01,2025-03-01
GT,2216448,4802304,0,115440,152,LE1,SKU023,2025-03-01,2025-03-01
EC,2858527,6193475,0,148882,217,LE1,SKU023,2025-03-01,2025-03-01
CV,2482099,5377882,0,129276,176,LE1,SKU023,2025-03-01,2025-03-01
FS,2905190,6294579,0,151312,202,LE1,SKU023,2025-03-01,2025-03-01
MT,3835158,7897926,0,189854,231,LE1,SKU024,2025-03-01,2025-03-01
GT,3128884,6443464,0,154891,184,LE1,SKU024,2025-03-01,2025-03-01
EC,3083437,6349871,0,152641,201,LE1,SKU024,2025-03-01,2025-03-01
CV,3828883,7885004,0,189543,233,LE1,SKU024,2025-03-01,2025-03-01
FS,3356301,6911793,0,166149,200,LE1,SKU024,2025-03-01,2025-03-01
MT,4520426,8870269,0,213228,236,LE1,SKU025,2025-03-01,2025-03-01
GT,4715860,9253764,0,222446,241,LE1,SKU025,2025-03-01,2025-03-01
EC,3901421,7655619,0,184029,220,LE1,SKU025,2025-03-01,2025-03-01
CV,2949506,5787709,0,139128,156,LE1,SKU025,2025-03-01,2025-03-01
FS,4069096,7984642,0,191938,210,LE1,SKU025,2025-03-01,2025-03-01
MT,3699956,8948732,0,215114,218,LE1,SKU026,2025-03-01,2025-03-01
GT,4009078,9696376,0,233086,232,LE1,SKU026,2025-03-01,2025-03-01
EC,3546081,8576568,0,206168,227,LE1,SKU026,2025-03-01,2025-03-01
CV,3125848,7560190,0,181735,186,LE1,SKU026,2025-03-01,2025-03-01
FS,3403628,8232030,0,197885,199,LE1,SKU026,2025-03-01,2025-03-01
MT,4097571,9365876,0,225141,211,LE1,SKU027,2025-03-01,2025-03-01
GT,4958840,11334492,0,272464,250,LE1,SKU027,2025-03-01,2025-03-01
EC,2916721,6666791,0,160259,163,LE1,SKU027,2025-03-01,2025-03-01
CV,4687587,10714486,0,257560,244,LE1,SKU027,2025-03-01,2025-03-01
FS,4403044,10064101,0,241926,225,LE1,SKU027,2025-03-01,2025-03-01
MT,2227824,4826952,0,116032,278,LE1,SKU028,2025-03-01,2025-03-01
GT,2122848,4599504,0,110565,260,LE1,SKU028,2025-03-01,2025-03-01
EC,1280241,2773855,0,66679,173,LE1,SKU028,2025-03-01,2025-03-01
CV,1763597,3821126,0,91854,222,LE1,SKU028,2025-03-01,2025-03-01
FS,1817597,3938126,0,94666,225,LE1,SKU028,2025-03-01,2025-03-01
MT,2778997,5722818,0,137568,276,LE1,SKU029,2025-03-01,2025-03-01
GT,2794849,5755464,0,138352,272,LE1,SKU029,2025-03-01,2025-03-01
EC,2097310,4319013,0,103822,226,LE1,SKU029,2025-03-01,2025-03-01
CV,2749897,5662894,0,136127,276,LE1,SKU029,2025-03-01,2025-03-01
FS,2588059,5329618,0,128116,254,LE1,SKU029,2025-03-01,2025-03-01
MT,3353244,6579950,0,158172,273,LE1,SKU030,2025-03-01,2025-03-01
GT,3578494,7021950,0,168797,285,LE1,SKU030,2025-03-01,2025-03-01
EC,3295593,6466824,0,155452,290,LE1,SKU030,2025-03-01,2025-03-01
CV,2980058,5847660,0,140569,245,LE1,SKU030,2025-03-01,2025-03-01
FS,3388356,6648850,0,159828,273,LE1,SKU030,2025-03-01,2025-03-01
MT,3253580,7869124,0,189162,286,LE1,SKU031,2025-03-01,2025-03-01
GT,2557006,6184386,0,148663,220,LE1,SKU031,2025-03-01,2025-03-01
EC,2648183,6404908,0,153964,252,LE1,SKU031,2025-03-01,2025-03-01
CV,3242673,7842744,0,188528,288,LE1,SKU031,2025-03-01,2025-03-01
FS,3062953,7408073,0,178079,267,LE1,SKU031,2025-03-01,2025-03-01
MT,3643058,8326989,0,200168,270,LE1,SKU032,2025-03-01,2025-03-01
GT,3279276,7495488,0,180180,238,LE1,SKU032,2025-03-01,2025-03-01
EC,3005009,6868593,0,165110,241,LE1,SKU032,2025-03-01,2025-03-01
CV,3357245,7673702,0,184464,251,LE1,SKU032,2025-03-01,2025-03-01
FS,3133239,7161690,0,172156,230,LE1,SKU032,2025-03-01,2025-03-01
MT,3368553,7298531,0,175445,213,LE1,SKU033,2025-03-01,2025-03-01
GT,4651920,10079160,0,242288,288,LE1,SKU033,2025-03-01,2025-03-01
EC,4042876,8759565,0,210566,277,LE1,SKU033,2025-03-01,2025-03-01
CV,4476578,9699253,0,233155,286,LE1,SKU033,2025-03-01,2025-03-01
FS,3847802,8336905,0,200406,241,LE1,SKU033,2025-03-01,2025-03-01
MT,2539178,5229198,0,125702,139,LE1,SKU034,2025-03-01,2025-03-01
GT,2150694,4429152,0,106470,115,LE1,SKU034,2025-03-01,2025-03-01
EC,2345084,4829479,0,116093,139,LE1,SKU034,2025-03-01,2025-03-01
CV,2847602,5864368,0,140970,158,LE1,SKU034,2025-03-01,2025-03-01
FS,2641789,5440516,0,130782,143,LE1,SKU034,2025-03-01,2025-03-01
MT,3613911,7091448,0,170468,173,LE1,SKU035,2025-03-01,2025-03-01
GT,2986815,5860920,0,140888,140,LE1,SKU035,2025-03-01,2025-03-01
EC,2602584,5106956,0,122763,135,LE1,SKU035,2025-03-01,2025-03-01
CV,2660766,5221126,0,125508,129,LE1,SKU035,2025-03-01,2025-03-01
FS,3195284,6269990,0,150721,151,LE1,SKU035,2025-03-01,2025-03-01
MT,2833485,6853080,0,164738,154,LE1,SKU036,2025-03-01,2025-03-01
GT,2815683,6810024,0,163702,150,LE1,SKU036,2025-03-01,2025-03-01
EC,2773908,6708986,0,161274,164,LE1,SKU036,2025-03-01,2025-03-01
CV,2953352,7142990,0,171706,163,LE1,SKU036,2025-03-01,2025-03-01
FS,2805892,6786343,0,163133,151,LE1,SKU036,2025-03-01,2025-03-01
MT,1049621,2538619,0,61024,146,LE1,SKU001,2025-04-01,2025-04-01
GT,1018778,2464020,0,59231,139,LE1,SKU001,2025-04-01,2025-04-01
EC,948909,2295035,0,55169,143,LE1,SKU001,2025-04-01,2025-04-01
CV,1294631,3131201,0,75269,182,LE1,SKU001,2025-04-01,2025-04-01
FS,1000859,2420683,0,58190,138,LE1,SKU001,2025-04-01,2025-04-01
MT,1354562,3096300,0,74430,149,LE1,SKU002,2025-04-01,2025-04-01
GT,1258943,2877732,0,69176,136,LE1,SKU002,2025-04-01,2025-04-01
EC,1656523,3786532,0,91022,198,LE1,SKU002,2025-04-01,2025-04-01
CV,1044571,2387712,0,57397,116,LE1,SKU002,2025-04-01,2025-04-01
FS,1274350,2912950,0,70023,139,LE1,SKU002,2025-04-01,2025-04-01
MT,1592940,3451370,0,82966,143,LE1,SKU003,2025-04-01,2025-04-01
GT,1216800,2636400,0,63375,107,LE1,SKU003,2025-04-01,2025-04-01
EC,1280664,2774772,0,66701,125,LE1,SKU003,2025-04-01,2025-04-01
CV,2143260,4643730,0,111628,195,LE1,SKU003,2025-04-01,2025-04-01
FS,2003340,4340570,0,104341,178,LE1,SKU003,2025-04-01,2025-04-01
MT,1608090,3311826,0,79611,121,LE1,SKU004,2025-04-01,2025-04-01
GT,1655800,3410082,0,81973,122,LE1,SKU004,2025-04-01,2025-04-01
EC,2310261,4757931,0,114373,187,LE1,SKU004,2025-04-01,2025-04-01
CV,3032898,6246185,0,150149,230,LE1,SKU004,2025-04-01,2025-04-01
FS,2402673,4948250,0,118948,178,LE1,SKU004,2025-04-01,2025-04-01
MT,2623882,5148749,0,123768,167,LE1,SKU005,2025-04-01,2025-04-01
GT,3191448,6262464,0,150540,199,LE1,SKU005,2025-04-01,2025-04-01
EC,2438271,4784532,0,115013,168,LE1,SKU005,2025-04-01,2025-04-01
CV,2965032,5818176,0,139860,191,LE1,SKU005,2025-04-01,2025-04-01
FS,3076883,6037658,0,145136,194,LE1,SKU005,2025-04-01,2025-04-01
MT,2347070,5676634,0,136458,166,LE1,SKU006,2025-04-01,2025-04-01
GT,3006442,7271394,0,174793,208,LE1,SKU006,2025-04-01,2025-04-01
EC,2436935,5893983,0,141682,186,LE1,SKU006,2025-04-01,2025-04-01
CV,3216870,7780337,0,187027,230,LE1,SKU006,2025-04-01,2025-04-01
FS,2887222,6983049,0,167862,202,LE1,SKU006,2025-04-01,2025-04-01
MT,2643650,6042629,0,145256,161,LE1,SKU007,2025-04-01,2025-04-01
GT,3840905,8779212,0,211039,229,LE1,SKU007,2025-04-01,2025-04-01
EC,3177171,7262106,0,174570,209,LE1,SKU007,2025-04-01,2025-04-01
CV,2498585,5711051,0,137285,153,LE1,SKU007,2025-04-01,2025-04-01
FS,3921379,8963152,0,215460,236,LE1,SKU007,2025-04-01,2025-04-01
MT,2688516,5825118,0,140027,142,LE1,SKU008,2025-04-01,2025-04-01
GT,4534920,9825660,0,236194,235,LE1,SKU008,2025-04-01,2025-04-01
EC,3598560,7796880,0,187425,206,LE1,SKU008,2025-04-01,2025-04-01
CV,4106214,8896798,0,213865,219,LE1,SKU008,2025-04-01,2025-04-01
FS,4114374,8914478,0,214290,215,LE1,SKU008,2025-04-01,2025-04-01
MT,3771390,7766824,0,186702,175,LE1,SKU009,2025-04-01,2025-04-01
GT,5254626,10821408,0,260130,239,LE1,SKU009,2025-04-01,2025-04-01
EC,4220705,8692145,0,208946,212,LE1,SKU009,2025-04-01,2025-04-01
CV,4675851,9629474,0,231478,219,LE1,SKU009,2025-04-01,2025-04-01
FS,5066231,10433426,0,250804,233,LE1,SKU009,2025-04-01,2025-04-01
MT,1576151,3092825,0,74347,178,LE1,SKU010,2025-04-01,2025-04-01
GT,1711476,3358368,0,80730,190,LE1,SKU010,2025-04-01,2025-04-01
EC,2036256,3995672,0,96050,249,LE1,SKU010,2025-04-01,2025-04-01
CV,2208748,4334148,0,104186,252,LE1,SKU010,2025-04-01,2025-04-01
FS,2237082,4389746,0,105523,250,LE1,SKU010,2025-04-01,2025-04-01
MT,1121280,2711933,0,65191,131,LE1,SKU011,2025-04-01,2025-04-01
GT,1838830,4447404,0,106909,210,LE1,SKU011,2025-04-01,2025-04-01
EC,1753129,4240127,0,101926,221,LE1,SKU011,2025-04-01,2025-04-01
CV,1825934,4416211,0,106159,215,LE1,SKU011,2025-04-01,2025-04-01
FS,2051928,4962802,0,119298,237,LE1,SKU011,2025-04-01,2025-04-01
MT,2031404,4643210,0,111616,193,LE1,SKU012,2025-04-01,2025-04-01
GT,2761566,6312150,0,151734,256,LE1,SKU012,2025-04-01,2025-04-01
EC,2417893,5526612,0,132851,248,LE1,SKU012,2025-04-01,2025-04-01
CV,2708842,6191640,0,148838,260,LE1,SKU012,2025-04-01,2025-04-01
FS,2184398,4992910,0,120022,205,LE1,SKU012,2025-04-01,2025-04-01
MT,2991748,6482120,0,155820,236,LE1,SKU013,2025-04-01,2025-04-01
GT,3894696,8438508,0,202849,301,LE1,SKU013,2025-04-01,2025-04-01
EC,2425218,5254638,0,126313,207,LE1,SKU013,2025-04-01,2025-04-01
CV,3089696,6694342,0,160922,246,LE1,SKU013,2025-04-01,2025-04-01
FS,2877862,6235367,0,149889,225,LE1,SKU013,2025-04-01,2025-04-01
MT,2515546,5180531,0,124532,168,LE1,SKU014,2025-04-01,2025-04-01
GT,4080804,8404032,0,202020,267,LE1,SKU014,2025-04-01,2025-04-01
EC,3876849,7984005,0,191923,280,LE1,SKU014,2025-04-01,2025-04-01
CV,3665088,7547904,0,181440,247,LE1,SKU014,2025-04-01,2025-04-01
FS,4194894,8638989,0,207668,277,LE1,SKU014,2025-04-01,2025-04-01
MT,3845222,7545340,0,181378,220,LE1,SKU015,2025-04-01,2025-04-01
GT,5136495,10079160,0,242288,288,LE1,SKU015,2025-04-01,2025-04-01
EC,3816811,7489591,0,180038,237,LE1,SKU015,2025-04-01,2025-04-01
CV,4889548,9594586,0,230639,283,LE1,SKU015,2025-04-01,2025-04-01
FS,4575432,8978206,0,215822,260,LE1,SKU015,2025-04-01,2025-04-01
MT,3283147,7940634,0,190881,211,LE1,SKU016,2025-04-01,2025-04-01
GT,4283896,10361052,0,249064,270,LE1,SKU016,2025-04-01,2025-04-01
EC,4245057,10267115,0,246806,296,LE1,SKU016,2025-04-01,2025-04-01
CV,4263018,10310555,0,247850,277,LE1,SKU016,2025-04-01,2025-04-01
FS,4304691,10411346,0,250273,274,LE1,SKU016,2025-04-01,2025-04-01
MT,1680569,3841200,0,92337,94,LE1,SKU017,2025-04-01,2025-04-01
GT,2451092,5602350,0,134672,134,LE1,SKU017,2025-04-01,2025-04-01
EC,2558417,5847660,0,140569,154,LE1,SKU017,2025-04-01,2025-04-01
CV,3362491,7685496,0,184748,190,LE1,SKU017,2025-04-01,2025-04-01
FS,2202018,5033054,0,120987,122,LE1,SKU017,2025-04-01,2025-04-01
MT,2677973,5802274,0,139478,131,LE1,SKU018,2025-04-01,2025-04-01
GT,2454192,5317416,0,127822,117,LE1,SKU018,2025-04-01,2025-04-01
EC,2784862,6033868,0,145045,147,LE1,SKU018,2025-04-01,2025-04-01
CV,2691662,5831935,0,140191,133,LE1,SKU018,2025-04-01,2025-04-01
FS,3110851,6740178,0,162024,150,LE1,SKU018,2025-04-01,2025-04-01
MT,1128524,2324088,0,55868,134,LE1,SKU019,2025-04-01,2025-04-01
GT,1063530,2190240,0,52650,124,LE1,SKU019,2025-04-01,2025-04-01
EC,809755,1667615,0,40087,104,LE1,SKU019,2025-04-01,2025-04-01
CV,1417358,2918916,0,70166,170,LE1,SKU019,2025-04-01,2025-04-01
FS,1438583,2962627,0,71217,169,LE1,SKU019,2025-04-01,2025-04-01
MT,1501747,2946824,0,70837,142,LE1,SKU020,2025-04-01,2025-04-01
GT,1644298,3226548,0,77561,152,LE1,SKU020,2025-04-01,2025-04-01
EC,1889473,3707646,0,89126,194,LE1,SKU020,2025-04-01,2025-04-01
CV,1755229,3444223,0,82794,168,LE1,SKU020,2025-04-01,2025-04-01
FS,1561457,3063991,0,73654,146,LE1,SKU020,2025-04-01,2025-04-01
MT,1519405,3674840,0,88338,152,LE1,SKU021,2025-04-01,2025-04-01
GT,1939031,4689750,0,112734,191,LE1,SKU021,2025-04-01,2025-04-01
EC,1564448,3783780,0,90956,170,LE1,SKU021,2025-04-01,2025-04-01
CV,1737146,4201470,0,100997,176,LE1,SKU021,2025-04-01,2025-04-01
FS,1805032,4365660,0,104944,179,LE1,SKU021,2025-04-01,2025-04-01
MT,1461364,3340132,0,80292,122,LE1,SKU022,2025-04-01,2025-04-01
GT,1997720,4566042,0,109761,163,LE1,SKU022,2025-04-01,2025-04-01
EC,2184615,4993214,0,120029,197,LE1,SKU022,2025-04-01,2025-04-01
CV,1715666,3921372,0,94264,144,LE1,SKU022,2025-04-01,2025-04-01
FS,2039801,4662223,0,112073,168,LE1,SKU022,2025-04-01,2025-04-01
MT,1965619,4258842,0,102376,138,LE1,SKU023,2025-04-01,2025-04-01
GT,2770560,6002880,0,144300,191,LE1,SKU023,2025-04-01,2025-04-01
EC,2357268,5107415,0,122774,179,LE1,SKU023,2025-04-01,2025-04-01
CV,2874010,6227021,0,149688,204,LE1,SKU023,2025-04-01,2025-04-01
FS,2312294,5009971,0,120432,161,LE1,SKU023,2025-04-01,2025-04-01
MT,2260004,4654135,0,111878,136,LE1,SKU024,2025-04-01,2025-04-01
GT,3443520,7091408,0,170467,203,LE1,SKU024,2025-04-01,2025-04-01
EC,2956937,6089363,0,146379,193,LE1,SKU024,2025-04-01,2025-04-01
CV,3506986,7222106,0,173608,213,LE1,SKU024,2025-04-01,2025-04-01
FS,3010290,6199237,0,149020,179,LE1,SKU024,2025-04-01,2025-04-01
MT,2388522,4686911,0,112666,125,LE1,SKU025,2025-04-01,2025-04-01
GT,3506666,6881004,0,165409,179,LE1,SKU025,2025-04-01,2025-04-01
EC,3372724,6618175,0,159091,191,LE1,SKU025,2025-04-01,2025-04-01
CV,3926163,7704169,0,185196,207,LE1,SKU025,2025-04-01,2025-04-01
FS,4208722,8258624,0,198525,217,LE1,SKU025,2025-04-01,2025-04-01
MT,2391010,5782908,0,139012,141,LE1,SKU026,2025-04-01,2025-04-01
GT,2726173,6593536,0,158498,158,LE1,SKU026,2025-04-01,2025-04-01
EC,3384896,8186724,0,196796,216,LE1,SKU026,2025-04-01,2025-04-01
CV,3937532,9523332,0,228926,235,LE1,SKU026,2025-04-01,2025-04-01
FS,3139097,7592234,0,182506,183,LE1,SKU026,2025-04-01,2025-04-01
MT,3537903,8086634,0,194390,182,LE1,SKU027,2025-04-01,2025-04-01
GT,4387451,10028460,0,241069,221,LE1,SKU027,2025-04-01,2025-04-01
EC,4375082,10000187,0,240389,244,LE1,SKU027,2025-04-01,2025-04-01
CV,4766703,10895321,0,261907,248,LE1,SKU027,2025-04-01,2025-04-01
FS,4806993,10987413,0,264120,245,LE1,SKU027,2025-04-01,2025-04-01
MT,1419206,3074947,0,73917,177,LE1,SKU028,2025-04-01,2025-04-01
GT,1912248,4143204,0,99596,234,LE1,SKU028,2025-04-01,2025-04-01
EC,1592680,3450807,0,82952,215,LE1,SKU028,2025-04-01,2025-04-01
CV,1722773,3732674,0,89728,217,LE1,SKU028,2025-04-01,2025-04-01
FS,1942661,4209098,0,101180,240,LE1,SKU028,2025-04-01,2025-04-01
MT,1928707,3971807,0,95476,192,LE1,SKU029,2025-04-01,2025-04-01
GT,2445493,5036032,0,121058,238,LE1,SKU029,2025-04-01,2025-04-01
EC,2193077,4516228,0,108563,236,LE1,SKU029,2025-04-01,2025-04-01
CV,3088504,6360190,0,152889,310,LE1,SKU029,2025-04-01,2025-04-01
FS,2965266,6106405,0,146789,291,LE1,SKU029,2025-04-01,2025-04-01
MT,2707902,5313620,0,127731,220,LE1,SKU030,2025-04-01,2025-04-01
GT,3061744,6007950,0,144422,244,LE1,SKU030,2025-04-01,2025-04-01
EC,2465852,4838652,0,116314,217,LE1,SKU030,2025-04-01,2025-04-01
CV,3230482,6339060,0,152381,266,LE1,SKU030,2025-04-01,2025-04-01
FS,2736258,5369260,0,129069,220,LE1,SKU030,2025-04-01,2025-04-01
MT,2106634,5095116,0,122479,185,LE1,SKU031,2025-04-01,2025-04-01
GT,2891567,6993558,0,168114,249,LE1,SKU031,2025-04-01,2025-04-01
EC,2950832,7136897,0,171560,281,LE1,SKU031,2025-04-01,2025-04-01
CV,2339357,5657980,0,136009,208,LE1,SKU031,2025-04-01,2025-04-01
FS,3228519,7808510,0,187705,281,LE1,SKU031,2025-04-01,2025-04-01
MT,2850484,6515392,0,156620,211,LE1,SKU032,2025-04-01,2025-04-01
GT,3605784,8241792,0,198120,262,LE1,SKU032,2025-04-01,2025-04-01
EC,3788366,8659123,0,208152,304,LE1,SKU032,2025-04-01,2025-04-01
CV,4444222,10158221,0,244188,333,LE1,SKU032,2025-04-01,2025-04-01
FS,3709306,8478413,0,203808,272,LE1,SKU032,2025-04-01,2025-04-01
MT,3303460,7157496,0,172055,209,LE1,SKU033,2025-04-01,2025-04-01
GT,4602078,9971168,0,239692,285,LE1,SKU033,2025-04-01,2025-04-01
EC,3982759,8629312,0,207435,273,LE1,SKU033,2025-04-01,2025-04-01
CV,4074008,8827018,0,212188,261,LE1,SKU033,2025-04-01,2025-04-01
FS,4341110,9405739,0,226100,272,LE1,SKU033,2025-04-01,2025-04-01
MT,2238238,4609441,0,110804,123,LE1,SKU034,2025-04-01,2025-04-01
GT,2553949,5259618,0,126433,137,LE1,SKU034,2025-04-01,2025-04-01
EC,2814100,5795375,0,139312,167,LE1,SKU034,2025-04-01,2025-04-01
CV,2698707,5557734,0,133599,149,LE1,SKU034,2025-04-01,2025-04-01
FS,2945880,6066762,0,145836,160,LE1,SKU034,2025-04-01,2025-04-01
MT,2581365,5065320,0,121762,124,LE1,SKU035,2025-04-01,2025-04-01
GT,3338205,6550440,0,157462,157,LE1,SKU035,2025-04-01,2025-04-01
EC,2860855,5613754,0,134946,148,LE1,SKU035,2025-04-01,2025-04-01
CV,2958771,5805890,0,139565,143,LE1,SKU035,2025-04-01,2025-04-01
FS,3390914,6653868,0,159949,161,LE1,SKU035,2025-04-01,2025-04-01
MT,2210118,5345402,0,128495,121,LE1,SKU036,2025-04-01,2025-04-01
GT,2950682,7136532,0,171551,158,LE1,SKU036,2025-04-01,2025-04-01
EC,2930921,7088740,0,170402,173,LE1,SKU036,2025-04-01,2025-04-01
CV,2448665,5922353,0,142364,135,LE1,SKU036,2025-04-01,2025-04-01
FS,2595927,6278522,0,150926,140,LE1,SKU036,2025-04-01,2025-04-01
MT,1005271,2431354,0,58446,140,LE1,SKU001,2025-05-01,2025-05-01
GT,950859,2299752,0,55282,130,LE1,SKU001,2025-05-01,2025-05-01
EC,1064962,2575722,0,61916,161,LE1,SKU001,2025-05-01,2025-05-01
CV,768002,1857492,0,44651,108,LE1,SKU001,2025-05-01,2025-05-01
FS,970983,2348424,0,56452,134,LE1,SKU001,2025-05-01,2025-05-01
MT,1859020,4249407,0,102149,205,LE1,SKU002,2025-05-01,2025-05-01
GT,1316168,3008538,0,72321,142,LE1,SKU002,2025-05-01,2025-05-01
EC,1095721,2504633,0,60208,131,LE1,SKU002,2025-05-01,2025-05-01
CV,1331135,3042749,0,73143,148,LE1,SKU002,2025-05-01,2025-05-01
FS,1217712,2783484,0,66911,133,LE1,SKU002,2025-05-01,2025-05-01
MT,2039880,4419740,0,106244,183,LE1,SKU003,2025-05-01,2025-05-01
GT,1708200,3701100,0,88969,150,LE1,SKU003,2025-05-01,2025-05-01
EC,1873368,4058964,0,97571,182,LE1,SKU003,2025-05-01,2025-05-01
CV,1825740,3955770,0,95091,166,LE1,SKU003,2025-05-01,2025-05-01
FS,1424340,3086070,0,74184,127,LE1,SKU003,2025-05-01,2025-05-01
MT,1965443,4047786,0,97303,147,LE1,SKU004,2025-05-01,2025-05-01
GT,2287248,4710536,0,113234,168,LE1,SKU004,2025-05-01,2025-05-01
EC,2030999,4182797,0,100548,165,LE1,SKU004,2025-05-01,2025-05-01
CV,1768057,3641274,0,87531,134,LE1,SKU004,2025-05-01,2025-05-01
FS,2527667,5205673,0,125136,187,LE1,SKU004,2025-05-01,2025-05-01
MT,2559094,5021619,0,120712,163,LE1,SKU005,2025-05-01,2025-05-01
GT,2513472,4932096,0,118560,157,LE1,SKU005,2025-05-01,2025-05-01
EC,2154056,4226826,0,101606,148,LE1,SKU005,2025-05-01,2025-05-01
CV,2388053,4685990,0,112644,153,LE1,SKU005,2025-05-01,2025-05-01
FS,2553158,5009971,0,120432,161,LE1,SKU005,2025-05-01,2025-05-01
MT,2303336,5570859,0,133915,163,LE1,SKU006,2025-05-01,2025-05-01
GT,2679008,6479460,0,155756,185,LE1,SKU006,2025-05-01,2025-05-01
EC,2261907,5470658,0,131506,173,LE1,SKU006,2025-05-01,2025-05-01
CV,2351344,5686973,0,136706,168,LE1,SKU006,2025-05-01,2025-05-01
FS,2371647,5736075,0,137886,166,LE1,SKU006,2025-05-01,2025-05-01
MT,3202884,7320877,0,175983,195,LE1,SKU007,2025-05-01,2025-05-01
GT,3148850,7197372,0,173014,187,LE1,SKU007,2025-05-01,2025-05-01
EC,2457221,5616505,0,135012,162,LE1,SKU007,2025-05-01,2025-05-01
CV,3068732,7014244,0,168612,188,LE1,SKU007,2025-05-01,2025-05-01
FS,3390537,7749799,0,186293,204,LE1,SKU007,2025-05-01,2025-05-01
MT,3234012,7007026,0,168438,171,LE1,SKU008,2025-05-01,2025-05-01
GT,4455360,9653280,0,232050,231,LE1,SKU008,2025-05-01,2025-05-01
EC,3220711,6978208,0,167745,184,LE1,SKU008,2025-05-01,2025-05-01
CV,3527874,7643726,0,183743,188,LE1,SKU008,2025-05-01,2025-05-01
FS,3740340,8104070,0,194809,196,LE1,SKU008,2025-05-01,2025-05-01
MT,3616098,7447014,0,179015,168,LE1,SKU009,2025-05-01,2025-05-01
GT,4801641,9888528,0,237705,218,LE1,SKU009,2025-05-01,2025-05-01
EC,4671460,9620433,0,231260,235,LE1,SKU009,2025-05-01,2025-05-01
CV,4083137,8408837,0,202136,192,LE1,SKU009,2025-05-01,2025-05-01
FS,4214387,8679133,0,208633,194,LE1,SKU009,2025-05-01,2025-05-01
MT,1867694,3664908,0,88099,211,LE1,SKU010,2025-05-01,2025-05-01
GT,2046330,4015440,0,96525,227,LE1,SKU010,2025-05-01,2025-05-01
EC,1354699,2658277,0,63901,166,LE1,SKU010,2025-05-01,2025-05-01
CV,1685861,3308105,0,79522,193,LE1,SKU010,2025-05-01,2025-05-01
FS,1472976,2890368,0,69480,165,LE1,SKU010,2025-05-01,2025-05-01
MT,1659847,4014514,0,96503,194,LE1,SKU011,2025-05-01,2025-05-01
GT,1694608,4098588,0,98524,194,LE1,SKU011,2025-05-01,2025-05-01
EC,1590048,3845696,0,92445,201,LE1,SKU011,2025-05-01,2025-05-01
CV,1764778,4268300,0,102603,208,LE1,SKU011,2025-05-01,2025-05-01
FS,1766442,4272325,0,102700,204,LE1,SKU011,2025-05-01,2025-05-01
MT,2172625,4966000,0,119375,206,LE1,SKU012,2025-05-01,2025-05-01
GT,2362303,5399550,0,129797,219,LE1,SKU012,2025-05-01,2025-05-01
EC,2257369,5159700,0,124031,232,LE1,SKU012,2025-05-01,2025-05-01
CV,2225121,5085990,0,122259,213,LE1,SKU012,2025-05-01,2025-05-01
FS,2502728,5720520,0,137512,235,LE1,SKU012,2025-05-01,2025-05-01
MT,2547558,5519708,0,132685,201,LE1,SKU013,2025-05-01,2025-05-01
GT,3267810,7080256,0,170198,252,LE1,SKU013,2025-05-01,2025-05-01
EC,2883717,6248053,0,150194,246,LE1,SKU013,2025-05-01,2025-05-01
CV,3399959,7366577,0,177081,271,LE1,SKU013,2025-05-01,2025-05-01
FS,2864661,6206765,0,149201,224,LE1,SKU013,2025-05-01,2025-05-01
MT,3858200,7945600,0,191000,258,LE1,SKU014,2025-05-01,2025-05-01
GT,3245736,6684288,0,160680,212,LE1,SKU014,2025-05-01,2025-05-01
EC,3306724,6809887,0,163699,239,LE1,SKU014,2025-05-01,2025-05-01
CV,3497105,7201958,0,173124,236,LE1,SKU014,2025-05-01,2025-05-01
FS,3025314,6230349,0,149768,200,LE1,SKU014,2025-05-01,2025-05-01
MT,4384271,8603098,0,206805,251,LE1,SKU015,2025-05-01,2025-05-01
GT,4916360,9647196,0,231904,276,LE1,SKU015,2025-05-01,2025-05-01
EC,4513794,8857256,0,212915,280,LE1,SKU015,2025-05-01,2025-05-01
CV,3253772,6384761,0,153480,188,LE1,SKU015,2025-05-01,2025-05-01
FS,4539119,8906950,0,214109,258,LE1,SKU015,2025-05-01,2025-05-01
MT,4916712,11891584,0,285855,316,LE1,SKU016,2025-05-01,2025-05-01
GT,4676314,11310156,0,271879,295,LE1,SKU016,2025-05-01,2025-05-01
EC,3756950,9086576,0,218427,262,LE1,SKU016,2025-05-01,2025-05-01
CV,4548276,11000480,0,264435,296,LE1,SKU016,2025-05-01,2025-05-01
FS,3883932,9393696,0,225810,247,LE1,SKU016,2025-05-01,2025-05-01
MT,2012989,4601000,0,110601,112,LE1,SKU017,2025-05-01,2025-05-01
GT,2620782,5990204,0,143995,143,LE1,SKU017,2025-05-01,2025-05-01
EC,2575474,5886644,0,141506,156,LE1,SKU017,2025-05-01,2025-05-01
CV,2065009,4719898,0,113459,116,LE1,SKU017,2025-05-01,2025-05-01
FS,2220679,5075706,0,122012,123,LE1,SKU017,2025-05-01,2025-05-01
MT,2614714,5665213,0,136183,128,LE1,SKU018,2025-05-01,2025-05-01
GT,2927808,6343584,0,152490,140,LE1,SKU018,2025-05-01,2025-05-01
EC,3174353,6877765,0,165331,168,LE1,SKU018,2025-05-01,2025-05-01
CV,2545603,5515474,0,132584,126,LE1,SKU018,2025-05-01,2025-05-01
FS,2301178,4985885,0,119853,111,LE1,SKU018,2025-05-01,2025-05-01
MT,1119843,2306210,0,55438,133,LE1,SKU019,2025-05-01,2025-05-01
GT,1187608,2445768,0,58792,138,LE1,SKU019,2025-05-01,2025-05-01
EC,1154503,2377590,0,57154,148,LE1,SKU019,2025-05-01,2025-05-01
CV,1005036,2069777,0,49754,121,LE1,SKU019,2025-05-01,2025-05-01
FS,1078938,2221970,0,53413,127,LE1,SKU019,2025-05-01,2025-05-01
MT,1436454,2818702,0,67757,136,LE1,SKU020,2025-05-01,2025-05-01
GT,1710959,3357354,0,80706,159,LE1,SKU020,2025-05-01,2025-05-01
EC,1567861,3076557,0,73956,161,LE1,SKU020,2025-05-01,2025-05-01
CV,1453717,2852578,0,68572,139,LE1,SKU020,2025-05-01,2025-05-01
FS,1550460,3042413,0,73135,145,LE1,SKU020,2025-05-01,2025-05-01
MT,1324346,3203070,0,76997,133,LE1,SKU021,2025-05-01,2025-05-01
GT,1509300,3650400,0,87750,148,LE1,SKU021,2025-05-01,2025-05-01
EC,1403262,3393936,0,81585,152,LE1,SKU021,2025-05-01,2025-05-01
CV,1442542,3488940,0,83869,146,LE1,SKU021,2025-05-01,2025-05-01
FS,1452325,3512600,0,84438,144,LE1,SKU021,2025-05-01,2025-05-01
MT,2402581,5491403,0,132005,200,LE1,SKU022,2025-05-01,2025-05-01
GT,1542544,3525678,0,84752,126,LE1,SKU022,2025-05-01,2025-05-01
EC,1875795,4287367,0,103062,169,LE1,SKU022,2025-05-01,2025-05-01
CV,1446062,3305156,0,79451,122,LE1,SKU022,2025-05-01,2025-05-01
FS,1839575,4204582,0,101072,151,LE1,SKU022,2025-05-01,2025-05-01
MT,2244326,4862707,0,116892,158,LE1,SKU023,2025-05-01,2025-05-01
GT,2486016,5386368,0,129480,171,LE1,SKU023,2025-05-01,2025-05-01
EC,1923748,4168120,0,100195,146,LE1,SKU023,2025-05-01,2025-05-01
CV,2482099,5377882,0,129276,176,LE1,SKU023,2025-05-01,2025-05-01
FS,2979302,6455155,0,155172,207,LE1,SKU023,2025-05-01,2025-05-01
MT,3133187,6452324,0,155104,188,LE1,SKU024,2025-05-01,2025-05-01
GT,2884167,5939504,0,142777,170,LE1,SKU024,2025-05-01,2025-05-01
EC,2798812,5763729,0,138551,182,LE1,SKU024,2025-05-01,2025-05-01
CV,3202030,6594096,0,158512,195,LE1,SKU024,2025-05-01,2025-05-01
FS,3373602,6947422,0,167005,201,LE1,SKU024,2025-05-01,2025-05-01
MT,3651872,7165938,0,172258,191,LE1,SKU025,2025-05-01,2025-05-01
GT,4212029,8265114,0,198681,215,LE1,SKU025,2025-05-01,2025-05-01
EC,3245107,6367758,0,153071,183,LE1,SKU025,2025-05-01,2025-05-01
CV,2832307,5557734,0,133599,149,LE1,SKU025,2025-05-01,2025-05-01
FS,3111662,6105902,0,146776,161,LE1,SKU025,2025-05-01,2025-05-01
MT,3560336,8611044,0,206996,210,LE1,SKU026,2025-05-01,2025-05-01
GT,3225081,7800196,0,187505,186,LE1,SKU026,2025-05-01,2025-05-01
EC,2498375,6042582,0,145254,160,LE1,SKU026,2025-05-01,2025-05-01
CV,3367625,8144954,0,195792,201,LE1,SKU026,2025-05-01,2025-05-01
FS,3456534,8359988,0,200961,202,LE1,SKU026,2025-05-01,2025-05-01
MT,3697808,8452132,0,203176,191,LE1,SKU027,2025-05-01,2025-05-01
GT,3836469,8769072,0,210795,194,LE1,SKU027,2025-05-01,2025-05-01
EC,4061257,9282874,0,223146,227,LE1,SKU027,2025-05-01,2025-05-01
CV,4944712,11302200,0,271688,258,LE1,SKU027,2025-05-01,2025-05-01
FS,4100082,9371617,0,225279,209,LE1,SKU027,2025-05-01,2025-05-01
MT,1848269,4004582,0,96264,231,LE1,SKU028,2025-05-01,2025-05-01
GT,1432080,3102840,0,74588,175,LE1,SKU028,2025-05-01,2025-05-01
EC,1806054,3913116,0,94065,244,LE1,SKU028,2025-05-01,2025-05-01
CV,1641125,3555770,0,85475,207,LE1,SKU028,2025-05-01,2025-05-01
FS,1625832,3522636,0,84679,201,LE1,SKU028,2025-05-01,2025-05-01
MT,2001292,4121283,0,99069,199,LE1,SKU029,2025-05-01,2025-05-01
GT,2127896,4382000,0,105337,207,LE1,SKU029,2025-05-01,2025-05-01
EC,2059003,4240127,0,101926,221,LE1,SKU029,2025-05-01,2025-05-01
CV,2503638,5155769,0,123937,251,LE1,SKU029,2025-05-01,2025-05-01
FS,1655519,3409229,0,81953,163,LE1,SKU029,2025-05-01,2025-05-01
MT,1822140,3575520,0,85950,148,LE1,SKU030,2025-05-01,2025-05-01
GT,2428725,4765800,0,114562,194,LE1,SKU030,2025-05-01,2025-05-01
EC,2617776,5136768,0,123480,231,LE1,SKU030,2025-05-01,2025-05-01
CV,3493429,6855030,0,164784,287,LE1,SKU030,2025-05-01,2025-05-01
FS,2646754,5193630,0,124847,213,LE1,SKU030,2025-05-01,2025-05-01
MT,2879067,6963325,0,167388,253,LE1,SKU031,2025-05-01,2025-05-01
GT,2580903,6242184,0,150052,222,LE1,SKU031,2025-05-01,2025-05-01
EC,2767081,6692475,0,160877,264,LE1,SKU031,2025-05-01,2025-05-01
CV,2652043,6414245,0,154189,236,LE1,SKU031,2025-05-01,2025-05-01
FS,3015649,7293662,0,175328,263,LE1,SKU031,2025-05-01,2025-05-01
MT,3476200,7945600,0,191000,258,LE1,SKU032,2025-05-01,2025-05-01
GT,3847116,8793408,0,211380,279,LE1,SKU032,2025-05-01,2025-05-01
EC,2773855,6340239,0,152410,222,LE1,SKU032,2025-05-01,2025-05-01
CV,4196556,9592128,0,230580,314,LE1,SKU032,2025-05-01,2025-05-01
FS,2796030,6390925,0,153628,205,LE1,SKU032,2025-05-01,2025-05-01
MT,4442583,9625597,0,231385,281,LE1,SKU033,2025-05-01,2025-05-01
GT,4253184,9215232,0,221520,264,LE1,SKU033,2025-05-01,2025-05-01
EC,4133052,8954946,0,215263,283,LE1,SKU033,2025-05-01,2025-05-01
CV,4347756,9420138,0,226446,278,LE1,SKU033,2025-05-01,2025-05-01
FS,3634035,7873743,0,189273,228,LE1,SKU033,2025-05-01,2025-05-01
MT,1956107,4028419,0,96837,107,LE1,SKU034,2025-05-01,2025-05-01
GT,2342720,4824612,0,115976,126,LE1,SKU034,2025-05-01,2025-05-01
EC,2119261,4364418,0,104914,126,LE1,SKU034,2025-05-01,2025-05-01
CV,2512590,5174442,0,124386,139,LE1,SKU034,2025-05-01,2025-05-01
FS,2166647,4462006,0,107260,117,LE1,SKU034,2025-05-01,2025-05-01
MT,3291241,6458284,0,155247,158,LE1,SKU035,2025-05-01,2025-05-01
GT,2811120,5516160,0,132600,132,LE1,SKU035,2025-05-01,2025-05-01
EC,2622451,5145941,0,123700,136,LE1,SKU035,2025-05-01,2025-05-01
CV,2682052,5262894,0,126512,130,LE1,SKU035,2025-05-01,2025-05-01
FS,2304082,4521218,0,108683,109,LE1,SKU035,2025-05-01,2025-05-01
MT,2644586,6396208,0,153755,144,LE1,SKU036,2025-05-01,2025-05-01
GT,2603542,6296940,0,151369,139,LE1,SKU036,2025-05-01,2025-05-01
EC,2424988,5865088,0,140988,143,LE1,SKU036,2025-05-01,2025-05-01
CV,2074823,5018177,0,120629,114,LE1,SKU036,2025-05-01,2025-05-01
FS,2729541,6601681,0,158694,147,LE1,SKU036,2025-05-01,2025-05-01
MT,1101363,2663762,0,64033,153,LE1,SKU001,2025-06-01,2025-06-01
GT,882940,2135484,0,51334,121,LE1,SKU001,2025-06-01,2025-06-01
EC,887468,2146435,0,51597,134,LE1,SKU001,2025-06-01,2025-06-01
CV,1214174,2936606,0,70592,171,LE1,SKU001,2025-06-01,2025-06-01
FS,1120365,2709720,0,65138,154,LE1,SKU001,2025-06-01,2025-06-01
MT,1205093,2754640,0,66217,133,LE1,SKU002,2025-06-01,2025-06-01
GT,1564142,3575364,0,85946,169,LE1,SKU002,2025-06-01,2025-06-01
EC,1294159,2958228,0,71111,154,LE1,SKU002,2025-06-01,2025-06-01
CV,1192474,2725795,0,65524,133,LE1,SKU002,2025-06-01,2025-06-01
FS,1500901,3430807,0,82471,164,LE1,SKU002,2025-06-01,2025-06-01
MT,1810680,3923140,0,94306,163,LE1,SKU003,2025-06-01,2025-06-01
GT,1684800,3650400,0,87750,148,LE1,SKU003,2025-06-01,2025-06-01
EC,1714608,3714984,0,89302,167,LE1,SKU003,2025-06-01,2025-06-01
CV,1712340,3710070,0,89184,156,LE1,SKU003,2025-06-01,2025-06-01
FS,2038080,4415840,0,106150,181,LE1,SKU003,2025-06-01,2025-06-01
MT,1951699,4019480,0,96622,146,LE1,SKU004,2025-06-01,2025-06-01
GT,2469667,5086224,0,122265,181,LE1,SKU004,2025-06-01,2025-06-01
EC,1865980,3842945,0,92378,151,LE1,SKU004,2025-06-01,2025-06-01
CV,2094468,4313509,0,103690,159,LE1,SKU004,2025-06-01,2025-06-01
FS,2666550,5491699,0,132012,198,LE1,SKU004,2025-06-01,2025-06-01
MT,2802046,5498355,0,132172,178,LE1,SKU005,2025-06-01,2025-06-01
GT,2744976,5386368,0,129480,171,LE1,SKU005,2025-06-01,2025-06-01
EC,2782322,5459651,0,131242,192,LE1,SKU005,2025-06-01,2025-06-01
CV,2612434,5126285,0,123228,168,LE1,SKU005,2025-06-01,2025-06-01
FS,2651357,5202662,0,125064,167,LE1,SKU005,2025-06-01,2025-06-01
MT,2784413,6734393,0,161884,197,LE1,SKU006,2025-06-01,2025-06-01
GT,2277156,5507540,0,132393,158,LE1,SKU006,2025-06-01,2025-06-01
EC,2181124,5275277,0,126810,167,LE1,SKU006,2025-06-01,2025-06-01
CV,2856234,6908101,0,166060,204,LE1,SKU006,2025-06-01,2025-06-01
FS,2548415,6163609,0,148164,178,LE1,SKU006,2025-06-01,2025-06-01
MT,3304563,7553286,0,181569,201,LE1,SKU007,2025-06-01,2025-06-01
GT,2733617,6248268,0,150199,163,LE1,SKU007,2025-06-01,2025-06-01
EC,2425919,5544958,0,133292,160,LE1,SKU007,2025-06-01,2025-06-01
CV,3387343,7742498,0,186118,208,LE1,SKU007,2025-06-01,2025-06-01
FS,3116554,7123553,0,171239,187,LE1,SKU007,2025-06-01,2025-06-01
MT,4052256,8779888,0,211055,214,LE1,SKU008,2025-06-01,2025-06-01
GT,3381300,7326150,0,176109,175,LE1,SKU008,2025-06-01,2025-06-01
EC,3886445,8420630,0,202419,222,LE1,SKU008,2025-06-01,2025-06-01
CV,3701376,8019648,0,192780,198,LE1,SKU008,2025-06-01,2025-06-01
FS,3563166,7720194,0,185582,186,LE1,SKU008,2025-06-01,2025-06-01
MT,3593913,7401326,0,177916,167,LE1,SKU009,2025-06-01,2025-06-01
GT,4461902,9188868,0,220886,203,LE1,SKU009,2025-06-01,2025-06-01
EC,4302661,8860925,0,213003,216,LE1,SKU009,2025-06-01,2025-06-01
CV,3183091,6555276,0,157579,149,LE1,SKU009,2025-06-01,2025-06-01
FS,4595475,9463948,0,227499,211,LE1,SKU009,2025-06-01,2025-06-01
MT,2004354,3933072,0,94545,227,LE1,SKU010,2025-06-01,2025-06-01
GT,1823094,3577392,0,85995,202,LE1,SKU010,2025-06-01,2025-06-01
EC,1531399,3005009,0,72236,187,LE1,SKU010,2025-06-01,2025-06-01
CV,2343978,4599504,0,110565,268,LE1,SKU010,2025-06-01,2025-06-01
FS,1555831,3052951,0,73388,174,LE1,SKU010,2025-06-01,2025-06-01
MT,1756966,4249407,0,102149,205,LE1,SKU011,2025-06-01,2025-06-01
GT,2037136,4927026,0,118438,233,LE1,SKU011,2025-06-01,2025-06-01
EC,1679743,4062633,0,97659,212,LE1,SKU011,2025-06-01,2025-06-01
CV,2350125,5684023,0,136635,277,LE1,SKU011,2025-06-01,2025-06-01
FS,1775364,4293903,0,103219,205,LE1,SKU011,2025-06-01,2025-06-01
MT,3074264,7026890,0,168916,291,LE1,SKU012,2025-06-01,2025-06-01
GT,1852134,4233450,0,101766,172,LE1,SKU012,2025-06-01,2025-06-01
EC,2568384,5870592,0,141120,264,LE1,SKU012,2025-06-01,2025-06-01
CV,2085379,4766580,0,114581,200,LE1,SKU012,2025-06-01,2025-06-01
FS,2623473,5996510,0,144147,246,LE1,SKU012,2025-06-01,2025-06-01
MT,2482236,5378178,0,129283,196,LE1,SKU013,2025-06-01,2025-06-01
GT,3081078,6675668,0,160473,238,LE1,SKU013,2025-06-01,2025-06-01
EC,2328692,5045499,0,121286,199,LE1,SKU013,2025-06-01,2025-06-01
CV,2934565,6358224,0,152842,234,LE1,SKU013,2025-06-01,2025-06-01
FS,3405910,7379471,0,177391,266,LE1,SKU013,2025-06-01,2025-06-01
MT,2978530,6134003,0,147452,199,LE1,SKU014,2025-06-01,2025-06-01
GT,4159584,8566272,0,205920,272,LE1,SKU014,2025-06-01,2025-06-01
EC,2779358,5723827,0,137592,201,LE1,SKU014,2025-06-01,2025-06-01
CV,3481834,7170509,0,172368,235,LE1,SKU014,2025-06-01,2025-06-01
FS,3539929,7290150,0,175244,234,LE1,SKU014,2025-06-01,2025-06-01
MT,4761606,9343528,0,224604,273,LE1,SKU015,2025-06-01,2025-06-01
GT,3834026,7523372,0,180850,215,LE1,SKU015,2025-06-01,2025-06-01
EC,4696337,9215454,0,221525,291,LE1,SKU015,2025-06-01,2025-06-01
CV,4533945,8896798,0,213865,263,LE1,SKU015,2025-06-01,2025-06-01
FS,4430180,8693183,0,208971,251,LE1,SKU015,2025-06-01,2025-06-01
MT,4788590,11581705,0,278406,308,LE1,SKU016,2025-06-01,2025-06-01
GT,3515411,8502390,0,204384,221,LE1,SKU016,2025-06-01,2025-06-01
EC,4289431,10374437,0,249386,299,LE1,SKU016,2025-06-01,2025-06-01
CV,3977760,9620629,0,231265,259,LE1,SKU016,2025-06-01,2025-06-01
FS,4045762,9785100,0,235219,258,LE1,SKU016,2025-06-01,2025-06-01
MT,2474684,5656274,0,135968,138,LE1,SKU017,2025-06-01,2025-06-01
GT,2281401,5214496,0,125348,125,LE1,SKU017,2025-06-01,2025-06-01
EC,2302576,5262894,0,126512,139,LE1,SKU017,2025-06-01,2025-06-01
CV,2503594,5722354,0,137557,141,LE1,SKU017,2025-06-01,2025-06-01
FS,2668547,6099378,0,146620,147,LE1,SKU017,2025-06-01,2025-06-01
MT,2530368,5482464,0,131790,124,LE1,SKU018,2025-06-01,2025-06-01
GT,2626416,5690568,0,136792,126,LE1,SKU018,2025-06-01,2025-06-01
EC,2570642,5569724,0,133888,136,LE1,SKU018,2025-06-01,2025-06-01
CV,2754259,5967562,0,143451,136,LE1,SKU018,2025-06-01,2025-06-01
FS,3302616,7155668,0,172011,160,LE1,SKU018,2025-06-01,2025-06-01
MT,1189290,2449231,0,58876,141,LE1,SKU019,2025-06-01,2025-06-01
GT,1098981,2263248,0,54405,128,LE1,SKU019,2025-06-01,2025-06-01
EC,905964,1865748,0,44850,116,LE1,SKU019,2025-06-01,2025-06-01
CV,1271327,2618179,0,62937,152,LE1,SKU019,2025-06-01,2025-06-01
FS,929816,1914869,0,46030,109,LE1,SKU019,2025-06-01,2025-06-01
MT,1610569,3160362,0,75970,152,LE1,SKU020,2025-06-01,2025-06-01
GT,1588748,3117544,0,74941,147,LE1,SKU020,2025-06-01,2025-06-01
EC,1356803,2662405,0,64000,139,LE1,SKU020,2025-06-01,2025-06-01
CV,1270656,2493364,0,59937,122,LE1,SKU020,2025-06-01,2025-06-01
FS,1726399,3387651,0,81434,162,LE1,SKU020,2025-06-01,2025-06-01
MT,1827392,4419740,0,106244,183,LE1,SKU021,2025-06-01,2025-06-01
GT,1697962,4106700,0,98719,167,LE1,SKU021,2025-06-01,2025-06-01
EC,1422225,3439800,0,82688,154,LE1,SKU021,2025-06-01,2025-06-01
CV,1808258,4373460,0,105131,183,LE1,SKU021,2025-06-01,2025-06-01
FS,1566436,3788590,0,91072,156,LE1,SKU021,2025-06-01,2025-06-01
MT,2080586,4755442,0,114314,173,LE1,SKU022,2025-06-01,2025-06-01
GT,2086227,4768336,0,114623,170,LE1,SKU022,2025-06-01,2025-06-01
EC,1807169,4130512,0,99291,163,LE1,SKU022,2025-06-01,2025-06-01
CV,2267131,5181814,0,124563,191,LE1,SKU022,2025-06-01,2025-06-01
FS,1564265,3575326,0,85945,129,LE1,SKU022,2025-06-01,2025-06-01
MT,2156314,4672013,0,112308,151,LE1,SKU023,2025-06-01,2025-06-01
GT,2246400,4867200,0,117000,154,LE1,SKU023,2025-06-01,2025-06-01
EC,2221793,4813885,0,115718,169,LE1,SKU023,2025-06-01,2025-06-01
CV,2322432,5031936,0,120960,165,LE1,SKU023,2025-06-01,2025-06-01
FS,2445696,5299008,0,127380,170,LE1,SKU023,2025-06-01,2025-06-01
MT,3167429,6522840,0,156799,191,LE1,SKU024,2025-06-01,2025-06-01
GT,3495960,7199400,0,173062,206,LE1,SKU024,2025-06-01,2025-06-01
EC,2577437,5307841,0,127592,168,LE1,SKU024,2025-06-01,2025-06-01
CV,3456160,7117438,0,171092,210,LE1,SKU024,2025-06-01,2025-06-01
FS,3563907,7339327,0,176426,212,LE1,SKU024,2025-06-01,2025-06-01
MT,3869011,7592021,0,182500,202,LE1,SKU025,2025-06-01,2025-06-01
GT,4252336,8344206,0,200582,217,LE1,SKU025,2025-06-01,2025-06-01
EC,4612428,9050802,0,217567,261,LE1,SKU025,2025-06-01,2025-06-01
CV,3574566,7014244,0,168612,188,LE1,SKU025,2025-06-01,2025-06-01
FS,3829738,7514957,0,180648,198,LE1,SKU025,2025-06-01,2025-06-01
MT,3560336,8611044,0,206996,210,LE1,SKU026,2025-06-01,2025-06-01
GT,2797446,6765916,0,162642,162,LE1,SKU026,2025-06-01,2025-06-01
EC,3304303,7991802,0,192111,211,LE1,SKU026,2025-06-01,2025-06-01
CV,2970418,7184268,0,172699,177,LE1,SKU026,2025-06-01,2025-06-01
FS,3967960,9596926,0,230695,232,LE1,SKU026,2025-06-01,2025-06-01
MT,4317440,9868435,0,237222,222,LE1,SKU027,2025-06-01,2025-06-01
GT,3938503,9002292,0,216401,199,LE1,SKU027,2025-06-01,2025-06-01
EC,3507449,8017027,0,192717,196,LE1,SKU027,2025-06-01,2025-06-01
CV,4410684,10081562,0,242345,230,LE1,SKU027,2025-06-01,2025-06-01
FS,4907980,11218241,0,269669,250,LE1,SKU027,2025-06-01,2025-06-01
MT,2120558,4594543,0,110446,265,LE1,SKU028,2025-06-01,2025-06-01
GT,1870128,4051944,0,97402,229,LE1,SKU028,2025-06-01,2025-06-01
EC,1287861,2790366,0,67076,174,LE1,SKU028,2025-06-01,2025-06-01
CV,1812586,3927269,0,94406,229,LE1,SKU028,2025-06-01,2025-06-01
FS,1884298,4082645,0,98140,233,LE1,SKU028,2025-06-01,2025-06-01
MT,2758258,5680111,0,136541,274,LE1,SKU029,2025-06-01,2025-06-01
GT,2106724,4338400,0,104288,205,LE1,SKU029,2025-06-01,2025-06-01
EC,2327152,4792329,0,115200,250,LE1,SKU029,2025-06-01,2025-06-01
CV,2308682,4754294,0,114286,232,LE1,SKU029,2025-06-01,2025-06-01
FS,2870964,5912208,0,142120,282,LE1,SKU029,2025-06-01,2025-06-01
MT,2796479,5487430,0,131909,228,LE1,SKU030,2025-06-01,2025-06-01
GT,3022988,5931900,0,142594,241,LE1,SKU030,2025-06-01,2025-06-01
EC,3131982,6145776,0,147735,276,LE1,SKU030,2025-06-01,2025-06-01
CV,2779718,5454540,0,131119,229,LE1,SKU030,2025-06-01,2025-06-01
FS,2966410,5820880,0,139925,239,LE1,SKU030,2025-06-01,2025-06-01
MT,2691811,6510426,0,156501,237,LE1,SKU031,2025-06-01,2025-06-01
GT,3130540,7571538,0,182008,270,LE1,SKU031,2025-06-01,2025-06-01
EC,2561712,6195768,0,148937,244,LE1,SKU031,2025-06-01,2025-06-01
CV,2327776,5629970,0,135336,207,LE1,SKU031,2025-06-01,2025-06-01
FS,3299475,7980125,0,191830,287,LE1,SKU031,2025-06-01,2025-06-01
MT,2864389,6547174,0,157384,212,LE1,SKU032,2025-06-01,2025-06-01
GT,4613700,10545600,0,253500,335,LE1,SKU032,2025-06-01,2025-06-01
EC,2953642,6751181,0,162288,237,LE1,SKU032,2025-06-01,2025-06-01
CV,2517934,5755277,0,138348,188,LE1,SKU032,2025-06-01,2025-06-01
FS,3442348,7868224,0,189140,252,LE1,SKU032,2025-06-01,2025-06-01
MT,4751774,10295511,0,247488,301,LE1,SKU033,2025-06-01,2025-06-01
GT,4834674,10475128,0,251806,300,LE1,SKU033,2025-06-01,2025-06-01
EC,4102993,8889819,0,213698,281,LE1,SKU033,2025-06-01,2025-06-01
CV,4653709,10083036,0,242381,298,LE1,SKU033,2025-06-01,2025-06-01
FS,4324667,9370112,0,225243,271,LE1,SKU033,2025-06-01,2025-06-01
MT,2407517,4958054,0,119184,132,LE1,SKU034,2025-06-01,2025-06-01
GT,2592354,5338710,0,128334,139,LE1,SKU034,2025-06-01,2025-06-01
EC,2362455,4865253,0,116953,140,LE1,SKU034,2025-06-01,2025-06-01
CV,1823954,3756262,0,90295,101,LE1,SKU034,2025-06-01,2025-06-01
FS,2413721,4970831,0,119491,131,LE1,SKU034,2025-06-01,2025-06-01
MT,3033104,5951752,0,143071,145,LE1,SKU035,2025-06-01,2025-06-01
GT,2701310,5300684,0,127420,127,LE1,SKU035,2025-06-01,2025-06-01
EC,2542982,4990003,0,119952,132,LE1,SKU035,2025-06-01,2025-06-01
CV,2554335,5012280,0,120488,124,LE1,SKU035,2025-06-01,2025-06-01
FS,2543185,4990402,0,119962,121,LE1,SKU035,2025-06-01,2025-06-01
MT,2191228,5299715,0,127397,119,LE1,SKU036,2025-06-01,2025-06-01
GT,2487830,6017076,0,144641,133,LE1,SKU036,2025-06-01,2025-06-01
EC,3105381,7510689,0,180545,183,LE1,SKU036,2025-06-01,2025-06-01
CV,2018747,4882550,0,117369,111,LE1,SKU036,2025-06-01,2025-06-01
FS,2385962,5770700,0,138719,129,LE1,SKU036,2025-06-01,2025-06-01
MT,923962,2234700,0,53719,129,LE1,SKU001,2025-07-01,2025-07-01
GT,1154614,2792556,0,67129,158,LE1,SKU001,2025-07-01,2025-07-01
EC,942082,2278524,0,54772,142,LE1,SKU001,2025-07-01,2025-07-01
CV,1075202,2600489,0,62512,151,LE1,SKU001,2025-07-01,2025-07-01
FS,791725,1914869,0,46030,109,LE1,SKU001,2025-07-01,2025-07-01
MT,1363904,3117655,0,74944,150,LE1,SKU002,2025-07-01,2025-07-01
GT,1325706,3030340,0,72845,143,LE1,SKU002,2025-07-01,2025-07-01
EC,1337297,3056836,0,73482,160,LE1,SKU002,2025-07-01,2025-07-01
CV,1432819,3275182,0,78730,160,LE1,SKU002,2025-07-01,2025-07-01
FS,1189393,2718752,0,65355,130,LE1,SKU002,2025-07-01,2025-07-01
MT,1776300,3848650,0,92516,160,LE1,SKU003,2025-07-01,2025-07-01
GT,1474200,3194100,0,76781,130,LE1,SKU003,2025-07-01,2025-07-01
EC,1672272,3623256,0,87098,163,LE1,SKU003,2025-07-01,2025-07-01
CV,1927800,4176900,0,100406,175,LE1,SKU003,2025-07-01,2025-07-01
FS,1609620,3487510,0,83834,143,LE1,SKU003,2025-07-01,2025-07-01
MT,2075398,4274236,0,102746,156,LE1,SKU004,2025-07-01,2025-07-01
GT,2118862,4363748,0,104898,156,LE1,SKU004,2025-07-01,2025-07-01
EC,1612105,3320095,0,79810,131,LE1,SKU004,2025-07-01,2025-07-01
CV,2298475,4733657,0,113790,174,LE1,SKU004,2025-07-01,2025-07-01
FS,2138795,4404800,0,105885,159,LE1,SKU004,2025-07-01,2025-07-01
MT,2947818,5784397,0,139048,187,LE1,SKU005,2025-07-01,2025-07-01
GT,2579616,5061888,0,121680,161,LE1,SKU005,2025-07-01,2025-07-01
EC,2423313,4755180,0,114307,167,LE1,SKU005,2025-07-01,2025-07-01
CV,2836814,5566579,0,133812,182,LE1,SKU005,2025-07-01,2025-07-01
FS,2307662,4528243,0,108852,145,LE1,SKU005,2025-07-01,2025-07-01
MT,2449117,5923445,0,142390,173,LE1,SKU006,2025-07-01,2025-07-01
GT,2932025,7091408,0,170467,203,LE1,SKU006,2025-07-01,2025-07-01
EC,2288834,5535785,0,133072,175,LE1,SKU006,2025-07-01,2025-07-01
CV,2495598,6035866,0,145093,178,LE1,SKU006,2025-07-01,2025-07-01
FS,3005068,7268071,0,174713,210,LE1,SKU006,2025-07-01,2025-07-01
MT,3236777,7398347,0,177845,197,LE1,SKU007,2025-07-01,2025-07-01
GT,3633289,8304660,0,199631,216,LE1,SKU007,2025-07-01,2025-07-01
EC,3036311,6940140,0,166830,200,LE1,SKU007,2025-07-01,2025-07-01
CV,3487957,7972474,0,191646,214,LE1,SKU007,2025-07-01,2025-07-01
FS,2585713,5910200,0,142072,156,LE1,SKU007,2025-07-01,2025-07-01
MT,4851018,10510540,0,252657,256,LE1,SKU008,2025-07-01,2025-07-01
GT,3520530,7627816,0,183361,182,LE1,SKU008,2025-07-01,2025-07-01
EC,3508596,7601958,0,182739,201,LE1,SKU008,2025-07-01,2025-07-01
CV,3489318,7560190,0,181735,186,LE1,SKU008,2025-07-01,2025-07-01
FS,3425364,7421622,0,178404,179,LE1,SKU008,2025-07-01,2025-07-01
MT,4725330,9731374,0,233927,219,LE1,SKU009,2025-07-01,2025-07-01
GT,4688395,9655308,0,232099,213,LE1,SKU009,2025-07-01,2025-07-01
EC,4650971,9578238,0,230246,234,LE1,SKU009,2025-07-01,2025-07-01
CV,4456327,9177386,0,220610,209,LE1,SKU009,2025-07-01,2025-07-01
FS,4886895,10064101,0,241926,225,LE1,SKU009,2025-07-01,2025-07-01
MT,2095461,4111848,0,98842,237,LE1,SKU010,2025-07-01,2025-07-01
GT,1702174,3340116,0,80291,188,LE1,SKU010,2025-07-01,2025-07-01
EC,1851142,3632429,0,87318,227,LE1,SKU010,2025-07-01,2025-07-01
CV,1604723,3148891,0,75694,183,LE1,SKU010,2025-07-01,2025-07-01
FS,1914869,3757478,0,90324,214,LE1,SKU010,2025-07-01,2025-07-01
MT,1845256,4462944,0,107282,215,LE1,SKU011,2025-07-01,2025-07-01
GT,2001080,4839822,0,116342,229,LE1,SKU011,2025-07-01,2025-07-01
EC,1345425,3254051,0,78222,170,LE1,SKU011,2025-07-01,2025-07-01
CV,1747305,4226040,0,101588,206,LE1,SKU011,2025-07-01,2025-07-01
FS,2016242,4876492,0,117223,233,LE1,SKU011,2025-07-01,2025-07-01
MT,1868458,4270760,0,102662,177,LE1,SKU012,2025-07-01,2025-07-01
GT,2561934,5855850,0,140766,238,LE1,SKU012,2025-07-01,2025-07-01
EC,1835993,4196556,0,100879,188,LE1,SKU012,2025-07-01,2025-07-01
CV,2440108,5577390,0,134072,234,LE1,SKU012,2025-07-01,2025-07-01
FS,2118537,4842370,0,116403,199,LE1,SKU012,2025-07-01,2025-07-01
MT,2730460,5915996,0,142211,215,LE1,SKU013,2025-07-01,2025-07-01
GT,2427516,5259618,0,126433,187,LE1,SKU013,2025-07-01,2025-07-01
EC,2823388,6117340,0,147051,241,LE1,SKU013,2025-07-01,2025-07-01
CV,2831144,6134146,0,147455,226,LE1,SKU013,2025-07-01,2025-07-01
FS,3234294,7007638,0,168453,252,LE1,SKU013,2025-07-01,2025-07-01
MT,3935364,8104512,0,194820,263,LE1,SKU014,2025-07-01,2025-07-01
GT,4238364,8728512,0,209820,277,LE1,SKU014,2025-07-01,2025-07-01
EC,3777077,7778534,0,186984,273,LE1,SKU014,2025-07-01,2025-07-01
CV,3939970,8113997,0,195048,266,LE1,SKU014,2025-07-01,2025-07-01
FS,3633495,7482842,0,179876,240,LE1,SKU014,2025-07-01,2025-07-01
MT,5282688,10366028,0,249183,303,LE1,SKU015,2025-07-01,2025-07-01
GT,4824637,9467212,0,227577,271,LE1,SKU015,2025-07-01,2025-07-01
EC,3501509,6870886,0,165166,217,LE1,SKU015,2025-07-01,2025-07-01
CV,4587285,9001465,0,216381,266,LE1,SKU015,2025-07-01,2025-07-01
FS,3449730,6769282,0,162723,196,LE1,SKU015,2025-07-01,2025-07-01
MT,4019853,9722435,0,233712,259,LE1,SKU016,2025-07-01,2025-07-01
GT,5183188,12536082,0,301348,327,LE1,SKU016,2025-07-01,2025-07-01
EC,3387171,8192228,0,196929,236,LE1,SKU016,2025-07-01,2025-07-01
CV,3217073,7780828,0,187039,209,LE1,SKU016,2025-07-01,2025-07-01
FS,5130027,12407507,0,298257,327,LE1,SKU016,2025-07-01,2025-07-01
MT,3176460,7260292,0,174526,177,LE1,SKU017,2025-07-01,2025-07-01
GT,3073291,7024484,0,168858,168,LE1,SKU017,2025-07-01,2025-07-01
EC,2080846,4756097,0,114329,126,LE1,SKU017,2025-07-01,2025-07-01
CV,2686338,6140042,0,147597,151,LE1,SKU017,2025-07-01,2025-07-01
FS,2220679,5075706,0,122012,123,LE1,SKU017,2025-07-01,2025-07-01
MT,3268392,7081516,0,170229,160,LE1,SKU018,2025-07-01,2025-07-01
GT,2389608,5177484,0,124459,114,LE1,SKU018,2025-07-01,2025-07-01
EC,2960133,6413622,0,154174,157,LE1,SKU018,2025-07-01,2025-07-01
CV,2795990,6057979,0,145624,138,LE1,SKU018,2025-07-01,2025-07-01
FS,2940394,6370853,0,153146,142,LE1,SKU018,2025-07-01,2025-07-01
MT,1371590,2824661,0,67900,163,LE1,SKU019,2025-07-01,2025-07-01
GT,1409177,2902068,0,69761,164,LE1,SKU019,2025-07-01,2025-07-01
EC,1170537,2410612,0,57947,150,LE1,SKU019,2025-07-01,2025-07-01
CV,1151067,2370514,0,56984,138,LE1,SKU019,2025-07-01,2025-07-01
FS,1421040,2926498,0,70348,167,LE1,SKU019,2025-07-01,2025-07-01
MT,1490865,2925470,0,70324,141,LE1,SKU020,2025-07-01,2025-07-01
GT,1644298,3226548,0,77561,152,LE1,SKU020,2025-07-01,2025-07-01
EC,1447256,2839899,0,68267,148,LE1,SKU020,2025-07-01,2025-07-01
CV,1259888,2472233,0,59429,121,LE1,SKU020,2025-07-01,2025-07-01
FS,1517472,2977681,0,71579,142,LE1,SKU020,2025-07-01,2025-07-01
MT,1375678,3327220,0,79981,138,LE1,SKU021,2025-07-01,2025-07-01
GT,2242988,5424900,0,130406,220,LE1,SKU021,2025-07-01,2025-07-01
EC,1317928,3187548,0,76624,143,LE1,SKU021,2025-07-01,2025-07-01
CV,1706670,4127760,0,99225,173,LE1,SKU021,2025-07-01,2025-07-01
FS,1763538,4265300,0,102531,175,LE1,SKU021,2025-07-01,2025-07-01
MT,2043433,4670524,0,112272,170,LE1,SKU022,2025-07-01,2025-07-01
GT,2124158,4855032,0,116708,173,LE1,SKU022,2025-07-01,2025-07-01
EC,2001611,4574934,0,109974,180,LE1,SKU022,2025-07-01,2025-07-01
CV,2499971,5713999,0,137356,210,LE1,SKU022,2025-07-01,2025-07-01
FS,1714435,3918557,0,94196,141,LE1,SKU022,2025-07-01,2025-07-01
MT,2875085,6229350,0,149744,202,LE1,SKU023,2025-07-01,2025-07-01
GT,2231424,4834752,0,116220,153,LE1,SKU023,2025-07-01,2025-07-01
EC,2235341,4843238,0,116424,170,LE1,SKU023,2025-07-01,2025-07-01
CV,2395008,5189184,0,124740,170,LE1,SKU023,2025-07-01,2025-07-01
FS,2860723,6198234,0,148996,199,LE1,SKU023,2025-07-01,2025-07-01
MT,2722277,5606118,0,134762,164,LE1,SKU024,2025-07-01,2025-07-01
GT,3251243,6695442,0,160948,192,LE1,SKU024,2025-07-01,2025-07-01
EC,2482562,5112460,0,122896,162,LE1,SKU024,2025-07-01,2025-07-01
CV,2829308,5826530,0,140061,172,LE1,SKU024,2025-07-01,2025-07-01
FS,2681581,5522310,0,132748,160,LE1,SKU024,2025-07-01,2025-07-01
MT,4105889,8056838,0,193674,214,LE1,SKU025,2025-07-01,2025-07-01
GT,3446206,6762366,0,162557,176,LE1,SKU025,2025-07-01,2025-07-01
EC,3390955,6653949,0,159951,192,LE1,SKU025,2025-07-01,2025-07-01
CV,3789431,7435865,0,178747,200,LE1,SKU025,2025-07-01,2025-07-01
FS,3331074,6536447,0,157126,172,LE1,SKU025,2025-07-01,2025-07-01
MT,4432967,10721594,0,257731,262,LE1,SKU026,2025-07-01,2025-07-01
GT,2939991,7110676,0,170930,170,LE1,SKU026,2025-07-01,2025-07-01
EC,3497725,8459615,0,203356,224,LE1,SKU026,2025-07-01,2025-07-01
CV,3160387,7643726,0,183743,188,LE1,SKU026,2025-07-01,2025-07-01
FS,3579981,8658558,0,208138,209,LE1,SKU026,2025-07-01,2025-07-01
MT,4237488,9685686,0,232829,218,LE1,SKU027,2025-07-01,2025-07-01
GT,3203860,7323108,0,176036,162,LE1,SKU027,2025-07-01,2025-07-01
EC,3765893,8607756,0,206917,210,LE1,SKU027,2025-07-01,2025-07-01
CV,4331568,9900727,0,237998,226,LE1,SKU027,2025-07-01,2025-07-01
FS,4201070,9602445,0,230828,214,LE1,SKU027,2025-07-01,2025-07-01
MT,1848269,4004582,0,96264,231,LE1,SKU028,2025-07-01,2025-07-01
GT,1676376,3632148,0,87311,205,LE1,SKU028,2025-07-01,2025-07-01
EC,1867018,4045205,0,97240,252,LE1,SKU028,2025-07-01,2025-07-01
CV,1861574,4033411,0,96957,235,LE1,SKU028,2025-07-01,2025-07-01
FS,1934323,4191034,0,100746,239,LE1,SKU028,2025-07-01,2025-07-01
MT,2229419,4591068,0,110362,221,LE1,SKU029,2025-07-01,2025-07-01
GT,2381973,4905224,0,117914,232,LE1,SKU029,2025-07-01,2025-07-01
EC,1580165,3254051,0,78222,170,LE1,SKU029,2025-07-01,2025-07-01
CV,2616507,5388202,0,129524,263,LE1,SKU029,2025-07-01,2025-07-01
FS,2577581,5308040,0,127597,253,LE1,SKU029,2025-07-01,2025-07-01
MT,2973631,5835050,0,140266,242,LE1,SKU030,2025-07-01,2025-07-01
GT,3190931,6261450,0,150516,254,LE1,SKU030,2025-07-01,2025-07-01
EC,2980058,5847660,0,140569,263,LE1,SKU030,2025-07-01,2025-07-01
CV,2942494,5773950,0,138797,242,LE1,SKU030,2025-07-01,2025-07-01
FS,3362784,6598670,0,158622,271,LE1,SKU030,2025-07-01,2025-07-01
MT,2141745,5180034,0,124520,188,LE1,SKU031,2025-07-01,2025-07-01
GT,3154437,7629336,0,183398,272,LE1,SKU031,2025-07-01,2025-07-01
EC,2745463,6640190,0,159620,262,LE1,SKU031,2025-07-01,2025-07-01
CV,2918406,7058470,0,169675,260,LE1,SKU031,2025-07-01,2025-07-01
FS,2991997,7236458,0,173953,261,LE1,SKU031,2025-07-01,2025-07-01
MT,3351057,7659558,0,184124,248,LE1,SKU032,2025-07-01,2025-07-01
GT,3761940,8598720,0,206700,273,LE1,SKU032,2025-07-01,2025-07-01
EC,3017851,6897946,0,165816,242,LE1,SKU032,2025-07-01,2025-07-01
CV,3742502,8554291,0,205632,280,LE1,SKU032,2025-07-01,2025-07-01
FS,4032465,9217062,0,221564,296,LE1,SKU032,2025-07-01,2025-07-01
MT,4881960,10577580,0,254269,309,LE1,SKU033,2025-07-01,2025-07-01
GT,3056976,6623448,0,159218,190,LE1,SKU033,2025-07-01,2025-07-01
EC,3937671,8531621,0,205087,270,LE1,SKU033,2025-07-01,2025-07-01
CV,4363859,9455028,0,227284,279,LE1,SKU033,2025-07-01,2025-07-01
FS,4160231,9013833,0,216679,261,LE1,SKU033,2025-07-01,2025-07-01
MT,2238238,4609441,0,110804,123,LE1,SKU034,2025-07-01,2025-07-01
GT,1843452,3796416,0,91260,99,LE1,SKU034,2025-07-01,2025-07-01
EC,2466681,5079897,0,122113,146,LE1,SKU034,2025-07-01,2025-07-01
CV,2605648,5366088,0,128992,144,LE1,SKU034,2025-07-01,2025-07-01
FS,2451732,5049112,0,121373,133,LE1,SKU034,2025-07-01,2025-07-01
MT,2904035,5698484,0,136983,139,LE1,SKU035,2025-07-01,2025-07-01
GT,3074662,6033300,0,145031,144,LE1,SKU035,2025-07-01,2025-07-01
EC,2463514,4834066,0,116204,128,LE1,SKU035,2025-07-01,2025-07-01
CV,2873627,5638814,0,135548,139,LE1,SKU035,2025-07-01,2025-07-01
FS,3217020,6312644,0,151746,152,LE1,SKU035,2025-07-01,2025-07-01
MT,2229008,5391090,0,129594,122,LE1,SKU036,2025-07-01,2025-07-01
GT,2429973,5877144,0,141278,130,LE1,SKU036,2025-07-01,2025-07-01
EC,3053043,7384104,0,177502,180,LE1,SKU036,2025-07-01,2025-07-01
CV,2878583,6962155,0,167360,159,LE1,SKU036,2025-07-01,2025-07-01
FS,2538664,6140025,0,147597,137,LE1,SKU036,2025-07-01,2025-07-01
MT,1190064,2878294,0,69190,166,LE1,SKU001,2025-08-01,2025-08-01
GT,950859,2299752,0,55282,130,LE1,SKU001,2025-08-01,2025-08-01
EC,907948,2195968,0,52788,137,LE1,SKU001,2025-08-01,2025-08-01
CV,1184917,2865845,0,68890,167,LE1,SKU001,2025-08-01,2025-08-01
FS,821601,1987128,0,47768,113,LE1,SKU001,2025-08-01,2025-08-01
MT,1662842,3800976,0,91370,183,LE1,SKU002,2025-08-01,2025-08-01
GT,1421080,3248348,0,78085,153,LE1,SKU002,2025-08-01,2025-08-01
EC,1328669,3037114,0,73008,159,LE1,SKU002,2025-08-01,2025-08-01
CV,1368111,3127270,0,75175,152,LE1,SKU002,2025-08-01,2025-08-01
FS,1425384,3258188,0,78322,156,LE1,SKU002,2025-08-01,2025-08-01
MT,1959660,4245930,0,102066,176,LE1,SKU003,2025-08-01,2025-08-01
GT,1942200,4208100,0,101156,171,LE1,SKU003,2025-08-01,2025-08-01
EC,1323000,2866500,0,68906,129,LE1,SKU003,2025-08-01,2025-08-01
CV,1882440,4078620,0,98044,171,LE1,SKU003,2025-08-01,2025-08-01
FS,1667520,3612960,0,86850,148,LE1,SKU003,2025-08-01,2025-08-01
MT,2254075,4642217,0,111592,169,LE1,SKU004,2025-08-01,2025-08-01
GT,2413538,4970628,0,119486,177,LE1,SKU004,2025-08-01,2025-08-01
EC,1561331,3215525,0,77296,127,LE1,SKU004,2025-08-01,2025-08-01
CV,1890461,3893362,0,93590,143,LE1,SKU004,2025-08-01,2025-08-01
FS,2374896,4891044,0,117573,176,LE1,SKU004,2025-08-01,2025-08-01
MT,3044998,5975091,0,143632,194,LE1,SKU005,2025-08-01,2025-08-01
GT,2678832,5256576,0,126360,167,LE1,SKU005,2025-08-01,2025-08-01
EC,2842157,5577062,0,134064,196,LE1,SKU005,2025-08-01,2025-08-01
CV,2548325,5000486,0,120204,164,LE1,SKU005,2025-08-01,2025-08-01
FS,2798654,5491699,0,132012,176,LE1,SKU005,2025-08-01,2025-08-01
MT,2259602,5465084,0,131372,160,LE1,SKU006,2025-08-01,2025-08-01
GT,3512476,8495292,0,204214,243,LE1,SKU006,2025-08-01,2025-08-01
EC,2315762,5600912,0,134637,177,LE1,SKU006,2025-08-01,2025-08-01
CV,2596576,6280092,0,150964,185,LE1,SKU006,2025-08-01,2025-08-01
FS,2518954,6092354,0,146451,176,LE1,SKU006,2025-08-01,2025-08-01
MT,4490816,10264722,0,246748,273,LE1,SKU007,2025-08-01,2025-08-01
GT,3598686,8225568,0,197730,214,LE1,SKU007,2025-08-01,2025-08-01
EC,2864149,6546627,0,157371,188,LE1,SKU007,2025-08-01,2025-08-01
CV,2968117,6784268,0,163083,182,LE1,SKU007,2025-08-01,2025-08-01
FS,3733016,8532607,0,205111,225,LE1,SKU007,2025-08-01,2025-08-01
MT,3409350,7386924,0,177570,180,LE1,SKU008,2025-08-01,2025-08-01
GT,3818880,8274240,0,198900,198,LE1,SKU008,2025-08-01,2025-08-01
EC,2608956,5652738,0,135883,149,LE1,SKU008,2025-08-01,2025-08-01
CV,3682098,7977878,0,191776,197,LE1,SKU008,2025-08-01,2025-08-01
FS,3208818,6952438,0,167126,168,LE1,SKU008,2025-08-01,2025-08-01
MT,4281637,8817630,0,211962,199,LE1,SKU009,2025-08-01,2025-08-01
GT,5254626,10821408,0,260130,239,LE1,SKU009,2025-08-01,2025-08-01
EC,3995328,8228002,0,197788,201,LE1,SKU009,2025-08-01,2025-08-01
CV,5005136,10307606,0,247779,235,LE1,SKU009,2025-08-01,2025-08-01
FS,5514570,11356738,0,272998,253,LE1,SKU009,2025-08-01,2025-08-01
MT,1712812,3360989,0,80793,194,LE1,SKU010,2025-08-01,2025-08-01
GT,1990521,3905928,0,93892,220,LE1,SKU010,2025-08-01,2025-08-01
EC,1985770,3896605,0,93668,243,LE1,SKU010,2025-08-01,2025-08-01
CV,2298902,4511052,0,108439,263,LE1,SKU010,2025-08-01,2025-08-01
FS,1804396,3540701,0,85113,202,LE1,SKU010,2025-08-01,2025-08-01
MT,2410310,5829587,0,140134,281,LE1,SKU011,2025-08-01,2025-08-01
GT,1748692,4229394,0,101668,200,LE1,SKU011,2025-08-01,2025-08-01
EC,1948828,4713443,0,113304,246,LE1,SKU011,2025-08-01,2025-08-01
CV,1825934,4416211,0,106159,215,LE1,SKU011,2025-08-01,2025-08-01
FS,2346335,5674857,0,136415,271,LE1,SKU011,2025-08-01,2025-08-01
MT,3009086,6877910,0,165334,285,LE1,SKU012,2025-08-01,2025-08-01
GT,3216281,7351500,0,176719,299,LE1,SKU012,2025-08-01,2025-08-01
EC,2618548,5985252,0,143876,269,LE1,SKU012,2025-08-01,2025-08-01
CV,2418609,5528250,0,132891,232,LE1,SKU012,2025-08-01,2025-08-01
FS,1866069,4265300,0,102531,175,LE1,SKU012,2025-08-01,2025-08-01
MT,2900297,6283976,0,151057,229,LE1,SKU013,2025-08-01,2025-08-01
GT,3361176,7282548,0,175061,260,LE1,SKU013,2025-08-01,2025-08-01
EC,2389020,5176211,0,124428,204,LE1,SKU013,2025-08-01,2025-08-01
CV,3658511,7926773,0,190547,291,LE1,SKU013,2025-08-01,2025-08-01
FS,3392709,7350869,0,176704,265,LE1,SKU013,2025-08-01,2025-08-01
MT,3148291,6483610,0,155856,210,LE1,SKU014,2025-08-01,2025-08-01
GT,3293004,6781632,0,163020,215,LE1,SKU014,2025-08-01,2025-08-01
EC,3948114,8130770,0,195451,285,LE1,SKU014,2025-08-01,2025-08-01
CV,3359664,6918912,0,166320,227,LE1,SKU014,2025-08-01,2025-08-01
FS,3461957,7129574,0,171384,229,LE1,SKU014,2025-08-01,2025-08-01
MT,4078810,8003703,0,192397,234,LE1,SKU015,2025-08-01,2025-08-01
GT,5833591,11447046,0,275169,328,LE1,SKU015,2025-08-01,2025-08-01
EC,4613363,9052636,0,217611,286,LE1,SKU015,2025-08-01,2025-08-01
CV,3822738,7501222,0,180318,221,LE1,SKU015,2025-08-01,2025-08-01
FS,4085207,8016254,0,192698,232,LE1,SKU015,2025-08-01,2025-08-01
MT,3891730,9412556,0,226263,250,LE1,SKU016,2025-08-01,2025-08-01
GT,5052382,12219714,0,293743,318,LE1,SKU016,2025-08-01,2025-08-01
EC,4851494,11733846,0,282064,338,LE1,SKU016,2025-08-01,2025-08-01
CV,4785990,11575418,0,278255,311,LE1,SKU016,2025-08-01,2025-08-01
FS,4029579,9745960,0,234278,256,LE1,SKU016,2025-08-01,2025-08-01
MT,2290006,5234164,0,125821,128,LE1,SKU017,2025-08-01,2025-08-01
GT,2375673,5429970,0,130528,130,LE1,SKU017,2025-08-01,2025-08-01
EC,2370800,5418832,0,130260,143,LE1,SKU017,2025-08-01,2025-08-01
CV,2229478,5095818,0,122496,126,LE1,SKU017,2025-08-01,2025-08-01
FS,2276663,5203666,0,125088,126,LE1,SKU017,2025-08-01,2025-08-01
MT,2509282,5436777,0,130692,123,LE1,SKU018,2025-08-01,2025-08-01
GT,3293784,7136532,0,171551,158,LE1,SKU018,2025-08-01,2025-08-01
EC,2745913,5949478,0,143016,145,LE1,SKU018,2025-08-01,2025-08-01
CV,3526286,7640287,0,183661,174,LE1,SKU018,2025-08-01,2025-08-01
FS,3302616,7155668,0,172011,160,LE1,SKU018,2025-08-01,2025-08-01
MT,1250057,2574374,0,61884,148,LE1,SKU019,2025-08-01,2025-08-01
GT,1391452,2865564,0,68884,162,LE1,SKU019,2025-08-01,2025-08-01
EC,1346920,2773855,0,66679,173,LE1,SKU019,2025-08-01,2025-08-01
CV,1228377,2529727,0,60811,147,LE1,SKU019,2025-08-01,2025-08-01
FS,1368409,2818109,0,67743,161,LE1,SKU019,2025-08-01,2025-08-01
MT,1752038,3437961,0,82643,166,LE1,SKU020,2025-08-01,2025-08-01
GT,1822060,3575364,0,85946,169,LE1,SKU020,2025-08-01,2025-08-01
EC,1668365,3273772,0,78696,171,LE1,SKU020,2025-08-01,2025-08-01
CV,1744461,3423092,0,82286,167,LE1,SKU020,2025-08-01,2025-08-01
FS,1671419,3279765,0,78840,157,LE1,SKU020,2025-08-01,2025-08-01
MT,2053250,4966000,0,119375,206,LE1,SKU021,2025-08-01,2025-08-01
GT,1425450,3447600,0,82875,140,LE1,SKU021,2025-08-01,2025-08-01
EC,1460151,3531528,0,84892,159,LE1,SKU021,2025-08-01,2025-08-01
CV,1716829,4152330,0,99816,174,LE1,SKU021,2025-08-01,2025-08-01
FS,1856901,4491110,0,107959,184,LE1,SKU021,2025-08-01,2025-08-01
MT,1969126,4500685,0,108190,164,LE1,SKU022,2025-08-01,2025-08-01
GT,2035652,4652740,0,111845,166,LE1,SKU022,2025-08-01,2025-08-01
EC,2070237,4731789,0,113745,186,LE1,SKU022,2025-08-01,2025-08-01
CV,2279385,5209823,0,125236,192,LE1,SKU022,2025-08-01,2025-08-01
FS,1814548,4147378,0,99697,149,LE1,SKU022,2025-08-01,2025-08-01
MT,2787072,6038656,0,145160,196,LE1,SKU023,2025-08-01,2025-08-01
GT,2036736,4412928,0,106080,140,LE1,SKU023,2025-08-01,2025-08-01
EC,2045676,4432297,0,106546,156,LE1,SKU023,2025-08-01,2025-08-01
CV,2685312,5818176,0,139860,191,LE1,SKU023,2025-08-01,2025-08-01
FS,2579098,5588045,0,134328,179,LE1,SKU023,2025-08-01,2025-08-01
MT,3578339,7369047,0,177141,215,LE1,SKU024,2025-08-01,2025-08-01
GT,3198804,6587452,0,158352,188,LE1,SKU024,2025-08-01,2025-08-01
EC,3368062,6936013,0,166731,219,LE1,SKU024,2025-08-01,2025-08-01
CV,4252432,8757240,0,210511,259,LE1,SKU024,2025-08-01,2025-08-01
FS,3183296,6555515,0,157584,190,LE1,SKU024,2025-08-01,2025-08-01
MT,3967710,7785695,0,187156,207,LE1,SKU025,2025-08-01,2025-08-01
GT,3607432,7078734,0,170162,184,LE1,SKU025,2025-08-01,2025-08-01
EC,3555033,6975914,0,167690,201,LE1,SKU025,2025-08-01,2025-08-01
CV,3594100,7052573,0,169533,190,LE1,SKU025,2025-08-01,2025-08-01
FS,4986638,9785100,0,235219,258,LE1,SKU025,2025-08-01,2025-08-01
MT,3001852,7260292,0,174526,177,LE1,SKU026,2025-08-01,2025-08-01
GT,3492352,8446620,0,203044,202,LE1,SKU026,2025-08-01,2025-08-01
EC,3578318,8654537,0,208042,229,LE1,SKU026,2025-08-01,2025-08-01
CV,3626674,8771490,0,210853,216,LE1,SKU026,2025-08-01,2025-08-01
FS,3474169,8402642,0,201987,203,LE1,SKU026,2025-08-01,2025-08-01
MT,3937666,9000378,0,216355,203,LE1,SKU027,2025-08-01,2025-08-01
GT,4244604,9701952,0,233220,214,LE1,SKU027,2025-08-01,2025-08-01
EC,3765893,8607756,0,206917,210,LE1,SKU027,2025-08-01,2025-08-01
CV,4964491,11347409,0,272774,259,LE1,SKU027,2025-08-01,2025-08-01
FS,3999095,9140789,0,219730,204,LE1,SKU027,2025-08-01,2025-08-01
MT,1831766,3968827,0,95404,229,LE1,SKU028,2025-08-01,2025-08-01
GT,1642680,3559140,0,85556,201,LE1,SKU028,2025-08-01,2025-08-01
EC,1607921,3483829,0,83746,217,LE1,SKU028,2025-08-01,2025-08-01
CV,1575806,3414247,0,82073,199,LE1,SKU028,2025-08-01,2025-08-01
FS,1992686,4317487,0,103786,246,LE1,SKU028,2025-08-01,2025-08-01
MT,2094617,4313468,0,103689,208,LE1,SKU029,2025-08-01,2025-08-01
GT,2519599,5188638,0,124727,245,LE1,SKU029,2025-08-01,2025-08-01
EC,2039849,4200684,0,100978,219,LE1,SKU029,2025-08-01,2025-08-01
CV,1887989,3887957,0,93460,190,LE1,SKU029,2025-08-01,2025-08-01
FS,2829052,5825898,0,140046,278,LE1,SKU029,2025-08-01,2025-08-01
MT,3315282,6505460,0,156381,270,LE1,SKU030,2025-08-01,2025-08-01
GT,3345956,6565650,0,157828,267,LE1,SKU030,2025-08-01,2025-08-01
EC,2980058,5847660,0,140569,263,LE1,SKU030,2025-08-01,2025-08-01
CV,2466686,4840290,0,116353,203,LE1,SKU030,2025-08-01,2025-08-01
FS,2749044,5394350,0,129672,221,LE1,SKU030,2025-08-01,2025-08-01
MT,3230173,7812511,0,187801,284,LE1,SKU031,2025-08-01,2025-08-01
GT,2664543,6444476,0,154915,230,LE1,SKU031,2025-08-01,2025-08-01
EC,2940024,7110755,0,170932,280,LE1,SKU031,2025-08-01,2025-08-01
CV,2559396,6190166,0,148802,228,LE1,SKU031,2025-08-01,2025-08-01
FS,3133910,7579690,0,182204,273,LE1,SKU031,2025-08-01,2025-08-01
MT,3309342,7564211,0,181832,245,LE1,SKU032,2025-08-01,2025-08-01
GT,4258800,9734400,0,234000,309,LE1,SKU032,2025-08-01,2025-08-01
EC,3043535,6956652,0,167227,244,LE1,SKU032,2025-08-01,2025-08-01
CV,3536114,8082547,0,194292,265,LE1,SKU032,2025-08-01,2025-08-01
FS,3582852,8189376,0,196860,263,LE1,SKU032,2025-08-01,2025-08-01
MT,4247305,9202494,0,221214,269,LE1,SKU033,2025-08-01,2025-08-01
GT,4469166,9683192,0,232769,277,LE1,SKU033,2025-08-01,2025-08-01
EC,4102993,8889819,0,213698,281,LE1,SKU033,2025-08-01,2025-08-01
CV,4090111,8861908,0,213027,262,LE1,SKU033,2025-08-01,2025-08-01
FS,4653539,10082668,0,242372,291,LE1,SKU033,2025-08-01,2025-08-01
MT,2163003,4454502,0,107079,118,LE1,SKU034,2025-08-01,2025-08-01
GT,2400328,4943250,0,118828,129,LE1,SKU034,2025-08-01,2025-08-01
EC,2015035,4149775,0,99754,119,LE1,SKU034,2025-08-01,2025-08-01
CV,2456754,5059454,0,121622,136,LE1,SKU034,2025-08-01,2025-08-01
FS,3192953,6575587,0,158067,173,LE1,SKU034,2025-08-01,2025-08-01
MT,2710433,5318586,0,127851,130,LE1,SKU035,2025-08-01,2025-08-01
GT,2284035,4481880,0,107738,107,LE1,SKU035,2025-08-01,2025-08-01
EC,2999925,5886644,0,141506,156,LE1,SKU035,2025-08-01,2025-08-01
CV,3107774,6098274,0,146593,150,LE1,SKU035,2025-08-01,2025-08-01
FS,2130189,4179994,0,100481,101,LE1,SKU035,2025-08-01,2025-08-01
MT,2531247,6122085,0,147166,138,LE1,SKU036,2025-08-01,2025-08-01
GT,3143536,7602972,0,182764,168,LE1,SKU036,2025-08-01,2025-08-01
EC,2320313,5611919,0,134902,137,LE1,SKU036,2025-08-01,2025-08-01
CV,3420654,8273210,0,198875,188,LE1,SKU036,2025-08-01,2025-08-01
FS,2309612,5586038,0,134280,125,LE1,SKU036,2025-08-01,2025-08-01
MT,1101363,2663762,0,64033,153,LE1,SKU001,2025-09-01,2025-09-01
GT,1101789,2664792,0,64058,150,LE1,SKU001,2025-09-01,2025-09-01
EC,962562,2328057,0,55963,145,LE1,SKU001,2025-09-01,2025-09-01
CV,1397031,3378866,0,81223,197,LE1,SKU001,2025-09-01,2025-09-01
FS,1299623,3143275,0,75560,179,LE1,SKU001,2025-09-01,2025-09-01
MT,1756260,4014514,0,96503,194,LE1,SKU002,2025-09-01,2025-09-01
GT,1468767,3357354,0,80706,159,LE1,SKU002,2025-09-01,2025-09-01
EC,1380436,3155443,0,75852,165,LE1,SKU002,2025-09-01,2025-09-01
CV,1331135,3042749,0,73143,148,LE1,SKU002,2025-09-01,2025-09-01
FS,1661375,3797622,0,91289,181,LE1,SKU002,2025-09-01,2025-09-01
MT,2177400,4717700,0,113406,196,LE1,SKU003,2025-09-01,2025-09-01
GT,2106000,4563000,0,109688,185,LE1,SKU003,2025-09-01,2025-09-01
EC,1450008,3141684,0,75521,141,LE1,SKU003,2025-09-01,2025-09-01
CV,2029860,4398030,0,105722,184,LE1,SKU003,2025-09-01,2025-09-01
FS,1783320,3863860,0,92881,159,LE1,SKU003,2025-09-01,2025-09-01
MT,1731789,3566581,0,85735,130,LE1,SKU004,2025-09-01,2025-09-01
GT,2245152,4623840,0,111150,165,LE1,SKU004,2025-09-01,2025-09-01
EC,2145243,4418079,0,106204,174,LE1,SKU004,2025-09-01,2025-09-01
CV,2040066,4201470,0,100997,154,LE1,SKU004,2025-09-01,2025-09-01
FS,2097130,4318992,0,103822,156,LE1,SKU004,2025-09-01,2025-09-01
MT,2850637,5593702,0,134464,181,LE1,SKU005,2025-09-01,2025-09-01
GT,2827656,5548608,0,133380,176,LE1,SKU005,2025-09-01,2025-09-01
EC,2991744,5870592,0,141120,206,LE1,SKU005,2025-09-01,2025-09-01
CV,2836814,5566579,0,133812,182,LE1,SKU005,2025-09-01,2025-09-01
FS,3224181,6326694,0,152084,203,LE1,SKU005,2025-09-01,2025-09-01
MT,3134286,7580600,0,182226,221,LE1,SKU006,2025-09-01,2025-09-01
GT,3512476,8495292,0,204214,243,LE1,SKU006,2025-09-01,2025-09-01
EC,2760065,6675505,0,160469,211,LE1,SKU006,2025-09-01,2025-09-01
CV,1889731,4570512,0,109868,135,LE1,SKU006,2025-09-01,2025-09-01
FS,1708764,4132825,0,99347,119,LE1,SKU006,2025-09-01,2025-09-01
MT,3762117,8599126,0,206710,229,LE1,SKU007,2025-09-01,2025-09-01
GT,2923932,6683274,0,160656,174,LE1,SKU007,2025-09-01,2025-09-01
EC,2801545,6403532,0,153931,184,LE1,SKU007,2025-09-01,2025-09-01
CV,3722724,8509082,0,204545,229,LE1,SKU007,2025-09-01,2025-09-01
FS,3715892,8493467,0,204170,224,LE1,SKU007,2025-09-01,2025-09-01
MT,3857436,8357778,0,200908,204,LE1,SKU008,2025-09-01,2025-09-01
GT,4316130,9351616,0,224798,224,LE1,SKU008,2025-09-01,2025-09-01
EC,3202718,6939223,0,166808,183,LE1,SKU008,2025-09-01,2025-09-01
CV,3990546,8646182,0,207841,213,LE1,SKU008,2025-09-01,2025-09-01
FS,5236476,11345698,0,272733,274,LE1,SKU008,2025-09-01,2025-09-01
MT,4791884,9868435,0,237222,222,LE1,SKU009,2025-09-01,2025-09-01
GT,4824290,9935172,0,238826,219,LE1,SKU009,2025-09-01,2025-09-01
EC,4814882,9915797,0,238360,242,LE1,SKU009,2025-09-01,2025-09-01
CV,5685659,11709079,0,281468,267,LE1,SKU009,2025-09-01,2025-09-01
FS,5424902,11172075,0,268560,249,LE1,SKU009,2025-09-01,2025-09-01
MT,1721922,3378866,0,81223,195,LE1,SKU010,2025-09-01,2025-09-01
GT,1981220,3887676,0,93454,219,LE1,SKU010,2025-09-01,2025-09-01
EC,1615542,3170120,0,76205,198,LE1,SKU010,2025-09-01,2025-09-01
CV,1857152,3644222,0,87602,212,LE1,SKU010,2025-09-01,2025-09-01
FS,2347556,4606524,0,110734,263,LE1,SKU010,2025-09-01,2025-09-01
MT,2286705,5530635,0,132948,267,LE1,SKU011,2025-09-01,2025-09-01
GT,2208399,5341244,0,128395,252,LE1,SKU011,2025-09-01,2025-09-01
EC,1883595,4555671,0,109511,238,LE1,SKU011,2025-09-01,2025-09-01
CV,2175395,5261419,0,126476,256,LE1,SKU011,2025-09-01,2025-09-01
FS,2069771,5005957,0,120336,239,LE1,SKU011,2025-09-01,2025-09-01
MT,2607150,5959200,0,143250,247,LE1,SKU012,2025-09-01,2025-09-01
GT,2284669,5222100,0,125531,212,LE1,SKU012,2025-09-01,2025-09-01
EC,2518220,5755932,0,138364,259,LE1,SKU012,2025-09-01,2025-09-01
CV,2515354,5749380,0,138206,241,LE1,SKU012,2025-09-01,2025-09-01
FS,2546635,5820880,0,139925,239,LE1,SKU012,2025-09-01,2025-09-01
MT,3488195,7557755,0,181677,275,LE1,SKU013,2025-09-01,2025-09-01
GT,3281148,7109154,0,170893,253,LE1,SKU013,2025-09-01,2025-09-01
EC,2618270,5672918,0,136368,224,LE1,SKU013,2025-09-01,2025-09-01
CV,2895782,6274195,0,150822,231,LE1,SKU013,2025-09-01,2025-09-01
FS,3432312,7436676,0,178766,268,LE1,SKU013,2025-09-01,2025-09-01
MT,4197722,8644813,0,207808,280,LE1,SKU014,2025-09-01,2025-09-01
GT,4364412,8988096,0,216060,285,LE1,SKU014,2025-09-01,2025-09-01
EC,3691558,7602417,0,182750,267,LE1,SKU014,2025-09-01,2025-09-01
CV,4123224,8491392,0,204120,278,LE1,SKU014,2025-09-01,2025-09-01
FS,3820628,7868224,0,189140,252,LE1,SKU014,2025-09-01,2025-09-01
MT,4006937,7862668,0,189006,230,LE1,SKU015,2025-09-01,2025-09-01
GT,5393320,10583118,0,254402,303,LE1,SKU015,2025-09-01,2025-09-01
EC,3153018,6187054,0,148727,196,LE1,SKU015,2025-09-01,2025-09-01
CV,4409483,8652571,0,207994,255,LE1,SKU015,2025-09-01,2025-09-01
FS,5537725,10866478,0,261213,314,LE1,SKU015,2025-09-01,2025-09-01
MT,3939776,9528761,0,229057,253,LE1,SKU016,2025-09-01,2025-09-01
GT,5526554,13366548,0,321311,348,LE1,SKU016,2025-09-01,2025-09-01
EC,3668203,8871932,0,213268,255,LE1,SKU016,2025-09-01,2025-09-01
CV,4579971,11077139,0,266277,298,LE1,SKU016,2025-09-01,2025-09-01
FS,4175227,10098223,0,242746,266,LE1,SKU016,2025-09-01,2025-09-01
MT,2493151,5698484,0,136983,139,LE1,SKU017,2025-09-01,2025-09-01
GT,3035583,6938296,0,166786,166,LE1,SKU017,2025-09-01,2025-09-01
EC,2507249,5730707,0,137757,151,LE1,SKU017,2025-09-01,2025-09-01
CV,2741162,6265350,0,150609,154,LE1,SKU017,2025-09-01,2025-09-01
FS,2985787,6824480,0,164050,165,LE1,SKU017,2025-09-01,2025-09-01
MT,3626861,7858198,0,188899,177,LE1,SKU018,2025-09-01,2025-09-01
GT,3509064,7602972,0,182764,168,LE1,SKU018,2025-09-01,2025-09-01
EC,3076980,6666791,0,160259,163,LE1,SKU018,2025-09-01,2025-09-01
CV,3588883,7775914,0,186921,177,LE1,SKU018,2025-09-01,2025-09-01
FS,2343792,5078216,0,122072,113,LE1,SKU018,2025-09-01,2025-09-01
MT,1111162,2288333,0,55008,132,LE1,SKU019,2025-09-01,2025-09-01
GT,1347138,2774304,0,66690,157,LE1,SKU019,2025-09-01,2025-09-01
EC,1411059,2905943,0,69854,181,LE1,SKU019,2025-09-01,2025-09-01
CV,1176837,2423585,0,58259,141,LE1,SKU019,2025-09-01,2025-09-01
FS,1333321,2745850,0,66006,157,LE1,SKU019,2025-09-01,2025-09-01
MT,1773803,3480670,0,83670,168,LE1,SKU020,2025-09-01,2025-09-01
GT,1977602,3880578,0,93283,183,LE1,SKU020,2025-09-01,2025-09-01
EC,1788969,3510431,0,84385,183,LE1,SKU020,2025-09-01,2025-09-01
CV,1162974,2282062,0,54857,111,LE1,SKU020,2025-09-01,2025-09-01
FS,1671419,3279765,0,78840,157,LE1,SKU020,2025-09-01,2025-09-01
MT,1509139,3650010,0,87741,151,LE1,SKU021,2025-09-01,2025-09-01
GT,1739888,4208100,0,101156,171,LE1,SKU021,2025-09-01,2025-09-01
EC,1905782,4609332,0,110801,207,LE1,SKU021,2025-09-01,2025-09-01
CV,1716829,4152330,0,99816,174,LE1,SKU021,2025-09-01,2025-09-01
FS,1649426,3989310,0,95897,164,LE1,SKU021,2025-09-01,2025-09-01
MT,2315890,5293259,0,127242,193,LE1,SKU022,2025-09-01,2025-09-01
GT,2023008,4623840,0,111150,165,LE1,SKU022,2025-09-01,2025-09-01
EC,2173177,4967071,0,119401,196,LE1,SKU022,2025-09-01,2025-09-01
CV,1936252,4425548,0,106383,163,LE1,SKU022,2025-09-01,2025-09-01
FS,2427739,5548904,0,133387,200,LE1,SKU022,2025-09-01,2025-09-01
MT,2581709,5593702,0,134464,181,LE1,SKU023,2025-09-01,2025-09-01
GT,3174912,6878976,0,165360,218,LE1,SKU023,2025-09-01,2025-09-01
EC,2790789,6046710,0,145354,212,LE1,SKU023,2025-09-01,2025-09-01
CV,2206310,4780339,0,114912,157,LE1,SKU023,2025-09-01,2025-09-01
FS,2756966,5973427,0,143592,192,LE1,SKU023,2025-09-01,2025-09-01
MT,3030459,6240772,0,150019,182,LE1,SKU024,2025-09-01,2025-09-01
GT,3111404,6407466,0,154026,183,LE1,SKU024,2025-09-01,2025-09-01
EC,3779187,7782662,0,187083,246,LE1,SKU024,2025-09-01,2025-09-01
CV,3473102,7152326,0,171931,211,LE1,SKU024,2025-09-01,2025-09-01
FS,3131394,6448631,0,155015,186,LE1,SKU024,2025-09-01,2025-09-01
MT,4066409,7979369,0,191812,212,LE1,SKU025,2025-09-01,2025-09-01
GT,4433715,8700120,0,209138,227,LE1,SKU025,2025-09-01,2025-09-01
EC,2971643,5831149,0,140172,168,LE1,SKU025,2025-09-01,2025-09-01
CV,4121495,8087461,0,194410,217,LE1,SKU025,2025-09-01,2025-09-01
FS,4707386,9237134,0,222046,243,LE1,SKU025,2025-09-01,2025-09-01
MT,3228736,7809036,0,187717,191,LE1,SKU026,2025-09-01,2025-09-01
GT,3527989,8532810,0,205116,204,LE1,SKU026,2025-09-01,2025-09-01
EC,3707266,8966412,0,215539,237,LE1,SKU026,2025-09-01,2025-09-01
CV,3453975,8353800,0,200812,206,LE1,SKU026,2025-09-01,2025-09-01
FS,4585198,11089780,0,266581,268,LE1,SKU026,2025-09-01,2025-09-01
MT,4577286,10462369,0,251499,236,LE1,SKU027,2025-09-01,2025-09-01
GT,5122094,11707644,0,281434,259,LE1,SKU027,2025-09-01,2025-09-01
EC,5076572,11603592,0,278932,283,LE1,SKU027,2025-09-01,2025-09-01
CV,3955770,9041760,0,217350,206,LE1,SKU027,2025-09-01,2025-09-01
FS,4120280,9417782,0,226389,210,LE1,SKU027,2025-09-01,2025-09-01
MT,1815264,3933072,0,94545,227,LE1,SKU028,2025-09-01,2025-09-01
GT,2181816,4727268,0,113636,267,LE1,SKU028,2025-09-01,2025-09-01
EC,2202319,4771691,0,114704,298,LE1,SKU028,2025-09-01,2025-09-01
CV,2082024,4511052,0,108439,263,LE1,SKU028,2025-09-01,2025-09-01
FS,1867622,4046515,0,97272,231,LE1,SKU028,2025-09-01,2025-09-01
MT,2550870,5253035,0,126275,253,LE1,SKU029,2025-09-01,2025-09-01
GT,2286695,4709016,0,113198,222,LE1,SKU029,2025-09-01,2025-09-01
EC,2346305,4831772,0,116148,252,LE1,SKU029,2025-09-01,2025-09-01
CV,2565202,5282550,0,126984,258,LE1,SKU029,2025-09-01,2025-09-01
FS,2671883,5502238,0,132265,263,LE1,SKU029,2025-09-01,2025-09-01
MT,2619326,5139810,0,123553,213,LE1,SKU030,2025-09-01,2025-09-01
GT,3604331,7072650,0,170016,287,LE1,SKU030,2025-09-01,2025-09-01
EC,2571030,5045040,0,121275,227,LE1,SKU030,2025-09-01,2025-09-01
CV,3180398,6240780,0,150019,262,LE1,SKU030,2025-09-01,2025-09-01
FS,2531678,4967820,0,119419,204,LE1,SKU030,2025-09-01,2025-09-01
MT,2691811,6510426,0,156501,237,LE1,SKU031,2025-09-01,2025-09-01
GT,2652595,6415578,0,154221,229,LE1,SKU031,2025-09-01,2025-09-01
EC,2767081,6692475,0,160877,264,LE1,SKU031,2025-09-01,2025-09-01
CV,2733110,6610313,0,158902,243,LE1,SKU031,2025-09-01,2025-09-01
FS,2708171,6549996,0,157452,236,LE1,SKU031,2025-09-01,2025-09-01
MT,3643058,8326989,0,200168,270,LE1,SKU032,2025-09-01,2025-09-01
GT,3023748,6911424,0,166140,219,LE1,SKU032,2025-09-01,2025-09-01
EC,3531528,8072064,0,194040,283,LE1,SKU032,2025-09-01,2025-09-01
CV,3962650,9057485,0,217728,297,LE1,SKU032,2025-09-01,2025-09-01
FS,3990314,9120717,0,219248,293,LE1,SKU032,2025-09-01,2025-09-01
MT,4182212,9061460,0,217824,265,LE1,SKU033,2025-09-01,2025-09-01
GT,4568850,9899176,0,237961,283,LE1,SKU033,2025-09-01,2025-09-01
EC,4283345,9280580,0,223091,294,LE1,SKU033,2025-09-01,2025-09-01
CV,4605401,9978368,0,239865,295,LE1,SKU033,2025-09-01,2025-09-01
FS,4686426,10153922,0,244085,294,LE1,SKU033,2025-09-01,2025-09-01
MT,2445134,5035524,0,121046,134,LE1,SKU034,2025-09-01,2025-09-01
GT,2592354,5338710,0,128334,139,LE1,SKU034,2025-09-01,2025-09-01
EC,2553536,5258766,0,126413,151,LE1,SKU034,2025-09-01,2025-09-01
CV,2382307,4906138,0,117936,132,LE1,SKU034,2025-09-01,2025-09-01
FS,2147641,4422865,0,106319,116,LE1,SKU034,2025-09-01,2025-09-01
MT,2774968,5445220,0,130895,133,LE1,SKU035,2025-09-01,2025-09-01
GT,3052700,5990204,0,143995,143,LE1,SKU035,2025-09-01,2025-09-01
EC,2821121,5535785,0,133072,146,LE1,SKU035,2025-09-01,2025-09-01
CV,3533497,6933654,0,166674,171,LE1,SKU035,2025-09-01,2025-09-01
FS,4195169,8232030,0,197885,199,LE1,SKU035,2025-09-01,2025-09-01
MT,3437962,8315070,0,199882,187,LE1,SKU036,2025-09-01,2025-09-01
GT,2989252,7229820,0,173794,160,LE1,SKU036,2025-09-01,2025-09-01
EC,3157719,7637273,0,183588,186,LE1,SKU036,2025-09-01,2025-09-01
CV,3458038,8363628,0,201049,191,LE1,SKU036,2025-09-01,2025-09-01
FS,2634103,6370853,0,153146,142,LE1,SKU036,2025-09-01,2025-09-01
MT,1079188,2610130,0,62744,150,LE1,SKU001,2025-10-01,2025-10-01
GT,981045,2372760,0,57038,134,LE1,SKU001,2025-10-01,2025-10-01
EC,812375,1964814,0,47231,123,LE1,SKU001,2025-10-01,2025-10-01
CV,958173,2317442,0,55708,135,LE1,SKU001,2025-10-01,2025-10-01
FS,1023267,2474878,0,59492,141,LE1,SKU001,2025-10-01,2025-10-01
MT,1485348,3395255,0,81617,164,LE1,SKU002,2025-10-01,2025-10-01
GT,1659516,3793374,0,91187,179,LE1,SKU002,2025-10-01,2025-10-01
EC,1216509,2780734,0,66845,145,LE1,SKU002,2025-10-01,2025-10-01
CV,1377354,3148399,0,75683,153,LE1,SKU002,2025-10-01,2025-10-01
FS,1378186,3150300,0,75728,150,LE1,SKU002,2025-10-01,2025-10-01
MT,1547100,3352050,0,80578,139,LE1,SKU003,2025-10-01,2025-10-01
GT,1743300,3777150,0,90797,153,LE1,SKU003,2025-10-01,2025-10-01
EC,1640520,3554460,0,85444,160,LE1,SKU003,2025-10-01,2025-10-01
CV,1519560,3292380,0,79144,138,LE1,SKU003,2025-10-01,2025-10-01
FS,1632780,3537690,0,85041,145,LE1,SKU003,2025-10-01,2025-10-01
MT,1759278,3623194,0,87096,132,LE1,SKU004,2025-10-01,2025-10-01
GT,1908379,3930264,0,94478,140,LE1,SKU004,2025-10-01,2025-10-01
EC,2196018,4522649,0,108718,178,LE1,SKU004,2025-10-01,2025-10-01
CV,2584084,5321862,0,127929,196,LE1,SKU004,2025-10-01,2025-10-01
FS,2402673,4948250,0,118948,178,LE1,SKU004,2025-10-01,2025-10-01
MT,2785850,5466573,0,131408,177,LE1,SKU005,2025-10-01,2025-10-01
GT,2993016,5873088,0,141180,186,LE1,SKU005,2025-10-01,2025-10-01
EC,2498106,4901944,0,117835,172,LE1,SKU005,2025-10-01,2025-10-01
CV,2965032,5818176,0,139860,191,LE1,SKU005,2025-10-01,2025-10-01
FS,2274930,4464013,0,107308,143,LE1,SKU005,2025-10-01,2025-10-01
MT,2347070,5676634,0,136458,166,LE1,SKU006,2025-10-01,2025-10-01
GT,2440874,5903508,0,141911,169,LE1,SKU006,2025-10-01,2025-10-01
EC,2208052,5340404,0,128375,169,LE1,SKU006,2025-10-01,2025-10-01
CV,2033985,4919405,0,118255,145,LE1,SKU006,2025-10-01,2025-10-01
FS,2268532,5486681,0,131891,159,LE1,SKU006,2025-10-01,2025-10-01
MT,3372349,7708225,0,185294,205,LE1,SKU007,2025-10-01,2025-10-01
GT,2906631,6643728,0,159705,173,LE1,SKU007,2025-10-01,2025-10-01
EC,2785894,6367758,0,153071,183,LE1,SKU007,2025-10-01,2025-10-01
CV,3353805,7665840,0,184275,206,LE1,SKU007,2025-10-01,2025-10-01
FS,3339165,7632378,0,183471,201,LE1,SKU007,2025-10-01,2025-10-01
MT,4558788,9877374,0,237437,241,LE1,SKU008,2025-10-01,2025-10-01
GT,3858660,8360430,0,200972,200,LE1,SKU008,2025-10-01,2025-10-01
EC,3130747,6783286,0,163060,179,LE1,SKU008,2025-10-01,2025-10-01
CV,3547152,7685496,0,184748,190,LE1,SKU008,2025-10-01,2025-10-01
FS,3326934,7208358,0,173278,174,LE1,SKU008,2025-10-01,2025-10-01
MT,4769700,9822748,0,236124,221,LE1,SKU009,2025-10-01,2025-10-01
GT,4008917,8255988,0,198461,182,LE1,SKU009,2025-10-01,2025-10-01
EC,2991374,6160452,0,148088,150,LE1,SKU009,2025-10-01,2025-10-01
CV,3819709,7866331,0,189094,179,LE1,SKU009,2025-10-01,2025-10-01
FS,3497044,7201834,0,173121,161,LE1,SKU009,2025-10-01,2025-10-01
MT,1967911,3861562,0,92826,222,LE1,SKU010,2025-10-01,2025-10-01
GT,2334676,4581252,0,110126,259,LE1,SKU010,2025-10-01,2025-10-01
EC,1514570,2971987,0,71442,185,LE1,SKU010,2025-10-01,2025-10-01
CV,2136626,4192625,0,100784,244,LE1,SKU010,2025-10-01,2025-10-01
FS,2025342,3974256,0,95535,227,LE1,SKU010,2025-10-01,2025-10-01
MT,1695163,4099930,0,98556,198,LE1,SKU011,2025-10-01,2025-10-01
GT,2181358,5275842,0,126823,249,LE1,SKU011,2025-10-01,2025-10-01
EC,1532969,3707646,0,89126,194,LE1,SKU011,2025-10-01,2025-10-01
CV,1799724,4352821,0,104635,212,LE1,SKU011,2025-10-01,2025-10-01
FS,1739678,4207594,0,101144,201,LE1,SKU011,2025-10-01,2025-10-01
MT,2031404,4643210,0,111616,193,LE1,SKU012,2025-10-01,2025-10-01
GT,1996312,4563000,0,109688,185,LE1,SKU012,2025-10-01,2025-10-01
EC,2046681,4678128,0,112455,210,LE1,SKU012,2025-10-01,2025-10-01
CV,2257369,5159700,0,124031,216,LE1,SKU012,2025-10-01,2025-10-01
FS,2381982,5444530,0,130878,224,LE1,SKU012,2025-10-01,2025-10-01
MT,2678202,5802772,0,139490,211,LE1,SKU013,2025-10-01,2025-10-01
GT,3187782,6906860,0,166030,246,LE1,SKU013,2025-10-01,2025-10-01
EC,1930522,4182797,0,100548,165,LE1,SKU013,2025-10-01,2025-10-01
CV,2740651,5938078,0,142742,218,LE1,SKU013,2025-10-01,2025-10-01
FS,3207891,6950431,0,167078,250,LE1,SKU013,2025-10-01,2025-10-01
MT,3703872,7627776,0,183360,247,LE1,SKU014,2025-10-01,2025-10-01
GT,3371784,6943872,0,166920,220,LE1,SKU014,2025-10-01,2025-10-01
EC,3149940,6487004,0,155938,228,LE1,SKU014,2025-10-01,2025-10-01
CV,3665088,7547904,0,181440,247,LE1,SKU014,2025-10-01,2025-10-01
FS,3773845,7771878,0,186824,249,LE1,SKU014,2025-10-01,2025-10-01
MT,3881158,7615858,0,183074,222,LE1,SKU015,2025-10-01,2025-10-01
GT,4310987,8459296,0,203348,242,LE1,SKU015,2025-10-01,2025-10-01
EC,3717242,7294211,0,175342,231,LE1,SKU015,2025-10-01,2025-10-01
CV,4089440,8024562,0,192898,237,LE1,SKU015,2025-10-01,2025-10-01
FS,4611745,9049461,0,217535,262,LE1,SKU015,2025-10-01,2025-10-01
MT,3074947,7437082,0,178776,198,LE1,SKU016,2025-10-01,2025-10-01
GT,3450008,8344206,0,200582,217,LE1,SKU016,2025-10-01,2025-10-01
EC,4052772,9802054,0,235626,282,LE1,SKU016,2025-10-01,2025-10-01
CV,3613264,8739058,0,210074,235,LE1,SKU016,2025-10-01,2025-10-01
FS,4078129,9863381,0,237100,260,LE1,SKU016,2025-10-01,2025-10-01
MT,1772908,4052256,0,97410,99,LE1,SKU017,2025-10-01,2025-10-01
GT,2564219,5860920,0,140888,140,LE1,SKU017,2025-10-01,2025-10-01
EC,2490193,5691722,0,136820,150,LE1,SKU017,2025-10-01,2025-10-01
CV,2558417,5847660,0,140569,144,LE1,SKU017,2025-10-01,2025-10-01
FS,2239340,5118360,0,123038,124,LE1,SKU017,2025-10-01,2025-10-01
MT,2804491,6076398,0,146067,137,LE1,SKU018,2025-10-01,2025-10-01
GT,2798640,6063720,0,145762,134,LE1,SKU018,2025-10-01,2025-10-01
EC,2356422,5105580,0,122730,125,LE1,SKU018,2025-10-01,2025-10-01
CV,2629066,5696309,0,136930,130,LE1,SKU018,2025-10-01,2025-10-01
FS,2876472,6232356,0,149816,139,LE1,SKU018,2025-10-01,2025-10-01
MT,1145885,2359843,0,56727,136,LE1,SKU019,2025-10-01,2025-10-01
GT,1400314,2883816,0,69322,163,LE1,SKU019,2025-10-01,2025-10-01
EC,1050277,2162946,0,51994,135,LE1,SKU019,2025-10-01,2025-10-01
CV,996446,2052086,0,49329,119,LE1,SKU019,2025-10-01,2025-10-01
FS,1043850,2149711,0,51676,123,LE1,SKU019,2025-10-01,2025-10-01
MT,1316749,2583809,0,62111,125,LE1,SKU020,2025-10-01,2025-10-01
GT,1555418,3052140,0,73369,144,LE1,SKU020,2025-10-01,2025-10-01
EC,1537710,3017393,0,72533,158,LE1,SKU020,2025-10-01,2025-10-01
CV,1367571,2683536,0,64508,131,LE1,SKU020,2025-10-01,2025-10-01
FS,1561457,3063991,0,73654,146,LE1,SKU020,2025-10-01,2025-10-01
MT,1478340,3575520,0,85950,148,LE1,SKU021,2025-10-01,2025-10-01
GT,1635075,3954600,0,95062,161,LE1,SKU021,2025-10-01,2025-10-01
EC,1517040,3669120,0,88200,165,LE1,SKU021,2025-10-01,2025-10-01
CV,1625400,3931200,0,94500,165,LE1,SKU021,2025-10-01,2025-10-01
FS,1690921,4089670,0,98309,168,LE1,SKU021,2025-10-01,2025-10-01
MT,1944357,4444074,0,106829,162,LE1,SKU022,2025-10-01,2025-10-01
GT,1744844,3988062,0,95867,142,LE1,SKU022,2025-10-01,2025-10-01
EC,2115989,4836359,0,116259,191,LE1,SKU022,2025-10-01,2025-10-01
CV,1985271,4537588,0,109077,167,LE1,SKU022,2025-10-01,2025-10-01
FS,2077344,4748032,0,114135,171,LE1,SKU022,2025-10-01,2025-10-01
MT,2126976,4608448,0,110780,149,LE1,SKU023,2025-10-01,2025-10-01
GT,2845440,6165120,0,148200,196,LE1,SKU023,2025-10-01,2025-10-01
EC,2275983,4931297,0,118541,173,LE1,SKU023,2025-10-01,2025-10-01
CV,2278886,4937587,0,118692,162,LE1,SKU023,2025-10-01,2025-10-01
FS,2593920,5620160,0,135100,180,LE1,SKU023,2025-10-01,2025-10-01
MT,3098944,6381806,0,153409,186,LE1,SKU024,2025-10-01,2025-10-01
GT,2359773,4859596,0,116817,139,LE1,SKU024,2025-10-01,2025-10-01
EC,3194124,6577815,0,158121,208,LE1,SKU024,2025-10-01,2025-10-01
CV,3202030,6594096,0,158512,195,LE1,SKU024,2025-10-01,2025-10-01
FS,2906487,5985470,0,143882,173,LE1,SKU024,2025-10-01,2025-10-01
MT,4441466,8715330,0,209503,232,LE1,SKU025,2025-10-01,2025-10-01
GT,3970190,7790562,0,187273,203,LE1,SKU025,2025-10-01,2025-10-01
EC,2825796,5544958,0,133292,160,LE1,SKU025,2025-10-01,2025-10-01
CV,3496434,6860927,0,164926,184,LE1,SKU025,2025-10-01,2025-10-01
FS,3809791,7475816,0,179707,197,LE1,SKU025,2025-10-01,2025-10-01
MT,3455620,8357778,0,200908,204,LE1,SKU026,2025-10-01,2025-10-01
GT,3438898,8317336,0,199936,199,LE1,SKU026,2025-10-01,2025-10-01
EC,2772391,6705317,0,161186,177,LE1,SKU026,2025-10-01,2025-10-01
CV,3574864,8646182,0,207841,213,LE1,SKU026,2025-10-01,2025-10-01
FS,3068555,7421622,0,178404,179,LE1,SKU026,2025-10-01,2025-10-01
MT,4897097,11193364,0,269071,252,LE1,SKU027,2025-10-01,2025-10-01
GT,3652808,8349276,0,200704,184,LE1,SKU027,2025-10-01,2025-10-01
EC,4891969,11181643,0,268790,273,LE1,SKU027,2025-10-01,2025-10-01
CV,3995328,9132178,0,219524,208,LE1,SKU027,2025-10-01,2025-10-01
FS,4726203,10802750,0,259682,241,LE1,SKU027,2025-10-01,2025-10-01
MT,1625486,3521887,0,84661,203,LE1,SKU028,2025-10-01,2025-10-01
GT,1794312,3887676,0,93454,219,LE1,SKU028,2025-10-01,2025-10-01
EC,1501235,3252675,0,78189,203,LE1,SKU028,2025-10-01,2025-10-01
CV,1518653,3290414,0,79096,192,LE1,SKU028,2025-10-01,2025-10-01
FS,1925986,4172969,0,100312,238,LE1,SKU028,2025-10-01,2025-10-01
MT,2602717,5359804,0,128841,259,LE1,SKU029,2025-10-01,2025-10-01
GT,2339627,4818020,0,115818,228,LE1,SKU029,2025-10-01,2025-10-01
EC,2183500,4496507,0,108089,235,LE1,SKU029,2025-10-01,2025-10-01
CV,1980336,4078128,0,98032,199,LE1,SKU029,2025-10-01,2025-10-01
FS,2388977,4919647,0,118261,235,LE1,SKU029,2025-10-01,2025-10-01
MT,2707902,5313620,0,127731,220,LE1,SKU030,2025-10-01,2025-10-01
GT,3294281,6464250,0,155391,263,LE1,SKU030,2025-10-01,2025-10-01
EC,2687895,5274360,0,126788,237,LE1,SKU030,2025-10-01,2025-10-01
CV,3142834,6167070,0,148247,259,LE1,SKU030,2025-10-01,2025-10-01
FS,2697899,5293990,0,127259,217,LE1,SKU030,2025-10-01,2025-10-01
MT,2668404,6453814,0,155140,235,LE1,SKU031,2025-10-01,2025-10-01
GT,2903516,7022456,0,168809,250,LE1,SKU031,2025-10-01,2025-10-01
EC,2669801,6457193,0,155221,254,LE1,SKU031,2025-10-01,2025-10-01
CV,2084576,5041764,0,121196,185,LE1,SKU031,2025-10-01,2025-10-01
FS,3051127,7379471,0,177391,266,LE1,SKU031,2025-10-01,2025-10-01
MT,2933913,6706086,0,161204,217,LE1,SKU032,2025-10-01,2025-10-01
GT,2739828,6262464,0,150540,199,LE1,SKU032,2025-10-01,2025-10-01
EC,3133428,7162122,0,172166,251,LE1,SKU032,2025-10-01,2025-10-01
CV,3192134,7296307,0,175392,239,LE1,SKU032,2025-10-01,2025-10-01
FS,2767929,6326694,0,152084,203,LE1,SKU032,2025-10-01,2025-10-01
MT,4670409,10119219,0,243250,296,LE1,SKU033,2025-10-01,2025-10-01
GT,4402710,9539204,0,229308,273,LE1,SKU033,2025-10-01,2025-10-01
EC,3982759,8629312,0,207435,273,LE1,SKU033,2025-10-01,2025-10-01
CV,3413794,7396553,0,177802,218,LE1,SKU033,2025-10-01,2025-10-01
FS,4373998,9476995,0,227812,274,LE1,SKU033,2025-10-01,2025-10-01
MT,2557987,5267933,0,126633,140,LE1,SKU034,2025-10-01,2025-10-01
GT,2515544,5180526,0,124532,135,LE1,SKU034,2025-10-01,2025-10-01
EC,1945551,4006679,0,96314,115,LE1,SKU034,2025-10-01,2025-10-01
CV,2158966,4446187,0,106880,119,LE1,SKU034,2025-10-01,2025-10-01
FS,2850851,5871060,0,141131,154,LE1,SKU034,2025-10-01,2025-10-01
MT,3140661,6162806,0,148144,150,LE1,SKU035,2025-10-01,2025-10-01
GT,3360167,6593536,0,158498,158,LE1,SKU035,2025-10-01,2025-10-01
EC,3119127,6120551,0,147129,162,LE1,SKU035,2025-10-01,2025-10-01
CV,3043916,5972966,0,143581,147,LE1,SKU035,2025-10-01,2025-10-01
FS,2956181,5800808,0,139442,140,LE1,SKU035,2025-10-01,2025-10-01
MT,2380127,5756587,0,138380,130,LE1,SKU036,2025-10-01,2025-10-01
GT,2603542,6296940,0,151369,139,LE1,SKU036,2025-10-01,2025-10-01
EC,2163299,5232165,0,125773,128,LE1,SKU036,2025-10-01,2025-10-01
CV,2429973,5877144,0,141278,134,LE1,SKU036,2025-10-01,2025-10-01
FS,2863155,6924840,0,166462,154,LE1,SKU036,2025-10-01,2025-10-01
MT,1337898,3235846,0,77785,186,LE1,SKU001,2025-11-01,2025-11-01
GT,1109336,2683044,0,64496,151,LE1,SKU001,2025-11-01,2025-11-01
EC,832855,2014347,0,48422,126,LE1,SKU001,2025-11-01,2025-11-01
CV,1097145,2653560,0,63788,154,LE1,SKU001,2025-11-01,2025-11-01
FS,1239871,2998757,0,72086,171,LE1,SKU001,2025-11-01,2025-11-01
MT,1550740,3544731,0,85210,171,LE1,SKU002,2025-11-01,2025-11-01
GT,1735816,3967782,0,95379,187,LE1,SKU002,2025-11-01,2025-11-01
EC,1397691,3194886,0,76800,167,LE1,SKU002,2025-11-01,2025-11-01
CV,1488282,3401962,0,81778,166,LE1,SKU002,2025-11-01,2025-11-01
FS,1217712,2783484,0,66911,133,LE1,SKU002,2025-11-01,2025-11-01
MT,2108640,4568720,0,109825,190,LE1,SKU003,2025-11-01,2025-11-01
GT,2035800,4410900,0,106031,179,LE1,SKU003,2025-11-01,2025-11-01
EC,1460592,3164616,0,76072,142,LE1,SKU003,2025-11-01,2025-11-01
CV,1598940,3464370,0,83278,145,LE1,SKU003,2025-11-01,2025-11-01
FS,1794900,3888950,0,93484,160,LE1,SKU003,2025-11-01,2025-11-01
MT,2446496,5038504,0,121118,183,LE1,SKU004,2025-11-01,2025-11-01
GT,2581925,5317416,0,127822,190,LE1,SKU004,2025-11-01,2025-11-01
EC,2132549,4391937,0,105575,173,LE1,SKU004,2025-11-01,2025-11-01
CV,2475280,5097784,0,122543,187,LE1,SKU004,2025-11-01,2025-11-01
FS,2694326,5548904,0,133387,200,LE1,SKU004,2025-11-01,2025-11-01
MT,2883030,5657267,0,135992,183,LE1,SKU005,2025-11-01,2025-11-01
GT,3042624,5970432,0,143520,190,LE1,SKU005,2025-11-01,2025-11-01
EC,2782322,5459651,0,131242,192,LE1,SKU005,2025-11-01,2025-11-01
CV,3413794,6698765,0,161028,219,LE1,SKU005,2025-11-01,2025-11-01
FS,2831387,5555930,0,133556,178,LE1,SKU005,2025-11-01,2025-11-01
MT,2449117,5923445,0,142390,173,LE1,SKU006,2025-11-01,2025-11-01
GT,2619474,6335472,0,152295,181,LE1,SKU006,2025-11-01,2025-11-01
EC,2719673,6577815,0,158121,208,LE1,SKU006,2025-11-01,2025-11-01
CV,2827383,6838322,0,164383,202,LE1,SKU006,2025-11-01,2025-11-01
FS,2813569,6804910,0,163580,197,LE1,SKU006,2025-11-01,2025-11-01
MT,2796168,6391242,0,153636,170,LE1,SKU007,2025-11-01,2025-11-01
GT,3719796,8502390,0,204384,221,LE1,SKU007,2025-11-01,2025-11-01
EC,3255427,7440975,0,178870,214,LE1,SKU007,2025-11-01,2025-11-01
CV,3035194,6937585,0,166769,186,LE1,SKU007,2025-11-01,2025-11-01
FS,3596024,8219484,0,197584,216,LE1,SKU007,2025-11-01,2025-11-01
MT,4052256,8779888,0,211055,214,LE1,SKU008,2025-11-01,2025-11-01
GT,3918330,8489716,0,204080,203,LE1,SKU008,2025-11-01,2025-11-01
EC,3274690,7095161,0,170557,187,LE1,SKU008,2025-11-01,2025-11-01
CV,4144770,8980334,0,215873,221,LE1,SKU008,2025-11-01,2025-11-01
FS,4586838,9938150,0,238898,240,LE1,SKU008,2025-11-01,2025-11-01
MT,4525669,9320189,0,224043,210,LE1,SKU009,2025-11-01,2025-11-01
GT,5503768,11334492,0,272464,250,LE1,SKU009,2025-11-01,2025-11-01
EC,4609994,9493848,0,228218,232,LE1,SKU009,2025-11-01,2025-11-01
CV,5092945,10488442,0,252126,239,LE1,SKU009,2025-11-01,2025-11-01
FS,5155898,10618088,0,255242,237,LE1,SKU009,2025-11-01,2025-11-01
MT,2387003,4683931,0,112594,270,LE1,SKU010,2025-11-01,2025-11-01
GT,2492802,4891536,0,117585,276,LE1,SKU010,2025-11-01,2025-11-01
EC,2482213,4870757,0,117086,304,LE1,SKU010,2025-11-01,2025-11-01
CV,2181703,4281077,0,102910,249,LE1,SKU010,2025-11-01,2025-11-01
FS,1832014,3594895,0,86416,205,LE1,SKU010,2025-11-01,2025-11-01
MT,1783453,4313468,0,103689,208,LE1,SKU011,2025-11-01,2025-11-01
GT,1937983,4687216,0,112673,221,LE1,SKU011,2025-11-01,2025-11-01
EC,2185296,5285367,0,127052,276,LE1,SKU011,2025-11-01,2025-11-01
CV,1922036,4648644,0,111746,227,LE1,SKU011,2025-11-01,2025-11-01
FS,2292806,5545391,0,133303,265,LE1,SKU011,2025-11-01,2025-11-01
MT,2639739,6033690,0,145041,250,LE1,SKU012,2025-11-01,2025-11-01
GT,2306850,5272800,0,126750,214,LE1,SKU012,2025-11-01,2025-11-01
EC,2257369,5159700,0,124031,232,LE1,SKU012,2025-11-01,2025-11-01
CV,2794838,6388200,0,153562,268,LE1,SKU012,2025-11-01,2025-11-01
FS,2535658,5795790,0,139322,238,LE1,SKU012,2025-11-01,2025-11-01
MT,3422873,7416224,0,178275,270,LE1,SKU013,2025-11-01,2025-11-01
GT,3201120,6935760,0,166725,247,LE1,SKU013,2025-11-01,2025-11-01
EC,3100900,6718617,0,161505,265,LE1,SKU013,2025-11-01,2025-11-01
CV,3490452,7562646,0,181794,278,LE1,SKU013,2025-11-01,2025-11-01
FS,2772252,6006546,0,144388,216,LE1,SKU013,2025-11-01,2025-11-01
MT,4012528,8263424,0,198640,268,LE1,SKU014,2025-11-01,2025-11-01
GT,3592368,7398144,0,177840,235,LE1,SKU014,2025-11-01,2025-11-01
EC,3534774,7279534,0,174989,255,LE1,SKU014,2025-11-01,2025-11-01
CV,4367563,8994586,0,216216,295,LE1,SKU014,2025-11-01,2025-11-01
FS,4834264,9955712,0,239320,319,LE1,SKU014,2025-11-01,2025-11-01
MT,5300656,10401288,0,250031,304,LE1,SKU015,2025-11-01,2025-11-01
GT,5851936,11483044,0,276035,329,LE1,SKU015,2025-11-01,2025-11-01
EC,4961854,9736469,0,234050,308,LE1,SKU015,2025-11-01,2025-11-01
CV,5174031,10152816,0,244058,300,LE1,SKU015,2025-11-01,2025-11-01
FS,5374317,10545829,0,253506,305,LE1,SKU015,2025-11-01,2025-11-01
MT,4644452,11233092,0,270026,299,LE1,SKU016,2025-11-01,2025-11-01
GT,3956882,9570132,0,230051,249,LE1,SKU016,2025-11-01,2025-11-01
EC,4200684,10159793,0,244226,293,LE1,SKU016,2025-11-01,2025-11-01
CV,5198029,12571978,0,302211,338,LE1,SKU016,2025-11-01,2025-11-01
FS,4563620,11037593,0,265327,290,LE1,SKU016,2025-11-01,2025-11-01
MT,2936378,6711548,0,161335,164,LE1,SKU017,2025-11-01,2025-11-01
GT,2696200,6162584,0,148139,147,LE1,SKU017,2025-11-01,2025-11-01
EC,2916596,6666332,0,160248,176,LE1,SKU017,2025-11-01,2025-11-01
CV,2722887,6223582,0,149605,153,LE1,SKU017,2025-11-01,2025-11-01
FS,2537919,5800808,0,139442,140,LE1,SKU017,2025-11-01,2025-11-01
MT,3099701,6716018,0,161443,151,LE1,SKU018,2025-11-01,2025-11-01
GT,3422952,7416396,0,178279,164,LE1,SKU018,2025-11-01,2025-11-01
EC,3018557,6540206,0,157216,160,LE1,SKU018,2025-11-01,2025-11-01
CV,2837722,6148397,0,147798,140,LE1,SKU018,2025-11-01,2025-11-01
FS,3089544,6694012,0,160914,149,LE1,SKU018,2025-11-01,2025-11-01
MT,1050395,2163190,0,52000,125,LE1,SKU019,2025-11-01,2025-11-01
GT,1506668,3102840,0,74588,175,LE1,SKU019,2025-11-01,2025-11-01
EC,1186572,2443634,0,58741,152,LE1,SKU019,2025-11-01,2025-11-01
CV,1176837,2423585,0,58259,141,LE1,SKU019,2025-11-01,2025-11-01
FS,1315778,2709720,0,65138,154,LE1,SKU019,2025-11-01,2025-11-01
MT,1784685,3502023,0,84183,169,LE1,SKU020,2025-11-01,2025-11-01
GT,1822060,3575364,0,85946,169,LE1,SKU020,2025-11-01,2025-11-01
EC,1718617,3372380,0,81067,176,LE1,SKU020,2025-11-01,2025-11-01
CV,1550632,3042749,0,73143,148,LE1,SKU020,2025-11-01,2025-11-01
FS,1649426,3236610,0,77803,154,LE1,SKU020,2025-11-01,2025-11-01
MT,1714464,4146610,0,99678,172,LE1,SKU021,2025-11-01,2025-11-01
GT,2001919,4841850,0,116391,197,LE1,SKU021,2025-11-01,2025-11-01
EC,1365336,3302208,0,79380,148,LE1,SKU021,2025-11-01,2025-11-01
CV,1676194,4054050,0,97453,170,LE1,SKU021,2025-11-01,2025-11-01
FS,1908770,4616560,0,110975,190,LE1,SKU021,2025-11-01,2025-11-01
MT,2736961,6255671,0,150377,228,LE1,SKU022,2025-11-01,2025-11-01
GT,2591979,5924296,0,142411,211,LE1,SKU022,2025-11-01,2025-11-01
EC,2070237,4731789,0,113745,186,LE1,SKU022,2025-11-01,2025-11-01
CV,2009781,4593607,0,110423,169,LE1,SKU022,2025-11-01,2025-11-01
FS,2540366,5806327,0,139575,209,LE1,SKU022,2025-11-01,2025-11-01
MT,2713728,5879744,0,141340,191,LE1,SKU023,2025-11-01,2025-11-01
GT,2860416,6197568,0,148980,197,LE1,SKU023,2025-11-01,2025-11-01
EC,2506291,5430298,0,130536,191,LE1,SKU023,2025-11-01,2025-11-01
CV,2961101,6415718,0,154224,210,LE1,SKU023,2025-11-01,2025-11-01
FS,2816256,6101888,0,146680,196,LE1,SKU023,2025-11-01,2025-11-01
MT,3783794,7792150,0,187311,228,LE1,SKU024,2025-11-01,2025-11-01
GT,3828076,7883344,0,189503,226,LE1,SKU024,2025-11-01,2025-11-01
EC,3209937,6610378,0,158903,209,LE1,SKU024,2025-11-01,2025-11-01
CV,2981785,6140534,0,147609,181,LE1,SKU024,2025-11-01,2025-11-01
FS,3512006,7232444,0,173857,209,LE1,SKU024,2025-11-01,2025-11-01
MT,4342767,8521656,0,204848,227,LE1,SKU025,2025-11-01,2025-11-01
GT,4212029,8265114,0,198681,215,LE1,SKU025,2025-11-01,2025-11-01
EC,3518571,6904367,0,165970,199,LE1,SKU025,2025-11-01,2025-11-01
CV,4941887,9697288,0,233108,261,LE1,SKU025,2025-11-01,2025-11-01
FS,5126263,10059083,0,241805,265,LE1,SKU025,2025-11-01,2025-11-01
MT,3926841,9497476,0,228305,232,LE1,SKU026,2025-11-01,2025-11-01
GT,3545807,8575904,0,206152,205,LE1,SKU026,2025-11-01,2025-11-01
EC,3304303,7991802,0,192111,211,LE1,SKU026,2025-11-01,2025-11-01
CV,3402166,8228494,0,197800,203,LE1,SKU026,2025-11-01,2025-11-01
FS,3915053,9468966,0,227619,229,LE1,SKU026,2025-11-01,2025-11-01
MT,4237488,9685686,0,232829,218,LE1,SKU027,2025-11-01,2025-11-01
GT,4673146,10681476,0,256766,236,LE1,SKU027,2025-11-01,2025-11-01
EC,4153558,9493848,0,228218,232,LE1,SKU027,2025-11-01,2025-11-01
CV,4232674,9674683,0,232564,220,LE1,SKU027,2025-11-01,2025-11-01
FS,4362649,9971770,0,239706,222,LE1,SKU027,2025-11-01,2025-11-01
MT,2153563,4666054,0,112165,269,LE1,SKU028,2025-11-01,2025-11-01
GT,2198664,4763772,0,114514,269,LE1,SKU028,2025-11-01,2025-11-01
EC,1851777,4012183,0,96447,250,LE1,SKU028,2025-11-01,2025-11-01
CV,2082024,4511052,0,108439,263,LE1,SKU028,2025-11-01,2025-11-01
FS,1609157,3486506,0,83810,199,LE1,SKU028,2025-11-01,2025-11-01
MT,3162664,6512908,0,156560,314,LE1,SKU029,2025-11-01,2025-11-01
GT,2678397,5515652,0,132588,261,LE1,SKU029,2025-11-01,2025-11-01
EC,2556994,5265646,0,126578,275,LE1,SKU029,2025-11-01,2025-11-01
CV,2247118,4627514,0,111238,226,LE1,SKU029,2025-11-01,2025-11-01
FS,2347065,4833338,0,116186,231,LE1,SKU029,2025-11-01,2025-11-01
MT,3353244,6579950,0,158172,273,LE1,SKU030,2025-11-01,2025-11-01
GT,3539738,6945900,0,166969,282,LE1,SKU030,2025-11-01,2025-11-01
EC,2606090,5113836,0,122929,230,LE1,SKU030,2025-11-01,2025-11-01
CV,3869066,7592130,0,182503,318,LE1,SKU030,2025-11-01,2025-11-01
FS,3413929,6699030,0,161034,275,LE1,SKU030,2025-11-01,2025-11-01
MT,2925881,7076550,0,170109,258,LE1,SKU031,2025-11-01,2025-11-01
GT,3512896,8496306,0,204238,303,LE1,SKU031,2025-11-01,2025-11-01
EC,3026495,7319894,0,175959,288,LE1,SKU031,2025-11-01,2025-11-01
CV,3358483,8122842,0,195261,299,LE1,SKU031,2025-11-01,2025-11-01
FS,3334953,8065933,0,193893,290,LE1,SKU031,2025-11-01,2025-11-01
MT,3851630,8803725,0,211628,285,LE1,SKU032,2025-11-01,2025-11-01
GT,4329780,9896640,0,237900,314,LE1,SKU032,2025-11-01,2025-11-01
EC,3724157,8512358,0,204624,299,LE1,SKU032,2025-11-01,2025-11-01
CV,3591151,8208346,0,197316,269,LE1,SKU032,2025-11-01,2025-11-01
FS,4172969,9538214,0,229284,306,LE1,SKU032,2025-11-01,2025-11-01
MT,4361218,9449305,0,227147,276,LE1,SKU033,2025-11-01,2025-11-01
GT,3339414,7235396,0,173928,207,LE1,SKU033,2025-11-01,2025-11-01
EC,3757320,8140860,0,195694,258,LE1,SKU033,2025-11-01,2025-11-01
CV,5233410,11339054,0,272573,335,LE1,SKU033,2025-11-01,2025-11-01
FS,4341110,9405739,0,226100,272,LE1,SKU033,2025-11-01,2025-11-01
MT,2727265,5616546,0,135013,149,LE1,SKU034,2025-11-01,2025-11-01
GT,3418067,7039188,0,169211,183,LE1,SKU034,2025-11-01,2025-11-01
EC,2223487,4579062,0,110074,132,LE1,SKU034,2025-11-01,2025-11-01
CV,2140354,4407858,0,105958,118,LE1,SKU034,2025-11-01,2025-11-01
FS,2356704,4853410,0,116668,128,LE1,SKU034,2025-11-01,2025-11-01
MT,3269729,6416072,0,154232,157,LE1,SKU035,2025-11-01,2025-11-01
GT,2503654,4912830,0,118097,117,LE1,SKU035,2025-11-01,2025-11-01
EC,3496601,6861254,0,164934,181,LE1,SKU035,2025-11-01,2025-11-01
CV,2490477,4886974,0,117475,121,LE1,SKU035,2025-11-01,2025-11-01
FS,4043012,7933458,0,190708,192,LE1,SKU035,2025-11-01,2025-11-01
MT,3041274,7355639,0,176818,166,LE1,SKU036,2025-11-01,2025-11-01
GT,2738541,6623448,0,159218,146,LE1,SKU036,2025-11-01,2025-11-01
EC,2616894,6329232,0,152145,154,LE1,SKU036,2025-11-01,2025-11-01
CV,3158965,7640287,0,183661,174,LE1,SKU036,2025-11-01,2025-11-01
FS,2557752,6186190,0,148706,138,LE1,SKU036,2025-11-01,2025-11-01
MT,1397031,3378866,0,81223,195,LE1,SKU001,2025-12-01,2025-12-01
GT,1169708,2829060,0,68006,160,LE1,SKU001,2025-12-01,2025-12-01
EC,1187842,2872921,0,69061,179,LE1,SKU001,2025-12-01,2025-12-01
CV,1309260,3166582,0,76120,184,LE1,SKU001,2025-12-01,2025-12-01
FS,1135303,2745850,0,66006,157,LE1,SKU001,2025-12-01,2025-12-01
MT,1504031,3437961,0,82643,166,LE1,SKU002,2025-12-01,2025-12-01
GT,1440155,3291952,0,79133,156,LE1,SKU002,2025-12-01,2025-12-01
EC,1294159,2958228,0,71111,154,LE1,SKU002,2025-12-01,2025-12-01
CV,1386598,3169530,0,76191,154,LE1,SKU002,2025-12-01,2025-12-01
FS,1472582,3366074,0,80915,161,LE1,SKU002,2025-12-01,2025-12-01
MT,2200320,4767360,0,114600,198,LE1,SKU003,2025-12-01,2025-12-01
GT,1918800,4157400,0,99938,169,LE1,SKU003,2025-12-01,2025-12-01
EC,1947456,4219488,0,101430,190,LE1,SKU003,2025-12-01,2025-12-01
CV,1973160,4275180,0,102769,179,LE1,SKU003,2025-12-01,2025-12-01
FS,2003340,4340570,0,104341,178,LE1,SKU003,2025-12-01,2025-12-01
MT,2597684,5349872,0,128603,195,LE1,SKU004,2025-12-01,2025-12-01
GT,2048701,4219254,0,101424,150,LE1,SKU004,2025-12-01,2025-12-01
EC,2056387,4235082,0,101805,167,LE1,SKU004,2025-12-01,2025-12-01
CV,2230472,4593607,0,110423,169,LE1,SKU004,2025-12-01,2025-12-01
FS,2430449,5005454,0,120323,180,LE1,SKU004,2025-12-01,2025-12-01
MT,3174573,6229350,0,149744,202,LE1,SKU005,2025-12-01,2025-12-01
GT,2811120,5516160,0,132600,175,LE1,SKU005,2025-12-01,2025-12-01
EC,2423313,4755180,0,114307,167,LE1,SKU005,2025-12-01,2025-12-01
CV,2660515,5220634,0,125496,171,LE1,SKU005,2025-12-01,2025-12-01
FS,3093250,6069773,0,145908,195,LE1,SKU005,2025-12-01,2025-12-01
MT,2857303,6910686,0,166122,202,LE1,SKU006,2025-12-01,2025-12-01
GT,3229692,7811348,0,187773,224,LE1,SKU006,2025-12-01,2025-12-01
EC,2611964,6317307,0,151858,200,LE1,SKU006,2025-12-01,2025-12-01
CV,3087041,7466332,0,179479,220,LE1,SKU006,2025-12-01,2025-12-01
FS,3314413,8016254,0,192698,232,LE1,SKU006,2025-12-01,2025-12-01
MT,3270670,7475816,0,179707,199,LE1,SKU007,2025-12-01,2025-12-01
GT,3391070,7751016,0,186322,202,LE1,SKU007,2025-12-01,2025-12-01
EC,2660685,6081566,0,146192,175,LE1,SKU007,2025-12-01,2025-12-01
CV,3303498,7550852,0,181511,203,LE1,SKU007,2025-12-01,2025-12-01
FS,3664520,8376046,0,201347,220,LE1,SKU007,2025-12-01,2025-12-01
MT,4247076,9201998,0,221202,225,LE1,SKU008,2025-12-01,2025-12-01
GT,2784600,6033300,0,145031,144,LE1,SKU008,2025-12-01,2025-12-01
EC,4030387,8732506,0,209916,231,LE1,SKU008,2025-12-01,2025-12-01
CV,4684554,10149866,0,243987,250,LE1,SKU008,2025-12-01,2025-12-01
FS,3937200,8530600,0,205062,206,LE1,SKU008,2025-12-01,2025-12-01
MT,4991546,10279620,0,247106,232,LE1,SKU009,2025-12-01,2025-12-01
GT,4960186,10215036,0,245554,226,LE1,SKU009,2025-12-01,2025-12-01
EC,3728973,7679468,0,184603,187,LE1,SKU009,2025-12-01,2025-12-01
CV,4917326,10126771,0,243432,231,LE1,SKU009,2025-12-01,2025-12-01
FS,4169553,8586802,0,206414,192,LE1,SKU009,2025-12-01,2025-12-01
MT,1986133,3897317,0,93686,225,LE1,SKU010,2025-12-01,2025-12-01
GT,2185852,4289220,0,103106,242,LE1,SKU010,2025-12-01,2025-12-01
EC,1371528,2691300,0,64695,168,LE1,SKU010,2025-12-01,2025-12-01
CV,2172687,4263386,0,102485,248,LE1,SKU010,2025-12-01,2025-12-01
FS,1565037,3071016,0,73822,175,LE1,SKU010,2025-12-01,2025-12-01
MT,2286705,5530635,0,132948,267,LE1,SKU011,2025-12-01,2025-12-01
GT,2370649,5733664,0,137828,271,LE1,SKU011,2025-12-01,2025-12-01
EC,2128217,5147317,0,123734,269,LE1,SKU011,2025-12-01,2025-12-01
CV,2236550,5409331,0,130032,264,LE1,SKU011,2025-12-01,2025-12-01
FS,1918107,4639142,0,111518,221,LE1,SKU011,2025-12-01,2025-12-01
MT,2835276,6480630,0,155784,269,LE1,SKU012,2025-12-01,2025-12-01
GT,2639569,6033300,0,145031,245,LE1,SKU012,2025-12-01,2025-12-01
EC,2217238,5067972,0,121826,228,LE1,SKU012,2025-12-01,2025-12-01
CV,2558351,5847660,0,140569,245,LE1,SKU012,2025-12-01,2025-12-01
FS,2744219,6272500,0,150781,258,LE1,SKU012,2025-12-01,2025-12-01
MT,3618839,7840818,0,188481,285,LE1,SKU013,2025-12-01,2025-12-01
GT,2947698,6386680,0,153526,228,LE1,SKU013,2025-12-01,2025-12-01
EC,2545875,5516063,0,132598,217,LE1,SKU013,2025-12-01,2025-12-01
CV,3826570,8290901,0,199300,305,LE1,SKU013,2025-12-01,2025-12-01
FS,3155087,6836021,0,164327,246,LE1,SKU013,2025-12-01,2025-12-01
MT,4969362,10233933,0,246008,332,LE1,SKU014,2025-12-01,2025-12-01
GT,3293004,6781632,0,163020,215,LE1,SKU014,2025-12-01,2025-12-01
EC,4190417,8629770,0,207446,303,LE1,SKU014,2025-12-01,2025-12-01
CV,4046868,8334144,0,200340,273,LE1,SKU014,2025-12-01,2025-12-01
FS,4163705,8574758,0,206124,275,LE1,SKU014,2025-12-01,2025-12-01
MT,4779574,9378788,0,225452,274,LE1,SKU015,2025-12-01,2025-12-01
GT,5613455,11015082,0,264786,315,LE1,SKU015,2025-12-01,2025-12-01
EC,4082328,8010606,0,192563,253,LE1,SKU015,2025-12-01,2025-12-01
CV,4925108,9664363,0,232316,285,LE1,SKU015,2025-12-01,2025-12-01
FS,4484650,8800067,0,211540,254,LE1,SKU015,2025-12-01,2025-12-01
MT,5028820,12162727,0,292373,323,LE1,SKU016,2025-12-01,2025-12-01
GT,3924180,9491040,0,228150,247,LE1,SKU016,2025-12-01,2025-12-01
EC,3771741,9122350,0,219287,263,LE1,SKU016,2025-12-01,2025-12-01
CV,5150486,12456990,0,299447,335,LE1,SKU016,2025-12-01,2025-12-01
FS,4903464,11859541,0,285085,312,LE1,SKU016,2025-12-01,2025-12-01
MT,2308474,5276376,0,126836,129,LE1,SKU017,2025-12-01,2025-12-01
GT,2790473,6378060,0,153319,152,LE1,SKU017,2025-12-01,2025-12-01
EC,2285520,5223910,0,125575,138,LE1,SKU017,2025-12-01,2025-12-01
CV,2485320,5680584,0,136552,140,LE1,SKU017,2025-12-01,2025-12-01
FS,3172399,7251010,0,174303,175,LE1,SKU017,2025-12-01,2025-12-01
MT,3226219,6990142,0,168032,158,LE1,SKU018,2025-12-01,2025-12-01
GT,3207672,6949956,0,167066,153,LE1,SKU018,2025-12-01,2025-12-01
EC,3193828,6919960,0,166345,169,LE1,SKU018,2025-12-01,2025-12-01
CV,3046378,6600485,0,158666,150,LE1,SKU018,2025-12-01,2025-12-01
FS,3110851,6740178,0,162024,150,LE1,SKU018,2025-12-01,2025-12-01
MT,1397633,2878294,0,69190,166,LE1,SKU019,2025-12-01,2025-12-01
GT,1763687,3632148,0,87311,205,LE1,SKU019,2025-12-01,2025-12-01
EC,1186572,2443634,0,58741,152,LE1,SKU019,2025-12-01,2025-12-01
CV,1245557,2565108,0,61661,149,LE1,SKU019,2025-12-01,2025-12-01
FS,903501,1860674,0,44728,106,LE1,SKU019,2025-12-01,2025-12-01
MT,1893507,3715561,0,89316,179,LE1,SKU020,2025-12-01,2025-12-01
GT,1666519,3270150,0,78609,154,LE1,SKU020,2025-12-01,2025-12-01
EC,1648264,3234329,0,77748,169,LE1,SKU020,2025-12-01,2025-12-01
CV,1669083,3275182,0,78730,160,LE1,SKU020,2025-12-01,2025-12-01
FS,2023296,3970242,0,95438,190,LE1,SKU020,2025-12-01,2025-12-01
MT,1991652,4817020,0,115794,200,LE1,SKU021,2025-12-01,2025-12-01
GT,1939031,4689750,0,112734,191,LE1,SKU021,2025-12-01,2025-12-01
EC,1431706,3462732,0,83239,156,LE1,SKU021,2025-12-01,2025-12-01
CV,2184131,5282550,0,126984,221,LE1,SKU021,2025-12-01,2025-12-01
FS,2085124,5043090,0,121228,207,LE1,SKU021,2025-12-01,2025-12-01
MT,2142508,4896973,0,117716,178,LE1,SKU022,2025-12-01,2025-12-01
GT,2452897,5606406,0,134769,200,LE1,SKU022,2025-12-01,2025-12-01
EC,2790817,6378765,0,153336,251,LE1,SKU022,2025-12-01,2025-12-01
CV,2671538,6106136,0,146782,225,LE1,SKU022,2025-12-01,2025-12-01
FS,2277570,5205673,0,125136,187,LE1,SKU022,2025-12-01,2025-12-01
MT,2537702,5498355,0,132172,178,LE1,SKU023,2025-12-01,2025-12-01
GT,3070080,6651840,0,159900,211,LE1,SKU023,2025-12-01,2025-12-01
EC,3115930,6751181,0,162288,237,LE1,SKU023,2025-12-01,2025-12-01
CV,3222374,6981811,0,167832,229,LE1,SKU023,2025-12-01,2025-12-01
FS,2356762,5106317,0,122748,164,LE1,SKU023,2025-12-01,2025-12-01
MT,3663945,7545340,0,181378,220,LE1,SKU024,2025-12-01,2025-12-01
GT,3338642,6875428,0,165275,197,LE1,SKU024,2025-12-01,2025-12-01
EC,3352249,6903449,0,165948,218,LE1,SKU024,2025-12-01,2025-12-01
CV,3523928,7256995,0,174447,214,LE1,SKU024,2025-12-01,2025-12-01
FS,4878747,10047040,0,241515,290,LE1,SKU024,2025-12-01,2025-12-01
MT,3987450,7824430,0,188087,208,LE1,SKU025,2025-12-01,2025-12-01
GT,4756167,9332856,0,224348,243,LE1,SKU025,2025-12-01,2025-12-01
EC,4466580,8764610,0,210688,252,LE1,SKU025,2025-12-01,2025-12-01
CV,4336359,8509082,0,204545,229,LE1,SKU025,2025-12-01,2025-12-01
FS,4966691,9745960,0,234278,256,LE1,SKU025,2025-12-01,2025-12-01
MT,4031556,9750740,0,234393,238,LE1,SKU026,2025-12-01,2025-12-01
GT,3813079,9222330,0,221691,220,LE1,SKU026,2025-12-01,2025-12-01
EC,3336540,8069771,0,193985,213,LE1,SKU026,2025-12-01,2025-12-01
CV,3281276,7936110,0,190772,196,LE1,SKU026,2025-12-01,2025-12-01
FS,4267761,10322026,0,248126,249,LE1,SKU026,2025-12-01,2025-12-01
MT,3617855,8269383,0,198783,186,LE1,SKU027,2025-12-01,2025-12-01
GT,5305755,12127440,0,291525,268,LE1,SKU027,2025-12-01,2025-12-01
EC,4651986,10633110,0,255604,260,LE1,SKU027,2025-12-01,2025-12-01
CV,4826039,11030947,0,265167,251,LE1,SKU027,2025-12-01,2025-12-01
FS,4605019,10525757,0,253023,235,LE1,SKU027,2025-12-01,2025-12-01
MT,2310336,5005728,0,120330,288,LE1,SKU028,2025-12-01,2025-12-01
GT,2156544,4672512,0,112320,264,LE1,SKU028,2025-12-01,2025-12-01
EC,1691747,3665451,0,88112,229,LE1,SKU028,2025-12-01,2025-12-01
CV,2016706,4369529,0,105037,254,LE1,SKU028,2025-12-01,2025-12-01
FS,1675858,3631025,0,87284,207,LE1,SKU028,2025-12-01,2025-12-01
MT,2644195,5445220,0,130895,263,LE1,SKU029,2025-12-01,2025-12-01
GT,2890128,5951672,0,143069,281,LE1,SKU029,2025-12-01,2025-12-01
EC,2087733,4299291,0,103348,225,LE1,SKU029,2025-12-01,2025-12-01
CV,2893548,5958716,0,143238,290,LE1,SKU029,2025-12-01,2025-12-01
FS,2567102,5286462,0,127078,252,LE1,SKU029,2025-12-01,2025-12-01
MT,2935670,5760560,0,138475,239,LE1,SKU030,2025-12-01,2025-12-01
GT,3772275,7402200,0,177938,301,LE1,SKU030,2025-12-01,2025-12-01
EC,2722954,5343156,0,128441,240,LE1,SKU030,2025-12-01,2025-12-01
CV,3280568,6437340,0,154744,270,LE1,SKU030,2025-12-01,2025-12-01
FS,2940838,5770700,0,138719,237,LE1,SKU030,2025-12-01,2025-12-01
MT,2820550,6821795,0,163985,248,LE1,SKU031,2025-12-01,2025-12-01
GT,3273923,7918326,0,190344,282,LE1,SKU031,2025-12-01,2025-12-01
EC,2831934,6849330,0,164647,270,LE1,SKU031,2025-12-01,2025-12-01
CV,3659588,8851097,0,212767,325,LE1,SKU031,2025-12-01,2025-12-01
FS,3465040,8380562,0,201456,302,LE1,SKU031,2025-12-01,2025-12-01
MT,3837725,8771942,0,210864,284,LE1,SKU032,2025-12-01,2025-12-01
GT,3449628,7884864,0,189540,250,LE1,SKU032,2025-12-01,2025-12-01
EC,2850906,6516357,0,156643,229,LE1,SKU032,2025-12-01,2025-12-01
CV,3646188,8334144,0,200340,273,LE1,SKU032,2025-12-01,2025-12-01
FS,3779558,8638989,0,207668,277,LE1,SKU032,2025-12-01,2025-12-01
MT,3986934,8638356,0,207653,252,LE1,SKU033,2025-12-01,2025-12-01
GT,4834674,10475128,0,251806,300,LE1,SKU033,2025-12-01,2025-12-01
EC,4072935,8824692,0,212132,279,LE1,SKU033,2025-12-01,2025-12-01
CV,4589298,9943478,0,239026,294,LE1,SKU033,2025-12-01,2025-12-01
FS,4308223,9334484,0,224387,270,LE1,SKU033,2025-12-01,2025-12-01
MT,2877735,5926424,0,142462,158,LE1,SKU034,2025-12-01,2025-12-01
GT,3014812,6208722,0,149248,162,LE1,SKU034,2025-12-01,2025-12-01
EC,2414568,4972575,0,119533,143,LE1,SKU034,2025-12-01,2025-12-01
CV,2810378,5787709,0,139128,156,LE1,SKU034,2025-12-01,2025-12-01
FS,3268976,6732149,0,161830,177,LE1,SKU034,2025-12-01,2025-12-01
MT,3506354,6880392,0,165394,168,LE1,SKU035,2025-12-01,2025-12-01
GT,3184472,6248776,0,150211,149,LE1,SKU035,2025-12-01,2025-12-01
EC,3635670,7134145,0,171494,188,LE1,SKU035,2025-12-01,2025-12-01
CV,3725072,7309574,0,175711,180,LE1,SKU035,2025-12-01,2025-12-01
FS,2956181,5800808,0,139442,140,LE1,SKU035,2025-12-01,2025-12-01
MT,2946824,7127203,0,171327,161,LE1,SKU036,2025-12-01,2025-12-01
GT,3394248,8209344,0,197340,181,LE1,SKU036,2025-12-01,2025-12-01
EC,2983259,7215324,0,173445,176,LE1,SKU036,2025-12-01,2025-12-01
CV,2579510,6238814,0,149972,142,LE1,SKU036,2025-12-01,2025-12-01
FS,2939506,7109502,0,170902,159,LE1,SKU036,2025-12-01,2025-12-01
