posting_id,document_type,company_code,posting_date,period,currency,cost_center,profit_center,gl_account,gl_account_name,management_line,debit_vnd,credit_vnd,signed_amount_vnd,source_system,source_table,mapping_version,mapping_status,exception_status,evidence_class
SIM-202301-00001,AA,VNO1,2023-01-28,2023-01,VND,CC-CORPORATE,PC-CORP,1000,Cash,Cash,4483219916,0,-4483219916,SYNTHETIC_LEDGER,trial_balance_monthly.csv,VNO-FPA-MAP-v1,APPROVED_SIMULATED,NO_EXCEPTION,SIMULATED_DERIVED
SIM-202301-00002,AA,VNO1,2023-01-28,2023-01,VND,CC-CORPORATE,PC-CORP,1100,Trade Receivables,Trade Receivables,138696610,0,-138696610,SYNTHETIC_LEDGER,trial_balance_monthly.csv,VNO-FPA-MAP-v1,APPROVED_SIMULATED,NO_EXCEPTION,SIMULATED_DERIVED
SIM-202301-00003,AA,VNO1,2023-01-28,2023-01,VND,CC-CORPORATE,PC-CORP,1200,Inventory,Inventory,1522192232,0,-1522192232,SYNTHETIC_LEDGER,trial_balance_monthly.csv,VNO-FPA-MAP-v1,APPROVED_SIMULATED,NO_EXCEPTION,SIMULATED_DERIVED
SIM-202301-00004,AA,VNO1,2023-01-28,2023-01,VND,CC-CORPORATE,PC-CORP,1500,Net PP&E,Net PP&E,0,0,0,SYNTHETIC_LEDGER,trial_balance_monthly.csv,VNO-FPA-MAP-v1,APPROVED_SIMULATED,NO_EXCEPTION,SIMULATED_DERIVED
SIM-202301-00005,AB,VNO1,2023-01-28,2023-01,VND,CC-CORPORATE,PC-CORP,2000,Trade Payables,Trade Payables,0,106361969,106361969,SYNTHETIC_LEDGER,trial_balance_monthly.csv,VNO-FPA-MAP-v1,APPROVED_SIMULATED,NO_EXCEPTION,SIMULATED_DERIVED
SIM-202301-00006,AB,VNO1,2023-01-28,2023-01,VND,CC-CORPORATE,PC-CORP,2500,Debt,Debt,0,6950000000,6950000000,SYNTHETIC_LEDGER,trial_balance_monthly.csv,VNO-FPA-MAP-v1,APPROVED_SIMULATED,NO_EXCEPTION,SIMULATED_DERIVED
SIM-202301-00007,AB,VNO1,2023-01-28,2023-01,VND,CC-CORPORATE,PC-CORP,3000,Opening Retained Earnings,Opening Retained Earnings,348542000,0,-348542000,SYNTHETIC_LEDGER,trial_balance_monthly.csv,VNO-FPA-MAP-v1,APPROVED_SIMULATED,NO_EXCEPTION,SIMULATED_DERIVED
SIM-202301-00008,SA,VNO1,2023-01-28,2023-01,VND,CC-COMMERCIAL,PC-FMCG,4000,Gross Sales,Gross Sales,0,1059307500,1059307500,SYNTHETIC_LEDGER,trial_balance_monthly.csv,VNO-FPA-MAP-v1,APPROVED_SIMULATED,NO_EXCEPTION,SIMULATED_DERIVED
SIM-202301-00009,SA,VNO1,2023-01-28,2023-01,VND,CC-COMMERCIAL,PC-FMCG,4010,Invoice Discounts,Invoice Discounts,50751595,0,-50751595,SYNTHETIC_LEDGER,trial_balance_monthly.csv,VNO-FPA-MAP-v1,APPROVED_SIMULATED,NO_EXCEPTION,SIMULATED_DERIVED
SIM-202301-00010,SA,VNO1,2023-01-28,2023-01,VND,CC-COMMERCIAL,PC-FMCG,4020,Returns,Returns,8004270,0,-8004270,SYNTHETIC_LEDGER,trial_balance_monthly.csv,VNO-FPA-MAP-v1,APPROVED_SIMULATED,NO_EXCEPTION,SIMULATED_DERIVED
SIM-202301-00011,SA,VNO1,2023-01-28,2023-01,VND,CC-COMMERCIAL,PC-FMCG,4030,Rebates,Rebates,0,0,0,SYNTHETIC_LEDGER,trial_balance_monthly.csv,VNO-FPA-MAP-v1,APPROVED_SIMULATED,NO_EXCEPTION,SIMULATED_DERIVED
SIM-202301-00012,SA,VNO1,2023-01-28,2023-01,VND,CC-COMMERCIAL,PC-FMCG,4040,Voucher Support,Voucher Support,0,0,0,SYNTHETIC_LEDGER,trial_balance_monthly.csv,VNO-FPA-MAP-v1,APPROVED_SIMULATED,NO_EXCEPTION,SIMULATED_DERIVED
SIM-202301-00013,KR,VNO1,2023-01-28,2023-01,VND,CC-SUPPLY,PC-FMCG,5000,COGS,COGS,505741590,0,-505741590,SYNTHETIC_LEDGER,trial_balance_monthly.csv,VNO-FPA-MAP-v1,APPROVED_SIMULATED,NO_EXCEPTION,SIMULATED_DERIVED
SIM-202301-00014,KR,VNO1,2023-01-28,2023-01,VND,CC-TRADE,PC-FMCG,5100,Channel Fees,Channel Fees,62412688,0,-62412688,SYNTHETIC_LEDGER,trial_balance_monthly.csv,VNO-FPA-MAP-v1,APPROVED_SIMULATED,NO_EXCEPTION,SIMULATED_DERIVED
SIM-202301-00015,KR,VNO1,2023-01-28,2023-01,VND,CC-TRADE,PC-FMCG,5200,Trade Spend,Trade Spend,24988151,0,-24988151,SYNTHETIC_LEDGER,trial_balance_monthly.csv,VNO-FPA-MAP-v1,APPROVED_SIMULATED,NO_EXCEPTION,SIMULATED_DERIVED
SIM-202301-00016,KR,VNO1,2023-01-28,2023-01,VND,CC-TRADE,PC-FMCG,5300,Variable Fulfilment,Variable Fulfilment,0,0,0,SYNTHETIC_LEDGER,trial_balance_monthly.csv,VNO-FPA-MAP-v1,APPROVED_SIMULATED,NO_EXCEPTION,SIMULATED_DERIVED
SIM-202301-00017,KR,VNO1,2023-01-28,2023-01,VND,CC-G&A,PC-CORP,6000,Controllable OPEX,Controllable OPEX,923360000,0,-923360000,SYNTHETIC_LEDGER,trial_balance_monthly.csv,VNO-FPA-MAP-v1,APPROVED_SIMULATED,NO_EXCEPTION,SIMULATED_DERIVED
SIM-202301-00018,KR,VNO1,2023-01-28,2023-01,VND,CC-G&A,PC-CORP,6100,Depreciation,Depreciation,0,0,0,SYNTHETIC_LEDGER,trial_balance_monthly.csv,VNO-FPA-MAP-v1,APPROVED_SIMULATED,NO_EXCEPTION,SIMULATED_DERIVED
SIM-202301-00019,KR,VNO1,2023-01-28,2023-01,VND,CC-TREASURY,PC-CORP,6200,Finance Cost,Finance Cost,47760417,0,-47760417,SYNTHETIC_LEDGER,trial_balance_monthly.csv,VNO-FPA-MAP-v1,APPROVED_SIMULATED,NO_EXCEPTION,SIMULATED_DERIVED
SIM-202301-00020,KR,VNO1,2023-01-28,2023-01,VND,CC-TAX,PC-CORP,6300,Tax Proxy,Tax Proxy,0,0,0,SYNTHETIC_LEDGER,trial_balance_monthly.csv,VNO-FPA-MAP-v1,APPROVED_SIMULATED,NO_EXCEPTION,SIMULATED_DERIVED
SIM-202302-00021,AA,VNO1,2023-02-28,2023-02,VND,CC-CORPORATE,PC-CORP,1000,Cash,Cash,4001004409,0,-4001004409,SYNTHETIC_LEDGER,trial_balance_monthly.csv,VNO-FPA-MAP-v1,APPROVED_SIMULATED,NO_EXCEPTION,SIMULATED_DERIVED
SIM-202302-00022,AA,VNO1,2023-02-28,2023-02,VND,CC-CORPORATE,PC-CORP,1100,Trade Receivables,Trade Receivables,290725031,0,-290725031,SYNTHETIC_LEDGER,trial_balance_monthly.csv,VNO-FPA-MAP-v1,APPROVED_SIMULATED,NO_EXCEPTION,SIMULATED_DERIVED
SIM-202302-00023,AA,VNO1,2023-02-28,2023-02,VND,CC-CORPORATE,PC-CORP,1200,Inventory,Inventory,1315622293,0,-1315622293,SYNTHETIC_LEDGER,trial_balance_monthly.csv,VNO-FPA-MAP-v1,APPROVED_SIMULATED,NO_EXCEPTION,SIMULATED_DERIVED
SIM-202302-00024,AA,VNO1,2023-02-28,2023-02,VND,CC-CORPORATE,PC-CORP,1500,Net PP&E,Net PP&E,0,0,0,SYNTHETIC_LEDGER,trial_balance_monthly.csv,VNO-FPA-MAP-v1,APPROVED_SIMULATED,NO_EXCEPTION,SIMULATED_DERIVED
SIM-202302-00025,AB,VNO1,2023-02-28,2023-02,VND,CC-CORPORATE,PC-CORP,2000,Trade Payables,Trade Payables,0,217138689,217138689,SYNTHETIC_LEDGER,trial_balance_monthly.csv,VNO-FPA-MAP-v1,APPROVED_SIMULATED,NO_EXCEPTION,SIMULATED_DERIVED
SIM-202302-00026,AB,VNO1,2023-02-28,2023-02,VND,CC-CORPORATE,PC-CORP,2500,Debt,Debt,0,6900000000,6900000000,SYNTHETIC_LEDGER,trial_balance_monthly.csv,VNO-FPA-MAP-v1,APPROVED_SIMULATED,NO_EXCEPTION,SIMULATED_DERIVED
SIM-202302-00027,AB,VNO1,2023-02-28,2023-02,VND,CC-CORPORATE,PC-CORP,3000,Opening Retained Earnings,Opening Retained Earnings,912253211,0,-912253211,SYNTHETIC_LEDGER,trial_balance_monthly.csv,VNO-FPA-MAP-v1,APPROVED_SIMULATED,NO_EXCEPTION,SIMULATED_DERIVED
SIM-202302-00028,SA,VNO1,2023-02-28,2023-02,VND,CC-COMMERCIAL,PC-FMCG,4000,Gross Sales,Gross Sales,0,1123036000,1123036000,SYNTHETIC_LEDGER,trial_balance_monthly.csv,VNO-FPA-MAP-v1,APPROVED_SIMULATED,NO_EXCEPTION,SIMULATED_DERIVED
SIM-202302-00029,SA,VNO1,2023-02-28,2023-02,VND,CC-COMMERCIAL,PC-FMCG,4010,Invoice Discounts,Invoice Discounts,53907495,0,-53907495,SYNTHETIC_LEDGER,trial_balance_monthly.csv,VNO-FPA-MAP-v1,APPROVED_SIMULATED,NO_EXCEPTION,SIMULATED_DERIVED
SIM-202302-00030,SA,VNO1,2023-02-28,2023-02,VND,CC-COMMERCIAL,PC-FMCG,4020,Returns,Returns,8558022,0,-8558022,SYNTHETIC_LEDGER,trial_balance_monthly.csv,VNO-FPA-MAP-v1,APPROVED_SIMULATED,NO_EXCEPTION,SIMULATED_DERIVED
SIM-202302-00031,SA,VNO1,2023-02-28,2023-02,VND,CC-COMMERCIAL,PC-FMCG,4030,Rebates,Rebates,0,0,0,SYNTHETIC_LEDGER,trial_balance_monthly.csv,VNO-FPA-MAP-v1,APPROVED_SIMULATED,NO_EXCEPTION,SIMULATED_DERIVED
SIM-202302-00032,SA,VNO1,2023-02-28,2023-02,VND,CC-COMMERCIAL,PC-FMCG,4040,Voucher Support,Voucher Support,0,0,0,SYNTHETIC_LEDGER,trial_balance_monthly.csv,VNO-FPA-MAP-v1,APPROVED_SIMULATED,NO_EXCEPTION,SIMULATED_DERIVED
SIM-202302-00033,KR,VNO1,2023-02-28,2023-02,VND,CC-SUPPLY,PC-FMCG,5000,COGS,COGS,535733665,0,-535733665,SYNTHETIC_LEDGER,trial_balance_monthly.csv,VNO-FPA-MAP-v1,APPROVED_SIMULATED,NO_EXCEPTION,SIMULATED_DERIVED
SIM-202302-00034,KR,VNO1,2023-02-28,2023-02,VND,CC-TRADE,PC-FMCG,5100,Channel Fees,Channel Fees,66392954,0,-66392954,SYNTHETIC_LEDGER,trial_balance_monthly.csv,VNO-FPA-MAP-v1,APPROVED_SIMULATED,NO_EXCEPTION,SIMULATED_DERIVED
SIM-202302-00035,KR,VNO1,2023-02-28,2023-02,VND,CC-TRADE,PC-FMCG,5200,Trade Spend,Trade Spend,26589692,0,-26589692,SYNTHETIC_LEDGER,trial_balance_monthly.csv,VNO-FPA-MAP-v1,APPROVED_SIMULATED,NO_EXCEPTION,SIMULATED_DERIVED
SIM-202302-00036,KR,VNO1,2023-02-28,2023-02,VND,CC-TRADE,PC-FMCG,5300,Variable Fulfilment,Variable Fulfilment,0,0,0,SYNTHETIC_LEDGER,trial_balance_monthly.csv,VNO-FPA-MAP-v1,APPROVED_SIMULATED,NO_EXCEPTION,SIMULATED_DERIVED
SIM-202302-00037,KR,VNO1,2023-02-28,2023-02,VND,CC-G&A,PC-CORP,6000,Controllable OPEX,Controllable OPEX,981940000,0,-981940000,SYNTHETIC_LEDGER,trial_balance_monthly.csv,VNO-FPA-MAP-v1,APPROVED_SIMULATED,NO_EXCEPTION,SIMULATED_DERIVED
SIM-202302-00038,KR,VNO1,2023-02-28,2023-02,VND,CC-G&A,PC-CORP,6100,Depreciation,Depreciation,0,0,0,SYNTHETIC_LEDGER,trial_balance_monthly.csv,VNO-FPA-MAP-v1,APPROVED_SIMULATED,NO_EXCEPTION,SIMULATED_DERIVED
SIM-202302-00039,KR,VNO1,2023-02-28,2023-02,VND,CC-TREASURY,PC-CORP,6200,Finance Cost,Finance Cost,47447917,0,-47447917,SYNTHETIC_LEDGER,trial_balance_monthly.csv,VNO-FPA-MAP-v1,APPROVED_SIMULATED,NO_EXCEPTION,SIMULATED_DERIVED
SIM-202302-00040,KR,VNO1,2023-02-28,2023-02,VND,CC-TAX,PC-CORP,6300,Tax Proxy,Tax Proxy,0,0,0,SYNTHETIC_LEDGER,trial_balance_monthly.csv,VNO-FPA-MAP-v1,APPROVED_SIMULATED,NO_EXCEPTION,SIMULATED_DERIVED
SIM-202303-00041,AA,VNO1,2023-03-28,2023-03,VND,CC-CORPORATE,PC-CORP,1000,Cash,Cash,3482414727,0,-3482414727,SYNTHETIC_LEDGER,trial_balance_monthly.csv,VNO-FPA-MAP-v1,APPROVED_SIMULATED,NO_EXCEPTION,SIMULATED_DERIVED
SIM-202303-00042,AA,VNO1,2023-03-28,2023-03,VND,CC-CORPORATE,PC-CORP,1100,Trade Receivables,Trade Receivables,451043803,0,-451043803,SYNTHETIC_LEDGER,trial_balance_monthly.csv,VNO-FPA-MAP-v1,APPROVED_SIMULATED,NO_EXCEPTION,SIMULATED_DERIVED
SIM-202303-00043,AA,VNO1,2023-03-28,2023-03,VND,CC-CORPORATE,PC-CORP,1200,Inventory,Inventory,1055735524,0,-1055735524,SYNTHETIC_LEDGER,trial_balance_monthly.csv,VNO-FPA-MAP-v1,APPROVED_SIMULATED,NO_EXCEPTION,SIMULATED_DERIVED
SIM-202303-00044,AA,VNO1,2023-03-28,2023-03,VND,CC-CORPORATE,PC-CORP,1500,Net PP&E,Net PP&E,0,0,0,SYNTHETIC_LEDGER,trial_balance_monthly.csv,VNO-FPA-MAP-v1,APPROVED_SIMULATED,NO_EXCEPTION,SIMULATED_DERIVED
SIM-202303-00045,AB,VNO1,2023-03-28,2023-03,VND,CC-CORPORATE,PC-CORP,2000,Trade Payables,Trade Payables,0,304462441,304462441,SYNTHETIC_LEDGER,trial_balance_monthly.csv,VNO-FPA-MAP-v1,APPROVED_SIMULATED,NO_EXCEPTION,SIMULATED_DERIVED
SIM-202303-00046,AB,VNO1,2023-03-28,2023-03,VND,CC-CORPORATE,PC-CORP,2500,Debt,Debt,0,6850000000,6850000000,SYNTHETIC_LEDGER,trial_balance_monthly.csv,VNO-FPA-MAP-v1,APPROVED_SIMULATED,NO_EXCEPTION,SIMULATED_DERIVED
SIM-202303-00047,AB,VNO1,2023-03-28,2023-03,VND,CC-CORPORATE,PC-CORP,3000,Opening Retained Earnings,Opening Retained Earnings,1509786956,0,-1509786956,SYNTHETIC_LEDGER,trial_balance_monthly.csv,VNO-FPA-MAP-v1,APPROVED_SIMULATED,NO_EXCEPTION,SIMULATED_DERIVED
SIM-202303-00048,SA,VNO1,2023-03-28,2023-03,VND,CC-COMMERCIAL,PC-FMCG,4000,Gross Sales,Gross Sales,0,1125357500,1125357500,SYNTHETIC_LEDGER,trial_balance_monthly.csv,VNO-FPA-MAP-v1,APPROVED_SIMULATED,NO_EXCEPTION,SIMULATED_DERIVED
SIM-202303-00049,SA,VNO1,2023-03-28,2023-03,VND,CC-COMMERCIAL,PC-FMCG,4010,Invoice Discounts,Invoice Discounts,54119230,0,-54119230,SYNTHETIC_LEDGER,trial_balance_monthly.csv,VNO-FPA-MAP-v1,APPROVED_SIMULATED,NO_EXCEPTION,SIMULATED_DERIVED
SIM-202303-00050,SA,VNO1,2023-03-28,2023-03,VND,CC-COMMERCIAL,PC-FMCG,4020,Returns,Returns,8579299,0,-8579299,SYNTHETIC_LEDGER,trial_balance_monthly.csv,VNO-FPA-MAP-v1,APPROVED_SIMULATED,NO_EXCEPTION,SIMULATED_DERIVED
SIM-202303-00051,SA,VNO1,2023-03-28,2023-03,VND,CC-COMMERCIAL,PC-FMCG,4030,Rebates,Rebates,0,0,0,SYNTHETIC_LEDGER,trial_balance_monthly.csv,VNO-FPA-MAP-v1,APPROVED_SIMULATED,NO_EXCEPTION,SIMULATED_DERIVED
SIM-202303-00052,SA,VNO1,2023-03-28,2023-03,VND,CC-COMMERCIAL,PC-FMCG,4040,Voucher Support,Voucher Support,0,0,0,SYNTHETIC_LEDGER,trial_balance_monthly.csv,VNO-FPA-MAP-v1,APPROVED_SIMULATED,NO_EXCEPTION,SIMULATED_DERIVED
SIM-202303-00053,KR,VNO1,2023-03-28,2023-03,VND,CC-SUPPLY,PC-FMCG,5000,COGS,COGS,537278091,0,-537278091,SYNTHETIC_LEDGER,trial_balance_monthly.csv,VNO-FPA-MAP-v1,APPROVED_SIMULATED,NO_EXCEPTION,SIMULATED_DERIVED
SIM-202303-00054,KR,VNO1,2023-03-28,2023-03,VND,CC-TRADE,PC-FMCG,5100,Channel Fees,Channel Fees,66527941,0,-66527941,SYNTHETIC_LEDGER,trial_balance_monthly.csv,VNO-FPA-MAP-v1,APPROVED_SIMULATED,NO_EXCEPTION,SIMULATED_DERIVED
SIM-202303-00055,KR,VNO1,2023-03-28,2023-03,VND,CC-TRADE,PC-FMCG,5200,Trade Spend,Trade Spend,26678953,0,-26678953,SYNTHETIC_LEDGER,trial_balance_monthly.csv,VNO-FPA-MAP-v1,APPROVED_SIMULATED,NO_EXCEPTION,SIMULATED_DERIVED
SIM-202303-00056,KR,VNO1,2023-03-28,2023-03,VND,CC-TRADE,PC-FMCG,5300,Variable Fulfilment,Variable Fulfilment,0,0,0,SYNTHETIC_LEDGER,trial_balance_monthly.csv,VNO-FPA-MAP-v1,APPROVED_SIMULATED,NO_EXCEPTION,SIMULATED_DERIVED
SIM-202303-00057,KR,VNO1,2023-03-28,2023-03,VND,CC-G&A,PC-CORP,6000,Controllable OPEX,Controllable OPEX,1040520000,0,-1040520000,SYNTHETIC_LEDGER,trial_balance_monthly.csv,VNO-FPA-MAP-v1,APPROVED_SIMULATED,NO_EXCEPTION,SIMULATED_DERIVED
SIM-202303-00058,KR,VNO1,2023-03-28,2023-03,VND,CC-G&A,PC-CORP,6100,Depreciation,Depreciation,0,0,0,SYNTHETIC_LEDGER,trial_balance_monthly.csv,VNO-FPA-MAP-v1,APPROVED_SIMULATED,NO_EXCEPTION,SIMULATED_DERIVED
SIM-202303-00059,KR,VNO1,2023-03-28,2023-03,VND,CC-TREASURY,PC-CORP,6200,Finance Cost,Finance Cost,47135417,0,-47135417,SYNTHETIC_LEDGER,trial_balance_monthly.csv,VNO-FPA-MAP-v1,APPROVED_SIMULATED,NO_EXCEPTION,SIMULATED_DERIVED
SIM-202303-00060,KR,VNO1,2023-03-28,2023-03,VND,CC-TAX,PC-CORP,6300,Tax Proxy,Tax Proxy,0,0,0,SYNTHETIC_LEDGER,trial_balance_monthly.csv,VNO-FPA-MAP-v1,APPROVED_SIMULATED,NO_EXCEPTION,SIMULATED_DERIVED
SIM-202304-00061,AA,VNO1,2023-04-28,2023-04,VND,CC-CORPORATE,PC-CORP,1000,Cash,Cash,2940052126,0,-2940052126,SYNTHETIC_LEDGER,trial_balance_monthly.csv,VNO-FPA-MAP-v1,APPROVED_SIMULATED,NO_EXCEPTION,SIMULATED_DERIVED
SIM-202304-00062,AA,VNO1,2023-04-28,2023-04,VND,CC-CORPORATE,PC-CORP,1100,Trade Receivables,Trade Receivables,613087712,0,-613087712,SYNTHETIC_LEDGER,trial_balance_monthly.csv,VNO-FPA-MAP-v1,APPROVED_SIMULATED,NO_EXCEPTION,SIMULATED_DERIVED
SIM-202304-00063,AA,VNO1,2023-04-28,2023-04,VND,CC-CORPORATE,PC-CORP,1200,Inventory,Inventory,794129843,0,-794129843,SYNTHETIC_LEDGER,trial_balance_monthly.csv,VNO-FPA-MAP-v1,APPROVED_SIMULATED,NO_EXCEPTION,SIMULATED_DERIVED
SIM-202304-00064,AA,VNO1,2023-04-28,2023-04,VND,CC-CORPORATE,PC-CORP,1500,Net PP&E,Net PP&E,0,0,0,SYNTHETIC_LEDGER,trial_balance_monthly.csv,VNO-FPA-MAP-v1,APPROVED_SIMULATED,NO_EXCEPTION,SIMULATED_DERIVED
SIM-202304-00065,AB,VNO1,2023-04-28,2023-04,VND,CC-CORPORATE,PC-CORP,2000,Trade Payables,Trade Payables,0,420815018,420815018,SYNTHETIC_LEDGER,trial_balance_monthly.csv,VNO-FPA-MAP-v1,APPROVED_SIMULATED,NO_EXCEPTION,SIMULATED_DERIVED
SIM-202304-00066,AB,VNO1,2023-04-28,2023-04,VND,CC-CORPORATE,PC-CORP,2500,Debt,Debt,0,6800000000,6800000000,SYNTHETIC_LEDGER,trial_balance_monthly.csv,VNO-FPA-MAP-v1,APPROVED_SIMULATED,NO_EXCEPTION,SIMULATED_DERIVED
SIM-202304-00067,AB,VNO1,2023-04-28,2023-04,VND,CC-CORPORATE,PC-CORP,3000,Opening Retained Earnings,Opening Retained Earnings,2165268387,0,-2165268387,SYNTHETIC_LEDGER,trial_balance_monthly.csv,VNO-FPA-MAP-v1,APPROVED_SIMULATED,NO_EXCEPTION,SIMULATED_DERIVED
SIM-202304-00068,SA,VNO1,2023-04-28,2023-04,VND,CC-COMMERCIAL,PC-FMCG,4000,Gross Sales,Gross Sales,0,1139720000,1139720000,SYNTHETIC_LEDGER,trial_balance_monthly.csv,VNO-FPA-MAP-v1,APPROVED_SIMULATED,NO_EXCEPTION,SIMULATED_DERIVED
SIM-202304-00069,SA,VNO1,2023-04-28,2023-04,VND,CC-COMMERCIAL,PC-FMCG,4010,Invoice Discounts,Invoice Discounts,54551880,0,-54551880,SYNTHETIC_LEDGER,trial_balance_monthly.csv,VNO-FPA-MAP-v1,APPROVED_SIMULATED,NO_EXCEPTION,SIMULATED_DERIVED
SIM-202304-00070,SA,VNO1,2023-04-28,2023-04,VND,CC-COMMERCIAL,PC-FMCG,4020,Returns,Returns,8614991,0,-8614991,SYNTHETIC_LEDGER,trial_balance_monthly.csv,VNO-FPA-MAP-v1,APPROVED_SIMULATED,NO_EXCEPTION,SIMULATED_DERIVED
SIM-202304-00071,SA,VNO1,2023-04-28,2023-04,VND,CC-COMMERCIAL,PC-FMCG,4030,Rebates,Rebates,0,0,0,SYNTHETIC_LEDGER,trial_balance_monthly.csv,VNO-FPA-MAP-v1,APPROVED_SIMULATED,NO_EXCEPTION,SIMULATED_DERIVED
SIM-202304-00072,SA,VNO1,2023-04-28,2023-04,VND,CC-COMMERCIAL,PC-FMCG,4040,Voucher Support,Voucher Support,0,0,0,SYNTHETIC_LEDGER,trial_balance_monthly.csv,VNO-FPA-MAP-v1,APPROVED_SIMULATED,NO_EXCEPTION,SIMULATED_DERIVED
SIM-202304-00073,KR,VNO1,2023-04-28,2023-04,VND,CC-SUPPLY,PC-FMCG,5000,COGS,COGS,544553249,0,-544553249,SYNTHETIC_LEDGER,trial_balance_monthly.csv,VNO-FPA-MAP-v1,APPROVED_SIMULATED,NO_EXCEPTION,SIMULATED_DERIVED
SIM-202304-00074,KR,VNO1,2023-04-28,2023-04,VND,CC-TRADE,PC-FMCG,5100,Channel Fees,Channel Fees,67278537,0,-67278537,SYNTHETIC_LEDGER,trial_balance_monthly.csv,VNO-FPA-MAP-v1,APPROVED_SIMULATED,NO_EXCEPTION,SIMULATED_DERIVED
SIM-202304-00075,KR,VNO1,2023-04-28,2023-04,VND,CC-TRADE,PC-FMCG,5200,Trade Spend,Trade Spend,27075376,0,-27075376,SYNTHETIC_LEDGER,trial_balance_monthly.csv,VNO-FPA-MAP-v1,APPROVED_SIMULATED,NO_EXCEPTION,SIMULATED_DERIVED
SIM-202304-00076,KR,VNO1,2023-04-28,2023-04,VND,CC-TRADE,PC-FMCG,5300,Variable Fulfilment,Variable Fulfilment,0,0,0,SYNTHETIC_LEDGER,trial_balance_monthly.csv,VNO-FPA-MAP-v1,APPROVED_SIMULATED,NO_EXCEPTION,SIMULATED_DERIVED
SIM-202304-00077,KR,VNO1,2023-04-28,2023-04,VND,CC-G&A,PC-CORP,6000,Controllable OPEX,Controllable OPEX,1099100000,0,-1099100000,SYNTHETIC_LEDGER,trial_balance_monthly.csv,VNO-FPA-MAP-v1,APPROVED_SIMULATED,NO_EXCEPTION,SIMULATED_DERIVED
SIM-202304-00078,KR,VNO1,2023-04-28,2023-04,VND,CC-G&A,PC-CORP,6100,Depreciation,Depreciation,0,0,0,SYNTHETIC_LEDGER,trial_balance_monthly.csv,VNO-FPA-MAP-v1,APPROVED_SIMULATED,NO_EXCEPTION,SIMULATED_DERIVED
SIM-202304-00079,KR,VNO1,2023-04-28,2023-04,VND,CC-TREASURY,PC-CORP,6200,Finance Cost,Finance Cost,46822917,0,-46822917,SYNTHETIC_LEDGER,trial_balance_monthly.csv,VNO-FPA-MAP-v1,APPROVED_SIMULATED,NO_EXCEPTION,SIMULATED_DERIVED
SIM-202304-00080,KR,VNO1,2023-04-28,2023-04,VND,CC-TAX,PC-CORP,6300,Tax Proxy,Tax Proxy,0,0,0,SYNTHETIC_LEDGER,trial_balance_monthly.csv,VNO-FPA-MAP-v1,APPROVED_SIMULATED,NO_EXCEPTION,SIMULATED_DERIVED
SIM-202305-00081,AA,VNO1,2023-05-28,2023-05,VND,CC-CORPORATE,PC-CORP,1000,Cash,Cash,2416770319,0,-2416770319,SYNTHETIC_LEDGER,trial_balance_monthly.csv,VNO-FPA-MAP-v1,APPROVED_SIMULATED,NO_EXCEPTION,SIMULATED_DERIVED
SIM-202305-00082,AA,VNO1,2023-05-28,2023-05,VND,CC-CORPORATE,PC-CORP,1100,Trade Receivables,Trade Receivables,755351700,0,-755351700,SYNTHETIC_LEDGER,trial_balance_monthly.csv,VNO-FPA-MAP-v1,APPROVED_SIMULATED,NO_EXCEPTION,SIMULATED_DERIVED
SIM-202305-00083,AA,VNO1,2023-05-28,2023-05,VND,CC-CORPORATE,PC-CORP,1200,Inventory,Inventory,644576507,0,-644576507,SYNTHETIC_LEDGER,trial_balance_monthly.csv,VNO-FPA-MAP-v1,APPROVED_SIMULATED,NO_EXCEPTION,SIMULATED_DERIVED
SIM-202305-00084,AA,VNO1,2023-05-28,2023-05,VND,CC-CORPORATE,PC-CORP,1500,Net PP&E,Net PP&E,0,0,0,SYNTHETIC_LEDGER,trial_balance_monthly.csv,VNO-FPA-MAP-v1,APPROVED_SIMULATED,NO_EXCEPTION,SIMULATED_DERIVED
SIM-202305-00085,AB,VNO1,2023-05-28,2023-05,VND,CC-CORPORATE,PC-CORP,2000,Trade Payables,Trade Payables,0,528325519,528325519,SYNTHETIC_LEDGER,trial_balance_monthly.csv,VNO-FPA-MAP-v1,APPROVED_SIMULATED,NO_EXCEPTION,SIMULATED_DERIVED
SIM-202305-00086,AB,VNO1,2023-05-28,2023-05,VND,CC-CORPORATE,PC-CORP,2500,Debt,Debt,0,6750000000,6750000000,SYNTHETIC_LEDGER,trial_balance_monthly.csv,VNO-FPA-MAP-v1,APPROVED_SIMULATED,NO_EXCEPTION,SIMULATED_DERIVED
SIM-202305-00087,AB,VNO1,2023-05-28,2023-05,VND,CC-CORPORATE,PC-CORP,3000,Opening Retained Earnings,Opening Retained Earnings,2873545337,0,-2873545337,SYNTHETIC_LEDGER,trial_balance_monthly.csv,VNO-FPA-MAP-v1,APPROVED_SIMULATED,NO_EXCEPTION,SIMULATED_DERIVED
SIM-202305-00088,SA,VNO1,2023-05-28,2023-05,VND,CC-COMMERCIAL,PC-FMCG,4000,Gross Sales,Gross Sales,0,1046446500,1046446500,SYNTHETIC_LEDGER,trial_balance_monthly.csv,VNO-FPA-MAP-v1,APPROVED_SIMULATED,NO_EXCEPTION,SIMULATED_DERIVED
SIM-202305-00089,SA,VNO1,2023-05-28,2023-05,VND,CC-COMMERCIAL,PC-FMCG,4010,Invoice Discounts,Invoice Discounts,49909235,0,-49909235,SYNTHETIC_LEDGER,trial_balance_monthly.csv,VNO-FPA-MAP-v1,APPROVED_SIMULATED,NO_EXCEPTION,SIMULATED_DERIVED
SIM-202305-00090,SA,VNO1,2023-05-28,2023-05,VND,CC-COMMERCIAL,PC-FMCG,4020,Returns,Returns,7915766,0,-7915766,SYNTHETIC_LEDGER,trial_balance_monthly.csv,VNO-FPA-MAP-v1,APPROVED_SIMULATED,NO_EXCEPTION,SIMULATED_DERIVED
SIM-202305-00091,SA,VNO1,2023-05-28,2023-05,VND,CC-COMMERCIAL,PC-FMCG,4030,Rebates,Rebates,0,0,0,SYNTHETIC_LEDGER,trial_balance_monthly.csv,VNO-FPA-MAP-v1,APPROVED_SIMULATED,NO_EXCEPTION,SIMULATED_DERIVED
SIM-202305-00092,SA,VNO1,2023-05-28,2023-05,VND,CC-COMMERCIAL,PC-FMCG,4040,Voucher Support,Voucher Support,0,0,0,SYNTHETIC_LEDGER,trial_balance_monthly.csv,VNO-FPA-MAP-v1,APPROVED_SIMULATED,NO_EXCEPTION,SIMULATED_DERIVED
SIM-202305-00093,KR,VNO1,2023-05-28,2023-05,VND,CC-SUPPLY,PC-FMCG,5000,COGS,COGS,499217106,0,-499217106,SYNTHETIC_LEDGER,trial_balance_monthly.csv,VNO-FPA-MAP-v1,APPROVED_SIMULATED,NO_EXCEPTION,SIMULATED_DERIVED
SIM-202305-00094,KR,VNO1,2023-05-28,2023-05,VND,CC-TRADE,PC-FMCG,5100,Channel Fees,Channel Fees,61541786,0,-61541786,SYNTHETIC_LEDGER,trial_balance_monthly.csv,VNO-FPA-MAP-v1,APPROVED_SIMULATED,NO_EXCEPTION,SIMULATED_DERIVED
SIM-202305-00095,KR,VNO1,2023-05-28,2023-05,VND,CC-TRADE,PC-FMCG,5200,Trade Spend,Trade Spend,24852466,0,-24852466,SYNTHETIC_LEDGER,trial_balance_monthly.csv,VNO-FPA-MAP-v1,APPROVED_SIMULATED,NO_EXCEPTION,SIMULATED_DERIVED
SIM-202305-00096,KR,VNO1,2023-05-28,2023-05,VND,CC-TRADE,PC-FMCG,5300,Variable Fulfilment,Variable Fulfilment,0,0,0,SYNTHETIC_LEDGER,trial_balance_monthly.csv,VNO-FPA-MAP-v1,APPROVED_SIMULATED,NO_EXCEPTION,SIMULATED_DERIVED
SIM-202305-00097,KR,VNO1,2023-05-28,2023-05,VND,CC-G&A,PC-CORP,6000,Controllable OPEX,Controllable OPEX,944581380,0,-944581380,SYNTHETIC_LEDGER,trial_balance_monthly.csv,VNO-FPA-MAP-v1,APPROVED_SIMULATED,NO_EXCEPTION,SIMULATED_DERIVED
SIM-202305-00098,KR,VNO1,2023-05-28,2023-05,VND,CC-G&A,PC-CORP,6100,Depreciation,Depreciation,0,0,0,SYNTHETIC_LEDGER,trial_balance_monthly.csv,VNO-FPA-MAP-v1,APPROVED_SIMULATED,NO_EXCEPTION,SIMULATED_DERIVED
SIM-202305-00099,KR,VNO1,2023-05-28,2023-05,VND,CC-TREASURY,PC-CORP,6200,Finance Cost,Finance Cost,46510417,0,-46510417,SYNTHETIC_LEDGER,trial_balance_monthly.csv,VNO-FPA-MAP-v1,APPROVED_SIMULATED,NO_EXCEPTION,SIMULATED_DERIVED
SIM-202305-00100,KR,VNO1,2023-05-28,2023-05,VND,CC-TAX,PC-CORP,6300,Tax Proxy,Tax Proxy,0,0,0,SYNTHETIC_LEDGER,trial_balance_monthly.csv,VNO-FPA-MAP-v1,APPROVED_SIMULATED,NO_EXCEPTION,SIMULATED_DERIVED
SIM-202306-00101,AA,VNO1,2023-06-28,2023-06,VND,CC-CORPORATE,PC-CORP,1000,Cash,Cash,1807587545,0,-1807587545,SYNTHETIC_LEDGER,trial_balance_monthly.csv,VNO-FPA-MAP-v1,APPROVED_SIMULATED,NO_EXCEPTION,SIMULATED_DERIVED
SIM-202306-00102,AA,VNO1,2023-06-28,2023-06,VND,CC-CORPORATE,PC-CORP,1100,Trade Receivables,Trade Receivables,902744462,0,-902744462,SYNTHETIC_LEDGER,trial_balance_monthly.csv,VNO-FPA-MAP-v1,APPROVED_SIMULATED,NO_EXCEPTION,SIMULATED_DERIVED
SIM-202306-00103,AA,VNO1,2023-06-28,2023-06,VND,CC-CORPORATE,PC-CORP,1200,Inventory,Inventory,540237567,0,-540237567,SYNTHETIC_LEDGER,trial_balance_monthly.csv,VNO-FPA-MAP-v1,APPROVED_SIMULATED,NO_EXCEPTION,SIMULATED_DERIVED
SIM-202306-00104,AA,VNO1,2023-06-28,2023-06,VND,CC-CORPORATE,PC-CORP,1500,Net PP&E,Net PP&E,0,0,0,SYNTHETIC_LEDGER,trial_balance_monthly.csv,VNO-FPA-MAP-v1,APPROVED_SIMULATED,NO_EXCEPTION,SIMULATED_DERIVED
SIM-202306-00105,AB,VNO1,2023-06-28,2023-06,VND,CC-CORPORATE,PC-CORP,2000,Trade Payables,Trade Payables,0,636552765,636552765,SYNTHETIC_LEDGER,trial_balance_monthly.csv,VNO-FPA-MAP-v1,APPROVED_SIMULATED,NO_EXCEPTION,SIMULATED_DERIVED
SIM-202306-00106,AB,VNO1,2023-06-28,2023-06,VND,CC-CORPORATE,PC-CORP,2500,Debt,Debt,0,6700000000,6700000000,SYNTHETIC_LEDGER,trial_balance_monthly.csv,VNO-FPA-MAP-v1,APPROVED_SIMULATED,NO_EXCEPTION,SIMULATED_DERIVED
SIM-202306-00107,AB,VNO1,2023-06-28,2023-06,VND,CC-CORPORATE,PC-CORP,3000,Opening Retained Earnings,Opening Retained Earnings,3461626993,0,-3461626993,SYNTHETIC_LEDGER,trial_balance_monthly.csv,VNO-FPA-MAP-v1,APPROVED_SIMULATED,NO_EXCEPTION,SIMULATED_DERIVED
SIM-202306-00108,SA,VNO1,2023-06-28,2023-06,VND,CC-COMMERCIAL,PC-FMCG,4000,Gross Sales,Gross Sales,0,1063852500,1063852500,SYNTHETIC_LEDGER,trial_balance_monthly.csv,VNO-FPA-MAP-v1,APPROVED_SIMULATED,NO_EXCEPTION,SIMULATED_DERIVED
SIM-202306-00109,SA,VNO1,2023-06-28,2023-06,VND,CC-COMMERCIAL,PC-FMCG,4010,Invoice Discounts,Invoice Discounts,50655335,0,-50655335,SYNTHETIC_LEDGER,trial_balance_monthly.csv,VNO-FPA-MAP-v1,APPROVED_SIMULATED,NO_EXCEPTION,SIMULATED_DERIVED
SIM-202306-00110,SA,VNO1,2023-06-28,2023-06,VND,CC-COMMERCIAL,PC-FMCG,4020,Returns,Returns,8005578,0,-8005578,SYNTHETIC_LEDGER,trial_balance_monthly.csv,VNO-FPA-MAP-v1,APPROVED_SIMULATED,NO_EXCEPTION,SIMULATED_DERIVED
SIM-202306-00111,SA,VNO1,2023-06-28,2023-06,VND,CC-COMMERCIAL,PC-FMCG,4030,Rebates,Rebates,0,0,0,SYNTHETIC_LEDGER,trial_balance_monthly.csv,VNO-FPA-MAP-v1,APPROVED_SIMULATED,NO_EXCEPTION,SIMULATED_DERIVED
SIM-202306-00112,SA,VNO1,2023-06-28,2023-06,VND,CC-COMMERCIAL,PC-FMCG,4040,Voucher Support,Voucher Support,0,0,0,SYNTHETIC_LEDGER,trial_balance_monthly.csv,VNO-FPA-MAP-v1,APPROVED_SIMULATED,NO_EXCEPTION,SIMULATED_DERIVED
SIM-202306-00113,KR,VNO1,2023-06-28,2023-06,VND,CC-SUPPLY,PC-FMCG,5000,COGS,COGS,507832779,0,-507832779,SYNTHETIC_LEDGER,trial_balance_monthly.csv,VNO-FPA-MAP-v1,APPROVED_SIMULATED,NO_EXCEPTION,SIMULATED_DERIVED
SIM-202306-00114,KR,VNO1,2023-06-28,2023-06,VND,CC-TRADE,PC-FMCG,5100,Channel Fees,Channel Fees,62430779,0,-62430779,SYNTHETIC_LEDGER,trial_balance_monthly.csv,VNO-FPA-MAP-v1,APPROVED_SIMULATED,NO_EXCEPTION,SIMULATED_DERIVED
SIM-202306-00115,KR,VNO1,2023-06-28,2023-06,VND,CC-TRADE,PC-FMCG,5200,Trade Spend,Trade Spend,25223344,0,-25223344,SYNTHETIC_LEDGER,trial_balance_monthly.csv,VNO-FPA-MAP-v1,APPROVED_SIMULATED,NO_EXCEPTION,SIMULATED_DERIVED
SIM-202306-00116,KR,VNO1,2023-06-28,2023-06,VND,CC-TRADE,PC-FMCG,5300,Variable Fulfilment,Variable Fulfilment,0,0,0,SYNTHETIC_LEDGER,trial_balance_monthly.csv,VNO-FPA-MAP-v1,APPROVED_SIMULATED,NO_EXCEPTION,SIMULATED_DERIVED
SIM-202306-00117,KR,VNO1,2023-06-28,2023-06,VND,CC-G&A,PC-CORP,6000,Controllable OPEX,Controllable OPEX,987862966,0,-987862966,SYNTHETIC_LEDGER,trial_balance_monthly.csv,VNO-FPA-MAP-v1,APPROVED_SIMULATED,NO_EXCEPTION,SIMULATED_DERIVED
SIM-202306-00118,KR,VNO1,2023-06-28,2023-06,VND,CC-G&A,PC-CORP,6100,Depreciation,Depreciation,0,0,0,SYNTHETIC_LEDGER,trial_balance_monthly.csv,VNO-FPA-MAP-v1,APPROVED_SIMULATED,NO_EXCEPTION,SIMULATED_DERIVED
SIM-202306-00119,KR,VNO1,2023-06-28,2023-06,VND,CC-TREASURY,PC-CORP,6200,Finance Cost,Finance Cost,46197917,0,-46197917,SYNTHETIC_LEDGER,trial_balance_monthly.csv,VNO-FPA-MAP-v1,APPROVED_SIMULATED,NO_EXCEPTION,SIMULATED_DERIVED
SIM-202306-00120,KR,VNO1,2023-06-28,2023-06,VND,CC-TAX,PC-CORP,6300,Tax Proxy,Tax Proxy,0,0,0,SYNTHETIC_LEDGER,trial_balance_monthly.csv,VNO-FPA-MAP-v1,APPROVED_SIMULATED,NO_EXCEPTION,SIMULATED_DERIVED
SIM-202307-00121,AA,VNO1,2023-07-28,2023-07,VND,CC-CORPORATE,PC-CORP,1000,Cash,Cash,1129498373,0,-1129498373,SYNTHETIC_LEDGER,trial_balance_monthly.csv,VNO-FPA-MAP-v1,APPROVED_SIMULATED,NO_EXCEPTION,SIMULATED_DERIVED
SIM-202307-00122,AA,VNO1,2023-07-28,2023-07,VND,CC-CORPORATE,PC-CORP,1100,Trade Receivables,Trade Receivables,1057177775,0,-1057177775,SYNTHETIC_LEDGER,trial_balance_monthly.csv,VNO-FPA-MAP-v1,APPROVED_SIMULATED,NO_EXCEPTION,SIMULATED_DERIVED
SIM-202307-00123,AA,VNO1,2023-07-28,2023-07,VND,CC-CORPORATE,PC-CORP,1200,Inventory,Inventory,457533792,0,-457533792,SYNTHETIC_LEDGER,trial_balance_monthly.csv,VNO-FPA-MAP-v1,APPROVED_SIMULATED,NO_EXCEPTION,SIMULATED_DERIVED
SIM-202307-00124,AA,VNO1,2023-07-28,2023-07,VND,CC-CORPORATE,PC-CORP,1500,Net PP&E,Net PP&E,0,0,0,SYNTHETIC_LEDGER,trial_balance_monthly.csv,VNO-FPA-MAP-v1,APPROVED_SIMULATED,NO_EXCEPTION,SIMULATED_DERIVED
SIM-202307-00125,AB,VNO1,2023-07-28,2023-07,VND,CC-CORPORATE,PC-CORP,2000,Trade Payables,Trade Payables,0,748337833,748337833,SYNTHETIC_LEDGER,trial_balance_monthly.csv,VNO-FPA-MAP-v1,APPROVED_SIMULATED,NO_EXCEPTION,SIMULATED_DERIVED
SIM-202307-00126,AB,VNO1,2023-07-28,2023-07,VND,CC-CORPORATE,PC-CORP,2500,Debt,Debt,0,6650000000,6650000000,SYNTHETIC_LEDGER,trial_balance_monthly.csv,VNO-FPA-MAP-v1,APPROVED_SIMULATED,NO_EXCEPTION,SIMULATED_DERIVED
SIM-202307-00127,AB,VNO1,2023-07-28,2023-07,VND,CC-CORPORATE,PC-CORP,3000,Opening Retained Earnings,Opening Retained Earnings,4085983191,0,-4085983191,SYNTHETIC_LEDGER,trial_balance_monthly.csv,VNO-FPA-MAP-v1,APPROVED_SIMULATED,NO_EXCEPTION,SIMULATED_DERIVED
SIM-202307-00128,SA,VNO1,2023-07-28,2023-07,VND,CC-COMMERCIAL,PC-FMCG,4000,Gross Sales,Gross Sales,0,1089518000,1089518000,SYNTHETIC_LEDGER,trial_balance_monthly.csv,VNO-FPA-MAP-v1,APPROVED_SIMULATED,NO_EXCEPTION,SIMULATED_DERIVED
SIM-202307-00129,SA,VNO1,2023-07-28,2023-07,VND,CC-COMMERCIAL,PC-FMCG,4010,Invoice Discounts,Invoice Discounts,52521440,0,-52521440,SYNTHETIC_LEDGER,trial_balance_monthly.csv,VNO-FPA-MAP-v1,APPROVED_SIMULATED,NO_EXCEPTION,SIMULATED_DERIVED
SIM-202307-00130,SA,VNO1,2023-07-28,2023-07,VND,CC-COMMERCIAL,PC-FMCG,4020,Returns,Returns,8352427,0,-8352427,SYNTHETIC_LEDGER,trial_balance_monthly.csv,VNO-FPA-MAP-v1,APPROVED_SIMULATED,NO_EXCEPTION,SIMULATED_DERIVED
SIM-202307-00131,SA,VNO1,2023-07-28,2023-07,VND,CC-COMMERCIAL,PC-FMCG,4030,Rebates,Rebates,0,0,0,SYNTHETIC_LEDGER,trial_balance_monthly.csv,VNO-FPA-MAP-v1,APPROVED_SIMULATED,NO_EXCEPTION,SIMULATED_DERIVED
SIM-202307-00132,SA,VNO1,2023-07-28,2023-07,VND,CC-COMMERCIAL,PC-FMCG,4040,Voucher Support,Voucher Support,0,0,0,SYNTHETIC_LEDGER,trial_balance_monthly.csv,VNO-FPA-MAP-v1,APPROVED_SIMULATED,NO_EXCEPTION,SIMULATED_DERIVED
SIM-202307-00133,KR,VNO1,2023-07-28,2023-07,VND,CC-SUPPLY,PC-FMCG,5000,COGS,COGS,519549086,0,-519549086,SYNTHETIC_LEDGER,trial_balance_monthly.csv,VNO-FPA-MAP-v1,APPROVED_SIMULATED,NO_EXCEPTION,SIMULATED_DERIVED
SIM-202307-00134,KR,VNO1,2023-07-28,2023-07,VND,CC-TRADE,PC-FMCG,5100,Channel Fees,Channel Fees,64859153,0,-64859153,SYNTHETIC_LEDGER,trial_balance_monthly.csv,VNO-FPA-MAP-v1,APPROVED_SIMULATED,NO_EXCEPTION,SIMULATED_DERIVED
SIM-202307-00135,KR,VNO1,2023-07-28,2023-07,VND,CC-TRADE,PC-FMCG,5200,Trade Spend,Trade Spend,25975179,0,-25975179,SYNTHETIC_LEDGER,trial_balance_monthly.csv,VNO-FPA-MAP-v1,APPROVED_SIMULATED,NO_EXCEPTION,SIMULATED_DERIVED
SIM-202307-00136,KR,VNO1,2023-07-28,2023-07,VND,CC-TRADE,PC-FMCG,5300,Variable Fulfilment,Variable Fulfilment,0,0,0,SYNTHETIC_LEDGER,trial_balance_monthly.csv,VNO-FPA-MAP-v1,APPROVED_SIMULATED,NO_EXCEPTION,SIMULATED_DERIVED
SIM-202307-00137,KR,VNO1,2023-07-28,2023-07,VND,CC-G&A,PC-CORP,6000,Controllable OPEX,Controllable OPEX,1040520000,0,-1040520000,SYNTHETIC_LEDGER,trial_balance_monthly.csv,VNO-FPA-MAP-v1,APPROVED_SIMULATED,NO_EXCEPTION,SIMULATED_DERIVED
SIM-202307-00138,KR,VNO1,2023-07-28,2023-07,VND,CC-G&A,PC-CORP,6100,Depreciation,Depreciation,0,0,0,SYNTHETIC_LEDGER,trial_balance_monthly.csv,VNO-FPA-MAP-v1,APPROVED_SIMULATED,NO_EXCEPTION,SIMULATED_DERIVED
SIM-202307-00139,KR,VNO1,2023-07-28,2023-07,VND,CC-TREASURY,PC-CORP,6200,Finance Cost,Finance Cost,45885417,0,-45885417,SYNTHETIC_LEDGER,trial_balance_monthly.csv,VNO-FPA-MAP-v1,APPROVED_SIMULATED,NO_EXCEPTION,SIMULATED_DERIVED
SIM-202307-00140,KR,VNO1,2023-07-28,2023-07,VND,CC-TAX,PC-CORP,6300,Tax Proxy,Tax Proxy,0,0,0,SYNTHETIC_LEDGER,trial_balance_monthly.csv,VNO-FPA-MAP-v1,APPROVED_SIMULATED,NO_EXCEPTION,SIMULATED_DERIVED
SIM-202308-00141,AA,VNO1,2023-08-28,2023-08,VND,CC-CORPORATE,PC-CORP,1000,Cash,Cash,343873681,0,-343873681,SYNTHETIC_LEDGER,trial_balance_monthly.csv,VNO-FPA-MAP-v1,APPROVED_SIMULATED,NO_EXCEPTION,SIMULATED_DERIVED
SIM-202308-00142,AA,VNO1,2023-08-28,2023-08,VND,CC-CORPORATE,PC-CORP,1100,Trade Receivables,Trade Receivables,1211435764,0,-1211435764,SYNTHETIC_LEDGER,trial_balance_monthly.csv,VNO-FPA-MAP-v1,APPROVED_SIMULATED,NO_EXCEPTION,SIMULATED_DERIVED
SIM-202308-00143,AA,VNO1,2023-08-28,2023-08,VND,CC-CORPORATE,PC-CORP,1200,Inventory,Inventory,381987127,0,-381987127,SYNTHETIC_LEDGER,trial_balance_monthly.csv,VNO-FPA-MAP-v1,APPROVED_SIMULATED,NO_EXCEPTION,SIMULATED_DERIVED
SIM-202308-00144,AA,VNO1,2023-08-28,2023-08,VND,CC-CORPORATE,PC-CORP,1500,Net PP&E,Net PP&E,0,0,0,SYNTHETIC_LEDGER,trial_balance_monthly.csv,VNO-FPA-MAP-v1,APPROVED_SIMULATED,NO_EXCEPTION,SIMULATED_DERIVED
SIM-202308-00145,AB,VNO1,2023-08-28,2023-08,VND,CC-CORPORATE,PC-CORP,2000,Trade Payables,Trade Payables,0,855761822,855761822,SYNTHETIC_LEDGER,trial_balance_monthly.csv,VNO-FPA-MAP-v1,APPROVED_SIMULATED,NO_EXCEPTION,SIMULATED_DERIVED
SIM-202308-00146,AB,VNO1,2023-08-28,2023-08,VND,CC-CORPORATE,PC-CORP,2500,Debt,Debt,0,6600000000,6600000000,SYNTHETIC_LEDGER,trial_balance_monthly.csv,VNO-FPA-MAP-v1,APPROVED_SIMULATED,NO_EXCEPTION,SIMULATED_DERIVED
SIM-202308-00147,AB,VNO1,2023-08-28,2023-08,VND,CC-CORPORATE,PC-CORP,3000,Opening Retained Earnings,Opening Retained Earnings,4754127893,0,-4754127893,SYNTHETIC_LEDGER,trial_balance_monthly.csv,VNO-FPA-MAP-v1,APPROVED_SIMULATED,NO_EXCEPTION,SIMULATED_DERIVED
SIM-202308-00148,SA,VNO1,2023-08-28,2023-08,VND,CC-COMMERCIAL,PC-FMCG,4000,Gross Sales,Gross Sales,0,1109618500,1109618500,SYNTHETIC_LEDGER,trial_balance_monthly.csv,VNO-FPA-MAP-v1,APPROVED_SIMULATED,NO_EXCEPTION,SIMULATED_DERIVED
SIM-202308-00149,SA,VNO1,2023-08-28,2023-08,VND,CC-COMMERCIAL,PC-FMCG,4010,Invoice Discounts,Invoice Discounts,53215765,0,-53215765,SYNTHETIC_LEDGER,trial_balance_monthly.csv,VNO-FPA-MAP-v1,APPROVED_SIMULATED,NO_EXCEPTION,SIMULATED_DERIVED
SIM-202308-00150,SA,VNO1,2023-08-28,2023-08,VND,CC-COMMERCIAL,PC-FMCG,4020,Returns,Returns,8396207,0,-8396207,SYNTHETIC_LEDGER,trial_balance_monthly.csv,VNO-FPA-MAP-v1,APPROVED_SIMULATED,NO_EXCEPTION,SIMULATED_DERIVED
SIM-202308-00151,SA,VNO1,2023-08-28,2023-08,VND,CC-COMMERCIAL,PC-FMCG,4030,Rebates,Rebates,0,0,0,SYNTHETIC_LEDGER,trial_balance_monthly.csv,VNO-FPA-MAP-v1,APPROVED_SIMULATED,NO_EXCEPTION,SIMULATED_DERIVED
SIM-202308-00152,SA,VNO1,2023-08-28,2023-08,VND,CC-COMMERCIAL,PC-FMCG,4040,Voucher Support,Voucher Support,0,0,0,SYNTHETIC_LEDGER,trial_balance_monthly.csv,VNO-FPA-MAP-v1,APPROVED_SIMULATED,NO_EXCEPTION,SIMULATED_DERIVED
SIM-202308-00153,KR,VNO1,2023-08-28,2023-08,VND,CC-SUPPLY,PC-FMCG,5000,COGS,COGS,546480164,0,-546480164,SYNTHETIC_LEDGER,trial_balance_monthly.csv,VNO-FPA-MAP-v1,APPROVED_SIMULATED,NO_EXCEPTION,SIMULATED_DERIVED
SIM-202308-00154,KR,VNO1,2023-08-28,2023-08,VND,CC-TRADE,PC-FMCG,5100,Channel Fees,Channel Fees,65528010,0,-65528010,SYNTHETIC_LEDGER,trial_balance_monthly.csv,VNO-FPA-MAP-v1,APPROVED_SIMULATED,NO_EXCEPTION,SIMULATED_DERIVED
SIM-202308-00155,KR,VNO1,2023-08-28,2023-08,VND,CC-TRADE,PC-FMCG,5200,Trade Spend,Trade Spend,26372794,0,-26372794,SYNTHETIC_LEDGER,trial_balance_monthly.csv,VNO-FPA-MAP-v1,APPROVED_SIMULATED,NO_EXCEPTION,SIMULATED_DERIVED
SIM-202308-00156,KR,VNO1,2023-08-28,2023-08,VND,CC-TRADE,PC-FMCG,5300,Variable Fulfilment,Variable Fulfilment,0,0,0,SYNTHETIC_LEDGER,trial_balance_monthly.csv,VNO-FPA-MAP-v1,APPROVED_SIMULATED,NO_EXCEPTION,SIMULATED_DERIVED
SIM-202308-00157,KR,VNO1,2023-08-28,2023-08,VND,CC-G&A,PC-CORP,6000,Controllable OPEX,Controllable OPEX,1128390000,0,-1128390000,SYNTHETIC_LEDGER,trial_balance_monthly.csv,VNO-FPA-MAP-v1,APPROVED_SIMULATED,NO_EXCEPTION,SIMULATED_DERIVED
SIM-202308-00158,KR,VNO1,2023-08-28,2023-08,VND,CC-G&A,PC-CORP,6100,Depreciation,Depreciation,0,0,0,SYNTHETIC_LEDGER,trial_balance_monthly.csv,VNO-FPA-MAP-v1,APPROVED_SIMULATED,NO_EXCEPTION,SIMULATED_DERIVED
SIM-202308-00159,KR,VNO1,2023-08-28,2023-08,VND,CC-TREASURY,PC-CORP,6200,Finance Cost,Finance Cost,45572917,0,-45572917,SYNTHETIC_LEDGER,trial_balance_monthly.csv,VNO-FPA-MAP-v1,APPROVED_SIMULATED,NO_EXCEPTION,SIMULATED_DERIVED
SIM-202308-00160,KR,VNO1,2023-08-28,2023-08,VND,CC-TAX,PC-CORP,6300,Tax Proxy,Tax Proxy,0,0,0,SYNTHETIC_LEDGER,trial_balance_monthly.csv,VNO-FPA-MAP-v1,APPROVED_SIMULATED,NO_EXCEPTION,SIMULATED_DERIVED
SIM-202309-00161,AA,VNO1,2023-09-28,2023-09,VND,CC-CORPORATE,PC-CORP,1000,Cash,Cash,-291100485,0,291100485,SYNTHETIC_LEDGER,trial_balance_monthly.csv,VNO-FPA-MAP-v1,APPROVED_SIMULATED,NO_EXCEPTION,SIMULATED_DERIVED
SIM-202309-00162,AA,VNO1,2023-09-28,2023-09,VND,CC-CORPORATE,PC-CORP,1100,Trade Receivables,Trade Receivables,1371093506,0,-1371093506,SYNTHETIC_LEDGER,trial_balance_monthly.csv,VNO-FPA-MAP-v1,APPROVED_SIMULATED,NO_EXCEPTION,SIMULATED_DERIVED
SIM-202309-00163,AA,VNO1,2023-09-28,2023-09,VND,CC-CORPORATE,PC-CORP,1200,Inventory,Inventory,322223138,0,-322223138,SYNTHETIC_LEDGER,trial_balance_monthly.csv,VNO-FPA-MAP-v1,APPROVED_SIMULATED,NO_EXCEPTION,SIMULATED_DERIVED
SIM-202309-00164,AA,VNO1,2023-09-28,2023-09,VND,CC-CORPORATE,PC-CORP,1500,Net PP&E,Net PP&E,0,0,0,SYNTHETIC_LEDGER,trial_balance_monthly.csv,VNO-FPA-MAP-v1,APPROVED_SIMULATED,NO_EXCEPTION,SIMULATED_DERIVED
SIM-202309-00165,AB,VNO1,2023-09-28,2023-09,VND,CC-CORPORATE,PC-CORP,2000,Trade Payables,Trade Payables,0,961346625,961346625,SYNTHETIC_LEDGER,trial_balance_monthly.csv,VNO-FPA-MAP-v1,APPROVED_SIMULATED,NO_EXCEPTION,SIMULATED_DERIVED
SIM-202309-00166,AB,VNO1,2023-09-28,2023-09,VND,CC-CORPORATE,PC-CORP,2500,Debt,Debt,0,6550000000,6550000000,SYNTHETIC_LEDGER,trial_balance_monthly.csv,VNO-FPA-MAP-v1,APPROVED_SIMULATED,NO_EXCEPTION,SIMULATED_DERIVED
SIM-202309-00167,AB,VNO1,2023-09-28,2023-09,VND,CC-CORPORATE,PC-CORP,3000,Opening Retained Earnings,Opening Retained Earnings,5518465250,0,-5518465250,SYNTHETIC_LEDGER,trial_balance_monthly.csv,VNO-FPA-MAP-v1,APPROVED_SIMULATED,NO_EXCEPTION,SIMULATED_DERIVED
SIM-202309-00168,SA,VNO1,2023-09-28,2023-09,VND,CC-COMMERCIAL,PC-FMCG,4000,Gross Sales,Gross Sales,0,1161407500,1161407500,SYNTHETIC_LEDGER,trial_balance_monthly.csv,VNO-FPA-MAP-v1,APPROVED_SIMULATED,NO_EXCEPTION,SIMULATED_DERIVED
SIM-202309-00169,SA,VNO1,2023-09-28,2023-09,VND,CC-COMMERCIAL,PC-FMCG,4010,Invoice Discounts,Invoice Discounts,55526400,0,-55526400,SYNTHETIC_LEDGER,trial_balance_monthly.csv,VNO-FPA-MAP-v1,APPROVED_SIMULATED,NO_EXCEPTION,SIMULATED_DERIVED
SIM-202309-00170,SA,VNO1,2023-09-28,2023-09,VND,CC-COMMERCIAL,PC-FMCG,4020,Returns,Returns,8808562,0,-8808562,SYNTHETIC_LEDGER,trial_balance_monthly.csv,VNO-FPA-MAP-v1,APPROVED_SIMULATED,NO_EXCEPTION,SIMULATED_DERIVED
SIM-202309-00171,SA,VNO1,2023-09-28,2023-09,VND,CC-COMMERCIAL,PC-FMCG,4030,Rebates,Rebates,0,0,0,SYNTHETIC_LEDGER,trial_balance_monthly.csv,VNO-FPA-MAP-v1,APPROVED_SIMULATED,NO_EXCEPTION,SIMULATED_DERIVED
SIM-202309-00172,SA,VNO1,2023-09-28,2023-09,VND,CC-COMMERCIAL,PC-FMCG,4040,Voucher Support,Voucher Support,0,0,0,SYNTHETIC_LEDGER,trial_balance_monthly.csv,VNO-FPA-MAP-v1,APPROVED_SIMULATED,NO_EXCEPTION,SIMULATED_DERIVED
SIM-202309-00173,KR,VNO1,2023-09-28,2023-09,VND,CC-SUPPLY,PC-FMCG,5000,COGS,COGS,571438321,0,-571438321,SYNTHETIC_LEDGER,trial_balance_monthly.csv,VNO-FPA-MAP-v1,APPROVED_SIMULATED,NO_EXCEPTION,SIMULATED_DERIVED
SIM-202309-00174,KR,VNO1,2023-09-28,2023-09,VND,CC-TRADE,PC-FMCG,5100,Channel Fees,Channel Fees,68394781,0,-68394781,SYNTHETIC_LEDGER,trial_balance_monthly.csv,VNO-FPA-MAP-v1,APPROVED_SIMULATED,NO_EXCEPTION,SIMULATED_DERIVED
SIM-202309-00175,KR,VNO1,2023-09-28,2023-09,VND,CC-TRADE,PC-FMCG,5200,Trade Spend,Trade Spend,27506533,0,-27506533,SYNTHETIC_LEDGER,trial_balance_monthly.csv,VNO-FPA-MAP-v1,APPROVED_SIMULATED,NO_EXCEPTION,SIMULATED_DERIVED
SIM-202309-00176,KR,VNO1,2023-09-28,2023-09,VND,CC-TRADE,PC-FMCG,5300,Variable Fulfilment,Variable Fulfilment,0,0,0,SYNTHETIC_LEDGER,trial_balance_monthly.csv,VNO-FPA-MAP-v1,APPROVED_SIMULATED,NO_EXCEPTION,SIMULATED_DERIVED
SIM-202309-00177,KR,VNO1,2023-09-28,2023-09,VND,CC-G&A,PC-CORP,6000,Controllable OPEX,Controllable OPEX,975137702,0,-975137702,SYNTHETIC_LEDGER,trial_balance_monthly.csv,VNO-FPA-MAP-v1,APPROVED_SIMULATED,NO_EXCEPTION,SIMULATED_DERIVED
SIM-202309-00178,KR,VNO1,2023-09-28,2023-09,VND,CC-G&A,PC-CORP,6100,Depreciation,Depreciation,0,0,0,SYNTHETIC_LEDGER,trial_balance_monthly.csv,VNO-FPA-MAP-v1,APPROVED_SIMULATED,NO_EXCEPTION,SIMULATED_DERIVED
SIM-202309-00179,KR,VNO1,2023-09-28,2023-09,VND,CC-TREASURY,PC-CORP,6200,Finance Cost,Finance Cost,45260417,0,-45260417,SYNTHETIC_LEDGER,trial_balance_monthly.csv,VNO-FPA-MAP-v1,APPROVED_SIMULATED,NO_EXCEPTION,SIMULATED_DERIVED
SIM-202309-00180,KR,VNO1,2023-09-28,2023-09,VND,CC-TAX,PC-CORP,6300,Tax Proxy,Tax Proxy,0,0,0,SYNTHETIC_LEDGER,trial_balance_monthly.csv,VNO-FPA-MAP-v1,APPROVED_SIMULATED,NO_EXCEPTION,SIMULATED_DERIVED
SIM-202310-00181,AA,VNO1,2023-10-28,2023-10,VND,CC-CORPORATE,PC-CORP,1000,Cash,Cash,-1036406762,0,1036406762,SYNTHETIC_LEDGER,trial_balance_monthly.csv,VNO-FPA-MAP-v1,APPROVED_SIMULATED,NO_EXCEPTION,SIMULATED_DERIVED
SIM-202310-00182,AA,VNO1,2023-10-28,2023-10,VND,CC-CORPORATE,PC-CORP,1100,Trade Receivables,Trade Receivables,1506128209,0,-1506128209,SYNTHETIC_LEDGER,trial_balance_monthly.csv,VNO-FPA-MAP-v1,APPROVED_SIMULATED,NO_EXCEPTION,SIMULATED_DERIVED
SIM-202310-00183,AA,VNO1,2023-10-28,2023-10,VND,CC-CORPORATE,PC-CORP,1200,Inventory,Inventory,289827658,0,-289827658,SYNTHETIC_LEDGER,trial_balance_monthly.csv,VNO-FPA-MAP-v1,APPROVED_SIMULATED,NO_EXCEPTION,SIMULATED_DERIVED
SIM-202310-00184,AA,VNO1,2023-10-28,2023-10,VND,CC-CORPORATE,PC-CORP,1500,Net PP&E,Net PP&E,0,0,0,SYNTHETIC_LEDGER,trial_balance_monthly.csv,VNO-FPA-MAP-v1,APPROVED_SIMULATED,NO_EXCEPTION,SIMULATED_DERIVED
SIM-202310-00185,AB,VNO1,2023-10-28,2023-10,VND,CC-CORPORATE,PC-CORP,2000,Trade Payables,Trade Payables,0,1058691023,1058691023,SYNTHETIC_LEDGER,trial_balance_monthly.csv,VNO-FPA-MAP-v1,APPROVED_SIMULATED,NO_EXCEPTION,SIMULATED_DERIVED
SIM-202310-00186,AB,VNO1,2023-10-28,2023-10,VND,CC-CORPORATE,PC-CORP,2500,Debt,Debt,0,6500000000,6500000000,SYNTHETIC_LEDGER,trial_balance_monthly.csv,VNO-FPA-MAP-v1,APPROVED_SIMULATED,NO_EXCEPTION,SIMULATED_DERIVED
SIM-202310-00187,AB,VNO1,2023-10-28,2023-10,VND,CC-CORPORATE,PC-CORP,3000,Opening Retained Earnings,Opening Retained Earnings,6109130466,0,-6109130466,SYNTHETIC_LEDGER,trial_balance_monthly.csv,VNO-FPA-MAP-v1,APPROVED_SIMULATED,NO_EXCEPTION,SIMULATED_DERIVED
SIM-202310-00188,SA,VNO1,2023-10-28,2023-10,VND,CC-COMMERCIAL,PC-FMCG,4000,Gross Sales,Gross Sales,0,1039482500,1039482500,SYNTHETIC_LEDGER,trial_balance_monthly.csv,VNO-FPA-MAP-v1,APPROVED_SIMULATED,NO_EXCEPTION,SIMULATED_DERIVED
SIM-202310-00189,SA,VNO1,2023-10-28,2023-10,VND,CC-COMMERCIAL,PC-FMCG,4010,Invoice Discounts,Invoice Discounts,50168550,0,-50168550,SYNTHETIC_LEDGER,trial_balance_monthly.csv,VNO-FPA-MAP-v1,APPROVED_SIMULATED,NO_EXCEPTION,SIMULATED_DERIVED
SIM-202310-00190,SA,VNO1,2023-10-28,2023-10,VND,CC-COMMERCIAL,PC-FMCG,4020,Returns,Returns,7958933,0,-7958933,SYNTHETIC_LEDGER,trial_balance_monthly.csv,VNO-FPA-MAP-v1,APPROVED_SIMULATED,NO_EXCEPTION,SIMULATED_DERIVED
SIM-202310-00191,SA,VNO1,2023-10-28,2023-10,VND,CC-COMMERCIAL,PC-FMCG,4030,Rebates,Rebates,0,0,0,SYNTHETIC_LEDGER,trial_balance_monthly.csv,VNO-FPA-MAP-v1,APPROVED_SIMULATED,NO_EXCEPTION,SIMULATED_DERIVED
SIM-202310-00192,SA,VNO1,2023-10-28,2023-10,VND,CC-COMMERCIAL,PC-FMCG,4040,Voucher Support,Voucher Support,0,0,0,SYNTHETIC_LEDGER,trial_balance_monthly.csv,VNO-FPA-MAP-v1,APPROVED_SIMULATED,NO_EXCEPTION,SIMULATED_DERIVED
SIM-202310-00193,KR,VNO1,2023-10-28,2023-10,VND,CC-SUPPLY,PC-FMCG,5000,COGS,COGS,511619187,0,-511619187,SYNTHETIC_LEDGER,trial_balance_monthly.csv,VNO-FPA-MAP-v1,APPROVED_SIMULATED,NO_EXCEPTION,SIMULATED_DERIVED
SIM-202310-00194,KR,VNO1,2023-10-28,2023-10,VND,CC-TRADE,PC-FMCG,5100,Channel Fees,Channel Fees,61588448,0,-61588448,SYNTHETIC_LEDGER,trial_balance_monthly.csv,VNO-FPA-MAP-v1,APPROVED_SIMULATED,NO_EXCEPTION,SIMULATED_DERIVED
SIM-202310-00195,KR,VNO1,2023-10-28,2023-10,VND,CC-TRADE,PC-FMCG,5200,Trade Spend,Trade Spend,24558447,0,-24558447,SYNTHETIC_LEDGER,trial_balance_monthly.csv,VNO-FPA-MAP-v1,APPROVED_SIMULATED,NO_EXCEPTION,SIMULATED_DERIVED
SIM-202310-00196,KR,VNO1,2023-10-28,2023-10,VND,CC-TRADE,PC-FMCG,5300,Variable Fulfilment,Variable Fulfilment,0,0,0,SYNTHETIC_LEDGER,trial_balance_monthly.csv,VNO-FPA-MAP-v1,APPROVED_SIMULATED,NO_EXCEPTION,SIMULATED_DERIVED
SIM-202310-00197,KR,VNO1,2023-10-28,2023-10,VND,CC-G&A,PC-CORP,6000,Controllable OPEX,Controllable OPEX,1028652470,0,-1028652470,SYNTHETIC_LEDGER,trial_balance_monthly.csv,VNO-FPA-MAP-v1,APPROVED_SIMULATED,NO_EXCEPTION,SIMULATED_DERIVED
SIM-202310-00198,KR,VNO1,2023-10-28,2023-10,VND,CC-G&A,PC-CORP,6100,Depreciation,Depreciation,0,0,0,SYNTHETIC_LEDGER,trial_balance_monthly.csv,VNO-FPA-MAP-v1,APPROVED_SIMULATED,NO_EXCEPTION,SIMULATED_DERIVED
SIM-202310-00199,KR,VNO1,2023-10-28,2023-10,VND,CC-TREASURY,PC-CORP,6200,Finance Cost,Finance Cost,44947917,0,-44947917,SYNTHETIC_LEDGER,trial_balance_monthly.csv,VNO-FPA-MAP-v1,APPROVED_SIMULATED,NO_EXCEPTION,SIMULATED_DERIVED
SIM-202310-00200,KR,VNO1,2023-10-28,2023-10,VND,CC-TAX,PC-CORP,6300,Tax Proxy,Tax Proxy,0,0,0,SYNTHETIC_LEDGER,trial_balance_monthly.csv,VNO-FPA-MAP-v1,APPROVED_SIMULATED,NO_EXCEPTION,SIMULATED_DERIVED
SIM-202311-00201,AA,VNO1,2023-11-28,2023-11,VND,CC-CORPORATE,PC-CORP,1000,Cash,Cash,-1826207214,0,1826207214,SYNTHETIC_LEDGER,trial_balance_monthly.csv,VNO-FPA-MAP-v1,APPROVED_SIMULATED,NO_EXCEPTION,SIMULATED_DERIVED
SIM-202311-00202,AA,VNO1,2023-11-28,2023-11,VND,CC-CORPORATE,PC-CORP,1100,Trade Receivables,Trade Receivables,1673851355,0,-1673851355,SYNTHETIC_LEDGER,trial_balance_monthly.csv,VNO-FPA-MAP-v1,APPROVED_SIMULATED,NO_EXCEPTION,SIMULATED_DERIVED
SIM-202311-00203,AA,VNO1,2023-11-28,2023-11,VND,CC-CORPORATE,PC-CORP,1200,Inventory,Inventory,257041042,0,-257041042,SYNTHETIC_LEDGER,trial_balance_monthly.csv,VNO-FPA-MAP-v1,APPROVED_SIMULATED,NO_EXCEPTION,SIMULATED_DERIVED
SIM-202311-00204,AA,VNO1,2023-11-28,2023-11,VND,CC-CORPORATE,PC-CORP,1500,Net PP&E,Net PP&E,0,0,0,SYNTHETIC_LEDGER,trial_balance_monthly.csv,VNO-FPA-MAP-v1,APPROVED_SIMULATED,NO_EXCEPTION,SIMULATED_DERIVED
SIM-202311-00205,AB,VNO1,2023-11-28,2023-11,VND,CC-CORPORATE,PC-CORP,2000,Trade Payables,Trade Payables,0,1153870556,1153870556,SYNTHETIC_LEDGER,trial_balance_monthly.csv,VNO-FPA-MAP-v1,APPROVED_SIMULATED,NO_EXCEPTION,SIMULATED_DERIVED
SIM-202311-00206,AB,VNO1,2023-11-28,2023-11,VND,CC-CORPORATE,PC-CORP,2500,Debt,Debt,0,6450000000,6450000000,SYNTHETIC_LEDGER,trial_balance_monthly.csv,VNO-FPA-MAP-v1,APPROVED_SIMULATED,NO_EXCEPTION,SIMULATED_DERIVED
SIM-202311-00207,AB,VNO1,2023-11-28,2023-11,VND,CC-CORPORATE,PC-CORP,3000,Opening Retained Earnings,Opening Retained Earnings,6799141918,0,-6799141918,SYNTHETIC_LEDGER,trial_balance_monthly.csv,VNO-FPA-MAP-v1,APPROVED_SIMULATED,NO_EXCEPTION,SIMULATED_DERIVED
SIM-202311-00208,SA,VNO1,2023-11-28,2023-11,VND,CC-COMMERCIAL,PC-FMCG,4000,Gross Sales,Gross Sales,0,1196287000,1196287000,SYNTHETIC_LEDGER,trial_balance_monthly.csv,VNO-FPA-MAP-v1,APPROVED_SIMULATED,NO_EXCEPTION,SIMULATED_DERIVED
SIM-202311-00209,SA,VNO1,2023-11-28,2023-11,VND,CC-COMMERCIAL,PC-FMCG,4010,Invoice Discounts,Invoice Discounts,57177560,0,-57177560,SYNTHETIC_LEDGER,trial_balance_monthly.csv,VNO-FPA-MAP-v1,APPROVED_SIMULATED,NO_EXCEPTION,SIMULATED_DERIVED
SIM-202311-00210,SA,VNO1,2023-11-28,2023-11,VND,CC-COMMERCIAL,PC-FMCG,4020,Returns,Returns,9035324,0,-9035324,SYNTHETIC_LEDGER,trial_balance_monthly.csv,VNO-FPA-MAP-v1,APPROVED_SIMULATED,NO_EXCEPTION,SIMULATED_DERIVED
SIM-202311-00211,SA,VNO1,2023-11-28,2023-11,VND,CC-COMMERCIAL,PC-FMCG,4030,Rebates,Rebates,0,0,0,SYNTHETIC_LEDGER,trial_balance_monthly.csv,VNO-FPA-MAP-v1,APPROVED_SIMULATED,NO_EXCEPTION,SIMULATED_DERIVED
SIM-202311-00212,SA,VNO1,2023-11-28,2023-11,VND,CC-COMMERCIAL,PC-FMCG,4040,Voucher Support,Voucher Support,0,0,0,SYNTHETIC_LEDGER,trial_balance_monthly.csv,VNO-FPA-MAP-v1,APPROVED_SIMULATED,NO_EXCEPTION,SIMULATED_DERIVED
SIM-202311-00213,KR,VNO1,2023-11-28,2023-11,VND,CC-SUPPLY,PC-FMCG,5000,COGS,COGS,588234366,0,-588234366,SYNTHETIC_LEDGER,trial_balance_monthly.csv,VNO-FPA-MAP-v1,APPROVED_SIMULATED,NO_EXCEPTION,SIMULATED_DERIVED
SIM-202311-00214,KR,VNO1,2023-11-28,2023-11,VND,CC-TRADE,PC-FMCG,5100,Channel Fees,Channel Fees,70388138,0,-70388138,SYNTHETIC_LEDGER,trial_balance_monthly.csv,VNO-FPA-MAP-v1,APPROVED_SIMULATED,NO_EXCEPTION,SIMULATED_DERIVED
SIM-202311-00215,KR,VNO1,2023-11-28,2023-11,VND,CC-TRADE,PC-FMCG,5200,Trade Spend,Trade Spend,28405224,0,-28405224,SYNTHETIC_LEDGER,trial_balance_monthly.csv,VNO-FPA-MAP-v1,APPROVED_SIMULATED,NO_EXCEPTION,SIMULATED_DERIVED
SIM-202311-00216,KR,VNO1,2023-11-28,2023-11,VND,CC-TRADE,PC-FMCG,5300,Variable Fulfilment,Variable Fulfilment,0,0,0,SYNTHETIC_LEDGER,trial_balance_monthly.csv,VNO-FPA-MAP-v1,APPROVED_SIMULATED,NO_EXCEPTION,SIMULATED_DERIVED
SIM-202311-00217,KR,VNO1,2023-11-28,2023-11,VND,CC-G&A,PC-CORP,6000,Controllable OPEX,Controllable OPEX,1098454426,0,-1098454426,SYNTHETIC_LEDGER,trial_balance_monthly.csv,VNO-FPA-MAP-v1,APPROVED_SIMULATED,NO_EXCEPTION,SIMULATED_DERIVED
SIM-202311-00218,KR,VNO1,2023-11-28,2023-11,VND,CC-G&A,PC-CORP,6100,Depreciation,Depreciation,0,0,0,SYNTHETIC_LEDGER,trial_balance_monthly.csv,VNO-FPA-MAP-v1,APPROVED_SIMULATED,NO_EXCEPTION,SIMULATED_DERIVED
SIM-202311-00219,KR,VNO1,2023-11-28,2023-11,VND,CC-TREASURY,PC-CORP,6200,Finance Cost,Finance Cost,44635417,0,-44635417,SYNTHETIC_LEDGER,trial_balance_monthly.csv,VNO-FPA-MAP-v1,APPROVED_SIMULATED,NO_EXCEPTION,SIMULATED_DERIVED
SIM-202311-00220,KR,VNO1,2023-11-28,2023-11,VND,CC-TAX,PC-CORP,6300,Tax Proxy,Tax Proxy,0,0,0,SYNTHETIC_LEDGER,trial_balance_monthly.csv,VNO-FPA-MAP-v1,APPROVED_SIMULATED,NO_EXCEPTION,SIMULATED_DERIVED
SIM-202312-00221,AA,VNO1,2023-12-28,2023-12,VND,CC-CORPORATE,PC-CORP,1000,Cash,Cash,-2688150092,0,2688150092,SYNTHETIC_LEDGER,trial_balance_monthly.csv,VNO-FPA-MAP-v1,APPROVED_SIMULATED,NO_EXCEPTION,SIMULATED_DERIVED
SIM-202312-00222,AA,VNO1,2023-12-28,2023-12,VND,CC-CORPORATE,PC-CORP,1100,Trade Receivables,Trade Receivables,1847109835,0,-1847109835,SYNTHETIC_LEDGER,trial_balance_monthly.csv,VNO-FPA-MAP-v1,APPROVED_SIMULATED,NO_EXCEPTION,SIMULATED_DERIVED
SIM-202312-00223,AA,VNO1,2023-12-28,2023-12,VND,CC-CORPORATE,PC-CORP,1200,Inventory,Inventory,232254329,0,-232254329,SYNTHETIC_LEDGER,trial_balance_monthly.csv,VNO-FPA-MAP-v1,APPROVED_SIMULATED,NO_EXCEPTION,SIMULATED_DERIVED
SIM-202312-00224,AA,VNO1,2023-12-28,2023-12,VND,CC-CORPORATE,PC-CORP,1500,Net PP&E,Net PP&E,0,0,0,SYNTHETIC_LEDGER,trial_balance_monthly.csv,VNO-FPA-MAP-v1,APPROVED_SIMULATED,NO_EXCEPTION,SIMULATED_DERIVED
SIM-202312-00225,AB,VNO1,2023-12-28,2023-12,VND,CC-CORPORATE,PC-CORP,2000,Trade Payables,Trade Payables,0,1259575243,1259575243,SYNTHETIC_LEDGER,trial_balance_monthly.csv,VNO-FPA-MAP-v1,APPROVED_SIMULATED,NO_EXCEPTION,SIMULATED_DERIVED
SIM-202312-00226,AB,VNO1,2023-12-28,2023-12,VND,CC-CORPORATE,PC-CORP,2500,Debt,Debt,0,6400000000,6400000000,SYNTHETIC_LEDGER,trial_balance_monthly.csv,VNO-FPA-MAP-v1,APPROVED_SIMULATED,NO_EXCEPTION,SIMULATED_DERIVED
SIM-202312-00227,AB,VNO1,2023-12-28,2023-12,VND,CC-CORPORATE,PC-CORP,3000,Opening Retained Earnings,Opening Retained Earnings,7499185373,0,-7499185373,SYNTHETIC_LEDGER,trial_balance_monthly.csv,VNO-FPA-MAP-v1,APPROVED_SIMULATED,NO_EXCEPTION,SIMULATED_DERIVED
SIM-202312-00228,SA,VNO1,2023-12-28,2023-12,VND,CC-COMMERCIAL,PC-FMCG,4000,Gross Sales,Gross Sales,0,1224171500,1224171500,SYNTHETIC_LEDGER,trial_balance_monthly.csv,VNO-FPA-MAP-v1,APPROVED_SIMULATED,NO_EXCEPTION,SIMULATED_DERIVED
SIM-202312-00229,SA,VNO1,2023-12-28,2023-12,VND,CC-COMMERCIAL,PC-FMCG,4010,Invoice Discounts,Invoice Discounts,59032820,0,-59032820,SYNTHETIC_LEDGER,trial_balance_monthly.csv,VNO-FPA-MAP-v1,APPROVED_SIMULATED,NO_EXCEPTION,SIMULATED_DERIVED
SIM-202312-00230,SA,VNO1,2023-12-28,2023-12,VND,CC-COMMERCIAL,PC-FMCG,4020,Returns,Returns,9344619,0,-9344619,SYNTHETIC_LEDGER,trial_balance_monthly.csv,VNO-FPA-MAP-v1,APPROVED_SIMULATED,NO_EXCEPTION,SIMULATED_DERIVED
SIM-202312-00231,SA,VNO1,2023-12-28,2023-12,VND,CC-COMMERCIAL,PC-FMCG,4030,Rebates,Rebates,0,0,0,SYNTHETIC_LEDGER,trial_balance_monthly.csv,VNO-FPA-MAP-v1,APPROVED_SIMULATED,NO_EXCEPTION,SIMULATED_DERIVED
SIM-202312-00232,SA,VNO1,2023-12-28,2023-12,VND,CC-COMMERCIAL,PC-FMCG,4040,Voucher Support,Voucher Support,0,0,0,SYNTHETIC_LEDGER,trial_balance_monthly.csv,VNO-FPA-MAP-v1,APPROVED_SIMULATED,NO_EXCEPTION,SIMULATED_DERIVED
SIM-202312-00233,KR,VNO1,2023-12-28,2023-12,VND,CC-SUPPLY,PC-FMCG,5000,COGS,COGS,602643910,0,-602643910,SYNTHETIC_LEDGER,trial_balance_monthly.csv,VNO-FPA-MAP-v1,APPROVED_SIMULATED,NO_EXCEPTION,SIMULATED_DERIVED
SIM-202312-00234,KR,VNO1,2023-12-28,2023-12,VND,CC-TRADE,PC-FMCG,5100,Channel Fees,Channel Fees,72545564,0,-72545564,SYNTHETIC_LEDGER,trial_balance_monthly.csv,VNO-FPA-MAP-v1,APPROVED_SIMULATED,NO_EXCEPTION,SIMULATED_DERIVED
SIM-202312-00235,KR,VNO1,2023-12-28,2023-12,VND,CC-TRADE,PC-FMCG,5200,Trade Spend,Trade Spend,28979518,0,-28979518,SYNTHETIC_LEDGER,trial_balance_monthly.csv,VNO-FPA-MAP-v1,APPROVED_SIMULATED,NO_EXCEPTION,SIMULATED_DERIVED
SIM-202312-00236,KR,VNO1,2023-12-28,2023-12,VND,CC-TRADE,PC-FMCG,5300,Variable Fulfilment,Variable Fulfilment,0,0,0,SYNTHETIC_LEDGER,trial_balance_monthly.csv,VNO-FPA-MAP-v1,APPROVED_SIMULATED,NO_EXCEPTION,SIMULATED_DERIVED
SIM-202312-00237,KR,VNO1,2023-12-28,2023-12,VND,CC-G&A,PC-CORP,6000,Controllable OPEX,Controllable OPEX,1176477950,0,-1176477950,SYNTHETIC_LEDGER,trial_balance_monthly.csv,VNO-FPA-MAP-v1,APPROVED_SIMULATED,NO_EXCEPTION,SIMULATED_DERIVED
SIM-202312-00238,KR,VNO1,2023-12-28,2023-12,VND,CC-G&A,PC-CORP,6100,Depreciation,Depreciation,0,0,0,SYNTHETIC_LEDGER,trial_balance_monthly.csv,VNO-FPA-MAP-v1,APPROVED_SIMULATED,NO_EXCEPTION,SIMULATED_DERIVED
SIM-202312-00239,KR,VNO1,2023-12-28,2023-12,VND,CC-TREASURY,PC-CORP,6200,Finance Cost,Finance Cost,44322917,0,-44322917,SYNTHETIC_LEDGER,trial_balance_monthly.csv,VNO-FPA-MAP-v1,APPROVED_SIMULATED,NO_EXCEPTION,SIMULATED_DERIVED
SIM-202312-00240,KR,VNO1,2023-12-28,2023-12,VND,CC-TAX,PC-CORP,6300,Tax Proxy,Tax Proxy,0,0,0,SYNTHETIC_LEDGER,trial_balance_monthly.csv,VNO-FPA-MAP-v1,APPROVED_SIMULATED,NO_EXCEPTION,SIMULATED_DERIVED
SIM-202401-00241,AA,VNO1,2024-01-28,2024-01,VND,CC-CORPORATE,PC-CORP,1000,Cash,Cash,-3396612739,0,3396612739,SYNTHETIC_LEDGER,trial_balance_monthly.csv,VNO-FPA-MAP-v1,APPROVED_SIMULATED,NO_EXCEPTION,SIMULATED_DERIVED
SIM-202401-00242,AA,VNO1,2024-01-28,2024-01,VND,CC-CORPORATE,PC-CORP,1100,Trade Receivables,Trade Receivables,1993782207,0,-1993782207,SYNTHETIC_LEDGER,trial_balance_monthly.csv,VNO-FPA-MAP-v1,APPROVED_SIMULATED,NO_EXCEPTION,SIMULATED_DERIVED
SIM-202401-00243,AA,VNO1,2024-01-28,2024-01,VND,CC-CORPORATE,PC-CORP,1200,Inventory,Inventory,221738711,0,-221738711,SYNTHETIC_LEDGER,trial_balance_monthly.csv,VNO-FPA-MAP-v1,APPROVED_SIMULATED,NO_EXCEPTION,SIMULATED_DERIVED
SIM-202401-00244,AA,VNO1,2024-01-28,2024-01,VND,CC-CORPORATE,PC-CORP,1500,Net PP&E,Net PP&E,0,0,0,SYNTHETIC_LEDGER,trial_balance_monthly.csv,VNO-FPA-MAP-v1,APPROVED_SIMULATED,NO_EXCEPTION,SIMULATED_DERIVED
SIM-202401-00245,AB,VNO1,2024-01-28,2024-01,VND,CC-CORPORATE,PC-CORP,2000,Trade Payables,Trade Payables,0,1374052702,1374052702,SYNTHETIC_LEDGER,trial_balance_monthly.csv,VNO-FPA-MAP-v1,APPROVED_SIMULATED,NO_EXCEPTION,SIMULATED_DERIVED
SIM-202401-00246,AB,VNO1,2024-01-28,2024-01,VND,CC-CORPORATE,PC-CORP,2500,Debt,Debt,0,6350000000,6350000000,SYNTHETIC_LEDGER,trial_balance_monthly.csv,VNO-FPA-MAP-v1,APPROVED_SIMULATED,NO_EXCEPTION,SIMULATED_DERIVED
SIM-202401-00247,AB,VNO1,2024-01-28,2024-01,VND,CC-CORPORATE,PC-CORP,3000,Opening Retained Earnings,Opening Retained Earnings,8268361171,0,-8268361171,SYNTHETIC_LEDGER,trial_balance_monthly.csv,VNO-FPA-MAP-v1,APPROVED_SIMULATED,NO_EXCEPTION,SIMULATED_DERIVED
SIM-202401-00248,SA,VNO1,2024-01-28,2024-01,VND,CC-COMMERCIAL,PC-FMCG,4000,Gross Sales,Gross Sales,0,1059661500,1059661500,SYNTHETIC_LEDGER,trial_balance_monthly.csv,VNO-FPA-MAP-v1,APPROVED_SIMULATED,NO_EXCEPTION,SIMULATED_DERIVED
SIM-202401-00249,SA,VNO1,2024-01-28,2024-01,VND,CC-COMMERCIAL,PC-FMCG,4010,Invoice Discounts,Invoice Discounts,50659375,0,-50659375,SYNTHETIC_LEDGER,trial_balance_monthly.csv,VNO-FPA-MAP-v1,APPROVED_SIMULATED,NO_EXCEPTION,SIMULATED_DERIVED
SIM-202401-00250,SA,VNO1,2024-01-28,2024-01,VND,CC-COMMERCIAL,PC-FMCG,4020,Returns,Returns,8006945,0,-8006945,SYNTHETIC_LEDGER,trial_balance_monthly.csv,VNO-FPA-MAP-v1,APPROVED_SIMULATED,NO_EXCEPTION,SIMULATED_DERIVED
SIM-202401-00251,SA,VNO1,2024-01-28,2024-01,VND,CC-COMMERCIAL,PC-FMCG,4030,Rebates,Rebates,0,0,0,SYNTHETIC_LEDGER,trial_balance_monthly.csv,VNO-FPA-MAP-v1,APPROVED_SIMULATED,NO_EXCEPTION,SIMULATED_DERIVED
SIM-202401-00252,SA,VNO1,2024-01-28,2024-01,VND,CC-COMMERCIAL,PC-FMCG,4040,Voucher Support,Voucher Support,0,0,0,SYNTHETIC_LEDGER,trial_balance_monthly.csv,VNO-FPA-MAP-v1,APPROVED_SIMULATED,NO_EXCEPTION,SIMULATED_DERIVED
SIM-202401-00253,KR,VNO1,2024-01-28,2024-01,VND,CC-SUPPLY,PC-FMCG,5000,COGS,COGS,521682089,0,-521682089,SYNTHETIC_LEDGER,trial_balance_monthly.csv,VNO-FPA-MAP-v1,APPROVED_SIMULATED,NO_EXCEPTION,SIMULATED_DERIVED
SIM-202401-00254,KR,VNO1,2024-01-28,2024-01,VND,CC-TRADE,PC-FMCG,5100,Channel Fees,Channel Fees,66915543,0,-66915543,SYNTHETIC_LEDGER,trial_balance_monthly.csv,VNO-FPA-MAP-v1,APPROVED_SIMULATED,NO_EXCEPTION,SIMULATED_DERIVED
SIM-202401-00255,KR,VNO1,2024-01-28,2024-01,VND,CC-TRADE,PC-FMCG,5200,Trade Spend,Trade Spend,25063544,0,-25063544,SYNTHETIC_LEDGER,trial_balance_monthly.csv,VNO-FPA-MAP-v1,APPROVED_SIMULATED,NO_EXCEPTION,SIMULATED_DERIVED
SIM-202401-00256,KR,VNO1,2024-01-28,2024-01,VND,CC-TRADE,PC-FMCG,5300,Variable Fulfilment,Variable Fulfilment,0,0,0,SYNTHETIC_LEDGER,trial_balance_monthly.csv,VNO-FPA-MAP-v1,APPROVED_SIMULATED,NO_EXCEPTION,SIMULATED_DERIVED
SIM-202401-00257,KR,VNO1,2024-01-28,2024-01,VND,CC-G&A,PC-CORP,6000,Controllable OPEX,Controllable OPEX,980106939,0,-980106939,SYNTHETIC_LEDGER,trial_balance_monthly.csv,VNO-FPA-MAP-v1,APPROVED_SIMULATED,NO_EXCEPTION,SIMULATED_DERIVED
SIM-202401-00258,KR,VNO1,2024-01-28,2024-01,VND,CC-G&A,PC-CORP,6100,Depreciation,Depreciation,0,0,0,SYNTHETIC_LEDGER,trial_balance_monthly.csv,VNO-FPA-MAP-v1,APPROVED_SIMULATED,NO_EXCEPTION,SIMULATED_DERIVED
SIM-202401-00259,KR,VNO1,2024-01-28,2024-01,VND,CC-TREASURY,PC-CORP,6200,Finance Cost,Finance Cost,44010417,0,-44010417,SYNTHETIC_LEDGER,trial_balance_monthly.csv,VNO-FPA-MAP-v1,APPROVED_SIMULATED,NO_EXCEPTION,SIMULATED_DERIVED
SIM-202401-00260,KR,VNO1,2024-01-28,2024-01,VND,CC-TAX,PC-CORP,6300,Tax Proxy,Tax Proxy,0,0,0,SYNTHETIC_LEDGER,trial_balance_monthly.csv,VNO-FPA-MAP-v1,APPROVED_SIMULATED,NO_EXCEPTION,SIMULATED_DERIVED
SIM-202402-00261,AA,VNO1,2024-02-28,2024-02,VND,CC-CORPORATE,PC-CORP,1000,Cash,Cash,-4141958976,0,4141958976,SYNTHETIC_LEDGER,trial_balance_monthly.csv,VNO-FPA-MAP-v1,APPROVED_SIMULATED,NO_EXCEPTION,SIMULATED_DERIVED
SIM-202402-00262,AA,VNO1,2024-02-28,2024-02,VND,CC-CORPORATE,PC-CORP,1100,Trade Receivables,Trade Receivables,2155087875,0,-2155087875,SYNTHETIC_LEDGER,trial_balance_monthly.csv,VNO-FPA-MAP-v1,APPROVED_SIMULATED,NO_EXCEPTION,SIMULATED_DERIVED
SIM-202402-00263,AA,VNO1,2024-02-28,2024-02,VND,CC-CORPORATE,PC-CORP,1200,Inventory,Inventory,222595121,0,-222595121,SYNTHETIC_LEDGER,trial_balance_monthly.csv,VNO-FPA-MAP-v1,APPROVED_SIMULATED,NO_EXCEPTION,SIMULATED_DERIVED
SIM-202402-00264,AA,VNO1,2024-02-28,2024-02,VND,CC-CORPORATE,PC-CORP,1500,Net PP&E,Net PP&E,0,0,0,SYNTHETIC_LEDGER,trial_balance_monthly.csv,VNO-FPA-MAP-v1,APPROVED_SIMULATED,NO_EXCEPTION,SIMULATED_DERIVED
SIM-202402-00265,AB,VNO1,2024-02-28,2024-02,VND,CC-CORPORATE,PC-CORP,2000,Trade Payables,Trade Payables,0,1492470153,1492470153,SYNTHETIC_LEDGER,trial_balance_monthly.csv,VNO-FPA-MAP-v1,APPROVED_SIMULATED,NO_EXCEPTION,SIMULATED_DERIVED
SIM-202402-00266,AB,VNO1,2024-02-28,2024-02,VND,CC-CORPORATE,PC-CORP,2500,Debt,Debt,0,6300000000,6300000000,SYNTHETIC_LEDGER,trial_balance_monthly.csv,VNO-FPA-MAP-v1,APPROVED_SIMULATED,NO_EXCEPTION,SIMULATED_DERIVED
SIM-202402-00267,AB,VNO1,2024-02-28,2024-02,VND,CC-CORPORATE,PC-CORP,3000,Opening Retained Earnings,Opening Retained Earnings,8905144523,0,-8905144523,SYNTHETIC_LEDGER,trial_balance_monthly.csv,VNO-FPA-MAP-v1,APPROVED_SIMULATED,NO_EXCEPTION,SIMULATED_DERIVED
SIM-202402-00268,SA,VNO1,2024-02-28,2024-02,VND,CC-COMMERCIAL,PC-FMCG,4000,Gross Sales,Gross Sales,0,1094073500,1094073500,SYNTHETIC_LEDGER,trial_balance_monthly.csv,VNO-FPA-MAP-v1,APPROVED_SIMULATED,NO_EXCEPTION,SIMULATED_DERIVED
SIM-202402-00269,SA,VNO1,2024-02-28,2024-02,VND,CC-COMMERCIAL,PC-FMCG,4010,Invoice Discounts,Invoice Discounts,52745925,0,-52745925,SYNTHETIC_LEDGER,trial_balance_monthly.csv,VNO-FPA-MAP-v1,APPROVED_SIMULATED,NO_EXCEPTION,SIMULATED_DERIVED
SIM-202402-00270,SA,VNO1,2024-02-28,2024-02,VND,CC-COMMERCIAL,PC-FMCG,4020,Returns,Returns,8340644,0,-8340644,SYNTHETIC_LEDGER,trial_balance_monthly.csv,VNO-FPA-MAP-v1,APPROVED_SIMULATED,NO_EXCEPTION,SIMULATED_DERIVED
SIM-202402-00271,SA,VNO1,2024-02-28,2024-02,VND,CC-COMMERCIAL,PC-FMCG,4030,Rebates,Rebates,0,0,0,SYNTHETIC_LEDGER,trial_balance_monthly.csv,VNO-FPA-MAP-v1,APPROVED_SIMULATED,NO_EXCEPTION,SIMULATED_DERIVED
SIM-202402-00272,SA,VNO1,2024-02-28,2024-02,VND,CC-COMMERCIAL,PC-FMCG,4040,Voucher Support,Voucher Support,0,0,0,SYNTHETIC_LEDGER,trial_balance_monthly.csv,VNO-FPA-MAP-v1,APPROVED_SIMULATED,NO_EXCEPTION,SIMULATED_DERIVED
SIM-202402-00273,KR,VNO1,2024-02-28,2024-02,VND,CC-SUPPLY,PC-FMCG,5000,COGS,COGS,538655427,0,-538655427,SYNTHETIC_LEDGER,trial_balance_monthly.csv,VNO-FPA-MAP-v1,APPROVED_SIMULATED,NO_EXCEPTION,SIMULATED_DERIVED
SIM-202402-00274,KR,VNO1,2024-02-28,2024-02,VND,CC-TRADE,PC-FMCG,5100,Channel Fees,Channel Fees,69731519,0,-69731519,SYNTHETIC_LEDGER,trial_balance_monthly.csv,VNO-FPA-MAP-v1,APPROVED_SIMULATED,NO_EXCEPTION,SIMULATED_DERIVED
SIM-202402-00275,KR,VNO1,2024-02-28,2024-02,VND,CC-TRADE,PC-FMCG,5200,Trade Spend,Trade Spend,25902888,0,-25902888,SYNTHETIC_LEDGER,trial_balance_monthly.csv,VNO-FPA-MAP-v1,APPROVED_SIMULATED,NO_EXCEPTION,SIMULATED_DERIVED
SIM-202402-00276,KR,VNO1,2024-02-28,2024-02,VND,CC-TRADE,PC-FMCG,5300,Variable Fulfilment,Variable Fulfilment,0,0,0,SYNTHETIC_LEDGER,trial_balance_monthly.csv,VNO-FPA-MAP-v1,APPROVED_SIMULATED,NO_EXCEPTION,SIMULATED_DERIVED
SIM-202402-00277,KR,VNO1,2024-02-28,2024-02,VND,CC-G&A,PC-CORP,6000,Controllable OPEX,Controllable OPEX,1006600790,0,-1006600790,SYNTHETIC_LEDGER,trial_balance_monthly.csv,VNO-FPA-MAP-v1,APPROVED_SIMULATED,NO_EXCEPTION,SIMULATED_DERIVED
SIM-202402-00278,KR,VNO1,2024-02-28,2024-02,VND,CC-G&A,PC-CORP,6100,Depreciation,Depreciation,0,0,0,SYNTHETIC_LEDGER,trial_balance_monthly.csv,VNO-FPA-MAP-v1,APPROVED_SIMULATED,NO_EXCEPTION,SIMULATED_DERIVED
SIM-202402-00279,KR,VNO1,2024-02-28,2024-02,VND,CC-TREASURY,PC-CORP,6200,Finance Cost,Finance Cost,43697917,0,-43697917,SYNTHETIC_LEDGER,trial_balance_monthly.csv,VNO-FPA-MAP-v1,APPROVED_SIMULATED,NO_EXCEPTION,SIMULATED_DERIVED
SIM-202402-00280,KR,VNO1,2024-02-28,2024-02,VND,CC-TAX,PC-CORP,6300,Tax Proxy,Tax Proxy,0,0,0,SYNTHETIC_LEDGER,trial_balance_monthly.csv,VNO-FPA-MAP-v1,APPROVED_SIMULATED,NO_EXCEPTION,SIMULATED_DERIVED
SIM-202403-00281,AA,VNO1,2024-03-28,2024-03,VND,CC-CORPORATE,PC-CORP,1000,Cash,Cash,-4961916456,0,4961916456,SYNTHETIC_LEDGER,trial_balance_monthly.csv,VNO-FPA-MAP-v1,APPROVED_SIMULATED,NO_EXCEPTION,SIMULATED_DERIVED
SIM-202403-00282,AA,VNO1,2024-03-28,2024-03,VND,CC-CORPORATE,PC-CORP,1100,Trade Receivables,Trade Receivables,2308286542,0,-2308286542,SYNTHETIC_LEDGER,trial_balance_monthly.csv,VNO-FPA-MAP-v1,APPROVED_SIMULATED,NO_EXCEPTION,SIMULATED_DERIVED
SIM-202403-00283,AA,VNO1,2024-03-28,2024-03,VND,CC-CORPORATE,PC-CORP,1200,Inventory,Inventory,213834521,0,-213834521,SYNTHETIC_LEDGER,trial_balance_monthly.csv,VNO-FPA-MAP-v1,APPROVED_SIMULATED,NO_EXCEPTION,SIMULATED_DERIVED
SIM-202403-00284,AA,VNO1,2024-03-28,2024-03,VND,CC-CORPORATE,PC-CORP,1500,Net PP&E,Net PP&E,0,0,0,SYNTHETIC_LEDGER,trial_balance_monthly.csv,VNO-FPA-MAP-v1,APPROVED_SIMULATED,NO_EXCEPTION,SIMULATED_DERIVED
SIM-202403-00285,AB,VNO1,2024-03-28,2024-03,VND,CC-CORPORATE,PC-CORP,2000,Trade Payables,Trade Payables,0,1593728186,1593728186,SYNTHETIC_LEDGER,trial_balance_monthly.csv,VNO-FPA-MAP-v1,APPROVED_SIMULATED,NO_EXCEPTION,SIMULATED_DERIVED
SIM-202403-00286,AB,VNO1,2024-03-28,2024-03,VND,CC-CORPORATE,PC-CORP,2500,Debt,Debt,0,6250000000,6250000000,SYNTHETIC_LEDGER,trial_balance_monthly.csv,VNO-FPA-MAP-v1,APPROVED_SIMULATED,NO_EXCEPTION,SIMULATED_DERIVED
SIM-202403-00287,AB,VNO1,2024-03-28,2024-03,VND,CC-CORPORATE,PC-CORP,3000,Opening Retained Earnings,Opening Retained Earnings,9556746133,0,-9556746133,SYNTHETIC_LEDGER,trial_balance_monthly.csv,VNO-FPA-MAP-v1,APPROVED_SIMULATED,NO_EXCEPTION,SIMULATED_DERIVED
SIM-202403-00288,SA,VNO1,2024-03-28,2024-03,VND,CC-COMMERCIAL,PC-FMCG,4000,Gross Sales,Gross Sales,0,1126190500,1126190500,SYNTHETIC_LEDGER,trial_balance_monthly.csv,VNO-FPA-MAP-v1,APPROVED_SIMULATED,NO_EXCEPTION,SIMULATED_DERIVED
SIM-202403-00289,SA,VNO1,2024-03-28,2024-03,VND,CC-COMMERCIAL,PC-FMCG,4010,Invoice Discounts,Invoice Discounts,54127235,0,-54127235,SYNTHETIC_LEDGER,trial_balance_monthly.csv,VNO-FPA-MAP-v1,APPROVED_SIMULATED,NO_EXCEPTION,SIMULATED_DERIVED
SIM-202403-00290,SA,VNO1,2024-03-28,2024-03,VND,CC-COMMERCIAL,PC-FMCG,4020,Returns,Returns,8585276,0,-8585276,SYNTHETIC_LEDGER,trial_balance_monthly.csv,VNO-FPA-MAP-v1,APPROVED_SIMULATED,NO_EXCEPTION,SIMULATED_DERIVED
SIM-202403-00291,SA,VNO1,2024-03-28,2024-03,VND,CC-COMMERCIAL,PC-FMCG,4030,Rebates,Rebates,0,0,0,SYNTHETIC_LEDGER,trial_balance_monthly.csv,VNO-FPA-MAP-v1,APPROVED_SIMULATED,NO_EXCEPTION,SIMULATED_DERIVED
SIM-202403-00292,SA,VNO1,2024-03-28,2024-03,VND,CC-COMMERCIAL,PC-FMCG,4040,Voucher Support,Voucher Support,0,0,0,SYNTHETIC_LEDGER,trial_balance_monthly.csv,VNO-FPA-MAP-v1,APPROVED_SIMULATED,NO_EXCEPTION,SIMULATED_DERIVED
SIM-202403-00293,KR,VNO1,2024-03-28,2024-03,VND,CC-SUPPLY,PC-FMCG,5000,COGS,COGS,554083204,0,-554083204,SYNTHETIC_LEDGER,trial_balance_monthly.csv,VNO-FPA-MAP-v1,APPROVED_SIMULATED,NO_EXCEPTION,SIMULATED_DERIVED
SIM-202403-00294,KR,VNO1,2024-03-28,2024-03,VND,CC-TRADE,PC-FMCG,5100,Channel Fees,Channel Fees,71670646,0,-71670646,SYNTHETIC_LEDGER,trial_balance_monthly.csv,VNO-FPA-MAP-v1,APPROVED_SIMULATED,NO_EXCEPTION,SIMULATED_DERIVED
SIM-202403-00295,KR,VNO1,2024-03-28,2024-03,VND,CC-TRADE,PC-FMCG,5200,Trade Spend,Trade Spend,26691414,0,-26691414,SYNTHETIC_LEDGER,trial_balance_monthly.csv,VNO-FPA-MAP-v1,APPROVED_SIMULATED,NO_EXCEPTION,SIMULATED_DERIVED
SIM-202403-00296,KR,VNO1,2024-03-28,2024-03,VND,CC-TRADE,PC-FMCG,5300,Variable Fulfilment,Variable Fulfilment,0,0,0,SYNTHETIC_LEDGER,trial_balance_monthly.csv,VNO-FPA-MAP-v1,APPROVED_SIMULATED,NO_EXCEPTION,SIMULATED_DERIVED
SIM-202403-00297,KR,VNO1,2024-03-28,2024-03,VND,CC-G&A,PC-CORP,6000,Controllable OPEX,Controllable OPEX,1094424754,0,-1094424754,SYNTHETIC_LEDGER,trial_balance_monthly.csv,VNO-FPA-MAP-v1,APPROVED_SIMULATED,NO_EXCEPTION,SIMULATED_DERIVED
SIM-202403-00298,KR,VNO1,2024-03-28,2024-03,VND,CC-G&A,PC-CORP,6100,Depreciation,Depreciation,0,0,0,SYNTHETIC_LEDGER,trial_balance_monthly.csv,VNO-FPA-MAP-v1,APPROVED_SIMULATED,NO_EXCEPTION,SIMULATED_DERIVED
SIM-202403-00299,KR,VNO1,2024-03-28,2024-03,VND,CC-TREASURY,PC-CORP,6200,Finance Cost,Finance Cost,43385417,0,-43385417,SYNTHETIC_LEDGER,trial_balance_monthly.csv,VNO-FPA-MAP-v1,APPROVED_SIMULATED,NO_EXCEPTION,SIMULATED_DERIVED
SIM-202403-00300,KR,VNO1,2024-03-28,2024-03,VND,CC-TAX,PC-CORP,6300,Tax Proxy,Tax Proxy,0,0,0,SYNTHETIC_LEDGER,trial_balance_monthly.csv,VNO-FPA-MAP-v1,APPROVED_SIMULATED,NO_EXCEPTION,SIMULATED_DERIVED
SIM-202404-00301,AA,VNO1,2024-04-28,2024-04,VND,CC-CORPORATE,PC-CORP,1000,Cash,Cash,-5808945110,0,5808945110,SYNTHETIC_LEDGER,trial_balance_monthly.csv,VNO-FPA-MAP-v1,APPROVED_SIMULATED,NO_EXCEPTION,SIMULATED_DERIVED
SIM-202404-00302,AA,VNO1,2024-04-28,2024-04,VND,CC-CORPORATE,PC-CORP,1100,Trade Receivables,Trade Receivables,2468035566,0,-2468035566,SYNTHETIC_LEDGER,trial_balance_monthly.csv,VNO-FPA-MAP-v1,APPROVED_SIMULATED,NO_EXCEPTION,SIMULATED_DERIVED
SIM-202404-00303,AA,VNO1,2024-04-28,2024-04,VND,CC-CORPORATE,PC-CORP,1200,Inventory,Inventory,219578403,0,-219578403,SYNTHETIC_LEDGER,trial_balance_monthly.csv,VNO-FPA-MAP-v1,APPROVED_SIMULATED,NO_EXCEPTION,SIMULATED_DERIVED
SIM-202404-00304,AA,VNO1,2024-04-28,2024-04,VND,CC-CORPORATE,PC-CORP,1500,Net PP&E,Net PP&E,0,0,0,SYNTHETIC_LEDGER,trial_balance_monthly.csv,VNO-FPA-MAP-v1,APPROVED_SIMULATED,NO_EXCEPTION,SIMULATED_DERIVED
SIM-202404-00305,AB,VNO1,2024-04-28,2024-04,VND,CC-CORPORATE,PC-CORP,2000,Trade Payables,Trade Payables,0,1709812504,1709812504,SYNTHETIC_LEDGER,trial_balance_monthly.csv,VNO-FPA-MAP-v1,APPROVED_SIMULATED,NO_EXCEPTION,SIMULATED_DERIVED
SIM-202404-00306,AB,VNO1,2024-04-28,2024-04,VND,CC-CORPORATE,PC-CORP,2500,Debt,Debt,0,6200000000,6200000000,SYNTHETIC_LEDGER,trial_balance_monthly.csv,VNO-FPA-MAP-v1,APPROVED_SIMULATED,NO_EXCEPTION,SIMULATED_DERIVED
SIM-202404-00307,AB,VNO1,2024-04-28,2024-04,VND,CC-CORPORATE,PC-CORP,3000,Opening Retained Earnings,Opening Retained Earnings,10283523579,0,-10283523579,SYNTHETIC_LEDGER,trial_balance_monthly.csv,VNO-FPA-MAP-v1,APPROVED_SIMULATED,NO_EXCEPTION,SIMULATED_DERIVED
SIM-202404-00308,SA,VNO1,2024-04-28,2024-04,VND,CC-COMMERCIAL,PC-FMCG,4000,Gross Sales,Gross Sales,0,1148204500,1148204500,SYNTHETIC_LEDGER,trial_balance_monthly.csv,VNO-FPA-MAP-v1,APPROVED_SIMULATED,NO_EXCEPTION,SIMULATED_DERIVED
SIM-202404-00309,SA,VNO1,2024-04-28,2024-04,VND,CC-COMMERCIAL,PC-FMCG,4010,Invoice Discounts,Invoice Discounts,54854685,0,-54854685,SYNTHETIC_LEDGER,trial_balance_monthly.csv,VNO-FPA-MAP-v1,APPROVED_SIMULATED,NO_EXCEPTION,SIMULATED_DERIVED
SIM-202404-00310,SA,VNO1,2024-04-28,2024-04,VND,CC-COMMERCIAL,PC-FMCG,4020,Returns,Returns,8673964,0,-8673964,SYNTHETIC_LEDGER,trial_balance_monthly.csv,VNO-FPA-MAP-v1,APPROVED_SIMULATED,NO_EXCEPTION,SIMULATED_DERIVED
SIM-202404-00311,SA,VNO1,2024-04-28,2024-04,VND,CC-COMMERCIAL,PC-FMCG,4030,Rebates,Rebates,0,0,0,SYNTHETIC_LEDGER,trial_balance_monthly.csv,VNO-FPA-MAP-v1,APPROVED_SIMULATED,NO_EXCEPTION,SIMULATED_DERIVED
SIM-202404-00312,SA,VNO1,2024-04-28,2024-04,VND,CC-COMMERCIAL,PC-FMCG,4040,Voucher Support,Voucher Support,0,0,0,SYNTHETIC_LEDGER,trial_balance_monthly.csv,VNO-FPA-MAP-v1,APPROVED_SIMULATED,NO_EXCEPTION,SIMULATED_DERIVED
SIM-202404-00313,KR,VNO1,2024-04-28,2024-04,VND,CC-SUPPLY,PC-FMCG,5000,COGS,COGS,565989664,0,-565989664,SYNTHETIC_LEDGER,trial_balance_monthly.csv,VNO-FPA-MAP-v1,APPROVED_SIMULATED,NO_EXCEPTION,SIMULATED_DERIVED
SIM-202404-00314,KR,VNO1,2024-04-28,2024-04,VND,CC-TRADE,PC-FMCG,5100,Channel Fees,Channel Fees,72482164,0,-72482164,SYNTHETIC_LEDGER,trial_balance_monthly.csv,VNO-FPA-MAP-v1,APPROVED_SIMULATED,NO_EXCEPTION,SIMULATED_DERIVED
SIM-202404-00315,KR,VNO1,2024-04-28,2024-04,VND,CC-TRADE,PC-FMCG,5200,Trade Spend,Trade Spend,27170628,0,-27170628,SYNTHETIC_LEDGER,trial_balance_monthly.csv,VNO-FPA-MAP-v1,APPROVED_SIMULATED,NO_EXCEPTION,SIMULATED_DERIVED
SIM-202404-00316,KR,VNO1,2024-04-28,2024-04,VND,CC-TRADE,PC-FMCG,5300,Variable Fulfilment,Variable Fulfilment,0,0,0,SYNTHETIC_LEDGER,trial_balance_monthly.csv,VNO-FPA-MAP-v1,APPROVED_SIMULATED,NO_EXCEPTION,SIMULATED_DERIVED
SIM-202404-00317,KR,VNO1,2024-04-28,2024-04,VND,CC-G&A,PC-CORP,6000,Controllable OPEX,Controllable OPEX,1123580544,0,-1123580544,SYNTHETIC_LEDGER,trial_balance_monthly.csv,VNO-FPA-MAP-v1,APPROVED_SIMULATED,NO_EXCEPTION,SIMULATED_DERIVED
SIM-202404-00318,KR,VNO1,2024-04-28,2024-04,VND,CC-G&A,PC-CORP,6100,Depreciation,Depreciation,0,0,0,SYNTHETIC_LEDGER,trial_balance_monthly.csv,VNO-FPA-MAP-v1,APPROVED_SIMULATED,NO_EXCEPTION,SIMULATED_DERIVED
SIM-202404-00319,KR,VNO1,2024-04-28,2024-04,VND,CC-TREASURY,PC-CORP,6200,Finance Cost,Finance Cost,43072917,0,-43072917,SYNTHETIC_LEDGER,trial_balance_monthly.csv,VNO-FPA-MAP-v1,APPROVED_SIMULATED,NO_EXCEPTION,SIMULATED_DERIVED
SIM-202404-00320,KR,VNO1,2024-04-28,2024-04,VND,CC-TAX,PC-CORP,6300,Tax Proxy,Tax Proxy,0,0,0,SYNTHETIC_LEDGER,trial_balance_monthly.csv,VNO-FPA-MAP-v1,APPROVED_SIMULATED,NO_EXCEPTION,SIMULATED_DERIVED
SIM-202405-00321,AA,VNO1,2024-05-28,2024-05,VND,CC-CORPORATE,PC-CORP,1000,Cash,Cash,-5602785699,0,5602785699,SYNTHETIC_LEDGER,trial_balance_monthly.csv,VNO-FPA-MAP-v1,APPROVED_SIMULATED,NO_EXCEPTION,SIMULATED_DERIVED
SIM-202405-00322,AA,VNO1,2024-05-28,2024-05,VND,CC-CORPORATE,PC-CORP,1100,Trade Receivables,Trade Receivables,2609010399,0,-2609010399,SYNTHETIC_LEDGER,trial_balance_monthly.csv,VNO-FPA-MAP-v1,APPROVED_SIMULATED,NO_EXCEPTION,SIMULATED_DERIVED
SIM-202405-00323,AA,VNO1,2024-05-28,2024-05,VND,CC-CORPORATE,PC-CORP,1200,Inventory,Inventory,240504773,0,-240504773,SYNTHETIC_LEDGER,trial_balance_monthly.csv,VNO-FPA-MAP-v1,APPROVED_SIMULATED,NO_EXCEPTION,SIMULATED_DERIVED
SIM-202405-00324,AA,VNO1,2024-05-28,2024-05,VND,CC-CORPORATE,PC-CORP,1500,Net PP&E,Net PP&E,0,0,0,SYNTHETIC_LEDGER,trial_balance_monthly.csv,VNO-FPA-MAP-v1,APPROVED_SIMULATED,NO_EXCEPTION,SIMULATED_DERIVED
SIM-202405-00325,AB,VNO1,2024-05-28,2024-05,VND,CC-CORPORATE,PC-CORP,2000,Trade Payables,Trade Payables,0,1814158570,1814158570,SYNTHETIC_LEDGER,trial_balance_monthly.csv,VNO-FPA-MAP-v1,APPROVED_SIMULATED,NO_EXCEPTION,SIMULATED_DERIVED
SIM-202405-00326,AB,VNO1,2024-05-28,2024-05,VND,CC-CORPORATE,PC-CORP,2500,Debt,Debt,0,7150000000,7150000000,SYNTHETIC_LEDGER,trial_balance_monthly.csv,VNO-FPA-MAP-v1,APPROVED_SIMULATED,NO_EXCEPTION,SIMULATED_DERIVED
SIM-202405-00327,AB,VNO1,2024-05-28,2024-05,VND,CC-CORPORATE,PC-CORP,3000,Opening Retained Earnings,Opening Retained Earnings,11031143645,0,-11031143645,SYNTHETIC_LEDGER,trial_balance_monthly.csv,VNO-FPA-MAP-v1,APPROVED_SIMULATED,NO_EXCEPTION,SIMULATED_DERIVED
SIM-202405-00328,SA,VNO1,2024-05-28,2024-05,VND,CC-COMMERCIAL,PC-FMCG,4000,Gross Sales,Gross Sales,0,1023260000,1023260000,SYNTHETIC_LEDGER,trial_balance_monthly.csv,VNO-FPA-MAP-v1,APPROVED_SIMULATED,NO_EXCEPTION,SIMULATED_DERIVED
SIM-202405-00329,SA,VNO1,2024-05-28,2024-05,VND,CC-COMMERCIAL,PC-FMCG,4010,Invoice Discounts,Invoice Discounts,49302055,0,-49302055,SYNTHETIC_LEDGER,trial_balance_monthly.csv,VNO-FPA-MAP-v1,APPROVED_SIMULATED,NO_EXCEPTION,SIMULATED_DERIVED
SIM-202405-00330,SA,VNO1,2024-05-28,2024-05,VND,CC-COMMERCIAL,PC-FMCG,4020,Returns,Returns,7811009,0,-7811009,SYNTHETIC_LEDGER,trial_balance_monthly.csv,VNO-FPA-MAP-v1,APPROVED_SIMULATED,NO_EXCEPTION,SIMULATED_DERIVED
SIM-202405-00331,SA,VNO1,2024-05-28,2024-05,VND,CC-COMMERCIAL,PC-FMCG,4030,Rebates,Rebates,0,0,0,SYNTHETIC_LEDGER,trial_balance_monthly.csv,VNO-FPA-MAP-v1,APPROVED_SIMULATED,NO_EXCEPTION,SIMULATED_DERIVED
SIM-202405-00332,SA,VNO1,2024-05-28,2024-05,VND,CC-COMMERCIAL,PC-FMCG,4040,Voucher Support,Voucher Support,0,0,0,SYNTHETIC_LEDGER,trial_balance_monthly.csv,VNO-FPA-MAP-v1,APPROVED_SIMULATED,NO_EXCEPTION,SIMULATED_DERIVED
SIM-202405-00333,KR,VNO1,2024-05-28,2024-05,VND,CC-SUPPLY,PC-FMCG,5000,COGS,COGS,504127649,0,-504127649,SYNTHETIC_LEDGER,trial_balance_monthly.csv,VNO-FPA-MAP-v1,APPROVED_SIMULATED,NO_EXCEPTION,SIMULATED_DERIVED
SIM-202405-00334,KR,VNO1,2024-05-28,2024-05,VND,CC-TRADE,PC-FMCG,5100,Channel Fees,Channel Fees,65173347,0,-65173347,SYNTHETIC_LEDGER,trial_balance_monthly.csv,VNO-FPA-MAP-v1,APPROVED_SIMULATED,NO_EXCEPTION,SIMULATED_DERIVED
SIM-202405-00335,KR,VNO1,2024-05-28,2024-05,VND,CC-TRADE,PC-FMCG,5200,Trade Spend,Trade Spend,24199059,0,-24199059,SYNTHETIC_LEDGER,trial_balance_monthly.csv,VNO-FPA-MAP-v1,APPROVED_SIMULATED,NO_EXCEPTION,SIMULATED_DERIVED
SIM-202405-00336,KR,VNO1,2024-05-28,2024-05,VND,CC-TRADE,PC-FMCG,5300,Variable Fulfilment,Variable Fulfilment,0,0,0,SYNTHETIC_LEDGER,trial_balance_monthly.csv,VNO-FPA-MAP-v1,APPROVED_SIMULATED,NO_EXCEPTION,SIMULATED_DERIVED
SIM-202405-00337,KR,VNO1,2024-05-28,2024-05,VND,CC-G&A,PC-CORP,6000,Controllable OPEX,Controllable OPEX,1013046916,0,-1013046916,SYNTHETIC_LEDGER,trial_balance_monthly.csv,VNO-FPA-MAP-v1,APPROVED_SIMULATED,NO_EXCEPTION,SIMULATED_DERIVED
SIM-202405-00338,KR,VNO1,2024-05-28,2024-05,VND,CC-G&A,PC-CORP,6100,Depreciation,Depreciation,0,0,0,SYNTHETIC_LEDGER,trial_balance_monthly.csv,VNO-FPA-MAP-v1,APPROVED_SIMULATED,NO_EXCEPTION,SIMULATED_DERIVED
SIM-202405-00339,KR,VNO1,2024-05-28,2024-05,VND,CC-TREASURY,PC-CORP,6200,Finance Cost,Finance Cost,45885417,0,-45885417,SYNTHETIC_LEDGER,trial_balance_monthly.csv,VNO-FPA-MAP-v1,APPROVED_SIMULATED,NO_EXCEPTION,SIMULATED_DERIVED
SIM-202405-00340,KR,VNO1,2024-05-28,2024-05,VND,CC-TAX,PC-CORP,6300,Tax Proxy,Tax Proxy,0,0,0,SYNTHETIC_LEDGER,trial_balance_monthly.csv,VNO-FPA-MAP-v1,APPROVED_SIMULATED,NO_EXCEPTION,SIMULATED_DERIVED
SIM-202406-00341,AA,VNO1,2024-06-28,2024-06,VND,CC-CORPORATE,PC-CORP,1000,Cash,Cash,-6403638716,0,6403638716,SYNTHETIC_LEDGER,trial_balance_monthly.csv,VNO-FPA-MAP-v1,APPROVED_SIMULATED,NO_EXCEPTION,SIMULATED_DERIVED
SIM-202406-00342,AA,VNO1,2024-06-28,2024-06,VND,CC-CORPORATE,PC-CORP,1100,Trade Receivables,Trade Receivables,2751891292,0,-2751891292,SYNTHETIC_LEDGER,trial_balance_monthly.csv,VNO-FPA-MAP-v1,APPROVED_SIMULATED,NO_EXCEPTION,SIMULATED_DERIVED
SIM-202406-00343,AA,VNO1,2024-06-28,2024-06,VND,CC-CORPORATE,PC-CORP,1200,Inventory,Inventory,252809522,0,-252809522,SYNTHETIC_LEDGER,trial_balance_monthly.csv,VNO-FPA-MAP-v1,APPROVED_SIMULATED,NO_EXCEPTION,SIMULATED_DERIVED
SIM-202406-00344,AA,VNO1,2024-06-28,2024-06,VND,CC-CORPORATE,PC-CORP,1500,Net PP&E,Net PP&E,0,0,0,SYNTHETIC_LEDGER,trial_balance_monthly.csv,VNO-FPA-MAP-v1,APPROVED_SIMULATED,NO_EXCEPTION,SIMULATED_DERIVED
SIM-202406-00345,AB,VNO1,2024-06-28,2024-06,VND,CC-CORPORATE,PC-CORP,2000,Trade Payables,Trade Payables,0,1909320580,1909320580,SYNTHETIC_LEDGER,trial_balance_monthly.csv,VNO-FPA-MAP-v1,APPROVED_SIMULATED,NO_EXCEPTION,SIMULATED_DERIVED
SIM-202406-00346,AB,VNO1,2024-06-28,2024-06,VND,CC-CORPORATE,PC-CORP,2500,Debt,Debt,0,7100000000,7100000000,SYNTHETIC_LEDGER,trial_balance_monthly.csv,VNO-FPA-MAP-v1,APPROVED_SIMULATED,NO_EXCEPTION,SIMULATED_DERIVED
SIM-202406-00347,AB,VNO1,2024-06-28,2024-06,VND,CC-CORPORATE,PC-CORP,3000,Opening Retained Earnings,Opening Retained Earnings,11717429097,0,-11717429097,SYNTHETIC_LEDGER,trial_balance_monthly.csv,VNO-FPA-MAP-v1,APPROVED_SIMULATED,NO_EXCEPTION,SIMULATED_DERIVED
SIM-202406-00348,SA,VNO1,2024-06-28,2024-06,VND,CC-COMMERCIAL,PC-FMCG,4000,Gross Sales,Gross Sales,0,1070719000,1070719000,SYNTHETIC_LEDGER,trial_balance_monthly.csv,VNO-FPA-MAP-v1,APPROVED_SIMULATED,NO_EXCEPTION,SIMULATED_DERIVED
SIM-202406-00349,SA,VNO1,2024-06-28,2024-06,VND,CC-COMMERCIAL,PC-FMCG,4010,Invoice Discounts,Invoice Discounts,51301095,0,-51301095,SYNTHETIC_LEDGER,trial_balance_monthly.csv,VNO-FPA-MAP-v1,APPROVED_SIMULATED,NO_EXCEPTION,SIMULATED_DERIVED
SIM-202406-00350,SA,VNO1,2024-06-28,2024-06,VND,CC-COMMERCIAL,PC-FMCG,4020,Returns,Returns,8077508,0,-8077508,SYNTHETIC_LEDGER,trial_balance_monthly.csv,VNO-FPA-MAP-v1,APPROVED_SIMULATED,NO_EXCEPTION,SIMULATED_DERIVED
SIM-202406-00351,SA,VNO1,2024-06-28,2024-06,VND,CC-COMMERCIAL,PC-FMCG,4030,Rebates,Rebates,0,0,0,SYNTHETIC_LEDGER,trial_balance_monthly.csv,VNO-FPA-MAP-v1,APPROVED_SIMULATED,NO_EXCEPTION,SIMULATED_DERIVED
SIM-202406-00352,SA,VNO1,2024-06-28,2024-06,VND,CC-COMMERCIAL,PC-FMCG,4040,Voucher Support,Voucher Support,0,0,0,SYNTHETIC_LEDGER,trial_balance_monthly.csv,VNO-FPA-MAP-v1,APPROVED_SIMULATED,NO_EXCEPTION,SIMULATED_DERIVED
SIM-202406-00353,KR,VNO1,2024-06-28,2024-06,VND,CC-SUPPLY,PC-FMCG,5000,COGS,COGS,527806563,0,-527806563,SYNTHETIC_LEDGER,trial_balance_monthly.csv,VNO-FPA-MAP-v1,APPROVED_SIMULATED,NO_EXCEPTION,SIMULATED_DERIVED
SIM-202406-00354,KR,VNO1,2024-06-28,2024-06,VND,CC-TRADE,PC-FMCG,5100,Channel Fees,Channel Fees,67877896,0,-67877896,SYNTHETIC_LEDGER,trial_balance_monthly.csv,VNO-FPA-MAP-v1,APPROVED_SIMULATED,NO_EXCEPTION,SIMULATED_DERIVED
SIM-202406-00355,KR,VNO1,2024-06-28,2024-06,VND,CC-TRADE,PC-FMCG,5200,Trade Spend,Trade Spend,25505786,0,-25505786,SYNTHETIC_LEDGER,trial_balance_monthly.csv,VNO-FPA-MAP-v1,APPROVED_SIMULATED,NO_EXCEPTION,SIMULATED_DERIVED
SIM-202406-00356,KR,VNO1,2024-06-28,2024-06,VND,CC-TRADE,PC-FMCG,5300,Variable Fulfilment,Variable Fulfilment,0,0,0,SYNTHETIC_LEDGER,trial_balance_monthly.csv,VNO-FPA-MAP-v1,APPROVED_SIMULATED,NO_EXCEPTION,SIMULATED_DERIVED
SIM-202406-00357,KR,VNO1,2024-06-28,2024-06,VND,CC-G&A,PC-CORP,6000,Controllable OPEX,Controllable OPEX,1032281620,0,-1032281620,SYNTHETIC_LEDGER,trial_balance_monthly.csv,VNO-FPA-MAP-v1,APPROVED_SIMULATED,NO_EXCEPTION,SIMULATED_DERIVED
SIM-202406-00358,KR,VNO1,2024-06-28,2024-06,VND,CC-G&A,PC-CORP,6100,Depreciation,Depreciation,0,0,0,SYNTHETIC_LEDGER,trial_balance_monthly.csv,VNO-FPA-MAP-v1,APPROVED_SIMULATED,NO_EXCEPTION,SIMULATED_DERIVED
SIM-202406-00359,KR,VNO1,2024-06-28,2024-06,VND,CC-TREASURY,PC-CORP,6200,Finance Cost,Finance Cost,48697917,0,-48697917,SYNTHETIC_LEDGER,trial_balance_monthly.csv,VNO-FPA-MAP-v1,APPROVED_SIMULATED,NO_EXCEPTION,SIMULATED_DERIVED
SIM-202406-00360,KR,VNO1,2024-06-28,2024-06,VND,CC-TAX,PC-CORP,6300,Tax Proxy,Tax Proxy,0,0,0,SYNTHETIC_LEDGER,trial_balance_monthly.csv,VNO-FPA-MAP-v1,APPROVED_SIMULATED,NO_EXCEPTION,SIMULATED_DERIVED
SIM-202407-00361,AA,VNO1,2024-07-28,2024-07,VND,CC-CORPORATE,PC-CORP,1000,Cash,Cash,-7230998370,0,7230998370,SYNTHETIC_LEDGER,trial_balance_monthly.csv,VNO-FPA-MAP-v1,APPROVED_SIMULATED,NO_EXCEPTION,SIMULATED_DERIVED
SIM-202407-00362,AA,VNO1,2024-07-28,2024-07,VND,CC-CORPORATE,PC-CORP,1100,Trade Receivables,Trade Receivables,2893054163,0,-2893054163,SYNTHETIC_LEDGER,trial_balance_monthly.csv,VNO-FPA-MAP-v1,APPROVED_SIMULATED,NO_EXCEPTION,SIMULATED_DERIVED
SIM-202407-00363,AA,VNO1,2024-07-28,2024-07,VND,CC-CORPORATE,PC-CORP,1200,Inventory,Inventory,271025436,0,-271025436,SYNTHETIC_LEDGER,trial_balance_monthly.csv,VNO-FPA-MAP-v1,APPROVED_SIMULATED,NO_EXCEPTION,SIMULATED_DERIVED
SIM-202407-00364,AA,VNO1,2024-07-28,2024-07,VND,CC-CORPORATE,PC-CORP,1500,Net PP&E,Net PP&E,0,0,0,SYNTHETIC_LEDGER,trial_balance_monthly.csv,VNO-FPA-MAP-v1,APPROVED_SIMULATED,NO_EXCEPTION,SIMULATED_DERIVED
SIM-202407-00365,AB,VNO1,2024-07-28,2024-07,VND,CC-CORPORATE,PC-CORP,2000,Trade Payables,Trade Payables,0,2016215261,2016215261,SYNTHETIC_LEDGER,trial_balance_monthly.csv,VNO-FPA-MAP-v1,APPROVED_SIMULATED,NO_EXCEPTION,SIMULATED_DERIVED
SIM-202407-00366,AB,VNO1,2024-07-28,2024-07,VND,CC-CORPORATE,PC-CORP,2500,Debt,Debt,0,7050000000,7050000000,SYNTHETIC_LEDGER,trial_balance_monthly.csv,VNO-FPA-MAP-v1,APPROVED_SIMULATED,NO_EXCEPTION,SIMULATED_DERIVED
SIM-202407-00367,AB,VNO1,2024-07-28,2024-07,VND,CC-CORPORATE,PC-CORP,3000,Opening Retained Earnings,Opening Retained Earnings,12408258482,0,-12408258482,SYNTHETIC_LEDGER,trial_balance_monthly.csv,VNO-FPA-MAP-v1,APPROVED_SIMULATED,NO_EXCEPTION,SIMULATED_DERIVED
SIM-202407-00368,SA,VNO1,2024-07-28,2024-07,VND,CC-COMMERCIAL,PC-FMCG,4000,Gross Sales,Gross Sales,0,1086817000,1086817000,SYNTHETIC_LEDGER,trial_balance_monthly.csv,VNO-FPA-MAP-v1,APPROVED_SIMULATED,NO_EXCEPTION,SIMULATED_DERIVED
SIM-202407-00369,SA,VNO1,2024-07-28,2024-07,VND,CC-COMMERCIAL,PC-FMCG,4010,Invoice Discounts,Invoice Discounts,52407315,0,-52407315,SYNTHETIC_LEDGER,trial_balance_monthly.csv,VNO-FPA-MAP-v1,APPROVED_SIMULATED,NO_EXCEPTION,SIMULATED_DERIVED
SIM-202407-00370,SA,VNO1,2024-07-28,2024-07,VND,CC-COMMERCIAL,PC-FMCG,4020,Returns,Returns,8276421,0,-8276421,SYNTHETIC_LEDGER,trial_balance_monthly.csv,VNO-FPA-MAP-v1,APPROVED_SIMULATED,NO_EXCEPTION,SIMULATED_DERIVED
SIM-202407-00371,SA,VNO1,2024-07-28,2024-07,VND,CC-COMMERCIAL,PC-FMCG,4030,Rebates,Rebates,0,0,0,SYNTHETIC_LEDGER,trial_balance_monthly.csv,VNO-FPA-MAP-v1,APPROVED_SIMULATED,NO_EXCEPTION,SIMULATED_DERIVED
SIM-202407-00372,SA,VNO1,2024-07-28,2024-07,VND,CC-COMMERCIAL,PC-FMCG,4040,Voucher Support,Voucher Support,0,0,0,SYNTHETIC_LEDGER,trial_balance_monthly.csv,VNO-FPA-MAP-v1,APPROVED_SIMULATED,NO_EXCEPTION,SIMULATED_DERIVED
SIM-202407-00373,KR,VNO1,2024-07-28,2024-07,VND,CC-SUPPLY,PC-FMCG,5000,COGS,COGS,534676875,0,-534676875,SYNTHETIC_LEDGER,trial_balance_monthly.csv,VNO-FPA-MAP-v1,APPROVED_SIMULATED,NO_EXCEPTION,SIMULATED_DERIVED
SIM-202407-00374,KR,VNO1,2024-07-28,2024-07,VND,CC-TRADE,PC-FMCG,5100,Channel Fees,Channel Fees,69172235,0,-69172235,SYNTHETIC_LEDGER,trial_balance_monthly.csv,VNO-FPA-MAP-v1,APPROVED_SIMULATED,NO_EXCEPTION,SIMULATED_DERIVED
SIM-202407-00375,KR,VNO1,2024-07-28,2024-07,VND,CC-TRADE,PC-FMCG,5200,Trade Spend,Trade Spend,25680170,0,-25680170,SYNTHETIC_LEDGER,trial_balance_monthly.csv,VNO-FPA-MAP-v1,APPROVED_SIMULATED,NO_EXCEPTION,SIMULATED_DERIVED
SIM-202407-00376,KR,VNO1,2024-07-28,2024-07,VND,CC-TRADE,PC-FMCG,5300,Variable Fulfilment,Variable Fulfilment,0,0,0,SYNTHETIC_LEDGER,trial_balance_monthly.csv,VNO-FPA-MAP-v1,APPROVED_SIMULATED,NO_EXCEPTION,SIMULATED_DERIVED
SIM-202407-00377,KR,VNO1,2024-07-28,2024-07,VND,CC-G&A,PC-CORP,6000,Controllable OPEX,Controllable OPEX,1073094117,0,-1073094117,SYNTHETIC_LEDGER,trial_balance_monthly.csv,VNO-FPA-MAP-v1,APPROVED_SIMULATED,NO_EXCEPTION,SIMULATED_DERIVED
SIM-202407-00378,KR,VNO1,2024-07-28,2024-07,VND,CC-G&A,PC-CORP,6100,Depreciation,Depreciation,0,0,0,SYNTHETIC_LEDGER,trial_balance_monthly.csv,VNO-FPA-MAP-v1,APPROVED_SIMULATED,NO_EXCEPTION,SIMULATED_DERIVED
SIM-202407-00379,KR,VNO1,2024-07-28,2024-07,VND,CC-TREASURY,PC-CORP,6200,Finance Cost,Finance Cost,48385417,0,-48385417,SYNTHETIC_LEDGER,trial_balance_monthly.csv,VNO-FPA-MAP-v1,APPROVED_SIMULATED,NO_EXCEPTION,SIMULATED_DERIVED
SIM-202407-00380,KR,VNO1,2024-07-28,2024-07,VND,CC-TAX,PC-CORP,6300,Tax Proxy,Tax Proxy,0,0,0,SYNTHETIC_LEDGER,trial_balance_monthly.csv,VNO-FPA-MAP-v1,APPROVED_SIMULATED,NO_EXCEPTION,SIMULATED_DERIVED
SIM-202408-00381,AA,VNO1,2024-08-28,2024-08,VND,CC-CORPORATE,PC-CORP,1000,Cash,Cash,-8123374897,0,8123374897,SYNTHETIC_LEDGER,trial_balance_monthly.csv,VNO-FPA-MAP-v1,APPROVED_SIMULATED,NO_EXCEPTION,SIMULATED_DERIVED
SIM-202408-00382,AA,VNO1,2024-08-28,2024-08,VND,CC-CORPORATE,PC-CORP,1100,Trade Receivables,Trade Receivables,3052870555,0,-3052870555,SYNTHETIC_LEDGER,trial_balance_monthly.csv,VNO-FPA-MAP-v1,APPROVED_SIMULATED,NO_EXCEPTION,SIMULATED_DERIVED
SIM-202408-00383,AA,VNO1,2024-08-28,2024-08,VND,CC-CORPORATE,PC-CORP,1200,Inventory,Inventory,284104626,0,-284104626,SYNTHETIC_LEDGER,trial_balance_monthly.csv,VNO-FPA-MAP-v1,APPROVED_SIMULATED,NO_EXCEPTION,SIMULATED_DERIVED
SIM-202408-00384,AA,VNO1,2024-08-28,2024-08,VND,CC-CORPORATE,PC-CORP,1500,Net PP&E,Net PP&E,0,0,0,SYNTHETIC_LEDGER,trial_balance_monthly.csv,VNO-FPA-MAP-v1,APPROVED_SIMULATED,NO_EXCEPTION,SIMULATED_DERIVED
SIM-202408-00385,AB,VNO1,2024-08-28,2024-08,VND,CC-CORPORATE,PC-CORP,2000,Trade Payables,Trade Payables,0,2111361740,2111361740,SYNTHETIC_LEDGER,trial_balance_monthly.csv,VNO-FPA-MAP-v1,APPROVED_SIMULATED,NO_EXCEPTION,SIMULATED_DERIVED
SIM-202408-00386,AB,VNO1,2024-08-28,2024-08,VND,CC-CORPORATE,PC-CORP,2500,Debt,Debt,0,7000000000,7000000000,SYNTHETIC_LEDGER,trial_balance_monthly.csv,VNO-FPA-MAP-v1,APPROVED_SIMULATED,NO_EXCEPTION,SIMULATED_DERIVED
SIM-202408-00387,AB,VNO1,2024-08-28,2024-08,VND,CC-CORPORATE,PC-CORP,3000,Opening Retained Earnings,Opening Retained Earnings,13133134032,0,-13133134032,SYNTHETIC_LEDGER,trial_balance_monthly.csv,VNO-FPA-MAP-v1,APPROVED_SIMULATED,NO_EXCEPTION,SIMULATED_DERIVED
SIM-202408-00388,SA,VNO1,2024-08-28,2024-08,VND,CC-COMMERCIAL,PC-FMCG,4000,Gross Sales,Gross Sales,0,1136640500,1136640500,SYNTHETIC_LEDGER,trial_balance_monthly.csv,VNO-FPA-MAP-v1,APPROVED_SIMULATED,NO_EXCEPTION,SIMULATED_DERIVED
SIM-202408-00389,SA,VNO1,2024-08-28,2024-08,VND,CC-COMMERCIAL,PC-FMCG,4010,Invoice Discounts,Invoice Discounts,54186795,0,-54186795,SYNTHETIC_LEDGER,trial_balance_monthly.csv,VNO-FPA-MAP-v1,APPROVED_SIMULATED,NO_EXCEPTION,SIMULATED_DERIVED
SIM-202408-00390,SA,VNO1,2024-08-28,2024-08,VND,CC-COMMERCIAL,PC-FMCG,4020,Returns,Returns,8569482,0,-8569482,SYNTHETIC_LEDGER,trial_balance_monthly.csv,VNO-FPA-MAP-v1,APPROVED_SIMULATED,NO_EXCEPTION,SIMULATED_DERIVED
SIM-202408-00391,SA,VNO1,2024-08-28,2024-08,VND,CC-COMMERCIAL,PC-FMCG,4030,Rebates,Rebates,0,0,0,SYNTHETIC_LEDGER,trial_balance_monthly.csv,VNO-FPA-MAP-v1,APPROVED_SIMULATED,NO_EXCEPTION,SIMULATED_DERIVED
SIM-202408-00392,SA,VNO1,2024-08-28,2024-08,VND,CC-COMMERCIAL,PC-FMCG,4040,Voucher Support,Voucher Support,0,0,0,SYNTHETIC_LEDGER,trial_balance_monthly.csv,VNO-FPA-MAP-v1,APPROVED_SIMULATED,NO_EXCEPTION,SIMULATED_DERIVED
SIM-202408-00393,KR,VNO1,2024-08-28,2024-08,VND,CC-SUPPLY,PC-FMCG,5000,COGS,COGS,559651653,0,-559651653,SYNTHETIC_LEDGER,trial_balance_monthly.csv,VNO-FPA-MAP-v1,APPROVED_SIMULATED,NO_EXCEPTION,SIMULATED_DERIVED
SIM-202408-00394,KR,VNO1,2024-08-28,2024-08,VND,CC-TRADE,PC-FMCG,5100,Channel Fees,Channel Fees,71786422,0,-71786422,SYNTHETIC_LEDGER,trial_balance_monthly.csv,VNO-FPA-MAP-v1,APPROVED_SIMULATED,NO_EXCEPTION,SIMULATED_DERIVED
SIM-202408-00395,KR,VNO1,2024-08-28,2024-08,VND,CC-TRADE,PC-FMCG,5200,Trade Spend,Trade Spend,27084035,0,-27084035,SYNTHETIC_LEDGER,trial_balance_monthly.csv,VNO-FPA-MAP-v1,APPROVED_SIMULATED,NO_EXCEPTION,SIMULATED_DERIVED
SIM-202408-00396,KR,VNO1,2024-08-28,2024-08,VND,CC-TRADE,PC-FMCG,5300,Variable Fulfilment,Variable Fulfilment,0,0,0,SYNTHETIC_LEDGER,trial_balance_monthly.csv,VNO-FPA-MAP-v1,APPROVED_SIMULATED,NO_EXCEPTION,SIMULATED_DERIVED
SIM-202408-00397,KR,VNO1,2024-08-28,2024-08,VND,CC-G&A,PC-CORP,6000,Controllable OPEX,Controllable OPEX,1131916620,0,-1131916620,SYNTHETIC_LEDGER,trial_balance_monthly.csv,VNO-FPA-MAP-v1,APPROVED_SIMULATED,NO_EXCEPTION,SIMULATED_DERIVED
SIM-202408-00398,KR,VNO1,2024-08-28,2024-08,VND,CC-G&A,PC-CORP,6100,Depreciation,Depreciation,0,0,0,SYNTHETIC_LEDGER,trial_balance_monthly.csv,VNO-FPA-MAP-v1,APPROVED_SIMULATED,NO_EXCEPTION,SIMULATED_DERIVED
SIM-202408-00399,KR,VNO1,2024-08-28,2024-08,VND,CC-TREASURY,PC-CORP,6200,Finance Cost,Finance Cost,48072917,0,-48072917,SYNTHETIC_LEDGER,trial_balance_monthly.csv,VNO-FPA-MAP-v1,APPROVED_SIMULATED,NO_EXCEPTION,SIMULATED_DERIVED
SIM-202408-00400,KR,VNO1,2024-08-28,2024-08,VND,CC-TAX,PC-CORP,6300,Tax Proxy,Tax Proxy,0,0,0,SYNTHETIC_LEDGER,trial_balance_monthly.csv,VNO-FPA-MAP-v1,APPROVED_SIMULATED,NO_EXCEPTION,SIMULATED_DERIVED
SIM-202409-00401,AA,VNO1,2024-09-28,2024-09,VND,CC-CORPORATE,PC-CORP,1000,Cash,Cash,-8956344600,0,8956344600,SYNTHETIC_LEDGER,trial_balance_monthly.csv,VNO-FPA-MAP-v1,APPROVED_SIMULATED,NO_EXCEPTION,SIMULATED_DERIVED
SIM-202409-00402,AA,VNO1,2024-09-28,2024-09,VND,CC-CORPORATE,PC-CORP,1100,Trade Receivables,Trade Receivables,3204394735,0,-3204394735,SYNTHETIC_LEDGER,trial_balance_monthly.csv,VNO-FPA-MAP-v1,APPROVED_SIMULATED,NO_EXCEPTION,SIMULATED_DERIVED
SIM-202409-00403,AA,VNO1,2024-09-28,2024-09,VND,CC-CORPORATE,PC-CORP,1200,Inventory,Inventory,307828620,0,-307828620,SYNTHETIC_LEDGER,trial_balance_monthly.csv,VNO-FPA-MAP-v1,APPROVED_SIMULATED,NO_EXCEPTION,SIMULATED_DERIVED
SIM-202409-00404,AA,VNO1,2024-09-28,2024-09,VND,CC-CORPORATE,PC-CORP,1500,Net PP&E,Net PP&E,0,0,0,SYNTHETIC_LEDGER,trial_balance_monthly.csv,VNO-FPA-MAP-v1,APPROVED_SIMULATED,NO_EXCEPTION,SIMULATED_DERIVED
SIM-202409-00405,AB,VNO1,2024-09-28,2024-09,VND,CC-CORPORATE,PC-CORP,2000,Trade Payables,Trade Payables,0,2205802010,2205802010,SYNTHETIC_LEDGER,trial_balance_monthly.csv,VNO-FPA-MAP-v1,APPROVED_SIMULATED,NO_EXCEPTION,SIMULATED_DERIVED
SIM-202409-00406,AB,VNO1,2024-09-28,2024-09,VND,CC-CORPORATE,PC-CORP,2500,Debt,Debt,0,6950000000,6950000000,SYNTHETIC_LEDGER,trial_balance_monthly.csv,VNO-FPA-MAP-v1,APPROVED_SIMULATED,NO_EXCEPTION,SIMULATED_DERIVED
SIM-202409-00407,AB,VNO1,2024-09-28,2024-09,VND,CC-CORPORATE,PC-CORP,3000,Opening Retained Earnings,Opening Retained Earnings,13897761456,0,-13897761456,SYNTHETIC_LEDGER,trial_balance_monthly.csv,VNO-FPA-MAP-v1,APPROVED_SIMULATED,NO_EXCEPTION,SIMULATED_DERIVED
SIM-202409-00408,SA,VNO1,2024-09-28,2024-09,VND,CC-COMMERCIAL,PC-FMCG,4000,Gross Sales,Gross Sales,0,1164437000,1164437000,SYNTHETIC_LEDGER,trial_balance_monthly.csv,VNO-FPA-MAP-v1,APPROVED_SIMULATED,NO_EXCEPTION,SIMULATED_DERIVED
SIM-202409-00409,SA,VNO1,2024-09-28,2024-09,VND,CC-COMMERCIAL,PC-FMCG,4010,Invoice Discounts,Invoice Discounts,73543470,0,-73543470,SYNTHETIC_LEDGER,trial_balance_monthly.csv,VNO-FPA-MAP-v1,APPROVED_SIMULATED,NO_EXCEPTION,SIMULATED_DERIVED
SIM-202409-00410,SA,VNO1,2024-09-28,2024-09,VND,CC-COMMERCIAL,PC-FMCG,4020,Returns,Returns,9071264,0,-9071264,SYNTHETIC_LEDGER,trial_balance_monthly.csv,VNO-FPA-MAP-v1,APPROVED_SIMULATED,NO_EXCEPTION,SIMULATED_DERIVED
SIM-202409-00411,SA,VNO1,2024-09-28,2024-09,VND,CC-COMMERCIAL,PC-FMCG,4030,Rebates,Rebates,0,0,0,SYNTHETIC_LEDGER,trial_balance_monthly.csv,VNO-FPA-MAP-v1,APPROVED_SIMULATED,NO_EXCEPTION,SIMULATED_DERIVED
SIM-202409-00412,SA,VNO1,2024-09-28,2024-09,VND,CC-COMMERCIAL,PC-FMCG,4040,Voucher Support,Voucher Support,0,0,0,SYNTHETIC_LEDGER,trial_balance_monthly.csv,VNO-FPA-MAP-v1,APPROVED_SIMULATED,NO_EXCEPTION,SIMULATED_DERIVED
SIM-202409-00413,KR,VNO1,2024-09-28,2024-09,VND,CC-SUPPLY,PC-FMCG,5000,COGS,COGS,574343733,0,-574343733,SYNTHETIC_LEDGER,trial_balance_monthly.csv,VNO-FPA-MAP-v1,APPROVED_SIMULATED,NO_EXCEPTION,SIMULATED_DERIVED
SIM-202409-00414,KR,VNO1,2024-09-28,2024-09,VND,CC-TRADE,PC-FMCG,5100,Channel Fees,Channel Fees,72801743,0,-72801743,SYNTHETIC_LEDGER,trial_balance_monthly.csv,VNO-FPA-MAP-v1,APPROVED_SIMULATED,NO_EXCEPTION,SIMULATED_DERIVED
SIM-202409-00415,KR,VNO1,2024-09-28,2024-09,VND,CC-TRADE,PC-FMCG,5200,Trade Spend,Trade Spend,27192900,0,-27192900,SYNTHETIC_LEDGER,trial_balance_monthly.csv,VNO-FPA-MAP-v1,APPROVED_SIMULATED,NO_EXCEPTION,SIMULATED_DERIVED
SIM-202409-00416,KR,VNO1,2024-09-28,2024-09,VND,CC-TRADE,PC-FMCG,5300,Variable Fulfilment,Variable Fulfilment,0,0,0,SYNTHETIC_LEDGER,trial_balance_monthly.csv,VNO-FPA-MAP-v1,APPROVED_SIMULATED,NO_EXCEPTION,SIMULATED_DERIVED
SIM-202409-00417,KR,VNO1,2024-09-28,2024-09,VND,CC-G&A,PC-CORP,6000,Controllable OPEX,Controllable OPEX,1061885272,0,-1061885272,SYNTHETIC_LEDGER,trial_balance_monthly.csv,VNO-FPA-MAP-v1,APPROVED_SIMULATED,NO_EXCEPTION,SIMULATED_DERIVED
SIM-202409-00418,KR,VNO1,2024-09-28,2024-09,VND,CC-G&A,PC-CORP,6100,Depreciation,Depreciation,0,0,0,SYNTHETIC_LEDGER,trial_balance_monthly.csv,VNO-FPA-MAP-v1,APPROVED_SIMULATED,NO_EXCEPTION,SIMULATED_DERIVED
SIM-202409-00419,KR,VNO1,2024-09-28,2024-09,VND,CC-TREASURY,PC-CORP,6200,Finance Cost,Finance Cost,47760417,0,-47760417,SYNTHETIC_LEDGER,trial_balance_monthly.csv,VNO-FPA-MAP-v1,APPROVED_SIMULATED,NO_EXCEPTION,SIMULATED_DERIVED
SIM-202409-00420,KR,VNO1,2024-09-28,2024-09,VND,CC-TAX,PC-CORP,6300,Tax Proxy,Tax Proxy,0,0,0,SYNTHETIC_LEDGER,trial_balance_monthly.csv,VNO-FPA-MAP-v1,APPROVED_SIMULATED,NO_EXCEPTION,SIMULATED_DERIVED
SIM-202410-00421,AA,VNO1,2024-10-28,2024-10,VND,CC-CORPORATE,PC-CORP,1000,Cash,Cash,-9884233505,0,9884233505,SYNTHETIC_LEDGER,trial_balance_monthly.csv,VNO-FPA-MAP-v1,APPROVED_SIMULATED,NO_EXCEPTION,SIMULATED_DERIVED
SIM-202410-00422,AA,VNO1,2024-10-28,2024-10,VND,CC-CORPORATE,PC-CORP,1100,Trade Receivables,Trade Receivables,3347149157,0,-3347149157,SYNTHETIC_LEDGER,trial_balance_monthly.csv,VNO-FPA-MAP-v1,APPROVED_SIMULATED,NO_EXCEPTION,SIMULATED_DERIVED
SIM-202410-00423,AA,VNO1,2024-10-28,2024-10,VND,CC-CORPORATE,PC-CORP,1200,Inventory,Inventory,358869025,0,-358869025,SYNTHETIC_LEDGER,trial_balance_monthly.csv,VNO-FPA-MAP-v1,APPROVED_SIMULATED,NO_EXCEPTION,SIMULATED_DERIVED
SIM-202410-00424,AA,VNO1,2024-10-28,2024-10,VND,CC-CORPORATE,PC-CORP,1500,Net PP&E,Net PP&E,0,0,0,SYNTHETIC_LEDGER,trial_balance_monthly.csv,VNO-FPA-MAP-v1,APPROVED_SIMULATED,NO_EXCEPTION,SIMULATED_DERIVED
SIM-202410-00425,AB,VNO1,2024-10-28,2024-10,VND,CC-CORPORATE,PC-CORP,2000,Trade Payables,Trade Payables,0,2315447062,2315447062,SYNTHETIC_LEDGER,trial_balance_monthly.csv,VNO-FPA-MAP-v1,APPROVED_SIMULATED,NO_EXCEPTION,SIMULATED_DERIVED
SIM-202410-00426,AB,VNO1,2024-10-28,2024-10,VND,CC-CORPORATE,PC-CORP,2500,Debt,Debt,0,6900000000,6900000000,SYNTHETIC_LEDGER,trial_balance_monthly.csv,VNO-FPA-MAP-v1,APPROVED_SIMULATED,NO_EXCEPTION,SIMULATED_DERIVED
SIM-202410-00427,AB,VNO1,2024-10-28,2024-10,VND,CC-CORPORATE,PC-CORP,3000,Opening Retained Earnings,Opening Retained Earnings,14599923255,0,-14599923255,SYNTHETIC_LEDGER,trial_balance_monthly.csv,VNO-FPA-MAP-v1,APPROVED_SIMULATED,NO_EXCEPTION,SIMULATED_DERIVED
SIM-202410-00428,SA,VNO1,2024-10-28,2024-10,VND,CC-COMMERCIAL,PC-FMCG,4000,Gross Sales,Gross Sales,0,1034445500,1034445500,SYNTHETIC_LEDGER,trial_balance_monthly.csv,VNO-FPA-MAP-v1,APPROVED_SIMULATED,NO_EXCEPTION,SIMULATED_DERIVED
SIM-202410-00429,SA,VNO1,2024-10-28,2024-10,VND,CC-COMMERCIAL,PC-FMCG,4010,Invoice Discounts,Invoice Discounts,49761675,0,-49761675,SYNTHETIC_LEDGER,trial_balance_monthly.csv,VNO-FPA-MAP-v1,APPROVED_SIMULATED,NO_EXCEPTION,SIMULATED_DERIVED
SIM-202410-00430,SA,VNO1,2024-10-28,2024-10,VND,CC-COMMERCIAL,PC-FMCG,4020,Returns,Returns,7863760,0,-7863760,SYNTHETIC_LEDGER,trial_balance_monthly.csv,VNO-FPA-MAP-v1,APPROVED_SIMULATED,NO_EXCEPTION,SIMULATED_DERIVED
SIM-202410-00431,SA,VNO1,2024-10-28,2024-10,VND,CC-COMMERCIAL,PC-FMCG,4030,Rebates,Rebates,0,0,0,SYNTHETIC_LEDGER,trial_balance_monthly.csv,VNO-FPA-MAP-v1,APPROVED_SIMULATED,NO_EXCEPTION,SIMULATED_DERIVED
SIM-202410-00432,SA,VNO1,2024-10-28,2024-10,VND,CC-COMMERCIAL,PC-FMCG,4040,Voucher Support,Voucher Support,0,0,0,SYNTHETIC_LEDGER,trial_balance_monthly.csv,VNO-FPA-MAP-v1,APPROVED_SIMULATED,NO_EXCEPTION,SIMULATED_DERIVED
SIM-202410-00433,KR,VNO1,2024-10-28,2024-10,VND,CC-SUPPLY,PC-FMCG,5000,COGS,COGS,509038963,0,-509038963,SYNTHETIC_LEDGER,trial_balance_monthly.csv,VNO-FPA-MAP-v1,APPROVED_SIMULATED,NO_EXCEPTION,SIMULATED_DERIVED
SIM-202410-00434,KR,VNO1,2024-10-28,2024-10,VND,CC-TRADE,PC-FMCG,5100,Channel Fees,Channel Fees,65778283,0,-65778283,SYNTHETIC_LEDGER,trial_balance_monthly.csv,VNO-FPA-MAP-v1,APPROVED_SIMULATED,NO_EXCEPTION,SIMULATED_DERIVED
SIM-202410-00435,KR,VNO1,2024-10-28,2024-10,VND,CC-TRADE,PC-FMCG,5200,Trade Spend,Trade Spend,24573696,0,-24573696,SYNTHETIC_LEDGER,trial_balance_monthly.csv,VNO-FPA-MAP-v1,APPROVED_SIMULATED,NO_EXCEPTION,SIMULATED_DERIVED
SIM-202410-00436,KR,VNO1,2024-10-28,2024-10,VND,CC-TRADE,PC-FMCG,5300,Variable Fulfilment,Variable Fulfilment,0,0,0,SYNTHETIC_LEDGER,trial_balance_monthly.csv,VNO-FPA-MAP-v1,APPROVED_SIMULATED,NO_EXCEPTION,SIMULATED_DERIVED
SIM-202410-00437,KR,VNO1,2024-10-28,2024-10,VND,CC-G&A,PC-CORP,6000,Controllable OPEX,Controllable OPEX,1123720336,0,-1123720336,SYNTHETIC_LEDGER,trial_balance_monthly.csv,VNO-FPA-MAP-v1,APPROVED_SIMULATED,NO_EXCEPTION,SIMULATED_DERIVED
SIM-202410-00438,KR,VNO1,2024-10-28,2024-10,VND,CC-G&A,PC-CORP,6100,Depreciation,Depreciation,0,0,0,SYNTHETIC_LEDGER,trial_balance_monthly.csv,VNO-FPA-MAP-v1,APPROVED_SIMULATED,NO_EXCEPTION,SIMULATED_DERIVED
SIM-202410-00439,KR,VNO1,2024-10-28,2024-10,VND,CC-TREASURY,PC-CORP,6200,Finance Cost,Finance Cost,47447917,0,-47447917,SYNTHETIC_LEDGER,trial_balance_monthly.csv,VNO-FPA-MAP-v1,APPROVED_SIMULATED,NO_EXCEPTION,SIMULATED_DERIVED
SIM-202410-00440,KR,VNO1,2024-10-28,2024-10,VND,CC-TAX,PC-CORP,6300,Tax Proxy,Tax Proxy,0,0,0,SYNTHETIC_LEDGER,trial_balance_monthly.csv,VNO-FPA-MAP-v1,APPROVED_SIMULATED,NO_EXCEPTION,SIMULATED_DERIVED
SIM-202411-00441,AA,VNO1,2024-11-28,2024-11,VND,CC-CORPORATE,PC-CORP,1000,Cash,Cash,-10828943637,0,10828943637,SYNTHETIC_LEDGER,trial_balance_monthly.csv,VNO-FPA-MAP-v1,APPROVED_SIMULATED,NO_EXCEPTION,SIMULATED_DERIVED
SIM-202411-00442,AA,VNO1,2024-11-28,2024-11,VND,CC-CORPORATE,PC-CORP,1100,Trade Receivables,Trade Receivables,3520309758,0,-3520309758,SYNTHETIC_LEDGER,trial_balance_monthly.csv,VNO-FPA-MAP-v1,APPROVED_SIMULATED,NO_EXCEPTION,SIMULATED_DERIVED
SIM-202411-00443,AA,VNO1,2024-11-28,2024-11,VND,CC-CORPORATE,PC-CORP,1200,Inventory,Inventory,398518885,0,-398518885,SYNTHETIC_LEDGER,trial_balance_monthly.csv,VNO-FPA-MAP-v1,APPROVED_SIMULATED,NO_EXCEPTION,SIMULATED_DERIVED
SIM-202411-00444,AA,VNO1,2024-11-28,2024-11,VND,CC-CORPORATE,PC-CORP,1500,Net PP&E,Net PP&E,0,0,0,SYNTHETIC_LEDGER,trial_balance_monthly.csv,VNO-FPA-MAP-v1,APPROVED_SIMULATED,NO_EXCEPTION,SIMULATED_DERIVED
SIM-202411-00445,AB,VNO1,2024-11-28,2024-11,VND,CC-CORPORATE,PC-CORP,2000,Trade Payables,Trade Payables,0,2422630196,2422630196,SYNTHETIC_LEDGER,trial_balance_monthly.csv,VNO-FPA-MAP-v1,APPROVED_SIMULATED,NO_EXCEPTION,SIMULATED_DERIVED
SIM-202411-00446,AB,VNO1,2024-11-28,2024-11,VND,CC-CORPORATE,PC-CORP,2500,Debt,Debt,0,6850000000,6850000000,SYNTHETIC_LEDGER,trial_balance_monthly.csv,VNO-FPA-MAP-v1,APPROVED_SIMULATED,NO_EXCEPTION,SIMULATED_DERIVED
SIM-202411-00447,AB,VNO1,2024-11-28,2024-11,VND,CC-CORPORATE,PC-CORP,3000,Opening Retained Earnings,Opening Retained Earnings,15393662385,0,-15393662385,SYNTHETIC_LEDGER,trial_balance_monthly.csv,VNO-FPA-MAP-v1,APPROVED_SIMULATED,NO_EXCEPTION,SIMULATED_DERIVED
SIM-202411-00448,SA,VNO1,2024-11-28,2024-11,VND,CC-COMMERCIAL,PC-FMCG,4000,Gross Sales,Gross Sales,0,1201818000,1201818000,SYNTHETIC_LEDGER,trial_balance_monthly.csv,VNO-FPA-MAP-v1,APPROVED_SIMULATED,NO_EXCEPTION,SIMULATED_DERIVED
SIM-202411-00449,SA,VNO1,2024-11-28,2024-11,VND,CC-COMMERCIAL,PC-FMCG,4010,Invoice Discounts,Invoice Discounts,57799705,0,-57799705,SYNTHETIC_LEDGER,trial_balance_monthly.csv,VNO-FPA-MAP-v1,APPROVED_SIMULATED,NO_EXCEPTION,SIMULATED_DERIVED
SIM-202411-00450,SA,VNO1,2024-11-28,2024-11,VND,CC-COMMERCIAL,PC-FMCG,4020,Returns,Returns,9123444,0,-9123444,SYNTHETIC_LEDGER,trial_balance_monthly.csv,VNO-FPA-MAP-v1,APPROVED_SIMULATED,NO_EXCEPTION,SIMULATED_DERIVED
SIM-202411-00451,SA,VNO1,2024-11-28,2024-11,VND,CC-COMMERCIAL,PC-FMCG,4030,Rebates,Rebates,0,0,0,SYNTHETIC_LEDGER,trial_balance_monthly.csv,VNO-FPA-MAP-v1,APPROVED_SIMULATED,NO_EXCEPTION,SIMULATED_DERIVED
SIM-202411-00452,SA,VNO1,2024-11-28,2024-11,VND,CC-COMMERCIAL,PC-FMCG,4040,Voucher Support,Voucher Support,0,0,0,SYNTHETIC_LEDGER,trial_balance_monthly.csv,VNO-FPA-MAP-v1,APPROVED_SIMULATED,NO_EXCEPTION,SIMULATED_DERIVED
SIM-202411-00453,KR,VNO1,2024-11-28,2024-11,VND,CC-SUPPLY,PC-FMCG,5000,COGS,COGS,590449614,0,-590449614,SYNTHETIC_LEDGER,trial_balance_monthly.csv,VNO-FPA-MAP-v1,APPROVED_SIMULATED,NO_EXCEPTION,SIMULATED_DERIVED
SIM-202411-00454,KR,VNO1,2024-11-28,2024-11,VND,CC-TRADE,PC-FMCG,5100,Channel Fees,Channel Fees,76400727,0,-76400727,SYNTHETIC_LEDGER,trial_balance_monthly.csv,VNO-FPA-MAP-v1,APPROVED_SIMULATED,NO_EXCEPTION,SIMULATED_DERIVED
SIM-202411-00455,KR,VNO1,2024-11-28,2024-11,VND,CC-TRADE,PC-FMCG,5200,Trade Spend,Trade Spend,28511248,0,-28511248,SYNTHETIC_LEDGER,trial_balance_monthly.csv,VNO-FPA-MAP-v1,APPROVED_SIMULATED,NO_EXCEPTION,SIMULATED_DERIVED
SIM-202411-00456,KR,VNO1,2024-11-28,2024-11,VND,CC-TRADE,PC-FMCG,5300,Variable Fulfilment,Variable Fulfilment,0,0,0,SYNTHETIC_LEDGER,trial_balance_monthly.csv,VNO-FPA-MAP-v1,APPROVED_SIMULATED,NO_EXCEPTION,SIMULATED_DERIVED
SIM-202411-00457,KR,VNO1,2024-11-28,2024-11,VND,CC-G&A,PC-CORP,6000,Controllable OPEX,Controllable OPEX,1181480650,0,-1181480650,SYNTHETIC_LEDGER,trial_balance_monthly.csv,VNO-FPA-MAP-v1,APPROVED_SIMULATED,NO_EXCEPTION,SIMULATED_DERIVED
SIM-202411-00458,KR,VNO1,2024-11-28,2024-11,VND,CC-G&A,PC-CORP,6100,Depreciation,Depreciation,0,0,0,SYNTHETIC_LEDGER,trial_balance_monthly.csv,VNO-FPA-MAP-v1,APPROVED_SIMULATED,NO_EXCEPTION,SIMULATED_DERIVED
SIM-202411-00459,KR,VNO1,2024-11-28,2024-11,VND,CC-TREASURY,PC-CORP,6200,Finance Cost,Finance Cost,47135417,0,-47135417,SYNTHETIC_LEDGER,trial_balance_monthly.csv,VNO-FPA-MAP-v1,APPROVED_SIMULATED,NO_EXCEPTION,SIMULATED_DERIVED
SIM-202411-00460,KR,VNO1,2024-11-28,2024-11,VND,CC-TAX,PC-CORP,6300,Tax Proxy,Tax Proxy,0,0,0,SYNTHETIC_LEDGER,trial_balance_monthly.csv,VNO-FPA-MAP-v1,APPROVED_SIMULATED,NO_EXCEPTION,SIMULATED_DERIVED
SIM-202412-00461,AA,VNO1,2024-12-28,2024-12,VND,CC-CORPORATE,PC-CORP,1000,Cash,Cash,-11949215288,0,11949215288,SYNTHETIC_LEDGER,trial_balance_monthly.csv,VNO-FPA-MAP-v1,APPROVED_SIMULATED,NO_EXCEPTION,SIMULATED_DERIVED
SIM-202412-00462,AA,VNO1,2024-12-28,2024-12,VND,CC-CORPORATE,PC-CORP,1100,Trade Receivables,Trade Receivables,3696686760,0,-3696686760,SYNTHETIC_LEDGER,trial_balance_monthly.csv,VNO-FPA-MAP-v1,APPROVED_SIMULATED,NO_EXCEPTION,SIMULATED_DERIVED
SIM-202412-00463,AA,VNO1,2024-12-28,2024-12,VND,CC-CORPORATE,PC-CORP,1200,Inventory,Inventory,467683450,0,-467683450,SYNTHETIC_LEDGER,trial_balance_monthly.csv,VNO-FPA-MAP-v1,APPROVED_SIMULATED,NO_EXCEPTION,SIMULATED_DERIVED
SIM-202412-00464,AA,VNO1,2024-12-28,2024-12,VND,CC-CORPORATE,PC-CORP,1500,Net PP&E,Net PP&E,0,0,0,SYNTHETIC_LEDGER,trial_balance_monthly.csv,VNO-FPA-MAP-v1,APPROVED_SIMULATED,NO_EXCEPTION,SIMULATED_DERIVED
SIM-202412-00465,AB,VNO1,2024-12-28,2024-12,VND,CC-CORPORATE,PC-CORP,2000,Trade Payables,Trade Payables,0,2535687916,2535687916,SYNTHETIC_LEDGER,trial_balance_monthly.csv,VNO-FPA-MAP-v1,APPROVED_SIMULATED,NO_EXCEPTION,SIMULATED_DERIVED
SIM-202412-00466,AB,VNO1,2024-12-28,2024-12,VND,CC-CORPORATE,PC-CORP,2500,Debt,Debt,0,6800000000,6800000000,SYNTHETIC_LEDGER,trial_balance_monthly.csv,VNO-FPA-MAP-v1,APPROVED_SIMULATED,NO_EXCEPTION,SIMULATED_DERIVED
SIM-202412-00467,AB,VNO1,2024-12-28,2024-12,VND,CC-CORPORATE,PC-CORP,3000,Opening Retained Earnings,Opening Retained Earnings,16182745190,0,-16182745190,SYNTHETIC_LEDGER,trial_balance_monthly.csv,VNO-FPA-MAP-v1,APPROVED_SIMULATED,NO_EXCEPTION,SIMULATED_DERIVED
SIM-202412-00468,SA,VNO1,2024-12-28,2024-12,VND,CC-COMMERCIAL,PC-FMCG,4000,Gross Sales,Gross Sales,0,1233096500,1233096500,SYNTHETIC_LEDGER,trial_balance_monthly.csv,VNO-FPA-MAP-v1,APPROVED_SIMULATED,NO_EXCEPTION,SIMULATED_DERIVED
SIM-202412-00469,SA,VNO1,2024-12-28,2024-12,VND,CC-COMMERCIAL,PC-FMCG,4010,Invoice Discounts,Invoice Discounts,59605770,0,-59605770,SYNTHETIC_LEDGER,trial_balance_monthly.csv,VNO-FPA-MAP-v1,APPROVED_SIMULATED,NO_EXCEPTION,SIMULATED_DERIVED
SIM-202412-00470,SA,VNO1,2024-12-28,2024-12,VND,CC-COMMERCIAL,PC-FMCG,4020,Returns,Returns,9454964,0,-9454964,SYNTHETIC_LEDGER,trial_balance_monthly.csv,VNO-FPA-MAP-v1,APPROVED_SIMULATED,NO_EXCEPTION,SIMULATED_DERIVED
SIM-202412-00471,SA,VNO1,2024-12-28,2024-12,VND,CC-COMMERCIAL,PC-FMCG,4030,Rebates,Rebates,0,0,0,SYNTHETIC_LEDGER,trial_balance_monthly.csv,VNO-FPA-MAP-v1,APPROVED_SIMULATED,NO_EXCEPTION,SIMULATED_DERIVED
SIM-202412-00472,SA,VNO1,2024-12-28,2024-12,VND,CC-COMMERCIAL,PC-FMCG,4040,Voucher Support,Voucher Support,0,0,0,SYNTHETIC_LEDGER,trial_balance_monthly.csv,VNO-FPA-MAP-v1,APPROVED_SIMULATED,NO_EXCEPTION,SIMULATED_DERIVED
SIM-202412-00473,KR,VNO1,2024-12-28,2024-12,VND,CC-SUPPLY,PC-FMCG,5000,COGS,COGS,606855245,0,-606855245,SYNTHETIC_LEDGER,trial_balance_monthly.csv,VNO-FPA-MAP-v1,APPROVED_SIMULATED,NO_EXCEPTION,SIMULATED_DERIVED
SIM-202412-00474,KR,VNO1,2024-12-28,2024-12,VND,CC-TRADE,PC-FMCG,5100,Channel Fees,Channel Fees,78874438,0,-78874438,SYNTHETIC_LEDGER,trial_balance_monthly.csv,VNO-FPA-MAP-v1,APPROVED_SIMULATED,NO_EXCEPTION,SIMULATED_DERIVED
SIM-202412-00475,KR,VNO1,2024-12-28,2024-12,VND,CC-TRADE,PC-FMCG,5200,Trade Spend,Trade Spend,29157545,0,-29157545,SYNTHETIC_LEDGER,trial_balance_monthly.csv,VNO-FPA-MAP-v1,APPROVED_SIMULATED,NO_EXCEPTION,SIMULATED_DERIVED
SIM-202412-00476,KR,VNO1,2024-12-28,2024-12,VND,CC-TRADE,PC-FMCG,5300,Variable Fulfilment,Variable Fulfilment,0,0,0,SYNTHETIC_LEDGER,trial_balance_monthly.csv,VNO-FPA-MAP-v1,APPROVED_SIMULATED,NO_EXCEPTION,SIMULATED_DERIVED
SIM-202412-00477,KR,VNO1,2024-12-28,2024-12,VND,CC-G&A,PC-CORP,6000,Controllable OPEX,Controllable OPEX,1340113425,0,-1340113425,SYNTHETIC_LEDGER,trial_balance_monthly.csv,VNO-FPA-MAP-v1,APPROVED_SIMULATED,NO_EXCEPTION,SIMULATED_DERIVED
SIM-202412-00478,KR,VNO1,2024-12-28,2024-12,VND,CC-G&A,PC-CORP,6100,Depreciation,Depreciation,0,0,0,SYNTHETIC_LEDGER,trial_balance_monthly.csv,VNO-FPA-MAP-v1,APPROVED_SIMULATED,NO_EXCEPTION,SIMULATED_DERIVED
SIM-202412-00479,KR,VNO1,2024-12-28,2024-12,VND,CC-TREASURY,PC-CORP,6200,Finance Cost,Finance Cost,46822917,0,-46822917,SYNTHETIC_LEDGER,trial_balance_monthly.csv,VNO-FPA-MAP-v1,APPROVED_SIMULATED,NO_EXCEPTION,SIMULATED_DERIVED
SIM-202412-00480,KR,VNO1,2024-12-28,2024-12,VND,CC-TAX,PC-CORP,6300,Tax Proxy,Tax Proxy,0,0,0,SYNTHETIC_LEDGER,trial_balance_monthly.csv,VNO-FPA-MAP-v1,APPROVED_SIMULATED,NO_EXCEPTION,SIMULATED_DERIVED
SIM-202501-00481,AA,VNO1,2025-01-28,2025-01,VND,CC-CORPORATE,PC-CORP,1000,Cash,Cash,-14148635733.8,0,14148635733.8,SYNTHETIC_LEDGER,trial_balance_monthly.csv,VNO-FPA-MAP-v1,APPROVED_SIMULATED,NO_EXCEPTION,SIMULATED_DERIVED
SIM-202501-00482,AA,VNO1,2025-01-28,2025-01,VND,CC-CORPORATE,PC-CORP,1100,Trade Receivables,Trade Receivables,3853286753,0,-3853286753,SYNTHETIC_LEDGER,trial_balance_monthly.csv,VNO-FPA-MAP-v1,APPROVED_SIMULATED,NO_EXCEPTION,SIMULATED_DERIVED
SIM-202501-00483,AA,VNO1,2025-01-28,2025-01,VND,CC-CORPORATE,PC-CORP,1200,Inventory,Inventory,531126160,0,-531126160,SYNTHETIC_LEDGER,trial_balance_monthly.csv,VNO-FPA-MAP-v1,APPROVED_SIMULATED,NO_EXCEPTION,SIMULATED_DERIVED
SIM-202501-00484,AA,VNO1,2025-01-28,2025-01,VND,CC-CORPORATE,PC-CORP,1500,Net PP&E,Net PP&E,1261125000,0,-1261125000,SYNTHETIC_LEDGER,trial_balance_monthly.csv,VNO-FPA-MAP-v1,APPROVED_SIMULATED,NO_EXCEPTION,SIMULATED_DERIVED
SIM-202501-00485,AB,VNO1,2025-01-28,2025-01,VND,CC-CORPORATE,PC-CORP,2000,Trade Payables,Trade Payables,0,2641276950,2641276950,SYNTHETIC_LEDGER,trial_balance_monthly.csv,VNO-FPA-MAP-v1,APPROVED_SIMULATED,NO_EXCEPTION,SIMULATED_DERIVED
SIM-202501-00486,AB,VNO1,2025-01-28,2025-01,VND,CC-CORPORATE,PC-CORP,2500,Debt,Debt,0,6750000000,6750000000,SYNTHETIC_LEDGER,trial_balance_monthly.csv,VNO-FPA-MAP-v1,APPROVED_SIMULATED,NO_EXCEPTION,SIMULATED_DERIVED
SIM-202501-00487,AB,VNO1,2025-01-28,2025-01,VND,CC-CORPORATE,PC-CORP,3000,Opening Retained Earnings,Opening Retained Earnings,17120532994,0,-17120532994,SYNTHETIC_LEDGER,trial_balance_monthly.csv,VNO-FPA-MAP-v1,APPROVED_SIMULATED,NO_EXCEPTION,SIMULATED_DERIVED
SIM-202501-00488,SA,VNO1,2025-01-28,2025-01,VND,CC-COMMERCIAL,PC-FMCG,4000,Gross Sales,Gross Sales,0,1058922000,1058922000,SYNTHETIC_LEDGER,trial_balance_monthly.csv,VNO-FPA-MAP-v1,APPROVED_SIMULATED,NO_EXCEPTION,SIMULATED_DERIVED
SIM-202501-00489,SA,VNO1,2025-01-28,2025-01,VND,CC-COMMERCIAL,PC-FMCG,4010,Invoice Discounts,Invoice Discounts,51100225,0,-51100225,SYNTHETIC_LEDGER,trial_balance_monthly.csv,VNO-FPA-MAP-v1,APPROVED_SIMULATED,NO_EXCEPTION,SIMULATED_DERIVED
SIM-202501-00490,SA,VNO1,2025-01-28,2025-01,VND,CC-COMMERCIAL,PC-FMCG,4020,Returns,Returns,8100347,0,-8100347,SYNTHETIC_LEDGER,trial_balance_monthly.csv,VNO-FPA-MAP-v1,APPROVED_SIMULATED,NO_EXCEPTION,SIMULATED_DERIVED
SIM-202501-00491,SA,VNO1,2025-01-28,2025-01,VND,CC-COMMERCIAL,PC-FMCG,4030,Rebates,Rebates,0,0,0,SYNTHETIC_LEDGER,trial_balance_monthly.csv,VNO-FPA-MAP-v1,APPROVED_SIMULATED,NO_EXCEPTION,SIMULATED_DERIVED
SIM-202501-00492,SA,VNO1,2025-01-28,2025-01,VND,CC-COMMERCIAL,PC-FMCG,4040,Voucher Support,Voucher Support,0,0,0,SYNTHETIC_LEDGER,trial_balance_monthly.csv,VNO-FPA-MAP-v1,APPROVED_SIMULATED,NO_EXCEPTION,SIMULATED_DERIVED
SIM-202501-00493,KR,VNO1,2025-01-28,2025-01,VND,CC-SUPPLY,PC-FMCG,5000,COGS,COGS,521736684,0,-521736684,SYNTHETIC_LEDGER,trial_balance_monthly.csv,VNO-FPA-MAP-v1,APPROVED_SIMULATED,NO_EXCEPTION,SIMULATED_DERIVED
SIM-202501-00494,KR,VNO1,2025-01-28,2025-01,VND,CC-TRADE,PC-FMCG,5100,Channel Fees,Channel Fees,67652494,0,-67652494,SYNTHETIC_LEDGER,trial_balance_monthly.csv,VNO-FPA-MAP-v1,APPROVED_SIMULATED,NO_EXCEPTION,SIMULATED_DERIVED
SIM-202501-00495,KR,VNO1,2025-01-28,2025-01,VND,CC-TRADE,PC-FMCG,5200,Trade Spend,Trade Spend,25174261,0,-25174261,SYNTHETIC_LEDGER,trial_balance_monthly.csv,VNO-FPA-MAP-v1,APPROVED_SIMULATED,NO_EXCEPTION,SIMULATED_DERIVED
SIM-202501-00496,KR,VNO1,2025-01-28,2025-01,VND,CC-TRADE,PC-FMCG,5300,Variable Fulfilment,Variable Fulfilment,0,0,0,SYNTHETIC_LEDGER,trial_balance_monthly.csv,VNO-FPA-MAP-v1,APPROVED_SIMULATED,NO_EXCEPTION,SIMULATED_DERIVED
SIM-202501-00497,KR,VNO1,2025-01-28,2025-01,VND,CC-G&A,PC-CORP,6000,Controllable OPEX,Controllable OPEX,1091114348.8,0,-1091114348.8,SYNTHETIC_LEDGER,trial_balance_monthly.csv,VNO-FPA-MAP-v1,APPROVED_SIMULATED,NO_EXCEPTION,SIMULATED_DERIVED
SIM-202501-00498,KR,VNO1,2025-01-28,2025-01,VND,CC-G&A,PC-CORP,6100,Depreciation,Depreciation,21375000,0,-21375000,SYNTHETIC_LEDGER,trial_balance_monthly.csv,VNO-FPA-MAP-v1,APPROVED_SIMULATED,NO_EXCEPTION,SIMULATED_DERIVED
SIM-202501-00499,KR,VNO1,2025-01-28,2025-01,VND,CC-TREASURY,PC-CORP,6200,Finance Cost,Finance Cost,46510417,0,-46510417,SYNTHETIC_LEDGER,trial_balance_monthly.csv,VNO-FPA-MAP-v1,APPROVED_SIMULATED,NO_EXCEPTION,SIMULATED_DERIVED
SIM-202501-00500,KR,VNO1,2025-01-28,2025-01,VND,CC-TAX,PC-CORP,6300,Tax Proxy,Tax Proxy,0,0,0,SYNTHETIC_LEDGER,trial_balance_monthly.csv,VNO-FPA-MAP-v1,APPROVED_SIMULATED,NO_EXCEPTION,SIMULATED_DERIVED
SIM-202502-00501,AA,VNO1,2025-02-28,2025-02,VND,CC-CORPORATE,PC-CORP,1000,Cash,Cash,-16439341698.4,0,16439341698.4,SYNTHETIC_LEDGER,trial_balance_monthly.csv,VNO-FPA-MAP-v1,APPROVED_SIMULATED,NO_EXCEPTION,SIMULATED_DERIVED
SIM-202502-00502,AA,VNO1,2025-02-28,2025-02,VND,CC-CORPORATE,PC-CORP,1100,Trade Receivables,Trade Receivables,4056102682,0,-4056102682,SYNTHETIC_LEDGER,trial_balance_monthly.csv,VNO-FPA-MAP-v1,APPROVED_SIMULATED,NO_EXCEPTION,SIMULATED_DERIVED
SIM-202502-00503,AA,VNO1,2025-02-28,2025-02,VND,CC-CORPORATE,PC-CORP,1200,Inventory,Inventory,641965610,0,-641965610,SYNTHETIC_LEDGER,trial_balance_monthly.csv,VNO-FPA-MAP-v1,APPROVED_SIMULATED,NO_EXCEPTION,SIMULATED_DERIVED
SIM-202502-00504,AA,VNO1,2025-02-28,2025-02,VND,CC-CORPORATE,PC-CORP,1500,Net PP&E,Net PP&E,2522250000,0,-2522250000,SYNTHETIC_LEDGER,trial_balance_monthly.csv,VNO-FPA-MAP-v1,APPROVED_SIMULATED,NO_EXCEPTION,SIMULATED_DERIVED
SIM-202502-00505,AB,VNO1,2025-02-28,2025-02,VND,CC-CORPORATE,PC-CORP,2000,Trade Payables,Trade Payables,0,2745021960,2745021960,SYNTHETIC_LEDGER,trial_balance_monthly.csv,VNO-FPA-MAP-v1,APPROVED_SIMULATED,NO_EXCEPTION,SIMULATED_DERIVED
SIM-202502-00506,AB,VNO1,2025-02-28,2025-02,VND,CC-CORPORATE,PC-CORP,2500,Debt,Debt,0,6700000000,6700000000,SYNTHETIC_LEDGER,trial_balance_monthly.csv,VNO-FPA-MAP-v1,APPROVED_SIMULATED,NO_EXCEPTION,SIMULATED_DERIVED
SIM-202502-00507,AB,VNO1,2025-02-28,2025-02,VND,CC-CORPORATE,PC-CORP,3000,Opening Retained Earnings,Opening Retained Earnings,17894374770.8,0,-17894374770.8,SYNTHETIC_LEDGER,trial_balance_monthly.csv,VNO-FPA-MAP-v1,APPROVED_SIMULATED,NO_EXCEPTION,SIMULATED_DERIVED
SIM-202502-00508,SA,VNO1,2025-02-28,2025-02,VND,CC-COMMERCIAL,PC-FMCG,4000,Gross Sales,Gross Sales,0,1086298500,1086298500,SYNTHETIC_LEDGER,trial_balance_monthly.csv,VNO-FPA-MAP-v1,APPROVED_SIMULATED,NO_EXCEPTION,SIMULATED_DERIVED
SIM-202502-00509,SA,VNO1,2025-02-28,2025-02,VND,CC-COMMERCIAL,PC-FMCG,4010,Invoice Discounts,Invoice Discounts,52252155,0,-52252155,SYNTHETIC_LEDGER,trial_balance_monthly.csv,VNO-FPA-MAP-v1,APPROVED_SIMULATED,NO_EXCEPTION,SIMULATED_DERIVED
SIM-202502-00510,SA,VNO1,2025-02-28,2025-02,VND,CC-COMMERCIAL,PC-FMCG,4020,Returns,Returns,8281678,0,-8281678,SYNTHETIC_LEDGER,trial_balance_monthly.csv,VNO-FPA-MAP-v1,APPROVED_SIMULATED,NO_EXCEPTION,SIMULATED_DERIVED
SIM-202502-00511,SA,VNO1,2025-02-28,2025-02,VND,CC-COMMERCIAL,PC-FMCG,4030,Rebates,Rebates,0,0,0,SYNTHETIC_LEDGER,trial_balance_monthly.csv,VNO-FPA-MAP-v1,APPROVED_SIMULATED,NO_EXCEPTION,SIMULATED_DERIVED
SIM-202502-00512,SA,VNO1,2025-02-28,2025-02,VND,CC-COMMERCIAL,PC-FMCG,4040,Voucher Support,Voucher Support,0,0,0,SYNTHETIC_LEDGER,trial_balance_monthly.csv,VNO-FPA-MAP-v1,APPROVED_SIMULATED,NO_EXCEPTION,SIMULATED_DERIVED
SIM-202502-00513,KR,VNO1,2025-02-28,2025-02,VND,CC-SUPPLY,PC-FMCG,5000,COGS,COGS,534222503,0,-534222503,SYNTHETIC_LEDGER,trial_balance_monthly.csv,VNO-FPA-MAP-v1,APPROVED_SIMULATED,NO_EXCEPTION,SIMULATED_DERIVED
SIM-202502-00514,KR,VNO1,2025-02-28,2025-02,VND,CC-TRADE,PC-FMCG,5100,Channel Fees,Channel Fees,69181171,0,-69181171,SYNTHETIC_LEDGER,trial_balance_monthly.csv,VNO-FPA-MAP-v1,APPROVED_SIMULATED,NO_EXCEPTION,SIMULATED_DERIVED
SIM-202502-00515,KR,VNO1,2025-02-28,2025-02,VND,CC-TRADE,PC-FMCG,5200,Trade Spend,Trade Spend,25786198,0,-25786198,SYNTHETIC_LEDGER,trial_balance_monthly.csv,VNO-FPA-MAP-v1,APPROVED_SIMULATED,NO_EXCEPTION,SIMULATED_DERIVED
SIM-202502-00516,KR,VNO1,2025-02-28,2025-02,VND,CC-TRADE,PC-FMCG,5300,Variable Fulfilment,Variable Fulfilment,0,0,0,SYNTHETIC_LEDGER,trial_balance_monthly.csv,VNO-FPA-MAP-v1,APPROVED_SIMULATED,NO_EXCEPTION,SIMULATED_DERIVED
SIM-202502-00517,KR,VNO1,2025-02-28,2025-02,VND,CC-G&A,PC-CORP,6000,Controllable OPEX,Controllable OPEX,1098672473.6,0,-1098672473.6,SYNTHETIC_LEDGER,trial_balance_monthly.csv,VNO-FPA-MAP-v1,APPROVED_SIMULATED,NO_EXCEPTION,SIMULATED_DERIVED
SIM-202502-00518,KR,VNO1,2025-02-28,2025-02,VND,CC-G&A,PC-CORP,6100,Depreciation,Depreciation,21375000,0,-21375000,SYNTHETIC_LEDGER,trial_balance_monthly.csv,VNO-FPA-MAP-v1,APPROVED_SIMULATED,NO_EXCEPTION,SIMULATED_DERIVED
SIM-202502-00519,KR,VNO1,2025-02-28,2025-02,VND,CC-TREASURY,PC-CORP,6200,Finance Cost,Finance Cost,46197917,0,-46197917,SYNTHETIC_LEDGER,trial_balance_monthly.csv,VNO-FPA-MAP-v1,APPROVED_SIMULATED,NO_EXCEPTION,SIMULATED_DERIVED
SIM-202502-00520,KR,VNO1,2025-02-28,2025-02,VND,CC-TAX,PC-CORP,6300,Tax Proxy,Tax Proxy,0,0,0,SYNTHETIC_LEDGER,trial_balance_monthly.csv,VNO-FPA-MAP-v1,APPROVED_SIMULATED,NO_EXCEPTION,SIMULATED_DERIVED
SIM-202503-00521,AA,VNO1,2025-03-28,2025-03,VND,CC-CORPORATE,PC-CORP,1000,Cash,Cash,-18088450397.4,0,18088450397.4,SYNTHETIC_LEDGER,trial_balance_monthly.csv,VNO-FPA-MAP-v1,APPROVED_SIMULATED,NO_EXCEPTION,SIMULATED_DERIVED
SIM-202503-00522,AA,VNO1,2025-03-28,2025-03,VND,CC-CORPORATE,PC-CORP,1100,Trade Receivables,Trade Receivables,4257596156,0,-4257596156,SYNTHETIC_LEDGER,trial_balance_monthly.csv,VNO-FPA-MAP-v1,APPROVED_SIMULATED,NO_EXCEPTION,SIMULATED_DERIVED
SIM-202503-00523,AA,VNO1,2025-03-28,2025-03,VND,CC-CORPORATE,PC-CORP,1200,Inventory,Inventory,733564515,0,-733564515,SYNTHETIC_LEDGER,trial_balance_monthly.csv,VNO-FPA-MAP-v1,APPROVED_SIMULATED,NO_EXCEPTION,SIMULATED_DERIVED
SIM-202503-00524,AA,VNO1,2025-03-28,2025-03,VND,CC-CORPORATE,PC-CORP,1500,Net PP&E,Net PP&E,3152812500,0,-3152812500,SYNTHETIC_LEDGER,trial_balance_monthly.csv,VNO-FPA-MAP-v1,APPROVED_SIMULATED,NO_EXCEPTION,SIMULATED_DERIVED
SIM-202503-00525,AB,VNO1,2025-03-28,2025-03,VND,CC-CORPORATE,PC-CORP,2000,Trade Payables,Trade Payables,0,2845677672,2845677672,SYNTHETIC_LEDGER,trial_balance_monthly.csv,VNO-FPA-MAP-v1,APPROVED_SIMULATED,NO_EXCEPTION,SIMULATED_DERIVED
SIM-202503-00526,AB,VNO1,2025-03-28,2025-03,VND,CC-CORPORATE,PC-CORP,2500,Debt,Debt,0,6650000000,6650000000,SYNTHETIC_LEDGER,trial_balance_monthly.csv,VNO-FPA-MAP-v1,APPROVED_SIMULATED,NO_EXCEPTION,SIMULATED_DERIVED
SIM-202503-00527,AB,VNO1,2025-03-28,2025-03,VND,CC-CORPORATE,PC-CORP,3000,Opening Retained Earnings,Opening Retained Earnings,18664045366.4,0,-18664045366.4,SYNTHETIC_LEDGER,trial_balance_monthly.csv,VNO-FPA-MAP-v1,APPROVED_SIMULATED,NO_EXCEPTION,SIMULATED_DERIVED
SIM-202503-00528,SA,VNO1,2025-03-28,2025-03,VND,CC-COMMERCIAL,PC-FMCG,4000,Gross Sales,Gross Sales,0,1126191000,1126191000,SYNTHETIC_LEDGER,trial_balance_monthly.csv,VNO-FPA-MAP-v1,APPROVED_SIMULATED,NO_EXCEPTION,SIMULATED_DERIVED
SIM-202503-00529,SA,VNO1,2025-03-28,2025-03,VND,CC-COMMERCIAL,PC-FMCG,4010,Invoice Discounts,Invoice Discounts,53858420,0,-53858420,SYNTHETIC_LEDGER,trial_balance_monthly.csv,VNO-FPA-MAP-v1,APPROVED_SIMULATED,NO_EXCEPTION,SIMULATED_DERIVED
SIM-202503-00530,SA,VNO1,2025-03-28,2025-03,VND,CC-COMMERCIAL,PC-FMCG,4020,Returns,Returns,8531870,0,-8531870,SYNTHETIC_LEDGER,trial_balance_monthly.csv,VNO-FPA-MAP-v1,APPROVED_SIMULATED,NO_EXCEPTION,SIMULATED_DERIVED
SIM-202503-00531,SA,VNO1,2025-03-28,2025-03,VND,CC-COMMERCIAL,PC-FMCG,4030,Rebates,Rebates,0,0,0,SYNTHETIC_LEDGER,trial_balance_monthly.csv,VNO-FPA-MAP-v1,APPROVED_SIMULATED,NO_EXCEPTION,SIMULATED_DERIVED
SIM-202503-00532,SA,VNO1,2025-03-28,2025-03,VND,CC-COMMERCIAL,PC-FMCG,4040,Voucher Support,Voucher Support,0,0,0,SYNTHETIC_LEDGER,trial_balance_monthly.csv,VNO-FPA-MAP-v1,APPROVED_SIMULATED,NO_EXCEPTION,SIMULATED_DERIVED
SIM-202503-00533,KR,VNO1,2025-03-28,2025-03,VND,CC-SUPPLY,PC-FMCG,5000,COGS,COGS,555653678,0,-555653678,SYNTHETIC_LEDGER,trial_balance_monthly.csv,VNO-FPA-MAP-v1,APPROVED_SIMULATED,NO_EXCEPTION,SIMULATED_DERIVED
SIM-202503-00534,KR,VNO1,2025-03-28,2025-03,VND,CC-TRADE,PC-FMCG,5100,Channel Fees,Channel Fees,71309113,0,-71309113,SYNTHETIC_LEDGER,trial_balance_monthly.csv,VNO-FPA-MAP-v1,APPROVED_SIMULATED,NO_EXCEPTION,SIMULATED_DERIVED
SIM-202503-00535,KR,VNO1,2025-03-28,2025-03,VND,CC-TRADE,PC-FMCG,5200,Trade Spend,Trade Spend,26733510,0,-26733510,SYNTHETIC_LEDGER,trial_balance_monthly.csv,VNO-FPA-MAP-v1,APPROVED_SIMULATED,NO_EXCEPTION,SIMULATED_DERIVED
SIM-202503-00536,KR,VNO1,2025-03-28,2025-03,VND,CC-TRADE,PC-FMCG,5300,Variable Fulfilment,Variable Fulfilment,0,0,0,SYNTHETIC_LEDGER,trial_balance_monthly.csv,VNO-FPA-MAP-v1,APPROVED_SIMULATED,NO_EXCEPTION,SIMULATED_DERIVED
SIM-202503-00537,KR,VNO1,2025-03-28,2025-03,VND,CC-G&A,PC-CORP,6000,Controllable OPEX,Controllable OPEX,1129641024,0,-1129641024,SYNTHETIC_LEDGER,trial_balance_monthly.csv,VNO-FPA-MAP-v1,APPROVED_SIMULATED,NO_EXCEPTION,SIMULATED_DERIVED
SIM-202503-00538,KR,VNO1,2025-03-28,2025-03,VND,CC-G&A,PC-CORP,6100,Depreciation,Depreciation,10687500,0,-10687500,SYNTHETIC_LEDGER,trial_balance_monthly.csv,VNO-FPA-MAP-v1,APPROVED_SIMULATED,NO_EXCEPTION,SIMULATED_DERIVED
SIM-202503-00539,KR,VNO1,2025-03-28,2025-03,VND,CC-TREASURY,PC-CORP,6200,Finance Cost,Finance Cost,45885417,0,-45885417,SYNTHETIC_LEDGER,trial_balance_monthly.csv,VNO-FPA-MAP-v1,APPROVED_SIMULATED,NO_EXCEPTION,SIMULATED_DERIVED
SIM-202503-00540,KR,VNO1,2025-03-28,2025-03,VND,CC-TAX,PC-CORP,6300,Tax Proxy,Tax Proxy,0,0,0,SYNTHETIC_LEDGER,trial_balance_monthly.csv,VNO-FPA-MAP-v1,APPROVED_SIMULATED,NO_EXCEPTION,SIMULATED_DERIVED
SIM-202504-00541,AA,VNO1,2025-04-28,2025-04,VND,CC-CORPORATE,PC-CORP,1000,Cash,Cash,-19734189307.4,0,19734189307.4,SYNTHETIC_LEDGER,trial_balance_monthly.csv,VNO-FPA-MAP-v1,APPROVED_SIMULATED,NO_EXCEPTION,SIMULATED_DERIVED
SIM-202504-00542,AA,VNO1,2025-04-28,2025-04,VND,CC-CORPORATE,PC-CORP,1100,Trade Receivables,Trade Receivables,4455705964,0,-4455705964,SYNTHETIC_LEDGER,trial_balance_monthly.csv,VNO-FPA-MAP-v1,APPROVED_SIMULATED,NO_EXCEPTION,SIMULATED_DERIVED
SIM-202504-00543,AA,VNO1,2025-04-28,2025-04,VND,CC-CORPORATE,PC-CORP,1200,Inventory,Inventory,767834930,0,-767834930,SYNTHETIC_LEDGER,trial_balance_monthly.csv,VNO-FPA-MAP-v1,APPROVED_SIMULATED,NO_EXCEPTION,SIMULATED_DERIVED
SIM-202504-00544,AA,VNO1,2025-04-28,2025-04,VND,CC-CORPORATE,PC-CORP,1500,Net PP&E,Net PP&E,3783375000,0,-3783375000,SYNTHETIC_LEDGER,trial_balance_monthly.csv,VNO-FPA-MAP-v1,APPROVED_SIMULATED,NO_EXCEPTION,SIMULATED_DERIVED
SIM-202504-00545,AB,VNO1,2025-04-28,2025-04,VND,CC-CORPORATE,PC-CORP,2000,Trade Payables,Trade Payables,0,2947679333,2947679333,SYNTHETIC_LEDGER,trial_balance_monthly.csv,VNO-FPA-MAP-v1,APPROVED_SIMULATED,NO_EXCEPTION,SIMULATED_DERIVED
SIM-202504-00546,AB,VNO1,2025-04-28,2025-04,VND,CC-CORPORATE,PC-CORP,2500,Debt,Debt,0,6600000000,6600000000,SYNTHETIC_LEDGER,trial_balance_monthly.csv,VNO-FPA-MAP-v1,APPROVED_SIMULATED,NO_EXCEPTION,SIMULATED_DERIVED
SIM-202504-00547,AB,VNO1,2025-04-28,2025-04,VND,CC-CORPORATE,PC-CORP,3000,Opening Retained Earnings,Opening Retained Earnings,19440154898.4,0,-19440154898.4,SYNTHETIC_LEDGER,trial_balance_monthly.csv,VNO-FPA-MAP-v1,APPROVED_SIMULATED,NO_EXCEPTION,SIMULATED_DERIVED
SIM-202504-00548,SA,VNO1,2025-04-28,2025-04,VND,CC-COMMERCIAL,PC-FMCG,4000,Gross Sales,Gross Sales,0,1095212000,1095212000,SYNTHETIC_LEDGER,trial_balance_monthly.csv,VNO-FPA-MAP-v1,APPROVED_SIMULATED,NO_EXCEPTION,SIMULATED_DERIVED
SIM-202504-00549,SA,VNO1,2025-04-28,2025-04,VND,CC-COMMERCIAL,PC-FMCG,4010,Invoice Discounts,Invoice Discounts,53162230,0,-53162230,SYNTHETIC_LEDGER,trial_balance_monthly.csv,VNO-FPA-MAP-v1,APPROVED_SIMULATED,NO_EXCEPTION,SIMULATED_DERIVED
SIM-202504-00550,SA,VNO1,2025-04-28,2025-04,VND,CC-COMMERCIAL,PC-FMCG,4020,Returns,Returns,8460273,0,-8460273,SYNTHETIC_LEDGER,trial_balance_monthly.csv,VNO-FPA-MAP-v1,APPROVED_SIMULATED,NO_EXCEPTION,SIMULATED_DERIVED
SIM-202504-00551,SA,VNO1,2025-04-28,2025-04,VND,CC-COMMERCIAL,PC-FMCG,4030,Rebates,Rebates,0,0,0,SYNTHETIC_LEDGER,trial_balance_monthly.csv,VNO-FPA-MAP-v1,APPROVED_SIMULATED,NO_EXCEPTION,SIMULATED_DERIVED
SIM-202504-00552,SA,VNO1,2025-04-28,2025-04,VND,CC-COMMERCIAL,PC-FMCG,4040,Voucher Support,Voucher Support,0,0,0,SYNTHETIC_LEDGER,trial_balance_monthly.csv,VNO-FPA-MAP-v1,APPROVED_SIMULATED,NO_EXCEPTION,SIMULATED_DERIVED
SIM-202504-00553,KR,VNO1,2025-04-28,2025-04,VND,CC-SUPPLY,PC-FMCG,5000,COGS,COGS,539585148,0,-539585148,SYNTHETIC_LEDGER,trial_balance_monthly.csv,VNO-FPA-MAP-v1,APPROVED_SIMULATED,NO_EXCEPTION,SIMULATED_DERIVED
SIM-202504-00554,KR,VNO1,2025-04-28,2025-04,VND,CC-TRADE,PC-FMCG,5100,Channel Fees,Channel Fees,75643083,0,-75643083,SYNTHETIC_LEDGER,trial_balance_monthly.csv,VNO-FPA-MAP-v1,APPROVED_SIMULATED,NO_EXCEPTION,SIMULATED_DERIVED
SIM-202504-00555,KR,VNO1,2025-04-28,2025-04,VND,CC-TRADE,PC-FMCG,5200,Trade Spend,Trade Spend,24902609,0,-24902609,SYNTHETIC_LEDGER,trial_balance_monthly.csv,VNO-FPA-MAP-v1,APPROVED_SIMULATED,NO_EXCEPTION,SIMULATED_DERIVED
SIM-202504-00556,KR,VNO1,2025-04-28,2025-04,VND,CC-TRADE,PC-FMCG,5300,Variable Fulfilment,Variable Fulfilment,0,0,0,SYNTHETIC_LEDGER,trial_balance_monthly.csv,VNO-FPA-MAP-v1,APPROVED_SIMULATED,NO_EXCEPTION,SIMULATED_DERIVED
SIM-202504-00557,KR,VNO1,2025-04-28,2025-04,VND,CC-G&A,PC-CORP,6000,Controllable OPEX,Controllable OPEX,1171996088,0,-1171996088,SYNTHETIC_LEDGER,trial_balance_monthly.csv,VNO-FPA-MAP-v1,APPROVED_SIMULATED,NO_EXCEPTION,SIMULATED_DERIVED
SIM-202504-00558,KR,VNO1,2025-04-28,2025-04,VND,CC-G&A,PC-CORP,6100,Depreciation,Depreciation,10687500,0,-10687500,SYNTHETIC_LEDGER,trial_balance_monthly.csv,VNO-FPA-MAP-v1,APPROVED_SIMULATED,NO_EXCEPTION,SIMULATED_DERIVED
SIM-202504-00559,KR,VNO1,2025-04-28,2025-04,VND,CC-TREASURY,PC-CORP,6200,Finance Cost,Finance Cost,45572917,0,-45572917,SYNTHETIC_LEDGER,trial_balance_monthly.csv,VNO-FPA-MAP-v1,APPROVED_SIMULATED,NO_EXCEPTION,SIMULATED_DERIVED
SIM-202504-00560,KR,VNO1,2025-04-28,2025-04,VND,CC-TAX,PC-CORP,6300,Tax Proxy,Tax Proxy,0,0,0,SYNTHETIC_LEDGER,trial_balance_monthly.csv,VNO-FPA-MAP-v1,APPROVED_SIMULATED,NO_EXCEPTION,SIMULATED_DERIVED
SIM-202505-00561,AA,VNO1,2025-05-28,2025-05,VND,CC-CORPORATE,PC-CORP,1000,Cash,Cash,-20793563590.4,0,20793563590.4,SYNTHETIC_LEDGER,trial_balance_monthly.csv,VNO-FPA-MAP-v1,APPROVED_SIMULATED,NO_EXCEPTION,SIMULATED_DERIVED
SIM-202505-00562,AA,VNO1,2025-05-28,2025-05,VND,CC-CORPORATE,PC-CORP,1100,Trade Receivables,Trade Receivables,4644117131,0,-4644117131,SYNTHETIC_LEDGER,trial_balance_monthly.csv,VNO-FPA-MAP-v1,APPROVED_SIMULATED,NO_EXCEPTION,SIMULATED_DERIVED
SIM-202505-00563,AA,VNO1,2025-05-28,2025-05,VND,CC-CORPORATE,PC-CORP,1200,Inventory,Inventory,905251705,0,-905251705,SYNTHETIC_LEDGER,trial_balance_monthly.csv,VNO-FPA-MAP-v1,APPROVED_SIMULATED,NO_EXCEPTION,SIMULATED_DERIVED
SIM-202505-00564,AA,VNO1,2025-05-28,2025-05,VND,CC-CORPORATE,PC-CORP,1500,Net PP&E,Net PP&E,3783375000,0,-3783375000,SYNTHETIC_LEDGER,trial_balance_monthly.csv,VNO-FPA-MAP-v1,APPROVED_SIMULATED,NO_EXCEPTION,SIMULATED_DERIVED
SIM-202505-00565,AB,VNO1,2025-05-28,2025-05,VND,CC-CORPORATE,PC-CORP,2000,Trade Payables,Trade Payables,0,3069276780,3069276780,SYNTHETIC_LEDGER,trial_balance_monthly.csv,VNO-FPA-MAP-v1,APPROVED_SIMULATED,NO_EXCEPTION,SIMULATED_DERIVED
SIM-202505-00566,AB,VNO1,2025-05-28,2025-05,VND,CC-CORPORATE,PC-CORP,2500,Debt,Debt,0,6550000000,6550000000,SYNTHETIC_LEDGER,trial_balance_monthly.csv,VNO-FPA-MAP-v1,APPROVED_SIMULATED,NO_EXCEPTION,SIMULATED_DERIVED
SIM-202505-00567,AB,VNO1,2025-05-28,2025-05,VND,CC-CORPORATE,PC-CORP,3000,Opening Retained Earnings,Opening Retained Earnings,20274952746.4,0,-20274952746.4,SYNTHETIC_LEDGER,trial_balance_monthly.csv,VNO-FPA-MAP-v1,APPROVED_SIMULATED,NO_EXCEPTION,SIMULATED_DERIVED
SIM-202505-00568,SA,VNO1,2025-05-28,2025-05,VND,CC-COMMERCIAL,PC-FMCG,4000,Gross Sales,Gross Sales,0,1044486500,1044486500,SYNTHETIC_LEDGER,trial_balance_monthly.csv,VNO-FPA-MAP-v1,APPROVED_SIMULATED,NO_EXCEPTION,SIMULATED_DERIVED
SIM-202505-00569,SA,VNO1,2025-05-28,2025-05,VND,CC-COMMERCIAL,PC-FMCG,4010,Invoice Discounts,Invoice Discounts,50453840,0,-50453840,SYNTHETIC_LEDGER,trial_balance_monthly.csv,VNO-FPA-MAP-v1,APPROVED_SIMULATED,NO_EXCEPTION,SIMULATED_DERIVED
SIM-202505-00570,SA,VNO1,2025-05-28,2025-05,VND,CC-COMMERCIAL,PC-FMCG,4020,Returns,Returns,8001322,0,-8001322,SYNTHETIC_LEDGER,trial_balance_monthly.csv,VNO-FPA-MAP-v1,APPROVED_SIMULATED,NO_EXCEPTION,SIMULATED_DERIVED
SIM-202505-00571,SA,VNO1,2025-05-28,2025-05,VND,CC-COMMERCIAL,PC-FMCG,4030,Rebates,Rebates,0,0,0,SYNTHETIC_LEDGER,trial_balance_monthly.csv,VNO-FPA-MAP-v1,APPROVED_SIMULATED,NO_EXCEPTION,SIMULATED_DERIVED
SIM-202505-00572,SA,VNO1,2025-05-28,2025-05,VND,CC-COMMERCIAL,PC-FMCG,4040,Voucher Support,Voucher Support,0,0,0,SYNTHETIC_LEDGER,trial_balance_monthly.csv,VNO-FPA-MAP-v1,APPROVED_SIMULATED,NO_EXCEPTION,SIMULATED_DERIVED
SIM-202505-00573,KR,VNO1,2025-05-28,2025-05,VND,CC-SUPPLY,PC-FMCG,5000,COGS,COGS,513544788,0,-513544788,SYNTHETIC_LEDGER,trial_balance_monthly.csv,VNO-FPA-MAP-v1,APPROVED_SIMULATED,NO_EXCEPTION,SIMULATED_DERIVED
SIM-202505-00574,KR,VNO1,2025-05-28,2025-05,VND,CC-TRADE,PC-FMCG,5100,Channel Fees,Channel Fees,66775984,0,-66775984,SYNTHETIC_LEDGER,trial_balance_monthly.csv,VNO-FPA-MAP-v1,APPROVED_SIMULATED,NO_EXCEPTION,SIMULATED_DERIVED
SIM-202505-00575,KR,VNO1,2025-05-28,2025-05,VND,CC-TRADE,PC-FMCG,5200,Trade Spend,Trade Spend,24693457,0,-24693457,SYNTHETIC_LEDGER,trial_balance_monthly.csv,VNO-FPA-MAP-v1,APPROVED_SIMULATED,NO_EXCEPTION,SIMULATED_DERIVED
SIM-202505-00576,KR,VNO1,2025-05-28,2025-05,VND,CC-TRADE,PC-FMCG,5300,Variable Fulfilment,Variable Fulfilment,0,0,0,SYNTHETIC_LEDGER,trial_balance_monthly.csv,VNO-FPA-MAP-v1,APPROVED_SIMULATED,NO_EXCEPTION,SIMULATED_DERIVED
SIM-202505-00577,KR,VNO1,2025-05-28,2025-05,VND,CC-G&A,PC-CORP,6000,Controllable OPEX,Controllable OPEX,1140900480,0,-1140900480,SYNTHETIC_LEDGER,trial_balance_monthly.csv,VNO-FPA-MAP-v1,APPROVED_SIMULATED,NO_EXCEPTION,SIMULATED_DERIVED
SIM-202505-00578,KR,VNO1,2025-05-28,2025-05,VND,CC-G&A,PC-CORP,6100,Depreciation,Depreciation,0,0,0,SYNTHETIC_LEDGER,trial_balance_monthly.csv,VNO-FPA-MAP-v1,APPROVED_SIMULATED,NO_EXCEPTION,SIMULATED_DERIVED
SIM-202505-00579,KR,VNO1,2025-05-28,2025-05,VND,CC-TREASURY,PC-CORP,6200,Finance Cost,Finance Cost,45260417,0,-45260417,SYNTHETIC_LEDGER,trial_balance_monthly.csv,VNO-FPA-MAP-v1,APPROVED_SIMULATED,NO_EXCEPTION,SIMULATED_DERIVED
SIM-202505-00580,KR,VNO1,2025-05-28,2025-05,VND,CC-TAX,PC-CORP,6300,Tax Proxy,Tax Proxy,0,0,0,SYNTHETIC_LEDGER,trial_balance_monthly.csv,VNO-FPA-MAP-v1,APPROVED_SIMULATED,NO_EXCEPTION,SIMULATED_DERIVED
SIM-202506-00581,AA,VNO1,2025-06-28,2025-06,VND,CC-CORPORATE,PC-CORP,1000,Cash,Cash,-21932650023.2,0,21932650023.2,SYNTHETIC_LEDGER,trial_balance_monthly.csv,VNO-FPA-MAP-v1,APPROVED_SIMULATED,NO_EXCEPTION,SIMULATED_DERIVED
SIM-202506-00582,AA,VNO1,2025-06-28,2025-06,VND,CC-CORPORATE,PC-CORP,1100,Trade Receivables,Trade Receivables,4839261225,0,-4839261225,SYNTHETIC_LEDGER,trial_balance_monthly.csv,VNO-FPA-MAP-v1,APPROVED_SIMULATED,NO_EXCEPTION,SIMULATED_DERIVED
SIM-202506-00583,AA,VNO1,2025-06-28,2025-06,VND,CC-CORPORATE,PC-CORP,1200,Inventory,Inventory,1116188855,0,-1116188855,SYNTHETIC_LEDGER,trial_balance_monthly.csv,VNO-FPA-MAP-v1,APPROVED_SIMULATED,NO_EXCEPTION,SIMULATED_DERIVED
SIM-202506-00584,AA,VNO1,2025-06-28,2025-06,VND,CC-CORPORATE,PC-CORP,1500,Net PP&E,Net PP&E,3783375000,0,-3783375000,SYNTHETIC_LEDGER,trial_balance_monthly.csv,VNO-FPA-MAP-v1,APPROVED_SIMULATED,NO_EXCEPTION,SIMULATED_DERIVED
SIM-202506-00585,AB,VNO1,2025-06-28,2025-06,VND,CC-CORPORATE,PC-CORP,2000,Trade Payables,Trade Payables,0,3174112809,3174112809,SYNTHETIC_LEDGER,trial_balance_monthly.csv,VNO-FPA-MAP-v1,APPROVED_SIMULATED,NO_EXCEPTION,SIMULATED_DERIVED
SIM-202506-00586,AB,VNO1,2025-06-28,2025-06,VND,CC-CORPORATE,PC-CORP,2500,Debt,Debt,0,6500000000,6500000000,SYNTHETIC_LEDGER,trial_balance_monthly.csv,VNO-FPA-MAP-v1,APPROVED_SIMULATED,NO_EXCEPTION,SIMULATED_DERIVED
SIM-202506-00587,AB,VNO1,2025-06-28,2025-06,VND,CC-CORPORATE,PC-CORP,3000,Opening Retained Earnings,Opening Retained Earnings,21080096534.4,0,-21080096534.4,SYNTHETIC_LEDGER,trial_balance_monthly.csv,VNO-FPA-MAP-v1,APPROVED_SIMULATED,NO_EXCEPTION,SIMULATED_DERIVED
SIM-202506-00588,SA,VNO1,2025-06-28,2025-06,VND,CC-COMMERCIAL,PC-FMCG,4000,Gross Sales,Gross Sales,0,1077572000,1077572000,SYNTHETIC_LEDGER,trial_balance_monthly.csv,VNO-FPA-MAP-v1,APPROVED_SIMULATED,NO_EXCEPTION,SIMULATED_DERIVED
SIM-202506-00589,SA,VNO1,2025-06-28,2025-06,VND,CC-COMMERCIAL,PC-FMCG,4010,Invoice Discounts,Invoice Discounts,51917680,0,-51917680,SYNTHETIC_LEDGER,trial_balance_monthly.csv,VNO-FPA-MAP-v1,APPROVED_SIMULATED,NO_EXCEPTION,SIMULATED_DERIVED
SIM-202506-00590,SA,VNO1,2025-06-28,2025-06,VND,CC-COMMERCIAL,PC-FMCG,4020,Returns,Returns,8230334,0,-8230334,SYNTHETIC_LEDGER,trial_balance_monthly.csv,VNO-FPA-MAP-v1,APPROVED_SIMULATED,NO_EXCEPTION,SIMULATED_DERIVED
SIM-202506-00591,SA,VNO1,2025-06-28,2025-06,VND,CC-COMMERCIAL,PC-FMCG,4030,Rebates,Rebates,0,0,0,SYNTHETIC_LEDGER,trial_balance_monthly.csv,VNO-FPA-MAP-v1,APPROVED_SIMULATED,NO_EXCEPTION,SIMULATED_DERIVED
SIM-202506-00592,SA,VNO1,2025-06-28,2025-06,VND,CC-COMMERCIAL,PC-FMCG,4040,Voucher Support,Voucher Support,0,0,0,SYNTHETIC_LEDGER,trial_balance_monthly.csv,VNO-FPA-MAP-v1,APPROVED_SIMULATED,NO_EXCEPTION,SIMULATED_DERIVED
SIM-202506-00593,KR,VNO1,2025-06-28,2025-06,VND,CC-SUPPLY,PC-FMCG,5000,COGS,COGS,530968255,0,-530968255,SYNTHETIC_LEDGER,trial_balance_monthly.csv,VNO-FPA-MAP-v1,APPROVED_SIMULATED,NO_EXCEPTION,SIMULATED_DERIVED
SIM-202506-00594,KR,VNO1,2025-06-28,2025-06,VND,CC-TRADE,PC-FMCG,5100,Channel Fees,Channel Fees,68613410,0,-68613410,SYNTHETIC_LEDGER,trial_balance_monthly.csv,VNO-FPA-MAP-v1,APPROVED_SIMULATED,NO_EXCEPTION,SIMULATED_DERIVED
SIM-202506-00595,KR,VNO1,2025-06-28,2025-06,VND,CC-TRADE,PC-FMCG,5200,Trade Spend,Trade Spend,23663705,0,-23663705,SYNTHETIC_LEDGER,trial_balance_monthly.csv,VNO-FPA-MAP-v1,APPROVED_SIMULATED,NO_EXCEPTION,SIMULATED_DERIVED
SIM-202506-00596,KR,VNO1,2025-06-28,2025-06,VND,CC-TRADE,PC-FMCG,5300,Variable Fulfilment,Variable Fulfilment,0,0,0,SYNTHETIC_LEDGER,trial_balance_monthly.csv,VNO-FPA-MAP-v1,APPROVED_SIMULATED,NO_EXCEPTION,SIMULATED_DERIVED
SIM-202506-00597,KR,VNO1,2025-06-28,2025-06,VND,CC-G&A,PC-CORP,6000,Controllable OPEX,Controllable OPEX,1137071916.8,0,-1137071916.8,SYNTHETIC_LEDGER,trial_balance_monthly.csv,VNO-FPA-MAP-v1,APPROVED_SIMULATED,NO_EXCEPTION,SIMULATED_DERIVED
SIM-202506-00598,KR,VNO1,2025-06-28,2025-06,VND,CC-G&A,PC-CORP,6100,Depreciation,Depreciation,0,0,0,SYNTHETIC_LEDGER,trial_balance_monthly.csv,VNO-FPA-MAP-v1,APPROVED_SIMULATED,NO_EXCEPTION,SIMULATED_DERIVED
SIM-202506-00599,KR,VNO1,2025-06-28,2025-06,VND,CC-TREASURY,PC-CORP,6200,Finance Cost,Finance Cost,44947917,0,-44947917,SYNTHETIC_LEDGER,trial_balance_monthly.csv,VNO-FPA-MAP-v1,APPROVED_SIMULATED,NO_EXCEPTION,SIMULATED_DERIVED
SIM-202506-00600,KR,VNO1,2025-06-28,2025-06,VND,CC-TAX,PC-CORP,6300,Tax Proxy,Tax Proxy,0,0,0,SYNTHETIC_LEDGER,trial_balance_monthly.csv,VNO-FPA-MAP-v1,APPROVED_SIMULATED,NO_EXCEPTION,SIMULATED_DERIVED
SIM-202507-00601,AA,VNO1,2025-07-28,2025-07,VND,CC-CORPORATE,PC-CORP,1000,Cash,Cash,-23050428208,0,23050428208,SYNTHETIC_LEDGER,trial_balance_monthly.csv,VNO-FPA-MAP-v1,APPROVED_SIMULATED,NO_EXCEPTION,SIMULATED_DERIVED
SIM-202507-00602,AA,VNO1,2025-07-28,2025-07,VND,CC-CORPORATE,PC-CORP,1100,Trade Receivables,Trade Receivables,5029476907,0,-5029476907,SYNTHETIC_LEDGER,trial_balance_monthly.csv,VNO-FPA-MAP-v1,APPROVED_SIMULATED,NO_EXCEPTION,SIMULATED_DERIVED
SIM-202507-00603,AA,VNO1,2025-07-28,2025-07,VND,CC-CORPORATE,PC-CORP,1200,Inventory,Inventory,1307750635,0,-1307750635,SYNTHETIC_LEDGER,trial_balance_monthly.csv,VNO-FPA-MAP-v1,APPROVED_SIMULATED,NO_EXCEPTION,SIMULATED_DERIVED
SIM-202507-00604,AA,VNO1,2025-07-28,2025-07,VND,CC-CORPORATE,PC-CORP,1500,Net PP&E,Net PP&E,3783375000,0,-3783375000,SYNTHETIC_LEDGER,trial_balance_monthly.csv,VNO-FPA-MAP-v1,APPROVED_SIMULATED,NO_EXCEPTION,SIMULATED_DERIVED
SIM-202507-00605,AB,VNO1,2025-07-28,2025-07,VND,CC-CORPORATE,PC-CORP,2000,Trade Payables,Trade Payables,0,3284364410,3284364410,SYNTHETIC_LEDGER,trial_balance_monthly.csv,VNO-FPA-MAP-v1,APPROVED_SIMULATED,NO_EXCEPTION,SIMULATED_DERIVED
SIM-202507-00606,AB,VNO1,2025-07-28,2025-07,VND,CC-CORPORATE,PC-CORP,2500,Debt,Debt,0,6450000000,6450000000,SYNTHETIC_LEDGER,trial_balance_monthly.csv,VNO-FPA-MAP-v1,APPROVED_SIMULATED,NO_EXCEPTION,SIMULATED_DERIVED
SIM-202507-00607,AB,VNO1,2025-07-28,2025-07,VND,CC-CORPORATE,PC-CORP,3000,Opening Retained Earnings,Opening Retained Earnings,21867937752.2,0,-21867937752.2,SYNTHETIC_LEDGER,trial_balance_monthly.csv,VNO-FPA-MAP-v1,APPROVED_SIMULATED,NO_EXCEPTION,SIMULATED_DERIVED
SIM-202507-00608,SA,VNO1,2025-07-28,2025-07,VND,CC-COMMERCIAL,PC-FMCG,4000,Gross Sales,Gross Sales,0,1086157000,1086157000,SYNTHETIC_LEDGER,trial_balance_monthly.csv,VNO-FPA-MAP-v1,APPROVED_SIMULATED,NO_EXCEPTION,SIMULATED_DERIVED
SIM-202507-00609,SA,VNO1,2025-07-28,2025-07,VND,CC-COMMERCIAL,PC-FMCG,4010,Invoice Discounts,Invoice Discounts,52129585,0,-52129585,SYNTHETIC_LEDGER,trial_balance_monthly.csv,VNO-FPA-MAP-v1,APPROVED_SIMULATED,NO_EXCEPTION,SIMULATED_DERIVED
SIM-202507-00610,SA,VNO1,2025-07-28,2025-07,VND,CC-COMMERCIAL,PC-FMCG,4020,Returns,Returns,8224244,0,-8224244,SYNTHETIC_LEDGER,trial_balance_monthly.csv,VNO-FPA-MAP-v1,APPROVED_SIMULATED,NO_EXCEPTION,SIMULATED_DERIVED
SIM-202507-00611,SA,VNO1,2025-07-28,2025-07,VND,CC-COMMERCIAL,PC-FMCG,4030,Rebates,Rebates,0,0,0,SYNTHETIC_LEDGER,trial_balance_monthly.csv,VNO-FPA-MAP-v1,APPROVED_SIMULATED,NO_EXCEPTION,SIMULATED_DERIVED
SIM-202507-00612,SA,VNO1,2025-07-28,2025-07,VND,CC-COMMERCIAL,PC-FMCG,4040,Voucher Support,Voucher Support,0,0,0,SYNTHETIC_LEDGER,trial_balance_monthly.csv,VNO-FPA-MAP-v1,APPROVED_SIMULATED,NO_EXCEPTION,SIMULATED_DERIVED
SIM-202507-00613,KR,VNO1,2025-07-28,2025-07,VND,CC-SUPPLY,PC-FMCG,5000,COGS,COGS,534525612,0,-534525612,SYNTHETIC_LEDGER,trial_balance_monthly.csv,VNO-FPA-MAP-v1,APPROVED_SIMULATED,NO_EXCEPTION,SIMULATED_DERIVED
SIM-202507-00614,KR,VNO1,2025-07-28,2025-07,VND,CC-TRADE,PC-FMCG,5100,Channel Fees,Channel Fees,68956821,0,-68956821,SYNTHETIC_LEDGER,trial_balance_monthly.csv,VNO-FPA-MAP-v1,APPROVED_SIMULATED,NO_EXCEPTION,SIMULATED_DERIVED
SIM-202507-00615,KR,VNO1,2025-07-28,2025-07,VND,CC-TRADE,PC-FMCG,5200,Trade Spend,Trade Spend,25845728,0,-25845728,SYNTHETIC_LEDGER,trial_balance_monthly.csv,VNO-FPA-MAP-v1,APPROVED_SIMULATED,NO_EXCEPTION,SIMULATED_DERIVED
SIM-202507-00616,KR,VNO1,2025-07-28,2025-07,VND,CC-TRADE,PC-FMCG,5300,Variable Fulfilment,Variable Fulfilment,0,0,0,SYNTHETIC_LEDGER,trial_balance_monthly.csv,VNO-FPA-MAP-v1,APPROVED_SIMULATED,NO_EXCEPTION,SIMULATED_DERIVED
SIM-202507-00617,KR,VNO1,2025-07-28,2025-07,VND,CC-G&A,PC-CORP,6000,Controllable OPEX,Controllable OPEX,1148091916.8,0,-1148091916.8,SYNTHETIC_LEDGER,trial_balance_monthly.csv,VNO-FPA-MAP-v1,APPROVED_SIMULATED,NO_EXCEPTION,SIMULATED_DERIVED
SIM-202507-00618,KR,VNO1,2025-07-28,2025-07,VND,CC-G&A,PC-CORP,6100,Depreciation,Depreciation,0,0,0,SYNTHETIC_LEDGER,trial_balance_monthly.csv,VNO-FPA-MAP-v1,APPROVED_SIMULATED,NO_EXCEPTION,SIMULATED_DERIVED
SIM-202507-00619,KR,VNO1,2025-07-28,2025-07,VND,CC-TREASURY,PC-CORP,6200,Finance Cost,Finance Cost,44635417,0,-44635417,SYNTHETIC_LEDGER,trial_balance_monthly.csv,VNO-FPA-MAP-v1,APPROVED_SIMULATED,NO_EXCEPTION,SIMULATED_DERIVED
SIM-202507-00620,KR,VNO1,2025-07-28,2025-07,VND,CC-TAX,PC-CORP,6300,Tax Proxy,Tax Proxy,0,0,0,SYNTHETIC_LEDGER,trial_balance_monthly.csv,VNO-FPA-MAP-v1,APPROVED_SIMULATED,NO_EXCEPTION,SIMULATED_DERIVED
SIM-202508-00621,AA,VNO1,2025-08-28,2025-08,VND,CC-CORPORATE,PC-CORP,1000,Cash,Cash,-24295112533,0,24295112533,SYNTHETIC_LEDGER,trial_balance_monthly.csv,VNO-FPA-MAP-v1,APPROVED_SIMULATED,NO_EXCEPTION,SIMULATED_DERIVED
SIM-202508-00622,AA,VNO1,2025-08-28,2025-08,VND,CC-CORPORATE,PC-CORP,1100,Trade Receivables,Trade Receivables,5234614279,0,-5234614279,SYNTHETIC_LEDGER,trial_balance_monthly.csv,VNO-FPA-MAP-v1,APPROVED_SIMULATED,NO_EXCEPTION,SIMULATED_DERIVED
SIM-202508-00623,AA,VNO1,2025-08-28,2025-08,VND,CC-CORPORATE,PC-CORP,1200,Inventory,Inventory,1564988860,0,-1564988860,SYNTHETIC_LEDGER,trial_balance_monthly.csv,VNO-FPA-MAP-v1,APPROVED_SIMULATED,NO_EXCEPTION,SIMULATED_DERIVED
SIM-202508-00624,AA,VNO1,2025-08-28,2025-08,VND,CC-CORPORATE,PC-CORP,1500,Net PP&E,Net PP&E,3783375000,0,-3783375000,SYNTHETIC_LEDGER,trial_balance_monthly.csv,VNO-FPA-MAP-v1,APPROVED_SIMULATED,NO_EXCEPTION,SIMULATED_DERIVED
SIM-202508-00625,AB,VNO1,2025-08-28,2025-08,VND,CC-CORPORATE,PC-CORP,2000,Trade Payables,Trade Payables,0,3388779903,3388779903,SYNTHETIC_LEDGER,trial_balance_monthly.csv,VNO-FPA-MAP-v1,APPROVED_SIMULATED,NO_EXCEPTION,SIMULATED_DERIVED
SIM-202508-00626,AB,VNO1,2025-08-28,2025-08,VND,CC-CORPORATE,PC-CORP,2500,Debt,Debt,0,6400000000,6400000000,SYNTHETIC_LEDGER,trial_balance_monthly.csv,VNO-FPA-MAP-v1,APPROVED_SIMULATED,NO_EXCEPTION,SIMULATED_DERIVED
SIM-202508-00627,AB,VNO1,2025-08-28,2025-08,VND,CC-CORPORATE,PC-CORP,3000,Opening Retained Earnings,Opening Retained Earnings,22664190076,0,-22664190076,SYNTHETIC_LEDGER,trial_balance_monthly.csv,VNO-FPA-MAP-v1,APPROVED_SIMULATED,NO_EXCEPTION,SIMULATED_DERIVED
SIM-202508-00628,SA,VNO1,2025-08-28,2025-08,VND,CC-COMMERCIAL,PC-FMCG,4000,Gross Sales,Gross Sales,0,1119494000,1119494000,SYNTHETIC_LEDGER,trial_balance_monthly.csv,VNO-FPA-MAP-v1,APPROVED_SIMULATED,NO_EXCEPTION,SIMULATED_DERIVED
SIM-202508-00629,SA,VNO1,2025-08-28,2025-08,VND,CC-COMMERCIAL,PC-FMCG,4010,Invoice Discounts,Invoice Discounts,53700690,0,-53700690,SYNTHETIC_LEDGER,trial_balance_monthly.csv,VNO-FPA-MAP-v1,APPROVED_SIMULATED,NO_EXCEPTION,SIMULATED_DERIVED
SIM-202508-00630,SA,VNO1,2025-08-28,2025-08,VND,CC-COMMERCIAL,PC-FMCG,4020,Returns,Returns,8503263,0,-8503263,SYNTHETIC_LEDGER,trial_balance_monthly.csv,VNO-FPA-MAP-v1,APPROVED_SIMULATED,NO_EXCEPTION,SIMULATED_DERIVED
SIM-202508-00631,SA,VNO1,2025-08-28,2025-08,VND,CC-COMMERCIAL,PC-FMCG,4030,Rebates,Rebates,0,0,0,SYNTHETIC_LEDGER,trial_balance_monthly.csv,VNO-FPA-MAP-v1,APPROVED_SIMULATED,NO_EXCEPTION,SIMULATED_DERIVED
SIM-202508-00632,SA,VNO1,2025-08-28,2025-08,VND,CC-COMMERCIAL,PC-FMCG,4040,Voucher Support,Voucher Support,0,0,0,SYNTHETIC_LEDGER,trial_balance_monthly.csv,VNO-FPA-MAP-v1,APPROVED_SIMULATED,NO_EXCEPTION,SIMULATED_DERIVED
SIM-202508-00633,KR,VNO1,2025-08-28,2025-08,VND,CC-SUPPLY,PC-FMCG,5000,COGS,COGS,560789736,0,-560789736,SYNTHETIC_LEDGER,trial_balance_monthly.csv,VNO-FPA-MAP-v1,APPROVED_SIMULATED,NO_EXCEPTION,SIMULATED_DERIVED
SIM-202508-00634,KR,VNO1,2025-08-28,2025-08,VND,CC-TRADE,PC-FMCG,5100,Channel Fees,Channel Fees,70966109,0,-70966109,SYNTHETIC_LEDGER,trial_balance_monthly.csv,VNO-FPA-MAP-v1,APPROVED_SIMULATED,NO_EXCEPTION,SIMULATED_DERIVED
SIM-202508-00635,KR,VNO1,2025-08-28,2025-08,VND,CC-TRADE,PC-FMCG,5200,Trade Spend,Trade Spend,26400490,0,-26400490,SYNTHETIC_LEDGER,trial_balance_monthly.csv,VNO-FPA-MAP-v1,APPROVED_SIMULATED,NO_EXCEPTION,SIMULATED_DERIVED
SIM-202508-00636,KR,VNO1,2025-08-28,2025-08,VND,CC-TRADE,PC-FMCG,5300,Variable Fulfilment,Variable Fulfilment,0,0,0,SYNTHETIC_LEDGER,trial_balance_monthly.csv,VNO-FPA-MAP-v1,APPROVED_SIMULATED,NO_EXCEPTION,SIMULATED_DERIVED
SIM-202508-00637,KR,VNO1,2025-08-28,2025-08,VND,CC-G&A,PC-CORP,6000,Controllable OPEX,Controllable OPEX,1191535016,0,-1191535016,SYNTHETIC_LEDGER,trial_balance_monthly.csv,VNO-FPA-MAP-v1,APPROVED_SIMULATED,NO_EXCEPTION,SIMULATED_DERIVED
SIM-202508-00638,KR,VNO1,2025-08-28,2025-08,VND,CC-G&A,PC-CORP,6100,Depreciation,Depreciation,0,0,0,SYNTHETIC_LEDGER,trial_balance_monthly.csv,VNO-FPA-MAP-v1,APPROVED_SIMULATED,NO_EXCEPTION,SIMULATED_DERIVED
SIM-202508-00639,KR,VNO1,2025-08-28,2025-08,VND,CC-TREASURY,PC-CORP,6200,Finance Cost,Finance Cost,44322917,0,-44322917,SYNTHETIC_LEDGER,trial_balance_monthly.csv,VNO-FPA-MAP-v1,APPROVED_SIMULATED,NO_EXCEPTION,SIMULATED_DERIVED
SIM-202508-00640,KR,VNO1,2025-08-28,2025-08,VND,CC-TAX,PC-CORP,6300,Tax Proxy,Tax Proxy,0,0,0,SYNTHETIC_LEDGER,trial_balance_monthly.csv,VNO-FPA-MAP-v1,APPROVED_SIMULATED,NO_EXCEPTION,SIMULATED_DERIVED
SIM-202509-00641,AA,VNO1,2025-09-28,2025-09,VND,CC-CORPORATE,PC-CORP,1000,Cash,Cash,-25559790426,0,25559790426,SYNTHETIC_LEDGER,trial_balance_monthly.csv,VNO-FPA-MAP-v1,APPROVED_SIMULATED,NO_EXCEPTION,SIMULATED_DERIVED
SIM-202509-00642,AA,VNO1,2025-09-28,2025-09,VND,CC-CORPORATE,PC-CORP,1100,Trade Receivables,Trade Receivables,5455057910,0,-5455057910,SYNTHETIC_LEDGER,trial_balance_monthly.csv,VNO-FPA-MAP-v1,APPROVED_SIMULATED,NO_EXCEPTION,SIMULATED_DERIVED
SIM-202509-00643,AA,VNO1,2025-09-28,2025-09,VND,CC-CORPORATE,PC-CORP,1200,Inventory,Inventory,1824830700,0,-1824830700,SYNTHETIC_LEDGER,trial_balance_monthly.csv,VNO-FPA-MAP-v1,APPROVED_SIMULATED,NO_EXCEPTION,SIMULATED_DERIVED
SIM-202509-00644,AA,VNO1,2025-09-28,2025-09,VND,CC-CORPORATE,PC-CORP,1500,Net PP&E,Net PP&E,3783375000,0,-3783375000,SYNTHETIC_LEDGER,trial_balance_monthly.csv,VNO-FPA-MAP-v1,APPROVED_SIMULATED,NO_EXCEPTION,SIMULATED_DERIVED
SIM-202509-00645,AB,VNO1,2025-09-28,2025-09,VND,CC-CORPORATE,PC-CORP,2000,Trade Payables,Trade Payables,0,3493734102,3493734102,SYNTHETIC_LEDGER,trial_balance_monthly.csv,VNO-FPA-MAP-v1,APPROVED_SIMULATED,NO_EXCEPTION,SIMULATED_DERIVED
SIM-202509-00646,AB,VNO1,2025-09-28,2025-09,VND,CC-CORPORATE,PC-CORP,2500,Debt,Debt,0,6350000000,6350000000,SYNTHETIC_LEDGER,trial_balance_monthly.csv,VNO-FPA-MAP-v1,APPROVED_SIMULATED,NO_EXCEPTION,SIMULATED_DERIVED
SIM-202509-00647,AB,VNO1,2025-09-28,2025-09,VND,CC-CORPORATE,PC-CORP,3000,Opening Retained Earnings,Opening Retained Earnings,23500914297,0,-23500914297,SYNTHETIC_LEDGER,trial_balance_monthly.csv,VNO-FPA-MAP-v1,APPROVED_SIMULATED,NO_EXCEPTION,SIMULATED_DERIVED
SIM-202509-00648,SA,VNO1,2025-09-28,2025-09,VND,CC-COMMERCIAL,PC-FMCG,4000,Gross Sales,Gross Sales,0,1171496500,1171496500,SYNTHETIC_LEDGER,trial_balance_monthly.csv,VNO-FPA-MAP-v1,APPROVED_SIMULATED,NO_EXCEPTION,SIMULATED_DERIVED
SIM-202509-00649,SA,VNO1,2025-09-28,2025-09,VND,CC-COMMERCIAL,PC-FMCG,4010,Invoice Discounts,Invoice Discounts,56250095,0,-56250095,SYNTHETIC_LEDGER,trial_balance_monthly.csv,VNO-FPA-MAP-v1,APPROVED_SIMULATED,NO_EXCEPTION,SIMULATED_DERIVED
SIM-202509-00650,SA,VNO1,2025-09-28,2025-09,VND,CC-COMMERCIAL,PC-FMCG,4020,Returns,Returns,8924521,0,-8924521,SYNTHETIC_LEDGER,trial_balance_monthly.csv,VNO-FPA-MAP-v1,APPROVED_SIMULATED,NO_EXCEPTION,SIMULATED_DERIVED
SIM-202509-00651,SA,VNO1,2025-09-28,2025-09,VND,CC-COMMERCIAL,PC-FMCG,4030,Rebates,Rebates,0,0,0,SYNTHETIC_LEDGER,trial_balance_monthly.csv,VNO-FPA-MAP-v1,APPROVED_SIMULATED,NO_EXCEPTION,SIMULATED_DERIVED
SIM-202509-00652,SA,VNO1,2025-09-28,2025-09,VND,CC-COMMERCIAL,PC-FMCG,4040,Voucher Support,Voucher Support,0,0,0,SYNTHETIC_LEDGER,trial_balance_monthly.csv,VNO-FPA-MAP-v1,APPROVED_SIMULATED,NO_EXCEPTION,SIMULATED_DERIVED
SIM-202509-00653,KR,VNO1,2025-09-28,2025-09,VND,CC-SUPPLY,PC-FMCG,5000,COGS,COGS,587170742,0,-587170742,SYNTHETIC_LEDGER,trial_balance_monthly.csv,VNO-FPA-MAP-v1,APPROVED_SIMULATED,NO_EXCEPTION,SIMULATED_DERIVED
SIM-202509-00654,KR,VNO1,2025-09-28,2025-09,VND,CC-TRADE,PC-FMCG,5100,Channel Fees,Channel Fees,74298313,0,-74298313,SYNTHETIC_LEDGER,trial_balance_monthly.csv,VNO-FPA-MAP-v1,APPROVED_SIMULATED,NO_EXCEPTION,SIMULATED_DERIVED
SIM-202509-00655,KR,VNO1,2025-09-28,2025-09,VND,CC-TRADE,PC-FMCG,5200,Trade Spend,Trade Spend,27578353,0,-27578353,SYNTHETIC_LEDGER,trial_balance_monthly.csv,VNO-FPA-MAP-v1,APPROVED_SIMULATED,NO_EXCEPTION,SIMULATED_DERIVED
SIM-202509-00656,KR,VNO1,2025-09-28,2025-09,VND,CC-TRADE,PC-FMCG,5300,Variable Fulfilment,Variable Fulfilment,0,0,0,SYNTHETIC_LEDGER,trial_balance_monthly.csv,VNO-FPA-MAP-v1,APPROVED_SIMULATED,NO_EXCEPTION,SIMULATED_DERIVED
SIM-202509-00657,KR,VNO1,2025-09-28,2025-09,VND,CC-G&A,PC-CORP,6000,Controllable OPEX,Controllable OPEX,1212610680,0,-1212610680,SYNTHETIC_LEDGER,trial_balance_monthly.csv,VNO-FPA-MAP-v1,APPROVED_SIMULATED,NO_EXCEPTION,SIMULATED_DERIVED
SIM-202509-00658,KR,VNO1,2025-09-28,2025-09,VND,CC-G&A,PC-CORP,6100,Depreciation,Depreciation,0,0,0,SYNTHETIC_LEDGER,trial_balance_monthly.csv,VNO-FPA-MAP-v1,APPROVED_SIMULATED,NO_EXCEPTION,SIMULATED_DERIVED
SIM-202509-00659,KR,VNO1,2025-09-28,2025-09,VND,CC-TREASURY,PC-CORP,6200,Finance Cost,Finance Cost,44010417,0,-44010417,SYNTHETIC_LEDGER,trial_balance_monthly.csv,VNO-FPA-MAP-v1,APPROVED_SIMULATED,NO_EXCEPTION,SIMULATED_DERIVED
SIM-202509-00660,KR,VNO1,2025-09-28,2025-09,VND,CC-TAX,PC-CORP,6300,Tax Proxy,Tax Proxy,0,0,0,SYNTHETIC_LEDGER,trial_balance_monthly.csv,VNO-FPA-MAP-v1,APPROVED_SIMULATED,NO_EXCEPTION,SIMULATED_DERIVED
SIM-202510-00661,AA,VNO1,2025-10-28,2025-10,VND,CC-CORPORATE,PC-CORP,1000,Cash,Cash,-27232972931,0,27232972931,SYNTHETIC_LEDGER,trial_balance_monthly.csv,VNO-FPA-MAP-v1,APPROVED_SIMULATED,NO_EXCEPTION,SIMULATED_DERIVED
SIM-202510-00662,AA,VNO1,2025-10-28,2025-10,VND,CC-CORPORATE,PC-CORP,1100,Trade Receivables,Trade Receivables,5646589183,0,-5646589183,SYNTHETIC_LEDGER,trial_balance_monthly.csv,VNO-FPA-MAP-v1,APPROVED_SIMULATED,NO_EXCEPTION,SIMULATED_DERIVED
SIM-202510-00663,AA,VNO1,2025-10-28,2025-10,VND,CC-CORPORATE,PC-CORP,1200,Inventory,Inventory,2200849405,0,-2200849405,SYNTHETIC_LEDGER,trial_balance_monthly.csv,VNO-FPA-MAP-v1,APPROVED_SIMULATED,NO_EXCEPTION,SIMULATED_DERIVED
SIM-202510-00664,AA,VNO1,2025-10-28,2025-10,VND,CC-CORPORATE,PC-CORP,1500,Net PP&E,Net PP&E,3783375000,0,-3783375000,SYNTHETIC_LEDGER,trial_balance_monthly.csv,VNO-FPA-MAP-v1,APPROVED_SIMULATED,NO_EXCEPTION,SIMULATED_DERIVED
SIM-202510-00665,AB,VNO1,2025-10-28,2025-10,VND,CC-CORPORATE,PC-CORP,2000,Trade Payables,Trade Payables,0,3393548147,3393548147,SYNTHETIC_LEDGER,trial_balance_monthly.csv,VNO-FPA-MAP-v1,APPROVED_SIMULATED,NO_EXCEPTION,SIMULATED_DERIVED
SIM-202510-00666,AB,VNO1,2025-10-28,2025-10,VND,CC-CORPORATE,PC-CORP,2500,Debt,Debt,0,6300000000,6300000000,SYNTHETIC_LEDGER,trial_balance_monthly.csv,VNO-FPA-MAP-v1,APPROVED_SIMULATED,NO_EXCEPTION,SIMULATED_DERIVED
SIM-202510-00667,AB,VNO1,2025-10-28,2025-10,VND,CC-CORPORATE,PC-CORP,3000,Opening Retained Earnings,Opening Retained Earnings,24340260918,0,-24340260918,SYNTHETIC_LEDGER,trial_balance_monthly.csv,VNO-FPA-MAP-v1,APPROVED_SIMULATED,NO_EXCEPTION,SIMULATED_DERIVED
SIM-202510-00668,SA,VNO1,2025-10-28,2025-10,VND,CC-COMMERCIAL,PC-FMCG,4000,Gross Sales,Gross Sales,0,1045812000,1045812000,SYNTHETIC_LEDGER,trial_balance_monthly.csv,VNO-FPA-MAP-v1,APPROVED_SIMULATED,NO_EXCEPTION,SIMULATED_DERIVED
SIM-202510-00669,SA,VNO1,2025-10-28,2025-10,VND,CC-COMMERCIAL,PC-FMCG,4010,Invoice Discounts,Invoice Discounts,50139375,0,-50139375,SYNTHETIC_LEDGER,trial_balance_monthly.csv,VNO-FPA-MAP-v1,APPROVED_SIMULATED,NO_EXCEPTION,SIMULATED_DERIVED
SIM-202510-00670,SA,VNO1,2025-10-28,2025-10,VND,CC-COMMERCIAL,PC-FMCG,4020,Returns,Returns,7943857,0,-7943857,SYNTHETIC_LEDGER,trial_balance_monthly.csv,VNO-FPA-MAP-v1,APPROVED_SIMULATED,NO_EXCEPTION,SIMULATED_DERIVED
SIM-202510-00671,SA,VNO1,2025-10-28,2025-10,VND,CC-COMMERCIAL,PC-FMCG,4030,Rebates,Rebates,0,0,0,SYNTHETIC_LEDGER,trial_balance_monthly.csv,VNO-FPA-MAP-v1,APPROVED_SIMULATED,NO_EXCEPTION,SIMULATED_DERIVED
SIM-202510-00672,SA,VNO1,2025-10-28,2025-10,VND,CC-COMMERCIAL,PC-FMCG,4040,Voucher Support,Voucher Support,0,0,0,SYNTHETIC_LEDGER,trial_balance_monthly.csv,VNO-FPA-MAP-v1,APPROVED_SIMULATED,NO_EXCEPTION,SIMULATED_DERIVED
SIM-202510-00673,KR,VNO1,2025-10-28,2025-10,VND,CC-SUPPLY,PC-FMCG,5000,COGS,COGS,524856594,0,-524856594,SYNTHETIC_LEDGER,trial_balance_monthly.csv,VNO-FPA-MAP-v1,APPROVED_SIMULATED,NO_EXCEPTION,SIMULATED_DERIVED
SIM-202510-00674,KR,VNO1,2025-10-28,2025-10,VND,CC-TRADE,PC-FMCG,5100,Channel Fees,Channel Fees,66331830,0,-66331830,SYNTHETIC_LEDGER,trial_balance_monthly.csv,VNO-FPA-MAP-v1,APPROVED_SIMULATED,NO_EXCEPTION,SIMULATED_DERIVED
SIM-202510-00675,KR,VNO1,2025-10-28,2025-10,VND,CC-TRADE,PC-FMCG,5200,Trade Spend,Trade Spend,24793779,0,-24793779,SYNTHETIC_LEDGER,trial_balance_monthly.csv,VNO-FPA-MAP-v1,APPROVED_SIMULATED,NO_EXCEPTION,SIMULATED_DERIVED
SIM-202510-00676,KR,VNO1,2025-10-28,2025-10,VND,CC-TRADE,PC-FMCG,5300,Variable Fulfilment,Variable Fulfilment,0,0,0,SYNTHETIC_LEDGER,trial_balance_monthly.csv,VNO-FPA-MAP-v1,APPROVED_SIMULATED,NO_EXCEPTION,SIMULATED_DERIVED
SIM-202510-00677,KR,VNO1,2025-10-28,2025-10,VND,CC-G&A,PC-CORP,6000,Controllable OPEX,Controllable OPEX,1283495220,0,-1283495220,SYNTHETIC_LEDGER,trial_balance_monthly.csv,VNO-FPA-MAP-v1,APPROVED_SIMULATED,NO_EXCEPTION,SIMULATED_DERIVED
SIM-202510-00678,KR,VNO1,2025-10-28,2025-10,VND,CC-G&A,PC-CORP,6100,Depreciation,Depreciation,0,0,0,SYNTHETIC_LEDGER,trial_balance_monthly.csv,VNO-FPA-MAP-v1,APPROVED_SIMULATED,NO_EXCEPTION,SIMULATED_DERIVED
SIM-202510-00679,KR,VNO1,2025-10-28,2025-10,VND,CC-TREASURY,PC-CORP,6200,Finance Cost,Finance Cost,43697917,0,-43697917,SYNTHETIC_LEDGER,trial_balance_monthly.csv,VNO-FPA-MAP-v1,APPROVED_SIMULATED,NO_EXCEPTION,SIMULATED_DERIVED
SIM-202510-00680,KR,VNO1,2025-10-28,2025-10,VND,CC-TAX,PC-CORP,6300,Tax Proxy,Tax Proxy,0,0,0,SYNTHETIC_LEDGER,trial_balance_monthly.csv,VNO-FPA-MAP-v1,APPROVED_SIMULATED,NO_EXCEPTION,SIMULATED_DERIVED
SIM-202511-00681,AA,VNO1,2025-11-28,2025-11,VND,CC-CORPORATE,PC-CORP,1000,Cash,Cash,-28867796642,0,28867796642,SYNTHETIC_LEDGER,trial_balance_monthly.csv,VNO-FPA-MAP-v1,APPROVED_SIMULATED,NO_EXCEPTION,SIMULATED_DERIVED
SIM-202511-00682,AA,VNO1,2025-11-28,2025-11,VND,CC-CORPORATE,PC-CORP,1100,Trade Receivables,Trade Receivables,5862836238,0,-5862836238,SYNTHETIC_LEDGER,trial_balance_monthly.csv,VNO-FPA-MAP-v1,APPROVED_SIMULATED,NO_EXCEPTION,SIMULATED_DERIVED
SIM-202511-00683,AA,VNO1,2025-11-28,2025-11,VND,CC-CORPORATE,PC-CORP,1200,Inventory,Inventory,2677888060,0,-2677888060,SYNTHETIC_LEDGER,trial_balance_monthly.csv,VNO-FPA-MAP-v1,APPROVED_SIMULATED,NO_EXCEPTION,SIMULATED_DERIVED
SIM-202511-00684,AA,VNO1,2025-11-28,2025-11,VND,CC-CORPORATE,PC-CORP,1500,Net PP&E,Net PP&E,3783375000,0,-3783375000,SYNTHETIC_LEDGER,trial_balance_monthly.csv,VNO-FPA-MAP-v1,APPROVED_SIMULATED,NO_EXCEPTION,SIMULATED_DERIVED
SIM-202511-00685,AB,VNO1,2025-11-28,2025-11,VND,CC-CORPORATE,PC-CORP,2000,Trade Payables,Trade Payables,0,3497185097,3497185097,SYNTHETIC_LEDGER,trial_balance_monthly.csv,VNO-FPA-MAP-v1,APPROVED_SIMULATED,NO_EXCEPTION,SIMULATED_DERIVED
SIM-202511-00686,AB,VNO1,2025-11-28,2025-11,VND,CC-CORPORATE,PC-CORP,2500,Debt,Debt,0,6250000000,6250000000,SYNTHETIC_LEDGER,trial_balance_monthly.csv,VNO-FPA-MAP-v1,APPROVED_SIMULATED,NO_EXCEPTION,SIMULATED_DERIVED
SIM-202511-00687,AB,VNO1,2025-11-28,2025-11,VND,CC-CORPORATE,PC-CORP,3000,Opening Retained Earnings,Opening Retained Earnings,25295707490,0,-25295707490,SYNTHETIC_LEDGER,trial_balance_monthly.csv,VNO-FPA-MAP-v1,APPROVED_SIMULATED,NO_EXCEPTION,SIMULATED_DERIVED
SIM-202511-00688,SA,VNO1,2025-11-28,2025-11,VND,CC-COMMERCIAL,PC-FMCG,4000,Gross Sales,Gross Sales,0,1197014500,1197014500,SYNTHETIC_LEDGER,trial_balance_monthly.csv,VNO-FPA-MAP-v1,APPROVED_SIMULATED,NO_EXCEPTION,SIMULATED_DERIVED
SIM-202511-00689,SA,VNO1,2025-11-28,2025-11,VND,CC-COMMERCIAL,PC-FMCG,4010,Invoice Discounts,Invoice Discounts,57364910,0,-57364910,SYNTHETIC_LEDGER,trial_balance_monthly.csv,VNO-FPA-MAP-v1,APPROVED_SIMULATED,NO_EXCEPTION,SIMULATED_DERIVED
SIM-202511-00690,SA,VNO1,2025-11-28,2025-11,VND,CC-COMMERCIAL,PC-FMCG,4020,Returns,Returns,9069893,0,-9069893,SYNTHETIC_LEDGER,trial_balance_monthly.csv,VNO-FPA-MAP-v1,APPROVED_SIMULATED,NO_EXCEPTION,SIMULATED_DERIVED
SIM-202511-00691,SA,VNO1,2025-11-28,2025-11,VND,CC-COMMERCIAL,PC-FMCG,4030,Rebates,Rebates,0,0,0,SYNTHETIC_LEDGER,trial_balance_monthly.csv,VNO-FPA-MAP-v1,APPROVED_SIMULATED,NO_EXCEPTION,SIMULATED_DERIVED
SIM-202511-00692,SA,VNO1,2025-11-28,2025-11,VND,CC-COMMERCIAL,PC-FMCG,4040,Voucher Support,Voucher Support,0,0,0,SYNTHETIC_LEDGER,trial_balance_monthly.csv,VNO-FPA-MAP-v1,APPROVED_SIMULATED,NO_EXCEPTION,SIMULATED_DERIVED
SIM-202511-00693,KR,VNO1,2025-11-28,2025-11,VND,CC-SUPPLY,PC-FMCG,5000,COGS,COGS,600982503,0,-600982503,SYNTHETIC_LEDGER,trial_balance_monthly.csv,VNO-FPA-MAP-v1,APPROVED_SIMULATED,NO_EXCEPTION,SIMULATED_DERIVED
SIM-202511-00694,KR,VNO1,2025-11-28,2025-11,VND,CC-TRADE,PC-FMCG,5100,Channel Fees,Channel Fees,75809637,0,-75809637,SYNTHETIC_LEDGER,trial_balance_monthly.csv,VNO-FPA-MAP-v1,APPROVED_SIMULATED,NO_EXCEPTION,SIMULATED_DERIVED
SIM-202511-00695,KR,VNO1,2025-11-28,2025-11,VND,CC-TRADE,PC-FMCG,5200,Trade Spend,Trade Spend,28336431,0,-28336431,SYNTHETIC_LEDGER,trial_balance_monthly.csv,VNO-FPA-MAP-v1,APPROVED_SIMULATED,NO_EXCEPTION,SIMULATED_DERIVED
SIM-202511-00696,KR,VNO1,2025-11-28,2025-11,VND,CC-TRADE,PC-FMCG,5300,Variable Fulfilment,Variable Fulfilment,0,0,0,SYNTHETIC_LEDGER,trial_balance_monthly.csv,VNO-FPA-MAP-v1,APPROVED_SIMULATED,NO_EXCEPTION,SIMULATED_DERIVED
SIM-202511-00697,KR,VNO1,2025-11-28,2025-11,VND,CC-G&A,PC-CORP,6000,Controllable OPEX,Controllable OPEX,1377240660,0,-1377240660,SYNTHETIC_LEDGER,trial_balance_monthly.csv,VNO-FPA-MAP-v1,APPROVED_SIMULATED,NO_EXCEPTION,SIMULATED_DERIVED
SIM-202511-00698,KR,VNO1,2025-11-28,2025-11,VND,CC-G&A,PC-CORP,6100,Depreciation,Depreciation,0,0,0,SYNTHETIC_LEDGER,trial_balance_monthly.csv,VNO-FPA-MAP-v1,APPROVED_SIMULATED,NO_EXCEPTION,SIMULATED_DERIVED
SIM-202511-00699,KR,VNO1,2025-11-28,2025-11,VND,CC-TREASURY,PC-CORP,6200,Finance Cost,Finance Cost,43385417,0,-43385417,SYNTHETIC_LEDGER,trial_balance_monthly.csv,VNO-FPA-MAP-v1,APPROVED_SIMULATED,NO_EXCEPTION,SIMULATED_DERIVED
SIM-202511-00700,KR,VNO1,2025-11-28,2025-11,VND,CC-TAX,PC-CORP,6300,Tax Proxy,Tax Proxy,0,0,0,SYNTHETIC_LEDGER,trial_balance_monthly.csv,VNO-FPA-MAP-v1,APPROVED_SIMULATED,NO_EXCEPTION,SIMULATED_DERIVED
SIM-202512-00701,AA,VNO1,2025-12-28,2025-12,VND,CC-CORPORATE,PC-CORP,1000,Cash,Cash,-30756981747,0,30756981747,SYNTHETIC_LEDGER,trial_balance_monthly.csv,VNO-FPA-MAP-v1,APPROVED_SIMULATED,NO_EXCEPTION,SIMULATED_DERIVED
SIM-202512-00702,AA,VNO1,2025-12-28,2025-12,VND,CC-CORPORATE,PC-CORP,1100,Trade Receivables,Trade Receivables,6082515405,0,-6082515405,SYNTHETIC_LEDGER,trial_balance_monthly.csv,VNO-FPA-MAP-v1,APPROVED_SIMULATED,NO_EXCEPTION,SIMULATED_DERIVED
SIM-202512-00703,AA,VNO1,2025-12-28,2025-12,VND,CC-CORPORATE,PC-CORP,1200,Inventory,Inventory,3266385880,0,-3266385880,SYNTHETIC_LEDGER,trial_balance_monthly.csv,VNO-FPA-MAP-v1,APPROVED_SIMULATED,NO_EXCEPTION,SIMULATED_DERIVED
SIM-202512-00704,AA,VNO1,2025-12-28,2025-12,VND,CC-CORPORATE,PC-CORP,1500,Net PP&E,Net PP&E,3783375000,0,-3783375000,SYNTHETIC_LEDGER,trial_balance_monthly.csv,VNO-FPA-MAP-v1,APPROVED_SIMULATED,NO_EXCEPTION,SIMULATED_DERIVED
SIM-202512-00705,AB,VNO1,2025-12-28,2025-12,VND,CC-CORPORATE,PC-CORP,2000,Trade Payables,Trade Payables,0,3612700077,3612700077,SYNTHETIC_LEDGER,trial_balance_monthly.csv,VNO-FPA-MAP-v1,APPROVED_SIMULATED,NO_EXCEPTION,SIMULATED_DERIVED
SIM-202512-00706,AB,VNO1,2025-12-28,2025-12,VND,CC-CORPORATE,PC-CORP,2500,Debt,Debt,0,6200000000,6200000000,SYNTHETIC_LEDGER,trial_balance_monthly.csv,VNO-FPA-MAP-v1,APPROVED_SIMULATED,NO_EXCEPTION,SIMULATED_DERIVED
SIM-202512-00707,AB,VNO1,2025-12-28,2025-12,VND,CC-CORPORATE,PC-CORP,3000,Opening Retained Earnings,Opening Retained Earnings,26290882441,0,-26290882441,SYNTHETIC_LEDGER,trial_balance_monthly.csv,VNO-FPA-MAP-v1,APPROVED_SIMULATED,NO_EXCEPTION,SIMULATED_DERIVED
SIM-202512-00708,SA,VNO1,2025-12-28,2025-12,VND,CC-COMMERCIAL,PC-FMCG,4000,Gross Sales,Gross Sales,0,1204510000,1204510000,SYNTHETIC_LEDGER,trial_balance_monthly.csv,VNO-FPA-MAP-v1,APPROVED_SIMULATED,NO_EXCEPTION,SIMULATED_DERIVED
SIM-202512-00709,SA,VNO1,2025-12-28,2025-12,VND,CC-COMMERCIAL,PC-FMCG,4010,Invoice Discounts,Invoice Discounts,57607060,0,-57607060,SYNTHETIC_LEDGER,trial_balance_monthly.csv,VNO-FPA-MAP-v1,APPROVED_SIMULATED,NO_EXCEPTION,SIMULATED_DERIVED
SIM-202512-00710,SA,VNO1,2025-12-28,2025-12,VND,CC-COMMERCIAL,PC-FMCG,4020,Returns,Returns,9078712,0,-9078712,SYNTHETIC_LEDGER,trial_balance_monthly.csv,VNO-FPA-MAP-v1,APPROVED_SIMULATED,NO_EXCEPTION,SIMULATED_DERIVED
SIM-202512-00711,SA,VNO1,2025-12-28,2025-12,VND,CC-COMMERCIAL,PC-FMCG,4030,Rebates,Rebates,0,0,0,SYNTHETIC_LEDGER,trial_balance_monthly.csv,VNO-FPA-MAP-v1,APPROVED_SIMULATED,NO_EXCEPTION,SIMULATED_DERIVED
SIM-202512-00712,SA,VNO1,2025-12-28,2025-12,VND,CC-COMMERCIAL,PC-FMCG,4040,Voucher Support,Voucher Support,0,0,0,SYNTHETIC_LEDGER,trial_balance_monthly.csv,VNO-FPA-MAP-v1,APPROVED_SIMULATED,NO_EXCEPTION,SIMULATED_DERIVED
SIM-202512-00713,KR,VNO1,2025-12-28,2025-12,VND,CC-SUPPLY,PC-FMCG,5000,COGS,COGS,603520331,0,-603520331,SYNTHETIC_LEDGER,trial_balance_monthly.csv,VNO-FPA-MAP-v1,APPROVED_SIMULATED,NO_EXCEPTION,SIMULATED_DERIVED
SIM-202512-00714,KR,VNO1,2025-12-28,2025-12,VND,CC-TRADE,PC-FMCG,5100,Channel Fees,Channel Fees,76075128,0,-76075128,SYNTHETIC_LEDGER,trial_balance_monthly.csv,VNO-FPA-MAP-v1,APPROVED_SIMULATED,NO_EXCEPTION,SIMULATED_DERIVED
SIM-202512-00715,KR,VNO1,2025-12-28,2025-12,VND,CC-TRADE,PC-FMCG,5200,Trade Spend,Trade Spend,28535250,0,-28535250,SYNTHETIC_LEDGER,trial_balance_monthly.csv,VNO-FPA-MAP-v1,APPROVED_SIMULATED,NO_EXCEPTION,SIMULATED_DERIVED
SIM-202512-00716,KR,VNO1,2025-12-28,2025-12,VND,CC-TRADE,PC-FMCG,5300,Variable Fulfilment,Variable Fulfilment,0,0,0,SYNTHETIC_LEDGER,trial_balance_monthly.csv,VNO-FPA-MAP-v1,APPROVED_SIMULATED,NO_EXCEPTION,SIMULATED_DERIVED
SIM-202512-00717,KR,VNO1,2025-12-28,2025-12,VND,CC-G&A,PC-CORP,6000,Controllable OPEX,Controllable OPEX,1533143700,0,-1533143700,SYNTHETIC_LEDGER,trial_balance_monthly.csv,VNO-FPA-MAP-v1,APPROVED_SIMULATED,NO_EXCEPTION,SIMULATED_DERIVED
SIM-202512-00718,KR,VNO1,2025-12-28,2025-12,VND,CC-G&A,PC-CORP,6100,Depreciation,Depreciation,0,0,0,SYNTHETIC_LEDGER,trial_balance_monthly.csv,VNO-FPA-MAP-v1,APPROVED_SIMULATED,NO_EXCEPTION,SIMULATED_DERIVED
SIM-202512-00719,KR,VNO1,2025-12-28,2025-12,VND,CC-TREASURY,PC-CORP,6200,Finance Cost,Finance Cost,43072917,0,-43072917,SYNTHETIC_LEDGER,trial_balance_monthly.csv,VNO-FPA-MAP-v1,APPROVED_SIMULATED,NO_EXCEPTION,SIMULATED_DERIVED
SIM-202512-00720,KR,VNO1,2025-12-28,2025-12,VND,CC-TAX,PC-CORP,6300,Tax Proxy,Tax Proxy,0,0,0,SYNTHETIC_LEDGER,trial_balance_monthly.csv,VNO-FPA-MAP-v1,APPROVED_SIMULATED,NO_EXCEPTION,SIMULATED_DERIVED
