closing_units,days_on_hand,expiry_writeoff,inventory_value,month,opening_units,receipts_units,sales_units,sku_id,stockout_flag,unit_cost,warehouse_id
1385,120.1,0,10719900,2023-01-01,1500,231,346,SKU001,False,7740,WH_N
1603,139.0,0,12407220,2023-01-01,1500,449,346,SKU001,False,7740,WH_S
1351,99.8,0,13215482,2023-01-01,1500,257,406,SKU002,False,9782,WH_N
1394,103.0,0,13636108,2023-01-01,1500,300,406,SKU002,False,9782,WH_S
1488,123.3,0,17856000,2023-01-01,1500,350,362,SKU003,False,12000,WH_N
1378,114.2,0,16536000,2023-01-01,1500,240,362,SKU003,False,12000,WH_S
1527,123.8,0,21976584,2023-01-01,1500,397,370,SKU004,False,14392,WH_N
1418,115.0,0,20407856,2023-01-01,1500,288,370,SKU004,False,14392,WH_S
1519,114.8,0,25762240,2023-01-01,1500,416,397,SKU005,False,16960,WH_N
1464,110.6,0,24829440,2023-01-01,1500,361,397,SKU005,False,16960,WH_S
1415,95.2,0,21599975,2023-01-01,1500,361,446,SKU006,False,15265,WH_N
1498,100.8,0,22866970,2023-01-01,1500,444,446,SKU006,False,15265,WH_S
1517,106.3,0,26919165,2023-01-01,1500,445,428,SKU007,False,17745,WH_N
1483,103.9,0,26315835,2023-01-01,1500,411,428,SKU007,False,17745,WH_S
1395,91.0,0,28458000,2023-01-01,1500,355,460,SKU008,False,20400,WH_N
1479,96.5,0,30171600,2023-01-01,1500,439,460,SKU008,False,20400,WH_S
1419,89.8,0,32963370,2023-01-01,1500,393,474,SKU009,False,23230,WH_N
1256,79.5,0,29176880,2023-01-01,1500,230,474,SKU009,False,23230,WH_S
1304,79.8,0,12440160,2023-01-01,1500,294,490,SKU010,False,9540,WH_N
1425,87.2,0,13594500,2023-01-01,1500,415,490,SKU010,False,9540,WH_S
1422,84.5,0,13146390,2023-01-01,1500,427,505,SKU011,False,9245,WH_N
1327,78.8,0,12268115,2023-01-01,1500,332,505,SKU011,False,9245,WH_S
1167,60.9,0,13274625,2023-01-01,1500,242,575,SKU012,False,11375,WH_N
1177,61.4,0,13388375,2023-01-01,1500,252,575,SKU012,False,11375,WH_S
1250,64.5,0,17100000,2023-01-01,1500,331,581,SKU013,False,13680,WH_N
1239,64.0,0,16949520,2023-01-01,1500,320,581,SKU013,False,13680,WH_S
1132,53.1,0,18293120,2023-01-01,1500,272,640,SKU014,False,16160,WH_N
1230,57.7,0,19876800,2023-01-01,1500,370,640,SKU014,False,16160,WH_S
1158,58.0,0,21787770,2023-01-01,1500,257,599,SKU015,False,18815,WH_N
1172,58.7,0,22051180,2023-01-01,1500,271,599,SKU015,False,18815,WH_S
1197,57.3,0,20073690,2023-01-01,1500,324,627,SKU016,False,16770,WH_N
1306,62.5,0,21901620,2023-01-01,1500,433,627,SKU016,False,16770,WH_S
1577,153.6,0,30496026,2023-01-01,1500,385,308,SKU017,False,19338,WH_N
1491,145.2,0,28832958,2023-01-01,1500,299,308,SKU017,False,19338,WH_S
1578,139.2,0,34842240,2023-01-01,1500,418,340,SKU018,False,22080,WH_N
1430,126.2,0,31574400,2023-01-01,1500,270,340,SKU018,False,22080,WH_S
1441,124.2,0,13098690,2023-01-01,1500,289,348,SKU019,False,9090,WH_N
1417,122.2,0,12880530,2023-01-01,1500,265,348,SKU019,False,9090,WH_S
1363,111.4,0,15531385,2023-01-01,1500,230,367,SKU020,False,11395,WH_N
1373,112.2,0,15645335,2023-01-01,1500,240,367,SKU020,False,11395,WH_S
1509,108.8,0,16221750,2023-01-01,1500,425,416,SKU021,False,10750,WH_N
1528,110.2,0,16426000,2023-01-01,1500,444,416,SKU021,False,10750,WH_S
1297,88.6,0,16819496,2023-01-01,1500,236,439,SKU022,False,12968,WH_N
1336,91.3,0,17325248,2023-01-01,1500,275,439,SKU022,False,12968,WH_S
1449,107.1,0,22256640,2023-01-01,1500,355,406,SKU023,False,15360,WH_N
1462,108.0,0,22456320,2023-01-01,1500,368,406,SKU023,False,15360,WH_S
1420,92.6,0,25457760,2023-01-01,1500,380,460,SKU024,False,17928,WH_N
1421,92.7,0,25475688,2023-01-01,1500,381,460,SKU024,False,17928,WH_S
1398,90.0,0,28896660,2023-01-01,1500,364,466,SKU025,False,20670,WH_N
1423,91.6,0,29413410,2023-01-01,1500,389,466,SKU025,False,20670,WH_S
1386,89.4,0,25329150,2023-01-01,1500,351,465,SKU026,False,18275,WH_N
1265,81.6,0,23117875,2023-01-01,1500,230,465,SKU026,False,18275,WH_S
1317,77.2,0,27564810,2023-01-01,1500,329,512,SKU027,False,20930,WH_N
1320,77.3,0,27627600,2023-01-01,1500,332,512,SKU027,False,20930,WH_S
1365,79.4,0,11793600,2023-01-01,1500,381,516,SKU028,False,8640,WH_N
1331,77.4,0,11499840,2023-01-01,1500,347,516,SKU028,False,8640,WH_S
1394,80.1,0,15136052,2023-01-01,1500,416,522,SKU029,False,10858,WH_N
1213,69.7,0,13170754,2023-01-01,1500,235,522,SKU029,False,10858,WH_S
1191,59.6,0,15780750,2023-01-01,1500,290,599,SKU030,False,13250,WH_N
1284,64.3,0,17013000,2023-01-01,1500,383,599,SKU030,False,13250,WH_S
1177,58.8,0,14424135,2023-01-01,1500,278,601,SKU031,False,12255,WH_N
1272,63.5,0,15588360,2023-01-01,1500,373,601,SKU031,False,12255,WH_S
1313,68.9,0,19117280,2023-01-01,1500,385,572,SKU032,False,14560,WH_N
1366,71.6,0,19888960,2023-01-01,1500,438,572,SKU032,False,14560,WH_S
1089,50.2,0,18556560,2023-01-01,1500,240,651,SKU033,False,17040,WH_N
1297,59.8,0,22100880,2023-01-01,1500,448,651,SKU033,False,17040,WH_S
1587,168.2,0,31255965,2023-01-01,1500,370,283,SKU034,False,19695,WH_N
1568,166.2,0,30881760,2023-01-01,1500,351,283,SKU034,False,19695,WH_S
1584,143.6,0,35679600,2023-01-01,1500,415,331,SKU035,False,22525,WH_N
1399,126.8,0,31512475,2023-01-01,1500,230,331,SKU035,False,22525,WH_S
1542,135.3,0,30500760,2023-01-01,1500,384,342,SKU036,False,19780,WH_N
1468,128.8,0,29037040,2023-01-01,1500,310,342,SKU036,False,19780,WH_S
1422,115.9,0,11006280,2023-02-01,1385,405,368,SKU001,False,7740,WH_N
1700,138.6,0,13158000,2023-02-01,1603,465,368,SKU001,False,7740,WH_S
1256,96.4,0,12286192,2023-02-01,1351,296,391,SKU002,False,9782,WH_N
1326,101.7,0,12970932,2023-02-01,1394,323,391,SKU002,False,9782,WH_S
1359,105.6,0,16308000,2023-02-01,1488,257,386,SKU003,False,12000,WH_N
1336,103.8,0,16032000,2023-02-01,1378,344,386,SKU003,False,12000,WH_S
1497,114.0,0,21544824,2023-02-01,1527,364,394,SKU004,False,14392,WH_N
1253,95.4,0,18033176,2023-02-01,1418,229,394,SKU004,False,14392,WH_S
1381,100.1,0,23421760,2023-02-01,1519,276,414,SKU005,False,16960,WH_N
1468,106.4,0,24897280,2023-02-01,1464,418,414,SKU005,False,16960,WH_S
1235,89.1,0,18852275,2023-02-01,1415,236,416,SKU006,False,15265,WH_N
1357,97.9,0,20714605,2023-02-01,1498,275,416,SKU006,False,15265,WH_S
1478,91.8,0,26227110,2023-02-01,1517,444,483,SKU007,False,17745,WH_N
1260,78.3,0,22358700,2023-02-01,1483,260,483,SKU007,False,17745,WH_S
1090,63.5,0,22236000,2023-02-01,1395,210,515,SKU008,False,20400,WH_N
1244,72.5,0,25377600,2023-02-01,1479,280,515,SKU008,False,20400,WH_S
1137,67.5,0,26412510,2023-02-01,1419,223,505,SKU009,False,23230,WH_N
1069,63.5,0,24832870,2023-02-01,1256,318,505,SKU009,False,23230,WH_S
1101,61.3,0,10503540,2023-02-01,1304,336,539,SKU010,False,9540,WH_N
1207,67.2,0,11514780,2023-02-01,1425,321,539,SKU010,False,9540,WH_S
1110,58.9,0,10261950,2023-02-01,1422,253,565,SKU011,False,9245,WH_N
977,51.9,0,9032365,2023-02-01,1327,215,565,SKU011,False,9245,WH_S
906,45.5,0,10305750,2023-02-01,1167,337,598,SKU012,False,11375,WH_N
817,41.0,0,9293375,2023-02-01,1177,238,598,SKU012,False,11375,WH_S
919,42.9,0,12571920,2023-02-01,1250,311,642,SKU013,False,13680,WH_N
871,40.7,0,11915280,2023-02-01,1239,274,642,SKU013,False,13680,WH_S
818,41.1,0,13218880,2023-02-01,1132,283,597,SKU014,False,16160,WH_N
961,48.3,0,15529760,2023-02-01,1230,328,597,SKU014,False,16160,WH_S
736,35.9,0,13847840,2023-02-01,1158,193,615,SKU015,False,18815,WH_N
837,40.8,0,15748155,2023-02-01,1172,280,615,SKU015,False,18815,WH_S
710,31.1,0,11906700,2023-02-01,1197,198,685,SKU016,False,16770,WH_N
844,37.0,0,14153880,2023-02-01,1306,223,685,SKU016,False,16770,WH_S
1626,140.2,0,31443588,2023-02-01,1577,397,348,SKU017,False,19338,WH_N
1512,130.3,0,29239056,2023-02-01,1491,369,348,SKU017,False,19338,WH_S
1532,129.8,0,33826560,2023-02-01,1578,308,354,SKU018,False,22080,WH_N
1435,121.6,0,31684800,2023-02-01,1430,359,354,SKU018,False,22080,WH_S
1353,111.2,0,12298770,2023-02-01,1441,277,365,SKU019,False,9090,WH_N
1330,109.3,0,12089700,2023-02-01,1417,278,365,SKU019,False,9090,WH_S
1366,102.2,0,15565570,2023-02-01,1363,404,401,SKU020,False,11395,WH_N
1300,97.3,0,14813500,2023-02-01,1373,328,401,SKU020,False,11395,WH_S
1346,100.0,0,14469500,2023-02-01,1509,241,404,SKU021,False,10750,WH_N
1531,113.7,0,16458250,2023-02-01,1528,407,404,SKU021,False,10750,WH_S
1192,90.1,0,15457856,2023-02-01,1297,292,397,SKU022,False,12968,WH_N
1263,95.4,0,16378584,2023-02-01,1336,324,397,SKU022,False,12968,WH_S
1347,88.6,0,20689920,2023-02-01,1449,354,456,SKU023,False,15360,WH_N
1311,86.2,0,20136960,2023-02-01,1462,305,456,SKU023,False,15360,WH_S
1165,73.0,0,20886120,2023-02-01,1420,224,479,SKU024,False,17928,WH_N
1282,80.3,0,22983696,2023-02-01,1421,340,479,SKU024,False,17928,WH_S
1266,74.9,0,26168220,2023-02-01,1398,375,507,SKU025,False,20670,WH_N
1189,70.4,0,24576630,2023-02-01,1423,273,507,SKU025,False,20670,WH_S
1086,62.2,0,19846650,2023-02-01,1386,224,524,SKU026,False,18275,WH_N
1082,61.9,0,19773550,2023-02-01,1265,341,524,SKU026,False,18275,WH_S
1040,57.9,0,21767200,2023-02-01,1317,262,539,SKU027,False,20930,WH_N
980,54.5,0,20511400,2023-02-01,1320,199,539,SKU027,False,20930,WH_S
1066,57.2,0,9210240,2023-02-01,1365,260,559,SKU028,False,8640,WH_N
1113,59.7,0,9616320,2023-02-01,1331,341,559,SKU028,False,8640,WH_S
1042,53.6,0,11314036,2023-02-01,1394,231,583,SKU029,False,10858,WH_N
966,49.7,0,10488828,2023-02-01,1213,336,583,SKU029,False,10858,WH_S
882,48.0,0,11686500,2023-02-01,1191,242,551,SKU030,False,13250,WH_N
1024,55.8,0,13568000,2023-02-01,1284,291,551,SKU030,False,13250,WH_S
781,35.8,0,9571155,2023-02-01,1177,258,654,SKU031,False,12255,WH_N
966,44.3,0,11838330,2023-02-01,1272,348,654,SKU031,False,12255,WH_S
1059,50.5,0,15419040,2023-02-01,1313,375,629,SKU032,False,14560,WH_N
996,47.5,0,14501760,2023-02-01,1366,259,629,SKU032,False,14560,WH_S
552,23.4,0,9406080,2023-02-01,1089,172,709,SKU033,False,17040,WH_N
924,39.1,0,15744960,2023-02-01,1297,336,709,SKU033,False,17040,WH_S
1628,146.2,0,32063460,2023-02-01,1587,375,334,SKU034,False,19695,WH_N
1605,144.2,0,31610475,2023-02-01,1568,371,334,SKU034,False,19695,WH_S
1529,142.0,0,34440725,2023-02-01,1584,268,323,SKU035,False,22525,WH_N
1375,127.7,0,30971875,2023-02-01,1399,299,323,SKU035,False,22525,WH_S
1438,114.1,0,28443640,2023-02-01,1542,274,378,SKU036,False,19780,WH_N
1425,113.1,0,28186500,2023-02-01,1468,335,378,SKU036,False,19780,WH_S
1256,97.4,108360,9721440,2023-03-01,1422,235,387,SKU001,False,7740,WH_N
1605,124.4,131580,12422700,2023-03-01,1700,309,387,SKU001,False,7740,WH_S
1148,91.4,117384,11229736,2023-03-01,1256,281,377,SKU002,False,9782,WH_N
1218,96.9,127166,11914476,2023-03-01,1326,282,377,SKU002,False,9782,WH_S
1309,99.7,156000,15708000,2023-03-01,1359,357,394,SKU003,False,12000,WH_N
1169,89.0,156000,14028000,2023-03-01,1336,240,394,SKU003,False,12000,WH_S
1415,103.0,201488,20364680,2023-03-01,1497,344,412,SKU004,False,14392,WH_N
1169,85.1,172704,16824248,2023-03-01,1253,340,412,SKU004,False,14392,WH_S
1257,89.8,220480,21318720,2023-03-01,1381,309,420,SKU005,False,16960,WH_N
1410,100.7,237440,23913600,2023-03-01,1468,376,420,SKU005,False,16960,WH_S
957,61.1,183180,14608605,2023-03-01,1235,204,470,SKU006,False,15265,WH_N
1185,75.6,198445,18089025,2023-03-01,1357,311,470,SKU006,False,15265,WH_S
1352,85.2,248430,23991240,2023-03-01,1478,364,476,SKU007,False,17745,WH_N
1125,70.9,212940,19963125,2023-03-01,1260,353,476,SKU007,False,17745,WH_S
796,49.9,204000,16238400,2023-03-01,1090,195,479,SKU008,False,20400,WH_N
1121,70.2,244800,22868400,2023-03-01,1244,368,479,SKU008,False,20400,WH_S
863,47.2,255530,20047490,2023-03-01,1137,286,549,SKU009,False,23230,WH_N
689,37.7,232300,16005470,2023-03-01,1069,179,549,SKU009,False,23230,WH_S
820,43.2,104940,7822800,2023-03-01,1101,300,570,SKU010,False,9540,WH_N
885,46.6,114480,8442900,2023-03-01,1207,260,570,SKU010,False,9540,WH_S
818,42.0,101695,7562410,2023-03-01,1110,303,584,SKU011,False,9245,WH_N
551,28.3,83205,5093995,2023-03-01,977,167,584,SKU011,False,9245,WH_S
634,38.0,102375,7211750,2023-03-01,906,237,500,SKU012,False,11375,WH_N
443,26.6,91000,5039125,2023-03-01,817,134,500,SKU012,False,11375,WH_S
576,29.9,123120,7879680,2023-03-01,919,244,578,SKU013,False,13680,WH_N
436,22.6,109440,5964480,2023-03-01,871,151,578,SKU013,False,13680,WH_S
381,17.4,129280,6156960,2023-03-01,818,229,658,SKU014,False,16160,WH_N
444,20.2,145440,7175040,2023-03-01,961,150,658,SKU014,False,16160,WH_S
192,8.9,131705,3612480,2023-03-01,736,113,650,SKU015,False,18815,WH_N
356,16.4,150520,6698140,2023-03-01,837,177,650,SKU015,False,18815,WH_S
149,6.7,117390,2498730,2023-03-01,710,110,664,SKU016,False,16770,WH_N
398,18.0,134160,6674460,2023-03-01,844,226,664,SKU016,False,16770,WH_S
1525,134.6,309408,29490450,2023-03-01,1626,255,340,SKU017,False,19338,WH_N
1401,123.6,290070,27092538,2023-03-01,1512,244,340,SKU017,False,19338,WH_S
1472,116.8,331200,32501760,2023-03-01,1532,333,378,SKU018,False,22080,WH_N
1421,112.8,309120,31375680,2023-03-01,1435,378,378,SKU018,False,22080,WH_S
1333,101.5,118170,12116970,2023-03-01,1353,387,394,SKU019,False,9090,WH_N
1198,91.2,118170,10889820,2023-03-01,1330,275,394,SKU019,False,9090,WH_S
1334,95.5,148135,15200930,2023-03-01,1366,400,419,SKU020,False,11395,WH_N
1070,76.6,148135,12192650,2023-03-01,1300,202,419,SKU020,False,11395,WH_S
1219,94.3,139750,13104250,2023-03-01,1346,274,388,SKU021,False,10750,WH_N
1561,120.7,161250,16780750,2023-03-01,1531,433,388,SKU021,False,10750,WH_S
955,70.6,142648,12384440,2023-03-01,1192,180,406,SKU022,False,12968,WH_N
1171,86.5,155616,15185528,2023-03-01,1263,326,406,SKU022,False,12968,WH_S
1142,75.3,199680,17541120,2023-03-01,1347,263,455,SKU023,False,15360,WH_N
1114,73.5,199680,17111040,2023-03-01,1311,271,455,SKU023,False,15360,WH_S
969,63.8,197208,17372232,2023-03-01,1165,271,456,SKU024,False,17928,WH_N
1083,71.2,215136,19416024,2023-03-01,1282,269,456,SKU024,False,17928,WH_S
1023,66.4,248040,21145410,2023-03-01,1266,231,462,SKU025,False,20670,WH_N
1044,67.8,227370,21579480,2023-03-01,1189,328,462,SKU025,False,20670,WH_S
791,46.2,182750,14455525,2023-03-01,1086,229,514,SKU026,False,18275,WH_N
856,50.0,182750,15643400,2023-03-01,1082,298,514,SKU026,False,18275,WH_S
699,36.0,209300,14630070,2023-03-01,1040,252,583,SKU027,False,20930,WH_N
633,32.6,188370,13248690,2023-03-01,980,245,583,SKU027,False,20930,WH_S
792,45.4,86400,6842880,2023-03-01,1066,259,523,SKU028,False,8640,WH_N
789,45.3,95040,6816960,2023-03-01,1113,210,523,SKU028,False,8640,WH_S
647,34.4,108580,7025126,2023-03-01,1042,180,565,SKU029,False,10858,WH_N
572,30.4,97722,6210776,2023-03-01,966,180,565,SKU029,False,10858,WH_S
528,28.0,106000,6996000,2023-03-01,882,220,566,SKU030,False,13250,WH_N
705,37.4,132500,9341250,2023-03-01,1024,257,566,SKU030,False,13250,WH_S
306,14.6,85785,3750030,2023-03-01,781,162,630,SKU031,False,12255,WH_N
556,26.5,110295,6813780,2023-03-01,966,229,630,SKU031,False,12255,WH_S
670,32.3,145600,9755200,2023-03-01,1059,244,623,SKU032,False,14560,WH_N
528,25.4,131040,7687680,2023-03-01,996,164,623,SKU032,False,14560,WH_S
0,0.0,85200,0,2023-03-01,552,110,657,SKU033,False,17040,WH_N
437,19.5,153360,7446480,2023-03-01,924,196,674,SKU033,False,17040,WH_S
1614,149.0,315120,31787730,2023-03-01,1628,327,325,SKU034,False,19695,WH_N
1686,155.6,315120,33205770,2023-03-01,1605,422,325,SKU034,False,19695,WH_S
1538,129.2,337875,34643450,2023-03-01,1529,381,357,SKU035,False,22525,WH_N
1258,105.7,292825,28336450,2023-03-01,1375,253,357,SKU035,False,22525,WH_S
1318,103.5,276920,26070040,2023-03-01,1438,276,382,SKU036,False,19780,WH_N
1287,101.1,276920,25456860,2023-03-01,1425,258,382,SKU036,False,19780,WH_S
1227,93.9,0,9496980,2023-04-01,1256,363,392,SKU001,False,7740,WH_N
1508,115.4,0,11671920,2023-04-01,1605,295,392,SKU001,False,7740,WH_S
1002,77.1,0,9801564,2023-04-01,1148,244,390,SKU002,False,9782,WH_N
1122,86.3,0,10975404,2023-04-01,1218,294,390,SKU002,False,9782,WH_S
1134,85.0,0,13608000,2023-04-01,1309,225,400,SKU003,False,12000,WH_N
947,71.0,0,11364000,2023-04-01,1169,178,400,SKU003,False,12000,WH_S
1382,109.4,0,19889744,2023-04-01,1415,346,379,SKU004,False,14392,WH_N
1119,88.6,0,16104648,2023-04-01,1169,329,379,SKU004,False,14392,WH_S
1087,78.0,0,18435520,2023-04-01,1257,248,418,SKU005,False,16960,WH_N
1412,101.3,0,23947520,2023-04-01,1410,420,418,SKU005,False,16960,WH_S
673,47.2,0,10273345,2023-04-01,957,144,428,SKU006,False,15265,WH_N
1088,76.3,0,16608320,2023-04-01,1185,331,428,SKU006,False,15265,WH_S
1088,65.1,0,19306560,2023-04-01,1352,237,501,SKU007,False,17745,WH_N
877,52.5,0,15562365,2023-04-01,1125,253,501,SKU007,False,17745,WH_S
433,24.7,0,8833200,2023-04-01,796,162,525,SKU008,False,20400,WH_N
925,52.9,0,18870000,2023-04-01,1121,329,525,SKU008,False,20400,WH_S
564,30.6,0,13101720,2023-04-01,863,254,553,SKU009,False,23230,WH_N
289,15.7,0,6713470,2023-04-01,689,153,553,SKU009,False,23230,WH_S
394,21.0,0,3758760,2023-04-01,820,136,562,SKU010,False,9540,WH_N
566,30.2,0,5399640,2023-04-01,885,243,562,SKU010,False,9540,WH_S
455,26.4,0,4206475,2023-04-01,818,155,518,SKU011,False,9245,WH_N
147,8.5,0,1359015,2023-04-01,551,114,518,SKU011,False,9245,WH_S
193,10.0,0,2195375,2023-04-01,634,140,581,SKU012,False,11375,WH_N
0,0.0,0,0,2023-04-01,443,128,571,SKU012,False,11375,WH_S
96,5.1,0,1313280,2023-04-01,576,87,567,SKU013,False,13680,WH_N
0,0.0,0,0,2023-04-01,436,69,505,SKU013,False,13680,WH_S
0,0.0,0,0,2023-04-01,381,73,454,SKU014,False,16160,WH_N
0,0.0,0,0,2023-04-01,444,127,571,SKU014,False,16160,WH_S
0,0.0,0,0,2023-04-01,192,31,223,SKU015,False,18815,WH_N
0,0.0,0,0,2023-04-01,356,59,415,SKU015,False,18815,WH_S
0,0.0,0,0,2023-04-01,149,23,172,SKU016,False,16770,WH_N
0,0.0,0,0,2023-04-01,398,102,500,SKU016,False,16770,WH_S
1495,125.3,0,28910310,2023-04-01,1525,328,358,SKU017,False,19338,WH_N
1321,110.7,0,25545498,2023-04-01,1401,278,358,SKU017,False,19338,WH_S
1532,125.9,0,33826560,2023-04-01,1472,425,365,SKU018,False,22080,WH_N
1415,116.3,0,31243200,2023-04-01,1421,359,365,SKU018,False,22080,WH_S
1281,104.7,0,11644290,2023-04-01,1333,315,367,SKU019,False,9090,WH_N
1183,96.7,0,10753470,2023-04-01,1198,352,367,SKU019,False,9090,WH_S
1224,83.8,0,13947480,2023-04-01,1334,328,438,SKU020,False,11395,WH_N
811,55.5,0,9241345,2023-04-01,1070,179,438,SKU020,False,11395,WH_S
1030,66.0,0,11072500,2023-04-01,1219,279,468,SKU021,False,10750,WH_N
1474,94.5,0,15845500,2023-04-01,1561,381,468,SKU021,False,10750,WH_S
689,44.1,0,8934952,2023-04-01,955,203,469,SKU022,False,12968,WH_N
976,62.4,0,12656768,2023-04-01,1171,274,469,SKU022,False,12968,WH_S
922,61.5,0,14161920,2023-04-01,1142,230,450,SKU023,False,15360,WH_N
968,64.5,0,14868480,2023-04-01,1114,304,450,SKU023,False,15360,WH_S
654,42.1,0,11724912,2023-04-01,969,151,466,SKU024,False,17928,WH_N
923,59.4,0,16547544,2023-04-01,1083,306,466,SKU024,False,17928,WH_S
808,46.7,0,16701360,2023-04-01,1023,304,519,SKU025,False,20670,WH_N
683,39.5,0,14117610,2023-04-01,1044,158,519,SKU025,False,20670,WH_S
436,27.4,0,7967900,2023-04-01,791,123,478,SKU026,False,18275,WH_N
604,37.9,0,11038100,2023-04-01,856,226,478,SKU026,False,18275,WH_S
283,15.8,0,5923190,2023-04-01,699,120,536,SKU027,False,20930,WH_N
193,10.8,0,4039490,2023-04-01,633,96,536,SKU027,False,20930,WH_S
408,22.7,0,3525120,2023-04-01,792,155,539,SKU028,False,8640,WH_N
388,21.6,0,3352320,2023-04-01,789,138,539,SKU028,False,8640,WH_S
205,9.9,0,2225890,2023-04-01,647,182,624,SKU029,False,10858,WH_N
88,4.2,0,955504,2023-04-01,572,140,624,SKU029,False,10858,WH_S
36,1.8,0,477000,2023-04-01,528,112,604,SKU030,False,13250,WH_N
214,10.6,0,2835500,2023-04-01,705,113,604,SKU030,False,13250,WH_S
0,0.0,0,0,2023-04-01,306,59,365,SKU031,False,12255,WH_N
92,4.6,0,1127460,2023-04-01,556,130,594,SKU031,False,12255,WH_S
182,8.6,0,2649920,2023-04-01,670,147,635,SKU032,False,14560,WH_N
28,1.3,0,407680,2023-04-01,528,135,635,SKU032,False,14560,WH_S
0,0.0,0,0,2023-04-01,0,0,0,SKU033,False,17040,WH_N
0,0.0,0,0,2023-04-01,437,120,557,SKU033,False,17040,WH_S
1587,141.7,0,31255965,2023-04-01,1614,309,336,SKU034,False,19695,WH_N
1799,160.6,0,35431305,2023-04-01,1686,449,336,SKU034,False,19695,WH_S
1442,117.9,0,32481050,2023-04-01,1538,271,367,SKU035,False,22525,WH_N
1217,99.5,0,27412925,2023-04-01,1258,326,367,SKU035,False,22525,WH_S
1136,83.7,0,22470080,2023-04-01,1318,225,407,SKU036,False,19780,WH_N
1214,89.5,0,24012920,2023-04-01,1287,334,407,SKU036,False,19780,WH_S
1179,109.8,0,9125460,2023-05-01,1227,274,322,SKU001,False,7740,WH_N
1480,137.9,0,11455200,2023-05-01,1508,294,322,SKU001,False,7740,WH_S
944,89.3,0,9234208,2023-05-01,1002,259,317,SKU002,False,9782,WH_N
1082,102.4,0,10584124,2023-05-01,1122,277,317,SKU002,False,9782,WH_S
1095,93.9,0,13140000,2023-05-01,1134,311,350,SKU003,False,12000,WH_N
834,71.5,0,10008000,2023-05-01,947,237,350,SKU003,False,12000,WH_S
1382,105.8,0,19889744,2023-05-01,1382,392,392,SKU004,False,14392,WH_N
1040,79.6,0,14967680,2023-05-01,1119,313,392,SKU004,False,14392,WH_S
1036,84.0,0,17570560,2023-05-01,1087,319,370,SKU005,False,16960,WH_N
1274,103.3,0,21607040,2023-05-01,1412,232,370,SKU005,False,16960,WH_S
365,25.5,0,5571725,2023-05-01,673,122,430,SKU006,False,15265,WH_N
952,66.4,0,14532280,2023-05-01,1088,294,430,SKU006,False,15265,WH_S
847,59.0,0,15030015,2023-05-01,1088,190,431,SKU007,False,17745,WH_N
686,47.7,0,12173070,2023-05-01,877,240,431,SKU007,False,17745,WH_S
54,3.4,0,1101600,2023-05-01,433,98,477,SKU008,False,20400,WH_N
697,43.8,0,14218800,2023-05-01,925,249,477,SKU008,False,20400,WH_S
207,12.1,0,4808610,2023-05-01,564,156,513,SKU009,False,23230,WH_N
0,0.0,0,0,2023-05-01,289,61,350,SKU009,False,23230,WH_S
0,0.0,0,0,2023-05-01,394,68,462,SKU010,False,9540,WH_N
180,10.9,0,1717200,2023-05-01,566,109,495,SKU010,False,9540,WH_S
28,1.5,0,258860,2023-05-01,455,132,559,SKU011,False,9245,WH_N
0,0.0,0,0,2023-05-01,147,32,179,SKU011,False,9245,WH_S
0,0.0,0,0,2023-05-01,193,33,226,SKU012,False,11375,WH_N
0,0.0,0,0,2023-05-01,0,0,0,SKU012,False,11375,WH_S
0,0.0,0,0,2023-05-01,96,15,111,SKU013,False,13680,WH_N
0,0.0,0,0,2023-05-01,0,0,0,SKU013,False,13680,WH_S
0,0.0,0,0,2023-05-01,0,0,0,SKU014,False,16160,WH_N
0,0.0,0,0,2023-05-01,0,0,0,SKU014,False,16160,WH_S
0,0.0,0,0,2023-05-01,0,0,0,SKU015,False,18815,WH_N
0,0.0,0,0,2023-05-01,0,0,0,SKU015,False,18815,WH_S
0,0.0,0,0,2023-05-01,0,0,0,SKU016,False,16770,WH_N
0,0.0,0,0,2023-05-01,0,0,0,SKU016,False,16770,WH_S
1525,151.0,0,29490450,2023-05-01,1495,333,303,SKU017,False,19338,WH_N
1365,135.1,0,26396370,2023-05-01,1321,347,303,SKU017,False,19338,WH_S
1460,137.7,0,32236800,2023-05-01,1532,246,318,SKU018,False,22080,WH_N
1360,128.3,0,30028800,2023-05-01,1415,263,318,SKU018,False,22080,WH_S
1172,112.0,0,10653480,2023-05-01,1281,205,314,SKU019,False,9090,WH_N
1140,108.9,0,10362600,2023-05-01,1183,271,314,SKU019,False,9090,WH_S
1197,100.9,0,13639815,2023-05-01,1224,329,356,SKU020,False,11395,WH_N
671,56.5,0,7646045,2023-05-01,811,216,356,SKU020,False,11395,WH_S
934,72.0,0,10040500,2023-05-01,1030,293,389,SKU021,False,10750,WH_N
1360,104.9,0,14620000,2023-05-01,1474,275,389,SKU021,False,10750,WH_S
413,28.7,0,5355784,2023-05-01,689,156,432,SKU022,False,12968,WH_N
722,50.1,0,9362896,2023-05-01,976,178,432,SKU022,False,12968,WH_S
712,48.7,0,10936320,2023-05-01,922,229,439,SKU023,False,15360,WH_N
754,51.5,0,11581440,2023-05-01,968,225,439,SKU023,False,15360,WH_S
333,20.9,0,5970024,2023-05-01,654,158,479,SKU024,False,17928,WH_N
609,38.1,0,10918152,2023-05-01,923,165,479,SKU024,False,17928,WH_S
506,34.3,0,10459020,2023-05-01,808,140,442,SKU025,False,20670,WH_N
376,25.5,0,7771920,2023-05-01,683,135,442,SKU025,False,20670,WH_S
64,3.8,0,1169600,2023-05-01,436,129,501,SKU026,False,18275,WH_N
261,15.6,0,4769775,2023-05-01,604,158,501,SKU026,False,18275,WH_S
0,0.0,0,0,2023-05-01,283,66,349,SKU027,False,20930,WH_N
0,0.0,0,0,2023-05-01,193,45,238,SKU027,False,20930,WH_S
0,0.0,0,0,2023-05-01,408,109,517,SKU028,False,8640,WH_N
0,0.0,0,0,2023-05-01,388,80,468,SKU028,False,8640,WH_S
0,0.0,0,0,2023-05-01,205,34,239,SKU029,False,10858,WH_N
0,0.0,0,0,2023-05-01,88,22,110,SKU029,False,10858,WH_S
0,0.0,0,0,2023-05-01,36,9,45,SKU030,False,13250,WH_N
0,0.0,0,0,2023-05-01,214,59,273,SKU030,False,13250,WH_S
0,0.0,0,0,2023-05-01,0,0,0,SKU031,False,12255,WH_N
0,0.0,0,0,2023-05-01,92,20,112,SKU031,False,12255,WH_S
0,0.0,0,0,2023-05-01,182,44,226,SKU032,False,14560,WH_N
0,0.0,0,0,2023-05-01,28,4,32,SKU032,False,14560,WH_S
0,0.0,0,0,2023-05-01,0,0,0,SKU033,False,17040,WH_N
0,0.0,0,0,2023-05-01,0,0,0,SKU033,False,17040,WH_S
1686,167.5,0,33205770,2023-05-01,1587,401,302,SKU034,False,19695,WH_N
1859,184.7,0,36613005,2023-05-01,1799,362,302,SKU034,False,19695,WH_S
1498,137.0,0,33742450,2023-05-01,1442,384,328,SKU035,False,22525,WH_N
1231,112.6,0,27728275,2023-05-01,1217,342,328,SKU035,False,22525,WH_S
1093,93.2,0,21619540,2023-05-01,1136,309,352,SKU036,False,19780,WH_N
1075,91.6,0,21263500,2023-05-01,1214,213,352,SKU036,False,19780,WH_S
1051,95.3,0,8134740,2023-06-01,1179,203,331,SKU001,False,7740,WH_N
1555,140.9,0,12035700,2023-06-01,1480,406,331,SKU001,False,7740,WH_S
767,60.4,0,7502794,2023-06-01,944,204,381,SKU002,False,9782,WH_N
1002,78.9,0,9801564,2023-06-01,1082,301,381,SKU002,False,9782,WH_S
956,73.2,0,11472000,2023-06-01,1095,253,392,SKU003,False,12000,WH_N
636,48.7,0,7632000,2023-06-01,834,194,392,SKU003,False,12000,WH_S
1291,94.2,0,18580072,2023-06-01,1382,320,411,SKU004,False,14392,WH_N
806,58.8,0,11599952,2023-06-01,1040,177,411,SKU004,False,14392,WH_S
905,63.1,0,15348800,2023-06-01,1036,299,430,SKU005,False,16960,WH_N
1048,73.1,0,17774080,2023-06-01,1274,204,430,SKU005,False,16960,WH_S
30,2.1,0,457950,2023-06-01,365,86,421,SKU006,False,15265,WH_N
734,52.3,0,11204510,2023-06-01,952,203,421,SKU006,False,15265,WH_S
661,46.4,0,11729445,2023-06-01,847,241,427,SKU007,False,17745,WH_N
390,27.4,0,6920550,2023-06-01,686,131,427,SKU007,False,17745,WH_S
0,0.0,0,0,2023-06-01,54,10,64,SKU008,False,20400,WH_N
386,24.4,0,7874400,2023-06-01,697,164,475,SKU008,False,20400,WH_S
0,0.0,0,0,2023-06-01,207,45,252,SKU009,False,23230,WH_N
0,0.0,0,0,2023-06-01,0,0,0,SKU009,False,23230,WH_S
0,0.0,0,0,2023-06-01,0,0,0,SKU010,False,9540,WH_N
0,0.0,0,0,2023-06-01,180,50,230,SKU010,False,9540,WH_S
0,0.0,0,0,2023-06-01,28,5,33,SKU011,False,9245,WH_N
0,0.0,0,0,2023-06-01,0,0,0,SKU011,False,9245,WH_S
0,0.0,0,0,2023-06-01,0,0,0,SKU012,False,11375,WH_N
0,0.0,0,0,2023-06-01,0,0,0,SKU012,False,11375,WH_S
0,0.0,0,0,2023-06-01,0,0,0,SKU013,False,13680,WH_N
0,0.0,0,0,2023-06-01,0,0,0,SKU013,False,13680,WH_S
0,0.0,0,0,2023-06-01,0,0,0,SKU014,False,16160,WH_N
0,0.0,0,0,2023-06-01,0,0,0,SKU014,False,16160,WH_S
0,0.0,0,0,2023-06-01,0,0,0,SKU015,False,18815,WH_N
0,0.0,0,0,2023-06-01,0,0,0,SKU015,False,18815,WH_S
0,0.0,0,0,2023-06-01,0,0,0,SKU016,False,16770,WH_N
0,0.0,0,0,2023-06-01,0,0,0,SKU016,False,16770,WH_S
1524,165.1,0,29471112,2023-06-01,1525,276,277,SKU017,False,19338,WH_N
1307,141.6,0,25274766,2023-06-01,1365,219,277,SKU017,False,19338,WH_S
1518,135.9,0,33517440,2023-06-01,1460,393,335,SKU018,False,22080,WH_N
1363,122.1,0,30095040,2023-06-01,1360,338,335,SKU018,False,22080,WH_S
1159,105.4,0,10535310,2023-06-01,1172,317,330,SKU019,False,9090,WH_N
1020,92.7,0,9271800,2023-06-01,1140,210,330,SKU019,False,9090,WH_S
1022,77.8,0,11645690,2023-06-01,1197,219,394,SKU020,False,11395,WH_N
417,31.8,0,4751715,2023-06-01,671,140,394,SKU020,False,11395,WH_S
752,52.0,0,8084000,2023-06-01,934,252,434,SKU021,False,10750,WH_N
1312,90.7,0,14104000,2023-06-01,1360,386,434,SKU021,False,10750,WH_S
130,10.9,0,1685840,2023-06-01,413,76,359,SKU022,False,12968,WH_N
567,47.4,0,7352856,2023-06-01,722,204,359,SKU022,False,12968,WH_S
416,28.6,0,6389760,2023-06-01,712,140,436,SKU023,False,15360,WH_N
533,36.7,0,8186880,2023-06-01,754,215,436,SKU023,False,15360,WH_S
0,0.0,0,0,2023-06-01,333,80,413,SKU024,False,17928,WH_N
257,16.9,0,4607496,2023-06-01,609,105,457,SKU024,False,17928,WH_S
205,14.4,0,4237350,2023-06-01,506,125,426,SKU025,False,20670,WH_N
43,3.0,0,888810,2023-06-01,376,93,426,SKU025,False,20670,WH_S
0,0.0,0,0,2023-06-01,64,9,73,SKU026,False,18275,WH_N
0,0.0,0,0,2023-06-01,261,57,318,SKU026,False,18275,WH_S
0,0.0,0,0,2023-06-01,0,0,0,SKU027,False,20930,WH_N
0,0.0,0,0,2023-06-01,0,0,0,SKU027,False,20930,WH_S
0,0.0,0,0,2023-06-01,0,0,0,SKU028,False,8640,WH_N
0,0.0,0,0,2023-06-01,0,0,0,SKU028,False,8640,WH_S
0,0.0,0,0,2023-06-01,0,0,0,SKU029,False,10858,WH_N
0,0.0,0,0,2023-06-01,0,0,0,SKU029,False,10858,WH_S
0,0.0,0,0,2023-06-01,0,0,0,SKU030,False,13250,WH_N
0,0.0,0,0,2023-06-01,0,0,0,SKU030,False,13250,WH_S
0,0.0,0,0,2023-06-01,0,0,0,SKU031,False,12255,WH_N
0,0.0,0,0,2023-06-01,0,0,0,SKU031,False,12255,WH_S
0,0.0,0,0,2023-06-01,0,0,0,SKU032,False,14560,WH_N
0,0.0,0,0,2023-06-01,0,0,0,SKU032,False,14560,WH_S
0,0.0,0,0,2023-06-01,0,0,0,SKU033,False,17040,WH_N
0,0.0,0,0,2023-06-01,0,0,0,SKU033,False,17040,WH_S
1693,169.3,0,33343635,2023-06-01,1686,307,300,SKU034,False,19695,WH_N
2082,208.2,0,41004990,2023-06-01,1859,523,300,SKU034,False,19695,WH_S
1436,126.7,0,32345900,2023-06-01,1498,278,340,SKU035,False,22525,WH_N
1204,106.2,0,27120100,2023-06-01,1231,313,340,SKU035,False,22525,WH_S
1008,81.1,0,19938240,2023-06-01,1093,288,373,SKU036,False,19780,WH_N
926,74.5,0,18316280,2023-06-01,1075,224,373,SKU036,False,19780,WH_S
996,83.5,0,7709040,2023-07-01,1051,303,358,SKU001,False,7740,WH_N
1548,129.7,0,11981520,2023-07-01,1555,351,358,SKU001,False,7740,WH_S
506,40.2,0,4949692,2023-07-01,767,117,378,SKU002,False,9782,WH_N
916,72.7,0,8960312,2023-07-01,1002,292,378,SKU002,False,9782,WH_S
762,63.7,0,9144000,2023-07-01,956,165,359,SKU003,False,12000,WH_N
410,34.3,0,4920000,2023-07-01,636,133,359,SKU003,False,12000,WH_S
1179,104.6,0,16968168,2023-07-01,1291,226,338,SKU004,False,14392,WH_N
617,54.8,0,8879864,2023-07-01,806,149,338,SKU004,False,14392,WH_S
658,48.6,0,11159680,2023-07-01,905,159,406,SKU005,False,16960,WH_N
877,64.8,0,14873920,2023-07-01,1048,235,406,SKU005,False,16960,WH_S
0,0.0,0,0,2023-07-01,30,7,37,SKU006,False,15265,WH_N
389,23.0,0,5938085,2023-07-01,734,163,508,SKU006,False,15265,WH_S
426,30.7,0,7559370,2023-07-01,661,181,416,SKU007,False,17745,WH_N
37,2.7,0,656565,2023-07-01,390,63,416,SKU007,False,17745,WH_S
0,0.0,0,0,2023-07-01,0,0,0,SKU008,False,20400,WH_N
23,1.5,0,469200,2023-07-01,386,103,466,SKU008,False,20400,WH_S
0,0.0,0,0,2023-07-01,0,0,0,SKU009,False,23230,WH_N
0,0.0,0,0,2023-07-01,0,0,0,SKU009,False,23230,WH_S
0,0.0,0,0,2023-07-01,0,0,0,SKU010,False,9540,WH_N
0,0.0,0,0,2023-07-01,0,0,0,SKU010,False,9540,WH_S
0,0.0,0,0,2023-07-01,0,0,0,SKU011,False,9245,WH_N
0,0.0,0,0,2023-07-01,0,0,0,SKU011,False,9245,WH_S
0,0.0,0,0,2023-07-01,0,0,0,SKU012,False,11375,WH_N
0,0.0,0,0,2023-07-01,0,0,0,SKU012,False,11375,WH_S
0,0.0,0,0,2023-07-01,0,0,0,SKU013,False,13680,WH_N
0,0.0,0,0,2023-07-01,0,0,0,SKU013,False,13680,WH_S
0,0.0,0,0,2023-07-01,0,0,0,SKU014,False,16160,WH_N
0,0.0,0,0,2023-07-01,0,0,0,SKU014,False,16160,WH_S
0,0.0,0,0,2023-07-01,0,0,0,SKU015,False,18815,WH_N
0,0.0,0,0,2023-07-01,0,0,0,SKU015,False,18815,WH_S
0,0.0,0,0,2023-07-01,0,0,0,SKU016,False,16770,WH_N
0,0.0,0,0,2023-07-01,0,0,0,SKU016,False,16770,WH_S
1504,150.4,0,29084352,2023-07-01,1524,280,300,SKU017,False,19338,WH_N
1275,127.5,0,24655950,2023-07-01,1307,268,300,SKU017,False,19338,WH_S
1492,126.1,0,32943360,2023-07-01,1518,329,355,SKU018,False,22080,WH_N
1403,118.6,0,30978240,2023-07-01,1363,395,355,SKU018,False,22080,WH_S
1035,84.8,0,9408150,2023-07-01,1159,242,366,SKU019,False,9090,WH_N
812,66.6,0,7381080,2023-07-01,1020,158,366,SKU019,False,9090,WH_S
877,69.1,0,9993415,2023-07-01,1022,236,381,SKU020,False,11395,WH_N
129,10.2,0,1469955,2023-07-01,417,93,381,SKU020,False,11395,WH_S
499,35.5,0,5364250,2023-07-01,752,169,422,SKU021,False,10750,WH_N
1246,88.6,0,13394500,2023-07-01,1312,356,422,SKU021,False,10750,WH_S
0,0.0,0,0,2023-07-01,130,31,161,SKU022,False,12968,WH_N
288,21.2,0,3734784,2023-07-01,567,129,408,SKU022,False,12968,WH_S
82,6.0,0,1259520,2023-07-01,416,74,408,SKU023,False,15360,WH_N
278,20.4,0,4270080,2023-07-01,533,153,408,SKU023,False,15360,WH_S
0,0.0,0,0,2023-07-01,0,0,0,SKU024,False,17928,WH_N
0,0.0,0,0,2023-07-01,257,42,299,SKU024,False,17928,WH_S
0,0.0,0,0,2023-07-01,205,59,264,SKU025,False,20670,WH_N
0,0.0,0,0,2023-07-01,43,9,52,SKU025,False,20670,WH_S
0,0.0,0,0,2023-07-01,0,0,0,SKU026,False,18275,WH_N
0,0.0,0,0,2023-07-01,0,0,0,SKU026,False,18275,WH_S
0,0.0,0,0,2023-07-01,0,0,0,SKU027,False,20930,WH_N
0,0.0,0,0,2023-07-01,0,0,0,SKU027,False,20930,WH_S
0,0.0,0,0,2023-07-01,0,0,0,SKU028,False,8640,WH_N
0,0.0,0,0,2023-07-01,0,0,0,SKU028,False,8640,WH_S
0,0.0,0,0,2023-07-01,0,0,0,SKU029,False,10858,WH_N
0,0.0,0,0,2023-07-01,0,0,0,SKU029,False,10858,WH_S
0,0.0,0,0,2023-07-01,0,0,0,SKU030,False,13250,WH_N
0,0.0,0,0,2023-07-01,0,0,0,SKU030,False,13250,WH_S
0,0.0,0,0,2023-07-01,0,0,0,SKU031,False,12255,WH_N
0,0.0,0,0,2023-07-01,0,0,0,SKU031,False,12255,WH_S
0,0.0,0,0,2023-07-01,0,0,0,SKU032,False,14560,WH_N
0,0.0,0,0,2023-07-01,0,0,0,SKU032,False,14560,WH_S
0,0.0,0,0,2023-07-01,0,0,0,SKU033,False,17040,WH_N
0,0.0,0,0,2023-07-01,0,0,0,SKU033,False,17040,WH_S
1709,139.7,0,33658755,2023-07-01,1693,383,367,SKU034,False,19695,WH_N
2151,175.8,0,42363945,2023-07-01,2082,436,367,SKU034,False,19695,WH_S
1455,134.3,0,32773875,2023-07-01,1436,344,325,SKU035,False,22525,WH_N
1205,111.2,0,27142625,2023-07-01,1204,326,325,SKU035,False,22525,WH_S
879,74.1,0,17386620,2023-07-01,1008,227,356,SKU036,False,19780,WH_N
814,68.6,0,16100920,2023-07-01,926,244,356,SKU036,False,19780,WH_S
793,67.0,0,6137820,2023-08-01,996,152,355,SKU001,False,7740,WH_N
1541,130.2,0,11927340,2023-08-01,1548,348,355,SKU001,False,7740,WH_S
249,19.6,0,2435718,2023-08-01,506,124,381,SKU002,False,9782,WH_N
732,57.6,0,7160424,2023-08-01,916,197,381,SKU002,False,9782,WH_S
532,44.0,0,6384000,2023-08-01,762,133,363,SKU003,False,12000,WH_N
137,11.3,0,1644000,2023-08-01,410,90,363,SKU003,False,12000,WH_S
1085,81.0,0,15615320,2023-08-01,1179,308,402,SKU004,False,14392,WH_N
307,22.9,0,4418344,2023-08-01,617,92,402,SKU004,False,14392,WH_S
366,23.4,0,6207360,2023-08-01,658,177,469,SKU005,False,16960,WH_N
640,40.9,0,10854400,2023-08-01,877,232,469,SKU005,False,16960,WH_S
0,0.0,0,0,2023-08-01,0,0,0,SKU006,False,15265,WH_N
0,0.0,0,0,2023-08-01,389,77,466,SKU006,False,15265,WH_S
62,3.9,0,1100190,2023-08-01,426,110,474,SKU007,False,17745,WH_N
0,0.0,0,0,2023-08-01,37,8,45,SKU007,False,17745,WH_S
0,0.0,0,0,2023-08-01,0,0,0,SKU008,False,20400,WH_N
0,0.0,0,0,2023-08-01,23,4,27,SKU008,False,20400,WH_S
0,0.0,0,0,2023-08-01,0,0,0,SKU009,False,23230,WH_N
0,0.0,0,0,2023-08-01,0,0,0,SKU009,False,23230,WH_S
0,0.0,0,0,2023-08-01,0,0,0,SKU010,False,9540,WH_N
0,0.0,0,0,2023-08-01,0,0,0,SKU010,False,9540,WH_S
0,0.0,0,0,2023-08-01,0,0,0,SKU011,False,9245,WH_N
0,0.0,0,0,2023-08-01,0,0,0,SKU011,False,9245,WH_S
0,0.0,0,0,2023-08-01,0,0,0,SKU012,False,11375,WH_N
0,0.0,0,0,2023-08-01,0,0,0,SKU012,False,11375,WH_S
0,0.0,0,0,2023-08-01,0,0,0,SKU013,False,13680,WH_N
0,0.0,0,0,2023-08-01,0,0,0,SKU013,False,13680,WH_S
0,0.0,0,0,2023-08-01,0,0,0,SKU014,False,16160,WH_N
0,0.0,0,0,2023-08-01,0,0,0,SKU014,False,16160,WH_S
0,0.0,0,0,2023-08-01,0,0,0,SKU015,False,18815,WH_N
0,0.0,0,0,2023-08-01,0,0,0,SKU015,False,18815,WH_S
0,0.0,0,0,2023-08-01,0,0,0,SKU016,False,16770,WH_N
0,0.0,0,0,2023-08-01,0,0,0,SKU016,False,16770,WH_S
1416,134.4,0,27382608,2023-08-01,1504,228,316,SKU017,False,19338,WH_N
1171,111.2,0,22644798,2023-08-01,1275,212,316,SKU017,False,19338,WH_S
1518,133.2,0,33517440,2023-08-01,1492,368,342,SKU018,False,22080,WH_N
1273,111.7,0,28107840,2023-08-01,1403,212,342,SKU018,False,22080,WH_S
958,82.3,0,8708220,2023-08-01,1035,272,349,SKU019,False,9090,WH_N
652,56.0,0,5926680,2023-08-01,812,189,349,SKU019,False,9090,WH_S
628,47.0,0,7156060,2023-08-01,877,152,401,SKU020,False,11395,WH_N
0,0.0,0,0,2023-08-01,129,20,149,SKU020,False,11395,WH_S
214,16.8,0,2300500,2023-08-01,499,97,382,SKU021,False,10750,WH_N
1079,84.7,0,11599250,2023-08-01,1246,215,382,SKU021,False,10750,WH_S
0,0.0,0,0,2023-08-01,0,0,0,SKU022,False,12968,WH_N
0,0.0,0,0,2023-08-01,288,71,359,SKU022,False,12968,WH_S
0,0.0,0,0,2023-08-01,82,24,106,SKU023,False,15360,WH_N
0,0.0,0,0,2023-08-01,278,72,350,SKU023,False,15360,WH_S
0,0.0,0,0,2023-08-01,0,0,0,SKU024,False,17928,WH_N
0,0.0,0,0,2023-08-01,0,0,0,SKU024,False,17928,WH_S
0,0.0,0,0,2023-08-01,0,0,0,SKU025,False,20670,WH_N
0,0.0,0,0,2023-08-01,0,0,0,SKU025,False,20670,WH_S
0,0.0,0,0,2023-08-01,0,0,0,SKU026,False,18275,WH_N
0,0.0,0,0,2023-08-01,0,0,0,SKU026,False,18275,WH_S
0,0.0,0,0,2023-08-01,0,0,0,SKU027,False,20930,WH_N
0,0.0,0,0,2023-08-01,0,0,0,SKU027,False,20930,WH_S
0,0.0,0,0,2023-08-01,0,0,0,SKU028,False,8640,WH_N
0,0.0,0,0,2023-08-01,0,0,0,SKU028,False,8640,WH_S
0,0.0,0,0,2023-08-01,0,0,0,SKU029,False,10858,WH_N
0,0.0,0,0,2023-08-01,0,0,0,SKU029,False,10858,WH_S
0,0.0,0,0,2023-08-01,0,0,0,SKU030,False,13250,WH_N
0,0.0,0,0,2023-08-01,0,0,0,SKU030,False,13250,WH_S
0,0.0,0,0,2023-08-01,0,0,0,SKU031,False,12255,WH_N
0,0.0,0,0,2023-08-01,0,0,0,SKU031,False,12255,WH_S
0,0.0,0,0,2023-08-01,0,0,0,SKU032,False,14560,WH_N
0,0.0,0,0,2023-08-01,0,0,0,SKU032,False,14560,WH_S
0,0.0,0,0,2023-08-01,0,0,0,SKU033,False,17040,WH_N
0,0.0,0,0,2023-08-01,0,0,0,SKU033,False,17040,WH_S
1683,158.3,0,33146685,2023-08-01,1709,293,319,SKU034,False,19695,WH_N
2197,206.6,0,43269915,2023-08-01,2151,365,319,SKU034,False,19695,WH_S
1484,121.6,0,33427100,2023-08-01,1455,395,366,SKU035,False,22525,WH_N
1103,90.4,0,24845075,2023-08-01,1205,264,366,SKU035,False,22525,WH_S
670,54.3,0,13252600,2023-08-01,879,161,370,SKU036,False,19780,WH_N
648,52.5,0,12817440,2023-08-01,814,204,370,SKU036,False,19780,WH_S
631,49.6,54180,4883940,2023-09-01,793,227,382,SKU001,False,7740,WH_N
1562,122.7,116100,12089880,2023-09-01,1541,418,382,SKU001,False,7740,WH_S
0,0.0,19564,0,2023-09-01,249,45,292,SKU002,False,9782,WH_N
566,45.2,68474,5536612,2023-09-01,732,217,376,SKU002,False,9782,WH_S
248,19.3,60000,2976000,2023-09-01,532,107,386,SKU003,False,12000,WH_N
0,0.0,12000,0,2023-09-01,137,27,163,SKU003,False,12000,WH_S
944,65.9,143920,13586048,2023-09-01,1085,299,430,SKU004,False,14392,WH_N
0,0.0,43176,0,2023-09-01,307,90,394,SKU004,False,14392,WH_S
29,2.1,50880,491840,2023-09-01,366,78,412,SKU005,False,16960,WH_N
358,26.1,101760,6071680,2023-09-01,640,136,412,SKU005,False,16960,WH_S
0,0.0,0,0,2023-09-01,0,0,0,SKU006,False,15265,WH_N
0,0.0,0,0,2023-09-01,0,0,0,SKU006,False,15265,WH_S
0,0.0,0,0,2023-09-01,62,13,75,SKU007,False,17745,WH_N
0,0.0,0,0,2023-09-01,0,0,0,SKU007,False,17745,WH_S
0,0.0,0,0,2023-09-01,0,0,0,SKU008,False,20400,WH_N
0,0.0,0,0,2023-09-01,0,0,0,SKU008,False,20400,WH_S
0,0.0,0,0,2023-09-01,0,0,0,SKU009,False,23230,WH_N
0,0.0,0,0,2023-09-01,0,0,0,SKU009,False,23230,WH_S
0,0.0,0,0,2023-09-01,0,0,0,SKU010,False,9540,WH_N
0,0.0,0,0,2023-09-01,0,0,0,SKU010,False,9540,WH_S
0,0.0,0,0,2023-09-01,0,0,0,SKU011,False,9245,WH_N
0,0.0,0,0,2023-09-01,0,0,0,SKU011,False,9245,WH_S
0,0.0,0,0,2023-09-01,0,0,0,SKU012,False,11375,WH_N
0,0.0,0,0,2023-09-01,0,0,0,SKU012,False,11375,WH_S
0,0.0,0,0,2023-09-01,0,0,0,SKU013,False,13680,WH_N
0,0.0,0,0,2023-09-01,0,0,0,SKU013,False,13680,WH_S
0,0.0,0,0,2023-09-01,0,0,0,SKU014,False,16160,WH_N
0,0.0,0,0,2023-09-01,0,0,0,SKU014,False,16160,WH_S
0,0.0,0,0,2023-09-01,0,0,0,SKU015,False,18815,WH_N
0,0.0,0,0,2023-09-01,0,0,0,SKU015,False,18815,WH_S
0,0.0,0,0,2023-09-01,0,0,0,SKU016,False,16770,WH_N
0,0.0,0,0,2023-09-01,0,0,0,SKU016,False,16770,WH_S
1347,110.7,270732,26048286,2023-09-01,1416,310,365,SKU017,False,19338,WH_N
1079,88.7,212718,20865702,2023-09-01,1171,284,365,SKU017,False,19338,WH_S
1512,123.9,331200,33384960,2023-09-01,1518,375,366,SKU018,False,22080,WH_N
1091,89.4,264960,24089280,2023-09-01,1273,196,366,SKU018,False,22080,WH_S
801,64.6,81810,7281090,2023-09-01,958,224,372,SKU019,False,9090,WH_N
405,32.7,54540,3681450,2023-09-01,652,131,372,SKU019,False,9090,WH_S
323,23.9,68370,3680585,2023-09-01,628,106,405,SKU020,False,11395,WH_N
0,0.0,0,0,2023-09-01,0,0,0,SKU020,False,11395,WH_S
0,0.0,21500,0,2023-09-01,214,62,274,SKU021,False,10750,WH_N
911,61.4,107500,9793250,2023-09-01,1079,287,445,SKU021,False,10750,WH_S
0,0.0,0,0,2023-09-01,0,0,0,SKU022,False,12968,WH_N
0,0.0,0,0,2023-09-01,0,0,0,SKU022,False,12968,WH_S
0,0.0,0,0,2023-09-01,0,0,0,SKU023,False,15360,WH_N
0,0.0,0,0,2023-09-01,0,0,0,SKU023,False,15360,WH_S
0,0.0,0,0,2023-09-01,0,0,0,SKU024,False,17928,WH_N
0,0.0,0,0,2023-09-01,0,0,0,SKU024,False,17928,WH_S
0,0.0,0,0,2023-09-01,0,0,0,SKU025,False,20670,WH_N
0,0.0,0,0,2023-09-01,0,0,0,SKU025,False,20670,WH_S
0,0.0,0,0,2023-09-01,0,0,0,SKU026,False,18275,WH_N
0,0.0,0,0,2023-09-01,0,0,0,SKU026,False,18275,WH_S
0,0.0,0,0,2023-09-01,0,0,0,SKU027,False,20930,WH_N
0,0.0,0,0,2023-09-01,0,0,0,SKU027,False,20930,WH_S
0,0.0,0,0,2023-09-01,0,0,0,SKU028,False,8640,WH_N
0,0.0,0,0,2023-09-01,0,0,0,SKU028,False,8640,WH_S
0,0.0,0,0,2023-09-01,0,0,0,SKU029,False,10858,WH_N
0,0.0,0,0,2023-09-01,0,0,0,SKU029,False,10858,WH_S
0,0.0,0,0,2023-09-01,0,0,0,SKU030,False,13250,WH_N
0,0.0,0,0,2023-09-01,0,0,0,SKU030,False,13250,WH_S
0,0.0,0,0,2023-09-01,0,0,0,SKU031,False,12255,WH_N
0,0.0,0,0,2023-09-01,0,0,0,SKU031,False,12255,WH_S
0,0.0,0,0,2023-09-01,0,0,0,SKU032,False,14560,WH_N
0,0.0,0,0,2023-09-01,0,0,0,SKU032,False,14560,WH_S
0,0.0,0,0,2023-09-01,0,0,0,SKU033,False,17040,WH_N
0,0.0,0,0,2023-09-01,0,0,0,SKU033,False,17040,WH_S
1788,151.5,315120,35214660,2023-09-01,1683,475,354,SKU034,False,19695,WH_N
2170,183.9,413595,42738150,2023-09-01,2197,348,354,SKU034,False,19695,WH_S
1529,121.3,315350,34440725,2023-09-01,1484,437,378,SKU035,False,22525,WH_N
916,72.7,247775,20632900,2023-09-01,1103,202,378,SKU035,False,22525,WH_S
416,29.0,118680,8228480,2023-09-01,670,182,430,SKU036,False,19780,WH_N
329,23.0,118680,6507620,2023-09-01,648,117,430,SKU036,False,19780,WH_S
423,38.2,0,3274020,2023-10-01,631,124,332,SKU001,False,7740,WH_N
1620,146.4,0,12538800,2023-10-01,1562,390,332,SKU001,False,7740,WH_S
0,0.0,0,0,2023-10-01,0,0,0,SKU002,False,9782,WH_N
340,29.4,0,3325880,2023-10-01,566,121,347,SKU002,False,9782,WH_S
0,0.0,0,0,2023-10-01,248,62,310,SKU003,False,12000,WH_N
0,0.0,0,0,2023-10-01,0,0,0,SKU003,False,12000,WH_S
735,62.6,0,10578120,2023-10-01,944,143,352,SKU004,False,14392,WH_N
0,0.0,0,0,2023-10-01,0,0,0,SKU004,False,14392,WH_S
0,0.0,0,0,2023-10-01,29,8,37,SKU005,False,16960,WH_N
69,5.5,0,1170240,2023-10-01,358,89,378,SKU005,False,16960,WH_S
0,0.0,0,0,2023-10-01,0,0,0,SKU006,False,15265,WH_N
0,0.0,0,0,2023-10-01,0,0,0,SKU006,False,15265,WH_S
0,0.0,0,0,2023-10-01,0,0,0,SKU007,False,17745,WH_N
0,0.0,0,0,2023-10-01,0,0,0,SKU007,False,17745,WH_S
0,0.0,0,0,2023-10-01,0,0,0,SKU008,False,20400,WH_N
0,0.0,0,0,2023-10-01,0,0,0,SKU008,False,20400,WH_S
0,0.0,0,0,2023-10-01,0,0,0,SKU009,False,23230,WH_N
0,0.0,0,0,2023-10-01,0,0,0,SKU009,False,23230,WH_S
0,0.0,0,0,2023-10-01,0,0,0,SKU010,False,9540,WH_N
0,0.0,0,0,2023-10-01,0,0,0,SKU010,False,9540,WH_S
0,0.0,0,0,2023-10-01,0,0,0,SKU011,False,9245,WH_N
0,0.0,0,0,2023-10-01,0,0,0,SKU011,False,9245,WH_S
0,0.0,0,0,2023-10-01,0,0,0,SKU012,False,11375,WH_N
0,0.0,0,0,2023-10-01,0,0,0,SKU012,False,11375,WH_S
0,0.0,0,0,2023-10-01,0,0,0,SKU013,False,13680,WH_N
0,0.0,0,0,2023-10-01,0,0,0,SKU013,False,13680,WH_S
0,0.0,0,0,2023-10-01,0,0,0,SKU014,False,16160,WH_N
0,0.0,0,0,2023-10-01,0,0,0,SKU014,False,16160,WH_S
0,0.0,0,0,2023-10-01,0,0,0,SKU015,False,18815,WH_N
0,0.0,0,0,2023-10-01,0,0,0,SKU015,False,18815,WH_S
0,0.0,0,0,2023-10-01,0,0,0,SKU016,False,16770,WH_N
0,0.0,0,0,2023-10-01,0,0,0,SKU016,False,16770,WH_S
1273,123.6,0,24617274,2023-10-01,1347,235,309,SKU017,False,19338,WH_N
1063,103.2,0,20556294,2023-10-01,1079,293,309,SKU017,False,19338,WH_S
1601,165.6,0,35350080,2023-10-01,1512,379,290,SKU018,False,22080,WH_N
1072,110.9,0,23669760,2023-10-01,1091,271,290,SKU018,False,22080,WH_S
637,55.1,0,5790330,2023-10-01,801,183,347,SKU019,False,9090,WH_N
118,10.2,0,1072620,2023-10-01,405,60,347,SKU019,False,9090,WH_S
0,0.0,0,0,2023-10-01,323,68,391,SKU020,False,11395,WH_N
0,0.0,0,0,2023-10-01,0,0,0,SKU020,False,11395,WH_S
0,0.0,0,0,2023-10-01,0,0,0,SKU021,False,10750,WH_N
801,64.4,0,8610750,2023-10-01,911,263,373,SKU021,False,10750,WH_S
0,0.0,0,0,2023-10-01,0,0,0,SKU022,False,12968,WH_N
0,0.0,0,0,2023-10-01,0,0,0,SKU022,False,12968,WH_S
0,0.0,0,0,2023-10-01,0,0,0,SKU023,False,15360,WH_N
0,0.0,0,0,2023-10-01,0,0,0,SKU023,False,15360,WH_S
0,0.0,0,0,2023-10-01,0,0,0,SKU024,False,17928,WH_N
0,0.0,0,0,2023-10-01,0,0,0,SKU024,False,17928,WH_S
0,0.0,0,0,2023-10-01,0,0,0,SKU025,False,20670,WH_N
0,0.0,0,0,2023-10-01,0,0,0,SKU025,False,20670,WH_S
0,0.0,0,0,2023-10-01,0,0,0,SKU026,False,18275,WH_N
0,0.0,0,0,2023-10-01,0,0,0,SKU026,False,18275,WH_S
0,0.0,0,0,2023-10-01,0,0,0,SKU027,False,20930,WH_N
0,0.0,0,0,2023-10-01,0,0,0,SKU027,False,20930,WH_S
0,0.0,0,0,2023-10-01,0,0,0,SKU028,False,8640,WH_N
0,0.0,0,0,2023-10-01,0,0,0,SKU028,False,8640,WH_S
0,0.0,0,0,2023-10-01,0,0,0,SKU029,False,10858,WH_N
0,0.0,0,0,2023-10-01,0,0,0,SKU029,False,10858,WH_S
0,0.0,0,0,2023-10-01,0,0,0,SKU030,False,13250,WH_N
0,0.0,0,0,2023-10-01,0,0,0,SKU030,False,13250,WH_S
0,0.0,0,0,2023-10-01,0,0,0,SKU031,False,12255,WH_N
0,0.0,0,0,2023-10-01,0,0,0,SKU031,False,12255,WH_S
0,0.0,0,0,2023-10-01,0,0,0,SKU032,False,14560,WH_N
0,0.0,0,0,2023-10-01,0,0,0,SKU032,False,14560,WH_S
0,0.0,0,0,2023-10-01,0,0,0,SKU033,False,17040,WH_N
0,0.0,0,0,2023-10-01,0,0,0,SKU033,False,17040,WH_S
1943,171.4,0,38267385,2023-10-01,1788,495,340,SKU034,False,19695,WH_N
2174,191.8,0,42816930,2023-10-01,2170,344,340,SKU034,False,19695,WH_S
1605,154.3,0,36152625,2023-10-01,1529,388,312,SKU035,False,22525,WH_N
750,72.1,0,16893750,2023-10-01,916,146,312,SKU035,False,22525,WH_S
162,14.9,0,3204360,2023-10-01,416,72,326,SKU036,False,19780,WH_N
98,9.0,0,1938440,2023-10-01,329,95,326,SKU036,False,19780,WH_S
103,8.0,0,797220,2023-11-01,423,65,385,SKU001,False,7740,WH_N
1497,116.6,0,11586780,2023-11-01,1620,262,385,SKU001,False,7740,WH_S
0,0.0,0,0,2023-11-01,0,0,0,SKU002,False,9782,WH_N
51,4.2,0,498882,2023-11-01,340,76,365,SKU002,False,9782,WH_S
0,0.0,0,0,2023-11-01,0,0,0,SKU003,False,12000,WH_N
0,0.0,0,0,2023-11-01,0,0,0,SKU003,False,12000,WH_S
499,34.7,0,7181608,2023-11-01,735,196,432,SKU004,False,14392,WH_N
0,0.0,0,0,2023-11-01,0,0,0,SKU004,False,14392,WH_S
0,0.0,0,0,2023-11-01,0,0,0,SKU005,False,16960,WH_N
0,0.0,0,0,2023-11-01,69,20,89,SKU005,False,16960,WH_S
0,0.0,0,0,2023-11-01,0,0,0,SKU006,False,15265,WH_N
0,0.0,0,0,2023-11-01,0,0,0,SKU006,False,15265,WH_S
0,0.0,0,0,2023-11-01,0,0,0,SKU007,False,17745,WH_N
0,0.0,0,0,2023-11-01,0,0,0,SKU007,False,17745,WH_S
0,0.0,0,0,2023-11-01,0,0,0,SKU008,False,20400,WH_N
0,0.0,0,0,2023-11-01,0,0,0,SKU008,False,20400,WH_S
0,0.0,0,0,2023-11-01,0,0,0,SKU009,False,23230,WH_N
0,0.0,0,0,2023-11-01,0,0,0,SKU009,False,23230,WH_S
0,0.0,0,0,2023-11-01,0,0,0,SKU010,False,9540,WH_N
0,0.0,0,0,2023-11-01,0,0,0,SKU010,False,9540,WH_S
0,0.0,0,0,2023-11-01,0,0,0,SKU011,False,9245,WH_N
0,0.0,0,0,2023-11-01,0,0,0,SKU011,False,9245,WH_S
0,0.0,0,0,2023-11-01,0,0,0,SKU012,False,11375,WH_N
0,0.0,0,0,2023-11-01,0,0,0,SKU012,False,11375,WH_S
0,0.0,0,0,2023-11-01,0,0,0,SKU013,False,13680,WH_N
0,0.0,0,0,2023-11-01,0,0,0,SKU013,False,13680,WH_S
0,0.0,0,0,2023-11-01,0,0,0,SKU014,False,16160,WH_N
0,0.0,0,0,2023-11-01,0,0,0,SKU014,False,16160,WH_S
0,0.0,0,0,2023-11-01,0,0,0,SKU015,False,18815,WH_N
0,0.0,0,0,2023-11-01,0,0,0,SKU015,False,18815,WH_S
0,0.0,0,0,2023-11-01,0,0,0,SKU016,False,16770,WH_N
0,0.0,0,0,2023-11-01,0,0,0,SKU016,False,16770,WH_S
1264,104.2,0,24443232,2023-11-01,1273,355,364,SKU017,False,19338,WH_N
870,71.7,0,16824060,2023-11-01,1063,171,364,SKU017,False,19338,WH_S
1657,131.9,0,36586560,2023-11-01,1601,433,377,SKU018,False,22080,WH_N
926,73.7,0,20446080,2023-11-01,1072,231,377,SKU018,False,22080,WH_S
340,25.8,0,3090600,2023-11-01,637,99,396,SKU019,False,9090,WH_N
0,0.0,0,0,2023-11-01,118,32,150,SKU019,False,9090,WH_S
0,0.0,0,0,2023-11-01,0,0,0,SKU020,False,11395,WH_N
0,0.0,0,0,2023-11-01,0,0,0,SKU020,False,11395,WH_S
0,0.0,0,0,2023-11-01,0,0,0,SKU021,False,10750,WH_N
567,36.0,0,6095250,2023-11-01,801,239,473,SKU021,False,10750,WH_S
0,0.0,0,0,2023-11-01,0,0,0,SKU022,False,12968,WH_N
0,0.0,0,0,2023-11-01,0,0,0,SKU022,False,12968,WH_S
0,0.0,0,0,2023-11-01,0,0,0,SKU023,False,15360,WH_N
0,0.0,0,0,2023-11-01,0,0,0,SKU023,False,15360,WH_S
0,0.0,0,0,2023-11-01,0,0,0,SKU024,False,17928,WH_N
0,0.0,0,0,2023-11-01,0,0,0,SKU024,False,17928,WH_S
0,0.0,0,0,2023-11-01,0,0,0,SKU025,False,20670,WH_N
0,0.0,0,0,2023-11-01,0,0,0,SKU025,False,20670,WH_S
0,0.0,0,0,2023-11-01,0,0,0,SKU026,False,18275,WH_N
0,0.0,0,0,2023-11-01,0,0,0,SKU026,False,18275,WH_S
0,0.0,0,0,2023-11-01,0,0,0,SKU027,False,20930,WH_N
0,0.0,0,0,2023-11-01,0,0,0,SKU027,False,20930,WH_S
0,0.0,0,0,2023-11-01,0,0,0,SKU028,False,8640,WH_N
0,0.0,0,0,2023-11-01,0,0,0,SKU028,False,8640,WH_S
0,0.0,0,0,2023-11-01,0,0,0,SKU029,False,10858,WH_N
0,0.0,0,0,2023-11-01,0,0,0,SKU029,False,10858,WH_S
0,0.0,0,0,2023-11-01,0,0,0,SKU030,False,13250,WH_N
0,0.0,0,0,2023-11-01,0,0,0,SKU030,False,13250,WH_S
0,0.0,0,0,2023-11-01,0,0,0,SKU031,False,12255,WH_N
0,0.0,0,0,2023-11-01,0,0,0,SKU031,False,12255,WH_S
0,0.0,0,0,2023-11-01,0,0,0,SKU032,False,14560,WH_N
0,0.0,0,0,2023-11-01,0,0,0,SKU032,False,14560,WH_S
0,0.0,0,0,2023-11-01,0,0,0,SKU033,False,17040,WH_N
0,0.0,0,0,2023-11-01,0,0,0,SKU033,False,17040,WH_S
1943,150.6,0,38267385,2023-11-01,1943,387,387,SKU034,False,19695,WH_N
2158,167.3,0,42501810,2023-11-01,2174,371,387,SKU034,False,19695,WH_S
1637,124.3,0,36873425,2023-11-01,1605,427,395,SKU035,False,22525,WH_N
526,39.9,0,11848150,2023-11-01,750,171,395,SKU035,False,22525,WH_S
0,0.0,0,0,2023-11-01,162,43,205,SKU036,False,19780,WH_N
0,0.0,0,0,2023-11-01,98,23,121,SKU036,False,19780,WH_S
0,0.0,0,0,2023-12-01,103,27,130,SKU001,False,7740,WH_N
1519,115.7,0,11757060,2023-12-01,1497,416,394,SKU001,False,7740,WH_S
0,0.0,0,0,2023-12-01,0,0,0,SKU002,False,9782,WH_N
0,0.0,0,0,2023-12-01,51,12,63,SKU002,False,9782,WH_S
0,0.0,0,0,2023-12-01,0,0,0,SKU003,False,12000,WH_N
0,0.0,0,0,2023-12-01,0,0,0,SKU003,False,12000,WH_S
127,8.2,0,1827784,2023-12-01,499,92,464,SKU004,False,14392,WH_N
0,0.0,0,0,2023-12-01,0,0,0,SKU004,False,14392,WH_S
0,0.0,0,0,2023-12-01,0,0,0,SKU005,False,16960,WH_N
0,0.0,0,0,2023-12-01,0,0,0,SKU005,False,16960,WH_S
0,0.0,0,0,2023-12-01,0,0,0,SKU006,False,15265,WH_N
0,0.0,0,0,2023-12-01,0,0,0,SKU006,False,15265,WH_S
0,0.0,0,0,2023-12-01,0,0,0,SKU007,False,17745,WH_N
0,0.0,0,0,2023-12-01,0,0,0,SKU007,False,17745,WH_S
0,0.0,0,0,2023-12-01,0,0,0,SKU008,False,20400,WH_N
0,0.0,0,0,2023-12-01,0,0,0,SKU008,False,20400,WH_S
0,0.0,0,0,2023-12-01,0,0,0,SKU009,False,23230,WH_N
0,0.0,0,0,2023-12-01,0,0,0,SKU009,False,23230,WH_S
0,0.0,0,0,2023-12-01,0,0,0,SKU010,False,9540,WH_N
0,0.0,0,0,2023-12-01,0,0,0,SKU010,False,9540,WH_S
0,0.0,0,0,2023-12-01,0,0,0,SKU011,False,9245,WH_N
0,0.0,0,0,2023-12-01,0,0,0,SKU011,False,9245,WH_S
0,0.0,0,0,2023-12-01,0,0,0,SKU012,False,11375,WH_N
0,0.0,0,0,2023-12-01,0,0,0,SKU012,False,11375,WH_S
0,0.0,0,0,2023-12-01,0,0,0,SKU013,False,13680,WH_N
0,0.0,0,0,2023-12-01,0,0,0,SKU013,False,13680,WH_S
0,0.0,0,0,2023-12-01,0,0,0,SKU014,False,16160,WH_N
0,0.0,0,0,2023-12-01,0,0,0,SKU014,False,16160,WH_S
0,0.0,0,0,2023-12-01,0,0,0,SKU015,False,18815,WH_N
0,0.0,0,0,2023-12-01,0,0,0,SKU015,False,18815,WH_S
0,0.0,0,0,2023-12-01,0,0,0,SKU016,False,16770,WH_N
0,0.0,0,0,2023-12-01,0,0,0,SKU016,False,16770,WH_S
1241,100.9,0,23998458,2023-12-01,1264,346,369,SKU017,False,19338,WH_N
659,53.6,0,12743742,2023-12-01,870,158,369,SKU017,False,19338,WH_S
1705,139.4,0,37646400,2023-12-01,1657,415,367,SKU018,False,22080,WH_N
761,62.2,0,16802880,2023-12-01,926,202,367,SKU018,False,22080,WH_S
49,3.9,0,445410,2023-12-01,340,88,379,SKU019,False,9090,WH_N
0,0.0,0,0,2023-12-01,0,0,0,SKU019,False,9090,WH_S
0,0.0,0,0,2023-12-01,0,0,0,SKU020,False,11395,WH_N
0,0.0,0,0,2023-12-01,0,0,0,SKU020,False,11395,WH_S
0,0.0,0,0,2023-12-01,0,0,0,SKU021,False,10750,WH_N
243,16.0,0,2612250,2023-12-01,567,131,455,SKU021,False,10750,WH_S
0,0.0,0,0,2023-12-01,0,0,0,SKU022,False,12968,WH_N
0,0.0,0,0,2023-12-01,0,0,0,SKU022,False,12968,WH_S
0,0.0,0,0,2023-12-01,0,0,0,SKU023,False,15360,WH_N
0,0.0,0,0,2023-12-01,0,0,0,SKU023,False,15360,WH_S
0,0.0,0,0,2023-12-01,0,0,0,SKU024,False,17928,WH_N
0,0.0,0,0,2023-12-01,0,0,0,SKU024,False,17928,WH_S
0,0.0,0,0,2023-12-01,0,0,0,SKU025,False,20670,WH_N
0,0.0,0,0,2023-12-01,0,0,0,SKU025,False,20670,WH_S
0,0.0,0,0,2023-12-01,0,0,0,SKU026,False,18275,WH_N
0,0.0,0,0,2023-12-01,0,0,0,SKU026,False,18275,WH_S
0,0.0,0,0,2023-12-01,0,0,0,SKU027,False,20930,WH_N
0,0.0,0,0,2023-12-01,0,0,0,SKU027,False,20930,WH_S
0,0.0,0,0,2023-12-01,0,0,0,SKU028,False,8640,WH_N
0,0.0,0,0,2023-12-01,0,0,0,SKU028,False,8640,WH_S
0,0.0,0,0,2023-12-01,0,0,0,SKU029,False,10858,WH_N
0,0.0,0,0,2023-12-01,0,0,0,SKU029,False,10858,WH_S
0,0.0,0,0,2023-12-01,0,0,0,SKU030,False,13250,WH_N
0,0.0,0,0,2023-12-01,0,0,0,SKU030,False,13250,WH_S
0,0.0,0,0,2023-12-01,0,0,0,SKU031,False,12255,WH_N
0,0.0,0,0,2023-12-01,0,0,0,SKU031,False,12255,WH_S
0,0.0,0,0,2023-12-01,0,0,0,SKU032,False,14560,WH_N
0,0.0,0,0,2023-12-01,0,0,0,SKU032,False,14560,WH_S
0,0.0,0,0,2023-12-01,0,0,0,SKU033,False,17040,WH_N
0,0.0,0,0,2023-12-01,0,0,0,SKU033,False,17040,WH_S
1980,166.9,0,38996100,2023-12-01,1943,393,356,SKU034,False,19695,WH_N
2281,192.2,0,44924295,2023-12-01,2158,479,356,SKU034,False,19695,WH_S
1512,121.0,0,34057800,2023-12-01,1637,250,375,SKU035,False,22525,WH_N
286,22.9,0,6442150,2023-12-01,526,135,375,SKU035,False,22525,WH_S
0,0.0,0,0,2023-12-01,0,0,0,SKU036,False,19780,WH_N
0,0.0,0,0,2023-12-01,0,0,0,SKU036,False,19780,WH_S
0,0.0,0,0,2024-01-01,0,0,0,SKU001,False,7740,WH_N
1453,135.0,0,11246220,2024-01-01,1519,257,323,SKU001,False,7740,WH_S
0,0.0,0,0,2024-01-01,0,0,0,SKU002,False,9782,WH_N
0,0.0,0,0,2024-01-01,0,0,0,SKU002,False,9782,WH_S
0,0.0,0,0,2024-01-01,0,0,0,SKU003,False,12000,WH_N
0,0.0,0,0,2024-01-01,0,0,0,SKU003,False,12000,WH_S
0,0.0,0,0,2024-01-01,127,30,157,SKU004,False,14392,WH_N
0,0.0,0,0,2024-01-01,0,0,0,SKU004,False,14392,WH_S
0,0.0,0,0,2024-01-01,0,0,0,SKU005,False,16960,WH_N
0,0.0,0,0,2024-01-01,0,0,0,SKU005,False,16960,WH_S
0,0.0,0,0,2024-01-01,0,0,0,SKU006,False,15265,WH_N
0,0.0,0,0,2024-01-01,0,0,0,SKU006,False,15265,WH_S
0,0.0,0,0,2024-01-01,0,0,0,SKU007,False,17745,WH_N
0,0.0,0,0,2024-01-01,0,0,0,SKU007,False,17745,WH_S
0,0.0,0,0,2024-01-01,0,0,0,SKU008,False,20400,WH_N
0,0.0,0,0,2024-01-01,0,0,0,SKU008,False,20400,WH_S
0,0.0,0,0,2024-01-01,0,0,0,SKU009,False,23230,WH_N
0,0.0,0,0,2024-01-01,0,0,0,SKU009,False,23230,WH_S
0,0.0,0,0,2024-01-01,0,0,0,SKU010,False,9540,WH_N
0,0.0,0,0,2024-01-01,0,0,0,SKU010,False,9540,WH_S
0,0.0,0,0,2024-01-01,0,0,0,SKU011,False,9245,WH_N
0,0.0,0,0,2024-01-01,0,0,0,SKU011,False,9245,WH_S
0,0.0,0,0,2024-01-01,0,0,0,SKU012,False,11375,WH_N
0,0.0,0,0,2024-01-01,0,0,0,SKU012,False,11375,WH_S
0,0.0,0,0,2024-01-01,0,0,0,SKU013,False,13680,WH_N
0,0.0,0,0,2024-01-01,0,0,0,SKU013,False,13680,WH_S
0,0.0,0,0,2024-01-01,0,0,0,SKU014,False,16160,WH_N
0,0.0,0,0,2024-01-01,0,0,0,SKU014,False,16160,WH_S
0,0.0,0,0,2024-01-01,0,0,0,SKU015,False,18815,WH_N
0,0.0,0,0,2024-01-01,0,0,0,SKU015,False,18815,WH_S
0,0.0,0,0,2024-01-01,0,0,0,SKU016,False,16770,WH_N
0,0.0,0,0,2024-01-01,0,0,0,SKU016,False,16770,WH_S
1198,124.4,0,23166924,2024-01-01,1241,246,289,SKU017,False,19338,WH_N
489,50.8,0,9456282,2024-01-01,659,119,289,SKU017,False,19338,WH_S
1687,149.7,0,37248960,2024-01-01,1705,320,338,SKU018,False,22080,WH_N
605,53.7,0,13358400,2024-01-01,761,182,338,SKU018,False,22080,WH_S
0,0.0,0,0,2024-01-01,49,8,57,SKU019,False,9090,WH_N
0,0.0,0,0,2024-01-01,0,0,0,SKU019,False,9090,WH_S
0,0.0,0,0,2024-01-01,0,0,0,SKU020,False,11395,WH_N
0,0.0,0,0,2024-01-01,0,0,0,SKU020,False,11395,WH_S
0,0.0,0,0,2024-01-01,0,0,0,SKU021,False,10750,WH_N
0,0.0,0,0,2024-01-01,243,47,290,SKU021,False,10750,WH_S
0,0.0,0,0,2024-01-01,0,0,0,SKU022,False,12968,WH_N
0,0.0,0,0,2024-01-01,0,0,0,SKU022,False,12968,WH_S
0,0.0,0,0,2024-01-01,0,0,0,SKU023,False,15360,WH_N
0,0.0,0,0,2024-01-01,0,0,0,SKU023,False,15360,WH_S
0,0.0,0,0,2024-01-01,0,0,0,SKU024,False,17928,WH_N
0,0.0,0,0,2024-01-01,0,0,0,SKU024,False,17928,WH_S
0,0.0,0,0,2024-01-01,0,0,0,SKU025,False,20670,WH_N
0,0.0,0,0,2024-01-01,0,0,0,SKU025,False,20670,WH_S
0,0.0,0,0,2024-01-01,0,0,0,SKU026,False,18275,WH_N
0,0.0,0,0,2024-01-01,0,0,0,SKU026,False,18275,WH_S
0,0.0,0,0,2024-01-01,0,0,0,SKU027,False,20930,WH_N
0,0.0,0,0,2024-01-01,0,0,0,SKU027,False,20930,WH_S
0,0.0,0,0,2024-01-01,0,0,0,SKU028,False,8640,WH_N
0,0.0,0,0,2024-01-01,0,0,0,SKU028,False,8640,WH_S
0,0.0,0,0,2024-01-01,0,0,0,SKU029,False,10858,WH_N
0,0.0,0,0,2024-01-01,0,0,0,SKU029,False,10858,WH_S
0,0.0,0,0,2024-01-01,0,0,0,SKU030,False,13250,WH_N
0,0.0,0,0,2024-01-01,0,0,0,SKU030,False,13250,WH_S
0,0.0,0,0,2024-01-01,0,0,0,SKU031,False,12255,WH_N
0,0.0,0,0,2024-01-01,0,0,0,SKU031,False,12255,WH_S
0,0.0,0,0,2024-01-01,0,0,0,SKU032,False,14560,WH_N
0,0.0,0,0,2024-01-01,0,0,0,SKU032,False,14560,WH_S
0,0.0,0,0,2024-01-01,0,0,0,SKU033,False,17040,WH_N
0,0.0,0,0,2024-01-01,0,0,0,SKU033,False,17040,WH_S
2054,192.6,0,40453530,2024-01-01,1980,394,320,SKU034,False,19695,WH_N
2556,239.6,0,50340420,2024-01-01,2281,595,320,SKU034,False,19695,WH_S
1609,137.9,0,36242725,2024-01-01,1512,447,350,SKU035,False,22525,WH_N
10,0.9,0,225250,2024-01-01,286,74,350,SKU035,False,22525,WH_S
0,0.0,0,0,2024-01-01,0,0,0,SKU036,False,19780,WH_N
0,0.0,0,0,2024-01-01,0,0,0,SKU036,False,19780,WH_S
0,0.0,0,0,2024-02-01,0,0,0,SKU001,False,7740,WH_N
1445,116.5,0,11184300,2024-02-01,1453,364,372,SKU001,False,7740,WH_S
0,0.0,0,0,2024-02-01,0,0,0,SKU002,False,9782,WH_N
0,0.0,0,0,2024-02-01,0,0,0,SKU002,False,9782,WH_S
0,0.0,0,0,2024-02-01,0,0,0,SKU003,False,12000,WH_N
0,0.0,0,0,2024-02-01,0,0,0,SKU003,False,12000,WH_S
0,0.0,0,0,2024-02-01,0,0,0,SKU004,False,14392,WH_N
0,0.0,0,0,2024-02-01,0,0,0,SKU004,False,14392,WH_S
0,0.0,0,0,2024-02-01,0,0,0,SKU005,False,16960,WH_N
0,0.0,0,0,2024-02-01,0,0,0,SKU005,False,16960,WH_S
0,0.0,0,0,2024-02-01,0,0,0,SKU006,False,15265,WH_N
0,0.0,0,0,2024-02-01,0,0,0,SKU006,False,15265,WH_S
0,0.0,0,0,2024-02-01,0,0,0,SKU007,False,17745,WH_N
0,0.0,0,0,2024-02-01,0,0,0,SKU007,False,17745,WH_S
0,0.0,0,0,2024-02-01,0,0,0,SKU008,False,20400,WH_N
0,0.0,0,0,2024-02-01,0,0,0,SKU008,False,20400,WH_S
0,0.0,0,0,2024-02-01,0,0,0,SKU009,False,23230,WH_N
0,0.0,0,0,2024-02-01,0,0,0,SKU009,False,23230,WH_S
0,0.0,0,0,2024-02-01,0,0,0,SKU010,False,9540,WH_N
0,0.0,0,0,2024-02-01,0,0,0,SKU010,False,9540,WH_S
0,0.0,0,0,2024-02-01,0,0,0,SKU011,False,9245,WH_N
0,0.0,0,0,2024-02-01,0,0,0,SKU011,False,9245,WH_S
0,0.0,0,0,2024-02-01,0,0,0,SKU012,False,11375,WH_N
0,0.0,0,0,2024-02-01,0,0,0,SKU012,False,11375,WH_S
0,0.0,0,0,2024-02-01,0,0,0,SKU013,False,13680,WH_N
0,0.0,0,0,2024-02-01,0,0,0,SKU013,False,13680,WH_S
0,0.0,0,0,2024-02-01,0,0,0,SKU014,False,16160,WH_N
0,0.0,0,0,2024-02-01,0,0,0,SKU014,False,16160,WH_S
0,0.0,0,0,2024-02-01,0,0,0,SKU015,False,18815,WH_N
0,0.0,0,0,2024-02-01,0,0,0,SKU015,False,18815,WH_S
0,0.0,0,0,2024-02-01,0,0,0,SKU016,False,16770,WH_N
0,0.0,0,0,2024-02-01,0,0,0,SKU016,False,16770,WH_S
1132,100.8,0,21890616,2024-02-01,1198,271,337,SKU017,False,19338,WH_N
260,23.1,0,5027880,2024-02-01,489,108,337,SKU017,False,19338,WH_S
1779,148.2,0,39280320,2024-02-01,1687,452,360,SKU018,False,22080,WH_N
396,33.0,0,8743680,2024-02-01,605,151,360,SKU018,False,22080,WH_S
0,0.0,0,0,2024-02-01,0,0,0,SKU019,False,9090,WH_N
0,0.0,0,0,2024-02-01,0,0,0,SKU019,False,9090,WH_S
0,0.0,0,0,2024-02-01,0,0,0,SKU020,False,11395,WH_N
0,0.0,0,0,2024-02-01,0,0,0,SKU020,False,11395,WH_S
0,0.0,0,0,2024-02-01,0,0,0,SKU021,False,10750,WH_N
0,0.0,0,0,2024-02-01,0,0,0,SKU021,False,10750,WH_S
0,0.0,0,0,2024-02-01,0,0,0,SKU022,False,12968,WH_N
0,0.0,0,0,2024-02-01,0,0,0,SKU022,False,12968,WH_S
0,0.0,0,0,2024-02-01,0,0,0,SKU023,False,15360,WH_N
0,0.0,0,0,2024-02-01,0,0,0,SKU023,False,15360,WH_S
0,0.0,0,0,2024-02-01,0,0,0,SKU024,False,17928,WH_N
0,0.0,0,0,2024-02-01,0,0,0,SKU024,False,17928,WH_S
0,0.0,0,0,2024-02-01,0,0,0,SKU025,False,20670,WH_N
0,0.0,0,0,2024-02-01,0,0,0,SKU025,False,20670,WH_S
0,0.0,0,0,2024-02-01,0,0,0,SKU026,False,18275,WH_N
0,0.0,0,0,2024-02-01,0,0,0,SKU026,False,18275,WH_S
0,0.0,0,0,2024-02-01,0,0,0,SKU027,False,20930,WH_N
0,0.0,0,0,2024-02-01,0,0,0,SKU027,False,20930,WH_S
0,0.0,0,0,2024-02-01,0,0,0,SKU028,False,8640,WH_N
0,0.0,0,0,2024-02-01,0,0,0,SKU028,False,8640,WH_S
0,0.0,0,0,2024-02-01,0,0,0,SKU029,False,10858,WH_N
0,0.0,0,0,2024-02-01,0,0,0,SKU029,False,10858,WH_S
0,0.0,0,0,2024-02-01,0,0,0,SKU030,False,13250,WH_N
0,0.0,0,0,2024-02-01,0,0,0,SKU030,False,13250,WH_S
0,0.0,0,0,2024-02-01,0,0,0,SKU031,False,12255,WH_N
0,0.0,0,0,2024-02-01,0,0,0,SKU031,False,12255,WH_S
0,0.0,0,0,2024-02-01,0,0,0,SKU032,False,14560,WH_N
0,0.0,0,0,2024-02-01,0,0,0,SKU032,False,14560,WH_S
0,0.0,0,0,2024-02-01,0,0,0,SKU033,False,17040,WH_N
0,0.0,0,0,2024-02-01,0,0,0,SKU033,False,17040,WH_S
2285,217.6,0,45003075,2024-02-01,2054,546,315,SKU034,False,19695,WH_N
2765,263.3,0,54456675,2024-02-01,2556,524,315,SKU034,False,19695,WH_S
1643,142.9,0,37008575,2024-02-01,1609,379,345,SKU035,False,22525,WH_N
0,0.0,0,0,2024-02-01,10,2,12,SKU035,False,22525,WH_S
0,0.0,0,0,2024-02-01,0,0,0,SKU036,False,19780,WH_N
0,0.0,0,0,2024-02-01,0,0,0,SKU036,False,19780,WH_S
0,0.0,0,0,2024-03-01,0,0,0,SKU001,False,7740,WH_N
1447,129.6,108360,11199780,2024-03-01,1445,351,335,SKU001,False,7740,WH_S
0,0.0,0,0,2024-03-01,0,0,0,SKU002,False,9782,WH_N
0,0.0,0,0,2024-03-01,0,0,0,SKU002,False,9782,WH_S
0,0.0,0,0,2024-03-01,0,0,0,SKU003,False,12000,WH_N
0,0.0,0,0,2024-03-01,0,0,0,SKU003,False,12000,WH_S
0,0.0,0,0,2024-03-01,0,0,0,SKU004,False,14392,WH_N
0,0.0,0,0,2024-03-01,0,0,0,SKU004,False,14392,WH_S
0,0.0,0,0,2024-03-01,0,0,0,SKU005,False,16960,WH_N
0,0.0,0,0,2024-03-01,0,0,0,SKU005,False,16960,WH_S
0,0.0,0,0,2024-03-01,0,0,0,SKU006,False,15265,WH_N
0,0.0,0,0,2024-03-01,0,0,0,SKU006,False,15265,WH_S
0,0.0,0,0,2024-03-01,0,0,0,SKU007,False,17745,WH_N
0,0.0,0,0,2024-03-01,0,0,0,SKU007,False,17745,WH_S
0,0.0,0,0,2024-03-01,0,0,0,SKU008,False,20400,WH_N
0,0.0,0,0,2024-03-01,0,0,0,SKU008,False,20400,WH_S
0,0.0,0,0,2024-03-01,0,0,0,SKU009,False,23230,WH_N
0,0.0,0,0,2024-03-01,0,0,0,SKU009,False,23230,WH_S
0,0.0,0,0,2024-03-01,0,0,0,SKU010,False,9540,WH_N
0,0.0,0,0,2024-03-01,0,0,0,SKU010,False,9540,WH_S
0,0.0,0,0,2024-03-01,0,0,0,SKU011,False,9245,WH_N
0,0.0,0,0,2024-03-01,0,0,0,SKU011,False,9245,WH_S
0,0.0,0,0,2024-03-01,0,0,0,SKU012,False,11375,WH_N
0,0.0,0,0,2024-03-01,0,0,0,SKU012,False,11375,WH_S
0,0.0,0,0,2024-03-01,0,0,0,SKU013,False,13680,WH_N
0,0.0,0,0,2024-03-01,0,0,0,SKU013,False,13680,WH_S
0,0.0,0,0,2024-03-01,0,0,0,SKU014,False,16160,WH_N
0,0.0,0,0,2024-03-01,0,0,0,SKU014,False,16160,WH_S
0,0.0,0,0,2024-03-01,0,0,0,SKU015,False,18815,WH_N
0,0.0,0,0,2024-03-01,0,0,0,SKU015,False,18815,WH_S
0,0.0,0,0,2024-03-01,0,0,0,SKU016,False,16770,WH_N
0,0.0,0,0,2024-03-01,0,0,0,SKU016,False,16770,WH_S
967,81.0,212718,18699846,2024-03-01,1132,204,358,SKU017,False,19338,WH_N
0,0.0,38676,0,2024-03-01,260,43,301,SKU017,False,19338,WH_S
1688,145.5,375360,37271040,2024-03-01,1779,274,348,SKU018,False,22080,WH_N
125,10.8,66240,2760000,2024-03-01,396,80,348,SKU018,False,22080,WH_S
0,0.0,0,0,2024-03-01,0,0,0,SKU019,False,9090,WH_N
0,0.0,0,0,2024-03-01,0,0,0,SKU019,False,9090,WH_S
0,0.0,0,0,2024-03-01,0,0,0,SKU020,False,11395,WH_N
0,0.0,0,0,2024-03-01,0,0,0,SKU020,False,11395,WH_S
0,0.0,0,0,2024-03-01,0,0,0,SKU021,False,10750,WH_N
0,0.0,0,0,2024-03-01,0,0,0,SKU021,False,10750,WH_S
0,0.0,0,0,2024-03-01,0,0,0,SKU022,False,12968,WH_N
0,0.0,0,0,2024-03-01,0,0,0,SKU022,False,12968,WH_S
0,0.0,0,0,2024-03-01,0,0,0,SKU023,False,15360,WH_N
0,0.0,0,0,2024-03-01,0,0,0,SKU023,False,15360,WH_S
0,0.0,0,0,2024-03-01,0,0,0,SKU024,False,17928,WH_N
0,0.0,0,0,2024-03-01,0,0,0,SKU024,False,17928,WH_S
0,0.0,0,0,2024-03-01,0,0,0,SKU025,False,20670,WH_N
0,0.0,0,0,2024-03-01,0,0,0,SKU025,False,20670,WH_S
0,0.0,0,0,2024-03-01,0,0,0,SKU026,False,18275,WH_N
0,0.0,0,0,2024-03-01,0,0,0,SKU026,False,18275,WH_S
0,0.0,0,0,2024-03-01,0,0,0,SKU027,False,20930,WH_N
0,0.0,0,0,2024-03-01,0,0,0,SKU027,False,20930,WH_S
0,0.0,0,0,2024-03-01,0,0,0,SKU028,False,8640,WH_N
0,0.0,0,0,2024-03-01,0,0,0,SKU028,False,8640,WH_S
0,0.0,0,0,2024-03-01,0,0,0,SKU029,False,10858,WH_N
0,0.0,0,0,2024-03-01,0,0,0,SKU029,False,10858,WH_S
0,0.0,0,0,2024-03-01,0,0,0,SKU030,False,13250,WH_N
0,0.0,0,0,2024-03-01,0,0,0,SKU030,False,13250,WH_S
0,0.0,0,0,2024-03-01,0,0,0,SKU031,False,12255,WH_N
0,0.0,0,0,2024-03-01,0,0,0,SKU031,False,12255,WH_S
0,0.0,0,0,2024-03-01,0,0,0,SKU032,False,14560,WH_N
0,0.0,0,0,2024-03-01,0,0,0,SKU032,False,14560,WH_S
0,0.0,0,0,2024-03-01,0,0,0,SKU033,False,17040,WH_N
0,0.0,0,0,2024-03-01,0,0,0,SKU033,False,17040,WH_S
2379,231.0,433290,46854405,2024-03-01,2285,425,309,SKU034,False,19695,WH_N
3100,301.0,531765,61054500,2024-03-01,2765,671,309,SKU034,False,19695,WH_S
1598,131.3,360400,35994950,2024-03-01,1643,336,365,SKU035,False,22525,WH_N
0,0.0,0,0,2024-03-01,0,0,0,SKU035,False,22525,WH_S
0,0.0,0,0,2024-03-01,0,0,0,SKU036,False,19780,WH_N
0,0.0,0,0,2024-03-01,0,0,0,SKU036,False,19780,WH_S
0,0.0,0,0,2024-04-01,0,0,0,SKU001,False,7740,WH_N
1476,117.1,0,11424240,2024-04-01,1447,407,378,SKU001,False,7740,WH_S
0,0.0,0,0,2024-04-01,0,0,0,SKU002,False,9782,WH_N
0,0.0,0,0,2024-04-01,0,0,0,SKU002,False,9782,WH_S
0,0.0,0,0,2024-04-01,0,0,0,SKU003,False,12000,WH_N
0,0.0,0,0,2024-04-01,0,0,0,SKU003,False,12000,WH_S
0,0.0,0,0,2024-04-01,0,0,0,SKU004,False,14392,WH_N
0,0.0,0,0,2024-04-01,0,0,0,SKU004,False,14392,WH_S
0,0.0,0,0,2024-04-01,0,0,0,SKU005,False,16960,WH_N
0,0.0,0,0,2024-04-01,0,0,0,SKU005,False,16960,WH_S
0,0.0,0,0,2024-04-01,0,0,0,SKU006,False,15265,WH_N
0,0.0,0,0,2024-04-01,0,0,0,SKU006,False,15265,WH_S
0,0.0,0,0,2024-04-01,0,0,0,SKU007,False,17745,WH_N
0,0.0,0,0,2024-04-01,0,0,0,SKU007,False,17745,WH_S
0,0.0,0,0,2024-04-01,0,0,0,SKU008,False,20400,WH_N
0,0.0,0,0,2024-04-01,0,0,0,SKU008,False,20400,WH_S
0,0.0,0,0,2024-04-01,0,0,0,SKU009,False,23230,WH_N
0,0.0,0,0,2024-04-01,0,0,0,SKU009,False,23230,WH_S
0,0.0,0,0,2024-04-01,0,0,0,SKU010,False,9540,WH_N
0,0.0,0,0,2024-04-01,0,0,0,SKU010,False,9540,WH_S
0,0.0,0,0,2024-04-01,0,0,0,SKU011,False,9245,WH_N
0,0.0,0,0,2024-04-01,0,0,0,SKU011,False,9245,WH_S
0,0.0,0,0,2024-04-01,0,0,0,SKU012,False,11375,WH_N
0,0.0,0,0,2024-04-01,0,0,0,SKU012,False,11375,WH_S
0,0.0,0,0,2024-04-01,0,0,0,SKU013,False,13680,WH_N
0,0.0,0,0,2024-04-01,0,0,0,SKU013,False,13680,WH_S
0,0.0,0,0,2024-04-01,0,0,0,SKU014,False,16160,WH_N
0,0.0,0,0,2024-04-01,0,0,0,SKU014,False,16160,WH_S
0,0.0,0,0,2024-04-01,0,0,0,SKU015,False,18815,WH_N
0,0.0,0,0,2024-04-01,0,0,0,SKU015,False,18815,WH_S
0,0.0,0,0,2024-04-01,0,0,0,SKU016,False,16770,WH_N
0,0.0,0,0,2024-04-01,0,0,0,SKU016,False,16770,WH_S
866,73.6,0,16746708,2024-04-01,967,252,353,SKU017,False,19338,WH_N
0,0.0,0,0,2024-04-01,0,0,0,SKU017,False,19338,WH_S
1674,136.1,0,36961920,2024-04-01,1688,355,369,SKU018,False,22080,WH_N
0,0.0,0,0,2024-04-01,125,26,151,SKU018,False,22080,WH_S
0,0.0,0,0,2024-04-01,0,0,0,SKU019,False,9090,WH_N
0,0.0,0,0,2024-04-01,0,0,0,SKU019,False,9090,WH_S
0,0.0,0,0,2024-04-01,0,0,0,SKU020,False,11395,WH_N
0,0.0,0,0,2024-04-01,0,0,0,SKU020,False,11395,WH_S
0,0.0,0,0,2024-04-01,0,0,0,SKU021,False,10750,WH_N
0,0.0,0,0,2024-04-01,0,0,0,SKU021,False,10750,WH_S
0,0.0,0,0,2024-04-01,0,0,0,SKU022,False,12968,WH_N
0,0.0,0,0,2024-04-01,0,0,0,SKU022,False,12968,WH_S
0,0.0,0,0,2024-04-01,0,0,0,SKU023,False,15360,WH_N
0,0.0,0,0,2024-04-01,0,0,0,SKU023,False,15360,WH_S
0,0.0,0,0,2024-04-01,0,0,0,SKU024,False,17928,WH_N
0,0.0,0,0,2024-04-01,0,0,0,SKU024,False,17928,WH_S
0,0.0,0,0,2024-04-01,0,0,0,SKU025,False,20670,WH_N
0,0.0,0,0,2024-04-01,0,0,0,SKU025,False,20670,WH_S
0,0.0,0,0,2024-04-01,0,0,0,SKU026,False,18275,WH_N
0,0.0,0,0,2024-04-01,0,0,0,SKU026,False,18275,WH_S
0,0.0,0,0,2024-04-01,0,0,0,SKU027,False,20930,WH_N
0,0.0,0,0,2024-04-01,0,0,0,SKU027,False,20930,WH_S
0,0.0,0,0,2024-04-01,0,0,0,SKU028,False,8640,WH_N
0,0.0,0,0,2024-04-01,0,0,0,SKU028,False,8640,WH_S
0,0.0,0,0,2024-04-01,0,0,0,SKU029,False,10858,WH_N
0,0.0,0,0,2024-04-01,0,0,0,SKU029,False,10858,WH_S
0,0.0,0,0,2024-04-01,0,0,0,SKU030,False,13250,WH_N
0,0.0,0,0,2024-04-01,0,0,0,SKU030,False,13250,WH_S
0,0.0,0,0,2024-04-01,0,0,0,SKU031,False,12255,WH_N
0,0.0,0,0,2024-04-01,0,0,0,SKU031,False,12255,WH_S
0,0.0,0,0,2024-04-01,0,0,0,SKU032,False,14560,WH_N
0,0.0,0,0,2024-04-01,0,0,0,SKU032,False,14560,WH_S
0,0.0,0,0,2024-04-01,0,0,0,SKU033,False,17040,WH_N
0,0.0,0,0,2024-04-01,0,0,0,SKU033,False,17040,WH_S
2441,201.2,0,48075495,2024-04-01,2379,426,364,SKU034,False,19695,WH_N
3627,298.9,0,71433765,2024-04-01,3100,891,364,SKU034,False,19695,WH_S
1551,125.1,0,34936275,2024-04-01,1598,325,372,SKU035,False,22525,WH_N
0,0.0,0,0,2024-04-01,0,0,0,SKU035,False,22525,WH_S
0,0.0,0,0,2024-04-01,0,0,0,SKU036,False,19780,WH_N
0,0.0,0,0,2024-04-01,0,0,0,SKU036,False,19780,WH_S
0,0.0,0,0,2024-05-01,0,0,0,SKU001,False,7740,WH_N
1457,142.4,0,11277180,2024-05-01,1476,288,307,SKU001,False,7740,WH_S
0,0.0,0,0,2024-05-01,0,0,0,SKU002,False,9782,WH_N
0,0.0,0,0,2024-05-01,0,0,0,SKU002,False,9782,WH_S
0,0.0,0,0,2024-05-01,0,0,0,SKU003,False,12000,WH_N
0,0.0,0,0,2024-05-01,0,0,0,SKU003,False,12000,WH_S
0,0.0,0,0,2024-05-01,0,0,0,SKU004,False,14392,WH_N
0,0.0,0,0,2024-05-01,0,0,0,SKU004,False,14392,WH_S
0,0.0,0,0,2024-05-01,0,0,0,SKU005,False,16960,WH_N
0,0.0,0,0,2024-05-01,0,0,0,SKU005,False,16960,WH_S
0,0.0,0,0,2024-05-01,0,0,0,SKU006,False,15265,WH_N
0,0.0,0,0,2024-05-01,0,0,0,SKU006,False,15265,WH_S
0,0.0,0,0,2024-05-01,0,0,0,SKU007,False,17745,WH_N
0,0.0,0,0,2024-05-01,0,0,0,SKU007,False,17745,WH_S
0,0.0,0,0,2024-05-01,0,0,0,SKU008,False,20400,WH_N
0,0.0,0,0,2024-05-01,0,0,0,SKU008,False,20400,WH_S
0,0.0,0,0,2024-05-01,0,0,0,SKU009,False,23230,WH_N
0,0.0,0,0,2024-05-01,0,0,0,SKU009,False,23230,WH_S
0,0.0,0,0,2024-05-01,0,0,0,SKU010,False,9540,WH_N
0,0.0,0,0,2024-05-01,0,0,0,SKU010,False,9540,WH_S
0,0.0,0,0,2024-05-01,0,0,0,SKU011,False,9245,WH_N
0,0.0,0,0,2024-05-01,0,0,0,SKU011,False,9245,WH_S
0,0.0,0,0,2024-05-01,0,0,0,SKU012,False,11375,WH_N
0,0.0,0,0,2024-05-01,0,0,0,SKU012,False,11375,WH_S
0,0.0,0,0,2024-05-01,0,0,0,SKU013,False,13680,WH_N
0,0.0,0,0,2024-05-01,0,0,0,SKU013,False,13680,WH_S
0,0.0,0,0,2024-05-01,0,0,0,SKU014,False,16160,WH_N
0,0.0,0,0,2024-05-01,0,0,0,SKU014,False,16160,WH_S
0,0.0,0,0,2024-05-01,0,0,0,SKU015,False,18815,WH_N
0,0.0,0,0,2024-05-01,0,0,0,SKU015,False,18815,WH_S
0,0.0,0,0,2024-05-01,0,0,0,SKU016,False,16770,WH_N
0,0.0,0,0,2024-05-01,0,0,0,SKU016,False,16770,WH_S
801,77.5,0,15489738,2024-05-01,866,245,310,SKU017,False,19338,WH_N
0,0.0,0,0,2024-05-01,0,0,0,SKU017,False,19338,WH_S
1642,153.5,0,36255360,2024-05-01,1674,289,321,SKU018,False,22080,WH_N
0,0.0,0,0,2024-05-01,0,0,0,SKU018,False,22080,WH_S
0,0.0,0,0,2024-05-01,0,0,0,SKU019,False,9090,WH_N
0,0.0,0,0,2024-05-01,0,0,0,SKU019,False,9090,WH_S
0,0.0,0,0,2024-05-01,0,0,0,SKU020,False,11395,WH_N
0,0.0,0,0,2024-05-01,0,0,0,SKU020,False,11395,WH_S
0,0.0,0,0,2024-05-01,0,0,0,SKU021,False,10750,WH_N
0,0.0,0,0,2024-05-01,0,0,0,SKU021,False,10750,WH_S
0,0.0,0,0,2024-05-01,0,0,0,SKU022,False,12968,WH_N
0,0.0,0,0,2024-05-01,0,0,0,SKU022,False,12968,WH_S
0,0.0,0,0,2024-05-01,0,0,0,SKU023,False,15360,WH_N
0,0.0,0,0,2024-05-01,0,0,0,SKU023,False,15360,WH_S
0,0.0,0,0,2024-05-01,0,0,0,SKU024,False,17928,WH_N
0,0.0,0,0,2024-05-01,0,0,0,SKU024,False,17928,WH_S
0,0.0,0,0,2024-05-01,0,0,0,SKU025,False,20670,WH_N
0,0.0,0,0,2024-05-01,0,0,0,SKU025,False,20670,WH_S
0,0.0,0,0,2024-05-01,0,0,0,SKU026,False,18275,WH_N
0,0.0,0,0,2024-05-01,0,0,0,SKU026,False,18275,WH_S
0,0.0,0,0,2024-05-01,0,0,0,SKU027,False,20930,WH_N
0,0.0,0,0,2024-05-01,0,0,0,SKU027,False,20930,WH_S
0,0.0,0,0,2024-05-01,0,0,0,SKU028,False,8640,WH_N
0,0.0,0,0,2024-05-01,0,0,0,SKU028,False,8640,WH_S
0,0.0,0,0,2024-05-01,0,0,0,SKU029,False,10858,WH_N
0,0.0,0,0,2024-05-01,0,0,0,SKU029,False,10858,WH_S
0,0.0,0,0,2024-05-01,0,0,0,SKU030,False,13250,WH_N
0,0.0,0,0,2024-05-01,0,0,0,SKU030,False,13250,WH_S
0,0.0,0,0,2024-05-01,0,0,0,SKU031,False,12255,WH_N
0,0.0,0,0,2024-05-01,0,0,0,SKU031,False,12255,WH_S
0,0.0,0,0,2024-05-01,0,0,0,SKU032,False,14560,WH_N
0,0.0,0,0,2024-05-01,0,0,0,SKU032,False,14560,WH_S
0,0.0,0,0,2024-05-01,0,0,0,SKU033,False,17040,WH_N
0,0.0,0,0,2024-05-01,0,0,0,SKU033,False,17040,WH_S
2818,271.0,0,55500510,2024-05-01,2441,689,312,SKU034,False,19695,WH_N
4263,409.9,0,83959785,2024-05-01,3627,948,312,SKU034,False,19695,WH_S
1688,154.9,0,38022200,2024-05-01,1551,464,327,SKU035,False,22525,WH_N
0,0.0,0,0,2024-05-01,0,0,0,SKU035,False,22525,WH_S
0,0.0,0,0,2024-05-01,0,0,0,SKU036,False,19780,WH_N
0,0.0,0,0,2024-05-01,0,0,0,SKU036,False,19780,WH_S
0,0.0,0,0,2024-06-01,0,0,0,SKU001,False,7740,WH_N
1433,127.6,0,11091420,2024-06-01,1457,313,337,SKU001,False,7740,WH_S
0,0.0,0,0,2024-06-01,0,0,0,SKU002,False,9782,WH_N
0,0.0,0,0,2024-06-01,0,0,0,SKU002,False,9782,WH_S
0,0.0,0,0,2024-06-01,0,0,0,SKU003,False,12000,WH_N
0,0.0,0,0,2024-06-01,0,0,0,SKU003,False,12000,WH_S
0,0.0,0,0,2024-06-01,0,0,0,SKU004,False,14392,WH_N
0,0.0,0,0,2024-06-01,0,0,0,SKU004,False,14392,WH_S
0,0.0,0,0,2024-06-01,0,0,0,SKU005,False,16960,WH_N
0,0.0,0,0,2024-06-01,0,0,0,SKU005,False,16960,WH_S
0,0.0,0,0,2024-06-01,0,0,0,SKU006,False,15265,WH_N
0,0.0,0,0,2024-06-01,0,0,0,SKU006,False,15265,WH_S
0,0.0,0,0,2024-06-01,0,0,0,SKU007,False,17745,WH_N
0,0.0,0,0,2024-06-01,0,0,0,SKU007,False,17745,WH_S
0,0.0,0,0,2024-06-01,0,0,0,SKU008,False,20400,WH_N
0,0.0,0,0,2024-06-01,0,0,0,SKU008,False,20400,WH_S
0,0.0,0,0,2024-06-01,0,0,0,SKU009,False,23230,WH_N
0,0.0,0,0,2024-06-01,0,0,0,SKU009,False,23230,WH_S
0,0.0,0,0,2024-06-01,0,0,0,SKU010,False,9540,WH_N
0,0.0,0,0,2024-06-01,0,0,0,SKU010,False,9540,WH_S
0,0.0,0,0,2024-06-01,0,0,0,SKU011,False,9245,WH_N
0,0.0,0,0,2024-06-01,0,0,0,SKU011,False,9245,WH_S
0,0.0,0,0,2024-06-01,0,0,0,SKU012,False,11375,WH_N
0,0.0,0,0,2024-06-01,0,0,0,SKU012,False,11375,WH_S
0,0.0,0,0,2024-06-01,0,0,0,SKU013,False,13680,WH_N
0,0.0,0,0,2024-06-01,0,0,0,SKU013,False,13680,WH_S
0,0.0,0,0,2024-06-01,0,0,0,SKU014,False,16160,WH_N
0,0.0,0,0,2024-06-01,0,0,0,SKU014,False,16160,WH_S
0,0.0,0,0,2024-06-01,0,0,0,SKU015,False,18815,WH_N
0,0.0,0,0,2024-06-01,0,0,0,SKU015,False,18815,WH_S
0,0.0,0,0,2024-06-01,0,0,0,SKU016,False,16770,WH_N
0,0.0,0,0,2024-06-01,0,0,0,SKU016,False,16770,WH_S
614,57.9,0,11873532,2024-06-01,801,131,318,SKU017,False,19338,WH_N
0,0.0,0,0,2024-06-01,0,0,0,SKU017,False,19338,WH_S
1630,141.3,0,35990400,2024-06-01,1642,334,346,SKU018,False,22080,WH_N
0,0.0,0,0,2024-06-01,0,0,0,SKU018,False,22080,WH_S
0,0.0,0,0,2024-06-01,0,0,0,SKU019,False,9090,WH_N
0,0.0,0,0,2024-06-01,0,0,0,SKU019,False,9090,WH_S
0,0.0,0,0,2024-06-01,0,0,0,SKU020,False,11395,WH_N
0,0.0,0,0,2024-06-01,0,0,0,SKU020,False,11395,WH_S
0,0.0,0,0,2024-06-01,0,0,0,SKU021,False,10750,WH_N
0,0.0,0,0,2024-06-01,0,0,0,SKU021,False,10750,WH_S
0,0.0,0,0,2024-06-01,0,0,0,SKU022,False,12968,WH_N
0,0.0,0,0,2024-06-01,0,0,0,SKU022,False,12968,WH_S
0,0.0,0,0,2024-06-01,0,0,0,SKU023,False,15360,WH_N
0,0.0,0,0,2024-06-01,0,0,0,SKU023,False,15360,WH_S
0,0.0,0,0,2024-06-01,0,0,0,SKU024,False,17928,WH_N
0,0.0,0,0,2024-06-01,0,0,0,SKU024,False,17928,WH_S
0,0.0,0,0,2024-06-01,0,0,0,SKU025,False,20670,WH_N
0,0.0,0,0,2024-06-01,0,0,0,SKU025,False,20670,WH_S
0,0.0,0,0,2024-06-01,0,0,0,SKU026,False,18275,WH_N
0,0.0,0,0,2024-06-01,0,0,0,SKU026,False,18275,WH_S
0,0.0,0,0,2024-06-01,0,0,0,SKU027,False,20930,WH_N
0,0.0,0,0,2024-06-01,0,0,0,SKU027,False,20930,WH_S
0,0.0,0,0,2024-06-01,0,0,0,SKU028,False,8640,WH_N
0,0.0,0,0,2024-06-01,0,0,0,SKU028,False,8640,WH_S
0,0.0,0,0,2024-06-01,0,0,0,SKU029,False,10858,WH_N
0,0.0,0,0,2024-06-01,0,0,0,SKU029,False,10858,WH_S
0,0.0,0,0,2024-06-01,0,0,0,SKU030,False,13250,WH_N
0,0.0,0,0,2024-06-01,0,0,0,SKU030,False,13250,WH_S
0,0.0,0,0,2024-06-01,0,0,0,SKU031,False,12255,WH_N
0,0.0,0,0,2024-06-01,0,0,0,SKU031,False,12255,WH_S
0,0.0,0,0,2024-06-01,0,0,0,SKU032,False,14560,WH_N
0,0.0,0,0,2024-06-01,0,0,0,SKU032,False,14560,WH_S
0,0.0,0,0,2024-06-01,0,0,0,SKU033,False,17040,WH_N
0,0.0,0,0,2024-06-01,0,0,0,SKU033,False,17040,WH_S
3131,333.1,0,61665045,2024-06-01,2818,595,282,SKU034,False,19695,WH_N
4620,491.5,0,90990900,2024-06-01,4263,639,282,SKU034,False,19695,WH_S
1829,175.9,0,41198225,2024-06-01,1688,453,312,SKU035,False,22525,WH_N
0,0.0,0,0,2024-06-01,0,0,0,SKU035,False,22525,WH_S
0,0.0,0,0,2024-06-01,0,0,0,SKU036,False,19780,WH_N
0,0.0,0,0,2024-06-01,0,0,0,SKU036,False,19780,WH_S
0,0.0,0,0,2024-07-01,0,0,0,SKU001,False,7740,WH_N
1395,132.9,0,10797300,2024-07-01,1433,277,315,SKU001,False,7740,WH_S
0,0.0,0,0,2024-07-01,0,0,0,SKU002,False,9782,WH_N
0,0.0,0,0,2024-07-01,0,0,0,SKU002,False,9782,WH_S
0,0.0,0,0,2024-07-01,0,0,0,SKU003,False,12000,WH_N
0,0.0,0,0,2024-07-01,0,0,0,SKU003,False,12000,WH_S
0,0.0,0,0,2024-07-01,0,0,0,SKU004,False,14392,WH_N
0,0.0,0,0,2024-07-01,0,0,0,SKU004,False,14392,WH_S
0,0.0,0,0,2024-07-01,0,0,0,SKU005,False,16960,WH_N
0,0.0,0,0,2024-07-01,0,0,0,SKU005,False,16960,WH_S
0,0.0,0,0,2024-07-01,0,0,0,SKU006,False,15265,WH_N
0,0.0,0,0,2024-07-01,0,0,0,SKU006,False,15265,WH_S
0,0.0,0,0,2024-07-01,0,0,0,SKU007,False,17745,WH_N
0,0.0,0,0,2024-07-01,0,0,0,SKU007,False,17745,WH_S
0,0.0,0,0,2024-07-01,0,0,0,SKU008,False,20400,WH_N
0,0.0,0,0,2024-07-01,0,0,0,SKU008,False,20400,WH_S
0,0.0,0,0,2024-07-01,0,0,0,SKU009,False,23230,WH_N
0,0.0,0,0,2024-07-01,0,0,0,SKU009,False,23230,WH_S
0,0.0,0,0,2024-07-01,0,0,0,SKU010,False,9540,WH_N
0,0.0,0,0,2024-07-01,0,0,0,SKU010,False,9540,WH_S
0,0.0,0,0,2024-07-01,0,0,0,SKU011,False,9245,WH_N
0,0.0,0,0,2024-07-01,0,0,0,SKU011,False,9245,WH_S
0,0.0,0,0,2024-07-01,0,0,0,SKU012,False,11375,WH_N
0,0.0,0,0,2024-07-01,0,0,0,SKU012,False,11375,WH_S
0,0.0,0,0,2024-07-01,0,0,0,SKU013,False,13680,WH_N
0,0.0,0,0,2024-07-01,0,0,0,SKU013,False,13680,WH_S
0,0.0,0,0,2024-07-01,0,0,0,SKU014,False,16160,WH_N
0,0.0,0,0,2024-07-01,0,0,0,SKU014,False,16160,WH_S
0,0.0,0,0,2024-07-01,0,0,0,SKU015,False,18815,WH_N
0,0.0,0,0,2024-07-01,0,0,0,SKU015,False,18815,WH_S
0,0.0,0,0,2024-07-01,0,0,0,SKU016,False,16770,WH_N
0,0.0,0,0,2024-07-01,0,0,0,SKU016,False,16770,WH_S
462,42.5,0,8934156,2024-07-01,614,174,326,SKU017,False,19338,WH_N
0,0.0,0,0,2024-07-01,0,0,0,SKU017,False,19338,WH_S
1769,156.5,0,39059520,2024-07-01,1630,478,339,SKU018,False,22080,WH_N
0,0.0,0,0,2024-07-01,0,0,0,SKU018,False,22080,WH_S
0,0.0,0,0,2024-07-01,0,0,0,SKU019,False,9090,WH_N
0,0.0,0,0,2024-07-01,0,0,0,SKU019,False,9090,WH_S
0,0.0,0,0,2024-07-01,0,0,0,SKU020,False,11395,WH_N
0,0.0,0,0,2024-07-01,0,0,0,SKU020,False,11395,WH_S
0,0.0,0,0,2024-07-01,0,0,0,SKU021,False,10750,WH_N
0,0.0,0,0,2024-07-01,0,0,0,SKU021,False,10750,WH_S
0,0.0,0,0,2024-07-01,0,0,0,SKU022,False,12968,WH_N
0,0.0,0,0,2024-07-01,0,0,0,SKU022,False,12968,WH_S
0,0.0,0,0,2024-07-01,0,0,0,SKU023,False,15360,WH_N
0,0.0,0,0,2024-07-01,0,0,0,SKU023,False,15360,WH_S
0,0.0,0,0,2024-07-01,0,0,0,SKU024,False,17928,WH_N
0,0.0,0,0,2024-07-01,0,0,0,SKU024,False,17928,WH_S
0,0.0,0,0,2024-07-01,0,0,0,SKU025,False,20670,WH_N
0,0.0,0,0,2024-07-01,0,0,0,SKU025,False,20670,WH_S
0,0.0,0,0,2024-07-01,0,0,0,SKU026,False,18275,WH_N
0,0.0,0,0,2024-07-01,0,0,0,SKU026,False,18275,WH_S
0,0.0,0,0,2024-07-01,0,0,0,SKU027,False,20930,WH_N
0,0.0,0,0,2024-07-01,0,0,0,SKU027,False,20930,WH_S
0,0.0,0,0,2024-07-01,0,0,0,SKU028,False,8640,WH_N
0,0.0,0,0,2024-07-01,0,0,0,SKU028,False,8640,WH_S
0,0.0,0,0,2024-07-01,0,0,0,SKU029,False,10858,WH_N
0,0.0,0,0,2024-07-01,0,0,0,SKU029,False,10858,WH_S
0,0.0,0,0,2024-07-01,0,0,0,SKU030,False,13250,WH_N
0,0.0,0,0,2024-07-01,0,0,0,SKU030,False,13250,WH_S
0,0.0,0,0,2024-07-01,0,0,0,SKU031,False,12255,WH_N
0,0.0,0,0,2024-07-01,0,0,0,SKU031,False,12255,WH_S
0,0.0,0,0,2024-07-01,0,0,0,SKU032,False,14560,WH_N
0,0.0,0,0,2024-07-01,0,0,0,SKU032,False,14560,WH_S
0,0.0,0,0,2024-07-01,0,0,0,SKU033,False,17040,WH_N
0,0.0,0,0,2024-07-01,0,0,0,SKU033,False,17040,WH_S
3530,324.8,0,69523350,2024-07-01,3131,725,326,SKU034,False,19695,WH_N
5208,479.3,0,102571560,2024-07-01,4620,914,326,SKU034,False,19695,WH_S
1782,155.0,0,40139550,2024-07-01,1829,298,345,SKU035,False,22525,WH_N
0,0.0,0,0,2024-07-01,0,0,0,SKU035,False,22525,WH_S
0,0.0,0,0,2024-07-01,0,0,0,SKU036,False,19780,WH_N
0,0.0,0,0,2024-07-01,0,0,0,SKU036,False,19780,WH_S
0,0.0,0,0,2024-08-01,0,0,0,SKU001,False,7740,WH_N
1415,116.0,0,10952100,2024-08-01,1395,386,366,SKU001,False,7740,WH_S
0,0.0,0,0,2024-08-01,0,0,0,SKU002,False,9782,WH_N
0,0.0,0,0,2024-08-01,0,0,0,SKU002,False,9782,WH_S
0,0.0,0,0,2024-08-01,0,0,0,SKU003,False,12000,WH_N
0,0.0,0,0,2024-08-01,0,0,0,SKU003,False,12000,WH_S
0,0.0,0,0,2024-08-01,0,0,0,SKU004,False,14392,WH_N
0,0.0,0,0,2024-08-01,0,0,0,SKU004,False,14392,WH_S
0,0.0,0,0,2024-08-01,0,0,0,SKU005,False,16960,WH_N
0,0.0,0,0,2024-08-01,0,0,0,SKU005,False,16960,WH_S
0,0.0,0,0,2024-08-01,0,0,0,SKU006,False,15265,WH_N
0,0.0,0,0,2024-08-01,0,0,0,SKU006,False,15265,WH_S
0,0.0,0,0,2024-08-01,0,0,0,SKU007,False,17745,WH_N
0,0.0,0,0,2024-08-01,0,0,0,SKU007,False,17745,WH_S
0,0.0,0,0,2024-08-01,0,0,0,SKU008,False,20400,WH_N
0,0.0,0,0,2024-08-01,0,0,0,SKU008,False,20400,WH_S
0,0.0,0,0,2024-08-01,0,0,0,SKU009,False,23230,WH_N
0,0.0,0,0,2024-08-01,0,0,0,SKU009,False,23230,WH_S
0,0.0,0,0,2024-08-01,0,0,0,SKU010,False,9540,WH_N
0,0.0,0,0,2024-08-01,0,0,0,SKU010,False,9540,WH_S
0,0.0,0,0,2024-08-01,0,0,0,SKU011,False,9245,WH_N
0,0.0,0,0,2024-08-01,0,0,0,SKU011,False,9245,WH_S
0,0.0,0,0,2024-08-01,0,0,0,SKU012,False,11375,WH_N
0,0.0,0,0,2024-08-01,0,0,0,SKU012,False,11375,WH_S
0,0.0,0,0,2024-08-01,0,0,0,SKU013,False,13680,WH_N
0,0.0,0,0,2024-08-01,0,0,0,SKU013,False,13680,WH_S
0,0.0,0,0,2024-08-01,0,0,0,SKU014,False,16160,WH_N
0,0.0,0,0,2024-08-01,0,0,0,SKU014,False,16160,WH_S
0,0.0,0,0,2024-08-01,0,0,0,SKU015,False,18815,WH_N
0,0.0,0,0,2024-08-01,0,0,0,SKU015,False,18815,WH_S
0,0.0,0,0,2024-08-01,0,0,0,SKU016,False,16770,WH_N
0,0.0,0,0,2024-08-01,0,0,0,SKU016,False,16770,WH_S
227,22.3,0,4389726,2024-08-01,462,71,306,SKU017,False,19338,WH_N
0,0.0,0,0,2024-08-01,0,0,0,SKU017,False,19338,WH_S
1819,153.7,0,40163520,2024-08-01,1769,405,355,SKU018,False,22080,WH_N
0,0.0,0,0,2024-08-01,0,0,0,SKU018,False,22080,WH_S
0,0.0,0,0,2024-08-01,0,0,0,SKU019,False,9090,WH_N
0,0.0,0,0,2024-08-01,0,0,0,SKU019,False,9090,WH_S
0,0.0,0,0,2024-08-01,0,0,0,SKU020,False,11395,WH_N
0,0.0,0,0,2024-08-01,0,0,0,SKU020,False,11395,WH_S
0,0.0,0,0,2024-08-01,0,0,0,SKU021,False,10750,WH_N
0,0.0,0,0,2024-08-01,0,0,0,SKU021,False,10750,WH_S
0,0.0,0,0,2024-08-01,0,0,0,SKU022,False,12968,WH_N
0,0.0,0,0,2024-08-01,0,0,0,SKU022,False,12968,WH_S
0,0.0,0,0,2024-08-01,0,0,0,SKU023,False,15360,WH_N
0,0.0,0,0,2024-08-01,0,0,0,SKU023,False,15360,WH_S
0,0.0,0,0,2024-08-01,0,0,0,SKU024,False,17928,WH_N
0,0.0,0,0,2024-08-01,0,0,0,SKU024,False,17928,WH_S
0,0.0,0,0,2024-08-01,0,0,0,SKU025,False,20670,WH_N
0,0.0,0,0,2024-08-01,0,0,0,SKU025,False,20670,WH_S
0,0.0,0,0,2024-08-01,0,0,0,SKU026,False,18275,WH_N
0,0.0,0,0,2024-08-01,0,0,0,SKU026,False,18275,WH_S
0,0.0,0,0,2024-08-01,0,0,0,SKU027,False,20930,WH_N
0,0.0,0,0,2024-08-01,0,0,0,SKU027,False,20930,WH_S
0,0.0,0,0,2024-08-01,0,0,0,SKU028,False,8640,WH_N
0,0.0,0,0,2024-08-01,0,0,0,SKU028,False,8640,WH_S
0,0.0,0,0,2024-08-01,0,0,0,SKU029,False,10858,WH_N
0,0.0,0,0,2024-08-01,0,0,0,SKU029,False,10858,WH_S
0,0.0,0,0,2024-08-01,0,0,0,SKU030,False,13250,WH_N
0,0.0,0,0,2024-08-01,0,0,0,SKU030,False,13250,WH_S
0,0.0,0,0,2024-08-01,0,0,0,SKU031,False,12255,WH_N
0,0.0,0,0,2024-08-01,0,0,0,SKU031,False,12255,WH_S
0,0.0,0,0,2024-08-01,0,0,0,SKU032,False,14560,WH_N
0,0.0,0,0,2024-08-01,0,0,0,SKU032,False,14560,WH_S
0,0.0,0,0,2024-08-01,0,0,0,SKU033,False,17040,WH_N
0,0.0,0,0,2024-08-01,0,0,0,SKU033,False,17040,WH_S
3799,363.0,0,74821305,2024-08-01,3530,583,314,SKU034,False,19695,WH_N
5890,562.7,0,116003550,2024-08-01,5208,996,314,SKU034,False,19695,WH_S
1677,129.7,0,37774425,2024-08-01,1782,283,388,SKU035,False,22525,WH_N
0,0.0,0,0,2024-08-01,0,0,0,SKU035,False,22525,WH_S
0,0.0,0,0,2024-08-01,0,0,0,SKU036,False,19780,WH_N
0,0.0,0,0,2024-08-01,0,0,0,SKU036,False,19780,WH_S
0,0.0,0,0,2024-09-01,0,0,0,SKU001,False,7740,WH_N
1409,105.4,108360,10905660,2024-09-01,1415,409,401,SKU001,False,7740,WH_S
0,0.0,0,0,2024-09-01,0,0,0,SKU002,False,9782,WH_N
0,0.0,0,0,2024-09-01,0,0,0,SKU002,False,9782,WH_S
0,0.0,0,0,2024-09-01,0,0,0,SKU003,False,12000,WH_N
0,0.0,0,0,2024-09-01,0,0,0,SKU003,False,12000,WH_S
0,0.0,0,0,2024-09-01,0,0,0,SKU004,False,14392,WH_N
0,0.0,0,0,2024-09-01,0,0,0,SKU004,False,14392,WH_S
0,0.0,0,0,2024-09-01,0,0,0,SKU005,False,16960,WH_N
0,0.0,0,0,2024-09-01,0,0,0,SKU005,False,16960,WH_S
0,0.0,0,0,2024-09-01,0,0,0,SKU006,False,15265,WH_N
0,0.0,0,0,2024-09-01,0,0,0,SKU006,False,15265,WH_S
0,0.0,0,0,2024-09-01,0,0,0,SKU007,False,17745,WH_N
0,0.0,0,0,2024-09-01,0,0,0,SKU007,False,17745,WH_S
0,0.0,0,0,2024-09-01,0,0,0,SKU008,False,20400,WH_N
0,0.0,0,0,2024-09-01,0,0,0,SKU008,False,20400,WH_S
0,0.0,0,0,2024-09-01,0,0,0,SKU009,False,23230,WH_N
0,0.0,0,0,2024-09-01,0,0,0,SKU009,False,23230,WH_S
0,0.0,0,0,2024-09-01,0,0,0,SKU010,False,9540,WH_N
0,0.0,0,0,2024-09-01,0,0,0,SKU010,False,9540,WH_S
0,0.0,0,0,2024-09-01,0,0,0,SKU011,False,9245,WH_N
0,0.0,0,0,2024-09-01,0,0,0,SKU011,False,9245,WH_S
0,0.0,0,0,2024-09-01,0,0,0,SKU012,False,11375,WH_N
0,0.0,0,0,2024-09-01,0,0,0,SKU012,False,11375,WH_S
0,0.0,0,0,2024-09-01,0,0,0,SKU013,False,13680,WH_N
0,0.0,0,0,2024-09-01,0,0,0,SKU013,False,13680,WH_S
0,0.0,0,0,2024-09-01,0,0,0,SKU014,False,16160,WH_N
0,0.0,0,0,2024-09-01,0,0,0,SKU014,False,16160,WH_S
0,0.0,0,0,2024-09-01,0,0,0,SKU015,False,18815,WH_N
0,0.0,0,0,2024-09-01,0,0,0,SKU015,False,18815,WH_S
0,0.0,0,0,2024-09-01,0,0,0,SKU016,False,16770,WH_N
0,0.0,0,0,2024-09-01,0,0,0,SKU016,False,16770,WH_S
0,0.0,38676,0,2024-09-01,227,56,281,SKU017,False,19338,WH_N
0,0.0,0,0,2024-09-01,0,0,0,SKU017,False,19338,WH_S
1738,144.4,397440,38375040,2024-09-01,1819,298,361,SKU018,False,22080,WH_N
0,0.0,0,0,2024-09-01,0,0,0,SKU018,False,22080,WH_S
0,0.0,0,0,2024-09-01,0,0,0,SKU019,False,9090,WH_N
0,0.0,0,0,2024-09-01,0,0,0,SKU019,False,9090,WH_S
0,0.0,0,0,2024-09-01,0,0,0,SKU020,False,11395,WH_N
0,0.0,0,0,2024-09-01,0,0,0,SKU020,False,11395,WH_S
0,0.0,0,0,2024-09-01,0,0,0,SKU021,False,10750,WH_N
0,0.0,0,0,2024-09-01,0,0,0,SKU021,False,10750,WH_S
0,0.0,0,0,2024-09-01,0,0,0,SKU022,False,12968,WH_N
0,0.0,0,0,2024-09-01,0,0,0,SKU022,False,12968,WH_S
0,0.0,0,0,2024-09-01,0,0,0,SKU023,False,15360,WH_N
0,0.0,0,0,2024-09-01,0,0,0,SKU023,False,15360,WH_S
0,0.0,0,0,2024-09-01,0,0,0,SKU024,False,17928,WH_N
0,0.0,0,0,2024-09-01,0,0,0,SKU024,False,17928,WH_S
0,0.0,0,0,2024-09-01,0,0,0,SKU025,False,20670,WH_N
0,0.0,0,0,2024-09-01,0,0,0,SKU025,False,20670,WH_S
0,0.0,0,0,2024-09-01,0,0,0,SKU026,False,18275,WH_N
0,0.0,0,0,2024-09-01,0,0,0,SKU026,False,18275,WH_S
0,0.0,0,0,2024-09-01,0,0,0,SKU027,False,20930,WH_N
0,0.0,0,0,2024-09-01,0,0,0,SKU027,False,20930,WH_S
0,0.0,0,0,2024-09-01,0,0,0,SKU028,False,8640,WH_N
0,0.0,0,0,2024-09-01,0,0,0,SKU028,False,8640,WH_S
0,0.0,0,0,2024-09-01,0,0,0,SKU029,False,10858,WH_N
0,0.0,0,0,2024-09-01,0,0,0,SKU029,False,10858,WH_S
0,0.0,0,0,2024-09-01,0,0,0,SKU030,False,13250,WH_N
0,0.0,0,0,2024-09-01,0,0,0,SKU030,False,13250,WH_S
0,0.0,0,0,2024-09-01,0,0,0,SKU031,False,12255,WH_N
0,0.0,0,0,2024-09-01,0,0,0,SKU031,False,12255,WH_S
0,0.0,0,0,2024-09-01,0,0,0,SKU032,False,14560,WH_N
0,0.0,0,0,2024-09-01,0,0,0,SKU032,False,14560,WH_S
0,0.0,0,0,2024-09-01,0,0,0,SKU033,False,17040,WH_N
0,0.0,0,0,2024-09-01,0,0,0,SKU033,False,17040,WH_S
4048,352.0,728715,79725360,2024-09-01,3799,631,345,SKU034,False,19695,WH_N
7093,616.8,1142310,139696635,2024-09-01,5890,1606,345,SKU034,False,19695,WH_S
1737,139.3,360400,39125925,2024-09-01,1677,450,374,SKU035,False,22525,WH_N
0,0.0,0,0,2024-09-01,0,0,0,SKU035,False,22525,WH_S
0,0.0,0,0,2024-09-01,0,0,0,SKU036,False,19780,WH_N
0,0.0,0,0,2024-09-01,0,0,0,SKU036,False,19780,WH_S
0,0.0,0,0,2024-10-01,0,0,0,SKU001,False,7740,WH_N
1446,139.5,0,11192040,2024-10-01,1409,348,311,SKU001,False,7740,WH_S
0,0.0,0,0,2024-10-01,0,0,0,SKU002,False,9782,WH_N
0,0.0,0,0,2024-10-01,0,0,0,SKU002,False,9782,WH_S
0,0.0,0,0,2024-10-01,0,0,0,SKU003,False,12000,WH_N
0,0.0,0,0,2024-10-01,0,0,0,SKU003,False,12000,WH_S
0,0.0,0,0,2024-10-01,0,0,0,SKU004,False,14392,WH_N
0,0.0,0,0,2024-10-01,0,0,0,SKU004,False,14392,WH_S
0,0.0,0,0,2024-10-01,0,0,0,SKU005,False,16960,WH_N
0,0.0,0,0,2024-10-01,0,0,0,SKU005,False,16960,WH_S
0,0.0,0,0,2024-10-01,0,0,0,SKU006,False,15265,WH_N
0,0.0,0,0,2024-10-01,0,0,0,SKU006,False,15265,WH_S
0,0.0,0,0,2024-10-01,0,0,0,SKU007,False,17745,WH_N
0,0.0,0,0,2024-10-01,0,0,0,SKU007,False,17745,WH_S
0,0.0,0,0,2024-10-01,0,0,0,SKU008,False,20400,WH_N
0,0.0,0,0,2024-10-01,0,0,0,SKU008,False,20400,WH_S
0,0.0,0,0,2024-10-01,0,0,0,SKU009,False,23230,WH_N
0,0.0,0,0,2024-10-01,0,0,0,SKU009,False,23230,WH_S
0,0.0,0,0,2024-10-01,0,0,0,SKU010,False,9540,WH_N
0,0.0,0,0,2024-10-01,0,0,0,SKU010,False,9540,WH_S
0,0.0,0,0,2024-10-01,0,0,0,SKU011,False,9245,WH_N
0,0.0,0,0,2024-10-01,0,0,0,SKU011,False,9245,WH_S
0,0.0,0,0,2024-10-01,0,0,0,SKU012,False,11375,WH_N
0,0.0,0,0,2024-10-01,0,0,0,SKU012,False,11375,WH_S
0,0.0,0,0,2024-10-01,0,0,0,SKU013,False,13680,WH_N
0,0.0,0,0,2024-10-01,0,0,0,SKU013,False,13680,WH_S
0,0.0,0,0,2024-10-01,0,0,0,SKU014,False,16160,WH_N
0,0.0,0,0,2024-10-01,0,0,0,SKU014,False,16160,WH_S
0,0.0,0,0,2024-10-01,0,0,0,SKU015,False,18815,WH_N
0,0.0,0,0,2024-10-01,0,0,0,SKU015,False,18815,WH_S
0,0.0,0,0,2024-10-01,0,0,0,SKU016,False,16770,WH_N
0,0.0,0,0,2024-10-01,0,0,0,SKU016,False,16770,WH_S
0,0.0,0,0,2024-10-01,0,0,0,SKU017,False,19338,WH_N
0,0.0,0,0,2024-10-01,0,0,0,SKU017,False,19338,WH_S
1769,151.2,0,39059520,2024-10-01,1738,382,351,SKU018,False,22080,WH_N
0,0.0,0,0,2024-10-01,0,0,0,SKU018,False,22080,WH_S
0,0.0,0,0,2024-10-01,0,0,0,SKU019,False,9090,WH_N
0,0.0,0,0,2024-10-01,0,0,0,SKU019,False,9090,WH_S
0,0.0,0,0,2024-10-01,0,0,0,SKU020,False,11395,WH_N
0,0.0,0,0,2024-10-01,0,0,0,SKU020,False,11395,WH_S
0,0.0,0,0,2024-10-01,0,0,0,SKU021,False,10750,WH_N
0,0.0,0,0,2024-10-01,0,0,0,SKU021,False,10750,WH_S
0,0.0,0,0,2024-10-01,0,0,0,SKU022,False,12968,WH_N
0,0.0,0,0,2024-10-01,0,0,0,SKU022,False,12968,WH_S
0,0.0,0,0,2024-10-01,0,0,0,SKU023,False,15360,WH_N
0,0.0,0,0,2024-10-01,0,0,0,SKU023,False,15360,WH_S
0,0.0,0,0,2024-10-01,0,0,0,SKU024,False,17928,WH_N
0,0.0,0,0,2024-10-01,0,0,0,SKU024,False,17928,WH_S
0,0.0,0,0,2024-10-01,0,0,0,SKU025,False,20670,WH_N
0,0.0,0,0,2024-10-01,0,0,0,SKU025,False,20670,WH_S
0,0.0,0,0,2024-10-01,0,0,0,SKU026,False,18275,WH_N
0,0.0,0,0,2024-10-01,0,0,0,SKU026,False,18275,WH_S
0,0.0,0,0,2024-10-01,0,0,0,SKU027,False,20930,WH_N
0,0.0,0,0,2024-10-01,0,0,0,SKU027,False,20930,WH_S
0,0.0,0,0,2024-10-01,0,0,0,SKU028,False,8640,WH_N
0,0.0,0,0,2024-10-01,0,0,0,SKU028,False,8640,WH_S
0,0.0,0,0,2024-10-01,0,0,0,SKU029,False,10858,WH_N
0,0.0,0,0,2024-10-01,0,0,0,SKU029,False,10858,WH_S
0,0.0,0,0,2024-10-01,0,0,0,SKU030,False,13250,WH_N
0,0.0,0,0,2024-10-01,0,0,0,SKU030,False,13250,WH_S
0,0.0,0,0,2024-10-01,0,0,0,SKU031,False,12255,WH_N
0,0.0,0,0,2024-10-01,0,0,0,SKU031,False,12255,WH_S
0,0.0,0,0,2024-10-01,0,0,0,SKU032,False,14560,WH_N
0,0.0,0,0,2024-10-01,0,0,0,SKU032,False,14560,WH_S
0,0.0,0,0,2024-10-01,0,0,0,SKU033,False,17040,WH_N
0,0.0,0,0,2024-10-01,0,0,0,SKU033,False,17040,WH_S
4963,509.9,0,97746285,2024-10-01,4048,1207,292,SKU034,False,19695,WH_N
8774,901.4,0,172803930,2024-10-01,7093,1973,292,SKU034,False,19695,WH_S
1690,164.1,0,38067250,2024-10-01,1737,262,309,SKU035,False,22525,WH_N
0,0.0,0,0,2024-10-01,0,0,0,SKU035,False,22525,WH_S
0,0.0,0,0,2024-10-01,0,0,0,SKU036,False,19780,WH_N
0,0.0,0,0,2024-10-01,0,0,0,SKU036,False,19780,WH_S
0,0.0,0,0,2024-11-01,0,0,0,SKU001,False,7740,WH_N
1387,113.1,0,10735380,2024-11-01,1446,309,368,SKU001,False,7740,WH_S
0,0.0,0,0,2024-11-01,0,0,0,SKU002,False,9782,WH_N
0,0.0,0,0,2024-11-01,0,0,0,SKU002,False,9782,WH_S
0,0.0,0,0,2024-11-01,0,0,0,SKU003,False,12000,WH_N
0,0.0,0,0,2024-11-01,0,0,0,SKU003,False,12000,WH_S
0,0.0,0,0,2024-11-01,0,0,0,SKU004,False,14392,WH_N
0,0.0,0,0,2024-11-01,0,0,0,SKU004,False,14392,WH_S
0,0.0,0,0,2024-11-01,0,0,0,SKU005,False,16960,WH_N
0,0.0,0,0,2024-11-01,0,0,0,SKU005,False,16960,WH_S
0,0.0,0,0,2024-11-01,0,0,0,SKU006,False,15265,WH_N
0,0.0,0,0,2024-11-01,0,0,0,SKU006,False,15265,WH_S
0,0.0,0,0,2024-11-01,0,0,0,SKU007,False,17745,WH_N
0,0.0,0,0,2024-11-01,0,0,0,SKU007,False,17745,WH_S
0,0.0,0,0,2024-11-01,0,0,0,SKU008,False,20400,WH_N
0,0.0,0,0,2024-11-01,0,0,0,SKU008,False,20400,WH_S
0,0.0,0,0,2024-11-01,0,0,0,SKU009,False,23230,WH_N
0,0.0,0,0,2024-11-01,0,0,0,SKU009,False,23230,WH_S
0,0.0,0,0,2024-11-01,0,0,0,SKU010,False,9540,WH_N
0,0.0,0,0,2024-11-01,0,0,0,SKU010,False,9540,WH_S
0,0.0,0,0,2024-11-01,0,0,0,SKU011,False,9245,WH_N
0,0.0,0,0,2024-11-01,0,0,0,SKU011,False,9245,WH_S
0,0.0,0,0,2024-11-01,0,0,0,SKU012,False,11375,WH_N
0,0.0,0,0,2024-11-01,0,0,0,SKU012,False,11375,WH_S
0,0.0,0,0,2024-11-01,0,0,0,SKU013,False,13680,WH_N
0,0.0,0,0,2024-11-01,0,0,0,SKU013,False,13680,WH_S
0,0.0,0,0,2024-11-01,0,0,0,SKU014,False,16160,WH_N
0,0.0,0,0,2024-11-01,0,0,0,SKU014,False,16160,WH_S
0,0.0,0,0,2024-11-01,0,0,0,SKU015,False,18815,WH_N
0,0.0,0,0,2024-11-01,0,0,0,SKU015,False,18815,WH_S
0,0.0,0,0,2024-11-01,0,0,0,SKU016,False,16770,WH_N
0,0.0,0,0,2024-11-01,0,0,0,SKU016,False,16770,WH_S
0,0.0,0,0,2024-11-01,0,0,0,SKU017,False,19338,WH_N
0,0.0,0,0,2024-11-01,0,0,0,SKU017,False,19338,WH_S
1860,135.1,0,41068800,2024-11-01,1769,504,413,SKU018,False,22080,WH_N
0,0.0,0,0,2024-11-01,0,0,0,SKU018,False,22080,WH_S
0,0.0,0,0,2024-11-01,0,0,0,SKU019,False,9090,WH_N
0,0.0,0,0,2024-11-01,0,0,0,SKU019,False,9090,WH_S
0,0.0,0,0,2024-11-01,0,0,0,SKU020,False,11395,WH_N
0,0.0,0,0,2024-11-01,0,0,0,SKU020,False,11395,WH_S
0,0.0,0,0,2024-11-01,0,0,0,SKU021,False,10750,WH_N
0,0.0,0,0,2024-11-01,0,0,0,SKU021,False,10750,WH_S
0,0.0,0,0,2024-11-01,0,0,0,SKU022,False,12968,WH_N
0,0.0,0,0,2024-11-01,0,0,0,SKU022,False,12968,WH_S
0,0.0,0,0,2024-11-01,0,0,0,SKU023,False,15360,WH_N
0,0.0,0,0,2024-11-01,0,0,0,SKU023,False,15360,WH_S
0,0.0,0,0,2024-11-01,0,0,0,SKU024,False,17928,WH_N
0,0.0,0,0,2024-11-01,0,0,0,SKU024,False,17928,WH_S
0,0.0,0,0,2024-11-01,0,0,0,SKU025,False,20670,WH_N
0,0.0,0,0,2024-11-01,0,0,0,SKU025,False,20670,WH_S
0,0.0,0,0,2024-11-01,0,0,0,SKU026,False,18275,WH_N
0,0.0,0,0,2024-11-01,0,0,0,SKU026,False,18275,WH_S
0,0.0,0,0,2024-11-01,0,0,0,SKU027,False,20930,WH_N
0,0.0,0,0,2024-11-01,0,0,0,SKU027,False,20930,WH_S
0,0.0,0,0,2024-11-01,0,0,0,SKU028,False,8640,WH_N
0,0.0,0,0,2024-11-01,0,0,0,SKU028,False,8640,WH_S
0,0.0,0,0,2024-11-01,0,0,0,SKU029,False,10858,WH_N
0,0.0,0,0,2024-11-01,0,0,0,SKU029,False,10858,WH_S
0,0.0,0,0,2024-11-01,0,0,0,SKU030,False,13250,WH_N
0,0.0,0,0,2024-11-01,0,0,0,SKU030,False,13250,WH_S
0,0.0,0,0,2024-11-01,0,0,0,SKU031,False,12255,WH_N
0,0.0,0,0,2024-11-01,0,0,0,SKU031,False,12255,WH_S
0,0.0,0,0,2024-11-01,0,0,0,SKU032,False,14560,WH_N
0,0.0,0,0,2024-11-01,0,0,0,SKU032,False,14560,WH_S
0,0.0,0,0,2024-11-01,0,0,0,SKU033,False,17040,WH_N
0,0.0,0,0,2024-11-01,0,0,0,SKU033,False,17040,WH_S
5539,494.6,0,109090605,2024-11-01,4963,912,336,SKU034,False,19695,WH_N
10225,912.9,0,201381375,2024-11-01,8774,1787,336,SKU034,False,19695,WH_S
1609,129.8,0,36242725,2024-11-01,1690,291,372,SKU035,False,22525,WH_N
0,0.0,0,0,2024-11-01,0,0,0,SKU035,False,22525,WH_S
0,0.0,0,0,2024-11-01,0,0,0,SKU036,False,19780,WH_N
0,0.0,0,0,2024-11-01,0,0,0,SKU036,False,19780,WH_S
0,0.0,0,0,2024-12-01,0,0,0,SKU001,False,7740,WH_N
1326,105.0,0,10263240,2024-12-01,1387,318,379,SKU001,False,7740,WH_S
0,0.0,0,0,2024-12-01,0,0,0,SKU002,False,9782,WH_N
0,0.0,0,0,2024-12-01,0,0,0,SKU002,False,9782,WH_S
0,0.0,0,0,2024-12-01,0,0,0,SKU003,False,12000,WH_N
0,0.0,0,0,2024-12-01,0,0,0,SKU003,False,12000,WH_S
0,0.0,0,0,2024-12-01,0,0,0,SKU004,False,14392,WH_N
0,0.0,0,0,2024-12-01,0,0,0,SKU004,False,14392,WH_S
0,0.0,0,0,2024-12-01,0,0,0,SKU005,False,16960,WH_N
0,0.0,0,0,2024-12-01,0,0,0,SKU005,False,16960,WH_S
0,0.0,0,0,2024-12-01,0,0,0,SKU006,False,15265,WH_N
0,0.0,0,0,2024-12-01,0,0,0,SKU006,False,15265,WH_S
0,0.0,0,0,2024-12-01,0,0,0,SKU007,False,17745,WH_N
0,0.0,0,0,2024-12-01,0,0,0,SKU007,False,17745,WH_S
0,0.0,0,0,2024-12-01,0,0,0,SKU008,False,20400,WH_N
0,0.0,0,0,2024-12-01,0,0,0,SKU008,False,20400,WH_S
0,0.0,0,0,2024-12-01,0,0,0,SKU009,False,23230,WH_N
0,0.0,0,0,2024-12-01,0,0,0,SKU009,False,23230,WH_S
0,0.0,0,0,2024-12-01,0,0,0,SKU010,False,9540,WH_N
0,0.0,0,0,2024-12-01,0,0,0,SKU010,False,9540,WH_S
0,0.0,0,0,2024-12-01,0,0,0,SKU011,False,9245,WH_N
0,0.0,0,0,2024-12-01,0,0,0,SKU011,False,9245,WH_S
0,0.0,0,0,2024-12-01,0,0,0,SKU012,False,11375,WH_N
0,0.0,0,0,2024-12-01,0,0,0,SKU012,False,11375,WH_S
0,0.0,0,0,2024-12-01,0,0,0,SKU013,False,13680,WH_N
0,0.0,0,0,2024-12-01,0,0,0,SKU013,False,13680,WH_S
0,0.0,0,0,2024-12-01,0,0,0,SKU014,False,16160,WH_N
0,0.0,0,0,2024-12-01,0,0,0,SKU014,False,16160,WH_S
0,0.0,0,0,2024-12-01,0,0,0,SKU015,False,18815,WH_N
0,0.0,0,0,2024-12-01,0,0,0,SKU015,False,18815,WH_S
0,0.0,0,0,2024-12-01,0,0,0,SKU016,False,16770,WH_N
0,0.0,0,0,2024-12-01,0,0,0,SKU016,False,16770,WH_S
0,0.0,0,0,2024-12-01,0,0,0,SKU017,False,19338,WH_N
0,0.0,0,0,2024-12-01,0,0,0,SKU017,False,19338,WH_S
2019,173.1,0,44579520,2024-12-01,1860,509,350,SKU018,False,22080,WH_N
0,0.0,0,0,2024-12-01,0,0,0,SKU018,False,22080,WH_S
0,0.0,0,0,2024-12-01,0,0,0,SKU019,False,9090,WH_N
0,0.0,0,0,2024-12-01,0,0,0,SKU019,False,9090,WH_S
0,0.0,0,0,2024-12-01,0,0,0,SKU020,False,11395,WH_N
0,0.0,0,0,2024-12-01,0,0,0,SKU020,False,11395,WH_S
0,0.0,0,0,2024-12-01,0,0,0,SKU021,False,10750,WH_N
0,0.0,0,0,2024-12-01,0,0,0,SKU021,False,10750,WH_S
0,0.0,0,0,2024-12-01,0,0,0,SKU022,False,12968,WH_N
0,0.0,0,0,2024-12-01,0,0,0,SKU022,False,12968,WH_S
0,0.0,0,0,2024-12-01,0,0,0,SKU023,False,15360,WH_N
0,0.0,0,0,2024-12-01,0,0,0,SKU023,False,15360,WH_S
0,0.0,0,0,2024-12-01,0,0,0,SKU024,False,17928,WH_N
0,0.0,0,0,2024-12-01,0,0,0,SKU024,False,17928,WH_S
0,0.0,0,0,2024-12-01,0,0,0,SKU025,False,20670,WH_N
0,0.0,0,0,2024-12-01,0,0,0,SKU025,False,20670,WH_S
0,0.0,0,0,2024-12-01,0,0,0,SKU026,False,18275,WH_N
0,0.0,0,0,2024-12-01,0,0,0,SKU026,False,18275,WH_S
0,0.0,0,0,2024-12-01,0,0,0,SKU027,False,20930,WH_N
0,0.0,0,0,2024-12-01,0,0,0,SKU027,False,20930,WH_S
0,0.0,0,0,2024-12-01,0,0,0,SKU028,False,8640,WH_N
0,0.0,0,0,2024-12-01,0,0,0,SKU028,False,8640,WH_S
0,0.0,0,0,2024-12-01,0,0,0,SKU029,False,10858,WH_N
0,0.0,0,0,2024-12-01,0,0,0,SKU029,False,10858,WH_S
0,0.0,0,0,2024-12-01,0,0,0,SKU030,False,13250,WH_N
0,0.0,0,0,2024-12-01,0,0,0,SKU030,False,13250,WH_S
0,0.0,0,0,2024-12-01,0,0,0,SKU031,False,12255,WH_N
0,0.0,0,0,2024-12-01,0,0,0,SKU031,False,12255,WH_S
0,0.0,0,0,2024-12-01,0,0,0,SKU032,False,14560,WH_N
0,0.0,0,0,2024-12-01,0,0,0,SKU032,False,14560,WH_S
0,0.0,0,0,2024-12-01,0,0,0,SKU033,False,17040,WH_N
0,0.0,0,0,2024-12-01,0,0,0,SKU033,False,17040,WH_S
6525,598.6,0,128509875,2024-12-01,5539,1313,327,SKU034,False,19695,WH_N
12497,1146.5,0,246128415,2024-12-01,10225,2599,327,SKU034,False,19695,WH_S
1696,133.2,0,38202400,2024-12-01,1609,469,382,SKU035,False,22525,WH_N
0,0.0,0,0,2024-12-01,0,0,0,SKU035,False,22525,WH_S
0,0.0,0,0,2024-12-01,0,0,0,SKU036,False,19780,WH_N
0,0.0,0,0,2024-12-01,0,0,0,SKU036,False,19780,WH_S
0,0.0,0,0,2025-01-01,0,0,0,SKU001,False,7740,WH_N
1206,108.0,0,9334440,2025-01-01,1326,215,335,SKU001,False,7740,WH_S
0,0.0,0,0,2025-01-01,0,0,0,SKU002,False,9782,WH_N
0,0.0,0,0,2025-01-01,0,0,0,SKU002,False,9782,WH_S
0,0.0,0,0,2025-01-01,0,0,0,SKU003,False,12000,WH_N
0,0.0,0,0,2025-01-01,0,0,0,SKU003,False,12000,WH_S
0,0.0,0,0,2025-01-01,0,0,0,SKU004,False,14392,WH_N
0,0.0,0,0,2025-01-01,0,0,0,SKU004,False,14392,WH_S
0,0.0,0,0,2025-01-01,0,0,0,SKU005,False,16960,WH_N
0,0.0,0,0,2025-01-01,0,0,0,SKU005,False,16960,WH_S
0,0.0,0,0,2025-01-01,0,0,0,SKU006,False,15265,WH_N
0,0.0,0,0,2025-01-01,0,0,0,SKU006,False,15265,WH_S
0,0.0,0,0,2025-01-01,0,0,0,SKU007,False,17745,WH_N
0,0.0,0,0,2025-01-01,0,0,0,SKU007,False,17745,WH_S
0,0.0,0,0,2025-01-01,0,0,0,SKU008,False,20400,WH_N
0,0.0,0,0,2025-01-01,0,0,0,SKU008,False,20400,WH_S
0,0.0,0,0,2025-01-01,0,0,0,SKU009,False,23230,WH_N
0,0.0,0,0,2025-01-01,0,0,0,SKU009,False,23230,WH_S
0,0.0,0,0,2025-01-01,0,0,0,SKU010,False,9540,WH_N
0,0.0,0,0,2025-01-01,0,0,0,SKU010,False,9540,WH_S
0,0.0,0,0,2025-01-01,0,0,0,SKU011,False,9245,WH_N
0,0.0,0,0,2025-01-01,0,0,0,SKU011,False,9245,WH_S
0,0.0,0,0,2025-01-01,0,0,0,SKU012,False,11375,WH_N
0,0.0,0,0,2025-01-01,0,0,0,SKU012,False,11375,WH_S
0,0.0,0,0,2025-01-01,0,0,0,SKU013,False,13680,WH_N
0,0.0,0,0,2025-01-01,0,0,0,SKU013,False,13680,WH_S
0,0.0,0,0,2025-01-01,0,0,0,SKU014,False,16160,WH_N
0,0.0,0,0,2025-01-01,0,0,0,SKU014,False,16160,WH_S
0,0.0,0,0,2025-01-01,0,0,0,SKU015,False,18815,WH_N
0,0.0,0,0,2025-01-01,0,0,0,SKU015,False,18815,WH_S
0,0.0,0,0,2025-01-01,0,0,0,SKU016,False,16770,WH_N
0,0.0,0,0,2025-01-01,0,0,0,SKU016,False,16770,WH_S
0,0.0,0,0,2025-01-01,0,0,0,SKU017,False,19338,WH_N
0,0.0,0,0,2025-01-01,0,0,0,SKU017,False,19338,WH_S
2070,189.9,0,45705600,2025-01-01,2019,378,327,SKU018,False,22080,WH_N
0,0.0,0,0,2025-01-01,0,0,0,SKU018,False,22080,WH_S
0,0.0,0,0,2025-01-01,0,0,0,SKU019,False,9090,WH_N
0,0.0,0,0,2025-01-01,0,0,0,SKU019,False,9090,WH_S
0,0.0,0,0,2025-01-01,0,0,0,SKU020,False,11395,WH_N
0,0.0,0,0,2025-01-01,0,0,0,SKU020,False,11395,WH_S
0,0.0,0,0,2025-01-01,0,0,0,SKU021,False,10750,WH_N
0,0.0,0,0,2025-01-01,0,0,0,SKU021,False,10750,WH_S
0,0.0,0,0,2025-01-01,0,0,0,SKU022,False,12968,WH_N
0,0.0,0,0,2025-01-01,0,0,0,SKU022,False,12968,WH_S
0,0.0,0,0,2025-01-01,0,0,0,SKU023,False,15360,WH_N
0,0.0,0,0,2025-01-01,0,0,0,SKU023,False,15360,WH_S
0,0.0,0,0,2025-01-01,0,0,0,SKU024,False,17928,WH_N
0,0.0,0,0,2025-01-01,0,0,0,SKU024,False,17928,WH_S
0,0.0,0,0,2025-01-01,0,0,0,SKU025,False,20670,WH_N
0,0.0,0,0,2025-01-01,0,0,0,SKU025,False,20670,WH_S
0,0.0,0,0,2025-01-01,0,0,0,SKU026,False,18275,WH_N
0,0.0,0,0,2025-01-01,0,0,0,SKU026,False,18275,WH_S
0,0.0,0,0,2025-01-01,0,0,0,SKU027,False,20930,WH_N
0,0.0,0,0,2025-01-01,0,0,0,SKU027,False,20930,WH_S
0,0.0,0,0,2025-01-01,0,0,0,SKU028,False,8640,WH_N
0,0.0,0,0,2025-01-01,0,0,0,SKU028,False,8640,WH_S
0,0.0,0,0,2025-01-01,0,0,0,SKU029,False,10858,WH_N
0,0.0,0,0,2025-01-01,0,0,0,SKU029,False,10858,WH_S
0,0.0,0,0,2025-01-01,0,0,0,SKU030,False,13250,WH_N
0,0.0,0,0,2025-01-01,0,0,0,SKU030,False,13250,WH_S
0,0.0,0,0,2025-01-01,0,0,0,SKU031,False,12255,WH_N
0,0.0,0,0,2025-01-01,0,0,0,SKU031,False,12255,WH_S
0,0.0,0,0,2025-01-01,0,0,0,SKU032,False,14560,WH_N
0,0.0,0,0,2025-01-01,0,0,0,SKU032,False,14560,WH_S
0,0.0,0,0,2025-01-01,0,0,0,SKU033,False,17040,WH_N
0,0.0,0,0,2025-01-01,0,0,0,SKU033,False,17040,WH_S
7918,789.2,0,155945010,2025-01-01,6525,1694,301,SKU034,False,19695,WH_N
14178,1413.1,0,279235710,2025-01-01,12497,1982,301,SKU034,False,19695,WH_S
1816,208.7,0,40905400,2025-01-01,1696,381,261,SKU035,False,22525,WH_N
0,0.0,0,0,2025-01-01,0,0,0,SKU035,False,22525,WH_S
0,0.0,0,0,2025-01-01,0,0,0,SKU036,False,19780,WH_N
0,0.0,0,0,2025-01-01,0,0,0,SKU036,False,19780,WH_S
0,0.0,0,0,2025-02-01,0,0,0,SKU001,False,7740,WH_N
1097,99.7,0,8490780,2025-02-01,1206,221,330,SKU001,False,7740,WH_S
0,0.0,0,0,2025-02-01,0,0,0,SKU002,False,9782,WH_N
0,0.0,0,0,2025-02-01,0,0,0,SKU002,False,9782,WH_S
0,0.0,0,0,2025-02-01,0,0,0,SKU003,False,12000,WH_N
0,0.0,0,0,2025-02-01,0,0,0,SKU003,False,12000,WH_S
0,0.0,0,0,2025-02-01,0,0,0,SKU004,False,14392,WH_N
0,0.0,0,0,2025-02-01,0,0,0,SKU004,False,14392,WH_S
0,0.0,0,0,2025-02-01,0,0,0,SKU005,False,16960,WH_N
0,0.0,0,0,2025-02-01,0,0,0,SKU005,False,16960,WH_S
0,0.0,0,0,2025-02-01,0,0,0,SKU006,False,15265,WH_N
0,0.0,0,0,2025-02-01,0,0,0,SKU006,False,15265,WH_S
0,0.0,0,0,2025-02-01,0,0,0,SKU007,False,17745,WH_N
0,0.0,0,0,2025-02-01,0,0,0,SKU007,False,17745,WH_S
0,0.0,0,0,2025-02-01,0,0,0,SKU008,False,20400,WH_N
0,0.0,0,0,2025-02-01,0,0,0,SKU008,False,20400,WH_S
0,0.0,0,0,2025-02-01,0,0,0,SKU009,False,23230,WH_N
0,0.0,0,0,2025-02-01,0,0,0,SKU009,False,23230,WH_S
0,0.0,0,0,2025-02-01,0,0,0,SKU010,False,9540,WH_N
0,0.0,0,0,2025-02-01,0,0,0,SKU010,False,9540,WH_S
0,0.0,0,0,2025-02-01,0,0,0,SKU011,False,9245,WH_N
0,0.0,0,0,2025-02-01,0,0,0,SKU011,False,9245,WH_S
0,0.0,0,0,2025-02-01,0,0,0,SKU012,False,11375,WH_N
0,0.0,0,0,2025-02-01,0,0,0,SKU012,False,11375,WH_S
0,0.0,0,0,2025-02-01,0,0,0,SKU013,False,13680,WH_N
0,0.0,0,0,2025-02-01,0,0,0,SKU013,False,13680,WH_S
0,0.0,0,0,2025-02-01,0,0,0,SKU014,False,16160,WH_N
0,0.0,0,0,2025-02-01,0,0,0,SKU014,False,16160,WH_S
0,0.0,0,0,2025-02-01,0,0,0,SKU015,False,18815,WH_N
0,0.0,0,0,2025-02-01,0,0,0,SKU015,False,18815,WH_S
0,0.0,0,0,2025-02-01,0,0,0,SKU016,False,16770,WH_N
0,0.0,0,0,2025-02-01,0,0,0,SKU016,False,16770,WH_S
0,0.0,0,0,2025-02-01,0,0,0,SKU017,False,19338,WH_N
0,0.0,0,0,2025-02-01,0,0,0,SKU017,False,19338,WH_S
2165,166.5,0,47803200,2025-02-01,2070,485,390,SKU018,False,22080,WH_N
0,0.0,0,0,2025-02-01,0,0,0,SKU018,False,22080,WH_S
0,0.0,0,0,2025-02-01,0,0,0,SKU019,False,9090,WH_N
0,0.0,0,0,2025-02-01,0,0,0,SKU019,False,9090,WH_S
0,0.0,0,0,2025-02-01,0,0,0,SKU020,False,11395,WH_N
0,0.0,0,0,2025-02-01,0,0,0,SKU020,False,11395,WH_S
0,0.0,0,0,2025-02-01,0,0,0,SKU021,False,10750,WH_N
0,0.0,0,0,2025-02-01,0,0,0,SKU021,False,10750,WH_S
0,0.0,0,0,2025-02-01,0,0,0,SKU022,False,12968,WH_N
0,0.0,0,0,2025-02-01,0,0,0,SKU022,False,12968,WH_S
0,0.0,0,0,2025-02-01,0,0,0,SKU023,False,15360,WH_N
0,0.0,0,0,2025-02-01,0,0,0,SKU023,False,15360,WH_S
0,0.0,0,0,2025-02-01,0,0,0,SKU024,False,17928,WH_N
0,0.0,0,0,2025-02-01,0,0,0,SKU024,False,17928,WH_S
0,0.0,0,0,2025-02-01,0,0,0,SKU025,False,20670,WH_N
0,0.0,0,0,2025-02-01,0,0,0,SKU025,False,20670,WH_S
0,0.0,0,0,2025-02-01,0,0,0,SKU026,False,18275,WH_N
0,0.0,0,0,2025-02-01,0,0,0,SKU026,False,18275,WH_S
0,0.0,0,0,2025-02-01,0,0,0,SKU027,False,20930,WH_N
0,0.0,0,0,2025-02-01,0,0,0,SKU027,False,20930,WH_S
0,0.0,0,0,2025-02-01,0,0,0,SKU028,False,8640,WH_N
0,0.0,0,0,2025-02-01,0,0,0,SKU028,False,8640,WH_S
0,0.0,0,0,2025-02-01,0,0,0,SKU029,False,10858,WH_N
0,0.0,0,0,2025-02-01,0,0,0,SKU029,False,10858,WH_S
0,0.0,0,0,2025-02-01,0,0,0,SKU030,False,13250,WH_N
0,0.0,0,0,2025-02-01,0,0,0,SKU030,False,13250,WH_S
0,0.0,0,0,2025-02-01,0,0,0,SKU031,False,12255,WH_N
0,0.0,0,0,2025-02-01,0,0,0,SKU031,False,12255,WH_S
0,0.0,0,0,2025-02-01,0,0,0,SKU032,False,14560,WH_N
0,0.0,0,0,2025-02-01,0,0,0,SKU032,False,14560,WH_S
0,0.0,0,0,2025-02-01,0,0,0,SKU033,False,17040,WH_N
0,0.0,0,0,2025-02-01,0,0,0,SKU033,False,17040,WH_S
9459,873.1,0,186295005,2025-02-01,7918,1866,325,SKU034,False,19695,WH_N
18025,1663.8,0,355002375,2025-02-01,14178,4172,325,SKU034,False,19695,WH_S
1970,171.3,0,44374250,2025-02-01,1816,499,345,SKU035,False,22525,WH_N
0,0.0,0,0,2025-02-01,0,0,0,SKU035,False,22525,WH_S
0,0.0,0,0,2025-02-01,0,0,0,SKU036,False,19780,WH_N
0,0.0,0,0,2025-02-01,0,0,0,SKU036,False,19780,WH_S
0,0.0,0,0,2025-03-01,0,0,0,SKU001,False,7740,WH_N
932,82.0,77400,7213680,2025-03-01,1097,186,341,SKU001,False,7740,WH_S
0,0.0,0,0,2025-03-01,0,0,0,SKU002,False,9782,WH_N
0,0.0,0,0,2025-03-01,0,0,0,SKU002,False,9782,WH_S
0,0.0,0,0,2025-03-01,0,0,0,SKU003,False,12000,WH_N
0,0.0,0,0,2025-03-01,0,0,0,SKU003,False,12000,WH_S
0,0.0,0,0,2025-03-01,0,0,0,SKU004,False,14392,WH_N
0,0.0,0,0,2025-03-01,0,0,0,SKU004,False,14392,WH_S
0,0.0,0,0,2025-03-01,0,0,0,SKU005,False,16960,WH_N
0,0.0,0,0,2025-03-01,0,0,0,SKU005,False,16960,WH_S
0,0.0,0,0,2025-03-01,0,0,0,SKU006,False,15265,WH_N
0,0.0,0,0,2025-03-01,0,0,0,SKU006,False,15265,WH_S
0,0.0,0,0,2025-03-01,0,0,0,SKU007,False,17745,WH_N
0,0.0,0,0,2025-03-01,0,0,0,SKU007,False,17745,WH_S
0,0.0,0,0,2025-03-01,0,0,0,SKU008,False,20400,WH_N
0,0.0,0,0,2025-03-01,0,0,0,SKU008,False,20400,WH_S
0,0.0,0,0,2025-03-01,0,0,0,SKU009,False,23230,WH_N
0,0.0,0,0,2025-03-01,0,0,0,SKU009,False,23230,WH_S
0,0.0,0,0,2025-03-01,0,0,0,SKU010,False,9540,WH_N
0,0.0,0,0,2025-03-01,0,0,0,SKU010,False,9540,WH_S
0,0.0,0,0,2025-03-01,0,0,0,SKU011,False,9245,WH_N
0,0.0,0,0,2025-03-01,0,0,0,SKU011,False,9245,WH_S
0,0.0,0,0,2025-03-01,0,0,0,SKU012,False,11375,WH_N
0,0.0,0,0,2025-03-01,0,0,0,SKU012,False,11375,WH_S
0,0.0,0,0,2025-03-01,0,0,0,SKU013,False,13680,WH_N
0,0.0,0,0,2025-03-01,0,0,0,SKU013,False,13680,WH_S
0,0.0,0,0,2025-03-01,0,0,0,SKU014,False,16160,WH_N
0,0.0,0,0,2025-03-01,0,0,0,SKU014,False,16160,WH_S
0,0.0,0,0,2025-03-01,0,0,0,SKU015,False,18815,WH_N
0,0.0,0,0,2025-03-01,0,0,0,SKU015,False,18815,WH_S
0,0.0,0,0,2025-03-01,0,0,0,SKU016,False,16770,WH_N
0,0.0,0,0,2025-03-01,0,0,0,SKU016,False,16770,WH_S
0,0.0,0,0,2025-03-01,0,0,0,SKU017,False,19338,WH_N
0,0.0,0,0,2025-03-01,0,0,0,SKU017,False,19338,WH_S
2165,192.2,463680,47803200,2025-03-01,2165,359,338,SKU018,False,22080,WH_N
0,0.0,0,0,2025-03-01,0,0,0,SKU018,False,22080,WH_S
0,0.0,0,0,2025-03-01,0,0,0,SKU019,False,9090,WH_N
0,0.0,0,0,2025-03-01,0,0,0,SKU019,False,9090,WH_S
0,0.0,0,0,2025-03-01,0,0,0,SKU020,False,11395,WH_N
0,0.0,0,0,2025-03-01,0,0,0,SKU020,False,11395,WH_S
0,0.0,0,0,2025-03-01,0,0,0,SKU021,False,10750,WH_N
0,0.0,0,0,2025-03-01,0,0,0,SKU021,False,10750,WH_S
0,0.0,0,0,2025-03-01,0,0,0,SKU022,False,12968,WH_N
0,0.0,0,0,2025-03-01,0,0,0,SKU022,False,12968,WH_S
0,0.0,0,0,2025-03-01,0,0,0,SKU023,False,15360,WH_N
0,0.0,0,0,2025-03-01,0,0,0,SKU023,False,15360,WH_S
0,0.0,0,0,2025-03-01,0,0,0,SKU024,False,17928,WH_N
0,0.0,0,0,2025-03-01,0,0,0,SKU024,False,17928,WH_S
0,0.0,0,0,2025-03-01,0,0,0,SKU025,False,20670,WH_N
0,0.0,0,0,2025-03-01,0,0,0,SKU025,False,20670,WH_S
0,0.0,0,0,2025-03-01,0,0,0,SKU026,False,18275,WH_N
0,0.0,0,0,2025-03-01,0,0,0,SKU026,False,18275,WH_S
0,0.0,0,0,2025-03-01,0,0,0,SKU027,False,20930,WH_N
0,0.0,0,0,2025-03-01,0,0,0,SKU027,False,20930,WH_S
0,0.0,0,0,2025-03-01,0,0,0,SKU028,False,8640,WH_N
0,0.0,0,0,2025-03-01,0,0,0,SKU028,False,8640,WH_S
0,0.0,0,0,2025-03-01,0,0,0,SKU029,False,10858,WH_N
0,0.0,0,0,2025-03-01,0,0,0,SKU029,False,10858,WH_S
0,0.0,0,0,2025-03-01,0,0,0,SKU030,False,13250,WH_N
0,0.0,0,0,2025-03-01,0,0,0,SKU030,False,13250,WH_S
0,0.0,0,0,2025-03-01,0,0,0,SKU031,False,12255,WH_N
0,0.0,0,0,2025-03-01,0,0,0,SKU031,False,12255,WH_S
0,0.0,0,0,2025-03-01,0,0,0,SKU032,False,14560,WH_N
0,0.0,0,0,2025-03-01,0,0,0,SKU032,False,14560,WH_S
0,0.0,0,0,2025-03-01,0,0,0,SKU033,False,17040,WH_N
0,0.0,0,0,2025-03-01,0,0,0,SKU033,False,17040,WH_S
10953,975.0,1851330,215719335,2025-03-01,9459,1925,337,SKU034,False,19695,WH_N
21050,1873.9,3545100,414579750,2025-03-01,18025,3542,337,SKU034,False,19695,WH_S
2142,182.0,427975,48248550,2025-03-01,1970,544,353,SKU035,False,22525,WH_N
0,0.0,0,0,2025-03-01,0,0,0,SKU035,False,22525,WH_S
0,0.0,0,0,2025-03-01,0,0,0,SKU036,False,19780,WH_N
0,0.0,0,0,2025-03-01,0,0,0,SKU036,False,19780,WH_S
0,0.0,0,0,2025-04-01,0,0,0,SKU001,False,7740,WH_N
812,67.1,0,6284880,2025-04-01,932,243,363,SKU001,False,7740,WH_S
0,0.0,0,0,2025-04-01,0,0,0,SKU002,False,9782,WH_N
0,0.0,0,0,2025-04-01,0,0,0,SKU002,True,9782,WH_S
0,0.0,0,0,2025-04-01,0,0,0,SKU003,False,12000,WH_N
0,0.0,0,0,2025-04-01,0,0,0,SKU003,False,12000,WH_S
0,0.0,0,0,2025-04-01,0,0,0,SKU004,False,14392,WH_N
0,0.0,0,0,2025-04-01,0,0,0,SKU004,False,14392,WH_S
0,0.0,0,0,2025-04-01,0,0,0,SKU005,False,16960,WH_N
0,0.0,0,0,2025-04-01,0,0,0,SKU005,False,16960,WH_S
0,0.0,0,0,2025-04-01,0,0,0,SKU006,False,15265,WH_N
0,0.0,0,0,2025-04-01,0,0,0,SKU006,True,15265,WH_S
0,0.0,0,0,2025-04-01,0,0,0,SKU007,False,17745,WH_N
0,0.0,0,0,2025-04-01,0,0,0,SKU007,False,17745,WH_S
0,0.0,0,0,2025-04-01,0,0,0,SKU008,False,20400,WH_N
0,0.0,0,0,2025-04-01,0,0,0,SKU008,False,20400,WH_S
0,0.0,0,0,2025-04-01,0,0,0,SKU009,False,23230,WH_N
0,0.0,0,0,2025-04-01,0,0,0,SKU009,False,23230,WH_S
0,0.0,0,0,2025-04-01,0,0,0,SKU010,False,9540,WH_N
0,0.0,0,0,2025-04-01,0,0,0,SKU010,True,9540,WH_S
0,0.0,0,0,2025-04-01,0,0,0,SKU011,False,9245,WH_N
0,0.0,0,0,2025-04-01,0,0,0,SKU011,False,9245,WH_S
0,0.0,0,0,2025-04-01,0,0,0,SKU012,False,11375,WH_N
0,0.0,0,0,2025-04-01,0,0,0,SKU012,False,11375,WH_S
0,0.0,0,0,2025-04-01,0,0,0,SKU013,False,13680,WH_N
0,0.0,0,0,2025-04-01,0,0,0,SKU013,False,13680,WH_S
0,0.0,0,0,2025-04-01,0,0,0,SKU014,False,16160,WH_N
0,0.0,0,0,2025-04-01,0,0,0,SKU014,True,16160,WH_S
0,0.0,0,0,2025-04-01,0,0,0,SKU015,False,18815,WH_N
0,0.0,0,0,2025-04-01,0,0,0,SKU015,False,18815,WH_S
0,0.0,0,0,2025-04-01,0,0,0,SKU016,False,16770,WH_N
0,0.0,0,0,2025-04-01,0,0,0,SKU016,False,16770,WH_S
0,0.0,0,0,2025-04-01,0,0,0,SKU017,False,19338,WH_N
0,0.0,0,0,2025-04-01,0,0,0,SKU017,False,19338,WH_S
2362,215.4,0,52152960,2025-04-01,2165,526,329,SKU018,False,22080,WH_N
0,0.0,0,0,2025-04-01,0,0,0,SKU018,True,22080,WH_S
0,0.0,0,0,2025-04-01,0,0,0,SKU019,False,9090,WH_N
0,0.0,0,0,2025-04-01,0,0,0,SKU019,False,9090,WH_S
0,0.0,0,0,2025-04-01,0,0,0,SKU020,False,11395,WH_N
0,0.0,0,0,2025-04-01,0,0,0,SKU020,False,11395,WH_S
0,0.0,0,0,2025-04-01,0,0,0,SKU021,False,10750,WH_N
0,0.0,0,0,2025-04-01,0,0,0,SKU021,False,10750,WH_S
0,0.0,0,0,2025-04-01,0,0,0,SKU022,False,12968,WH_N
0,0.0,0,0,2025-04-01,0,0,0,SKU022,True,12968,WH_S
0,0.0,0,0,2025-04-01,0,0,0,SKU023,False,15360,WH_N
0,0.0,0,0,2025-04-01,0,0,0,SKU023,False,15360,WH_S
0,0.0,0,0,2025-04-01,0,0,0,SKU024,False,17928,WH_N
0,0.0,0,0,2025-04-01,0,0,0,SKU024,False,17928,WH_S
0,0.0,0,0,2025-04-01,0,0,0,SKU025,False,20670,WH_N
0,0.0,0,0,2025-04-01,0,0,0,SKU025,False,20670,WH_S
0,0.0,0,0,2025-04-01,0,0,0,SKU026,False,18275,WH_N
0,0.0,0,0,2025-04-01,0,0,0,SKU026,True,18275,WH_S
0,0.0,0,0,2025-04-01,0,0,0,SKU027,False,20930,WH_N
0,0.0,0,0,2025-04-01,0,0,0,SKU027,False,20930,WH_S
0,0.0,0,0,2025-04-01,0,0,0,SKU028,False,8640,WH_N
0,0.0,0,0,2025-04-01,0,0,0,SKU028,False,8640,WH_S
0,0.0,0,0,2025-04-01,0,0,0,SKU029,False,10858,WH_N
0,0.0,0,0,2025-04-01,0,0,0,SKU029,False,10858,WH_S
0,0.0,0,0,2025-04-01,0,0,0,SKU030,False,13250,WH_N
0,0.0,0,0,2025-04-01,0,0,0,SKU030,True,13250,WH_S
0,0.0,0,0,2025-04-01,0,0,0,SKU031,False,12255,WH_N
0,0.0,0,0,2025-04-01,0,0,0,SKU031,False,12255,WH_S
0,0.0,0,0,2025-04-01,0,0,0,SKU032,False,14560,WH_N
0,0.0,0,0,2025-04-01,0,0,0,SKU032,False,14560,WH_S
0,0.0,0,0,2025-04-01,0,0,0,SKU033,False,17040,WH_N
0,0.0,0,0,2025-04-01,0,0,0,SKU033,False,17040,WH_S
12721,1069.0,0,250540095,2025-04-01,10953,2125,357,SKU034,False,19695,WH_N
20551,1235.5,0,404751945,2025-04-01,21050,0,499,SKU034,True,19695,WH_S
2402,203.0,0,54105050,2025-04-01,2142,615,355,SKU035,False,22525,WH_N
0,0.0,0,0,2025-04-01,0,0,0,SKU035,False,22525,WH_S
0,0.0,0,0,2025-04-01,0,0,0,SKU036,False,19780,WH_N
0,0.0,0,0,2025-04-01,0,0,0,SKU036,False,19780,WH_S
0,0.0,0,0,2025-05-01,0,0,0,SKU001,False,7740,WH_N
715,65.8,0,5534100,2025-05-01,812,229,326,SKU001,False,7740,WH_S
0,0.0,0,0,2025-05-01,0,0,0,SKU002,False,9782,WH_N
0,0.0,0,0,2025-05-01,0,0,0,SKU002,False,9782,WH_S
0,0.0,0,0,2025-05-01,0,0,0,SKU003,False,12000,WH_N
0,0.0,0,0,2025-05-01,0,0,0,SKU003,False,12000,WH_S
0,0.0,0,0,2025-05-01,0,0,0,SKU004,False,14392,WH_N
0,0.0,0,0,2025-05-01,0,0,0,SKU004,False,14392,WH_S
0,0.0,0,0,2025-05-01,0,0,0,SKU005,False,16960,WH_N
0,0.0,0,0,2025-05-01,0,0,0,SKU005,False,16960,WH_S
0,0.0,0,0,2025-05-01,0,0,0,SKU006,False,15265,WH_N
0,0.0,0,0,2025-05-01,0,0,0,SKU006,False,15265,WH_S
0,0.0,0,0,2025-05-01,0,0,0,SKU007,False,17745,WH_N
0,0.0,0,0,2025-05-01,0,0,0,SKU007,False,17745,WH_S
0,0.0,0,0,2025-05-01,0,0,0,SKU008,False,20400,WH_N
0,0.0,0,0,2025-05-01,0,0,0,SKU008,False,20400,WH_S
0,0.0,0,0,2025-05-01,0,0,0,SKU009,False,23230,WH_N
0,0.0,0,0,2025-05-01,0,0,0,SKU009,False,23230,WH_S
0,0.0,0,0,2025-05-01,0,0,0,SKU010,False,9540,WH_N
0,0.0,0,0,2025-05-01,0,0,0,SKU010,False,9540,WH_S
0,0.0,0,0,2025-05-01,0,0,0,SKU011,False,9245,WH_N
0,0.0,0,0,2025-05-01,0,0,0,SKU011,False,9245,WH_S
0,0.0,0,0,2025-05-01,0,0,0,SKU012,False,11375,WH_N
0,0.0,0,0,2025-05-01,0,0,0,SKU012,False,11375,WH_S
0,0.0,0,0,2025-05-01,0,0,0,SKU013,False,13680,WH_N
0,0.0,0,0,2025-05-01,0,0,0,SKU013,False,13680,WH_S
0,0.0,0,0,2025-05-01,0,0,0,SKU014,False,16160,WH_N
0,0.0,0,0,2025-05-01,0,0,0,SKU014,False,16160,WH_S
0,0.0,0,0,2025-05-01,0,0,0,SKU015,False,18815,WH_N
0,0.0,0,0,2025-05-01,0,0,0,SKU015,False,18815,WH_S
0,0.0,0,0,2025-05-01,0,0,0,SKU016,False,16770,WH_N
0,0.0,0,0,2025-05-01,0,0,0,SKU016,False,16770,WH_S
0,0.0,0,0,2025-05-01,0,0,0,SKU017,False,19338,WH_N
0,0.0,0,0,2025-05-01,0,0,0,SKU017,False,19338,WH_S
2705,248.9,0,59726400,2025-05-01,2362,669,326,SKU018,False,22080,WH_N
0,0.0,0,0,2025-05-01,0,0,0,SKU018,False,22080,WH_S
0,0.0,0,0,2025-05-01,0,0,0,SKU019,False,9090,WH_N
0,0.0,0,0,2025-05-01,0,0,0,SKU019,False,9090,WH_S
0,0.0,0,0,2025-05-01,0,0,0,SKU020,False,11395,WH_N
0,0.0,0,0,2025-05-01,0,0,0,SKU020,False,11395,WH_S
0,0.0,0,0,2025-05-01,0,0,0,SKU021,False,10750,WH_N
0,0.0,0,0,2025-05-01,0,0,0,SKU021,False,10750,WH_S
0,0.0,0,0,2025-05-01,0,0,0,SKU022,False,12968,WH_N
0,0.0,0,0,2025-05-01,0,0,0,SKU022,False,12968,WH_S
0,0.0,0,0,2025-05-01,0,0,0,SKU023,False,15360,WH_N
0,0.0,0,0,2025-05-01,0,0,0,SKU023,False,15360,WH_S
0,0.0,0,0,2025-05-01,0,0,0,SKU024,False,17928,WH_N
0,0.0,0,0,2025-05-01,0,0,0,SKU024,False,17928,WH_S
0,0.0,0,0,2025-05-01,0,0,0,SKU025,False,20670,WH_N
0,0.0,0,0,2025-05-01,0,0,0,SKU025,False,20670,WH_S
0,0.0,0,0,2025-05-01,0,0,0,SKU026,False,18275,WH_N
0,0.0,0,0,2025-05-01,0,0,0,SKU026,False,18275,WH_S
0,0.0,0,0,2025-05-01,0,0,0,SKU027,False,20930,WH_N
0,0.0,0,0,2025-05-01,0,0,0,SKU027,False,20930,WH_S
0,0.0,0,0,2025-05-01,0,0,0,SKU028,False,8640,WH_N
0,0.0,0,0,2025-05-01,0,0,0,SKU028,False,8640,WH_S
0,0.0,0,0,2025-05-01,0,0,0,SKU029,False,10858,WH_N
0,0.0,0,0,2025-05-01,0,0,0,SKU029,False,10858,WH_S
0,0.0,0,0,2025-05-01,0,0,0,SKU030,False,13250,WH_N
0,0.0,0,0,2025-05-01,0,0,0,SKU030,False,13250,WH_S
0,0.0,0,0,2025-05-01,0,0,0,SKU031,False,12255,WH_N
0,0.0,0,0,2025-05-01,0,0,0,SKU031,False,12255,WH_S
0,0.0,0,0,2025-05-01,0,0,0,SKU032,False,14560,WH_N
0,0.0,0,0,2025-05-01,0,0,0,SKU032,False,14560,WH_S
0,0.0,0,0,2025-05-01,0,0,0,SKU033,False,17040,WH_N
0,0.0,0,0,2025-05-01,0,0,0,SKU033,False,17040,WH_S
15804,1591.0,0,311259780,2025-05-01,12721,3381,298,SKU034,False,19695,WH_N
23750,2390.9,0,467756250,2025-05-01,20551,3497,298,SKU034,False,19695,WH_S
2707,252.2,0,60975175,2025-05-01,2402,627,322,SKU035,False,22525,WH_N
0,0.0,0,0,2025-05-01,0,0,0,SKU035,False,22525,WH_S
0,0.0,0,0,2025-05-01,0,0,0,SKU036,False,19780,WH_N
0,0.0,0,0,2025-05-01,0,0,0,SKU036,False,19780,WH_S
0,0.0,0,0,2025-06-01,0,0,0,SKU001,False,7740,WH_N
514,43.3,0,3978360,2025-06-01,715,155,356,SKU001,False,7740,WH_S
0,0.0,0,0,2025-06-01,0,0,0,SKU002,False,9782,WH_N
0,0.0,0,0,2025-06-01,0,0,0,SKU002,False,9782,WH_S
0,0.0,0,0,2025-06-01,0,0,0,SKU003,False,12000,WH_N
0,0.0,0,0,2025-06-01,0,0,0,SKU003,False,12000,WH_S
0,0.0,0,0,2025-06-01,0,0,0,SKU004,False,14392,WH_N
0,0.0,0,0,2025-06-01,0,0,0,SKU004,False,14392,WH_S
0,0.0,0,0,2025-06-01,0,0,0,SKU005,False,16960,WH_N
0,0.0,0,0,2025-06-01,0,0,0,SKU005,False,16960,WH_S
0,0.0,0,0,2025-06-01,0,0,0,SKU006,False,15265,WH_N
0,0.0,0,0,2025-06-01,0,0,0,SKU006,False,15265,WH_S
0,0.0,0,0,2025-06-01,0,0,0,SKU007,False,17745,WH_N
0,0.0,0,0,2025-06-01,0,0,0,SKU007,False,17745,WH_S
0,0.0,0,0,2025-06-01,0,0,0,SKU008,False,20400,WH_N
0,0.0,0,0,2025-06-01,0,0,0,SKU008,False,20400,WH_S
0,0.0,0,0,2025-06-01,0,0,0,SKU009,False,23230,WH_N
0,0.0,0,0,2025-06-01,0,0,0,SKU009,False,23230,WH_S
0,0.0,0,0,2025-06-01,0,0,0,SKU010,False,9540,WH_N
0,0.0,0,0,2025-06-01,0,0,0,SKU010,False,9540,WH_S
0,0.0,0,0,2025-06-01,0,0,0,SKU011,False,9245,WH_N
0,0.0,0,0,2025-06-01,0,0,0,SKU011,False,9245,WH_S
0,0.0,0,0,2025-06-01,0,0,0,SKU012,False,11375,WH_N
0,0.0,0,0,2025-06-01,0,0,0,SKU012,False,11375,WH_S
0,0.0,0,0,2025-06-01,0,0,0,SKU013,False,13680,WH_N
0,0.0,0,0,2025-06-01,0,0,0,SKU013,False,13680,WH_S
0,0.0,0,0,2025-06-01,0,0,0,SKU014,False,16160,WH_N
0,0.0,0,0,2025-06-01,0,0,0,SKU014,False,16160,WH_S
0,0.0,0,0,2025-06-01,0,0,0,SKU015,False,18815,WH_N
0,0.0,0,0,2025-06-01,0,0,0,SKU015,False,18815,WH_S
0,0.0,0,0,2025-06-01,0,0,0,SKU016,False,16770,WH_N
0,0.0,0,0,2025-06-01,0,0,0,SKU016,False,16770,WH_S
0,0.0,0,0,2025-06-01,0,0,0,SKU017,False,19338,WH_N
0,0.0,0,0,2025-06-01,0,0,0,SKU017,False,19338,WH_S
2864,260.4,0,63237120,2025-06-01,2705,489,330,SKU018,False,22080,WH_N
0,0.0,0,0,2025-06-01,0,0,0,SKU018,False,22080,WH_S
0,0.0,0,0,2025-06-01,0,0,0,SKU019,False,9090,WH_N
0,0.0,0,0,2025-06-01,0,0,0,SKU019,False,9090,WH_S
0,0.0,0,0,2025-06-01,0,0,0,SKU020,False,11395,WH_N
0,0.0,0,0,2025-06-01,0,0,0,SKU020,False,11395,WH_S
0,0.0,0,0,2025-06-01,0,0,0,SKU021,False,10750,WH_N
0,0.0,0,0,2025-06-01,0,0,0,SKU021,False,10750,WH_S
0,0.0,0,0,2025-06-01,0,0,0,SKU022,False,12968,WH_N
0,0.0,0,0,2025-06-01,0,0,0,SKU022,False,12968,WH_S
0,0.0,0,0,2025-06-01,0,0,0,SKU023,False,15360,WH_N
0,0.0,0,0,2025-06-01,0,0,0,SKU023,False,15360,WH_S
0,0.0,0,0,2025-06-01,0,0,0,SKU024,False,17928,WH_N
0,0.0,0,0,2025-06-01,0,0,0,SKU024,False,17928,WH_S
0,0.0,0,0,2025-06-01,0,0,0,SKU025,False,20670,WH_N
0,0.0,0,0,2025-06-01,0,0,0,SKU025,False,20670,WH_S
0,0.0,0,0,2025-06-01,0,0,0,SKU026,False,18275,WH_N
0,0.0,0,0,2025-06-01,0,0,0,SKU026,False,18275,WH_S
0,0.0,0,0,2025-06-01,0,0,0,SKU027,False,20930,WH_N
0,0.0,0,0,2025-06-01,0,0,0,SKU027,False,20930,WH_S
0,0.0,0,0,2025-06-01,0,0,0,SKU028,False,8640,WH_N
0,0.0,0,0,2025-06-01,0,0,0,SKU028,False,8640,WH_S
0,0.0,0,0,2025-06-01,0,0,0,SKU029,False,10858,WH_N
0,0.0,0,0,2025-06-01,0,0,0,SKU029,False,10858,WH_S
0,0.0,0,0,2025-06-01,0,0,0,SKU030,False,13250,WH_N
0,0.0,0,0,2025-06-01,0,0,0,SKU030,False,13250,WH_S
0,0.0,0,0,2025-06-01,0,0,0,SKU031,False,12255,WH_N
0,0.0,0,0,2025-06-01,0,0,0,SKU031,False,12255,WH_S
0,0.0,0,0,2025-06-01,0,0,0,SKU032,False,14560,WH_N
0,0.0,0,0,2025-06-01,0,0,0,SKU032,False,14560,WH_S
0,0.0,0,0,2025-06-01,0,0,0,SKU033,False,17040,WH_N
0,0.0,0,0,2025-06-01,0,0,0,SKU033,False,17040,WH_S
19395,1864.9,0,381984525,2025-06-01,15804,3903,312,SKU034,False,19695,WH_N
30285,2912.0,0,596463075,2025-06-01,23750,6847,312,SKU034,False,19695,WH_S
3131,299.1,0,70525775,2025-06-01,2707,738,314,SKU035,False,22525,WH_N
0,0.0,0,0,2025-06-01,0,0,0,SKU035,False,22525,WH_S
0,0.0,0,0,2025-06-01,0,0,0,SKU036,False,19780,WH_N
0,0.0,0,0,2025-06-01,0,0,0,SKU036,False,19780,WH_S
0,0.0,0,0,2025-07-01,0,0,0,SKU001,False,7740,WH_N
313,28.1,0,2422620,2025-07-01,514,133,334,SKU001,False,7740,WH_S
0,0.0,0,0,2025-07-01,0,0,0,SKU002,False,9782,WH_N
0,0.0,0,0,2025-07-01,0,0,0,SKU002,False,9782,WH_S
0,0.0,0,0,2025-07-01,0,0,0,SKU003,False,12000,WH_N
0,0.0,0,0,2025-07-01,0,0,0,SKU003,False,12000,WH_S
0,0.0,0,0,2025-07-01,0,0,0,SKU004,False,14392,WH_N
0,0.0,0,0,2025-07-01,0,0,0,SKU004,False,14392,WH_S
0,0.0,0,0,2025-07-01,0,0,0,SKU005,False,16960,WH_N
0,0.0,0,0,2025-07-01,0,0,0,SKU005,False,16960,WH_S
0,0.0,0,0,2025-07-01,0,0,0,SKU006,False,15265,WH_N
0,0.0,0,0,2025-07-01,0,0,0,SKU006,False,15265,WH_S
0,0.0,0,0,2025-07-01,0,0,0,SKU007,False,17745,WH_N
0,0.0,0,0,2025-07-01,0,0,0,SKU007,False,17745,WH_S
0,0.0,0,0,2025-07-01,0,0,0,SKU008,False,20400,WH_N
0,0.0,0,0,2025-07-01,0,0,0,SKU008,False,20400,WH_S
0,0.0,0,0,2025-07-01,0,0,0,SKU009,False,23230,WH_N
0,0.0,0,0,2025-07-01,0,0,0,SKU009,False,23230,WH_S
0,0.0,0,0,2025-07-01,0,0,0,SKU010,False,9540,WH_N
0,0.0,0,0,2025-07-01,0,0,0,SKU010,False,9540,WH_S
0,0.0,0,0,2025-07-01,0,0,0,SKU011,False,9245,WH_N
0,0.0,0,0,2025-07-01,0,0,0,SKU011,False,9245,WH_S
0,0.0,0,0,2025-07-01,0,0,0,SKU012,False,11375,WH_N
0,0.0,0,0,2025-07-01,0,0,0,SKU012,False,11375,WH_S
0,0.0,0,0,2025-07-01,0,0,0,SKU013,False,13680,WH_N
0,0.0,0,0,2025-07-01,0,0,0,SKU013,False,13680,WH_S
0,0.0,0,0,2025-07-01,0,0,0,SKU014,False,16160,WH_N
0,0.0,0,0,2025-07-01,0,0,0,SKU014,False,16160,WH_S
0,0.0,0,0,2025-07-01,0,0,0,SKU015,False,18815,WH_N
0,0.0,0,0,2025-07-01,0,0,0,SKU015,False,18815,WH_S
0,0.0,0,0,2025-07-01,0,0,0,SKU016,False,16770,WH_N
0,0.0,0,0,2025-07-01,0,0,0,SKU016,False,16770,WH_S
0,0.0,0,0,2025-07-01,0,0,0,SKU017,False,19338,WH_N
0,0.0,0,0,2025-07-01,0,0,0,SKU017,False,19338,WH_S
3322,288.9,0,73349760,2025-07-01,2864,803,345,SKU018,False,22080,WH_N
0,0.0,0,0,2025-07-01,0,0,0,SKU018,False,22080,WH_S
0,0.0,0,0,2025-07-01,0,0,0,SKU019,False,9090,WH_N
0,0.0,0,0,2025-07-01,0,0,0,SKU019,False,9090,WH_S
0,0.0,0,0,2025-07-01,0,0,0,SKU020,False,11395,WH_N
0,0.0,0,0,2025-07-01,0,0,0,SKU020,False,11395,WH_S
0,0.0,0,0,2025-07-01,0,0,0,SKU021,False,10750,WH_N
0,0.0,0,0,2025-07-01,0,0,0,SKU021,False,10750,WH_S
0,0.0,0,0,2025-07-01,0,0,0,SKU022,False,12968,WH_N
0,0.0,0,0,2025-07-01,0,0,0,SKU022,False,12968,WH_S
0,0.0,0,0,2025-07-01,0,0,0,SKU023,False,15360,WH_N
0,0.0,0,0,2025-07-01,0,0,0,SKU023,False,15360,WH_S
0,0.0,0,0,2025-07-01,0,0,0,SKU024,False,17928,WH_N
0,0.0,0,0,2025-07-01,0,0,0,SKU024,False,17928,WH_S
0,0.0,0,0,2025-07-01,0,0,0,SKU025,False,20670,WH_N
0,0.0,0,0,2025-07-01,0,0,0,SKU025,False,20670,WH_S
0,0.0,0,0,2025-07-01,0,0,0,SKU026,False,18275,WH_N
0,0.0,0,0,2025-07-01,0,0,0,SKU026,False,18275,WH_S
0,0.0,0,0,2025-07-01,0,0,0,SKU027,False,20930,WH_N
0,0.0,0,0,2025-07-01,0,0,0,SKU027,False,20930,WH_S
0,0.0,0,0,2025-07-01,0,0,0,SKU028,False,8640,WH_N
0,0.0,0,0,2025-07-01,0,0,0,SKU028,False,8640,WH_S
0,0.0,0,0,2025-07-01,0,0,0,SKU029,False,10858,WH_N
0,0.0,0,0,2025-07-01,0,0,0,SKU029,False,10858,WH_S
0,0.0,0,0,2025-07-01,0,0,0,SKU030,False,13250,WH_N
0,0.0,0,0,2025-07-01,0,0,0,SKU030,False,13250,WH_S
0,0.0,0,0,2025-07-01,0,0,0,SKU031,False,12255,WH_N
0,0.0,0,0,2025-07-01,0,0,0,SKU031,False,12255,WH_S
0,0.0,0,0,2025-07-01,0,0,0,SKU032,False,14560,WH_N
0,0.0,0,0,2025-07-01,0,0,0,SKU032,False,14560,WH_S
0,0.0,0,0,2025-07-01,0,0,0,SKU033,False,17040,WH_N
0,0.0,0,0,2025-07-01,0,0,0,SKU033,False,17040,WH_S
23488,2251.2,0,462596160,2025-07-01,19395,4406,313,SKU034,False,19695,WH_N
35166,3370.5,0,692594370,2025-07-01,30285,5194,313,SKU034,False,19695,WH_S
3409,299.9,0,76787725,2025-07-01,3131,619,341,SKU035,False,22525,WH_N
0,0.0,0,0,2025-07-01,0,0,0,SKU035,False,22525,WH_S
0,0.0,0,0,2025-07-01,0,0,0,SKU036,False,19780,WH_N
0,0.0,0,0,2025-07-01,0,0,0,SKU036,False,19780,WH_S
0,0.0,0,0,2025-08-01,0,0,0,SKU001,False,7740,WH_N
33,2.9,0,255420,2025-08-01,313,66,346,SKU001,False,7740,WH_S
0,0.0,0,0,2025-08-01,0,0,0,SKU002,False,9782,WH_N
0,0.0,0,0,2025-08-01,0,0,0,SKU002,False,9782,WH_S
0,0.0,0,0,2025-08-01,0,0,0,SKU003,False,12000,WH_N
0,0.0,0,0,2025-08-01,0,0,0,SKU003,False,12000,WH_S
0,0.0,0,0,2025-08-01,0,0,0,SKU004,False,14392,WH_N
0,0.0,0,0,2025-08-01,0,0,0,SKU004,False,14392,WH_S
0,0.0,0,0,2025-08-01,0,0,0,SKU005,False,16960,WH_N
0,0.0,0,0,2025-08-01,0,0,0,SKU005,False,16960,WH_S
0,0.0,0,0,2025-08-01,0,0,0,SKU006,False,15265,WH_N
0,0.0,0,0,2025-08-01,0,0,0,SKU006,False,15265,WH_S
0,0.0,0,0,2025-08-01,0,0,0,SKU007,False,17745,WH_N
0,0.0,0,0,2025-08-01,0,0,0,SKU007,False,17745,WH_S
0,0.0,0,0,2025-08-01,0,0,0,SKU008,False,20400,WH_N
0,0.0,0,0,2025-08-01,0,0,0,SKU008,False,20400,WH_S
0,0.0,0,0,2025-08-01,0,0,0,SKU009,False,23230,WH_N
0,0.0,0,0,2025-08-01,0,0,0,SKU009,False,23230,WH_S
0,0.0,0,0,2025-08-01,0,0,0,SKU010,False,9540,WH_N
0,0.0,0,0,2025-08-01,0,0,0,SKU010,False,9540,WH_S
0,0.0,0,0,2025-08-01,0,0,0,SKU011,False,9245,WH_N
0,0.0,0,0,2025-08-01,0,0,0,SKU011,False,9245,WH_S
0,0.0,0,0,2025-08-01,0,0,0,SKU012,False,11375,WH_N
0,0.0,0,0,2025-08-01,0,0,0,SKU012,False,11375,WH_S
0,0.0,0,0,2025-08-01,0,0,0,SKU013,False,13680,WH_N
0,0.0,0,0,2025-08-01,0,0,0,SKU013,False,13680,WH_S
0,0.0,0,0,2025-08-01,0,0,0,SKU014,False,16160,WH_N
0,0.0,0,0,2025-08-01,0,0,0,SKU014,False,16160,WH_S
0,0.0,0,0,2025-08-01,0,0,0,SKU015,False,18815,WH_N
0,0.0,0,0,2025-08-01,0,0,0,SKU015,False,18815,WH_S
0,0.0,0,0,2025-08-01,0,0,0,SKU016,False,16770,WH_N
0,0.0,0,0,2025-08-01,0,0,0,SKU016,False,16770,WH_S
0,0.0,0,0,2025-08-01,0,0,0,SKU017,False,19338,WH_N
0,0.0,0,0,2025-08-01,0,0,0,SKU017,False,19338,WH_S
3456,281.7,0,76308480,2025-08-01,3322,502,368,SKU018,False,22080,WH_N
0,0.0,0,0,2025-08-01,0,0,0,SKU018,False,22080,WH_S
0,0.0,0,0,2025-08-01,0,0,0,SKU019,False,9090,WH_N
0,0.0,0,0,2025-08-01,0,0,0,SKU019,False,9090,WH_S
0,0.0,0,0,2025-08-01,0,0,0,SKU020,False,11395,WH_N
0,0.0,0,0,2025-08-01,0,0,0,SKU020,False,11395,WH_S
0,0.0,0,0,2025-08-01,0,0,0,SKU021,False,10750,WH_N
0,0.0,0,0,2025-08-01,0,0,0,SKU021,False,10750,WH_S
0,0.0,0,0,2025-08-01,0,0,0,SKU022,False,12968,WH_N
0,0.0,0,0,2025-08-01,0,0,0,SKU022,False,12968,WH_S
0,0.0,0,0,2025-08-01,0,0,0,SKU023,False,15360,WH_N
0,0.0,0,0,2025-08-01,0,0,0,SKU023,False,15360,WH_S
0,0.0,0,0,2025-08-01,0,0,0,SKU024,False,17928,WH_N
0,0.0,0,0,2025-08-01,0,0,0,SKU024,False,17928,WH_S
0,0.0,0,0,2025-08-01,0,0,0,SKU025,False,20670,WH_N
0,0.0,0,0,2025-08-01,0,0,0,SKU025,False,20670,WH_S
0,0.0,0,0,2025-08-01,0,0,0,SKU026,False,18275,WH_N
0,0.0,0,0,2025-08-01,0,0,0,SKU026,False,18275,WH_S
0,0.0,0,0,2025-08-01,0,0,0,SKU027,False,20930,WH_N
0,0.0,0,0,2025-08-01,0,0,0,SKU027,False,20930,WH_S
0,0.0,0,0,2025-08-01,0,0,0,SKU028,False,8640,WH_N
0,0.0,0,0,2025-08-01,0,0,0,SKU028,False,8640,WH_S
0,0.0,0,0,2025-08-01,0,0,0,SKU029,False,10858,WH_N
0,0.0,0,0,2025-08-01,0,0,0,SKU029,False,10858,WH_S
0,0.0,0,0,2025-08-01,0,0,0,SKU030,False,13250,WH_N
0,0.0,0,0,2025-08-01,0,0,0,SKU030,False,13250,WH_S
0,0.0,0,0,2025-08-01,0,0,0,SKU031,False,12255,WH_N
0,0.0,0,0,2025-08-01,0,0,0,SKU031,False,12255,WH_S
0,0.0,0,0,2025-08-01,0,0,0,SKU032,False,14560,WH_N
0,0.0,0,0,2025-08-01,0,0,0,SKU032,False,14560,WH_S
0,0.0,0,0,2025-08-01,0,0,0,SKU033,False,17040,WH_N
0,0.0,0,0,2025-08-01,0,0,0,SKU033,False,17040,WH_S
28852,2638.9,0,568240140,2025-08-01,23488,5692,328,SKU034,False,19695,WH_N
42171,3857.1,0,830557845,2025-08-01,35166,7333,328,SKU034,False,19695,WH_S
3979,382.6,0,89626975,2025-08-01,3409,882,312,SKU035,False,22525,WH_N
0,0.0,0,0,2025-08-01,0,0,0,SKU035,False,22525,WH_S
0,0.0,0,0,2025-08-01,0,0,0,SKU036,False,19780,WH_N
0,0.0,0,0,2025-08-01,0,0,0,SKU036,False,19780,WH_S
0,0.0,0,0,2025-09-01,0,0,0,SKU001,False,7740,WH_N
0,0.0,0,0,2025-09-01,33,7,40,SKU001,False,7740,WH_S
0,0.0,0,0,2025-09-01,0,0,0,SKU002,False,9782,WH_N
0,0.0,0,0,2025-09-01,0,0,0,SKU002,False,9782,WH_S
0,0.0,0,0,2025-09-01,0,0,0,SKU003,False,12000,WH_N
0,0.0,0,0,2025-09-01,0,0,0,SKU003,False,12000,WH_S
0,0.0,0,0,2025-09-01,0,0,0,SKU004,False,14392,WH_N
0,0.0,0,0,2025-09-01,0,0,0,SKU004,False,14392,WH_S
0,0.0,0,0,2025-09-01,0,0,0,SKU005,False,16960,WH_N
0,0.0,0,0,2025-09-01,0,0,0,SKU005,False,16960,WH_S
0,0.0,0,0,2025-09-01,0,0,0,SKU006,False,15265,WH_N
0,0.0,0,0,2025-09-01,0,0,0,SKU006,False,15265,WH_S
0,0.0,0,0,2025-09-01,0,0,0,SKU007,False,17745,WH_N
0,0.0,0,0,2025-09-01,0,0,0,SKU007,False,17745,WH_S
0,0.0,0,0,2025-09-01,0,0,0,SKU008,False,20400,WH_N
0,0.0,0,0,2025-09-01,0,0,0,SKU008,False,20400,WH_S
0,0.0,0,0,2025-09-01,0,0,0,SKU009,False,23230,WH_N
0,0.0,0,0,2025-09-01,0,0,0,SKU009,False,23230,WH_S
0,0.0,0,0,2025-09-01,0,0,0,SKU010,False,9540,WH_N
0,0.0,0,0,2025-09-01,0,0,0,SKU010,False,9540,WH_S
0,0.0,0,0,2025-09-01,0,0,0,SKU011,False,9245,WH_N
0,0.0,0,0,2025-09-01,0,0,0,SKU011,False,9245,WH_S
0,0.0,0,0,2025-09-01,0,0,0,SKU012,False,11375,WH_N
0,0.0,0,0,2025-09-01,0,0,0,SKU012,False,11375,WH_S
0,0.0,0,0,2025-09-01,0,0,0,SKU013,False,13680,WH_N
0,0.0,0,0,2025-09-01,0,0,0,SKU013,False,13680,WH_S
0,0.0,0,0,2025-09-01,0,0,0,SKU014,False,16160,WH_N
0,0.0,0,0,2025-09-01,0,0,0,SKU014,False,16160,WH_S
0,0.0,0,0,2025-09-01,0,0,0,SKU015,False,18815,WH_N
0,0.0,0,0,2025-09-01,0,0,0,SKU015,False,18815,WH_S
0,0.0,0,0,2025-09-01,0,0,0,SKU016,False,16770,WH_N
0,0.0,0,0,2025-09-01,0,0,0,SKU016,False,16770,WH_S
0,0.0,0,0,2025-09-01,0,0,0,SKU017,False,19338,WH_N
0,0.0,0,0,2025-09-01,0,0,0,SKU017,False,19338,WH_S
3663,284.0,750720,80879040,2025-09-01,3456,628,387,SKU018,False,22080,WH_N
0,0.0,0,0,2025-09-01,0,0,0,SKU018,False,22080,WH_S
0,0.0,0,0,2025-09-01,0,0,0,SKU019,False,9090,WH_N
0,0.0,0,0,2025-09-01,0,0,0,SKU019,False,9090,WH_S
0,0.0,0,0,2025-09-01,0,0,0,SKU020,False,11395,WH_N
0,0.0,0,0,2025-09-01,0,0,0,SKU020,False,11395,WH_S
0,0.0,0,0,2025-09-01,0,0,0,SKU021,False,10750,WH_N
0,0.0,0,0,2025-09-01,0,0,0,SKU021,False,10750,WH_S
0,0.0,0,0,2025-09-01,0,0,0,SKU022,False,12968,WH_N
0,0.0,0,0,2025-09-01,0,0,0,SKU022,False,12968,WH_S
0,0.0,0,0,2025-09-01,0,0,0,SKU023,False,15360,WH_N
0,0.0,0,0,2025-09-01,0,0,0,SKU023,False,15360,WH_S
0,0.0,0,0,2025-09-01,0,0,0,SKU024,False,17928,WH_N
0,0.0,0,0,2025-09-01,0,0,0,SKU024,False,17928,WH_S
0,0.0,0,0,2025-09-01,0,0,0,SKU025,False,20670,WH_N
0,0.0,0,0,2025-09-01,0,0,0,SKU025,False,20670,WH_S
0,0.0,0,0,2025-09-01,0,0,0,SKU026,False,18275,WH_N
0,0.0,0,0,2025-09-01,0,0,0,SKU026,False,18275,WH_S
0,0.0,0,0,2025-09-01,0,0,0,SKU027,False,20930,WH_N
0,0.0,0,0,2025-09-01,0,0,0,SKU027,False,20930,WH_S
0,0.0,0,0,2025-09-01,0,0,0,SKU028,False,8640,WH_N
0,0.0,0,0,2025-09-01,0,0,0,SKU028,False,8640,WH_S
0,0.0,0,0,2025-09-01,0,0,0,SKU029,False,10858,WH_N
0,0.0,0,0,2025-09-01,0,0,0,SKU029,False,10858,WH_S
0,0.0,0,0,2025-09-01,0,0,0,SKU030,False,13250,WH_N
0,0.0,0,0,2025-09-01,0,0,0,SKU030,False,13250,WH_S
0,0.0,0,0,2025-09-01,0,0,0,SKU031,False,12255,WH_N
0,0.0,0,0,2025-09-01,0,0,0,SKU031,False,12255,WH_S
0,0.0,0,0,2025-09-01,0,0,0,SKU032,False,14560,WH_N
0,0.0,0,0,2025-09-01,0,0,0,SKU032,False,14560,WH_S
0,0.0,0,0,2025-09-01,0,0,0,SKU033,False,17040,WH_N
0,0.0,0,0,2025-09-01,0,0,0,SKU033,False,17040,WH_S
32702,3009.4,5672160,644065890,2025-09-01,28852,4464,326,SKU034,False,19695,WH_N
50641,4660.2,8291595,997374495,2025-09-01,42171,9217,326,SKU034,False,19695,WH_S
4551,355.5,878475,102511275,2025-09-01,3979,995,384,SKU035,False,22525,WH_N
0,0.0,0,0,2025-09-01,0,0,0,SKU035,False,22525,WH_S
0,0.0,0,0,2025-09-01,0,0,0,SKU036,False,19780,WH_N
0,0.0,0,0,2025-09-01,0,0,0,SKU036,False,19780,WH_S
0,0.0,0,0,2025-10-01,0,0,0,SKU001,False,7740,WH_N
0,0.0,0,0,2025-10-01,0,0,0,SKU001,False,7740,WH_S
0,0.0,0,0,2025-10-01,0,0,0,SKU002,False,9782,WH_N
0,0.0,0,0,2025-10-01,0,0,0,SKU002,False,9782,WH_S
0,0.0,0,0,2025-10-01,0,0,0,SKU003,False,12000,WH_N
0,0.0,0,0,2025-10-01,0,0,0,SKU003,False,12000,WH_S
0,0.0,0,0,2025-10-01,0,0,0,SKU004,False,14392,WH_N
0,0.0,0,0,2025-10-01,0,0,0,SKU004,False,14392,WH_S
0,0.0,0,0,2025-10-01,0,0,0,SKU005,False,16960,WH_N
0,0.0,0,0,2025-10-01,0,0,0,SKU005,False,16960,WH_S
0,0.0,0,0,2025-10-01,0,0,0,SKU006,False,15265,WH_N
0,0.0,0,0,2025-10-01,0,0,0,SKU006,False,15265,WH_S
0,0.0,0,0,2025-10-01,0,0,0,SKU007,False,17745,WH_N
0,0.0,0,0,2025-10-01,0,0,0,SKU007,False,17745,WH_S
0,0.0,0,0,2025-10-01,0,0,0,SKU008,False,20400,WH_N
0,0.0,0,0,2025-10-01,0,0,0,SKU008,False,20400,WH_S
0,0.0,0,0,2025-10-01,0,0,0,SKU009,False,23230,WH_N
0,0.0,0,0,2025-10-01,0,0,0,SKU009,False,23230,WH_S
0,0.0,0,0,2025-10-01,0,0,0,SKU010,False,9540,WH_N
0,0.0,0,0,2025-10-01,0,0,0,SKU010,False,9540,WH_S
0,0.0,0,0,2025-10-01,0,0,0,SKU011,False,9245,WH_N
0,0.0,0,0,2025-10-01,0,0,0,SKU011,False,9245,WH_S
0,0.0,0,0,2025-10-01,0,0,0,SKU012,False,11375,WH_N
0,0.0,0,0,2025-10-01,0,0,0,SKU012,False,11375,WH_S
0,0.0,0,0,2025-10-01,0,0,0,SKU013,False,13680,WH_N
0,0.0,0,0,2025-10-01,0,0,0,SKU013,False,13680,WH_S
0,0.0,0,0,2025-10-01,0,0,0,SKU014,False,16160,WH_N
0,0.0,0,0,2025-10-01,0,0,0,SKU014,False,16160,WH_S
0,0.0,0,0,2025-10-01,0,0,0,SKU015,False,18815,WH_N
0,0.0,0,0,2025-10-01,0,0,0,SKU015,False,18815,WH_S
0,0.0,0,0,2025-10-01,0,0,0,SKU016,False,16770,WH_N
0,0.0,0,0,2025-10-01,0,0,0,SKU016,False,16770,WH_S
0,0.0,0,0,2025-10-01,0,0,0,SKU017,False,19338,WH_N
0,0.0,0,0,2025-10-01,0,0,0,SKU017,False,19338,WH_S
4024,374.9,0,88849920,2025-10-01,3663,683,322,SKU018,False,22080,WH_N
0,0.0,0,0,2025-10-01,0,0,0,SKU018,False,22080,WH_S
0,0.0,0,0,2025-10-01,0,0,0,SKU019,False,9090,WH_N
0,0.0,0,0,2025-10-01,0,0,0,SKU019,False,9090,WH_S
0,0.0,0,0,2025-10-01,0,0,0,SKU020,False,11395,WH_N
0,0.0,0,0,2025-10-01,0,0,0,SKU020,False,11395,WH_S
0,0.0,0,0,2025-10-01,0,0,0,SKU021,False,10750,WH_N
0,0.0,0,0,2025-10-01,0,0,0,SKU021,False,10750,WH_S
0,0.0,0,0,2025-10-01,0,0,0,SKU022,False,12968,WH_N
0,0.0,0,0,2025-10-01,0,0,0,SKU022,False,12968,WH_S
0,0.0,0,0,2025-10-01,0,0,0,SKU023,False,15360,WH_N
0,0.0,0,0,2025-10-01,0,0,0,SKU023,False,15360,WH_S
0,0.0,0,0,2025-10-01,0,0,0,SKU024,False,17928,WH_N
0,0.0,0,0,2025-10-01,0,0,0,SKU024,False,17928,WH_S
0,0.0,0,0,2025-10-01,0,0,0,SKU025,False,20670,WH_N
0,0.0,0,0,2025-10-01,0,0,0,SKU025,False,20670,WH_S
0,0.0,0,0,2025-10-01,0,0,0,SKU026,False,18275,WH_N
0,0.0,0,0,2025-10-01,0,0,0,SKU026,False,18275,WH_S
0,0.0,0,0,2025-10-01,0,0,0,SKU027,False,20930,WH_N
0,0.0,0,0,2025-10-01,0,0,0,SKU027,False,20930,WH_S
0,0.0,0,0,2025-10-01,0,0,0,SKU028,False,8640,WH_N
0,0.0,0,0,2025-10-01,0,0,0,SKU028,False,8640,WH_S
0,0.0,0,0,2025-10-01,0,0,0,SKU029,False,10858,WH_N
0,0.0,0,0,2025-10-01,0,0,0,SKU029,False,10858,WH_S
0,0.0,0,0,2025-10-01,0,0,0,SKU030,False,13250,WH_N
0,0.0,0,0,2025-10-01,0,0,0,SKU030,False,13250,WH_S
0,0.0,0,0,2025-10-01,0,0,0,SKU031,False,12255,WH_N
0,0.0,0,0,2025-10-01,0,0,0,SKU031,False,12255,WH_S
0,0.0,0,0,2025-10-01,0,0,0,SKU032,False,14560,WH_N
0,0.0,0,0,2025-10-01,0,0,0,SKU032,False,14560,WH_S
0,0.0,0,0,2025-10-01,0,0,0,SKU033,False,17040,WH_N
0,0.0,0,0,2025-10-01,0,0,0,SKU033,False,17040,WH_S
41575,3873.4,0,818819625,2025-10-01,32702,9195,322,SKU034,False,19695,WH_N
59943,5584.8,0,1180577385,2025-10-01,50641,9624,322,SKU034,False,19695,WH_S
4999,408.6,0,112602475,2025-10-01,4551,815,367,SKU035,False,22525,WH_N
0,0.0,0,0,2025-10-01,0,0,0,SKU035,False,22525,WH_S
0,0.0,0,0,2025-10-01,0,0,0,SKU036,False,19780,WH_N
0,0.0,0,0,2025-10-01,0,0,0,SKU036,False,19780,WH_S
0,0.0,0,0,2025-11-01,0,0,0,SKU001,False,7740,WH_N
0,0.0,0,0,2025-11-01,0,0,0,SKU001,False,7740,WH_S
0,0.0,0,0,2025-11-01,0,0,0,SKU002,False,9782,WH_N
0,0.0,0,0,2025-11-01,0,0,0,SKU002,False,9782,WH_S
0,0.0,0,0,2025-11-01,0,0,0,SKU003,False,12000,WH_N
0,0.0,0,0,2025-11-01,0,0,0,SKU003,False,12000,WH_S
0,0.0,0,0,2025-11-01,0,0,0,SKU004,False,14392,WH_N
0,0.0,0,0,2025-11-01,0,0,0,SKU004,False,14392,WH_S
0,0.0,0,0,2025-11-01,0,0,0,SKU005,False,16960,WH_N
0,0.0,0,0,2025-11-01,0,0,0,SKU005,False,16960,WH_S
0,0.0,0,0,2025-11-01,0,0,0,SKU006,False,15265,WH_N
0,0.0,0,0,2025-11-01,0,0,0,SKU006,False,15265,WH_S
0,0.0,0,0,2025-11-01,0,0,0,SKU007,False,17745,WH_N
0,0.0,0,0,2025-11-01,0,0,0,SKU007,False,17745,WH_S
0,0.0,0,0,2025-11-01,0,0,0,SKU008,False,20400,WH_N
0,0.0,0,0,2025-11-01,0,0,0,SKU008,False,20400,WH_S
0,0.0,0,0,2025-11-01,0,0,0,SKU009,False,23230,WH_N
0,0.0,0,0,2025-11-01,0,0,0,SKU009,False,23230,WH_S
0,0.0,0,0,2025-11-01,0,0,0,SKU010,False,9540,WH_N
0,0.0,0,0,2025-11-01,0,0,0,SKU010,False,9540,WH_S
0,0.0,0,0,2025-11-01,0,0,0,SKU011,False,9245,WH_N
0,0.0,0,0,2025-11-01,0,0,0,SKU011,False,9245,WH_S
0,0.0,0,0,2025-11-01,0,0,0,SKU012,False,11375,WH_N
0,0.0,0,0,2025-11-01,0,0,0,SKU012,False,11375,WH_S
0,0.0,0,0,2025-11-01,0,0,0,SKU013,False,13680,WH_N
0,0.0,0,0,2025-11-01,0,0,0,SKU013,False,13680,WH_S
0,0.0,0,0,2025-11-01,0,0,0,SKU014,False,16160,WH_N
0,0.0,0,0,2025-11-01,0,0,0,SKU014,False,16160,WH_S
0,0.0,0,0,2025-11-01,0,0,0,SKU015,False,18815,WH_N
0,0.0,0,0,2025-11-01,0,0,0,SKU015,False,18815,WH_S
0,0.0,0,0,2025-11-01,0,0,0,SKU016,False,16770,WH_N
0,0.0,0,0,2025-11-01,0,0,0,SKU016,False,16770,WH_S
0,0.0,0,0,2025-11-01,0,0,0,SKU017,False,19338,WH_N
0,0.0,0,0,2025-11-01,0,0,0,SKU017,False,19338,WH_S
4843,391.6,0,106933440,2025-11-01,4024,1190,371,SKU018,False,22080,WH_N
0,0.0,0,0,2025-11-01,0,0,0,SKU018,False,22080,WH_S
0,0.0,0,0,2025-11-01,0,0,0,SKU019,False,9090,WH_N
0,0.0,0,0,2025-11-01,0,0,0,SKU019,False,9090,WH_S
0,0.0,0,0,2025-11-01,0,0,0,SKU020,False,11395,WH_N
0,0.0,0,0,2025-11-01,0,0,0,SKU020,False,11395,WH_S
0,0.0,0,0,2025-11-01,0,0,0,SKU021,False,10750,WH_N
0,0.0,0,0,2025-11-01,0,0,0,SKU021,False,10750,WH_S
0,0.0,0,0,2025-11-01,0,0,0,SKU022,False,12968,WH_N
0,0.0,0,0,2025-11-01,0,0,0,SKU022,False,12968,WH_S
0,0.0,0,0,2025-11-01,0,0,0,SKU023,False,15360,WH_N
0,0.0,0,0,2025-11-01,0,0,0,SKU023,False,15360,WH_S
0,0.0,0,0,2025-11-01,0,0,0,SKU024,False,17928,WH_N
0,0.0,0,0,2025-11-01,0,0,0,SKU024,False,17928,WH_S
0,0.0,0,0,2025-11-01,0,0,0,SKU025,False,20670,WH_N
0,0.0,0,0,2025-11-01,0,0,0,SKU025,False,20670,WH_S
0,0.0,0,0,2025-11-01,0,0,0,SKU026,False,18275,WH_N
0,0.0,0,0,2025-11-01,0,0,0,SKU026,False,18275,WH_S
0,0.0,0,0,2025-11-01,0,0,0,SKU027,False,20930,WH_N
0,0.0,0,0,2025-11-01,0,0,0,SKU027,False,20930,WH_S
0,0.0,0,0,2025-11-01,0,0,0,SKU028,False,8640,WH_N
0,0.0,0,0,2025-11-01,0,0,0,SKU028,False,8640,WH_S
0,0.0,0,0,2025-11-01,0,0,0,SKU029,False,10858,WH_N
0,0.0,0,0,2025-11-01,0,0,0,SKU029,False,10858,WH_S
0,0.0,0,0,2025-11-01,0,0,0,SKU030,False,13250,WH_N
0,0.0,0,0,2025-11-01,0,0,0,SKU030,False,13250,WH_S
0,0.0,0,0,2025-11-01,0,0,0,SKU031,False,12255,WH_N
0,0.0,0,0,2025-11-01,0,0,0,SKU031,False,12255,WH_S
0,0.0,0,0,2025-11-01,0,0,0,SKU032,False,14560,WH_N
0,0.0,0,0,2025-11-01,0,0,0,SKU032,False,14560,WH_S
0,0.0,0,0,2025-11-01,0,0,0,SKU033,False,17040,WH_N
0,0.0,0,0,2025-11-01,0,0,0,SKU033,False,17040,WH_S
50861,4422.7,0,1001707395,2025-11-01,41575,9631,345,SKU034,False,19695,WH_N
73195,6364.8,0,1441575525,2025-11-01,59943,13597,345,SKU034,False,19695,WH_S
5668,457.1,0,127671700,2025-11-01,4999,1041,372,SKU035,False,22525,WH_N
0,0.0,0,0,2025-11-01,0,0,0,SKU035,False,22525,WH_S
0,0.0,0,0,2025-11-01,0,0,0,SKU036,False,19780,WH_N
0,0.0,0,0,2025-11-01,0,0,0,SKU036,False,19780,WH_S
0,0.0,0,0,2025-12-01,0,0,0,SKU001,False,7740,WH_N
0,0.0,0,0,2025-12-01,0,0,0,SKU001,False,7740,WH_S
0,0.0,0,0,2025-12-01,0,0,0,SKU002,False,9782,WH_N
0,0.0,0,0,2025-12-01,0,0,0,SKU002,False,9782,WH_S
0,0.0,0,0,2025-12-01,0,0,0,SKU003,False,12000,WH_N
0,0.0,0,0,2025-12-01,0,0,0,SKU003,False,12000,WH_S
0,0.0,0,0,2025-12-01,0,0,0,SKU004,False,14392,WH_N
0,0.0,0,0,2025-12-01,0,0,0,SKU004,False,14392,WH_S
0,0.0,0,0,2025-12-01,0,0,0,SKU005,False,16960,WH_N
0,0.0,0,0,2025-12-01,0,0,0,SKU005,False,16960,WH_S
0,0.0,0,0,2025-12-01,0,0,0,SKU006,False,15265,WH_N
0,0.0,0,0,2025-12-01,0,0,0,SKU006,False,15265,WH_S
0,0.0,0,0,2025-12-01,0,0,0,SKU007,False,17745,WH_N
0,0.0,0,0,2025-12-01,0,0,0,SKU007,False,17745,WH_S
0,0.0,0,0,2025-12-01,0,0,0,SKU008,False,20400,WH_N
0,0.0,0,0,2025-12-01,0,0,0,SKU008,False,20400,WH_S
0,0.0,0,0,2025-12-01,0,0,0,SKU009,False,23230,WH_N
0,0.0,0,0,2025-12-01,0,0,0,SKU009,False,23230,WH_S
0,0.0,0,0,2025-12-01,0,0,0,SKU010,False,9540,WH_N
0,0.0,0,0,2025-12-01,0,0,0,SKU010,False,9540,WH_S
0,0.0,0,0,2025-12-01,0,0,0,SKU011,False,9245,WH_N
0,0.0,0,0,2025-12-01,0,0,0,SKU011,False,9245,WH_S
0,0.0,0,0,2025-12-01,0,0,0,SKU012,False,11375,WH_N
0,0.0,0,0,2025-12-01,0,0,0,SKU012,False,11375,WH_S
0,0.0,0,0,2025-12-01,0,0,0,SKU013,False,13680,WH_N
0,0.0,0,0,2025-12-01,0,0,0,SKU013,False,13680,WH_S
0,0.0,0,0,2025-12-01,0,0,0,SKU014,False,16160,WH_N
0,0.0,0,0,2025-12-01,0,0,0,SKU014,False,16160,WH_S
0,0.0,0,0,2025-12-01,0,0,0,SKU015,False,18815,WH_N
0,0.0,0,0,2025-12-01,0,0,0,SKU015,False,18815,WH_S
0,0.0,0,0,2025-12-01,0,0,0,SKU016,False,16770,WH_N
0,0.0,0,0,2025-12-01,0,0,0,SKU016,False,16770,WH_S
0,0.0,0,0,2025-12-01,0,0,0,SKU017,False,19338,WH_N
0,0.0,0,0,2025-12-01,0,0,0,SKU017,False,19338,WH_S
5406,427.9,0,119364480,2025-12-01,4843,942,379,SKU018,False,22080,WH_N
0,0.0,0,0,2025-12-01,0,0,0,SKU018,False,22080,WH_S
0,0.0,0,0,2025-12-01,0,0,0,SKU019,False,9090,WH_N
0,0.0,0,0,2025-12-01,0,0,0,SKU019,False,9090,WH_S
0,0.0,0,0,2025-12-01,0,0,0,SKU020,False,11395,WH_N
0,0.0,0,0,2025-12-01,0,0,0,SKU020,False,11395,WH_S
0,0.0,0,0,2025-12-01,0,0,0,SKU021,False,10750,WH_N
0,0.0,0,0,2025-12-01,0,0,0,SKU021,False,10750,WH_S
0,0.0,0,0,2025-12-01,0,0,0,SKU022,False,12968,WH_N
0,0.0,0,0,2025-12-01,0,0,0,SKU022,False,12968,WH_S
0,0.0,0,0,2025-12-01,0,0,0,SKU023,False,15360,WH_N
0,0.0,0,0,2025-12-01,0,0,0,SKU023,False,15360,WH_S
0,0.0,0,0,2025-12-01,0,0,0,SKU024,False,17928,WH_N
0,0.0,0,0,2025-12-01,0,0,0,SKU024,False,17928,WH_S
0,0.0,0,0,2025-12-01,0,0,0,SKU025,False,20670,WH_N
0,0.0,0,0,2025-12-01,0,0,0,SKU025,False,20670,WH_S
0,0.0,0,0,2025-12-01,0,0,0,SKU026,False,18275,WH_N
0,0.0,0,0,2025-12-01,0,0,0,SKU026,False,18275,WH_S
0,0.0,0,0,2025-12-01,0,0,0,SKU027,False,20930,WH_N
0,0.0,0,0,2025-12-01,0,0,0,SKU027,False,20930,WH_S
0,0.0,0,0,2025-12-01,0,0,0,SKU028,False,8640,WH_N
0,0.0,0,0,2025-12-01,0,0,0,SKU028,False,8640,WH_S
0,0.0,0,0,2025-12-01,0,0,0,SKU029,False,10858,WH_N
0,0.0,0,0,2025-12-01,0,0,0,SKU029,False,10858,WH_S
0,0.0,0,0,2025-12-01,0,0,0,SKU030,False,13250,WH_N
0,0.0,0,0,2025-12-01,0,0,0,SKU030,False,13250,WH_S
0,0.0,0,0,2025-12-01,0,0,0,SKU031,False,12255,WH_N
0,0.0,0,0,2025-12-01,0,0,0,SKU031,False,12255,WH_S
0,0.0,0,0,2025-12-01,0,0,0,SKU032,False,14560,WH_N
0,0.0,0,0,2025-12-01,0,0,0,SKU032,False,14560,WH_S
0,0.0,0,0,2025-12-01,0,0,0,SKU033,False,17040,WH_N
0,0.0,0,0,2025-12-01,0,0,0,SKU033,False,17040,WH_S
61758,4799.8,0,1216323810,2025-12-01,50861,11283,386,SKU034,False,19695,WH_N
90422,7027.6,0,1780861290,2025-12-01,73195,17613,386,SKU034,False,19695,WH_S
6652,497.7,0,149836300,2025-12-01,5668,1385,401,SKU035,False,22525,WH_N
0,0.0,0,0,2025-12-01,0,0,0,SKU035,False,22525,WH_S
0,0.0,0,0,2025-12-01,0,0,0,SKU036,False,19780,WH_N
0,0.0,0,0,2025-12-01,0,0,0,SKU036,False,19780,WH_S
